date,open,close,high,low,volume
2013-01-04,0.72,0.708,0.721,0.7,195374.89
2013-01-07,0.703,0.721,0.721,0.702,413338.44
2013-01-08,0.72,0.737,0.74,0.717,802998.97
2013-01-09,0.734,0.735,0.742,0.728,464822.86
2013-01-10,0.734,0.743,0.746,0.731,373498.07
2013-01-11,0.744,0.731,0.747,0.73,401086.12
2013-01-14,0.73,0.762,0.764,0.73,581617.63
2013-01-15,0.766,0.78,0.784,0.765,665245.34
2013-01-16,0.78,0.774,0.78,0.761,335897.32
2013-01-17,0.774,0.768,0.777,0.767,402748.18
2013-01-18,0.772,0.79,0.79,0.772,888758.28
2013-01-21,0.79,0.794,0.795,0.783,322880.52
2013-01-22,0.792,0.774,0.793,0.769,636260.43
2013-01-23,0.774,0.781,0.783,0.764,365371.89
2013-01-24,0.78,0.759,0.788,0.752,643381.31
2013-01-25,0.755,0.763,0.768,0.755,318683.15
2013-01-28,0.764,0.786,0.786,0.764,431379.68
2013-01-29,0.788,0.792,0.797,0.786,427087.15
2013-01-30,0.793,0.784,0.793,0.777,376243.97
2013-01-31,0.784,0.78,0.786,0.771,237841.24
2013-02-01,0.778,0.783,0.787,0.774,431919.47
2013-02-04,0.784,0.771,0.788,0.766,378951.09
2013-02-05,0.767,0.784,0.785,0.766,436814.44
2013-02-06,0.782,0.791,0.796,0.78,816403.92
2013-02-07,0.79,0.806,0.807,0.788,809221.6
2013-02-08,0.806,0.822,0.825,0.805,1117257.9
2013-02-18,0.827,0.832,0.834,0.823,822440.59
2013-02-19,0.833,0.818,0.833,0.814,725873.37
2013-02-20,0.816,0.851,0.851,0.815,1055827.63
2013-02-21,0.845,0.838,0.853,0.827,821686.68
2013-02-22,0.837,0.835,0.848,0.833,453807.71
2013-02-25,0.833,0.854,0.857,0.833,687822.58
2013-02-26,0.851,0.85,0.864,0.844,852343.16
2013-02-27,0.85,0.842,0.855,0.833,531160.91
2013-02-28,0.843,0.86,0.861,0.84,479318.7
2013-03-01,0.86,0.885,0.885,0.858,800173.49
2013-03-04,0.878,0.863,0.886,0.849,947831.62
2013-03-05,0.863,0.887,0.887,0.854,728769.72
2013-03-06,0.888,0.902,0.904,0.886,638779.17
2013-03-07,0.899,0.88,0.9,0.865,695404.42
2013-03-08,0.878,0.863,0.883,0.858,538787.0
2013-03-11,0.859,0.867,0.871,0.854,208084.63
2013-03-12,0.867,0.836,0.871,0.825,806408.78
2013-03-13,0.832,0.832,0.836,0.817,377387.43
2013-03-14,0.829,0.84,0.845,0.825,447904.76
2013-03-15,0.837,0.853,0.868,0.834,646482.49
2013-03-18,0.848,0.85,0.861,0.845,660709.83
2013-03-19,0.847,0.841,0.853,0.826,260533.85
2013-03-20,0.841,0.864,0.865,0.838,809713.38
2013-03-21,0.865,0.88,0.886,0.865,690381.05
2013-03-22,0.878,0.878,0.883,0.872,325169.63
2013-03-25,0.882,0.88,0.884,0.87,331232.23
2013-03-26,0.875,0.872,0.879,0.856,504714.55
2013-03-27,0.872,0.882,0.884,0.87,305655.01
2013-03-28,0.87,0.864,0.877,0.855,416560.96
2013-03-29,0.865,0.86,0.87,0.857,339706.08
2013-04-01,0.861,0.875,0.88,0.85,192523.21
2013-04-02,0.877,0.847,0.884,0.839,390503.78
2013-04-03,0.84,0.829,0.848,0.825,218596.08
2013-04-08,0.821,0.854,0.854,0.815,351710.44
2013-04-09,0.853,0.86,0.864,0.848,197859.33
2013-04-10,0.857,0.849,0.86,0.839,224291.88
2013-04-11,0.85,0.849,0.856,0.845,114173.11
2013-04-12,0.835,0.844,0.851,0.835,81204.09
2013-04-15,0.844,0.834,0.844,0.83,291757.72
2013-04-16,0.827,0.842,0.843,0.821,142935.58
2013-04-17,0.842,0.866,0.867,0.838,268304.27
2013-04-18,0.861,0.871,0.876,0.857,225912.31
2013-04-19,0.872,0.891,0.897,0.871,607320.16
2013-04-22,0.891,0.915,0.915,0.888,545646.64
2013-04-23,0.919,0.892,0.919,0.887,389975.6
2013-04-24,0.892,0.926,0.926,0.89,604079.78
2013-04-25,0.923,0.898,0.937,0.898,711626.3
2013-04-26,0.892,0.89,0.902,0.882,496714.96
2013-05-02,0.887,0.914,0.914,0.878,346461.48
2013-05-03,0.916,0.938,0.939,0.914,553729.98
2013-05-06,0.94,0.953,0.962,0.938,481960.96
2013-05-07,0.951,0.95,0.963,0.944,393098.62
2013-05-08,0.956,0.982,0.982,0.955,434831.07
2013-05-09,0.979,0.99,0.993,0.972,518132.6
2013-05-10,0.986,0.987,0.993,0.97,506116.36
2013-05-13,0.985,0.991,0.992,0.974,1113490.91
2013-05-14,0.99,0.971,0.99,0.964,367970.76
2013-05-15,0.971,1.01,1.01,0.971,969603.67
2013-05-16,1.011,1.007,1.034,0.992,1480437.06
2013-05-17,1.005,1.017,1.027,0.998,579936.39
2013-05-20,1.017,1.048,1.05,1.016,651891.11
2013-05-21,1.047,1.073,1.074,1.04,664532.05
2013-05-22,1.072,1.039,1.072,1.031,968955.8
2013-05-23,1.026,1.043,1.059,1.026,1073340.65
2013-05-24,1.043,1.07,1.072,1.043,560495.5
2013-05-27,1.066,1.085,1.089,1.066,725469.85
2013-05-28,1.084,1.054,1.084,1.046,662145.16
2013-05-29,1.053,1.064,1.064,1.047,662321.91
2013-05-30,1.059,1.068,1.075,1.053,559015.95
2013-05-31,1.066,1.067,1.084,1.063,536093.01
2013-06-03,1.06,1.046,1.07,1.045,500840.57
2013-06-04,1.046,1.02,1.046,1.007,453726.43
2013-06-05,1.019,1.035,1.037,1.019,597635.06
2013-06-06,1.025,1.018,1.03,1.018,240874.67
2013-06-07,1.02,1.032,1.038,1.014,562564.98
2013-06-13,1.018,1.024,1.028,0.981,535753.47
2013-06-14,1.027,1.069,1.07,1.013,812225.53
2013-06-17,1.073,1.067,1.09,1.064,1009666.85
2013-06-18,1.067,1.068,1.076,1.047,627661.25
2013-06-19,1.06,1.064,1.069,1.049,885713.09
2013-06-20,1.055,1.023,1.067,1.023,726366.91
2013-06-21,1.0,1.027,1.032,0.985,695204.66
2013-06-24,1.016,0.963,1.018,0.954,870462.3
2013-06-25,0.946,0.986,0.994,0.902,1260762.77
2013-06-26,0.982,1.045,1.045,0.978,1680995.41
2013-06-27,1.045,1.02,1.064,1.016,1434098.35
2013-06-28,1.003,1.003,1.044,0.996,763320.02
2013-07-01,1.002,1.06,1.06,1.0,1881463.65
2013-07-02,1.059,1.083,1.084,1.055,3253971.37
2013-07-03,1.072,1.1,1.107,1.06,3206378.3
2013-07-04,1.093,1.087,1.103,1.082,2177873.17
2013-07-05,1.086,1.052,1.089,1.052,1104696.8
2013-07-08,1.024,1.027,1.055,1.011,2173860.27
2013-07-09,1.026,1.048,1.052,1.02,2159887.6
2013-07-10,1.046,1.069,1.069,1.044,1551141.14
2013-07-11,1.068,1.082,1.082,1.05,680921.15
2013-07-12,1.081,1.092,1.119,1.075,1808008.9
2013-07-15,1.088,1.138,1.14,1.088,2244858.29
2013-07-16,1.14,1.137,1.15,1.126,2725218.07
2013-07-17,1.135,1.126,1.147,1.115,1653198.69
2013-07-18,1.119,1.124,1.136,1.111,2143762.17
2013-07-19,1.124,1.106,1.153,1.106,2846602.99
2013-07-22,1.099,1.154,1.154,1.099,2570605.2
2013-07-23,1.156,1.173,1.18,1.156,2173727.88
2013-07-24,1.174,1.2,1.203,1.17,3732268.75
2013-07-25,1.198,1.147,1.2,1.14,2356047.69
2013-07-26,1.14,1.152,1.156,1.122,2626616.4
2013-07-29,1.143,1.124,1.158,1.123,2810274.09
2013-07-30,1.124,1.11,1.135,1.084,2314290.45
2013-07-31,1.111,1.122,1.13,1.103,2291752.06
2013-08-01,1.123,1.177,1.182,1.121,3684741.82
2013-08-02,1.182,1.169,1.193,1.168,3028624.76
2013-08-05,1.167,1.193,1.193,1.166,2086144.12
2013-08-06,1.186,1.196,1.206,1.184,1958856.73
2013-08-07,1.196,1.162,1.196,1.158,1974473.74
2013-08-08,1.155,1.171,1.184,1.151,2163542.62
2013-08-09,1.171,1.161,1.181,1.137,1815301.92
2013-08-12,1.159,1.152,1.172,1.132,1294421.53
2013-08-13,1.153,1.163,1.169,1.138,1780801.85
2013-08-14,1.16,1.172,1.172,1.145,2324774.16
2013-08-15,1.165,1.151,1.172,1.151,2405838.83
2013-08-16,1.142,1.117,1.163,1.117,1635158.6
2013-08-19,1.112,1.164,1.164,1.11,2250595.49
2013-08-20,1.16,1.16,1.168,1.15,1642534.01
2013-08-21,1.159,1.164,1.172,1.155,1712150.84
2013-08-22,1.163,1.181,1.191,1.163,1415174.11
2013-08-23,1.186,1.198,1.211,1.173,2624517.83
2013-08-26,1.202,1.22,1.226,1.2,1532379.07
2013-08-27,1.218,1.229,1.233,1.207,1594952.45
2013-08-28,1.225,1.209,1.234,1.207,1342590.34
2013-08-29,1.207,1.207,1.219,1.2,1237749.19
2013-08-30,1.201,1.171,1.207,1.162,1515885.71
2013-09-02,1.17,1.197,1.197,1.164,1291636.6
2013-09-03,1.196,1.214,1.217,1.195,982707.92
2013-09-04,1.214,1.215,1.228,1.208,1004940.55
2013-09-05,1.215,1.248,1.25,1.211,1095000.97
2013-09-06,1.248,1.262,1.269,1.235,1160555.54
2013-09-09,1.262,1.255,1.265,1.236,853885.28
2013-09-10,1.253,1.244,1.259,1.233,614481.24
2013-09-11,1.242,1.202,1.242,1.197,1129188.59
2013-09-12,1.201,1.207,1.219,1.189,1740595.49
2013-09-13,1.21,1.235,1.242,1.188,1820892.42
2013-09-16,1.231,1.257,1.276,1.231,2650733.77
2013-09-17,1.254,1.246,1.265,1.245,1263686.01
2013-09-18,1.246,1.265,1.272,1.241,1326950.01
2013-09-23,1.266,1.3,1.306,1.266,1386806.46
2013-09-24,1.303,1.305,1.318,1.288,1773285.37
2013-09-25,1.303,1.299,1.324,1.296,1274971.14
2013-09-26,1.296,1.281,1.312,1.277,1136326.29
2013-09-27,1.28,1.308,1.31,1.28,1151551.88
2013-09-30,1.314,1.346,1.35,1.31,964139.93
2013-10-08,1.35,1.36,1.365,1.337,1552939.83
2013-10-09,1.356,1.39,1.393,1.352,1386406.79
2013-10-10,1.395,1.349,1.399,1.348,1387561.64
2013-10-11,1.35,1.36,1.363,1.333,805655.81
2013-10-14,1.36,1.373,1.373,1.345,1184671.41
2013-10-15,1.372,1.365,1.387,1.353,1403711.18
2013-10-16,1.365,1.312,1.367,1.301,1798338.5
2013-10-17,1.314,1.299,1.335,1.294,1167329.67
2013-10-18,1.301,1.332,1.332,1.301,1284190.28
2013-10-21,1.333,1.376,1.379,1.333,1369934.65
2013-10-22,1.373,1.318,1.382,1.318,2017331.38
2013-10-23,1.313,1.289,1.313,1.268,1773682.67
2013-10-24,1.28,1.268,1.295,1.264,1238761.09
2013-10-25,1.267,1.252,1.283,1.231,1422296.34
2013-10-28,1.252,1.255,1.264,1.237,1553474.91
2013-10-29,1.251,1.234,1.269,1.184,2565582.16
2013-10-30,1.233,1.252,1.252,1.223,1256513.92
2013-10-31,1.243,1.211,1.245,1.207,1225140.09
2013-11-01,1.206,1.199,1.21,1.176,1427733.16
2013-11-04,1.195,1.202,1.219,1.19,1226396.77
2013-11-05,1.192,1.236,1.238,1.183,1767102.54
2013-11-06,1.23,1.22,1.254,1.219,2181916.53
2013-11-07,1.211,1.2,1.227,1.197,1702113.6
2013-11-08,1.188,1.189,1.204,1.181,1689148.12
2013-11-11,1.185,1.19,1.203,1.168,1118332.78
2013-11-12,1.19,1.206,1.215,1.186,1060821.53
2013-11-13,1.2,1.189,1.214,1.188,1412778.72
2013-11-14,1.18,1.225,1.23,1.178,2252497.51
2013-11-15,1.227,1.247,1.264,1.225,1580399.31
2013-11-18,1.251,1.268,1.273,1.249,1102708.63
2013-11-19,1.267,1.276,1.288,1.262,1222134.12
2013-11-20,1.275,1.274,1.279,1.258,1281284.46
2013-11-21,1.265,1.272,1.281,1.263,1044543.51
2013-11-22,1.269,1.268,1.278,1.258,785755.64
2013-11-25,1.26,1.272,1.281,1.259,624945.86
2013-11-26,1.263,1.265,1.275,1.255,641426.15
2013-11-27,1.262,1.308,1.315,1.262,1390282.2
2013-11-28,1.308,1.311,1.318,1.302,673983.55
2013-11-29,1.31,1.341,1.344,1.308,1217332.81
2013-12-02,1.27,1.208,1.293,1.207,2833708.44
2013-12-03,1.181,1.227,1.237,1.176,2560858.76
2013-12-04,1.219,1.22,1.254,1.212,1033547.82
2013-12-05,1.208,1.18,1.213,1.178,888988.05
2013-12-06,1.176,1.186,1.194,1.172,948119.08
2013-12-09,1.187,1.217,1.219,1.186,1403121.76
2013-12-10,1.22,1.208,1.227,1.203,946716.23
2013-12-11,1.205,1.228,1.233,1.203,961678.99
2013-12-12,1.221,1.252,1.261,1.218,1752944.37
2013-12-13,1.243,1.251,1.262,1.243,1106607.94
2013-12-16,1.252,1.255,1.269,1.24,1179002.84
2013-12-17,1.251,1.239,1.256,1.223,1759369.0
2013-12-18,1.24,1.228,1.241,1.22,648457.86
2013-12-19,1.23,1.234,1.258,1.229,1441457.83
2013-12-20,1.232,1.23,1.242,1.221,1139683.71
2013-12-23,1.225,1.215,1.229,1.2,657204.31
2013-12-24,1.215,1.236,1.242,1.21,902230.0
2013-12-25,1.238,1.262,1.266,1.23,1387213.63
2013-12-26,1.261,1.243,1.269,1.238,1533253.1
2013-12-27,1.236,1.273,1.275,1.236,1123102.27
2013-12-30,1.273,1.28,1.281,1.266,1317751.56
2013-12-31,1.277,1.274,1.282,1.26,629995.02
2014-01-02,1.273,1.306,1.307,1.273,1371414.54
2014-01-03,1.3,1.325,1.328,1.298,1549656.62
2014-01-06,1.324,1.299,1.326,1.292,1474596.62
2014-01-07,1.29,1.324,1.328,1.285,1643132.7
2014-01-08,1.342,1.375,1.384,1.332,2236754.86
2014-01-09,1.37,1.348,1.394,1.343,1661874.61
2014-01-10,1.338,1.324,1.362,1.318,1127778.34
2014-01-13,1.323,1.336,1.35,1.321,687060.47
2014-01-14,1.336,1.377,1.377,1.33,1013575.96
2014-01-15,1.378,1.39,1.395,1.371,1794091.8
2014-01-16,1.387,1.371,1.399,1.362,1011538.29
2014-01-17,1.365,1.367,1.383,1.36,1364667.69
2014-01-20,1.361,1.342,1.371,1.332,1104930.8
2014-01-21,1.34,1.381,1.381,1.339,1407238.88
2014-01-22,1.384,1.399,1.403,1.375,1914606.87
2014-01-23,1.4,1.43,1.443,1.4,2496424.46
2014-01-24,1.424,1.453,1.464,1.422,1620570.11
2014-01-27,1.448,1.445,1.469,1.43,1829348.66
2014-01-28,1.443,1.441,1.453,1.413,2229166.83
2014-01-29,1.441,1.466,1.466,1.435,999431.8
2014-01-30,1.464,1.463,1.48,1.448,755076.43
2014-02-07,1.451,1.498,1.5,1.45,1446142.87
2014-02-10,1.505,1.516,1.523,1.491,1424598.63
2014-02-11,1.515,1.492,1.526,1.473,1855476.7
2014-02-12,1.488,1.506,1.508,1.478,1460443.35
2014-02-13,1.499,1.45,1.508,1.45,1999373.63
2014-02-14,1.449,1.479,1.481,1.441,2312393.05
2014-02-17,1.483,1.521,1.523,1.483,2336671.19
2014-02-18,1.521,1.507,1.524,1.5,2458288.86
2014-02-19,1.505,1.506,1.513,1.487,2093161.59
2014-02-20,1.501,1.483,1.507,1.467,2464429.92
2014-02-21,1.47,1.483,1.49,1.467,2168141.53
2014-02-24,1.481,1.505,1.507,1.472,2596069.82
2014-02-25,1.505,1.432,1.534,1.421,3793904.69
2014-02-26,1.406,1.431,1.431,1.38,3915337.54
2014-02-27,1.432,1.385,1.461,1.373,2045746.74
2014-02-28,1.38,1.4,1.405,1.36,3037514.2
2014-03-03,1.4,1.43,1.433,1.39,2222959.03
2014-03-04,1.42,1.421,1.438,1.408,2279675.84
2014-03-05,1.425,1.427,1.433,1.414,1431035.29
2014-03-06,1.418,1.426,1.427,1.389,2027560.33
2014-03-07,1.425,1.428,1.441,1.413,1117261.84
2014-03-10,1.408,1.37,1.408,1.368,2071784.87
2014-03-11,1.367,1.363,1.376,1.346,1223448.74
2014-03-12,1.358,1.364,1.382,1.344,2899146.34
2014-03-13,1.365,1.405,1.407,1.363,1965718.27
2014-03-14,1.396,1.398,1.412,1.387,2262447.35
2014-03-17,1.401,1.438,1.441,1.395,1709493.45
2014-03-18,1.441,1.444,1.456,1.439,2182822.22
2014-03-19,1.44,1.427,1.444,1.418,1939611.23
2014-03-20,1.426,1.382,1.429,1.38,1474125.37
2014-03-21,1.373,1.382,1.39,1.346,2656924.79
2014-03-24,1.375,1.359,1.382,1.351,1093322.01
2014-03-25,1.354,1.359,1.376,1.346,1538894.18
2014-03-26,1.36,1.385,1.389,1.36,2039386.22
2014-03-27,1.375,1.332,1.379,1.332,1502041.12
2014-03-28,1.326,1.292,1.33,1.283,1679091.89
2014-03-31,1.293,1.297,1.306,1.28,1541677.0
2014-04-01,1.298,1.321,1.324,1.294,2168071.73
2014-04-02,1.323,1.292,1.327,1.284,1483741.91
2014-04-03,1.29,1.294,1.311,1.285,1889493.66
2014-04-04,1.29,1.314,1.315,1.28,2218643.82
2014-04-08,1.295,1.318,1.318,1.291,1285203.51
2014-04-09,1.316,1.336,1.344,1.316,2179887.3
2014-04-10,1.34,1.347,1.363,1.339,1856709.69
2014-04-11,1.342,1.329,1.342,1.318,1637871.13
2014-04-14,1.329,1.339,1.344,1.329,1121189.52
2014-04-15,1.337,1.333,1.345,1.33,754966.55
2014-04-16,1.327,1.328,1.335,1.317,519954.59
2014-04-17,1.325,1.337,1.34,1.325,843354.91
2014-04-18,1.331,1.344,1.346,1.325,768585.15
2014-04-21,1.33,1.329,1.351,1.326,894625.31
2014-04-22,1.326,1.303,1.335,1.286,748426.67
2014-04-23,1.298,1.297,1.307,1.286,346561.61
2014-04-24,1.295,1.284,1.3,1.271,779106.12
2014-04-25,1.282,1.26,1.287,1.256,1564442.25
2014-04-28,1.255,1.228,1.258,1.225,2333116.24
2014-04-29,1.225,1.235,1.244,1.22,1617217.14
2014-04-30,1.234,1.254,1.257,1.23,1267690.33
2014-05-05,1.253,1.272,1.274,1.25,1926224.68
2014-05-06,1.272,1.285,1.296,1.27,1632969.29
2014-05-07,1.278,1.257,1.279,1.256,542948.61
2014-05-08,1.251,1.252,1.273,1.248,1132376.4
2014-05-09,1.25,1.23,1.252,1.22,1199351.13
2014-05-12,1.236,1.252,1.252,1.222,1323039.25
2014-05-13,1.251,1.245,1.264,1.24,1596611.95
2014-05-14,1.241,1.253,1.254,1.24,809005.92
2014-05-15,1.248,1.223,1.256,1.223,1163371.5
2014-05-16,1.218,1.202,1.227,1.186,1191425.26
2014-05-19,1.195,1.203,1.21,1.188,1117823.53
2014-05-20,1.218,1.22,1.236,1.212,1474573.47
2014-05-21,1.21,1.234,1.234,1.205,1078508.69
2014-05-22,1.234,1.242,1.261,1.233,1916107.24
2014-05-23,1.241,1.27,1.272,1.234,1328109.1
2014-05-26,1.275,1.289,1.297,1.274,2095019.04
2014-05-27,1.288,1.277,1.29,1.275,1405583.58
2014-05-28,1.278,1.314,1.314,1.275,1908133.96
2014-05-29,1.314,1.287,1.321,1.285,2172673.56
2014-05-30,1.283,1.291,1.296,1.272,1829122.2
2014-06-03,1.291,1.287,1.305,1.287,1729296.45
2014-06-04,1.285,1.295,1.295,1.275,1854614.09
2014-06-05,1.294,1.325,1.329,1.29,2539178.9
2014-06-06,1.326,1.321,1.335,1.312,2454249.77
2014-06-09,1.315,1.294,1.321,1.294,1061738.91
2014-06-10,1.299,1.324,1.329,1.287,2540289.28
2014-06-11,1.318,1.337,1.343,1.316,2082832.43
2014-06-12,1.337,1.334,1.347,1.326,1500821.38
2014-06-13,1.329,1.35,1.359,1.327,1847799.04
2014-06-16,1.352,1.363,1.368,1.352,1646778.37
2014-06-17,1.36,1.35,1.363,1.347,1726759.51
2014-06-18,1.351,1.337,1.355,1.33,1379141.12
2014-06-19,1.332,1.291,1.342,1.281,2343008.14
2014-06-20,1.29,1.305,1.307,1.285,2289471.83
2014-06-23,1.305,1.332,1.337,1.305,2050762.25
2014-06-24,1.329,1.342,1.344,1.327,1357536.06
2014-06-25,1.341,1.328,1.341,1.317,1625876.97
2014-06-26,1.332,1.355,1.362,1.33,2865133.21
2014-06-27,1.355,1.357,1.368,1.351,1810901.06
2014-06-30,1.357,1.372,1.375,1.343,2132771.33
2014-07-01,1.376,1.381,1.385,1.368,1989054.95
2014-07-02,1.38,1.389,1.395,1.37,1565388.77
2014-07-03,1.388,1.389,1.398,1.379,930799.25
2014-07-04,1.388,1.381,1.392,1.375,1162540.31
2014-07-07,1.375,1.364,1.378,1.35,1673480.16
2014-07-08,1.36,1.381,1.381,1.348,1899867.51
2014-07-09,1.378,1.353,1.387,1.35,2267807.37
2014-07-10,1.351,1.332,1.359,1.33,1504634.62
2014-07-11,1.328,1.329,1.342,1.321,1232699.39
2014-07-14,1.329,1.338,1.338,1.313,1964718.8
2014-07-15,1.334,1.311,1.336,1.303,1655201.21
2014-07-16,1.31,1.289,1.315,1.28,1659016.57
2014-07-17,1.287,1.282,1.296,1.276,2388855.43
2014-07-18,1.282,1.279,1.294,1.273,1522789.45
2014-07-21,1.28,1.278,1.287,1.26,2104827.18
2014-07-22,1.275,1.301,1.303,1.274,2083040.38
2014-07-23,1.301,1.263,1.303,1.26,2167829.33
2014-07-24,1.261,1.242,1.263,1.228,2427568.22
2014-07-25,1.242,1.257,1.261,1.237,2108294.22
2014-07-28,1.258,1.285,1.288,1.255,2124615.9
2014-07-29,1.287,1.3,1.309,1.281,2093336.13
2014-07-30,1.298,1.313,1.316,1.295,1734089.45
2014-07-31,1.312,1.313,1.318,1.302,1482056.96
2014-08-01,1.31,1.29,1.314,1.29,1828266.96
2014-08-04,1.285,1.299,1.302,1.285,1324697.05
2014-08-05,1.301,1.332,1.335,1.289,3399830.45
2014-08-06,1.326,1.335,1.338,1.321,2557249.28
2014-08-07,1.334,1.332,1.351,1.329,2264205.76
2014-08-08,1.335,1.347,1.351,1.335,924300.91
2014-08-11,1.348,1.366,1.369,1.347,1424730.36
2014-08-12,1.364,1.364,1.371,1.359,1347881.16
2014-08-13,1.36,1.35,1.364,1.336,1047298.68
2014-08-14,1.351,1.346,1.363,1.342,990951.16
2014-08-15,1.346,1.36,1.36,1.344,645214.92
2014-08-18,1.36,1.396,1.396,1.36,2110493.83
2014-08-19,1.402,1.404,1.414,1.391,1437206.53
2014-08-20,1.418,1.392,1.418,1.385,944493.13
2014-08-21,1.39,1.415,1.416,1.386,1608577.56
2014-08-22,1.417,1.429,1.435,1.413,1253331.74
2014-08-25,1.426,1.408,1.428,1.403,1748331.99
2014-08-26,1.403,1.377,1.41,1.371,1779182.87
2014-08-27,1.376,1.388,1.394,1.373,1326304.42
2014-08-28,1.388,1.37,1.39,1.365,1734622.56
2014-08-29,1.371,1.394,1.396,1.37,1215673.72
2014-09-01,1.395,1.417,1.421,1.395,1230374.07
2014-09-02,1.422,1.43,1.432,1.414,1350603.67
2014-09-03,1.428,1.439,1.443,1.422,1353606.97
2014-09-04,1.437,1.457,1.46,1.434,1117499.37
2014-09-05,1.456,1.46,1.466,1.442,1027087.31
2014-09-09,1.453,1.458,1.458,1.438,1329014.91
2014-09-10,1.454,1.467,1.469,1.447,1363598.98
2014-09-11,1.466,1.471,1.493,1.46,2196309.73
2014-09-12,1.469,1.483,1.486,1.463,1223789.32
2014-09-15,1.478,1.483,1.489,1.47,1252126.27
2014-09-16,1.485,1.438,1.49,1.432,1643377.83
2014-09-17,1.439,1.44,1.442,1.418,1753724.67
2014-09-18,1.439,1.456,1.457,1.433,1622086.19
2014-09-19,1.457,1.46,1.465,1.447,882395.51
2014-09-22,1.452,1.442,1.454,1.44,1239092.17
2014-09-23,1.442,1.461,1.464,1.442,1049933.61
2014-09-24,1.459,1.479,1.481,1.455,719671.5
2014-09-25,1.484,1.469,1.486,1.464,645670.69
2014-09-26,1.462,1.472,1.474,1.461,613749.48
2014-09-29,1.472,1.489,1.489,1.472,682812.46
2014-09-30,1.488,1.5,1.501,1.483,591020.64
2014-10-08,1.501,1.515,1.517,1.493,596333.82
2014-10-09,1.515,1.519,1.524,1.496,1037143.2
2014-10-10,1.513,1.512,1.52,1.502,918650.92
2014-10-13,1.502,1.505,1.508,1.484,1270656.65
2014-10-14,1.503,1.493,1.521,1.49,1408686.55
2014-10-15,1.493,1.502,1.505,1.483,937982.27
2014-10-16,1.492,1.482,1.51,1.481,906413.24
2014-10-17,1.482,1.47,1.488,1.441,1305246.44
2014-10-20,1.465,1.495,1.495,1.465,789582.27
2014-10-21,1.495,1.474,1.497,1.474,911273.79
2014-10-22,1.47,1.464,1.487,1.46,739402.7
2014-10-23,1.459,1.438,1.461,1.433,1142806.19
2014-10-24,1.439,1.441,1.455,1.435,830801.93
2014-10-27,1.438,1.453,1.453,1.429,875689.78
2014-10-28,1.456,1.483,1.485,1.455,972288.17
2014-10-29,1.488,1.489,1.494,1.481,658943.37
2014-10-30,1.489,1.481,1.497,1.479,573938.9
2014-10-31,1.481,1.473,1.486,1.462,898437.56
2014-11-03,1.475,1.491,1.493,1.471,1521726.0
2014-11-04,1.491,1.47,1.496,1.47,1206132.83
2014-11-05,1.471,1.471,1.479,1.464,1089532.35
2014-11-06,1.473,1.492,1.493,1.469,1318310.43
2014-11-07,1.49,1.477,1.503,1.476,1562923.78
2014-11-10,1.48,1.476,1.483,1.462,688922.91
2014-11-11,1.476,1.425,1.476,1.412,1039872.52
2014-11-12,1.423,1.44,1.441,1.418,1206081.8
2014-11-13,1.433,1.407,1.433,1.395,1989274.23
2014-11-14,1.4,1.406,1.414,1.397,1631299.51
2014-11-17,1.401,1.432,1.439,1.398,2288324.56
2014-11-18,1.43,1.441,1.445,1.425,2235199.35
2014-11-19,1.447,1.464,1.469,1.446,1893385.74
2014-11-20,1.458,1.451,1.459,1.425,893743.07
2014-11-21,1.45,1.462,1.467,1.45,1392309.25
2014-11-24,1.483,1.47,1.483,1.452,515242.1
2014-11-25,1.469,1.496,1.5,1.466,1763350.64
2014-11-26,1.495,1.51,1.516,1.495,996984.94
2014-11-27,1.508,1.518,1.52,1.498,925768.3
2014-11-28,1.517,1.524,1.537,1.505,1460913.69
2014-12-01,1.52,1.505,1.52,1.495,638226.16
2014-12-02,1.497,1.517,1.523,1.497,1008287.92
2014-12-03,1.517,1.559,1.56,1.486,3634521.19
2014-12-04,1.563,1.579,1.586,1.553,3579509.99
2014-12-05,1.57,1.529,1.57,1.492,1602144.39
2014-12-08,1.522,1.518,1.553,1.51,1561445.5
2014-12-09,1.509,1.464,1.53,1.46,1483175.85
2014-12-10,1.46,1.536,1.538,1.455,1652099.84
2014-12-11,1.536,1.546,1.548,1.51,1758037.75
2014-12-12,1.549,1.569,1.577,1.531,3555971.99
2014-12-15,1.572,1.601,1.611,1.567,3119282.23
2014-12-16,1.604,1.59,1.617,1.575,2275193.77
2014-12-17,1.58,1.595,1.6,1.559,1601654.24
2014-12-18,1.582,1.577,1.61,1.572,1693569.6
2014-12-19,1.561,1.541,1.57,1.518,1484179.79
2014-12-22,1.534,1.47,1.534,1.465,2255973.8
2014-12-23,1.455,1.461,1.504,1.445,2203348.83
2014-12-24,1.468,1.48,1.482,1.45,1904739.56
2014-12-25,1.475,1.48,1.486,1.463,1462511.33
2014-12-26,1.475,1.488,1.493,1.475,749342.07
2014-12-29,1.489,1.463,1.489,1.446,987715.14
2014-12-30,1.458,1.423,1.458,1.411,670700.02
2014-12-31,1.426,1.43,1.438,1.413,1859285.91
2015-01-05,1.424,1.424,1.432,1.393,2227001.62
2015-01-06,1.422,1.502,1.506,1.409,5273027.47
2015-01-07,1.5,1.474,1.504,1.47,5820002.82
2015-01-08,1.467,1.493,1.518,1.467,3789821.41
2015-01-09,1.485,1.503,1.536,1.48,3869420.08
2015-01-12,1.495,1.54,1.542,1.475,3358343.27
2015-01-13,1.538,1.551,1.562,1.526,2253851.7
2015-01-14,1.546,1.536,1.554,1.526,1413701.6
2015-01-15,1.534,1.534,1.558,1.526,1966260.59
2015-01-16,1.528,1.592,1.596,1.528,2330180.65
2015-01-19,1.576,1.579,1.637,1.548,7977037.16
2015-01-20,1.581,1.657,1.657,1.581,5223033.53
2015-01-21,1.662,1.668,1.673,1.636,3539651.98
2015-01-22,1.661,1.683,1.686,1.655,3227681.6
2015-01-23,1.682,1.638,1.683,1.632,1632896.15
2015-01-26,1.639,1.686,1.686,1.639,3345613.32
2015-01-27,1.686,1.688,1.698,1.651,2664796.54
2015-01-28,1.672,1.668,1.7,1.662,2591469.1
2015-01-29,1.655,1.652,1.676,1.648,1348225.08
2015-01-30,1.651,1.623,1.661,1.614,922305.57
2015-02-02,1.609,1.639,1.653,1.604,2259328.55
2015-02-03,1.647,1.693,1.701,1.64,2628277.22
2015-02-04,1.693,1.698,1.708,1.676,2268565.45
2015-02-05,1.685,1.709,1.746,1.68,3652199.6
2015-02-06,1.708,1.661,1.719,1.661,2145361.42
2015-02-09,1.661,1.645,1.693,1.642,1900737.09
2015-02-10,1.64,1.685,1.687,1.638,1999416.76
2015-02-11,1.684,1.705,1.717,1.681,2278237.03
2015-02-12,1.706,1.72,1.734,1.706,2737830.86
2015-02-13,1.728,1.761,1.763,1.725,2894762.96
2015-02-16,1.767,1.83,1.83,1.766,2431714.46
2015-02-17,1.839,1.82,1.839,1.798,2654238.49
2015-02-25,1.825,1.803,1.837,1.795,2709115.72
2015-02-26,1.803,1.814,1.823,1.78,2348805.34
2015-02-27,1.812,1.863,1.863,1.809,3111361.17
2015-03-02,1.868,1.914,1.918,1.863,3172606.54
2015-03-03,1.913,1.883,1.929,1.882,4994665.51
2015-03-04,1.881,1.94,1.942,1.881,3423006.6
2015-03-05,1.94,1.938,1.958,1.919,3487308.42
2015-03-06,1.937,1.88,1.939,1.872,3228519.01
2015-03-09,1.855,1.927,1.928,1.855,3978674.99
2015-03-10,1.92,1.972,1.974,1.914,4325494.88
2015-03-11,1.971,1.96,1.977,1.94,3144627.17
2015-03-12,1.953,1.94,1.976,1.908,3560430.26
2015-03-13,1.945,1.992,1.996,1.932,4168892.89
2015-03-16,2.005,2.061,2.07,2.001,4007189.3
2015-03-17,2.063,2.053,2.08,2.035,3411386.45
2015-03-18,2.049,2.099,2.104,2.037,4991478.02
2015-03-19,2.09,2.095,2.103,2.07,3171081.11
2015-03-20,2.094,2.126,2.145,2.091,5335736.62
2015-03-23,2.13,2.206,2.209,2.126,4724742.88
2015-03-24,2.21,2.273,2.286,2.156,7047470.5
2015-03-25,2.269,2.288,2.311,2.248,7446608.59
2015-03-26,2.26,2.19,2.278,2.17,3636201.77
2015-03-27,2.18,2.228,2.233,2.17,6775769.19
2015-03-30,2.21,2.193,2.236,2.165,3703908.92
2015-03-31,2.19,2.247,2.264,2.19,5873710.57
2015-04-01,2.241,2.296,2.301,2.24,5257417.16
2015-04-02,2.33,2.369,2.377,2.306,5195590.1
2015-04-03,2.357,2.391,2.406,2.347,6321722.0
2015-04-07,2.402,2.438,2.443,2.39,3927645.13
2015-04-08,2.439,2.377,2.444,2.328,5641121.15
2015-04-09,2.346,2.466,2.48,2.24,5934666.52
2015-04-10,2.361,2.424,2.453,2.341,6546874.26
2015-04-13,2.435,2.451,2.476,2.4,3947226.68
2015-04-14,2.455,2.44,2.476,2.4,4012894.09
2015-04-15,2.43,2.33,2.437,2.32,5447841.25
2015-04-16,2.309,2.375,2.423,2.304,5385600.12
2015-04-17,2.391,2.368,2.405,2.345,3534354.8
2015-04-20,2.355,2.318,2.395,2.305,5087122.31
2015-04-21,2.33,2.496,2.496,2.33,4654024.56
2015-04-22,2.497,2.524,2.55,2.497,4533161.67
2015-04-23,2.53,2.598,2.611,2.53,4687812.84
2015-04-24,2.566,2.645,2.652,2.558,4511857.56
2015-04-27,2.67,2.65,2.7,2.623,3354762.01
2015-04-28,2.67,2.583,2.693,2.555,5309015.34
2015-04-29,2.561,2.723,2.723,2.561,4034540.76
2015-04-30,2.72,2.748,2.81,2.709,7016809.32
2015-05-04,2.758,2.74,2.777,2.691,6728003.49
2015-05-05,2.731,2.67,2.737,2.641,5041356.32
2015-05-06,2.7,2.738,2.845,2.7,7597775.12
2015-05-07,2.71,2.686,2.766,2.68,6396024.72
2015-05-08,2.72,2.894,2.91,2.72,5851598.8
2015-05-11,2.908,3.05,3.078,2.866,5692287.78
2015-05-12,3.063,3.129,3.147,3.002,8768274.68
2015-05-13,3.05,3.036,3.115,2.987,7302386.27
2015-05-14,3.03,3.008,3.095,2.999,6678156.97
2015-05-15,2.971,3.016,3.05,2.928,9669898.57
2015-05-18,3.043,3.157,3.157,3.043,5332171.09
2015-05-19,3.176,3.185,3.208,3.064,8042296.78
2015-05-20,3.192,3.264,3.339,3.192,6081225.48
2015-05-21,3.27,3.41,3.411,3.27,5914396.04
2015-05-22,3.456,3.382,3.499,3.3,8721781.99
2015-05-25,3.271,3.327,3.355,3.225,7936813.01
2015-05-26,3.313,3.463,3.465,3.31,7064685.48
2015-05-27,3.475,3.463,3.5,3.377,6649789.74
2015-05-28,3.445,3.29,3.508,3.265,9724501.43
2015-05-29,3.3,3.384,3.437,3.158,11029588.75
2015-06-01,3.398,3.568,3.568,3.398,6905521.83
2015-06-02,3.583,3.768,3.769,3.567,9408447.7
2015-06-03,3.772,3.79,3.828,3.654,11312070.43
2015-06-04,3.798,3.751,3.825,3.51,10838016.7
2015-06-05,3.801,3.703,3.845,3.645,7853467.48
2015-06-08,3.65,3.533,3.679,3.418,7004367.19
2015-06-09,3.475,3.526,3.61,3.46,8024675.95
2015-06-10,3.505,3.66,3.704,3.484,8315775.19
2015-06-11,3.652,3.666,3.69,3.62,8255892.46
2015-06-12,3.692,3.704,3.729,3.657,7650872.44
2015-06-15,3.712,3.512,3.725,3.492,6693332.04
2015-06-16,3.45,3.402,3.475,3.295,7907813.83
2015-06-17,3.39,3.545,3.55,3.327,9467387.15
2015-06-18,3.545,3.32,3.558,3.3,7969934.55
2015-06-19,3.22,3.15,3.313,3.142,7740590.98
2015-06-23,3.15,3.208,3.302,2.951,8647158.74
2015-06-24,3.22,3.199,3.276,3.13,7390080.12
2015-06-25,3.215,3.03,3.223,3.017,4183573.57
2015-06-26,2.947,2.767,2.948,2.727,4186874.24
2015-06-29,2.76,2.49,2.786,2.49,3025609.67
2015-06-30,2.44,2.733,2.739,2.25,5498478.9
2015-07-01,2.66,2.56,2.843,2.56,8513714.4
2015-07-02,2.55,2.47,2.669,2.321,9082066.09
2015-07-03,2.4,2.457,2.64,2.296,10150517.1
2015-07-06,2.7,2.33,2.7,2.228,6778303.22
2015-07-07,2.245,2.097,2.252,2.097,2027703.51
2015-07-08,1.887,1.899,2.027,1.887,3956612.96
2015-07-09,1.901,2.089,2.089,1.898,1466700.95
2015-07-10,2.29,2.298,2.298,2.241,571717.85
2015-07-13,2.524,2.528,2.528,2.42,1835719.51
2015-07-14,2.5,2.657,2.781,2.492,4015740.1
2015-07-15,2.607,2.405,2.612,2.4,3747267.3
2015-07-16,2.302,2.489,2.574,2.261,4253140.64
2015-07-17,2.515,2.688,2.725,2.499,6152502.69
2015-07-20,2.67,2.69,2.78,2.62,8164417.35
2015-07-21,2.64,2.707,2.758,2.625,7875078.7
2015-07-22,2.715,2.754,2.779,2.651,9025411.81
2015-07-23,2.748,2.82,2.833,2.712,5963832.02
2015-07-24,2.819,2.74,2.858,2.682,6432456.56
2015-07-27,2.67,2.466,2.759,2.466,6865934.41
2015-07-28,2.38,2.395,2.559,2.328,6679255.55
2015-07-29,2.441,2.573,2.573,2.253,7529226.04
2015-07-30,2.52,2.4,2.564,2.399,6987259.7
2015-07-31,2.36,2.368,2.47,2.309,5169819.08
2015-08-03,2.325,2.24,2.355,2.221,2227807.05
2015-08-04,2.256,2.442,2.445,2.245,3029092.23
2015-08-05,2.417,2.358,2.448,2.321,2658623.5
2015-08-06,2.295,2.35,2.382,2.282,2253452.7
2015-08-07,2.386,2.459,2.46,2.368,2562423.97
2015-08-10,2.475,2.622,2.645,2.46,3762882.45
2015-08-11,2.614,2.565,2.619,2.533,3637730.16
2015-08-12,2.52,2.489,2.568,2.487,3317293.16
2015-08-13,2.483,2.558,2.562,2.442,4253216.8
2015-08-14,2.58,2.525,2.59,2.523,3392290.66
2015-08-17,2.52,2.505,2.556,2.474,3678988.59
2015-08-18,2.531,2.343,2.585,2.29,3849365.81
2015-08-19,2.282,2.422,2.445,2.226,3798636.04
2015-08-20,2.415,2.362,2.47,2.36,3520157.36
2015-08-21,2.328,2.226,2.344,2.22,3612022.27
2015-08-24,2.112,2.003,2.124,2.003,2749950.04
2015-08-25,1.859,1.803,1.903,1.803,1948998.89
2015-08-26,1.78,1.74,1.892,1.715,2353640.55
2015-08-27,1.78,1.801,1.825,1.702,2527132.16
2015-08-28,1.825,1.941,1.955,1.785,2512523.08
2015-08-31,1.901,1.83,1.909,1.811,2160589.95
2015-09-01,1.797,1.725,1.81,1.719,1523962.39
2015-09-02,1.646,1.69,1.804,1.638,1771556.17
2015-09-07,1.741,1.763,1.825,1.726,1964201.87
2015-09-08,1.745,1.888,1.888,1.723,3320886.77
2015-09-09,1.91,1.943,1.975,1.88,4516088.74
2015-09-10,1.895,1.899,1.945,1.879,3162328.28
2015-09-11,1.905,1.922,1.942,1.89,2223666.78
2015-09-14,1.926,1.73,1.937,1.73,2586835.51
2015-09-15,1.687,1.633,1.734,1.621,2288037.77
2015-09-16,1.655,1.796,1.796,1.65,2421366.17
2015-09-17,1.808,1.763,1.868,1.75,2508527.0
2015-09-18,1.775,1.825,1.843,1.737,1769144.17
2015-09-21,1.796,1.965,1.965,1.77,3301091.38
2015-09-22,1.965,1.939,2.004,1.903,3695108.55
2015-09-23,1.874,1.915,1.958,1.874,2171926.58
2015-09-24,1.936,1.933,1.982,1.91,2236868.9
2015-09-25,1.924,1.845,1.933,1.803,1978566.93
2015-09-28,1.849,1.979,1.983,1.81,2162328.6
2015-09-29,1.935,1.952,1.977,1.911,1963693.62
2015-09-30,1.963,1.935,1.976,1.89,1583677.32
2015-10-08,2.035,2.08,2.095,1.993,2298004.8
2015-10-09,2.06,2.103,2.121,2.056,1803509.68
2015-10-12,2.113,2.22,2.266,2.103,4309404.34
2015-10-13,2.185,2.226,2.242,2.177,1942781.5
2015-10-14,2.22,2.182,2.228,2.17,1914011.95
2015-10-15,2.173,2.298,2.303,2.163,2391767.65
2015-10-16,2.307,2.329,2.34,2.267,3004236.95
2015-10-19,2.328,2.294,2.336,2.259,3166377.74
2015-10-20,2.28,2.391,2.391,2.28,2478901.74
2015-10-21,2.39,2.22,2.401,2.215,4242406.64
2015-10-22,2.225,2.348,2.348,2.225,3700304.35
2015-10-23,2.353,2.427,2.437,2.326,3567892.77
2015-10-26,2.443,2.398,2.445,2.366,2832337.56
2015-10-27,2.366,2.444,2.474,2.296,3160520.96
2015-10-28,2.409,2.36,2.455,2.351,2692977.66
2015-10-29,2.37,2.352,2.409,2.313,2725336.1
2015-10-30,2.346,2.349,2.404,2.308,3543975.03
2015-11-02,2.273,2.311,2.386,2.273,2367417.34
2015-11-03,2.303,2.305,2.33,2.281,2026362.91
2015-11-04,2.323,2.489,2.491,2.323,3304478.58
2015-11-05,2.485,2.443,2.508,2.421,4424902.58
2015-11-06,2.444,2.548,2.558,2.444,3280866.5
2015-11-09,2.521,2.583,2.617,2.478,3146622.58
2015-11-10,2.558,2.609,2.64,2.558,3159368.81
2015-11-11,2.603,2.68,2.68,2.59,2452363.88
2015-11-12,2.674,2.648,2.688,2.605,2654556.81
2015-11-13,2.606,2.58,2.63,2.548,2845472.63
2015-11-16,2.523,2.67,2.67,2.52,2734824.3
2015-11-17,2.688,2.569,2.699,2.555,3409452.98
2015-11-18,2.575,2.516,2.594,2.511,2942606.49
2015-11-19,2.526,2.624,2.63,2.526,3625919.52
2015-11-20,2.624,2.645,2.666,2.606,3210896.15
2015-11-23,2.628,2.619,2.684,2.601,3022552.53
2015-11-24,2.61,2.663,2.665,2.593,2836073.41
2015-11-25,2.654,2.746,2.755,2.65,3345481.94
2015-11-26,2.748,2.674,2.754,2.672,3290003.99
2015-11-27,2.655,2.496,2.685,2.471,5056396.11
2015-11-30,2.505,2.52,2.538,2.369,5203563.68
2015-12-01,2.51,2.507,2.545,2.449,3351538.9
2015-12-02,2.494,2.454,2.511,2.384,3197753.82
2015-12-03,2.461,2.561,2.563,2.46,3812405.08
2015-12-04,2.54,2.53,2.585,2.512,2576536.67
2015-12-07,2.534,2.571,2.591,2.527,2552820.91
2015-12-08,2.556,2.531,2.571,2.516,2415193.37
2015-12-09,2.515,2.51,2.54,2.493,2427621.04
2015-12-10,2.514,2.526,2.566,2.501,2722031.98
2015-12-11,2.519,2.51,2.541,2.502,1970366.92
2015-12-14,2.489,2.555,2.555,2.463,2504075.41
2015-12-15,2.551,2.577,2.598,2.547,2636007.7
2015-12-16,2.588,2.593,2.625,2.576,2537198.44
2015-12-17,2.611,2.674,2.674,2.611,2707358.2
2015-12-18,2.67,2.668,2.675,2.63,2117620.98
2015-12-21,2.654,2.663,2.669,2.631,2297001.83
2015-12-22,2.675,2.656,2.679,2.637,1798789.67
2015-12-23,2.658,2.6,2.666,2.599,2424334.01
2015-12-24,2.597,2.624,2.633,2.565,2494358.96
2015-12-25,2.623,2.62,2.644,2.598,2236704.16
2015-12-28,2.623,2.551,2.643,2.551,1865996.43
2015-12-29,2.547,2.58,2.584,2.539,1865284.17
2015-12-30,2.581,2.605,2.608,2.56,1631223.5
2015-12-31,2.606,2.539,2.612,2.539,1343768.48
2016-01-04,2.531,2.306,2.538,2.301,1875800.64
2016-01-05,2.24,2.275,2.336,2.2,3867289.51
2016-01-06,2.291,2.321,2.33,2.25,3417991.75
2016-01-07,2.272,2.096,2.28,2.09,1203797.99
2016-01-08,2.17,2.125,2.19,2.03,4174901.26
2016-01-11,2.067,1.999,2.109,1.99,4643731.74
2016-01-12,2.011,2.036,2.067,1.979,2609035.43
2016-01-13,2.048,1.964,2.057,1.936,2055166.41
2016-01-14,1.904,2.072,2.079,1.885,2218447.59
2016-01-15,2.041,1.997,2.07,1.98,2574903.4
2016-01-18,1.966,2.07,2.097,1.964,2912857.14
2016-01-19,2.05,2.126,2.129,2.03,3527494.66
2016-01-20,2.102,2.085,2.129,2.069,3131661.8
2016-01-21,2.059,2.006,2.126,2.006,2873125.24
2016-01-22,2.027,2.042,2.047,1.971,3147388.88
2016-01-25,2.055,2.04,2.07,2.02,1795249.9
2016-01-26,2.01,1.888,2.024,1.845,4044458.64
2016-01-27,1.899,1.887,1.907,1.794,4303858.92
2016-01-28,1.869,1.808,1.883,1.799,2629486.34
2016-01-29,1.807,1.879,1.905,1.801,2911765.69
2016-02-01,1.875,1.895,1.902,1.85,2481211.08
2016-02-02,1.897,1.972,1.986,1.894,3045712.2
2016-02-03,1.949,1.988,2.005,1.924,2885673.82
2016-02-04,1.997,2.024,2.036,1.991,5669151.21
2016-02-05,2.029,1.999,2.037,1.997,4615431.96
2016-02-15,1.933,2.017,2.027,1.921,4167725.48
2016-02-16,2.022,2.099,2.106,2.022,4250795.22
2016-02-17,2.099,2.109,2.116,2.07,4345463.34
2016-02-18,2.126,2.09,2.135,2.085,4214812.75
2016-02-19,2.081,2.106,2.123,2.079,5694718.12
2016-02-22,2.134,2.142,2.142,2.108,4314313.66
2016-02-23,2.14,2.117,2.145,2.088,3993191.73
2016-02-24,2.102,2.097,2.124,2.049,4070632.11
2016-02-25,2.094,1.896,2.095,1.888,8334199.32
2016-02-26,1.93,1.902,1.947,1.872,5943378.11
2016-02-29,1.886,1.77,1.897,1.755,4588137.42
2016-03-01,1.776,1.824,1.844,1.736,4719124.38
2016-03-02,1.823,1.912,1.918,1.813,5727378.2
2016-03-03,1.907,1.902,1.959,1.901,6073920.01
2016-03-04,1.89,1.81,1.9,1.795,6328747.67
2016-03-07,1.84,1.853,1.893,1.832,6205237.79
2016-03-08,1.847,1.888,1.895,1.761,7583684.09
2016-03-09,1.852,1.848,1.911,1.832,5798795.95
2016-03-10,1.865,1.835,1.889,1.833,5021457.99
2016-03-11,1.8,1.834,1.846,1.8,4022368.49
2016-03-14,1.86,1.925,1.948,1.858,6539860.14
2016-03-15,1.917,1.891,1.932,1.889,5133045.53
2016-03-16,1.927,1.878,1.934,1.863,5759162.98
2016-03-17,1.88,1.991,1.991,1.879,11204058.55
2016-03-18,2.015,2.076,2.095,1.992,10227920.55
2016-03-21,2.1,2.116,2.12,2.08,6438543.06
2016-03-22,2.09,2.099,2.135,2.082,6730783.58
2016-03-23,2.1,2.148,2.152,2.091,7245495.45
2016-03-24,2.122,2.1,2.16,2.093,7282057.87
2016-03-25,2.092,2.099,2.117,2.067,6181155.06
2016-03-28,2.117,2.073,2.143,2.071,5507095.93
2016-03-29,2.072,2.039,2.081,2.01,5438191.2
2016-03-30,2.058,2.134,2.135,2.05,5627064.38
2016-03-31,2.14,2.119,2.158,2.118,5153021.05
2016-04-01,2.109,2.097,2.116,2.06,5730624.04
2016-04-05,2.093,2.168,2.175,2.092,6790259.91
2016-04-06,2.168,2.181,2.193,2.16,6042147.73
2016-04-07,2.199,2.145,2.205,2.139,4668403.69
2016-04-08,2.121,2.125,2.131,2.084,4759334.9
2016-04-11,2.148,2.17,2.193,2.145,4797405.01
2016-04-12,2.17,2.162,2.179,2.129,4846060.42
2016-04-13,2.17,2.177,2.221,2.17,5861528.13
2016-04-14,2.197,2.212,2.217,2.181,5585268.48
2016-04-15,2.214,2.195,2.217,2.189,3395352.95
2016-04-18,2.176,2.16,2.178,2.139,4743527.17
2016-04-19,2.17,2.161,2.178,2.142,4712872.0
2016-04-20,2.168,2.03,2.173,2.012,7695534.11
2016-04-21,2.03,2.003,2.053,1.998,4630005.06
2016-04-22,1.989,2.038,2.038,1.983,3644602.09
2016-04-25,2.027,2.023,2.027,1.98,2980270.29
2016-04-26,2.016,2.054,2.055,2.013,3170105.73
2016-04-27,2.058,2.041,2.068,2.036,3197011.15
2016-04-28,2.041,2.048,2.054,2.004,3045858.08
2016-04-29,2.036,2.033,2.057,2.03,2465147.95
2016-05-03,2.036,2.112,2.112,2.018,5746737.68
2016-05-04,2.105,2.102,2.124,2.096,4067831.35
2016-05-05,2.098,2.116,2.119,2.091,3961827.5
2016-05-06,2.119,2.018,2.127,2.018,6311790.87
2016-05-09,2.002,1.955,2.002,1.948,4445741.35
2016-05-10,1.95,1.95,1.966,1.941,3339783.87
2016-05-11,1.963,1.93,1.97,1.93,3649158.88
2016-05-12,1.909,1.932,1.936,1.879,3220814.99
2016-05-13,1.925,1.92,1.954,1.91,2925200.44
2016-05-16,1.914,1.953,1.955,1.907,3143014.9
2016-05-17,1.954,1.977,2.002,1.932,4567617.78
2016-05-18,1.962,1.921,1.963,1.902,3250507.5
2016-05-19,1.921,1.938,1.972,1.92,3092647.97
2016-05-20,1.929,1.961,1.965,1.911,3718797.57
2016-05-23,1.967,1.992,2.004,1.967,3580265.43
2016-05-24,1.988,1.975,2.0,1.96,3347927.54
2016-05-25,1.998,1.965,2.01,1.961,2982242.87
2016-05-26,1.959,1.985,1.986,1.92,4621033.21
2016-05-27,1.975,1.968,1.989,1.963,3193705.83
2016-05-30,1.964,1.959,1.983,1.934,2481896.61
2016-05-31,1.956,2.069,2.07,1.956,5272626.88
2016-06-01,2.067,2.067,2.086,2.056,4225593.02
2016-06-02,2.065,2.088,2.09,2.06,3056935.18
2016-06-03,2.08,2.109,2.136,2.077,5251020.72
2016-06-06,2.109,2.102,2.119,2.087,3063377.2
2016-06-07,2.1,2.098,2.109,2.084,2731964.22
2016-06-08,2.091,2.092,2.106,2.072,3138996.73
2016-06-13,2.065,1.967,2.072,1.967,4376777.61
2016-06-14,1.958,1.967,1.98,1.947,3925353.34
2016-06-15,1.951,2.04,2.057,1.95,5174330.43
2016-06-16,2.034,2.009,2.047,2.005,3447651.59
2016-06-17,2.02,2.034,2.065,2.015,4317037.59
2016-06-20,2.033,2.03,2.042,1.997,3292487.98
2016-06-21,2.045,2.007,2.065,1.999,3818565.36
2016-06-22,1.998,2.055,2.06,1.998,4266317.69
2016-06-23,2.055,2.051,2.066,2.032,3853562.78
2016-06-24,2.047,2.043,2.07,1.979,6498082.4
2016-06-27,2.03,2.109,2.109,2.025,5492111.07
2016-06-28,2.095,2.128,2.132,2.085,5171557.29
2016-06-29,2.137,2.121,2.149,2.115,3372756.42
2016-06-30,2.122,2.132,2.142,2.116,3036061.56
2016-07-01,2.137,2.116,2.148,2.112,3334124.87
2016-07-04,2.103,2.153,2.161,2.101,3971360.07
2016-07-05,2.155,2.148,2.164,2.134,3251295.65
2016-07-06,2.145,2.148,2.152,2.135,1919199.01
2016-07-07,2.145,2.141,2.152,2.116,2175191.73
2016-07-08,2.137,2.145,2.16,2.127,2692981.22
2016-07-11,2.147,2.125,2.157,2.12,1877318.3
2016-07-12,2.123,2.155,2.155,2.092,3655279.59
2016-07-13,2.16,2.188,2.201,2.151,4236044.14
2016-07-14,2.188,2.19,2.194,2.173,3339478.72
2016-07-15,2.19,2.164,2.192,2.16,3138970.41
2016-07-18,2.162,2.148,2.168,2.136,3769672.25
2016-07-19,2.148,2.173,2.176,2.138,3451597.6
2016-07-20,2.174,2.165,2.188,2.165,2697471.66
2016-07-21,2.164,2.167,2.189,2.16,2412058.76
2016-07-22,2.163,2.154,2.169,2.15,2092158.21
2016-07-25,2.147,2.146,2.165,2.139,1683286.59
2016-07-26,2.147,2.182,2.182,2.146,2308504.81
2016-07-27,2.181,2.061,2.185,2.048,6514482.7
2016-07-28,2.06,2.044,2.075,2.023,3956703.37
2016-07-29,2.053,2.031,2.055,2.017,2351325.73
2016-08-01,2.024,2.013,2.028,1.981,3943983.68
2016-08-02,2.012,2.025,2.027,2.008,2179841.24
2016-08-03,2.021,2.017,2.031,2.009,1797202.01
2016-08-04,2.017,2.04,2.044,2.013,1795408.22
2016-08-05,2.036,2.022,2.04,2.02,1474876.27
2016-08-08,2.019,2.041,2.042,1.996,2156866.4
2016-08-09,2.041,2.061,2.062,2.035,2343517.45
2016-08-10,2.063,2.043,2.071,2.043,2688114.42
2016-08-11,2.04,2.017,2.047,2.015,1989860.37
2016-08-12,2.013,2.035,2.035,2.01,1671247.31
2016-08-15,2.035,2.103,2.109,2.02,5594113.92
2016-08-16,2.101,2.105,2.116,2.097,2962460.79
2016-08-17,2.106,2.112,2.122,2.099,2381912.09
2016-08-18,2.108,2.108,2.119,2.097,2059276.78
2016-08-19,2.108,2.112,2.116,2.099,1427763.12
2016-08-22,2.112,2.072,2.119,2.072,1819292.0
2016-08-23,2.073,2.084,2.093,2.058,2170010.53
2016-08-24,2.084,2.098,2.108,2.082,2550870.8
2016-08-25,2.089,2.088,2.089,2.061,2636162.94
2016-08-26,2.091,2.095,2.117,2.087,2007329.63
2016-08-29,2.089,2.101,2.116,2.088,1325362.2
2016-08-30,2.103,2.104,2.115,2.097,1285238.95
2016-08-31,2.099,2.099,2.104,2.081,1672852.89
2016-09-01,2.099,2.084,2.107,2.084,1537772.89
2016-09-02,2.079,2.081,2.093,2.068,1254711.24
2016-09-05,2.081,2.088,2.105,2.081,1422010.59
2016-09-06,2.086,2.128,2.133,2.069,2970897.52
2016-09-07,2.126,2.114,2.135,2.109,3124352.49
2016-09-08,2.115,2.128,2.128,2.112,1232864.0
2016-09-09,2.127,2.109,2.131,2.107,1152941.95
2016-09-12,2.075,2.06,2.087,2.054,3530165.77
2016-09-13,2.066,2.055,2.072,2.05,1562228.68
2016-09-14,2.046,2.051,2.065,2.04,1326870.5
2016-09-19,2.054,2.072,2.083,2.054,1175237.8
2016-09-20,2.07,2.066,2.075,2.062,741129.21
2016-09-21,2.068,2.068,2.08,2.063,718913.62
2016-09-22,2.08,2.072,2.085,2.07,912522.41
2016-09-23,2.076,2.065,2.078,2.065,649535.41
2016-09-26,2.061,2.032,2.07,2.029,1414239.42
2016-09-27,2.031,2.049,2.051,2.025,1854729.88
2016-09-28,2.052,2.05,2.053,2.04,1151938.0
2016-09-29,2.052,2.058,2.065,2.049,776504.14
2016-09-30,2.057,2.062,2.063,2.054,512110.43
2016-10-10,2.071,2.119,2.12,2.068,1760305.95
2016-10-11,2.119,2.118,2.119,2.106,1037590.5
2016-10-12,2.111,2.116,2.125,2.108,893655.92
2016-10-13,2.117,2.113,2.122,2.107,1109353.82
2016-10-14,2.114,2.104,2.114,2.088,894257.99
2016-10-17,2.104,2.079,2.106,2.068,1174629.73
2016-10-18,2.078,2.107,2.108,2.076,1534366.04
2016-10-19,2.107,2.092,2.108,2.089,1058788.36
2016-10-20,2.093,2.101,2.107,2.092,789523.76
2016-10-21,2.102,2.09,2.11,2.079,1013663.5
2016-10-24,2.09,2.109,2.116,2.086,2202417.77
2016-10-25,2.111,2.109,2.117,2.104,1037450.92
2016-10-26,2.106,2.094,2.112,2.088,1152148.75
2016-10-27,2.092,2.092,2.095,2.081,666248.8
2016-10-28,2.09,2.071,2.105,2.071,1489418.3
2016-10-31,2.07,2.071,2.074,2.057,1238523.35
2016-11-01,2.071,2.082,2.087,2.069,1340308.35
2016-11-02,2.079,2.054,2.081,2.053,1336701.93
2016-11-03,2.045,2.062,2.076,2.045,2105737.55
2016-11-04,2.059,2.056,2.08,2.05,1687287.89
2016-11-07,2.054,2.043,2.057,2.038,1108717.07
2016-11-08,2.048,2.063,2.068,2.046,1592791.07
2016-11-09,2.062,2.032,2.066,2.012,1814598.51
2016-11-10,2.052,2.053,2.062,2.051,1723974.25
2016-11-11,2.051,2.06,2.062,2.037,1686738.01
2016-11-14,2.057,2.07,2.087,2.057,2135288.98
2016-11-15,2.07,2.089,2.089,2.061,2037411.98
2016-11-16,2.096,2.091,2.118,2.09,2662780.97
2016-11-17,2.085,2.074,2.085,2.067,1234155.49
2016-11-18,2.074,2.07,2.081,2.065,862819.91
2016-11-21,2.065,2.061,2.075,2.056,1145398.16
2016-11-22,2.064,2.086,2.086,2.059,2150688.59
2016-11-23,2.09,2.075,2.1,2.073,2436437.63
2016-11-24,2.067,2.054,2.08,2.054,1559165.99
2016-11-25,2.052,2.076,2.078,2.03,2058856.64
2016-11-28,2.079,2.071,2.086,2.067,1605870.32
2016-11-29,2.068,2.073,2.086,2.064,2059937.53
2016-11-30,2.068,2.092,2.11,2.063,3042287.07
2016-12-01,2.09,2.089,2.097,2.083,1338250.53
2016-12-02,2.087,2.055,2.096,2.055,2227676.71
2016-12-05,2.045,2.055,2.071,2.038,1910268.64
2016-12-06,2.058,2.036,2.066,2.033,1662374.15
2016-12-07,2.04,2.044,2.045,2.025,1043243.35
2016-12-08,2.044,2.028,2.045,2.026,1088349.95
2016-12-09,2.025,2.013,2.029,2.011,1477668.59
2016-12-12,2.01,1.902,2.011,1.895,3580867.16
2016-12-13,1.9,1.9,1.911,1.879,2565921.02
2016-12-14,1.898,1.88,1.905,1.873,1455802.0
2016-12-15,1.877,1.893,1.908,1.873,1553878.54
2016-12-16,1.888,1.908,1.922,1.886,1544205.26
2016-12-19,1.907,1.896,1.909,1.891,576976.3
2016-12-20,1.897,1.897,1.906,1.89,966099.35
2016-12-21,1.899,1.904,1.912,1.897,872115.12
2016-12-22,1.903,1.897,1.904,1.889,533974.73
2016-12-23,1.893,1.874,1.903,1.874,675523.26
2016-12-26,1.869,1.886,1.887,1.848,938586.01
2016-12-27,1.883,1.881,1.892,1.879,700094.7
2016-12-28,1.879,1.87,1.884,1.861,598143.14
2016-12-29,1.869,1.876,1.887,1.866,597377.39
2016-12-30,1.878,1.881,1.885,1.871,1208164.82
2017-01-03,1.882,1.881,1.89,1.876,569141.95
2017-01-04,1.882,1.907,1.909,1.876,1268433.34
2017-01-05,1.904,1.901,1.908,1.897,808785.17
2017-01-06,1.897,1.886,1.897,1.88,637272.67
2017-01-09,1.883,1.878,1.889,1.869,455545.67
2017-01-10,1.877,1.869,1.885,1.868,637244.66
2017-01-11,1.863,1.857,1.877,1.853,977105.1
2017-01-12,1.851,1.849,1.867,1.849,1064767.0
2017-01-13,1.849,1.82,1.854,1.816,1101222.88
2017-01-16,1.82,1.756,1.82,1.711,2571600.31
2017-01-17,1.748,1.787,1.797,1.73,2907816.32
2017-01-18,1.78,1.767,1.785,1.763,1505930.22
2017-01-19,1.765,1.768,1.775,1.756,1167288.23
2017-01-20,1.762,1.801,1.813,1.762,1821480.95
2017-01-23,1.798,1.807,1.818,1.797,626704.24
2017-01-24,1.807,1.786,1.807,1.78,708059.42
2017-01-25,1.78,1.794,1.798,1.777,473825.57
2017-01-26,1.794,1.804,1.81,1.794,430825.78
2017-02-03,1.806,1.802,1.809,1.794,412051.0
2017-02-06,1.799,1.82,1.825,1.796,928864.36
2017-02-07,1.816,1.807,1.822,1.803,713488.0
2017-02-08,1.806,1.822,1.825,1.803,919020.24
2017-02-09,1.822,1.833,1.84,1.821,1049925.25
2017-02-10,1.833,1.824,1.835,1.821,702525.81
2017-02-13,1.82,1.833,1.842,1.815,938694.36
2017-02-14,1.831,1.827,1.839,1.826,897032.1
2017-02-15,1.828,1.812,1.842,1.81,659948.46
2017-02-16,1.808,1.817,1.822,1.807,676778.91
2017-02-17,1.817,1.801,1.826,1.8,847230.13
2017-02-20,1.804,1.817,1.817,1.798,989914.01
2017-02-21,1.817,1.842,1.845,1.815,1152992.98
2017-02-22,1.844,1.838,1.845,1.83,1021327.01
2017-02-23,1.838,1.848,1.848,1.825,1113450.1
2017-02-24,1.846,1.859,1.859,1.841,1044112.85
2017-02-27,1.859,1.847,1.864,1.841,879682.22
2017-02-28,1.847,1.846,1.85,1.836,865102.05
2017-03-01,1.842,1.85,1.86,1.842,871857.27
2017-03-02,1.851,1.841,1.856,1.84,547042.68
2017-03-03,1.836,1.849,1.852,1.829,737075.3
2017-03-06,1.848,1.883,1.884,1.847,1464071.28
2017-03-07,1.885,1.895,1.896,1.875,1088008.93
2017-03-08,1.895,1.884,1.895,1.879,779682.74
2017-03-09,1.877,1.869,1.881,1.867,849526.97
2017-03-10,1.868,1.868,1.876,1.863,590481.58
2017-03-13,1.864,1.89,1.89,1.857,1215816.47
2017-03-14,1.888,1.875,1.888,1.868,1124811.72
2017-03-15,1.871,1.876,1.882,1.863,771932.22
2017-03-16,1.875,1.882,1.886,1.875,721986.86
2017-03-17,1.883,1.862,1.9,1.862,1117073.65
2017-03-20,1.863,1.87,1.871,1.856,892708.36
2017-03-21,1.869,1.879,1.879,1.866,515699.49
2017-03-22,1.87,1.864,1.879,1.858,1529803.83
2017-03-23,1.866,1.865,1.879,1.85,1731105.86
2017-03-24,1.865,1.882,1.884,1.863,725597.23
2017-03-27,1.878,1.864,1.885,1.863,665478.1
2017-03-28,1.863,1.863,1.871,1.859,418696.69
2017-03-29,1.865,1.845,1.869,1.844,1007642.95
2017-03-30,1.841,1.813,1.845,1.811,1474102.47
2017-03-31,1.814,1.826,1.827,1.814,901510.84
2017-04-05,1.831,1.861,1.861,1.831,665627.73
2017-04-06,1.863,1.859,1.869,1.855,501456.1
2017-04-07,1.859,1.865,1.871,1.852,541223.95
2017-04-10,1.865,1.832,1.865,1.828,476985.0
2017-04-11,1.829,1.836,1.84,1.81,1127883.12
2017-04-12,1.832,1.819,1.834,1.815,577018.51
2017-04-13,1.819,1.835,1.84,1.814,687692.51
2017-04-14,1.829,1.81,1.834,1.808,862709.28
2017-04-17,1.806,1.79,1.809,1.785,1299578.33
2017-04-18,1.79,1.772,1.799,1.77,832395.5
2017-04-19,1.767,1.763,1.77,1.738,1500866.8
2017-04-20,1.765,1.77,1.778,1.758,1003610.89
2017-04-21,1.77,1.761,1.784,1.756,880331.51
2017-04-24,1.759,1.737,1.759,1.723,1324228.91
2017-04-25,1.736,1.742,1.755,1.732,792404.61
2017-04-26,1.74,1.743,1.747,1.734,363643.2
2017-04-27,1.739,1.764,1.774,1.721,1502604.05
2017-04-28,1.76,1.777,1.779,1.758,866992.2
2017-05-02,1.775,1.773,1.778,1.766,501284.08
2017-05-03,1.767,1.763,1.778,1.755,511278.79
2017-05-04,1.761,1.769,1.781,1.753,1084637.32
2017-05-05,1.76,1.743,1.765,1.743,1553911.01
2017-05-08,1.735,1.716,1.75,1.715,1728978.21
2017-05-09,1.709,1.726,1.73,1.699,2171479.01
2017-05-10,1.725,1.7,1.74,1.699,2393477.32
2017-05-11,1.69,1.696,1.698,1.657,3348574.02
2017-05-12,1.692,1.698,1.7,1.677,1636129.81
2017-05-15,1.701,1.704,1.713,1.698,895947.88
2017-05-16,1.698,1.741,1.741,1.69,1794430.12
2017-05-17,1.74,1.743,1.759,1.737,1728841.82
2017-05-18,1.734,1.738,1.752,1.731,1315222.34
2017-05-19,1.737,1.725,1.739,1.719,982465.33
2017-05-22,1.723,1.711,1.738,1.702,1288382.44
2017-05-23,1.706,1.681,1.714,1.681,2049409.01
2017-05-24,1.676,1.703,1.703,1.658,2870806.93
2017-05-25,1.698,1.703,1.713,1.671,4058081.54
2017-05-26,1.696,1.689,1.705,1.684,2655761.88
2017-05-31,1.719,1.692,1.719,1.692,3189028.54
2017-06-01,1.687,1.661,1.688,1.66,1663429.0
2017-06-02,1.652,1.678,1.687,1.643,3507694.22
2017-06-05,1.681,1.689,1.699,1.68,2207064.22
2017-06-06,1.686,1.692,1.702,1.684,1314035.13
2017-06-07,1.692,1.73,1.733,1.689,3146698.08
2017-06-08,1.728,1.722,1.733,1.718,1689237.52
2017-06-09,1.718,1.725,1.726,1.71,1662671.5
2017-06-12,1.715,1.702,1.718,1.7,1608719.54
2017-06-13,1.702,1.723,1.728,1.699,2180761.54
2017-06-14,1.721,1.72,1.726,1.713,1333080.14
2017-06-15,1.719,1.744,1.753,1.717,3352446.71
2017-06-16,1.744,1.739,1.747,1.736,1318494.56
2017-06-19,1.737,1.746,1.747,1.736,1137841.67
2017-06-20,1.747,1.748,1.763,1.745,1815701.73
2017-06-21,1.756,1.753,1.758,1.737,1111860.02
2017-06-22,1.752,1.725,1.758,1.721,1067561.82
2017-06-23,1.724,1.737,1.737,1.706,1861227.66
2017-06-26,1.734,1.749,1.75,1.725,1476283.64
2017-06-27,1.749,1.746,1.758,1.743,1324417.58
2017-06-28,1.743,1.734,1.745,1.73,1093783.51
2017-06-29,1.733,1.742,1.751,1.731,1066991.63
2017-06-30,1.737,1.748,1.748,1.731,1184105.62
2017-07-03,1.747,1.764,1.764,1.743,1614595.78
2017-07-04,1.764,1.755,1.764,1.749,1120420.55
2017-07-05,1.753,1.761,1.763,1.745,1094745.84
2017-07-06,1.76,1.753,1.766,1.743,1335706.8
2017-07-07,1.747,1.75,1.752,1.743,716998.22
2017-07-10,1.745,1.716,1.745,1.715,1538696.0
2017-07-11,1.712,1.696,1.719,1.696,1461933.5
2017-07-12,1.694,1.697,1.703,1.678,1891946.04
2017-07-13,1.693,1.686,1.696,1.68,1207065.52
2017-07-14,1.68,1.662,1.682,1.661,1963989.9
2017-07-17,1.647,1.57,1.648,1.569,3561888.75
2017-07-18,1.561,1.579,1.589,1.554,2213341.63
2017-07-19,1.573,1.593,1.595,1.561,1628131.05
2017-07-20,1.59,1.59,1.617,1.587,1620749.08
2017-07-21,1.588,1.591,1.602,1.586,747247.73
2017-07-24,1.589,1.599,1.602,1.582,946497.86
2017-07-25,1.598,1.599,1.606,1.59,735777.73
2017-07-26,1.597,1.588,1.6,1.586,735346.83
2017-07-27,1.588,1.665,1.665,1.584,2959044.08
2017-07-28,1.659,1.647,1.662,1.643,1924264.68
2017-07-31,1.645,1.652,1.654,1.636,1011288.43
2017-08-01,1.651,1.65,1.654,1.639,1190311.38
2017-08-02,1.65,1.638,1.658,1.638,1371661.43
2017-08-03,1.634,1.651,1.672,1.63,1998339.83
2017-08-04,1.648,1.636,1.65,1.635,1031830.5
2017-08-07,1.636,1.651,1.66,1.635,1070920.62
2017-08-08,1.652,1.678,1.679,1.646,2199252.12
2017-08-09,1.677,1.675,1.688,1.668,1392265.63
2017-08-10,1.674,1.669,1.69,1.661,1108944.89
2017-08-11,1.661,1.659,1.678,1.656,1718932.46
2017-08-14,1.664,1.702,1.702,1.662,2364296.01
2017-08-15,1.704,1.706,1.71,1.695,1496965.27
2017-08-16,1.704,1.735,1.745,1.701,1924101.56
2017-08-17,1.728,1.746,1.753,1.725,2536531.94
2017-08-18,1.738,1.733,1.746,1.728,1417861.86
2017-08-21,1.737,1.737,1.743,1.728,1264746.0
2017-08-22,1.737,1.726,1.742,1.72,1162437.35
2017-08-23,1.722,1.717,1.732,1.714,1230914.38
2017-08-24,1.716,1.705,1.726,1.705,1279757.79
2017-08-25,1.702,1.723,1.729,1.702,1454571.29
2017-08-28,1.729,1.755,1.772,1.727,2402908.57
2017-08-29,1.753,1.743,1.766,1.743,1535018.47
2017-08-30,1.745,1.756,1.768,1.743,1613679.37
2017-08-31,1.758,1.765,1.767,1.755,1343713.16
2017-09-01,1.768,1.776,1.78,1.755,1753435.06
2017-09-04,1.773,1.796,1.799,1.769,1455841.98
2017-09-05,1.795,1.796,1.804,1.785,1394204.99
2017-09-06,1.792,1.813,1.814,1.79,1611863.06
2017-09-07,1.813,1.8,1.828,1.797,1632369.76
2017-09-08,1.797,1.791,1.807,1.783,1398556.59
2017-09-11,1.79,1.807,1.807,1.788,1023147.52
2017-09-12,1.811,1.793,1.815,1.792,1222546.63
2017-09-13,1.792,1.797,1.798,1.784,972239.31
2017-09-14,1.797,1.787,1.803,1.783,839012.17
2017-09-15,1.785,1.782,1.792,1.78,895529.43
2017-09-18,1.782,1.808,1.808,1.78,1141358.39
2017-09-19,1.807,1.79,1.811,1.785,1150825.19
2017-09-20,1.788,1.801,1.803,1.786,761996.76
2017-09-21,1.802,1.78,1.808,1.78,764903.75
2017-09-22,1.775,1.773,1.78,1.762,1079248.96
2017-09-25,1.77,1.75,1.778,1.748,807223.01
2017-09-26,1.749,1.746,1.758,1.734,966425.23
2017-09-27,1.75,1.757,1.766,1.748,815793.53
2017-09-28,1.758,1.761,1.771,1.757,730490.67
2017-09-29,1.764,1.78,1.78,1.764,570514.36
2017-10-09,1.797,1.8,1.81,1.79,902553.18
2017-10-10,1.798,1.828,1.828,1.797,1283464.1
2017-10-11,1.83,1.814,1.835,1.811,1147732.39
2017-10-12,1.812,1.811,1.819,1.799,785692.56
2017-10-13,1.811,1.84,1.84,1.806,1188638.24
2017-10-16,1.84,1.796,1.84,1.795,2194893.0
2017-10-17,1.791,1.786,1.798,1.781,922738.81
2017-10-18,1.789,1.778,1.8,1.778,846062.4
2017-10-19,1.777,1.775,1.787,1.767,859962.24
2017-10-20,1.773,1.794,1.795,1.771,712276.9
2017-10-23,1.791,1.806,1.812,1.788,1204250.31
2017-10-24,1.805,1.812,1.812,1.791,750795.73
2017-10-25,1.808,1.818,1.822,1.802,775261.31
2017-10-26,1.819,1.823,1.826,1.808,947332.96
2017-10-27,1.821,1.801,1.822,1.801,708488.89
2017-10-30,1.801,1.764,1.807,1.759,1579106.08
2017-10-31,1.764,1.773,1.778,1.762,898699.03
2017-11-01,1.773,1.769,1.781,1.768,929277.68
2017-11-02,1.766,1.745,1.767,1.745,844634.08
2017-11-03,1.742,1.732,1.757,1.726,1341181.75
2017-11-06,1.732,1.754,1.754,1.719,770445.77
2017-11-07,1.753,1.76,1.76,1.742,716435.59
2017-11-08,1.758,1.765,1.783,1.755,1038650.99
2017-11-09,1.764,1.779,1.783,1.755,683479.27
2017-11-10,1.778,1.8,1.8,1.775,1019939.92
2017-11-13,1.799,1.799,1.807,1.794,629013.02
2017-11-14,1.8,1.788,1.808,1.781,839599.82
2017-11-15,1.786,1.758,1.789,1.755,896095.08
2017-11-16,1.756,1.765,1.771,1.751,907137.4
2017-11-17,1.762,1.723,1.771,1.722,1444113.03
2017-11-20,1.719,1.755,1.755,1.697,1326033.29
2017-11-21,1.747,1.75,1.759,1.737,1080589.41
2017-11-22,1.748,1.744,1.762,1.732,1151991.73
2017-11-23,1.737,1.692,1.74,1.691,1359304.7
2017-11-24,1.687,1.678,1.695,1.678,997676.15
2017-11-27,1.671,1.66,1.692,1.657,1068216.44
2017-11-28,1.66,1.682,1.686,1.658,1356761.94
2017-11-29,1.682,1.674,1.684,1.661,787181.7
2017-11-30,1.673,1.663,1.681,1.657,648333.04
2017-12-01,1.665,1.687,1.695,1.662,1466778.92
2017-12-04,1.683,1.676,1.692,1.673,1156241.75
2017-12-05,1.674,1.644,1.679,1.632,1209396.96
2017-12-06,1.647,1.663,1.664,1.631,2725131.98
2017-12-07,1.662,1.656,1.673,1.654,1327840.53
2017-12-08,1.656,1.675,1.688,1.654,1088584.18
2017-12-11,1.682,1.698,1.698,1.678,1174630.43
2017-12-12,1.698,1.675,1.699,1.675,707964.1
2017-12-13,1.679,1.691,1.692,1.67,786222.74
2017-12-14,1.689,1.68,1.692,1.674,741366.48
2017-12-15,1.681,1.673,1.684,1.666,957790.54
2017-12-18,1.673,1.667,1.676,1.66,570027.41
2017-12-19,1.668,1.683,1.688,1.668,1220989.44
2017-12-20,1.68,1.661,1.682,1.661,668019.94
2017-12-21,1.659,1.668,1.68,1.647,878279.05
2017-12-22,1.669,1.663,1.676,1.662,558833.99
2017-12-25,1.662,1.642,1.663,1.634,1037449.47
2017-12-26,1.642,1.644,1.646,1.631,1066960.98
2017-12-27,1.644,1.63,1.647,1.626,873375.7
2017-12-28,1.629,1.637,1.647,1.627,984560.4
2017-12-29,1.638,1.644,1.644,1.632,935020.36
2018-01-02,1.65,1.665,1.676,1.646,983127.63
2018-01-03,1.666,1.689,1.693,1.663,1912283.43
2018-01-04,1.686,1.693,1.693,1.682,925577.81
2018-01-05,1.693,1.696,1.7,1.691,890407.1
2018-01-08,1.694,1.701,1.701,1.682,706128.65
2018-01-09,1.699,1.699,1.702,1.694,577034.84
2018-01-10,1.695,1.689,1.699,1.679,715802.28
2018-01-11,1.686,1.701,1.707,1.675,1468519.54
2018-01-12,1.7,1.685,1.7,1.684,804909.4
2018-01-15,1.68,1.634,1.681,1.63,1989655.65
2018-01-16,1.632,1.631,1.642,1.621,1441132.88
2018-01-17,1.628,1.639,1.647,1.601,3289036.01
2018-01-18,1.633,1.636,1.651,1.631,1993958.39
2018-01-19,1.64,1.63,1.648,1.629,1832485.48
2018-01-22,1.623,1.67,1.674,1.616,2948238.82
2018-01-23,1.668,1.667,1.676,1.661,2040672.63
2018-01-24,1.672,1.714,1.723,1.653,5850316.37
2018-01-25,1.714,1.708,1.751,1.705,7049032.59
2018-01-26,1.708,1.72,1.733,1.705,3586477.5
2018-01-29,1.72,1.701,1.725,1.692,4965787.97
2018-01-30,1.698,1.687,1.709,1.681,4049142.54
2018-01-31,1.68,1.633,1.68,1.632,5281660.73
2018-02-01,1.634,1.603,1.647,1.602,5622719.61
2018-02-02,1.593,1.607,1.627,1.582,4988302.04
2018-02-05,1.586,1.594,1.601,1.582,3260216.4
2018-02-06,1.57,1.505,1.578,1.502,6148774.06
2018-02-07,1.539,1.523,1.543,1.48,6332947.56
2018-02-08,1.515,1.548,1.556,1.512,4195420.22
2018-02-09,1.51,1.502,1.535,1.482,5801713.21
2018-02-12,1.515,1.553,1.562,1.51,5167943.2
2018-02-13,1.561,1.557,1.574,1.547,3208401.92
2018-02-14,1.555,1.549,1.556,1.539,1913003.11
2018-02-22,1.563,1.58,1.581,1.554,3030288.03
2018-02-23,1.576,1.572,1.584,1.561,1880539.41
2018-02-26,1.585,1.63,1.633,1.575,5175198.47
2018-02-27,1.63,1.639,1.656,1.625,4628523.33
2018-02-28,1.628,1.651,1.672,1.622,4197628.06
2018-03-01,1.64,1.687,1.687,1.632,3678587.74
2018-03-02,1.68,1.669,1.699,1.664,4515403.4
2018-03-05,1.678,1.69,1.693,1.665,2949835.55
2018-03-06,1.693,1.693,1.705,1.685,3373910.4
2018-03-07,1.691,1.679,1.695,1.675,2217324.53
2018-03-08,1.679,1.686,1.692,1.674,2274747.33
2018-03-09,1.688,1.755,1.755,1.685,7878414.43
2018-03-12,1.773,1.777,1.795,1.763,6867064.47
2018-03-13,1.772,1.767,1.791,1.758,3685880.49
2018-03-14,1.761,1.741,1.767,1.735,4468052.11
2018-03-15,1.73,1.742,1.743,1.707,6701459.06
2018-03-16,1.74,1.716,1.75,1.715,4298468.06
2018-03-19,1.712,1.736,1.754,1.711,4145098.82
2018-03-20,1.721,1.76,1.762,1.719,5314534.21
2018-03-21,1.76,1.72,1.768,1.718,4142582.61
2018-03-22,1.726,1.711,1.735,1.71,3658480.83
2018-03-23,1.666,1.622,1.688,1.61,11432223.65
2018-03-26,1.609,1.673,1.679,1.595,8328624.07
2018-03-27,1.69,1.738,1.74,1.686,8486973.05
2018-03-28,1.717,1.73,1.748,1.714,6829592.05
2018-03-29,1.736,1.739,1.75,1.719,4242983.62
2018-03-30,1.744,1.791,1.791,1.739,8552651.99
2018-04-02,1.805,1.788,1.81,1.781,7302463.24
2018-04-03,1.765,1.764,1.778,1.744,6971304.91
2018-04-04,1.773,1.732,1.779,1.732,5269261.02
2018-04-09,1.732,1.737,1.757,1.716,5599839.98
2018-04-10,1.733,1.732,1.738,1.71,5783069.64
2018-04-11,1.737,1.729,1.753,1.728,4809650.43
2018-04-12,1.725,1.72,1.745,1.72,3665975.28
2018-04-13,1.736,1.721,1.743,1.72,3978376.35
2018-04-16,1.722,1.736,1.748,1.714,5560540.7
2018-04-17,1.737,1.683,1.745,1.681,7492720.43
2018-04-18,1.692,1.718,1.732,1.659,9475694.83
2018-04-19,1.711,1.715,1.735,1.707,5757563.48
2018-04-20,1.711,1.684,1.726,1.679,5757464.02
2018-04-23,1.684,1.653,1.692,1.631,5675704.26
2018-04-24,1.653,1.705,1.705,1.651,6202016.75
2018-04-25,1.698,1.715,1.724,1.695,5353027.02
2018-04-26,1.713,1.681,1.716,1.68,4445481.14
2018-04-27,1.689,1.707,1.711,1.681,4338079.5
2018-05-02,1.711,1.701,1.729,1.687,4266399.27
2018-05-03,1.697,1.726,1.726,1.668,6793981.49
2018-05-04,1.72,1.712,1.728,1.71,4598615.66
2018-05-07,1.717,1.749,1.753,1.715,5590691.72
2018-05-08,1.751,1.753,1.753,1.736,3871211.47
2018-05-09,1.75,1.749,1.756,1.741,3015205.49
2018-05-10,1.751,1.762,1.763,1.743,4070744.92
2018-05-11,1.762,1.734,1.765,1.732,4851430.61
2018-05-14,1.732,1.728,1.741,1.724,2943562.67
2018-05-15,1.726,1.756,1.757,1.724,4322164.5
2018-05-16,1.749,1.745,1.758,1.742,3943829.02
2018-05-17,1.742,1.729,1.747,1.725,3139177.79
2018-05-18,1.726,1.731,1.736,1.712,4633736.69
2018-05-21,1.742,1.757,1.767,1.742,5618533.76
2018-05-22,1.757,1.77,1.772,1.752,4378531.09
2018-05-23,1.764,1.745,1.771,1.744,3327789.23
2018-05-24,1.744,1.737,1.752,1.735,2846846.37
2018-05-25,1.736,1.705,1.739,1.704,5064068.07
2018-05-28,1.702,1.698,1.716,1.69,3238262.62
2018-05-29,1.698,1.678,1.713,1.677,4152866.05
2018-05-30,1.659,1.633,1.662,1.626,5973139.16
2018-05-31,1.646,1.649,1.652,1.621,5650488.84
2018-06-01,1.641,1.62,1.648,1.609,4501197.89
2018-06-04,1.624,1.613,1.627,1.602,4228867.44
2018-06-05,1.615,1.653,1.655,1.613,5639086.93
2018-06-06,1.648,1.65,1.656,1.642,3217526.57
2018-06-07,1.653,1.636,1.657,1.634,2227248.91
2018-06-08,1.63,1.62,1.633,1.607,3805285.89
2018-06-11,1.617,1.601,1.618,1.596,3784942.34
2018-06-12,1.602,1.619,1.624,1.592,4830004.4
2018-06-13,1.616,1.597,1.618,1.596,3347011.65
2018-06-14,1.591,1.587,1.613,1.581,4651490.09
2018-06-15,1.586,1.554,1.593,1.55,5400178.03
2018-06-19,1.535,1.467,1.54,1.449,7967385.37
2018-06-20,1.461,1.478,1.492,1.444,7521336.57
2018-06-21,1.475,1.441,1.486,1.441,6174088.1
2018-06-22,1.434,1.466,1.473,1.427,6509188.88
2018-06-25,1.479,1.455,1.482,1.454,4237095.22
2018-06-26,1.444,1.485,1.488,1.437,6668326.34
2018-06-27,1.479,1.466,1.489,1.462,5151968.66
2018-06-28,1.463,1.462,1.487,1.459,4661063.12
2018-06-29,1.464,1.524,1.527,1.464,6748125.19
2018-07-02,1.522,1.503,1.526,1.489,5619238.39
2018-07-03,1.507,1.52,1.531,1.477,7937997.33
2018-07-04,1.511,1.486,1.514,1.476,4815750.19
2018-07-05,1.479,1.452,1.496,1.451,5326490.79
2018-07-06,1.451,1.464,1.493,1.443,7653538.74
2018-07-09,1.474,1.504,1.505,1.47,6562165.38
2018-07-10,1.505,1.516,1.517,1.5,4653500.9
2018-07-11,1.49,1.488,1.5,1.468,7056090.33
2018-07-12,1.49,1.54,1.545,1.489,7735752.8
2018-07-13,1.537,1.542,1.548,1.532,4694873.42
2018-07-16,1.536,1.542,1.546,1.528,2917485.06
2018-07-17,1.54,1.543,1.545,1.521,3780669.88
2018-07-18,1.545,1.532,1.557,1.531,3985458.55
2018-07-19,1.532,1.514,1.543,1.508,4423700.44
2018-07-20,1.511,1.535,1.54,1.505,5010057.72
2018-07-23,1.534,1.54,1.541,1.515,5166962.79
2018-07-24,1.54,1.549,1.562,1.53,5658661.24
2018-07-25,1.549,1.551,1.567,1.547,4603271.79
2018-07-26,1.551,1.534,1.557,1.526,4186107.24
2018-07-27,1.529,1.518,1.532,1.515,4462205.75
2018-07-30,1.514,1.484,1.52,1.482,6278487.87
2018-07-31,1.483,1.489,1.499,1.481,4244350.52
2018-08-01,1.494,1.471,1.507,1.471,4470316.46
2018-08-02,1.465,1.44,1.467,1.415,8127045.53
2018-08-03,1.44,1.414,1.45,1.411,7348847.73
2018-08-06,1.405,1.374,1.416,1.368,12019112.96
2018-08-07,1.381,1.412,1.412,1.369,9234153.59
2018-08-08,1.403,1.381,1.408,1.379,6866129.38
2018-08-09,1.379,1.426,1.437,1.376,10025652.01
2018-08-10,1.424,1.437,1.441,1.421,5700609.71
2018-08-13,1.422,1.458,1.46,1.42,6646202.41
2018-08-14,1.454,1.446,1.458,1.44,5205638.18
2018-08-15,1.445,1.409,1.446,1.403,7090614.17
2018-08-16,1.391,1.396,1.419,1.381,7833649.18
2018-08-17,1.407,1.369,1.41,1.366,9120506.29
2018-08-20,1.363,1.367,1.376,1.34,10168691.2
2018-08-21,1.366,1.387,1.393,1.363,8547493.0
2018-08-22,1.385,1.375,1.389,1.37,4488100.67
2018-08-23,1.376,1.388,1.395,1.373,6059137.83
2018-08-24,1.38,1.382,1.394,1.376,3896291.73
2018-08-27,1.387,1.426,1.426,1.385,8237421.67
2018-08-28,1.425,1.423,1.429,1.416,4082480.14
2018-08-29,1.42,1.411,1.421,1.405,3866062.71
2018-08-30,1.41,1.389,1.415,1.389,5144066.06
2018-08-31,1.383,1.369,1.387,1.366,5614493.6
2018-09-03,1.364,1.375,1.379,1.35,5836825.26
2018-09-04,1.373,1.385,1.394,1.365,6740409.94
2018-09-05,1.38,1.363,1.387,1.363,5131937.34
2018-09-06,1.358,1.355,1.377,1.351,6994458.48
2018-09-07,1.36,1.36,1.386,1.351,8612882.66
2018-09-10,1.353,1.327,1.36,1.325,8350878.02
2018-09-11,1.327,1.332,1.342,1.32,5717352.9
2018-09-12,1.331,1.32,1.341,1.32,7147721.5
2018-09-13,1.336,1.326,1.341,1.307,11026970.88
2018-09-14,1.326,1.304,1.332,1.304,8119944.3
2018-09-17,1.296,1.288,1.302,1.282,7135335.12
2018-09-18,1.286,1.312,1.314,1.283,7905014.94
2018-09-19,1.308,1.324,1.339,1.303,9878342.82
2018-09-20,1.321,1.32,1.333,1.319,4455153.25
2018-09-21,1.325,1.343,1.346,1.317,7684138.89
2018-09-25,1.333,1.338,1.347,1.331,6901895.93
2018-09-26,1.339,1.352,1.361,1.334,6767440.14
2018-09-27,1.35,1.333,1.353,1.332,5222583.84
2018-09-28,1.337,1.346,1.346,1.327,6125985.91
2018-10-08,1.317,1.289,1.322,1.286,7211934.79
2018-10-09,1.294,1.283,1.301,1.275,6414966.03
2018-10-10,1.284,1.282,1.293,1.271,5679269.97
2018-10-11,1.243,1.196,1.249,1.19,11133686.53
2018-10-12,1.192,1.206,1.215,1.173,9926606.04
2018-10-15,1.205,1.19,1.22,1.189,5747888.96
2018-10-16,1.192,1.16,1.195,1.154,9493810.67
2018-10-17,1.173,1.174,1.182,1.149,12516772.64
2018-10-18,1.163,1.153,1.173,1.151,12504528.83
2018-10-19,1.141,1.189,1.197,1.136,13971317.29
2018-10-22,1.22,1.26,1.268,1.211,18083601.42
2018-10-23,1.26,1.231,1.263,1.222,11243075.02
2018-10-24,1.231,1.226,1.246,1.22,8668279.03
2018-10-25,1.19,1.216,1.224,1.183,13471964.75
2018-10-26,1.221,1.203,1.233,1.198,8200546.53
2018-10-29,1.205,1.192,1.213,1.188,8231477.55
2018-10-30,1.189,1.204,1.221,1.168,11584947.91
2018-10-31,1.205,1.216,1.229,1.201,11360813.47
2018-11-01,1.231,1.227,1.253,1.227,13943364.24
2018-11-02,1.28,1.291,1.292,1.257,19396058.82
2018-11-05,1.284,1.287,1.308,1.261,16786208.74
2018-11-06,1.278,1.286,1.287,1.263,9355637.76
2018-11-07,1.287,1.282,1.303,1.28,9105793.12
2018-11-08,1.293,1.265,1.295,1.264,6608071.46
2018-11-09,1.256,1.26,1.272,1.252,7016149.71
2018-11-12,1.258,1.305,1.307,1.256,12015535.59
2018-11-13,1.293,1.326,1.333,1.291,17618752.74
2018-11-14,1.321,1.32,1.333,1.315,7536179.83
2018-11-15,1.315,1.336,1.338,1.314,6782509.31
2018-11-16,1.337,1.332,1.345,1.322,9070421.38
2018-11-19,1.328,1.325,1.332,1.31,10071340.69
2018-11-20,1.316,1.291,1.317,1.282,8702469.82
2018-11-21,1.285,1.294,1.296,1.274,8239440.96
2018-11-22,1.294,1.285,1.302,1.282,6435844.67
2018-11-23,1.289,1.248,1.289,1.244,9056061.03
2018-11-26,1.247,1.244,1.254,1.234,4407784.84
2018-11-27,1.251,1.253,1.259,1.245,5130197.11
2018-11-28,1.253,1.277,1.277,1.243,6534659.34
2018-11-29,1.284,1.247,1.287,1.245,7268236.35
2018-11-30,1.244,1.264,1.269,1.241,6616891.63
2018-12-03,1.301,1.31,1.316,1.292,9303419.15
2018-12-04,1.308,1.315,1.315,1.303,5345533.22
2018-12-05,1.297,1.315,1.326,1.293,8071980.04
2018-12-06,1.305,1.28,1.313,1.277,6601176.11
2018-12-07,1.284,1.275,1.287,1.273,3692638.2
2018-12-10,1.269,1.264,1.277,1.263,3880188.32
2018-12-11,1.269,1.277,1.277,1.266,3810906.59
2018-12-12,1.283,1.276,1.286,1.273,3795479.49
2018-12-13,1.277,1.286,1.295,1.265,7083380.28
2018-12-14,1.282,1.248,1.283,1.247,7862515.63
2018-12-17,1.242,1.24,1.247,1.227,7428262.43
2018-12-18,1.232,1.232,1.248,1.224,8349718.64
2018-12-19,1.234,1.209,1.235,1.207,6413677.87
2018-12-20,1.209,1.219,1.223,1.206,6235317.88
2018-12-21,1.216,1.213,1.22,1.203,6384173.28
2018-12-24,1.212,1.226,1.228,1.206,6913223.46
2018-12-25,1.216,1.217,1.224,1.191,9326526.26
2018-12-26,1.216,1.211,1.225,1.209,5538747.1
2018-12-27,1.229,1.192,1.232,1.191,6453763.59
2018-12-28,1.194,1.194,1.202,1.186,5159856.27
2019-01-02,1.198,1.178,1.199,1.176,6001622.59
2019-01-03,1.176,1.164,1.189,1.163,6784059.87
2019-01-04,1.155,1.195,1.195,1.152,11840440.54
2019-01-07,1.197,1.214,1.218,1.193,9797743.02
2019-01-08,1.21,1.211,1.217,1.207,4699100.52
2019-01-09,1.212,1.21,1.232,1.207,7370433.47
2019-01-10,1.208,1.207,1.219,1.203,4244881.65
2019-01-11,1.207,1.209,1.214,1.201,4306085.68
2019-01-14,1.21,1.195,1.212,1.193,4237977.55
2019-01-15,1.194,1.216,1.216,1.189,6724998.79
2019-01-16,1.214,1.214,1.224,1.21,5897142.69
2019-01-17,1.215,1.198,1.215,1.198,5906280.82
2019-01-18,1.203,1.216,1.218,1.198,6400240.98
2019-01-21,1.218,1.222,1.231,1.213,6604166.64
2019-01-22,1.219,1.201,1.22,1.196,5686735.45
2019-01-23,1.198,1.197,1.204,1.194,3329008.7
2019-01-24,1.199,1.211,1.221,1.197,6844337.47
2019-01-25,1.212,1.214,1.224,1.209,6223129.01
2019-01-28,1.22,1.208,1.227,1.205,5485220.43
2019-01-29,1.205,1.192,1.207,1.18,7620725.69
2019-01-30,1.183,1.183,1.197,1.182,4562772.93
2019-01-31,1.183,1.178,1.194,1.172,7476244.49
2019-02-01,1.182,1.221,1.222,1.182,10385764.2
2019-02-11,1.223,1.264,1.266,1.223,10998410.42
2019-02-12,1.262,1.278,1.281,1.259,8424747.01
2019-02-13,1.279,1.301,1.305,1.277,8785253.25
2019-02-14,1.3,1.304,1.313,1.293,6180714.35
2019-02-15,1.301,1.302,1.314,1.299,8317742.77
2019-02-18,1.31,1.357,1.357,1.308,8628154.62
2019-02-19,1.359,1.346,1.368,1.333,12181710.95
2019-02-20,1.346,1.348,1.357,1.33,6955761.04
2019-02-21,1.344,1.355,1.391,1.34,11258114.9
2019-02-22,1.348,1.406,1.406,1.347,10082465.35
2019-02-25,1.432,1.492,1.495,1.416,11322086.02
2019-02-26,1.487,1.479,1.519,1.459,14183027.46
2019-02-27,1.475,1.458,1.491,1.436,12474735.31
2019-02-28,1.456,1.47,1.482,1.454,7997755.18
2019-03-01,1.489,1.5,1.502,1.466,9410949.41
2019-03-04,1.526,1.556,1.582,1.525,12376554.99
2019-03-05,1.548,1.615,1.615,1.526,11460402.43
2019-03-06,1.624,1.635,1.641,1.59,14250005.3
2019-03-07,1.628,1.621,1.648,1.597,14107830.16
2019-03-08,1.572,1.584,1.644,1.564,20087675.44
2019-03-11,1.6,1.658,1.658,1.581,17024804.65
2019-03-12,1.675,1.696,1.715,1.659,22814532.12
2019-03-13,1.69,1.618,1.69,1.608,21688079.85
2019-03-14,1.604,1.583,1.625,1.556,18379184.32
2019-03-15,1.596,1.589,1.612,1.572,13198897.33
2019-03-18,1.598,1.634,1.634,1.581,12114715.67
2019-03-19,1.633,1.633,1.655,1.619,10383369.2
2019-03-20,1.628,1.613,1.632,1.583,9696310.2
2019-03-21,1.61,1.627,1.643,1.604,11691110.26
2019-03-22,1.628,1.621,1.629,1.589,13073008.58
2019-03-25,1.594,1.598,1.622,1.588,8377286.69
2019-03-26,1.608,1.556,1.61,1.554,7830212.85
2019-03-27,1.567,1.568,1.574,1.546,7526007.1
2019-03-28,1.557,1.556,1.588,1.553,7559260.88
2019-03-29,1.564,1.624,1.627,1.559,11876845.3
2019-04-01,1.635,1.694,1.695,1.635,10597457.19
2019-04-02,1.696,1.682,1.704,1.675,8842648.67
2019-04-03,1.673,1.7,1.701,1.669,6623400.76
2019-04-04,1.704,1.701,1.71,1.688,6827360.94
2019-04-08,1.709,1.665,1.716,1.645,8547676.22
2019-04-09,1.657,1.667,1.677,1.646,6527201.95
2019-04-10,1.657,1.654,1.668,1.639,6106800.94
2019-04-11,1.655,1.619,1.657,1.616,7245281.87
2019-04-12,1.616,1.624,1.63,1.611,5892095.08
2019-04-15,1.647,1.596,1.651,1.594,6596021.88
2019-04-16,1.586,1.629,1.629,1.568,9685384.88
2019-04-17,1.623,1.642,1.655,1.621,8676529.23
2019-04-18,1.637,1.629,1.645,1.629,3841242.3
2019-04-19,1.63,1.645,1.645,1.617,4125438.8
2019-04-22,1.645,1.624,1.649,1.617,5265639.51
2019-04-23,1.619,1.61,1.636,1.603,4356214.44
2019-04-24,1.616,1.646,1.648,1.603,8088347.96
2019-04-25,1.635,1.598,1.649,1.596,8327967.38
2019-04-26,1.591,1.589,1.61,1.584,6398892.25
2019-04-29,1.589,1.549,1.594,1.541,9148151.2
2019-04-30,1.546,1.553,1.565,1.54,5226535.81
2019-05-06,1.496,1.424,1.497,1.421,14214371.55
2019-05-07,1.442,1.438,1.46,1.413,9885604.08
2019-05-08,1.41,1.419,1.45,1.405,9481467.83
2019-05-09,1.41,1.409,1.429,1.405,8748631.58
2019-05-10,1.427,1.465,1.473,1.402,14321410.83
2019-05-13,1.448,1.441,1.457,1.43,7567191.99
2019-05-14,1.432,1.431,1.453,1.43,6841597.67
2019-05-15,1.444,1.462,1.469,1.438,6691145.29
2019-05-16,1.461,1.468,1.472,1.451,4649140.04
2019-05-17,1.469,1.416,1.471,1.411,6313171.39
2019-05-20,1.412,1.407,1.418,1.391,7550099.62
2019-05-21,1.409,1.43,1.441,1.405,6138077.97
2019-05-22,1.428,1.427,1.44,1.415,4603943.31
2019-05-23,1.42,1.392,1.422,1.389,7384027.37
2019-05-24,1.392,1.384,1.403,1.377,6699349.31
2019-05-27,1.387,1.428,1.436,1.383,9692343.43
2019-05-28,1.431,1.432,1.442,1.421,7628804.52
2019-05-29,1.428,1.432,1.445,1.424,4738713.56
2019-05-30,1.429,1.422,1.433,1.405,4886766.6
2019-05-31,1.423,1.425,1.437,1.416,4686305.39
2019-06-03,1.428,1.411,1.438,1.407,5187125.94
2019-06-04,1.407,1.4,1.416,1.392,4956116.73
2019-06-05,1.412,1.393,1.415,1.391,5331830.0
2019-06-06,1.391,1.363,1.394,1.355,7860683.57
2019-06-10,1.364,1.376,1.383,1.356,5239491.49
2019-06-11,1.374,1.43,1.432,1.373,9700598.04
2019-06-12,1.425,1.412,1.427,1.41,6898543.03
2019-06-13,1.412,1.422,1.426,1.406,5511664.6
2019-06-14,1.421,1.397,1.428,1.395,6190399.7
2019-06-17,1.395,1.39,1.405,1.385,4243003.13
2019-06-18,1.392,1.4,1.405,1.383,5047026.69
2019-06-19,1.445,1.417,1.466,1.414,9636334.36
2019-06-20,1.415,1.442,1.454,1.41,9263345.3
2019-06-21,1.491,1.473,1.494,1.462,17858132.37
2019-06-24,1.467,1.46,1.47,1.453,6482214.37
2019-06-25,1.458,1.442,1.458,1.426,6872718.42
2019-06-26,1.433,1.448,1.455,1.431,5238257.11
2019-06-27,1.45,1.469,1.473,1.45,7072723.16
2019-06-28,1.468,1.457,1.468,1.444,5867318.47
2019-07-01,1.487,1.511,1.512,1.477,10139691.73
2019-07-02,1.506,1.511,1.518,1.503,4672654.53
2019-07-03,1.506,1.488,1.506,1.482,4424900.34
2019-07-04,1.489,1.476,1.494,1.469,4592315.04
2019-07-05,1.475,1.492,1.496,1.474,4127199.61
2019-07-08,1.488,1.45,1.488,1.439,5890928.28
2019-07-09,1.45,1.462,1.467,1.447,3937259.91
2019-07-10,1.465,1.456,1.468,1.45,2845376.3
2019-07-11,1.464,1.458,1.476,1.452,3230503.46
2019-07-12,1.458,1.465,1.472,1.451,3135136.57
2019-07-15,1.458,1.489,1.502,1.441,9985541.31
2019-07-16,1.486,1.489,1.494,1.481,4182161.14
2019-07-17,1.486,1.492,1.505,1.483,4401301.49
2019-07-18,1.486,1.47,1.487,1.469,3488065.44
2019-07-19,1.473,1.486,1.497,1.473,6410550.11
2019-07-22,1.488,1.461,1.491,1.453,4944706.19
2019-07-23,1.46,1.481,1.481,1.46,3961668.1
2019-07-24,1.483,1.498,1.506,1.482,4515358.16
2019-07-25,1.493,1.506,1.511,1.493,3899024.52
2019-07-26,1.502,1.506,1.508,1.495,3513602.65
2019-07-29,1.504,1.509,1.509,1.497,2813804.02
2019-07-30,1.508,1.522,1.536,1.506,4907745.99
2019-07-31,1.515,1.512,1.521,1.51,3849936.95
2019-08-01,1.506,1.516,1.52,1.502,4069485.71
2019-08-02,1.486,1.501,1.504,1.481,5367035.69
2019-08-05,1.495,1.473,1.509,1.472,4401574.02
2019-08-06,1.445,1.451,1.462,1.423,7338107.42
2019-08-07,1.462,1.447,1.467,1.446,3691314.12
2019-08-08,1.452,1.468,1.47,1.452,2961218.41
2019-08-09,1.474,1.45,1.48,1.449,3209957.7
2019-08-12,1.457,1.486,1.486,1.452,3188296.64
2019-08-13,1.473,1.47,1.479,1.463,2760235.35
2019-08-14,1.488,1.477,1.494,1.476,4427788.52
2019-08-15,1.459,1.498,1.5,1.451,5458580.29
2019-08-16,1.497,1.512,1.527,1.491,5520389.97
2019-08-19,1.528,1.568,1.573,1.524,8078876.84
2019-08-20,1.565,1.553,1.571,1.549,5533235.25
2019-08-21,1.55,1.549,1.557,1.545,4321599.52
2019-08-22,1.553,1.554,1.556,1.539,3956920.96
2019-08-23,1.553,1.555,1.563,1.544,3747349.35
2019-08-26,1.54,1.54,1.549,1.529,4701493.85
2019-08-27,1.549,1.567,1.586,1.548,7877236.07
2019-08-28,1.566,1.565,1.572,1.555,3786104.17
2019-08-29,1.566,1.558,1.573,1.557,3319307.42
2019-08-30,1.569,1.549,1.577,1.541,4498852.63
2019-09-02,1.55,1.592,1.595,1.55,4827258.72
2019-09-03,1.592,1.595,1.6,1.585,3522884.87
2019-09-04,1.595,1.607,1.609,1.587,3824705.15
2019-09-05,1.618,1.627,1.647,1.618,5320689.28
2019-09-06,1.634,1.631,1.637,1.611,4064146.8
2019-09-09,1.639,1.67,1.672,1.628,6398893.28
2019-09-10,1.666,1.661,1.67,1.65,3870488.65
2019-09-11,1.665,1.638,1.67,1.636,4100106.37
2019-09-12,1.647,1.646,1.649,1.632,3018324.42
2019-09-16,1.649,1.65,1.658,1.639,3765306.15
2019-09-17,1.646,1.618,1.646,1.609,4812616.11
2019-09-18,1.618,1.617,1.624,1.607,3566637.06
2019-09-19,1.62,1.642,1.646,1.612,4658412.38
2019-09-20,1.643,1.638,1.652,1.637,3669838.68
2019-09-23,1.635,1.62,1.635,1.607,3751127.9
2019-09-24,1.619,1.629,1.642,1.614,4424661.04
2019-09-25,1.62,1.611,1.625,1.608,3200008.39
2019-09-26,1.615,1.561,1.617,1.56,5311698.74
2019-09-27,1.562,1.587,1.59,1.561,4290942.4
2019-09-30,1.585,1.57,1.59,1.565,2764846.5
2019-10-08,1.571,1.556,1.577,1.554,2594175.99
2019-10-09,1.549,1.561,1.563,1.543,4016333.89
2019-10-10,1.568,1.604,1.606,1.563,5988880.87
2019-10-11,1.605,1.606,1.615,1.592,4350438.63
2019-10-14,1.615,1.617,1.63,1.611,3385187.63
2019-10-15,1.613,1.597,1.614,1.596,2197397.23
2019-10-16,1.602,1.592,1.61,1.592,4147054.98
2019-10-17,1.594,1.595,1.602,1.591,3136873.46
2019-10-18,1.6,1.589,1.613,1.582,3674190.44
2019-10-21,1.588,1.585,1.591,1.57,3705058.46
2019-10-22,1.587,1.606,1.606,1.585,3832288.1
2019-10-23,1.608,1.589,1.61,1.587,2793496.0
2019-10-24,1.59,1.593,1.6,1.581,2457896.6
2019-10-25,1.593,1.616,1.616,1.586,4207127.17
2019-10-28,1.63,1.646,1.646,1.622,4466011.12
2019-10-29,1.642,1.624,1.643,1.622,3370282.28
2019-10-30,1.623,1.619,1.627,1.609,2403905.29
2019-10-31,1.624,1.608,1.63,1.607,2975355.09
2019-11-01,1.609,1.625,1.628,1.602,3038282.74
2019-11-04,1.624,1.634,1.643,1.624,3533227.91
2019-11-05,1.637,1.649,1.655,1.631,3419151.42
2019-11-06,1.652,1.638,1.655,1.632,2705176.56
2019-11-07,1.634,1.651,1.66,1.632,2911936.56
2019-11-08,1.655,1.645,1.666,1.645,3624055.05
2019-11-11,1.641,1.61,1.641,1.609,2716839.93
2019-11-12,1.61,1.611,1.616,1.593,2783940.04
2019-11-13,1.608,1.62,1.621,1.604,2530968.21
2019-11-14,1.619,1.63,1.634,1.616,2018535.51
2019-11-15,1.626,1.614,1.632,1.614,2049131.22
2019-11-18,1.613,1.621,1.623,1.603,2092688.32
2019-11-19,1.62,1.666,1.666,1.618,4776528.78
2019-11-20,1.664,1.655,1.679,1.654,3802884.76
2019-11-21,1.65,1.65,1.663,1.643,2287550.7
2019-11-22,1.653,1.614,1.672,1.608,5089390.96
2019-11-25,1.616,1.599,1.619,1.591,3422679.39
2019-11-26,1.603,1.608,1.617,1.596,3142161.48
2019-11-27,1.605,1.611,1.622,1.594,2636920.27
2019-11-28,1.608,1.611,1.62,1.605,1745428.57
2019-11-29,1.608,1.6,1.61,1.585,2550212.05
2019-12-02,1.605,1.606,1.618,1.601,2158416.18
2019-12-03,1.6,1.613,1.613,1.586,2610192.24
2019-12-04,1.606,1.612,1.62,1.602,2144554.73
2019-12-05,1.615,1.648,1.65,1.615,3982671.3
2019-12-06,1.646,1.662,1.662,1.641,2885880.75
2019-12-09,1.667,1.656,1.669,1.65,2760774.04
2019-12-10,1.651,1.67,1.67,1.645,2450734.5
2019-12-11,1.667,1.653,1.669,1.649,2075742.8
2019-12-12,1.651,1.657,1.668,1.651,2223150.82
2019-12-13,1.67,1.693,1.695,1.667,4539325.6
2019-12-16,1.693,1.715,1.716,1.686,3814064.3
2019-12-17,1.715,1.738,1.741,1.713,4637689.26
2019-12-18,1.734,1.725,1.739,1.721,2533071.69
2019-12-19,1.725,1.724,1.73,1.714,2644835.72
2019-12-20,1.724,1.708,1.73,1.705,2538238.12
2019-12-23,1.703,1.671,1.708,1.667,3759544.64
2019-12-24,1.676,1.704,1.706,1.675,3113618.78
2019-12-25,1.7,1.718,1.719,1.697,2729869.06
2019-12-26,1.716,1.726,1.727,1.711,2152210.04
2019-12-27,1.728,1.698,1.737,1.698,3015341.34
2019-12-30,1.695,1.727,1.727,1.684,2693594.48
2019-12-31,1.72,1.73,1.736,1.718,3051084.79
2020-01-02,1.743,1.765,1.771,1.731,3380825.32
2020-01-03,1.766,1.764,1.774,1.751,2746860.29
2020-01-06,1.756,1.788,1.806,1.753,4166991.55
2020-01-07,1.792,1.822,1.823,1.792,3945590.43
2020-01-08,1.808,1.792,1.822,1.789,4959107.39
2020-01-09,1.811,1.839,1.842,1.811,4475689.34
2020-01-10,1.847,1.831,1.847,1.821,3546451.01
2020-01-13,1.834,1.862,1.862,1.82,4400771.86
2020-01-14,1.864,1.85,1.871,1.849,3806679.71
2020-01-15,1.848,1.847,1.856,1.829,2627882.93
2020-01-16,1.851,1.856,1.863,1.842,2703073.32
2020-01-17,1.861,1.858,1.874,1.853,2991225.2
2020-01-20,1.862,1.905,1.911,1.861,4151555.29
2020-01-21,1.9,1.892,1.911,1.881,5334018.82
2020-01-22,1.882,1.918,1.93,1.852,4902212.81
2020-01-23,1.892,1.853,1.918,1.829,6523278.82
2020-02-03,1.67,1.708,1.766,1.669,10226280.43
2020-02-04,1.716,1.816,1.82,1.715,6955575.69
2020-02-05,1.833,1.871,1.896,1.818,6230237.68
2020-02-06,1.855,1.93,1.94,1.836,7059754.59
2020-02-07,1.932,1.94,1.949,1.9,5020757.75
2020-02-10,1.938,1.961,1.966,1.924,4377522.6
2020-02-11,1.964,1.947,1.964,1.935,2771378.65
2020-02-12,1.943,2.006,2.012,1.939,3942707.37
2020-02-13,2.005,1.988,2.01,1.971,4268443.27
2020-02-14,1.983,1.987,2.022,1.965,3383130.44
2020-02-17,2.005,2.071,2.071,2.004,6896795.16
2020-02-18,2.072,2.09,2.09,2.05,7042729.26
2020-02-19,2.08,2.054,2.087,2.052,5724037.76
2020-02-20,2.062,2.105,2.118,2.056,5648538.97
2020-02-21,2.1,2.145,2.162,2.092,5337412.61
2020-02-24,2.137,2.178,2.185,2.127,5040842.23
2020-02-25,2.145,2.194,2.21,2.082,6859194.97
2020-02-26,2.162,2.102,2.176,2.086,6436769.67
2020-02-27,2.111,2.111,2.148,2.076,7620196.01
2020-02-28,2.041,1.995,2.074,1.985,11449502.72
2020-03-02,2.026,2.054,2.071,1.999,6409490.34
2020-03-03,2.101,2.092,2.155,2.066,7589349.56
2020-03-04,2.077,2.088,2.097,2.04,4468505.36
2020-03-05,2.121,2.121,2.131,2.09,5371268.38
2020-03-06,2.09,2.111,2.14,2.087,2909523.37
2020-03-09,2.068,2.013,2.09,2.011,4246042.27
2020-03-10,2.016,2.063,2.068,1.974,6367021.81
2020-03-11,2.07,2.024,2.078,2.017,4429572.57
2020-03-12,1.996,1.971,1.998,1.948,4160469.97
2020-03-13,1.895,1.952,1.978,1.85,8280711.6
2020-03-16,1.953,1.832,1.96,1.83,6293170.92
2020-03-17,1.863,1.842,1.886,1.776,8537146.59
2020-03-18,1.86,1.818,1.907,1.816,8089587.52
2020-03-19,1.833,1.825,1.839,1.768,11112668.97
2020-03-20,1.847,1.847,1.854,1.805,7362101.52
2020-03-23,1.79,1.761,1.816,1.75,7333946.67
2020-03-24,1.797,1.806,1.81,1.748,7895145.66
2020-03-25,1.845,1.86,1.867,1.833,8801154.55
2020-03-26,1.845,1.853,1.874,1.841,4843136.9
2020-03-27,1.878,1.83,1.882,1.828,6472183.43
2020-03-30,1.807,1.791,1.808,1.762,6321041.93
2020-03-31,1.805,1.795,1.813,1.79,4279999.91
2020-04-01,1.798,1.792,1.829,1.79,3974344.54
2020-04-02,1.786,1.844,1.845,1.784,6213601.79
2020-04-03,1.834,1.834,1.854,1.825,4144941.34
2020-04-07,1.871,1.894,1.898,1.866,6965575.16
2020-04-08,1.886,1.89,1.901,1.879,2979423.82
2020-04-09,1.905,1.921,1.925,1.896,4690481.31
2020-04-10,1.921,1.877,1.921,1.868,3888826.65
2020-04-13,1.872,1.853,1.872,1.84,3488666.54
2020-04-14,1.862,1.909,1.91,1.856,4850910.18
2020-04-15,1.911,1.899,1.927,1.899,3916732.75
2020-04-16,1.893,1.932,1.938,1.891,3436599.22
2020-04-17,1.948,1.943,1.969,1.936,4235498.48
2020-04-20,1.945,1.969,1.969,1.94,2338525.79
2020-04-21,1.96,1.949,1.96,1.92,3205774.3
2020-04-22,1.932,1.967,1.967,1.927,3221094.43
2020-04-23,1.97,1.951,1.978,1.947,3127958.92
2020-04-24,1.951,1.93,1.959,1.921,2489550.34
2020-04-27,1.938,1.939,1.957,1.919,3320566.12
2020-04-28,1.947,1.951,1.969,1.89,4469275.07
2020-04-29,1.943,1.952,1.973,1.94,3560956.91
2020-04-30,1.964,1.993,1.999,1.96,4117361.29
2020-05-06,1.98,2.029,2.032,1.974,3677675.79
2020-05-07,2.03,2.025,2.035,2.014,2659351.24
2020-05-08,2.035,2.042,2.058,2.033,3043403.96
2020-05-11,2.054,2.024,2.057,2.01,3723829.58
2020-05-12,2.021,2.043,2.045,2.012,2733097.9
2020-05-13,2.033,2.058,2.063,2.033,2285286.63
2020-05-14,2.047,2.036,2.058,2.035,2417093.94
2020-05-15,2.047,2.042,2.056,2.03,2280858.62
2020-05-18,2.045,2.039,2.057,2.015,2553643.2
2020-05-19,2.052,2.061,2.061,2.046,3727487.56
2020-05-20,2.061,2.041,2.074,2.033,3154278.55
2020-05-21,2.045,2.02,2.058,2.015,2862828.52
2020-05-22,2.015,1.972,2.018,1.96,4220287.59
2020-05-25,1.968,1.975,1.977,1.958,2559964.72
2020-05-26,1.989,2.038,2.038,1.986,3457737.26
2020-05-27,2.034,1.997,2.035,1.986,4287969.8
2020-05-28,1.99,1.982,1.999,1.948,4464550.83
2020-05-29,1.969,2.006,2.012,1.967,3657813.78
2020-06-01,2.024,2.082,2.087,2.02,4017528.17
2020-06-02,2.083,2.067,2.085,2.054,3026346.27
2020-06-03,2.075,2.06,2.085,2.059,2498871.04
2020-06-04,2.067,2.073,2.077,2.057,2573691.06
2020-06-05,2.069,2.087,2.087,2.062,2198269.38
2020-06-08,2.101,2.073,2.111,2.07,2396401.16
2020-06-09,2.076,2.102,2.106,2.068,2560762.77
2020-06-10,2.102,2.122,2.124,2.099,2992622.24
2020-06-11,2.123,2.119,2.161,2.103,3245740.34
2020-06-12,2.08,2.141,2.147,2.078,3958806.25
2020-06-15,2.143,2.141,2.181,2.14,3509464.06
2020-06-16,2.169,2.183,2.188,2.161,3814328.28
2020-06-17,2.184,2.188,2.198,2.171,2882259.4
2020-06-18,2.187,2.194,2.196,2.17,3618832.62
2020-06-19,2.196,2.238,2.253,2.191,3392705.29
2020-06-22,2.246,2.263,2.282,2.245,3435733.58
2020-06-23,2.26,2.307,2.307,2.255,2697375.2
2020-06-24,2.318,2.307,2.318,2.29,2801177.66
2020-06-29,2.292,2.295,2.307,2.28,2573967.05
2020-06-30,2.304,2.359,2.363,2.304,2758787.35
2020-07-01,2.363,2.342,2.37,2.303,4312635.76
2020-07-02,2.337,2.35,2.355,2.314,3631421.79
2020-07-03,2.349,2.38,2.39,2.325,3924942.9
2020-07-06,2.384,2.45,2.459,2.375,5373575.58
2020-07-07,2.459,2.503,2.561,2.45,4396991.88
2020-07-08,2.515,2.574,2.58,2.489,3464337.13
2020-07-09,2.576,2.674,2.681,2.56,4989135.39
2020-07-10,2.66,2.685,2.706,2.64,4771821.45
2020-07-13,2.693,2.802,2.81,2.693,5342793.86
2020-07-14,2.798,2.767,2.798,2.695,7260612.13
2020-07-15,2.766,2.722,2.797,2.688,7817438.79
2020-07-16,2.718,2.558,2.755,2.538,12691818.7
2020-07-17,2.558,2.583,2.635,2.529,9000056.6
2020-07-20,2.62,2.611,2.629,2.528,6860347.21
2020-07-21,2.62,2.643,2.653,2.596,6598153.85
2020-07-22,2.628,2.678,2.713,2.621,6189281.25
2020-07-23,2.657,2.706,2.706,2.613,4962724.09
2020-07-24,2.68,2.537,2.695,2.525,8178397.61
2020-07-27,2.544,2.54,2.577,2.513,4235953.28
2020-07-28,2.576,2.573,2.587,2.539,4378313.25
2020-07-29,2.564,2.68,2.685,2.561,4852175.2
2020-07-30,2.68,2.652,2.692,2.641,4295841.12
2020-07-31,2.658,2.708,2.724,2.646,4689587.26
2020-08-03,2.734,2.774,2.774,2.704,4057963.92
2020-08-04,2.772,2.738,2.794,2.721,4411025.61
2020-08-05,2.74,2.763,2.779,2.707,3249324.5
2020-08-06,2.767,2.719,2.77,2.682,4318767.21
2020-08-07,2.701,2.657,2.726,2.61,4497970.8
2020-08-10,2.641,2.641,2.666,2.603,3011592.64
2020-08-11,2.643,2.6,2.68,2.59,3989014.26
2020-08-12,2.596,2.548,2.604,2.492,7018783.13
2020-08-13,2.56,2.535,2.566,2.521,3378843.46
2020-08-14,2.533,2.579,2.58,2.528,4848201.97
2020-08-17,2.591,2.607,2.608,2.56,5706203.35
2020-08-18,2.608,2.605,2.631,2.595,3326428.45
2020-08-19,2.604,2.524,2.61,2.521,3363202.65
2020-08-20,2.503,2.503,2.541,2.272,3311966.58
2020-08-21,2.519,2.546,2.554,2.518,3349567.58
2020-08-24,2.563,2.597,2.612,2.503,4449749.92
2020-08-25,2.591,2.611,2.65,2.589,4042884.09
2020-08-26,2.608,2.551,2.627,2.546,4372084.19
2020-08-27,2.561,2.602,2.609,2.547,3773585.07
2020-08-28,2.59,2.666,2.67,2.586,4008135.83
2020-08-31,2.676,2.637,2.687,2.633,3485857.35
2020-09-01,2.628,2.658,2.659,2.611,2594639.68
2020-09-02,2.657,2.676,2.692,2.634,3319581.77
2020-09-03,2.667,2.653,2.696,2.642,3431357.9
2020-09-04,2.609,2.638,2.649,2.596,3137602.12
2020-09-07,2.628,2.549,2.65,2.541,4232588.79
2020-09-08,2.554,2.564,2.574,2.524,3396924.12
2020-09-09,2.533,2.44,2.533,2.421,5228647.82
2020-09-10,2.462,2.403,2.478,2.39,3648363.22
2020-09-11,2.391,2.449,2.457,2.39,2920432.63
2020-09-14,2.476,2.484,2.515,2.461,3263080.13
2020-09-15,2.484,2.504,2.51,2.473,2271611.13
2020-09-16,2.506,2.47,2.507,2.454,1716908.99
2020-09-17,2.46,2.467,2.495,2.437,2384302.45
2020-09-18,2.468,2.513,2.514,2.45,3034121.53
2020-09-21,2.516,2.48,2.517,2.479,2248765.39
2020-09-22,2.47,2.469,2.508,2.462,2283204.62
2020-09-23,2.472,2.508,2.52,2.459,2227099.39
2020-09-24,2.49,2.454,2.496,2.451,2265187.98
2020-09-25,2.46,2.457,2.482,2.444,2007066.76
2020-09-28,2.465,2.434,2.467,2.432,1656324.3
2020-09-29,2.453,2.479,2.49,2.436,2086200.5
2020-09-30,2.478,2.489,2.513,2.472,2195074.09
2020-10-09,2.539,2.581,2.586,2.534,2442025.37
2020-10-12,2.606,2.683,2.683,2.601,3648370.13
2020-10-13,2.679,2.688,2.697,2.66,2498941.68
2020-10-14,2.682,2.668,2.696,2.664,2018388.45
2020-10-15,2.668,2.65,2.675,2.642,2174799.54
2020-10-16,2.641,2.634,2.658,2.602,2027924.36
2020-10-19,2.648,2.6,2.656,2.593,2241531.13
2020-10-20,2.594,2.645,2.646,2.594,2496863.22
2020-10-21,2.647,2.612,2.65,2.597,2454994.09
2020-10-22,2.594,2.582,2.599,2.556,2805170.91
2020-10-23,2.579,2.516,2.609,2.504,4119058.7
2020-10-26,2.5,2.533,2.539,2.468,3124658.13
2020-10-27,2.52,2.56,2.563,2.52,2534416.54
2020-10-28,2.552,2.577,2.591,2.536,2699069.58
2020-10-29,2.548,2.607,2.619,2.542,2774295.38
2020-10-30,2.607,2.563,2.618,2.553,2528421.41
2020-11-02,2.57,2.617,2.628,2.57,2891309.1
2020-11-03,2.622,2.649,2.657,2.605,2027612.73
2020-11-04,2.644,2.658,2.661,2.629,2190372.62
2020-11-05,2.682,2.69,2.695,2.651,2606058.15
2020-11-06,2.693,2.637,2.697,2.618,3040823.39
2020-11-09,2.653,2.719,2.736,2.653,3721034.58
2020-11-10,2.717,2.674,2.717,2.619,3859826.19
2020-11-11,2.664,2.595,2.671,2.592,3272013.79
2020-11-12,2.602,2.607,2.628,2.595,2076144.41
2020-11-13,2.591,2.619,2.628,2.59,2410436.1
2020-11-16,2.626,2.62,2.627,2.583,2284801.13
2020-11-17,2.614,2.572,2.622,2.538,3982737.0
2020-11-18,2.57,2.534,2.59,2.523,4662335.93
2020-11-19,2.527,2.556,2.56,2.506,3473700.14
2020-11-20,2.553,2.576,2.584,2.552,3061704.8
2020-11-23,2.579,2.593,2.612,2.557,3202965.69
2020-11-24,2.591,2.582,2.604,2.571,1771235.1
2020-11-25,2.583,2.528,2.585,2.526,2911160.96
2020-11-26,2.529,2.522,2.542,2.498,3260729.19
2020-11-27,2.519,2.532,2.546,2.504,2835378.02
2020-11-30,2.532,2.541,2.563,2.506,3632231.75
2020-12-01,2.535,2.602,2.608,2.53,4450098.2
2020-12-02,2.602,2.593,2.607,2.572,2538750.72
2020-12-03,2.583,2.619,2.628,2.577,3070060.64
2020-12-04,2.608,2.637,2.64,2.604,2189828.32
2020-12-07,2.625,2.628,2.643,2.62,1982818.73
2020-12-08,2.633,2.646,2.659,2.633,2114234.99
2020-12-09,2.65,2.598,2.665,2.596,2944264.85
2020-12-10,2.587,2.627,2.642,2.582,1979314.97
2020-12-11,2.629,2.601,2.637,2.575,2226660.43
2020-12-14,2.6,2.641,2.641,2.585,1959530.47
2020-12-15,2.633,2.667,2.668,2.629,2206104.48
2020-12-16,2.666,2.667,2.677,2.638,1505524.79
2020-12-17,2.659,2.694,2.695,2.646,1850876.94
2020-12-18,2.699,2.688,2.706,2.672,2577183.66
2020-12-21,2.687,2.778,2.781,2.686,4241577.41
2020-12-22,2.767,2.718,2.792,2.716,2725385.32
2020-12-23,2.721,2.745,2.768,2.717,3288484.65
2020-12-24,2.741,2.726,2.753,2.718,3884455.64
2020-12-25,2.715,2.749,2.749,2.695,5213009.67
2020-12-28,2.748,2.745,2.764,2.724,1910388.14
2020-12-29,2.733,2.717,2.747,2.702,1553207.02
2020-12-30,2.72,2.799,2.807,2.72,2639807.89
2020-12-31,2.809,2.866,2.869,2.805,3106915.82
2021-01-04,2.864,2.976,2.99,2.861,2472764.0
2021-01-05,2.94,2.988,2.997,2.925,2470004.19
2021-01-06,3.0,3.003,3.03,2.953,2290438.24
2021-01-07,2.996,3.056,3.056,2.978,2029989.63
2021-01-08,3.065,3.036,3.086,3.011,1867430.72
2021-01-11,3.052,2.989,3.054,2.962,2068084.82
2021-01-12,2.98,3.076,3.076,2.954,1857680.51
2021-01-13,3.071,3.025,3.094,2.997,2141047.31
2021-01-14,3.01,2.987,3.036,2.959,2353511.68
2021-01-15,2.98,2.99,3.004,2.919,2712677.51
2021-01-18,2.969,3.046,3.058,2.949,2312313.12
2021-01-19,3.034,2.976,3.046,2.966,2181227.64
2021-01-20,2.992,3.096,3.098,2.987,2986080.97
2021-01-21,3.103,3.176,3.19,3.101,2207907.8
2021-01-22,3.17,3.241,3.252,3.165,2561055.98
2021-01-25,3.242,3.242,3.307,3.215,2136784.21
2021-01-26,3.222,3.152,3.228,3.14,3330042.45
2021-01-27,3.151,3.166,3.184,3.085,2279216.79
2021-01-28,3.111,3.057,3.139,3.053,2763172.25
2021-01-29,3.089,3.029,3.108,2.966,3193131.92
2021-02-01,3.024,3.056,3.08,3.001,2008111.05
2021-02-02,3.062,3.118,3.12,3.023,2701434.32
2021-02-03,3.128,3.106,3.16,3.105,2202237.47
2021-02-04,3.09,3.098,3.134,3.048,2097696.85
2021-02-05,3.102,3.084,3.144,3.08,1967701.64
2021-02-09,3.171,3.222,3.223,3.163,2343911.94
2021-02-10,3.23,3.293,3.309,3.195,2423153.53
2021-02-18,3.353,3.202,3.359,3.186,3195998.74
2021-02-19,3.191,3.17,3.192,3.086,3747736.23
2021-02-22,3.156,3.032,3.159,3.03,3897255.13
2021-02-23,3.0,3.009,3.046,2.988,3111370.26
2021-02-24,3.01,2.904,3.016,2.87,7980683.01
2021-02-25,2.929,2.878,2.934,2.866,4918260.27
2021-02-26,2.854,2.814,2.858,2.79,5850850.62
2021-03-01,2.85,2.894,2.895,2.831,4940004.18
2021-03-02,2.908,2.859,2.915,2.834,3887160.6
2021-03-03,2.848,2.9,2.9,2.833,2831522.29
2021-03-04,2.863,2.751,2.863,2.743,7501829.06
2021-03-05,2.706,2.772,2.795,2.705,5270807.48
2021-03-08,2.783,2.633,2.803,2.631,8054625.09
2021-03-09,2.618,2.547,2.64,2.52,8107632.56
2021-03-10,2.607,2.586,2.622,2.572,6051196.02
2021-03-11,2.585,2.65,2.67,2.581,5149148.93
2021-03-12,2.666,2.658,2.673,2.616,3482583.05
2021-03-15,2.64,2.555,2.64,2.523,5028761.43
2021-03-16,2.562,2.579,2.583,2.539,3414108.92
2021-03-17,2.56,2.607,2.622,2.54,3636283.44
2021-03-18,2.619,2.65,2.661,2.614,3539700.72
2021-03-19,2.608,2.579,2.632,2.562,2947308.88
2021-03-22,2.583,2.607,2.632,2.573,2926073.23
2021-03-23,2.595,2.579,2.614,2.551,2756059.17
2021-03-24,2.558,2.543,2.586,2.533,3386892.01
2021-03-25,2.522,2.567,2.578,2.515,3315595.15
2021-03-26,2.576,2.65,2.658,2.576,5451831.68
2021-03-29,2.644,2.637,2.669,2.621,3227203.4
2021-03-30,2.627,2.673,2.682,2.625,2582933.22
2021-03-31,2.662,2.665,2.68,2.637,1914494.12
2021-04-01,2.665,2.718,2.72,2.665,2742148.92
2021-04-02,2.725,2.756,2.769,2.718,2968992.59
2021-04-06,2.762,2.73,2.769,2.711,2331452.07
2021-04-07,2.74,2.707,2.744,2.678,2151116.15
2021-04-08,2.694,2.728,2.74,2.682,1803054.29
2021-04-09,2.722,2.69,2.729,2.677,1958353.2
2021-04-12,2.683,2.627,2.715,2.618,2789497.4
2021-04-13,2.618,2.649,2.688,2.618,2954009.04
2021-04-14,2.654,2.707,2.71,2.652,2289912.23
2021-04-15,2.695,2.698,2.698,2.663,2412530.81
2021-04-16,2.707,2.688,2.709,2.65,2438103.32
2021-04-19,2.681,2.798,2.799,2.672,3754709.58
2021-04-20,2.788,2.791,2.82,2.77,2918738.55
2021-04-21,2.767,2.814,2.818,2.767,2022147.31
2021-04-22,2.831,2.837,2.847,2.799,2621638.25
2021-04-23,2.824,2.891,2.905,2.824,3037407.6
2021-04-26,2.91,2.863,2.954,2.861,4035399.08
2021-04-27,2.857,2.884,2.889,2.846,2171817.37
2021-04-28,2.884,2.949,2.95,2.877,2653663.59
2021-04-29,2.946,2.952,2.964,2.91,1928392.87
2021-04-30,2.941,2.989,3.004,2.932,2523476.49
2021-05-06,2.963,2.904,2.963,2.862,2544893.91
2021-05-07,2.91,2.819,2.925,2.816,3130357.44
2021-05-10,2.82,2.827,2.863,2.805,2472832.47
2021-05-11,2.796,2.823,2.837,2.769,2832003.01
2021-05-12,2.813,2.865,2.868,2.788,2184432.26
2021-05-13,2.836,2.845,2.871,2.814,2053186.41
2021-05-14,2.857,2.937,2.938,2.846,2676585.98
2021-05-17,2.945,3.007,3.024,2.945,3406089.83
2021-05-18,3.0,2.988,3.023,2.964,1898546.5
2021-05-19,2.965,3.012,3.023,2.965,1891321.21
2021-05-20,3.003,3.043,3.054,3.003,1614467.57
2021-05-21,3.055,3.012,3.065,2.992,1829129.0
2021-05-24,3.01,3.036,3.04,2.972,1940881.31
2021-05-25,3.042,3.119,3.129,3.042,2742750.55
2021-05-26,3.12,3.095,3.12,3.08,2178904.51
2021-05-27,3.086,3.118,3.135,3.066,1567565.38
2021-05-28,3.117,3.121,3.175,3.099,2271366.53
2021-05-31,3.13,3.195,3.2,3.13,1813960.86
2021-06-01,3.18,3.188,3.2,3.136,1707586.28
2021-06-02,3.2,3.133,3.202,3.12,1870093.62
2021-06-03,3.129,3.099,3.149,3.094,1695496.26
2021-06-04,3.077,3.141,3.177,3.077,2049341.54
2021-06-07,3.136,3.122,3.136,3.092,1541036.64
2021-06-08,3.118,3.105,3.17,3.082,2030913.89
2021-06-09,3.096,3.1,3.12,3.079,1404822.48
2021-06-10,3.107,3.179,3.192,3.107,2250944.95
2021-06-11,3.196,3.195,3.212,3.159,1843166.46
2021-06-15,3.191,3.155,3.199,3.139,1940395.78
2021-06-16,3.145,3.024,3.153,3.021,2999583.12
2021-06-17,3.023,3.088,3.094,3.023,2576794.18
2021-06-18,3.096,3.137,3.16,3.095,2152121.47
2021-06-21,3.127,3.166,3.185,3.1,1992203.38
2021-06-22,3.17,3.174,3.19,3.119,1753812.42
2021-06-23,3.179,3.217,3.234,3.164,2093712.21
2021-06-24,3.212,3.174,3.218,3.16,1425198.6
2021-06-25,3.18,3.243,3.254,3.18,2422357.88
2021-06-28,3.238,3.305,3.313,3.236,2164854.01
2021-06-29,3.329,3.297,3.336,3.282,1745426.04
2021-06-30,3.302,3.373,3.373,3.277,1829712.53
2021-07-01,3.381,3.34,3.388,3.32,2835939.81
2021-07-02,3.332,3.227,3.332,3.224,2120858.86
2021-07-05,3.223,3.25,3.282,3.215,2258864.2
2021-07-06,3.242,3.196,3.266,3.142,2866688.59
2021-07-07,3.172,3.305,3.313,3.157,2853291.14
2021-07-08,3.317,3.322,3.36,3.305,1715823.03
2021-07-09,3.3,3.303,3.323,3.23,2029695.57
2021-07-12,3.339,3.427,3.445,3.315,1880155.97
2021-07-13,3.415,3.411,3.452,3.372,1926483.36
2021-07-14,3.402,3.382,3.432,3.357,1661007.07
2021-07-15,3.359,3.429,3.429,3.345,2013288.85
2021-07-16,3.41,3.328,3.412,3.322,1924837.07
2021-07-19,3.326,3.35,3.373,3.311,1393120.64
2021-07-20,3.318,3.356,3.379,3.311,1738555.26
2021-07-21,3.364,3.455,3.46,3.362,2373590.42
2021-07-22,3.455,3.438,3.463,3.404,1635810.8
2021-07-23,3.434,3.367,3.434,3.356,1795824.87
2021-07-26,3.34,3.27,3.36,3.193,2829719.0
2021-07-27,3.259,3.14,3.318,3.135,3349821.9
2021-07-28,3.11,3.183,3.201,3.063,3368791.33
2021-07-29,3.26,3.358,3.359,3.23,2961779.71
2021-07-30,3.34,3.328,3.371,3.292,2059150.0
2021-08-02,3.328,3.393,3.396,3.29,2784736.0
2021-08-03,3.39,3.363,3.408,3.34,1647228.43
2021-08-04,3.356,3.446,3.451,3.34,1694797.82
2021-08-05,3.44,3.419,3.457,3.398,1509103.38
2021-08-06,3.435,3.386,3.436,3.362,1841367.84
2021-08-09,3.351,3.348,3.36,3.304,3469036.62
2021-08-10,3.34,3.366,3.366,3.315,1715805.89
2021-08-11,3.355,3.326,3.363,3.314,1415731.77
2021-08-12,3.32,3.28,3.33,3.276,1498936.99
2021-08-13,3.26,3.249,3.329,3.228,1661711.36
2021-08-16,3.225,3.206,3.244,3.187,1800979.88
2021-08-17,3.204,3.126,3.223,3.115,2731118.0
2021-08-18,3.134,3.16,3.171,3.123,2231740.45
2021-08-19,3.148,3.177,3.202,3.134,2352249.0
2021-08-20,3.155,3.1,3.167,3.067,2924676.62
2021-08-23,3.105,3.195,3.196,3.102,2466912.28
2021-08-24,3.195,3.225,3.247,3.169,2074945.0
2021-08-25,3.225,3.241,3.244,3.193,1339651.0
2021-08-26,3.247,3.164,3.261,3.161,1566747.48
2021-08-27,3.16,3.158,3.197,3.141,1437735.35
2021-08-30,3.17,3.164,3.214,3.147,1688551.75
2021-08-31,3.163,3.106,3.168,3.086,1951141.52
2021-09-01,3.11,3.094,3.124,3.035,2095449.01
2021-09-02,3.08,3.046,3.097,3.039,1947998.38
2021-09-03,3.046,3.01,3.071,2.996,2287971.79
2021-09-06,3.012,3.129,3.13,2.993,2886873.23
2021-09-07,3.113,3.147,3.159,3.107,2007851.62
2021-09-08,3.152,3.123,3.18,3.115,1339784.08
2021-09-09,3.116,3.126,3.145,3.076,1662833.0
2021-09-10,3.113,3.135,3.145,3.089,1385051.54
2021-09-13,3.127,3.095,3.156,3.085,1547266.81
2021-09-14,3.094,3.14,3.174,3.085,1959532.76
2021-09-15,3.122,3.105,3.133,3.088,1499151.64
2021-09-16,3.103,3.035,3.103,3.032,1553755.65
2021-09-17,3.027,3.097,3.101,3.026,1358986.58
2021-09-22,3.057,3.068,3.1,3.051,1299378.67
2021-09-23,3.087,3.086,3.111,3.059,1288925.0
2021-09-24,3.077,3.109,3.147,3.071,2202958.93
2021-09-27,3.119,3.13,3.177,3.111,1722804.0
2021-09-28,3.118,3.114,3.17,3.102,1320809.49
2021-09-29,3.095,3.083,3.109,3.067,1286493.91
2021-09-30,3.088,3.148,3.155,3.084,1681963.2
2021-10-08,3.169,3.138,3.186,3.125,1465347.74
2021-10-11,3.147,3.096,3.156,3.092,1238806.21
2021-10-12,3.081,3.042,3.102,3.013,1911200.0
2021-10-13,3.04,3.109,3.11,3.04,1601971.74
2021-10-14,3.1,3.112,3.138,3.1,1412201.71
2021-10-15,3.11,3.176,3.18,3.088,1488620.0
2021-10-18,3.178,3.172,3.185,3.128,1363308.8
2021-10-19,3.18,3.191,3.208,3.168,1159874.12
2021-10-20,3.19,3.185,3.215,3.172,996128.66
2021-10-21,3.188,3.174,3.2,3.155,847815.2
2021-10-22,3.184,3.185,3.205,3.166,1274676.98
2021-10-25,3.182,3.236,3.237,3.182,1168057.56
2021-10-26,3.256,3.221,3.262,3.217,1109508.79
2021-10-27,3.221,3.205,3.221,3.182,852486.02
2021-10-28,3.196,3.178,3.232,3.163,1298800.04
2021-10-29,3.186,3.249,3.25,3.151,1622369.57
2021-11-01,3.245,3.224,3.268,3.201,1219757.51
2021-11-02,3.227,3.228,3.266,3.205,1301082.38
2021-11-03,3.213,3.222,3.26,3.198,1190391.78
2021-11-04,3.233,3.26,3.275,3.233,1151153.18
2021-11-05,3.243,3.248,3.276,3.243,986306.86
2021-11-08,3.24,3.278,3.287,3.234,1064488.68
2021-11-09,3.278,3.3,3.302,3.269,977717.0
2021-11-10,3.287,3.296,3.3,3.236,1444681.43
2021-11-11,3.284,3.324,3.333,3.279,928950.09
2021-11-12,3.318,3.324,3.335,3.3,910839.67
2021-11-15,3.324,3.295,3.329,3.284,1094791.13
2021-11-16,3.292,3.282,3.315,3.28,991752.52
2021-11-17,3.284,3.317,3.319,3.284,877419.77
2021-11-18,3.305,3.274,3.308,3.268,1353349.85
2021-11-19,3.273,3.313,3.315,3.271,1198829.02
2021-11-22,3.322,3.393,3.395,3.314,1383692.44
2021-11-23,3.392,3.38,3.402,3.371,874428.86
2021-11-24,3.381,3.362,3.392,3.357,905309.53
2021-11-25,3.366,3.368,3.386,3.353,1120023.48
2021-11-26,3.367,3.364,3.39,3.35,643307.53
2021-11-29,3.345,3.389,3.411,3.338,1478543.08
2021-11-30,3.395,3.386,3.408,3.364,1315321.05
2021-12-01,3.377,3.365,3.389,3.352,785130.12
2021-12-02,3.354,3.355,3.375,3.346,715812.05
2021-12-03,3.355,3.37,3.372,3.34,918558.0
2021-12-06,3.354,3.294,3.368,3.293,1355422.0
2021-12-07,3.314,3.266,3.317,3.235,1328362.01
2021-12-08,3.266,3.314,3.32,3.266,1139795.09
2021-12-09,3.304,3.353,3.353,3.29,1298926.31
2021-12-10,3.335,3.37,3.377,3.324,795566.6
2021-12-13,3.362,3.389,3.4,3.347,1037873.69
2021-12-14,3.37,3.384,3.396,3.37,776587.39
2021-12-15,3.382,3.355,3.411,3.355,803330.29
2021-12-16,3.361,3.378,3.384,3.357,744558.76
2021-12-17,3.376,3.328,3.376,3.32,917411.72
2021-12-20,3.322,3.225,3.328,3.218,1810234.73
2021-12-21,3.227,3.247,3.25,3.204,1604192.13
2021-12-22,3.249,3.26,3.273,3.248,955848.71
2021-12-23,3.269,3.269,3.282,3.252,744302.54
2021-12-24,3.268,3.196,3.275,3.181,1182511.7
2021-12-27,3.183,3.19,3.212,3.173,1026214.85
2021-12-28,3.193,3.226,3.229,3.178,1425478.29
2021-12-29,3.216,3.182,3.218,3.176,1414971.66
2021-12-30,3.18,3.219,3.233,3.176,1940253.82
2021-12-31,3.231,3.218,3.247,3.207,1135672.19
2022-01-04,3.236,3.154,3.242,3.14,1329407.78
2022-01-05,3.151,3.064,3.151,3.049,3326676.0
2022-01-06,3.043,3.034,3.054,2.999,3940021.93
2022-01-07,3.035,3.003,3.046,2.998,2532898.43
2022-01-10,3.0,2.998,3.018,2.958,2563939.52
2022-01-11,2.998,2.96,3.008,2.956,2460580.37
2022-01-12,2.984,3.035,3.039,2.984,3398321.67
2022-01-13,3.042,2.99,3.043,2.988,2161756.6
2022-01-14,2.975,3.015,3.027,2.967,2101345.15
2022-01-17,3.0,3.068,3.075,3.0,1880369.45
2022-01-18,3.057,3.047,3.075,3.038,1633492.59
2022-01-19,3.036,2.985,3.047,2.958,3143885.68
2022-01-20,2.973,2.975,3.002,2.962,1806635.93
2022-01-21,2.957,2.941,2.973,2.927,2693106.59
2022-01-24,2.929,2.962,2.972,2.924,2375721.97
2022-01-25,2.94,2.881,2.961,2.881,2869779.0
2022-01-26,2.893,2.906,2.914,2.86,2292045.61
2022-01-27,2.889,2.815,2.904,2.813,4025788.0
2022-01-28,2.848,2.819,2.869,2.794,3053073.91
2022-02-07,2.87,2.83,2.891,2.815,2575697.8
2022-02-08,2.826,2.758,2.826,2.697,4540174.88
2022-02-09,2.749,2.791,2.797,2.729,2759428.49
2022-02-10,2.794,2.74,2.8,2.711,3709243.9
2022-02-11,2.715,2.66,2.725,2.655,4349599.16
2022-02-14,2.648,2.646,2.687,2.626,3943463.35
2022-02-15,2.653,2.726,2.728,2.653,4685596.3
2022-02-16,2.733,2.725,2.75,2.718,3140857.32
2022-02-17,2.716,2.744,2.768,2.705,3360069.86
2022-02-18,2.727,2.739,2.74,2.713,2491155.0
2022-02-21,2.739,2.713,2.747,2.706,2448618.57
2022-02-22,2.689,2.678,2.692,2.656,3733093.53
2022-02-23,2.683,2.754,2.754,2.68,3632139.58
2022-02-24,2.721,2.693,2.759,2.662,4697380.49
2022-02-25,2.732,2.763,2.79,2.732,4171521.0
2022-02-28,2.763,2.786,2.787,2.741,2973351.0
2022-03-01,2.8,2.795,2.814,2.772,2971589.89
2022-03-02,2.777,2.741,2.777,2.721,3239069.6
2022-03-03,2.76,2.704,2.761,2.701,3557835.0
2022-03-04,2.681,2.662,2.71,2.652,4215687.53
2022-03-07,2.641,2.543,2.642,2.535,6574310.81
2022-03-08,2.54,2.507,2.568,2.486,8234742.61
2022-03-09,2.515,2.483,2.526,2.388,10003296.8
2022-03-10,2.552,2.547,2.578,2.525,9371421.8
2022-03-11,2.502,2.583,2.585,2.484,5741454.49
2022-03-14,2.547,2.49,2.564,2.489,5004128.98
2022-03-15,2.455,2.421,2.54,2.421,7203711.01
2022-03-16,2.46,2.552,2.557,2.4,11182561.5
2022-03-17,2.595,2.624,2.674,2.59,9819180.41
2022-03-18,2.61,2.635,2.642,2.582,4074621.14
2022-03-21,2.639,2.636,2.666,2.614,4590040.12
2022-03-22,2.623,2.602,2.626,2.589,3043426.3
2022-03-23,2.619,2.629,2.639,2.597,3441751.55
2022-03-24,2.605,2.62,2.638,2.571,4342960.27
2022-03-25,2.612,2.565,2.627,2.559,5088553.61
2022-03-28,2.54,2.512,2.545,2.494,5459154.42
2022-03-29,2.517,2.511,2.548,2.499,4138831.98
2022-03-30,2.527,2.61,2.61,2.524,5443448.27
2022-03-31,2.595,2.574,2.6,2.563,3904354.0
2022-04-01,2.55,2.58,2.599,2.548,4210101.94
2022-04-06,2.566,2.55,2.577,2.533,3535042.68
2022-04-07,2.535,2.496,2.547,2.495,4428186.32
2022-04-08,2.496,2.491,2.525,2.467,3466389.7
2022-04-11,2.46,2.386,2.465,2.378,6050103.21
2022-04-12,2.386,2.44,2.442,2.381,4713927.86
2022-04-13,2.418,2.394,2.433,2.391,4781737.06
2022-04-14,2.42,2.389,2.43,2.365,7573057.12
2022-04-15,2.36,2.385,2.406,2.339,5226940.74
2022-04-18,2.361,2.412,2.413,2.335,5381764.38
2022-04-19,2.398,2.377,2.43,2.368,4388862.35
2022-04-20,2.376,2.288,2.376,2.284,8180802.24
2022-04-21,2.27,2.24,2.304,2.227,6554451.94
2022-04-22,2.221,2.225,2.252,2.207,5942085.81
2022-04-25,2.177,2.103,2.192,2.103,10441595.0
2022-04-26,2.103,2.086,2.15,2.083,10201516.8
2022-04-27,2.066,2.2,2.2,2.057,13651751.27
2022-04-28,2.172,2.158,2.194,2.138,7788323.22
2022-04-29,2.166,2.244,2.25,2.152,8381799.27
2022-05-05,2.2,2.212,2.244,2.174,7654923.97
2022-05-06,2.16,2.177,2.203,2.148,7336270.28
2022-05-09,2.165,2.162,2.194,2.145,3274220.55
2022-05-10,2.136,2.204,2.217,2.121,6378780.72
2022-05-11,2.206,2.272,2.323,2.203,12844830.79
2022-05-12,2.256,2.277,2.295,2.251,6115130.15
2022-05-13,2.29,2.285,2.298,2.26,4332170.44
2022-05-16,2.295,2.257,2.319,2.256,4600003.7
2022-05-17,2.256,2.293,2.297,2.249,3402680.36
2022-05-18,2.291,2.29,2.31,2.277,2977279.59
2022-05-19,2.255,2.306,2.306,2.255,3944607.93
2022-05-20,2.317,2.347,2.352,2.31,3843674.82
2022-05-23,2.347,2.332,2.348,2.313,3007046.31
2022-05-24,2.331,2.246,2.331,2.246,5710831.02
2022-05-25,2.246,2.253,2.26,2.233,4450353.31
2022-05-26,2.254,2.249,2.271,2.212,4963802.06
2022-05-27,2.268,2.251,2.304,2.238,4631266.79
2022-05-30,2.262,2.276,2.289,2.252,3592693.34
2022-05-31,2.276,2.334,2.338,2.251,3969815.27
2022-06-01,2.333,2.354,2.366,2.321,4131102.72
2022-06-02,2.341,2.386,2.389,2.336,3273884.05
2022-06-06,2.38,2.477,2.483,2.379,4656796.66
2022-06-07,2.474,2.478,2.498,2.457,3160635.41
2022-06-08,2.477,2.494,2.498,2.433,3920410.28
2022-06-09,2.477,2.423,2.487,2.419,3320643.28
2022-06-10,2.408,2.48,2.481,2.404,3144430.0
2022-06-13,2.458,2.469,2.488,2.448,2799829.47
2022-06-14,2.443,2.475,2.48,2.388,4204231.93
2022-06-15,2.476,2.497,2.554,2.473,5041002.0
2022-06-16,2.498,2.507,2.539,2.494,3656097.38
2022-06-17,2.482,2.584,2.588,2.482,4633464.92
2022-06-20,2.59,2.626,2.661,2.588,4342663.5
2022-06-21,2.626,2.615,2.643,2.586,3433377.48
2022-06-22,2.614,2.596,2.642,2.595,3377905.27
2022-06-23,2.601,2.68,2.68,2.594,3333110.72
2022-06-24,2.697,2.738,2.74,2.678,3443232.64
2022-06-27,2.751,2.741,2.78,2.735,3511707.51
2022-06-28,2.739,2.754,2.767,2.69,3019685.82
2022-06-29,2.734,2.683,2.76,2.68,4188196.44
2022-06-30,2.689,2.73,2.751,2.689,3851202.2
2022-07-01,2.728,2.699,2.738,2.687,3733177.05
2022-07-04,2.682,2.75,2.75,2.663,4224542.1
2022-07-05,2.758,2.739,2.784,2.701,3190755.11
2022-07-06,2.734,2.725,2.773,2.694,3553012.7
2022-07-07,2.721,2.769,2.77,2.709,2977018.36
2022-07-08,2.779,2.731,2.803,2.727,3410261.17
2022-07-11,2.729,2.69,2.729,2.661,3312053.23
2022-07-12,2.682,2.622,2.692,2.618,3666847.92
2022-07-13,2.628,2.665,2.681,2.595,4034359.02
2022-07-14,2.653,2.735,2.758,2.649,4022018.0
2022-07-15,2.729,2.68,2.755,2.68,3179269.73
2022-07-18,2.685,2.717,2.732,2.657,2959546.0
2022-07-19,2.715,2.67,2.715,2.658,3179314.0
2022-07-20,2.682,2.68,2.706,2.674,2115302.0
2022-07-21,2.674,2.67,2.712,2.66,2400850.0
2022-07-22,2.694,2.651,2.706,2.635,2731006.19
2022-07-25,2.647,2.629,2.657,2.615,2688916.71
2022-07-26,2.628,2.634,2.65,2.603,2964000.18
2022-07-27,2.629,2.637,2.65,2.616,2480508.57
2022-07-28,2.653,2.629,2.669,2.624,2803312.87
2022-07-29,2.633,2.594,2.639,2.588,3248333.81
2022-08-01,2.58,2.657,2.657,2.562,2966449.73
2022-08-02,2.627,2.605,2.637,2.575,3618874.7
2022-08-03,2.613,2.553,2.637,2.545,2941596.28
2022-08-04,2.56,2.565,2.578,2.536,2737218.62
2022-08-05,2.566,2.606,2.61,2.561,2975010.62
2022-08-08,2.588,2.596,2.602,2.571,2255928.0
2022-08-09,2.596,2.614,2.62,2.58,1817196.0
2022-08-10,2.606,2.579,2.614,2.57,2017434.0
2022-08-11,2.59,2.647,2.647,2.572,2920715.0
2022-08-12,2.633,2.613,2.639,2.611,2392294.51
2022-08-15,2.606,2.638,2.654,2.606,2141853.08
2022-08-16,2.639,2.652,2.679,2.638,2113153.98
2022-08-17,2.653,2.695,2.702,2.639,2512153.47
2022-08-18,2.687,2.693,2.713,2.682,1946038.68
2022-08-19,2.693,2.653,2.698,2.652,1925440.5
2022-08-22,2.65,2.699,2.701,2.634,2411756.42
2022-08-23,2.69,2.697,2.719,2.683,2043619.15
2022-08-24,2.714,2.6,2.721,2.597,3869851.75
2022-08-25,2.604,2.59,2.615,2.558,2546453.16
2022-08-26,2.581,2.566,2.598,2.556,2272270.88
2022-08-29,2.541,2.553,2.564,2.525,2273973.0
2022-08-30,2.551,2.538,2.555,2.52,2213826.33
2022-08-31,2.525,2.491,2.537,2.474,3297222.17
2022-09-01,2.487,2.463,2.508,2.457,2949739.0
2022-09-02,2.466,2.461,2.48,2.443,3490205.1
2022-09-05,2.454,2.467,2.479,2.445,2996766.0
2022-09-06,2.466,2.468,2.47,2.42,4665268.47
2022-09-07,2.45,2.493,2.509,2.443,3859395.05
2022-09-08,2.494,2.448,2.496,2.445,3447968.53
2022-09-09,2.453,2.476,2.477,2.449,2696310.54
2022-09-13,2.485,2.475,2.494,2.46,2035525.6
2022-09-14,2.445,2.431,2.454,2.415,2706494.66
2022-09-15,2.431,2.349,2.438,2.336,4556434.05
2022-09-16,2.341,2.297,2.356,2.297,4833455.01
2022-09-19,2.292,2.285,2.318,2.27,3991607.04
2022-09-20,2.295,2.297,2.327,2.285,3602172.0
2022-09-21,2.284,2.265,2.289,2.256,5211842.89
2022-09-22,2.25,2.252,2.28,2.236,3672889.84
2022-09-23,2.245,2.239,2.268,2.209,5317416.68
2022-09-26,2.226,2.253,2.288,2.22,5280029.75
2022-09-27,2.258,2.306,2.306,2.258,4788444.29
2022-09-28,2.294,2.249,2.3,2.248,4647199.6
2022-09-29,2.269,2.267,2.288,2.251,4075693.26
2022-09-30,2.259,2.221,2.276,2.219,4371563.67
2022-10-10,2.219,2.166,2.232,2.166,4171627.07
2022-10-11,2.183,2.192,2.206,2.176,3940142.49
2022-10-12,2.191,2.274,2.275,2.169,7392729.78
2022-10-13,2.255,2.282,2.305,2.252,5962607.79
2022-10-14,2.315,2.365,2.38,2.297,6671159.77
2022-10-17,2.349,2.362,2.375,2.333,3898715.12
2022-10-18,2.38,2.373,2.397,2.355,4509611.67
2022-10-19,2.366,2.355,2.39,2.351,4024150.44
2022-10-20,2.34,2.337,2.375,2.296,6670186.98
2022-10-21,2.337,2.321,2.342,2.31,4429153.41
2022-10-24,2.323,2.266,2.348,2.253,7715407.69
2022-10-25,2.252,2.241,2.279,2.214,6661030.65
2022-10-26,2.251,2.302,2.329,2.251,6719578.5
2022-10-27,2.319,2.265,2.32,2.265,5303539.94
2022-10-28,2.247,2.187,2.259,2.179,7321985.5
2022-10-31,2.166,2.202,2.231,2.164,6828842.0
2022-11-01,2.208,2.275,2.275,2.186,7625569.02
2022-11-02,2.261,2.305,2.325,2.256,7214614.96
2022-11-03,2.283,2.309,2.316,2.283,6292291.71
2022-11-04,2.307,2.383,2.394,2.304,6868598.59
2022-11-07,2.372,2.379,2.4,2.36,5431514.68
2022-11-08,2.379,2.363,2.386,2.341,4922189.0
2022-11-09,2.356,2.326,2.362,2.326,5089810.25
2022-11-10,2.313,2.288,2.321,2.276,7389731.67
2022-11-11,2.4,2.33,2.4,2.33,10301880.96
2022-11-14,2.333,2.302,2.345,2.296,5736870.99
2022-11-15,2.297,2.361,2.362,2.287,6900639.41
2022-11-16,2.359,2.33,2.372,2.327,5663526.02
2022-11-17,2.322,2.316,2.322,2.281,6296815.85
2022-11-18,2.317,2.315,2.348,2.312,7439798.8
2022-11-21,2.298,2.319,2.32,2.291,3815405.53
2022-11-22,2.312,2.273,2.316,2.263,5982902.64
2022-11-23,2.269,2.269,2.288,2.233,5826873.05
2022-11-24,2.276,2.264,2.289,2.262,3179765.23
2022-11-25,2.261,2.242,2.261,2.238,3409458.98
2022-11-28,2.203,2.233,2.235,2.197,4870885.84
2022-11-29,2.233,2.268,2.28,2.228,6475878.55
2022-11-30,2.266,2.265,2.277,2.255,4449865.89
2022-12-01,2.312,2.311,2.332,2.308,6205197.05
2022-12-02,2.31,2.316,2.339,2.302,4384054.9
2022-12-05,2.327,2.313,2.334,2.298,7615324.95
2022-12-06,2.301,2.319,2.346,2.299,4939916.0
2022-12-07,2.311,2.343,2.359,2.308,7450582.14
2022-12-08,2.337,2.338,2.351,2.326,3043366.19
2022-12-09,2.337,2.348,2.353,2.323,3583371.53
2022-12-12,2.342,2.333,2.348,2.33,3881623.34
2022-12-13,2.334,2.305,2.336,2.303,3623504.29
2022-12-14,2.309,2.299,2.32,2.293,3335662.15
2022-12-15,2.299,2.326,2.33,2.295,4351061.95
2022-12-16,2.312,2.298,2.319,2.291,3966390.29
2022-12-19,2.304,2.274,2.317,2.267,4476904.42
2022-12-20,2.27,2.243,2.271,2.242,4084807.51
2022-12-21,2.244,2.24,2.253,2.225,3390578.32
2022-12-22,2.249,2.235,2.259,2.221,4067702.75
2022-12-23,2.216,2.222,2.236,2.207,4362469.0
2022-12-26,2.224,2.262,2.265,2.222,5714694.55
2022-12-27,2.268,2.293,2.295,2.256,5650560.44
2022-12-28,2.278,2.267,2.281,2.257,4269172.79
2022-12-29,2.255,2.277,2.295,2.252,4390877.69
2022-12-30,2.287,2.279,2.298,2.278,3802276.63
2023-01-03,2.267,2.289,2.293,2.246,4154350.34
2023-01-04,2.28,2.267,2.283,2.255,3642832.2
2023-01-05,2.276,2.33,2.334,2.274,6603988.98
2023-01-06,2.321,2.35,2.368,2.315,4965654.3
2023-01-09,2.361,2.365,2.382,2.356,3195072.71
2023-01-10,2.365,2.401,2.406,2.36,3763983.22
2023-01-11,2.401,2.374,2.409,2.369,2923227.28
2023-01-12,2.383,2.382,2.404,2.375,3475973.13
2023-01-13,2.397,2.417,2.417,2.388,3792201.61
2023-01-16,2.421,2.462,2.492,2.417,5158873.14
2023-01-17,2.465,2.47,2.483,2.46,2462065.14
2023-01-18,2.479,2.468,2.482,2.457,2641093.5
2023-01-19,2.465,2.496,2.498,2.454,3016618.04
2023-01-20,2.505,2.507,2.518,2.495,4008460.24
2023-01-30,2.577,2.533,2.579,2.532,5683976.82
2023-01-31,2.533,2.507,2.543,2.497,3745047.68
2023-02-01,2.516,2.537,2.538,2.495,4638570.96
2023-02-02,2.544,2.524,2.554,2.519,3119553.63
2023-02-03,2.515,2.5,2.527,2.475,4632209.84
2023-02-06,2.486,2.468,2.486,2.449,4240242.24
2023-02-07,2.474,2.461,2.482,2.445,3967825.26
2023-02-08,2.466,2.447,2.475,2.445,3929468.61
2023-02-09,2.444,2.493,2.496,2.44,4730293.58
2023-02-10,2.493,2.465,2.494,2.455,4264097.95
2023-02-13,2.463,2.495,2.502,2.463,4003011.31
2023-02-14,2.502,2.49,2.508,2.475,2709498.48
2023-02-15,2.488,2.468,2.498,2.466,2759203.64
2023-02-16,2.473,2.436,2.491,2.422,4404393.97
2023-02-17,2.433,2.378,2.439,2.375,5949467.63
2023-02-20,2.372,2.403,2.409,2.353,5333659.51
2023-02-21,2.401,2.395,2.407,2.378,3780998.0
2023-02-22,2.385,2.377,2.399,2.372,3420616.27
2023-02-23,2.379,2.385,2.398,2.374,3849256.71
2023-02-24,2.388,2.357,2.39,2.354,4935287.69
2023-02-27,2.347,2.34,2.362,2.333,5052813.0
2023-02-28,2.35,2.359,2.362,2.334,4766879.44
2023-03-01,2.358,2.372,2.378,2.344,6412398.39
2023-03-02,2.368,2.347,2.371,2.341,5046453.48
2023-03-03,2.353,2.352,2.362,2.332,5632115.85
2023-03-06,2.356,2.361,2.365,2.32,7738048.02
2023-03-07,2.354,2.312,2.359,2.311,8956964.16
2023-03-08,2.303,2.308,2.319,2.296,7611736.23
2023-03-09,2.309,2.303,2.316,2.296,6948050.94
2023-03-10,2.295,2.3,2.318,2.284,9929629.72
2023-03-13,2.295,2.287,2.306,2.276,10195899.99
2023-03-14,2.285,2.276,2.287,2.238,11674301.39
2023-03-15,2.285,2.268,2.303,2.266,10187440.45
2023-03-16,2.257,2.233,2.265,2.23,12835765.2
2023-03-17,2.248,2.228,2.252,2.221,16480314.49
2023-03-20,2.229,2.226,2.25,2.213,15921009.23
2023-03-21,2.233,2.265,2.266,2.232,16259210.35
2023-03-22,2.27,2.27,2.286,2.26,14370671.21
2023-03-23,2.262,2.288,2.288,2.259,8626969.93
2023-03-24,2.292,2.297,2.3,2.282,8485594.09
2023-03-27,2.293,2.323,2.325,2.29,12049123.51
2023-03-28,2.322,2.298,2.322,2.293,6173109.42
2023-03-29,2.3,2.297,2.309,2.294,5585027.47
2023-03-30,2.3,2.313,2.313,2.29,5651994.58
2023-03-31,2.321,2.327,2.328,2.314,6808435.45
2023-04-03,2.327,2.366,2.37,2.327,11096152.98
2023-04-04,2.366,2.35,2.367,2.336,7764313.9
2023-04-06,2.334,2.354,2.355,2.331,5487068.55
2023-04-07,2.351,2.369,2.38,2.347,5684291.37
2023-04-10,2.379,2.368,2.385,2.358,8264410.1
2023-04-11,2.367,2.362,2.386,2.351,5058053.74
2023-04-12,2.364,2.353,2.364,2.342,5356209.49
2023-04-13,2.345,2.332,2.352,2.332,4415316.04
2023-04-14,2.342,2.355,2.356,2.336,5338871.58
2023-04-17,2.354,2.364,2.366,2.348,4229752.0
2023-04-18,2.362,2.354,2.372,2.35,4686560.41
2023-04-19,2.356,2.339,2.356,2.338,3090912.79
2023-04-20,2.337,2.314,2.338,2.304,5434873.88
2023-04-21,2.318,2.269,2.326,2.268,6917726.25
2023-04-24,2.267,2.234,2.269,2.22,7294237.12
2023-04-25,2.236,2.193,2.241,2.178,13608451.53
2023-04-26,2.187,2.226,2.238,2.184,11083036.93
2023-04-27,2.219,2.24,2.247,2.215,4590208.43
2023-04-28,2.247,2.255,2.26,2.236,4133145.76
2023-05-04,2.253,2.23,2.253,2.224,3845669.57
2023-05-05,2.228,2.202,2.23,2.194,5257951.07
2023-05-08,2.21,2.213,2.214,2.188,7761581.04
2023-05-09,2.209,2.18,2.211,2.179,8089629.24
2023-05-10,2.176,2.199,2.21,2.166,11774380.87
2023-05-11,2.201,2.211,2.229,2.2,8314268.55
2023-05-12,2.211,2.185,2.22,2.185,5986893.06
2023-05-15,2.192,2.234,2.235,2.19,6916403.44
2023-05-16,2.242,2.228,2.244,2.222,6250010.08
2023-05-17,2.23,2.229,2.236,2.217,6221352.61
2023-05-18,2.233,2.215,2.237,2.198,7670418.72
2023-05-19,2.212,2.215,2.229,2.206,4472283.31
2023-05-22,2.216,2.214,2.227,2.201,5172903.0
2023-05-23,2.216,2.187,2.218,2.186,6933644.45
2023-05-24,2.181,2.183,2.204,2.175,7395046.63
2023-05-25,2.179,2.184,2.194,2.166,8126966.88
2023-05-26,2.183,2.167,2.183,2.153,9181841.07
2023-05-29,2.171,2.143,2.177,2.136,7125224.85
2023-05-30,2.139,2.155,2.157,2.12,7249693.16
2023-05-31,2.149,2.131,2.153,2.125,8498794.78
2023-06-01,2.133,2.148,2.163,2.127,8826449.49
2023-06-02,2.156,2.175,2.179,2.152,7879768.75
2023-06-05,2.173,2.143,2.173,2.138,8672138.47
2023-06-06,2.14,2.106,2.141,2.102,9012031.89
2023-06-07,2.105,2.075,2.106,2.069,9359429.12
2023-06-08,2.075,2.071,2.083,2.064,9368151.59
2023-06-09,2.073,2.086,2.086,2.064,8745659.24
2023-06-12,2.08,2.095,2.106,2.076,7595907.89
2023-06-13,2.093,2.111,2.113,2.09,7058033.63
2023-06-14,2.115,2.106,2.121,2.106,6824059.91
2023-06-15,2.114,2.179,2.18,2.114,18945139.24
2023-06-16,2.185,2.208,2.215,2.178,10714323.29
2023-06-19,2.211,2.207,2.219,2.201,7367843.04
2023-06-20,2.203,2.21,2.22,2.199,5795830.67
2023-06-21,2.206,2.156,2.208,2.155,7175165.75
2023-06-26,2.14,2.133,2.158,2.118,6925302.0
2023-06-27,2.133,2.138,2.151,2.124,5959135.85
2023-06-28,2.134,2.126,2.135,2.107,6467057.09
2023-06-29,2.121,2.129,2.139,2.121,3774614.0
2023-06-30,2.126,2.164,2.174,2.118,10091435.76
2023-07-03,2.168,2.171,2.185,2.16,5582985.27
2023-07-04,2.169,2.174,2.178,2.161,4306543.35
2023-07-05,2.176,2.156,2.182,2.152,3978490.0
2023-07-06,2.15,2.137,2.163,2.133,5978723.73
2023-07-07,2.13,2.118,2.132,2.116,4742779.41
2023-07-10,2.127,2.145,2.158,2.126,5823234.52
2023-07-11,2.147,2.161,2.162,2.138,3706788.96
2023-07-12,2.162,2.139,2.163,2.138,4353128.27
2023-07-13,2.151,2.182,2.182,2.151,6341779.56
2023-07-14,2.184,2.169,2.187,2.167,5191817.64
2023-07-17,2.163,2.152,2.164,2.142,3642697.95
2023-07-18,2.155,2.147,2.159,2.143,4462888.74
2023-07-19,2.145,2.125,2.148,2.117,6795780.94
2023-07-20,2.129,2.103,2.145,2.098,8536234.59
2023-07-21,2.1,2.11,2.123,2.097,5375403.01
2023-07-24,2.1,2.09,2.114,2.088,6242249.79
2023-07-25,2.123,2.136,2.14,2.113,9349574.64
2023-07-26,2.13,2.135,2.138,2.125,6837817.17
2023-07-27,2.14,2.129,2.15,2.125,4941274.57
2023-07-28,2.12,2.163,2.169,2.117,9366864.82
2023-07-31,2.172,2.182,2.199,2.172,6609652.87
2023-08-01,2.18,2.168,2.192,2.161,4864459.86
2023-08-02,2.166,2.164,2.177,2.158,4060986.32
2023-08-03,2.158,2.187,2.187,2.158,4455753.12
2023-08-04,2.21,2.204,2.225,2.19,8867474.51
2023-08-07,2.198,2.185,2.201,2.179,5951738.94
2023-08-08,2.183,2.177,2.19,2.171,5264216.85
2023-08-09,2.17,2.174,2.185,2.169,4116311.66
2023-08-10,2.173,2.184,2.186,2.165,4737376.27
2023-08-11,2.187,2.129,2.187,2.129,7023687.27
2023-08-14,2.112,2.113,2.115,2.087,7658516.96
2023-08-15,2.112,2.096,2.116,2.078,6416058.73
2023-08-16,2.085,2.082,2.102,2.08,4670579.83
2023-08-17,2.078,2.094,2.099,2.061,7563131.44
2023-08-18,2.09,2.065,2.101,2.064,6226474.59
2023-08-21,2.061,2.035,2.061,2.033,6871950.28
2023-08-22,2.043,2.038,2.05,1.998,11460185.77
2023-08-23,2.023,1.987,2.028,1.984,9056674.48
2023-08-24,1.995,2.014,2.031,1.99,9914097.96
2023-08-25,2.0,1.991,2.007,1.982,6827771.33
2023-08-28,2.136,2.01,2.136,2.003,13123418.02
2023-08-29,2.002,2.067,2.08,2.0,10960279.17
2023-08-30,2.064,2.066,2.088,2.057,6586467.18
2023-08-31,2.062,2.052,2.064,2.048,4098959.41
2023-09-01,2.058,2.049,2.068,2.04,3885205.05
2023-09-04,2.058,2.067,2.069,2.038,6799680.51
2023-09-05,2.06,2.057,2.069,2.055,4350852.0
2023-09-06,2.05,2.049,2.053,2.037,4481242.58
2023-09-07,2.043,2.003,2.043,2.003,6253926.18
2023-09-08,2.0,1.998,2.005,1.987,4690668.96
2023-09-11,2.0,2.011,2.025,1.99,5840379.29
2023-09-12,2.007,1.998,2.012,1.997,4265937.99
2023-09-13,1.995,1.974,2.002,1.964,7345141.0
2023-09-14,1.969,1.96,1.974,1.952,7055404.31
2023-09-15,1.962,1.954,1.972,1.946,8965207.62
2023-09-18,1.951,1.968,1.982,1.946,7729081.04
2023-09-19,1.966,1.952,1.967,1.945,6882451.82
2023-09-20,1.947,1.936,1.952,1.935,5492623.59
2023-09-21,1.93,1.917,1.94,1.917,5594248.9
2023-09-22,1.913,1.964,1.964,1.911,9745011.48
2023-09-25,1.955,1.953,1.963,1.949,4760781.92
2023-09-26,1.951,1.938,1.958,1.938,4548459.02
2023-09-27,1.935,1.956,1.977,1.935,7918953.21
2023-09-28,1.958,1.953,1.968,1.945,4960486.24
2023-10-09,1.95,1.947,1.956,1.928,5801127.21
2023-10-10,1.954,1.938,1.962,1.936,4585177.75
2023-10-11,1.945,1.954,1.969,1.945,5787960.16
2023-10-12,1.969,1.968,1.971,1.951,5099397.16
2023-10-13,1.954,1.945,1.956,1.936,5708362.27
2023-10-16,1.945,1.906,1.947,1.9,7719278.07
2023-10-17,1.91,1.912,1.919,1.9,4152577.07
2023-10-18,1.906,1.887,1.906,1.885,5781098.25
2023-10-19,1.878,1.867,1.887,1.864,7172697.67
2023-10-20,1.86,1.85,1.874,1.845,7344155.0
2023-10-23,1.845,1.815,1.845,1.806,9515481.55
2023-10-24,1.818,1.832,1.842,1.812,8474433.61
2023-10-25,1.844,1.815,1.848,1.814,9044607.24
2023-10-26,1.802,1.829,1.83,1.793,8462440.15
2023-10-27,1.82,1.881,1.888,1.816,13235087.41
2023-10-30,1.874,1.926,1.933,1.874,14828830.41
2023-10-31,1.92,1.916,1.923,1.907,4614183.14
2023-11-01,1.921,1.908,1.923,1.899,4354752.45
2023-11-02,1.912,1.89,1.922,1.889,4815026.47
2023-11-03,1.894,1.918,1.925,1.894,6255220.07
2023-11-06,1.93,1.981,1.982,1.93,10733074.31
2023-11-07,1.974,1.967,1.98,1.96,6945657.56
2023-11-08,1.964,1.971,1.983,1.957,6967775.73
2023-11-09,1.968,1.967,1.983,1.961,5760085.78
2023-11-10,1.958,1.955,1.96,1.948,5055579.27
2023-11-13,1.965,1.958,1.97,1.945,5083840.42
2023-11-14,1.957,1.953,1.973,1.943,5992595.09
2023-11-15,1.98,1.963,1.983,1.956,6513421.75
2023-11-16,1.961,1.925,1.962,1.925,7428397.49
2023-11-17,1.92,1.934,1.935,1.918,3698542.51
2023-11-20,1.934,1.942,1.947,1.918,6020103.87
2023-11-21,1.949,1.931,1.962,1.928,7599572.42
2023-11-22,1.923,1.899,1.93,1.899,7736299.87
2023-11-23,1.898,1.911,1.912,1.891,5082926.78
2023-11-24,1.908,1.888,1.91,1.885,5475883.58
2023-11-27,1.883,1.878,1.886,1.868,4792836.1
2023-11-28,1.874,1.89,1.89,1.87,4044167.55
2023-11-29,1.886,1.867,1.888,1.867,4509925.37
2023-11-30,1.869,1.874,1.884,1.863,4464594.0
2023-12-01,1.873,1.881,1.887,1.856,6312007.11
2023-12-04,1.878,1.858,1.88,1.858,6568211.2
2023-12-05,1.854,1.823,1.857,1.822,7334469.34
2023-12-06,1.818,1.834,1.85,1.816,5351235.28
2023-12-07,1.828,1.829,1.841,1.817,5021060.61
2023-12-08,1.831,1.843,1.848,1.823,4918462.06
2023-12-11,1.836,1.868,1.872,1.819,9670300.82
2023-12-12,1.861,1.856,1.865,1.851,6573033.04
2023-12-13,1.85,1.822,1.85,1.822,6941014.15
2023-12-14,1.833,1.812,1.846,1.812,5317267.88
2023-12-15,1.82,1.802,1.83,1.795,7355922.34
2023-12-18,1.792,1.773,1.799,1.767,6636732.5
2023-12-19,1.771,1.781,1.791,1.767,6635994.08
2023-12-20,1.783,1.755,1.787,1.755,7435956.96
2023-12-21,1.749,1.787,1.794,1.747,9659933.97
2023-12-22,1.779,1.78,1.801,1.766,8841372.15
2023-12-25,1.777,1.783,1.791,1.772,5703304.01
2023-12-26,1.78,1.761,1.781,1.753,8185801.14
2023-12-27,1.762,1.763,1.771,1.75,6536878.15
2023-12-28,1.761,1.833,1.84,1.757,15884490.99
2023-12-29,1.828,1.842,1.848,1.827,7493274.41
2024-01-02,1.842,1.806,1.842,1.806,7089133.6
2024-01-03,1.802,1.787,1.809,1.778,7887161.84
2024-01-04,1.783,1.754,1.786,1.748,10753850.99
2024-01-05,1.751,1.728,1.768,1.72,11806030.65
2024-01-08,1.724,1.699,1.734,1.698,12421989.54
2024-01-09,1.702,1.706,1.729,1.691,12561516.56
2024-01-10,1.696,1.698,1.726,1.681,11066784.16
2024-01-11,1.694,1.732,1.744,1.694,13703936.09
2024-01-12,1.722,1.714,1.739,1.713,10125457.0
2024-01-15,1.702,1.698,1.72,1.692,8517910.11
2024-01-16,1.692,1.708,1.709,1.679,12847604.75
2024-01-17,1.7,1.656,1.7,1.653,12653379.18
2024-01-18,1.643,1.683,1.69,1.635,16880885.23
2024-01-19,1.675,1.669,1.697,1.669,14864531.32
2024-01-22,1.663,1.623,1.67,1.612,13022843.6
2024-01-23,1.62,1.642,1.656,1.612,14088141.53
2024-01-24,1.65,1.65,1.657,1.599,15021492.9
2024-01-25,1.641,1.675,1.676,1.628,17851988.99
2024-01-26,1.665,1.637,1.67,1.633,13965335.4
2024-01-29,1.638,1.58,1.643,1.58,16865286.96
2024-01-30,1.57,1.544,1.589,1.541,15955558.16
2024-01-31,1.544,1.533,1.56,1.53,18661332.06
2024-02-01,1.527,1.548,1.574,1.522,19813257.68
2024-02-02,1.546,1.508,1.554,1.471,25536277.18
2024-02-05,1.491,1.527,1.56,1.444,62847942.2
2024-02-06,1.508,1.623,1.624,1.502,36880750.91
2024-02-07,1.622,1.66,1.666,1.614,43618910.6
2024-02-08,1.67,1.681,1.718,1.669,25603676.2
2024-02-19,1.704,1.697,1.707,1.675,22819198.83
2024-02-20,1.688,1.696,1.701,1.676,13329437.21
2024-02-21,1.681,1.703,1.736,1.676,12371674.33
2024-02-22,1.7,1.71,1.714,1.694,9607939.58
2024-02-23,1.717,1.709,1.719,1.695,8398755.47
2024-02-26,1.706,1.704,1.72,1.69,12311414.76
2024-02-27,1.696,1.746,1.746,1.694,12148527.78
2024-02-28,1.749,1.701,1.78,1.701,18649875.38
2024-02-29,1.696,1.761,1.762,1.693,14247781.62
2024-03-01,1.757,1.775,1.781,1.746,12881947.2
2024-03-04,1.773,1.783,1.796,1.767,9626856.27
2024-03-05,1.771,1.78,1.794,1.765,34464319.98
2024-03-06,1.773,1.782,1.805,1.761,15007242.06
2024-03-07,1.779,1.742,1.788,1.74,12194753.63
2024-03-08,1.745,1.756,1.763,1.73,8227489.25
2024-03-11,1.76,1.84,1.84,1.76,20127242.9
2024-03-12,1.845,1.851,1.863,1.832,11138938.7
2024-03-13,1.854,1.841,1.859,1.838,8936893.64
2024-03-14,1.841,1.832,1.86,1.818,8278951.32
2024-03-15,1.825,1.833,1.836,1.796,10764746.99
2024-03-18,1.85,1.875,1.875,1.848,14211895.85
2024-03-19,1.87,1.853,1.873,1.852,7903053.84
2024-03-20,1.848,1.856,1.862,1.844,6171236.07
2024-03-21,1.86,1.846,1.868,1.844,7108849.38
2024-03-22,1.843,1.817,1.844,1.808,10667120.85
2024-03-25,1.809,1.781,1.819,1.781,11583245.9
2024-03-26,1.782,1.792,1.805,1.777,10141588.9
2024-03-27,1.787,1.742,1.788,1.741,7599031.51
2024-03-28,1.74,1.758,1.778,1.738,7390774.16
2024-03-29,1.756,1.768,1.773,1.75,5988697.27
2024-04-01,1.78,1.822,1.822,1.78,8830135.33
2024-04-02,1.822,1.808,1.822,1.801,6401949.03
2024-04-03,1.804,1.79,1.804,1.789,4609269.72
2024-04-08,1.785,1.758,1.789,1.756,5396913.31
2024-04-09,1.759,1.777,1.778,1.752,4864696.17
2024-04-10,1.774,1.739,1.774,1.731,9000052.81
2024-04-11,1.725,1.731,1.752,1.725,7246190.07
2024-04-12,1.73,1.713,1.74,1.711,7251323.73
2024-04-15,1.712,1.746,1.757,1.712,11357926.22
2024-04-16,1.74,1.713,1.742,1.709,7561462.36
2024-04-17,1.718,1.747,1.748,1.718,6311059.56
2024-04-18,1.739,1.738,1.759,1.717,7231806.29
2024-04-19,1.725,1.705,1.728,1.692,8437474.5
2024-04-22,1.695,1.703,1.718,1.687,5119593.06
2024-04-23,1.708,1.705,1.716,1.693,4772878.94
2024-04-24,1.709,1.719,1.72,1.696,5444651.44
2024-04-25,1.71,1.716,1.73,1.7,5916389.77
2024-04-26,1.717,1.774,1.777,1.717,10455628.82
2024-04-29,1.78,1.837,1.854,1.78,12330808.28
2024-04-30,1.837,1.816,1.837,1.816,7158339.99
2024-05-06,1.852,1.853,1.863,1.846,8690890.56
2024-05-07,1.851,1.85,1.857,1.844,5551162.44
2024-05-08,1.847,1.821,1.847,1.82,5926798.0
2024-05-09,1.828,1.856,1.86,1.828,7593648.0
2024-05-10,1.858,1.84,1.859,1.829,6345732.9
2024-05-13,1.819,1.817,1.835,1.808,5506427.0
2024-05-14,1.821,1.813,1.831,1.809,5137244.54
2024-05-15,1.814,1.797,1.823,1.795,6397223.65
2024-05-16,1.806,1.801,1.819,1.794,6594688.8
2024-05-17,1.795,1.824,1.825,1.791,7089806.47
2024-05-20,1.828,1.831,1.844,1.823,8230897.81
2024-05-21,1.826,1.818,1.831,1.813,4508420.56
2024-05-22,1.819,1.839,1.842,1.814,7434674.14
2024-05-23,1.837,1.811,1.837,1.807,6599888.69
2024-05-24,1.804,1.781,1.821,1.778,6828318.99
2024-05-27,1.784,1.792,1.793,1.762,6219238.69
2024-05-28,1.784,1.769,1.789,1.766,4237288.43
2024-05-29,1.768,1.772,1.793,1.765,6817607.0
2024-05-30,1.772,1.777,1.783,1.767,4575191.0
2024-05-31,1.781,1.772,1.794,1.77,5199314.43
2024-06-03,1.769,1.782,1.786,1.764,5534371.46
2024-06-04,1.778,1.806,1.812,1.777,7450204.94
2024-06-05,1.805,1.796,1.821,1.796,5298416.62
2024-06-06,1.804,1.785,1.808,1.778,6577509.19
2024-06-07,1.784,1.748,1.786,1.729,10017844.58
2024-06-11,1.735,1.752,1.757,1.727,6034655.1
2024-06-12,1.746,1.743,1.754,1.742,3943802.0
2024-06-13,1.752,1.742,1.766,1.741,7245042.0
2024-06-14,1.745,1.756,1.762,1.726,6487355.41
2024-06-17,1.746,1.768,1.775,1.743,6088884.0
2024-06-18,1.769,1.776,1.785,1.766,4924350.65
2024-06-19,1.781,1.753,1.783,1.752,6303647.1
2024-06-20,1.75,1.728,1.758,1.727,5944620.1
2024-06-21,1.725,1.723,1.729,1.709,6062895.0
2024-06-24,1.711,1.696,1.721,1.693,7359958.42
2024-06-25,1.694,1.666,1.698,1.657,8888545.7
2024-06-26,1.665,1.699,1.7,1.662,7668658.83
2024-06-27,1.689,1.67,1.689,1.669,7214332.64
2024-06-28,1.665,1.652,1.688,1.647,7560790.6
2024-07-01,1.648,1.65,1.658,1.621,8680997.09
2024-07-02,1.643,1.633,1.652,1.627,6926317.51
2024-07-03,1.633,1.629,1.645,1.616,7416437.74
2024-07-04,1.633,1.616,1.643,1.615,7168738.65
2024-07-05,1.615,1.623,1.63,1.601,8138205.37
2024-07-08,1.615,1.596,1.62,1.592,7936130.42
2024-07-09,1.594,1.62,1.629,1.584,11008809.92
2024-07-10,1.609,1.618,1.636,1.608,7768890.0
2024-07-11,1.64,1.654,1.664,1.627,9657456.52
2024-07-12,1.648,1.653,1.661,1.64,8332843.52
2024-07-15,1.644,1.64,1.648,1.633,7912562.44
2024-07-16,1.638,1.664,1.665,1.637,8758555.45
2024-07-17,1.66,1.663,1.674,1.653,7834299.81
2024-07-18,1.653,1.686,1.687,1.649,20806962.28
2024-07-19,1.673,1.692,1.699,1.672,14700685.45
2024-07-22,1.693,1.693,1.702,1.679,7726956.73
2024-07-23,1.691,1.64,1.691,1.639,7606748.58
2024-07-24,1.634,1.619,1.651,1.614,6715404.05
2024-07-25,1.61,1.614,1.627,1.607,5649907.56
2024-07-26,1.617,1.627,1.638,1.615,7502580.59
2024-07-29,1.622,1.604,1.623,1.603,5724427.68
2024-07-30,1.6,1.601,1.607,1.591,6106035.38
2024-07-31,1.594,1.658,1.658,1.592,14320519.0
2024-08-01,1.659,1.636,1.663,1.631,9030439.0
2024-08-02,1.621,1.609,1.639,1.604,11190242.76
2024-08-05,1.592,1.576,1.625,1.576,12579837.73
2024-08-06,1.594,1.597,1.607,1.581,8932551.74
2024-08-07,1.593,1.589,1.601,1.587,6887507.62
2024-08-08,1.582,1.582,1.599,1.568,8938445.78
2024-08-09,1.59,1.566,1.598,1.566,8196082.0
2024-08-12,1.566,1.563,1.572,1.558,6462704.0
2024-08-13,1.562,1.578,1.578,1.558,7636057.25
2024-08-14,1.575,1.555,1.576,1.554,8798503.84
2024-08-15,1.551,1.565,1.579,1.55,13802744.79
2024-08-16,1.564,1.561,1.573,1.558,6554594.44
2024-08-19,1.56,1.559,1.577,1.557,7943774.0
2024-08-20,1.561,1.539,1.562,1.536,9367585.43
2024-08-21,1.532,1.529,1.543,1.527,7341937.01
2024-08-22,1.53,1.516,1.534,1.515,8555917.0
2024-08-23,1.512,1.517,1.526,1.509,12097258.05
2024-08-26,1.517,1.515,1.528,1.511,7052689.82
2024-08-27,1.511,1.5,1.512,1.497,7951118.9
2024-08-28,1.499,1.501,1.505,1.494,7883197.3
2024-08-29,1.488,1.513,1.522,1.484,18401289.65
2024-08-30,1.511,1.552,1.571,1.511,20670044.15
2024-09-02,1.547,1.507,1.552,1.506,15867300.3
2024-09-03,1.504,1.525,1.532,1.503,11015247.0
2024-09-04,1.512,1.525,1.54,1.51,9785096.26
2024-09-05,1.525,1.536,1.546,1.524,8624512.0
2024-09-06,1.535,1.508,1.538,1.508,9896846.0
2024-09-09,1.5,1.513,1.519,1.498,18135288.56
2024-09-10,1.514,1.512,1.524,1.495,15412588.16
2024-09-11,1.51,1.528,1.534,1.507,14352293.16
2024-09-12,1.536,1.525,1.549,1.521,12617762.53
2024-09-13,1.525,1.509,1.528,1.508,8784237.07
2024-09-18,1.505,1.504,1.513,1.494,9657148.0
2024-09-19,1.511,1.519,1.537,1.492,18394237.1
2024-09-20,1.516,1.508,1.517,1.498,20920584.0
2024-09-23,1.507,1.501,1.52,1.5,13035359.33
2024-09-24,1.515,1.587,1.588,1.504,33377295.44
2024-09-25,1.621,1.61,1.649,1.609,26730082.66
2024-09-26,1.604,1.686,1.686,1.595,28442154.63
2024-09-27,1.713,1.86,1.89,1.713,56125984.82
2024-09-30,2.0,2.232,2.232,1.928,69772144.73
2024-10-08,2.678,2.678,2.678,2.29,185677265.32
2024-10-09,2.41,2.242,2.478,2.238,164618813.15
2024-10-10,2.241,2.174,2.297,2.137,80625516.31
2024-10-11,2.134,2.06,2.152,2.026,72995287.56
2024-10-14,2.078,2.116,2.124,2.022,57004798.73
2024-10-15,2.094,2.045,2.135,2.045,43784761.81
2024-10-16,2.001,2.0,2.044,1.989,38151330.51
2024-10-17,2.019,1.995,2.042,1.993,31361055.41
2024-10-18,1.986,2.156,2.256,1.986,81695885.46
2024-10-21,2.162,2.167,2.225,2.139,52905363.33
2024-10-22,2.158,2.175,2.186,2.139,27314768.61
2024-10-23,2.166,2.162,2.211,2.145,30454404.03
2024-10-24,2.149,2.132,2.161,2.126,19996472.92
2024-10-25,2.147,2.196,2.236,2.138,41856616.08
2024-10-28,2.193,2.188,2.193,2.158,20357121.02
2024-10-29,2.191,2.135,2.198,2.133,26794604.09
2024-10-30,2.119,2.111,2.138,2.086,23065016.5
2024-10-31,2.105,2.122,2.164,2.09,31276689.69
2024-11-01,2.104,2.084,2.125,2.08,23885767.98
2024-11-04,2.081,2.145,2.146,2.08,20837386.0
2024-11-05,2.144,2.249,2.258,2.13,52481837.67
2024-11-06,2.249,2.223,2.316,2.202,45986097.26
2024-11-07,2.202,2.306,2.306,2.198,36027815.75
2024-11-08,2.355,2.282,2.365,2.274,34984929.91
2024-11-11,2.25,2.349,2.35,2.249,31861164.88
2024-11-12,2.365,2.345,2.402,2.316,32230534.32
2024-11-13,2.325,2.372,2.381,2.3,28539851.35
2024-11-14,2.37,2.288,2.372,2.285,21661198.64
2024-11-15,2.276,2.204,2.294,2.201,27246692.11
2024-11-18,2.205,2.149,2.219,2.132,28609468.63
2024-11-19,2.155,2.215,2.219,2.132,31529902.14
2024-11-20,2.201,2.223,2.24,2.195,23956978.76
2024-11-21,2.213,2.223,2.237,2.206,15526238.95
2024-11-22,2.218,2.136,2.226,2.133,20256843.08
2024-11-25,2.14,2.132,2.151,2.1,19946017.12
2024-11-26,2.122,2.109,2.146,2.107,13881307.68
2024-11-27,2.1,2.165,2.167,2.079,23812604.78
2024-11-28,2.162,2.128,2.165,2.124,15812141.59
2024-11-29,2.122,2.179,2.221,2.12,30698302.07
2024-12-02,2.172,2.211,2.218,2.166,20748569.13
2024-12-03,2.211,2.198,2.219,2.182,15916814.12
2024-12-04,2.195,2.17,2.203,2.161,14083118.22
2024-12-05,2.167,2.177,2.195,2.163,10881279.8
2024-12-06,2.18,2.224,2.247,2.17,25903279.32
2024-12-09,2.219,2.206,2.23,2.185,14918244.13
2024-12-10,2.32,2.221,2.32,2.214,35328842.51
2024-12-11,2.215,2.218,2.235,2.209,14406912.44
2024-12-12,2.217,2.248,2.258,2.212,19109548.45
2024-12-13,2.231,2.193,2.233,2.19,17805550.11
2024-12-16,2.19,2.158,2.192,2.148,12552536.61
2024-12-17,2.156,2.159,2.189,2.153,16959954.91
2024-12-18,2.167,2.158,2.173,2.15,10734338.14
2024-12-19,2.137,2.171,2.178,2.132,14482075.91
2024-12-20,2.166,2.169,2.19,2.157,12555581.93
2024-12-23,2.163,2.147,2.18,2.142,13008414.0
2024-12-24,2.148,2.17,2.172,2.143,15581879.82
2024-12-25,2.173,2.156,2.175,2.144,11594528.44
2024-12-26,2.16,2.166,2.176,2.152,10655083.75
2024-12-27,2.166,2.163,2.192,2.154,14826587.99
2024-12-30,2.158,2.165,2.174,2.155,10202963.18
2024-12-31,2.162,2.102,2.165,2.101,19047475.73
2025-01-02,2.096,2.019,2.097,2.0,22999092.69
2025-01-03,2.02,1.978,2.027,1.976,20166723.9
2025-01-06,1.978,1.976,1.994,1.962,16794769.0
2025-01-07,1.965,1.99,1.99,1.951,16954313.21
2025-01-08,1.975,1.968,1.99,1.925,22795328.95
2025-01-09,1.956,1.971,1.985,1.954,13525681.36
2025-01-10,1.967,1.938,1.983,1.938,12061622.09
2025-01-13,1.916,1.942,1.959,1.916,13517608.25
2025-01-14,1.95,2.036,2.037,1.942,28363154.55
2025-01-15,2.022,1.999,2.025,1.992,17505190.97
2025-01-16,2.009,2.01,2.044,1.99,19330738.44
2025-01-17,1.999,2.026,2.043,1.998,16072144.73
2025-01-20,2.047,2.062,2.077,2.046,19351278.01
2025-01-21,2.081,2.07,2.083,2.048,10659994.29
2025-01-22,2.063,2.059,2.069,2.041,11106114.38
2025-01-23,2.082,2.052,2.11,2.052,17381340.66
2025-01-24,2.045,2.084,2.092,2.044,15011413.44
2025-01-27,2.086,2.028,2.087,2.028,14246932.01
2025-02-05,2.043,2.024,2.047,2.016,11049675.02
2025-02-06,2.022,2.08,2.082,2.017,17017749.51
2025-02-07,2.08,2.131,2.159,2.08,27469983.48
2025-02-10,2.14,2.142,2.147,2.114,13228398.17
2025-02-11,2.141,2.113,2.142,2.11,10674532.35
2025-02-12,2.107,2.15,2.154,2.101,15623364.4
2025-02-13,2.145,2.135,2.163,2.133,14983655.82
2025-02-14,2.134,2.174,2.181,2.132,21577860.96
2025-02-17,2.198,2.182,2.2,2.166,16500526.95
2025-02-18,2.178,2.14,2.19,2.131,13363110.44
2025-02-19,2.136,2.185,2.186,2.133,13819063.67
2025-02-20,2.179,2.184,2.191,2.161,10073319.83
2025-02-21,2.185,2.239,2.242,2.185,18182522.73
2025-02-24,2.232,2.221,2.24,2.201,15447323.65
2025-02-25,2.189,2.197,2.222,2.185,14558335.9
2025-02-26,2.199,2.223,2.225,2.19,13441085.88
2025-02-27,2.224,2.212,2.237,2.183,13424834.72
2025-02-28,2.197,2.128,2.198,2.123,18951792.14
2025-03-03,2.133,2.154,2.189,2.12,20129436.56
2025-03-04,2.131,2.149,2.151,2.12,10755615.54
2025-03-05,2.147,2.149,2.159,2.131,9583045.31
2025-03-06,2.162,2.191,2.2,2.16,17630606.23
2025-03-07,2.181,2.16,2.183,2.152,12596179.35
2025-03-10,2.166,2.159,2.174,2.14,10578257.06
2025-03-11,2.135,2.159,2.161,2.131,11097011.87
2025-03-12,2.17,2.149,2.172,2.148,10441195.31
2025-03-13,2.146,2.125,2.158,2.113,11140607.01
2025-03-14,2.125,2.186,2.19,2.12,19647220.65
2025-03-17,2.188,2.173,2.191,2.169,10186892.0
2025-03-18,2.182,2.185,2.201,2.173,11167340.54
2025-03-19,2.181,2.178,2.195,2.166,9564472.33
2025-03-20,2.178,2.158,2.18,2.155,8744021.55
2025-03-21,2.153,2.112,2.159,2.108,14212017.2
2025-03-24,2.11,2.112,2.118,2.084,9427422.71
2025-03-25,2.112,2.105,2.123,2.094,9336351.7
2025-03-26,2.1,2.098,2.117,2.097,8839484.52
2025-03-27,2.093,2.103,2.125,2.076,9348640.47
2025-03-28,2.101,2.089,2.112,2.087,8162006.0
2025-03-31,2.079,2.064,2.083,2.047,12318221.43
2025-04-01,2.067,2.062,2.087,2.06,9304838.77
2025-04-02,2.062,2.064,2.081,2.057,7303188.17
2025-04-03,2.042,2.027,2.057,2.018,15626422.78
2025-04-07,1.93,1.775,1.931,1.721,69505867.6
2025-04-08,1.792,1.804,1.844,1.777,29297322.12
2025-04-09,1.762,1.823,1.838,1.743,31929857.07
2025-04-10,1.88,1.863,1.908,1.86,29094618.25
2025-04-11,1.845,1.892,1.907,1.844,18605348.88
2025-04-14,1.915,1.895,1.919,1.892,13033280.59
2025-04-15,1.895,1.893,1.903,1.881,9943364.04
2025-04-16,1.885,1.87,1.885,1.844,17281809.34
2025-04-17,1.859,1.873,1.887,1.856,11084083.92
2025-04-18,1.865,1.878,1.881,1.862,8888569.81
2025-04-21,1.874,1.908,1.91,1.865,12287906.51
2025-04-22,1.903,1.899,1.911,1.895,8689826.66
2025-04-23,1.917,1.919,1.933,1.906,15179640.84
2025-04-24,1.916,1.907,1.929,1.902,12207396.38
2025-04-25,1.913,1.92,1.932,1.908,12024520.0
2025-04-28,1.918,1.906,1.921,1.901,6991261.0
2025-04-29,1.902,1.903,1.912,1.895,6795070.27
2025-04-30,1.905,1.921,1.926,1.904,10655595.28
2025-05-06,1.936,1.958,1.959,1.935,10395144.55
2025-05-07,1.995,1.967,2.007,1.953,17348732.21
2025-05-08,1.963,2.001,2.006,1.961,15804046.68
2025-05-09,2.0,1.984,2.001,1.975,8209132.01
2025-05-12,2.013,2.037,2.037,2.007,15584948.86
2025-05-13,2.062,2.03,2.065,2.027,10952121.69
2025-05-14,2.032,2.054,2.074,2.021,12210653.38
2025-05-15,2.046,2.012,2.047,2.012,8533395.14
2025-05-16,2.006,2.008,2.02,2.005,5946975.16
2025-05-19,2.006,2.002,2.008,1.988,7379949.9
2025-05-20,2.009,2.018,2.031,1.997,7844446.46
2025-05-21,2.02,2.034,2.047,2.019,10241285.12
2025-05-22,2.036,2.016,2.037,2.014,5615394.03
2025-05-23,2.015,1.994,2.03,1.994,7272379.04
2025-05-26,1.99,1.977,1.997,1.965,7532962.12
2025-05-27,1.976,1.967,1.976,1.957,7464291.14
2025-05-28,1.969,1.959,1.975,1.956,7195167.54
2025-05-29,1.962,1.989,1.991,1.961,9341379.46
2025-05-30,1.98,1.972,1.98,1.963,6612254.55
2025-06-03,1.961,1.977,1.987,1.96,5758778.29
2025-06-04,1.983,2.0,2.006,1.982,7389093.33
2025-06-05,2.001,2.023,2.029,1.989,8084529.49
2025-06-06,2.022,2.017,2.027,2.01,5147504.01
2025-06-09,2.02,2.034,2.051,2.02,8445346.84
2025-06-10,2.034,2.012,2.041,1.999,9385022.85
2025-06-11,2.016,2.038,2.053,2.016,8732720.46
2025-06-12,2.033,2.04,2.052,2.027,6124760.4
2025-06-13,2.033,2.02,2.042,2.015,7302115.3
2025-06-16,2.019,2.037,2.039,2.016,4976447.94
2025-06-17,2.04,2.028,2.041,2.023,4252574.74
2025-06-18,2.027,2.034,2.038,2.017,4931127.27
2025-06-19,2.028,2.005,2.036,2.0,6989479.02
2025-06-20,2.005,1.988,2.015,1.987,5926744.0
2025-06-23,1.98,1.998,2.001,1.975,6068657.2
2025-06-24,2.004,2.044,2.044,2.003,12388429.43
2025-06-25,2.05,2.109,2.113,2.05,16381972.67
2025-06-26,2.109,2.093,2.121,2.092,11040739.01
2025-06-27,2.1,2.101,2.125,2.091,11326780.36
2025-06-30,2.11,2.133,2.134,2.106,10634131.34
2025-07-01,2.128,2.126,2.131,2.112,6758007.51
2025-07-02,2.123,2.104,2.123,2.097,6869307.71
2025-07-03,2.11,2.141,2.147,2.108,10437515.82
2025-07-04,2.141,2.133,2.167,2.131,10770846.73
2025-07-07,2.126,2.11,2.134,2.106,7631513.65
2025-07-08,2.109,2.159,2.161,2.107,12591227.42
2025-07-09,2.157,2.163,2.183,2.155,11223645.24
2025-07-10,2.17,2.169,2.179,2.153,8455356.37
2025-07-11,2.169,2.185,2.202,2.159,11419299.26
2025-07-14,2.18,2.177,2.187,2.167,6661324.75
2025-07-15,2.184,2.212,2.223,2.184,14273177.46
2025-07-16,2.217,2.206,2.237,2.205,8014570.56
2025-07-17,2.205,2.247,2.247,2.204,9615693.62
2025-07-18,2.256,2.252,2.274,2.241,9440409.57
2025-07-21,2.258,2.275,2.275,2.251,9911441.98
2025-07-22,2.274,2.289,2.291,2.267,10784624.81
2025-07-23,2.288,2.287,2.31,2.281,12335622.31
2025-07-24,2.297,2.325,2.325,2.291,10346952.3
2025-07-25,2.326,2.318,2.326,2.308,7610292.32
2025-07-28,2.322,2.342,2.344,2.311,8647995.3
2025-07-29,2.338,2.383,2.384,2.332,10423052.53
2025-07-30,2.378,2.345,2.378,2.325,17952943.39
2025-07-31,2.354,2.301,2.37,2.299,19803836.19
2025-08-01,2.296,2.303,2.324,2.281,11371253.38
2025-08-04,2.285,2.313,2.313,2.282,7651038.95
2025-08-05,2.326,2.32,2.328,2.3,10464315.24
2025-08-06,2.314,2.336,2.338,2.312,8691742.4
2025-08-07,2.338,2.32,2.35,2.3,11035688.55
2025-08-08,2.314,2.312,2.331,2.307,7461764.13
2025-08-11,2.317,2.357,2.362,2.312,11597518.41
2025-08-12,2.358,2.385,2.385,2.345,11120494.74
2025-08-13,2.395,2.473,2.475,2.391,18976850.98
2025-08-14,2.473,2.446,2.489,2.438,14892826.6
2025-08-15,2.435,2.509,2.518,2.435,14271172.83
2025-08-18,2.52,2.582,2.608,2.504,22969315.19
2025-08-19,2.575,2.575,2.61,2.561,16354090.32
2025-08-20,2.551,2.588,2.588,2.524,20594441.26
2025-08-21,2.589,2.572,2.605,2.558,18828043.91
2025-08-22,2.566,2.662,2.663,2.563,21659089.4
2025-08-25,2.693,2.737,2.76,2.675,27514140.23
2025-08-26,2.727,2.716,2.75,2.702,20918321.59
2025-08-27,2.716,2.696,2.796,2.696,29434775.89
2025-08-28,2.68,2.806,2.807,2.677,26820207.71
2025-08-29,2.799,2.865,2.909,2.78,24760607.62
2025-09-01,2.88,2.927,2.932,2.859,20641011.71
2025-09-02,2.922,2.848,2.954,2.815,30202205.27
2025-09-03,2.852,2.87,2.899,2.832,29187032.47
2025-09-04,2.899,2.751,2.93,2.716,35046019.3
2025-09-05,2.75,2.944,2.947,2.749,27420788.99
2025-09-08,2.946,2.908,2.951,2.856,24968781.53
2025-09-09,2.866,2.845,2.898,2.818,17046754.52
2025-09-10,2.857,2.875,2.9,2.833,18595793.8
2025-09-11,2.883,3.025,3.027,2.871,26297372.83
2025-09-12,3.01,2.995,3.033,2.982,21253622.96
2025-09-15,3.006,3.037,3.08,3.006,17136620.26
2025-09-16,3.039,3.059,3.064,2.993,18886349.8
2025-09-17,3.055,3.119,3.125,3.036,16687572.76
2025-09-18,3.115,3.067,3.141,3.024,27190631.97
2025-09-19,3.067,3.062,3.101,3.046,17122317.71
2025-09-22,3.068,3.082,3.082,3.026,13820787.42
2025-09-23,3.115,3.093,3.13,3.015,22320034.21
2025-09-24,3.063,3.16,3.162,3.061,19449895.13
2025-09-25,3.15,3.211,3.24,3.134,16257324.22
2025-09-26,3.193,3.129,3.226,3.126,16927558.81
2025-09-29,3.126,3.213,3.233,3.126,16328471.3
2025-09-30,3.221,3.217,3.254,3.194,12401711.75
2025-10-09,3.217,3.235,3.297,3.217,17435665.68
2025-10-10,3.201,3.095,3.217,3.072,22276431.25
2025-10-13,2.952,3.054,3.073,2.951,22235482.67
2025-10-14,3.093,2.934,3.106,2.92,24116472.85
2025-10-15,2.932,3.003,3.01,2.905,18770042.8
2025-10-16,2.984,3.014,3.044,2.978,15488703.53
2025-10-17,3.002,2.915,3.021,2.91,15526406.74
2025-10-20,2.976,2.971,3.02,2.948,15566786.78
2025-10-21,2.999,3.062,3.078,2.972,17359633.11
2025-10-22,3.037,3.039,3.067,3.02,11741287.49
2025-10-23,3.021,3.038,3.045,2.98,9985457.86
2025-10-24,3.069,3.147,3.147,3.058,14948804.9
2025-10-27,3.209,3.209,3.218,3.155,15096684.63
2025-10-28,3.189,3.205,3.258,3.181,13533297.04
2025-10-29,3.235,3.3,3.3,3.234,13701356.46
2025-10-30,3.296,3.239,3.308,3.235,14068839.99
2025-10-31,3.235,3.166,3.258,3.164,14956428.75
2025-11-03,3.152,3.176,3.178,3.098,12919887.94
2025-11-04,3.166,3.112,3.184,3.087,12779002.58
2025-11-05,3.06,3.142,3.157,3.046,13128614.92
2025-11-06,3.158,3.201,3.213,3.153,13344229.74
2025-11-07,3.184,3.185,3.218,3.155,9705146.2
2025-11-10,3.2,3.158,3.215,3.117,11746888.49
2025-11-11,3.175,3.113,3.188,3.107,10573097.79
2025-11-12,3.095,3.108,3.116,3.058,11814661.17
2025-11-13,3.094,3.182,3.188,3.086,16018682.61
2025-11-14,3.146,3.093,3.146,3.091,12217522.98
2025-11-17,3.074,3.084,3.101,3.06,9828891.05
2025-11-18,3.069,3.051,3.095,3.032,12524586.81
2025-11-19,3.051,3.057,3.092,3.041,13254195.41
2025-11-20,3.106,3.026,3.113,3.019,13808022.67
2025-11-21,2.99,2.904,2.99,2.903,23813254.32
2025-11-24,2.925,2.908,2.932,2.873,15108008.87
2025-11-25,2.951,2.961,3.008,2.94,21847137.31
2025-11-26,2.955,3.027,3.061,2.943,18263483.17
2025-11-27,3.018,3.012,3.093,3.007,12497687.16
2025-11-28,3.008,3.035,3.048,2.993,9092535.4
2025-12-01,3.044,3.073,3.074,3.017,10046772.36
2025-12-02,3.075,3.052,3.075,3.036,6232245.65
2025-12-03,3.058,3.019,3.086,3.01,7761190.12
2025-12-04,3.014,3.051,3.056,2.997,8084379.62
2025-12-05,3.063,3.089,3.098,3.028,8738436.62
2025-12-08,3.101,3.171,3.194,3.099,12681256.41
2025-12-09,3.168,3.188,3.215,3.153,10825660.9
2025-12-10,3.185,3.192,3.2,3.124,8529586.07
2025-12-11,3.192,3.146,3.226,3.145,9362313.49
2025-12-12,3.152,3.174,3.186,3.12,10110131.42
2025-12-15,3.14,3.12,3.167,3.119,7984532.4
2025-12-16,3.112,3.06,3.125,3.043,13098986.81
2025-12-17,3.057,3.164,3.165,3.054,15861636.74
2025-12-18,3.134,3.092,3.14,3.092,13805173.91
2025-12-19,3.118,3.107,3.141,3.096,10670931.03
2025-12-22,3.135,3.175,3.18,3.135,13260798.91
2025-12-23,3.18,3.185,3.21,3.166,9460188.2
2025-12-24,3.194,3.212,3.219,3.177,7828621.19
2025-12-25,3.21,3.222,3.234,3.184,8825070.27
2025-12-26,3.222,3.226,3.252,3.202,9532783.67
2025-12-29,3.217,3.205,3.234,3.19,9520732.48
2025-12-30,3.19,3.229,3.234,3.19,11809654.7
2025-12-31,3.23,3.186,3.239,3.182,7178897.14
2026-01-05,3.215,3.281,3.281,3.21,10935771.25
2026-01-06,3.278,3.303,3.305,3.249,13170597.79
2026-01-07,3.311,3.311,3.336,3.281,12270467.4
2026-01-08,3.291,3.287,3.313,3.27,11039129.63
2026-01-09,3.269,3.314,3.315,3.253,15451462.54
2026-01-12,3.314,3.371,3.387,3.267,21937201.24
2026-01-13,3.372,3.306,3.402,3.291,19314672.8
2026-01-14,3.307,3.332,3.388,3.292,28740078.68
2026-01-15,3.306,3.352,3.359,3.293,38865232.69
2026-01-16,3.382,3.346,3.394,3.337,40925187.6
2026-01-19,3.327,3.318,3.369,3.31,19437417.67
2026-01-20,3.319,3.263,3.335,3.242,23282674.55
2026-01-21,3.243,3.281,3.315,3.242,11950615.29
2026-01-22,3.298,3.315,3.323,3.264,17919800.17
2026-01-23,3.322,3.337,3.337,3.304,9079938.9
2026-01-26,3.352,3.305,3.355,3.292,16782456.55
2026-01-27,3.31,3.327,3.352,3.263,17652714.7
2026-01-28,3.342,3.307,3.345,3.29,19496401.7
2026-01-29,3.297,3.292,3.342,3.284,16261187.43
2026-01-30,3.286,3.335,3.355,3.241,12918380.77
2026-02-02,3.338,3.252,3.376,3.248,11487593.49
2026-02-03,3.302,3.313,3.32,3.238,12015892.98
2026-02-04,3.29,3.297,3.307,3.233,11797862.09
2026-02-05,3.264,3.238,3.278,3.227,9852893.6
2026-02-06,3.21,3.229,3.275,3.187,8785306.33
2026-02-09,3.288,3.321,3.327,3.263,9896213.32
2026-02-10,3.327,3.311,3.335,3.307,5381155.5
2026-02-11,3.3,3.273,3.312,3.272,8118673.03
2026-02-12,3.28,3.319,3.323,3.277,9516282.47
2026-02-13,3.303,3.265,3.313,3.263,9359663.63
2026-02-24,3.318,3.295,3.331,3.282,9249639.54
2026-02-25,3.301,3.344,3.352,3.293,11022264.04
2026-02-26,3.338,3.336,3.343,3.301,8912843.1
2026-02-27,3.31,3.301,3.317,3.283,12708820.79
2026-03-02,3.251,3.282,3.308,3.25,16917590.57
2026-03-03,3.303,3.205,3.32,3.198,16751168.6
2026-03-04,3.17,3.154,3.207,3.138,14046227.62
2026-03-05,3.216,3.206,3.254,3.183,15918682.55
2026-03-06,3.191,3.225,3.238,3.169,8594460.68
2026-03-09,3.183,3.201,3.21,3.1,13719188.88
2026-03-10,3.267,3.296,3.298,3.252,12409335.59
2026-03-11,3.303,3.335,3.377,3.303,10731783.39
2026-03-12,3.34,3.308,3.35,3.278,7876461.08
2026-03-13,3.29,3.3,3.334,3.28,8097918.68
2026-03-16,3.308,3.349,3.35,3.275,10653744.25
2026-03-17,3.369,3.273,3.379,3.271,11597773.95
2026-03-18,3.293,3.338,3.341,3.265,11208680.25
2026-03-19,3.297,3.303,3.353,3.287,12469344.76
2026-03-20,3.337,3.341,3.417,3.337,19596728.59
2026-03-23,3.3,3.228,3.326,3.206,16832931.8
2026-03-24,3.275,3.237,3.277,3.145,14810266.92
2026-03-25,3.279,3.307,3.315,3.262,11788367.57
2026-03-26,3.306,3.263,3.338,3.256,9530418.36
2026-03-27,3.241,3.293,3.313,3.221,9411777.48
2026-03-30,3.242,3.264,3.273,3.216,9884803.58
2026-03-31,3.248,3.182,3.272,3.178,13794789.6
2026-04-01,3.245,3.232,3.247,3.2,11374567.99
2026-04-02,3.224,3.164,3.224,3.148,10357473.86
2026-04-03,3.182,3.141,3.189,3.139,7353195.82
2026-04-07,3.153,3.151,3.173,3.125,7493724.36
2026-04-08,3.241,3.345,3.345,3.235,14569399.01
2026-04-09,3.316,3.32,3.331,3.292,7267214.15
2026-04-10,3.339,3.437,3.462,3.339,13933264.33
2026-04-13,3.43,3.468,3.485,3.421,10417628.58
2026-04-14,3.501,3.55,3.552,3.484,10632436.29
2026-04-15,3.589,3.511,3.595,3.482,13524690.21
2026-04-16,3.522,3.624,3.624,3.511,14796541.81
2026-04-17,3.638,3.67,3.678,3.61,15033058.04
2026-04-20,3.657,3.672,3.689,3.636,14853588.4
2026-04-21,3.663,3.681,3.688,3.614,13828382.79
2026-04-22,3.66,3.758,3.761,3.66,18615005.62
2026-04-23,3.769,3.728,3.789,3.684,14580921.07
2026-04-24,3.689,3.674,3.704,3.63,17128265.13
2026-04-27,3.68,3.652,3.691,3.643,9604111.27
2026-04-28,3.63,3.602,3.643,3.588,11061019.37
2026-04-29,3.585,3.694,3.7,3.578,10641460.64
2026-04-30,3.703,3.689,3.727,3.668,10039839.95
2026-05-06,3.763,3.786,3.824,3.733,19639487.18
2026-05-07,3.814,3.845,3.849,3.769,8949954.93
2026-05-08,3.811,3.806,3.851,3.796,9696179.59
2026-05-11,3.834,3.947,3.947,3.806,13488227.85
2026-05-12,3.952,3.94,3.966,3.907,12480831.42
2026-05-13,3.91,4.048,4.054,3.904,12150098.87
2026-05-14,4.092,3.961,4.104,3.948,14719687.93
2026-05-15,3.961,3.97,4.015,3.88,19036007.06
2026-05-18,3.912,3.923,3.971,3.892,13870921.69
2026-05-19,3.901,3.922,3.931,3.82,14732403.45
2026-05-20,3.895,3.932,3.959,3.895,11602678.46
2026-05-21,3.97,3.846,4.029,3.835,18284145.22
2026-05-22,3.877,3.946,3.959,3.866,14475800.04
2026-05-25,3.982,4.034,4.034,3.916,13650326.11
2026-05-26,4.012,4.055,4.07,3.997,16023245.64
2026-05-27,4.053,4.056,4.158,4.027,17473331.42
2026-05-28,4.039,4.138,4.148,3.984,14011681.81
2026-05-29,4.143,4.053,4.174,4.022,16171880.56
2026-06-01,4.047,3.964,4.094,3.956,13224451.04
2026-06-02,3.981,4.071,4.098,3.959,14821750.13
2026-06-03,4.095,4.145,4.23,4.076,16490581.34
2026-06-04,4.074,4.1,4.131,4.065,10599120.87
2026-06-05,4.083,3.977,4.122,3.947,14663504.74
2026-06-08,3.83,3.827,3.916,3.79,17916388.2
2026-06-09,3.877,3.972,3.975,3.836,15787652.56
2026-06-10,3.925,3.87,3.942,3.835,12698150.08
2026-06-11,3.843,3.83,3.925,3.77,15131491.51
2026-06-12,3.932,3.846,3.934,3.835,12496086.55
2026-06-15,3.912,4.045,4.053,3.858,14610496.38
2026-06-16,4.068,4.111,4.154,4.063,10921490.9
2026-06-17,4.086,4.183,4.183,4.071,10937036.25
2026-06-18,4.169,4.269,4.288,4.16,10580532.2
2026-06-22,4.291,4.379,4.379,4.24,15925980.07
2026-06-23,4.379,4.21,4.379,4.17,18967384.55
2026-06-24,4.206,4.258,4.271,4.174,16634731.56
2026-06-25,4.287,4.395,4.395,4.254,13760513.88
2026-06-26,4.328,4.215,4.344,4.19,15360303.75
2026-06-29,4.2,4.236,4.28,4.118,15535904.24
2026-06-30,4.224,4.364,4.37,4.221,11087848.75
2026-07-01,4.364,4.274,4.378,4.234,12692150.32
2026-07-02,4.207,4.036,4.207,4.016,18764852.36
2026-07-03,4.002,4.037,4.13,4.0,13752184.85
2026-07-06,4.051,3.97,4.077,3.918,12422135.92
2026-07-07,3.93,3.932,3.991,3.872,13412604.13
2026-07-08,3.948,3.867,3.98,3.842,16494277.91
2026-07-09,3.904,4.04,4.048,3.831,19492045.3
2026-07-10,4.046,3.862,4.088,3.86,19048313.67
2026-07-13,3.81,3.751,3.876,3.712,19042355.21
2026-07-14,3.739,3.867,3.874,3.693,23142777.26
2026-07-15,3.885,3.828,3.925,3.812,17779716.56
2026-07-16,3.769,3.723,3.816,3.68,20748558.25
2026-07-17,3.679,3.463,3.679,3.408,43622985.55
2026-07-20,3.512,3.477,3.572,3.358,56299393.89
2026-07-21,3.488,3.709,3.713,3.393,42769293.34
2026-07-22,3.65,3.586,3.716,3.575,25917735.91
2026-07-23,3.597,3.597,3.645,3.559,17742763.52
2026-07-24,3.536,3.508,3.584,3.507,18185051.29
