date,open,close,high,low,volume
2013-01-04,1.570302527973477,1.559444053046001,1.5836668048072937,1.54273870700373,5793368.89
2013-01-07,1.551926647326979,1.5669614587650227,1.5753141317861583,1.5477503108164112,3167598.72
2013-01-08,1.5661261914629094,1.5477503108164112,1.5686319933692499,1.5393976377952756,3261195.91
2013-01-09,1.5435739743058436,1.5435739743058436,1.551926647326979,1.5327154993783674,2636745.07
2013-01-10,1.5435739743058436,1.5444092416079571,1.562785122254455,1.5360565685868215,2668491.42
2013-01-11,1.546079776212184,1.517680687940323,1.5527619146290925,1.5109985495234148,3678670.25
2013-01-14,1.5118338168255285,1.5753141317861583,1.5819962702030665,1.5093280149191879,7662939.93
2013-01-15,1.5753141317861583,1.5811610029009533,1.5886784086199752,1.571973062577704,4217446.51
2013-01-16,1.5811610029009533,1.562785122254455,1.5811610029009533,1.5410681723995026,3497449.24
2013-01-17,1.5619498549523416,1.5469150435142978,1.562785122254455,1.5368918358889352,3660641.34
2013-01-18,1.5544324492333197,1.571973062577704,1.5811610029009533,1.5452445089100708,3521371.68
2013-01-21,1.5744788644840446,1.5803257355988396,1.5811610029009533,1.5544324492333197,4531565.14
2013-01-22,1.5786552009946124,1.5811610029009533,1.5961958143389972,1.5652909241607957,3130024.82
2013-01-23,1.5778199336924992,1.5878431413178618,1.5911842105263159,1.571973062577704,3322561.82
2013-01-24,1.589513675922089,1.5828315375051802,1.633782842934107,1.571973062577704,6176969.73
2013-01-25,1.5828315375051802,1.5744788644840446,1.587007874015748,1.5669614587650227,2844112.36
2013-01-28,1.5753141317861583,1.6279359718193123,1.6279359718193123,1.5753141317861583,4912061.86
2013-01-29,1.6287712391214255,1.6496529216742646,1.6588408619975135,1.6245949026108581,4600171.38
2013-01-30,1.6538292581848324,1.6546645254869456,1.6580055946954002,1.639629714048902,2897104.83
2013-01-31,1.656335060091173,1.6596761292996272,1.6630171985080813,1.6471471197679237,3707282.07
2013-02-01,1.652158723580605,1.710627434728554,1.7131332366348946,1.6496529216742646,5198870.39
2013-02-04,1.7181448404475756,1.7164743058433487,1.736520721094074,1.7081216328222129,7212737.36
2013-02-05,1.7081216328222129,1.7198153750518028,1.7290033153750517,1.6955926232905099,4297021.74
2013-02-06,1.7189801077496893,1.7306738499792789,1.7457086614173227,1.7189801077496893,2692461.99
2013-02-07,1.7290033153750517,1.7089569001243266,1.7306738499792789,1.6772167426440119,4487042.13
2013-02-08,1.7122979693327807,1.6997689598010777,1.7148037712391215,1.685569415665147,3639864.12
2013-02-18,1.7081216328222129,1.6797225445503525,1.710627434728554,1.6788872772482386,4169070.85
2013-02-19,1.6755462080397845,1.652158723580605,1.6822283464566927,1.6446413178615833,3465846.59
2013-02-20,1.6504881889763778,1.6479823870700374,1.6538292581848324,1.622924368006631,4411764.5
2013-02-21,1.6312770410277664,1.5811610029009533,1.6312770410277664,1.5644556568586823,8590292.39
2013-02-22,1.5803257355988396,1.570302527973477,1.5861726067136344,1.5661261914629094,2684023.24
2013-02-25,1.576149399088272,1.5769846663903855,1.5970310816411109,1.5677967260671364,2332136.02
2013-02-26,1.570302527973477,1.5552677165354334,1.600372150849565,1.5544324492333197,5196126.31
2013-02-27,1.5619498549523416,1.5744788644840446,1.5911842105263159,1.561114587650228,4908965.58
2013-02-28,1.5911842105263159,1.6304417737256527,1.6329475756319936,1.5736435971819314,6155534.73
2013-03-01,1.6312770410277664,1.6237596353087445,1.6371239121425611,1.5970310816411109,4269924.43
2013-03-04,1.5953605470368835,1.5377271031910484,1.603713220058019,1.5285391628677996,7116791.17
2013-03-05,1.5410681723995026,1.597866348943224,1.5995368835474515,1.5385623704931621,7855285.38
2013-03-06,1.607889556568587,1.6137364276833817,1.6220891007045173,1.5903489432242022,4623435.25
2013-03-07,1.6062190219643597,1.5861726067136344,1.6162422295897225,1.570302527973477,5064373.83
2013-03-08,1.592854745130543,1.587007874015748,1.600372150849565,1.5786552009946124,3084470.29
2013-03-11,1.5794904682967261,1.5694672606713636,1.585337339411521,1.559444053046001,2640337.41
2013-03-12,1.5669614587650227,1.5477503108164112,1.5836668048072937,1.533550766680481,4103522.03
2013-03-13,1.5419034397016163,1.531880232076254,1.5527619146290925,1.5268686282635724,3135446.5
2013-03-14,1.5293744301699128,1.5360565685868215,1.5452445089100708,1.5210217571487776,2512665.9
2013-03-15,1.5360565685868215,1.5410681723995026,1.5811610029009533,1.517680687940323,5772256.91
2013-03-18,1.5327154993783674,1.5135043514297557,1.5385623704931621,1.5135043514297557,3666686.67
2013-03-19,1.5151748860339826,1.5285391628677996,1.535221301284708,1.5093280149191879,4037703.88
2013-03-20,1.5293744301699128,1.589513675922089,1.5903489432242022,1.5293744301699128,9211037.46
2013-03-21,1.5920194778284293,1.5878431413178618,1.5961958143389972,1.5794904682967261,3064761.74
2013-03-22,1.589513675922089,1.589513675922089,1.5970310816411109,1.5811610029009533,2414012.06
2013-03-25,1.5953605470368835,1.5878431413178618,1.6095600911728138,1.5836668048072937,3181198.19
2013-03-26,1.5819962702030665,1.553597181931206,1.5819962702030665,1.5477503108164112,3269546.81
2013-03-27,1.5561029838375469,1.5577735184417738,1.5794904682967261,1.5477503108164112,3499394.21
2013-03-28,1.531880232076254,1.4934579361790303,1.531880232076254,1.4784231247409865,5900670.14
2013-03-29,1.4967990053874844,1.4934579361790303,1.501810609200166,1.482599461251554,3460331.36
2013-04-01,1.4901168669705762,1.4892815996684625,1.5009753418980523,1.4842699958557812,3583351.91
2013-04-02,1.4901168669705762,1.4917874015748032,1.5076574803149607,1.480928926647327,3991813.74
2013-04-03,1.4951284707832573,1.4934579361790303,1.5093280149191879,1.486775797762122,3684051.89
2013-04-08,1.4725762536261917,1.4784231247409865,1.4851052631578947,1.4617177786987152,4090205.67
2013-04-09,1.482599461251554,1.4926226688769166,1.5043164111065064,1.482599461251554,4414264.72
2013-04-10,1.4926226688769166,1.4934579361790303,1.4976342726895981,1.4834347285536675,2675976.65
2013-04-11,1.506822213012847,1.4926226688769166,1.5109985495234148,1.4909521342726895,2275646.72
2013-04-12,1.4917874015748032,1.4834347285536675,1.4984695399917118,1.4817641939494406,1993700.01
2013-04-15,1.480928926647327,1.471740986324078,1.4851052631578947,1.4667293825113967,3369395.2
2013-04-16,1.4633883133029426,1.4784231247409865,1.4800936593452134,1.455035640281807,4435028.38
2013-04-17,1.4767525901367593,1.4709057190219643,1.480928926647327,1.4600472440944883,2639603.03
2013-04-18,1.4617177786987152,1.4750820555325324,1.4817641939494406,1.455035640281807,4027129.05
2013-04-19,1.480928926647327,1.5251980936593454,1.5327154993783674,1.4800936593452134,7341442.26
2013-04-22,1.5243628263572317,1.5226922917530046,1.5277038955656859,1.5168454206382098,3416637.99
2013-04-23,1.5251980936593454,1.4725762536261917,1.5251980936593454,1.4709057190219643,5289899.76
2013-04-24,1.4742467882304187,1.4951284707832573,1.5101632822213016,1.4675646498135102,6329424.8
2013-04-25,1.4909521342726895,1.4842699958557812,1.503481143804393,1.471740986324078,5219814.41
2013-04-26,1.4892815996684625,1.4742467882304187,1.499304807293825,1.4675646498135102,3760263.26
2013-05-02,1.4700704517198508,1.4742467882304187,1.4750820555325324,1.458376709490261,2692066.89
2013-05-03,1.4792583920431,1.5001400745959388,1.520186489846664,1.4775878574388728,5924783.16
2013-05-06,1.5043164111065064,1.514339618731869,1.5251980936593454,1.5043164111065064,4378822.04
2013-05-07,1.512669084127642,1.517680687940323,1.5226922917530046,1.503481143804393,3197692.34
2013-05-08,1.5251980936593454,1.5218570244508913,1.5410681723995026,1.5168454206382098,4310440.83
2013-05-09,1.5210217571487776,1.5101632822213016,1.5251980936593454,1.4967990053874844,2883170.27
2013-05-10,1.503481143804393,1.5193512225445505,1.5226922917530046,1.5026458765022792,3440873.35
2013-05-13,1.5210217571487776,1.5109985495234148,1.5226922917530046,1.503481143804393,2581899.3
2013-05-14,1.5076574803149607,1.4909521342726895,1.5101632822213016,1.4792583920431,3091746.93
2013-05-15,1.4917874015748032,1.4917874015748032,1.4976342726895981,1.4859405304600084,2139798.27
2013-05-16,1.486775797762122,1.5193512225445505,1.520186489846664,1.4792583920431,5275166.78
2013-05-17,1.5193512225445505,1.5393976377952756,1.5444092416079571,1.5118338168255285,4704391.46
2013-05-20,1.5402329050973893,1.5544324492333197,1.5677967260671364,1.5393976377952756,4812296.85
2013-05-21,1.551926647326979,1.5469150435142978,1.5561029838375469,1.5385623704931621,3369000.57
2013-05-22,1.546079776212184,1.5502561127227519,1.5544324492333197,1.5419034397016163,2746688.85
2013-05-23,1.5419034397016163,1.5226922917530046,1.5494208454206382,1.5218570244508913,3989651.35
2013-05-24,1.5293744301699128,1.5277038955656859,1.5419034397016163,1.514339618731869,3569874.9
2013-05-27,1.5260333609614587,1.5243628263572317,1.535221301284708,1.520186489846664,2418481.63
2013-05-28,1.5260333609614587,1.562785122254455,1.5636203895565686,1.5185159552424368,5283254.52
2013-05-29,1.5636203895565686,1.5544324492333197,1.571973062577704,1.5527619146290925,4256919.28
2013-05-30,1.5502561127227519,1.5494208454206382,1.5586087857438875,1.5452445089100708,3130205.72
2013-05-31,1.551926647326979,1.5368918358889352,1.5586087857438875,1.533550766680481,3598356.1
2013-06-03,1.5393976377952756,1.5402329050973893,1.5552677165354334,1.5377271031910484,3485591.44
2013-06-04,1.5385623704931621,1.5251980936593454,1.5410681723995026,1.5210217571487776,4675908.87
2013-06-05,1.5260333609614587,1.514339618731869,1.5268686282635724,1.5109985495234148,2333140.96
2013-06-06,1.512669084127642,1.4984695399917118,1.5151748860339826,1.495963738085371,3147987.51
2013-06-07,1.5001400745959388,1.4784231247409865,1.5059869457107333,1.4725762536261917,3519143.38
2013-06-13,1.460882511396602,1.4408360961458766,1.460882511396602,1.4207896808951515,13363752.09
2013-06-14,1.4408360961458766,1.4416713634479903,1.444177165354331,1.4299776212184006,7908635.41
2013-06-17,1.444177165354331,1.4291423539162869,1.4466829672606714,1.4274718193120597,2673970.61
2013-06-18,1.4366597596353088,1.4383302942395357,1.4450124326564444,1.4241307501036056,3322665.04
2013-06-19,1.4324834231247412,1.4258012847078327,1.4333186904268547,1.4099312059676752,3736725.37
2013-06-20,1.4199544135930378,1.380696850393701,1.4199544135930378,1.37819104848736,3413414.22
2013-06-21,1.361485702445089,1.37819104848736,1.3907200580190635,1.3548035640281808,4668074.47
2013-06-24,1.3740147119767925,1.290487981765437,1.3740147119767925,1.287146912556983,6970357.46
2013-06-25,1.279629506837961,1.2946643182760051,1.2971701201823458,1.2027849150435144,18893236.45
2013-06-26,1.2954995855781184,1.2771237049316204,1.296334852880232,1.261253626191463,5544870.04
2013-06-27,1.2829705760464154,1.2821353087443017,1.2996759220886864,1.2746179030252798,4874509.97
2013-06-28,1.2821353087443017,1.3197223373394116,1.3297455449647744,1.2679357646083713,5119651.23
2013-07-01,1.3080285951098218,1.3155460008288438,1.3180518027351846,1.2971701201823458,2868539.14
2013-07-02,1.3222281392457522,1.309699129714049,1.323063406547866,1.2946643182760051,3496046.14
2013-07-03,1.3030169912971405,1.2980053874844593,1.303852258599254,1.2804647741400745,3250117.41
2013-07-04,1.290487981765437,1.3080285951098218,1.3222281392457522,1.2838058433485287,4297493.03
2013-07-05,1.3138754662246168,1.3147107335267303,1.3289102776626607,1.3113696643182762,3513754.02
2013-07-08,1.3021817239950269,1.290487981765437,1.3080285951098218,1.2821353087443017,4895334.7
2013-07-09,1.290487981765437,1.287146912556983,1.2946643182760051,1.2813000414421882,2762051.69
2013-07-10,1.287146912556983,1.323063406547866,1.3238986738499792,1.2846411106506423,4223703.18
2013-07-11,1.3322513468711148,1.406590136759221,1.424966017405719,1.3322513468711148,9182256.39
2013-07-12,1.4015785329465396,1.3631562370493162,1.4032490675507667,1.3573093659345215,4768627.76
2013-07-15,1.3706736427683381,1.3765205138831331,1.4015785329465396,1.358144633236635,5932003.4
2013-07-16,1.3715089100704516,1.3765205138831331,1.3773557811852468,1.3539682967260673,3295387.86
2013-07-17,1.3740147119767925,1.3589799005387484,1.3848731869042687,1.358144633236635,4308715.84
2013-07-18,1.3531330294239536,1.3305808122668876,1.3589799005387484,1.3289102776626607,2959370.28
2013-07-19,1.333921881475342,1.2988406547865727,1.3380982179859098,1.2946643182760051,3394982.57
2013-07-22,1.2821353087443017,1.3005111893908,1.3030169912971405,1.2804647741400745,2993559.41
2013-07-23,1.3071933278077081,1.3364276833816826,1.3514624948197267,1.3021817239950269,8050020.16
2013-07-24,1.3280750103605472,1.3197223373394116,1.333921881475342,1.3005111893908,3710438.84
2013-07-25,1.3222281392457522,1.3188870700372979,1.3347571487774557,1.3105343970161625,4232010.48
2013-07-26,1.3071933278077081,1.3113696643182762,1.3180518027351846,1.3030169912971405,2951037.8
2013-07-29,1.2996759220886864,1.279629506837961,1.2996759220886864,1.2754531703273932,2745653.51
2013-07-30,1.2829705760464154,1.2938290509738914,1.3155460008288438,1.2804647741400745,4295098.55
2013-07-31,1.3071933278077081,1.2954995855781184,1.3247339411520929,1.292993783671778,3167112.05
2013-08-01,1.303852258599254,1.32640447575632,1.3322513468711148,1.3013464566929136,5326852.25
2013-08-02,1.3364276833816826,1.3247339411520929,1.3447803564028182,1.3213928719436387,3864141.45
2013-08-05,1.3272397430584335,1.3389334852880233,1.339768752590137,1.320557604641525,2864974.82
2013-08-06,1.3330866141732285,1.3406040198922504,1.3497919602154995,1.320557604641525,3534317.2
2013-08-07,1.3389334852880233,1.3347571487774557,1.3573093659345215,1.3330866141732285,4423175.77
2013-08-08,1.3330866141732285,1.3322513468711148,1.3472861583091587,1.3255692084542066,3402683.47
2013-08-09,1.3414392871943641,1.339768752590137,1.3472861583091587,1.320557604641525,4263692.74
2013-08-12,1.348956692913386,1.3890495234148366,1.3907200580190635,1.3439450891007045,8241874.17
2013-08-13,1.3890495234148366,1.3948963945296313,1.3982374637380854,1.3823673849979279,4002428.82
2013-08-14,1.397402196435972,1.3890495234148366,1.4174486116866971,1.3848731869042687,4943930.85
2013-08-15,1.397402196435972,1.374849979278906,1.3999079983423124,1.3723441773725653,3126047.7
2013-08-16,1.3706736427683381,1.374849979278906,1.464223580605056,1.3548035640281808,17637683.41
2013-08-19,1.3606504351429756,1.384037919602155,1.3940611272275176,1.3548035640281808,4951342.17
2013-08-20,1.3832026523000416,1.374849979278906,1.4032490675507667,1.3690031081641112,4451458.46
2013-08-21,1.3765205138831331,1.3690031081641112,1.384037919602155,1.3573093659345215,3303941.12
2013-08-22,1.365662038955657,1.3648267716535434,1.3857084542063822,1.3623209697472027,4302756.21
2013-08-23,1.3723441773725653,1.3514624948197267,1.37819104848736,1.3297455449647744,4639134.11
2013-08-26,1.356474098632408,1.3823673849979279,1.384037919602155,1.348956692913386,5671564.78
2013-08-27,1.3798615830915872,1.380696850393701,1.3873789888106094,1.3698383754662247,3622080.65
2013-08-28,1.3715089100704516,1.3756852465810194,1.3857084542063822,1.3573093659345215,4416945.76
2013-08-29,1.3848731869042687,1.3706736427683381,1.3873789888106094,1.3639915043514297,3693067.13
2013-08-30,1.3681678408619975,1.3740147119767925,1.3823673849979279,1.3589799005387484,2894460.05
2013-09-02,1.37819104848736,1.3765205138831331,1.3823673849979279,1.3648267716535434,2582897.77
2013-09-03,1.3790263157894738,1.393225859925404,1.3957316618317448,1.3765205138831331,4146918.27
2013-09-04,1.3907200580190635,1.3948963945296313,1.3982374637380854,1.3890495234148366,2729286.84
2013-09-05,1.393225859925404,1.3907200580190635,1.3948963945296313,1.3865437215084957,2570083.82
2013-09-06,1.3873789888106094,1.4057548694571074,1.406590136759221,1.3873789888106094,4073991.56
2013-09-09,1.4182838789888108,1.4800936593452134,1.486775797762122,1.4182838789888108,8713139.29
2013-09-10,1.4851052631578947,1.5026458765022792,1.503481143804393,1.4767525901367593,6338441.64
2013-09-11,1.512669084127642,1.5059869457107333,1.5251980936593454,1.5009753418980523,7404069.66
2013-09-12,1.5059869457107333,1.5310449647741402,1.5561029838375469,1.4942932034811436,7681614.61
2013-09-13,1.5293744301699128,1.512669084127642,1.535221301284708,1.5093280149191879,4306520.52
2013-09-16,1.5193512225445505,1.5009753418980523,1.5260333609614587,1.4876110650642353,4744114.37
2013-09-17,1.5043164111065064,1.4675646498135102,1.5084927476170742,1.465894115209283,4457711.84
2013-09-18,1.4667293825113967,1.4692351844177372,1.4742467882304187,1.4500240364691255,3434698.48
2013-09-23,1.4742467882304187,1.4775878574388728,1.482599461251554,1.464223580605056,3442428.85
2013-09-24,1.4775878574388728,1.445847699958558,1.4775878574388728,1.4349892250310816,4821856.24
2013-09-25,1.4416713634479903,1.4341539577289684,1.4567061748860342,1.4324834231247412,3184800.93
2013-09-26,1.4324834231247412,1.4107664732697889,1.4324834231247412,1.4057548694571074,5724788.66
2013-09-27,1.4074254040613343,1.41577807708247,1.4166133443845834,1.4032490675507667,3083861.56
2013-09-30,1.421624948197265,1.4174486116866971,1.4308128885205138,1.4116017405719021,2844491.81
2013-10-08,1.4116017405719021,1.4341539577289684,1.4383302942395357,1.4024138002486533,3673802.35
2013-10-09,1.4274718193120597,1.4391655615416494,1.444177165354331,1.4232954828014919,3340601.74
2013-10-10,1.4408360961458766,1.4149428097803562,1.4450124326564444,1.4124370078740158,4407376.45
2013-10-11,1.4241307501036056,1.4408360961458766,1.4433418980522172,1.419119146290924,5457408.64
2013-10-14,1.4416713634479903,1.4349892250310816,1.444177165354331,1.4308128885205138,2715075.11
2013-10-15,1.4358244923331953,1.4283070866141732,1.4391655615416494,1.4199544135930378,3283594.58
2013-10-16,1.4241307501036056,1.4107664732697889,1.4258012847078327,1.4049196021549937,3641258.99
2013-10-17,1.4174486116866971,1.4040843348528802,1.4199544135930378,1.4024138002486533,3465983.89
2013-10-18,1.4057548694571074,1.414107542478243,1.4224602154993786,1.4049196021549937,2583411.18
2013-10-21,1.41577807708247,1.4316481558226275,1.4333186904268547,1.4049196021549937,4010413.88
2013-10-22,1.4291423539162869,1.4149428097803562,1.4291423539162869,1.4099312059676752,3346514.87
2013-10-23,1.4232954828014919,1.414107542478243,1.4391655615416494,1.4099312059676752,5849336.19
2013-10-24,1.4116017405719021,1.3982374637380854,1.41577807708247,1.3965669291338583,4391624.05
2013-10-25,1.3990727310401991,1.3890495234148366,1.4107664732697889,1.3815321176958142,6091154.77
2013-10-28,1.391555325321177,1.3907200580190635,1.3957316618317448,1.3823673849979279,2932963.52
2013-10-29,1.393225859925404,1.408260671363448,1.4283070866141732,1.3890495234148366,6355496.88
2013-10-30,1.4099312059676752,1.426636552009946,1.426636552009946,1.4015785329465396,6517093.48
2013-10-31,1.4199544135930378,1.4074254040613343,1.421624948197265,1.4057548694571074,3415105.12
2013-11-01,1.4090959386655617,1.4199544135930378,1.4241307501036056,1.4040843348528802,3966941.04
2013-11-04,1.4258012847078327,1.414107542478243,1.4333186904268547,1.4099312059676752,3014417.34
2013-11-05,1.4057548694571074,1.4090959386655617,1.419119146290924,1.3923905926232907,3824800.51
2013-11-06,1.4024138002486533,1.3940611272275176,1.406590136759221,1.391555325321177,3642740.86
2013-11-07,1.3940611272275176,1.3898847907169498,1.3965669291338583,1.384037919602155,2897196.66
2013-11-08,1.3857084542063822,1.3690031081641112,1.393225859925404,1.367332573559884,4553673.84
2013-11-11,1.3681678408619975,1.3706736427683381,1.3756852465810194,1.3623209697472027,2685295.93
2013-11-12,1.374849979278906,1.3890495234148366,1.3890495234148366,1.374849979278906,3438378.61
2013-11-13,1.3790263157894738,1.3539682967260673,1.3790263157894738,1.3539682967260673,4441567.67
2013-11-14,1.3539682967260673,1.3548035640281808,1.359815167840862,1.3456156237049317,3666974.47
2013-11-15,1.3122049316203896,1.3364276833816826,1.3531330294239536,1.3122049316203896,6134833.03
2013-11-18,1.348956692913386,1.3990727310401991,1.3999079983423124,1.343109821798591,6959422.46
2013-11-19,1.3990727310401991,1.3832026523000416,1.3990727310401991,1.380696850393701,4140401.85
2013-11-20,1.393225859925404,1.3865437215084957,1.3990727310401991,1.3773557811852468,4265765.06
2013-11-21,1.37819104848736,1.3731794446746788,1.37819104848736,1.3573093659345215,4664271.49
2013-11-22,1.3756852465810194,1.3690031081641112,1.3790263157894738,1.3664973062577703,4024621.63
2013-11-25,1.3606504351429756,1.361485702445089,1.3823673849979279,1.358144633236635,5046943.54
2013-11-26,1.3606504351429756,1.3589799005387484,1.3681678408619975,1.3556388313302943,3472308.78
2013-11-27,1.3589799005387484,1.3723441773725653,1.3823673849979279,1.356474098632408,4649279.74
2013-11-28,1.3765205138831331,1.3857084542063822,1.3999079983423124,1.3740147119767925,5134174.88
2013-11-29,1.3907200580190635,1.3832026523000416,1.391555325321177,1.3798615830915872,3133980.35
2013-12-02,1.3865437215084957,1.3990727310401991,1.4116017405719021,1.3790263157894738,7755329.43
2013-12-03,1.3923905926232907,1.3999079983423124,1.4049196021549937,1.3857084542063822,4617677.7
2013-12-04,1.3999079983423124,1.4166133443845834,1.426636552009946,1.3965669291338583,5426295.81
2013-12-05,1.414107542478243,1.4116017405719021,1.4182838789888108,1.4090959386655617,3386945.73
2013-12-06,1.406590136759221,1.3965669291338583,1.408260671363448,1.3923905926232907,4331330.13
2013-12-09,1.400743265644426,1.391555325321177,1.4074254040613343,1.3890495234148366,3632472.37
2013-12-10,1.3948963945296313,1.393225859925404,1.3999079983423124,1.3882142561127229,3684467.5
2013-12-11,1.3873789888106094,1.3690031081641112,1.3873789888106094,1.361485702445089,4130368.7
2013-12-12,1.3648267716535434,1.3606504351429756,1.3690031081641112,1.359815167840862,3477851.03
2013-12-13,1.3514624948197267,1.3589799005387484,1.3623209697472027,1.3464508910070454,3723472.04
2013-12-16,1.3648267716535434,1.3389334852880233,1.3664973062577703,1.3372629506837963,3915109.92
2013-12-17,1.3406040198922504,1.3322513468711148,1.3422745544964774,1.3305808122668876,4039941.11
2013-12-18,1.333921881475342,1.335592416079569,1.3422745544964774,1.3314160795690013,3815256.9
2013-12-19,1.3406040198922504,1.320557604641525,1.343109821798591,1.3197223373394116,4439090.87
2013-12-20,1.3213928719436387,1.2888174471612102,1.323063406547866,1.285476377952756,6320849.6
2013-12-23,1.290487981765437,1.2879821798590967,1.2980053874844593,1.2779589722337341,5115435.71
2013-12-24,1.292993783671778,1.2863116452548695,1.3013464566929136,1.2779589722337341,4632617.18
2013-12-25,1.2879821798590967,1.2913232490675508,1.292993783671778,1.2813000414421882,4537799.57
2013-12-26,1.2896527144633239,1.2754531703273932,1.290487981765437,1.270441566514712,4355160.74
2013-12-27,1.2771237049316204,1.2938290509738914,1.3030169912971405,1.2737826357231663,4430149.93
2013-12-30,1.3005111893908,1.292993783671778,1.3013464566929136,1.2888174471612102,3949542.52
2013-12-31,1.290487981765437,1.3122049316203896,1.3163812681309575,1.2846411106506423,6141166.75
2014-01-02,1.3080285951098218,1.3013464566929136,1.3088638624119355,1.296334852880232,2877847.7
2014-01-03,1.296334852880232,1.2821353087443017,1.2971701201823458,1.2787942395358474,4162933.36
2014-01-06,1.2804647741400745,1.2637594280978035,1.2804647741400745,1.2529009531703275,4929123.75
2014-01-07,1.2554067550766679,1.26292416079569,1.2654299627020307,1.252065685868214,3139118.42
2014-01-08,1.26292416079569,1.2637594280978035,1.2746179030252798,1.2554067550766679,4312025.98
2014-01-09,1.259583091587236,1.2554067550766679,1.2729473684210526,1.253736220472441,5113506.11
2014-01-10,1.2545714877745546,1.250395151263987,1.2587478242851222,1.2470540820555327,4213321.91
2014-01-13,1.2512304185661003,1.2453835474513055,1.2587478242851222,1.2437130128470786,6403832.45
2014-01-14,1.246218814753419,1.2487246166597596,1.2545714877745546,1.23703087443017,4698598.01
2014-01-15,1.2487246166597596,1.2420424782428514,1.2487246166597596,1.2345250725238293,3077824.88
2014-01-16,1.2420424782428514,1.2445482801491918,1.253736220472441,1.23703087443017,3245636.9
2014-01-17,1.2403719436386242,1.2303487360132617,1.2428777455449649,1.2278429341069208,3544058.52
2014-01-20,1.2303487360132617,1.2236665975963532,1.2311840033153751,1.2178197264815582,3412053.58
2014-01-21,1.2253371322005804,1.2311840033153751,1.2412072109407377,1.2245018648984667,3690792.17
2014-01-22,1.235360339825943,1.2637594280978035,1.2654299627020307,1.232854537919602,5214838.68
2014-01-23,1.261253626191463,1.252065685868214,1.26292416079569,1.2487246166597596,2897897.04
2014-01-24,1.2453835474513055,1.252065685868214,1.2645946953999172,1.2445482801491918,4043453.06
2014-01-27,1.2445482801491918,1.2345250725238293,1.246218814753419,1.2320192706174886,3108915.75
2014-01-28,1.2361956071280564,1.2412072109407377,1.2453835474513055,1.2336898052217158,2622874.72
2014-01-29,1.2445482801491918,1.246218814753419,1.2487246166597596,1.2420424782428514,1877287.66
2014-01-30,1.2445482801491918,1.2320192706174886,1.2445482801491918,1.2320192706174886,2186096.48
2014-02-07,1.2236665975963532,1.229513468711148,1.2303487360132617,1.218654993783672,2454968.92
2014-02-10,1.2336898052217158,1.253736220472441,1.2554067550766679,1.2336898052217158,4603912.72
2014-02-11,1.2529009531703275,1.2746179030252798,1.2804647741400745,1.2495598839618733,6230256.69
2014-02-12,1.276288437629507,1.2712768338168257,1.2821353087443017,1.268771031910485,4017306.75
2014-02-13,1.2696062992125985,1.2754531703273932,1.290487981765437,1.2662652300041444,4563957.65
2014-02-14,1.2729473684210526,1.2779589722337341,1.279629506837961,1.2721121011189391,2669877.94
2014-02-17,1.290487981765437,1.2813000414421882,1.2913232490675508,1.2746179030252798,3874853.05
2014-02-18,1.279629506837961,1.2579125569830087,1.279629506837961,1.253736220472441,5157693.37
2014-02-19,1.2570772896808953,1.2771237049316204,1.2863116452548695,1.253736220472441,6633206.29
2014-02-20,1.2813000414421882,1.2679357646083713,1.2980053874844593,1.2662652300041444,6239637.7
2014-02-21,1.2654299627020307,1.2545714877745546,1.270441566514712,1.2495598839618733,3284835.21
2014-02-24,1.2428777455449649,1.2253371322005804,1.2428777455449649,1.2178197264815582,4687325.67
2014-02-25,1.2253371322005804,1.2027849150435144,1.2311840033153751,1.19944384583506,4580144.58
2014-02-26,1.196102776626606,1.2027849150435144,1.2077965188561957,1.1935969747202653,3870572.59
2014-02-27,1.2061259842519685,1.2119728553667635,1.2194902610857854,1.1969380439287194,4557632.49
2014-02-28,1.2103023207625365,1.2203255283878989,1.2236665975963532,1.196102776626606,4640179.3
2014-03-03,1.2178197264815582,1.2178197264815582,1.2236665975963532,1.2111375880646498,3197736.51
2014-03-04,1.2136433899709906,1.218654993783672,1.2236665975963532,1.2086317861583091,3325702.43
2014-03-05,1.2211607956900126,1.2061259842519685,1.2228313302942395,1.2061259842519685,2546669.18
2014-03-06,1.205290716949855,1.216149191877331,1.2219960629921263,1.197773311230833,4218938.34
2014-03-07,1.2153139245752178,1.212808122668877,1.2278429341069208,1.2103023207625365,3196403.26
2014-03-10,1.205290716949855,1.1760563613758805,1.2061259842519685,1.1743858267716536,4328309.84
2014-03-11,1.1760563613758805,1.1777268959801077,1.186914836303357,1.1710447575631993,4331396.82
2014-03-12,1.1752210940737673,1.181067965188562,1.1927617074181518,1.1710447575631993,4192628.49
2014-03-13,1.1902559055118112,1.197773311230833,1.2103023207625365,1.1844090343970162,4577672.08
2014-03-14,1.1935969747202653,1.1877501036054703,1.19944384583506,1.182738499792789,1962094.39
2014-03-17,1.1969380439287194,1.197773311230833,1.2002791131371737,1.1877501036054703,2509462.01
2014-03-18,1.197773311230833,1.1902559055118112,1.2002791131371737,1.1894206382096975,2455165.77
2014-03-19,1.188585370907584,1.1852443016991299,1.188585370907584,1.1743858267716536,3318661.95
2014-03-20,1.1793974305843349,1.1760563613758805,1.197773311230833,1.1752210940737673,3794437.59
2014-03-21,1.1743858267716536,1.2219960629921263,1.2261723995026939,1.171880024865313,8254679.35
2014-03-24,1.2245018648984667,1.232854537919602,1.2403719436386242,1.2194902610857854,6411341.52
2014-03-25,1.2278429341069208,1.2236665975963532,1.2378661417322836,1.2219960629921263,3833506.04
2014-03-26,1.229513468711148,1.2219960629921263,1.2336898052217158,1.2194902610857854,3233694.98
2014-03-27,1.2194902610857854,1.2228313302942395,1.2403719436386242,1.2111375880646498,5460162.26
2014-03-28,1.2228313302942395,1.2286782014090345,1.23703087443017,1.2211607956900126,5642557.06
2014-03-31,1.2320192706174886,1.2228313302942395,1.232854537919602,1.2144786572731041,3644099.53
2014-04-01,1.2228313302942395,1.2270076668048076,1.235360339825943,1.218654993783672,4460239.33
2014-04-02,1.2286782014090345,1.2428777455449649,1.2453835474513055,1.2278429341069208,6191253.8
2014-04-03,1.2487246166597596,1.2320192706174886,1.2545714877745546,1.2320192706174886,5573768.55
2014-04-04,1.2303487360132617,1.2428777455449649,1.2437130128470786,1.2245018648984667,4910833.67
2014-04-08,1.2403719436386242,1.279629506837961,1.2863116452548695,1.2403719436386242,8637537.91
2014-04-09,1.2813000414421882,1.276288437629507,1.2829705760464154,1.2729473684210526,3995242.02
2014-04-10,1.2771237049316204,1.3088638624119355,1.3238986738499792,1.268771031910485,8763528.39
2014-04-11,1.3088638624119355,1.303852258599254,1.3130401989225031,1.2954995855781184,5840372.37
2014-04-14,1.3030169912971405,1.296334852880232,1.3071933278077081,1.290487981765437,4031417.3
2014-04-15,1.292993783671778,1.2712768338168257,1.292993783671778,1.2671004973062576,5013758.29
2014-04-16,1.2662652300041444,1.2712768338168257,1.2813000414421882,1.26292416079569,4328777.15
2014-04-17,1.2771237049316204,1.2662652300041444,1.2779589722337341,1.2637594280978035,3279157.07
2014-04-18,1.261253626191463,1.2654299627020307,1.270441566514712,1.252065685868214,4687651.22
2014-04-21,1.2562420223787816,1.2437130128470786,1.2721121011189391,1.2428777455449649,4504412.99
2014-04-22,1.2428777455449649,1.2570772896808953,1.259583091587236,1.2403719436386242,4867626.56
2014-04-23,1.2529009531703275,1.2570772896808953,1.2637594280978035,1.2512304185661003,3874782.47
2014-04-24,1.2562420223787816,1.2604183588893494,1.270441566514712,1.2529009531703275,3633213.64
2014-04-25,1.2637594280978035,1.2529009531703275,1.268771031910485,1.252065685868214,3972646.96
2014-04-28,1.2512304185661003,1.2387014090343973,1.253736220472441,1.2361956071280564,3768563.9
2014-04-29,1.2387014090343973,1.2470540820555327,1.2487246166597596,1.2336898052217158,4756283.29
2014-04-30,1.246218814753419,1.246218814753419,1.2487246166597596,1.2420424782428514,2827066.03
2014-05-05,1.2437130128470786,1.2387014090343973,1.2445482801491918,1.2286782014090345,3203506.17
2014-05-06,1.235360339825943,1.23703087443017,1.2487246166597596,1.2345250725238293,3533225.4
2014-05-07,1.2345250725238293,1.2303487360132617,1.23703087443017,1.2286782014090345,3156536.53
2014-05-08,1.2286782014090345,1.232854537919602,1.2495598839618733,1.2270076668048076,5251619.95
2014-05-09,1.235360339825943,1.232854537919602,1.23703087443017,1.2286782014090345,4112182.99
2014-05-12,1.2420424782428514,1.2554067550766679,1.2587478242851222,1.2345250725238293,6320713.53
2014-05-13,1.2545714877745546,1.2495598839618733,1.2570772896808953,1.2487246166597596,2885662.25
2014-05-14,1.250395151263987,1.2512304185661003,1.2579125569830087,1.2487246166597596,2438005.48
2014-05-15,1.250395151263987,1.2395366763365105,1.2512304185661003,1.2395366763365105,3172921.16
2014-05-16,1.2395366763365105,1.23703087443017,1.2437130128470786,1.2345250725238293,2890555.48
2014-05-19,1.2336898052217158,1.2169844591794448,1.2336898052217158,1.2119728553667635,4041801.85
2014-05-20,1.2211607956900126,1.2153139245752178,1.2236665975963532,1.2136433899709906,2625125.61
2014-05-21,1.2136433899709906,1.2270076668048076,1.2286782014090345,1.205290716949855,3804168.67
2014-05-22,1.2261723995026939,1.2245018648984667,1.2445482801491918,1.2236665975963532,4592448.38
2014-05-23,1.2253371322005804,1.2361956071280564,1.2378661417322836,1.2253371322005804,3675580.67
2014-05-26,1.2412072109407377,1.2378661417322836,1.2487246166597596,1.2336898052217158,3509401.94
2014-05-27,1.2387014090343973,1.2345250725238293,1.2412072109407377,1.232854537919602,3024604.31
2014-05-28,1.2345250725238293,1.2428777455449649,1.2445482801491918,1.2278429341069208,3661352.59
2014-05-29,1.2437130128470786,1.2378661417322836,1.2470540820555327,1.23703087443017,3611753.9
2014-05-30,1.23703087443017,1.2336898052217158,1.2403719436386242,1.2311840033153751,2964683.16
2014-06-03,1.2345250725238293,1.2303487360132617,1.2428777455449649,1.2303487360132617,2742544.63
2014-06-04,1.2303487360132617,1.2228313302942395,1.2311840033153751,1.2178197264815582,2650250.45
2014-06-05,1.2219960629921263,1.23703087443017,1.2378661417322836,1.2194902610857854,2766425.1
2014-06-06,1.23703087443017,1.2270076668048076,1.23703087443017,1.2203255283878989,2864390.52
2014-06-09,1.2219960629921263,1.229513468711148,1.2428777455449649,1.2203255283878989,4343781.38
2014-06-10,1.2336898052217158,1.2445482801491918,1.2445482801491918,1.2286782014090345,4639913.39
2014-06-11,1.2395366763365105,1.2395366763365105,1.2428777455449649,1.2361956071280564,3248522.47
2014-06-12,1.2387014090343973,1.23703087443017,1.2420424782428514,1.2361956071280564,2629872.73
2014-06-13,1.2361956071280564,1.2529009531703275,1.2579125569830087,1.235360339825943,4944423.45
2014-06-16,1.2529009531703275,1.2662652300041444,1.2696062992125985,1.2512304185661003,6208406.29
2014-06-17,1.26292416079569,1.2545714877745546,1.26292416079569,1.253736220472441,4307938.01
2014-06-18,1.2545714877745546,1.2495598839618733,1.2570772896808953,1.2487246166597596,3898768.48
2014-06-19,1.2495598839618733,1.2345250725238293,1.253736220472441,1.2311840033153751,4540675.01
2014-06-20,1.235360339825943,1.2403719436386242,1.2420424782428514,1.2345250725238293,3901800.51
2014-06-23,1.2412072109407377,1.2361956071280564,1.2470540820555327,1.235360339825943,3176789.75
2014-06-24,1.2361956071280564,1.2437130128470786,1.2445482801491918,1.235360339825943,2648539.94
2014-06-25,1.2445482801491918,1.2378661417322836,1.2445482801491918,1.2361956071280564,2297509.73
2014-06-26,1.2395366763365105,1.2445482801491918,1.246218814753419,1.2387014090343973,2975574.51
2014-06-27,1.2437130128470786,1.2412072109407377,1.2487246166597596,1.2387014090343973,3004422.15
2014-06-30,1.2420424782428514,1.250395151263987,1.2529009531703275,1.2420424782428514,4287608.79
2014-07-01,1.2562420223787816,1.2470540820555327,1.2570772896808953,1.2437130128470786,2898023.03
2014-07-02,1.2487246166597596,1.253736220472441,1.2545714877745546,1.2453835474513055,3963056.32
2014-07-03,1.2529009531703275,1.2570772896808953,1.2604183588893494,1.250395151263987,4199946.34
2014-07-04,1.2562420223787816,1.261253626191463,1.26292416079569,1.2562420223787816,3513339.24
2014-07-07,1.261253626191463,1.2620888934935763,1.2645946953999172,1.2579125569830087,2738883.63
2014-07-08,1.261253626191463,1.259583091587236,1.2620888934935763,1.253736220472441,2856359.87
2014-07-09,1.259583091587236,1.246218814753419,1.2604183588893494,1.246218814753419,3796375.6
2014-07-10,1.246218814753419,1.2453835474513055,1.2495598839618733,1.2420424782428514,2553578.75
2014-07-11,1.2445482801491918,1.2512304185661003,1.2554067550766679,1.2445482801491918,2428328.32
2014-07-14,1.252065685868214,1.2620888934935763,1.26292416079569,1.2495598839618733,2707445.13
2014-07-15,1.2620888934935763,1.2637594280978035,1.2662652300041444,1.259583091587236,2405861.86
2014-07-16,1.2637594280978035,1.26292416079569,1.2696062992125985,1.2620888934935763,2958836.11
2014-07-17,1.261253626191463,1.2587478242851222,1.2637594280978035,1.2562420223787816,2342090.08
2014-07-18,1.2579125569830087,1.2662652300041444,1.2712768338168257,1.2562420223787816,3263895.33
2014-07-21,1.2662652300041444,1.2654299627020307,1.270441566514712,1.26292416079569,2114341.39
2014-07-22,1.26292416079569,1.2804647741400745,1.2838058433485287,1.2620888934935763,4232612.7
2014-07-23,1.2804647741400745,1.290487981765437,1.2946643182760051,1.279629506837961,4589875.44
2014-07-24,1.290487981765437,1.3197223373394116,1.323063406547866,1.290487981765437,7566260.96
2014-07-25,1.3222281392457522,1.3330866141732285,1.3330866141732285,1.317216535433071,5656655.13
2014-07-28,1.3380982179859098,1.3756852465810194,1.3832026523000416,1.3380982179859098,10050610.1
2014-07-29,1.3765205138831331,1.37819104848736,1.3848731869042687,1.3706736427683381,5268521.19
2014-07-30,1.3756852465810194,1.3715089100704516,1.3873789888106094,1.3706736427683381,4601455.2
2014-07-31,1.3715089100704516,1.391555325321177,1.3923905926232907,1.3690031081641112,4589033.13
2014-08-01,1.3865437215084957,1.3773557811852468,1.4049196021549937,1.3765205138831331,8262845.45
2014-08-04,1.3832026523000416,1.4074254040613343,1.4090959386655617,1.3790263157894738,7339842.08
2014-08-05,1.408260671363448,1.3965669291338583,1.4090959386655617,1.3890495234148366,6029995.17
2014-08-06,1.3873789888106094,1.3848731869042687,1.3940611272275176,1.3723441773725653,6131152.84
2014-08-07,1.3857084542063822,1.3639915043514297,1.3890495234148366,1.3623209697472027,5552148.75
2014-08-08,1.3664973062577703,1.367332573559884,1.3723441773725653,1.359815167840862,3649712.49
2014-08-11,1.3731794446746788,1.3857084542063822,1.3898847907169498,1.3698383754662247,4941204.52
2014-08-12,1.3832026523000416,1.3756852465810194,1.3832026523000416,1.3715089100704516,3174612.4
2014-08-13,1.3773557811852468,1.3790263157894738,1.3873789888106094,1.367332573559884,3789121.42
2014-08-14,1.3798615830915872,1.367332573559884,1.3823673849979279,1.367332573559884,3585141.46
2014-08-15,1.3681678408619975,1.380696850393701,1.3848731869042687,1.365662038955657,5165035.82
2014-08-18,1.3823673849979279,1.3815321176958142,1.3898847907169498,1.3765205138831331,4595618.02
2014-08-19,1.3832026523000416,1.3773557811852468,1.3857084542063822,1.3706736427683381,3869391.91
2014-08-20,1.374849979278906,1.3740147119767925,1.3765205138831331,1.3698383754662247,3324182.53
2014-08-21,1.3698383754662247,1.3606504351429756,1.3731794446746788,1.3531330294239536,4067967.09
2014-08-22,1.3589799005387484,1.365662038955657,1.3706736427683381,1.356474098632408,3622208.0
2014-08-25,1.367332573559884,1.3531330294239536,1.3690031081641112,1.3514624948197267,4147209.26
2014-08-26,1.3514624948197267,1.350627227517613,1.358144633236635,1.3464508910070454,4464261.24
2014-08-27,1.350627227517613,1.348956692913386,1.3539682967260673,1.3472861583091587,3190482.6
2014-08-28,1.3497919602154995,1.3464508910070454,1.3548035640281808,1.3439450891007045,4454642.06
2014-08-29,1.3464508910070454,1.3556388313302943,1.356474098632408,1.3447803564028182,4675793.61
2014-09-01,1.3548035640281808,1.358144633236635,1.359815167840862,1.3497919602154995,5784079.92
2014-09-02,1.3606504351429756,1.3773557811852468,1.3798615830915872,1.3539682967260673,6967210.07
2014-09-03,1.3823673849979279,1.3923905926232907,1.3957316618317448,1.3798615830915872,6670508.2
2014-09-04,1.3940611272275176,1.4024138002486533,1.4040843348528802,1.3890495234148366,5516804.23
2014-09-05,1.4074254040613343,1.419119146290924,1.421624948197265,1.4049196021549937,5650914.78
2014-09-09,1.419119146290924,1.4074254040613343,1.421624948197265,1.406590136759221,4845904.55
2014-09-10,1.4024138002486533,1.3957316618317448,1.4024138002486533,1.3923905926232907,4882190.54
2014-09-11,1.3957316618317448,1.391555325321177,1.4132722751761293,1.3865437215084957,5793290.66
2014-09-12,1.3873789888106094,1.3990727310401991,1.3999079983423124,1.384037919602155,3814788.57
2014-09-15,1.3890495234148366,1.3940611272275176,1.3965669291338583,1.3832026523000416,3921540.04
2014-09-16,1.3948963945296313,1.3731794446746788,1.3965669291338583,1.3715089100704516,5269966.34
2014-09-17,1.3790263157894738,1.3765205138831331,1.3815321176958142,1.3698383754662247,5191992.16
2014-09-18,1.374849979278906,1.3798615830915872,1.3865437215084957,1.3698383754662247,4833382.63
2014-09-19,1.3798615830915872,1.3907200580190635,1.3923905926232907,1.3765205138831331,3946775.27
2014-09-22,1.384037919602155,1.359815167840862,1.384037919602155,1.3556388313302943,4186043.12
2014-09-23,1.359815167840862,1.3698383754662247,1.3706736427683381,1.3589799005387484,6210011.46
2014-09-24,1.3639915043514297,1.3965669291338583,1.397402196435972,1.359815167840862,6405437.88
2014-09-25,1.4032490675507667,1.3873789888106094,1.4049196021549937,1.3865437215084957,4993065.71
2014-09-26,1.3857084542063822,1.3882142561127229,1.3898847907169498,1.3773557811852468,3564025.42
2014-09-29,1.3907200580190635,1.3923905926232907,1.3948963945296313,1.3832026523000416,6536694.49
2014-09-30,1.3923905926232907,1.391555325321177,1.393225859925404,1.3865437215084957,2919366.74
2014-10-08,1.393225859925404,1.3999079983423124,1.3999079983423124,1.3865437215084957,3875550.93
2014-10-09,1.400743265644426,1.400743265644426,1.4049196021549937,1.3940611272275176,3705997.42
2014-10-10,1.3923905926232907,1.3898847907169498,1.3982374637380854,1.3873789888106094,3543252.13
2014-10-13,1.3865437215084957,1.380696850393701,1.3865437215084957,1.3706736427683381,3841915.11
2014-10-14,1.3765205138831331,1.3723441773725653,1.3865437215084957,1.3690031081641112,3465731.65
2014-10-15,1.3731794446746788,1.3865437215084957,1.3873789888106094,1.367332573559884,3795353.47
2014-10-16,1.3790263157894738,1.3823673849979279,1.397402196435972,1.374849979278906,4434016.34
2014-10-17,1.3832026523000416,1.37819104848736,1.3873789888106094,1.3690031081641112,4858931.17
2014-10-20,1.3832026523000416,1.3823673849979279,1.3857084542063822,1.3773557811852468,3309492.02
2014-10-21,1.3823673849979279,1.374849979278906,1.3857084542063822,1.3740147119767925,3482981.95
2014-10-22,1.374849979278906,1.3731794446746788,1.3848731869042687,1.3715089100704516,4046643.42
2014-10-23,1.3723441773725653,1.3631562370493162,1.3773557811852468,1.3623209697472027,4219692.73
2014-10-24,1.3639915043514297,1.3606504351429756,1.367332573559884,1.3589799005387484,3660862.24
2014-10-27,1.3522977621218402,1.339768752590137,1.3522977621218402,1.3380982179859098,4368666.87
2014-10-28,1.3422745544964774,1.3606504351429756,1.3623209697472027,1.3414392871943641,4512520.34
2014-10-29,1.3664973062577703,1.3790263157894738,1.3873789888106094,1.3623209697472027,4288524.63
2014-10-30,1.3790263157894738,1.3890495234148366,1.3948963945296313,1.374849979278906,3677725.95
2014-10-31,1.3940611272275176,1.4241307501036056,1.4324834231247412,1.3940611272275176,6673713.8
2014-11-03,1.424966017405719,1.41577807708247,1.4283070866141732,1.414107542478243,4810800.54
2014-11-04,1.4124370078740158,1.4116017405719021,1.4166133443845834,1.408260671363448,4357220.81
2014-11-05,1.4124370078740158,1.4074254040613343,1.414107542478243,1.4024138002486533,4160845.61
2014-11-06,1.4090959386655617,1.4049196021549937,1.414107542478243,1.3982374637380854,4687573.4
2014-11-07,1.4049196021549937,1.4090959386655617,1.4333186904268547,1.4024138002486533,5830390.95
2014-11-10,1.4324834231247412,1.4491887691670122,1.4508593037712392,1.4232954828014919,5689841.78
2014-11-11,1.4592119767923748,1.4675646498135102,1.4934579361790303,1.4542003729796937,8497231.03
2014-11-12,1.460882511396602,1.4834347285536675,1.4851052631578947,1.4558709075839207,5134096.01
2014-11-13,1.486775797762122,1.482599461251554,1.501810609200166,1.4767525901367593,5819074.38
2014-11-14,1.4784231247409865,1.4817641939494406,1.482599461251554,1.4667293825113967,4877671.3
2014-11-17,1.4725762536261917,1.4274718193120597,1.4767525901367593,1.426636552009946,4279456.77
2014-11-18,1.4291423539162869,1.406590136759221,1.4324834231247412,1.4040843348528802,3831727.04
2014-11-19,1.4057548694571074,1.3990727310401991,1.408260671363448,1.3948963945296313,4272706.2
2014-11-20,1.3948963945296313,1.4015785329465396,1.408260671363448,1.3907200580190635,4492058.66
2014-11-21,1.4032490675507667,1.4366597596353088,1.4391655615416494,1.397402196435972,5940909.5
2014-11-24,1.4433418980522172,1.4692351844177372,1.486775797762122,1.442506630750104,7643415.55
2014-11-25,1.4675646498135102,1.4817641939494406,1.486775797762122,1.4650588479071698,7574337.05
2014-11-26,1.488446332366349,1.5168454206382098,1.5168454206382098,1.488446332366349,6305776.62
2014-11-27,1.5268686282635724,1.546079776212184,1.5469150435142978,1.5243628263572317,7166362.94
2014-11-28,1.546079776212184,1.5970310816411109,1.602042685453792,1.5393976377952756,8946556.38
2014-12-01,1.6145716949854954,1.602042685453792,1.639629714048902,1.5995368835474515,9803680.36
2014-12-02,1.592854745130543,1.6897457521757149,1.7064510982179861,1.5920194778284293,11910518.42
2014-12-03,1.7006042271031914,1.6980984251968505,1.760743472855367,1.6705346042271032,12225523.36
2014-12-04,1.7081216328222129,1.820047451305429,1.8208827186075427,1.6955926232905099,11110291.15
2014-12-05,1.8425996684624948,1.8342469954413594,1.8851983008702862,1.7674256112722753,16028495.99
2014-12-08,1.8167063820969747,1.9311380024865314,1.9453375466224618,1.789977828429341,12162508.43
2014-12-09,1.9044094488188974,1.8116947782842936,2.004641525072524,1.7832956900124324,15903645.44
2014-12-10,1.8258943224202238,1.870163489432242,1.8768456278491505,1.754896601740572,15965274.52
2014-12-11,1.851787608785744,1.8225532532117696,1.8793514297554914,1.8167063820969747,12329542.33
2014-12-12,1.8225532532117696,1.8225532532117696,1.8659871529216743,1.8050126398673851,9403561.73
2014-12-15,1.8183769167012018,1.8242237878159968,1.8334117281392457,1.7741077496891837,9456132.83
2014-12-16,1.8275648570244512,1.9052447161210115,1.9069152507252383,1.8192121840033153,13292428.49
2014-12-17,1.9211147948611687,1.9678897637795276,1.978748238707004,1.9044094488188974,13505754.67
2014-12-18,1.969560298383755,1.9528549523414838,1.9946183174471612,1.9386554082055536,11147140.44
2014-12-19,1.9553607542478246,1.9779129714048902,1.9887714463323662,1.9069152507252383,13030564.15
2014-12-22,1.9795835060091174,2.0088178615830916,2.0522517612929962,1.967054496477414,14107198.86
2014-12-23,1.9862656444260258,1.9653839618731872,2.038052217157066,1.9461728139245753,10310055.76
2014-12-24,1.9678897637795276,1.8843630335681723,1.9737366348943224,1.8609755491089934,12316173.94
2014-12-25,1.9044094488188974,1.957866556154165,1.9587018234562787,1.8810219643597181,10771861.53
2014-12-26,1.9587018234562787,2.0480754247824287,2.0505812266887693,1.9553607542478246,13761033.77
2014-12-29,2.096520928305014,2.0539222958972236,2.1165673435557397,2.021346871114795,14977118.52
2014-12-30,2.0539222958972236,2.0814861168669707,2.10487360132615,2.038052217157066,18539511.64
2014-12-31,2.0873329879817657,2.131602154993784,2.139954828014919,2.0722981765437214,17180509.6
2015-01-05,2.154989639452963,2.1900708661417325,2.2176346871114796,2.1341079569001247,15964692.94
2015-01-06,2.1716949854952343,2.165012847078326,2.2142936179030253,2.1391195607128055,15561867.68
2015-01-07,2.150813302942396,2.1616717778698717,2.1900708661417325,2.136613758806465,8887969.22
2015-01-08,2.1708597181931206,2.103203066721923,2.18004765851637,2.096520928305014,7936624.91
2015-01-09,2.096520928305014,2.1082146705346045,2.2084467467882307,2.084827186075425,11561504.9
2015-01-12,2.1324374222958973,2.088168255283879,2.1341079569001247,2.05308702859511,15146453.0
2015-01-13,2.088168255283879,2.0756392457521757,2.1082146705346045,2.063945503522586,8537998.96
2015-01-14,2.0839919187733114,2.0831566514711977,2.1132262743472854,2.059769167012018,12076945.09
2015-01-15,2.0831566514711977,2.1600012432656444,2.1633423124740987,2.06728657273104,19402258.8
2015-01-16,2.170024450891007,2.1750360547036887,2.2000940737670946,2.1558249067550768,16932152.56
2015-01-19,2.029699544135931,1.957866556154165,2.0589338997099045,1.957866556154165,18004159.51
2015-01-20,1.9553607542478246,1.9720661002900957,2.004641525072524,1.9344790716949856,18381170.79
2015-01-21,1.9929477828429345,2.0906740571902196,2.1023677994198096,1.9812540406133443,16442956.61
2015-01-22,2.096520928305014,2.0873329879817657,2.1006972648155826,2.0564280978035643,16531088.66
2015-01-23,2.099861997513469,2.1082146705346045,2.145801699129714,2.0873329879817657,19467750.68
2015-01-26,2.114061541649399,2.1040383340240365,2.114061541649399,2.0756392457521757,10965950.47
2015-01-27,2.112391007045172,2.069792374637381,2.1148968089515128,2.0347111479486117,13883846.9
2015-01-28,2.0480754247824287,2.0397227517612935,2.082321384169084,2.033875880646498,14169616.58
2015-01-29,2.0071473269788647,2.004641525072524,2.023017405719022,1.9871009117281393,9797907.31
2015-01-30,2.0171705346042272,1.9770777041027767,2.032205346042271,1.969560298383755,11434916.16
2015-02-02,1.9219500621632823,1.920279527559055,1.9561960215499379,1.9152679237463741,11763677.67
2015-02-03,1.9453375466224618,1.9770777041027767,1.9862656444260258,1.9211147948611687,12359149.23
2015-02-04,1.9837598425196852,1.9495138831330296,2.007982594280978,1.947008081226689,12441323.8
2015-02-05,2.021346871114795,1.9344790716949856,2.026358474927476,1.9319732697886451,15494609.73
2015-02-06,1.9303027351844178,1.9135973891421467,1.948678615830916,1.8960567757977622,14633780.03
2015-02-09,1.9135973891421467,1.947008081226689,1.9703955656858683,1.9044094488188974,16392674.97
2015-02-10,1.947008081226689,1.978748238707004,1.9829245752175717,1.9386554082055536,14049515.11
2015-02-11,1.980418773311231,1.9879361790302525,1.9946183174471612,1.9703955656858683,9498342.25
2015-02-12,1.9871009117281393,1.991277248238707,1.9971241193535019,1.9637134272689598,7281668.21
2015-02-13,1.9962888520513886,1.9962888520513886,2.0288642768338168,1.98960671363448,10730073.99
2015-02-16,1.9962888520513886,1.9996299212598427,2.0071473269788647,1.9871009117281393,6561740.77
2015-02-17,2.0054767923746373,2.0138294653957733,2.0288642768338168,2.0054767923746373,7073138.3
2015-02-25,2.0138294653957733,1.9795835060091174,2.0138294653957733,1.9703955656858683,6214187.19
2015-02-26,1.9779129714048902,2.0464048901782017,2.0480754247824287,1.9612076253626192,12779198.45
2015-02-27,2.043899088271861,2.036381682552839,2.0589338997099045,2.0280290095317035,8649075.71
2015-03-02,2.051416493990883,2.0388874844591793,2.054757563199337,2.024687940323249,11234642.67
2015-03-03,2.02719374222959,1.9745719021964359,2.02719374222959,1.9712308329879817,10905397.95
2015-03-04,1.9779129714048902,1.9729013675922091,1.9887714463323662,1.9561960215499379,10776613.13
2015-03-05,1.9587018234562787,1.9495138831330296,1.9637134272689598,1.9311380024865314,11686131.98
2015-03-06,1.9503491504351431,1.9536902196435972,1.9720661002900957,1.948678615830916,12732966.02
2015-03-09,1.9211147948611687,2.002135723166183,2.0129941980936596,1.9119268545379198,16164937.25
2015-03-10,1.9887714463323662,1.9703955656858683,1.9954535847492745,1.967054496477414,11403392.99
2015-03-11,1.9737366348943224,1.9829245752175717,2.0129941980936596,1.9729013675922091,10765567.63
2015-03-12,2.007982594280978,2.0447343555739743,2.0647807708246995,1.9946183174471612,15312058.38
2015-03-13,2.05308702859511,2.0505812266887693,2.0839919187733114,2.038052217157066,12204913.31
2015-03-16,2.0647807708246995,2.096520928305014,2.099026730211355,2.047240157480315,11598021.4
2015-03-17,2.1190731454620804,2.124084749274762,2.129096353087443,2.1040383340240365,10004521.62
2015-03-18,2.1299316203895566,2.1808829258184836,2.183388727724824,2.1299316203895566,11406668.57
2015-03-19,2.1750360547036887,2.160836510567758,2.18004765851637,2.150813302942396,12699599.53
2015-03-20,2.1708597181931206,2.2009293410692083,2.228493162038956,2.151648570244509,11945986.45
2015-03-23,2.2184699544135933,2.235175300455864,2.2410221715706586,2.2109525486945714,10152759.76
2015-03-24,2.235175300455864,2.2034351429755494,2.2368458350600915,2.1783771239121426,11945935.14
2015-03-25,2.1967530045586408,2.1750360547036887,2.2126230832987983,2.1566601740571905,9765797.44
2015-03-26,2.1633423124740987,2.2076114794861166,2.2326694985495235,2.1524838375466224,10830227.77
2015-03-27,2.213458350600912,2.2126230832987983,2.2326694985495235,2.189235598839619,6965789.15
2015-03-30,2.2335047658516367,2.2886324077911318,2.298655615416494,2.222646290924161,12115191.48
2015-03-31,2.324548901782014,2.2610685868213842,2.351277455449648,2.2552217157065897,11518648.01
2015-04-01,2.2660801906340655,2.2994908827186076,2.311184624948197,2.263574388727725,9343896.33
2015-04-02,2.3220430998756734,2.2877971404890176,2.3253841690841277,2.2585627849150436,7676121.02
2015-04-03,2.276938665561542,2.316196228760879,2.318702030667219,2.275268130957315,9358703.6
2015-04-07,2.337913178615831,2.373829672606714,2.3780060091172817,2.3287252382925816,10304750.2
2015-04-08,2.38468814753419,2.420604641525073,2.431463116452549,2.3638064649813515,17220497.95
2015-04-09,2.431463116452549,2.403064028180688,2.487426025694157,2.3947113551595525,16182811.7
2015-04-10,2.403899295482802,2.4523447990053877,2.4623680066307503,2.3947113551595525,10013618.24
2015-04-13,2.4974492333195193,2.498284500621633,2.513319312059677,2.4765675507666804,11757054.04
2015-04-14,2.498284500621633,2.504966639038541,2.52584832159138,2.4774028180687946,13417888.11
2015-04-15,2.504966639038541,2.5149898466639042,2.570952755905512,2.4949434314131786,15032584.36
2015-04-16,2.525013054289267,2.62691566514712,2.628586199751347,2.490767094902611,34711171.74
2015-04-17,2.7062660588479073,2.660326357231662,2.7112776626605886,2.6369388727724825,30992134.3
2015-04-20,2.675361168669706,2.591834438458351,2.699583920430999,2.580975963530874,31337397.81
2015-04-21,2.5976813095731455,2.6235745959386656,2.6310920016576875,2.571788023207626,15347536.6
2015-04-22,2.648632615002072,2.707101326150021,2.712948197264816,2.628586199751347,36471407.08
2015-04-23,2.714618731869043,2.6828785743887282,2.719630335681724,2.660326357231662,18920252.27
2015-04-24,2.6494678823041857,2.648632615002072,2.666173228346457,2.591834438458351,19187186.66
2015-04-27,2.675361168669706,2.7187950683796105,2.722971404890178,2.668679030252797,18274853.11
2015-04-28,2.714618731869043,2.6962428512225447,2.762228968089515,2.6720200994612515,23581236.62
2015-04-29,2.6895607128056365,2.6895607128056365,2.7112776626605886,2.661996891835889,15862078.5
2015-04-30,2.7020897223373392,2.671184832159138,2.713783464566929,2.6695142975549113,9605573.5
2015-05-04,2.672855366763365,2.682043307086614,2.687054910899296,2.6310920016576875,11673041.06
2015-05-05,2.680372772482387,2.585987567343556,2.682043307086614,2.5751290924160797,15107108.24
2015-05-06,2.5976813095731455,2.5751290924160797,2.6628321591380026,2.5500710733526732,17619166.25
2015-05-07,2.572623290509739,2.5433889349357646,2.580975963530874,2.539212598425197,15346729.32
2015-05-08,2.565105884790717,2.5517416079569,2.570952755905512,2.498284500621633,14426576.65
2015-05-11,2.5517416079569,2.5976813095731455,2.602692913385827,2.522507252382926,13744906.08
2015-05-12,2.591834438458351,2.613551388313303,2.625245130542893,2.571788023207626,14619613.55
2015-05-13,2.613551388313303,2.5759643597181934,2.6185629921259843,2.5617648155822628,12618065.45
2015-05-14,2.5701174886033984,2.566776419394944,2.588493369249897,2.5517416079569,13294763.09
2015-05-15,2.566776419394944,2.5108135101533358,2.566776419394944,2.5016255698300873,18375722.36
2015-05-18,2.4890965602983837,2.4606974720265233,2.504966639038541,2.4598622047244096,13291300.43
2015-05-19,2.4606974720265233,2.560929548280149,2.566776419394944,2.4556858682138416,17438830.58
2015-05-20,2.5759643597181934,2.560929548280149,2.6118808537090756,2.5484005387484463,24367021.31
2015-05-21,2.580140696228761,2.592669705760464,2.6010223787816,2.5600942809780354,10626025.26
2015-05-22,2.621904061334438,2.6720200994612515,2.673690634065479,2.6043634479900537,23736404.43
2015-05-25,2.7037602569415666,2.758887898881061,2.761393700787402,2.686219643597182,23304790.75
2015-05-26,2.7797695814338996,2.7730874430169914,2.795639660174057,2.723806672192292,18773643.93
2015-05-27,2.7847811852465814,2.743853087443017,2.7989807293825115,2.7279830087028594,19038462.8
2015-05-28,2.743853087443017,2.571788023207626,2.75638209697472,2.5475652714463326,22654285.65
2015-05-29,2.5734585578118527,2.560929548280149,2.6010223787816,2.5024608371322006,18680007.02
2015-06-01,2.560929548280149,2.671184832159138,2.681208039784501,2.531695192706175,14196628.39
2015-06-02,2.667843762950684,2.680372772482387,2.6887254455035228,2.6302567343555743,12345328.15
2015-06-03,2.6770317032739332,2.6653379610443433,2.6837138416908415,2.628586199751347,10001942.14
2015-06-04,2.6653379610443433,2.722136137588065,2.7371709490261087,2.5475652714463326,21038487.37
2015-06-05,2.7897927890592626,2.717959801077497,2.7981454620803983,2.6628321591380026,18668723.59
2015-06-08,2.7396767509324493,2.8624610443431413,2.880001657687526,2.719630335681724,32458810.53
2015-06-09,2.889189598010775,2.8073334024036476,2.8942012018234564,2.778099046829673,33119585.34
2015-06-10,2.7697463738085375,2.7730874430169914,2.8190271446332367,2.748864691255698,17449128.99
2015-06-11,2.7847811852465814,2.75638209697472,2.7939691255698302,2.731324077911314,22170885.9
2015-06-12,2.775593244923332,2.767240571902197,2.7881222544550353,2.731324077911314,17253161.56
2015-06-15,2.7847811852465814,2.686219643597182,2.7973101947782846,2.681208039784501,28420111.1
2015-06-16,2.6720200994612515,2.6294214670534606,2.705430791545794,2.598516576875259,25005972.76
2015-06-17,2.639444674678823,2.6519736842105264,2.6645026937422296,2.6010223787816,24495889.93
2015-06-18,2.6369388727724825,2.540883133029424,2.6369388727724825,2.5308599254040614,15537653.58
2015-06-19,2.5266835888934938,2.4005582262743475,2.539212598425197,2.3930408205553255,21222148.21
2015-06-23,2.4164283050145046,2.4857554910899298,2.4966139660174056,2.3387484459179446,25737114.25
2015-06-24,2.4974492333195193,2.5208367177786988,2.5308599254040614,2.438980522171571,22696737.51
2015-06-25,2.545894736842105,2.438145254869457,2.5559179444674682,2.4272867799419813,22398613.06
2015-06-26,2.3888644840447575,2.2435279734769997,2.4481684624948197,2.2009293410692083,40919972.09
2015-06-29,2.315360961458765,2.2218110236220476,2.337913178615831,2.0722981765437214,77379370.85
2015-06-30,2.2218110236220476,2.3813470783257356,2.38468814753419,2.172530252797348,68023663.62
2015-07-01,2.3471011189390802,2.278609200165769,2.3805118110236223,2.2460337753833404,44334031.39
2015-07-02,2.330395772896809,2.241857438872773,2.33290157480315,2.154989639452963,58652951.81
2015-07-03,2.2193052217157065,2.15415437215085,2.278609200165769,2.088168255283879,44648720.9
2015-07-06,2.369653336096146,2.2903029423953587,2.369653336096146,2.2009293410692083,91468314.3
2015-07-07,2.2401869042685454,2.330395772896809,2.3554537919602154,2.1775418566100293,66501031.82
2015-07-08,2.1716949854952343,2.1750360547036887,2.302831951927062,2.0973561956071283,70549862.15
2015-07-09,2.112391007045172,2.332066307501036,2.3855234148363036,2.0689571073352675,38934413.16
2015-07-10,2.2852913385826774,2.4264515126398676,2.5141545793617905,2.263574388727725,41525733.56
2015-07-13,2.3721591380024867,2.390535018648985,2.4632032739328635,2.3345721094073766,29219060.77
2015-07-14,2.3429247824285127,2.3070082884376295,2.3713238707003734,2.2685859925404066,22167415.08
2015-07-15,2.2811150020721094,2.2961498135101537,2.319537297969333,2.225987360132615,29629602.92
2015-07-16,2.296985080812267,2.2886324077911318,2.3203725652714464,2.2552217157065897,23305909.73
2015-07-17,2.301996684624948,2.3412542478242853,2.3679828014919186,2.2735975963530874,17912399.71
2015-07-20,2.3337368421052633,2.319537297969333,2.348771653543307,2.303667219229175,13690408.08
2015-07-21,2.2811150020721094,2.312019892250311,2.3387484459179446,2.2811150020721094,10213248.58
2015-07-22,2.3011614173228345,2.286126605884791,2.3136904268545377,2.2719270617488605,8541650.37
2015-07-23,2.286126605884791,2.3337368421052633,2.3354073767094903,2.286126605884791,13379611.49
2015-07-24,2.3312310401989227,2.2928087443016993,2.3429247824285127,2.2836208039784505,10920952.6
2015-07-27,2.272762329050974,2.0831566514711977,2.2735975963530874,2.0798155822627438,13794270.33
2015-07-28,2.04139328636552,2.074803978450062,2.114061541649399,2.0096531288852053,26121821.12
2015-07-29,2.088168255283879,2.1165673435557397,2.121578947368421,2.0564280978035643,10930436.57
2015-07-30,2.1082146705346045,2.062274968918359,2.1282610857853297,2.054757563199337,9086653.32
2015-07-31,2.054757563199337,2.0564280978035643,2.084827186075425,2.0347111479486117,9267302.2
2015-08-03,2.038052217157066,2.069792374637381,2.070627641939495,2.021346871114795,7280003.83
2015-08-04,2.0781450476585164,2.121578947368421,2.1232494819726484,2.060604434314132,6892335.13
2015-08-05,2.112391007045172,2.080650849564857,2.117402610857854,2.07898031496063,6474482.27
2015-08-06,2.059769167012018,2.063945503522586,2.0948503937007876,2.047240157480315,6547838.56
2015-08-07,2.0814861168669707,2.0915093244923333,2.106544135930377,2.071462909241608,7024853.53
2015-08-10,2.106544135930377,2.1850592623290512,2.1967530045586408,2.1006972648155826,7033249.32
2015-08-11,2.186729796933278,2.1633423124740987,2.187565064235392,2.1524838375466224,4580237.43
2015-08-12,2.1449664318276005,2.1416253626191466,2.1716949854952343,2.134943224202238,5478430.84
2015-08-13,2.1391195607128055,2.151648570244509,2.159165975963531,2.107379403232491,6611362.67
2015-08-14,2.159165975963531,2.150813302942396,2.1641775797762124,2.1416253626191466,5615007.64
2015-08-17,2.1382842934106923,2.1282610857853297,2.1391195607128055,2.1082146705346045,4837135.02
2015-08-18,2.1299316203895566,2.0129941980936596,2.147472233733941,1.9962888520513886,8578147.23
2015-08-19,2.002135723166183,2.02719374222959,2.038052217157066,1.9445022793203481,14513427.21
2015-08-20,2.0054767923746373,1.9720661002900957,2.021346871114795,1.9712308329879817,7011993.53
2015-08-21,1.948678615830916,1.8993978450062163,1.9729013675922091,1.8935509738914216,10205282.0
2015-08-24,1.8509523414836306,1.7097921674264402,1.8509523414836306,1.7097921674264402,10185733.48
2015-08-25,1.6220891007045173,1.5753141317861583,1.7122979693327807,1.561114587650228,19637012.98
2015-08-26,1.6195832987981766,1.6254301699129714,1.698933692498964,1.5694672606713636,24642772.99
2015-08-27,1.6688640696228763,1.7624140074595938,1.7707666804807296,1.6387944467467883,17054224.63
2015-08-28,1.7874720265230006,1.81085951098218,1.8158711147948612,1.7515555325321177,17883659.28
2015-08-31,1.7849662246166598,1.8451054703688354,1.84844653957729,1.7340149191877334,12536076.08
2015-09-01,1.7974952341483632,1.8609755491089934,1.8743398259428101,1.7565671363447992,17867861.23
2015-09-02,1.7916483630335684,1.8676576875259017,1.8768456278491505,1.7891425611272276,17751740.81
2015-09-07,1.8509523414836306,1.7874720265230006,1.8835277662660588,1.7816251554082057,7018018.43
2015-09-08,1.7707666804807296,1.8183769167012018,1.8275648570244512,1.741532324906755,8826626.92
2015-09-09,1.835082262743473,1.8451054703688354,1.8609755491089934,1.8192121840033153,7774865.72
2015-09-10,1.8225532532117696,1.8425996684624948,1.853458143389971,1.8192121840033153,6383745.0
2015-09-11,1.8417644011603813,1.8317411935350187,1.8542934106920848,1.8242237878159968,4208978.76
2015-09-14,1.8459407376709491,1.8567992125984252,1.8584697472026526,1.7724372150849563,8682753.93
2015-09-15,1.8208827186075427,1.8100242436800664,1.8284001243265646,1.7924836303356817,7421049.18
2015-09-16,1.8116947782842936,1.8726692913385827,1.9085857853294657,1.789977828429341,6239540.83
2015-09-17,1.855963945296312,1.8359175300455866,1.886868835474513,1.8342469954413594,7234522.78
2015-09-18,1.8459407376709491,1.8359175300455866,1.8584697472026526,1.8300706589307916,4984416.89
2015-09-21,1.8292353916286779,1.8476112722751763,1.8551286779941982,1.8192121840033153,3054092.3
2015-09-22,1.8459407376709491,1.868492954828015,1.886868835474513,1.8459407376709491,4157248.37
2015-09-23,1.8325764608371324,1.8208827186075427,1.8542934106920848,1.8183769167012018,2901948.92
2015-09-24,1.8309059262329053,1.8267295897223372,1.8367527973476998,1.8142005801906345,1769072.9
2015-09-25,1.8242237878159968,1.8133653128885205,1.8267295897223372,1.7916483630335684,2731276.98
2015-09-28,1.81085951098218,1.8158711147948612,1.8208827186075427,1.7933188976377952,1577215.79
2015-09-29,1.7974952341483632,1.7766135515955241,1.7991657687525904,1.769931413178616,1238566.95
2015-09-30,1.786636759220887,1.7933188976377952,1.8116947782842936,1.7858014919187732,1117961.25
2015-10-08,1.8718340240364695,1.8342469954413594,1.8735045586406962,1.8317411935350187,1831017.77
2015-10-09,1.8417644011603813,1.8551286779941982,1.8609755491089934,1.8359175300455866,1791459.05
2015-10-12,1.866822420223788,1.911091587235806,1.9353143389970993,1.859305014504766,2915809.73
2015-10-13,1.8935509738914216,1.9035741815167841,1.9085857853294657,1.892715706589308,2575451.8
2015-10-14,1.8902099046829672,1.8860335681723996,1.911091587235806,1.8843630335681723,1882636.59
2015-10-15,1.8885393700787403,1.9244558640696228,1.9269616659759636,1.8826924989639455,3044261.99
2015-10-16,1.9294674678823043,1.939490675507667,1.948678615830916,1.9261263986738502,3448540.39
2015-10-19,1.9403259428097803,1.9378201409034397,1.9587018234562787,1.9194442602569417,2869684.03
2015-10-20,1.9319732697886451,1.9553607542478246,1.9570312888520516,1.9211147948611687,2314235.04
2015-10-21,1.9520196850393705,1.9378201409034397,1.9779129714048902,1.8968920430998757,4480909.21
2015-10-22,1.9419964774140077,1.948678615830916,1.9528549523414838,1.9211147948611687,3204967.97
2015-10-23,1.9520196850393705,1.9628781599668466,1.967054496477414,1.9378201409034397,2816927.75
2015-10-26,1.9879361790302525,1.9628781599668466,1.9921125155408204,1.947008081226689,3189778.52
2015-10-27,1.9528549523414838,1.9612076253626192,1.9712308329879817,1.9236205967675095,3688488.08
2015-10-28,1.9528549523414838,1.9277969332780769,1.9553607542478246,1.9252911313717365,3351762.91
2015-10-29,1.9311380024865314,1.9303027351844178,1.9411612101118938,1.9169384583506008,2210768.33
2015-10-30,1.9252911313717365,1.9294674678823043,1.9511844177372564,1.9194442602569417,2298145.72
2015-11-02,1.9135973891421467,1.9069152507252383,1.9328085370907584,1.9052447161210115,2335515.16
2015-11-03,1.911091587235806,1.8977273104019892,1.9186089929548282,1.8910451719850807,2240547.69
2015-11-04,1.901903646912557,1.9929477828429345,1.9954535847492745,1.901903646912557,6242068.62
2015-11-05,1.9837598425196852,2.0422285536676337,2.1006972648155826,1.978748238707004,7980961.27
2015-11-06,2.0388874844591793,2.0873329879817657,2.0931798590965602,2.023017405719022,5376889.23
2015-11-09,2.088168255283879,2.1148968089515128,2.162507045171985,2.0856624533775383,7129335.75
2015-11-10,2.0973561956071283,2.1057088686282635,2.133272689598011,2.088168255283879,4001710.16
2015-11-11,2.1023677994198096,2.0915093244923333,2.1057088686282635,2.0614397016162456,3550867.14
2015-11-12,2.096520928305014,2.063110236220473,2.101532532117696,2.0555928305014506,2718884.7
2015-11-13,2.0464048901782017,2.04139328636552,2.0689571073352675,2.036381682552839,2817521.16
2015-11-16,2.007982594280978,2.045569622876088,2.049745959386656,2.0071473269788647,2121028.56
2015-11-17,2.054757563199337,2.0464048901782017,2.0981914629092415,2.0422285536676337,3474785.2
2015-11-18,2.047240157480315,2.036381682552839,2.063110236220473,2.030534811438044,2628234.87
2015-11-19,2.0388874844591793,2.063945503522586,2.06728657273104,2.033040613344385,2482182.36
2015-11-20,2.062274968918359,2.0539222958972236,2.071462909241608,2.048910692084542,2392857.11
2015-11-23,2.05308702859511,2.0464048901782017,2.0722981765437214,2.021346871114795,2273019.16
2015-11-24,2.0422285536676337,2.04139328636552,2.0422285536676337,2.018841069208454,2498985.6
2015-11-25,2.033875880646498,2.049745959386656,2.0539222958972236,2.0238526730211355,3903089.21
2015-11-26,2.063110236220473,2.043899088271861,2.069792374637381,2.0405580190634067,2908015.5
2015-11-27,2.033875880646498,1.936149606299213,2.037216949854953,1.9177737256527143,4906738.83
2015-11-30,1.9428317447161212,1.9453375466224618,1.9587018234562787,1.9085857853294657,3545086.66
2015-12-01,1.9461728139245753,1.9536902196435972,1.9770777041027767,1.928632200580191,2875615.54
2015-12-02,1.9503491504351431,2.0564280978035643,2.0614397016162456,1.9478433485288023,6575116.92
2015-12-03,2.0480754247824287,2.054757563199337,2.068121840033154,2.0221821384169085,4932606.53
2015-12-04,2.033040613344385,2.0029709904682966,2.0405580190634067,1.9937830501450478,3904298.28
2015-12-07,2.002135723166183,1.9962888520513886,2.0138294653957733,1.9845951098217984,2874676.02
2015-12-08,1.9837598425196852,1.9762424368006632,1.9962888520513886,1.9637134272689598,3401550.76
2015-12-09,1.9720661002900957,1.978748238707004,1.9929477828429345,1.9653839618731872,3177739.96
2015-12-10,1.9812540406133443,1.967054496477414,2.0088178615830916,1.9603723580605057,3142619.47
2015-12-11,1.9561960215499379,1.957866556154165,1.969560298383755,1.9386554082055536,2490440.91
2015-12-14,1.9403259428097803,2.0171705346042272,2.021346871114795,1.9369848736013262,3719823.84
2015-12-15,2.0071473269788647,1.98960671363448,2.012158930791546,1.978748238707004,3147911.24
2015-12-16,1.9929477828429345,1.9812540406133443,1.9996299212598427,1.9762424368006632,2422531.09
2015-12-17,1.991277248238707,2.0054767923746373,2.0255232076253624,1.9904419809365936,3806959.94
2015-12-18,2.0013004558640697,2.023017405719022,2.05308702859511,1.998794653957729,4619023.35
2015-12-21,2.0104883961873186,2.0873329879817657,2.0973561956071283,2.0088178615830916,6689579.13
2015-12-22,2.084827186075425,2.0798155822627438,2.0906740571902196,2.0647807708246995,3163661.94
2015-12-23,2.0798155822627438,2.0873329879817657,2.125755283878989,2.0756392457521757,7109971.79
2015-12-24,2.084827186075425,2.069792374637381,2.0873329879817657,2.0464048901782017,3871870.62
2015-12-25,2.071462909241608,2.0764745130542894,2.082321384169084,2.063110236220473,1735857.89
2015-12-28,2.077309780356403,2.0146647326978866,2.0839919187733114,2.0113236634894323,2740406.18
2015-12-29,2.0138294653957733,2.0313700787401574,2.033040613344385,2.0096531288852053,2969462.84
2015-12-30,2.032205346042271,2.024687940323249,2.033040613344385,2.000465188561956,2753570.9
2015-12-31,2.019676336510568,2.0180058019063405,2.033040613344385,2.0088178615830916,3458720.7
2016-01-04,2.0138294653957733,1.9027389142146707,2.0155,1.8968920430998757,2985469.54
2016-01-05,1.8877041027766266,1.909421052631579,1.9303027351844178,1.8626460837132202,6456995.81
2016-01-06,1.9127621218400335,1.9353143389970993,1.9378201409034397,1.90023311230833,4009534.04
2016-01-07,1.909421052631579,1.8183769167012018,1.909421052631579,1.8083537090758393,891669.22
2016-01-08,1.8676576875259017,1.853458143389971,1.886868835474513,1.8008363033568173,5766769.37
2016-01-11,1.8208827186075427,1.7749430169912972,1.840929133858268,1.7732724823870705,6332308.58
2016-01-12,1.7874720265230006,1.7799546208039783,1.8000010360547036,1.768260878574389,4518035.41
2016-01-13,1.7983305014504767,1.7640845420638211,1.8083537090758393,1.7624140074595938,5630807.56
2016-01-14,1.7331796518856197,1.7799546208039783,1.786636759220887,1.7206506423539163,6241159.75
2016-01-15,1.7707666804807296,1.7290033153750517,1.7799546208039783,1.7206506423539163,5071113.75
2016-01-18,1.7039452963116455,1.7290033153750517,1.7507202652300042,1.7014394944053046,3894069.01
2016-01-19,1.7290033153750517,1.779119353501865,1.7891425611272276,1.72148590965603,5158725.48
2016-01-20,1.768260878574389,1.7465439287194364,1.7749430169912972,1.7306738499792789,3494118.75
2016-01-21,1.7331796518856197,1.7064510982179861,1.768260878574389,1.7039452963116455,3438259.98
2016-01-22,1.724826978864484,1.7264975134687115,1.736520721094074,1.6964278905926236,3583318.12
2016-01-25,1.7290033153750517,1.724826978864484,1.7356854537919602,1.7156390385412348,1971928.52
2016-01-26,1.713968503937008,1.6354533775383342,1.7173095731454622,1.6287712391214255,4167637.28
2016-01-27,1.641300248653129,1.6346181102362207,1.6496529216742646,1.602042685453792,5166376.44
2016-01-28,1.622924368006631,1.5995368835474515,1.6438060505594696,1.5920194778284293,3889436.65
2016-01-29,1.602042685453792,1.6496529216742646,1.6663582677165354,1.602042685453792,4292173.25
2016-02-01,1.6488176543721509,1.6220891007045173,1.6513234562784915,1.607889556568587,2164566.17
2016-02-02,1.6220891007045173,1.6496529216742646,1.656335060091173,1.6195832987981766,2590861.86
2016-02-03,1.6329475756319936,1.6312770410277664,1.6387944467467883,1.6137364276833817,2402730.15
2016-02-04,1.6404649813510153,1.652158723580605,1.6580055946954002,1.6371239121425611,2943647.65
2016-02-05,1.6513234562784915,1.6438060505594696,1.6554997927890593,1.641300248653129,2783073.94
2016-02-15,1.607889556568587,1.6279359718193123,1.6362886448404477,1.6028779527559056,2458719.52
2016-02-16,1.633782842934107,1.6713698715292167,1.6755462080397845,1.6329475756319936,2937698.54
2016-02-17,1.66969933692499,1.6813930791545793,1.688075217571488,1.6663582677165354,2718905.95
2016-02-18,1.6897457521757149,1.6797225445503525,1.6997689598010777,1.6772167426440119,2101384.56
2016-02-19,1.6772167426440119,1.6755462080397845,1.6838988810609201,1.6655230004144221,2029129.67
2016-02-22,1.6905810194778286,1.7156390385412348,1.724826978864484,1.6830636137588066,3946413.26
2016-02-23,1.713968503937008,1.6955926232905099,1.7148037712391215,1.6838988810609201,2233689.8
2016-02-24,1.6905810194778286,1.703110029009532,1.7064510982179861,1.6780520099461251,2961720.79
2016-02-25,1.6980984251968505,1.6170774968918358,1.7006042271031914,1.5987016162453378,3761393.4
2016-02-26,1.6254301699129714,1.633782842934107,1.6421355159552427,1.6120658930791547,4191622.19
2016-02-29,1.626265437215085,1.6179127641939495,1.6329475756319936,1.5786552009946124,4246989.81
2016-03-01,1.6204185661002903,1.6463118524658105,1.6630171985080813,1.6112306257770412,3402613.79
2016-03-02,1.6488176543721509,1.7114627020306674,1.7173095731454622,1.6488176543721509,4373685.83
2016-03-03,1.7072863655200996,1.7148037712391215,1.72148590965603,1.6997689598010777,3456580.49
2016-03-04,1.7089569001243266,1.7724372150849563,1.779119353501865,1.7039452963116455,6550957.84
2016-03-07,1.7707666804807296,1.7632492747617077,1.7874720265230006,1.7507202652300042,4325792.16
2016-03-08,1.757402403646913,1.7665903439701618,1.768260878574389,1.6997689598010777,4214339.99
2016-03-09,1.7306738499792789,1.7599082055532536,1.7624140074595938,1.713968503937008,4519536.45
2016-03-10,1.7406970576046417,1.7198153750518028,1.7590729382511396,1.7164743058433487,2962009.33
2016-03-11,1.7056158309158722,1.7256622461665976,1.7298385826771656,1.703110029009532,3466691.13
2016-03-14,1.7381912556983008,1.7340149191877334,1.7707666804807296,1.7306738499792789,3263170.38
2016-03-15,1.7331796518856197,1.7523907998342314,1.757402403646913,1.7164743058433487,4111974.97
2016-03-16,1.741532324906755,1.7832956900124324,1.7883072938251139,1.7390265230004143,4941515.82
2016-03-17,1.7799546208039783,1.7807898881060924,1.8033421052631577,1.7632492747617077,3819977.32
2016-03-18,1.7832956900124324,1.7874720265230006,1.8100242436800664,1.7799546208039783,5378710.58
2016-03-21,1.8041773725652717,1.8309059262329053,1.8501170741815167,1.7991657687525904,7063211.92
2016-03-22,1.8250590551181105,1.8116947782842936,1.8317411935350187,1.8083537090758393,4337330.13
2016-03-23,1.8075184417737258,1.8133653128885205,1.8258943224202238,1.7991657687525904,5923528.19
2016-03-24,1.8050126398673851,1.7874720265230006,1.8050126398673851,1.7841309573145465,3390856.23
2016-03-25,1.7858014919187732,1.7916483630335684,1.801671570658931,1.7832956900124324,3952447.52
2016-03-28,1.7974952341483632,1.771601947782843,1.81085951098218,1.768260878574389,3292481.97
2016-03-29,1.7749430169912972,1.757402403646913,1.7841309573145465,1.7523907998342314,4026092.67
2016-03-30,1.771601947782843,1.8025068379610445,1.8058479071694986,1.771601947782843,3516452.65
2016-03-31,1.8075184417737258,1.8008363033568173,1.8133653128885205,1.7924836303356817,2462077.41
2016-04-01,1.7974952341483632,1.8083537090758393,1.8091889763779527,1.7674256112722753,3467697.46
2016-04-05,1.7974952341483632,1.8167063820969747,1.8284001243265646,1.7924836303356817,4033006.88
2016-04-06,1.81085951098218,1.8083537090758393,1.8167063820969747,1.801671570658931,2193315.55
2016-04-07,1.812530045586407,1.786636759220887,1.8183769167012018,1.7841309573145465,2350029.2
2016-04-08,1.7774488188976378,1.7741077496891837,1.7824604227103191,1.7640845420638211,2713618.24
2016-04-11,1.786636759220887,1.790813095731455,1.8091889763779527,1.786636759220887,2882288.54
2016-04-12,1.790813095731455,1.7891425611272276,1.7949894322420226,1.7816251554082057,1774047.65
2016-04-13,1.7991657687525904,1.81085951098218,1.835082262743473,1.7991657687525904,5480353.17
2016-04-14,1.820047451305429,1.8158711147948612,1.8292353916286779,1.8075184417737258,3061830.7
2016-04-15,1.8192121840033153,1.8192121840033153,1.8258943224202238,1.812530045586407,3050963.92
2016-04-18,1.8066831744716119,1.7991657687525904,1.8133653128885205,1.7958246995441358,2191771.8
2016-04-19,1.8100242436800664,1.8050126398673851,1.812530045586407,1.7983305014504767,2058694.78
2016-04-20,1.8075184417737258,1.794154164939909,1.8116947782842936,1.7482144633236636,5753600.42
2016-04-21,1.7824604227103191,1.7924836303356817,1.8116947782842936,1.7782840861997515,3490579.16
2016-04-22,1.7816251554082057,1.8008363033568173,1.8033421052631577,1.771601947782843,2487581.55
2016-04-25,1.7949894322420226,1.7916483630335684,1.7991657687525904,1.7707666804807296,1898352.04
2016-04-26,1.789977828429341,1.7974952341483632,1.8066831744716119,1.7849662246166598,1749271.64
2016-04-27,1.7983305014504767,1.790813095731455,1.8008363033568173,1.7874720265230006,1482272.4
2016-04-28,1.7916483630335684,1.7891425611272276,1.7991657687525904,1.7799546208039783,1717320.75
2016-04-29,1.7816251554082057,1.7832956900124324,1.790813095731455,1.7807898881060924,1248875.42
2016-05-03,1.7849662246166598,1.8033421052631577,1.81085951098218,1.7766135515955241,2528151.04
2016-05-04,1.7974952341483632,1.7983305014504767,1.8025068379610445,1.7916483630335684,1244277.47
2016-05-05,1.7916483630335684,1.7966599668462495,1.7974952341483632,1.789977828429341,1031108.56
2016-05-06,1.7966599668462495,1.7565671363447992,1.7983305014504767,1.7540613344384584,2658437.31
2016-05-09,1.7515555325321177,1.7298385826771656,1.754896601740572,1.7239917115623706,3442924.67
2016-05-10,1.7264975134687115,1.7290033153750517,1.7398617903025282,1.7239917115623706,1560353.2
2016-05-11,1.7340149191877334,1.7348501864898467,1.7457086614173227,1.7264975134687115,1441010.41
2016-05-12,1.7281680480729382,1.7398617903025282,1.7448733941152095,1.7173095731454622,1336796.31
2016-05-13,1.7290033153750517,1.736520721094074,1.7448733941152095,1.7290033153750517,941263.03
2016-05-16,1.7273327807708247,1.7381912556983008,1.741532324906755,1.7223211769581435,1261020.17
2016-05-17,1.7390265230004143,1.7348501864898467,1.7432028595109823,1.7281680480729382,1091505.7
2016-05-18,1.7290033153750517,1.7356854537919602,1.7398617903025282,1.713968503937008,3188517.17
2016-05-19,1.7298385826771656,1.7306738499792789,1.741532324906755,1.7281680480729382,827861.96
2016-05-20,1.724826978864484,1.7398617903025282,1.7406970576046417,1.724826978864484,946322.82
2016-05-23,1.7406970576046417,1.7406970576046417,1.753226067136345,1.736520721094074,1206061.56
2016-05-24,1.7381912556983008,1.7281680480729382,1.7381912556983008,1.7256622461665976,1744282.1
2016-05-25,1.7340149191877334,1.732344384583506,1.741532324906755,1.7298385826771656,1182057.92
2016-05-26,1.7340149191877334,1.732344384583506,1.7423675922088686,1.7223211769581435,1151169.2
2016-05-27,1.7331796518856197,1.7356854537919602,1.7406970576046417,1.7290033153750517,1124549.74
2016-05-30,1.7340149191877334,1.7448733941152095,1.7490497306257768,1.724826978864484,1591087.71
2016-05-31,1.7465439287194364,1.8041773725652717,1.8050126398673851,1.7465439287194364,5842395.17
2016-06-01,1.8041773725652717,1.7891425611272276,1.8058479071694986,1.7891425611272276,2625484.9
2016-06-02,1.7874720265230006,1.7874720265230006,1.7949894322420226,1.7799546208039783,1487011.34
2016-06-03,1.7891425611272276,1.7991657687525904,1.8025068379610445,1.7849662246166598,2080395.04
2016-06-06,1.7991657687525904,1.7883072938251139,1.8025068379610445,1.7849662246166598,1351637.76
2016-06-07,1.7916483630335684,1.789977828429341,1.7958246995441358,1.7874720265230006,1182076.93
2016-06-08,1.789977828429341,1.786636759220887,1.7924836303356817,1.779119353501865,917264.77
2016-06-13,1.7732724823870705,1.7440381268130958,1.775778284293411,1.7432028595109823,2547582.77
2016-06-14,1.7432028595109823,1.754896601740572,1.757402403646913,1.7423675922088686,1234242.65
2016-06-15,1.7373559883961875,1.7615787401574803,1.7724372150849563,1.7348501864898467,2028556.97
2016-06-16,1.7540613344384584,1.7557318690426855,1.7624140074595938,1.7515555325321177,1243704.4
2016-06-17,1.7599082055532536,1.7615787401574803,1.7749430169912972,1.7590729382511396,2166510.97
2016-06-20,1.7665903439701618,1.765755076668048,1.7690961458765022,1.7557318690426855,1212975.14
2016-06-21,1.769931413178616,1.7640845420638211,1.7883072938251139,1.7624140074595938,1611718.61
2016-06-22,1.7624140074595938,1.7741077496891837,1.775778284293411,1.7590729382511396,1748766.12
2016-06-23,1.775778284293411,1.7674256112722753,1.7766135515955241,1.7599082055532536,1000646.0
2016-06-24,1.7649198093659344,1.7457086614173227,1.7766135515955241,1.7273327807708247,2138533.83
2016-06-27,1.7457086614173227,1.7632492747617077,1.7640845420638211,1.7432028595109823,1943116.6
2016-06-28,1.7590729382511396,1.768260878574389,1.769931413178616,1.7523907998342314,1449451.86
2016-06-29,1.769931413178616,1.7832956900124324,1.7858014919187732,1.769931413178616,1905644.91
2016-06-30,1.7874720265230006,1.7841309573145465,1.7924836303356817,1.7841309573145465,1254970.25
2016-07-01,1.7891425611272276,1.7891425611272276,1.7949894322420226,1.7883072938251139,1144361.79
2016-07-04,1.7883072938251139,1.8183769167012018,1.8258943224202238,1.7849662246166598,2056830.19
2016-07-05,1.8167063820969747,1.8250590551181105,1.8317411935350187,1.8167063820969747,1729523.48
2016-07-06,1.8183769167012018,1.8242237878159968,1.8258943224202238,1.8100242436800664,1664278.32
2016-07-07,1.8225532532117696,1.8284001243265646,1.8342469954413594,1.8158711147948612,1194146.25
2016-07-08,1.8242237878159968,1.8183769167012018,1.8267295897223372,1.8175416493990886,983801.57
2016-07-11,1.821717985909656,1.8275648570244512,1.8442702030667222,1.821717985909656,1321293.13
2016-07-12,1.8275648570244512,1.8651518856195608,1.866822420223788,1.8275648570244512,2940528.1
2016-07-13,1.868492954828015,1.8676576875259017,1.892715706589308,1.8651518856195608,4764777.33
2016-07-14,1.868492954828015,1.8651518856195608,1.870163489432242,1.8542934106920848,2473531.86
2016-07-15,1.866822420223788,1.8676576875259017,1.8726692913385827,1.8601402818068793,3047614.37
2016-07-18,1.866822420223788,1.8609755491089934,1.8768456278491505,1.8601402818068793,2190945.05
2016-07-19,1.859305014504766,1.8509523414836306,1.866822420223788,1.8417644011603813,1971320.24
2016-07-20,1.8509523414836306,1.8451054703688354,1.855963945296312,1.8434349357646085,1319933.5
2016-07-21,1.8467760049730626,1.8542934106920848,1.8609755491089934,1.8467760049730626,1429531.1
2016-07-22,1.8526228760878574,1.837588064649814,1.855963945296312,1.8367527973476998,1017700.91
2016-07-25,1.8367527973476998,1.8384233319519272,1.8459407376709491,1.835082262743473,1008017.94
2016-07-26,1.8384233319519272,1.8601402818068793,1.8618108164111067,1.835082262743473,1914550.33
2016-07-27,1.8609755491089934,1.8501170741815167,1.8643166183174475,1.8142005801906345,2926171.12
2016-07-28,1.840093866556154,1.8467760049730626,1.8526228760878574,1.8317411935350187,1235216.0
2016-07-29,1.8451054703688354,1.8384233319519272,1.8476112722751763,1.8334117281392457,855808.4
2016-08-01,1.8367527973476998,1.8292353916286779,1.837588064649814,1.8225532532117696,1451769.21
2016-08-02,1.8300706589307916,1.8292353916286779,1.8359175300455866,1.8225532532117696,877795.01
2016-08-03,1.8275648570244512,1.8275648570244512,1.8317411935350187,1.821717985909656,901834.85
2016-08-04,1.8267295897223372,1.8258943224202238,1.8284001243265646,1.8142005801906345,994114.0
2016-08-05,1.8258943224202238,1.8334117281392457,1.8417644011603813,1.821717985909656,1112996.03
2016-08-08,1.8342469954413594,1.840929133858268,1.8425996684624948,1.8250590551181105,880394.3
2016-08-09,1.8384233319519272,1.8551286779941982,1.8567992125984252,1.8384233319519272,1118268.52
2016-08-10,1.855963945296312,1.8509523414836306,1.8567992125984252,1.84844653957729,1338665.47
2016-08-11,1.8509523414836306,1.8567992125984252,1.8843630335681723,1.8476112722751763,2626153.65
2016-08-12,1.8567992125984252,1.8977273104019892,1.8985625777041029,1.855963945296312,2974616.95
2016-08-15,1.9010683796104433,1.9511844177372564,1.9779129714048902,1.8985625777041029,5412527.37
2016-08-16,1.954525486945711,1.9261263986738502,1.9645486945710733,1.9244558640696228,5259624.6
2016-08-17,1.9277969332780769,1.9211147948611687,1.9386554082055536,1.9135973891421467,2314969.83
2016-08-18,1.9219500621632823,1.9127621218400335,1.939490675507667,1.9069152507252383,2289851.1
2016-08-19,1.9119268545379198,1.9219500621632823,1.9252911313717365,1.9052447161210115,1559685.67
2016-08-22,1.9211147948611687,1.9102563199336926,1.9244558640696228,1.9069152507252383,1500541.74
2016-08-23,1.911091587235806,1.9127621218400335,1.9269616659759636,1.9060799834231248,2340447.05
2016-08-24,1.9144326564442602,1.9044094488188974,1.9219500621632823,1.8993978450062163,2091216.0
2016-08-25,1.90023311230833,1.8952215084956487,1.90023311230833,1.8826924989639455,1869078.55
2016-08-26,1.8977273104019892,1.8935509738914216,1.9060799834231248,1.8918804392871946,1549018.02
2016-08-29,1.8935509738914216,1.8918804392871946,1.8952215084956487,1.8826924989639455,1196589.02
2016-08-30,1.892715706589308,1.9010683796104433,1.9060799834231248,1.892715706589308,1486517.62
2016-08-31,1.90023311230833,1.9077505180273517,1.9119268545379198,1.8960567757977622,1942188.99
2016-09-01,1.9077505180273517,1.8943862411935348,1.909421052631579,1.8935509738914216,1331148.76
2016-09-02,1.8943862411935348,1.9035741815167841,1.9044094488188974,1.8918804392871946,1711015.01
2016-09-05,1.9052447161210115,1.9044094488188974,1.9177737256527143,1.9027389142146707,1713722.2
2016-09-06,1.9044094488188974,1.909421052631579,1.9169384583506008,1.8935509738914216,1692879.34
2016-09-07,1.909421052631579,1.9127621218400335,1.9211147948611687,1.9085857853294657,2938161.18
2016-09-08,1.9102563199336926,1.9127621218400335,1.9144326564442602,1.9077505180273517,1191994.92
2016-09-09,1.911091587235806,1.9044094488188974,1.9152679237463741,1.90023311230833,1081196.78
2016-09-12,1.8768456278491505,1.8793514297554914,1.8835277662660588,1.8626460837132202,3454826.71
2016-09-13,1.8776808951512642,1.8726692913385827,1.8793514297554914,1.8693282221301286,1424014.87
2016-09-14,1.8659871529216743,1.8618108164111067,1.8693282221301286,1.8584697472026526,1506998.21
2016-09-19,1.8618108164111067,1.8726692913385827,1.8751750932449236,1.8609755491089934,1063911.38
2016-09-20,1.8718340240364695,1.870163489432242,1.8735045586406962,1.8659871529216743,804570.42
2016-09-21,1.868492954828015,1.8735045586406962,1.8751750932449236,1.8676576875259017,1107122.22
2016-09-22,1.8785161624533777,1.8835277662660588,1.892715706589308,1.8776808951512642,1405734.26
2016-09-23,1.8835277662660588,1.8785161624533777,1.8860335681723996,1.8776808951512642,1042780.49
2016-09-26,1.8751750932449236,1.855963945296312,1.8760103605470368,1.8542934106920848,2170055.17
2016-09-27,1.8542934106920848,1.8618108164111067,1.8659871529216743,1.853458143389971,988029.48
2016-09-28,1.8634813510153334,1.853458143389971,1.8643166183174475,1.8526228760878574,1195647.36
2016-09-29,1.8576344799005389,1.8626460837132202,1.870163489432242,1.8576344799005389,1010064.07
2016-09-30,1.8584697472026526,1.866822420223788,1.8693282221301286,1.8584697472026526,1274905.13
2016-10-10,1.8760103605470368,1.889374637380854,1.8935509738914216,1.8735045586406962,1141358.34
2016-10-11,1.889374637380854,1.8918804392871946,1.8943862411935348,1.8860335681723996,1331115.93
2016-10-12,1.8877041027766266,1.8851983008702862,1.8885393700787403,1.8826924989639455,1030107.76
2016-10-13,1.8826924989639455,1.8851983008702862,1.8902099046829672,1.8826924989639455,784097.11
2016-10-14,1.8851983008702862,1.892715706589308,1.8968920430998757,1.8801866970576047,1144170.97
2016-10-17,1.8952215084956487,1.8793514297554914,1.8952215084956487,1.8760103605470368,1215437.26
2016-10-18,1.8768456278491505,1.9060799834231248,1.9077505180273517,1.8760103605470368,1689088.06
2016-10-19,1.9060799834231248,1.9035741815167841,1.911091587235806,1.9010683796104433,1109992.2
2016-10-20,1.9027389142146707,1.9044094488188974,1.9085857853294657,1.9010683796104433,1035051.57
2016-10-21,1.9044094488188974,1.9169384583506008,1.9227853294653958,1.90023311230833,1777797.58
2016-10-24,1.9161031910484876,1.9411612101118938,1.9570312888520516,1.9161031910484876,3893178.13
2016-10-25,1.9419964774140077,1.9369848736013262,1.9445022793203481,1.933643804392872,2463381.65
2016-10-26,1.9369848736013262,1.9303027351844178,1.939490675507667,1.928632200580191,1934679.73
2016-10-27,1.9294674678823043,1.9252911313717365,1.9303027351844178,1.9211147948611687,1739054.25
2016-10-28,1.9252911313717365,1.9269616659759636,1.9453375466224618,1.9252911313717365,3028056.17
2016-10-31,1.9261263986738502,1.9252911313717365,1.9269616659759636,1.9119268545379198,1240292.44
2016-11-01,1.9244558640696228,1.9344790716949856,1.9344790716949856,1.9219500621632823,1399906.34
2016-11-02,1.9303027351844178,1.9211147948611687,1.9311380024865314,1.9194442602569417,1459249.6
2016-11-03,1.9186089929548282,1.9436670120182344,1.9536902196435972,1.9161031910484876,2594712.2
2016-11-04,1.9419964774140077,1.9411612101118938,1.9536902196435972,1.9386554082055536,1310305.35
2016-11-07,1.9411612101118938,1.9461728139245753,1.9495138831330296,1.9386554082055536,943443.16
2016-11-08,1.9511844177372564,1.9528549523414838,1.9637134272689598,1.9461728139245753,1458718.21
2016-11-09,1.9520196850393705,1.9378201409034397,1.9520196850393705,1.920279527559055,2622338.54
2016-11-10,1.9478433485288023,1.957866556154165,1.9637134272689598,1.9478433485288023,1742958.84
2016-11-11,1.9536902196435972,1.9737366348943224,1.980418773311231,1.9520196850393705,3591485.92
2016-11-14,1.969560298383755,1.9829245752175717,2.000465188561956,1.9678897637795276,3284321.67
2016-11-15,1.9795835060091174,1.9762424368006632,1.9829245752175717,1.9720661002900957,1339446.67
2016-11-16,1.9770777041027767,1.9720661002900957,1.9795835060091174,1.969560298383755,1349158.21
2016-11-17,1.9712308329879817,1.978748238707004,1.9795835060091174,1.9628781599668466,1252760.1
2016-11-18,1.9795835060091174,1.9737366348943224,1.9862656444260258,1.969560298383755,1437971.0
2016-11-21,1.9703955656858683,1.9962888520513886,2.0096531288852053,1.9703955656858683,3171603.1
2016-11-22,1.9946183174471612,2.0113236634894323,2.0146647326978866,1.9937830501450478,2669513.09
2016-11-23,2.012158930791546,2.0171705346042272,2.030534811438044,2.007982594280978,2154154.97
2016-11-24,2.0138294653957733,2.0255232076253624,2.0347111479486117,2.012158930791546,2144528.69
2016-11-25,2.0255232076253624,2.047240157480315,2.048910692084542,2.0129941980936596,2797375.07
2016-11-28,2.054757563199337,2.054757563199337,2.0756392457521757,2.0505812266887693,2694263.11
2016-11-29,2.0512969332780773,2.0880034535156793,2.0991007735875122,2.045321453239398,3430981.93
2016-11-30,2.082027973477,2.0649551733664873,2.090564373532256,2.0581260533222823,5571959.63
2016-12-01,2.069223373394115,2.0769061334438454,2.0914180135377816,2.0641015333609616,3458103.22
2016-12-02,2.07605249343832,2.0623942533499102,2.0769061334438454,2.0512969332780773,3598342.82
2016-12-05,2.0419068932172952,2.0256877331123087,2.0427605332228205,2.0180049730625775,4557022.57
2016-12-06,2.0248340931067825,2.0214195330846803,2.0342241331675646,2.0205658930791546,2033863.91
2016-12-07,2.0214195330846803,2.0273950131233596,2.0282486531288852,2.015444053046001,2104626.91
2016-12-08,2.0308095731454623,2.0316632131509875,2.0384923331951925,2.0273950131233596,2303045.69
2016-12-09,2.0299559331399366,2.059833333333333,2.066662453377538,2.0248340931067825,3626518.28
2016-12-12,2.0589796933278075,2.0367850531841416,2.0709306534051666,2.019712253073629,5934859.09
2016-12-13,2.029102293134411,2.0239804531012573,2.0333704931620393,2.0145904130404753,3478672.03
2016-12-14,2.0248340931067825,2.0145904130404753,2.035931413178616,2.0137367730349496,2541497.55
2016-12-15,2.008614933001796,1.9702011327531426,2.010322213012847,1.940323732559746,4081803.64
2016-12-16,1.969347492747617,1.9642256527144633,1.9778838928028735,1.9633720127089376,2069360.2
2016-12-19,1.9625183727034121,1.9573965326702587,1.967640212736566,1.95312833264263,2027300.64
2016-12-20,1.9573965326702587,1.9471528526039508,1.9599574526868353,1.9317873325044894,2181082.04
2016-12-21,1.9497137726205274,1.9616647326978864,1.969347492747617,1.9497137726205274,3288750.26
2016-12-22,1.960811092692361,1.9565428926647326,1.9625183727034121,1.9480064926094767,1293380.51
2016-12-23,1.9548356126536817,1.9454455725928996,1.9573965326702587,1.940323732559746,1589925.61
2016-12-26,1.9343482525210665,1.9616647326978864,1.9642256527144633,1.9258118524658099,3005143.73
2016-12-27,1.960811092692361,1.953981972648156,1.96678657273104,1.9522746926371044,1829392.86
2016-12-28,1.9522746926371044,1.944591932587374,1.9573965326702587,1.93947009255422,2137651.94
2016-12-29,1.942031012570797,1.944591932587374,1.9522746926371044,1.9360555325321176,2142421.65
2016-12-30,1.9437382925818485,1.9522746926371044,1.9548356126536817,1.9428846525763224,2386427.44
2017-01-03,1.9505674126260535,1.969347492747617,1.9753229727862966,1.9505674126260535,2716432.43
2017-01-04,1.96678657273104,1.9847130128470785,1.9847130128470785,1.96678657273104,2243780.29
2017-01-05,1.983005732836027,1.9821520928305016,1.9872739328636553,1.9778838928028735,1653052.62
2017-01-06,1.9821520928305016,1.9753229727862966,1.985566652852604,1.973615692775245,1093260.29
2017-01-09,1.973615692775245,1.9795911728139246,1.9838593728415526,1.9702011327531426,1460191.12
2017-01-10,1.9761766127918219,1.9744693327807712,1.9821520928305016,1.9719084127641942,1182091.4
2017-01-11,1.9753229727862966,1.9659329327255146,1.9795911728139246,1.9642256527144633,1804038.45
2017-01-12,1.9642256527144633,1.9599574526868353,1.9719084127641942,1.9591038126813094,1581768.59
2017-01-13,1.9591038126813094,1.9719084127641942,1.9778838928028735,1.9573965326702587,1652974.29
2017-01-16,1.9702011327531426,1.996663972924437,2.000932172952065,1.951421052631579,4368298.46
2017-01-17,1.988127572869181,1.988127572869181,1.9932494129023346,1.9821520928305016,1401623.55
2017-01-18,1.9872739328636553,2.000932172952065,2.0077612929962703,1.9872739328636553,1859741.69
2017-01-19,1.9983712529354885,1.9923957728968091,2.0077612929962703,1.9906884928857576,2441889.56
2017-01-20,1.9932494129023346,2.0052003729796937,2.008614933001796,1.9923957728968091,1844401.99
2017-01-23,2.0060540129852193,2.0043467329741675,2.015444053046001,2.0000785329465396,3139089.19
2017-01-24,2.0052003729796937,2.0094685730073216,2.011175853018373,2.001785812957591,1769305.07
2017-01-25,2.0069076529907446,2.0120294930238987,2.0145904130404753,2.001785812957591,1647286.09
2017-01-26,2.015444053046001,2.019712253073629,2.0248340931067825,2.0137367730349496,1961230.92
2017-02-03,2.0205658930791546,1.9992248929410141,2.0231268130957316,1.996663972924437,1455852.65
2017-02-06,2.001785812957591,2.0000785329465396,2.0069076529907446,1.9941030529078603,1548299.19
2017-02-07,2.0000785329465396,1.9932494129023346,2.003493092968642,1.989834852880232,1408960.42
2017-02-08,1.9932494129023346,2.0043467329741675,2.0052003729796937,1.9838593728415526,1684464.97
2017-02-09,2.0043467329741675,2.0094685730073216,2.0188586130681037,1.9992248929410141,2331212.95
2017-02-10,2.011175853018373,2.019712253073629,2.0248340931067825,2.010322213012847,2733694.3
2017-02-13,2.0205658930791546,2.0299559331399366,2.032516853156513,2.0205658930791546,2488312.05
2017-02-14,2.029102293134411,2.0231268130957316,2.0308095731454623,2.0205658930791546,1415678.86
2017-02-15,2.0231268130957316,2.022273173090206,2.0333704931620393,2.0214195330846803,1377216.47
2017-02-16,2.022273173090206,2.0248340931067825,2.0282486531288852,2.019712253073629,1157874.48
2017-02-17,2.0273950131233596,2.015444053046001,2.0367850531841416,2.0145904130404753,1968658.07
2017-02-20,2.0162976930515266,2.044467813233872,2.045321453239398,2.0162976930515266,4045643.98
2017-02-21,2.044467813233872,2.0427605332228205,2.0547114933001795,2.0401996132062443,2494719.53
2017-02-22,2.0427605332228205,2.045321453239398,2.047028733250449,2.0384923331951925,2137838.81
2017-02-23,2.044467813233872,2.037638693189667,2.0487360132615002,2.0316632131509875,1483924.31
2017-02-24,2.0367850531841416,2.035931413178616,2.0367850531841416,2.026541373117834,2544948.33
2017-02-27,2.0342241331675646,2.0205658930791546,2.0350777731730902,2.0171513330570523,1819209.49
2017-02-28,2.019712253073629,2.0214195330846803,2.029102293134411,2.0162976930515266,1632510.33
2017-03-01,2.0231268130957316,2.0214195330846803,2.032516853156513,2.019712253073629,2103578.22
2017-03-02,2.0256877331123087,2.008614933001796,2.0308095731454623,2.0069076529907446,1443827.55
2017-03-03,2.0060540129852193,2.0000785329465396,2.0060540129852193,1.996663972924437,1382678.54
2017-03-06,2.000932172952065,2.0052003729796937,2.0094685730073216,1.9983712529354885,1559258.79
2017-03-07,2.0026394529631166,2.0094685730073216,2.0094685730073216,2.001785812957591,1412334.9
2017-03-08,2.008614933001796,2.010322213012847,2.0145904130404753,2.0052003729796937,1131251.53
2017-03-09,2.0069076529907446,2.0000785329465396,2.0077612929962703,1.9906884928857576,1477523.91
2017-03-10,1.9983712529354885,1.9932494129023346,2.000932172952065,1.9932494129023346,950259.62
2017-03-13,1.9923957728968091,2.010322213012847,2.011175853018373,1.9864202928581294,1606165.7
2017-03-14,2.010322213012847,2.0069076529907446,2.0120294930238987,2.003493092968642,778545.52
2017-03-15,2.0043467329741675,2.0094685730073216,2.010322213012847,2.000932172952065,1037653.94
2017-03-16,2.015444053046001,2.022273173090206,2.0282486531288852,2.0145904130404753,1887140.94
2017-03-17,2.0239804531012573,2.0000785329465396,2.0248340931067825,1.9958103329189114,2173504.73
2017-03-20,2.0043467329741675,2.003493092968642,2.008614933001796,1.9958103329189114,997252.92
2017-03-21,2.003493092968642,2.008614933001796,2.010322213012847,2.001785812957591,1873622.76
2017-03-22,2.001785812957591,1.9941030529078603,2.0052003729796937,1.988127572869181,2182631.56
2017-03-23,1.9932494129023346,2.000932172952065,2.008614933001796,1.9923957728968091,1361271.11
2017-03-24,2.0026394529631166,2.0180049730625775,2.0239804531012573,1.9983712529354885,1946965.69
2017-03-27,2.0180049730625775,2.0145904130404753,2.029102293134411,2.012883133029424,1740014.81
2017-03-28,2.0171513330570523,2.0094685730073216,2.019712253073629,2.0077612929962703,1670864.77
2017-03-29,2.011175853018373,2.0077612929962703,2.015444053046001,2.003493092968642,1392728.31
2017-03-30,2.0069076529907446,2.0000785329465396,2.011175853018373,1.9932494129023346,2658567.84
2017-03-31,1.9983712529354885,2.011175853018373,2.012883133029424,1.9983712529354885,1710043.21
2017-04-05,2.019712253073629,2.0333704931620393,2.0342241331675646,2.0171513330570523,1852731.34
2017-04-06,2.0342241331675646,2.0350777731730902,2.0401996132062443,2.0248340931067825,2820088.77
2017-04-07,2.035931413178616,2.0350777731730902,2.0401996132062443,2.0273950131233596,1548983.68
2017-04-10,2.0350777731730902,2.029102293134411,2.0384923331951925,2.029102293134411,1296305.97
2017-04-11,2.026541373117834,2.0299559331399366,2.0342241331675646,2.0094685730073216,2574388.02
2017-04-12,2.0273950131233596,2.026541373117834,2.0333704931620393,2.015444053046001,1530671.04
2017-04-13,2.0231268130957316,2.0205658930791546,2.0273950131233596,2.0188586130681037,1756562.66
2017-04-14,2.019712253073629,2.0060540129852193,2.0205658930791546,2.001785812957591,2096911.65
2017-04-17,2.0043467329741675,2.008614933001796,2.011175853018373,1.994956692913386,2794262.09
2017-04-18,2.0060540129852193,1.9958103329189114,2.0069076529907446,1.9941030529078603,1423344.7
2017-04-19,1.9915421328912837,1.9821520928305016,1.9932494129023346,1.9744693327807712,3465282.23
2017-04-20,1.98044481281945,1.989834852880232,1.9915421328912837,1.98044481281945,1851907.84
2017-04-21,1.9906884928857576,1.9983712529354885,2.0026394529631166,1.9889812128747066,2031211.27
2017-04-24,1.9992248929410141,1.9941030529078603,2.0000785329465396,1.983005732836027,2487214.1
2017-04-25,1.9923957728968091,1.9992248929410141,2.000932172952065,1.9923957728968091,1745779.87
2017-04-26,1.9992248929410141,1.996663972924437,2.011175853018373,1.996663972924437,2282894.91
2017-04-27,1.9941030529078603,2.000932172952065,2.003493092968642,1.985566652852604,1543849.13
2017-04-28,2.0000785329465396,1.9975176129299625,2.000932172952065,1.9889812128747066,1834581.74
2017-05-02,1.9958103329189114,1.9906884928857576,2.001785812957591,1.9906884928857576,820257.98
2017-05-03,1.9906884928857576,1.9847130128470785,1.9958103329189114,1.9838593728415526,1594104.51
2017-05-04,1.9838593728415526,1.98044481281945,1.9889812128747066,1.9753229727862966,1792657.14
2017-05-05,1.9778838928028735,1.9744693327807712,1.978737532808399,1.9599574526868353,2671015.77
2017-05-08,1.969347492747617,1.978737532808399,1.98044481281945,1.9616647326978864,3890832.66
2017-05-09,1.973615692775245,1.9761766127918219,1.9795911728139246,1.9719084127641942,1456514.77
2017-05-10,1.9770302527973478,1.981298452824976,1.9906884928857576,1.9770302527973478,2566048.88
2017-05-11,1.9770302527973478,1.9923957728968091,1.994956692913386,1.9761766127918219,2921606.13
2017-05-12,1.989834852880232,2.0231268130957316,2.0231268130957316,1.989834852880232,5479669.83
2017-05-15,2.026541373117834,2.026541373117834,2.039345973200718,2.0248340931067825,1804525.89
2017-05-16,2.0214195330846803,2.0308095731454623,2.0308095731454623,2.0145904130404753,1872077.28
2017-05-17,2.0273950131233596,2.012883133029424,2.0299559331399366,2.0120294930238987,1570248.42
2017-05-18,2.003493092968642,2.0060540129852193,2.0120294930238987,2.000932172952065,1901212.11
2017-05-19,2.0052003729796937,2.010322213012847,2.0120294930238987,2.003493092968642,1394331.23
2017-05-22,2.011175853018373,2.0256877331123087,2.029102293134411,2.0094685730073216,2710722.01
2017-05-23,2.0231268130957316,2.0512969332780773,2.0521505732836025,2.0231268130957316,4897236.91
2017-05-24,2.0495896532670255,2.0478823732559746,2.053857853294654,2.0308095731454623,2836901.13
2017-05-25,2.0436141732283466,2.1084908136482943,2.114466293686973,2.0427605332228205,4586789.47
2017-05-26,2.10336897361514,2.1050762536261916,2.117880853709076,2.0948325735598843,2042687.1
2017-05-31,2.1093444536538195,2.1127590136759222,2.134100013814063,2.0956862135654095,2429730.35
2017-06-01,2.110198093659345,2.125563613758807,2.128124533775383,2.0982471335819866,1880518.76
2017-06-02,2.125563613758807,2.1084908136482943,2.1289781737809093,2.1050762536261916,2081019.94
2017-06-05,2.099954413593038,2.0845888934935766,2.107637173642768,2.082027973477,2236129.54
2017-06-06,2.082027973477,2.097393493576461,2.1016616936040893,2.082027973477,2596411.98
2017-06-07,2.099954413593038,2.11702721370355,2.125563613758807,2.097393493576461,2287067.49
2017-06-08,2.1153199336924993,2.134953653819588,2.1392218538472165,2.1093444536538195,2505981.5
2017-06-09,2.134100013814063,2.148611893907998,2.1622701339964085,2.134100013814063,3358548.76
2017-06-12,2.143490053874845,2.1460509738914215,2.169099254040613,2.140075493852742,2400504.17
2017-06-13,2.142636413869319,2.14434369388037,2.1460509738914215,2.128124533775383,2253672.63
2017-06-14,2.142636413869319,2.1187344937146015,2.142636413869319,2.116173573698025,2865079.21
2017-06-15,2.116173573698025,2.104222613620666,2.124709973753281,2.0991007735875122,3417638.76
2017-06-16,2.104222613620666,2.099954413593038,2.114466293686973,2.0956862135654095,2421800.63
2017-06-19,2.100808053598563,2.131539093797486,2.133246373808537,2.100808053598563,2588611.73
2017-06-20,2.134100013814063,2.119588133720127,2.1392218538472165,2.1153199336924993,1787608.7
2017-06-21,2.1323927338030115,2.141782773863793,2.142636413869319,2.113612653681448,3144251.6
2017-06-22,2.137514573836165,2.1545873739466774,2.181050214117972,2.128124533775383,5262391.23
2017-06-23,2.15031917391905,2.170806534051665,2.17166017405719,2.140929133858268,2881168.56
2017-06-26,2.17166017405719,2.1801965741124465,2.193854814200856,2.169952894046139,3383752.82
2017-06-27,2.1767820140903438,2.188732974167703,2.1921475341898056,2.169099254040613,3131230.76
2017-06-28,2.1836111341345488,2.175074734079293,2.193854814200856,2.1742210940737676,2585744.19
2017-06-29,2.17763565409587,2.1895866141732285,2.1904402541787538,2.17166017405719,1889145.56
2017-06-30,2.178489294101395,2.1836111341345488,2.188732974167703,2.1742210940737676,1796644.71
2017-07-03,2.1870256941566515,2.170806534051665,2.187879334162177,2.1622701339964085,1763846.55
2017-07-04,2.169099254040613,2.151172813924575,2.1733674540682415,2.149465533913524,2422040.84
2017-07-05,2.15031917391905,2.187879334162177,2.1904402541787538,2.149465533913524,2455481.73
2017-07-06,2.1827574941290235,2.19129389418428,2.2006839342450615,2.175928374084818,2155174.15
2017-07-07,2.187879334162177,2.186172054151126,2.193001174195331,2.17763565409587,2380477.27
2017-07-10,2.184464774140075,2.198123014228485,2.204098494267164,2.1801965741124465,2457108.97
2017-07-11,2.1964157342174335,2.222878574388728,2.2408050145047658,2.195562094211908,3741320.73
2017-07-12,2.220317654372151,2.2169030943500485,2.250195054565548,2.209220334300318,3300303.16
2017-07-13,2.220317654372151,2.2519023345765987,2.2527559745821244,2.2169030943500485,3178567.11
2017-07-14,2.2536096145876505,2.274950614725791,2.2758042547313164,2.2459268545379194,2483724.6
2017-07-17,2.277511534742368,2.2783651747478935,2.309096214946816,2.2510486945710735,7414212.46
2017-07-18,2.2715360547036885,2.269828774692637,2.2877552148086755,2.249341414560022,5012166.93
2017-07-19,2.270682414698163,2.306535294930239,2.3073889349357644,2.269828774692637,4137178.13
2017-07-20,2.3031207349081364,2.3133644149744437,2.31421805497997,2.2937306948473544,4311090.86
2017-07-21,2.3048280149191878,2.2877552148086755,2.3082425749412905,2.2843406547865728,3724236.35
2017-07-24,2.2826333747755214,2.3048280149191878,2.3133644149744437,2.2826333747755214,3115064.1
2017-07-25,2.3048280149191878,2.290316134825252,2.3133644149744437,2.2886088548142007,3742524.78
2017-07-26,2.2894624948197264,2.2851942947920985,2.309096214946816,2.270682414698163,4600481.31
2017-07-27,2.281779734769996,2.2851942947920985,2.2920234148363035,2.2672678546760605,2331159.2
2017-07-28,2.281779734769996,2.2877552148086755,2.292877054841829,2.274950614725791,1610682.64
2017-07-31,2.2860479347976237,2.2894624948197264,2.2979988948749828,2.2800724547589444,2307538.67
2017-08-01,2.2911697748307778,2.325315375051803,2.3261690150573284,2.2886088548142007,3144038.58
2017-08-02,2.3261690150573284,2.3287299350739055,2.340680895151264,2.3219008150297005,3308423.99
2017-08-03,2.325315375051803,2.2954379748584057,2.336412695123636,2.2954379748584057,4339767.51
2017-08-04,2.2937306948473544,2.2800724547589444,2.303974374913662,2.2792188147534187,2245588.53
2017-08-07,2.2766578947368417,2.28690157480315,2.2954379748584057,2.269828774692637,1938120.21
2017-08-08,2.28690157480315,2.2894624948197264,2.292877054841829,2.2758042547313164,1451225.73
2017-08-09,2.2860479347976237,2.274096974720265,2.2877552148086755,2.272389694709214,2038579.42
2017-08-10,2.2732433347147394,2.2664142146705344,2.2894624948197264,2.250195054565548,3478412.37
2017-08-11,2.2527559745821244,2.2305613344384585,2.2595850946263294,2.2280004144218815,3271999.01
2017-08-14,2.2348295344660865,2.249341414560022,2.257024174609753,2.2305613344384585,3423437.3
2017-08-15,2.2519023345765987,2.262999654648432,2.277511534742368,2.249341414560022,3522193.18
2017-08-16,2.2587314546208037,2.2536096145876505,2.2612923746373808,2.2459268545379194,1779781.71
2017-08-17,2.256170534604227,2.263853294653958,2.2664142146705344,2.2510486945710735,1425335.58
2017-08-18,2.257024174609753,2.274096974720265,2.2792188147534187,2.2544632545931758,2771559.32
2017-08-21,2.2758042547313164,2.2732433347147394,2.28690157480315,2.2672678546760605,2303134.35
2017-08-22,2.277511534742368,2.2954379748584057,2.2962916148639314,2.2732433347147394,3995656.54
2017-08-23,2.2954379748584057,2.3116571349633928,2.3227544550352257,2.292877054841829,3033890.92
2017-08-24,2.3125107749689184,2.3031207349081364,2.325315375051803,2.2962916148639314,2450098.89
2017-08-25,2.302267094902611,2.3534854952341484,2.3551927752451998,2.3005598148915594,4899013.66
2017-08-28,2.3603146152783534,2.3799483354054427,2.4055575355712113,2.3603146152783534,5554768.65
2017-08-29,2.3782410553943913,2.3808019754109684,2.3876310954551734,2.370558295344661,3519969.25
2017-08-30,2.3799483354054427,2.367997375328084,2.401289335543584,2.365436455311507,3649440.01
2017-08-31,2.3714119353501864,2.361168255283879,2.379094695399917,2.350070935212046,5842383.27
2017-09-01,2.3603146152783534,2.356046415250725,2.377387415388866,2.34921729520652,4044970.28
2017-09-04,2.354339135239674,2.3594609752728277,2.361168255283879,2.343241815167841,2968715.01
2017-09-05,2.358607335267302,2.374826495372289,2.384216535433071,2.358607335267302,3175202.71
2017-09-06,2.3688510153336093,2.3594609752728277,2.3714119353501864,2.3534854952341484,3091919.76
2017-09-07,2.3620218952894043,2.3415345351567893,2.3662900953170327,2.3389736151402127,2675442.88
2017-09-08,2.3423881751623155,2.3372663351291614,2.350070935212046,2.3304372150849564,1906751.41
2017-09-11,2.3423881751623155,2.3304372150849564,2.357753695261777,2.327022655062854,3864359.42
2017-09-12,2.3347054151125843,2.3440954551733664,2.3466563751899434,2.327022655062854,3787961.32
2017-09-13,2.3423881751623155,2.338119975134687,2.3440954551733664,2.3304372150849564,3070605.83
2017-09-14,2.3389736151402127,2.3236080950407514,2.3440954551733664,2.317632615002072,2794696.17
2017-09-15,2.3227544550352257,2.3236080950407514,2.3295835750794307,2.31421805497997,2610550.82
2017-09-18,2.325315375051803,2.3295835750794307,2.344949095178892,2.325315375051803,3199706.91
2017-09-19,2.331290855090482,2.3219008150297005,2.3372663351291614,2.3133644149744437,3095470.0
2017-09-20,2.320193535018649,2.3193398950131234,2.3278762950683793,2.3150716949854955,2210194.52
2017-09-21,2.318486255007598,2.3287299350739055,2.3415345351567893,2.3150716949854955,2760949.52
2017-09-22,2.324461735046277,2.3295835750794307,2.336412695123636,2.3167789749965464,2745850.65
2017-09-25,2.3236080950407514,2.3295835750794307,2.3329981351015334,2.3193398950131234,3447473.0
2017-09-26,2.3278762950683793,2.331290855090482,2.3347054151125843,2.325315375051803,2489844.8
2017-09-27,2.3304372150849564,2.31421805497997,2.3304372150849564,2.3133644149744437,6482281.0
2017-09-28,2.31421805497997,2.317632615002072,2.318486255007598,2.3082425749412905,2659988.72
2017-09-29,2.3193398950131234,2.327022655062854,2.3347054151125843,2.318486255007598,4708403.24
2017-10-09,2.3799483354054427,2.347510015195469,2.3893383754662247,2.3415345351567893,5753671.64
2017-10-10,2.3466563751899434,2.3440954551733664,2.3594609752728277,2.3287299350739055,5950614.55
2017-10-11,2.344949095178892,2.357753695261777,2.36287553529493,2.3440954551733664,3333772.02
2017-10-12,2.356046415250725,2.367143735322559,2.370558295344661,2.3509245752175714,2035754.04
2017-10-13,2.3662900953170327,2.365436455311507,2.3688510153336093,2.361168255283879,1618771.1
2017-10-16,2.364582815305982,2.3739728553667634,2.384216535433071,2.364582815305982,3127203.49
2017-10-17,2.3731192153612377,2.372265575355712,2.3782410553943913,2.3662900953170327,2424663.18
2017-10-18,2.372265575355712,2.391899295482802,2.3944602154993784,2.370558295344661,6735698.32
2017-10-19,2.391045655477276,2.395313855504904,2.3961674955104293,2.3876310954551734,3276864.41
2017-10-20,2.39019201547175,2.381655615416494,2.39019201547175,2.3799483354054427,1827301.39
2017-10-23,2.385923815444122,2.3825092554220197,2.388484735460699,2.3756801353778148,2383304.78
2017-10-24,2.377387415388866,2.395313855504904,2.401289335543584,2.377387415388866,5566144.44
2017-10-25,2.3944602154993784,2.391899295482802,2.397874775521481,2.388484735460699,3599678.79
2017-10-26,2.3970211355159554,2.413240295620942,2.426898535709352,2.3936065754938527,5212543.66
2017-10-27,2.413240295620942,2.452507735875121,2.4533613758806467,2.4098257355988397,3332629.36
2017-10-30,2.4508004558640697,2.4422640558088133,2.4550686558916976,2.420069415665147,5200350.3
2017-10-31,2.4345812957590827,2.433727655753557,2.4345812957590827,2.4243376156927754,2181659.28
2017-11-01,2.433727655753557,2.4260448957038268,2.4499468158585445,2.4209230556706727,3781253.64
2017-11-02,2.422630335681724,2.4303130957314547,2.4311667357369804,2.413240295620942,4102266.75
2017-11-03,2.4277521757148777,2.433727655753557,2.4371422157756597,2.4123866556154168,5519149.02
2017-11-06,2.429459455725929,2.426898535709352,2.4311667357369804,2.415801215637519,2854825.5
2017-11-07,2.426898535709352,2.454215015886172,2.461044135930377,2.426898535709352,6218318.6
2017-11-08,2.4533613758806467,2.4533613758806467,2.4747023760187874,2.447385895841967,5710532.4
2017-11-09,2.4508004558640697,2.4627514159414283,2.463605055946954,2.445678615830916,4269429.19
2017-11-10,2.461044135930377,2.490921536123774,2.4943360961458767,2.4584832159138004,6372702.53
2017-11-13,2.4934824561403506,2.4994579361790303,2.5088479762398124,2.490921536123774,2990331.78
2017-11-14,2.5003115761845556,2.4866533360961456,2.5054334162177097,2.4840924160795694,4718732.53
2017-11-15,2.4806778560574667,2.4764096560298383,2.4900678961182483,2.4721414560022104,5185719.85
2017-11-16,2.4712878159966847,2.5028724962011326,2.5054334162177097,2.4695805359856333,4311724.92
2017-11-17,2.4968970161624533,2.5523836165216194,2.5549445365381955,2.4951897361514024,9210089.32
2017-11-20,2.541286296449786,2.557505456554773,2.557505456554773,2.5207989363171706,5980591.78
2017-11-21,2.548115416493991,2.600187456831054,2.621528456969195,2.5447008564718883,8072463.9
2017-11-22,2.6078702168807846,2.6181138969470923,2.641162177096284,2.600187456831054,6521079.08
2017-11-23,2.613845696919464,2.5532372565271446,2.625796656996823,2.5336035364000553,10107565.87
2017-11-24,2.5498226965050423,2.5523836165216194,2.5643345765989776,2.5293353363724274,5941973.03
2017-11-27,2.5464081364829396,2.531896256389004,2.5515299765160933,2.5088479762398124,6937885.36
2017-11-28,2.5292507252382923,2.517947782842934,2.5301201823456276,2.5005586406962284,5085750.1
2017-11-29,2.524033982594281,2.5127310401989225,2.5344674678823043,2.484908412764194,4044882.35
2017-11-30,2.5040364691255697,2.484908412764194,2.5196866970576046,2.4779527559055117,6357419.08
2017-12-01,2.486647326978864,2.4675192706174887,2.4927335267302113,2.4623025279734767,4639455.91
2017-12-04,2.4588246995441354,2.484908412764194,2.493602983837546,2.4518690426854532,2938001.99
2017-12-05,2.4779527559055117,2.5283812681309574,2.5388147534189804,2.4753443845835057,8923698.59
2017-12-06,2.52055615416494,2.496211355159552,2.52055615416494,2.471866556154165,4660555.6
2017-12-07,2.4953418980522173,2.4727360132614997,2.5014280978035637,2.457085785329465,5970121.35
2017-12-08,2.468388727724824,2.490994612515541,2.498819726481558,2.4623025279734767,4890595.88
2017-12-11,2.490994612515541,2.5196866970576046,2.52055615416494,2.483169498549523,3870458.92
2017-12-12,2.517947782842934,2.474474927476171,2.5231645254869455,2.4736054703688355,3941618.35
2017-12-13,2.4779527559055117,2.4953418980522173,2.5022975549108994,2.4657803564028176,5433994.04
2017-12-14,2.4953418980522173,2.4779527559055117,2.5022975549108994,2.4709970990468295,4566913.39
2017-12-15,2.471866556154165,2.4483912142561124,2.476213841690841,2.446652300041442,4522940.42
2017-12-18,2.4475217571487775,2.4588246995441354,2.471866556154165,2.4475217571487775,4561371.1
2017-12-19,2.459694156651471,2.4953418980522173,2.496211355159552,2.4588246995441354,5188905.47
2017-12-20,2.4953418980522173,2.5005586406962284,2.508383754662246,2.4875167840862,4072171.49
2017-12-21,2.4953418980522173,2.515339411520928,2.5283812681309574,2.486647326978864,5742876.41
2017-12-22,2.5101226688769165,2.5022975549108994,2.5196866970576046,2.498819726481558,4101170.75
2017-12-25,2.5014280978035637,2.5005586406962284,2.533598010774969,2.491864069622876,5042697.83
2017-12-26,2.5014280978035637,2.515339411520928,2.518817239950269,2.491864069622876,4927680.34
2017-12-27,2.510992125984252,2.4640414421881474,2.515339411520928,2.4579552424368005,8582376.84
2017-12-28,2.4675192706174887,2.482300041442188,2.4953418980522173,2.459694156651471,4516756.8
2017-12-29,2.484908412764194,2.484908412764194,2.498819726481558,2.476213841690841,2741056.61
2018-01-02,2.4901251554082053,2.527511811023622,2.5292507252382923,2.488386241193535,4776970.12
2018-01-03,2.5292507252382923,2.5318590965602983,2.560551181102362,2.5266423539162868,5708742.97
2018-01-04,2.532728553667633,2.537945296311645,2.549248238707004,2.5292507252382923,3084130.84
2018-01-05,2.5396842105263153,2.550117695814339,2.5544649813510154,2.5353369249896396,3220088.3
2018-01-08,2.5449009531703273,2.5596817239950265,2.5657679237463737,2.5431620389556566,3125530.92
2018-01-09,2.5579428097803563,2.582287608785744,2.582287608785744,2.557073352673021,3097112.43
2018-01-10,2.579679237463738,2.6031545793617905,2.6048934935764607,2.573593037712391,4779056.89
2018-01-11,2.5979378367177786,2.6005462080397845,2.612718607542478,2.590112722751761,3227392.87
2018-01-12,2.6005462080397845,2.6240215499378365,2.625760464152507,2.6005462080397845,3187761.74
2018-01-15,2.6266299212598425,2.6457579776212183,2.664886033982594,2.6240215499378365,5852667.17
2018-01-16,2.6396717778698715,2.6640165768752593,2.664886033982594,2.637932863655201,4702502.18
2018-01-17,2.6640165768752593,2.670102776626606,2.7187923746373803,2.656191462909242,8383916.12
2018-01-18,2.686622461665976,2.7005337753833403,2.714445089100704,2.679666804807294,6123523.57
2018-01-19,2.7092283464566926,2.706619975134687,2.730095317032739,2.6918392043099875,7679212.2
2018-01-22,2.6979254040613347,2.7205312888520514,2.729225859925404,2.688361375880646,6080782.75
2018-01-23,2.7274869457107336,2.758787401574803,2.7605263157894733,2.7274869457107336,9355638.94
2018-01-24,2.7683514297554908,2.757917944467468,2.7779154579361784,2.7353120596767506,8496426.27
2018-01-25,2.751831744716121,2.738789888106092,2.7570484873601324,2.7135756319933693,6424868.65
2018-01-26,2.7344426025694157,2.7570484873601324,2.7779154579361784,2.7309647741400744,5974380.41
2018-01-29,2.7657430584334852,2.7074894322420224,2.7761765437215087,2.6979254040613347,7415258.38
2018-01-30,2.7005337753833403,2.673580605055947,2.716184003315375,2.670972233733941,4501058.01
2018-01-31,2.6640165768752593,2.706619975134687,2.710097803564028,2.662277662660588,5737693.04
2018-02-01,2.7083588893493578,2.7248785743887276,2.7266174886033983,2.6918392043099875,7010665.53
2018-02-02,2.704011603812681,2.7344426025694157,2.7370509738914213,2.674450062163282,7292157.06
2018-02-05,2.7005337753833403,2.76487360132615,2.7657430584334852,2.6944475756319934,8264981.16
2018-02-06,2.7222702030667216,2.704011603812681,2.7353120596767506,2.6857530045586406,17298860.45
2018-02-07,2.7318342312474098,2.628368835474513,2.749223373394115,2.6196742644011604,13889274.08
2018-02-08,2.6083713220058016,2.5553344384583507,2.622282635723166,2.527511811023622,12060134.78
2018-02-09,2.478822213012847,2.437088271860754,2.5022975549108994,2.35883713220058,18486013.12
2018-02-12,2.4353493576460834,2.434479900538748,2.4536079569001243,2.40839618731869,7828896.74
2018-02-13,2.459694156651471,2.476213841690841,2.5075142975549105,2.4588246995441354,6035503.38
2018-02-14,2.483169498549523,2.491864069622876,2.4979502693742233,2.4666498135101533,2596548.65
2018-02-22,2.527511811023622,2.5431620389556566,2.5553344384583507,2.5162088686282633,3632410.17
2018-02-23,2.550987152921674,2.569245752175715,2.575331951927062,2.5422925818483217,3510744.27
2018-02-26,2.582287608785744,2.5779403232490674,2.598807293825114,2.5449009531703273,6511913.47
2018-02-27,2.5848959801077496,2.5388147534189804,2.587504351429755,2.5318590965602983,6385342.03
2018-02-28,2.5196866970576046,2.496211355159552,2.5231645254869455,2.484908412764194,6043608.11
2018-03-01,2.479691670120182,2.5075142975549105,2.524903439701616,2.477083298798177,4505127.59
2018-03-02,2.488386241193535,2.483169498549523,2.5075142975549105,2.474474927476171,3424885.11
2018-03-05,2.484908412764194,2.482300041442188,2.511861583091587,2.4666498135101533,4844539.43
2018-03-06,2.4996891835888935,2.510992125984252,2.511861583091587,2.4605636137588065,5321614.49
2018-03-07,2.510992125984252,2.496211355159552,2.5362063820969745,2.485777869871529,6929035.17
2018-03-08,2.4979502693742233,2.515339411520928,2.5196866970576046,2.486647326978864,3382254.01
2018-03-09,2.5214256112722753,2.524033982594281,2.532728553667633,2.508383754662246,4157863.55
2018-03-12,2.5353369249896396,2.525772896808951,2.5414231247409864,2.5162088686282633,5242508.59
2018-03-13,2.5266423539162868,2.4979502693742233,2.5353369249896396,2.494472440944882,6110263.19
2018-03-14,2.4901251554082053,2.48925569830087,2.498819726481558,2.4805611272275176,3079108.46
2018-03-15,2.483169498549523,2.5127310401989225,2.513600497306258,2.479691670120182,3327447.95
2018-03-16,2.513600497306258,2.488386241193535,2.525772896808951,2.4875167840862,4296440.43
2018-03-19,2.48925569830087,2.514469954413593,2.515339411520928,2.4779527559055117,4183281.98
2018-03-20,2.5005586406962284,2.5170783257355986,2.52229506837961,2.496211355159552,3095612.53
2018-03-21,2.5388147534189804,2.5075142975549105,2.5422925818483217,2.496211355159552,4386752.17
2018-03-22,2.508383754662246,2.484038955656859,2.5196866970576046,2.4709970990468295,4467999.97
2018-03-23,2.417090758392043,2.4179602154993787,2.4292631578947366,2.384920845420638,6577138.36
2018-03-26,2.4031794446746786,2.3770957314546206,2.40665727310402,2.349273104019892,6158116.33
2018-03-27,2.4040489017820144,2.381443016991297,2.4118740157480314,2.3623149606299214,5944176.12
2018-03-28,2.356228760878574,2.3371007045171988,2.3823124740986326,2.3284061334438455,6802531.8
2018-03-29,2.3405785329465396,2.3770957314546206,2.393615416493991,2.3049307915457935,7055855.41
2018-03-30,2.3762262743472857,2.35883713220058,2.377965188561956,2.354489846663904,5197398.19
2018-04-02,2.356228760878574,2.349273104019892,2.3918765022793202,2.343186904268545,5701730.05
2018-04-03,2.331883961873187,2.3414479900538745,2.354489846663904,2.3266672192291753,4126589.67
2018-04-04,2.349273104019892,2.34231744716121,2.3692706174886036,2.3371007045171988,4260190.22
2018-04-09,2.345795275590551,2.3570982179859095,2.361445503522586,2.332753418980522,4457497.35
2018-04-10,2.35883713220058,2.4127434728553667,2.413612929962702,2.351881475341898,6981827.92
2018-04-11,2.4127434728553667,2.4127434728553667,2.430132615002072,2.400571073352673,7025353.27
2018-04-12,2.4127434728553667,2.3840513883133028,2.4153518441773723,2.3823124740986326,4629887.09
2018-04-13,2.395354330708661,2.3623149606299214,2.4031794446746786,2.3597065893079154,4384862.54
2018-04-16,2.354489846663904,2.3084086199751344,2.3631844177372563,2.304061334438458,6860905.25
2018-04-17,2.313625362619146,2.2831943638624117,2.3284061334438455,2.2797165354330704,7427396.7
2018-04-18,2.3110169912971403,2.2979751346871113,2.314494819726481,2.2762387070037295,8331652.88
2018-04-19,2.305800248653129,2.3266672192291753,2.3371007045171988,2.300583506009117,5487971.5
2018-04-20,2.317103191048487,2.2927583920431,2.3240588479071693,2.2814554496477415,7326092.2
2018-04-23,2.282324906755077,2.3110169912971403,2.317103191048487,2.282324906755077,5832207.68
2018-04-24,2.3153642768338165,2.3631844177372563,2.3753568172399504,2.3153642768338165,10363734.0
2018-04-25,2.3501425611272273,2.3414479900538745,2.357967675093245,2.338839618731869,5765261.97
2018-04-26,2.3510120182345626,2.3084086199751344,2.3570982179859095,2.2988445917944467,5129491.85
2018-04-27,2.317103191048487,2.297105677579776,2.319711562370493,2.263196850393701,8263366.3
2018-05-02,2.305800248653129,2.300583506009117,2.314494819726481,2.2858027351844177,5254244.12
2018-05-03,2.29449730625777,2.307539162867799,2.3179726481558225,2.2753692498963947,4991656.04
2018-05-04,2.302322420223788,2.290150020721094,2.313625362619146,2.2884111065064237,4249559.68
2018-05-07,2.297105677579776,2.3249283050145046,2.329275590551181,2.2849332780770824,5610542.57
2018-05-08,2.32579776212184,2.3597065893079154,2.3710095317032738,2.3240588479071693,7808507.3
2018-05-09,2.357967675093245,2.3570982179859095,2.3623149606299214,2.344925818483216,3486344.32
2018-05-10,2.361445503522586,2.3675317032739325,2.3770957314546206,2.349273104019892,5215803.69
2018-05-11,2.3727484459179444,2.361445503522586,2.3762262743472857,2.35883713220058,4103602.33
2018-05-14,2.3692706174886036,2.3866597596353087,2.394484873601326,2.3692706174886036,5675991.42
2018-05-15,2.3927459593866556,2.3823124740986326,2.394484873601326,2.3666622461665976,3967040.66
2018-05-16,2.3753568172399504,2.351881475341898,2.377965188561956,2.349273104019892,6786815.05
2018-05-17,2.3570982179859095,2.3379701616245336,2.3605760464152503,2.3371007045171988,3661169.5
2018-05-18,2.338839618731869,2.3762262743472857,2.3770957314546206,2.331883961873187,6539614.77
2018-05-21,2.3918765022793202,2.3788346456692913,2.397962702030667,2.371878988810609,6719152.95
2018-05-22,2.3788346456692913,2.3623149606299214,2.3797041027766266,2.3475341898052218,6090915.59
2018-05-23,2.3570982179859095,2.3231893907998344,2.3570982179859095,2.3214504765851633,7872361.55
2018-05-24,2.3240588479071693,2.3084086199751344,2.332753418980522,2.307539162867799,3345195.22
2018-05-25,2.3110169912971403,2.307539162867799,2.32579776212184,2.2988445917944467,3615520.52
2018-05-28,2.3110169912971403,2.319711562370493,2.3301450476585166,2.302322420223788,5349198.71
2018-05-29,2.3179726481558225,2.3084086199751344,2.3223199336924987,2.291019477828429,5280081.32
2018-05-30,2.287541649399088,2.2614579361790303,2.2884111065064237,2.260588479071695,6091947.36
2018-05-31,2.2779776212184,2.3049307915457935,2.3101475341898055,2.2753692498963947,5139408.84
2018-06-01,2.2988445917944467,2.2979751346871113,2.3110169912971403,2.2884111065064237,3435158.15
2018-06-04,2.3101475341898055,2.3353617903025277,2.3379701616245336,2.302322420223788,4922161.45
2018-06-05,2.3344923331951923,2.344056361375881,2.3501425611272273,2.3240588479071693,3718050.52
2018-06-06,2.3405785329465396,2.3353617903025277,2.343186904268545,2.331883961873187,2749741.97
2018-06-07,2.344056361375881,2.34231744716121,2.3623149606299214,2.3397090758392043,4520974.92
2018-06-08,2.3405785329465396,2.305800248653129,2.3405785329465396,2.296236220472441,4472014.74
2018-06-11,2.300583506009117,2.3153642768338165,2.320581019477828,2.2936278491504347,3768374.7
2018-06-12,2.3153642768338165,2.3371007045171988,2.344056361375881,2.306669705760464,4969068.15
2018-06-13,2.332753418980522,2.3231893907998344,2.336231247409863,2.318842105263158,3181872.4
2018-06-14,2.313625362619146,2.32579776212184,2.344925818483216,2.313625362619146,5035938.83
2018-06-15,2.3266672192291753,2.3284061334438455,2.338839618731869,2.319711562370493,4369380.78
2018-06-19,2.3084086199751344,2.271021964359718,2.314494819726481,2.2458077082469954,8671085.53
2018-06-20,2.2623273932863652,2.2692830501450474,2.2788470783257355,2.2466771653543307,4734112.88
2018-06-21,2.2701525072523827,2.253632822213013,2.296236220472441,2.2527633651056775,6144921.67
2018-06-22,2.247546622461666,2.2588495648570244,2.264935764608371,2.2353742229589724,5145070.67
2018-06-25,2.266674678823042,2.215376709490261,2.2727608785743887,2.21363779527559,5451130.43
2018-06-26,2.2049432242022378,2.1910319104848734,2.2049432242022378,2.1588619975134686,6896945.61
2018-06-27,2.1866846249481973,2.1432117695814337,2.199726481558226,2.13103937007874,7526618.54
2018-06-28,2.13103937007874,2.122344799005387,2.1562536261914627,2.115389142146705,4680164.23
2018-06-29,2.13103937007874,2.1692954828014916,2.1736427683381683,2.128430998756734,5735634.38
2018-07-02,2.164948197264816,2.088435971819312,2.164948197264816,2.0753941152092827,7882834.71
2018-07-03,2.0971305428926645,2.0953916286779943,2.1014778284293407,2.0440936593452133,7498297.69
2018-07-04,2.0901748860339824,2.0780024865312887,2.1066945710733527,2.072785743887277,4279748.71
2018-07-05,2.0780024865312887,2.078871943638624,2.1032167426440114,2.0614828014919184,4806742.36
2018-07-06,2.085827600497306,2.108433485288023,2.1258226274347285,2.0606133443845835,7491591.42
2018-07-09,2.117997513468711,2.170164939908827,2.1710343970161623,2.1171280563613757,6107861.06
2018-07-10,2.1692954828014916,2.1675565685868214,2.1745122254455036,2.1492979693327805,4163678.25
2018-07-11,2.1258226274347285,2.133647741400746,2.1432117695814337,2.111911313717364,5042944.45
2018-07-12,2.1319088271860753,2.1779900538748445,2.1936402818068794,2.1319088271860753,5398262.6
2018-07-13,2.1849457107335266,2.1814678823041858,2.188423539162868,2.171903854123498,3347763.99
2018-07-16,2.1805984251968504,2.164948197264816,2.1945097389142147,2.1545147119767925,3981412.05
2018-07-17,2.16407874015748,2.151906340654787,2.166687111479486,2.137995026937422,4208749.39
2018-07-18,2.157123083298798,2.1414728553667635,2.1779900538748445,2.139733941152093,5627098.4
2018-07-19,2.1510368835474516,2.1510368835474516,2.1736427683381683,2.1414728553667635,3966762.68
2018-07-20,2.1510368835474516,2.208421052631579,2.219723995026937,2.1319088271860753,9077772.27
2018-07-23,2.1971181102362203,2.2336353087443017,2.2423298798176545,2.1953791960215496,7761373.76
2018-07-24,2.2397215084956485,2.2692830501450474,2.2831943638624117,2.2397215084956485,6654713.79
2018-07-25,2.277108164111065,2.2684135930377125,2.2788470783257355,2.2588495648570244,3908850.52
2018-07-26,2.2727608785743887,2.2388520513883132,2.282324906755077,2.2371131371736426,3793583.65
2018-07-27,2.2388520513883132,2.2388520513883132,2.2527633651056775,2.22841856610029,4064616.17
2018-07-30,2.2327658516369664,2.2492855366763367,2.2692830501450474,2.2301574803149604,5541798.99
2018-07-31,2.2466771653543307,2.256241193535019,2.2658052217157065,2.2371131371736426,4770616.2
2018-08-01,2.266674678823042,2.2058126813095726,2.2788470783257355,2.202334852880232,6281027.05
2018-08-02,2.1979875673435556,2.159731454620804,2.2040737670949024,2.1388644840447575,7211972.56
2018-08-03,2.159731454620804,2.1362561127227515,2.172773311230833,2.135386655615416,4492235.12
2018-08-06,2.1371255698300873,2.1345171985080813,2.1684260256941568,2.1197364276833817,6107523.93
2018-08-07,2.140603398259428,2.199726481558226,2.2005959386655616,2.1345171985080813,6747789.66
2018-08-08,2.1953791960215496,2.1684260256941568,2.199726481558226,2.163209283050145,5046803.45
2018-08-09,2.1614703688354746,2.2179850808122668,2.224940737670949,2.1588619975134686,5629503.87
2018-08-10,2.2179850808122668,2.2179850808122668,2.231896394529631,2.202334852880232,5303562.97
2018-08-13,2.1988570244508905,2.196248653128885,2.206682138416908,2.164948197264816,5088586.78
2018-08-14,2.1936402818068794,2.189292996270203,2.201465395772897,2.1753816825528385,4013338.1
2018-08-15,2.1875540820555326,2.133647741400746,2.1875540820555326,2.1293004558640694,5204053.87
2018-08-16,2.113650227932035,2.1327782842934107,2.157123083298798,2.0945221715706586,7376080.91
2018-08-17,2.151906340654787,2.1040861997513467,2.1545147119767925,2.098869457107335,6223785.15
2018-08-20,2.1101723995026935,2.1371255698300873,2.1388644840447575,2.1023472855366765,5971887.62
2018-08-21,2.1388644840447575,2.170164939908827,2.1823373394115206,2.135386655615416,7343200.29
2018-08-22,2.1814678823041858,2.172773311230833,2.1814678823041858,2.1588619975134686,5712116.15
2018-08-23,2.1736427683381683,2.1814678823041858,2.1936402818068794,2.1579925404061338,4828294.52
2018-08-24,2.1736427683381683,2.1936402818068794,2.21363779527559,2.1606009117281393,4602932.48
2018-08-27,2.203204309987567,2.2353742229589724,2.2362436800663072,2.199726481558226,4604967.84
2018-08-28,2.2388520513883132,2.2258101947782842,2.2458077082469954,2.219723995026937,2902311.14
2018-08-29,2.2232018234562783,2.219723995026937,2.2292880232076255,2.216246166597596,2354116.96
2018-08-30,2.2223323663489434,2.202334852880232,2.2345047658516366,2.1979875673435556,3425790.06
2018-08-31,2.1823373394115206,2.1919013675922088,2.208421052631579,2.176251139660174,5658302.65
2018-09-03,2.1805984251968504,2.1840762536261913,2.1910319104848734,2.166687111479486,3499668.38
2018-09-04,2.1858151678408615,2.2171156237049314,2.2240712805636136,2.172773311230833,5871698.78
2018-09-05,2.2058126813095726,2.1623398259428095,2.2110294239535846,2.1606009117281393,6162962.5
2018-09-06,2.159731454620804,2.1440812266887694,2.1753816825528385,2.1371255698300873,4450224.13
2018-09-07,2.1510368835474516,2.165817654372151,2.1823373394115206,2.1440812266887694,4721382.95
2018-09-10,2.1606009117281393,2.1440812266887694,2.1692954828014916,2.1423423124740983,5473959.25
2018-09-11,2.1423423124740983,2.1293004558640694,2.152775797762122,2.121475341898052,7483562.09
2018-09-12,2.124953170327393,2.11451968503937,2.13103937007874,2.1093029423953586,5386638.69
2018-09-13,2.140603398259428,2.1440812266887694,2.1484285122254456,2.116258599254041,7191134.53
2018-09-14,2.146689598010775,2.151906340654787,2.1614703688354746,2.1388644840447575,4774951.05
2018-09-17,2.1388644840447575,2.1319088271860753,2.146689598010775,2.1293004558640694,3587507.01
2018-09-18,2.124953170327393,2.1849457107335266,2.1866846249481973,2.122344799005387,6257165.66
2018-09-19,2.179728968089515,2.206682138416908,2.2232018234562783,2.1753816825528385,11346627.7
2018-09-20,2.209290509738914,2.209290509738914,2.221462909241608,2.2040737670949024,5630914.83
2018-09-21,2.21363779527559,2.2884111065064237,2.2927583920431,2.208421052631579,12526019.11
2018-09-25,2.2614579361790303,2.260588479071695,2.271021964359718,2.251893907998342,8793921.09
2018-09-26,2.267544135930377,2.2936278491504347,2.317103191048487,2.266674678823042,12509340.54
2018-09-27,2.2866721922917526,2.2849332780770824,2.29449730625777,2.2744997927890593,7091972.6
2018-09-28,2.290150020721094,2.3118864484044757,2.3249283050145046,2.290150020721094,9357883.93
2018-10-08,2.260588479071695,2.202334852880232,2.2692830501450474,2.199726481558226,13812960.13
2018-10-09,2.2049432242022378,2.212768338168255,2.224940737670949,2.1971181102362203,6857269.92
2018-10-10,2.215376709490261,2.212768338168255,2.2336353087443017,2.1927708246995437,9237275.4
2018-10-11,2.1432117695814337,2.120605884790717,2.1710343970161623,2.0997389142146705,17201447.97
2018-10-12,2.126692084542064,2.1684260256941568,2.1779900538748445,2.123214256112723,11914450.9
2018-10-15,2.171903854123498,2.1414728553667635,2.172773311230833,2.137995026937422,7111627.97
2018-10-16,2.1440812266887694,2.1449506837961043,2.1823373394115206,2.1327782842934107,10289539.87
2018-10-17,2.172773311230833,2.153645254869457,2.1788595109821793,2.113650227932035,15095397.47
2018-10-18,2.1388644840447575,2.1032167426440114,2.1423423124740983,2.1014778284293407,8560992.87
2018-10-19,2.084958143389971,2.165817654372151,2.1736427683381683,2.08148031496063,14075977.7
2018-10-22,2.199726481558226,2.2597190219643597,2.2788470783257355,2.183206796518856,21739074.49
2018-10-23,2.253632822213013,2.183206796518856,2.2597190219643597,2.171903854123498,17429975.72
2018-10-24,2.1788595109821793,2.1953791960215496,2.2423298798176545,2.1788595109821793,17119307.21
2018-10-25,2.1475590551181103,2.2005959386655616,2.2058126813095726,2.139733941152093,10730785.21
2018-10-26,2.2058126813095726,2.1875540820555326,2.2171156237049314,2.166687111479486,9156340.76
2018-10-29,2.1823373394115206,2.113650227932035,2.1953791960215496,2.1049556568586816,13053057.26
2018-10-30,2.107564028180688,2.1414728553667635,2.170164939908827,2.1058251139660173,13959948.24
2018-10-31,2.1492979693327805,2.170164939908827,2.1805984251968504,2.1371255698300873,11289132.71
2018-11-01,2.1910319104848734,2.179728968089515,2.215376709490261,2.1753816825528385,10972874.85
2018-11-02,2.2345047658516366,2.255371736427683,2.2571106506423537,2.2049432242022378,17200345.22
2018-11-05,2.2371131371736426,2.2240712805636136,2.2371131371736426,2.2075515955242437,7506374.26
2018-11-06,2.219723995026937,2.21363779527559,2.2240712805636136,2.1971181102362203,7271512.39
2018-11-07,2.2171156237049314,2.1979875673435556,2.2353742229589724,2.1945097389142147,7524801.72
2018-11-08,2.2179850808122668,2.2058126813095726,2.226679651885619,2.199726481558226,6577376.37
2018-11-09,2.1910319104848734,2.1562536261914627,2.1910319104848734,2.1562536261914627,12441089.31
2018-11-12,2.153645254869457,2.164948197264816,2.1692954828014916,2.1449506837961043,7608103.24
2018-11-13,2.139733941152093,2.1814678823041858,2.1945097389142147,2.1371255698300873,9301776.52
2018-11-14,2.179728968089515,2.151906340654787,2.1805984251968504,2.1484285122254456,6731566.5
2018-11-15,2.151906340654787,2.1779900538748445,2.1788595109821793,2.1510368835474516,6636932.58
2018-11-16,2.1788595109821793,2.179728968089515,2.199726481558226,2.16407874015748,8651753.74
2018-11-19,2.183206796518856,2.208421052631579,2.208421052631579,2.183206796518856,8821221.36
2018-11-20,2.1936402818068794,2.171903854123498,2.201465395772897,2.165817654372151,7450939.07
2018-11-21,2.1562536261914627,2.1710343970161623,2.176251139660174,2.152775797762122,6759450.54
2018-11-22,2.1745122254455036,2.1588619975134686,2.177120596767509,2.1475590551181103,6037057.21
2018-11-23,2.1579925404061338,2.123214256112723,2.16407874015748,2.1197364276833817,7557891.3
2018-11-26,2.1327782842934107,2.130169912971405,2.1475590551181103,2.1188669705760463,9171852.16
2018-11-27,2.1327782842934107,2.120605884790717,2.140603398259428,2.11451968503937,7923000.29
2018-11-28,2.121475341898052,2.1440812266887694,2.1492979693327805,2.120605884790717,9237852.22
2018-11-29,2.1553841690841273,2.1327782842934107,2.1614703688354746,2.13103937007874,5094377.04
2018-11-30,2.130169912971405,2.1510368835474516,2.1553841690841273,2.128430998756734,6303394.99
2018-12-03,2.2086324077911317,2.2015364000552564,2.212180411659069,2.184683381682553,7429891.87
2018-12-04,2.2015364000552564,2.2086324077911317,2.213954413593038,2.1953273932863655,5166924.55
2018-12-05,2.1873443845835063,2.1988753971543034,2.207745406824147,2.185570382649537,6437242.57
2018-12-06,2.1775873739466776,2.158073352673021,2.1820223787815998,2.1562993507390527,10326016.49
2018-12-07,2.164282359441912,2.150977344937146,2.1669433623428653,2.150977344937146,7015264.23
2018-12-10,2.139446332366349,2.1358983284984117,2.1500903439701617,2.1270283188285677,8166439.14
2018-12-11,2.1358983284984117,2.140333333333333,2.143881337201271,2.132350324630474,7180797.77
2018-12-12,2.153638347838099,2.14565533913524,2.1562993507390527,2.139446332366349,6210199.24
2018-12-13,2.1474293410692082,2.175813372012709,2.185570382649537,2.1474293410692082,8958024.76
2018-12-14,2.168717364276834,2.1492033430031774,2.168717364276834,2.148316342036193,6044367.66
2018-12-17,2.144768338168255,2.146542340102224,2.153638347838099,2.135011327531427,9597185.17
2018-12-18,2.1358983284984117,2.1208193120596768,2.1492033430031774,2.116384307224755,8157812.27
2018-12-19,2.1234803149606303,2.0977572869180827,2.1270283188285677,2.092435281116176,6794289.65
2018-12-20,2.0933222820831605,2.0675992540406134,2.10130529078602,2.05074623566791,8889662.24
2018-12-21,2.059616245337754,2.0418762259980663,2.0622772482387073,2.0250232076253627,7960322.29
2018-12-24,2.0303452134272693,2.043650227932035,2.048972233733941,2.023249205691394,8199044.26
2018-12-25,2.0250232076253627,2.033006216328222,2.0454242298660037,1.996639176681862,16703674.88
2018-12-26,2.0303452134272693,2.0179271998894874,2.037441221163144,2.01437919602155,11515722.34
2018-12-27,2.043650227932035,2.0179271998894874,2.0480852327669568,2.0117181931205965,6936089.54
2018-12-28,2.019701201823456,2.0276842105263158,2.04276322696505,2.017040198922503,9505151.86
2019-01-02,2.0321192153612375,2.0001871805498,2.034780218262191,1.99220417184694,7570764.9
2019-01-03,2.0001871805498,2.005509186351706,2.025910208592347,1.9957521757148777,6237331.84
2019-01-04,1.993978173780909,2.048972233733941,2.05074623566791,1.99220417184694,10940849.85
2019-01-07,2.057842243403785,2.046311230832988,2.0622772482387073,2.039215223097113,5897834.89
2019-01-08,2.046311230832988,2.040102224064097,2.046311230832988,2.034780218262191,3908305.38
2019-01-09,2.0516332366348946,2.0622772482387073,2.08711327531427,2.0498592347009255,10274108.89
2019-01-10,2.0622772482387073,2.0649382511396603,2.0755822627434726,2.052520237601879,5419559.27
2019-01-11,2.0675992540406134,2.081791269512364,2.0888872772482387,2.0649382511396603,6140104.16
2019-01-14,2.0773562646774417,2.0622772482387073,2.080904268545379,2.0613902472717225,4351588.41
2019-01-15,2.066712253073629,2.102192291753005,2.103966293686973,2.0649382511396603,11551682.37
2019-01-16,2.1004182898190358,2.1057402956209423,2.1084012985218954,2.0906612791822075,4770962.26
2019-01-17,2.1092882994888797,2.0977572869180827,2.1208193120596768,2.0950962840171297,3965942.89
2019-01-18,2.1066272965879262,2.1367853294653956,2.1412203343003178,2.104853294653958,6251104.81
2019-01-21,2.135011327531427,2.1500903439701617,2.1616213565409588,2.1341243265644425,5361803.15
2019-01-22,2.1492033430031774,2.125254316894599,2.1492033430031774,2.1199323110926924,6184660.58
2019-01-23,2.1190453101257076,2.121706313026661,2.1358983284984117,2.114610305290786,5503876.86
2019-01-24,2.124367315927614,2.1314633236634895,2.135011327531427,2.1084012985218954,5484315.05
2019-01-25,2.139446332366349,2.158073352673021,2.168717364276834,2.135011327531427,8426651.98
2019-01-28,2.1704913662108027,2.1554123497720683,2.1864573836165215,2.1474293410692082,4639326.76
2019-01-29,2.1518643459041304,2.171378367177787,2.1767003729796937,2.143881337201271,5789639.55
2019-01-30,2.15984735460699,2.1616213565409588,2.1775873739466776,2.1562993507390527,4510495.3
2019-01-31,2.1704913662108027,2.1944403923193816,2.197988396187319,2.1669433623428653,7068258.45
2019-02-01,2.2086324077911317,2.2104064097251004,2.212180411659069,2.190005387484459,5071088.6
2019-02-11,2.2015364000552564,2.2316944329327253,2.233468434866694,2.1953273932863655,6242696.17
2019-02-12,2.23258143389971,2.2387904406686006,2.2432254455035228,2.2228244232628818,4140549.0
2019-02-13,2.239677441635585,2.2804794861168673,2.289349495786711,2.234355435833679,7008007.92
2019-02-14,2.2751574803149603,2.2769314822489295,2.286688492885758,2.2680614725790855,7113019.6
2019-02-15,2.270722475480039,2.227259428097804,2.2724964774140073,2.221937422295897,8525067.53
2019-02-18,2.2432254455035228,2.2804794861168673,2.2822534880508356,2.2432254455035228,11739115.71
2019-02-19,2.2840274899848048,2.2769314822489295,2.309750518027352,2.2680614725790855,10788713.06
2019-02-20,2.289349495786711,2.285801491918773,2.295558502555602,2.270722475480039,4916327.35
2019-02-21,2.2840274899848048,2.276044481281945,2.309750518027352,2.26894847354607,10241011.32
2019-02-22,2.2724964774140073,2.3221685315651333,2.3239425334991024,2.258304461942257,8409185.33
2019-02-25,2.3461175576737117,2.497794723028042,2.5093257355988396,2.34168255283879,18873596.41
2019-02-26,2.483602707556292,2.4197386379334165,2.483602707556292,2.409981627296588,17951760.19
2019-02-27,2.420625638900401,2.4268346456692917,2.4676366901505733,2.401111617626744,13528106.47
2019-02-28,2.4268346456692917,2.4268346456692917,2.446348666942948,2.416190634065479,7281764.67
2019-03-01,2.439252659207073,2.4853767094902612,2.4889247133581986,2.4241736427683382,10116501.46
2019-03-04,2.5022297278629644,2.4969077220610583,2.5696418013537783,2.4818287056223234,15570769.67
2019-03-05,2.4942467191601048,2.4951337201270896,2.503116728829949,2.475619698853433,8937557.03
2019-03-06,2.4942467191601048,2.50134272689598,2.5119867384997927,2.4632016853156515,12809075.36
2019-03-07,2.493359718193121,2.459653681447714,2.4951337201270896,2.4445746650089792,10880304.46
2019-03-08,2.4179646359994473,2.372727586683243,2.430382649537229,2.3691795828153057,11442307.52
2019-03-11,2.370953584749275,2.3860326011880093,2.395789611824838,2.3549875673435556,10446343.72
2019-03-12,2.408207625362619,2.395789611824838,2.433930653405167,2.3833715982870562,13231733.71
2019-03-13,2.4064336234286507,2.4002246166597594,2.4241736427683382,2.3789365934521345,13146828.56
2019-03-14,2.395789611824838,2.4037726205276972,2.4268346456692917,2.394015609890869,10705055.52
2019-03-15,2.409981627296588,2.430382649537229,2.454331675645807,2.409981627296588,12821664.7
2019-03-18,2.4330436524381818,2.4942467191601048,2.496020721094074,2.4250606437353226,13311526.47
2019-03-19,2.4969077220610583,2.4747326978864486,2.5084387346318553,2.4685236911175577,8228645.1
2019-03-20,2.469410692084542,2.478280701754386,2.498681723995027,2.4569926785467606,10519820.52
2019-03-21,2.482715706589308,2.469410692084542,2.489811714325183,2.466749689183589,8080939.44
2019-03-22,2.469410692084542,2.4632016853156515,2.4818287056223234,2.441913662108026,7409310.37
2019-03-25,2.42860864760326,2.396676612791822,2.439252659207073,2.3931286089238846,13741667.4
2019-03-26,2.412642630197541,2.3878066031219785,2.416190634065479,2.377162591518166,8927310.16
2019-03-27,2.396676612791822,2.4153036330984943,2.4241736427683382,2.3949026108578533,10458999.47
2019-03-28,2.4064336234286507,2.410868628263572,2.4179646359994473,2.3869196021549937,5925132.65
2019-03-29,2.4188516369664317,2.5004557259289957,2.5110997375328084,2.4188516369664317,13937175.72
2019-04-01,2.519082746235668,2.5492407791131373,2.5678677994198096,2.519082746235668,12038079.76
2019-04-02,2.5545627849150434,2.5474667771791686,2.562545793617903,2.5377097665423403,9152982.6
2019-04-03,2.534161762674403,2.5731898052217157,2.5820598148915597,2.527952755905512,8106146.46
2019-04-04,2.582946815858544,2.6068958419671224,2.6122178477690285,2.5723028042547313,7566706.85
2019-04-08,2.6255228622737947,2.6104438458350603,2.6556808951512645,2.5891558226274345,9342055.62
2019-04-09,2.6139918497029977,2.6157658516369664,2.6308448680757013,2.5980258322972785,9051297.9
2019-04-10,2.6077828429341072,2.629070866141732,2.6450368835474514,2.5909298245614036,11926745.85
2019-04-11,2.6272968642077634,2.582946815858544,2.648584887415389,2.5731898052217157,7894175.27
2019-04-12,2.5740768061887005,2.577624810056638,2.5891558226274345,2.5634327945848874,7515562.77
2019-04-15,2.621087857438873,2.577624810056638,2.6450368835474514,2.5758508081226688,13319602.62
2019-04-16,2.5705288023207626,2.6680989086890454,2.6689859096560298,2.565206796518856,13926162.44
2019-04-17,2.6663249067550763,2.658341898052217,2.680516922226827,2.640601878712529,10581546.03
2019-04-18,2.6565678961182484,2.6494718883823736,2.662776902887139,2.640601878712529,6078747.23
2019-04-19,2.658341898052217,2.682290924160796,2.6884999309296864,2.6343928719436387,15202930.34
2019-04-22,2.6858389280287334,2.623748860339826,2.6911609338306395,2.609556844868076,14598093.79
2019-04-23,2.6166528526039508,2.6281838651747482,2.653019892250311,2.6166528526039508,9439500.04
2019-04-24,2.635279872910623,2.623748860339826,2.6450368835474514,2.584720817792513,10072455.78
2019-04-25,2.6122178477690285,2.5838338168255284,2.623748860339826,2.5820598148915597,12397526.41
2019-04-26,2.5723028042547313,2.5545627849150434,2.5882688216604506,2.551014781047106,11620134.35
2019-04-29,2.5616587926509187,2.5909298245614036,2.61842685453792,2.5607717916839343,10222883.18
2019-04-30,2.5900428235944193,2.597138831330294,2.6060088410001385,2.574963807155685,6827256.25
2019-05-06,2.519082746235668,2.472071694985495,2.534161762674403,2.4410266611410414,19548520.08
2019-05-07,2.483602707556292,2.4747326978864486,2.498681723995027,2.449896670810886,12061676.05
2019-05-08,2.434817654372151,2.434817654372151,2.4676366901505733,2.4268346456692917,9503394.46
2019-05-09,2.4241736427683382,2.382484597320072,2.4277216466362757,2.3674055808813375,12329123.18
2019-05-10,2.410868628263572,2.4632016853156515,2.4685236911175577,2.376275590551181,25998999.59
2019-05-13,2.434817654372151,2.417077635032463,2.439252659207073,2.411755629230557,7508046.29
2019-05-14,2.398450614725791,2.4019986185937285,2.4357046553391353,2.3949026108578533,11686212.98
2019-05-15,2.4197386379334165,2.452557673711839,2.4658626882166046,2.4179646359994473,10954325.62
2019-05-16,2.4472356679099323,2.460540682414698,2.4632016853156515,2.440139660174057,6532119.32
2019-05-17,2.459653681447714,2.4153036330984943,2.464088686282636,2.408207625362619,13740253.25
2019-05-20,2.408207625362619,2.394015609890869,2.425947644702307,2.3789365934521345,13070781.2
2019-05-21,2.395789611824838,2.41441663213151,2.4383656582400883,2.394015609890869,14452587.76
2019-05-22,2.4153036330984943,2.402885619560713,2.4197386379334165,2.3922416079569,9612715.82
2019-05-23,2.394015609890869,2.3745015886172123,2.4002246166597594,2.366518579914353,8240925.21
2019-05-24,2.382484597320072,2.3869196021549937,2.408207625362619,2.37804959248515,6255478.71
2019-05-27,2.3833715982870562,2.4073206243956347,2.417077635032463,2.358535571211493,7983517.3
2019-05-28,2.4055466224616664,2.4241736427683382,2.440139660174057,2.4019986185937285,11145186.31
2019-05-29,2.4135296311645256,2.4374786572731044,2.4614276833816824,2.409094626329604,7000035.74
2019-05-30,2.432156651471198,2.4277216466362757,2.4357046553391353,2.409981627296588,4434905.53
2019-05-31,2.4232866418013543,2.4197386379334165,2.4481226688769167,2.416190634065479,4533678.59
2019-06-03,2.4277216466362757,2.430382649537229,2.449896670810886,2.41441663213151,6299664.5
2019-06-04,2.4294956485702444,2.41441663213151,2.4365916563061196,2.4064336234286507,5823471.67
2019-06-05,2.430382649537229,2.410868628263572,2.4365916563061196,2.4073206243956347,5269694.78
2019-06-06,2.412642630197541,2.398450614725791,2.4197386379334165,2.396676612791822,4593769.39
2019-06-10,2.410868628263572,2.4294956485702444,2.4374786572731044,2.4037726205276972,9330960.06
2019-06-11,2.439252659207073,2.496020721094074,2.498681723995027,2.4374786572731044,11738006.02
2019-06-12,2.489811714325183,2.4853767094902612,2.491585716259152,2.4791677027213703,5692177.24
2019-06-13,2.482715706589308,2.4800547036883547,2.4924727172261365,2.4632016853156515,6094716.9
2019-06-14,2.483602707556292,2.4747326978864486,2.5004557259289957,2.470297693051527,4515758.22
2019-06-17,2.4729586959524794,2.482715706589308,2.4969077220610583,2.4729586959524794,3913233.12
2019-06-18,2.484489708523277,2.4924727172261365,2.4942467191601048,2.473845696919464,4759329.68
2019-06-19,2.553675783948059,2.533274761707418,2.5660937974858404,2.5306137588064654,8213251.43
2019-06-20,2.5315007597734493,2.6202008564718886,2.6361668738776074,2.5315007597734493,17341152.87
2019-06-21,2.6202008564718886,2.619313855504904,2.6343928719436387,2.6104438458350603,11402715.68
2019-06-24,2.619313855504904,2.6246358613068104,2.6343928719436387,2.6113308468020446,5417402.59
2019-06-25,2.623748860339826,2.5891558226274345,2.6246358613068104,2.5616587926509187,15273855.77
2019-06-26,2.579398811990606,2.5864948197264814,2.5962518303633098,2.5731898052217157,5756242.22
2019-06-27,2.594477828429341,2.621087857438873,2.6299578671087165,2.594477828429341,6098190.65
2019-06-28,2.61842685453792,2.61842685453792,2.619313855504904,2.5997998342312476,7428596.1
2019-07-01,2.66100290095317,2.678742920292858,2.687612929962702,2.6565678961182484,13218484.24
2019-07-02,2.6743079154579363,2.6751949164249207,2.6796299212598425,2.6654379057880924,4508130.91
2019-07-03,2.667211907722061,2.6494718883823736,2.669872910623014,2.640601878712529,8101843.85
2019-07-04,2.6476978864484044,2.639714877745545,2.659228899019202,2.626409863240779,7114962.84
2019-07-05,2.6370538748445917,2.6494718883823736,2.6547938941842797,2.6299578671087165,6411849.84
2019-07-08,2.6379408758115765,2.5935908274623567,2.6379408758115765,2.574963807155685,7758014.25
2019-07-09,2.5909298245614036,2.584720817792513,2.6024608371322007,2.5758508081226688,5660119.36
2019-07-10,2.595364829396326,2.582946815858544,2.5989128332642633,2.5731898052217157,4265334.83
2019-07-11,2.595364829396326,2.591816825528388,2.619313855504904,2.5820598148915597,5123220.71
2019-07-12,2.5891558226274345,2.6104438458350603,2.6202008564718886,2.587381820693466,7320785.29
2019-07-15,2.5989128332642633,2.609556844868076,2.6299578671087165,2.5616587926509187,9622977.19
2019-07-16,2.6068958419671224,2.594477828429341,2.6157658516369664,2.5927038264953723,5231551.26
2019-07-17,2.584720817792513,2.5864948197264814,2.601573836165216,2.576737809089653,3804581.75
2019-07-18,2.579398811990606,2.576737809089653,2.585607818759497,2.5705288023207626,4467545.44
2019-07-19,2.5864948197264814,2.6077828429341072,2.614878850669982,2.5864948197264814,6509143.74
2019-07-22,2.6042348390661694,2.591816825528388,2.6157658516369664,2.5820598148915597,6672655.11
2019-07-23,2.5935908274623567,2.5927038264953723,2.600686835198232,2.585607818759497,8425271.69
2019-07-24,2.6051218400331537,2.61842685453792,2.63261887000967,2.6051218400331537,10018078.66
2019-07-25,2.61842685453792,2.640601878712529,2.641488879679514,2.614878850669982,5528144.69
2019-07-26,2.629070866141732,2.6450368835474514,2.6512458903163423,2.6272968642077634,4163229.73
2019-07-29,2.6423758806464983,2.641488879679514,2.645923884514436,2.6317318690426856,3145172.3
2019-07-30,2.6432628816134827,2.6503588893493575,2.662776902887139,2.6432628816134827,3979921.94
2019-07-31,2.641488879679514,2.6255228622737947,2.6423758806464983,2.6202008564718886,6560646.63
2019-08-01,2.6122178477690285,2.603347838099185,2.6219748584058573,2.5935908274623567,5023138.91
2019-08-02,2.5519017820140903,2.5634327945848874,2.5696418013537783,2.5492407791131373,7014542.98
2019-08-05,2.5483537781461534,2.5146477414007458,2.551014781047106,2.5110997375328084,7522352.47
2019-08-06,2.472071694985495,2.4880377123912143,2.496020721094074,2.453444674678823,11694177.35
2019-08-07,2.4942467191601048,2.475619698853433,2.497794723028042,2.4747326978864486,7350606.52
2019-08-08,2.4951337201270896,2.5110997375328084,2.5146477414007458,2.493359718193121,5916576.38
2019-08-09,2.52351775107059,2.50134272689598,2.5261787539715432,2.496020721094074,3138770.75
2019-08-12,2.5093257355988396,2.5448057742782155,2.5465797762121842,2.5084387346318553,3958124.03
2019-08-13,2.527952755905512,2.519082746235668,2.535048763641387,2.513760740433762,3207579.95
2019-08-14,2.5501277800801216,2.5270657549385276,2.553675783948059,2.5261787539715432,3482212.05
2019-08-15,2.4880377123912143,2.535048763641387,2.5403707694432933,2.484489708523277,5062099.23
2019-08-16,2.5403707694432933,2.5456927752451994,2.565206796518856,2.5288397568724963,4357908.9
2019-08-19,2.562545793617903,2.5962518303633098,2.597138831330294,2.5483537781461534,5579018.64
2019-08-20,2.5900428235944193,2.5909298245614036,2.5989128332642633,2.584720817792513,4436124.44
2019-08-21,2.5891558226274345,2.5891558226274345,2.5935908274623567,2.5838338168255284,2688651.93
2019-08-22,2.5927038264953723,2.5927038264953723,2.597138831330294,2.5785118110236223,2809424.92
2019-08-23,2.5927038264953723,2.6281838651747482,2.6343928719436387,2.5900428235944193,7074216.24
2019-08-26,2.597138831330294,2.584720817792513,2.601573836165216,2.576737809089653,7964338.34
2019-08-27,2.5980258322972785,2.6024608371322007,2.6272968642077634,2.595364829396326,7415284.3
2019-08-28,2.5935908274623567,2.582946815858544,2.6042348390661694,2.579398811990606,8625730.76
2019-08-29,2.582946815858544,2.5731898052217157,2.5864948197264814,2.55988479071695,4889349.57
2019-08-30,2.5927038264953723,2.5864948197264814,2.601573836165216,2.5723028042547313,5494816.4
2019-09-02,2.584720817792513,2.6077828429341072,2.6157658516369664,2.580285812957591,4084594.84
2019-09-03,2.6077828429341072,2.6068958419671224,2.6122178477690285,2.595364829396326,2824525.85
2019-09-04,2.6060088410001385,2.6370538748445917,2.639714877745545,2.6051218400331537,4794114.57
2019-09-05,2.6494718883823736,2.664550904821108,2.7000309435004834,2.6494718883823736,6385133.13
2019-09-06,2.6814039231938116,2.6938219367315925,2.6955959386655617,2.6689859096560298,4527298.4
2019-09-09,2.7142229589722335,2.689386931896671,2.7186579638071557,2.684951927061749,4750557.74
2019-09-10,2.689386931896671,2.6796299212598425,2.6982569415665147,2.6707599115899985,6416862.75
2019-09-11,2.6884999309296864,2.667211907722061,2.690273932863655,2.659228899019202,8706491.48
2019-09-12,2.6734209144909515,2.702691946401437,2.708013952203343,2.6734209144909515,4951925.95
2019-09-16,2.70535294930239,2.6911609338306395,2.7089009531703274,2.6778559193258737,4111851.36
2019-09-17,2.684064926094764,2.6494718883823736,2.6858389280287334,2.639714877745545,7859068.25
2019-09-18,2.6556808951512645,2.6636639038541237,2.6751949164249207,2.6547938941842797,7980787.28
2019-09-19,2.6707599115899985,2.667211907722061,2.6743079154579363,2.6512458903163423,3941838.55
2019-09-20,2.6751949164249207,2.672533913523967,2.678742920292858,2.667211907722061,3830080.67
2019-09-23,2.661889901920155,2.644149882580467,2.6636639038541237,2.6335058709766543,5560055.23
2019-09-24,2.645923884514436,2.6494718883823736,2.6636639038541237,2.6423758806464983,5994304.4
2019-09-25,2.6423758806464983,2.640601878712529,2.653019892250311,2.6343928719436387,6326637.48
2019-09-26,2.6494718883823736,2.641488879679514,2.66100290095317,2.6379408758115765,4586257.39
2019-09-27,2.640601878712529,2.641488879679514,2.645923884514436,2.6308448680757013,3387130.27
2019-09-30,2.638827876778561,2.6122178477690285,2.6450368835474514,2.6113308468020446,4467307.7
2019-10-08,2.6122178477690285,2.63261887000967,2.648584887415389,2.6113308468020446,6003259.1
2019-10-09,2.623748860339826,2.635279872910623,2.6423758806464983,2.6104438458350603,4298707.98
2019-10-10,2.635279872910623,2.6494718883823736,2.6539068932172953,2.6246358613068104,2951435.04
2019-10-11,2.6601158999861862,2.689386931896671,2.696482939632546,2.6547938941842797,5686825.66
2019-10-14,2.7071269512363587,2.7151099599392183,2.739945987014781,2.700917944467468,4739749.5
2019-10-15,2.712448957038265,2.7159969609062022,2.721318966708109,2.709787954137312,2656609.05
2019-10-16,2.7177709628401714,2.7062399502693744,2.744380991849703,2.700917944467468,4102418.11
2019-10-17,2.7089009531703274,2.7133359580052496,2.722205967675093,2.7035789473684213,3398641.84
2019-10-18,2.7186579638071557,2.6734209144909515,2.728414974443984,2.6689859096560298,5141967.69
2019-10-21,2.6689859096560298,2.6751949164249207,2.680516922226827,2.66100290095317,3413732.72
2019-10-22,2.682290924160796,2.6778559193258737,2.6867259289957177,2.6663249067550763,3486246.35
2019-10-23,2.676081917391905,2.66100290095317,2.684064926094764,2.653019892250311,4353895.58
2019-10-24,2.664550904821108,2.6680989086890454,2.6814039231938116,2.6547938941842797,3803104.79
2019-10-25,2.664550904821108,2.6734209144909515,2.678742920292858,2.6450368835474514,5081514.38
2019-10-28,2.6769689183588894,2.6858389280287334,2.6929349357646086,2.669872910623014,3674721.73
2019-10-29,2.687612929962702,2.6751949164249207,2.687612929962702,2.6743079154579363,2263788.87
2019-10-30,2.6716469125569833,2.6601158999861862,2.680516922226827,2.6556808951512645,2951602.13
2019-10-31,2.667211907722061,2.6636639038541237,2.6716469125569833,2.6574548970852327,2619587.83
2019-11-01,2.66100290095317,2.7071269512363587,2.708013952203343,2.6556808951512645,5038628.02
2019-11-04,2.7115619560712805,2.722205967675093,2.7248669705760467,2.710674955104296,4387744.7
2019-11-05,2.722205967675093,2.7372849841138276,2.764782014090344,2.7151099599392183,6570568.7
2019-11-06,2.7319629783119215,2.7310759773449376,2.7426069899157346,2.7239799696090623,3540065.58
2019-11-07,2.7275279734769997,2.7310759773449376,2.746154993783672,2.722205967675093,3692108.81
2019-11-08,2.748815996684625,2.7142229589722335,2.7505899986185938,2.7133359580052496,3540707.92
2019-11-11,2.701804945434452,2.672533913523967,2.701804945434452,2.6689859096560298,7559566.05
2019-11-12,2.678742920292858,2.676081917391905,2.68317792512778,2.661889901920155,3935588.87
2019-11-13,2.669872910623014,2.6743079154579363,2.6796299212598425,2.661889901920155,3217677.03
2019-11-14,2.6769689183588894,2.672533913523967,2.684064926094764,2.6707599115899985,3014513.51
2019-11-15,2.678742920292858,2.6636639038541237,2.68317792512778,2.661889901920155,3839506.87
2019-11-18,2.6636639038541237,2.684951927061749,2.6920479347976243,2.659228899019202,3569864.0
2019-11-19,2.682290924160796,2.701804945434452,2.702691946401437,2.6778559193258737,4246236.0
2019-11-20,2.7000309435004834,2.672533913523967,2.7000309435004834,2.6663249067550763,3575295.0
2019-11-21,2.6636639038541237,2.6565678961182484,2.6663249067550763,2.6503588893493575,5816018.75
2019-11-22,2.6601158999861862,2.6317318690426856,2.6743079154579363,2.622861859372841,7535545.68
2019-11-25,2.6343928719436387,2.6556808951512645,2.658341898052217,2.6343928719436387,4084737.61
2019-11-26,2.662776902887139,2.6547938941842797,2.669872910623014,2.6503588893493575,5726171.14
2019-11-27,2.653019892250311,2.6503588893493575,2.659228899019202,2.640601878712529,4464692.47
2019-11-28,2.6512458903163423,2.641488879679514,2.658341898052217,2.635279872910623,3420941.74
2019-11-29,2.6343928719436387,2.6060088410001385,2.638827876778561,2.5962518303633098,7572518.11
2019-12-02,2.6096591380024865,2.6114620113275313,2.6222792512778006,2.6078562646774412,2864324.79
2019-12-03,2.606053391352397,2.620476377952756,2.621377814615278,2.5916304047520375,2723413.38
2019-12-04,2.6114620113275313,2.615067757977621,2.616870631302666,2.6006447713772616,2502162.59
2019-12-05,2.621377814615278,2.631293617903025,2.6376036745406823,2.621377814615278,4077374.15
2019-12-06,2.6376036745406823,2.646618041165907,2.6475194778284292,2.6321950545655475,2904019.88
2019-12-09,2.6502237878159964,2.642110857853295,2.6520266611410417,2.634899364553115,3558123.74
2019-12-10,2.6358008012156375,2.643913731178339,2.6457166045033844,2.63309649122807,2334625.33
2019-12-11,2.652928097803564,2.6565338444536537,2.6592381544412214,2.6403079845282496,4215219.49
2019-12-12,2.6565338444536537,2.6475194778284292,2.6610410277662657,2.644815167840862,3473981.69
2019-12-13,2.670956831054013,2.7043099875673433,2.7088171708799558,2.670956831054013,6262289.58
2019-12-16,2.7034085509048214,2.697999930929686,2.7043099875673433,2.686281254316895,7394984.09
2019-12-17,2.698901367592209,2.7268459041304047,2.7493818206934657,2.693492747617074,6935913.37
2019-12-18,2.7232401574803147,2.719634410830225,2.7385645807431964,2.7187329741677027,4853617.58
2019-12-19,2.7232401574803147,2.713324354192568,2.72504303080536,2.7097186075424777,3793251.08
2019-12-20,2.7151272275176126,2.7088171708799558,2.7277473407929267,2.706112860892388,4723815.15
2019-12-23,2.707014297554911,2.685379817654372,2.72143728415527,2.6817740710042823,5536351.11
2019-12-24,2.686281254316895,2.693492747617074,2.6970984942671636,2.6817740710042823,3596866.06
2019-12-25,2.6898870009669844,2.686281254316895,2.6907884376295064,2.6745625777041027,4978454.98
2019-12-26,2.686281254316895,2.706112860892388,2.7088171708799558,2.685379817654372,5075314.62
2019-12-27,2.7088171708799558,2.7124229175300454,2.7403674540682417,2.706112860892388,6153843.98
2019-12-30,2.7088171708799558,2.7502832573559886,2.7565933139936454,2.7034085509048214,5714000.64
2019-12-31,2.745776074043376,2.7565933139936454,2.75839618731869,2.7385645807431964,4343767.11
2020-01-02,2.7683119906064375,2.7773263572316615,2.794453653819588,2.7674105539439147,5154329.97
2020-01-03,2.7836364138693193,2.7656076806188703,2.7854392871943636,2.7620019339687802,3359493.92
2020-01-06,2.7520861306810334,2.7493818206934657,2.7782277938941844,2.7304516507804943,5843985.94
2020-01-07,2.7547904406686006,2.760199060643735,2.7710163005940043,2.7502832573559886,3964978.44
2020-01-08,2.7493818206934657,2.734057397430584,2.7520861306810334,2.7259444674678823,4421800.42
2020-01-09,2.7502832573559886,2.755691877331123,2.761100497306258,2.745776074043376,3100534.52
2020-01-10,2.7647062439563475,2.7592976239812126,2.7683119906064375,2.7511846940185105,2455257.88
2020-01-13,2.761100497306258,2.776424920569139,2.7773263572316615,2.7448746373808537,3616240.37
2020-01-14,2.7809321038817516,2.7728191739190495,2.794453653819588,2.7665091172813923,3768132.74
2020-01-15,2.7701148639314823,2.745776074043376,2.7755234839066167,2.7448746373808537,4097596.23
2020-01-16,2.753889004006078,2.7367617074181516,2.7565933139936454,2.7286487774554495,3868719.7
2020-01-17,2.7412688907307636,2.742170327393286,2.761100497306258,2.734057397430584,5698299.48
2020-01-20,2.7547904406686006,2.7565933139936454,2.75839618731869,2.7448746373808537,4597681.22
2020-01-21,2.7403674540682417,2.7106200442050006,2.743071764055809,2.707915734217433,5742114.12
2020-01-22,2.7043099875673433,2.7097186075424777,2.7160286641801354,2.664646774416356,7377273.46
2020-01-23,2.6880841276419396,2.6367022378781595,2.693492747617074,2.6177720679651886,7676312.84
2020-02-03,2.4293718054979965,2.440189045448266,2.4825565685868214,2.4041315789473683,15627325.8
2020-02-04,2.447400538748446,2.5105011051250172,2.512303978450062,2.4428933554358334,8178730.04
2020-02-05,2.5150082884376297,2.5249240917253766,2.5447556983008703,2.4969795551871803,6744510.01
2020-02-06,2.535741331675646,2.561882994888797,2.5781088548142006,2.5240226550628537,4796258.71
2020-02-07,2.5474600082884375,2.5609815582262745,2.561882994888797,2.5339384583506006,3829747.45
2020-02-10,2.539347078325736,2.5591786849012292,2.5636858682138413,2.5330370216880786,4670017.96
2020-02-11,2.5672916148639313,2.587123221439425,2.598841898052217,2.5627844315513193,3629418.29
2020-02-12,2.584418911451858,2.598841898052217,2.602447644702307,2.570897361514021,2661449.03
2020-02-13,2.598841898052217,2.586221784776903,2.6123634479900537,2.579911728139246,2443407.24
2020-02-14,2.5790102914767234,2.6006447713772616,2.605151954689874,2.5790102914767234,3298031.6
2020-02-17,2.6033490813648292,2.6493223511534745,2.651125224478519,2.6015462080397844,4378669.84
2020-02-18,2.642110857853295,2.62588499792789,2.643913731178339,2.616870631302666,3601766.74
2020-02-19,2.6222792512778006,2.62588499792789,2.642110857853295,2.618673504627711,3565495.66
2020-02-20,2.630392181240503,2.6745625777041027,2.6772668876916703,2.6195749412902334,6843243.37
2020-02-21,2.6637453377538334,2.666449647741401,2.688985564304462,2.6583367177786985,3668062.28
2020-02-24,2.651125224478519,2.6358008012156375,2.6556324077911313,2.6222792512778006,4382139.59
2020-02-25,2.6096591380024865,2.613264884652576,2.618673504627711,2.579911728139246,6583575.15
2020-02-26,2.5853203481143803,2.608757701339964,2.631293617903025,2.5790102914767234,7132264.75
2020-02-27,2.608757701339964,2.6123634479900537,2.626786434590413,2.606954828014919,3810776.35
2020-02-28,2.5690944881889766,2.5366427683381683,2.59253184141456,2.5294312750379886,6958786.39
2020-03-02,2.550164318276005,2.613264884652576,2.6276878712529355,2.550164318276005,5700194.08
2020-03-03,2.641209421190772,2.620476377952756,2.651125224478519,2.6141663213150985,5648109.49
2020-03-04,2.618673504627711,2.6493223511534745,2.6502237878159964,2.616870631302666,3945323.31
2020-03-05,2.6637453377538334,2.707915734217433,2.7169301008426574,2.6556324077911313,7928070.08
2020-03-06,2.68447838099185,2.6601395911037438,2.6943941842795964,2.6592381544412214,4933352.73
2020-03-09,2.6177720679651886,2.5790102914767234,2.620476377952756,2.574503108164111,7865402.98
2020-03-10,2.5781088548142006,2.6240821246028454,2.6376036745406823,2.5609815582262745,9551269.63
2020-03-11,2.6240821246028454,2.590728968089515,2.628589307915458,2.5898275314269927,5469557.87
2020-03-12,2.564587304876364,2.5564743749136616,2.574503108164111,2.538445641663213,6014654.53
2020-03-13,2.455513468711148,2.520416908412764,2.540248514988258,2.434780425473132,8597761.85
2020-03-16,2.5105011051250172,2.422160312197817,2.5105011051250172,2.4167516922226824,7285986.17
2020-03-17,2.433878988810609,2.411343072247548,2.46002065202376,2.3644683657963808,8883950.13
2020-03-18,2.422160312197817,2.3599611824837683,2.445597665423401,2.357256872496201,7663965.89
2020-03-19,2.351848252521066,2.3112836027075563,2.3779899157342173,2.258098839618732,11665556.11
2020-03-20,2.3293123359580052,2.365369802458903,2.369876985771515,2.318495096007736,10753989.84
2020-03-23,2.29055055946954,2.3013677994198094,2.3257065893079156,2.2860433761569277,7636468.43
2020-03-24,2.343735322558364,2.3680741124464704,2.37167985909656,2.3275094626329604,10163561.74
2020-03-25,2.422160312197817,2.422160312197817,2.432076115485564,2.405033015609891,11965469.27
2020-03-26,2.4041315789473683,2.4131459455725928,2.439287608785744,2.399624395634756,4460332.46
2020-03-27,2.4419919187733115,2.4266674955104297,2.4564149053736704,2.424864622185385,5194138.47
2020-03-30,2.3969200856471886,2.4158502555601604,2.4203574388727724,2.390610029009532,4587442.89
2020-03-31,2.433878988810609,2.411343072247548,2.440189045448266,2.4068358889349355,4571933.75
2020-04-01,2.407737325597458,2.407737325597458,2.4428933554358334,2.403230142284846,4784449.52
2020-04-02,2.3942157756596214,2.439287608785744,2.4410904821107886,2.390610029009532,3645415.5
2020-04-03,2.432076115485564,2.4284703688354745,2.4410904821107886,2.4203574388727724,3308723.17
2020-04-07,2.4699364553115073,2.472640765299074,2.4789508219367318,2.4618235253488048,4249027.68
2020-04-08,2.4609220886862824,2.4609220886862824,2.4708378919740293,2.4546120320486255,2619263.02
2020-04-09,2.4699364553115073,2.4690350186489844,2.4753450752866417,2.465429271998895,2510024.25
2020-04-10,2.4690350186489844,2.468133581986462,2.499683865174748,2.4618235253488048,4257051.71
2020-04-13,2.4618235253488048,2.4573163420361928,2.465429271998895,2.4510062853985355,2683956.56
2020-04-14,2.472640765299074,2.4978809918497027,2.4978809918497027,2.4645278353363724,3425698.95
2020-04-15,2.4933738085370907,2.4798522585992537,2.5014867384997928,2.4789508219367318,3031442.11
2020-04-16,2.471739328636552,2.481655131924299,2.4852608785743886,2.4699364553115073,2345026.41
2020-04-17,2.5014867384997928,2.517712598425197,2.5339384583506006,2.494275245199613,5300096.21
2020-04-20,2.5213183450752865,2.526726965050421,2.530332711700511,2.5095996684624944,2891718.83
2020-04-21,2.5213183450752865,2.4978809918497027,2.522219781737809,2.484359441911866,2966626.05
2020-04-22,2.490669498549523,2.5150082884376297,2.5159097251001517,2.483458005249344,3434283.12
2020-04-23,2.5195154717502417,2.512303978450062,2.530332711700511,2.50779679513745,2661707.05
2020-04-24,2.5014867384997928,2.4924723718745683,2.5023881751623147,2.4870637518994334,2567856.0
2020-04-27,2.4951766818621355,2.5150082884376297,2.527628401712944,2.4951766818621355,4702762.94
2020-04-28,2.5213183450752865,2.5330370216880786,2.539347078325736,2.4951766818621355,3156899.7
2020-04-29,2.527628401712944,2.550164318276005,2.5573758115761844,2.5249240917253766,3204384.12
2020-04-30,2.558277248238707,2.570897361514021,2.587123221439425,2.553770064926095,2623122.38
2020-05-06,2.5420513883133027,2.5672916148639313,2.5717987981765438,2.5339384583506006,3094268.48
2020-05-07,2.564587304876364,2.5627844315513193,2.5690944881889766,2.553770064926095,2174515.85
2020-05-08,2.5763059814891562,2.580813164801768,2.59253184141456,2.5699959248514985,2590227.38
2020-05-11,2.582616038126813,2.580813164801768,2.605151954689874,2.574503108164111,3178490.95
2020-05-12,2.5781088548142006,2.5781088548142006,2.5889260947644703,2.5690944881889766,2760439.53
2020-05-13,2.570897361514021,2.5781088548142006,2.580813164801768,2.5591786849012292,1293507.69
2020-05-14,2.5690944881889766,2.55196719160105,2.5690944881889766,2.5492628816134824,2381014.0
2020-05-15,2.5555729382511396,2.5348398950131235,2.5636858682138413,2.5330370216880786,3609346.63
2020-05-18,2.5330370216880786,2.553770064926095,2.561882994888797,2.5330370216880786,3245523.88
2020-05-19,2.573601671501588,2.570897361514021,2.582616038126813,2.566390178201409,2615124.71
2020-05-20,2.570897361514021,2.5681930515264537,2.577207418151678,2.5627844315513193,2649677.71
2020-05-21,2.572700234839066,2.558277248238707,2.5781088548142006,2.5564743749136616,2664746.98
2020-05-22,2.551065754938527,2.4951766818621355,2.552868628263572,2.4933738085370907,5263931.0
2020-05-25,2.4969795551871803,2.5059939218124048,2.50779679513745,2.484359441911866,2751892.75
2020-05-26,2.517712598425197,2.525825528387899,2.526726965050421,2.512303978450062,4514929.25
2020-05-27,2.526726965050421,2.516811161762674,2.5312341483630334,2.5095996684624944,2447969.71
2020-05-28,2.5150082884376297,2.5249240917253766,2.5474600082884375,2.5032896118248376,3448192.53
2020-05-29,2.5059939218124048,2.525825528387899,2.5321355850255562,2.5059939218124048,2499406.04
2020-06-01,2.551065754938527,2.5817146014642907,2.586221784776903,2.5492628816134824,3600437.06
2020-06-02,2.577207418151678,2.595236151402127,2.6033490813648292,2.5754045448266334,2591344.05
2020-06-03,2.6096591380024865,2.599743334714739,2.631293617903025,2.598841898052217,3965363.23
2020-06-04,2.6114620113275313,2.5943347147396048,2.6123634479900537,2.5898275314269927,1903740.93
2020-06-05,2.5961375880646496,2.606954828014919,2.6096591380024865,2.584418911451858,1625445.19
2020-06-08,2.6114620113275313,2.618673504627711,2.6321950545655475,2.6114620113275313,2661520.97
2020-06-09,2.621377814615278,2.634899364553115,2.6376036745406823,2.6159691946401438,2348824.99
2020-06-10,2.634899364553115,2.621377814615278,2.634899364553115,2.6177720679651886,1458401.48
2020-06-11,2.6141663213150985,2.5943347147396048,2.6231806879403234,2.587123221439425,2271380.05
2020-06-12,2.566390178201409,2.606053391352397,2.6078562646774412,2.5609815582262745,2073557.86
2020-06-15,2.5853203481143803,2.566390178201409,2.59253184141456,2.5609815582262745,2175222.87
2020-06-16,2.584418911451858,2.593433278077082,2.595236151402127,2.579911728139246,2322299.08
2020-06-17,2.59253184141456,2.597039024727172,2.597940461389695,2.580813164801768,2193333.76
2020-06-18,2.5889260947644703,2.6096591380024865,2.610560574665009,2.5781088548142006,3308400.64
2020-06-19,2.606954828014919,2.6385051112032047,2.6484209144909516,2.605151954689874,3432000.99
2020-06-22,2.6385051112032047,2.6358008012156375,2.6592381544412214,2.626786434590413,2950886.52
2020-06-23,2.628589307915458,2.641209421190772,2.6430122945158168,2.616870631302666,2152153.41
2020-06-24,2.6484209144909516,2.666449647741401,2.6700553943914906,2.642110857853295,3295400.29
2020-06-29,2.6583367177786985,2.6475194778284292,2.664646774416356,2.6321950545655475,3767726.6
2020-06-30,2.654730971128609,2.664646774416356,2.675464014366625,2.653829534466086,4288446.81
2020-07-01,2.670956831054013,2.7286487774554495,2.729550214117972,2.664646774416356,4644232.79
2020-07-02,2.72143728415527,2.797157963807156,2.807073767094902,2.72143728415527,6876463.08
2020-07-03,2.808876640419947,2.872878643459041,2.8755829534466084,2.808876640419947,7871746.81
2020-07-06,2.9116404199475063,3.1270837822903714,3.1379010222406407,2.9116404199475063,23390530.83
2020-07-07,3.1784656720541506,3.0666875259013677,3.190184348666943,3.0648846525763225,18197281.82
2020-07-08,3.0621803425887553,3.107252175714877,3.1451125155408204,3.0567717226136204,9885357.73
2020-07-09,3.1063507390523553,3.118069415665147,3.1297880922779386,3.0829133858267714,7593483.51
2020-07-10,3.0874205691393835,3.0405458626882167,3.1009421190772204,3.028827186075424,7842483.98
2020-07-13,3.033334369388037,3.079307639176682,3.1171679790026245,3.02341856610029,8411745.65
2020-07-14,3.072096145876502,3.046855919325874,3.0910263157894735,3.0116998894874984,7472005.69
2020-07-15,3.06758896256389,3.0198128194502005,3.0802090758392042,3.0126013261500204,6739058.63
2020-07-16,3.0252214394253345,2.8900059400469678,3.0378415527006495,2.884597320071833,12694686.98
2020-07-17,2.9026260533222823,2.910738983284984,2.9440921397983146,2.8800901367592204,6933967.48
2020-07-20,2.9386835198231793,3.002685522862274,3.0107984528249756,2.9152461665975964,7563955.66
2020-07-21,3.0116998894874984,3.0008826495372287,3.0162070728001105,2.9855582262743474,7052254.17
2020-07-22,2.9990797762121835,3.005389832849841,3.0711947092139797,2.9882625362619146,9219311.66
2020-07-23,2.981051042961735,3.002685522862274,3.0225171294377677,2.9458950131233594,6347686.34
2020-07-24,2.9909668462494823,2.884597320071833,2.9918682829120042,2.8674700234839063,7695369.01
2020-07-27,2.900823179997237,2.8945131233595798,2.9251619698853433,2.871977206796519,4216717.56
2020-07-28,2.918851913247686,2.912541856610029,2.931472026523,2.897217433347147,4208787.97
2020-07-29,2.9098375466224615,2.9666280563613756,2.9729381129990324,2.8990203066721922,4833085.48
2020-07-30,2.9720366763365105,2.9540079430860615,2.9855582262743474,2.9531065064235387,3622184.12
2020-07-31,2.954909379748584,2.9702338030114652,3.008094142837409,2.924260533222821,8726229.32
2020-08-03,2.9864596629368694,2.999981212874706,3.009897016162453,2.9738395496615557,4360639.93
2020-08-04,3.008094142837409,3.027925749412902,3.046855919325874,2.999981212874706,8436093.42
2020-08-05,3.0189113827876777,3.007192706174886,3.0189113827876777,2.9747409863240777,6562666.87
2020-08-06,3.015305636137588,3.008995579499931,3.0315314960629918,2.963022309711286,6136403.21
2020-08-07,2.9927697195745266,2.981952479624257,3.008995579499931,2.943190703135792,4505419.14
2020-08-10,2.971135239673988,3.004488396187319,3.0270243127503798,2.9522050697610163,4561278.61
2020-08-11,3.002685522862274,2.981051042961735,3.049560229313441,2.9756424229866005,7647643.25
2020-08-12,2.9774452963116453,2.9720366763365105,2.99006540958696,2.9251619698853433,6780604.4
2020-08-13,2.9783467329741673,2.9621208730487636,2.9828539162867798,2.9531065064235387,3652431.36
2020-08-14,2.9612194363862416,3.013502762812543,3.0162070728001105,2.9540079430860615,4830475.98
2020-08-17,3.021615692775245,3.081110512501727,3.1108579223649677,3.0180099461251553,9985612.81
2020-08-18,3.083814822489294,3.0766033291891146,3.0892234424644287,3.059476032601188,6166006.0
2020-08-19,3.0757018925265918,3.020714256112723,3.079307639176682,3.0189113827876777,6255112.74
2020-08-20,3.001784086199751,2.9855582262743474,3.005389832849841,2.9702338030114652,4645922.74
2020-08-21,3.004488396187319,3.007192706174886,3.021615692775245,2.981952479624257,4017356.24
2020-08-24,3.0189113827876777,3.0162070728001105,3.0405458626882167,3.008995579499931,6758766.0
2020-08-25,3.0261228760878573,3.027925749412902,3.0513631026384855,3.0162070728001105,4199785.33
2020-08-26,3.0243200027628125,2.995474029562094,3.042348736013261,2.9864596629368694,4217441.24
2020-08-27,2.9990797762121835,3.0126013261500204,3.013502762812543,2.9783467329741673,2243945.3
2020-08-28,3.008094142837409,3.086519132476861,3.0901248791269507,3.002685522862274,5176501.92
2020-08-31,3.0964349357646084,3.06037746926371,3.120773725652714,3.054968849288575,5224508.77
2020-09-01,3.0513631026384855,3.068490399226412,3.0693918358889345,3.045954482663351,3134690.98
2020-09-02,3.0775047658516366,3.06037746926371,3.0847162591518167,3.0315314960629918,5577170.32
2020-09-03,3.059476032601188,3.053165975963531,3.0883220058019063,3.0387429893631714,2937892.38
2020-09-04,3.0171085094626333,3.0252214394253345,3.033334369388037,3.004488396187319,3062897.37
2020-09-07,3.0189113827876777,2.9756424229866005,3.042348736013261,2.968430929686421,3417792.52
2020-09-08,2.989163972924437,3.007192706174886,3.014404199475065,2.9747409863240777,4017688.55
2020-09-09,2.9774452963116453,2.9612194363862416,2.99006540958696,2.936880646498135,4345712.3
2020-09-10,2.9801496062992126,2.971135239673988,2.9927697195745266,2.9648251830363312,4083385.79
2020-09-11,2.9603179997237183,2.9864596629368694,2.9927697195745266,2.9567122530736287,2699127.73
2020-09-14,2.9990797762121835,3.0116998894874984,3.015305636137588,2.995474029562094,2803365.2
2020-09-15,3.0126013261500204,3.035137242713082,3.0387429893631714,2.9981783395496615,3398045.22
2020-09-16,3.0315314960629918,3.0162070728001105,3.039644426025694,3.008094142837409,2500423.94
2020-09-17,3.0116998894874984,2.987361099599392,3.0116998894874984,2.981051042961735,2546803.04
2020-09-18,2.989163972924437,3.0702932725514573,3.072997582539024,2.987361099599392,7194798.5
2020-09-21,3.0748004558640694,3.0306300594004694,3.082011949164249,3.028827186075424,4823921.61
2020-09-22,3.0126013261500204,2.994572592899572,3.0378415527006495,2.9828539162867798,5400558.29
2020-09-23,2.994572592899572,2.997276902887139,3.005389832849841,2.97924816963669,4096351.95
2020-09-24,2.97924816963669,2.9485993231109267,2.987361099599392,2.9458950131233594,2947134.47
2020-09-25,2.957613689736151,2.958515126398674,2.971135239673988,2.944993576460837,3203182.47
2020-09-28,2.9666280563613756,2.976543859649123,2.9918682829120042,2.9648251830363312,2285238.32
2020-09-29,2.9927697195745266,2.9702338030114652,2.995474029562094,2.969332366348943,2870126.15
2020-09-30,2.983755352949302,2.957613689736151,2.9936711562370495,2.943190703135792,3880257.25
2020-10-09,2.9990797762121835,3.008094142837409,3.0198128194502005,2.997276902887139,4696781.03
2020-10-12,3.0198128194502005,3.1027449924022656,3.10454786572731,3.0198128194502005,5449690.92
2020-10-13,3.0901248791269507,3.0982378090896527,3.105449302389833,3.079307639176682,2719942.95
2020-10-14,3.0928291891145188,3.086519132476861,3.0928291891145188,3.0757018925265918,2284715.77
2020-10-15,3.082011949164249,3.0874205691393835,3.1090550490399225,3.0775047658516366,4949409.23
2020-10-16,3.0874205691393835,3.093730625777041,3.1144636690150573,3.072096145876502,3936865.59
2020-10-19,3.112660795690012,3.072997582539024,3.1424082055532536,3.0621803425887553,5359320.01
2020-10-20,3.0630817792512777,3.0757018925265918,3.0775047658516366,3.059476032601188,4263964.32
2020-10-21,3.082011949164249,3.094632062439563,3.095533499102086,3.06758896256389,4332576.63
2020-10-22,3.085617695814339,3.0829133858267714,3.094632062439563,3.046855919325874,4383331.02
2020-10-23,3.0829133858267714,3.072096145876502,3.1090550490399225,3.0666875259013677,5342278.94
2020-10-26,3.046855919325874,3.02341856610029,3.0513631026384855,3.0107984528249756,5355543.37
2020-10-27,3.0189113827876777,3.0162070728001105,3.02341856610029,3.002685522862274,3377189.01
2020-10-28,3.0162070728001105,3.0324329327255146,3.039644426025694,3.007192706174886,6329508.55
2020-10-29,3.0062912695123636,3.049560229313441,3.06758896256389,3.0008826495372287,4713226.0
2020-10-30,3.042348736013261,3.0008826495372287,3.049560229313441,2.9936711562370495,3857781.33
2020-11-02,3.004488396187319,2.99006540958696,3.020714256112723,2.976543859649123,3944026.26
2020-11-03,3.002685522862274,3.0243200027628125,3.042348736013261,3.001784086199751,3894587.6
2020-11-04,3.028827186075424,3.046855919325874,3.06037746926371,3.0189113827876777,3767623.1
2020-11-05,3.081110512501727,3.081110512501727,3.1009421190772204,3.06037746926371,5484979.78
2020-11-06,3.0901248791269507,3.072096145876502,3.0910263157894735,3.053165975963531,3842344.55
2020-11-09,3.0964349357646084,3.126182345627849,3.138802458903163,3.0964349357646084,4699123.81
2020-11-10,3.146915388865865,3.1243794723028047,3.1478168255283876,3.1108579223649677,4290954.68
2020-11-11,3.120773725652714,3.1225765989777594,3.1415067688907308,3.1189708523276694,2617442.22
2020-11-12,3.123478035640282,3.107252175714877,3.130689528940461,3.097336372427131,2964678.27
2020-11-13,3.0928291891145188,3.054067412626053,3.0928291891145188,3.0387429893631714,5438521.96
2020-11-16,3.073899019201547,3.0910263157894735,3.0928291891145188,3.06037746926371,3862604.39
2020-11-17,3.0874205691393835,3.091927752451996,3.097336372427131,3.0766033291891146,3236188.33
2020-11-18,3.091927752451996,3.0964349357646084,3.1171679790026245,3.0829133858267714,6266480.67
2020-11-19,3.086519132476861,3.1189708523276694,3.126182345627849,3.0829133858267714,4119329.02
2020-11-20,3.120773725652714,3.123478035640282,3.126182345627849,3.105449302389833,3522044.02
2020-11-23,3.1297880922779386,3.1739584887415386,3.191085785329465,3.1288866556154167,7562163.58
2020-11-24,3.1739584887415386,3.14871826219091,3.1811699820417187,3.146915388865865,7239993.85
2020-11-25,3.1595355021411793,3.126182345627849,3.1775642353916282,3.125280908965327,5957756.01
2020-11-26,3.126182345627849,3.152324008841,3.1541268821660453,3.123478035640282,3071635.58
2020-11-27,3.1532254455035225,3.2064102085923465,3.2100159552424365,3.150521135515955,8436766.67
2020-11-30,3.2155930377123916,3.176266956761984,3.269552079016439,3.1753523967398816,14674648.76
2020-12-01,3.1790106368282913,3.253089998618594,3.258577358751209,3.1790106368282913,8116320.65
2020-12-02,3.2540045586406965,3.242115278353364,3.267722958972234,3.223824077911314,5415497.98
2020-12-03,3.2412007183312617,3.2357133581986464,3.248517198508081,3.2201658378229037,5452708.03
2020-12-04,3.232969678132339,3.2402861583091593,3.2457735184417738,3.201874637380854,4427164.36
2020-12-07,3.2412007183312617,3.2110202376018786,3.2457735184417738,3.1936435971819312,4863094.4
2020-12-08,3.2741248791269513,3.2000455173366493,3.2741248791269513,3.1899853570935215,4369837.73
2020-12-09,3.207361997513469,3.1735232766956765,3.2192512778008013,3.1689504765851635,5122861.03
2020-12-10,3.1652922364967537,3.1607194363862416,3.1799251968503937,3.1451719160104985,4583334.1
2020-12-11,3.172608716673574,3.136026315789474,3.1808397568724964,3.112247755214809,5406706.55
2020-12-14,3.1415136759220887,3.1652922364967537,3.1698650366072663,3.1369408758115767,3034085.37
2020-12-15,3.1625485564304467,3.168035916563061,3.1744378367177792,3.1433427959662934,3004023.96
2020-12-16,3.172608716673574,3.184497996960906,3.189070797071419,3.167121356540959,3823265.87
2020-12-17,3.189070797071419,3.2347987981765436,3.237542478242852,3.184497996960906,6318997.91
2020-12-18,3.2256531979555194,3.2055328774692637,3.2338842381544413,3.189070797071419,7269891.9
2020-12-21,3.206447437491366,3.212849357646084,3.2265677579776217,3.1753523967398816,5387366.87
2020-12-22,3.208276557535571,3.168035916563061,3.216507597734494,3.1625485564304467,8216575.06
2020-12-23,3.171694156651472,3.192729037159829,3.2101056775797763,3.171694156651472,7784277.23
2020-12-24,3.1963872772482387,3.187241677027214,3.211934797623982,3.1735232766956765,3420271.62
2020-12-25,3.1753523967398816,3.2091911175576735,3.211934797623982,3.1652922364967537,5077380.96
2020-12-28,3.207361997513469,3.218336717778699,3.2366279182207487,3.1963872772482387,4370313.67
2020-12-29,3.2256531979555194,3.211934797623982,3.2347987981765436,3.206447437491366,2881877.52
2020-12-30,3.2091911175576735,3.258577358751209,3.2613210388175164,3.2046183174471614,5351685.42
2020-12-31,3.2658938389280294,3.3235111203204863,3.3317421605194086,3.2658938389280294,6681954.85
2021-01-04,3.3253402403646914,3.3216820002762817,3.342716880784639,3.2905869595247963,5707598.18
2021-01-05,3.315280080121564,3.3573498411382787,3.3610080812266885,3.2997325597458214,8449436.74
2021-01-06,3.3591789611824843,3.4076506423539166,3.4094797623981217,3.348204240917254,6515231.91
2021-01-07,3.417710802597044,3.4780717640558088,3.4817300041442185,3.4039924022655064,5888200.87
2021-01-08,3.484473684210527,3.4588660035916567,3.501850324630474,3.425027282773864,8143312.23
2021-01-11,3.4570368835474516,3.443318483215914,3.5128250448957044,3.4296000828843765,6193083.03
2021-01-12,3.4378311230832987,3.565869526177649,3.5704423262881613,3.434172882994889,7146979.93
2021-01-13,3.575929686420777,3.5320308053598564,3.588733526730212,3.5073376847630886,6485911.16
2021-01-14,3.5265434452272415,3.4771572040337064,3.5274580052493443,3.4670970437905786,5627247.73
2021-01-15,3.489046484321039,3.4799008841000143,3.5274580052493443,3.4524640834369387,6997194.11
2021-01-18,3.468926163834784,3.509166804807294,3.5356890454482666,3.464353363724271,5510650.8
2021-01-19,3.5173978450062164,3.4725844039231943,3.5219706451167294,3.4570368835474516,4324575.25
2021-01-20,3.4725844039231943,3.4753280839895013,3.500021204586269,3.4515495234148363,4850052.9
2021-01-21,3.490875604365244,3.5119104848736016,3.5375181654924717,3.476242644011604,5326730.73
2021-01-22,3.508252244785192,3.505508564718884,3.5219706451167294,3.484473684210527,4624178.06
2021-01-25,3.5027648846525765,3.5576384859787265,3.561296726067136,3.4872173642768343,10488274.3
2021-01-26,3.5411764055808814,3.4753280839895013,3.5430055256250865,3.4725844039231943,6646731.44
2021-01-27,3.4753280839895013,3.480815444122116,3.4945338444536542,3.457951443569554,7666242.23
2021-01-28,3.440574803149606,3.4122234424644287,3.4460621632822215,3.3948468020444817,7312267.49
2021-01-29,3.4268564028180686,3.387530321867662,3.434172882994889,3.348204240917254,6573386.69
2021-02-01,3.3902740019339688,3.4122234424644287,3.414052562508634,3.3765556016024316,5094767.43
2021-02-02,3.421369042685454,3.4314292029285816,3.4350874430169913,3.404906962287609,6414960.22
2021-02-03,3.4314292029285816,3.4424039231938117,3.4588660035916567,3.4122234424644287,3808282.12
2021-02-04,3.4259418427959663,3.463438803702169,3.4826445641663217,3.4259418427959663,4979276.96
2021-02-05,3.478986324077911,3.5064231247409863,3.533859925404062,3.474413523967399,3567666.57
2021-02-08,3.519226965050421,3.543920085647189,3.5521511258461116,3.493619284431551,4587740.35
2021-02-09,3.554894805912419,3.6024519270617494,3.6033664870838518,3.5274580052493443,3470315.86
2021-02-10,3.6125120873048764,3.669214808675231,3.685676889073077,3.607939287194364,3821688.84
2021-02-18,3.7405504903992264,3.664642008564719,3.7487815305981496,3.640863447990054,5796034.69
2021-02-19,3.6509236082331813,3.656410968365797,3.6655565685868217,3.609768407238569,7424466.17
2021-02-22,3.6600692084542064,3.542090965602984,3.662812888520514,3.5356890454482666,8536318.95
2021-02-23,3.520141525072524,3.5539802458903167,3.5914772067965193,3.516483284984114,5945696.39
2021-02-24,3.554894805912419,3.464353363724271,3.5631258461113418,3.4314292029285816,8597550.74
2021-02-25,3.4972775245199617,3.514654164939909,3.5320308053598564,3.478986324077911,5403721.02
2021-02-26,3.454293203481144,3.423198162729659,3.4826445641663217,3.421369042685454,7698323.81
2021-03-01,3.454293203481144,3.450634963392734,3.4570368835474516,3.417710802597044,4006001.02
2021-03-02,3.4707552838789892,3.3902740019339688,3.4716698439010916,3.358264401160382,6433687.21
2021-03-03,3.383872081779252,3.478986324077911,3.480815444122116,3.3820429617350465,5171484.32
2021-03-04,3.443318483215914,3.3820429617350465,3.4497204033706312,3.362837201270894,7159516.5
2021-03-05,3.3381440806741263,3.3637517612929964,3.3948468020444817,3.3070490399226418,6257016.94
2021-03-08,3.3820429617350465,3.256748238707004,3.3994196021549943,3.252175438596492,7918258.86
2021-03-09,3.256748238707004,3.2055328774692637,3.2786976792374642,3.1854125569830085,11187523.71
2021-03-10,3.243944398397569,3.2219949578671088,3.2576627987291062,3.2137639176681865,4454559.59
2021-03-11,3.2366279182207487,3.305219919878436,3.307963599944744,3.2357133581986464,5001663.04
2021-03-12,3.3207674402541785,3.307963599944744,3.3216820002762817,3.2768685591932587,7292954.54
2021-03-15,3.293330639591104,3.2540045586406965,3.3070490399226418,3.224738637933416,3968066.46
2021-03-16,3.2613210388175164,3.2759539991711564,3.288757839480591,3.2402861583091593,4202981.25
2021-03-17,3.2704666390385415,3.2704666390385415,3.2960743196574116,3.232055118110236,3481776.66
2021-03-18,3.2741248791269513,3.284185039370079,3.2951597596353093,3.269552079016439,3219354.72
2021-03-19,3.247602638485979,3.197301837270341,3.2558336786849016,3.184497996960906,7532107.25
2021-03-22,3.192729037159829,3.2219949578671088,3.246688078463876,3.192729037159829,4118974.99
2021-03-23,3.222909517889211,3.2046183174471614,3.232969678132339,3.1707795966293686,4841982.83
2021-03-24,3.1899853570935215,3.158890316342036,3.2174221577565962,3.147001036054704,6435808.82
2021-03-25,3.147001036054704,3.157061196297831,3.171694156651472,3.136026315789474,3139494.02
2021-03-26,3.1689504765851635,3.2137639176681865,3.223824077911314,3.1689504765851635,4668439.98
2021-03-29,3.223824077911314,3.2201658378229037,3.2430298383754663,3.2000455173366493,4673773.1
2021-03-30,3.221080397845006,3.256748238707004,3.2613210388175164,3.2192512778008013,2955228.7
2021-03-31,3.2549191186627993,3.2256531979555194,3.2549191186627993,3.2027891974029563,1551816.41
2021-04-01,3.2357133581986464,3.2622355988396188,3.269552079016439,3.2302259980660315,2788295.09
2021-04-02,3.2759539991711564,3.293330639591104,3.2951597596353093,3.2613210388175164,2686632.1
2021-04-06,3.2960743196574116,3.272295759082746,3.298817999723719,3.2613210388175164,2483614.61
2021-04-07,3.2741248791269513,3.239371598287056,3.2759539991711564,3.224738637933416,1573202.15
2021-04-08,3.232055118110236,3.2540045586406965,3.264979278905926,3.2146784776902892,2201077.42
2021-04-09,3.2448589584196714,3.206447437491366,3.2448589584196714,3.1945581572040336,2229002.05
2021-04-12,3.1963872772482387,3.171694156651472,3.2091911175576735,3.158890316342036,7420601.06
2021-04-13,3.1662067965188565,3.1552320762536263,3.1918144771377266,3.142428235944191,6497564.29
2021-04-14,3.157061196297831,3.1607194363862416,3.176266956761984,3.136026315789474,6393460.07
2021-04-15,3.1534029562094212,3.126880715568449,3.1534029562094212,3.0967002348390666,3856934.9
2021-04-16,3.1305389556568586,3.1405991158999864,3.150659276143114,3.105845835060091,4576248.01
2021-04-19,3.1369408758115767,3.2009600773587517,3.2046183174471614,3.121393355435834,5628665.85
2021-04-20,3.184497996960906,3.1936435971819312,3.2155930377123916,3.176266956761984,3975612.41
2021-04-21,3.176266956761984,3.199130957314546,3.208276557535571,3.176266956761984,5760989.44
2021-04-22,3.208276557535571,3.183583436938804,3.2192512778008013,3.171694156651472,4743191.43
2021-04-23,3.176266956761984,3.2137639176681865,3.221080397845006,3.176266956761984,5280405.58
2021-04-26,3.222909517889211,3.1625485564304467,3.2402861583091593,3.1561466362757287,7306014.06
2021-04-27,3.1607194363862416,3.1698650366072663,3.178096076806189,3.1497447161210115,4757119.45
2021-04-28,3.1552320762536263,3.1707795966293686,3.1735232766956765,3.1396845558778836,6837571.17
2021-04-29,3.1790106368282913,3.212849357646084,3.2146784776902892,3.167121356540959,5186873.94
2021-04-30,3.2101056775797763,3.184497996960906,3.216507597734494,3.1643776764746514,7126829.01
2021-05-06,3.1662067965188565,3.1497447161210115,3.208276557535571,3.1387699958557813,6658387.28
2021-05-07,3.1598048763641393,3.108589515126399,3.1643776764746514,3.1003584749274764,4522384.41
2021-05-10,3.1250515955242437,3.108589515126399,3.1250515955242437,3.0747507943086063,4780906.38
2021-05-11,3.082981834507529,3.136026315789474,3.144257355988396,3.0793235944191184,4896053.74
2021-05-12,3.127795275590551,3.147915596076807,3.1552320762536263,3.1204787954137316,3181942.17
2021-05-13,3.1241370355021414,3.1159059953032187,3.1369408758115767,3.0967002348390666,4846684.86
2021-05-14,3.1250515955242437,3.199130957314546,3.2009600773587517,3.1113331951927066,6030580.65
2021-05-17,3.2009600773587517,3.2283968780218264,3.248517198508081,3.1963872772482387,5660637.03
2021-05-18,3.2357133581986464,3.2265677579776217,3.2402861583091593,3.211934797623982,2521705.45
2021-05-19,3.2174221577565962,3.2046183174471614,3.2192512778008013,3.1954727172261363,4830061.68
2021-05-20,3.203703757425059,3.2155930377123916,3.224738637933416,3.187241677027214,3019162.51
2021-05-21,3.2219949578671088,3.178096076806189,3.237542478242852,3.168035916563061,5344153.8
2021-05-24,3.1771815167840867,3.190899917115624,3.1918144771377266,3.1534029562094212,3253457.93
2021-05-25,3.1945581572040336,3.3244256803425887,3.3289984804531016,3.1945581572040336,12063078.1
2021-05-26,3.3363149606299216,3.3363149606299216,3.3591789611824843,3.3244256803425887,6844582.56
2021-05-27,3.332656720541512,3.3454605608509462,3.3902740019339688,3.309792719988949,5694289.38
2021-05-28,3.344546000828844,3.339058640696229,3.370153681447714,3.3088781599668464,4919405.78
2021-05-31,3.3344858405857165,3.328083920430999,3.3344858405857165,3.2960743196574116,5449671.07
2021-06-01,3.322596560298384,3.3289984804531016,3.332656720541512,3.288757839480591,4678283.59
2021-06-02,3.3354004006078184,3.304305359856334,3.342716880784639,3.286928719436386,4764274.29
2021-06-03,3.2997325597458214,3.277783119215362,3.3207674402541785,3.272295759082746,3714267.64
2021-06-04,3.2658938389280294,3.293330639591104,3.3381440806741263,3.2604064787954137,7254103.02
2021-06-07,3.2960743196574116,3.2860141594142838,3.2979034397016163,3.264979278905926,3147772.35
2021-06-08,3.284185039370079,3.2668083989501318,3.319852880232076,3.246688078463876,7481745.97
2021-06-09,3.264979278905926,3.2759539991711564,3.2832704793479763,3.2576627987291062,4359964.0
2021-06-10,3.2759539991711564,3.293330639591104,3.319852880232076,3.271381199060644,4947299.56
2021-06-11,3.3006471197679237,3.2658938389280294,3.304305359856334,3.2613210388175164,4873567.18
2021-06-15,3.2686375189943364,3.221080397845006,3.271381199060644,3.206447437491366,4386086.0
2021-06-16,3.2201658378229037,3.188156237049317,3.224738637933416,3.1771815167840867,5696718.58
2021-06-17,3.1854125569830085,3.1817543168945988,3.201874637380854,3.1698650366072663,3756375.0
2021-06-18,3.182668876916701,3.1598048763641393,3.1936435971819312,3.137855435833679,6476357.03
2021-06-21,3.1497447161210115,3.1415136759220887,3.163463116452549,3.1204787954137316,5877130.74
2021-06-22,3.1497447161210115,3.168035916563061,3.172608716673574,3.142428235944191,6999304.44
2021-06-23,3.1735232766956765,3.172608716673574,3.197301837270341,3.1625485564304467,9861378.74
2021-06-24,3.176266956761984,3.1899853570935215,3.190899917115624,3.1625485564304467,3926033.06
2021-06-25,3.190899917115624,3.2384570382649542,3.252175438596492,3.190899917115624,6163500.42
2021-06-28,3.243944398397569,3.2256531979555194,3.246688078463876,3.2101056775797763,4792932.6
2021-06-29,3.224738637933416,3.1982163972924442,3.224738637933416,3.187241677027214,3783341.84
2021-06-30,3.199130957314546,3.2146784776902892,3.2192512778008013,3.197301837270341,5351239.27
2021-07-01,3.224738637933416,3.2448589584196714,3.2457735184417738,3.192729037159829,9123834.47
2021-07-02,3.216507597734494,3.1305389556568586,3.2283968780218264,3.1250515955242437,6095496.53
2021-07-05,3.126880715568449,3.127795275590551,3.1415136759220887,3.1031021549937834,4262801.81
2021-07-06,3.127795275590551,3.137855435833679,3.1387699958557813,3.1003584749274764,6623366.74
2021-07-07,3.123222475480039,3.147915596076807,3.1607194363862416,3.1159059953032187,4999011.08
2021-07-08,3.150659276143114,3.1049312750379885,3.157975756319934,3.0939565547727588,5741556.24
2021-07-09,3.0948711147948615,3.0930419947506564,3.106760395082194,3.062861514021274,5418213.0
2021-07-12,3.1113331951927066,3.118649675369526,3.1433427959662934,3.0930419947506564,4998143.42
2021-07-13,3.1223079154579367,3.1287098356126535,3.1497447161210115,3.1159059953032187,3746908.18
2021-07-14,3.127795275590551,3.0802381544412216,3.127795275590551,3.0692634341759915,6082604.79
2021-07-15,3.0802381544412216,3.1460864760326017,3.1497447161210115,3.076579914352811,6771683.06
2021-07-16,3.144257355988396,3.112247755214809,3.150659276143114,3.106760395082194,5995457.13
2021-07-19,3.1003584749274764,3.1241370355021414,3.131453515678961,3.065605194087581,8230500.2
2021-07-20,3.102187594971681,3.116820555325321,3.123222475480039,3.1003584749274764,4165822.52
2021-07-21,3.123222475480039,3.1287098356126535,3.1534029562094212,3.1149914352811163,6145453.35
2021-07-22,3.132368075701064,3.132368075701064,3.152488396187319,3.1250515955242437,4738041.39
2021-07-23,3.132368075701064,3.0985293548832713,3.1341971957452692,3.095785674816964,4865658.79
2021-07-26,3.082981834507529,2.9805511120320487,3.0857255145738365,2.9494560712805638,10778223.09
2021-07-27,2.9805511120320487,2.886351429755491,2.993354952341484,2.876291269512364,9163955.2
2021-07-28,2.8826931896670813,2.911044550352259,2.926592070728001,2.858914629092416,13753784.02
2021-07-29,2.953114311368974,2.9375667909932313,2.955857991435282,2.916531910484874,10272350.63
2021-07-30,2.9174464705069765,2.8927533499102087,2.9174464705069765,2.8772058295344665,5258982.05
2021-08-02,2.8808640696228762,2.9650035916563064,2.9723200718331264,2.8534272689598015,11704018.57
2021-08-03,2.952199751346871,2.975978311921536,2.9887821522309714,2.9384813510153336,5563125.98
2021-08-04,2.9695763917668185,2.985123912142561,2.9942695123635863,2.9640890316342037,5784079.47
2021-08-05,2.9695763917668185,2.9796365520099464,3.017133512916149,2.9576871114794865,2869718.42
2021-08-06,2.9723200718331264,2.955857991435282,2.9732346318552287,2.943054151125846,2753680.2
2021-08-09,2.935737670949026,2.9887821522309714,3.008902472717226,2.9293357507943085,3864420.29
2021-08-10,2.9823802320762542,3.0381683934245065,3.042741193535019,2.953114311368974,4239448.46
2021-08-11,3.0299373532255838,3.0134752728277387,3.048228553667634,3.0134752728277387,3279591.12
2021-08-12,3.007987912695124,2.9823802320762542,3.015304392871944,2.9796365520099464,2303367.24
2021-08-13,2.9723200718331264,2.975978311921536,2.9997568724962007,2.9586016715015884,2916916.1
2021-08-16,2.976892871943639,2.983294792098356,3.0043296726067137,2.9631744716121013,3349983.04
2021-08-17,2.981465672054151,2.910129990330156,2.9997568724962007,2.905557190219644,6649099.46
2021-08-18,2.910129990330156,2.9485415112584614,2.966832711700512,2.902813510153336,6467781.1
2021-08-19,2.9448832711700517,2.9064717502417463,2.9448832711700517,2.8936679099323115,5841188.0
2021-08-20,2.8890951098217985,2.8424525486945713,2.8936679099323115,2.8177594280978036,14932457.55
2021-08-23,2.855256389004006,2.8680602293134414,2.879949509600774,2.8433671087166736,10476525.98
2021-08-24,2.8772058295344665,2.912873670396464,2.927506630750104,2.875376709490262,9800871.02
2021-08-25,2.9183610305290784,2.9238483906616937,2.9366522309711285,2.902813510153336,8397186.78
2021-08-26,2.9238483906616937,2.860743749136621,2.9256775107058988,2.858914629092416,4294177.25
2021-08-27,2.8580000690703136,2.8890951098217985,2.9147027904406686,2.8580000690703136,5823993.54
2021-08-30,2.9037280701754384,2.879949509600774,2.9083008702859514,2.858914629092416,3875927.03
2021-08-31,2.8680602293134414,2.869889349357646,2.8936679099323115,2.8278195883409314,7111205.3
2021-09-01,2.861658309158724,2.9329939908827187,2.950370631302666,2.8387943086061616,11547773.65
2021-09-02,2.9366522309711285,2.9302503108164117,2.9549434314131786,2.9147027904406686,6500143.35
2021-09-03,2.934823110926924,2.9375667909932313,2.967747271722614,2.905557190219644,7923823.28
2021-09-06,2.9384813510153336,2.9695763917668185,2.9906112722751765,2.9320794308606164,7513479.32
2021-09-07,2.971405511811024,3.0034151125846114,3.0180480729382513,2.951285191324769,5601951.02
2021-09-08,3.002500552562509,2.971405511811024,3.0134752728277387,2.9640890316342037,4996302.58
2021-09-09,2.9586016715015884,2.9631744716121013,2.9704909517889218,2.9467123912142563,3858459.28
2021-09-10,2.9595162315236916,3.010731592761431,3.023535433070866,2.9576871114794865,6362379.31
2021-09-13,3.000671432518304,3.000671432518304,3.0281082331813787,2.9805511120320487,3896884.32
2021-09-14,2.9979277524519965,2.952199751346871,3.016218952894046,2.9421395911037442,5913181.84
2021-09-15,2.9494560712805638,2.9137882304185663,2.950370631302666,2.895497029976516,6611020.13
2021-09-16,2.911959110374361,2.8964115899986185,2.9238483906616937,2.8790349495786716,7943085.82
2021-09-17,2.8964115899986185,2.9256775107058988,2.926592070728001,2.875376709490262,8161526.58
2021-09-22,2.8790349495786716,2.888180549799696,2.8973261500207212,2.8680602293134414,9519874.88
2021-09-23,2.9064717502417463,2.8936679099323115,2.926592070728001,2.8826931896670813,5466898.46
2021-09-24,2.8900096698439017,2.9137882304185663,2.9339085509048215,2.8890951098217985,6658228.14
2021-09-27,2.926592070728001,2.9695763917668185,2.975063751899434,2.924762950683796,12530361.27
2021-09-28,2.9659181516784088,2.9695763917668185,2.986038472164664,2.9403104710595387,5073992.19
2021-09-29,2.9494560712805638,2.9704909517889218,2.981465672054151,2.9220192706174886,7670535.32
2021-09-30,2.9704909517889218,2.9549434314131786,2.9723200718331264,2.9467123912142563,5210970.66
2021-10-08,2.983294792098356,3.0134752728277387,3.0180480729382513,2.9796365520099464,7346013.45
2021-10-11,3.026279113137174,3.0290227932034814,3.066519754109684,3.023535433070866,8819091.67
2021-10-12,3.0180480729382513,3.0134752728277387,3.0381683934245065,2.991525832297279,7035998.9
2021-10-13,3.010731592761431,3.042741193535019,3.057374153888659,2.9997568724962007,7005945.61
2021-10-14,3.0381683934245065,3.023535433070866,3.0564595938665566,3.017133512916149,6328674.38
2021-10-15,3.0198771929824564,3.047313993645531,3.0546304738223515,3.008902472717226,5404178.97
2021-10-18,3.0491431136897362,2.9887821522309714,3.0491431136897362,2.9723200718331264,11655450.48
2021-10-19,2.9842093521204585,3.0098170327393285,3.0180480729382513,2.9842093521204585,8207055.92
2021-10-20,3.0180480729382513,3.011646152783534,3.036339273380301,2.9979277524519965,3418180.99
2021-10-21,3.0180480729382513,3.0308519132476865,3.048228553667634,3.008902472717226,4259643.51
2021-10-22,3.0390829534466084,3.065605194087581,3.0857255145738365,3.0381683934245065,5547887.42
2021-10-25,3.051886793756044,3.063776074043376,3.0701779941980942,3.044570313579224,5182925.44
2021-10-26,3.0692634341759915,3.044570313579224,3.082981834507529,3.036339273380301,6561115.0
2021-10-27,3.033595593313994,3.006158792650919,3.033595593313994,2.997013192429894,6986261.92
2021-10-28,2.9997568724962007,3.0052442326288165,3.0125607128056364,2.986038472164664,5816316.48
2021-10-29,3.007987912695124,3.021706313026661,3.0226208730487643,3.000671432518304,6162197.45
2021-11-01,3.0034151125846114,3.007987912695124,3.021706313026661,2.9887821522309714,7367837.01
2021-11-02,3.007987912695124,2.9723200718331264,3.025364553115071,2.952199751346871,7570410.22
2021-11-03,2.9723200718331264,2.9439687111479484,2.9805511120320487,2.9375667909932313,4594098.89
2021-11-04,2.955857991435282,2.967747271722614,2.9741491918773306,2.951285191324769,5195860.84
2021-11-05,2.9613453515678962,2.9659181516784088,2.9878675922088687,2.952199751346871,4460833.16
2021-11-08,2.9631744716121013,2.9549434314131786,2.978721991987844,2.9467123912142563,5804082.66
2021-11-09,2.968661831744716,2.9485415112584614,2.976892871943639,2.9366522309711285,4889214.29
2021-11-10,2.9476269512363587,2.9320794308606164,2.9476269512363587,2.890924229866004,6387807.52
2021-11-11,2.926592070728001,2.9951840723856886,2.997013192429894,2.926592070728001,5664819.2
2021-11-12,2.9997568724962007,2.983294792098356,3.0034151125846114,2.9778074319657413,6323865.32
2021-11-15,2.9887821522309714,2.985123912142561,3.0043296726067137,2.9723200718331264,5215509.52
2021-11-16,2.9869530321867663,2.985123912142561,3.002500552562509,2.9695763917668185,5581139.1
2021-11-17,2.9778074319657413,2.966832711700512,2.9878675922088687,2.9613453515678962,6808522.3
2021-11-18,2.960430791545794,2.9366522309711285,2.9613453515678962,2.9293357507943085,5282352.08
2021-11-19,2.9329939908827187,2.9723200718331264,2.981465672054151,2.931164870838514,6281705.73
2021-11-22,2.9778074319657413,2.9704909517889218,2.986038472164664,2.967747271722614,5176126.28
2021-11-23,2.9659181516784088,2.9823802320762542,2.993354952341484,2.9631744716121013,7160764.54
2021-11-24,2.9823802320762542,2.993354952341484,3.007987912695124,2.9732346318552287,5692303.94
2021-11-25,2.997013192429894,2.975978311921536,2.9988423124740984,2.9723200718331264,3645998.0
2021-11-26,2.9695763917668185,2.9476269512363587,2.971405511811024,2.943054151125846,5314869.0
2021-11-29,2.9412280701754385,2.94771266749551,2.952344522724133,2.9273325044895704,5194489.46
2021-11-30,2.950491780632684,2.9310379886724687,2.959755491089929,2.9171424229866005,3981695.52
2021-12-01,2.9310379886724687,2.9421544412211635,2.94771266749551,2.930111617626744,3066781.24
2021-12-02,2.938448957038265,2.953270893769858,2.962534604227103,2.9282588755352945,3474921.18
2021-12-03,2.9569763779527563,2.9782829120044205,2.9792092830501455,2.951418151678409,5020281.2
2021-12-06,2.9829147672330434,2.9875466224616662,3.0116322696505042,2.9829147672330434,6139751.23
2021-12-07,3.0051476723304327,3.0116322696505042,3.0208959801077495,2.9958839618731865,5499132.71
2021-12-08,3.0190432380163004,3.0579508219367315,3.0625826771653544,3.003294930238983,5948249.6
2021-12-09,3.064435419256803,3.1051957452686834,3.1431769581433895,3.06165630611963,14026512.41
2021-12-10,3.094079292719989,3.1024166321315096,3.1061221163144084,3.0875946953999174,9110159.16
2021-12-13,3.1265022793203476,3.107048487360133,3.1672626053322284,3.1051957452686834,8111711.43
2021-12-14,3.095005663765714,3.091300179582815,3.1126067136344795,3.082962840171294,8132457.04
2021-12-15,3.0866683243541924,3.0607299350739052,3.0996375189943364,3.0598035640281807,4197778.3
2021-12-16,3.0607299350739052,3.070920016576875,3.0727727586683247,3.0496134825252104,6516535.0
2021-12-17,3.068140903439702,3.0246014642906482,3.0727727586683247,3.0227487221991987,8302088.99
2021-12-20,3.014411382787678,3.0042213012847077,3.038497029976516,2.9949575908274624,8456816.49
2021-12-21,3.00051581710181,3.018116866970576,3.0227487221991987,3.00051581710181,5295563.33
2021-12-22,3.0218223511534745,3.0051476723304327,3.0310860616107194,3.002368559193259,8855835.31
2021-12-23,3.0116322696505042,3.0338651747478935,3.0357179168393427,2.9958839618731865,5418191.57
2021-12-24,3.0338651747478935,3.032012432656444,3.0468343693880375,3.0208959801077495,6470590.66
2021-12-27,3.0310860616107194,3.027380577427821,3.040349772067965,3.0116322696505042,9130879.11
2021-12-28,3.030159690564995,3.044055256250863,3.0514662246166595,3.0255278353363724,8957356.62
2021-12-29,3.044981627296588,2.9875466224616662,3.0496134825252104,2.985693880370217,6936834.83
2021-12-30,2.9875466224616662,3.0079267854676055,3.0218223511534745,2.9838411382787675,4602356.61
2021-12-31,3.015337753833402,3.0162641248791267,3.028306948473546,3.0088531565133305,4782450.88
2022-01-04,3.0292333195192707,3.0079267854676055,3.0292333195192707,2.9690192015471752,5552643.59
2022-01-05,3.003294930238983,3.002368559193259,3.0357179168393427,2.988472993507391,6293083.89
2022-01-06,2.991252106644564,2.9579027489984804,2.9995894460560852,2.9458599254040614,7819094.36
2022-01-07,2.963460975272828,2.970871943638624,2.985693880370217,2.963460975272828,5467259.99
2022-01-10,2.9717983146843485,2.9792092830501455,2.985693880370217,2.950491780632684,4806253.29
2022-01-11,2.9792092830501455,2.960681862135654,2.9949575908274624,2.9569763779527563,5504840.21
2022-01-12,2.9699455725928994,2.9829147672330434,2.9921784776902887,2.962534604227103,5313752.5
2022-01-13,2.988472993507391,2.9328907307639174,2.9958839618731865,2.9310379886724687,7917415.95
2022-01-14,2.9273325044895704,2.8902776626605884,2.9291852465810195,2.8893512916148643,7288699.66
2022-01-17,2.8884249205691392,2.9004677441635582,2.9115841967122527,2.8874985495234147,5644913.5
2022-01-18,2.9004677441635582,2.935669843901091,2.94771266749551,2.8902776626605884,11338388.23
2022-01-19,2.9421544412211635,2.935669843901091,2.951418151678409,2.923627020306672,4869956.79
2022-01-20,2.934743472855367,2.977356540958696,2.9986630750103602,2.934743472855367,7415491.41
2022-01-21,2.9745774278215222,2.9699455725928994,2.9829147672330434,2.9541972648155825,6242965.82
2022-01-24,2.9569763779527563,2.959755491089929,2.9671664594557257,2.9319643597181932,6965072.8
2022-01-25,2.9449335543583364,2.8986150020721095,2.946786296449786,2.8949095178892112,7431757.14
2022-01-26,2.905099599392181,2.9125105677579777,2.9199215361237743,2.883793065340517,8433656.39
2022-01-27,2.913436938803702,2.8782348390661694,2.913436938803702,2.8698974996546487,9698175.57
2022-01-28,2.8874985495234147,2.8124624948197265,2.8949095178892112,2.8059778974996545,11994193.08
2022-02-07,2.855075562923055,2.867118386517475,2.8819403232490672,2.8476645945572594,7404357.34
2022-02-08,2.8689711286089237,2.8698974996546487,2.8745293548832715,2.816167979002625,6533423.23
2022-02-09,2.871750241746098,2.8902776626605884,2.8986150020721095,2.8624865312888517,8159284.35
2022-02-10,2.8921304047520375,2.897688631026385,2.8986150020721095,2.8773084680204444,5020394.03
2022-02-11,2.8893512916148643,2.893056775797762,2.922700649260947,2.8828666942947923,5477670.71
2022-02-14,2.885645807431966,2.860633789197403,2.8884249205691392,2.850443707694433,5255438.0
2022-02-15,2.8578546760602297,2.871750241746098,2.881013952203343,2.8532228208316064,4198538.73
2022-02-16,2.884719436386241,2.8865721784776905,2.8995413731178337,2.880087581157618,4279681.4
2022-02-17,2.8828666942947923,2.8893512916148643,2.90880508357508,2.8828666942947923,4117645.86
2022-02-18,2.881013952203343,2.9125105677579777,2.9152896808951514,2.8736029838375465,3962130.97
2022-02-21,2.907878712529355,2.8995413731178337,2.90880508357508,2.880087581157618,5170776.0
2022-02-22,2.871750241746098,2.854149191877331,2.8736029838375465,2.8374745130542895,6400698.4
2022-02-23,2.8615601602431275,2.871750241746098,2.872676612791822,2.84581185246581,5288407.6
2022-02-24,2.8569283050145047,2.8189470921397985,2.8569283050145047,2.799493300179583,6452422.58
2022-02-25,2.830063544688493,2.8309899157342175,2.860633789197403,2.8226525763226964,6904135.11
2022-02-28,2.828210802597044,2.8356217709628404,2.838400884100014,2.8078306395911037,3183378.66
2022-03-01,2.846738223511535,2.8763820969747202,2.8828666942947923,2.846738223511535,5458820.88
2022-03-02,2.8643392733803013,2.860633789197403,2.867118386517475,2.8532228208316064,3233350.65
2022-03-03,2.872676612791822,2.8513700787401572,2.880087581157618,2.843032739328636,3603684.46
2022-03-04,2.82543168945987,2.821726205276972,2.8346953999171154,2.8078306395911037,5981769.41
2022-03-07,2.803198784362481,2.737426440116038,2.80505152645393,2.7290891007045173,7475231.53
2022-03-08,2.7466901505732833,2.7003715982870564,2.7652175714877747,2.6855496615554633,12366473.36
2022-03-09,2.7133407929272,2.674433209006769,2.7281627296587923,2.5845752175714876,12421483.93
2022-03-10,2.725383616521619,2.698518856195607,2.730941842795966,2.6948133720127085,10781328.03
2022-03-11,2.6688749827324214,2.706856195607128,2.7133407929272,2.6234828014919187,10361809.01
2022-03-14,2.667948611686697,2.6234828014919187,2.6874024036469124,2.6216300594004696,9301740.51
2022-03-15,2.593838928028733,2.4891589998618593,2.6058817516231527,2.485453515678961,15065340.0
2022-03-16,2.5197292443707697,2.6031026384859786,2.6142190910346734,2.4761898052217157,16251019.81
2022-03-17,2.6549794170465533,2.6466420776350326,2.6855496615554633,2.63182014090344,10791913.26
2022-03-18,2.6364519961320623,2.678138693189667,2.6957397430584336,2.627188285674817,8830876.33
2022-03-21,2.684623290509739,2.66239038541235,2.6855496615554633,2.639231109269236,8743420.04
2022-03-22,2.654053046000829,2.6698013537781464,2.6920342588755353,2.6522003039093796,4903376.74
2022-03-23,2.6790650642353917,2.6855496615554633,2.6948133720127085,2.6614640143666253,6275029.9
2022-03-24,2.667948611686697,2.671654095869595,2.6883287746926374,2.657758530183727,2915790.3
2022-03-25,2.667948611686697,2.629041027766266,2.6827705484182895,2.627188285674817,4257994.62
2022-03-28,2.606808122668877,2.627188285674817,2.641083851360685,2.576237878159967,6760073.66
2022-03-29,2.632746511949164,2.615145462080398,2.645715706589308,2.612366348943224,3495068.51
2022-03-30,2.632746511949164,2.684623290509739,2.6855496615554633,2.632746511949164,7433085.76
2022-03-31,2.6772123221439426,2.6688749827324214,2.6827705484182895,2.665169498549523,5492682.86
2022-04-01,2.6522003039093796,2.7077825666528526,2.7226045033844453,2.647568448680757,7765688.4
2022-04-06,2.690181516784086,2.6966661141041577,2.7059298245614034,2.6762859510982175,8255949.59
2022-04-07,2.6855496615554633,2.671654095869595,2.7142671639729246,2.6670222406409723,5322913.55
2022-04-08,2.6725804669153197,2.6948133720127085,2.7003715982870564,2.6614640143666253,5358440.31
2022-04-11,2.683696919464014,2.6234828014919187,2.683696919464014,2.615145462080398,7152072.0
2022-04-12,2.6234828014919187,2.6642431275037985,2.666095869595248,2.6049553805774277,8341404.64
2022-04-13,2.650347561817931,2.6549794170465533,2.6818441773725654,2.645715706589308,5107813.12
2022-04-14,2.6772123221439426,2.6966661141041577,2.712414421881475,2.6688749827324214,7633661.63
2022-04-15,2.6818441773725654,2.699445227241332,2.712414421881475,2.6772123221439426,8478055.36
2022-04-18,2.6762859510982175,2.659611272275176,2.6772123221439426,2.645715706589308,6604404.74
2022-04-19,2.6568321591380024,2.634599254040613,2.6698013537781464,2.615145462080398,6117138.66
2022-04-20,2.6364519961320623,2.608660864760326,2.639231109269236,2.6031026384859786,5419702.9
2022-04-21,2.597544412211631,2.5753115071142423,2.620703688354745,2.559563199336925,8308242.07
2022-04-22,2.554931344108302,2.5892070728001104,2.6012498963945294,2.54844674678823,6094221.17
2022-04-25,2.5382566652852607,2.4659997237187454,2.554931344108302,2.4641469816272967,12434371.48
2022-04-26,2.4641469816272967,2.467852465810195,2.5132446470506977,2.454883271170051,12322148.96
2022-04-27,2.4659997237187454,2.514171018096422,2.51787650227932,2.462294239535847,13866747.94
2022-04-28,2.5067600497306257,2.5465940046967814,2.5512258599254043,2.503980936593452,10805321.44
2022-04-29,2.557710457245476,2.5873543307086613,2.600323525348805,2.524361099599392,8757636.75
2022-05-05,2.5873543307086613,2.576237878159967,2.6049553805774277,2.576237878159967,7757035.81
2022-05-06,2.541035778422434,2.503980936593452,2.545667633651057,2.4984227103191046,9768213.46
2022-05-09,2.4891589998618593,2.479895289404614,2.5002754524105537,2.4650733526730213,6909343.26
2022-05-10,2.4539569001243264,2.502128194502003,2.5197292443707697,2.434503108164111,8519658.52
2022-05-11,2.4965699682276554,2.5215819864622184,2.54844674678823,2.4965699682276554,9274502.34
2022-05-12,2.510465533913524,2.5030545655477274,2.5215819864622184,2.4974963392733804,5188620.21
2022-05-13,2.5197292443707697,2.5280665837822904,2.541035778422434,2.511391904959248,3986972.64
2022-05-16,2.542888520513883,2.5030545655477274,2.5447412626053323,2.4928644840447576,5922818.58
2022-05-17,2.511391904959248,2.535477552148087,2.536403923193811,2.508612791822075,4675288.42
2022-05-18,2.5447412626053323,2.527140212736566,2.5447412626053323,2.5030545655477274,5689127.02
2022-05-19,2.5002754524105537,2.5252874706451167,2.532698439010913,2.4974963392733804,4461151.59
2022-05-20,2.5401094073767094,2.5873543307086613,2.5892070728001104,2.5382566652852607,8922726.37
2022-05-23,2.591986185937284,2.559563199336925,2.591986185937284,2.54844674678823,7093710.06
2022-05-24,2.560489570382649,2.5197292443707697,2.5651214256112724,2.5160237601878714,7121112.9
2022-05-25,2.520655615416494,2.524361099599392,2.532698439010913,2.511391904959248,6089973.28
2022-05-26,2.528992954828015,2.524361099599392,2.5502994888796797,2.4993490813648296,5458059.17
2022-05-27,2.5447412626053323,2.541962149468159,2.5688269097941703,2.5336248100566374,5396186.99
2022-05-30,2.561415941428374,2.554931344108302,2.5688269097941703,2.547520375742506,6310445.23
2022-05-31,2.554931344108302,2.5864279596629367,2.594765299074458,2.5493731178339547,5362546.32
2022-06-01,2.5892070728001104,2.5771642492056914,2.5892070728001104,2.5623423124740983,5126843.41
2022-06-02,2.5632686835198233,2.5725323939770686,2.5743851360685177,2.5558577151540267,3672026.88
2022-06-06,2.573458765022793,2.6031026384859786,2.6031026384859786,2.5438148915596077,5443270.21
2022-06-07,2.6012498963945294,2.620703688354745,2.641083851360685,2.593838928028733,5776688.73
2022-06-08,2.6281146567205416,2.6522003039093796,2.6633167564580744,2.625335543583368,5626271.7
2022-06-09,2.649421190772206,2.6429365934521343,2.667948611686697,2.635525625086338,5398185.38
2022-06-10,2.6262619146290924,2.6735068379610443,2.6818441773725654,2.620703688354745,4702391.85
2022-06-13,2.643862964497859,2.6262619146290924,2.649421190772206,2.608660864760326,5931107.72
2022-06-14,2.6021762674402544,2.66239038541235,2.6642431275037985,2.5929125569830087,7755880.93
2022-06-15,2.6605376433209003,2.698518856195607,2.7448374084818346,2.659611272275176,12271223.9
2022-06-16,2.706856195607128,2.6735068379610443,2.7133407929272,2.667948611686697,4639963.93
2022-06-17,2.6614640143666253,2.7133407929272,2.7198253902472715,2.659611272275176,7152977.31
2022-06-20,2.717046277110098,2.7077825666528526,2.736500069070314,2.6883287746926374,6990889.36
2022-06-21,2.708708937698577,2.7133407929272,2.73372095593314,2.6920342588755353,5710038.21
2022-06-22,2.7161199060643733,2.684623290509739,2.718899019201547,2.6827705484182895,3973502.63
2022-06-23,2.6874024036469124,2.7226045033844453,2.7281627296587923,2.686476032601188,4486794.89
2022-06-24,2.7346473269788643,2.758732974167703,2.7698494267163976,2.7290891007045173,5401597.16
2022-06-27,2.7707757977621217,2.7939350739052355,2.816167979002625,2.7707757977621217,7580648.11
2022-06-28,2.7948614449509597,2.8189470921397985,2.872676612791822,2.7772603950821937,4321870.74
2022-06-29,2.8059778974996545,2.7957878159966842,2.830063544688493,2.786524105539439,4558015.45
2022-06-30,2.7948614449509597,2.843032739328636,2.871750241746098,2.7948614449509597,5664874.74
2022-07-01,2.8513700787401572,2.832842657825666,2.8569283050145047,2.8207998342312472,4184347.82
2022-07-04,2.8207998342312472,2.8374745130542895,2.8393272551457382,2.798566929133858,3057820.09
2022-07-05,2.8495173366487085,2.8374745130542895,2.868044757563199,2.804125155408206,5602186.41
2022-07-06,2.830063544688493,2.789303218676613,2.8319162867799417,2.7735549108992954,4426048.29
2022-07-07,2.7809658792650915,2.7809658792650915,2.7976405580881334,2.763364829396325,3829753.67
2022-07-08,2.799493300179583,2.7846713634479894,2.8152416079569003,2.7828186213565407,2920431.1
2022-07-11,2.7698494267163976,2.7429846663903854,2.7707757977621217,2.7327945848874156,4341076.1
2022-07-12,2.7383528111617625,2.727236358613068,2.755953861030529,2.717972648155823,4125209.35
2022-07-13,2.727236358613068,2.718899019201547,2.735573698024589,2.708708937698577,2916523.35
2022-07-14,2.7151935350186487,2.7003715982870564,2.7216781323387207,2.6883287746926374,4185121.89
2022-07-15,2.6966661141041577,2.6605376433209003,2.7318682138416905,2.659611272275176,8027838.77
2022-07-18,2.666095869595248,2.6966661141041577,2.7040770824699547,2.653126674955104,4859840.54
2022-07-19,2.6920342588755353,2.6855496615554633,2.6957397430584336,2.659611272275176,4961418.86
2022-07-20,2.7003715982870564,2.6938870009669844,2.706856195607128,2.686476032601188,4356376.87
2022-07-21,2.6855496615554633,2.66239038541235,2.6920342588755353,2.6605376433209003,4332891.88
2022-07-22,2.6688749827324214,2.674433209006769,2.6975924851498827,2.654053046000829,6894780.56
2022-07-25,2.6707277248238706,2.666095869595248,2.674433209006769,2.6568321591380024,3948924.22
2022-07-26,2.6698013537781464,2.678138693189667,2.690181516784086,2.6698013537781464,3970740.59
2022-07-27,2.671654095869595,2.655905788092278,2.674433209006769,2.651273932863655,6246511.17
2022-07-28,2.6670222406409723,2.6549794170465533,2.6911078878298107,2.653126674955104,8118062.64
2022-07-29,2.659611272275176,2.6197773173090204,2.679991435281116,2.6142190910346734,6098264.61
2022-08-01,2.613292719988949,2.610513606851775,2.6234828014919187,2.5956916701201824,4256154.15
2022-08-02,2.5901334438458345,2.5660477966569966,2.5901334438458345,2.542888520513883,5940224.41
2022-08-03,2.571606022931344,2.547520375742506,2.5873543307086613,2.541962149468159,5733682.76
2022-08-04,2.560489570382649,2.5725323939770686,2.579943362342865,2.553078602016853,8675552.04
2022-08-05,2.5827224754800384,2.6077344937146014,2.612366348943224,2.5706796518856194,6175029.53
2022-08-08,2.598470783257356,2.593838928028733,2.606808122668877,2.5836488465257634,4133078.97
2022-08-09,2.5929125569830087,2.594765299074458,2.600323525348805,2.585501588617212,3291963.84
2022-08-10,2.5910598148915596,2.5641950545655474,2.600323525348805,2.554931344108302,4344089.76
2022-08-11,2.576237878159967,2.6179245752175717,2.620703688354745,2.5697532808398953,6835069.79
2022-08-12,2.6142190910346734,2.627188285674817,2.633672882994889,2.608660864760326,4601064.67
2022-08-15,2.616071833126122,2.612366348943224,2.6429365934521343,2.610513606851775,2984686.15
2022-08-16,2.616071833126122,2.600323525348805,2.6262619146290924,2.5956916701201824,3147017.64
2022-08-17,2.600323525348805,2.615145462080398,2.6234828014919187,2.5827224754800384,3779948.45
2022-08-18,2.612366348943224,2.5910598148915596,2.615145462080398,2.5836488465257634,3829147.37
2022-08-19,2.5864279596629367,2.5864279596629367,2.6049553805774277,2.5827224754800384,3939698.86
2022-08-22,2.5790169912971406,2.5873543307086613,2.6012498963945294,2.573458765022793,6197564.23
2022-08-23,2.588280701754386,2.5697532808398953,2.593838928028733,2.5623423124740983,5022696.52
2022-08-24,2.5743851360685177,2.5438148915596077,2.5864279596629367,2.541035778422434,7685177.48
2022-08-25,2.5502994888796797,2.5873543307086613,2.5929125569830087,2.5447412626053323,7955267.49
2022-08-26,2.5892070728001104,2.588280701754386,2.5993971543030807,2.5827224754800384,4635610.63
2022-08-29,2.5651214256112724,2.5679005387484457,2.576237878159967,2.5567840861997513,3635048.52
2022-08-30,2.5706796518856194,2.5641950545655474,2.576237878159967,2.542888520513883,3630781.14
2022-08-31,2.553078602016853,2.594765299074458,2.615145462080398,2.5512258599254043,7917503.81
2022-09-01,2.588280701754386,2.5706796518856194,2.5956916701201824,2.5660477966569966,5907740.29
2022-09-02,2.5743851360685177,2.5493731178339547,2.5780906202514156,2.535477552148087,8083528.21
2022-09-05,2.541035778422434,2.539183036330985,2.5447412626053323,2.5160237601878714,5031000.27
2022-09-06,2.542888520513883,2.560489570382649,2.5632686835198233,2.541035778422434,5909973.88
2022-09-07,2.5493731178339547,2.5512258599254043,2.557710457245476,2.542888520513883,4643491.61
2022-09-08,2.554004973062578,2.545667633651057,2.5632686835198233,2.5447412626053323,4341481.24
2022-09-09,2.5521522309711284,2.593838928028733,2.5993971543030807,2.5512258599254043,6878768.1
2022-09-13,2.6021762674402544,2.6012498963945294,2.616071833126122,2.5873543307086613,6487624.65
2022-09-14,2.5780906202514156,2.5827224754800384,2.597544412211631,2.5753115071142423,9081888.95
2022-09-15,2.588280701754386,2.5790169912971406,2.6031026384859786,2.566974167702721,12024532.0
2022-09-16,2.5697532808398953,2.5234347285536676,2.576237878159967,2.5215819864622184,15936290.71
2022-09-19,2.516950131233596,2.5188028733250447,2.5336248100566374,2.510465533913524,8049654.2
2022-09-20,2.528992954828015,2.514171018096422,2.5317720679651887,2.5067600497306257,6232720.06
2022-09-21,2.505833678684901,2.4928644840447576,2.5132446470506977,2.4836007735875123,5623310.57
2022-09-22,2.4817480314960627,2.473410692084542,2.4910117419533084,2.467852465810195,6582474.37
2022-09-23,2.4697052079016437,2.475263434175991,2.4928644840447576,2.4632206105815717,6224873.35
2022-09-26,2.4632206105815717,2.4585887553529493,2.4919381129990326,2.455809642215775,7749392.04
2022-09-27,2.461367868490123,2.4836007735875123,2.48730625777041,2.4530305290786023,7418856.15
2022-09-28,2.4724843210388174,2.455809642215775,2.4789689183588894,2.4530305290786023,7378431.51
2022-09-29,2.4715579499930933,2.455809642215775,2.485453515678961,2.4419140765299074,7329518.06
2022-09-30,2.4585887553529493,2.454883271170051,2.4771161762674403,2.4521041580328773,7514908.41
2022-10-10,2.454883271170051,2.3955955242436797,2.4576623843072247,2.3900372979693327,7781606.42
2022-10-11,2.3974482663351293,2.3881845558778836,2.4020801215637517,2.3826263296035366,5033067.53
2022-10-12,2.3900372979693327,2.4030064926094763,2.4067119767923746,2.3326022931344106,8093945.56
2022-10-13,2.3863318137864344,2.37521536123774,2.3918900400607814,2.3668780218262193,6414021.88
2022-10-14,2.3955955242436797,2.431723995026937,2.442840447575632,2.3918900400607814,10523433.12
2022-10-17,2.422460284569692,2.4298712529354884,2.4326503660726617,2.410417460975273,5228932.56
2022-10-18,2.4419140765299074,2.41597568724962,2.4465459317585303,2.412270203066722,4904993.1
2022-10-19,2.4141229451581707,2.368730763917668,2.4215339135239673,2.3678043928719434,6385676.36
2022-10-20,2.3548351982318,2.356687940323249,2.3881845558778836,2.3474242298660033,7296326.8
2022-10-21,2.362246166597596,2.3409396325459317,2.3678043928719434,2.3279704379057877,6320970.17
2022-10-24,2.3344550352258597,2.2594189805221716,2.350203343003177,2.245523414836303,17748113.32
2022-10-25,2.248302527973477,2.252008012156375,2.2890628539853575,2.239038817516231,10930380.77
2022-10-26,2.252008012156375,2.2594189805221716,2.2964738223511536,2.251081641110651,13450189.71
2022-10-27,2.270535433070866,2.2408915596076806,2.2918419671225307,2.239965188561956,10885377.45
2022-10-28,2.226069622876088,2.1908675231385555,2.2408915596076806,2.186235667909932,11179535.98
2022-10-31,2.1714137311783395,2.1612236496753696,2.1908675231385555,2.150107197126675,12195803.93
2022-11-01,2.1695609890868903,2.256639867384998,2.258492609476447,2.1695609890868903,13770241.5
2022-11-02,2.2436706727448543,2.275167288299489,2.2936947092139794,2.2371860754247823,15672544.72
2022-11-03,2.258492609476447,2.2464497858820276,2.266829948887968,2.2344069622876086,9722300.44
2022-11-04,2.2436706727448543,2.321485840585716,2.3335286641801356,2.2436706727448543,13133776.97
2022-11-07,2.305737532808399,2.3298231799972373,2.34464511672883,2.3029584196712256,11106736.76
2022-11-08,2.330749551042962,2.313148501174195,2.338160519408758,2.2992529354883273,6605711.67
2022-11-09,2.313148501174195,2.295547451305429,2.326117695814339,2.2899892250310816,6643329.11
2022-11-10,2.2825782566652855,2.2992529354883273,2.3094430169912967,2.272388175162315,11678145.21
2022-11-11,2.362246166597596,2.3668780218262193,2.3983746373808534,2.3353814062715843,16973692.72
2022-11-14,2.4085647188838237,2.3863318137864344,2.4252393977068656,2.3807735875120875,15486305.57
2022-11-15,2.3779944743749137,2.431723995026937,2.440987705484183,2.37521536123774,12226143.49
2022-11-16,2.4270921397983147,2.422460284569692,2.442840447575632,2.41597568724962,7806403.92
2022-11-17,2.412270203066722,2.4085647188838237,2.417828429341069,2.381699958557812,10278700.02
2022-11-18,2.4131965741124466,2.399301008426578,2.4215339135239673,2.3918900400607814,7524799.19
2022-11-21,2.3789208454206383,2.368730763917668,2.3807735875120875,2.340013261500207,8268059.29
2022-11-22,2.3668780218262193,2.3807735875120875,2.4076383478380996,2.358540682414698,9408622.67
2022-11-23,2.3770681033291887,2.3854054427407103,2.4039328636552013,2.3715098770548417,9330573.4
2022-11-24,2.3974482663351293,2.3696571349633926,2.4113438320209974,2.36502527973477,7119700.0
2022-11-25,2.3668780218262193,2.3946691531979556,2.4039328636552013,2.364098908689045,6312891.33
2022-11-28,2.350203343003177,2.352982456140351,2.3603934245061473,2.31407487221992,10288460.94
2022-11-29,2.3770681033291887,2.4530305290786023,2.454883271170051,2.3770681033291887,14043226.71
2022-11-30,2.443766818621356,2.450251415941428,2.46692609476447,2.4400613344384583,7005994.1
2022-12-01,2.4990551181102365,2.472749274761708,2.5225424782428516,2.471809780356403,7735662.05
2022-12-02,2.4708702859510985,2.4586568586821387,2.476507252382926,2.4548988810609202,8205385.49
2022-12-05,2.487781185246581,2.5178450062163287,2.5187845006216327,2.4755677579776214,10830216.13
2022-12-06,2.5112685453791963,2.5253609614587655,2.5432113551595523,2.5009341069208455,8166304.94
2022-12-07,2.5178450062163287,2.509389556568587,2.5460298383754663,2.5009341069208455,9127564.91
2022-12-08,2.5065710733526734,2.5150265230004147,2.5225424782428516,2.502813095731455,4527157.1
2022-12-09,2.5169055118110233,2.5441508495648573,2.551666804807294,2.502813095731455,7896589.64
2022-12-12,2.52630045586407,2.51408702859511,2.537574388727725,2.509389556568587,4831704.64
2022-12-13,2.5150265230004147,2.5169055118110233,2.5291189390799835,2.510329050973892,3551559.97
2022-12-14,2.5169055118110233,2.532876916701202,2.5413323663489438,2.5065710733526734,7044530.64
2022-12-15,2.530997927890593,2.5197239950269377,2.5432113551595523,2.5065710733526734,5400835.91
2022-12-16,2.5112685453791963,2.5300584334852885,2.5347559055118114,2.5084500621632824,5504956.79
2022-12-19,2.5338164111065065,2.4924786572731046,2.5413323663489438,2.483083713220058,7931806.81
2022-12-20,2.4840232076253628,2.449261914629093,2.487781185246581,2.428593037712391,8140171.76
2022-12-21,2.4502014090343973,2.4539593866556157,2.4633543307086616,2.449261914629093,5486896.97
2022-12-22,2.472749274761708,2.4699307915457935,2.4905996684624947,2.4558383754662247,5840744.87
2022-12-23,2.4558383754662247,2.4633543307086616,2.477446746788231,2.4473829258184834,7678327.74
2022-12-26,2.4642938251139666,2.4539593866556157,2.4736887691670124,2.4502014090343973,4623436.76
2022-12-27,2.4793257355988394,2.4821442188147538,2.48966017405719,2.46711230832988,7312859.62
2022-12-28,2.478386241193535,2.4887206796518857,2.495297140489018,2.4699307915457935,7116068.3
2022-12-29,2.4746282635723165,2.4755677579776214,2.4793257355988394,2.4548988810609202,6529419.18
2022-12-30,2.4859021964359718,2.4887206796518857,2.4990551181102365,2.483083713220058,5732132.31
2023-01-03,2.4802652300041443,2.4905996684624947,2.4981156237049316,2.4567778698715292,6994090.77
2023-01-04,2.4915391628677996,2.4990551181102365,2.5065710733526734,2.4859021964359718,6811504.78
2023-01-05,2.5178450062163287,2.5460298383754663,2.550727310401989,2.51408702859511,7673492.84
2023-01-06,2.5479088271860757,2.5601222544550355,2.565759220886863,2.5450903439701618,5207344.19
2023-01-09,2.568577704102777,2.5836096145876506,2.591125569830087,2.565759220886863,5767040.74
2023-01-10,2.5836096145876506,2.5760936593452133,2.591125569830087,2.5742146705346047,3703963.61
2023-01-11,2.579851636966432,2.581730625777041,2.6023995026937423,2.5760936593452133,5501240.71
2023-01-12,2.5901860754247825,2.587367592208869,2.5939440530460014,2.5760936593452133,3760025.41
2023-01-13,2.5948835474513054,2.629644840447576,2.6305843348528803,2.591125569830087,6211516.42
2023-01-16,2.6315238292581853,2.6747405719021966,2.706683381682553,2.6305843348528803,14942685.46
2023-01-17,2.6728615830915876,2.6662851222544552,2.6775590551181105,2.6531322005801905,7745355.97
2023-01-18,2.6672246166597597,2.6484347285536676,2.6775590551181105,2.645616245337754,4374144.96
2023-01-19,2.640918773311231,2.657829672606714,2.659708661417323,2.624947368421053,10608961.08
2023-01-20,2.6662851222544552,2.675680066307501,2.6850750103605474,2.659708661417323,5153371.34
2023-01-30,2.7245337753833403,2.676619560712806,2.7292312474098632,2.670982594280978,7222289.77
2023-01-31,2.6775590551181105,2.6484347285536676,2.69165147119768,2.6437372565271446,10023086.79
2023-02-01,2.6550111893908,2.6587691670120184,2.659708661417323,2.6183709075839205,8801467.5
2023-02-02,2.6672246166597597,2.6531322005801905,2.6681641110650642,2.6352818068794033,6050658.95
2023-02-03,2.636221301284708,2.614612929962702,2.6446767509324496,2.593004558640696,7186049.61
2023-02-06,2.5892465810194776,2.5732751761293,2.5901860754247825,2.559182760049731,8026408.4
2023-02-07,2.581730625777041,2.5807911313717367,2.592065064235392,2.571396187318691,5385889.91
2023-02-08,2.5836096145876506,2.5742146705346047,2.601460008288438,2.5704566929133863,4116146.45
2023-02-09,2.5704566929133863,2.601460008288438,2.6080364691255697,2.568577704102777,7419446.08
2023-02-10,2.5948835474513054,2.5901860754247825,2.5977020306672194,2.579851636966432,4470683.84
2023-02-13,2.579851636966432,2.6070969747202652,2.6108549523414837,2.5723356817239953,6914538.84
2023-02-14,2.6080364691255697,2.617431413178616,2.6183709075839205,2.5995810194778284,3698114.37
2023-02-15,2.6164919187733116,2.593004558640696,2.622128885205139,2.5883070866141735,4629191.4
2023-02-16,2.596762536261915,2.5836096145876506,2.627765851636967,2.565759220886863,9284072.63
2023-02-17,2.5789121425611277,2.556364276833817,2.5995810194778284,2.553545793617903,8286178.57
2023-02-20,2.563880232076254,2.6287053460422714,2.6315238292581853,2.5573037712391216,16163012.26
2023-02-21,2.627765851636967,2.641858267716535,2.645616245337754,2.619310401989225,12571253.73
2023-02-22,2.6287053460422714,2.6070969747202652,2.6352818068794033,2.6042784915043513,9068767.0
2023-02-23,2.609915457936179,2.6061574803149608,2.627765851636967,2.5948835474513054,5492707.88
2023-02-24,2.6052179859096563,2.5704566929133863,2.6052179859096563,2.5620012432656445,5845898.73
2023-02-27,2.558243265644426,2.5676382096974724,2.5789121425611277,2.5544852880232076,3753528.71
2023-02-28,2.5732751761293,2.579851636966432,2.582670120182346,2.5441508495648573,5747269.81
2023-03-01,2.5779726481558227,2.6089759635308747,2.6230683796104435,2.571396187318691,10752491.63
2023-03-02,2.6042784915043513,2.6080364691255697,2.6211893907998345,2.5995810194778284,4911638.88
2023-03-03,2.6164919187733116,2.6108549523414837,2.6230683796104435,2.59582304185661,5105757.54
2023-03-06,2.6108549523414837,2.582670120182346,2.611794446746788,2.5742146705346047,6715823.65
2023-03-07,2.5779726481558227,2.553545793617903,2.5995810194778284,2.550727310401989,8496081.15
2023-03-08,2.5441508495648573,2.5338164111065065,2.5460298383754663,2.5225424782428516,6506472.22
2023-03-09,2.5347559055118114,2.5159660174057192,2.537574388727725,2.502813095731455,9251809.0
2023-03-10,2.499994612515541,2.4821442188147538,2.512208039784501,2.4802652300041443,7825452.31
2023-03-13,2.4802652300041443,2.507510567757978,2.5169055118110233,2.4802652300041443,5792902.38
2023-03-14,2.504692084542064,2.4905996684624947,2.504692084542064,2.4736887691670124,6653104.67
2023-03-15,2.5084500621632824,2.4915391628677996,2.5169055118110233,2.4905996684624947,6798531.58
2023-03-16,2.477446746788231,2.468051802735184,2.494357646083713,2.4661728139245755,6448527.26
2023-03-17,2.4859021964359718,2.477446746788231,2.5178450062163287,2.4642938251139666,11076690.0
2023-03-20,2.4802652300041443,2.4614753418980526,2.4905996684624947,2.4595963530874427,5590149.17
2023-03-21,2.4708702859510985,2.4868416908412763,2.4915391628677996,2.4689912971404895,8774689.74
2023-03-22,2.4934181516784086,2.495297140489018,2.509389556568587,2.4868416908412763,7796568.82
2023-03-23,2.4868416908412763,2.5112685453791963,2.512208039784501,2.4868416908412763,4218210.49
2023-03-24,2.507510567757978,2.4990551181102365,2.509389556568587,2.4924786572731046,4224135.87
2023-03-27,2.494357646083713,2.483083713220058,2.5009341069208455,2.4736887691670124,4972088.43
2023-03-28,2.4887206796518857,2.4840232076253628,2.4962366348943226,2.477446746788231,4814232.17
2023-03-29,2.4990551181102365,2.4802652300041443,2.502813095731455,2.476507252382926,4370343.8
2023-03-30,2.4802652300041443,2.510329050973892,2.5112685453791963,2.4736887691670124,5811135.9
2023-03-31,2.5131475341898053,2.507510567757978,2.5253609614587655,2.50187360132615,5827103.75
2023-04-03,2.507510567757978,2.510329050973892,2.5178450062163287,2.497176129299627,5775600.34
2023-04-04,2.5131475341898053,2.5197239950269377,2.520663489432242,2.50187360132615,5277525.13
2023-04-06,2.509389556568587,2.5084500621632824,2.5169055118110233,2.5009341069208455,5102222.58
2023-04-07,2.5084500621632824,2.52630045586407,2.5356953999171155,2.507510567757978,4394098.62
2023-04-10,2.530997927890593,2.527239950269374,2.5338164111065065,2.5150265230004147,4274875.49
2023-04-11,2.5291189390799835,2.521602983837547,2.5356953999171155,2.512208039784501,5134756.4
2023-04-12,2.523481972648156,2.507510567757978,2.5253609614587655,2.5056315789473684,3529873.11
2023-04-13,2.50187360132615,2.5112685453791963,2.5178450062163287,2.495297140489018,4260967.48
2023-04-14,2.5178450062163287,2.521602983837547,2.532876916701202,2.512208039784501,3758751.52
2023-04-17,2.521602983837547,2.5723356817239953,2.5732751761293,2.5178450062163287,8260095.62
2023-04-18,2.5695171985080814,2.581730625777041,2.5892465810194776,2.565759220886863,6840900.31
2023-04-19,2.582670120182346,2.559182760049731,2.586428097803564,2.556364276833817,7059403.3
2023-04-20,2.559182760049731,2.542271860754248,2.56106174886034,2.5356953999171155,9927785.1
2023-04-21,2.5441508495648573,2.4981156237049316,2.5450903439701618,2.494357646083713,6940427.56
2023-04-24,2.497176129299627,2.4642938251139666,2.5009341069208455,2.4548988810609202,6537842.48
2023-04-25,2.46711230832988,2.4633543307086616,2.472749274761708,2.443624948197265,6843513.8
2023-04-26,2.4633543307086616,2.460535847492748,2.4708702859510985,2.4530198922503113,9901828.84
2023-04-27,2.460535847492748,2.495297140489018,2.502813095731455,2.4586568586821387,6106726.33
2023-04-28,2.495297140489018,2.5178450062163287,2.5244214670534606,2.495297140489018,5385947.5
2023-05-04,2.5084500621632824,2.531937422295897,2.5347559055118114,2.4962366348943226,8033273.9
2023-05-05,2.5356953999171155,2.5244214670534606,2.5432113551595523,2.5131475341898053,4276098.49
2023-05-08,2.527239950269374,2.559182760049731,2.5648197264815584,2.5244214670534606,7718972.64
2023-05-09,2.5629407376709494,2.542271860754248,2.5854886033982596,2.5413323663489438,9460391.58
2023-05-10,2.5385138831330294,2.512208039784501,2.5479088271860757,2.5112685453791963,12671442.02
2023-05-11,2.520663489432242,2.5065710733526734,2.527239950269374,2.502813095731455,3414709.01
2023-05-12,2.5037525901367594,2.471809780356403,2.5112685453791963,2.4708702859510985,8381463.01
2023-05-15,2.4708702859510985,2.5178450062163287,2.5187845006216327,2.4642938251139666,7365412.76
2023-05-16,2.5197239950269377,2.512208039784501,2.5253609614587655,2.502813095731455,4139536.8
2023-05-17,2.509389556568587,2.4887206796518857,2.5150265230004147,2.483083713220058,6463837.79
2023-05-18,2.494357646083713,2.4849627020306673,2.5065710733526734,2.4755677579776214,5001810.98
2023-05-19,2.477446746788231,2.4746282635723165,2.4934181516784086,2.4558383754662247,4895589.32
2023-05-22,2.472749274761708,2.4981156237049316,2.5112685453791963,2.4708702859510985,6057545.7
2023-05-23,2.50187360132615,2.4586568586821387,2.5037525901367594,2.457717364276834,5679883.51
2023-05-24,2.4548988810609202,2.4210770824699543,2.457717364276834,2.4201375880646503,10255725.94
2023-05-25,2.417319104848736,2.4098031496062995,2.4201375880646503,2.390073767094903,5672704.54
2023-05-26,2.40792416079569,2.40792416079569,2.418258599254041,2.3834973062577705,4895197.97
2023-05-29,2.4145006216328224,2.3975897223373397,2.4191980936593453,2.387255283878989,4874390.1
2023-05-30,2.396650227932035,2.387255283878989,2.4051056775797766,2.359070451719851,7733126.8
2023-05-31,2.375041856610029,2.3487360132615005,2.376920845420638,2.343099046829673,8220069.16
2023-06-01,2.3440385412349776,2.353433485288023,2.377860339825943,2.3440385412349776,7441608.42
2023-06-02,2.3675259013675927,2.3938317447161213,2.4004082055532536,2.3656469125569832,6348895.22
2023-06-05,2.3881947782842934,2.382557811852466,2.3947712391214258,2.3741023622047246,3673218.99
2023-06-06,2.3816183174471615,2.370344384583506,2.413561127227518,2.3684653957728967,6088877.95
2023-06-07,2.379739328636552,2.369404890178201,2.3910132615002073,2.359070451719851,4196962.13
2023-06-08,2.3656469125569832,2.3928922503108168,2.403226688769167,2.359070451719851,6065364.52
2023-06-09,2.3957107335267303,2.4004082055532536,2.406045171985081,2.3910132615002073,6736897.78
2023-06-12,2.3994687111479487,2.4004082055532536,2.412621632822213,2.382557811852466,6983174.77
2023-06-13,2.396650227932035,2.408863655200995,2.411682138416909,2.387255283878989,3495467.45
2023-06-14,2.4098031496062995,2.40792416079569,2.4295325321176957,2.4069846663903856,6419379.97
2023-06-15,2.4145006216328224,2.4445644426025694,2.4455039370078744,2.413561127227518,4757355.71
2023-06-16,2.446443431413179,2.4661728139245755,2.471809780356403,2.4455039370078744,5528362.86
2023-06-19,2.4633543307086616,2.436108992954828,2.4633543307086616,2.4323510153336096,3904648.65
2023-06-20,2.4323510153336096,2.4248350600911732,2.440806464981351,2.4201375880646503,3313575.74
2023-06-21,2.4191980936593453,2.3994687111479487,2.4276535433070867,2.3975897223373397,5095435.8
2023-06-26,2.3863157894736844,2.3731628677994197,2.387255283878989,2.3665864069622877,8211922.34
2023-06-27,2.3731628677994197,2.387255283878989,2.3938317447161213,2.3647074181516783,6029772.08
2023-06-28,2.3816183174471615,2.3957107335267303,2.396650227932035,2.3741023622047246,7991543.14
2023-06-29,2.391952755905512,2.3816183174471615,2.3975897223373397,2.375981351015334,3358438.5
2023-06-30,2.3806788230418565,2.3881947782842934,2.4022871943638626,2.375981351015334,4238519.91
2023-07-03,2.3938317447161213,2.4238955656858683,2.4276535433070867,2.3910132615002073,5354347.31
2023-07-04,2.4238955656858683,2.4276535433070867,2.428593037712391,2.417319104848736,2348901.1
2023-07-05,2.4238955656858683,2.413561127227518,2.4295325321176957,2.408863655200995,2908180.5
2023-07-06,2.4069846663903856,2.3957107335267303,2.4191980936593453,2.3910132615002073,2755416.0
2023-07-07,2.390073767094903,2.38537629506838,2.3947712391214258,2.3787998342312475,3569697.08
2023-07-10,2.396650227932035,2.3975897223373397,2.4154401160381274,2.390073767094903,3498716.9
2023-07-11,2.40792416079569,2.413561127227518,2.417319104848736,2.4004082055532536,3773714.8
2023-07-12,2.416379610443432,2.412621632822213,2.4257745544964773,2.4069846663903856,3521038.98
2023-07-13,2.4257745544964773,2.451140903439702,2.451140903439702,2.4238955656858683,5388171.71
2023-07-14,2.4558383754662247,2.451140903439702,2.4595963530874427,2.446443431413179,3647545.9
2023-07-17,2.4455039370078744,2.4276535433070867,2.4455039370078744,2.4191980936593453,5906522.03
2023-07-18,2.430472026523001,2.4248350600911732,2.434230004144219,2.416379610443432,2838367.94
2023-07-19,2.4191980936593453,2.4332905097389146,2.434230004144219,2.418258599254041,3540793.01
2023-07-20,2.436108992954828,2.4201375880646503,2.451140903439702,2.417319104848736,4706573.42
2023-07-21,2.422016576875259,2.4295325321176957,2.443624948197265,2.4145006216328224,7338593.93
2023-07-24,2.412621632822213,2.417319104848736,2.4276535433070867,2.40792416079569,3874085.49
2023-07-25,2.451140903439702,2.494357646083713,2.494357646083713,2.451140903439702,15317271.12
2023-07-26,2.48966017405719,2.4915391628677996,2.495297140489018,2.4821442188147538,4870458.21
2023-07-27,2.495297140489018,2.4924786572731046,2.509389556568587,2.4821442188147538,7878832.27
2023-07-28,2.477446746788231,2.5620012432656445,2.5704566929133863,2.477446746788231,11175665.51
2023-07-31,2.579851636966432,2.565759220886863,2.614612929962702,2.558243265644426,9765851.56
2023-08-01,2.5620012432656445,2.558243265644426,2.5836096145876506,2.551666804807294,7118586.65
2023-08-02,2.553545793617903,2.5347559055118114,2.565759220886863,2.527239950269374,8588071.85
2023-08-03,2.532876916701202,2.558243265644426,2.5601222544550355,2.527239950269374,8015843.92
2023-08-04,2.581730625777041,2.5601222544550355,2.596762536261915,2.558243265644426,9632959.66
2023-08-07,2.5469693327807708,2.5497878159966847,2.5526062992125986,2.537574388727725,9506790.46
2023-08-08,2.5413323663489438,2.5450903439701618,2.56106174886034,2.527239950269374,8158147.58
2023-08-09,2.536634894322421,2.5450903439701618,2.553545793617903,2.5347559055118114,9569187.0
2023-08-10,2.540392871943639,2.542271860754248,2.5479088271860757,2.523481972648156,6707250.15
2023-08-11,2.542271860754248,2.4821442188147538,2.5441508495648573,2.4802652300041443,13165392.86
2023-08-14,2.4567778698715292,2.4633543307086616,2.4689912971404895,2.443624948197265,7019116.4
2023-08-15,2.4614753418980526,2.4642938251139666,2.472749274761708,2.4398669705760465,7496053.98
2023-08-16,2.4502014090343973,2.446443431413179,2.46711230832988,2.4455039370078744,6914164.03
2023-08-17,2.4370484873601326,2.4520803978450063,2.4595963530874427,2.426714048901782,8036681.66
2023-08-18,2.4520803978450063,2.4238955656858683,2.462414836303357,2.422956071280564,10098946.21
2023-08-21,2.4210770824699543,2.3928922503108168,2.4276535433070867,2.3928922503108168,7743154.43
2023-08-22,2.4004082055532536,2.411682138416909,2.422956071280564,2.382557811852466,9507972.0
2023-08-23,2.404166183174472,2.3816183174471615,2.413561127227518,2.375981351015334,9881186.34
2023-08-24,2.38537629506838,2.398529216742644,2.416379610443432,2.384436800663075,6658206.05
2023-08-25,2.3910132615002073,2.40792416079569,2.4238955656858683,2.3881947782842934,7899690.3
2023-08-28,2.542271860754248,2.438927476170742,2.5460298383754663,2.426714048901782,18693566.1
2023-08-29,2.4332905097389146,2.448322420223788,2.46711230832988,2.430472026523001,10784132.3
2023-08-30,2.4520803978450063,2.441745959386656,2.4586568586821387,2.4379879817654375,6663610.36
2023-08-31,2.4426854537919604,2.4332905097389146,2.451140903439702,2.4257745544964773,5513696.47
2023-09-01,2.443624948197265,2.4520803978450063,2.465233319519271,2.4426854537919604,8072718.51
2023-09-04,2.4736887691670124,2.497176129299627,2.5009341069208455,2.465233319519271,9662526.0
2023-09-05,2.4887206796518857,2.481204724409449,2.48966017405719,2.476507252382926,4896197.81
2023-09-06,2.471809780356403,2.477446746788231,2.4821442188147538,2.4642938251139666,4522421.91
2023-09-07,2.471809780356403,2.4530198922503113,2.4736887691670124,2.448322420223788,4488509.82
2023-09-08,2.4455039370078744,2.438927476170742,2.451140903439702,2.4323510153336096,5168457.8
2023-09-11,2.438927476170742,2.4548988810609202,2.4699307915457935,2.4370484873601326,4845495.13
2023-09-12,2.4520803978450063,2.451140903439702,2.4567778698715292,2.446443431413179,3086228.16
2023-09-13,2.4502014090343973,2.443624948197265,2.4614753418980526,2.4276535433070867,6615025.71
2023-09-14,2.446443431413179,2.4502014090343973,2.4586568586821387,2.4370484873601326,5656313.32
2023-09-15,2.4567778698715292,2.438927476170742,2.4661728139245755,2.4295325321176957,11259269.66
2023-09-18,2.434230004144219,2.4520803978450063,2.4530198922503113,2.4238955656858683,5115627.14
2023-09-19,2.4502014090343973,2.451140903439702,2.4548988810609202,2.4370484873601326,4086632.68
2023-09-20,2.448322420223788,2.4398669705760465,2.4502014090343973,2.438927476170742,5407675.9
2023-09-21,2.4332905097389146,2.416379610443432,2.441745959386656,2.4154401160381274,6361264.93
2023-09-22,2.4145006216328224,2.4746282635723165,2.4755677579776214,2.4107426440116035,12486140.79
2023-09-25,2.468051802735184,2.451140903439702,2.4689912971404895,2.4473829258184834,6306563.15
2023-09-26,2.449261914629093,2.435169498549524,2.4548988810609202,2.4332905097389146,5389943.12
2023-09-27,2.434230004144219,2.446443431413179,2.457717364276834,2.434230004144219,7877179.48
2023-09-28,2.451140903439702,2.426714048901782,2.4539593866556157,2.4238955656858683,9018754.27
2023-10-09,2.422016576875259,2.4191980936593453,2.4248350600911732,2.396650227932035,7094740.87
2023-10-10,2.428593037712391,2.404166183174472,2.4379879817654375,2.4022871943638626,6393300.69
2023-10-11,2.417319104848736,2.411682138416909,2.4238955656858683,2.4069846663903856,4995535.97
2023-10-12,2.435169498549524,2.434230004144219,2.4455039370078744,2.4238955656858683,6471168.06
2023-10-13,2.417319104848736,2.4107426440116035,2.4191980936593453,2.4051056775797766,6273821.27
2023-10-16,2.412621632822213,2.3891342726895983,2.4145006216328224,2.382557811852466,5455743.14
2023-10-17,2.3938317447161213,2.398529216742644,2.401347699958558,2.384436800663075,5123652.04
2023-10-18,2.3957107335267303,2.3891342726895983,2.401347699958558,2.38537629506838,6448571.71
2023-10-19,2.376920845420638,2.324309158723581,2.376920845420638,2.321490675507667,15488620.72
2023-10-20,2.3149142146705346,2.311156237049316,2.324309158723581,2.302700787401575,9673340.13
2023-10-23,2.3064587650227932,2.293305843348529,2.3130352258599256,2.2745159552424368,11724095.82
2023-10-24,2.298942809780357,2.3008217985909654,2.3073982594280977,2.2801529216742646,8044666.05
2023-10-25,2.3252486531288854,2.3120957314546207,2.335583091587236,2.3083377538334027,11670341.12
2023-10-26,2.3036402818068797,2.3205511811023625,2.323369664318276,2.3017612929962703,5877751.09
2023-10-27,2.3139747202652305,2.343099046829673,2.352493990882719,2.3083377538334027,6742575.0
2023-10-30,2.3346435971819313,2.3412200580190636,2.347796518856196,2.3299461251554083,5615285.8
2023-10-31,2.3365225859925407,2.337462080397845,2.3412200580190636,2.32618814753419,6983906.61
2023-11-01,2.375041856610029,2.3459175300455866,2.376920845420638,2.340280563613759,10050692.41
2023-11-02,2.3515544964774144,2.342159552424368,2.3647074181516783,2.3412200580190636,4396057.66
2023-11-03,2.3459175300455866,2.3609494405304603,2.3675259013675927,2.3440385412349776,4454146.71
2023-11-06,2.375041856610029,2.379739328636552,2.384436800663075,2.3684653957728967,5701928.7
2023-11-07,2.375041856610029,2.369404890178201,2.375981351015334,2.3618889349357644,5112930.12
2023-11-08,2.3628284293410697,2.3618889349357644,2.3741023622047246,2.349675507666805,4980410.25
2023-11-09,2.3553124740986324,2.3618889349357644,2.369404890178201,2.353433485288023,5394367.75
2023-11-10,2.353433485288023,2.3393410692084546,2.3553124740986324,2.3346435971819313,5938621.0
2023-11-13,2.343099046829673,2.3337041027766268,2.3459175300455866,2.321490675507667,4960144.5
2023-11-14,2.337462080397845,2.3318251139660178,2.344978035640282,2.3224301699129715,5508289.33
2023-11-15,2.3487360132615005,2.3515544964774144,2.357191462909242,2.343099046829673,7149495.18
2023-11-16,2.349675507666805,2.3280671363447993,2.349675507666805,2.32618814753419,7976904.71
2023-11-17,2.323369664318276,2.324309158723581,2.3280671363447993,2.304579776212184,28054255.15
2023-11-20,2.3224301699129715,2.3299461251554083,2.3384015748031497,2.309277248238707,7063421.05
2023-11-21,2.3365225859925407,2.3412200580190636,2.357191462909242,2.3346435971819313,8004786.83
2023-11-22,2.3346435971819313,2.321490675507667,2.3393410692084546,2.3205511811023625,6009051.96
2023-11-23,2.3205511811023625,2.3299461251554083,2.3337041027766268,2.311156237049316,5408028.72
2023-11-24,2.3252486531288854,2.3177326978864485,2.3280671363447993,2.3139747202652305,6429471.07
2023-11-27,2.315742505870977,2.297606022931344,2.316697057604641,2.282333195192706,6475223.5
2023-11-28,2.2937878159966845,2.2966514711976793,2.2995151263986737,2.2861514021273655,5105588.64
2023-11-29,2.297606022931344,2.2861514021273655,2.3014242298660035,2.2756513330570516,14102669.45
2023-11-30,2.2842422986600357,2.2918787125293543,2.2966514711976793,2.2813786434590413,5498242.93
2023-12-01,2.29092416079569,2.2766058847907167,2.29092416079569,2.2584694018510842,16372299.77
2023-12-04,2.2794695399917115,2.2594239535847493,2.2794695399917115,2.2584694018510842,6021257.59
2023-12-05,2.2546511949164247,2.2136054703688353,2.25560574665009,2.2116963669015055,9668267.21
2023-12-06,2.2097872634341758,2.2116963669015055,2.2260146429064784,2.201196297831192,7242914.73
2023-12-07,2.207878159966846,2.2021508495648567,2.2116963669015055,2.187832573559884,8458435.86
2023-12-08,2.2031054012985214,2.208832711700511,2.2174236773034948,2.1983326426301977,5784335.81
2023-12-11,2.1954689874292024,2.21837822903716,2.227923746373808,2.173514297554911,13889476.65
2023-12-12,2.2126509186351706,2.230787401574803,2.2336510567757974,2.208832711700511,12710682.58
2023-12-13,2.2241055394391487,2.1868780218262187,2.225060091172814,2.185923470092554,9165594.26
2023-12-14,2.199287194363862,2.1763779527559053,2.206923608233181,2.174468849288576,7997254.72
2023-12-15,2.1868780218262187,2.1773325044895704,2.2097872634341758,2.170650642353916,11945294.41
2023-12-18,2.1668324354192565,2.1792416079568997,2.187832573559884,2.155377814615278,7464831.24
2023-12-19,2.1763779527559053,2.1821052631578945,2.1926053322282084,2.1668324354192565,7834450.41
2023-12-20,2.1868780218262187,2.1696960906202514,2.190696228760878,2.1677869871529216,7118853.13
2023-12-21,2.1601505732836026,2.194514435695538,2.2002417460975274,2.1601505732836026,14034940.03
2023-12-22,2.1926053322282084,2.2021508495648567,2.2155145738361655,2.183059814891559,17711172.99
2023-12-25,2.201196297831192,2.2031054012985214,2.208832711700511,2.1954689874292024,8254432.94
2023-12-26,2.2031054012985214,2.194514435695538,2.2040599530321865,2.1868780218262187,10013609.75
2023-12-27,2.194514435695538,2.1973780908965326,2.2031054012985214,2.18115071142423,11402149.57
2023-12-28,2.1954689874292024,2.247014781047106,2.252742091449095,2.193559883961873,13067198.24
2023-12-29,2.2431965741124467,2.2479693327807704,2.2575148501174196,2.238423815444122,9174642.3
2024-01-02,2.2489238845144355,2.2212418842381543,2.2489238845144355,2.2202873325044896,7873101.41
2024-01-03,2.21837822903716,2.2260146429064784,2.229832849841138,2.2145600221025004,6276761.45
2024-01-04,2.225060091172814,2.208832711700511,2.2260146429064784,2.190696228760878,9061636.41
2024-01-05,2.2031054012985214,2.1983326426301977,2.2260146429064784,2.185923470092554,10194158.82
2024-01-08,2.1954689874292024,2.174468849288576,2.2040599530321865,2.170650642353916,8887650.05
2024-01-09,2.1773325044895704,2.1763779527559053,2.1821052631578945,2.165877883685592,8539229.69
2024-01-10,2.1716051940875807,2.1668324354192565,2.188787125293549,2.163014228484597,8002375.37
2024-01-11,2.165877883685592,2.1716051940875807,2.183059814891559,2.158241469816273,7518733.54
2024-01-12,2.1649233319519268,2.1687415388865863,2.183059814891559,2.1611051250172673,5938060.06
2024-01-15,2.1601505732836026,2.1687415388865863,2.188787125293549,2.1572869180826078,5665875.22
2024-01-16,2.1649233319519268,2.180196159690565,2.18115071142423,2.154423262881614,11365268.2
2024-01-17,2.1716051940875807,2.1324685730073214,2.173514297554911,2.130559469539992,12722518.76
2024-01-18,2.1238776074043377,2.170650642353916,2.174468849288576,2.0961956071280565,48256571.88
2024-01-19,2.156332366348943,2.1782870562232355,2.183059814891559,2.1477414007459594,37844812.59
2024-01-22,2.170650642353916,2.158241469816273,2.187832573559884,2.136286779941981,28731501.76
2024-01-23,2.1525141594142836,2.155377814615278,2.170650642353916,2.1343776764746516,14307000.06
2024-01-24,2.165877883685592,2.190696228760878,2.1954689874292024,2.14201409034397,16299792.56
2024-01-25,2.1916507804945433,2.240332918911452,2.245105677579776,2.1868780218262187,15457902.66
2024-01-26,2.2336510567757974,2.2431965741124467,2.25178753971543,2.2260146429064784,24310874.44
2024-01-29,2.2431965741124467,2.2355601602431276,2.25560574665009,2.232696505042133,11633523.06
2024-01-30,2.2241055394391487,2.201196297831192,2.2317419533084677,2.199287194363862,12781778.69
2024-01-31,2.193559883961873,2.187832573559884,2.2040599530321865,2.172559745821246,19494492.32
2024-02-01,2.1773325044895704,2.1792416079568997,2.2002417460975274,2.1696960906202514,20151254.32
2024-02-02,2.180196159690565,2.1649233319519268,2.194514435695538,2.112422986600359,21091626.82
2024-02-05,2.1506050559469543,2.1849689183588894,2.1983326426301977,2.1324685730073214,16359862.71
2024-02-06,2.1773325044895704,2.244151125846111,2.25178753971543,2.17542340102224,23857265.11
2024-02-07,2.2479693327807704,2.271833126122392,2.272787677856057,2.2317419533084677,29994877.01
2024-02-08,2.280424091725376,2.2766058847907167,2.2861514021273655,2.2584694018510842,32903828.63
2024-02-19,2.2890150573283603,2.2937878159966845,2.2947423677303496,2.2737422295897223,17493530.89
2024-02-20,2.289969609062025,2.29283326426302,2.2966514711976793,2.2785149882580464,9881648.74
2024-02-21,2.2861514021273655,2.332924437076944,2.362515540820555,2.282333195192706,19576886.18
2024-02-22,2.3291062301422847,2.3539245752175715,2.356788230418566,2.327197126674955,8735502.15
2024-02-23,2.3539245752175715,2.354879126951236,2.370151954689874,2.347242713081917,10611448.07
2024-02-26,2.3520154717502417,2.315742505870977,2.3529700234839064,2.3109697472026522,19025107.75
2024-02-27,2.308106092001658,2.327197126674955,2.32815167840862,2.3061969885343276,12488100.42
2024-02-28,2.327197126674955,2.3138334024036467,2.342469954413593,2.3119242989363173,17928479.93
2024-02-29,2.3071515402679927,2.332924437076944,2.3367426440116037,2.3071515402679927,12861035.54
2024-03-01,2.3291062301422847,2.3367426440116037,2.3443790578809227,2.320515264539301,11914238.72
2024-03-04,2.332924437076944,2.3396062992125986,2.3462881613482525,2.327197126674955,12735645.56
2024-03-05,2.3310153336096144,2.3682428512225444,2.3739701616245337,2.32815167840862,24326536.29
2024-03-06,2.36537919602155,2.3558336786849012,2.372061058157204,2.354879126951236,15001291.04
2024-03-07,2.3539245752175715,2.348197264815582,2.3682428512225444,2.3396062992125986,9681970.64
2024-03-08,2.348197264815582,2.348197264815582,2.356788230418566,2.3319698853432795,8131795.91
2024-03-11,2.348197264815582,2.3663337477552147,2.3672882994888798,2.3396062992125986,10377410.34
2024-03-12,2.3663337477552147,2.372061058157204,2.380652023760188,2.3596518856195607,16067259.38
2024-03-13,2.3682428512225444,2.3529700234839064,2.3691974029562095,2.341515402679928,10131919.73
2024-03-14,2.3520154717502417,2.347242713081917,2.3682428512225444,2.3376971957452684,8526480.8
2024-03-15,2.3396062992125986,2.349151816549247,2.3539245752175715,2.3310153336096144,10234260.23
2024-03-18,2.347242713081917,2.3586973338858956,2.362515540820555,2.342469954413593,8959253.79
2024-03-19,2.3539245752175715,2.342469954413593,2.3634700925542202,2.3376971957452684,9932093.0
2024-03-20,2.335788092277939,2.348197264815582,2.354879126951236,2.3310153336096144,8084708.21
2024-03-21,2.3529700234839064,2.348197264815582,2.364424644287885,2.347242713081917,6084784.66
2024-03-22,2.343424506147258,2.327197126674955,2.3453336096145874,2.310015195468987,14666309.17
2024-03-25,2.3224243680066303,2.32624257494129,2.341515402679928,2.317651609338306,7060301.36
2024-03-26,2.32815167840862,2.334833540544274,2.3386517474789335,2.3224243680066303,7279260.49
2024-03-27,2.3300607818759493,2.3224243680066303,2.3443790578809227,2.3214698162729657,8445247.57
2024-03-28,2.320515264539301,2.327197126674955,2.347242713081917,2.310015195468987,11681461.85
2024-03-29,2.3243334714739605,2.3376971957452684,2.341515402679928,2.323378919740296,6343347.02
2024-04-01,2.343424506147258,2.362515540820555,2.372061058157204,2.343424506147258,9645423.21
2024-04-02,2.3634700925542202,2.3586973338858956,2.3682428512225444,2.3510609200165766,6630532.45
2024-04-03,2.3596518856195607,2.3510609200165766,2.3615609890868905,2.3453336096145874,5966107.01
2024-04-08,2.3443790578809227,2.3386517474789335,2.3529700234839064,2.3291062301422847,9452897.59
2024-04-09,2.3376971957452684,2.32624257494129,2.341515402679928,2.3224243680066303,6621908.12
2024-04-10,2.32815167840862,2.320515264539301,2.333878988810609,2.3109697472026522,8470105.91
2024-04-11,2.312878850669982,2.318606161071971,2.32624257494129,2.302378781599668,6501971.54
2024-04-12,2.317651609338306,2.2985605746650086,2.323378919740296,2.2918787125293543,7555349.34
2024-04-15,2.2966514711976793,2.3462881613482525,2.348197264815582,2.2956969194640138,14488229.76
2024-04-16,2.341515402679928,2.3367426440116037,2.3520154717502417,2.3195607128056364,10738000.94
2024-04-17,2.332924437076944,2.360606437353225,2.362515540820555,2.320515264539301,10021600.07
2024-04-18,2.3539245752175715,2.3672882994888798,2.3901975410968364,2.3520154717502417,11747951.46
2024-04-19,2.357742782152231,2.3520154717502417,2.3672882994888798,2.3453336096145874,8419503.47
2024-04-22,2.3529700234839064,2.348197264815582,2.373015609890869,2.3443790578809227,8092445.01
2024-04-23,2.3453336096145874,2.335788092277939,2.350106368282912,2.333878988810609,5461993.01
2024-04-24,2.342469954413593,2.3453336096145874,2.350106368282912,2.3291062301422847,6679205.61
2024-04-25,2.341515402679928,2.3539245752175715,2.3596518856195607,2.333878988810609,5467004.05
2024-04-26,2.3558336786849012,2.3825611272275173,2.3901975410968364,2.3558336786849012,10252533.25
2024-04-29,2.380652023760188,2.3968794032324907,2.4150158861721227,2.3758792650918634,12745863.78
2024-04-30,2.394015748031496,2.386379334162177,2.4045158171018097,2.3844702306948475,6102266.0
2024-05-06,2.4131067827047934,2.4150158861721227,2.4255159552424366,2.4054703688354744,10292529.3
2024-05-07,2.414061334438458,2.4197886448404473,2.4226523000414417,2.409288575770134,5575826.53
2024-05-08,2.4159704379057882,2.4054703688354744,2.416924989639453,2.4035612653681446,5025894.3
2024-05-09,2.4045158171018097,2.4207431965741124,2.4255159552424366,2.4045158171018097,4806422.63
2024-05-10,2.4264705069761012,2.4274250587097663,2.4341069208454202,2.4102431275037985,9575303.38
2024-05-13,2.4197886448404473,2.424561403508772,2.431243265644426,2.4054703688354744,8365878.06
2024-05-14,2.423606851775107,2.4159704379057882,2.4283796104434314,2.4102431275037985,5615915.79
2024-05-15,2.414061334438458,2.39878850669982,2.4197886448404473,2.394015748031496,6855136.69
2024-05-16,2.4026067136344795,2.4083340240364692,2.416924989639453,2.3949702997651605,7740597.85
2024-05-17,2.4083340240364692,2.444606989915734,2.4465160933830643,2.406424920569139,9433886.39
2024-05-20,2.4455615416493988,2.4503343003177234,2.4627434728553665,2.4407887829810746,6527969.01
2024-05-21,2.4455615416493988,2.4455615416493988,2.4493797485840583,2.4350614725790853,4955627.01
2024-05-22,2.4417433347147393,2.4465160933830643,2.452243403785053,2.4379251277800797,5769510.57
2024-05-23,2.438879679513745,2.421697748307777,2.4407887829810746,2.4150158861721227,10148165.89
2024-05-24,2.414061334438458,2.394015748031496,2.423606851775107,2.392106644564166,9265577.8
2024-05-27,2.3978339549661554,2.4159704379057882,2.4178795413731176,2.3978339549661554,8532848.29
2024-05-28,2.4159704379057882,2.409288575770134,2.423606851775107,2.4054703688354744,4946235.0
2024-05-29,2.407379472302804,2.4102431275037985,2.429334162177096,2.406424920569139,5478518.24
2024-05-30,2.407379472302804,2.394015748031496,2.4197886448404473,2.3882884376295066,6922246.9
2024-05-31,2.3978339549661554,2.385424782428512,2.407379472302804,2.3835156789611824,5260071.22
2024-06-03,2.3825611272275173,2.3882884376295066,2.3949702997651605,2.3749247133581983,6104774.61
2024-06-04,2.386379334162177,2.401652161900815,2.4083340240364692,2.3835156789611824,6874873.0
2024-06-05,2.40069761016715,2.391152092830501,2.4045158171018097,2.3901975410968364,6055816.09
2024-06-06,2.3959248514988256,2.392106644564166,2.4131067827047934,2.3844702306948475,7178145.0
2024-06-07,2.3978339549661554,2.3816065754938527,2.401652161900815,2.370151954689874,7205760.02
2024-06-11,2.3749247133581983,2.3529700234839064,2.3768338168255285,2.3443790578809227,9922437.0
2024-06-12,2.349151816549247,2.350106368282912,2.354879126951236,2.341515402679928,6958129.61
2024-06-13,2.3539245752175715,2.340560850946263,2.3539245752175715,2.333878988810609,7129564.19
2024-06-14,2.3367426440116037,2.356788230418566,2.3615609890868905,2.3300607818759493,8970681.61
2024-06-17,2.341515402679928,2.342469954413593,2.349151816549247,2.3386517474789335,9911370.42
2024-06-18,2.341515402679928,2.342469954413593,2.3529700234839064,2.3367426440116037,6218496.0
2024-06-19,2.343424506147258,2.3462881613482525,2.350106368282912,2.3367426440116037,5918250.62
2024-06-20,2.343424506147258,2.3396062992125986,2.3539245752175715,2.3367426440116037,7609007.13
2024-06-21,2.3376971957452684,2.334833540544274,2.343424506147258,2.317651609338306,16365973.0
2024-06-24,2.3195607128056364,2.334833540544274,2.350106368282912,2.316697057604641,12784609.61
2024-06-25,2.334833540544274,2.32624257494129,2.340560850946263,2.3138334024036467,10331747.01
2024-06-26,2.3214698162729657,2.3300607818759493,2.3367426440116037,2.315742505870977,8626789.61
2024-06-27,2.325288023207625,2.323378919740296,2.32815167840862,2.3109697472026522,9311183.46
2024-06-28,2.317651609338306,2.3300607818759493,2.341515402679928,2.315742505870977,7429559.22
2024-07-01,2.3291062301422847,2.3386517474789335,2.343424506147258,2.3214698162729657,6621931.91
2024-07-02,2.335788092277939,2.350106368282912,2.3558336786849012,2.334833540544274,9290693.7
2024-07-03,2.3510609200165766,2.350106368282912,2.3539245752175715,2.341515402679928,3773520.06
2024-07-04,2.3520154717502417,2.342469954413593,2.362515540820555,2.341515402679928,6321291.7
2024-07-05,2.342469954413593,2.323378919740296,2.347242713081917,2.3033333333333332,11938358.71
2024-07-08,2.315742505870977,2.3119242989363173,2.32624257494129,2.3061969885343276,6944250.11
2024-07-09,2.3109697472026522,2.332924437076944,2.341515402679928,2.2956969194640138,10059164.67
2024-07-10,2.3291062301422847,2.3291062301422847,2.3396062992125986,2.327197126674955,5067294.01
2024-07-11,2.341515402679928,2.3539245752175715,2.356788230418566,2.333878988810609,6476890.1
2024-07-12,2.3558336786849012,2.3682428512225444,2.371106506423539,2.354879126951236,10995092.23
2024-07-15,2.36537919602155,2.377788368559193,2.380652023760188,2.362515540820555,11447503.98
2024-07-16,2.3758792650918634,2.386379334162177,2.3901975410968364,2.3682428512225444,12088254.19
2024-07-17,2.3844702306948475,2.3959248514988256,2.4026067136344795,2.3825611272275173,11333481.43
2024-07-18,2.391152092830501,2.407379472302804,2.411197679237463,2.385424782428512,13175565.8
2024-07-19,2.40069761016715,2.423606851775107,2.432197817378091,2.387333885895842,29955499.9
2024-07-22,2.421697748307777,2.40069761016715,2.4226523000414417,2.385424782428512,10696967.54
2024-07-23,2.3949702997651605,2.370151954689874,2.401652161900815,2.3663337477552147,7002163.28
2024-07-24,2.3634700925542202,2.3615609890868905,2.3758792650918634,2.3510609200165766,9856988.06
2024-07-25,2.3529700234839064,2.3386517474789335,2.3586973338858956,2.327197126674955,13277874.31
2024-07-26,2.3396062992125986,2.332924437076944,2.343424506147258,2.318606161071971,13986516.26
2024-07-29,2.3300607818759493,2.3243334714739605,2.334833540544274,2.320515264539301,5652227.17
2024-07-30,2.3195607128056364,2.3119242989363173,2.3214698162729657,2.2985605746650086,15775588.41
2024-07-31,2.3109697472026522,2.3510609200165766,2.354879126951236,2.310015195468987,10156080.36
2024-08-01,2.348197264815582,2.3367426440116037,2.3529700234839064,2.333878988810609,6009496.0
2024-08-02,2.32624257494129,2.3224243680066303,2.335788092277939,2.3147879541373118,9324298.46
2024-08-05,2.3147879541373118,2.3071515402679927,2.3396062992125986,2.3033333333333332,22994509.02
2024-08-06,2.316697057604641,2.2918787125293543,2.3243334714739605,2.271833126122392,13266939.0
2024-08-07,2.2871059538610305,2.289969609062025,2.305242436800663,2.2842422986600357,7888450.64
2024-08-08,2.2890150573283603,2.2966514711976793,2.3109697472026522,2.282333195192706,5420832.13
2024-08-09,2.3071515402679927,2.2937878159966845,2.3147879541373118,2.29283326426302,7108425.0
2024-08-12,2.2937878159966845,2.2947423677303496,2.3014242298660035,2.2890150573283603,3785181.01
2024-08-13,2.2937878159966845,2.2937878159966845,2.297606022931344,2.2813786434590413,4829871.18
2024-08-14,2.2947423677303496,2.2813786434590413,2.2947423677303496,2.280424091725376,5535232.57
2024-08-15,2.277560436524382,2.3119242989363173,2.3214698162729657,2.2737422295897223,11877681.01
2024-08-16,2.3109697472026522,2.323378919740296,2.327197126674955,2.3071515402679927,12210098.3
2024-08-19,2.323378919740296,2.333878988810609,2.3462881613482525,2.323378919740296,4569783.44
2024-08-20,2.3376971957452684,2.327197126674955,2.3376971957452684,2.315742505870977,10826380.05
2024-08-21,2.3214698162729657,2.315742505870977,2.325288023207625,2.302378781599668,8675947.0
2024-08-22,2.317651609338306,2.3195607128056364,2.323378919740296,2.3090606437353225,9491853.42
2024-08-23,2.3195607128056364,2.333878988810609,2.3376971957452684,2.317651609338306,5248148.83
2024-08-26,2.335788092277939,2.3310153336096144,2.341515402679928,2.320515264539301,4942720.36
2024-08-27,2.3300607818759493,2.332924437076944,2.3376971957452684,2.323378919740296,7653493.42
2024-08-28,2.3291062301422847,2.316697057604641,2.3319698853432795,2.3071515402679927,10675309.26
2024-08-29,2.3109697472026522,2.297606022931344,2.3147879541373118,2.2956969194640138,4836324.42
2024-08-30,2.29283326426302,2.318606161071971,2.335788092277939,2.2918787125293543,10847341.78
2024-09-02,2.3061969885343276,2.2813786434590413,2.3090606437353225,2.2785149882580464,7392892.51
2024-09-03,2.280424091725376,2.270878574388728,2.283287746926371,2.2670603674540684,9377083.0
2024-09-04,2.260378505318414,2.25178753971543,2.270878574388728,2.2479693327807704,7137825.0
2024-09-05,2.252742091449095,2.2546511949164247,2.263242160519409,2.2479693327807704,6894338.01
2024-09-06,2.2565602983837545,2.244151125846111,2.270878574388728,2.2422420223787816,8562679.43
2024-09-09,2.2365147119767923,2.2145600221025004,2.239378367177787,2.206923608233181,10023801.0
2024-09-10,2.2136054703688353,2.2155145738361655,2.222196435971819,2.2031054012985214,8205769.57
2024-09-11,2.2107418151678404,2.2021508495648567,2.2126509186351706,2.1954689874292024,9266640.08
2024-09-12,2.2031054012985214,2.1926053322282084,2.2107418151678404,2.190696228760878,6991983.06
2024-09-13,2.1926053322282084,2.187832573559884,2.206923608233181,2.1868780218262187,7015424.99
2024-09-18,2.187832573559884,2.2002417460975274,2.208832711700511,2.185923470092554,9862960.04
2024-09-19,2.2031054012985214,2.2136054703688353,2.2241055394391487,2.18115071142423,10390873.81
2024-09-20,2.2097872634341758,2.2174236773034948,2.2241055394391487,2.194514435695538,18929666.71
2024-09-23,2.2155145738361655,2.2241055394391487,2.2365147119767923,2.2136054703688353,6102423.99
2024-09-24,2.2489238845144355,2.3386517474789335,2.3386517474789335,2.238423815444122,19945356.25
2024-09-25,2.372061058157204,2.3672882994888798,2.409288575770134,2.3615609890868905,16106077.17
2024-09-26,2.364424644287885,2.4990164387346314,2.5009255422019616,2.364424644287885,23766596.69
2024-09-27,2.540062163282221,2.6001989225031084,2.689926785467606,2.489470921397983,15153690.74
2024-09-30,2.673699405995303,2.7767909932311086,2.8102003039093795,2.598289819035778,35718684.55
2024-10-08,3.0545655477275866,2.8426550628539853,3.0545655477275866,2.7767909932311086,37580843.09
2024-10-09,2.778700096698439,2.637426440116038,2.80638209697472,2.6326536814477133,22327071.04
2024-10-10,2.6593811299903303,2.7223815444122113,2.7872910623014224,2.6526992678546755,22507431.29
2024-10-11,2.711881475341898,2.667017543859649,2.7185633374775517,2.629790026246719,19952232.06
2024-10-14,2.6775176129299627,2.6985177510705896,2.7156996822765573,2.6517447161210113,18874594.48
2024-10-15,2.6861085785329464,2.6326536814477133,2.7042450614725793,2.6307445779803835,15630305.38
2024-10-16,2.614517198508081,2.628835474513054,2.6565174747893354,2.6087898881060916,11896818.82
2024-10-17,2.6441083022516922,2.5887443016991294,2.657472026523,2.5877897499654643,15459338.45
2024-10-18,2.591607956900124,2.667972095593314,2.7319270617488605,2.567744163558502,20674267.08
2024-10-21,2.6698811990606437,2.6631993369249893,2.6832449233319515,2.6412446470506974,13690327.9
2024-10-22,2.6622447851913247,2.673699405995303,2.6889722337339412,2.6555629230556708,12676922.89
2024-10-23,2.673699405995303,2.6889722337339412,2.7109269236082327,2.6641538886586544,14522923.88
2024-10-24,2.6765630611962976,2.6622447851913247,2.681335819864622,2.650790164387346,10727305.96
2024-10-25,2.6622447851913247,2.666062992125984,2.688017682000276,2.6517447161210113,9443247.41
2024-10-28,2.665108440392319,2.667972095593314,2.6689266473269786,2.6383809918497025,8204625.17
2024-10-29,2.6708357507943083,2.6526992678546755,2.695654095869595,2.6460174057190216,11055290.01
2024-10-30,2.643153750518027,2.6183354054427403,2.657472026523,2.6068807846387623,10150427.14
2024-10-31,2.6183354054427403,2.616426301975411,2.637426440116038,2.5973352673021135,10689799.36
2024-11-01,2.6106989915734213,2.6364718883823732,2.6565174747893354,2.6106989915734213,13807558.68
2024-11-04,2.6393355435833676,2.658426578256665,2.660335681723995,2.616426301975411,7106926.44
2024-11-05,2.6517447161210113,2.711881475341898,2.712836027075563,2.642199198784362,15474294.77
2024-11-06,2.7109269236082327,2.689926785467606,2.727154303080536,2.672744854261638,13287260.61
2024-11-07,2.6698811990606437,2.792063820969747,2.7949274761707414,2.6689266473269786,19703699.1
2024-11-08,2.8025638900400605,2.7510180964221576,2.815927614311369,2.7376543721508493,18561411.37
2024-11-11,2.7261997513468708,2.7338361652161898,2.7376543721508493,2.6927904406686007,12060510.01
2024-11-12,2.728108854814201,2.6937449924022654,2.762472717226136,2.681335819864622,13409688.01
2024-11-13,2.681335819864622,2.7090178201409034,2.719517889211217,2.6794267163972925,11543369.0
2024-11-14,2.7004268545379198,2.6861085785329464,2.7261997513468708,2.680381268130957,12772061.61
2024-11-15,2.680381268130957,2.6517447161210113,2.6927904406686007,2.650790164387346,13944189.1
2024-11-18,2.6622447851913247,2.6631993369249893,2.7061541649399086,2.649835612653681,11996198.16
2024-11-19,2.6593811299903303,2.6517447161210113,2.666062992125984,2.6183354054427403,9194689.16
2024-11-20,2.6460174057190216,2.657472026523,2.667017543859649,2.6383809918497025,8549799.45
2024-11-21,2.6536538195883406,2.6641538886586544,2.667972095593314,2.6460174057190216,7389827.04
2024-11-22,2.660335681723995,2.5868351982317996,2.665108440392319,2.581107887829811,13130656.0
2024-11-25,2.5887443016991294,2.5648805083575077,2.6030625777041028,2.5505622323525348,13224316.0
2024-11-26,2.5553349910208594,2.5744260256941565,2.590653405166459,2.5543804392871943,8399710.5
2024-11-27,2.5744260256941565,2.6049716811714325,2.6068807846387623,2.5648805083575077,11047126.19
2024-11-28,2.6068807846387623,2.5925625086337893,2.611653543307087,2.578244232628816,9132828.0
2024-11-29,2.593517060367454,2.6078353363724274,2.6412446470506974,2.5925625086337893,11626311.73
2024-12-02,2.60882110788783,2.618562784915044,2.627330294239536,2.5942085923470093,7992802.65
2024-12-03,2.618562784915044,2.632201132753143,2.6399944743749137,2.6058986047796657,8012046.34
2024-12-04,2.6292786296449786,2.6292786296449786,2.641942809780357,2.617588617212322,9249462.02
2024-12-05,2.6205111203204865,2.617588617212322,2.6302527973477003,2.6097952755905514,4138205.2
2024-12-06,2.618562784915044,2.6458394805912424,2.6653228346456697,2.611743610995994,9679321.49
2024-12-09,2.642916977483078,2.648761983699406,2.6692195054565553,2.6370719712667494,6695834.7
2024-12-10,2.7266953999171157,2.6731161762674405,2.737411244647051,2.664348666942948,12984447.88
2024-12-11,2.666297002348391,2.655581157618456,2.6760386793756044,2.6516844868075706,6737849.4
2024-12-12,2.657529493023899,2.6857803564028186,2.6867545241055395,2.6497361514021276,8735536.39
2024-12-13,2.6701936731592766,2.6205111203204865,2.671167840861998,2.6127177786987152,17176953.28
2024-12-16,2.6205111203204865,2.616614449509601,2.624407791131372,2.610769443293273,8353765.07
2024-12-17,2.6127177786987152,2.6302527973477003,2.6516844868075706,2.6127177786987152,10871029.3
2024-12-18,2.6390203066721925,2.648761983699406,2.657529493023899,2.6390203066721925,8432092.74
2024-12-19,2.6302527973477003,2.6390203066721925,2.648761983699406,2.617588617212322,5620155.17
2024-12-20,2.635123635861307,2.6312269650504216,2.6516844868075706,2.6253819588340934,9487538.66
2024-12-23,2.6312269650504216,2.653632822213013,2.6701936731592766,2.6312269650504216,14460433.77
2024-12-24,2.657529493023899,2.681883685591933,2.687728691808261,2.6468136482939637,8582618.91
2024-12-25,2.6887028595109825,2.6925995303218677,2.7062378781599667,2.681883685591933,10273263.36
2024-12-26,2.6916253626191464,2.6857803564028186,2.6935736980245895,2.677012847078326,6313202.36
2024-12-27,2.6828578532946543,2.6828578532946543,2.697470368835475,2.6692195054565553,6117458.94
2024-12-30,2.6828578532946543,2.7013670396463603,2.7062378781599667,2.6828578532946543,7772449.19
2024-12-31,2.700392871943639,2.6672711700511123,2.7072120458626885,2.6653228346456697,15603911.19
2025-01-02,2.6624003315375053,2.598105263157895,2.6672711700511123,2.576673573698025,12402833.27
2025-01-03,2.5942085923470093,2.5727769028871394,2.602976101671502,2.561086890454483,9348973.49
2025-01-06,2.5727769028871394,2.562061058157204,2.577647741400746,2.539655200994613,10737269.62
2025-01-07,2.561086890454483,2.576673573698025,2.579596076806189,2.5523193811299905,6570023.05
2025-01-08,2.5737510705898603,2.582518579914353,2.598105263157895,2.5513452134272696,12182753.06
2025-01-09,2.5805702445089103,2.569854399778975,2.582518579914353,2.55913855504904,7736788.84
2025-01-10,2.5679060643735325,2.547448542616384,2.582518579914353,2.545500207210941,9300706.8
2025-01-13,2.5357585301837275,2.539655200994613,2.5484227103191053,2.519197679237464,7230673.95
2025-01-14,2.5435518718054984,2.5834927476170746,2.593234424644288,2.5367326978864484,11877053.04
2025-01-15,2.577647741400746,2.577647741400746,2.5912860892388454,2.571802735184418,6509676.23
2025-01-16,2.5834927476170746,2.568880232076254,2.6020019339687805,2.5571902196435974,8949629.89
2025-01-17,2.562061058157204,2.568880232076254,2.582518579914353,2.5484227103191053,6186775.85
2025-01-20,2.5815444122116316,2.574725238292582,2.5961569277524523,2.568880232076254,6491373.94
2025-01-21,2.5834927476170746,2.571802735184418,2.585441083022517,2.564009393562647,4747302.45
2025-01-22,2.5708285674816964,2.539655200994613,2.571802735184418,2.529913523967399,11475867.36
2025-01-23,2.555241884238155,2.555241884238155,2.595182760049731,2.5503710457245474,13289416.37
2025-01-24,2.554267716535433,2.569854399778975,2.585441083022517,2.5503710457245474,9747168.77
2025-01-27,2.5737510705898603,2.574725238292582,2.5864152507252385,2.569854399778975,11620837.29
2025-02-05,2.5864152507252385,2.5513452134272696,2.5893377538334024,2.545500207210941,11290191.12
2025-02-06,2.5513452134272696,2.569854399778975,2.576673573698025,2.5445260395082197,8921698.39
2025-02-07,2.5679060643735325,2.5990794308606167,2.6156402818068796,2.55913855504904,13450502.13
2025-02-10,2.5990794308606167,2.60882110788783,2.617588617212322,2.595182760049731,6044639.23
2025-02-11,2.613691946401437,2.6020019339687805,2.6146661141041587,2.595182760049731,7720638.15
2025-02-12,2.601027766266059,2.6283044619422573,2.634149468158586,2.5961569277524523,7175886.63
2025-02-13,2.626356126536815,2.632201132753143,2.653632822213013,2.6224594557259295,9275063.61
2025-02-14,2.6283044619422573,2.648761983699406,2.6526586545102915,2.6234336234286504,9345724.47
2025-02-17,2.6546069899157345,2.6526586545102915,2.661426163834784,2.634149468158586,10702113.11
2025-02-18,2.6497361514021276,2.642916977483078,2.6672711700511123,2.632201132753143,10415170.81
2025-02-19,2.6370719712667494,2.6516844868075706,2.663374499240227,2.6302527973477003,6717840.58
2025-02-20,2.648761983699406,2.6380461389694716,2.648761983699406,2.6292786296449786,5718533.14
2025-02-21,2.6458394805912424,2.6731161762674405,2.677012847078326,2.6370719712667494,9607078.39
2025-02-24,2.6692195054565553,2.6604519961320623,2.6789611824837687,2.647787815996685,10676691.44
2025-02-25,2.647787815996685,2.6331753004558642,2.6516844868075706,2.624407791131372,7562658.52
2025-02-26,2.6370719712667494,2.655581157618456,2.657529493023899,2.6331753004558642,6829190.74
2025-02-27,2.6546069899157345,2.6692195054565553,2.671167840861998,2.6438911451857994,7267978.55
2025-02-28,2.661426163834784,2.635123635861307,2.6789611824837687,2.6292786296449786,9990512.64
2025-03-03,2.634149468158586,2.616614449509601,2.6448653128885207,2.6078469401851088,7660951.21
2025-03-04,2.6058986047796657,2.60882110788783,2.616614449509601,2.5961569277524523,5336224.65
2025-03-05,2.6097952755905514,2.627330294239536,2.632201132753143,2.6058986047796657,7279974.32
2025-03-06,2.6390203066721925,2.6692195054565553,2.6789611824837687,2.6380461389694716,11925746.41
2025-03-07,2.6672711700511123,2.6682453377538335,2.6828578532946543,2.6624003315375053,7012406.1
2025-03-10,2.6682453377538335,2.656555325321177,2.6701936731592766,2.6390203066721925,12763713.43
2025-03-11,2.6399944743749137,2.6682453377538335,2.6692195054565553,2.635123635861307,6161942.98
2025-03-12,2.6682453377538335,2.6594778284293414,2.6750645116728835,2.653632822213013,5463028.32
2025-03-13,2.65850366072662,2.6526586545102915,2.671167840861998,2.641942809780357,5724651.55
2025-03-14,2.657529493023899,2.7305920707280014,2.7364370769443296,2.657529493023899,15514683.13
2025-03-17,2.7393595800524935,2.7257212322143944,2.745204586268822,2.720850393700788,6493562.98
2025-03-18,2.734488741538887,2.727669567619837,2.740333747755215,2.7247470645116736,4533659.59
2025-03-19,2.7247470645116736,2.7364370769443296,2.7461787539715434,2.721824561403509,6219571.27
2025-03-20,2.737411244647051,2.7072120458626885,2.738385412349772,2.700392871943639,7753115.89
2025-03-21,2.700392871943639,2.663374499240227,2.7101345489708524,2.655581157618456,10133600.03
2025-03-24,2.6624003315375053,2.6809095178892113,2.6838320209973756,2.661426163834784,6366811.4
2025-03-25,2.6838320209973756,2.6809095178892113,2.6867545241055395,2.6740903439701618,5959960.25
2025-03-26,2.67993535018649,2.6653228346456697,2.6857803564028186,2.6624003315375053,7912873.39
2025-03-27,2.664348666942948,2.6789611824837687,2.6935736980245895,2.661426163834784,6780263.06
2025-03-28,2.6779870147810474,2.6672711700511123,2.681883685591933,2.6594778284293414,5455545.55
2025-03-31,2.6624003315375053,2.6546069899157345,2.6809095178892113,2.6458394805912424,8421434.8
2025-04-01,2.655581157618456,2.650710319104849,2.664348666942948,2.647787815996685,4572422.81
2025-04-02,2.647787815996685,2.6458394805912424,2.65850366072662,2.640968642077635,3759598.13
2025-04-03,2.626356126536815,2.6497361514021276,2.6604519961320623,2.6234336234286504,6896073.19
2025-04-07,2.5523193811299905,2.5045851636966434,2.5912860892388454,2.4256775797762127,37040800.52
2025-04-08,2.5045851636966434,2.5601127227517617,2.561086890454483,2.497765989777594,35563153.17
2025-04-09,2.5425777041027766,2.579596076806189,2.584466915319796,2.526991020859235,15037226.13
2025-04-10,2.6058986047796657,2.602976101671502,2.6097952755905514,2.579596076806189,8769246.22
2025-04-11,2.5922602569415667,2.6078469401851088,2.610769443293273,2.5834927476170746,11058711.29
2025-04-14,2.6097952755905514,2.6156402818068796,2.6234336234286504,2.6000535985633375,4601982.04
2025-04-15,2.611743610995994,2.621485288023208,2.626356126536815,2.6020019339687805,10207057.03
2025-04-16,2.6205111203204865,2.6448653128885207,2.650710319104849,2.603950269374223,23126580.38
2025-04-17,2.632201132753143,2.647787815996685,2.6750645116728835,2.6292786296449786,11663309.05
2025-04-18,2.6399944743749137,2.6497361514021276,2.656555325321177,2.635123635861307,13018067.02
2025-04-21,2.6448653128885207,2.640968642077635,2.661426163834784,2.640968642077635,6303513.48
2025-04-22,2.6399944743749137,2.6458394805912424,2.656555325321177,2.6390203066721925,6106662.15
2025-04-23,2.6526586545102915,2.6380461389694716,2.655581157618456,2.634149468158586,4951599.8
2025-04-24,2.6380461389694716,2.6448653128885207,2.655581157618456,2.6370719712667494,5941611.05
2025-04-25,2.6468136482939637,2.6399944743749137,2.653632822213013,2.632201132753143,6653659.46
2025-04-28,2.635123635861307,2.640968642077635,2.647787815996685,2.624407791131372,5199592.72
2025-04-29,2.6399944743749137,2.6360978035640286,2.6448653128885207,2.6302527973477003,3846836.81
2025-04-30,2.6360978035640286,2.6234336234286504,2.642916977483078,2.6224594557259295,5568277.7
2025-05-06,2.6390203066721925,2.6370719712667494,2.6399944743749137,2.624407791131372,5058295.35
2025-05-07,2.6682453377538335,2.6604519961320623,2.6740903439701618,2.6448653128885207,12209316.62
2025-05-08,2.653632822213013,2.671167840861998,2.6857803564028186,2.650710319104849,7976005.57
2025-05-09,2.6672711700511123,2.6731161762674405,2.6789611824837687,2.666297002348391,5120432.46
2025-05-12,2.6789611824837687,2.6916253626191464,2.7023412073490816,2.6731161762674405,7264181.44
2025-05-13,2.7023412073490816,2.697470368835475,2.7023412073490816,2.690651194916425,5758009.24
2025-05-14,2.6994187042409172,2.744230418566101,2.7588429341069207,2.697470368835475,12546489.13
2025-05-15,2.740333747755215,2.7305920707280014,2.748127089376986,2.7257212322143944,8112795.32
2025-05-16,2.7257212322143944,2.7062378781599667,2.731566238430722,2.695522033430032,6900619.2
2025-05-19,2.698444536538196,2.697470368835475,2.7062378781599667,2.690651194916425,4655272.14
2025-05-20,2.698444536538196,2.70818621356541,2.720850393700788,2.697470368835475,3666608.06
2025-05-21,2.70818621356541,2.720850393700788,2.731566238430722,2.70818621356541,4281720.19
2025-05-22,2.7159795551871806,2.7237728968089514,2.72961790302528,2.7091603812681315,2470537.66
2025-05-23,2.721824561403509,2.703315375051803,2.734488741538887,2.7013670396463603,5058542.95
2025-05-26,2.698444536538196,2.6925995303218677,2.713057052079017,2.684806188700097,4736761.85
2025-05-27,2.6916253626191464,2.6789611824837687,2.6994187042409172,2.6760386793756044,4171257.46
2025-05-28,2.6789611824837687,2.6760386793756044,2.6828578532946543,2.6721420085647187,3341957.0
2025-05-29,2.677012847078326,2.6828578532946543,2.697470368835475,2.6701936731592766,8820874.71
2025-05-30,2.681883685591933,2.6779870147810474,2.6867545241055395,2.6594778284293414,8849951.16
2025-06-03,2.6692195054565553,2.677012847078326,2.689677027213704,2.663374499240227,5012602.54
2025-06-04,2.67993535018649,2.6838320209973756,2.6925995303218677,2.677012847078326,3180233.06
2025-06-05,2.6887028595109825,2.6828578532946543,2.689677027213704,2.6740903439701618,4164795.0
2025-06-06,2.6867545241055395,2.684806188700097,2.6964962011327533,2.67993535018649,5067366.59
2025-06-09,2.6867545241055395,2.684806188700097,2.695522033430032,2.6760386793756044,7097881.98
2025-06-10,2.6867545241055395,2.671167840861998,2.695522033430032,2.664348666942948,9179435.37
2025-06-11,2.671167840861998,2.690651194916425,2.704289542754524,2.6701936731592766,5850727.91
2025-06-12,2.6867545241055395,2.6887028595109825,2.6945478657273108,2.6701936731592766,3926502.73
2025-06-13,2.6838320209973756,2.6750645116728835,2.6887028595109825,2.6653228346456697,6512013.33
2025-06-16,2.666297002348391,2.681883685591933,2.6857803564028186,2.664348666942948,5788283.72
2025-06-17,2.6809095178892113,2.681883685591933,2.684806188700097,2.6692195054565553,5712680.34
2025-06-18,2.6809095178892113,2.6789611824837687,2.6887028595109825,2.6682453377538335,4276770.32
2025-06-19,2.6750645116728835,2.6624003315375053,2.677012847078326,2.656555325321177,8062186.99
2025-06-20,2.664348666942948,2.6779870147810474,2.6838320209973756,2.663374499240227,7882260.11
2025-06-23,2.6721420085647187,2.690651194916425,2.6994187042409172,2.6624003315375053,7550156.13
2025-06-24,2.690651194916425,2.719876225998066,2.737411244647051,2.689677027213704,9588477.0
2025-06-25,2.721824561403509,2.7588429341069207,2.7607912695123638,2.7159795551871806,9741269.91
2025-06-26,2.7568945987014786,2.752997927890593,2.7607912695123638,2.7491012570797073,5915427.18
2025-06-27,2.755920430998757,2.7227987291062306,2.7656621080259707,2.719876225998066,7351361.18
2025-06-30,2.7227987291062306,2.734488741538887,2.7364370769443296,2.7150053874844593,7893734.49
2025-07-01,2.7335145738361653,2.737411244647051,2.742282083160658,2.727669567619837,4388174.01
2025-07-02,2.738385412349772,2.7432562508633787,2.750075424782429,2.731566238430722,4130994.49
2025-07-03,2.745204586268822,2.7471529216742643,2.750075424782429,2.735462909241608,2259457.11
2025-07-04,2.745204586268822,2.7627396049178063,2.7841712943776766,2.7364370769443296,5631235.47
2025-07-07,2.7578687664042,2.7549462632960355,2.7598171018096425,2.7471529216742643,2882049.82
2025-07-08,2.7539720955933142,2.7715071142422993,2.7763779527559063,2.7539720955933142,4582410.93
2025-07-09,2.7734554496477415,2.768584611134135,2.783197126674956,2.763713772620528,4053707.06
2025-07-10,2.7656621080259707,2.7841712943776766,2.8046288161348256,2.76468794032325,5590829.3
2025-07-11,2.7861196297831197,2.7968354745130544,2.8426213565409593,2.7841712943776766,12511231.83
2025-07-14,2.795861306810333,2.794887139107612,2.8094996546484325,2.792938803702169,5217903.01
2025-07-15,2.794887139107612,2.7812487912695127,2.8017063130266613,2.7656621080259707,6323674.42
2025-07-16,2.7812487912695127,2.7763779527559063,2.791964635999448,2.7656621080259707,4466359.33
2025-07-17,2.7754037850531845,2.785145462080398,2.7861196297831197,2.7715071142422993,3816977.79
2025-07-18,2.790016300594005,2.8094996546484325,2.814370493162039,2.7880679651885627,6767310.19
2025-07-21,2.812422157756596,2.8153446608647608,2.821189667081089,2.8056029838375465,5735454.05
2025-07-22,2.817292996270203,2.8387246857300736,2.8406730211355162,2.8046288161348256,6589763.45
2025-07-23,2.839698853432795,2.845543859649123,2.8698980522171573,2.8387246857300736,7262293.54
2025-07-24,2.845543859649123,2.8572338720817796,2.866001381406272,2.837750518027352,5381465.03
2025-07-25,2.8572338720817796,2.8406730211355162,2.8572338720817796,2.8319055118110237,5725561.24
2025-07-28,2.841647188838237,2.8533372012708935,2.8572338720817796,2.8328796795137454,6102849.95
2025-07-29,2.8494405304600083,2.858208039784501,2.862104710595386,2.8406730211355162,5208200.3
2025-07-30,2.8543113689736157,2.866975549108993,2.891329741677027,2.847492195054566,8261651.02
2025-07-31,2.858208039784501,2.8241121701892524,2.858208039784501,2.8133963254593177,9464199.85
2025-08-01,2.818267163972924,2.8017063130266613,2.827034673297417,2.794887139107612,8235139.88
2025-08-04,2.79391297140489,2.8153446608647608,2.816318828567482,2.792938803702169,4798951.6
2025-08-05,2.8153446608647608,2.8367763503246306,2.8406730211355162,2.8133963254593177,7243018.36
2025-08-06,2.834828014919188,2.8426213565409593,2.847492195054566,2.8319055118110237,3287828.77
2025-08-07,2.844569691946402,2.845543859649123,2.8552855366763366,2.8328796795137454,4043734.95
2025-08-08,2.8406730211355162,2.834828014919188,2.847492195054566,2.8299571764055806,2938308.72
2025-08-11,2.8367763503246306,2.8367763503246306,2.848466362757287,2.8299571764055806,6412171.8
2025-08-12,2.837750518027352,2.8562597043790583,2.864053046000829,2.837750518027352,6136003.95
2025-08-13,2.8562597043790583,2.864053046000829,2.8776913938389286,2.8543113689736157,7414553.74
2025-08-14,2.866975549108993,2.8776913938389286,2.9049680895151266,2.866001381406272,9297513.69
2025-08-15,2.8718463876226,2.888407238568863,2.90009725100152,2.862104710595386,13530609.46
2025-08-18,2.89327807708247,2.894252244785192,2.91470976654234,2.8796397292443707,10996323.67
2025-08-19,2.892303909379749,2.8611305428926648,2.9078905926232905,2.8591822074872226,8026990.02
2025-08-20,2.858208039784501,2.898148915596077,2.8991230832987984,2.845543859649123,10037506.9
2025-08-21,2.9020455864069628,2.912761431136898,2.92152894046139,2.8991230832987984,8740236.48
2025-08-22,2.91470976654234,2.9867981765437217,2.987772344246443,2.91470976654234,12658648.67
2025-08-25,2.9994623566790994,3.0432999033015613,3.0471965741124465,2.994591518165493,11883797.07
2025-08-26,3.040377400193397,3.02089404613897,3.040377400193397,3.0140748722199198,7274855.94
2025-08-27,3.0228423815444128,2.9721856610029014,3.03550656167979,2.968288990192016,9928063.02
2025-08-28,2.967314822489294,3.015049039922642,3.016997375328084,2.9565989777593598,11513666.2
2025-08-29,3.0053073628954277,3.031609890868905,3.0413515678961183,3.0014106920845425,12427408.93
2025-09-01,3.034532393977069,3.0325840585716266,3.0413515678961183,3.016023207625363,9471058.73
2025-09-02,3.034532393977069,3.0471965741124465,3.0598607542478247,3.0199198784362484,7797980.3
2025-09-03,3.0471965741124465,3.0072556983008707,3.0559640834369395,2.984849841138279,11190357.71
2025-09-04,3.0033590274899855,2.9556248100566376,3.0062815305981494,2.9254256112722756,14957114.21
2025-09-05,2.9546506423539163,2.99264318276005,3.000436524381821,2.9488056361375885,6499236.24
2025-09-08,2.990694847354607,2.987772344246443,3.0033590274899855,2.9721856610029014,5352384.52
2025-09-09,2.9809531703273935,2.9799790026246726,3.000436524381821,2.965366487083852,8518875.05
2025-09-10,2.9770564995165083,2.99264318276005,3.008229866003592,2.9751081641110653,4603634.32
2025-09-11,2.9809531703273935,3.0413515678961183,3.0432999033015613,2.967314822489294,13086003.25
2025-09-12,3.0432999033015613,3.0238165492471336,3.0549899157342177,3.016997375328084,6949718.52
2025-09-15,3.0286873877607405,3.016997375328084,3.037454897085233,3.009204033706313,5423223.95
2025-09-16,3.0199198784362484,3.0023848597872633,3.0277132200580197,2.9955656858682143,6450471.99
2025-09-17,2.998488188976378,3.008229866003592,3.0140748722199198,2.987772344246443,5797480.39
2025-09-18,3.012126536814477,2.969263157894737,3.0277132200580197,2.941986462218539,13048575.21
2025-09-19,2.9614698162729662,2.966340654786573,2.985824008841,2.9595214808675236,6556659.65
2025-09-22,2.965366487083852,2.9751081641110653,2.981927338030115,2.9536764746511954,6331044.75
2025-09-23,2.9731598287056227,2.9751081641110653,2.990694847354607,2.944908965326703,11085926.0
2025-09-24,2.965366487083852,2.99264318276005,2.9975140212736564,2.963418151678409,8089784.0
2025-09-25,2.994591518165493,3.0072556983008707,3.016997375328084,2.99264318276005,5579762.25
2025-09-26,2.9975140212736564,2.9975140212736564,3.016023207625363,2.99264318276005,4655693.0
2025-09-29,2.99264318276005,3.0286873877607405,3.0569382511396603,2.9751081641110653,12640894.96
2025-09-30,3.036480729382512,3.045248238707004,3.0471965741124465,3.031609890868905,5536346.86
2025-10-09,3.0559640834369395,3.079344108302252,3.087137449924023,3.040377400193397,6753907.55
2025-10-10,3.06375742505871,3.031609890868905,3.0676540958695955,3.021868213841691,9312346.21
2025-10-13,2.9721856610029014,3.02089404613897,3.0277132200580197,2.9721856610029014,5377148.0
2025-10-14,3.034532393977069,3.0199198784362484,3.0510932449233326,3.0062815305981494,11351223.66
2025-10-15,3.021868213841691,3.0569382511396603,3.061809089653267,3.0140748722199198,8039211.65
2025-10-16,3.0530415803287747,3.0773957728968093,3.086163282221302,3.0491449095178895,8492968.86
2025-10-17,3.0764216051940876,3.029661555463462,3.0812924437076945,3.0179715430308054,10476012.11
2025-10-20,3.040377400193397,3.0306357231661836,3.0530415803287747,3.0228423815444128,9068140.37
2025-10-21,3.037454897085233,3.062783257355989,3.0705765989777594,3.0335582262743475,8524248.0
2025-10-22,3.046222406409725,3.066679928166874,3.071550766680481,3.0413515678961183,7930701.1
2025-10-23,3.06375742505871,3.0851891145185797,3.090059953032187,3.040377400193397,5765692.81
2025-10-24,3.092982456140351,3.1095433070866147,3.116362481005664,3.0890857853294658,6810618.47
2025-10-27,3.1251299903301564,3.1329233319519276,3.1416908412764193,3.1173366487083856,9466972.2
2025-10-28,3.129026661141042,3.1134399778975,3.1397425058709767,3.1075949716811717,7843014.9
2025-10-29,3.115388313302943,3.1270783257355994,3.129026661141042,3.111491642492057,6303458.6
2025-10-30,3.1222074872219925,3.110517474789336,3.1397425058709767,3.1056466362757296,9869085.81
2025-10-31,3.111491642492057,3.0783699405995306,3.1144141456002212,3.0744732697886454,10606639.18
2025-11-03,3.071550766680481,3.079344108302252,3.082266611410416,3.0510932449233326,10062006.74
2025-11-04,3.0783699405995306,3.0744732697886454,3.0910341207349084,3.0598607542478247,9918415.76
2025-11-05,3.0520674126260534,3.0686282635723163,3.082266611410416,3.044274071004283,5728688.19
2025-11-06,3.0764216051940876,3.1075949716811717,3.1124658101947786,3.0725249343832024,6410614.13
2025-11-07,3.100775797762122,3.1036983008702865,3.1134399778975,3.0988274623566796,4454562.56
2025-11-10,3.1066208039784504,3.1183108164111064,3.1202591518165494,3.09200828843763,4411218.42
2025-11-11,3.1222074872219925,3.0978532946539583,3.1251299903301564,3.087137449924023,5112493.02
2025-11-12,3.0959049592485153,3.1144141456002212,3.1231816549247133,3.0959049592485153,5535944.48
2025-11-13,3.108569139383893,3.137794170465534,3.1416908412764193,3.1075949716811717,5012236.94
2025-11-14,3.1270783257355994,3.100775797762122,3.1397425058709767,3.0998016300594005,4273871.53
2025-11-17,3.0998016300594005,3.0773957728968093,3.100775797762122,3.064731592761431,7648815.78
2025-11-18,3.0705765989777594,3.0686282635723163,3.086163282221302,3.0579124188423816,6626141.19
2025-11-19,3.064731592761431,3.0832407791131375,3.0959049592485153,3.064731592761431,7117605.32
2025-11-20,3.094930791545794,3.0744732697886454,3.1036983008702865,3.0686282635723163,3863729.77
2025-11-21,3.0559640834369395,3.02089404613897,3.0910341207349084,3.015049039922642,7926386.72
2025-11-24,3.0247907169498554,3.0140748722199198,3.029661555463462,3.0062815305981494,6183482.0
2025-11-25,3.0238165492471336,3.029661555463462,3.037454897085233,3.016023207625363,5700565.3
2025-11-26,3.0325840585716266,3.0335582262743475,3.166045033844454,3.0306357231661836,4655891.8
2025-11-27,3.037454897085233,3.031609890868905,3.0530415803287747,3.0286873877607405,6512393.53
2025-11-28,3.0306357231661836,3.0325840585716266,3.037454897085233,3.016997375328084,5891902.0
2025-12-01,3.036480729382512,3.0559640834369395,3.0569382511396603,3.0335582262743475,7558124.3
2025-12-02,3.0559640834369395,3.0413515678961183,3.0569382511396603,3.034532393977069,4791261.44
2025-12-03,3.039403232490676,3.0277132200580197,3.0471965741124465,3.0199198784362484,4778344.75
2025-12-04,3.031609890868905,3.03550656167979,3.044274071004283,3.021868213841691,4306398.79
2025-12-05,3.03550656167979,3.06375742505871,3.0764216051940876,3.0325840585716266,6637136.99
2025-12-08,3.0705765989777594,3.082266611410416,3.0959049592485153,3.069602431275038,7894104.36
2025-12-09,3.0783699405995306,3.060834921950546,3.0803182760049728,3.0540157480314964,5570293.93
2025-12-10,3.0569382511396603,3.0510932449233326,3.060834921950546,3.0325840585716266,5522260.66
2025-12-11,3.0559640834369395,3.039403232490676,3.060834921950546,3.0286873877607405,4920668.77
2025-12-12,3.044274071004283,3.0530415803287747,3.0579124188423816,3.029661555463462,6310280.0
2025-12-15,3.045248238707004,3.0520674126260534,3.0812924437076945,3.0413515678961183,5200072.72
2025-12-16,3.0501190772206104,3.0228423815444128,3.0510932449233326,3.009204033706313,7878038.0
2025-12-17,3.0250000000000004,3.058,3.074,3.014,8863130.93
2025-12-18,3.053,3.064,3.069,3.046,3775787.53
2025-12-19,3.065,3.078,3.09,3.058,8660722.4
2025-12-22,3.0830000000000006,3.092,3.1,3.082,5439508.13
2025-12-23,3.096,3.0979999999999994,3.113,3.089,7227072.19
2025-12-24,3.097,3.099,3.105,3.084,6620371.06
2025-12-25,3.096,3.107,3.113,3.09,4466238.13
2025-12-26,3.108,3.12,3.1339999999999995,3.1059999999999994,7161972.58
2025-12-29,3.12,3.109,3.1299999999999994,3.101,4870164.93
2025-12-30,3.1,3.108,3.123,3.0939999999999994,5242575.65
2025-12-31,3.1099999999999994,3.105,3.124,3.097,9114746.75
2026-01-05,3.116,3.1740000000000004,3.1820000000000004,3.116,7992178.65
2026-01-06,3.1799999999999997,3.235,3.2360000000000007,3.177,6444102.02
2026-01-07,3.2360000000000007,3.2200000000000006,3.238,3.206,6129681.72
2026-01-08,3.2120000000000006,3.1980000000000004,3.218,3.1820000000000004,5125429.24
2026-01-09,3.197,3.209,3.223,3.1879999999999997,6013760.95
2026-01-12,3.215,3.218,3.225,3.1999999999999997,5443025.09
2026-01-13,3.223,3.214,3.256,3.1999999999999997,9151139.92
2026-01-14,3.2160000000000006,3.187,3.249,3.179,11870163.9
2026-01-15,3.1799999999999997,3.1799999999999997,3.205,3.1700000000000004,36385076.92
2026-01-16,3.193,3.1599999999999997,3.207,3.1419999999999995,34763667.33
2026-01-19,3.153,3.153,3.1740000000000004,3.1419999999999995,22693188.06
2026-01-20,3.1519999999999997,3.1500000000000004,3.167,3.135,24576445.89
2026-01-21,3.147,3.145,3.175,3.136,53658762.28
2026-01-22,3.153,3.131,3.1660000000000004,3.124,28467854.48
2026-01-23,3.135,3.1059999999999994,3.141,3.0939999999999994,39699812.24
2026-01-26,3.115,3.129,3.1660000000000004,3.111,53619426.68
2026-01-27,3.1299999999999994,3.131,3.1580000000000004,3.123,28902465.01
2026-01-28,3.141,3.1379999999999995,3.1519999999999997,3.123,68470664.75
2026-01-29,3.145,3.1959999999999997,3.203,3.128,36935944.92
2026-01-30,3.175,3.147,3.1860000000000004,3.116,11439161.51
2026-02-02,3.1299999999999994,3.08,3.1540000000000004,3.0710000000000006,16930653.18
2026-02-03,3.0979999999999994,3.108,3.111,3.0630000000000006,9719698.38
2026-02-04,3.107,3.147,3.1479999999999997,3.103,7163199.35
2026-02-05,3.129,3.137,3.145,3.1059999999999994,7105427.01
2026-02-06,3.1099999999999994,3.115,3.135,3.092,7068557.56
2026-02-09,3.14,3.161,3.1620000000000004,3.135,6225056.37
2026-02-10,3.165,3.1700000000000004,3.171,3.159,4426209.52
2026-02-11,3.165,3.1700000000000004,3.1740000000000004,3.1559999999999997,3693564.56
2026-02-12,3.171,3.161,3.1759999999999997,3.1580000000000004,2559036.36
2026-02-13,3.149,3.1139999999999994,3.1500000000000004,3.111,9338775.56
2026-02-24,3.1500000000000004,3.119,3.1540000000000004,3.1179999999999994,4165785.66
2026-02-25,3.121,3.1339999999999995,3.1620000000000004,3.121,8470642.66
2026-02-26,3.136,3.115,3.14,3.101,4776385.93
2026-02-27,3.108,3.123,3.128,3.104,5581605.75
2026-03-02,3.113,3.125,3.131,3.086,10925052.06
2026-03-03,3.1219999999999994,3.096,3.137,3.089,8676073.96
2026-03-04,3.07,3.0510000000000006,3.077,3.03,6620919.28
2026-03-05,3.066,3.066,3.078,3.054,5806391.19
2026-03-06,3.0550000000000006,3.068,3.0790000000000006,3.0470000000000006,6014139.89
2026-03-09,3.04,3.041,3.05,3.0050000000000003,8632088.65
2026-03-10,3.0470000000000006,3.06,3.064,3.0470000000000006,4393112.96
2026-03-11,3.06,3.062,3.066,3.048,3983936.1
2026-03-12,3.058,3.0470000000000006,3.061,3.03,5331609.06
2026-03-13,3.038,3.0350000000000006,3.0550000000000006,3.0269999999999997,4469639.0
2026-03-16,3.03,3.028,3.032,3.0029999999999997,6431453.95
2026-03-17,3.03,3.0390000000000006,3.072,3.028,7016996.31
2026-03-18,3.045,3.0350000000000006,3.05,3.0149999999999997,5913833.37
2026-03-19,3.01,2.9930000000000003,3.018,2.9829999999999997,7664708.49
2026-03-20,2.99,2.9569999999999994,3.0010000000000003,2.955,9070530.0
2026-03-23,2.924,2.868,2.931,2.851,13985704.97
2026-03-24,2.88,2.9,2.9020000000000006,2.8620000000000005,9756823.04
2026-03-25,2.911,2.93,2.935,2.91,11941219.67
2026-03-26,2.927,2.897,2.935,2.8900000000000006,4154586.12
2026-03-27,2.877,2.909,2.919,2.876,6506351.73
2026-03-30,2.8860000000000006,2.905,2.908,2.875,5452618.4
2026-03-31,2.912,2.9020000000000006,2.939,2.9,6016877.23
2026-04-01,2.93,2.951,2.9569999999999994,2.9289999999999994,4575114.94
2026-04-02,2.9449999999999994,2.926,2.947,2.911,4193380.35
2026-04-03,2.93,2.901,2.932,2.8980000000000006,2830256.91
2026-04-07,2.901,2.9,2.915,2.895,4016673.33
2026-04-08,2.94,2.978,2.982,2.938,8465137.32
2026-04-09,2.964,2.958,2.964,2.95,3756176.71
2026-04-10,2.967,2.972,2.9890000000000003,2.966,4850041.57
2026-04-13,2.966,2.972,2.9749999999999996,2.956,2694992.93
2026-04-14,2.988,2.9970000000000003,2.9989999999999997,2.972,4224665.02
2026-04-15,3.008,3.008,3.0269999999999997,3.0050000000000003,3957363.69
2026-04-16,3.01,3.014,3.024,3.004,5217587.3
2026-04-17,2.9989999999999997,2.982,3.004,2.98,8270499.22
2026-04-20,2.982,3.0069999999999997,3.0109999999999997,2.9810000000000003,6487534.28
2026-04-21,3.006,3.006,3.01,2.992,6901858.84
2026-04-22,2.998,3.0050000000000003,3.01,2.996,9780069.09
2026-04-23,3.006,3.0010000000000003,3.014,2.984,13105052.81
2026-04-24,2.9949999999999997,3.018,3.024,2.986,9899961.16
2026-04-27,3.0149999999999997,3.0130000000000003,3.0310000000000006,3.0069999999999997,10157245.12
2026-04-28,3.008,3.024,3.037,3.006,12383674.02
2026-04-29,3.0189999999999997,3.041,3.046,3.014,12870056.15
2026-04-30,3.042,3.062,3.065,3.037,17512074.62
2026-05-06,3.0790000000000006,3.1,3.116,3.077,18737283.53
2026-05-07,3.107,3.103,3.115,3.0939999999999994,16135512.83
2026-05-08,3.092,3.0750000000000006,3.093,3.061,18079093.13
2026-05-11,3.09,3.116,3.123,3.081,17761778.94
2026-05-12,3.116,3.119,3.131,3.108,11788728.9
2026-05-13,3.107,3.123,3.127,3.093,13770469.33
2026-05-14,3.131,3.074,3.133,3.072,10422840.56
2026-05-15,3.065,3.0350000000000006,3.076,3.018,11090661.92
2026-05-18,3.02,3.008,3.03,2.992,8709845.63
2026-05-19,3.0050000000000003,3.026,3.028,2.99,16453482.27
2026-05-20,3.012,3.029,3.037,3.01,12820187.8
2026-05-21,3.0430000000000006,2.994,3.072,2.992,9552675.14
2026-05-22,3.0050000000000003,2.9949999999999997,3.01,2.982,12521537.48
2026-05-25,3.0029999999999997,3.0390000000000006,3.041,3.0,13538491.76
2026-05-26,3.033,3.046,3.049,3.0189999999999997,8749755.33
2026-05-27,3.042,3.008,3.0510000000000006,2.9930000000000003,9816737.2
2026-05-28,3.0,2.9850000000000003,3.0029999999999997,2.966,4935067.64
2026-05-29,2.988,2.9970000000000003,3.0130000000000003,2.984,6306753.07
2026-06-01,2.9989999999999997,2.968,2.9989999999999997,2.9609999999999994,7982425.29
2026-06-02,2.97,2.9930000000000003,3.008,2.966,7719412.3
2026-06-03,2.992,2.996,3.014,2.9810000000000003,9154496.33
2026-06-04,2.98,2.964,2.9930000000000003,2.9569999999999994,6368815.69
2026-06-05,2.958,2.94,2.9850000000000003,2.934,6817209.04
2026-06-08,2.909,2.901,2.923,2.881,7951718.68
2026-06-09,2.904,2.9169999999999994,2.918,2.888,8253140.52
2026-06-10,2.904,2.931,2.9409999999999994,2.904,3569803.19
2026-06-11,2.927,2.928,2.935,2.91,4614146.98
2026-06-12,2.9449999999999994,2.982,2.9930000000000003,2.936,13228899.29
2026-06-15,3.002,3.024,3.0350000000000006,2.9989999999999997,15562193.4
2026-06-16,3.022,2.9930000000000003,3.022,2.984,6528254.96
2026-06-17,2.988,3.0149999999999997,3.016,2.9829999999999997,11308651.63
2026-06-18,3.0050000000000003,3.0170000000000003,3.036,3.0029999999999997,8261911.01
2026-06-22,3.014,3.097,3.0979999999999994,2.998,14175083.53
2026-06-23,3.089,3.0050000000000003,3.103,2.992,10473135.63
2026-06-24,2.998,3.024,3.0269999999999997,2.998,12936196.68
2026-06-25,3.0229999999999997,3.0590000000000006,3.073,3.018,6576047.65
2026-06-26,3.041,3.0,3.0550000000000006,2.9770000000000003,7121559.15
2026-06-29,2.9949999999999997,3.0830000000000006,3.0830000000000006,2.9930000000000003,6504277.82
2026-06-30,3.07,3.0830000000000006,3.087,3.054,4254837.85
2026-07-01,3.074,3.074,3.109,3.056,5737065.7
2026-07-02,3.038,3.0029999999999997,3.053,2.994,6241756.25
2026-07-03,3.0029999999999997,3.0229999999999997,3.048,3.0029999999999997,5363395.3
2026-07-06,3.037,3.046,3.057,3.012,4848336.35
2026-07-07,3.0250000000000004,3.012,3.044,3.0,4564755.39
2026-07-08,3.0170000000000003,3.0090000000000003,3.0470000000000006,3.006,4786479.07
2026-07-09,3.014,3.089,3.0939999999999994,3.012,6779282.23
2026-07-10,3.088,3.057,3.125,3.053,5718795.97
2026-07-13,3.042,3.0109999999999997,3.0510000000000006,3.0,7193569.51
2026-07-14,3.008,3.058,3.058,2.97,9663966.45
2026-07-15,3.044,3.064,3.086,3.044,9273028.08
2026-07-16,3.03,3.004,3.0510000000000006,2.99,12335550.73
2026-07-17,2.9850000000000003,2.931,2.996,2.916,14525749.91
