date,open,close,high,low,volume
2013-01-04,0.19888623707239458,0.19623442057809598,0.19888623707239458,0.19341686555290374,233.77
2013-01-07,0.196731636170777,0.19640015910898967,0.196731636170777,0.19059931052771148,626.04
2013-01-08,0.19623442057809598,0.1989691063378414,0.20220100769026783,0.19557146645452134,5149.8
2013-01-09,0.19640015910898967,0.20079223017767173,0.2018695306284805,0.19640015910898967,10172.51
2013-01-10,0.20054362238133122,0.20095796870856536,0.20211813842482101,0.1991348448687351,2741.17
2013-01-11,0.20079223017767173,0.1980575444179263,0.20079223017767173,0.19739459029435164,1899.0
2013-01-14,0.1940798196764784,0.20385839299920447,0.20385839299920447,0.1940798196764784,13392.9
2013-01-15,0.20385839299920447,0.2063444709626094,0.20675881728984355,0.20327830814107664,14422.72
2013-01-16,0.20543290904269426,0.2045213471227791,0.20617873243171572,0.20286396181384247,4309.95
2013-01-17,0.20617873243171572,0.20394126226465129,0.20617873243171572,0.2034440466719703,2341.17
2013-01-18,0.20460421638822593,0.2074217714134182,0.20808472553699287,0.2034440466719703,12557.08
2013-01-21,0.2060129939008221,0.2065930787589499,0.20733890214797135,0.2055986475735879,4922.0
2013-01-22,0.20526717051180057,0.20435560859188545,0.20526717051180057,0.20211813842482101,8647.78
2013-01-23,0.2029468310792893,0.20510143198090694,0.20543290904269426,0.2029468310792893,12591.04
2013-01-24,0.2041898700609918,0.20220100769026783,0.2074217714134182,0.20120657650490587,9558.8
2013-01-25,0.2015380535666932,0.20311256961018298,0.20402413153009813,0.20120657650490587,7988.86
2013-01-28,0.2036926544683108,0.20543290904269426,0.20551577830814108,0.20352691593741712,23603.71
2013-01-29,0.20551577830814108,0.20626160169716254,0.2063444709626094,0.20476995491911962,5643.24
2013-01-30,0.2055986475735879,0.20568151683903477,0.20593012463537522,0.20435560859188545,1280.42
2013-01-31,0.20576438610448158,0.20476995491911962,0.20576438610448158,0.2034440466719703,14451.27
2013-02-01,0.20402413153009813,0.2055986475735879,0.2063444709626094,0.20385839299920447,7043.41
2013-02-04,0.20626160169716254,0.20402413153009813,0.2065930787589499,0.20352691593741712,3686.57
2013-02-05,0.20385839299920447,0.20899628745690796,0.20916202598780165,0.20385839299920447,13630.68
2013-02-06,0.20891341819146114,0.20866481039512064,0.20916202598780165,0.20816759480243968,4161.0
2013-02-07,0.20924489525324846,0.2101564571731636,0.21057080350039778,0.208001856271546,6323.65
2013-02-08,0.2122281888093344,0.21595730575444178,0.21628878281622912,0.21181384248210025,11149.95
2013-02-18,0.21612304428533546,0.21388557411827103,0.21711747547069743,0.21264253513656853,24289.63
2013-02-19,0.21388557411827103,0.2100735879077168,0.21388557411827103,0.20965924158048263,8599.45
2013-02-20,0.20999071864226995,0.21504574383452668,0.21504574383452668,0.20999071864226995,6648.24
2013-02-21,0.2151286130999735,0.2113994961548661,0.21628878281622912,0.20899628745690796,103148.16
2013-02-22,0.21048793423495096,0.21131662688941924,0.21322261999469636,0.20924489525324846,8792.51
2013-02-25,0.2113994961548661,0.21131662688941924,0.2122281888093344,0.2101564571731636,12070.89
2013-02-26,0.21040506496950412,0.2087476796605675,0.21280827366746222,0.208001856271546,7527.3
2013-02-27,0.20949350304958897,0.2074217714134182,0.2100735879077168,0.2063444709626094,16337.94
2013-02-28,0.20717316361707772,0.21098514982763192,0.21131662688941924,0.20642734022805623,6101.34
2013-03-01,0.21123375762397242,0.21173097321665343,0.2124767966056749,0.20965924158048263,7745.87
2013-03-04,0.20965924158048263,0.20626160169716254,0.21214531954388757,0.20551577830814108,4606.13
2013-03-05,0.2055986475735879,0.2113994961548661,0.21181384248210025,0.2055986475735879,23035.3
2013-03-06,0.2113994961548661,0.214880005303633,0.21529435163086713,0.2113994961548661,9828.24
2013-03-07,0.2146313975072925,0.21280827366746222,0.21637165208167597,0.2111508883585256,9326.88
2013-03-08,0.21239392734022808,0.21181384248210025,0.21429992044550517,0.21148236542031293,8834.01
2013-03-11,0.21181384248210025,0.21148236542031293,0.2123110580747812,0.20891341819146114,2126.47
2013-03-12,0.21123375762397242,0.20733890214797135,0.2125596658711217,0.2044384778573323,1818.08
2013-03-13,0.20626160169716254,0.20493569345001325,0.20642734022805623,0.2031954388756298,10836.25
2013-03-14,0.20476995491911962,0.20593012463537522,0.20717316361707772,0.20476995491911962,1450.67
2013-03-15,0.20551577830814108,0.20791898700609918,0.2098249801113763,0.20476995491911962,2247.95
2013-03-18,0.2065930787589499,0.2044384778573323,0.2065930787589499,0.2044384778573323,1471.01
2013-03-19,0.20485282418456643,0.2042727393264386,0.20485282418456643,0.20244961548660834,1903.61
2013-03-20,0.2042727393264386,0.20957637231503579,0.20957637231503579,0.2042727393264386,7044.02
2013-03-21,0.20941063378414215,0.2109022805621851,0.21156523468575975,0.20941063378414215,5880.85
2013-03-22,0.2111508883585256,0.21197958101299388,0.21214531954388757,0.21057080350039778,5087.69
2013-03-25,0.2133054892601432,0.21123375762397242,0.2133054892601432,0.2101564571731636,2510.95
2013-03-26,0.2100735879077168,0.21181384248210025,0.21206245027844076,0.20899628745690796,7457.38
2013-03-27,0.21214531954388757,0.21181384248210025,0.21429992044550517,0.21098514982763192,3800.74
2013-03-28,0.20949350304958897,0.20999071864226995,0.20999071864226995,0.20833333333333331,5433.95
2013-03-29,0.20866481039512064,0.20717316361707772,0.2087476796605675,0.20717316361707772,5256.0
2013-04-01,0.20717316361707772,0.20700742508618405,0.208001856271546,0.20617873243171572,523.17
2013-04-02,0.20725603288252453,0.20360978520286396,0.20858194112967382,0.20244961548660834,7432.67
2013-04-03,0.20311256961018298,0.2015380535666932,0.20394126226465129,0.20054362238133122,20554.02
2013-04-08,0.1993834526650756,0.20402413153009813,0.20402413153009813,0.1993834526650756,1826.03
2013-04-09,0.20385839299920447,0.20402413153009813,0.2045213471227791,0.20360978520286396,6433.0
2013-04-10,0.2041898700609918,0.20410700079554495,0.20551577830814108,0.20286396181384247,9856.47
2013-04-11,0.20468708565367277,0.20336117740652349,0.20485282418456643,0.20336117740652349,5223.0
2013-04-12,0.2031954388756298,0.20311256961018298,0.20510143198090694,0.20311256961018298,5041.49
2013-04-15,0.20311256961018298,0.20228387695571465,0.20311256961018298,0.20120657650490587,3164.72
2013-04-16,0.20029501458499072,0.20302970034473616,0.20302970034473616,0.20029501458499072,255.89
2013-04-17,0.2042727393264386,0.20651020949350304,0.20651020949350304,0.2031954388756298,851.53
2013-04-18,0.2060958631662689,0.20642734022805623,0.20775324847520554,0.2058472553699284,323.0
2013-04-19,0.20717316361707772,0.21032219570405727,0.21057080350039778,0.20717316361707772,1558.21
2013-04-22,0.20957637231503579,0.20965924158048263,0.20999071864226995,0.20866481039512064,7362.0
2013-04-23,0.20816759480243968,0.20402413153009813,0.20816759480243968,0.20402413153009813,632.99
2013-04-24,0.2042727393264386,0.20700742508618405,0.21380270485282418,0.2042727393264386,4429.81
2013-04-25,0.20394126226465129,0.20717316361707772,0.20974211084592947,0.20394126226465129,6121.5
2013-04-26,0.20675881728984355,0.2036926544683108,0.20675881728984355,0.2036926544683108,1007.0
2013-05-02,0.2017866613630337,0.20302970034473616,0.20385839299920447,0.2015380535666932,550.47
2013-05-03,0.20725603288252453,0.2082504640678865,0.2082504640678865,0.20667594802439673,4558.36
2013-05-06,0.2087476796605675,0.21181384248210025,0.21206245027844076,0.2084162025987802,8103.06
2013-05-07,0.2109022805621851,0.21239392734022808,0.2125596658711217,0.20999071864226995,5720.02
2013-05-08,0.21148236542031293,0.21421705118005835,0.21421705118005835,0.21148236542031293,12466.0
2013-05-09,0.2135540970564837,0.21388557411827103,0.2151286130999735,0.2122281888093344,5875.38
2013-05-10,0.21388557411827103,0.21446565897639885,0.214880005303633,0.2127254044020154,8545.82
2013-05-13,0.2151286130999735,0.2140513126491647,0.2151286130999735,0.21280827366746222,1734.81
2013-05-14,0.21313975072924954,0.21098514982763192,0.21313975072924954,0.2087476796605675,3612.0
2013-05-15,0.21123375762397242,0.2125596658711217,0.21297401219835588,0.21123375762397242,593.68
2013-05-16,0.21181384248210025,0.21479713603818618,0.2167859984089101,0.21181384248210025,4969.21
2013-05-17,0.21504574383452668,0.2167859984089101,0.2167859984089101,0.21396844338371784,9050.9
2013-05-20,0.2167859984089101,0.21620591355078228,0.21711747547069743,0.21421705118005835,9042.84
2013-05-21,0.21628878281622912,0.21695173693980377,0.2170346062052506,0.2146313975072925,8305.74
2013-05-22,0.21695173693980377,0.2177804295942721,0.2191892071068682,0.2167031291434633,6929.97
2013-05-23,0.21711747547069743,0.21695173693980377,0.22010076902678335,0.21686886767435695,13548.22
2013-05-24,0.21802903739061255,0.21844338371784675,0.2191892071068682,0.2172832140015911,5495.84
2013-05-27,0.21836051445239987,0.21952068416865553,0.2196864226995492,0.21836051445239987,917.76
2013-05-28,0.21960355343410234,0.2215095465393795,0.22175815433572,0.2191063378414214,1836.95
2013-05-29,0.22208963139750731,0.22366414744099708,0.2244928400954654,0.2215924158048263,7631.66
2013-05-30,0.22258684699018827,0.2229183240519756,0.2239956245027844,0.22233823919384776,1576.66
2013-05-31,0.22308406258286928,0.22051511535401752,0.2234155396446566,0.22043224608857068,3840.0
2013-06-03,0.22059798461946434,0.22051511535401752,0.22208963139750731,0.22010076902678335,4937.73
2013-06-04,0.22026650755767702,0.21686886767435695,0.22026650755767702,0.21645452134712279,1716.97
2013-06-05,0.21720034473614427,0.2167859984089101,0.21720034473614427,0.21620591355078228,253.99
2013-06-06,0.2170346062052506,0.214880005303633,0.2176146910633784,0.214880005303633,1082.77
2013-06-07,0.21620591355078228,0.21197958101299388,0.21620591355078228,0.2111508883585256,591.88
2013-06-13,0.2125596658711217,0.208499071864227,0.2125596658711217,0.20476995491911962,1677.3
2013-06-14,0.2084162025987802,0.21197958101299388,0.21413418191461153,0.2084162025987802,2142.0
2013-06-17,0.21197958101299388,0.2127254044020154,0.21322261999469636,0.21040506496950412,6888.61
2013-06-18,0.2133054892601432,0.2133054892601432,0.21347122779103686,0.21081941129673828,305.99
2013-06-19,0.21081941129673828,0.2133054892601432,0.21347122779103686,0.20974211084592947,3684.57
2013-06-20,0.2122281888093344,0.20808472553699287,0.21280827366746222,0.20808472553699287,1178.45
2013-06-21,0.2045213471227791,0.20709029435163087,0.20750464067886504,0.2045213471227791,2041.0
2013-06-24,0.20551577830814108,0.19747745955979848,0.20551577830814108,0.19747745955979848,1328.0
2013-06-25,0.19722885176345797,0.19971492972686292,0.19971492972686292,0.18645584725536993,3777.37
2013-06-26,0.19747745955979848,0.20228387695571465,0.20228387695571465,0.19722885176345797,8938.28
2013-06-27,0.2034440466719703,0.20137231503579955,0.20526717051180057,0.2010408379740122,452.93
2013-06-28,0.18728453990983823,0.20170379209758688,0.20385839299920447,0.18645584725536993,359.74
2013-07-01,0.20269822328294884,0.2060129939008221,0.2063444709626094,0.20195239989392733,3738.43
2013-07-02,0.20700742508618405,0.21023932643861046,0.21048793423495096,0.20700742508618405,1830.38
2013-07-03,0.21023932643861046,0.21280827366746222,0.21529435163086713,0.20965924158048263,6585.99
2013-07-04,0.21214531954388757,0.2109022805621851,0.21322261999469636,0.21048793423495096,3477.19
2013-07-05,0.21098514982763192,0.21081941129673828,0.21289114293290903,0.21081941129673828,1039.92
2013-07-08,0.20684168655529037,0.20651020949350304,0.2087476796605675,0.20576438610448158,443.0
2013-07-09,0.20526717051180057,0.20510143198090694,0.2055986475735879,0.20510143198090694,258.0
2013-07-10,0.2060129939008221,0.2087476796605675,0.2087476796605675,0.20551577830814108,492.47
2013-07-11,0.2111508883585256,0.21521148236542031,0.22266971625563511,0.2111508883585256,5764.88
2013-07-12,0.21628878281622912,0.2133054892601432,0.21628878281622912,0.2133054892601432,2602.36
2013-07-15,0.21521148236542031,0.21860912224874038,0.21860912224874038,0.21454852824184567,4590.0
2013-07-16,0.21794616812516573,0.2194378149032087,0.2194378149032087,0.21711747547069743,10217.0
2013-07-17,0.21819477592150624,0.2149628745690798,0.21902346857597452,0.2149628745690798,647.0
2013-07-18,0.21413418191461153,0.2125596658711217,0.21429992044550517,0.2125596658711217,145.47
2013-07-19,0.21239392734022808,0.20866481039512064,0.21297401219835588,0.20866481039512064,252.89
2013-07-22,0.20883054892601433,0.21156523468575975,0.21156523468575975,0.20858194112967382,690.01
2013-07-23,0.2125596658711217,0.21612304428533546,0.21612304428533546,0.2125596658711217,1731.0
2013-07-24,0.21744895253248478,0.2177804295942721,0.21819477592150624,0.21471426677273936,8588.94
2013-07-25,0.2186919915141872,0.21637165208167597,0.21877486077963407,0.21562582869265445,1021.47
2013-07-26,0.21479713603818618,0.21521148236542031,0.21521148236542031,0.21338835852559004,134.5
2013-07-29,0.22043224608857068,0.21181384248210025,0.22043224608857068,0.2109022805621851,791.84
2013-07-30,0.21280827366746222,0.2100735879077168,0.21280827366746222,0.20833333333333331,555.0
2013-07-31,0.2093277645186953,0.21032219570405727,0.2123110580747812,0.2093277645186953,256.0
2013-08-01,0.21214531954388757,0.21148236542031293,0.21214531954388757,0.21057080350039778,5344.14
2013-08-02,0.214382789710952,0.214382789710952,0.21546009016176082,0.214382789710952,534.0
2013-08-05,0.21546009016176082,0.21628878281622912,0.21786329885971892,0.215377220896314,389.58
2013-08-06,0.21794616812516573,0.2242442322991249,0.2284705648369133,0.21628878281622912,3959.37
2013-08-07,0.2215924158048263,0.22366414744099708,0.2242442322991249,0.21960355343410234,4195.42
2013-08-08,0.22126093874303898,0.22126093874303898,0.22366414744099708,0.22043224608857068,248.43
2013-08-09,0.22126093874303898,0.22225536992840095,0.22275258552108196,0.21885773004508088,901.3
2013-08-12,0.22208963139750731,0.22349840891010342,0.22374701670644392,0.22126093874303898,4541.95
2013-08-13,0.2241613630336781,0.22043224608857068,0.2241613630336781,0.22010076902678335,609.0
2013-08-14,0.22374701670644392,0.22084659241580484,0.22374701670644392,0.22068085388491115,430.01
2013-08-15,0.22084659241580484,0.2186919915141872,0.22275258552108196,0.21794616812516573,159.0
2013-08-16,0.21546009016176082,0.21720034473614427,0.2229183240519756,0.21546009016176082,572.0
2013-08-19,0.21720034473614427,0.21711747547069743,0.21720034473614427,0.21363696632193052,49.59
2013-08-20,0.21546009016176082,0.21711747547069743,0.21711747547069743,0.2146313975072925,321.06
2013-08-21,0.21313975072924954,0.21628878281622912,0.2170346062052506,0.21305688146380272,290.79
2013-08-22,0.21322261999469636,0.2175318217979316,0.21836051445239987,0.21322261999469636,1234.79
2013-08-23,0.22026650755767702,0.21595730575444178,0.22026650755767702,0.21546009016176082,1128.87
2013-08-26,0.2175318217979316,0.22142667727393267,0.22142667727393267,0.2175318217979316,1355.04
2013-08-27,0.21960355343410234,0.2229183240519756,0.2229183240519756,0.21960355343410234,1060.86
2013-08-28,0.21546009016176082,0.21877486077963407,0.22283545478652877,0.21546009016176082,745.77
2013-08-29,0.21877486077963407,0.2176146910633784,0.22374701670644392,0.21711747547069743,4241.49
2013-08-30,0.21744895253248478,0.21645452134712279,0.2229183240519756,0.21587443648899496,4210.0
2013-09-02,0.21595730575444178,0.21628878281622912,0.22208963139750731,0.21587443648899496,186.33
2013-09-03,0.22092946168125166,0.21877486077963407,0.22200676213206044,0.21612304428533546,1452.63
2013-09-04,0.21711747547069743,0.21720034473614427,0.21720034473614427,0.21711747547069743,65.0
2013-09-05,0.21720034473614427,0.21844338371784675,0.22084659241580484,0.21720034473614427,289.38
2013-09-06,0.21720034473614427,0.22043224608857068,0.22043224608857068,0.21720034473614427,887.12
2013-09-09,0.22043224608857068,0.22366414744099708,0.22366414744099708,0.22043224608857068,283.3
2013-09-10,0.21819477592150624,0.22208963139750731,0.22208963139750731,0.21819477592150624,432.99
2013-09-11,0.21960355343410234,0.22051511535401752,0.2234155396446566,0.21960355343410234,384.91
2013-09-12,0.22374701670644392,0.2215095465393795,0.22374701670644392,0.2215095465393795,478.55
2013-09-13,0.22101233094669848,0.22673031026252985,0.232033943251127,0.22101233094669848,4933.73
2013-09-16,0.23161959692389286,0.22391275523733759,0.23161959692389286,0.22391275523733759,345.02
2013-09-17,0.22374701670644392,0.22117806947759217,0.22407849376823125,0.22043224608857068,803.0
2013-09-18,0.22374701670644392,0.22382988597189077,0.22382988597189077,0.22043224608857068,65.0
2013-09-23,0.22043224608857068,0.2303765579421904,0.23700609917793689,0.22043224608857068,4381.77
2013-09-24,0.23452002121453197,0.23161959692389286,0.23452002121453197,0.22747613365155134,408.08
2013-09-25,0.22929925749138158,0.232033943251127,0.23369132856006364,0.22929925749138158,584.08
2013-09-26,0.23236542031291435,0.22880204189870063,0.23286263590559533,0.22880204189870063,2027.02
2013-09-27,0.23186820472023337,0.2297964730840626,0.23369132856006364,0.22963073455316893,223.42
2013-09-30,0.232033943251127,0.23335985149827632,0.23534871386900025,0.232033943251127,4012.87
2013-10-08,0.23369132856006364,0.2367574913815964,0.23700609917793689,0.23369132856006364,448.1
2013-10-09,0.23211681251657387,0.2375861840360647,0.23766905330151153,0.23211681251657387,2858.22
2013-10-10,0.2375861840360647,0.23717183770883057,0.24032086979581013,0.23626027578891542,4786.71
2013-10-11,0.24032086979581013,0.23783479183240522,0.24032086979581013,0.23626027578891542,404.86
2013-10-14,0.24040373906125695,0.2444643330681517,0.24835918854415273,0.24040373906125695,4660.71
2013-10-15,0.2444643330681517,0.24429859453725802,0.24860779634049324,0.24214399363564043,5047.61
2013-10-16,0.2413153009811721,0.24032086979581013,0.24529302572262,0.23211681251657387,4720.0
2013-10-17,0.2241613630336781,0.2396579156722355,0.2414810395120658,0.2241613630336781,991.84
2013-10-18,0.23617740652346858,0.23667462211614956,0.23940930787589498,0.23344272076372316,588.05
2013-10-21,0.232033943251127,0.2453758949880668,0.24852492707504642,0.232033943251127,1509.02
2013-10-22,0.24454720233359853,0.2423926014319809,0.24736475735879077,0.2423926014319809,2740.03
2013-10-23,0.24189538583929993,0.2386634844868735,0.24272407849376823,0.23700609917793689,733.65
2013-10-24,0.2386634844868735,0.23576306019623444,0.24023800053036332,0.23418854415274465,552.83
2013-10-25,0.23286263590559533,0.232033943251127,0.23286263590559533,0.22639883320074253,756.25
2013-10-28,0.232033943251127,0.23095664280031822,0.232033943251127,0.22540440201538056,715.5
2013-10-29,0.22499005568814637,0.22374701670644392,0.22615022540440202,0.21720034473614427,1026.0
2013-10-30,0.2175318217979316,0.22374701670644392,0.2311223813312119,0.2175318217979316,31.0
2013-10-31,0.22043224608857068,0.2253215327499337,0.22764187218244497,0.22043224608857068,349.49
2013-11-01,0.2229183240519756,0.2229183240519756,0.22300119331742244,0.2229183240519756,302.8
2013-11-04,0.2244928400954654,0.2229183240519756,0.2303765579421904,0.2229183240519756,462.0
2013-11-05,0.2189405993105277,0.22681317952797667,0.22681317952797667,0.2189405993105277,375.2
2013-11-06,0.22059798461946434,0.22208963139750731,0.2258187483426147,0.22059798461946434,677.01
2013-11-07,0.21877486077963407,0.21711747547069743,0.21877486077963407,0.21711747547069743,168.29
2013-11-08,0.22490718642269955,0.2146313975072925,0.22490718642269955,0.21396844338371784,277.74
2013-11-11,0.21239392734022808,0.2167031291434633,0.2258187483426147,0.21239392734022808,319.3
2013-11-12,0.22366414744099708,0.2196864226995492,0.22366414744099708,0.21628878281622912,187.81
2013-11-13,0.2234155396446566,0.21794616812516573,0.2234155396446566,0.21794616812516573,270.0
2013-11-14,0.22200676213206044,0.22117806947759217,0.22200676213206044,0.21479713603818618,104.09
2013-11-15,0.22092946168125166,0.225653009811721,0.22747613365155134,0.22092946168125166,859.29
2013-11-18,0.22772474144789184,0.22871917263325375,0.23004508088040307,0.2244099708300186,4322.61
2013-11-19,0.22457570936091223,0.22863630336780694,0.23045942720763724,0.2244928400954654,1774.91
2013-11-20,0.22996221161495625,0.22954786528772209,0.22996221161495625,0.22623309466984884,524.01
2013-11-21,0.2242442322991249,0.22706178732431717,0.22954786528772209,0.2242442322991249,5498.08
2013-11-22,0.23045942720763724,0.22681317952797667,0.23045942720763724,0.22681317952797667,93.0
2013-11-25,0.22175815433572,0.22598448687350836,0.22623309466984884,0.22175815433572,197.59
2013-11-26,0.22374701670644392,0.22499005568814637,0.22540440201538056,0.22374701670644392,460.57
2013-11-27,0.22540440201538056,0.22789047997878548,0.23103951206576503,0.22258684699018827,476.0
2013-11-28,0.23004508088040307,0.22888491116414744,0.2303765579421904,0.22888491116414744,2169.56
2013-11-29,0.2279733492442323,0.22963073455316893,0.2303765579421904,0.2279733492442323,479.37
2013-12-02,0.22391275523733759,0.22706178732431717,0.22772474144789184,0.21885773004508088,1156.03
2013-12-03,0.21877486077963407,0.2306251657385309,0.2306251657385309,0.21877486077963407,623.0
2013-12-04,0.22706178732431717,0.232033943251127,0.232033943251127,0.2268960487934235,4069.31
2013-12-05,0.23534871386900025,0.22954786528772209,0.23534871386900025,0.22706178732431717,500.0
2013-12-06,0.2284705648369133,0.23029368867674357,0.23054229647308408,0.2284705648369133,281.82
2013-12-09,0.23551445239989394,0.2303765579421904,0.23551445239989394,0.22855343410236012,302.56
2013-12-10,0.23079090426942458,0.23452002121453197,0.2349343675417661,0.23079090426942458,4129.01
2013-12-11,0.2298793423495094,0.23294550517104218,0.23452002121453197,0.22938212675682843,299.71
2013-12-12,0.2307080350039777,0.23120525059665872,0.23385706709095733,0.2307080350039777,2528.56
2013-12-13,0.23286263590559533,0.23195107398568018,0.23286263590559533,0.2297964730840626,269.55
2013-12-16,0.23195107398568018,0.23170246618933968,0.23195107398568018,0.2273932643861045,191.01
2013-12-17,0.23170246618933968,0.2229183240519756,0.23170246618933968,0.21960355343410234,1612.59
2013-12-18,0.2229183240519756,0.22615022540440202,0.22764187218244497,0.2229183240519756,1402.36
2013-12-19,0.22648170246618934,0.22208963139750731,0.22648170246618934,0.2213438080084858,938.01
2013-12-20,0.22208963139750731,0.22208963139750731,0.22208963139750731,0.22208963139750731,48.0
2013-12-24,0.21836051445239987,0.22051511535401752,0.22755900291699815,0.21836051445239987,144.59
2013-12-25,0.22366414744099708,0.2229183240519756,0.22366414744099708,0.2199350304958897,317.48
2013-12-26,0.22200676213206044,0.21985216123044285,0.22200676213206044,0.2196864226995492,492.0
2013-12-27,0.2194378149032087,0.22283545478652877,0.22324980111376294,0.21562582869265445,1377.04
2013-12-30,0.22283545478652877,0.2191892071068682,0.22308406258286928,0.21902346857597452,103.0
2013-12-31,0.2189405993105277,0.22275258552108196,0.22623309466984884,0.2189405993105277,377.25
2014-01-02,0.22258684699018827,0.22374701670644392,0.22639883320074253,0.22258684699018827,225.74
2014-01-03,0.21877486077963407,0.22208963139750731,0.22208963139750731,0.21877486077963407,10.47
2014-01-06,0.21562582869265445,0.22407849376823125,0.22407849376823125,0.21313975072924954,310.3
2014-01-07,0.21388557411827103,0.21604017501988865,0.21952068416865553,0.21388557411827103,2013.15
2014-01-08,0.21769756032882523,0.2175318217979316,0.22523866348448687,0.2170346062052506,375.88
2014-01-09,0.21637165208167597,0.21637165208167597,0.21637165208167597,0.21637165208167597,9.88
2014-01-10,0.22117806947759217,0.21546009016176082,0.22117806947759217,0.2125596658711217,252.59
2014-01-13,0.22366414744099708,0.22192389286661363,0.22366414744099708,0.2123110580747812,177.07
2014-01-14,0.21131662688941924,0.2189405993105277,0.2194378149032087,0.21123375762397242,85.01
2014-01-15,0.21877486077963407,0.21628878281622912,0.21877486077963407,0.21396844338371784,445.74
2014-01-16,0.21628878281622912,0.21546009016176082,0.21711747547069743,0.214880005303633,17479.15
2014-01-17,0.21239392734022808,0.21173097321665343,0.21297401219835588,0.21131662688941924,580.54
2014-01-20,0.20990784937682314,0.21048793423495096,0.21048793423495096,0.20990784937682314,2402.12
2014-01-21,0.21040506496950412,0.21173097321665343,0.21297401219835588,0.21040506496950412,2676.42
2014-01-22,0.2106536727658446,0.2165373906125696,0.21960355343410234,0.2106536727658446,1793.05
2014-01-23,0.22308406258286928,0.21844338371784675,0.22308406258286928,0.21819477592150624,56.45
2014-01-24,0.21645452134712279,0.22092946168125166,0.22283545478652877,0.21645452134712279,275.52
2014-01-27,0.21769756032882523,0.22126093874303898,0.22250397772474145,0.21769756032882523,352.47
2014-01-28,0.23120525059665872,0.22142667727393267,0.23120525059665872,0.21811190665605942,326.72
2014-01-29,0.21612304428533546,0.21960355343410234,0.23029368867674357,0.21612304428533546,62.0
2014-01-30,0.22515579421904006,0.21711747547069743,0.22515579421904006,0.21711747547069743,4.0
2014-02-07,0.21769756032882523,0.22126093874303898,0.2215924158048263,0.21769756032882523,108.88
2014-02-10,0.21836051445239987,0.22706178732431717,0.22963073455316893,0.21836051445239987,4353.6
2014-02-11,0.22921638822593476,0.22482431715725273,0.22921638822593476,0.22457570936091223,175.0
2014-02-12,0.22233823919384776,0.22391275523733759,0.22731039512065765,0.22233823919384776,54.0
2014-02-13,0.22755900291699815,0.22391275523733759,0.22755900291699815,0.22391275523733759,420.47
2014-02-14,0.2244928400954654,0.22706178732431717,0.2273932643861045,0.22382988597189077,472.02
2014-02-17,0.22863630336780694,0.22929925749138158,0.22954786528772209,0.22722752585521083,1382.66
2014-02-18,0.22954786528772209,0.22996221161495625,0.23021081941129676,0.22747613365155134,385.47
2014-02-19,0.2303765579421904,0.22938212675682843,0.23128811986210554,0.22929925749138158,449.35
2014-02-20,0.23120525059665872,0.23120525059665872,0.2348514982763193,0.22954786528772209,976.59
2014-02-21,0.2273932643861045,0.22391275523733759,0.22830482630601961,0.22391275523733759,447.01
2014-02-24,0.2234155396446566,0.22349840891010342,0.2282219570405728,0.22217250066295413,4646.63
2014-02-25,0.22482431715725273,0.21711747547069743,0.22523866348448687,0.21562582869265445,1620.84
2014-02-26,0.21844338371784675,0.21546009016176082,0.21844338371784675,0.21471426677273936,461.0
2014-02-27,0.21637165208167597,0.21546009016176082,0.21637165208167597,0.21313975072924954,1594.44
2014-02-28,0.21380270485282418,0.21769756032882523,0.21769756032882523,0.21297401219835588,503.3
2014-03-03,0.21554295942720764,0.22109520021214535,0.22126093874303898,0.21546009016176082,559.66
2014-03-04,0.22043224608857068,0.22043224608857068,0.22043224608857068,0.21720034473614427,111.0
2014-03-05,0.21794616812516573,0.21720034473614427,0.21976929196499603,0.21720034473614427,333.57
2014-03-06,0.21711747547069743,0.2165373906125696,0.21711747547069743,0.21297401219835588,310.0
2014-03-07,0.21554295942720764,0.21686886767435695,0.21695173693980377,0.21554295942720764,90.61
2014-03-10,0.21479713603818618,0.21297401219835588,0.21479713603818618,0.21297401219835588,273.46
2014-03-11,0.21289114293290903,0.20965924158048263,0.21289114293290903,0.20949350304958897,226.0
2014-03-12,0.2133054892601432,0.21421705118005835,0.21446565897639885,0.21032219570405727,242.0
2014-03-13,0.21380270485282418,0.21935494563776187,0.21935494563776187,0.21264253513656853,151.91
2014-03-14,0.21371983558737737,0.21363696632193052,0.21371983558737737,0.21363696632193052,110.91
2014-03-17,0.21363696632193052,0.21935494563776187,0.21935494563776187,0.21363696632193052,146.09
2014-03-18,0.21877486077963407,0.21769756032882523,0.22043224608857068,0.21769756032882523,367.09
2014-03-19,0.21645452134712279,0.21645452134712279,0.22996221161495625,0.214880005303633,4264.61
2014-03-20,0.21695173693980377,0.21695173693980377,0.2170346062052506,0.21297401219835588,254.58
2014-03-21,0.20883054892601433,0.21960355343410234,0.21960355343410234,0.20883054892601433,59.59
2014-03-24,0.21421705118005835,0.21579156722354814,0.21579156722354814,0.21297401219835588,455.4
2014-03-25,0.21570869795810133,0.21546009016176082,0.2170346062052506,0.21546009016176082,327.0
2014-03-26,0.21421705118005835,0.214382789710952,0.21628878281622912,0.21421705118005835,67.87
2014-03-27,0.2140513126491647,0.21297401219835588,0.21429992044550517,0.21264253513656853,220.04
2014-03-28,0.21363696632193052,0.20957637231503579,0.21363696632193052,0.20957637231503579,353.47
2014-03-31,0.20949350304958897,0.20949350304958897,0.21206245027844076,0.20949350304958897,453.42
2014-04-01,0.20990784937682314,0.21032219570405727,0.21032219570405727,0.20990784937682314,15.34
2014-04-02,0.2133054892601432,0.2133054892601432,0.2133054892601432,0.20974211084592947,150.14
2014-04-03,0.20965924158048263,0.215377220896314,0.215377220896314,0.20965924158048263,269.0
2014-04-04,0.21546009016176082,0.21297401219835588,0.21546009016176082,0.20974211084592947,20.0
2014-04-08,0.21164810395120656,0.21595730575444178,0.21711747547069743,0.21164810395120656,4428.07
2014-04-09,0.21546009016176082,0.22175815433572,0.22954786528772209,0.21546009016176082,19107.55
2014-04-10,0.22018363829223017,0.22623309466984884,0.22789047997878548,0.22018363829223017,849.71
2014-04-11,0.22126093874303898,0.22540440201538056,0.23294550517104218,0.22084659241580484,1383.0
2014-04-14,0.2218410236011668,0.22258684699018827,0.22258684699018827,0.2218410236011668,29.0
2014-04-15,0.22258684699018827,0.22059798461946434,0.22258684699018827,0.22051511535401752,538.03
2014-04-16,0.21836051445239987,0.22126093874303898,0.22192389286661363,0.21836051445239987,479.32
2014-04-17,0.22639883320074253,0.22639883320074253,0.22648170246618934,0.2189405993105277,83.0
2014-04-18,0.22374701670644392,0.22349840891010342,0.22374701670644392,0.21952068416865553,126.0
2014-04-21,0.21736608326703794,0.21794616812516573,0.22333267037920976,0.21736608326703794,42.01
2014-04-22,0.21388557411827103,0.21794616812516573,0.22366414744099708,0.21388557411827103,44.01
2014-04-23,0.21695173693980377,0.21695173693980377,0.21695173693980377,0.21695173693980377,10.0
2014-04-24,0.2255701405462742,0.2255701405462742,0.2255701405462742,0.2255701405462742,1.0
2014-04-25,0.2146313975072925,0.22366414744099708,0.22366414744099708,0.2146313975072925,21.0
2014-04-28,0.2213438080084858,0.21720034473614427,0.2213438080084858,0.2113994961548661,372.0
2014-04-29,0.21048793423495096,0.21686886767435695,0.21695173693980377,0.21048793423495096,55.0
2014-04-30,0.2167859984089101,0.21156523468575975,0.2170346062052506,0.21131662688941924,66.95
2014-05-05,0.21380270485282418,0.21297401219835588,0.21380270485282418,0.2100735879077168,394.69
2014-05-06,0.21952068416865553,0.21711747547069743,0.21952068416865553,0.21396844338371784,12.0
2014-05-07,0.21048793423495096,0.21380270485282418,0.21380270485282418,0.21048793423495096,60.0
2014-05-08,0.21131662688941924,0.215377220896314,0.215377220896314,0.21048793423495096,22.95
2014-05-12,0.21546009016176082,0.21546009016176082,0.21546009016176082,0.21546009016176082,5.0
2014-05-14,0.20883054892601433,0.21363696632193052,0.21363696632193052,0.20883054892601433,130.0
2014-05-15,0.21264253513656853,0.21380270485282418,0.21380270485282418,0.20965924158048263,97.0
2014-05-16,0.20642734022805623,0.21413418191461153,0.21454852824184567,0.20642734022805623,35.0
2014-05-19,0.20725603288252453,0.21371983558737737,0.214382789710952,0.20725603288252453,142.83
2014-05-20,0.2111508883585256,0.2111508883585256,0.2111508883585256,0.2111508883585256,8.0
2014-05-21,0.2111508883585256,0.2111508883585256,0.2111508883585256,0.2111508883585256,6.0
2014-05-22,0.21197958101299388,0.21380270485282418,0.21380270485282418,0.20891341819146114,12.99
2014-05-26,0.20709029435163087,0.20717316361707772,0.21338835852559004,0.20709029435163087,155.0
2014-05-27,0.20725603288252453,0.2111508883585256,0.2111508883585256,0.20725603288252453,51.0
2014-05-28,0.20485282418456643,0.21048793423495096,0.22349840891010342,0.20485282418456643,428.0
2014-05-29,0.21081941129673828,0.21877486077963407,0.22126093874303898,0.20808472553699287,4046.25
2014-05-30,0.20883054892601433,0.20999071864226995,0.2194378149032087,0.20883054892601433,341.94
2014-06-03,0.21189671174754707,0.20999071864226995,0.21197958101299388,0.20999071864226995,240.0
2014-06-04,0.20949350304958897,0.20808472553699287,0.20949350304958897,0.20808472553699287,69.1
2014-06-05,0.208001856271546,0.20883054892601433,0.20883054892601433,0.20717316361707772,231.0
2014-06-06,0.2055986475735879,0.20965924158048263,0.20965924158048263,0.2055986475735879,302.8
2014-06-09,0.20949350304958897,0.208001856271546,0.20949350304958897,0.208001856271546,327.0
2014-06-10,0.20717316361707772,0.208001856271546,0.208001856271546,0.20510143198090694,2076.96
2014-06-11,0.2063444709626094,0.20725603288252453,0.214382789710952,0.2063444709626094,1859.26
2014-06-12,0.20974211084592947,0.20999071864226995,0.2149628745690798,0.2065930787589499,852.09
2014-06-13,0.20758750994431185,0.2111508883585256,0.21123375762397242,0.20750464067886504,165.67
2014-06-16,0.2111508883585256,0.21164810395120656,0.21189671174754707,0.2110680190930788,1153.9
2014-06-17,0.20767037920975867,0.20941063378414215,0.20941063378414215,0.20767037920975867,11.0
2014-06-18,0.20883054892601433,0.2098249801113763,0.2098249801113763,0.20883054892601433,275.0
2014-06-19,0.20733890214797135,0.20733890214797135,0.20733890214797135,0.20733890214797135,14.0
2014-06-20,0.20162092283214,0.208001856271546,0.208001856271546,0.20162092283214,215.49
2014-06-23,0.20717316361707772,0.20568151683903477,0.215377220896314,0.2055986475735879,330.02
2014-06-24,0.20783611774065236,0.21040506496950412,0.21040506496950412,0.20775324847520554,412.03
2014-06-25,0.20883054892601433,0.20965924158048263,0.20965924158048263,0.20883054892601433,104.0
2014-06-26,0.2093277645186953,0.21040506496950412,0.21040506496950412,0.2093277645186953,117.01
2014-06-27,0.21040506496950412,0.20302970034473616,0.21504574383452668,0.20302970034473616,421.65
2014-06-30,0.21214531954388757,0.21173097321665343,0.21504574383452668,0.21173097321665343,490.65
2014-07-01,0.21156523468575975,0.20891341819146114,0.2125596658711217,0.20858194112967382,4396.87
2014-07-02,0.21131662688941924,0.21214531954388757,0.21214531954388757,0.2111508883585256,3347.03
2014-07-03,0.21371983558737737,0.2199350304958897,0.22126093874303898,0.2123110580747812,4164.88
2014-07-04,0.21960355343410234,0.21554295942720764,0.21960355343410234,0.21181384248210025,39.0
2014-07-07,0.21057080350039778,0.21073654203129144,0.21073654203129144,0.21057080350039778,108.88
2014-07-08,0.21057080350039778,0.20999071864226995,0.21057080350039778,0.20899628745690796,55.0
2014-07-09,0.20899628745690796,0.20907915672235483,0.20916202598780165,0.20899628745690796,128.0
2014-07-10,0.20717316361707772,0.20733890214797135,0.21264253513656853,0.20651020949350304,110.47
2014-07-11,0.20941063378414215,0.20941063378414215,0.20941063378414215,0.20941063378414215,69.47
2014-07-14,0.21040506496950412,0.20957637231503579,0.21040506496950412,0.20941063378414215,79.0
2014-07-15,0.21131662688941924,0.21156523468575975,0.21156523468575975,0.2101564571731636,163.95
2014-07-16,0.21446565897639885,0.21164810395120656,0.21446565897639885,0.21164810395120656,59.49
2014-07-17,0.20999071864226995,0.20883054892601433,0.20999071864226995,0.20816759480243968,66.95
2014-07-18,0.2113994961548661,0.21131662688941924,0.21371983558737737,0.21081941129673828,163.86
2014-07-21,0.21347122779103686,0.21363696632193052,0.21363696632193052,0.21181384248210025,269.44
2014-07-22,0.21380270485282418,0.214382789710952,0.21720034473614427,0.21371983558737737,1146.19
2014-07-23,0.21529435163086713,0.21313975072924954,0.21570869795810133,0.21313975072924954,462.52
2014-07-24,0.20758750994431185,0.2127254044020154,0.21529435163086713,0.20758750994431185,333.31
2014-07-25,0.21595730575444178,0.2172832140015911,0.21794616812516573,0.21446565897639885,1294.18
2014-07-28,0.21736608326703794,0.22275258552108196,0.22333267037920976,0.21736608326703794,2459.15
2014-07-29,0.22192389286661363,0.22382988597189077,0.22457570936091223,0.22051511535401752,4144.56
2014-07-30,0.22258684699018827,0.2241613630336781,0.2311223813312119,0.22258684699018827,3294.13
2014-07-31,0.22043224608857068,0.22871917263325375,0.23178533545478655,0.22043224608857068,4221.86
2014-08-01,0.22623309466984884,0.22623309466984884,0.2311223813312119,0.22623309466984884,301.52
2014-08-04,0.22623309466984884,0.22789047997878548,0.232033943251127,0.22573587907716788,168.37
2014-08-05,0.22789047997878548,0.2303765579421904,0.2303765579421904,0.22789047997878548,378.0
2014-08-06,0.22789047997878548,0.22954786528772209,0.23120525059665872,0.22789047997878548,1946.41
2014-08-07,0.22946499602227527,0.22789047997878548,0.232033943251127,0.22789047997878548,4191.92
2014-08-08,0.22789047997878548,0.22789047997878548,0.22789047997878548,0.22789047997878548,188.61
2014-08-11,0.22789047997878548,0.2279733492442323,0.232033943251127,0.22789047997878548,408.02
2014-08-12,0.22789047997878548,0.23195107398568018,0.23195107398568018,0.22789047997878548,273.79
2014-08-13,0.23195107398568018,0.22789047997878548,0.232033943251127,0.22789047997878548,485.58
2014-08-14,0.2279733492442323,0.22590161760806152,0.2279733492442323,0.22590161760806152,26.0
2014-08-15,0.22789047997878548,0.232033943251127,0.2484420578095996,0.22789047997878548,24670.77
2014-08-18,0.21313975072924954,0.232033943251127,0.232033943251127,0.21313975072924954,16302.12
2014-08-19,0.2322825510474675,0.23286263590559533,0.23360845929461682,0.22963073455316893,454.72
2014-08-20,0.232033943251127,0.23120525059665872,0.23783479183240522,0.2303765579421904,269.06
2014-08-21,0.22499005568814637,0.23286263590559533,0.23286263590559533,0.22499005568814637,185.0
2014-08-22,0.22673031026252985,0.232033943251127,0.232033943251127,0.22673031026252985,557.51
2014-08-25,0.233028374436489,0.232033943251127,0.233028374436489,0.22888491116414744,579.03
2014-08-26,0.23161959692389286,0.22996221161495625,0.23161959692389286,0.22706178732431717,86.74
2014-08-27,0.2297964730840626,0.22913351896048795,0.23924356934500132,0.226647440997083,1911.44
2014-08-28,0.2265645717316362,0.22863630336780694,0.22954786528772209,0.2265645717316362,219.67
2014-08-29,0.22855343410236012,0.22896778042959426,0.22896778042959426,0.2284705648369133,260.92
2014-09-01,0.22929925749138158,0.23195107398568018,0.23195107398568018,0.22929925749138158,216.87
2014-09-02,0.23195107398568018,0.23534871386900025,0.23534871386900025,0.23161959692389286,978.26
2014-09-03,0.23617740652346858,0.24032086979581013,0.24032086979581013,0.23551445239989394,4009.65
2014-09-04,0.24032086979581013,0.23708896844338373,0.24032086979581013,0.23708896844338373,383.0
2014-09-05,0.23708896844338373,0.24032086979581013,0.24363564041368338,0.23708896844338373,806.11
2014-09-09,0.24172964730840624,0.2284705648369133,0.24214399363564043,0.2284705648369133,678.37
2014-09-10,0.24197825510474674,0.24214399363564043,0.24214399363564043,0.23957504640678864,841.08
2014-09-11,0.2414810395120658,0.24139817024661891,0.24487867939538585,0.2372547069742774,5315.77
2014-09-12,0.2386634844868735,0.24123243171572528,0.24123243171572528,0.2386634844868735,457.0
2014-09-15,0.24114956245027847,0.24230973216653406,0.24230973216653406,0.23949217714134183,426.32
2014-09-16,0.2418125165738531,0.23824913815963936,0.2418125165738531,0.23824913815963936,8202.99
2014-09-17,0.2346028904799788,0.2356801909307876,0.23783479183240522,0.23211681251657387,1260.13
2014-09-18,0.23642601431980909,0.23700609917793689,0.23783479183240522,0.23617740652346858,503.78
2014-09-19,0.23783479183240522,0.24032086979581013,0.24032086979581013,0.23742044550517108,789.95
2014-09-22,0.23766905330151153,0.23766905330151153,0.2396579156722355,0.2375861840360647,4175.99
2014-09-23,0.23700609917793689,0.23949217714134183,0.23949217714134183,0.23700609917793689,1738.53
2014-09-24,0.23949217714134183,0.24363564041368338,0.2444643330681517,0.23949217714134183,7330.32
2014-09-25,0.2441328560063644,0.24090095465393796,0.2441328560063644,0.24090095465393796,945.68
2014-09-26,0.24015513126491647,0.24098382391938478,0.2415639087775126,0.23949217714134183,572.38
2014-09-29,0.24322129408644924,0.24346990188278972,0.2444643330681517,0.24164677804295942,536.59
2014-09-30,0.24521015645717317,0.24570737204985416,0.24570737204985416,0.24346990188278972,8949.84
2014-10-08,0.24040373906125695,0.24695041103155663,0.24695041103155663,0.24040373906125695,1237.96
2014-10-09,0.24695041103155663,0.24529302572262,0.24885640413683374,0.2437185096791302,1897.23
2014-10-10,0.2444643330681517,0.2431384248210024,0.24529302572262,0.2420611243701936,10617.71
2014-10-13,0.2431384248210024,0.24330416335189606,0.24330416335189606,0.23924356934500132,10457.97
2014-10-14,0.24197825510474674,0.24280694775921507,0.24280694775921507,0.24197825510474674,654.87
2014-10-15,0.24280694775921507,0.24363564041368338,0.24363564041368338,0.24197825510474674,818.85
2014-10-16,0.24114956245027847,0.2418125165738531,0.2441328560063644,0.24114956245027847,194.0
2014-10-17,0.23766905330151153,0.23924356934500132,0.24114956245027847,0.23766905330151153,384.47
2014-10-20,0.24164677804295942,0.24280694775921507,0.24280694775921507,0.24114956245027847,355.38
2014-10-21,0.24139817024661891,0.2397407849376823,0.24139817024661891,0.2397407849376823,169.0
2014-10-22,0.239906523468576,0.23932643861044817,0.239906523468576,0.23708896844338373,107.47
2014-10-23,0.2356801909307876,0.23617740652346858,0.23617740652346858,0.23543158313444712,675.0
2014-10-24,0.23360845929461682,0.23592879872712808,0.23592879872712808,0.23360845929461682,187.78
2014-10-27,0.23427141341819147,0.2349343675417661,0.23592879872712808,0.23427141341819147,122.74
2014-10-28,0.23592879872712808,0.238414876690533,0.2386634844868735,0.23592879872712808,138.47
2014-10-29,0.24065234685759745,0.23949217714134183,0.2410666931848316,0.23766905330151153,266.31
2014-10-30,0.24073521612304427,0.24346990188278972,0.24346990188278972,0.24073521612304427,194.25
2014-10-31,0.2532484752055158,0.2428898170246619,0.2532484752055158,0.23899496154866082,102.06
2014-11-03,0.23824913815963936,0.24114956245027847,0.24139817024661891,0.23824913815963936,68.97
2014-11-04,0.23982365420312915,0.23849774595597986,0.24114956245027847,0.23816626889419254,182.3
2014-11-05,0.24943648899496154,0.23932643861044817,0.24943648899496154,0.23418854415274465,350.0
2014-11-06,0.23700609917793689,0.238414876690533,0.238414876690533,0.23700609917793689,40.47
2014-11-07,0.23576306019623444,0.23700609917793689,0.24032086979581013,0.23576306019623444,302.89
2014-11-10,0.24081808538849114,0.2415639087775126,0.24197825510474674,0.24073521612304427,420.0
2014-11-11,0.25076239724211086,0.23949217714134183,0.2510938743038982,0.23932643861044817,572.0
2014-11-12,0.24197825510474674,0.2423926014319809,0.24247547069742775,0.24114956245027847,20285.08
2014-11-13,0.2423926014319809,0.24429859453725802,0.2444643330681517,0.2410666931848316,49693.0
2014-11-14,0.24330416335189606,0.24786197295147178,0.2481934500132591,0.2415639087775126,64216.1
2014-11-17,0.24860779634049324,0.2453758949880668,0.24860779634049324,0.2453758949880668,1304.0
2014-11-18,0.2517568284274728,0.24338703261734287,0.2519225669583665,0.24330416335189606,559.0
2014-11-19,0.24305555555555555,0.24280694775921507,0.2456245027844073,0.24280694775921507,113.0
2014-11-20,0.24338703261734287,0.2420611243701936,0.24338703261734287,0.2420611243701936,158.0
2014-11-21,0.24587311058074782,0.24479581012993903,0.2463703261734288,0.24438146380270484,619.0
2014-11-24,0.2513424821002387,0.24869066560594005,0.2513424821002387,0.24860779634049324,6546.88
2014-11-25,0.24827631927870591,0.25067952797666404,0.25689472288517634,0.2479448422169186,4749.29
2014-11-26,0.25067952797666404,0.25125961283479187,0.2540771678599841,0.25067952797666404,2486.62
2014-11-27,0.25507159904534604,0.2548229912490056,0.256563245823389,0.2517568284274728,6046.32
2014-11-28,0.2548229912490056,0.25258552108194116,0.2548229912490056,0.2490221426677274,1133.36
2014-12-01,0.2543257756563246,0.25565168390347387,0.2588007159904535,0.25241978255104747,7922.95
2014-12-02,0.25399429859453726,0.25706046141607003,0.258552108194113,0.25399429859453726,3060.63
2014-12-03,0.258552108194113,0.2611210554229647,0.2647673031026253,0.258552108194113,6315.99
2014-12-04,0.2610381861575179,0.26310991779368864,0.2681649429859454,0.2610381861575179,3867.95
2014-12-05,0.26352426412092284,0.26377287191726334,0.2692422434367542,0.2583863696632193,4974.84
2014-12-08,0.26377287191726334,0.26352426412092284,0.27893794749403344,0.23791766109785203,5370.55
2014-12-09,0.27181119066560594,0.25697759215062316,0.27761203924688416,0.23932643861044817,4955.17
2014-12-10,0.2577234155396447,0.2740486608326704,0.27421439936356407,0.25722619994696366,6308.88
2014-12-11,0.27421439936356407,0.27015380535666933,0.27661760806152214,0.27015380535666933,3868.28
2014-12-12,0.27015380535666933,0.2694908512330947,0.27255701405462746,0.269325112702201,1862.76
2014-12-15,0.2694908512330947,0.2780263855741183,0.2780263855741183,0.2676677273932644,5617.3
2014-12-16,0.27744630071599047,0.27761203924688416,0.29004242906390876,0.26866215857862635,2364.97
2014-12-17,0.27363431450543624,0.27015380535666933,0.27363431450543624,0.2676677273932644,3034.96
2014-12-18,0.2808439405993105,0.27015380535666933,0.2808439405993105,0.26700477326968974,5201.43
2014-12-19,0.269325112702201,0.2680820737204985,0.27239127552373377,0.2677505966587112,6333.98
2014-12-22,0.2487735348713869,0.2618668788119862,0.2743801378944577,0.2487735348713869,4173.76
2014-12-23,0.25697759215062316,0.2742972686290109,0.27761203924688416,0.25689472288517634,8576.85
2014-12-24,0.2660103420843278,0.27421439936356407,0.27719769291964996,0.2660103420843278,4785.05
2014-12-25,0.263938610448157,0.277694908512331,0.2779435163086715,0.263938610448157,182.83
2014-12-26,0.2694079819676478,0.27346857597454255,0.27736343145054365,0.2694079819676478,9544.66
2014-12-29,0.27263988332007427,0.27023667462211615,0.27338570670909573,0.27015380535666933,2185.86
2014-12-30,0.27255701405462746,0.2708996287456908,0.27255701405462746,0.2623640944046672,944.18
2014-12-31,0.2665904269424556,0.26543025722619995,0.2695737204985415,0.26435295677539117,809.0
2015-01-05,0.269822328294882,0.27761203924688416,0.27844073190135243,0.2627784407319013,6158.84
2015-01-06,0.27868933969769294,0.2829985415009281,0.28515314240254575,0.27868933969769294,3729.55
2015-01-07,0.28175550251922565,0.2821698488464598,0.28507027313709893,0.28175550251922565,1694.89
2015-01-08,0.282584195173694,0.27388292230177674,0.282584195173694,0.2700709360912225,7020.95
2015-01-09,0.2735514452399894,0.2782749933704588,0.28175550251922565,0.27346857597454255,3755.12
2015-01-12,0.27346857597454255,0.27346857597454255,0.2780263855741183,0.27346857597454255,2464.0
2015-01-13,0.27512596128347916,0.27918655529037395,0.2793522938212676,0.27346857597454255,1913.56
2015-01-14,0.27918655529037395,0.27893794749403344,0.28009811721028904,0.27512596128347916,2509.1
2015-01-15,0.27893794749403344,0.2807610713338637,0.2807610713338637,0.27363431450543624,4383.88
2015-01-16,0.2800152479448422,0.27636900026518163,0.28150689472288515,0.2745458764253514,1528.57
2015-01-19,0.2679163351896049,0.2676677273932644,0.27736343145054365,0.26194974807743304,2112.4
2015-01-20,0.27512596128347916,0.274711614956245,0.27512596128347916,0.2731370989127552,4607.94
2015-01-21,0.2760375232033943,0.2808439405993105,0.28225271811190666,0.2760375232033943,5890.51
2015-01-22,0.28175550251922565,0.2876392203659507,0.29004242906390876,0.28175550251922565,3145.56
2015-01-23,0.2842415804826306,0.28755635110050387,0.2878878281622912,0.28407584195173696,802.33
2015-01-26,0.28399297268629015,0.2889651286131,0.2892137364094405,0.28183837178467247,321509.04
2015-01-27,0.2826670644391408,0.28730774330416337,0.2906225139220366,0.282584195173694,1103.53
2015-01-28,0.2834128878281623,0.2896280827366746,0.29004242906390876,0.2834128878281623,5683.76
2015-01-29,0.28672765844603554,0.2842415804826306,0.28672765844603554,0.28183837178467247,1534.65
2015-01-30,0.28888225934765316,0.27902081675948026,0.28888225934765316,0.2782749933704588,676.69
2015-02-02,0.2796837708830549,0.2758717846725007,0.281589763988332,0.2730542296473084,1376.78
2015-02-03,0.2786064704322461,0.28175550251922565,0.28175550251922565,0.2744630071599045,1224.91
2015-02-04,0.28366149562450277,0.27661760806152214,0.28366149562450277,0.2748773534871387,388.59
2015-02-05,0.27761203924688416,0.2767833465924158,0.277694908512331,0.2767833465924158,138.6
2015-02-06,0.27761203924688416,0.27346857597454255,0.27761203924688416,0.27255701405462746,1357.0
2015-02-09,0.27015380535666933,0.27346857597454255,0.27346857597454255,0.27015380535666933,554.97
2015-02-10,0.2748773534871387,0.2727227525855211,0.27554030761071335,0.27015380535666933,1014.0
2015-02-11,0.27736343145054365,0.27529169981437285,0.2807610713338637,0.27512596128347916,1476.49
2015-02-12,0.28059533280297005,0.27926942455582077,0.2834128878281623,0.2742972686290109,576.0
2015-02-13,0.2829156722354813,0.2898766905330151,0.29236276849642007,0.2805124635375232,5145.61
2015-02-16,0.2898766905330151,0.29004242906390876,0.29004242906390876,0.2821698488464598,2121.47
2015-02-17,0.2921970299655264,0.2954289313179528,0.2954289313179528,0.2862304428533546,5533.26
2015-02-25,0.2970034473614426,0.29095399098382396,0.2970034473614426,0.2897938212675683,559.86
2015-02-26,0.29236276849642007,0.2941858923362503,0.2941858923362503,0.28722487403871655,6674.66
2015-02-27,0.29658910103420844,0.2965062317687616,0.29658910103420844,0.2926942455582074,3084.19
2015-03-02,0.30073256430655,0.29841222487403873,0.3020584725536993,0.2942687616016972,5147.46
2015-03-03,0.2956775391142933,0.2960090161760806,0.30031821797931585,0.29335719968178203,1500.3
2015-03-04,0.2957604083797401,0.30180986475735877,0.30180986475735877,0.2925285070273137,4736.16
2015-03-05,0.2999038716520817,0.30694775921506234,0.32302439671174754,0.2999038716520817,4722.68
2015-03-06,0.30694775921506234,0.3140745160434898,0.3178036329885972,0.28175550251922565,816.34
2015-03-09,0.29534606205250596,0.30537324317157255,0.30537324317157255,0.29534606205250596,957.98
2015-03-10,0.29534606205250596,0.3042130734553169,0.3045445505171042,0.29501458499071864,800.82
2015-03-11,0.30006961018297534,0.30330151153540175,0.3046274197825511,0.30006961018297534,495.95
2015-03-12,0.3009811721028905,0.3057875894988067,0.3057875894988067,0.3009811721028905,1509.4
2015-03-13,0.30694775921506234,0.3091023601166799,0.3098481835057014,0.3057875894988067,2468.7
2015-03-16,0.3091023601166799,0.31871519490851236,0.33147706178732433,0.3091023601166799,8196.7
2015-03-17,0.3190466719702997,0.32667064439140814,0.32667064439140814,0.31656059400689474,4394.15
2015-03-18,0.32667064439140814,0.32484752055157784,0.32667064439140814,0.3192124105011933,892.56
2015-03-19,0.3207040572792363,0.3218642269954919,0.3272507292495359,0.31813511005038453,887.11
2015-03-20,0.3174721559268099,0.324764651286131,0.32517899761336516,0.3174721559268099,823.72
2015-03-23,0.32484752055157784,0.3310627154600902,0.3313113232564307,0.32368735083532224,1316.2
2015-03-24,0.33147706178732433,0.33296870856536726,0.33479183240519755,0.32335587377353486,1831.64
2015-03-25,0.3328029700344736,0.33628347918324053,0.33636634844868735,0.32807942190400424,1036.76
2015-03-26,0.33885242641209234,0.33553765579421907,0.33885242641209234,0.3323057544417926,2106.23
2015-03-27,0.32865950676213207,0.3357862635905595,0.3369464333068152,0.32865950676213207,608.95
2015-03-30,0.33644921771413416,0.3415042429063909,0.342415804826306,0.33644921771413416,2634.06
2015-03-31,0.355177671705118,0.34365884380800854,0.355177671705118,0.34067555025192253,1190.0
2015-04-01,0.3357033943251127,0.34548196764783873,0.34548196764783873,0.3357033943251127,838.34
2015-04-02,0.342415804826306,0.34854813046937155,0.3491282153274993,0.342415804826306,538.86
2015-04-03,0.34854813046937155,0.3505369928400955,0.3513656854945638,0.34854813046937155,420.0
2015-04-07,0.353686024927075,0.35782948819941657,0.35782948819941657,0.3506198621055423,1239.16
2015-04-08,0.3579952267303103,0.355674887297799,0.3621386900026518,0.35227724741447897,1350.55
2015-04-09,0.355674887297799,0.3463935295677539,0.355674887297799,0.3323057544417926,1184.3
2015-04-10,0.34805091487669054,0.35633784142137365,0.3604813046937152,0.34805091487669054,2652.93
2015-04-13,0.3621386900026518,0.372828825245293,0.37291169451073986,0.3580780959957571,4976.06
2015-04-14,0.37954123574648635,0.375314903208698,0.3923859718907452,0.37291169451073986,2553.0
2015-04-15,0.3752320339432511,0.3724973481835057,0.38534208432776457,0.34987403871652084,923.0
2015-04-16,0.3539346327234155,0.37191726332537794,0.3720001325908247,0.3539346327234155,4640.21
2015-04-17,0.3718343940599311,0.3717515247944842,0.37291169451073986,0.3715029169981437,887.81
2015-04-20,0.3717515247944842,0.3661164147440997,0.37291169451073986,0.3657020684168656,1115.87
2015-04-21,0.35468045611243704,0.3801213206046141,0.3801213206046141,0.35468045611243704,3097.49
2015-04-22,0.3869994696367011,0.3948720498541501,0.39578361177406524,0.3773037655794219,4859.53
2015-04-23,0.38086714399363564,0.3882425086184036,0.3948720498541501,0.38086714399363564,1220.58
2015-04-24,0.39072858658180853,0.3936290108724476,0.40440201538053566,0.38360182975338103,4672.58
2015-04-27,0.3937947494033413,0.3981868204720233,0.40340758419517375,0.39329753381066035,1600.3
2015-04-28,0.3981868204720233,0.36271877486077964,0.3981868204720233,0.3604813046937152,21870.35
2015-04-29,0.3886568549456378,0.39810395120657655,0.3981868204720233,0.36967979315831345,14420.52
2015-04-30,0.39810395120657655,0.3937947494033413,0.39810395120657655,0.3903142402545744,1971.83
2015-05-04,0.3937947494033413,0.3964465658976399,0.39777247414478917,0.3894855476001061,3996.75
2015-05-05,0.39420909573057544,0.37846393529567757,0.39445770352691595,0.373326040837974,4592.04
2015-05-06,0.37846393529567757,0.3778838504375497,0.38061853619729513,0.36528772208963145,679.44
2015-05-07,0.3687682312383983,0.368933969769292,0.37697228851763465,0.36470763723150357,622.75
2015-05-08,0.36172434367541767,0.37606072659771944,0.37606072659771944,0.36172434367541767,569.57
2015-05-11,0.38484486873508356,0.3894855476001061,0.3894855476001061,0.33852094935030497,5111.98
2015-05-12,0.38459626093874305,0.3918887562980642,0.3918887562980642,0.38459626093874305,912.5
2015-05-13,0.3918887562980642,0.3940433571996818,0.40423627684964203,0.38791103155661627,2802.44
2015-05-14,0.39445770352691595,0.3976896048793424,0.39777247414478917,0.39122580217448955,1088.73
2015-05-15,0.3894855476001061,0.3954521347122779,0.40498210023866343,0.38641938477857335,3786.64
2015-05-18,0.38252452930257225,0.3903142402545744,0.39777247414478917,0.38252452930257225,4313.98
2015-05-19,0.38335322195704064,0.3886568549456378,0.39777247414478917,0.38335322195704064,715.12
2015-05-20,0.38169583664810397,0.39777247414478917,0.40746817820206843,0.38169583664810397,1413.71
2015-05-21,0.40365619199151426,0.40771678599840894,0.40771678599840894,0.39495491911959696,979.08
2015-05-22,0.4045677539114293,0.42304760010607273,0.4232962079024131,0.4045677539114293,1456.5
2015-05-25,0.42337907716786,0.4465824714929727,0.44707968708565365,0.4232962079024131,8214.93
2015-05-26,0.44749403341288785,0.4516374966852294,0.4516374966852294,0.4392071068682047,4369.31
2015-05-27,0.4516374966852294,0.44732829488199416,0.4516374966852294,0.43067157252718113,2592.19
2015-05-28,0.4465824714929727,0.41616945107398573,0.4465824714929727,0.41451206576504906,1761.7
2015-05-29,0.416003712543092,0.4125232033943251,0.43042296473084063,0.4027446300715991,2263.78
2015-06-01,0.4279368867674357,0.43895849907186424,0.44384778573322725,0.41260607265977195,2039.33
2015-06-02,0.4383784142137364,0.4393728453990984,0.443019093078759,0.43116878811986215,626.13
2015-06-03,0.4401186687881199,0.44417926279501463,0.45578095995757095,0.4397043224608857,8968.22
2015-06-04,0.43597520551577834,0.4471625563511005,0.4521347122779104,0.40597653142402546,600.36
2015-06-05,0.4471625563511005,0.4516374966852294,0.45578095995757095,0.43928997613365156,860.74
2015-06-08,0.44973150357995223,0.460670246618934,0.48064173959162027,0.4296771413418191,134924.62
2015-06-09,0.4392071068682047,0.460173031026253,0.460173031026253,0.4392071068682047,47773.39
2015-06-10,0.4434334394059931,0.4972155926809865,0.4972155926809865,0.44335057014054624,56514.96
2015-06-11,0.4871884115619199,0.4960554229647308,0.4963869000265182,0.46904004242906394,80713.87
2015-06-12,0.4764982763192787,0.4864425881728985,0.4963869000265182,0.4764982763192787,44223.37
2015-06-15,0.49207769822328296,0.48586250331477066,0.49207769822328296,0.4688743038981703,8286.18
2015-06-16,0.4710289047997879,0.4767468841156192,0.4767468841156192,0.464067886502254,52307.33
2015-06-17,0.45428931317952803,0.4710289047997879,0.4749237602757889,0.4510574118271015,44151.0
2015-06-18,0.4554494828957837,0.4847852028639618,0.48884579687085655,0.4554494828957837,8328.77
2015-06-19,0.46796274197825516,0.4552008750994432,0.48014452399893925,0.4363066825775656,11113.06
2015-06-23,0.4226332537788385,0.42760540970564836,0.4283512330946698,0.40970564836913287,5499.59
2015-06-24,0.42984287987271286,0.429262795014585,0.4392071068682047,0.4267767170511801,36699.06
2015-06-25,0.43009148766905336,0.42346194643330687,0.4334062582869266,0.41128016441262266,652.0
2015-06-26,0.39860116679925744,0.39478918058870327,0.3990155131264917,0.38111575178997614,741.0
2015-06-29,0.3739061256961018,0.3588239193847786,0.41426345796870856,0.3553434102360117,84977.87
2015-06-30,0.3588239193847786,0.39470631132325645,0.39470631132325645,0.3571665340758419,58586.19
2015-07-01,0.39470631132325645,0.40108724476266244,0.4262795014584991,0.3765579421904004,54857.6
2015-07-02,0.40067289843542825,0.3672765844603554,0.41426345796870856,0.366447891805887,34311.0
2015-07-03,0.3672765844603554,0.349791169451074,0.38269026783346594,0.33064836913285606,25072.95
2015-07-06,0.3812814903208698,0.37606072659771944,0.3847619994696367,0.3274164677804296,13788.51
2015-07-07,0.36793953858393,0.342913020418987,0.36793953858393,0.3384380800848581,1797.0
2015-07-08,0.31490320869795807,0.30860514452399895,0.31490320869795807,0.30860514452399895,604.0
2015-07-09,0.2781092548395651,0.3394325112702201,0.3394325112702201,0.2777777777777778,9325.37
2015-07-10,0.3325543622381331,0.37340891010342087,0.37340891010342087,0.3307312383983029,6128.25
2015-07-13,0.37340891010342087,0.39437483426146913,0.3976896048793424,0.3637960753115884,6970.62
2015-07-14,0.3952863961813842,0.37316030230708036,0.3952863961813842,0.3550948024396712,2999.0
2015-07-15,0.35633784142137365,0.3376922566958367,0.36479050649695044,0.3376093874303898,3134.85
2015-07-16,0.3376093874303898,0.3410070273137099,0.35608923362503314,0.3177207637231504,8777.54
2015-07-17,0.3331344470962609,0.3603984354282684,0.36288451339167327,0.3331344470962609,2132.04
2015-07-20,0.3646247679660568,0.36735945372580214,0.3807842747281888,0.34805091487669054,26884.95
2015-07-21,0.3537688941925219,0.3658678069477592,0.36835388491116416,0.3537688941925219,42738.47
2015-07-22,0.36860249270750467,0.3661992840095465,0.3753977724741448,0.3592382657120127,1056.66
2015-07-23,0.37398899496154864,0.37142004773269693,0.3753977724741448,0.3590725271811191,1886.45
2015-07-24,0.38119862105542296,0.3635474675152479,0.38119862105542296,0.3635474675152479,1531.0
2015-07-27,0.36735945372580214,0.346807875894988,0.36735945372580214,0.3271678599840891,18545.45
2015-07-28,0.33686356404136836,0.33669782551047467,0.3397639883320074,0.3160633784142137,14601.0
2015-07-29,0.3400125961283479,0.35227724741447897,0.35526054097056486,0.33147706178732433,18690.09
2015-07-30,0.34805091487669054,0.3463935295677539,0.3535202863961814,0.3463935295677539,1976.0
2015-07-31,0.3505369928400955,0.343907451604349,0.3505369928400955,0.3341288782816229,2046.31
2015-08-03,0.3405098117210289,0.3358691328560064,0.3405098117210289,0.32493038981702466,411.14
2015-08-04,0.3359520021214532,0.34805091487669054,0.34805091487669054,0.3315599310527712,352.0
2015-08-05,0.3534374171307345,0.34142137364094405,0.35998408910103424,0.33885242641209234,4327.0
2015-08-06,0.34059268098647577,0.34009546539379476,0.3476365685494564,0.33653208697958104,152.59
2015-08-07,0.34017833465924163,0.349293953858393,0.34945969238928665,0.34017833465924163,581.0
2015-08-10,0.3488796075311589,0.37166865552903744,0.37423760275788914,0.3488796075311589,1162.0
2015-08-11,0.36503911429329094,0.3670279766640149,0.37133717846725006,0.36321599045346065,476.91
2015-08-12,0.3712543092018033,0.3646247679660568,0.37672368072129414,0.3637960753115884,16570.43
2015-08-13,0.3670279766640149,0.36959692389286664,0.36984553168920714,0.363050251922567,14030.57
2015-08-14,0.36578493768231235,0.3820273137098913,0.3836846990188279,0.36578493768231235,347496.06
2015-08-17,0.37009413948554765,0.39014850172368076,0.3903142402545744,0.37009413948554765,50366.63
2015-08-18,0.38931980906921243,0.3820273137098913,0.38940267833465925,0.3712543092018033,16358.55
2015-08-19,0.3564207106868205,0.3817787059135508,0.3820273137098913,0.34805091487669054,532917.0
2015-08-20,0.36735945372580214,0.380204189870061,0.38119862105542296,0.36147573587907716,1372237.0
2015-08-21,0.3621386900026518,0.36810527711482366,0.380204189870061,0.35227724741447897,21116.72
2015-08-24,0.34805091487669054,0.36603354547865286,0.36628215327499336,0.3313113232564307,1268.0
2015-08-25,0.32940533015115353,0.32940533015115353,0.32940533015115353,0.32940533015115353,706.0
2015-08-26,0.34755369928400953,0.3158976398833201,0.34755369928400953,0.2965062317687616,7375.0
2015-08-27,0.31457173163617075,0.3021413418191461,0.31473747016706444,0.2921970299655264,1364.91
2015-08-28,0.294351630867144,0.3107597454256166,0.31183704587642536,0.294351630867144,717.02
2015-08-31,0.32319013524264123,0.30785932113497744,0.32319013524264123,0.2988265712012729,483.0
2015-09-01,0.3105940068947229,0.3024728188809334,0.3105940068947229,0.29053964465658977,393.0
2015-09-02,0.2748773534871387,0.3041302041898701,0.3059533280297004,0.2748773534871387,834.31
2015-09-07,0.30371585786263594,0.30645054362238133,0.33446035534341023,0.281092548395651,48903.27
2015-09-08,0.3049588968443384,0.3093509679130204,0.31490320869795807,0.29634049323786793,113213.36
2015-09-09,0.31366016971625565,0.3110083532219571,0.3222785733227261,0.3109254839565102,296.46
2015-09-10,0.29667197029965525,0.3107597454256166,0.33048263060196237,0.29667197029965525,129.0
2015-09-11,0.3107597454256166,0.32136701140281093,0.3223614425881729,0.2941858923362503,156.0
2015-09-14,0.3091023601166799,0.3021413418191461,0.3204554494828958,0.30172699549191195,94.0
2015-09-15,0.2983293556085919,0.2999867409175285,0.31448886237072393,0.2916998143728454,220.0
2015-09-16,0.30379872712808276,0.3157319013524264,0.3157319013524264,0.29004242906390876,160.0
2015-09-17,0.2959261469106338,0.306616282153275,0.3164777247414479,0.2959261469106338,522.0
2015-09-18,0.3024728188809334,0.3135773004508088,0.31490320869795807,0.28697626624237604,203.0
2015-09-21,0.31341156191991515,0.3135773004508088,0.31366016971625565,0.28697626624237604,640.46
2015-09-22,0.3127486077963405,0.3124171307345532,0.3127486077963405,0.3124171307345532,133.5
2015-09-23,0.31233426146910637,0.31233426146910637,0.31233426146910637,0.29667197029965525,129.5
2015-09-24,0.29841222487403873,0.31490320869795807,0.3156490320869796,0.29841222487403873,181.57
2015-09-25,0.31067687616016976,0.30943383717846723,0.31067687616016976,0.2988265712012729,77.5
2015-09-28,0.29501458499071864,0.3090194908512331,0.3090194908512331,0.29501458499071864,2.0
2015-09-29,0.29667197029965525,0.29667197029965525,0.29667197029965525,0.29667197029965525,23.0
2015-09-30,0.2842415804826306,0.30653341288782815,0.31473747016706444,0.2842415804826306,109.0
2015-10-08,0.31531755502519226,0.30669915141872184,0.3154004242906391,0.29924091752850707,223.61
2015-10-09,0.2975006629541236,0.3130800848581278,0.31448886237072393,0.2975006629541236,164.0
2015-10-12,0.3128314770617873,0.32153274993370456,0.3231072659771944,0.3042130734553169,686.57
2015-10-13,0.31332869265446833,0.3164777247414479,0.3192124105011933,0.31324582338902146,174.0
2015-10-14,0.3156490320869796,0.3157319013524264,0.3157319013524264,0.3092680986475736,170.0
2015-10-15,0.3124171307345532,0.318880933439406,0.318880933439406,0.3124171307345532,552.91
2015-10-16,0.3202068416865553,0.31954388756298063,0.3202068416865553,0.31531755502519226,487.91
2015-10-19,0.3190466719702997,0.318880933439406,0.3196267568284275,0.31200278440731904,454.59
2015-10-20,0.31813511005038453,0.31954388756298063,0.31979249535932114,0.3151518164942986,344.02
2015-10-21,0.3157319013524264,0.31498607796340494,0.31896380270485286,0.31490320869795807,437.59
2015-10-22,0.3062019358260408,0.317886502254044,0.3179693715194909,0.3062019358260408,226.0
2015-10-23,0.32277578891540704,0.3231072659771944,0.3231072659771944,0.3139087775125961,209.0
2015-10-26,0.32509612834791835,0.32484752055157784,0.32509612834791835,0.3174721559268099,540.0
2015-10-27,0.32683638292230177,0.3261734287987271,0.32683638292230177,0.3154004242906391,214.0
2015-10-28,0.33147706178732433,0.32352161230442855,0.33147706178732433,0.32327300450808805,260.0
2015-10-29,0.3197096260938743,0.32368735083532224,0.32368735083532224,0.3197096260938743,180.0
2015-10-30,0.31200278440731904,0.32625629806417394,0.3273335985149828,0.31200278440731904,105.0
2015-11-02,0.3258419517369398,0.32542760540970567,0.3258419517369398,0.3197096260938743,138.0
2015-11-03,0.3095995757093609,0.3216156191991514,0.32484752055157784,0.3095995757093609,75.0
2015-11-04,0.31158843808008485,0.32493038981702466,0.3426644126226465,0.31158843808008485,352.0
2015-11-05,0.33048263060196237,0.32990254574383454,0.3353719172633254,0.3241016971625564,1789.54
2015-11-06,0.32120127287191724,0.33263723150358,0.33636634844868735,0.32120127287191724,326.0
2015-11-09,0.3478851763457969,0.3356205250596659,0.3478851763457969,0.3226929196499602,878.46
2015-11-10,0.3343774860779634,0.33272010076902675,0.33810660302307083,0.3308969769291965,320.0
2015-11-11,0.3307312383983029,0.3353719172633254,0.3371121718377088,0.3307312383983029,142.0
2015-11-12,0.33727791036860255,0.3342117475470698,0.33727791036860255,0.3282451604348979,319.02
2015-11-13,0.3274993370458764,0.32832802970034475,0.3313941925218775,0.3274993370458764,86.0
2015-11-16,0.33272010076902675,0.3297368072129409,0.33272010076902675,0.3190466719702997,112.0
2015-11-17,0.3343774860779634,0.34498475205515783,0.3465592680986476,0.33147706178732433,2778.39
2015-11-18,0.3389352956775391,0.3342117475470698,0.3447361442588173,0.33247149297268624,362.0
2015-11-19,0.34307875894988066,0.339515380535667,0.3521943781490321,0.3290738530893662,1719.0
2015-11-20,0.3521943781490321,0.3631331211880138,0.3734917793688677,0.3400125961283479,999.0
2015-11-23,0.3439903208697958,0.36421042163882256,0.37266308671439935,0.3439903208697958,591.05
2015-11-24,0.34440466719702995,0.3608127817555025,0.36247016706443913,0.34440466719702995,198.07
2015-11-25,0.3604813046937152,0.34813378414213736,0.3604813046937152,0.3445704057279237,121.0
2015-11-26,0.34813378414213736,0.34805091487669054,0.35103420843277644,0.3415871121718377,209.07
2015-11-27,0.3407584195173694,0.3310627154600902,0.346807875894988,0.3310627154600902,339.0
2015-11-30,0.32517899761336516,0.3379408644921772,0.3389352956775391,0.32517899761336516,210.49
2015-12-01,0.33959824980111375,0.3315599310527712,0.33959824980111375,0.32625629806417394,30.0
2015-12-02,0.3394325112702201,0.3447361442588173,0.34539909838239197,0.3318914081145585,43.0
2015-12-03,0.339018164942986,0.34465327499337045,0.3447361442588173,0.339018164942986,30.0
2015-12-04,0.3357033943251127,0.33835521081941133,0.3468907451604349,0.3357033943251127,315.0
2015-12-07,0.3477194378149032,0.33934964200477324,0.3477194378149032,0.32816229116945106,281.0
2015-12-08,0.3323886237072395,0.3333830548926014,0.3371121718377088,0.3315599310527712,65.0
2015-12-09,0.3352061787324317,0.3291567223548131,0.3352061787324317,0.3207040572792363,68.0
2015-12-10,0.3339631397507293,0.33321731636170776,0.3438245823389022,0.325759082471493,198.0
2015-12-11,0.33147706178732433,0.3421671970299655,0.3421671970299655,0.33147706178732433,52.0
2015-12-14,0.3421671970299655,0.33172566958366484,0.3421671970299655,0.33048263060196237,80.0
2015-12-15,0.34805091487669054,0.3397639883320074,0.3595697427738001,0.3318085388491116,101.0
2015-12-16,0.3521943781490321,0.34672500662954125,0.3521943781490321,0.33222288517634585,135.0
2015-12-17,0.35202863961813846,0.3476365685494564,0.35202863961813846,0.3455648369132856,531.0
2015-12-18,0.3487138690002652,0.34805091487669054,0.35459758684699016,0.3425815433571997,276.0
2015-12-21,0.3604813046937152,0.35128281622911695,0.3604813046937152,0.33852094935030497,434.56
2015-12-22,0.35128281622911695,0.34970830018562715,0.35128281622911695,0.343907451604349,490.95
2015-12-23,0.3447361442588173,0.35202863961813846,0.35202863961813846,0.3447361442588173,54.0
2015-12-24,0.3550948024396712,0.3471393529567754,0.3550948024396712,0.33479183240519755,166.91
2015-12-25,0.3521943781490321,0.3482166534075842,0.3521943781490321,0.3387695571466455,39.0
2015-12-28,0.3482166534075842,0.34498475205515783,0.3482166534075842,0.3397639883320074,216.0
2015-12-29,0.3397639883320074,0.34034407319013527,0.34465327499337045,0.33321731636170776,122.0
2015-12-30,0.35468045611243704,0.34647639883320075,0.37423760275788914,0.33247149297268624,647.0
2015-12-31,0.373823256430655,0.3490453460620525,0.373823256430655,0.34307875894988066,195.0
2016-01-04,0.3476365685494564,0.33147706178732433,0.3476365685494564,0.33147706178732433,292.0
2016-01-05,0.306616282153275,0.3273335985149828,0.3288252452930257,0.306616282153275,129.0
2016-01-06,0.3397639883320074,0.3315599310527712,0.3397639883320074,0.3282451604348979,105.0
2016-01-07,0.34805091487669054,0.33064836913285606,0.34805091487669054,0.33064836913285606,16.0
2016-01-08,0.306616282153275,0.33802373375762396,0.3397639883320074,0.306616282153275,138.0
2016-01-11,0.3379408644921772,0.33777512596128345,0.3379408644921772,0.3071963670114028,43.0
2016-01-12,0.306616282153275,0.31490320869795807,0.33147706178732433,0.306616282153275,27.0
2016-01-13,0.2846559268098648,0.31482033943251125,0.33147706178732433,0.2846559268098648,3778.0
2016-01-14,0.28589896579156726,0.29642336250331475,0.3041302041898701,0.28333001856271545,3417.0
2016-01-15,0.29004242906390876,0.2859818350570141,0.2931085918854415,0.2764518695306285,1181.0
2016-01-18,0.2610381861575179,0.28026385574118273,0.29335719968178203,0.2610381861575179,189.0
2016-01-19,0.2846559268098648,0.2887993900822063,0.2898766905330151,0.2713968443383718,1220.0
2016-01-20,0.28175550251922565,0.2880535666931848,0.2898766905330151,0.27015380535666933,1255.0
2016-01-21,0.27181119066560594,0.2813411561919915,0.2834128878281623,0.27181119066560594,361.0
2016-01-22,0.29004242906390876,0.2807610713338637,0.29004242906390876,0.2759546539379475,476.0
2016-01-25,0.2668390347387961,0.28167263325377884,0.28175550251922565,0.2668390347387961,199.0
2016-01-26,0.2695737204985415,0.26857928931317954,0.2811754176610978,0.2613696632193052,617.0
2016-01-27,0.2651816494298595,0.2669219040042429,0.26833068151683903,0.2544086449217714,731.0
2016-01-28,0.2668390347387961,0.26228122513922036,0.2668390347387961,0.25548594537258024,189.0
2016-01-29,0.2626955714664545,0.26915937417130736,0.26915937417130736,0.2463703261734288,250.0
2016-02-01,0.2730542296473084,0.26509878016441263,0.2730542296473084,0.25714333068151685,233.0
2016-02-02,0.2647673031026253,0.27015380535666933,0.2727227525855211,0.2647673031026253,238.0
2016-02-03,0.27015380535666933,0.2696565897639883,0.27015380535666933,0.2696565897639883,33.0
2016-02-04,0.2728884911164148,0.2699051975603288,0.27346857597454255,0.26973945902943514,102.0
2016-02-05,0.27421439936356407,0.27214266772739326,0.27421439936356407,0.26385574118271016,125.0
2016-02-15,0.25125961283479187,0.27040241315300984,0.27040241315300984,0.25125961283479187,217.0
2016-02-16,0.2730542296473084,0.2796009016176081,0.2796009016176081,0.26310991779368864,103.0
2016-02-17,0.27346857597454255,0.2785236011667993,0.2796837708830549,0.27346857597454255,69.0
2016-02-18,0.2810096791302042,0.2800152479448422,0.2811754176610978,0.2765347387960753,453.0
2016-02-19,0.27197692919649963,0.2793522938212676,0.2796837708830549,0.27197692919649963,108.0
2016-02-22,0.2793522938212676,0.28333001856271545,0.28333001856271545,0.2764518695306285,189.0
2016-02-23,0.2834128878281623,0.28333001856271545,0.2834128878281623,0.27686621585786264,124.0
2016-02-24,0.2746287456907982,0.28382723415539646,0.28382723415539646,0.2746287456907982,119.0
2016-02-25,0.2828328029700345,0.26841355078228585,0.2829156722354813,0.2616182710156457,262.0
2016-02-26,0.26841355078228585,0.26973945902943514,0.27197692919649963,0.2581377618668788,122.0
2016-02-29,0.2696565897639883,0.2602094935030496,0.2696565897639883,0.2546572527181119,230.0
2016-03-01,0.2647673031026253,0.26509878016441263,0.26509878016441263,0.25523733757623973,167.01
2016-03-02,0.2660932113497746,0.27346857597454255,0.27346857597454255,0.26402147971360385,342.05
2016-03-03,0.27537456907981966,0.2758717846725007,0.27761203924688416,0.2690765049058605,663.0
2016-03-04,0.27537456907981966,0.2757889154070538,0.2757889154070538,0.27023667462211615,60.0
2016-03-07,0.2809268098647574,0.27719769291964996,0.2809268098647574,0.2715625828692655,179.54
2016-03-08,0.28009811721028904,0.2785236011667993,0.28009811721028904,0.26145253248475203,87.0
2016-03-09,0.27761203924688416,0.2746287456907982,0.27761203924688416,0.26891076637496686,32.0
2016-03-10,0.27554030761071335,0.27065102094935034,0.27711482365420315,0.27048528241845665,164.0
2016-03-11,0.2557345531689207,0.2716454521347123,0.27181119066560594,0.2557345531689207,49.0
2016-03-14,0.2581377618668788,0.27736343145054365,0.282086979581013,0.2581377618668788,178.0
2016-03-15,0.27926942455582077,0.2764518695306285,0.27926942455582077,0.275706046141607,26.0
2016-03-16,0.26866215857862635,0.2797666401485017,0.28175550251922565,0.26866215857862635,139.95
2016-03-17,0.2729713603818616,0.2809268098647574,0.2823355873773535,0.2714797136038186,387.0
2016-03-18,0.2821698488464598,0.28382723415539646,0.2861475735879077,0.2794351630867144,258.0
2016-03-21,0.28531888093343943,0.2890479978785468,0.2890479978785468,0.27868933969769294,352.0
2016-03-22,0.2887993900822063,0.2890479978785468,0.2892137364094405,0.28565035799522676,208.0
2016-03-23,0.2793522938212676,0.2898766905330151,0.29029103686024926,0.2793522938212676,277.0
2016-03-24,0.2898766905330151,0.2861475735879077,0.2898766905330151,0.2805124635375232,166.0
2016-03-25,0.2760375232033943,0.28888225934765316,0.2890479978785468,0.2760375232033943,241.0
2016-03-28,0.28946234420578093,0.28855078228586584,0.29236276849642007,0.2844901882789711,760.2
2016-03-29,0.2842415804826306,0.28946234420578093,0.2914512065765049,0.2828328029700345,170.0
2016-03-30,0.2878878281622912,0.28995955979846194,0.2940201538053567,0.2878878281622912,454.0
2016-03-31,0.2946002386634845,0.29004242906390876,0.2946002386634845,0.2829985415009281,445.0
2016-04-01,0.29335719968178203,0.2891308671439936,0.29335719968178203,0.284573057544418,98.0
2016-04-05,0.2898766905330151,0.2946002386634845,0.2946831079289313,0.2898766905330151,537.2
2016-04-06,0.28855078228586584,0.2941030230708035,0.2941858923362503,0.28855078228586584,407.0
2016-04-07,0.2911197295147176,0.2931085918854415,0.2931085918854415,0.2911197295147176,98.0
2016-04-11,0.29045677539114295,0.29335719968178203,0.29335719968178203,0.29045677539114295,380.0
2016-04-12,0.2876392203659507,0.29004242906390876,0.29451736939803763,0.2876392203659507,116.0
2016-04-13,0.29501458499071864,0.2944345001325908,0.3024728188809334,0.2908711217183771,777.4
2016-04-14,0.2871420047732697,0.2940201538053567,0.29451736939803763,0.2871420047732697,129.0
2016-04-15,0.2956775391142933,0.29501458499071864,0.2957604083797401,0.2891308671439936,467.0
2016-04-18,0.2844073190135243,0.29319146115088834,0.2932743304163352,0.28432444974807747,152.0
2016-04-19,0.2931085918854415,0.29236276849642007,0.2931085918854415,0.2880535666931848,41.0
2016-04-20,0.2941858923362503,0.2897938212675683,0.2941858923362503,0.27562317687616017,193.0
2016-04-21,0.2767833465924158,0.28830217448952533,0.28855078228586584,0.2767833465924158,216.0
2016-04-22,0.287970697427738,0.28863365155131265,0.28863365155131265,0.27868933969769294,112.0
2016-04-25,0.27761203924688416,0.287970697427738,0.287970697427738,0.27761203924688416,40.0
2016-04-26,0.2878878281622912,0.28018098647573586,0.2878878281622912,0.28018098647573586,20.0
2016-04-27,0.29029103686024926,0.28838504375497215,0.29029103686024926,0.28200411031556616,141.0
2016-04-28,0.2882193052240785,0.2811754176610978,0.28830217448952533,0.2807610713338637,56.59
2016-04-29,0.277694908512331,0.2861475735879077,0.2861475735879077,0.277694908512331,36.0
2016-05-03,0.29004242906390876,0.29335719968178203,0.29335719968178203,0.2809268098647574,483.04
2016-05-04,0.2975006629541236,0.2914512065765049,0.2975006629541236,0.2914512065765049,391.0
2016-05-05,0.29004242906390876,0.2961747547069743,0.2965062317687616,0.29004242906390876,89.23
2016-05-06,0.28838504375497215,0.2982464863431451,0.29924091752850707,0.28838504375497215,39.0
2016-05-09,0.306616282153275,0.2848216653407584,0.306616282153275,0.2735514452399894,87.0
2016-05-10,0.29733492442322995,0.287473481835057,0.29733492442322995,0.27694908512330946,15.0
2016-05-11,0.28830217448952533,0.28888225934765316,0.28888225934765316,0.2831642800318218,69.0
2016-05-12,0.2780263855741183,0.28324714929726863,0.2890479978785468,0.2780263855741183,203.0
2016-05-13,0.29004242906390876,0.2896280827366746,0.29004242906390876,0.2810096791302042,54.0
2016-05-16,0.2960090161760806,0.2916169451073986,0.2960090161760806,0.2916169451073986,28.0
2016-05-17,0.2859818350570141,0.29004242906390876,0.2949317157252718,0.2859818350570141,47.0
2016-05-18,0.2834128878281623,0.282584195173694,0.2849045346062053,0.282584195173694,86.0
2016-05-19,0.27181119066560594,0.2842415804826306,0.2844901882789711,0.27181119066560594,81.54
2016-05-20,0.282584195173694,0.28407584195173696,0.28407584195173696,0.28183837178467247,50.54
2016-05-23,0.29153407584195173,0.28589896579156726,0.2916169451073986,0.28589896579156726,65.0
2016-05-24,0.28548461946433307,0.2847387960753116,0.28548461946433307,0.2847387960753116,3.0
2016-05-26,0.28432444974807747,0.2844901882789711,0.2844901882789711,0.28432444974807747,10.0
2016-05-27,0.28142402545743833,0.2813411561919915,0.28142402545743833,0.281092548395651,4115.0
2016-05-30,0.2813411561919915,0.28382723415539646,0.28382723415539646,0.2813411561919915,250.0
2016-05-31,0.28382723415539646,0.29004242906390876,0.29004242906390876,0.28382723415539646,697.99
2016-06-01,0.2906225139220366,0.29393728453990986,0.29393728453990986,0.2906225139220366,152.0
2016-06-02,0.2896280827366746,0.293854415274463,0.293854415274463,0.2896280827366746,30.0
2016-06-03,0.29368867674356935,0.2941858923362503,0.2941858923362503,0.29368867674356935,107.0
2016-06-06,0.2941858923362503,0.2921970299655264,0.2941858923362503,0.29203129143463274,410.26
2016-06-07,0.29211416070007956,0.293854415274463,0.293854415274463,0.2914512065765049,211.0
2016-06-08,0.29352293821267567,0.29344006894722885,0.29352293821267567,0.2912025987801644,255.0
2016-06-13,0.2891308671439936,0.2863961813842482,0.2891308671439936,0.2863961813842482,47.26
2016-06-15,0.28871652081675947,0.2911197295147176,0.2911197295147176,0.2873906125696102,67.98
2016-06-16,0.2906225139220366,0.2906225139220366,0.2906225139220366,0.2906225139220366,2.0
2016-06-17,0.2906225139220366,0.2906225139220366,0.2906225139220366,0.2906225139220366,890.0
2016-06-20,0.2906225139220366,0.2906225139220366,0.2906225139220366,0.2893794749403341,54.18
2016-06-21,0.2941858923362503,0.3180522407849377,0.3197096260938743,0.2892966056748873,356.26
2016-06-22,0.29045677539114295,0.3130800848581278,0.31473747016706444,0.29045677539114295,735.85
2016-06-23,0.2916998143728454,0.30396446565897645,0.3062848050914877,0.29029103686024926,1186.59
2016-06-24,0.2914512065765049,0.28540175019888625,0.2999038716520817,0.282584195173694,721.0
2016-06-27,0.2925285070273137,0.29236276849642007,0.2925285070273137,0.28407584195173696,4591.18
2016-06-28,0.29236276849642007,0.2929428533545479,0.2929428533545479,0.2887993900822063,6046.84
2016-06-29,0.29733492442322995,0.2912025987801644,0.29733492442322995,0.28540175019888625,278.0
2016-06-30,0.2911197295147176,0.2927771148236542,0.2960918854415274,0.29012529832935563,389.0
2016-07-01,0.292859984089101,0.2942687616016972,0.2942687616016972,0.2878878281622912,1710.0
2016-07-04,0.2949317157252718,0.3023070803500398,0.3023070803500398,0.2941858923362503,441.84
2016-07-05,0.29484884645982495,0.30180986475735877,0.3020584725536993,0.29484884645982495,58.0
2016-07-06,0.2983293556085919,0.3024728188809334,0.30968244497480774,0.2983293556085919,888.71
2016-07-07,0.3041302041898701,0.3088537523203394,0.32153274993370456,0.30305290373906124,927.0
2016-07-08,0.3089366215857863,0.30545611243701937,0.3089366215857863,0.29982100238663484,246.0
2016-07-11,0.3062848050914877,0.31017966056748875,0.31026252983293556,0.3062848050914877,204.0
2016-07-12,0.31009679130204193,0.3160633784142137,0.3161462476796606,0.306616282153275,168.0
2016-07-13,0.30827366746221163,0.31680920180323524,0.33006828427472823,0.30827366746221163,107.0
2016-07-14,0.3297368072129409,0.3152346857597454,0.3297368072129409,0.31158843808008485,98.0
2016-07-15,0.32965393794749404,0.3157319013524264,0.32965393794749404,0.31200278440731904,298.0
2016-07-18,0.312997215592681,0.3156490320869796,0.34647639883320075,0.31183704587642536,134.0
2016-07-19,0.3108426146910634,0.31863232564306554,0.32144988066825775,0.30686488994961547,55.32
2016-07-20,0.31158843808008485,0.3143231238398303,0.31854945637761867,0.31158843808008485,89.0
2016-07-21,0.3151518164942986,0.3164777247414479,0.3164777247414479,0.3125828692654468,105.0
2016-07-22,0.3110083532219571,0.31341156191991515,0.31863232564306554,0.3110083532219571,75.05
2016-07-25,0.3097653142402546,0.31200278440731904,0.31200278440731904,0.3097653142402546,64.0
2016-07-26,0.3162291169451074,0.3159805091487669,0.3162291169451074,0.3130800848581278,58.32
2016-07-27,0.31531755502519226,0.3167263325377884,0.31821797931583135,0.3097653142402546,630.0
2016-07-28,0.34009546539379476,0.317886502254044,0.34009546539379476,0.31150556881463803,63.0
2016-07-29,0.3297368072129409,0.317886502254044,0.3297368072129409,0.317886502254044,115.0
2016-08-01,0.317886502254044,0.3154832935560859,0.317886502254044,0.31158843808008485,56.0
2016-08-02,0.32542760540970567,0.3119199151418722,0.32542760540970567,0.31183704587642536,6.0
2016-08-03,0.3119199151418722,0.3119199151418722,0.31200278440731904,0.3119199151418722,20.0
2016-08-04,0.3119199151418722,0.3110912224874039,0.31349443118536197,0.3095995757093609,221.66
2016-08-05,0.31498607796340494,0.31490320869795807,0.31498607796340494,0.30810792893131794,135.0
2016-08-08,0.3256762132060462,0.3158147706178732,0.3256762132060462,0.3158147706178732,44.0
2016-08-09,0.3161462476796606,0.3161462476796606,0.3161462476796606,0.3161462476796606,450.0
2016-08-10,0.3272507292495359,0.3161462476796606,0.3272507292495359,0.3158147706178732,41.0
2016-08-11,0.31871519490851236,0.3161462476796606,0.3187980641739592,0.3077764518695306,56.0
2016-08-12,0.31490320869795807,0.31482033943251125,0.31490320869795807,0.3139087775125961,112.0
2016-08-15,0.317886502254044,0.3190466719702997,0.32153274993370456,0.3079421904004243,546.59
2016-08-16,0.3221957040572792,0.3218642269954919,0.3221957040572792,0.3187980641739592,204.0
2016-08-17,0.31871519490851236,0.3221957040572792,0.3222785733227261,0.31871519490851236,108.47
2016-08-18,0.32940533015115353,0.31954388756298063,0.32940533015115353,0.31457173163617075,65.0
2016-08-19,0.31954388756298063,0.318880933439406,0.3279965526385574,0.31821797931583135,83.0
2016-08-22,0.3272507292495359,0.3216156191991514,0.3272507292495359,0.32062118801378947,91.0
2016-08-23,0.31208565367276586,0.3288252452930257,0.3305654998674092,0.31208565367276586,195.59
2016-08-24,0.3121685229382127,0.3199582338902148,0.3271678599840891,0.31208565367276586,88.59
2016-08-25,0.3207869265446831,0.3190466719702997,0.3207869265446831,0.3125828692654468,148.0
2016-08-26,0.3176378944577036,0.3176378944577036,0.3176378944577036,0.3176378944577036,122.0
2016-08-29,0.3191295412357465,0.31821797931583135,0.3191295412357465,0.31821797931583135,21.0
2016-08-30,0.33064836913285606,0.31490320869795807,0.33064836913285606,0.3124171307345532,113.0
2016-08-31,0.3183008485812782,0.31656059400689474,0.3183008485812782,0.3164777247414479,72.0
2016-09-01,0.31656059400689474,0.3146546009016176,0.31656059400689474,0.31158843808008485,29.0
2016-09-02,0.3199582338902148,0.31490320869795807,0.3297368072129409,0.31158843808008485,128.0
2016-09-05,0.3229415274463007,0.3162291169451074,0.3229415274463007,0.3152346857597454,80.0
2016-09-06,0.31490320869795807,0.3289909838239194,0.3289909838239194,0.3128314770617873,284.0
2016-09-07,0.3191295412357465,0.3194610182975338,0.3241016971625564,0.3179693715194909,185.0
2016-09-08,0.31656059400689474,0.31705780959957575,0.32675351365685495,0.3159805091487669,123.0
2016-09-09,0.31664346327234155,0.3211184036064704,0.3226100503845134,0.31664346327234155,83.0
2016-09-12,0.31233426146910637,0.31639485547600105,0.3220299655263856,0.31233426146910637,91.0
2016-09-13,0.3127486077963405,0.3177207637231504,0.3183008485812782,0.3127486077963405,34.0
2016-09-14,0.3158147706178732,0.3139087775125961,0.3158147706178732,0.3124171307345532,43.59
2016-09-19,0.3158147706178732,0.31158843808008485,0.31656059400689474,0.3024728188809334,43.0
2016-09-20,0.30520750464067886,0.3156490320869796,0.32194709626093876,0.30520750464067886,165.0
2016-09-21,0.31150556881463803,0.31183704587642536,0.31183704587642536,0.31150556881463803,31.01
2016-09-22,0.31183704587642536,0.3139087775125961,0.3158976398833201,0.31183704587642536,25.0
2016-09-23,0.3098481835057014,0.31150556881463803,0.31316295412357464,0.3098481835057014,32.0
2016-09-26,0.31498607796340494,0.30827366746221163,0.31498607796340494,0.30371585786263594,214.0
2016-09-27,0.32277578891540704,0.3062019358260408,0.32277578891540704,0.3025556881463803,152.0
2016-09-28,0.30040108724476267,0.30835653672765845,0.30835653672765845,0.30040108724476267,12.59
2016-09-29,0.32277578891540704,0.3058704587642535,0.32277578891540704,0.3058704587642535,121.59
2016-09-30,0.3008154335719968,0.3141573853089366,0.3146546009016176,0.3008154335719968,35.85
2016-10-10,0.31341156191991515,0.31349443118536197,0.31349443118536197,0.31341156191991515,19.0
2016-10-11,0.3174721559268099,0.31490320869795807,0.3177207637231504,0.31490320869795807,10.0
2016-10-12,0.31531755502519226,0.32012397242110846,0.32028971095200215,0.3075278440731901,32.0
2016-10-13,0.32004110315566164,0.3158147706178732,0.32004110315566164,0.3158147706178732,22.0
2016-10-14,0.3080250596658711,0.3157319013524264,0.3157319013524264,0.3080250596658711,53.0
2016-10-17,0.3157319013524264,0.3151518164942986,0.3231072659771944,0.31506894722885176,49.0
2016-10-18,0.3076935826040838,0.32178135773004507,0.32178135773004507,0.3076935826040838,297.0
2016-10-19,0.31490320869795807,0.3151518164942986,0.3221957040572792,0.31490320869795807,122.0
2016-10-20,0.31656059400689474,0.3164777247414479,0.31656059400689474,0.31498607796340494,136.82
2016-10-21,0.3158147706178732,0.31664346327234155,0.31664346327234155,0.3124171307345532,93.82
2016-10-24,0.31664346327234155,0.31664346327234155,0.3172235481304694,0.31664346327234155,109.0
2016-10-25,0.31316295412357464,0.31896380270485286,0.3216156191991514,0.31316295412357464,125.82
2016-10-26,0.3160633784142137,0.3207040572792363,0.3207040572792363,0.3160633784142137,227.82
2016-10-27,0.3144059931052771,0.3228586581808539,0.3228586581808539,0.3144059931052771,456.0
2016-10-28,0.31705780959957575,0.31979249535932114,0.3220299655263856,0.31705780959957575,259.0
2016-10-31,0.31979249535932114,0.3196267568284275,0.31979249535932114,0.31954388756298063,54.0
2016-11-01,0.3197096260938743,0.3197096260938743,0.3197096260938743,0.3197096260938743,27.0
2016-11-02,0.3190466719702997,0.3190466719702997,0.3190466719702997,0.3190466719702997,104.87
2016-11-03,0.3190466719702997,0.3192124105011933,0.32302439671174754,0.3130800848581278,68.16
2016-11-04,0.318880933439406,0.3220299655263856,0.3220299655263856,0.31531755502519226,52.0
2016-11-07,0.3183008485812782,0.32128414213736406,0.32128414213736406,0.3183008485812782,64.0
2016-11-08,0.31506894722885176,0.31987536462476795,0.32136701140281093,0.31506894722885176,177.78
2016-11-09,0.31871519490851236,0.31871519490851236,0.31871519490851236,0.31871519490851236,18.0
2016-11-10,0.3095995757093609,0.32012397242110846,0.3228586581808539,0.3095995757093609,16.16
2016-11-11,0.3154832935560859,0.3199582338902148,0.3231072659771944,0.3154832935560859,66.35
2016-11-14,0.31366016971625565,0.3190466719702997,0.3226100503845134,0.31366016971625565,14.0
2016-11-15,0.3190466719702997,0.3226100503845134,0.3226100503845134,0.31664346327234155,34.0
2016-11-16,0.3221957040572792,0.3224443118536197,0.3225271811190666,0.32169848846459825,143.0
2016-11-17,0.3199582338902148,0.3221957040572792,0.3221957040572792,0.3199582338902148,17.0
2016-11-18,0.31531755502519226,0.3221957040572792,0.3221957040572792,0.31531755502519226,34.95
2016-11-21,0.3207869265446831,0.3207040572792363,0.3207869265446831,0.3207040572792363,3.0
2016-11-22,0.32144988066825775,0.3210355343410236,0.32153274993370456,0.3210355343410236,75.0
2016-11-23,0.3156490320869796,0.31954388756298063,0.3220299655263856,0.3156490320869796,105.95
2016-11-24,0.3154004242906391,0.3272507292495359,0.3273335985149828,0.3154004242906391,83.0
2016-11-25,0.32302439671174754,0.32493038981702466,0.32493038981702466,0.3229415274463007,166.0
2016-11-28,0.33006828427472823,0.3291567223548131,0.33006828427472823,0.31689207106868206,102.95
2016-11-29,0.3291567223548131,0.3308141076637497,0.3308141076637497,0.3191295412357465,288.0
2016-11-30,0.3308141076637497,0.3307312383983029,0.3308141076637497,0.3307312383983029,21.0
2016-12-01,0.33064836913285606,0.33048263060196237,0.33064836913285606,0.32426743569345,168.33
2016-12-02,0.3272507292495359,0.32484752055157784,0.3273335985149828,0.32484752055157784,84.0
2016-12-05,0.32484752055157784,0.3245160434897905,0.32484752055157784,0.32302439671174754,35.0
2016-12-06,0.3245160434897905,0.3298196764783877,0.3298196764783877,0.31987536462476795,331.68
2016-12-07,0.3256762132060462,0.32319013524264123,0.3256762132060462,0.32319013524264123,294.93
2016-12-08,0.32534473614425885,0.33023402280562186,0.33023402280562186,0.32534473614425885,88.68
2016-12-09,0.32642203659506763,0.3279965526385574,0.3279965526385574,0.32642203659506763,16.0
2016-12-12,0.32426743569345,0.32153274993370456,0.3305654998674092,0.31332869265446833,302.0
2016-12-13,0.3187980641739592,0.3180522407849377,0.318880933439406,0.3180522407849377,28.0
2016-12-14,0.31738928666136307,0.3174721559268099,0.3180522407849377,0.31738928666136307,15.29
2016-12-15,0.31689207106868206,0.31324582338902146,0.3209526650755768,0.3077764518695306,191.0
2016-12-16,0.30868801378944577,0.3255104746751525,0.3255104746751525,0.30868801378944577,26.0
2016-12-19,0.3197096260938743,0.3197096260938743,0.3197096260938743,0.3197096260938743,6.0
2016-12-20,0.31473747016706444,0.31473747016706444,0.31473747016706444,0.31473747016706444,100.0
2016-12-21,0.32484752055157784,0.3161462476796606,0.32484752055157784,0.3161462476796606,14.0
2016-12-22,0.32426743569345,0.31656059400689474,0.32426743569345,0.30868801378944577,266.0
2016-12-23,0.32277578891540704,0.32277578891540704,0.32277578891540704,0.32277578891540704,10.0
2016-12-26,0.31457173163617075,0.31457173163617075,0.31457173163617075,0.31457173163617075,3.01
2016-12-27,0.3180522407849377,0.31125696101829753,0.31821797931583135,0.31034539909838244,23.0
2016-12-28,0.31490320869795807,0.31490320869795807,0.31490320869795807,0.31490320869795807,42.0
2016-12-29,0.31490320869795807,0.31490320869795807,0.31490320869795807,0.31490320869795807,52.29
2016-12-30,0.3221128347918324,0.3140745160434898,0.3221128347918324,0.3140745160434898,45.01
2017-01-03,0.3164777247414479,0.3220299655263856,0.3220299655263856,0.3164777247414479,99.01
2017-01-04,0.31821797931583135,0.3216156191991514,0.3277479448422169,0.3172235481304694,128.0
2017-01-05,0.3207040572792363,0.3207040572792363,0.3207040572792363,0.3207040572792363,1.0
2017-01-06,0.3205383187483426,0.3207040572792363,0.3207040572792363,0.3205383187483426,6.0
2017-01-09,0.32062118801378947,0.3190466719702997,0.32062118801378947,0.3190466719702997,3.86
2017-01-10,0.3190466719702997,0.3225271811190666,0.3225271811190666,0.3190466719702997,43.0
2017-01-11,0.31896380270485286,0.3222785733227261,0.3222785733227261,0.30868801378944577,15.0
2017-01-12,0.31838371784672503,0.32807942190400424,0.32807942190400424,0.3183008485812782,122.86
2017-01-13,0.3164777247414479,0.3263391673296208,0.3263391673296208,0.3126657385308937,197.0
2017-01-16,0.3159805091487669,0.3159805091487669,0.3159805091487669,0.3159805091487669,1.0
2017-01-17,0.3256762132060462,0.32153274993370456,0.3256762132060462,0.31291434632723414,297.0
2017-01-18,0.32153274993370456,0.3221128347918324,0.32302439671174754,0.30810792893131794,39.0
2017-01-19,0.32642203659506763,0.3220299655263856,0.32642203659506763,0.31813511005038453,14.0
2017-01-20,0.32194709626093876,0.32120127287191724,0.32319013524264123,0.31366016971625565,34.0
2017-01-23,0.32120127287191724,0.32120127287191724,0.32120127287191724,0.32120127287191724,2.0
2017-01-24,0.32028971095200215,0.32028971095200215,0.32028971095200215,0.32028971095200215,32.95
2017-01-25,0.3207040572792363,0.3207040572792363,0.3207040572792363,0.3207040572792363,4.01
2017-01-26,0.3245160434897905,0.32136701140281093,0.3245160434897905,0.32136701140281093,83.91
2017-02-06,0.3263391673296208,0.32136701140281093,0.3263391673296208,0.32136701140281093,42.0
2017-02-07,0.32136701140281093,0.3255104746751525,0.3255104746751525,0.32012397242110846,108.0
2017-02-08,0.32517899761336516,0.32319013524264123,0.32517899761336516,0.32319013524264123,15.0
2017-02-09,0.32319013524264123,0.3277479448422169,0.3277479448422169,0.32319013524264123,13.0
2017-02-10,0.3255104746751525,0.3274993370458764,0.3274993370458764,0.32352161230442855,217.0
2017-02-13,0.3273335985149828,0.3271678599840891,0.3273335985149828,0.3271678599840891,43.41
2017-02-14,0.32360448156987537,0.32360448156987537,0.32360448156987537,0.32360448156987537,4.0
2017-02-15,0.32302439671174754,0.3272507292495359,0.3272507292495359,0.3220299655263856,37.0
2017-02-16,0.32484752055157784,0.324764651286131,0.32484752055157784,0.32037258021744897,88.41
2017-02-17,0.3273335985149828,0.3258419517369398,0.3273335985149828,0.3258419517369398,9.0
2017-02-20,0.3258419517369398,0.3258419517369398,0.3258419517369398,0.3216156191991514,29.47
2017-02-21,0.32650490586051445,0.32791368337311055,0.33064836913285606,0.3221128347918324,264.7
2017-02-22,0.32783081410766374,0.3295710686820472,0.32965393794749404,0.3277479448422169,150.0
2017-02-23,0.32940533015115353,0.32807942190400424,0.3297368072129409,0.3279965526385574,56.59
2017-02-24,0.3289909838239194,0.32965393794749404,0.3297368072129409,0.3282451604348979,51.0
2017-02-27,0.32940533015115353,0.33006828427472823,0.331145584725537,0.3246817820206842,159.58
2017-02-28,0.3289909838239194,0.3272507292495359,0.32990254574383454,0.32401882789710956,120.0
2017-03-01,0.3272507292495359,0.3287423760275789,0.33048263060196237,0.3221128347918324,64.0
2017-03-02,0.32343874303898174,0.3284937682312384,0.3310627154600902,0.32343874303898174,51.0
2017-03-03,0.32791368337311055,0.3269192521877486,0.32791368337311055,0.3223614425881729,10.0
2017-03-06,0.32335587377353486,0.3255933439405993,0.32667064439140814,0.32335587377353486,115.71
2017-03-07,0.32319013524264123,0.3273335985149828,0.3277479448422169,0.32319013524264123,59.0
2017-03-08,0.32658777512596127,0.3273335985149828,0.3276650755767701,0.3261734287987271,46.0
2017-03-09,0.3209526650755768,0.32542760540970567,0.32542760540970567,0.3209526650755768,14.0
2017-03-10,0.325261866878812,0.3260905595332803,0.3260905595332803,0.325261866878812,19.0
2017-03-13,0.3260076902678335,0.3313113232564307,0.3313113232564307,0.3260076902678335,88.0
2017-03-14,0.3310627154600902,0.3274164677804296,0.3310627154600902,0.3274164677804296,72.0
2017-03-15,0.3289909838239194,0.32675351365685495,0.3289909838239194,0.32667064439140814,31.24
2017-03-16,0.32700212145319546,0.33122845399098383,0.33122845399098383,0.32700212145319546,73.24
2017-03-17,0.3289081145584726,0.3292395916202599,0.3292395916202599,0.3289081145584726,26.0
2017-03-20,0.3292395916202599,0.33371453195438877,0.33371453195438877,0.3271678599840891,45.0
2017-03-21,0.3308969769291965,0.33164280031821797,0.33354879342349514,0.3290738530893662,113.0
2017-03-22,0.33164280031821797,0.3276650755767701,0.33164280031821797,0.3276650755767701,92.47
2017-03-23,0.3331344470962609,0.33429461681251654,0.33454322460885705,0.3290738530893662,580.53
2017-03-24,0.3341288782816229,0.33702930257226205,0.33702930257226205,0.3341288782816229,452.76
2017-03-27,0.3362006099177937,0.3420843277645187,0.34796804561124367,0.3338802704852824,296.0
2017-03-28,0.3397639883320074,0.3470564836913285,0.3646247679660568,0.32650490586051445,200.0
2017-03-29,0.34622779103686024,0.33454322460885705,0.34622779103686024,0.33321731636170776,120.0
2017-03-30,0.3277479448422169,0.3341288782816229,0.33479183240519755,0.3277479448422169,208.0
2017-03-31,0.33777512596128345,0.34307875894988066,0.343907451604349,0.3361177406523469,176.0
2017-04-05,0.34307875894988066,0.34307875894988066,0.34307875894988066,0.33296870856536726,152.27
2017-04-06,0.33910103420843274,0.3397639883320074,0.3397639883320074,0.3348747016706444,123.0
2017-04-07,0.3371950411031557,0.3386866878811986,0.3389352956775391,0.3371950411031557,161.0
2017-04-10,0.33885242641209234,0.3362006099177937,0.33885242641209234,0.3362006099177937,117.0
2017-04-11,0.33644921771413416,0.3331344470962609,0.33644921771413416,0.3331344470962609,34.0
2017-04-12,0.33371453195438877,0.34697361442588176,0.3470564836913285,0.33371453195438877,24.0
2017-04-13,0.3323886237072395,0.3394325112702201,0.339515380535667,0.3323886237072395,18.0
2017-04-14,0.33064836913285606,0.3392667727393265,0.33934964200477324,0.33064836913285606,41.0
2017-04-17,0.3391839034738796,0.3391839034738796,0.3391839034738796,0.3391839034738796,5.0
2017-04-18,0.3378579952267303,0.3381894722885177,0.3391839034738796,0.3378579952267303,69.0
2017-04-19,0.33147706178732433,0.33777512596128345,0.3379408644921772,0.33147706178732433,67.0
2017-04-20,0.33727791036860255,0.34274728188809334,0.34283015115354015,0.33727791036860255,72.0
2017-04-21,0.34274728188809334,0.3386866878811986,0.34274728188809334,0.33727791036860255,200.0
2017-04-24,0.3386866878811986,0.33702930257226205,0.3386866878811986,0.3323057544417926,23.0
2017-04-25,0.34539909838239197,0.3389352956775391,0.34539909838239197,0.33636634844868735,88.0
2017-04-26,0.3387695571466455,0.3389352956775391,0.34539909838239197,0.3387695571466455,21.0
2017-04-27,0.3323886237072395,0.3386866878811986,0.3387695571466455,0.3323886237072395,13.0
2017-04-28,0.3328029700344736,0.33860381861575184,0.33860381861575184,0.3328029700344736,10.0
2017-05-02,0.3328858392999205,0.3328858392999205,0.3328858392999205,0.3328858392999205,2.0
2017-05-03,0.33959824980111375,0.33147706178732433,0.33959824980111375,0.33147706178732433,38.0
2017-05-04,0.33354879342349514,0.33354879342349514,0.33354879342349514,0.33354879342349514,1.0
2017-05-08,0.3273335985149828,0.33048263060196237,0.33810660302307083,0.3273335985149828,503.0
2017-05-09,0.3387695571466455,0.33644921771413416,0.3387695571466455,0.33644921771413416,10.0
2017-05-10,0.31979249535932114,0.3289909838239194,0.33628347918324053,0.31979249535932114,16.0
2017-05-12,0.32816229116945106,0.33064836913285606,0.33064836913285606,0.32816229116945106,2.0
2017-05-15,0.33959824980111375,0.3313941925218775,0.33959824980111375,0.33064836913285606,38.0
2017-05-16,0.33147706178732433,0.33959824980111375,0.33959824980111375,0.3310627154600902,52.29
2017-05-17,0.337526518164943,0.3357862635905595,0.337526518164943,0.3298196764783877,8.0
2017-05-18,0.3346260938743039,0.33479183240519755,0.3352061787324317,0.3337974012198356,70.0
2017-05-19,0.33479183240519755,0.3415871121718377,0.3415871121718377,0.3346260938743039,112.0
2017-05-22,0.33644921771413416,0.3412556351100504,0.3412556351100504,0.3354547865287722,53.29
2017-05-23,0.3389352956775391,0.34117276584460354,0.34117276584460354,0.3369464333068152,65.0
2017-05-24,0.34117276584460354,0.3410070273137099,0.34117276584460354,0.33860381861575184,89.0
2017-05-25,0.3397639883320074,0.34059268098647577,0.34307875894988066,0.33727791036860255,688.0
2017-05-26,0.34142137364094405,0.34067555025192253,0.34142137364094405,0.34059268098647577,54.75
2017-05-31,0.3422500662954124,0.34117276584460354,0.3455648369132856,0.34117276584460354,7.0
2017-06-01,0.34117276584460354,0.34142137364094405,0.3470564836913285,0.3410898965791567,46.0
2017-06-02,0.34133850437549723,0.3476365685494564,0.3476365685494564,0.34092415804826304,43.0
2017-06-05,0.3420014584990719,0.3421671970299655,0.3421671970299655,0.3420014584990719,22.0
2017-06-06,0.342415804826306,0.34133850437549723,0.342415804826306,0.33959824980111375,48.0
2017-06-07,0.346807875894988,0.3450676213206046,0.346807875894988,0.3450676213206046,95.0
2017-06-08,0.34722222222222227,0.3521943781490321,0.3521943781490321,0.3468907451604349,79.47
2017-06-09,0.3508684699018828,0.35633784142137365,0.35633784142137365,0.3484652612039247,48.47
2017-06-12,0.35940400424290636,0.355177671705118,0.35965261203924687,0.35003977724741453,57.47
2017-06-13,0.35633784142137365,0.3564207106868205,0.3590725271811191,0.35633784142137365,34.0
2017-06-14,0.3628016441262265,0.3570007955449483,0.3628016441262265,0.3570007955449483,18.47
2017-06-15,0.35468045611243704,0.35310594006894724,0.38119862105542296,0.34987403871652084,42.0
2017-06-16,0.37034274728188815,0.36793953858393,0.3704256165473349,0.3534374171307345,20.0
2017-06-19,0.3603984354282684,0.35865818085388496,0.36329885971890746,0.355177671705118,108.0
2017-06-20,0.36130999734818353,0.35733227260673567,0.36130999734818353,0.35733227260673567,70.0
2017-06-21,0.3588239193847786,0.3588239193847786,0.3588239193847786,0.35302307080350037,17.0
2017-06-22,0.35915539644656586,0.35683505701405466,0.35915539644656586,0.35617210289048,7.0
2017-06-23,0.36296738265712014,0.36114425881728984,0.36296738265712014,0.3569179262795015,38.0
2017-06-26,0.36296738265712014,0.3636303367806948,0.3636303367806948,0.35998408910103424,72.47
2017-06-27,0.36321599045346065,0.37034274728188815,0.37034274728188815,0.36321599045346065,42.0
2017-06-28,0.3702598780164413,0.36528772208963145,0.3702598780164413,0.3621386900026518,14.0
2017-06-29,0.369431185361973,0.36959692389286664,0.36959692389286664,0.369431185361973,30.0
2017-06-30,0.3687682312383983,0.3687682312383983,0.3687682312383983,0.36296738265712014,74.97
2017-07-04,0.36802240784937684,0.36802240784937684,0.36802240784937684,0.36802240784937684,4.0
2017-07-05,0.35741514187218243,0.3572494033412888,0.36802240784937684,0.3572494033412888,41.0
2017-07-06,0.36628215327499336,0.36296738265712014,0.36628215327499336,0.3577466189339698,30.0
2017-07-07,0.3687682312383983,0.36296738265712014,0.3687682312383983,0.36296738265712014,96.0
2017-07-10,0.3633817289843543,0.3633817289843543,0.3633817289843543,0.3633817289843543,2.0
2017-07-11,0.3604813046937152,0.3604813046937152,0.3604813046937152,0.3604813046937152,92.97
2017-07-12,0.3604813046937152,0.3553434102360117,0.3604813046937152,0.3550948024396712,6.0
2017-07-13,0.3579952267303103,0.36454189870060993,0.36454189870060993,0.3541003712543092,6.0
2017-07-14,0.3608127817555025,0.3608127817555025,0.3608127817555025,0.3608127817555025,100.0
2017-07-17,0.38111575178997614,0.3783810660302307,0.38111575178997614,0.3783810660302307,29.0
2017-07-18,0.38119862105542296,0.353188809334394,0.38119862105542296,0.353188809334394,58.0
2017-07-19,0.37117143993635643,0.35741514187218243,0.37117143993635643,0.35310594006894724,29.0
2017-07-20,0.36296738265712014,0.3608956510209494,0.36296738265712014,0.3550948024396712,77.0
2017-07-21,0.3607299124900557,0.3671937151949085,0.3671937151949085,0.3569179262795015,54.0
2017-07-24,0.363050251922567,0.36139286661363035,0.363050251922567,0.35633784142137365,52.0
2017-07-25,0.35840957305754445,0.35965261203924687,0.35965261203924687,0.35840957305754445,2.0
2017-07-26,0.3595697427738001,0.3583267037920976,0.3595697427738001,0.3511999469636702,109.0
2017-07-27,0.3720830018562716,0.35948687350835323,0.3720830018562716,0.3553434102360117,23.0
2017-07-28,0.3555091487669053,0.3577466189339698,0.3577466189339698,0.3555091487669053,12.0
2017-07-31,0.3580780959957571,0.360066958366481,0.360066958366481,0.3532716785998409,20.0
2017-08-01,0.3571665340758419,0.3575808804030762,0.3575808804030762,0.35484619464333067,4.0
2017-08-02,0.3555091487669053,0.35816096526120395,0.35816096526120395,0.3516971625563511,29.0
2017-08-03,0.355177671705118,0.35468045611243704,0.355177671705118,0.3534374171307345,38.0
2017-08-04,0.36445902943516306,0.35335454786528775,0.36445902943516306,0.34755369928400953,98.0
2017-08-07,0.36023269689737475,0.3585753115884381,0.36023269689737475,0.349293953858393,31.0
2017-08-08,0.3572494033412888,0.3521943781490321,0.35733227260673567,0.3521943781490321,73.0
2017-08-09,0.35633784142137365,0.35915539644656586,0.35915539644656586,0.35633784142137365,101.0
2017-08-10,0.35915539644656586,0.3687682312383983,0.37108857067090956,0.35285733227260674,359.0
2017-08-11,0.36777380005303634,0.3575808804030762,0.36777380005303634,0.35285733227260674,70.0
2017-08-14,0.3575808804030762,0.35915539644656586,0.36288451339167327,0.3575808804030762,125.43
2017-08-15,0.36147573587907716,0.36164147440997085,0.36288451339167327,0.3604813046937152,79.0
2017-08-16,0.36155860514452404,0.36139286661363035,0.36155860514452404,0.35998408910103424,51.0
2017-08-17,0.3604813046937152,0.36288451339167327,0.36288451339167327,0.3540175019888624,41.29
2017-08-18,0.36288451339167327,0.3628016441262265,0.36288451339167327,0.35865818085388496,50.0
2017-08-21,0.3628016441262265,0.3635474675152479,0.3635474675152479,0.3608956510209494,49.0
2017-08-22,0.36454189870060993,0.3646247679660568,0.36785666931848315,0.362055820737205,33.0
2017-08-23,0.36528772208963145,0.36147573587907716,0.36528772208963145,0.36114425881728984,40.0
2017-08-24,0.36147573587907716,0.36553632988597184,0.36553632988597184,0.36147573587907716,19.72
2017-08-25,0.3652048528241846,0.3621386900026518,0.3652048528241846,0.3621386900026518,18.0
2017-08-28,0.3622215592680987,0.36636502254044023,0.36636502254044023,0.35840957305754445,78.0
2017-08-29,0.3633817289843543,0.3646247679660568,0.3661164147440997,0.3623872977989923,46.0
2017-08-30,0.36296738265712014,0.36454189870060993,0.36454189870060993,0.3588239193847786,19.0
2017-08-31,0.3641275523733758,0.3646247679660568,0.3687682312383983,0.3641275523733758,23.0
2017-09-04,0.366945107398568,0.3727459559798462,0.37291169451073986,0.3621386900026518,153.0
2017-09-05,0.3712543092018033,0.367442322991249,0.3712543092018033,0.36445902943516306,7.0
2017-09-06,0.363050251922567,0.3654534606205251,0.3654534606205251,0.35998408910103424,59.0
2017-09-07,0.363050251922567,0.36288451339167327,0.363050251922567,0.3623872977989923,74.0
2017-09-08,0.3631331211880138,0.363050251922567,0.3631331211880138,0.35865818085388496,79.0
2017-09-11,0.3580780959957571,0.36321599045346065,0.3633817289843543,0.3580780959957571,57.0
2017-09-12,0.36147573587907716,0.3633817289843543,0.36396181384248216,0.36147573587907716,280.0
2017-09-13,0.36296738265712014,0.363050251922567,0.3649562450278441,0.3598183505701405,127.0
2017-09-14,0.3636303367806948,0.3654534606205251,0.3654534606205251,0.3636303367806948,70.0
2017-09-15,0.3631331211880138,0.36445902943516306,0.36661363033678074,0.3631331211880138,79.0
2017-09-18,0.3638789445770353,0.37266308671439935,0.37266308671439935,0.3638789445770353,235.0
2017-09-19,0.37241447891805884,0.36677936886767437,0.37241447891805884,0.36636502254044023,240.0
2017-09-20,0.36835388491116416,0.37009413948554765,0.37009413948554765,0.36835388491116416,164.5
2017-09-21,0.3687682312383983,0.36959692389286664,0.36959692389286664,0.36785666931848315,159.71
2017-09-25,0.36959692389286664,0.36802240784937684,0.3724973481835057,0.36802240784937684,22.0
2017-09-26,0.36984553168920714,0.36992840095465396,0.36992840095465396,0.36810527711482366,56.0
2017-09-27,0.3718343940599311,0.3705084858127818,0.3727459559798462,0.36992840095465396,261.71
2017-09-28,0.3739061256961018,0.4015015910898966,0.4018330681516839,0.3739061256961018,245.5
2017-09-29,0.4015015910898966,0.38119862105542296,0.4015015910898966,0.38119862105542296,53.0
2017-10-09,0.3812814903208698,0.3936290108724476,0.4060594006894723,0.3812814903208698,279.27
2017-10-10,0.3869994696367011,0.39727525855210816,0.39777247414478917,0.38617077698223284,104.0
2017-10-11,0.39984420578095997,0.3997613365155131,0.39984420578095997,0.38965128613099975,1726.92
2017-10-12,0.39652943516308675,0.3961150888358526,0.39677804295942726,0.3918058870326173,411.55
2017-10-13,0.3961150888358526,0.39984420578095997,0.4001756828427473,0.3961150888358526,128.02
2017-10-16,0.39984420578095997,0.40440201538053566,0.41815831344470966,0.39984420578095997,96.0
2017-10-17,0.40440201538053566,0.40440201538053566,0.40440201538053566,0.39942985945372583,62.0
2017-10-18,0.40440201538053566,0.4002585521081941,0.40440201538053566,0.39942985945372583,179.78
2017-10-19,0.4002585521081941,0.41434632723415543,0.41716388225934764,0.4002585521081941,321.0
2017-10-20,0.4068880933439406,0.4132690267833466,0.41418058870326174,0.40547931583134444,508.0
2017-10-23,0.41583797401219835,0.41426345796870856,0.4159208432776452,0.4035733227260674,337.0
2017-10-24,0.4109486873508353,0.4087112171837709,0.4109486873508353,0.40763391673296206,42.0
2017-10-25,0.4090426942455582,0.422881861575179,0.4495657650490586,0.4090426942455582,249.0
2017-10-26,0.422881861575179,0.4137662423760276,0.43009148766905336,0.4137662423760276,759.0
2017-10-27,0.41434632723415543,0.41766109785202865,0.42221890745160434,0.41434632723415543,195.0
2017-10-30,0.41766109785202865,0.41915274463007157,0.42321333863696636,0.41103155661628216,613.71
2017-10-31,0.41931848316096526,0.416998143728454,0.41931848316096526,0.41426345796870856,327.37
2017-11-01,0.41848979050649693,0.43009148766905336,0.4392071068682047,0.416998143728454,734.26
2017-11-02,0.41931848316096526,0.41840692124105017,0.4209758684699019,0.4179925749138159,177.0
2017-11-03,0.41848979050649693,0.4185726597719438,0.424373508353222,0.41848979050649693,153.87
2017-11-06,0.4185726597719438,0.4300086184036065,0.430754441792628,0.41103155661628216,519.0
2017-11-07,0.4218045611243702,0.4251193317422434,0.429760010607266,0.4201471758154336,310.0
2017-11-08,0.4218045611243702,0.4295114028109255,0.4301743569345001,0.4218045611243702,145.87
2017-11-09,0.429262795014585,0.43589233625033147,0.4416103155661628,0.4226332537788385,109.0
2017-11-10,0.4251193317422434,0.436140944046672,0.44417926279501463,0.4251193317422434,472.75
2017-11-13,0.43589233625033147,0.4392071068682047,0.440035799522673,0.429262795014585,177.0
2017-11-14,0.43257756563245825,0.4276882789710952,0.43547798992309733,0.4236276849642005,219.0
2017-11-15,0.42760540970564836,0.42760540970564836,0.4333233890214797,0.42743967117475473,213.75
2017-11-16,0.4317488729779899,0.42777114823654205,0.4317488729779899,0.42760540970564836,205.0
2017-11-17,0.4334062582869266,0.43141739591620265,0.4334062582869266,0.42801975603288256,106.0
2017-11-20,0.43009148766905336,0.4232962079024131,0.43009148766905336,0.4069709626093874,1052.0
2017-11-21,0.4232962079024131,0.42826836382922306,0.4299257491381596,0.4232962079024131,199.0
2017-11-22,0.4299257491381596,0.4295114028109255,0.43257756563245825,0.42429063908777515,285.0
2017-11-23,0.42354481569875363,0.41666666666666663,0.4312516573853089,0.41641805887032624,689.0
2017-11-24,0.41434632723415543,0.4140977194378149,0.41434632723415543,0.41103155661628216,195.0
2017-11-27,0.4109486873508353,0.39926412092283214,0.4109486873508353,0.3979382126756828,234.0
2017-11-28,0.39777247414478917,0.4017501988862371,0.40523070803500394,0.39777247414478917,128.02
2017-11-29,0.4018330681516839,0.4099542561654734,0.4099542561654734,0.3946234420578096,226.0
2017-11-30,0.4201471758154336,0.4068880933439406,0.4201471758154336,0.3969437814903209,225.0
2017-12-01,0.40597653142402546,0.39909838239193846,0.40597653142402546,0.39677804295942726,49.0
2017-12-04,0.39926412092283214,0.40092150623176875,0.40092150623176875,0.39926412092283214,39.0
2017-12-05,0.39777247414478917,0.40067289843542825,0.40067289843542825,0.3936290108724476,25.0
2017-12-06,0.39860116679925744,0.39785534341023604,0.4035733227260674,0.3966123044285335,125.0
2017-12-07,0.39777247414478917,0.39777247414478917,0.39777247414478917,0.39777247414478917,9.0
2017-12-08,0.39495491911959696,0.3991812516573853,0.3991812516573853,0.3900656324582339,115.47
2017-12-11,0.3989326438610448,0.40564505436223813,0.40564505436223813,0.3985182975338107,404.94
2017-12-12,0.40755104746751525,0.40440201538053566,0.4087112171837709,0.40299323786793956,165.25
2017-12-13,0.400341421373641,0.4073853089366216,0.4073853089366216,0.400341421373641,185.0
2017-12-14,0.40473349244232304,0.4085454786528772,0.4085454786528772,0.40473349244232304,84.47
2017-12-15,0.4048992309732167,0.40440201538053566,0.4060594006894723,0.40291036860249274,353.78
2017-12-18,0.40440201538053566,0.40315897639883325,0.40440201538053566,0.4027446300715991,62.0
2017-12-19,0.40564505436223813,0.40564505436223813,0.40564505436223813,0.4027446300715991,22.47
2017-12-20,0.40572792362768495,0.4108658180853885,0.4109486873508353,0.40572792362768495,77.29
2017-12-21,0.4108658180853885,0.4120259878016442,0.4148435428268364,0.40920843277645186,100.0
2017-12-22,0.4154236276849642,0.4065566162821533,0.4154236276849642,0.4063908777512596,234.78
2017-12-25,0.41103155661628216,0.41558936621585785,0.416003712543092,0.41103155661628216,263.07
2017-12-26,0.41426345796870856,0.4194013524264121,0.4226332537788385,0.41111442588172903,516.0
2017-12-27,0.4150092813577301,0.4150092813577301,0.4194013524264121,0.4150092813577301,164.0
2017-12-28,0.4068880933439406,0.4102028639618139,0.4149264120922832,0.4060594006894723,71.0
2017-12-29,0.4188212675682843,0.41923561389551844,0.41923561389551844,0.41260607265977195,70.0
2018-01-02,0.41923561389551844,0.42089299920445505,0.43058870326173426,0.41923561389551844,386.47
2018-01-03,0.42089299920445505,0.4225503845133917,0.4299257491381596,0.41476067356138957,451.28
2018-01-04,0.4218045611243702,0.42578228586581807,0.42586515513126494,0.4202300450808804,191.28
2018-01-05,0.42569941660037125,0.42801975603288256,0.43092018032352164,0.4241249005568815,437.82
2018-01-08,0.42801975603288256,0.4251193317422434,0.430754441792628,0.41915274463007157,162.0
2018-01-09,0.42404203129143464,0.4296771413418191,0.43009148766905336,0.42354481569875363,334.37
2018-01-10,0.4301743569345001,0.43464929726862905,0.43489790506496956,0.4301743569345001,240.12
2018-01-11,0.43473216653407587,0.43216321930522406,0.43473216653407587,0.43058870326173426,227.54
2018-01-12,0.43564372845399096,0.4349807743304163,0.43572659771943784,0.4333233890214797,137.0
2018-01-15,0.43257756563245825,0.43365486608326703,0.43572659771943784,0.43092018032352164,222.54
2018-01-16,0.43365486608326703,0.4335719968178202,0.43779832935560864,0.429262795014585,451.0
2018-01-17,0.43257756563245825,0.43589233625033147,0.43870989127552373,0.4271910633784142,639.0
2018-01-18,0.4335719968178202,0.437135375232034,0.43721824449748076,0.4299257491381596,265.54
2018-01-19,0.43092018032352164,0.43116878811986215,0.4333233890214797,0.429262795014585,142.0
2018-01-22,0.43116878811986215,0.43415208167594804,0.43423495094139486,0.429262795014585,457.38
2018-01-23,0.4464996022275259,0.43572659771943784,0.4464996022275259,0.4340692124105012,212.0
2018-01-24,0.43440068947228855,0.43423495094139486,0.43440068947228855,0.430257226199947,142.45
2018-01-25,0.4416931848316097,0.43249469636701143,0.4416931848316097,0.42984287987271286,139.0
2018-01-26,0.4315002651816494,0.4329919119596924,0.4349807743304163,0.4315002651816494,264.2
2018-01-29,0.4329919119596924,0.4318317422434368,0.43597520551577834,0.43009148766905336,116.0
2018-01-30,0.4299257491381596,0.4252022010076903,0.4322460885706709,0.4252022010076903,146.0
2018-01-31,0.43547798992309733,0.42553367806947756,0.43547798992309733,0.4177439671174755,238.0
2018-02-01,0.42304760010607273,0.42561654733492443,0.430754441792628,0.42304760010607273,262.0
2018-02-02,0.4201471758154336,0.42578228586581807,0.42743967117475473,0.4200643065499867,80.0
2018-02-05,0.4251193317422434,0.4201471758154336,0.4267767170511801,0.41948422169185895,103.07
2018-02-06,0.4150092813577301,0.4068880933439406,0.4150092813577301,0.39984420578095997,326.0
2018-02-07,0.42429063908777515,0.40937417130734555,0.42429063908777515,0.40804826306019626,227.0
2018-02-08,0.4226332537788385,0.4267767170511801,0.4267767170511801,0.4225503845133917,31.0
2018-02-09,0.4267767170511801,0.4242077698223283,0.4267767170511801,0.39280031821797934,298.0
2018-02-12,0.42395916202598777,0.4168324051975604,0.4241249005568815,0.39777247414478917,245.0
2018-02-13,0.40092150623176875,0.4126889419252188,0.41434632723415543,0.40092150623176875,53.0
2018-02-14,0.4063080084858128,0.41434632723415543,0.42163882259347657,0.386585123309467,170.0
2018-02-22,0.40440201538053566,0.41915274463007157,0.4266938477857332,0.40423627684964203,393.0
2018-02-23,0.41923561389551844,0.41915274463007157,0.4244563776186688,0.41915274463007157,97.0
2018-02-26,0.41915274463007157,0.4146778042959427,0.41931848316096526,0.4098713869000265,309.07
2018-02-27,0.4177439671174755,0.41848979050649693,0.42139021479713606,0.4167495359321135,85.0
2018-02-28,0.42743967117475473,0.4172467515247945,0.42743967117475473,0.40473349244232304,188.0
2018-03-01,0.4135176345796871,0.417495359321135,0.41766109785202865,0.4135176345796871,68.0
2018-03-02,0.4152578891540706,0.41260607265977195,0.4152578891540706,0.40705383187483424,170.0
2018-03-05,0.4122745955979846,0.4150921506231769,0.41815831344470966,0.4122745955979846,94.0
2018-03-06,0.4126889419252188,0.416003712543092,0.416003712543092,0.4126889419252188,89.07
2018-03-07,0.41923561389551844,0.41923561389551844,0.4248707239459029,0.41923561389551844,200.0
2018-03-08,0.416003712543092,0.42429063908777515,0.42429063908777515,0.4117773800053037,118.0
2018-03-09,0.41840692124105017,0.42594802439671176,0.42611376292760544,0.41840692124105017,291.0
2018-03-12,0.42197029965526384,0.42603089366215857,0.43672102890479975,0.42197029965526384,363.0
2018-03-13,0.42603089366215857,0.430754441792628,0.4363066825775656,0.42553367806947756,522.0
2018-03-14,0.42702532484752054,0.4286827101564572,0.4286827101564572,0.4267767170511801,76.0
2018-03-15,0.4286827101564572,0.4319974807743304,0.4358094669848847,0.4271910633784142,324.0
2018-03-16,0.4350636435958632,0.4334062582869266,0.43572659771943784,0.43241182710156456,384.07
2018-03-19,0.42561654733492443,0.43249469636701143,0.4334062582869266,0.42163882259347657,128.07
2018-03-20,0.4332405197560329,0.4318317422434368,0.4333233890214797,0.4269424555820737,86.0
2018-03-21,0.4333233890214797,0.429760010607266,0.4383784142137364,0.4267767170511801,391.0
2018-03-22,0.43009148766905336,0.4319974807743304,0.4382126756828428,0.4241249005568815,362.0
2018-03-23,0.4263623707239459,0.4241249005568815,0.4489856801909308,0.41459493503049594,569.0
2018-03-26,0.42246751524794485,0.4299257491381596,0.4391242376027579,0.41583797401219835,381.0
2018-03-27,0.4294285335454787,0.42901418721824447,0.4338206046141607,0.4226332537788385,200.0
2018-03-28,0.4149264120922832,0.42801975603288256,0.42826836382922306,0.4063080084858128,232.0
2018-03-29,0.42777114823654205,0.4296771413418191,0.43241182710156456,0.41418058870326174,265.0
2018-03-30,0.4279368867674357,0.4203129143463272,0.4391242376027579,0.4203129143463272,127.0
2018-04-02,0.4201471758154336,0.4271910633784142,0.43754972155926813,0.41848979050649693,413.0
2018-04-03,0.42594802439671176,0.4262795014584991,0.4267767170511801,0.4021645452134712,177.0
2018-04-04,0.4237105542296474,0.42619663219305226,0.42619663219305226,0.4226332537788385,71.0
2018-04-09,0.4154236276849642,0.4265281092548396,0.4281854945637762,0.4154236276849642,158.0
2018-04-10,0.416003712543092,0.42105873773534874,0.4232962079024131,0.416003712543092,80.0
2018-04-11,0.42743967117475473,0.42304760010607273,0.42743967117475473,0.4154236276849642,104.0
2018-04-12,0.42246751524794485,0.4213073455316892,0.423876292760541,0.4209758684699019,239.0
2018-04-13,0.41766109785202865,0.4180754441792628,0.41848979050649693,0.4104514717581544,208.0
2018-04-16,0.4122745955979846,0.4138491116414744,0.41766109785202865,0.4019159374171307,184.0
2018-04-17,0.4175782285865818,0.4098713869000265,0.4350636435958632,0.4098713869000265,233.0
2018-04-18,0.41848979050649693,0.4102028639618139,0.4250364624767966,0.39072858658180853,307.0
2018-04-19,0.4060594006894723,0.4085454786528772,0.4102028639618139,0.4060594006894723,134.0
2018-04-20,0.4102028639618139,0.4086283479183241,0.4225503845133917,0.4086283479183241,170.66
2018-04-23,0.41766109785202865,0.4135176345796871,0.43092018032352164,0.40755104746751525,134.0
2018-04-24,0.4226332537788385,0.41981569875364627,0.4284341023601167,0.41285468045611246,73.0
2018-04-25,0.41442919649960225,0.41442919649960225,0.42246751524794485,0.41442919649960225,49.0
2018-04-26,0.4218045611243702,0.4218045611243702,0.4218045611243702,0.4175782285865818,22.0
2018-04-27,0.4296771413418191,0.4241249005568815,0.4296771413418191,0.40672235481304697,150.0
2018-05-02,0.41766109785202865,0.4122745955979846,0.41766109785202865,0.40547931583134444,92.0
2018-05-03,0.4082968708565367,0.42163882259347657,0.42163882259347657,0.4082968708565367,81.77
2018-05-04,0.4180754441792628,0.416500928135773,0.4180754441792628,0.41186024927075043,50.0
2018-05-07,0.4084626093874304,0.42901418721824447,0.42901418721824447,0.4084626093874304,281.77
2018-05-08,0.4209758684699019,0.4232962079024131,0.4242077698223283,0.4209758684699019,348.0
2018-05-09,0.423876292760541,0.4227989923097322,0.42619663219305226,0.4202300450808804,12367.0
2018-05-10,0.42553367806947756,0.43092018032352164,0.43092018032352164,0.4249535932113498,7651.77
2018-05-11,0.43067157252718113,0.42619663219305226,0.4331576504905861,0.42586515513126494,1763.77
2018-05-14,0.4276882789710952,0.43423495094139486,0.4343178202068417,0.4276882789710952,4721.77
2018-05-15,0.43266043489790507,0.43804693715194903,0.44252187748607796,0.43216321930522406,9139.89
2018-05-16,0.4384612834791833,0.4388756298064174,0.44252187748607796,0.4384612834791833,18475.55
2018-05-17,0.4468310792893132,0.4331576504905861,0.4468310792893132,0.4331576504905861,6719.89
2018-05-18,0.4331576504905861,0.436140944046672,0.436140944046672,0.42984287987271286,6741.0
2018-05-21,0.43672102890479975,0.4373839830283744,0.4391242376027579,0.4363895518430125,5736.0
2018-05-22,0.43771546009016177,0.4424390082206312,0.443019093078759,0.4373839830283744,11018.0
2018-05-23,0.44235613895518433,0.43854415274463004,0.4431848316096526,0.4384612834791833,7985.0
2018-05-24,0.4382126756828428,0.43589233625033147,0.4382126756828428,0.43547798992309733,4203.0
2018-05-25,0.43730111376292763,0.43904136833731106,0.44069875364624767,0.437135375232034,8817.0
2018-05-28,0.44061588438080085,0.4468310792893132,0.4468310792893132,0.43953858392999207,5138.55
2018-05-29,0.4462509944311854,0.4399529302572262,0.45553235216123045,0.4393728453990984,21503.0
2018-05-30,0.4317488729779899,0.44078162291169454,0.443019093078759,0.4317488729779899,18066.55
2018-05-31,0.4431848316096526,0.46315632458233896,0.46315632458233896,0.4418589233625033,18342.75
2018-06-01,0.45412357464863434,0.44252187748607796,0.5094802439671174,0.43009148766905336,11060.7
2018-06-04,0.44417926279501463,0.44741116414744103,0.4482398568019093,0.44252187748607796,20625.7
2018-06-05,0.44765977194378154,0.4559466984884646,0.4559466984884646,0.44765977194378154,13841.0
2018-06-06,0.45528374436488994,0.4564439140811456,0.4580184301246354,0.4534606205250597,6252.0
2018-06-07,0.4569411296738266,0.4518861044815699,0.4572726067356139,0.4510574118271015,9711.0
2018-06-08,0.4518861044815699,0.4498143728453991,0.4530462741978255,0.44749403341288785,4897.0
2018-06-11,0.44998011137629274,0.44252187748607796,0.44998011137629274,0.44078162291169454,13465.0
2018-06-12,0.44533943251127023,0.4516374966852294,0.45578095995757095,0.44409639352956776,14828.45
2018-06-13,0.44998011137629274,0.4460852559002917,0.451306019623442,0.4458366481039512,18443.4
2018-06-14,0.4458366481039512,0.4417760540970565,0.44616812516573856,0.4392071068682047,33382.0
2018-06-15,0.44127883850437555,0.4353122513922037,0.44442787059135513,0.4352293821267568,60377.0
2018-06-19,0.4350636435958632,0.4249535932113498,0.4431848316096526,0.41931848316096526,37933.0
2018-06-20,0.42346194643330687,0.4392071068682047,0.4392071068682047,0.4226332537788385,13118.87
2018-06-21,0.4392071068682047,0.4286827101564572,0.4392071068682047,0.4286827101564572,18079.0
2018-06-22,0.42271612304428535,0.4315002651816494,0.4315002651816494,0.4226332537788385,12947.0
2018-06-25,0.4338206046141607,0.43464929726862905,0.4355608591885442,0.42743967117475473,18788.0
2018-06-26,0.4338206046141607,0.42801975603288256,0.43423495094139486,0.4194013524264121,7964.0
2018-06-27,0.4266109785202864,0.4157551047467516,0.4286827101564572,0.41393198090692124,5351.0
2018-06-28,0.41434632723415543,0.40895982498011135,0.4148435428268364,0.4085454786528772,2388.0
2018-06-29,0.40895982498011135,0.41973282948819945,0.4203129143463272,0.4084626093874304,21103.0
2018-07-02,0.4186555290373906,0.4119431185361973,0.4221360381861576,0.4087940864492177,1051.0
2018-07-03,0.4119431185361973,0.40547931583134444,0.4119431185361973,0.3936290108724476,4997.0
2018-07-04,0.4051478387695572,0.40059002916998143,0.40647374701670647,0.40059002916998143,7529.0
2018-07-05,0.4039876690533015,0.3969437814903209,0.40763391673296206,0.39553500397772473,14839.0
2018-07-06,0.3952863961813842,0.4039876690533015,0.40473349244232304,0.39280031821797934,16026.0
2018-07-09,0.40315897639883325,0.4107000795544949,0.4108658180853885,0.4027446300715991,15982.36
2018-07-10,0.4107000795544949,0.4121917263325378,0.4225503845133917,0.4060594006894723,21407.0
2018-07-11,0.4086283479183241,0.4082140015910899,0.41210885706709094,0.4033247149297269,13995.0
2018-07-12,0.4083797401219836,0.4180754441792628,0.42346194643330687,0.4083797401219836,12541.36
2018-07-13,0.4177439671174755,0.4237105542296474,0.42478785468045616,0.4177439671174755,12019.0
2018-07-16,0.4249535932113498,0.4225503845133917,0.4249535932113498,0.4203129143463272,7238.0
2018-07-17,0.42346194643330687,0.4180754441792628,0.42346194643330687,0.4148435428268364,5098.0
2018-07-18,0.4214730840625829,0.4172467515247945,0.4221360381861576,0.4172467515247945,1039.0
2018-07-19,0.4182411827101564,0.4134347653142403,0.4182411827101564,0.4122745955979846,347.0
2018-07-20,0.4126889419252188,0.4156722354813047,0.4168324051975604,0.4102028639618139,371.0
2018-07-23,0.4107000795544949,0.4073853089366216,0.4108658180853885,0.4050649695041103,861.0
2018-07-24,0.40895982498011135,0.4152578891540706,0.4168324051975604,0.40804826306019626,2730.0
2018-07-25,0.4155064969504111,0.41633518960487936,0.41790970564836916,0.4154236276849642,2044.0
2018-07-26,0.41616945107398573,0.4108658180853885,0.4175782285865818,0.4108658180853885,6259.02
2018-07-27,0.41103155661628216,0.4085454786528772,0.41103155661628216,0.4085454786528772,1348.0
2018-07-30,0.4305058339962875,0.4024960222752586,0.4305058339962875,0.4000928135773005,951.0
2018-07-31,0.4040705383187484,0.40324184566428,0.40415340758419516,0.4019159374171307,3510.0
2018-08-01,0.40597653142402546,0.3969437814903209,0.40597653142402546,0.39652943516308675,4101.0
2018-08-02,0.3950377883850438,0.38931980906921243,0.3950377883850438,0.3846791302041899,690.0
2018-08-03,0.3920544948289578,0.3803699284009546,0.3920544948289578,0.3803699284009546,659.87
2018-08-06,0.37920975868469897,0.36860249270750467,0.3794583664810395,0.36810527711482366,1304.0
2018-08-07,0.37291169451073986,0.37796671970299656,0.37804958896844343,0.36677936886767437,4225.0
2018-08-08,0.37647507292495364,0.3718343940599311,0.3793754972155927,0.3718343940599311,2793.0
2018-08-09,0.37158578626359057,0.3842647838769557,0.38484486873508356,0.37158578626359057,4689.0
2018-08-10,0.38351896048793427,0.3869994696367011,0.3897341553964466,0.38351896048793427,8341.0
2018-08-13,0.3836846990188279,0.38940267833465925,0.38940267833465925,0.38111575178997614,7650.25
2018-08-14,0.3882425086184036,0.3857564306549987,0.3926345796870857,0.3841819146115089,4691.0
2018-08-15,0.37722089631397504,0.372828825245293,0.38310461416070013,0.372828825245293,369.0
2018-08-16,0.3656191991514187,0.3776352426412093,0.3776352426412093,0.3656191991514187,1936.0
2018-08-17,0.373326040837974,0.36189008220631136,0.37365751789976137,0.3604813046937152,2480.0
2018-08-20,0.3604813046937152,0.3623044285335455,0.36653076107133387,0.3524429859453726,4509.87
2018-08-21,0.3623044285335455,0.37291169451073986,0.37291169451073986,0.3623044285335455,592.0
2018-08-22,0.3706742243436754,0.368436754176611,0.3706742243436754,0.3681881463802705,255.0
2018-08-23,0.37291169451073986,0.37291169451073986,0.37291169451073986,0.3666964996022275,7023.0
2018-08-24,0.37291169451073986,0.372828825245293,0.37291169451073986,0.36628215327499336,12741.0
2018-08-27,0.37166865552903744,0.38086714399363564,0.3819444444444445,0.3712543092018033,10910.0
2018-08-28,0.38086714399363564,0.38617077698223284,0.38666799257491385,0.3787125430920181,7188.25
2018-08-29,0.3828560063643596,0.37879541235746483,0.3890712012728719,0.37771811190665605,4774.0
2018-08-30,0.3787125430920181,0.38791103155661627,0.38791103155661627,0.374320472023336,600.0
2018-08-31,0.38782816229116945,0.3739061256961018,0.38782816229116945,0.3656191991514187,11191.0
2018-09-03,0.3652048528241846,0.36785666931848315,0.36785666931848315,0.36097852028639615,8216.0
2018-09-04,0.36636502254044023,0.3671937151949085,0.3685196234420578,0.36371320604614166,1034.0
2018-09-05,0.3671937151949085,0.36130999734818353,0.36735945372580214,0.36130999734818353,4581.0
2018-09-06,0.3604813046937152,0.362553036329886,0.36967979315831345,0.3555920180323522,5379.0
2018-09-07,0.36247016706443913,0.37117143993635643,0.37117143993635643,0.3580780959957571,2228.0
2018-09-10,0.35998408910103424,0.35625497215592683,0.35998408910103424,0.3559234950941395,655.0
2018-09-11,0.3555091487669053,0.35708366481039516,0.3593211349774596,0.35484619464333067,482.0
2018-09-12,0.3554262795014585,0.3513656854945638,0.3554262795014585,0.35103420843277644,7416.0
2018-09-13,0.35625497215592683,0.3513656854945638,0.3565035799522673,0.34515049058605146,4236.0
2018-09-14,0.3521115088835852,0.35468045611243704,0.3557577565632458,0.35186290108724483,12724.0
2018-09-17,0.35045412357464867,0.3489624767966057,0.3539346327234155,0.3489624767966057,5675.0
2018-09-18,0.34805091487669054,0.35501193317422436,0.3550948024396712,0.3478851763457969,293.0
2018-09-19,0.3553434102360117,0.3621386900026518,0.3646247679660568,0.355177671705118,5111.0
2018-09-20,0.3621386900026518,0.3618072129408645,0.36429329090426943,0.36023269689737475,1127.0
2018-09-21,0.3656191991514187,0.3759778573322726,0.3778009811721029,0.363050251922567,9359.12
2018-09-25,0.3759778573322726,0.3730774330416335,0.3759778573322726,0.37108857067090956,3219.0
2018-09-26,0.3749005568814638,0.3821101829753381,0.3852592150623177,0.3749005568814638,21797.0
2018-09-27,0.37920975868469897,0.3794583664810395,0.38161296738265715,0.3781324582338902,13877.0
2018-09-28,0.3794583664810395,0.3839333068151684,0.38534208432776457,0.3794583664810395,621.0
2018-10-08,0.3741547334924423,0.37622646512861313,0.4017501988862371,0.36454189870060993,2905.0
2018-10-09,0.37622646512861313,0.368436754176611,0.38534208432776457,0.36479050649695044,1807.0
2018-10-10,0.36835388491116416,0.36802240784937684,0.37291169451073986,0.3585753115884381,3230.0
2018-10-11,0.36139286661363035,0.34324449748077435,0.36445902943516306,0.3422500662954124,3887.0
2018-10-12,0.3516971625563511,0.35128281622911695,0.35227724741447897,0.34332736674622116,1263.0
2018-10-15,0.34805091487669054,0.3511999469636702,0.35277446300715987,0.342415804826306,1617.0
2018-10-16,0.3509513391673297,0.3450676213206046,0.3509513391673297,0.33777512596128345,2892.0
2018-10-17,0.34515049058605146,0.3360348713869,0.34515049058605146,0.32940533015115353,2907.0
2018-10-18,0.3359520021214532,0.33064836913285606,0.3359520021214532,0.3261734287987271,4811.01
2018-10-19,0.32484752055157784,0.3320571466454521,0.33429461681251654,0.3174721559268099,5923.0
2018-10-22,0.34780230708035004,0.3555091487669053,0.35625497215592683,0.3392667727393265,11467.0
2018-10-23,0.3559234950941395,0.3540175019888624,0.3559234950941395,0.3356205250596659,3176.0
2018-10-24,0.3505369928400955,0.3328029700344736,0.35202863961813846,0.3199582338902148,2604.0
2018-10-25,0.32484752055157784,0.33172566958366484,0.3318085388491116,0.32120127287191724,2470.0
2018-10-26,0.32484752055157784,0.324764651286131,0.33147706178732433,0.3229415274463007,1365.0
2018-10-29,0.31854945637761867,0.30727923627684967,0.31854945637761867,0.3062019358260408,7987.0
2018-10-30,0.30694775921506234,0.3142402545743834,0.3146546009016176,0.3041302041898701,2539.0
2018-10-31,0.3142402545743834,0.31639485547600105,0.3204554494828958,0.3121685229382127,1734.0
2018-11-01,0.3157319013524264,0.32277578891540704,0.33048263060196237,0.3157319013524264,3184.0
2018-11-02,0.3308969769291965,0.3391839034738796,0.33934964200477324,0.3273335985149828,3964.0
2018-11-05,0.339018164942986,0.3376093874303898,0.340426942455582,0.33122845399098383,1965.0
2018-11-06,0.3371121718377088,0.33023402280562186,0.3371121718377088,0.3256762132060462,5192.0
2018-11-07,0.3353719172633254,0.3323886237072395,0.339515380535667,0.33197427738000534,5738.0
2018-11-08,0.3339631397507293,0.3341288782816229,0.33470896313975074,0.3308969769291965,1056.0
2018-11-09,0.3337974012198356,0.33296870856536726,0.3337974012198356,0.3274993370458764,621.0
2018-11-12,0.3313113232564307,0.3342117475470698,0.3342117475470698,0.325759082471493,3899.0
2018-11-13,0.3339631397507293,0.33479183240519755,0.3391839034738796,0.33048263060196237,7783.0
2018-11-14,0.33802373375762396,0.32857663749668525,0.33802373375762396,0.32319013524264123,2171.0
2018-11-15,0.3437417130734553,0.3291567223548131,0.3437417130734553,0.32401882789710956,2949.0
2018-11-16,0.33777512596128345,0.33330018562715463,0.33777512596128345,0.33272010076902675,7080.0
2018-11-19,0.3305654998674092,0.3353719172633254,0.33802373375762396,0.3305654998674092,5934.0
2018-11-20,0.3348747016706444,0.3310627154600902,0.3356205250596659,0.3309798461946434,1934.0
2018-11-21,0.32335587377353486,0.33330018562715463,0.3343774860779634,0.32335587377353486,1890.0
2018-11-22,0.3389352956775391,0.33446035534341023,0.3389352956775391,0.3318914081145585,1352.0
2018-11-23,0.3343774860779634,0.32865950676213207,0.33644921771413416,0.32650490586051445,1207.0
2018-11-26,0.3313941925218775,0.3276650755767701,0.3313941925218775,0.32534473614425885,1074.59
2018-11-27,0.34805091487669054,0.33346592415804827,0.34805091487669054,0.32327300450808805,1978.0
2018-11-28,0.32302439671174754,0.32940533015115353,0.33048263060196237,0.3191295412357465,2222.0
2018-11-29,0.3331344470962609,0.3272507292495359,0.3331344470962609,0.3263391673296208,1243.0
2018-11-30,0.3444875364624768,0.33247149297268624,0.3444875364624768,0.3207869265446831,686.0
2018-12-03,0.3325543622381331,0.34175285070273137,0.3437417130734553,0.33247149297268624,1939.0
2018-12-04,0.34067555025192253,0.3438245823389022,0.343907451604349,0.34017833465924163,7916.0
2018-12-05,0.3402612039246884,0.34490188278971096,0.34697361442588176,0.3399297268629011,2540.0
2018-12-06,0.3418357199681782,0.33454322460885705,0.3420014584990719,0.33446035534341023,1054.0
2018-12-07,0.33528904799787856,0.32998541500928136,0.33528904799787856,0.32940533015115353,4050.0
2018-12-10,0.32990254574383454,0.3289909838239194,0.32990254574383454,0.32642203659506763,516.0
2018-12-11,0.32857663749668525,0.32940533015115353,0.33015115354017505,0.32857663749668525,799.0
2018-12-12,0.33661495624502785,0.3313113232564307,0.33661495624502785,0.3313113232564307,910.0
2018-12-13,0.33147706178732433,0.33653208697958104,0.33810660302307083,0.33147706178732433,518.0
2018-12-14,0.3352061787324317,0.3337974012198356,0.3354547865287722,0.33354879342349514,469.0
2018-12-17,0.3298196764783877,0.32841089896579156,0.32998541500928136,0.3259248210023866,1065.0
2018-12-18,0.32832802970034475,0.32758220631132323,0.3287423760275789,0.3256762132060462,204.0
2018-12-19,0.32642203659506763,0.3216156191991514,0.3274164677804296,0.32153274993370456,164.0
2018-12-20,0.32153274993370456,0.3223614425881729,0.3223614425881729,0.31871519490851236,863.0
2018-12-21,0.3177207637231504,0.3157319013524264,0.3177207637231504,0.3140745160434898,876.0
2018-12-24,0.31631198621055423,0.3207040572792363,0.3207040572792363,0.31631198621055423,878.0
2018-12-25,0.31738928666136307,0.3197096260938743,0.3207040572792363,0.31457173163617075,1058.0
2018-12-26,0.3216156191991514,0.318880933439406,0.3216156191991514,0.3183008485812782,1683.0
2018-12-27,0.32319013524264123,0.31813511005038453,0.32319013524264123,0.31738928666136307,733.0
2018-12-28,0.3176378944577036,0.3208697958101299,0.3218642269954919,0.3176378944577036,439.0
2019-01-02,0.3223614425881729,0.31556616282153277,0.3223614425881729,0.31366016971625565,456.0
2019-01-03,0.3119199151418722,0.3073621055422965,0.31341156191991515,0.306616282153275,4426.0
2019-01-04,0.3042130734553169,0.3128314770617873,0.312997215592681,0.30379872712808276,452.0
2019-01-07,0.3146546009016176,0.3158147706178732,0.3158147706178732,0.3135773004508088,845.0
2019-01-08,0.31448886237072393,0.3146546009016176,0.31556616282153277,0.3139087775125961,1527.0
2019-01-09,0.31813511005038453,0.32120127287191724,0.3259248210023866,0.3179693715194909,865.0
2019-01-10,0.32120127287191724,0.32004110315566164,0.3220299655263856,0.31556616282153277,521.0
2019-01-11,0.31979249535932114,0.3216156191991514,0.3225271811190666,0.319378149032087,846.0
2019-01-14,0.32028971095200215,0.3178036329885972,0.32028971095200215,0.3176378944577036,682.0
2019-01-15,0.31854945637761867,0.3305654998674092,0.3308969769291965,0.31854945637761867,4335.0
2019-01-16,0.33064836913285606,0.32990254574383454,0.3376922566958367,0.3272507292495359,9148.0
2019-01-17,0.3298196764783877,0.32841089896579156,0.33164280031821797,0.3282451604348979,1184.0
2019-01-18,0.32841089896579156,0.33479183240519755,0.33553765579421907,0.32841089896579156,1564.0
2019-01-21,0.3357033943251127,0.3374436488994962,0.3402612039246884,0.3357033943251127,12117.0
2019-01-22,0.33727791036860255,0.3309798461946434,0.33727791036860255,0.32998541500928136,1612.0
2019-01-23,0.3308141076637497,0.33031689207106874,0.33147706178732433,0.3293224608857067,738.0
2019-01-24,0.33039976133651555,0.33247149297268624,0.3331344470962609,0.32783081410766374,1484.0
2019-01-25,0.33321731636170776,0.3369464333068152,0.3369464333068152,0.3320571466454521,15046.0
2019-01-28,0.3369464333068152,0.3323886237072395,0.3379408644921772,0.3313113232564307,5535.0
2019-01-29,0.3259248210023866,0.33172566958366484,0.33263723150358,0.3259248210023866,2131.0
2019-01-30,0.3309798461946434,0.3288252452930257,0.3323057544417926,0.3288252452930257,615.0
2019-01-31,0.3294881994166004,0.33048263060196237,0.33147706178732433,0.3288252452930257,894.0
2019-02-01,0.33147706178732433,0.33802373375762396,0.33810660302307083,0.33147706178732433,6022.0
2019-02-11,0.33727791036860255,0.3488796075311589,0.3488796075311589,0.3369464333068152,3046.0
2019-02-12,0.3488796075311589,0.3491282153274993,0.35045412357464867,0.34697361442588176,1165.0
2019-02-13,0.3491282153274993,0.3553434102360117,0.3555091487669053,0.3491282153274993,7063.72
2019-02-14,0.3538517634579687,0.35948687350835323,0.35998408910103424,0.3534374171307345,5685.0
2019-02-15,0.35865818085388496,0.35227724741447897,0.35865818085388496,0.3521115088835852,1772.0
2019-02-18,0.3550948024396712,0.36321599045346065,0.3704256165473349,0.35310594006894724,5740.0
2019-02-19,0.36329885971890746,0.3608956510209494,0.3654534606205251,0.3588239193847786,4192.0
2019-02-20,0.36172434367541767,0.35865818085388496,0.3621386900026518,0.3564207106868205,13497.0
2019-02-21,0.3590725271811191,0.3579952267303103,0.3637960753115884,0.3575808804030762,2689.0
2019-02-22,0.3579952267303103,0.3621386900026518,0.36371320604614166,0.355674887297799,5037.0
2019-02-25,0.3794583664810395,0.3787125430920181,0.3794583664810395,0.36321599045346065,14073.72
2019-02-26,0.3753977724741448,0.3720830018562716,0.38119862105542296,0.3720830018562716,10094.0
2019-02-27,0.3720830018562716,0.37291169451073986,0.37771811190665605,0.3646247679660568,12910.0
2019-02-28,0.3646247679660568,0.37630933439405995,0.37846393529567757,0.3646247679660568,5194.0
2019-03-01,0.3770551577830814,0.3805356669318483,0.3845133916732962,0.3770551577830814,3458.16
2019-03-04,0.3805356669318483,0.3851763457968708,0.3936290108724476,0.3805356669318483,12342.29
2019-03-05,0.3845133916732962,0.3869994696367011,0.3871652081675948,0.38327035269159376,2589.0
2019-03-06,0.3869994696367011,0.38534208432776457,0.38749668522938213,0.3822759215062318,6645.29
2019-03-07,0.3841819146115089,0.3786296738265712,0.3845133916732962,0.37291169451073986,2299.0
2019-03-08,0.3778838504375497,0.369431185361973,0.37854680456112433,0.3540175019888624,4610.0
2019-03-11,0.3715029169981437,0.3781324582338902,0.38119862105542296,0.369431185361973,2380.0
2019-03-12,0.3781324582338902,0.3791268894192522,0.3834360912224874,0.37622646512861313,9497.78
2019-03-13,0.3778009811721029,0.3759778573322726,0.380204189870061,0.3753977724741448,3758.0
2019-03-14,0.3759778573322726,0.3741547334924423,0.37821532749933706,0.3734917793688677,1823.0
2019-03-15,0.3741547334924423,0.3844305224078494,0.3844305224078494,0.3741547334924423,7487.59
2019-03-18,0.3844305224078494,0.3966951736939804,0.39777247414478917,0.3819444444444445,9227.91
2019-03-19,0.3966951736939804,0.39197162556351106,0.4102028639618139,0.3903142402545744,2857.59
2019-03-20,0.3918058870326173,0.3918058870326173,0.39429196499602226,0.38757955449482895,1950.0
2019-03-21,0.38791103155661627,0.39329753381066035,0.3936290108724476,0.38791103155661627,836.0
2019-03-22,0.3938776186687881,0.3957007425086184,0.39578361177406524,0.38998276319278713,7496.0
2019-03-25,0.39039710952002127,0.38666799257491385,0.3938776186687881,0.386585123309467,2098.0
2019-03-26,0.3869994696367011,0.3834360912224874,0.3908114558472554,0.3821101829753381,3699.0
2019-03-27,0.3836846990188279,0.3932146645452135,0.3936290108724476,0.3836846990188279,7042.0
2019-03-28,0.38484486873508356,0.3951206576504906,0.3961150888358526,0.38484486873508356,1550.0
2019-03-29,0.3951206576504906,0.4060594006894723,0.40705383187483424,0.39478918058870327,2271.0
2019-04-01,0.4209758684699019,0.4199814372845399,0.4209758684699019,0.4084626093874304,27134.0
2019-04-02,0.41948422169185895,0.4120259878016442,0.41948422169185895,0.410119994696367,6571.0
2019-04-03,0.41152877220896317,0.4122745955979846,0.41558936621585785,0.40920843277645186,7423.0
2019-04-04,0.4125232033943251,0.42056152214266773,0.4209758684699019,0.4125232033943251,10286.41
2019-04-08,0.42056152214266773,0.4179925749138159,0.43083731105807477,0.41459493503049594,10114.47
2019-04-09,0.4190698753646248,0.42743967117475473,0.42743967117475473,0.4136005038451339,3427.0
2019-04-10,0.42743967117475473,0.43257756563245825,0.436140944046672,0.4203957836117741,5867.0
2019-04-11,0.43216321930522406,0.42089299920445505,0.43390347387960754,0.41898700609917794,11388.0
2019-04-12,0.4226332537788385,0.4178268363829223,0.4226332537788385,0.4152578891540706,13144.91
2019-04-15,0.4279368867674357,0.41451206576504906,0.4392071068682047,0.41426345796870856,4742.0
2019-04-16,0.41451206576504906,0.4221360381861576,0.4221360381861576,0.4068880933439406,10239.0
2019-04-17,0.4221360381861576,0.42727393264386104,0.4279368867674357,0.42105873773534874,10805.0
2019-04-18,0.4268595863166269,0.42611376292760544,0.42785401750198887,0.4247049854150093,2799.0
2019-04-19,0.42594802439671176,0.42959427207637235,0.4300086184036065,0.4221360381861576,6159.0
2019-04-22,0.4334062582869266,0.42139021479713606,0.4334062582869266,0.4204786528772209,27081.0
2019-04-23,0.4209758684699019,0.4213073455316892,0.42478785468045616,0.4162523203394325,12060.0
2019-04-24,0.4231304693715195,0.4217216918589234,0.42453924688411565,0.416003712543092,2540.0
2019-04-25,0.4198985680190931,0.41534075841951734,0.4218874303898171,0.40796539379474944,4348.0
2019-04-26,0.41111442588172903,0.4086283479183241,0.4168324051975604,0.40788252452930257,6107.0
2019-04-29,0.4081311323256431,0.41434632723415543,0.4212244762662424,0.4081311323256431,12512.0
2019-04-30,0.41848979050649693,0.41815831344470966,0.41931848316096526,0.41434632723415543,2410.0
2019-05-06,0.40771678599840894,0.3976896048793424,0.40771678599840894,0.3894855476001061,23587.0
2019-05-07,0.3969437814903209,0.403739061256961,0.41434632723415543,0.3969437814903209,22817.0
2019-05-08,0.3884911164147441,0.4002585521081941,0.4030761071333864,0.3884911164147441,8748.0
2019-05-09,0.3987669053301512,0.3894855476001061,0.39942985945372583,0.3842647838769557,20657.0
2019-05-10,0.3916401485017237,0.40108724476266244,0.40117011402810926,0.38559069212410496,10134.0
2019-05-13,0.40092150623176875,0.3966951736939804,0.40092150623176875,0.3931317952797666,37107.0
2019-05-14,0.39652943516308675,0.3926345796870857,0.39652943516308675,0.3906457173163618,22050.0
2019-05-15,0.39280031821797934,0.4051478387695572,0.4063080084858128,0.39280031821797934,16573.95
2019-05-16,0.4051478387695572,0.4068880933439406,0.41434632723415543,0.4023302837443649,8979.0
2019-05-17,0.41434632723415543,0.3971923892866614,0.41434632723415543,0.39603221957040574,7942.0
2019-05-20,0.3971095200212145,0.3895684168655529,0.3971095200212145,0.38534208432776457,6605.0
2019-05-21,0.3850106072659772,0.39329753381066035,0.39702665075576776,0.3850106072659772,8085.0
2019-05-22,0.39072858658180853,0.39445770352691595,0.3952863961813842,0.38989989392734026,5190.0
2019-05-23,0.39445770352691595,0.3863365155131265,0.39445770352691595,0.38360182975338103,8136.0
2019-05-24,0.38608790771678597,0.3845133916732962,0.38807677008750996,0.3821101829753381,5093.0
2019-05-27,0.38269026783346594,0.3872480774330416,0.3892369398037656,0.37954123574648635,4387.0
2019-05-28,0.3872480774330416,0.39014850172368076,0.3952863961813842,0.3872480774330416,8692.0
2019-05-29,0.3918887562980642,0.3918058870326173,0.39396048793423494,0.3894855476001061,2837.0
2019-05-30,0.39039710952002127,0.39039710952002127,0.39172301776717056,0.38666799257491385,1488.0
2019-05-31,0.38940267833465925,0.39047997878546803,0.393463272341554,0.38940267833465925,579.0
2019-06-03,0.39047997878546803,0.39089432511270217,0.3941262264651286,0.3887397242110846,5088.0
2019-06-04,0.39429196499602226,0.38583929992044547,0.39429196499602226,0.3844305224078494,3012.0
2019-06-05,0.38583929992044547,0.3850106072659772,0.3887397242110846,0.3812814903208698,3584.0
2019-06-06,0.38144722885176346,0.3781324582338902,0.38434765314240255,0.3770551577830814,3675.0
2019-06-10,0.3842647838769557,0.38252452930257225,0.3842647838769557,0.3773866348448688,17580.0
2019-06-11,0.38409904534606204,0.39454057279236276,0.3961150888358526,0.38409904534606204,5576.0
2019-06-12,0.39445770352691595,0.3923859718907452,0.39445770352691595,0.3913915407053832,11657.0
2019-06-13,0.39280031821797934,0.39246884115619196,0.3932146645452135,0.3882425086184036,2547.0
2019-06-14,0.3921373640944047,0.38998276319278713,0.39677804295942726,0.38998276319278713,5101.0
2019-06-17,0.3908114558472554,0.3902313709891275,0.3933804030761071,0.3889883320074251,3922.0
2019-06-18,0.3894855476001061,0.39072858658180853,0.3915572792362768,0.3890712012728719,656.0
2019-06-19,0.3940433571996818,0.39677804295942726,0.40108724476266244,0.3940433571996818,6022.0
2019-06-20,0.39677804295942726,0.40771678599840894,0.4091255635110051,0.3964465658976399,10587.0
2019-06-21,0.40771678599840894,0.41111442588172903,0.41161164147440993,0.4069709626093874,7775.0
2019-06-24,0.410617210289048,0.4104514717581544,0.4121917263325378,0.4063080084858128,4483.0
2019-06-25,0.409622779103686,0.4086283479183241,0.40970564836913287,0.4038219305224079,2449.0
2019-06-26,0.4082140015910899,0.4108658180853885,0.41128016441262266,0.4082140015910899,2066.0
2019-06-27,0.4108658180853885,0.41534075841951734,0.4242077698223283,0.4073853089366216,11154.0
2019-06-28,0.4109486873508353,0.41923561389551844,0.41923561389551844,0.4109486873508353,6218.0
2019-07-01,0.41931848316096526,0.4271910633784142,0.429262795014585,0.41931848316096526,11617.0
2019-07-02,0.4301743569345001,0.42934566428003185,0.4301743569345001,0.42395916202598777,8123.0
2019-07-03,0.429262795014585,0.4218874303898171,0.429262795014585,0.42081012993900824,5490.0
2019-07-04,0.42114160700079556,0.4175782285865818,0.42321333863696636,0.41583797401219835,9518.61
2019-07-05,0.4175782285865818,0.42139021479713606,0.42321333863696636,0.417495359321135,2127.0
2019-07-08,0.4194013524264121,0.416003712543092,0.4207272606735614,0.41103155661628216,4710.0
2019-07-09,0.41583797401219835,0.41418058870326174,0.4218045611243702,0.4120259878016442,5208.0
2019-07-10,0.4140977194378149,0.4138491116414744,0.416500928135773,0.41293754972155927,1212.0
2019-07-11,0.4157551047467516,0.4131861575178998,0.41923561389551844,0.41285468045611246,2002.0
2019-07-12,0.4125232033943251,0.4146778042959427,0.41641805887032624,0.4125232033943251,2523.0
2019-07-15,0.4162523203394325,0.4140148501723681,0.41658379740121987,0.4066394855476001,1782.0
2019-07-16,0.4151750198886237,0.4102028639618139,0.4151750198886237,0.40945704057279236,1577.0
2019-07-17,0.41136303367806953,0.4085454786528772,0.41136303367806953,0.4068052240784938,12606.0
2019-07-18,0.4085454786528772,0.4045677539114293,0.4085454786528772,0.4039876690533015,7632.0
2019-07-19,0.40755104746751525,0.4066394855476001,0.409622779103686,0.40564505436223813,2606.0
2019-07-22,0.4066394855476001,0.4082968708565367,0.4083797401219836,0.40158446035534345,8242.0
2019-07-23,0.4069709626093874,0.40523070803500394,0.4069709626093874,0.40158446035534345,11879.0
2019-07-24,0.40523070803500394,0.40672235481304697,0.4087940864492177,0.40523070803500394,11800.76
2019-07-25,0.40672235481304697,0.4082140015910899,0.4082140015910899,0.40547931583134444,5544.0
2019-07-26,0.4082140015910899,0.41103155661628216,0.41103155661628216,0.40771678599840894,4226.0
2019-07-29,0.41186024927075043,0.410617210289048,0.41186024927075043,0.40937417130734555,19304.0
2019-07-30,0.410617210289048,0.41210885706709094,0.4132690267833466,0.410617210289048,8844.0
2019-07-31,0.4120259878016442,0.40929130204189873,0.4120259878016442,0.4082140015910899,3642.0
2019-08-01,0.4085454786528772,0.4058107928931318,0.4085454786528772,0.40440201538053566,7217.0
2019-08-02,0.4039876690533015,0.40390479978785465,0.40448488464598253,0.3976896048793424,14477.0
2019-08-05,0.40141872182444976,0.3966123044285335,0.40141872182444976,0.39288318748342616,4793.0
2019-08-06,0.3963636966321931,0.38757955449482895,0.3963636966321931,0.38136435958631665,14800.47
2019-08-07,0.38757955449482895,0.3881596393529568,0.3920544948289578,0.38757955449482895,18332.0
2019-08-08,0.39197162556351106,0.39967846725006634,0.39967846725006634,0.39197162556351106,58312.0
2019-08-09,0.40108724476266244,0.3980210819411297,0.40440201538053566,0.39702665075576776,12203.47
2019-08-12,0.4005071599045346,0.4068052240784938,0.4068052240784938,0.4005071599045346,7000.47
2019-08-13,0.4027446300715991,0.4038219305224079,0.40672235481304697,0.4027446300715991,7088.0
2019-08-14,0.40547931583134444,0.4088769557146646,0.4099542561654734,0.40547931583134444,3498.47
2019-08-15,0.4048163617077698,0.41186024927075043,0.41186024927075043,0.37746950411031555,4357.0
2019-08-16,0.3932146645452135,0.41658379740121987,0.41716388225934764,0.3932146645452135,12543.47
2019-08-19,0.416003712543092,0.4213073455316892,0.4220531689207107,0.416003712543092,4332.0
2019-08-20,0.4213073455316892,0.4232962079024131,0.42354481569875363,0.4204786528772209,6230.0
2019-08-21,0.4217216918589234,0.4194013524264121,0.4220531689207107,0.41873839830283743,3098.0
2019-08-22,0.4226332537788385,0.42478785468045616,0.4248707239459029,0.4185726597719438,6937.0
2019-08-23,0.42478785468045616,0.4329919119596924,0.43390347387960754,0.42478785468045616,5465.0
2019-08-26,0.4286827101564572,0.429760010607266,0.43290904269424557,0.4202300450808804,7991.0
2019-08-27,0.429760010607266,0.43672102890479975,0.4379640678865023,0.429760010607266,10777.0
2019-08-28,0.4379640678865023,0.43746685229382126,0.44086449217714135,0.4332405197560329,12917.0
2019-08-29,0.43804693715194903,0.4365552903739061,0.43829554494828954,0.43241182710156456,12484.0
2019-08-30,0.43746685229382126,0.4418589233625033,0.4418589233625033,0.43696963670114025,21205.0
2019-09-02,0.4418589233625033,0.4503944577035269,0.4532120127287192,0.4373839830283744,20351.0
2019-09-03,0.4503944577035269,0.43771546009016177,0.4518861044815699,0.4370525059665871,57030.0
2019-09-04,0.4360580747812251,0.4365552903739061,0.4386270220100769,0.4328261734287987,20921.0
2019-09-05,0.4383784142137364,0.43928997613365156,0.44227326968973746,0.4383784142137364,19124.0
2019-09-06,0.44078162291169454,0.44252187748607796,0.4429362238133121,0.4393728453990984,6089.0
2019-09-09,0.44359917793688675,0.44575377883850437,0.44741116414744103,0.4434334394059931,3917.0
2019-09-10,0.44335057014054624,0.44467647838769553,0.44616812516573856,0.44227326968973746,5235.01
2019-09-11,0.4450079554494829,0.43721824449748076,0.44600238663484487,0.43672102890479975,4995.0
2019-09-12,0.43721824449748076,0.4388756298064174,0.43928997613365156,0.43672102890479975,3774.0
2019-09-16,0.43854415274463004,0.44053301511535403,0.44086449217714135,0.43514651286131,18381.0
2019-09-17,0.440035799522673,0.43440068947228855,0.440035799522673,0.43257756563245825,8802.0
2019-09-18,0.4360580747812251,0.43829554494828954,0.4416103155661628,0.4360580747812251,19444.0
2019-09-19,0.43953858392999207,0.4417760540970565,0.44252187748607796,0.43870989127552373,14497.0
2019-09-20,0.4426876160169716,0.44359917793688675,0.44434500132590826,0.43928997613365156,4392.0
2019-09-23,0.44335057014054624,0.43754972155926813,0.44335057014054624,0.4353122513922037,8955.0
2019-09-24,0.4391242376027579,0.4436820472023336,0.4439306549986741,0.4388756298064174,9199.29
2019-09-25,0.4434334394059931,0.4397043224608857,0.4434334394059931,0.4376325908247149,5999.0
2019-09-26,0.4396214531954389,0.43464929726862905,0.4416103155661628,0.4345664280031822,6429.0
2019-09-27,0.43464929726862905,0.43754972155926813,0.4388756298064174,0.43166600371254304,45115.08
2019-09-30,0.43754972155926813,0.43622381331211885,0.43754972155926813,0.4333233890214797,36275.0
2019-10-08,0.43622381331211885,0.4348150357995227,0.43870989127552373,0.43423495094139486,22728.0
2019-10-09,0.4348150357995227,0.43216321930522406,0.4348150357995227,0.42801975603288256,34105.0
2019-10-10,0.4294285335454787,0.4376325908247149,0.43879276054097055,0.42909705648369134,34002.03
2019-10-11,0.4376325908247149,0.43904136833731106,0.4402015380535667,0.4363066825775656,22774.0
2019-10-14,0.4392071068682047,0.44235613895518433,0.44417926279501463,0.4392071068682047,4299.0
2019-10-15,0.4421904004242907,0.4442621320604614,0.4458366481039512,0.4421075311588438,3565.0
2019-10-16,0.44575377883850437,0.4416931848316097,0.44575377883850437,0.4416931848316097,10042.0
2019-10-17,0.44277048528241847,0.4416931848316097,0.44384778573322725,0.4397043224608857,1341.0
2019-10-18,0.44086449217714135,0.4392071068682047,0.44252187748607796,0.43589233625033147,5664.0
2019-10-21,0.4368867674356935,0.4343178202068417,0.43771546009016177,0.4317488729779899,3872.0
2019-10-22,0.4352293821267568,0.43696963670114025,0.43696963670114025,0.4337377353487139,1938.0
2019-10-23,0.4370525059665871,0.4334062582869266,0.43870989127552373,0.43092018032352164,22378.0
2019-10-24,0.43092018032352164,0.43067157252718113,0.43092018032352164,0.4273568019093079,13153.91
2019-10-25,0.4330747812251392,0.43572659771943784,0.43589233625033147,0.4301743569345001,4055.0
2019-10-28,0.43572659771943784,0.4418589233625033,0.4466653407584195,0.4350636435958632,16345.0
2019-10-29,0.4418589233625033,0.44417926279501463,0.4452565632458234,0.4392071068682047,10857.0
2019-10-30,0.44252187748607796,0.44417926279501463,0.44616812516573856,0.4382126756828428,2104.0
2019-10-31,0.44335057014054624,0.44277048528241847,0.4466653407584195,0.44252187748607796,4120.0
2019-11-01,0.44310196234420585,0.4488199416600372,0.4493171572527181,0.44310196234420585,10738.0
2019-11-04,0.45047732696897375,0.4524661893396977,0.4534606205250597,0.45047732696897375,8495.0
2019-11-05,0.4524661893396977,0.45445505171042166,0.4563610448156987,0.44790837974012204,11094.11
2019-11-06,0.45445505171042166,0.45420644391408116,0.45660965261203923,0.4516374966852294,17636.0
2019-11-07,0.45428931317952803,0.45470365950676217,0.4564439140811456,0.453294881994166,3540.0
2019-11-08,0.45578095995757095,0.4554494828957837,0.45926146910633786,0.4549522673031027,17168.0
2019-11-11,0.45428931317952803,0.44732829488199416,0.45428931317952803,0.44600238663484487,9942.0
2019-11-12,0.44782551047467517,0.44840559533280294,0.44865420312914345,0.44442787059135513,12575.0
2019-11-13,0.44749403341288785,0.4498143728453991,0.45147175815433577,0.4463338636966322,4800.0
2019-11-14,0.45428931317952803,0.4531291434632724,0.45428931317952803,0.449897242110846,7559.75
2019-11-15,0.4531291434632724,0.4501458499071865,0.45578095995757095,0.4498143728453991,6144.0
2019-11-18,0.4506430654998674,0.453294881994166,0.4546207902413153,0.4501458499071865,2102.0
2019-11-19,0.453294881994166,0.46033876955714664,0.46033876955714664,0.453294881994166,5672.95
2019-11-20,0.46033876955714664,0.45843277645186953,0.4624933704587643,0.4581012993900822,3804.91
2019-11-21,0.4558638292230178,0.45428931317952803,0.45710686820472024,0.4533777512596128,7902.75
2019-11-22,0.45843277645186953,0.44591951736939806,0.45843277645186953,0.4440135242641209,9446.0
2019-11-25,0.4458366481039512,0.44517369398037654,0.4516374966852294,0.44094736144258817,4105.0
2019-11-26,0.4484884645982498,0.44915141872182446,0.45047732696897375,0.4471625563511005,3760.0
2019-11-27,0.44790837974012204,0.4466653407584195,0.45230045080880404,0.4458366481039512,3777.0
2019-11-28,0.4477426412092283,0.44591951736939806,0.44923428798727133,0.4450079554494829,2091.0
2019-11-29,0.4418589233625033,0.43895849907186424,0.44558804030761073,0.43473216653407587,3555.0
2019-12-02,0.4383784142137364,0.436638159639353,0.4397043224608857,0.436140944046672,3987.0
2019-12-03,0.43879276054097055,0.43804693715194903,0.43879276054097055,0.43216321930522406,6185.0
2019-12-04,0.43754972155926813,0.43779832935560864,0.4381298064173959,0.43539512065765046,4078.47
2019-12-05,0.4392071068682047,0.44036727658446034,0.4417760540970565,0.4386270220100769,3965.0
2019-12-06,0.44086449217714135,0.44351630867144,0.44359917793688675,0.44053301511535403,5266.0
2019-12-09,0.44351630867144,0.4391242376027579,0.44351630867144,0.4383784142137364,6237.0
2019-12-10,0.4383784142137364,0.4413617077698223,0.4414445770352692,0.43829554494828954,3979.0
2019-12-11,0.441527446300716,0.4413617077698223,0.44359917793688675,0.4401186687881199,5506.0
2019-12-12,0.44359917793688675,0.4392071068682047,0.44359917793688675,0.4392071068682047,7631.0
2019-12-13,0.44277048528241847,0.44732829488199416,0.44749403341288785,0.4393728453990984,7333.57
2019-12-16,0.44749403341288785,0.44890281092548395,0.45155462741978253,0.44467647838769553,11042.0
2019-12-17,0.44442787059135513,0.45097454256165476,0.45230045080880404,0.44442787059135513,9610.0
2019-12-18,0.45097454256165476,0.4483227260673562,0.4516374966852294,0.4479912490055688,7646.0
2019-12-19,0.4483227260673562,0.44691394855476,0.44998011137629274,0.4450908247149298,23281.0
2019-12-20,0.44691394855476,0.4455051710421639,0.44915141872182446,0.44542230177671704,4022.0
2019-12-23,0.4483227260673562,0.44260474675152484,0.44915141872182446,0.44260474675152484,12556.0
2019-12-24,0.4466653407584195,0.4450908247149298,0.4466653407584195,0.4429362238133121,4067.0
2019-12-25,0.44434500132590826,0.4447593476531424,0.4458366481039512,0.44260474675152484,2958.0
2019-12-26,0.443019093078759,0.44765977194378154,0.44790837974012204,0.443019093078759,11155.0
2019-12-27,0.4477426412092283,0.4508088040307611,0.45254905860514455,0.4477426412092283,11030.0
2019-12-30,0.4485713338636967,0.4535434897905065,0.453792097586847,0.4471625563511005,5097.98
2019-12-31,0.4535434897905065,0.45785269159374176,0.4580184301246354,0.4508088040307611,5736.23
2020-01-02,0.4581012993900822,0.46108459294616816,0.46953725802174495,0.4549522673031027,4967.0
2020-01-03,0.4607531158843808,0.4558638292230178,0.46108459294616816,0.4556980906921241,9190.0
2020-01-06,0.4556980906921241,0.4558638292230178,0.45702399893927337,0.43539512065765046,6590.0
2020-01-07,0.4556152214266773,0.4602559002916998,0.460670246618934,0.4556152214266773,6316.0
2020-01-08,0.4602559002916998,0.45917859984089104,0.46166467780429593,0.45785269159374176,4154.23
2020-01-09,0.46033876955714664,0.46771413418191465,0.46821134977459566,0.46033876955714664,3725.0
2020-01-10,0.4676312649164678,0.46870856536727656,0.4699516043489791,0.466553964465659,4365.0
2020-01-13,0.4698687350835322,0.4730177671705118,0.4730177671705118,0.4686256961018298,4685.0
2020-01-14,0.48064173959162027,0.4692057809599576,0.48064173959162027,0.46904004242906394,4572.0
2020-01-15,0.47227194378149034,0.470946035534341,0.47376359055953327,0.46904004242906394,2822.0
2020-01-16,0.47392932909042695,0.4715261203924689,0.47392932909042695,0.4688743038981703,2738.0
2020-01-17,0.4715261203924689,0.4731835057014055,0.4763325377883851,0.4715261203924689,3906.0
2020-01-20,0.4731835057014055,0.4764982763192787,0.47798992309732163,0.47235481304693716,7477.0
2020-01-21,0.4764982763192787,0.4726862901087245,0.47740983823919386,0.4713603818615752,5287.0
2020-01-22,0.47235481304693716,0.4715261203924689,0.4726862901087245,0.4648965791567224,5360.0
2020-01-23,0.46845995757093606,0.45785269159374176,0.47078029700344737,0.45395783611774065,7703.23
2020-02-03,0.41285468045611246,0.4138491116414744,0.424373508353222,0.41210885706709094,9685.0
2020-02-04,0.4138491116414744,0.45047732696897375,0.4516374966852294,0.4138491116414744,12223.78
2020-02-05,0.45047732696897375,0.45155462741978253,0.45395783611774065,0.44094736144258817,12188.0
2020-02-06,0.4508088040307611,0.4648965791567224,0.466553964465659,0.4126889419252188,6076.0
2020-02-07,0.4647308406258287,0.4648965791567224,0.465062317687616,0.45892999204455054,17051.0
2020-02-10,0.4647308406258287,0.46348780164412623,0.4647308406258287,0.4579355608591885,5006.0
2020-02-11,0.46348780164412623,0.46589101034208436,0.46821134977459566,0.4627419782551047,4866.32
2020-02-12,0.46580814107663754,0.47086316626889424,0.47235481304693716,0.46580814107663754,7446.0
2020-02-13,0.47086316626889424,0.46746552638557415,0.4736807212940865,0.4661396181384248,4280.0
2020-02-14,0.47235481304693716,0.4692057809599576,0.47235481304693716,0.4661396181384248,2263.0
2020-02-17,0.46904004242906394,0.47873574648634315,0.47873574648634315,0.46904004242906394,6846.43
2020-02-18,0.47873574648634315,0.4777413153009812,0.479813046937152,0.47484089101034216,5216.0
2020-02-19,0.4777413153009812,0.4752552373375763,0.4781556616282153,0.47434367541766115,7395.0
2020-02-20,0.4752552373375763,0.49058605144524,0.49837576239724213,0.4752552373375763,22406.0
2020-02-21,0.48884579687085655,0.48785136568549453,0.48884579687085655,0.4808074781225139,23977.0
2020-02-24,0.48727128082736676,0.48047600106072663,0.48727128082736676,0.477326968973747,27624.0
2020-02-25,0.4686256961018298,0.4795644391408115,0.48031026252983294,0.4686256961018298,16366.0
2020-02-26,0.4794815698753646,0.47185759745425615,0.4794815698753646,0.4694543887562981,11908.84
2020-02-27,0.4706974277380005,0.4750066295412358,0.47798992309732163,0.4706974277380005,8375.0
2020-02-28,0.45735547600106075,0.4635706709095731,0.4698687350835322,0.45660965261203923,11367.0
2020-03-02,0.464067886502254,0.4726862901087245,0.4726862901087245,0.45412357464863434,7873.0
2020-03-03,0.4730177671705118,0.47881861575178997,0.4821333863696632,0.4727691593741713,13750.11
2020-03-04,0.4777413153009812,0.4808074781225139,0.4810560859188544,0.4744265446831079,8413.0
2020-03-05,0.48089034738796077,0.49207769822328296,0.4972155926809865,0.48089034738796077,40526.5
2020-03-06,0.49207769822328296,0.4861111111111111,0.49207769822328296,0.4857796340493238,18082.0
2020-03-09,0.4861111111111111,0.4693715194908512,0.4861111111111111,0.46216189339697694,19953.0
2020-03-10,0.46241050119331745,0.4785700079554495,0.4799787854680456,0.46241050119331745,9437.0
2020-03-11,0.47906722354813047,0.47558671439936356,0.4847852028639618,0.4744265446831079,15617.0
2020-03-12,0.464565102094935,0.46390214797136037,0.48055887032617345,0.4610017236807213,9489.0
2020-03-13,0.45578095995757095,0.4604216388225935,0.46083598514982765,0.44111309997348186,16552.91
2020-03-16,0.46083598514982765,0.44078162291169454,0.465062317687616,0.43754972155926813,11610.0
2020-03-17,0.44086449217714135,0.4396214531954389,0.45230045080880404,0.4232962079024131,17956.0
2020-03-18,0.4398700609917794,0.43083731105807477,0.44600238663484487,0.4305058339962875,13210.0
2020-03-19,0.43083731105807477,0.4251193317422434,0.4391242376027579,0.41434632723415543,14908.0
2020-03-20,0.4305058339962875,0.44260474675152484,0.4437649164677805,0.4267767170511801,8981.0
2020-03-23,0.44235613895518433,0.42702532484752054,0.44235613895518433,0.4218045611243702,22473.0
2020-03-24,0.4251193317422434,0.4373839830283744,0.4697029965526386,0.4251193317422434,13275.61
2020-03-25,0.4458366481039512,0.45047732696897375,0.45884712277910367,0.4448422169185893,19829.0
2020-03-26,0.45047732696897375,0.4513888888888889,0.45428931317952803,0.44591951736939806,14701.0
2020-03-27,0.4548693980376558,0.4558638292230178,0.4599244232299125,0.45428931317952803,25297.0
2020-03-30,0.4558638292230178,0.4489856801909308,0.4558638292230178,0.43092018032352164,31065.0
2020-03-31,0.4534606205250597,0.4571897374701671,0.4577698223282949,0.4490685494563776,17003.0
2020-04-01,0.45578095995757095,0.4516374966852294,0.4571897374701671,0.44915141872182446,13322.0
2020-04-02,0.45155462741978253,0.45602956775391146,0.45660965261203923,0.4464996022275259,9597.0
2020-04-03,0.4574383452665075,0.4583499071864227,0.46191328560063644,0.454786528772209,20884.0
2020-04-07,0.46340493237867936,0.47003447361442585,0.4764982763192787,0.46340493237867936,33629.0
2020-04-08,0.4698687350835322,0.46746552638557415,0.4698687350835322,0.4648965791567224,11998.0
2020-04-09,0.472437682312384,0.47434367541766115,0.4749237602757889,0.4680456112437019,25606.0
2020-04-10,0.47434367541766115,0.4731006364359586,0.48064173959162027,0.4698687350835322,22202.0
2020-04-13,0.4721890745160435,0.4697029965526386,0.4726862901087245,0.465062317687616,6994.0
2020-04-14,0.4692057809599576,0.477326968973747,0.477326968973747,0.46729978785468046,12614.0
2020-04-15,0.48031026252983294,0.4730177671705118,0.48047600106072663,0.47202333598514984,9096.0
2020-04-16,0.4730177671705118,0.47392932909042695,0.47409506762132064,0.47028308141076636,7932.0
2020-04-17,0.47392932909042695,0.47583532219570407,0.47898435428268366,0.47392932909042695,17909.0
2020-04-20,0.4751723680721294,0.4793987006099178,0.4793987006099178,0.47484089101034216,8309.0
2020-04-21,0.4769954919119597,0.47384645982498014,0.4769954919119597,0.4701173428798727,7213.0
2020-04-22,0.47384645982498014,0.4821333863696632,0.48229912490055693,0.4711117740652347,19922.0
2020-04-23,0.4821333863696632,0.4826306019623442,0.4895087509944312,0.4821333863696632,8785.16
2020-04-24,0.48271347122779107,0.4796473084062583,0.4828792097586847,0.4791500928135773,8658.0
2020-04-27,0.4797301776717051,0.4831278175550252,0.48486807212940863,0.477326968973747,5835.0
2020-04-28,0.4863597189074516,0.48677406523468575,0.4884314505436224,0.47583532219570407,10886.0
2020-04-29,0.48544815698753646,0.4818847785733228,0.4860282418456643,0.4780727923627685,14412.0
2020-04-30,0.48196764783876955,0.48403937947494036,0.4855310262529833,0.4811389551843013,22419.6
2020-05-06,0.48304494828957834,0.4884314505436224,0.48859718907451605,0.4794815698753646,31640.0
2020-05-07,0.48776849642004777,0.4916633518960488,0.4926577830814108,0.48702267303102625,27093.14
2020-05-08,0.4916633518960488,0.4980442853354548,0.4995359321134977,0.4916633518960488,22148.14
2020-05-11,0.4977128082736675,0.4939836913285601,0.5017734022805622,0.49174622116149563,14125.0
2020-05-12,0.4940665605940069,0.49862437019358263,0.4988729779899231,0.4940665605940069,15791.14
2020-05-13,0.49862437019358263,0.5017734022805622,0.5027678334659241,0.49522673031026254,17510.0
2020-05-14,0.5017734022805622,0.5010275788915407,0.5017734022805622,0.49713272341553966,11789.0
2020-05-15,0.5010275788915407,0.49340360647043224,0.5016076637496685,0.49199482895783614,30837.0
2020-05-18,0.4963869000265182,0.5021048793423495,0.5025192256695837,0.49182909042694245,29945.0
2020-05-19,0.5022706178732432,0.504342349509414,0.5069112967382657,0.5022706178732432,23288.0
2020-05-20,0.5021877486077964,0.5013590559533281,0.5050881728984354,0.4991215857862636,28997.59
2020-05-21,0.5011933174224343,0.5021048793423495,0.5065798196764785,0.5004474940334128,15886.59
2020-05-22,0.5021048793423495,0.491580482630602,0.5021048793423495,0.48727128082736676,14509.0
2020-05-25,0.4897573587907717,0.49671837708830546,0.49680124635375233,0.4876856271546009,12486.0
2020-05-26,0.49671837708830546,0.5037622646512862,0.5037622646512862,0.49671837708830546,12585.0
2020-05-27,0.5037622646512862,0.5001160169716256,0.5037622646512862,0.4980442853354548,7128.0
2020-05-28,0.5001160169716256,0.49680124635375233,0.5014419252187748,0.4897573587907717,6879.0
2020-05-29,0.49704985415009284,0.5048395651020949,0.5055025192256696,0.4950609917793689,17927.0
2020-06-01,0.5049224343675418,0.5158611774065235,0.5163583929992045,0.5049224343675418,9227.0
2020-06-02,0.515612569610183,0.5117177141341819,0.515612569610183,0.5098945902943516,9825.0
2020-06-03,0.512132060461416,0.513623707239459,0.5147838769557147,0.5113033678069477,5952.0
2020-06-04,0.513126491646778,0.5160269159374171,0.5179329090426943,0.5122149297268629,7038.0
2020-06-05,0.5160269159374171,0.5194245558207372,0.5194245558207372,0.5133750994431185,7400.78
2020-06-08,0.5226564571731637,0.5200046406788651,0.5713835852559003,0.5190102094935031,36848.0
2020-06-09,0.5714664545213471,0.5314405993105278,0.5714664545213471,0.5202532484752055,27236.0
2020-06-10,0.5287059135507823,0.530363298859719,0.530363298859719,0.5261369663219305,21501.0
2020-06-11,0.5300318217979316,0.5260540970564836,0.5320206841686556,0.5234022805621851,11891.0
2020-06-12,0.5231536727658446,0.5309433837178468,0.5324350304958897,0.5122977989923098,11345.0
2020-06-15,0.5309433837178468,0.5295346062052506,0.5346725006629541,0.5282086979581013,8040.0
2020-06-16,0.5297832140015911,0.5390645717316361,0.539147440997083,0.5297832140015911,11078.0
2020-06-17,0.5390645717316361,0.5451968973747017,0.55779302572262,0.5390645717316361,13003.0
2020-06-18,0.545031158843808,0.5509977459559798,0.551909307875895,0.5390645717316361,13222.1
2020-06-19,0.5448654203129144,0.5558041633518961,0.5567157252718112,0.5443682047202334,12922.0
2020-06-22,0.5624337045876425,0.5555555555555556,0.562682312383983,0.5519921771413417,20303.0
2020-06-23,0.5560527711482366,0.5639253513656854,0.5640082206311323,0.5535666931848316,18064.0
2020-06-24,0.5615221426677274,0.5663285600636436,0.5664942985945373,0.5615221426677274,11579.43
2020-06-29,0.5661628215327499,0.5701405462741979,0.5706377618668789,0.5627651816494299,13733.0
2020-06-30,0.5708035003977725,0.5797533810660302,0.5814936356404137,0.5708035003977725,7936.0
2020-07-01,0.5883717846725006,0.5874602227525856,0.5883717846725006,0.5775159108989658,17518.0
2020-07-02,0.5867143993635641,0.5880403076107134,0.5924323786793954,0.5842283214001591,19776.0
2020-07-03,0.5879574383452665,0.59309533280297,0.5933439405993105,0.5823223282948821,15043.0
2020-07-06,0.5925152479448422,0.6146413418191461,0.6215194908512331,0.5883717846725006,24484.0
2020-07-07,0.6381762132060461,0.6272374701670644,0.6628712543092018,0.6200278440731901,48385.0
2020-07-08,0.6269888623707239,0.6271546009016176,0.6272374701670644,0.61323256430655,42180.0
2020-07-09,0.6293092018032352,0.6380104746751525,0.6397507292495359,0.6248342614691064,32326.95
2020-07-10,0.6380933439405994,0.6408280297003447,0.6489492177141343,0.6380933439405994,31470.0
2020-07-13,0.6411595067621321,0.6588106603023071,0.662788385043755,0.6411595067621321,42474.0
2020-07-14,0.6596393529567754,0.6535898965791567,0.6646943781490322,0.6424025457438345,48077.91
2020-07-15,0.6536727658446035,0.6653573322726067,0.6719040042429064,0.6535898965791567,47253.73
2020-07-16,0.6687549721559268,0.6194477592150623,0.6702466189339698,0.6190334128878282,43994.95
2020-07-17,0.6187019358260408,0.6456344470962609,0.6460487934234951,0.6165473349244233,43695.0
2020-07-20,0.6472089631397507,0.6446400159108989,0.6545014584990718,0.6173760275788915,41214.0
2020-07-21,0.6446400159108989,0.6587277910368603,0.6617110845929463,0.6443085388491117,47918.91
2020-07-22,0.6579819676478388,0.6728984354282683,0.6793622381331212,0.6468774860779635,51721.0
2020-07-23,0.6724840891010342,0.6871519490851233,0.6877320339432511,0.6629541235746487,54285.28
2020-07-24,0.6811024927075046,0.6530098117210289,0.6811024927075046,0.6447228851763458,113440.81
2020-07-27,0.6438113232564306,0.6537556351100504,0.6594736144258818,0.6438113232564306,35329.0
2020-07-28,0.6528440731901353,0.6625397772474145,0.6675119331742243,0.6528440731901353,62313.0
2020-07-29,0.6651087244762662,0.6772076372315037,0.6782849376823125,0.6546671970299656,40465.0
2020-07-30,0.6773733757623972,0.6841686555290374,0.6927870591355078,0.6773733757623972,63361.47
2020-07-31,0.6836714399363564,0.6933671439936357,0.6969305224078494,0.6795279766640148,42616.0
2020-08-03,0.6937814903208698,0.7061290108724477,0.7099409970830018,0.6937814903208698,47192.96
2020-08-04,0.7066262264651285,0.6990022540440202,0.7093609122248741,0.6961018297533811,56319.0
2020-08-05,0.6961018297533811,0.7057146645452135,0.7077035269159374,0.687814903208698,58621.0
2020-08-06,0.7060461416070007,0.70057677008751,0.7088636966321931,0.6921241050119332,46765.0
2020-08-07,0.7009911164147441,0.6953560063643596,0.7031457173163617,0.681931185361973,27988.0
2020-08-10,0.6953560063643596,0.6960189604879342,0.7023170246618934,0.6762132060461417,34238.0
2020-08-11,0.6940300981172103,0.6927870591355078,0.7085322195704058,0.6898866348448687,46976.0
2020-08-12,0.6909639352956775,0.6791964996022275,0.6927870591355078,0.6673461946433308,46612.0
2020-08-13,0.6811024927075046,0.6778705913550782,0.6868204720233361,0.6753845133916734,22965.0
2020-08-14,0.6762960753115884,0.687814903208698,0.687814903208698,0.6718211349774595,40953.0
2020-08-17,0.6927870591355078,0.694610182975338,0.6948587907716786,0.6803566693184833,33952.0
2020-08-18,0.6939472288517635,0.7048859718907452,0.706957703526916,0.6939472288517635,31425.0
2020-08-19,0.7048031026252984,0.6942787059135508,0.7048031026252984,0.6929527976664015,27700.0
2020-08-20,0.693615751789976,0.6859089101034208,0.693615751789976,0.6753845133916734,22154.0
2020-08-21,0.6918754972155927,0.6930356669318483,0.6977592150623178,0.6860746486343146,14499.0
2020-08-24,0.6836714399363564,0.6974277380005304,0.7015712012728719,0.6836714399363564,21492.0
2020-08-25,0.6974277380005304,0.7014883320074251,0.708366481039512,0.6969305224078494,21898.0
2020-08-26,0.7014883320074251,0.6986707769822328,0.7089465658976398,0.6970133916732962,36324.0
2020-08-27,0.6993337311058075,0.7093609122248741,0.7093609122248741,0.6977592150623178,31586.0
2020-08-28,0.7093609122248741,0.7300782285865819,0.7330615221426677,0.7093609122248741,48636.96
2020-08-31,0.7458233890214797,0.7338073455316892,0.7458233890214797,0.733392999204455,35657.0
2020-09-01,0.7338073455316892,0.738779501458499,0.7391938477857333,0.7263491116414744,28331.0
2020-09-02,0.738862370723946,0.7468178202068417,0.7473150357995227,0.7347189074516043,23101.0
2020-09-03,0.7469006894722885,0.7391938477857333,0.7564306549986741,0.7330615221426677,39142.0
2020-09-04,0.7188908777512597,0.7219570405727923,0.7292495359321136,0.7129242906390878,38070.0
2020-09-07,0.7218741713073455,0.7009082471492973,0.7239459029435164,0.6961846990188278,32888.0
2020-09-08,0.7009082471492973,0.701073985680191,0.7101067356138956,0.6935328825245293,29831.0
2020-09-09,0.687814903208698,0.6792793688676743,0.6961018297533811,0.6737271280827367,26776.0
2020-09-10,0.685826040837974,0.6835057014054627,0.6946930522407849,0.6803566693184833,19926.0
2020-09-11,0.6823455316892071,0.6961018297533811,0.6961018297533811,0.6629541235746487,16749.0
2020-09-14,0.6970962609387431,0.698587907716786,0.701073985680191,0.694195836648104,40014.0
2020-09-15,0.6992508618403607,0.7067090957305755,0.7072063113232565,0.693698621055423,14513.0
2020-09-16,0.7067090957305755,0.6990022540440202,0.7090294351630867,0.695687483426147,11900.0
2020-09-17,0.699085123309467,0.687814903208698,0.6999138159639353,0.6812682312383983,16285.0
2020-09-18,0.6876491646778043,0.6993337311058075,0.6997480774330417,0.6837543092018032,17324.0
2020-09-21,0.6994166003712543,0.6924555820737205,0.6999966852293821,0.6914611508883585,11643.0
2020-09-22,0.6922898435428267,0.6893894192521879,0.6951073985680191,0.6836714399363564,7986.0
2020-09-23,0.687814903208698,0.6960189604879342,0.6974277380005304,0.6839200477326969,13624.0
2020-09-24,0.6958532219570406,0.6846658711217184,0.6958532219570406,0.682428400954654,9586.0
2020-09-25,0.685328825245293,0.6859089101034208,0.691709758684699,0.6836714399363564,5852.0
2020-09-28,0.6861575178997613,0.6860746486343146,0.6923727128082737,0.6849144789180589,9361.0
2020-09-29,0.6883949880668259,0.691709758684699,0.693201405462742,0.6845001325908248,10196.0
2020-09-30,0.691792627950146,0.694610182975338,0.7039744099708299,0.6909639352956775,8520.0
2020-10-09,0.6978420843277645,0.707454919119597,0.7101067356138956,0.6978420843277645,11322.0
2020-10-12,0.7041401485017237,0.7280893662158578,0.7283379740121984,0.7041401485017237,16629.0
2020-10-13,0.7280893662158578,0.7330615221426677,0.733392999204455,0.7253546804561125,15611.0
2020-10-14,0.7332272606735615,0.7306583134447097,0.7365420312914347,0.7209626093874304,15159.0
2020-10-15,0.7283379740121984,0.7241945107398569,0.7306583134447097,0.7227028639618138,8376.0
2020-10-16,0.723614425881729,0.7212940864492178,0.7275921506231768,0.7143330681516838,7355.0
2020-10-19,0.7212940864492178,0.70737204985415,0.725106072659772,0.7048031026252984,19619.0
2020-10-20,0.70737204985415,0.720216785998409,0.7209626093874304,0.7037258021744897,11403.0
2020-10-21,0.720216785998409,0.7178135773004509,0.7223713869000266,0.7131728984354283,8303.0
2020-10-22,0.7170677539114294,0.7144988066825776,0.7179793158313444,0.704968841156192,7330.0
2020-10-23,0.7144988066825776,0.704471625563511,0.7176478387695572,0.70057677008751,8801.0
2020-10-26,0.7031457173163617,0.6992508618403607,0.7031457173163617,0.6738099973481836,5819.0
2020-10-27,0.6992508618403607,0.7016540705383189,0.7016540705383189,0.6951902678334659,6396.0
2020-10-28,0.7023170246618934,0.7155761071333864,0.7190566162821532,0.7023170246618934,13791.0
2020-10-29,0.710852559002917,0.7291666666666666,0.7310726597719437,0.7093609122248741,21186.0
2020-10-30,0.7246917263325378,0.7139187218244498,0.7280064969504111,0.7110182975338106,14904.0
2020-11-02,0.7139187218244498,0.7130071599045346,0.7170677539114294,0.7085322195704058,7937.0
2020-11-03,0.7137529832935561,0.7198853089366215,0.720216785998409,0.7124270750464068,10752.0
2020-11-04,0.7199681782020685,0.7275921506231768,0.7275921506231768,0.7190566162821532,11130.0
2020-11-05,0.7326471758154335,0.73927671705118,0.7400225404402015,0.7326471758154335,18519.0
2020-11-06,0.7395253248475205,0.7326471758154335,0.7396910633784143,0.7234486873508353,11595.0
2020-11-09,0.7347189074516043,0.7393595863166269,0.7404368867674358,0.7317356138955184,14907.28
2020-11-10,0.7435030495889684,0.7366249005568815,0.7435030495889684,0.732978652877221,7234.28
2020-11-11,0.7371221161495625,0.7280064969504111,0.7395253248475205,0.7274264120922833,8926.0
2020-11-12,0.7280064969504111,0.7340559533280298,0.7352161230442853,0.725106072659772,6774.0
2020-11-13,0.7333101299390082,0.7237801644126227,0.7333101299390082,0.7210454786528773,10531.0
2020-11-16,0.7244431185361974,0.7280893662158578,0.7283379740121984,0.7195538318748342,12907.0
2020-11-17,0.7275921506231768,0.719222354813047,0.7275921506231768,0.7159904534606206,11860.0
2020-11-18,0.7173992309732167,0.710355343410236,0.7213769557146645,0.7077863961813843,24611.0
2020-11-19,0.710355343410236,0.720631132325643,0.721625563511005,0.7072891805887033,15186.0
2020-11-20,0.720631132325643,0.7279236276849643,0.7302439671174754,0.7189737470167065,17577.0
2020-11-23,0.7304097056483692,0.7313212675682842,0.7332272606735615,0.7252718111906656,18359.0
2020-11-24,0.7314041368337312,0.726017634579687,0.7317356138955184,0.7224542561654733,19313.0
2020-11-25,0.7259347653142403,0.712841421373641,0.7270949350304958,0.7119298594537258,9347.0
2020-11-26,0.7130071599045346,0.7111840360647044,0.7164876690533016,0.7047202333598515,6312.0
2020-11-27,0.7111840360647044,0.7177307080350039,0.7183107928931317,0.7085322195704058,9339.0
2020-11-30,0.7177307080350039,0.71234420578096,0.7190566162821532,0.7093609122248741,6558.0
2020-12-01,0.71234420578096,0.7245259878016441,0.7246917263325378,0.7110182975338106,12204.0
2020-12-02,0.7243602492707505,0.7222056483691328,0.726100503845134,0.7172334924423229,11332.0
2020-12-03,0.722122779103686,0.7299124900556881,0.7301610978520287,0.7194709626093875,12417.0
2020-12-04,0.7300782285865819,0.7398568019093079,0.7400225404402015,0.7288351896048794,15181.28
2020-12-07,0.7396081941129674,0.7401882789710953,0.7429229647308406,0.7364591620259878,7660.0
2020-12-08,0.7398568019093079,0.7430887032617344,0.7464034738796075,0.7379508088040307,11657.0
2020-12-09,0.7431715725271811,0.7344702996552638,0.746652081675948,0.7337244762662424,16206.28
2020-12-10,0.7344702996552638,0.7381994166003712,0.7415141872182446,0.7292495359321136,5961.28
2020-12-11,0.7386966321930523,0.7352989923097322,0.7419285335454786,0.7318184831609652,20468.0
2020-12-14,0.7352989923097322,0.7512927605409706,0.7512927605409706,0.7343045611243703,12457.0
2020-12-15,0.7522043224608858,0.7600769026783347,0.7624801113762928,0.7491381596393529,16033.28
2020-12-16,0.7599940334128878,0.767286528772209,0.7680323521612306,0.7584195173693979,15350.0
2020-12-17,0.767286528772209,0.7797997878546805,0.7846062052505967,0.767286528772209,23084.0
2020-12-18,0.7797997878546805,0.7772308406258287,0.7822858658180853,0.7690267833465924,24027.0
2020-12-21,0.7739989392734022,0.7841918589233624,0.7853520286396182,0.7691925218774861,15252.0
2020-12-22,0.7843575974542562,0.7807113497745956,0.7914014850172368,0.778556748872978,16065.0
2020-12-23,0.77955118005834,0.7880867143993636,0.7943847785733228,0.7789710952002122,15892.29
2020-12-24,0.7880038451339167,0.7865950676213207,0.7921473084062582,0.7798826571201273,13447.0
2020-12-25,0.7856006364359587,0.8038318748342614,0.8044948289578362,0.7789710952002122,20067.0
2020-12-28,0.804577698223283,0.8035832670379209,0.8104614160700079,0.7988597189074517,23145.0
2020-12-29,0.8036661363033678,0.792313046937152,0.8049091752850702,0.7903241845664281,18556.0
2020-12-30,0.7834460355343411,0.8097155926809866,0.8106271546009016,0.7834460355343411,18341.99
2020-12-31,0.8122016706443914,0.8296870856536728,0.8353221957040573,0.8122016706443914,21513.29
2021-01-04,0.8287755237337576,0.8440234685759747,0.8565367276584461,0.8287755237337576,54030.0
2021-01-05,0.8426975603288253,0.8653208697958101,0.8675583399628746,0.8369795810129939,38318.29
2021-01-06,0.8686356404136834,0.8709559798461947,0.8767568284274728,0.8542992574913816,45761.0
2021-01-07,0.874270750464068,0.8833035003977725,0.8833863696632194,0.8628347918324053,36733.0
2021-01-08,0.8827234155396446,0.874685096791302,0.8891872182444975,0.8631662688941926,32443.0
2021-01-11,0.8721990188278972,0.8691328560063644,0.888938610448157,0.8545478652877221,35934.0
2021-01-12,0.8674754706974278,0.8893529567753911,0.8906788650225405,0.860928798727128,28416.0
2021-01-13,0.8907617342879873,0.8764253513656856,0.8947394590294352,0.8701272871917264,26084.0
2021-01-14,0.8709559798461947,0.8555422964730841,0.8764253513656856,0.8535534341023602,23017.0
2021-01-15,0.8468410236011668,0.8538020418987007,0.8543821267568285,0.8311787324317157,39101.0
2021-01-18,0.8470896313975073,0.8511502254044021,0.8523103951206576,0.8345763723150358,19155.0
2021-01-19,0.8475039777247415,0.828609785202864,0.8559566428003182,0.8270352691593742,25776.0
2021-01-20,0.828609785202864,0.8436919915141872,0.8451007690267834,0.8252121453195439,19298.0
2021-01-21,0.8436919915141872,0.86192322991249,0.8647407849376824,0.8436919915141872,29381.0
2021-01-22,0.86192322991249,0.8828891540705384,0.8833863696632194,0.8577797666401485,28537.0
2021-01-25,0.8825576770087511,0.8980542296473084,0.9016176080615222,0.8772540440201538,32756.0
2021-01-26,0.8999602227525855,0.8731105807478122,0.9014518695306285,0.8728619729514717,19442.0
2021-01-27,0.8726133651551312,0.8709559798461947,0.875182312383983,0.8286926544683109,22525.0
2021-01-28,0.8618403606470433,0.8503215327499337,0.8659838239193848,0.8485812781755503,22538.0
2021-01-29,0.8504044020153806,0.8538849111641474,0.8656523468575974,0.8391341819146115,19125.0
2021-02-01,0.860514452399894,0.8581941129673827,0.86192322991249,0.8492442322991248,15385.0
2021-02-02,0.8599343675417662,0.880568814638027,0.8808174224343676,0.8518960487934235,26829.0
2021-02-03,0.880071599045346,0.8804859453725803,0.8873640944046672,0.8717846725006629,16761.0
2021-02-04,0.8767568284274728,0.8748508353221958,0.883054892601432,0.8643264386104481,14178.0
2021-02-05,0.874685096791302,0.8848780164412624,0.8951538053566693,0.8734420578095995,23440.0
2021-02-08,0.887529832935561,0.8988000530363299,0.9016176080615222,0.8813146380270486,17462.0
2021-02-09,0.8999602227525855,0.9218377088305489,0.9229150092813578,0.8950709360912226,17914.0
2021-02-10,0.9234950941394856,0.947278573322726,0.9507590824714931,0.9234950941394856,38482.0
2021-02-18,0.9927738000530364,0.9173627684964201,0.9927738000530364,0.9157882524529303,50391.0
2021-02-19,0.9173627684964201,0.915373906125696,0.9231636170776983,0.8891872182444975,39625.0
2021-02-22,0.9138822593476532,0.8687185096791302,0.928135773004508,0.8663981702466189,53933.0
2021-02-23,0.8661495624502784,0.860017236807213,0.8767568284274728,0.8121188013789447,56749.0
2021-02-24,0.860017236807213,0.8331675948024397,0.8659009546539379,0.8228918058870326,35591.0
2021-02-25,0.8378911429329091,0.8280297003447362,0.8390513126491647,0.8265380535666932,19823.0
2021-02-26,0.8113729779899231,0.8110415009281359,0.8245491911959693,0.7972023335985149,24936.0
2021-03-01,0.8137761866878812,0.8221459824980111,0.8245491911959693,0.8118701935826041,17143.0
2021-03-02,0.8270352691593742,0.8073952532484753,0.8290241315300981,0.8001027578891541,15068.0
2021-03-03,0.807975338106603,0.8166766109785203,0.8170080880403077,0.7999370193582604,12715.0
2021-03-04,0.8119530628480509,0.7788882259347653,0.8119530628480509,0.7784738796075312,98799.35
2021-03-05,0.761900026518165,0.7889982763192788,0.7922301776717052,0.7611542031291435,41374.0
2021-03-08,0.7889982763192788,0.7391938477857333,0.7921473084062582,0.7365420312914347,38849.65
2021-03-09,0.7390281092548395,0.7293324051975604,0.7507955449482896,0.7147474144789181,40211.0
2021-03-10,0.738365155131265,0.7467349509413949,0.7524529302572263,0.738365155131265,17040.0
2021-03-11,0.74764651286131,0.7642203659506762,0.7691925218774861,0.7437516573853089,23019.0
2021-03-12,0.764800450808804,0.7632259347653143,0.7706841686555291,0.751127022010077,17218.0
2021-03-15,0.7665407053831875,0.7396081941129674,0.7675351365685495,0.7314041368337312,13172.0
2021-03-16,0.7396081941129674,0.746237735348714,0.7473150357995227,0.7375364624767966,13195.0
2021-03-17,0.745657650490586,0.7553533545478653,0.7592482100238664,0.7340559533280298,11221.0
2021-03-18,0.7556848316096526,0.7679494828957836,0.7720100769026784,0.7556848316096526,23566.0
2021-03-19,0.7590824714929727,0.754027446300716,0.76438610448157,0.7468178202068417,29438.0
2021-03-22,0.754027446300716,0.7561820472023336,0.7644689737470167,0.7459891275523735,9437.0
2021-03-23,0.7565963935295679,0.7507126756828427,0.7603255104746752,0.7425086184036066,14340.0
2021-03-24,0.7473979050649695,0.7419285335454786,0.7567621320604614,0.7384480243967118,48860.0
2021-03-25,0.7399396711747548,0.7470664280031822,0.7512098912755237,0.7314870060991779,8322.0
2021-03-26,0.7474807743304163,0.76778374436489,0.7715128613099974,0.7474807743304163,12991.65
2021-03-29,0.7702698223282949,0.7717614691063379,0.7802141341819145,0.7636402810925484,10696.0
2021-03-30,0.7717614691063379,0.7813743038981703,0.7872580217448952,0.7678666136303368,10612.0
2021-03-31,0.7813743038981703,0.7738332007425086,0.7822029965526386,0.7689439140811456,8147.0
2021-04-01,0.7738332007425086,0.7906556616282153,0.7922301776717052,0.7738332007425086,11403.0
2021-04-02,0.794301909307876,0.8085554229647308,0.8088040307610713,0.794301909307876,14070.0
2021-04-06,0.8077267303102625,0.7995226730310262,0.8121188013789447,0.7957935560859188,8957.0
2021-04-07,0.7986939803765579,0.7880867143993636,0.7987768496420048,0.7789710952002122,13635.0
2021-04-08,0.7840261203924689,0.7991911959692389,0.8004342349509415,0.7789710952002122,10221.0
2021-04-09,0.7992740652346857,0.7842747281888094,0.7992740652346857,0.7824516043489791,7759.0
2021-04-12,0.7842747281888094,0.7696068682047204,0.7910700079554495,0.7679494828957836,9347.0
2021-04-13,0.7696068682047204,0.7690267833465924,0.7856006364359587,0.7648833200742509,7549.0
2021-04-14,0.7665407053831875,0.7783081410766375,0.7793854415274463,0.7665407053831875,7948.0
2021-04-15,0.7765678865022541,0.7715128613099974,0.7765678865022541,0.7638060196234421,8994.0
2021-04-16,0.7722586846990189,0.7729216388225935,0.7761535401750199,0.7623972421108459,8060.0
2021-04-19,0.7735845929461682,0.7911528772208963,0.7914014850172368,0.7665407053831875,33685.0
2021-04-20,0.7909042694245558,0.7909042694245558,0.802588835852559,0.7820372580217448,19232.0
2021-04-21,0.7896612304428534,0.7984453725802174,0.7996884115619199,0.7867608061522142,17544.0
2021-04-22,0.7993569345001327,0.7972023335985149,0.802588835852559,0.7904070538318749,37264.0
2021-04-23,0.7963736409440466,0.8073952532484753,0.8102956775391144,0.7943847785733228,14527.0
2021-04-26,0.8073952532484753,0.7957935560859188,0.818333996287457,0.7955449482895783,14466.0
2021-04-27,0.7957935560859188,0.8067322991249005,0.8067322991249005,0.7938875629806418,8353.0
2021-04-28,0.8052406523468577,0.8112901087244763,0.8112901087244763,0.7988597189074517,11564.0
2021-04-29,0.8117044550517104,0.8164280031821798,0.8199913815963935,0.8063179527976665,14443.0
2021-04-30,0.8172566958366482,0.8194112967382657,0.8251292760540971,0.8130303632988597,29602.0
2021-05-06,0.8182511270220102,0.7987768496420048,0.8182511270220102,0.7922301776717052,20571.0
2021-05-07,0.7987768496420048,0.7802970034473615,0.8020087509944313,0.7797169185892338,12090.0
2021-05-10,0.7789710952002122,0.7827830814107664,0.7890811455847255,0.7748276319278706,9635.0
2021-05-11,0.7811256961018298,0.7979481569875364,0.7980310262529834,0.7748276319278706,38528.0
2021-05-12,0.7938875629806418,0.8042462211614957,0.8054892601431982,0.7889154070538319,10083.0
2021-05-13,0.7994398037655794,0.8010143198090692,0.8071466454521348,0.7897440997083002,11899.0
2021-05-14,0.8047434367541767,0.8164280031821798,0.8189140811455847,0.7973680721294086,18857.0
2021-05-17,0.8165937417130734,0.8343277645186953,0.8382226199946964,0.8165937417130734,33837.0
2021-05-18,0.8342448952532485,0.832587509944312,0.8353221957040573,0.8253778838504376,30574.0
2021-05-19,0.8287755237337576,0.8301014319809069,0.8323389021479715,0.8245491911959693,13021.0
2021-05-20,0.8293556085918854,0.833499071864227,0.8380568814638026,0.8286926544683109,9922.0
2021-05-21,0.833499071864227,0.8274496154866083,0.841371652081676,0.8245491911959693,10422.0
2021-05-24,0.8310129939008222,0.8315102094935032,0.833084725536993,0.8150192256695837,15314.0
2021-05-25,0.8313444709626094,0.8564538583929993,0.859022805621851,0.8313444709626094,35740.0
2021-05-26,0.8612602757889155,0.8591056748872979,0.8664810395120658,0.8564538583929993,13791.0
2021-05-27,0.8599343675417662,0.8630005303632988,0.8728619729514717,0.8520617873243171,17828.01
2021-05-31,0.89,0.87,0.89,0.855,315186.12
2021-06-01,0.871,0.87,0.88,0.855,457021.0
2021-06-02,0.872,0.858,0.874,0.854,338462.0
2021-06-03,0.855,0.855,0.866,0.851,156741.0
2021-06-04,0.8499999999999999,0.858,0.867,0.849,340056.99
2021-06-07,0.858,0.857,0.864,0.849,171822.0
2021-06-08,0.861,0.845,0.867,0.8380000000000001,236387.0
2021-06-09,0.839,0.848,0.851,0.837,127947.0
2021-06-10,0.851,0.861,0.8649999999999999,0.848,222850.0
2021-06-11,0.8619999999999999,0.854,0.8649999999999999,0.845,166992.0
2021-06-15,0.854,0.843,0.8559999999999999,0.837,168157.0
2021-06-16,0.843,0.827,0.846,0.827,200300.0
2021-06-17,0.825,0.834,0.839,0.8230000000000001,124180.64
2021-06-18,0.831,0.837,0.84,0.8260000000000001,164994.0
2021-06-21,0.836,0.836,0.839,0.827,124010.0
2021-06-22,0.839,0.849,0.849,0.831,179401.0
2021-06-23,0.848,0.8499999999999999,0.8559999999999999,0.846,194435.0
2021-06-24,0.8499999999999999,0.8439999999999999,0.851,0.836,191891.0
2021-06-25,0.843,0.855,0.858,0.839,208903.0
2021-06-28,0.8559999999999999,0.863,0.8649999999999999,0.8559999999999999,191794.0
2021-06-29,0.864,0.857,0.866,0.8529999999999999,156337.0
2021-06-30,0.857,0.8589999999999999,0.86,0.8529999999999999,130738.0
2021-07-01,0.8559999999999999,0.869,0.872,0.852,270021.0
2021-07-02,0.868,0.842,0.868,0.839,316869.0
2021-07-05,0.84,0.834,0.845,0.83,211720.0
2021-07-06,0.833,0.8200000000000001,0.833,0.803,335424.0
2021-07-07,0.812,0.827,0.831,0.81,138779.0
2021-07-08,0.8260000000000001,0.816,0.831,0.813,168479.0
2021-07-09,0.815,0.8079999999999999,0.815,0.7959999999999999,172728.0
2021-07-12,0.81,0.8230000000000001,0.8260000000000001,0.8019999999999999,279493.0
2021-07-13,0.822,0.833,0.8350000000000001,0.822,207358.0
2021-07-14,0.8409999999999999,0.831,0.8409999999999999,0.8230000000000001,152160.06
2021-07-15,0.831,0.84,0.8409999999999999,0.827,206642.0
2021-07-16,0.84,0.831,0.843,0.828,197681.0
2021-07-19,0.831,0.8409999999999999,0.842,0.822,286894.0
2021-07-20,0.8380000000000001,0.842,0.8439999999999999,0.8320000000000001,181713.0
2021-07-21,0.8439999999999999,0.8469999999999999,0.854,0.842,228792.0
2021-07-22,0.8469999999999999,0.8350000000000001,0.849,0.8320000000000001,239838.0
2021-07-23,0.828,0.8170000000000001,0.83,0.815,201260.0
2021-07-26,0.816,0.779,0.816,0.768,372094.0
2021-07-27,0.7720000000000001,0.759,0.782,0.751,218113.0
2021-07-28,0.749,0.7630000000000001,0.7630000000000001,0.735,291027.0
2021-07-29,0.77,0.768,0.7780000000000001,0.764,142704.0
2021-07-30,0.77,0.755,0.774,0.743,158865.0
2021-08-02,0.742,0.7780000000000001,0.779,0.73,681658.0
2021-08-03,0.77,0.792,0.794,0.765,333253.0
2021-08-04,0.791,0.7899999999999999,0.792,0.783,266039.0
2021-08-05,0.7869999999999999,0.788,0.7989999999999999,0.776,253903.0
2021-08-06,0.7810000000000001,0.774,0.788,0.7690000000000001,267322.65
2021-08-09,0.77,0.785,0.788,0.765,256073.34
2021-08-10,0.786,0.803,0.804,0.77,396377.0
2021-08-11,0.801,0.786,0.801,0.785,370442.91
2021-08-12,0.786,0.7780000000000001,0.789,0.776,184972.12
2021-08-13,0.7780000000000001,0.78,0.7840000000000001,0.771,188803.0
2021-08-16,0.7780000000000001,0.782,0.786,0.7750000000000001,130225.0
2021-08-17,0.7840000000000001,0.754,0.7869999999999999,0.751,234053.0
2021-08-18,0.754,0.753,0.757,0.745,214264.0
2021-08-19,0.754,0.751,0.756,0.744,121019.0
2021-08-20,0.745,0.7159999999999999,0.745,0.7100000000000001,422702.0
2021-08-23,0.711,0.72,0.723,0.7100000000000001,168309.0
2021-08-24,0.721,0.7339999999999999,0.736,0.721,224915.0
2021-08-25,0.735,0.743,0.745,0.7339999999999999,144956.0
2021-08-26,0.753,0.721,0.753,0.7189999999999999,297260.0
2021-08-27,0.715,0.7249999999999999,0.735,0.714,164322.0
2021-08-30,0.7249999999999999,0.72,0.726,0.7100000000000001,133028.0
2021-08-31,0.715,0.7130000000000001,0.724,0.705,165370.0
2021-09-01,0.709,0.727,0.735,0.697,294430.0
2021-09-02,0.727,0.718,0.729,0.714,163831.0
2021-09-03,0.718,0.7219999999999999,0.7249999999999999,0.705,191027.0
2021-09-06,0.7219999999999999,0.746,0.747,0.718,339512.0
2021-09-07,0.745,0.746,0.749,0.7369999999999999,322403.0
2021-09-08,0.746,0.7399999999999999,0.748,0.736,205348.0
2021-09-09,0.7339999999999999,0.7339999999999999,0.744,0.7309999999999999,188509.0
2021-09-10,0.7339999999999999,0.739,0.744,0.732,250325.0
2021-09-13,0.738,0.7309999999999999,0.746,0.726,263831.0
2021-09-14,0.7309999999999999,0.7279999999999999,0.738,0.726,185065.0
2021-09-15,0.7279999999999999,0.7159999999999999,0.7279999999999999,0.711,251903.0
2021-09-16,0.715,0.717,0.721,0.705,319275.0
2021-09-17,0.7159999999999999,0.736,0.736,0.709,502226.0
2021-09-22,0.73,0.723,0.732,0.717,317112.0
2021-09-23,0.7219999999999999,0.724,0.7339999999999999,0.72,242379.0
2021-09-24,0.7249999999999999,0.7399999999999999,0.748,0.723,477898.0
2021-09-27,0.745,0.758,0.773,0.742,983177.0
2021-09-28,0.75,0.755,0.7600000000000001,0.739,394522.0
2021-09-29,0.747,0.75,0.752,0.735,429486.0
2021-09-30,0.753,0.757,0.759,0.748,438353.0
2021-10-08,0.762,0.7750000000000001,0.777,0.753,586433.0
2021-10-11,0.777,0.7690000000000001,0.785,0.765,543260.0
2021-10-12,0.764,0.7750000000000001,0.776,0.758,441651.0
2021-10-13,0.7720000000000001,0.7899999999999999,0.794,0.7690000000000001,605375.0
2021-10-14,0.7929999999999999,0.78,0.7929999999999999,0.776,450715.0
2021-10-15,0.776,0.78,0.783,0.77,309242.0
2021-10-18,0.777,0.759,0.777,0.755,453950.0
2021-10-19,0.755,0.7690000000000001,0.773,0.754,330045.0
2021-10-20,0.768,0.767,0.7750000000000001,0.7600000000000001,211028.0
2021-10-21,0.765,0.765,0.7690000000000001,0.761,206512.0
2021-10-22,0.7660000000000001,0.779,0.7840000000000001,0.7660000000000001,386076.0
2021-10-25,0.78,0.779,0.78,0.7720000000000001,286763.2
2021-10-26,0.783,0.7780000000000001,0.7840000000000001,0.774,220707.94
2021-10-27,0.771,0.764,0.777,0.761,334232.0
2021-10-28,0.7630000000000001,0.7660000000000001,0.771,0.7600000000000001,155140.0
2021-10-29,0.7720000000000001,0.779,0.78,0.7690000000000001,304094.0
2021-11-01,0.77,0.765,0.776,0.7600000000000001,362914.0
2021-11-02,0.764,0.765,0.773,0.757,424391.0
2021-11-03,0.7690000000000001,0.7600000000000001,0.77,0.757,212185.84
2021-11-04,0.767,0.774,0.7750000000000001,0.7630000000000001,331540.0
2021-11-05,0.77,0.7750000000000001,0.782,0.77,328905.0
2021-11-08,0.7750000000000001,0.765,0.777,0.7630000000000001,358154.0
2021-11-09,0.765,0.767,0.768,0.761,153405.0
2021-11-10,0.7660000000000001,0.7630000000000001,0.7660000000000001,0.748,325954.0
2021-11-11,0.762,0.7660000000000001,0.767,0.759,214298.0
2021-11-12,0.7660000000000001,0.7630000000000001,0.768,0.762,184702.0
2021-11-15,0.764,0.771,0.7720000000000001,0.764,349600.0
2021-11-16,0.771,0.786,0.788,0.771,485619.0
2021-11-17,0.785,0.783,0.786,0.777,342486.0
2021-11-18,0.78,0.768,0.78,0.768,340399.0
2021-11-19,0.768,0.7720000000000001,0.7750000000000001,0.767,179041.0
2021-11-22,0.7720000000000001,0.776,0.777,0.771,284175.0
2021-11-23,0.774,0.7720000000000001,0.779,0.7690000000000001,268915.4
2021-11-24,0.7720000000000001,0.7750000000000001,0.7780000000000001,0.7690000000000001,298048.08
2021-11-25,0.774,0.7750000000000001,0.779,0.77,238675.0
2021-11-26,0.7750000000000001,0.77,0.777,0.7690000000000001,167218.0
2021-11-29,0.7660000000000001,0.77,0.774,0.765,216369.0
2021-11-30,0.771,0.7660000000000001,0.773,0.764,172741.0
2021-12-01,0.767,0.7660000000000001,0.7690000000000001,0.762,159432.0
2021-12-02,0.762,0.762,0.768,0.761,127069.0
2021-12-03,0.7630000000000001,0.77,0.771,0.7600000000000001,226289.0
2021-12-06,0.768,0.7660000000000001,0.771,0.765,168164.0
2021-12-07,0.77,0.773,0.7750000000000001,0.768,316231.0
2021-12-08,0.774,0.786,0.7869999999999999,0.77,578737.48
2021-12-09,0.788,0.807,0.81,0.786,673436.48
2021-12-10,0.804,0.804,0.8049999999999999,0.7959999999999999,450566.0
2021-12-13,0.804,0.804,0.815,0.801,485227.0
2021-12-14,0.8,0.8,0.803,0.797,207171.0
2021-12-15,0.8,0.7840000000000001,0.8019999999999999,0.782,411222.0
2021-12-16,0.783,0.78,0.786,0.7720000000000001,392611.0
2021-12-17,0.779,0.771,0.78,0.767,393519.0
2021-12-20,0.768,0.765,0.774,0.758,460603.0
2021-12-21,0.7630000000000001,0.767,0.768,0.7600000000000001,172467.0
2021-12-22,0.77,0.767,0.7720000000000001,0.764,178786.4
2021-12-23,0.768,0.77,0.771,0.761,346744.0
2021-12-24,0.771,0.776,0.776,0.77,313538.15
2021-12-27,0.777,0.777,0.7780000000000001,0.77,165167.0
2021-12-28,0.7780000000000001,0.7840000000000001,0.7840000000000001,0.774,249054.47
2021-12-29,0.785,0.7660000000000001,0.785,0.764,409568.0
2021-12-30,0.7630000000000001,0.768,0.771,0.762,232373.0
2021-12-31,0.768,0.7720000000000001,0.774,0.767,399378.0
2022-01-04,0.7720000000000001,0.764,0.774,0.757,386644.0
2022-01-05,0.764,0.758,0.764,0.755,311017.36
2022-01-06,0.755,0.746,0.758,0.7399999999999999,314618.0
2022-01-07,0.746,0.742,0.751,0.742,200891.0
2022-01-10,0.742,0.748,0.749,0.73,354528.0
2022-01-11,0.748,0.7399999999999999,0.748,0.739,167398.0
2022-01-12,0.7399999999999999,0.749,0.749,0.739,154203.0
2022-01-13,0.75,0.7339999999999999,0.75,0.7309999999999999,268979.0
2022-01-14,0.7309999999999999,0.7279999999999999,0.733,0.7249999999999999,207644.0
2022-01-17,0.726,0.7279999999999999,0.732,0.7219999999999999,220390.0
2022-01-18,0.7279999999999999,0.7339999999999999,0.736,0.723,228705.0
2022-01-19,0.7339999999999999,0.723,0.7339999999999999,0.7189999999999999,233925.0
2022-01-20,0.723,0.727,0.732,0.723,241747.0
2022-01-21,0.729,0.7249999999999999,0.73,0.721,130113.0
2022-01-24,0.724,0.724,0.726,0.715,214800.0
2022-01-25,0.7219999999999999,0.709,0.723,0.708,287694.0
2022-01-26,0.709,0.706,0.714,0.6980000000000001,189929.0
2022-01-27,0.708,0.693,0.7100000000000001,0.6920000000000001,300269.0
2022-01-28,0.694,0.685,0.7,0.6829999999999999,180654.0
2022-02-07,0.694,0.69,0.7040000000000001,0.687,167209.0
2022-02-08,0.693,0.679,0.693,0.667,304012.0
2022-02-09,0.679,0.6920000000000001,0.6920000000000001,0.673,198087.0
2022-02-10,0.69,0.6859999999999999,0.6920000000000001,0.682,107414.0
2022-02-11,0.682,0.6769999999999999,0.6890000000000001,0.6739999999999999,186255.0
2022-02-14,0.6829999999999999,0.678,0.684,0.6739999999999999,388070.0
2022-02-15,0.6769999999999999,0.69,0.69,0.67,144285.0
2022-02-16,0.6920000000000001,0.694,0.6980000000000001,0.69,143431.0
2022-02-17,0.694,0.691,0.696,0.691,68696.0
2022-02-18,0.688,0.6950000000000001,0.696,0.6859999999999999,77849.0
2022-02-21,0.6950000000000001,0.694,0.696,0.691,84040.0
2022-02-22,0.6890000000000001,0.681,0.69,0.6769999999999999,106087.0
2022-02-23,0.681,0.6890000000000001,0.6890000000000001,0.681,141693.0
2022-02-24,0.688,0.675,0.688,0.666,214628.0
2022-02-25,0.676,0.684,0.6920000000000001,0.676,150033.0
2022-02-28,0.679,0.685,0.6859999999999999,0.676,123543.0
2022-03-01,0.6890000000000001,0.697,0.697,0.685,142299.0
2022-03-02,0.6950000000000001,0.688,0.6950000000000001,0.685,140927.0
2022-03-03,0.6890000000000001,0.678,0.693,0.676,108617.0
2022-03-04,0.672,0.675,0.679,0.6679999999999999,129042.0
2022-03-07,0.6709999999999999,0.646,0.6709999999999999,0.642,298294.0
2022-03-08,0.641,0.632,0.655,0.63,195882.0
2022-03-09,0.632,0.624,0.636,0.601,221280.0
2022-03-10,0.642,0.644,0.644,0.635,221718.0
2022-03-11,0.633,0.645,0.647,0.628,150732.0
2022-03-14,0.642,0.627,0.642,0.626,95109.0
2022-03-15,0.611,0.596,0.626,0.596,192529.0
2022-03-16,0.599,0.615,0.619,0.586,240340.98
2022-03-17,0.624,0.636,0.646,0.623,261292.0
2022-03-18,0.635,0.636,0.639,0.627,130141.0
2022-03-21,0.635,0.637,0.638,0.63,160874.0
2022-03-22,0.636,0.632,0.637,0.629,81638.0
2022-03-23,0.632,0.639,0.642,0.63,131111.0
2022-03-24,0.632,0.639,0.642,0.63,141388.0
2022-03-25,0.638,0.625,0.641,0.624,111913.0
2022-03-28,0.62,0.617,0.62,0.609,77798.0
2022-03-29,0.62,0.616,0.621,0.614,63615.0
2022-03-30,0.616,0.633,0.633,0.616,128609.0
2022-03-31,0.636,0.632,0.636,0.627,80778.0
2022-04-01,0.63,0.635,0.64,0.62,118911.0
2022-04-06,0.64,0.625,0.64,0.622,245603.0
2022-04-07,0.62,0.617,0.628,0.616,136145.0
2022-04-08,0.617,0.611,0.617,0.607,71380.0
2022-04-11,0.611,0.592,0.611,0.59,430398.0
2022-04-12,0.592,0.621,0.624,0.59,281329.0
2022-04-13,0.614,0.606,0.615,0.6,422549.0
2022-04-14,0.611,0.626,0.63,0.611,403159.0
2022-04-15,0.62,0.63,0.634,0.617,674194.0
2022-04-18,0.625,0.629,0.629,0.622,215228.0
2022-04-19,0.631,0.62,0.634,0.615,264458.34
2022-04-20,0.623,0.62,0.629,0.615,288914.98
2022-04-21,0.619,0.608,0.621,0.602,259315.0
2022-04-22,0.605,0.609,0.612,0.596,359191.0
2022-04-25,0.598,0.582,0.603,0.581,280605.0
2022-04-26,0.582,0.587,0.598,0.581,391761.0
2022-04-27,0.585,0.604,0.605,0.583,648503.0
2022-04-28,0.606,0.603,0.609,0.594,369432.0
2022-04-29,0.608,0.614,0.616,0.598,469827.0
2022-05-05,0.615,0.616,0.621,0.613,411568.0
2022-05-06,0.601,0.599,0.605,0.596,349020.0
2022-05-09,0.596,0.594,0.597,0.589,190214.0
2022-05-10,0.585,0.6,0.604,0.583,169169.0
2022-05-11,0.6,0.614,0.621,0.6,416446.0
2022-05-12,0.61,0.618,0.62,0.608,175048.0
2022-05-13,0.619,0.62,0.623,0.614,184212.21
2022-05-16,0.622,0.612,0.624,0.61,245372.0
2022-05-17,0.612,0.615,0.615,0.609,170553.99
2022-05-18,0.615,0.611,0.616,0.606,173610.0
2022-05-19,0.606,0.606,0.606,0.601,181003.0
2022-05-20,0.605,0.624,0.624,0.605,454772.0
2022-05-23,0.626,0.618,0.626,0.614,241076.0
2022-05-24,0.618,0.603,0.621,0.6,259490.0
2022-05-25,0.603,0.607,0.607,0.599,207025.0
2022-05-26,0.608,0.604,0.609,0.597,274326.0
2022-05-27,0.605,0.606,0.615,0.604,356693.0
2022-05-30,0.608,0.617,0.618,0.608,391464.0
2022-05-31,0.615,0.628,0.63,0.613,666773.0
2022-06-01,0.63,0.625,0.633,0.621,495595.0
2022-06-02,0.625,0.625,0.625,0.619,426213.0
2022-06-06,0.624,0.636,0.637,0.617,550779.0
2022-06-07,0.637,0.642,0.645,0.63,560913.0
2022-06-08,0.648,0.654,0.658,0.643,709663.0
2022-06-09,0.653,0.639,0.655,0.638,672468.0
2022-06-10,0.635,0.648,0.649,0.634,482347.0
2022-06-13,0.639,0.638,0.643,0.634,553509.0
2022-06-14,0.629,0.647,0.648,0.629,576008.0
2022-06-15,0.648,0.651,0.663,0.646,687364.0
2022-06-16,0.653,0.654,0.66,0.649,515180.0
2022-06-17,0.647,0.667,0.672,0.641,992134.0
2022-06-20,0.67,0.676,0.679,0.6649999999999999,819989.0
2022-06-21,0.673,0.669,0.678,0.662,786434.0
2022-06-22,0.6679999999999999,0.66,0.675,0.659,713034.0
2022-06-23,0.658,0.6709999999999999,0.673,0.658,543014.0
2022-06-24,0.6709999999999999,0.6859999999999999,0.687,0.6709999999999999,550780.0
2022-06-27,0.694,0.7,0.705,0.69,778722.0
2022-06-28,0.7010000000000001,0.703,0.7040000000000001,0.69,544620.0
2022-06-29,0.7,0.694,0.705,0.69,681740.0
2022-06-30,0.6950000000000001,0.715,0.7159999999999999,0.6950000000000001,1098647.0
2022-07-01,0.717,0.7040000000000001,0.7189999999999999,0.6980000000000001,1314001.0
2022-07-04,0.703,0.712,0.714,0.6950000000000001,3520654.0
2022-07-05,0.7130000000000001,0.708,0.718,0.697,839794.0
2022-07-06,0.703,0.6980000000000001,0.709,0.691,823709.0
2022-07-07,0.694,0.696,0.699,0.685,693040.0
2022-07-08,0.699,0.696,0.703,0.6920000000000001,447124.0
2022-07-11,0.69,0.6859999999999999,0.69,0.6769999999999999,640803.0
2022-07-12,0.6829999999999999,0.673,0.687,0.67,1265984.0
2022-07-13,0.672,0.676,0.678,0.6709999999999999,494135.0
2022-07-14,0.675,0.679,0.684,0.6709999999999999,625877.0
2022-07-15,0.676,0.675,0.6920000000000001,0.6739999999999999,555826.0
2022-07-18,0.675,0.678,0.681,0.664,741103.0
2022-07-19,0.678,0.676,0.6799999999999999,0.6679999999999999,380677.0
2022-07-20,0.678,0.682,0.687,0.6769999999999999,385842.0
2022-07-21,0.6799999999999999,0.678,0.685,0.676,465281.0
2022-07-22,0.679,0.678,0.685,0.672,417701.0
2022-07-25,0.675,0.678,0.678,0.672,274877.64
2022-07-26,0.678,0.678,0.684,0.676,316560.0
2022-07-27,0.675,0.67,0.6769999999999999,0.669,354589.0
2022-07-28,0.6739999999999999,0.673,0.679,0.67,438241.0
2022-07-29,0.6709999999999999,0.659,0.6709999999999999,0.657,564745.0
2022-08-01,0.656,0.663,0.664,0.653,391449.0
2022-08-02,0.655,0.649,0.658,0.645,541309.0
2022-08-03,0.649,0.646,0.657,0.645,390287.0
2022-08-04,0.652,0.654,0.654,0.645,369760.0
2022-08-05,0.653,0.661,0.662,0.652,543088.0
2022-08-08,0.658,0.657,0.662,0.654,1180458.0
2022-08-09,0.655,0.656,0.657,0.651,342413.0
2022-08-10,0.655,0.647,0.655,0.64,431255.0
2022-08-11,0.646,0.656,0.657,0.644,387653.0
2022-08-12,0.656,0.658,0.661,0.654,523571.0
2022-08-15,0.656,0.654,0.659,0.652,286529.0
2022-08-16,0.654,0.648,0.656,0.647,248882.0
2022-08-17,0.648,0.654,0.655,0.644,407943.0
2022-08-18,0.653,0.646,0.653,0.643,257559.0
2022-08-19,0.646,0.641,0.647,0.641,298022.0
2022-08-22,0.64,0.646,0.647,0.635,266430.0
2022-08-23,0.645,0.641,0.648,0.638,330748.0
2022-08-24,0.641,0.632,0.642,0.631,411235.0
2022-08-25,0.635,0.639,0.64,0.63,380895.0
2022-08-26,0.641,0.645,0.651,0.641,348743.0
2022-08-29,0.643,0.64,0.644,0.635,335191.0
2022-08-30,0.641,0.636,0.642,0.631,400595.0
2022-08-31,0.633,0.643,0.648,0.632,445753.0
2022-09-01,0.643,0.634,0.643,0.632,409869.0
2022-09-02,0.633,0.627,0.637,0.623,371259.0
2022-09-05,0.623,0.617,0.626,0.611,576049.0
2022-09-06,0.617,0.624,0.624,0.616,315020.0
2022-09-07,0.623,0.619,0.623,0.616,232693.0
2022-09-08,0.62,0.62,0.626,0.619,223038.0
2022-09-09,0.621,0.629,0.631,0.62,747475.0
2022-09-13,0.629,0.629,0.635,0.627,1288199.0
2022-09-14,0.624,0.627,0.628,0.62,285117.0
2022-09-15,0.627,0.625,0.632,0.619,342757.0
2022-09-16,0.621,0.611,0.625,0.61,483394.0
2022-09-19,0.611,0.61,0.616,0.606,472313.0
2022-09-20,0.61,0.614,0.616,0.608,251250.0
2022-09-21,0.615,0.604,0.615,0.602,378108.0
2022-09-22,0.604,0.594,0.605,0.593,358142.0
2022-09-23,0.594,0.591,0.598,0.587,223651.92
2022-09-26,0.591,0.597,0.604,0.589,336215.0
2022-09-27,0.598,0.615,0.616,0.595,490117.0
2022-09-28,0.617,0.61,0.618,0.608,293791.0
2022-09-29,0.618,0.612,0.621,0.608,402303.0
2022-09-30,0.612,0.607,0.615,0.606,390489.0
2022-10-10,0.604,0.587,0.606,0.584,450274.0
2022-10-11,0.586,0.587,0.588,0.579,468843.0
2022-10-12,0.587,0.588,0.59,0.566,877225.0
2022-10-13,0.588,0.589,0.593,0.581,373752.0
2022-10-14,0.594,0.61,0.62,0.591,1759141.0
2022-10-17,0.609,0.614,0.615,0.605,390754.0
2022-10-18,0.615,0.612,0.616,0.609,254668.0
2022-10-19,0.61,0.599,0.611,0.595,354879.0
2022-10-20,0.592,0.594,0.606,0.59,406021.0
2022-10-21,0.594,0.59,0.595,0.585,220374.0
2022-10-24,0.582,0.566,0.594,0.562,568525.75
2022-10-25,0.56,0.562,0.572,0.553,526463.0
2022-10-26,0.562,0.574,0.583,0.562,401765.0
2022-10-27,0.575,0.569,0.578,0.567,246262.0
2022-10-28,0.575,0.55,0.575,0.549,428030.0
2022-10-31,0.544,0.547,0.556,0.543,349433.0
2022-11-01,0.547,0.577,0.578,0.547,534832.0
2022-11-02,0.575,0.59,0.601,0.571,1520459.29
2022-11-03,0.577,0.585,0.587,0.577,357547.29
2022-11-04,0.585,0.607,0.613,0.584,1341935.0
2022-11-07,0.604,0.607,0.608,0.598,528589.0
2022-11-08,0.607,0.598,0.607,0.594,567015.0
2022-11-09,0.597,0.593,0.601,0.591,398168.25
2022-11-10,0.592,0.595,0.598,0.586,522726.0
2022-11-11,0.615,0.609,0.619,0.604,918818.0
2022-11-14,0.609,0.607,0.614,0.604,721279.36
2022-11-15,0.605,0.615,0.619,0.602,750851.0
2022-11-16,0.616,0.614,0.624,0.611,1436466.73
2022-11-17,0.61,0.611,0.615,0.604,554574.0
2022-11-18,0.611,0.613,0.618,0.608,582245.0
2022-11-21,0.607,0.605,0.609,0.595,467663.0
2022-11-22,0.605,0.6,0.607,0.596,545952.0
2022-11-23,0.599,0.594,0.599,0.589,1350644.0
2022-11-24,0.595,0.589,0.598,0.589,501226.0
2022-11-25,0.589,0.591,0.591,0.584,1210846.0
2022-11-28,0.582,0.587,0.587,0.571,371699.41
2022-11-29,0.599,0.605,0.607,0.591,1867395.08
2022-11-30,0.604,0.608,0.609,0.601,637448.0
2022-12-01,0.626,0.618,0.635,0.616,941913.0
2022-12-02,0.618,0.617,0.621,0.613,466406.0
2022-12-05,0.625,0.623,0.635,0.62,1202533.0
2022-12-06,0.618,0.628,0.636,0.618,886553.0
2022-12-07,0.627,0.633,0.64,0.623,1099841.0
2022-12-08,0.636,0.632,0.636,0.627,800332.0
2022-12-09,0.632,0.638,0.638,0.626,671025.98
2022-12-12,0.639,0.636,0.644,0.634,609747.11
2022-12-13,0.633,0.635,0.637,0.63,522982.0
2022-12-14,0.636,0.639,0.642,0.631,448865.11
2022-12-15,0.645,0.639,0.647,0.634,599761.0
2022-12-16,0.635,0.639,0.642,0.634,519901.71
2022-12-19,0.641,0.629,0.642,0.626,704376.71
2022-12-20,0.626,0.612,0.629,0.609,524979.71
2022-12-21,0.612,0.615,0.62,0.612,367992.0
2022-12-22,0.618,0.623,0.63,0.617,511837.0
2022-12-23,0.621,0.624,0.627,0.616,392347.0
2022-12-26,0.627,0.623,0.629,0.621,515265.0
2022-12-27,0.627,0.628,0.629,0.622,368338.0
2022-12-28,0.627,0.627,0.628,0.621,483916.35
2022-12-29,0.626,0.626,0.629,0.62,354788.93
2022-12-30,0.628,0.63,0.631,0.627,324688.0
2023-01-03,0.63,0.626,0.632,0.62,552495.0
2023-01-04,0.626,0.625,0.628,0.622,376099.0
2023-01-05,0.626,0.644,0.645,0.626,757717.01
2023-01-06,0.643,0.641,0.644,0.637,420182.0
2023-01-09,0.645,0.646,0.65,0.641,552340.0
2023-01-10,0.645,0.654,0.657,0.644,775187.12
2023-01-11,0.654,0.651,0.657,0.648,439967.0
2023-01-12,0.65,0.647,0.653,0.643,316526.93
2023-01-13,0.647,0.66,0.661,0.645,513253.88
2023-01-16,0.659,0.678,0.6829999999999999,0.659,683799.12
2023-01-17,0.676,0.673,0.676,0.6679999999999999,472249.0
2023-01-18,0.6739999999999999,0.6649999999999999,0.675,0.663,602096.0
2023-01-19,0.6649999999999999,0.669,0.669,0.658,514165.0
2023-01-20,0.67,0.666,0.676,0.6649999999999999,706156.12
2023-01-30,0.675,0.667,0.6799999999999999,0.666,873754.0
2023-01-31,0.664,0.655,0.669,0.653,881854.0
2023-02-01,0.658,0.661,0.662,0.65,673493.0
2023-02-02,0.663,0.6649999999999999,0.667,0.657,564928.0
2023-02-03,0.663,0.658,0.663,0.651,528574.0
2023-02-06,0.651,0.646,0.651,0.643,682333.0
2023-02-07,0.64,0.648,0.652,0.64,465262.0
2023-02-08,0.648,0.646,0.65,0.644,553069.0
2023-02-09,0.645,0.655,0.656,0.643,618110.0
2023-02-10,0.652,0.654,0.655,0.65,406474.0
2023-02-13,0.654,0.664,0.666,0.653,790601.0
2023-02-14,0.664,0.664,0.6649999999999999,0.66,450914.0
2023-02-15,0.662,0.658,0.664,0.655,447469.0
2023-02-16,0.658,0.658,0.6679999999999999,0.652,670508.84
2023-02-17,0.653,0.653,0.664,0.652,941127.0
2023-02-20,0.65,0.666,0.666,0.65,632809.16
2023-02-21,0.664,0.666,0.666,0.66,361306.0
2023-02-22,0.662,0.663,0.667,0.659,634032.0
2023-02-23,0.662,0.658,0.6649999999999999,0.654,398631.0
2023-02-24,0.656,0.651,0.658,0.647,637447.0
2023-02-27,0.647,0.651,0.653,0.644,348583.0
2023-02-28,0.651,0.656,0.656,0.647,389683.0
2023-03-01,0.654,0.659,0.66,0.65,480975.0
2023-03-02,0.657,0.652,0.657,0.652,306944.0
2023-03-03,0.654,0.651,0.658,0.648,389725.71
2023-03-06,0.652,0.649,0.653,0.646,609955.0
2023-03-07,0.649,0.638,0.65,0.637,463021.0
2023-03-08,0.636,0.635,0.637,0.631,344807.0
2023-03-09,0.637,0.631,0.638,0.626,542507.0
2023-03-10,0.623,0.621,0.628,0.62,529411.0
2023-03-13,0.621,0.626,0.628,0.62,411709.0
2023-03-14,0.625,0.623,0.626,0.617,612384.0
2023-03-15,0.624,0.62,0.629,0.618,508546.0
2023-03-16,0.617,0.617,0.624,0.615,527225.01
2023-03-17,0.619,0.609,0.621,0.608,654118.0
2023-03-20,0.61,0.602,0.611,0.601,566542.0
2023-03-21,0.603,0.619,0.62,0.603,615758.0
2023-03-22,0.619,0.619,0.624,0.617,426770.0
2023-03-23,0.617,0.619,0.623,0.615,615177.0
2023-03-24,0.623,0.618,0.623,0.617,493305.0
2023-03-27,0.619,0.618,0.62,0.613,245631.0
2023-03-28,0.619,0.62,0.622,0.616,469446.0
2023-03-29,0.621,0.621,0.624,0.62,471377.0
2023-03-30,0.621,0.629,0.629,0.618,586677.0
2023-03-31,0.63,0.626,0.633,0.624,528444.0
2023-04-03,0.626,0.623,0.629,0.62,751995.0
2023-04-04,0.624,0.625,0.625,0.616,771603.0
2023-04-06,0.624,0.62,0.624,0.618,470093.0
2023-04-07,0.621,0.629,0.63,0.618,724650.0
2023-04-10,0.629,0.625,0.629,0.621,621770.0
2023-04-11,0.625,0.623,0.628,0.619,563576.0
2023-04-12,0.623,0.614,0.623,0.611,703176.0
2023-04-13,0.613,0.617,0.618,0.608,687373.0
2023-04-14,0.618,0.617,0.623,0.615,543715.25
2023-04-17,0.617,0.624,0.626,0.616,618395.0
2023-04-18,0.625,0.623,0.626,0.619,490210.0
2023-04-19,0.625,0.616,0.625,0.614,567584.0
2023-04-20,0.616,0.607,0.616,0.605,728386.0
2023-04-21,0.607,0.601,0.609,0.599,638891.0
2023-04-24,0.604,0.594,0.604,0.591,711225.14
2023-04-25,0.593,0.589,0.594,0.583,734843.0
2023-04-26,0.588,0.592,0.593,0.587,558140.0
2023-04-27,0.593,0.597,0.599,0.59,528421.0
2023-04-28,0.598,0.601,0.605,0.597,642051.0
2023-05-04,0.601,0.598,0.606,0.597,409541.0
2023-05-05,0.601,0.592,0.601,0.59,440325.0
2023-05-08,0.595,0.591,0.596,0.587,455521.0
2023-05-09,0.59,0.587,0.593,0.585,595581.0
2023-05-10,0.587,0.588,0.59,0.582,631498.0
2023-05-11,0.59,0.585,0.592,0.585,356847.61
2023-05-12,0.587,0.58,0.589,0.58,363111.0
2023-05-15,0.582,0.588,0.59,0.578,511312.0
2023-05-16,0.59,0.586,0.591,0.585,655627.0
2023-05-17,0.588,0.581,0.588,0.58,382101.72
2023-05-18,0.582,0.578,0.584,0.575,492017.0
2023-05-19,0.578,0.585,0.586,0.572,511836.0
2023-05-22,0.585,0.594,0.595,0.58,683900.0
2023-05-23,0.593,0.588,0.595,0.588,405084.0
2023-05-24,0.588,0.581,0.588,0.58,463428.0
2023-05-25,0.58,0.577,0.58,0.573,613502.0
2023-05-26,0.579,0.579,0.58,0.572,413137.0
2023-05-29,0.58,0.574,0.581,0.571,999958.0
2023-05-30,0.575,0.572,0.578,0.564,1114770.0
2023-05-31,0.571,0.561,0.571,0.559,1110291.0
2023-06-01,0.561,0.564,0.571,0.56,905719.0
2023-06-02,0.566,0.572,0.574,0.563,1151597.0
2023-06-05,0.574,0.568,0.574,0.566,580487.92
2023-06-06,0.569,0.563,0.571,0.561,508852.0
2023-06-07,0.566,0.559,0.566,0.555,825760.0
2023-06-08,0.558,0.559,0.561,0.554,896860.0
2023-06-09,0.56,0.561,0.563,0.558,997703.0
2023-06-12,0.562,0.569,0.573,0.559,839846.0
2023-06-13,0.569,0.57,0.574,0.567,1071627.0
2023-06-14,0.571,0.575,0.58,0.57,1364595.0
2023-06-15,0.577,0.588,0.588,0.574,1298201.0
2023-06-16,0.589,0.591,0.592,0.587,1327875.0
2023-06-19,0.591,0.584,0.592,0.582,717462.0
2023-06-20,0.58,0.58,0.587,0.58,555460.0
2023-06-21,0.585,0.572,0.585,0.571,898355.0
2023-06-26,0.565,0.566,0.57,0.563,760354.0
2023-06-27,0.567,0.568,0.57,0.564,638171.0
2023-06-28,0.568,0.568,0.57,0.563,550306.0
2023-06-29,0.568,0.566,0.569,0.563,451800.0
2023-06-30,0.567,0.567,0.571,0.565,477915.0
2023-07-03,0.567,0.575,0.576,0.567,917770.0
2023-07-04,0.574,0.58,0.58,0.571,714815.0
2023-07-05,0.58,0.573,0.581,0.571,502147.0
2023-07-06,0.574,0.568,0.575,0.566,525364.0
2023-07-07,0.566,0.567,0.57,0.565,528987.0
2023-07-10,0.566,0.567,0.573,0.566,522062.0
2023-07-11,0.568,0.572,0.572,0.566,457738.0
2023-07-12,0.573,0.569,0.574,0.567,562208.0
2023-07-13,0.572,0.577,0.579,0.569,864718.0
2023-07-14,0.578,0.573,0.579,0.572,686356.0
2023-07-17,0.577,0.567,0.577,0.564,728445.0
2023-07-18,0.569,0.567,0.569,0.565,361071.0
2023-07-19,0.567,0.566,0.57,0.565,529478.0
2023-07-20,0.568,0.565,0.572,0.563,847286.0
2023-07-21,0.563,0.569,0.573,0.562,735789.0
2023-07-24,0.571,0.568,0.571,0.564,1307258.0
2023-07-25,0.572,0.583,0.584,0.572,1455500.0
2023-07-26,0.582,0.583,0.585,0.579,1221704.0
2023-07-27,0.584,0.587,0.59,0.584,1382675.0
2023-07-28,0.587,0.599,0.6,0.582,1349038.0
2023-07-31,0.605,0.597,0.612,0.595,1862584.0
2023-08-01,0.596,0.593,0.601,0.59,1069145.0
2023-08-02,0.592,0.589,0.594,0.586,979351.0
2023-08-03,0.588,0.594,0.595,0.586,1947835.0
2023-08-04,0.597,0.594,0.602,0.592,2191042.0
2023-08-07,0.59,0.584,0.591,0.582,1611362.0
2023-08-08,0.581,0.587,0.589,0.581,1489091.0
2023-08-09,0.585,0.589,0.59,0.584,1261896.0
2023-08-10,0.588,0.587,0.588,0.582,983299.0
2023-08-11,0.588,0.576,0.589,0.575,1175926.0
2023-08-14,0.574,0.574,0.574,0.565,1052959.0
2023-08-15,0.573,0.572,0.574,0.566,1359671.0
2023-08-16,0.57,0.57,0.573,0.568,722931.0
2023-08-17,0.567,0.575,0.577,0.565,958134.08
2023-08-18,0.576,0.566,0.577,0.564,874648.0
2023-08-21,0.565,0.56,0.567,0.558,984380.0
2023-08-22,0.559,0.56,0.563,0.551,1158067.0
2023-08-23,0.558,0.55,0.559,0.549,1022730.0
2023-08-24,0.55,0.561,0.564,0.549,1042568.0
2023-08-25,0.557,0.555,0.559,0.554,862936.0
2023-08-28,0.581,0.561,0.584,0.558,1260761.0
2023-08-29,0.561,0.569,0.57,0.556,961610.0
2023-08-30,0.569,0.568,0.572,0.566,884040.0
2023-08-31,0.566,0.565,0.568,0.564,767707.0
2023-09-01,0.566,0.569,0.571,0.566,585637.0
2023-09-04,0.569,0.577,0.58,0.569,1144913.0
2023-09-05,0.577,0.574,0.578,0.572,591838.0
2023-09-06,0.572,0.57,0.572,0.567,494224.0
2023-09-07,0.57,0.563,0.57,0.561,896666.0
2023-09-08,0.56,0.558,0.563,0.558,766759.0
2023-09-11,0.56,0.57,0.572,0.56,1090228.42
2023-09-12,0.569,0.569,0.572,0.567,519782.36
2023-09-13,0.567,0.566,0.572,0.562,1002902.0
2023-09-14,0.565,0.564,0.567,0.56,956216.0
2023-09-15,0.563,0.563,0.567,0.56,772337.0
2023-09-18,0.562,0.572,0.572,0.561,1169220.0
2023-09-19,0.571,0.569,0.571,0.564,793321.0
2023-09-20,0.567,0.565,0.569,0.565,634448.0
2023-09-21,0.566,0.559,0.566,0.557,760630.0
2023-09-22,0.557,0.567,0.567,0.554,1062182.0
2023-09-25,0.564,0.567,0.569,0.564,613066.0
2023-09-26,0.565,0.563,0.569,0.563,700897.0
2023-09-27,0.562,0.57,0.573,0.562,848110.0
2023-09-28,0.57,0.566,0.572,0.564,493199.0
2023-10-09,0.565,0.562,0.565,0.558,863768.0
2023-10-10,0.562,0.559,0.566,0.558,623501.0
2023-10-11,0.56,0.564,0.566,0.56,782432.0
2023-10-12,0.566,0.566,0.568,0.562,650217.0
2023-10-13,0.563,0.56,0.564,0.558,719059.0
2023-10-16,0.561,0.554,0.561,0.551,724656.0
2023-10-17,0.555,0.554,0.556,0.551,805677.0
2023-10-18,0.552,0.551,0.555,0.55,835126.0
2023-10-19,0.55,0.54,0.55,0.538,803309.0
2023-10-20,0.537,0.534,0.539,0.531,743517.0
2023-10-23,0.534,0.529,0.535,0.526,851014.0
2023-10-24,0.531,0.53,0.534,0.525,678375.0
2023-10-25,0.535,0.536,0.541,0.534,770477.0
2023-10-26,0.534,0.538,0.538,0.532,828085.0
2023-10-27,0.537,0.552,0.554,0.535,865287.0
2023-10-30,0.551,0.557,0.558,0.55,766737.0
2023-10-31,0.558,0.556,0.558,0.552,517015.0
2023-11-01,0.565,0.557,0.57,0.555,732273.0
2023-11-02,0.555,0.554,0.56,0.554,578974.0
2023-11-03,0.554,0.559,0.563,0.554,674639.0
2023-11-06,0.565,0.567,0.567,0.561,786451.0
2023-11-07,0.564,0.564,0.565,0.561,608528.0
2023-11-08,0.563,0.565,0.568,0.561,612123.0
2023-11-09,0.564,0.564,0.566,0.561,562232.0
2023-11-10,0.564,0.56,0.564,0.558,725155.0
2023-11-13,0.56,0.556,0.561,0.553,504484.0
2023-11-14,0.556,0.555,0.558,0.552,595136.0
2023-11-15,0.558,0.558,0.561,0.557,591137.0
2023-11-16,0.559,0.554,0.559,0.552,535883.0
2023-11-17,0.554,0.554,0.554,0.548,532199.0
2023-11-20,0.554,0.558,0.56,0.551,561718.0
2023-11-21,0.559,0.561,0.565,0.557,694045.0
2023-11-22,0.558,0.555,0.559,0.554,616999.0
2023-11-23,0.552,0.557,0.558,0.551,595879.0
2023-11-24,0.557,0.555,0.558,0.554,603071.0
2023-11-27,0.554,0.553,0.555,0.547,791971.0
2023-11-28,0.551,0.555,0.556,0.549,647301.0
2023-11-29,0.554,0.552,0.555,0.551,479568.0
2023-11-30,0.552,0.554,0.555,0.55,581674.34
2023-12-01,0.553,0.55,0.553,0.543,639164.0
2023-12-04,0.548,0.54,0.549,0.539,449278.66
2023-12-05,0.54,0.529,0.541,0.529,634496.0
2023-12-06,0.527,0.53,0.534,0.527,723944.0
2023-12-07,0.53,0.529,0.53,0.524,600220.0
2023-12-08,0.529,0.53,0.53,0.525,556375.0
2023-12-11,0.529,0.533,0.533,0.521,730789.0
2023-12-12,0.533,0.53,0.533,0.528,398437.0
2023-12-13,0.53,0.523,0.531,0.522,545444.0
2023-12-14,0.525,0.518,0.528,0.518,639819.0
2023-12-15,0.519,0.515,0.522,0.514,592094.0
2023-12-18,0.514,0.514,0.518,0.511,693951.0
2023-12-19,0.514,0.513,0.514,0.509,792590.0
2023-12-20,0.513,0.508,0.514,0.507,533818.0
2023-12-21,0.506,0.515,0.516,0.505,844787.0
2023-12-22,0.516,0.514,0.517,0.51,824122.0
2023-12-25,0.513,0.518,0.518,0.513,463498.0
2023-12-26,0.518,0.514,0.518,0.511,582381.0
2023-12-27,0.514,0.514,0.516,0.511,787043.0
2023-12-28,0.512,0.526,0.529,0.512,1091102.0
2023-12-29,0.526,0.528,0.53,0.525,525394.0
2024-01-02,0.53,0.522,0.53,0.521,383011.0
2024-01-03,0.521,0.52,0.523,0.517,975235.14
2024-01-04,0.519,0.514,0.52,0.511,1005236.0
2024-01-05,0.513,0.509,0.514,0.505,871854.0
2024-01-08,0.505,0.502,0.508,0.501,599358.0
2024-01-09,0.502,0.502,0.506,0.499,828596.0
2024-01-10,0.501,0.506,0.509,0.499,561248.0
2024-01-11,0.506,0.508,0.511,0.502,622714.0
2024-01-12,0.508,0.506,0.51,0.505,492996.0
2024-01-15,0.506,0.505,0.51,0.501,398052.0
2024-01-16,0.506,0.507,0.507,0.501,538322.0
2024-01-17,0.502,0.49499999999999994,0.505,0.494,952132.0
2024-01-18,0.494,0.502,0.503,0.48599999999999993,608669.0
2024-01-19,0.501,0.503,0.505,0.498,625461.0
2024-01-22,0.503,0.48899999999999993,0.503,0.485,736860.0
2024-01-23,0.48599999999999993,0.491,0.493,0.484,744194.0
2024-01-24,0.49199999999999994,0.49199999999999994,0.49499999999999994,0.481,815318.0
2024-01-25,0.494,0.501,0.502,0.48899999999999993,703102.0
2024-01-26,0.501,0.496,0.502,0.491,973768.0
2024-01-29,0.497,0.49,0.498,0.48899999999999993,440670.0
2024-01-30,0.488,0.48000000000000004,0.488,0.48000000000000004,503230.74
2024-01-31,0.475,0.47,0.485,0.46799999999999997,550100.0
2024-02-01,0.47,0.47100000000000003,0.478,0.466,439692.0
2024-02-02,0.472,0.463,0.476,0.452,708420.0
2024-02-05,0.45899999999999996,0.464,0.472,0.45000000000000007,1102778.0
2024-02-06,0.463,0.49,0.491,0.46199999999999997,802672.0
2024-02-07,0.49199999999999994,0.505,0.505,0.49,954324.0
2024-02-08,0.503,0.505,0.512,0.5,831206.0
2024-02-19,0.508,0.502,0.51,0.498,352116.0
2024-02-20,0.496,0.503,0.503,0.496,567451.0
2024-02-21,0.5,0.512,0.52,0.499,847540.98
2024-02-22,0.512,0.516,0.516,0.509,633898.84
2024-02-23,0.516,0.518,0.518,0.512,759679.18
2024-02-26,0.519,0.512,0.52,0.512,495181.0
2024-02-27,0.509,0.518,0.518,0.509,555692.84
2024-02-28,0.515,0.511,0.523,0.511,631895.0
2024-02-29,0.51,0.522,0.522,0.509,2938248.0
2024-03-01,0.521,0.52,0.523,0.516,5417263.0
2024-03-04,0.52,0.523,0.527,0.519,6958990.0
2024-03-05,0.523,0.527,0.528,0.521,690199.0
2024-03-06,0.527,0.521,0.528,0.52,528726.0
2024-03-07,0.522,0.512,0.522,0.512,474291.0
2024-03-08,0.514,0.513,0.514,0.509,319510.0
2024-03-11,0.511,0.523,0.523,0.51,577756.0
2024-03-12,0.521,0.535,0.535,0.521,1150203.0
2024-03-13,0.532,0.53,0.533,0.526,487971.0
2024-03-14,0.531,0.53,0.536,0.525,427780.0
2024-03-15,0.529,0.53,0.532,0.524,346612.0
2024-03-18,0.53,0.532,0.532,0.524,495153.0
2024-03-19,0.532,0.526,0.532,0.525,408463.0
2024-03-20,0.523,0.524,0.526,0.521,846356.0
2024-03-21,0.524,0.523,0.526,0.52,465344.35
2024-03-22,0.524,0.515,0.524,0.511,530370.0
2024-03-25,0.515,0.513,0.519,0.513,1162714.0
2024-03-26,0.513,0.516,0.517,0.512,540492.0
2024-03-27,0.515,0.51,0.518,0.51,402769.0
2024-03-28,0.51,0.514,0.519,0.509,274856.0
2024-03-29,0.513,0.513,0.515,0.509,280276.0
2024-04-01,0.514,0.524,0.524,0.514,404356.0
2024-04-02,0.524,0.519,0.524,0.516,460894.0
2024-04-03,0.52,0.517,0.52,0.514,355234.0
2024-04-08,0.516,0.509,0.516,0.508,481154.65
2024-04-09,0.508,0.511,0.512,0.505,493724.0
2024-04-10,0.509,0.508,0.512,0.505,191382.0
2024-04-11,0.507,0.505,0.508,0.504,528625.0
2024-04-12,0.508,0.502,0.509,0.5,316081.0
2024-04-15,0.502,0.51,0.512,0.502,503530.0
2024-04-16,0.511,0.506,0.511,0.504,332956.0
2024-04-17,0.505,0.511,0.511,0.503,427934.0
2024-04-18,0.51,0.511,0.517,0.508,324533.0
2024-04-19,0.51,0.507,0.51,0.503,408983.0
2024-04-22,0.507,0.511,0.513,0.506,282848.0
2024-04-23,0.511,0.513,0.514,0.507,381232.32
2024-04-24,0.513,0.513,0.513,0.509,205082.0
2024-04-25,0.512,0.514,0.517,0.51,390427.0
2024-04-26,0.512,0.523,0.524,0.512,348503.0
2024-04-29,0.522,0.532,0.535,0.521,502552.0
2024-04-30,0.529,0.532,0.536,0.529,398598.0
2024-05-06,0.538,0.547,0.547,0.537,1162436.0
2024-05-07,0.545,0.545,0.546,0.541,368726.0
2024-05-08,0.542,0.538,0.543,0.537,260458.0
2024-05-09,0.538,0.543,0.544,0.538,414452.0
2024-05-10,0.546,0.542,0.546,0.538,237959.0
2024-05-13,0.54,0.539,0.541,0.536,347170.0
2024-05-14,0.538,0.542,0.544,0.538,217439.0
2024-05-15,0.542,0.536,0.542,0.534,290055.0
2024-05-16,0.535,0.537,0.539,0.532,261190.9
2024-05-17,0.534,0.535,0.537,0.528,372505.0
2024-05-20,0.536,0.535,0.538,0.532,386715.0
2024-05-21,0.535,0.532,0.535,0.53,347442.0
2024-05-22,0.533,0.53,0.533,0.528,398357.0
2024-05-23,0.53,0.524,0.53,0.522,418779.0
2024-05-24,0.524,0.518,0.524,0.517,239183.0
2024-05-27,0.519,0.521,0.521,0.515,377250.0
2024-05-28,0.522,0.516,0.522,0.515,305795.0
2024-05-29,0.513,0.516,0.518,0.513,328694.0
2024-05-30,0.516,0.511,0.517,0.511,167410.0
2024-05-31,0.513,0.511,0.517,0.51,346996.0
2024-06-03,0.512,0.512,0.515,0.508,372282.0
2024-06-04,0.512,0.52,0.52,0.511,724136.0
2024-06-05,0.52,0.516,0.52,0.515,443831.0
2024-06-06,0.517,0.513,0.518,0.512,331826.0
2024-06-07,0.514,0.509,0.516,0.506,436419.0
2024-06-11,0.51,0.506,0.51,0.502,269172.0
2024-06-12,0.506,0.507,0.508,0.504,188083.0
2024-06-13,0.507,0.501,0.507,0.5,278753.0
2024-06-14,0.501,0.503,0.504,0.49499999999999994,387296.0
2024-06-17,0.5,0.5,0.501,0.498,145592.0
2024-06-18,0.5,0.498,0.502,0.496,236617.0
2024-06-19,0.498,0.493,0.499,0.49199999999999994,397064.0
2024-06-20,0.494,0.487,0.49499999999999994,0.485,444777.0
2024-06-21,0.48599999999999993,0.485,0.48599999999999993,0.481,283188.0
2024-06-24,0.48000000000000004,0.482,0.48599999999999993,0.47700000000000004,374591.0
2024-06-25,0.48000000000000004,0.481,0.485,0.478,458523.0
2024-06-26,0.481,0.484,0.484,0.476,231078.0
2024-06-27,0.484,0.475,0.484,0.47400000000000003,302662.0
2024-06-28,0.475,0.473,0.478,0.47100000000000003,399074.0
2024-07-01,0.473,0.473,0.473,0.46499999999999997,252699.0
2024-07-02,0.473,0.47,0.473,0.46799999999999997,507397.0
2024-07-03,0.469,0.469,0.472,0.467,468048.0
2024-07-04,0.466,0.464,0.47,0.46199999999999997,884032.0
2024-07-05,0.463,0.46499999999999997,0.467,0.458,254810.0
2024-07-08,0.46499999999999997,0.458,0.46499999999999997,0.45599999999999996,330381.0
2024-07-09,0.458,0.461,0.463,0.45300000000000007,376023.0
2024-07-10,0.461,0.463,0.46799999999999997,0.46,171541.0
2024-07-11,0.46799999999999997,0.47400000000000003,0.475,0.466,334832.0
2024-07-12,0.47400000000000003,0.475,0.476,0.47100000000000003,295100.0
2024-07-15,0.47400000000000003,0.47100000000000003,0.47400000000000003,0.469,270856.0
2024-07-16,0.472,0.472,0.473,0.47,149628.0
2024-07-17,0.47100000000000003,0.478,0.48000000000000004,0.469,434945.0
2024-07-18,0.47700000000000004,0.481,0.481,0.475,325123.0
2024-07-19,0.48000000000000004,0.48299999999999993,0.485,0.47700000000000004,422943.0
2024-07-22,0.48299999999999993,0.481,0.484,0.478,183985.0
2024-07-23,0.48000000000000004,0.466,0.481,0.46499999999999997,346986.0
2024-07-24,0.466,0.458,0.466,0.457,347723.0
2024-07-25,0.45899999999999996,0.458,0.46,0.454,343173.0
2024-07-26,0.461,0.461,0.463,0.457,371198.0
2024-07-29,0.461,0.454,0.461,0.45300000000000007,378181.0
2024-07-30,0.454,0.45300000000000007,0.454,0.448,372422.0
2024-07-31,0.454,0.469,0.47100000000000003,0.451,706210.0
2024-08-01,0.47100000000000003,0.463,0.47100000000000003,0.461,318105.0
2024-08-02,0.45899999999999996,0.461,0.46799999999999997,0.45899999999999996,912209.0
2024-08-05,0.466,0.46199999999999997,0.472,0.46,1873168.0
2024-08-06,0.46499999999999997,0.46499999999999997,0.467,0.45899999999999996,442154.0
2024-08-07,0.46499999999999997,0.464,0.467,0.461,358447.0
2024-08-08,0.463,0.46799999999999997,0.47100000000000003,0.46199999999999997,398651.0
2024-08-09,0.47100000000000003,0.463,0.47400000000000003,0.461,321515.0
2024-08-12,0.46199999999999997,0.46499999999999997,0.467,0.46,210582.0
2024-08-13,0.464,0.46199999999999997,0.46499999999999997,0.458,177175.54
2024-08-14,0.46199999999999997,0.455,0.46199999999999997,0.454,325542.0
2024-08-15,0.455,0.457,0.46199999999999997,0.454,519293.0
2024-08-16,0.457,0.458,0.458,0.454,293261.0
2024-08-19,0.457,0.455,0.46199999999999997,0.454,290971.0
2024-08-20,0.455,0.451,0.455,0.448,279537.0
2024-08-21,0.451,0.448,0.451,0.446,250613.0
2024-08-22,0.449,0.44400000000000006,0.449,0.443,214854.0
2024-08-23,0.446,0.44700000000000006,0.449,0.443,205428.0
2024-08-26,0.44700000000000006,0.445,0.448,0.442,158387.0
2024-08-27,0.445,0.442,0.445,0.441,126325.0
2024-08-28,0.443,0.441,0.443,0.437,184750.0
2024-08-29,0.44,0.446,0.448,0.439,429476.0
2024-08-30,0.446,0.457,0.46,0.442,1069884.0
2024-09-02,0.45599999999999996,0.442,0.45599999999999996,0.442,401828.0
2024-09-03,0.442,0.448,0.451,0.442,481982.0
2024-09-04,0.449,0.45000000000000007,0.452,0.446,284257.0
2024-09-05,0.45000000000000007,0.451,0.452,0.448,327586.0
2024-09-06,0.451,0.446,0.452,0.446,251649.0
2024-09-09,0.446,0.442,0.448,0.44,341576.0
2024-09-10,0.442,0.44,0.443,0.436,366254.0
2024-09-11,0.44,0.445,0.445,0.436,295656.8
2024-09-12,0.445,0.437,0.44700000000000006,0.437,351336.0
2024-09-13,0.437,0.435,0.439,0.433,183158.0
2024-09-18,0.435,0.436,0.436,0.432,317706.0
2024-09-19,0.435,0.441,0.446,0.433,433749.0
2024-09-20,0.441,0.44,0.442,0.435,203416.0
2024-09-23,0.44,0.44,0.446,0.438,253843.0
2024-09-24,0.442,0.457,0.458,0.437,1342400.0
2024-09-25,0.46,0.45899999999999996,0.47,0.45899999999999996,743737.0
2024-09-26,0.45899999999999996,0.499,0.5,0.45899999999999996,2056751.0
2024-09-27,0.516,0.549,0.549,0.5,2166324.0
2024-09-30,0.602,0.589,0.604,0.532,16919316.0
2024-10-08,0.647,0.587,0.648,0.559,15044157.0
2024-10-09,0.56,0.531,0.566,0.528,6629086.0
2024-10-10,0.536,0.547,0.557,0.533,7874926.0
2024-10-11,0.549,0.535,0.549,0.52,4334857.0
2024-10-14,0.524,0.532,0.535,0.516,4026678.0
2024-10-15,0.527,0.516,0.532,0.515,2426369.0
2024-10-16,0.506,0.509,0.516,0.505,1653773.0
2024-10-17,0.51,0.503,0.514,0.501,1839566.0
2024-10-18,0.5,0.519,0.529,0.499,3795629.0
2024-10-21,0.52,0.521,0.525,0.512,2653871.0
2024-10-22,0.52,0.529,0.532,0.518,2207469.0
2024-10-23,0.529,0.532,0.536,0.525,2239430.0
2024-10-24,0.528,0.523,0.532,0.521,1573098.0
2024-10-25,0.522,0.529,0.532,0.52,1778362.0
2024-10-28,0.533,0.535,0.535,0.524,2255877.0
2024-10-29,0.536,0.528,0.54,0.526,1773216.7
2024-10-30,0.526,0.523,0.532,0.519,1311827.7
2024-10-31,0.522,0.522,0.526,0.518,1701779.0
2024-11-01,0.521,0.523,0.529,0.519,1412186.0
2024-11-04,0.524,0.53,0.53,0.522,1217432.4
2024-11-05,0.529,0.538,0.539,0.524,2498233.16
2024-11-06,0.54,0.536,0.54,0.532,2578735.0
2024-11-07,0.532,0.56,0.562,0.531,6110188.0
2024-11-08,0.571,0.551,0.579,0.547,6057125.0
2024-11-11,0.543,0.553,0.554,0.54,3194810.0
2024-11-12,0.555,0.556,0.565,0.55,4201508.0
2024-11-13,0.553,0.555,0.556,0.549,1782287.0
2024-11-14,0.556,0.547,0.556,0.545,1926054.76
2024-11-15,0.544,0.541,0.549,0.539,1489755.0
2024-11-18,0.539,0.533,0.545,0.531,1584174.0
2024-11-19,0.534,0.535,0.536,0.524,1512476.0
2024-11-20,0.534,0.541,0.543,0.532,1509451.0
2024-11-21,0.538,0.54,0.542,0.537,1097906.0
2024-11-22,0.54,0.522,0.543,0.522,1751627.0
2024-11-25,0.522,0.521,0.529,0.517,1511103.0
2024-11-26,0.522,0.52,0.527,0.518,898252.0
2024-11-27,0.518,0.529,0.529,0.517,1364365.0
2024-11-28,0.528,0.524,0.53,0.521,925023.7
2024-11-29,0.523,0.531,0.537,0.522,1841507.0
2024-12-02,0.531,0.538,0.54,0.528,2272572.0
2024-12-03,0.538,0.538,0.54,0.534,1377913.0
2024-12-04,0.536,0.532,0.538,0.53,1275280.0
2024-12-05,0.532,0.53,0.532,0.527,829554.0
2024-12-06,0.53,0.536,0.54,0.53,1496541.0
2024-12-09,0.538,0.537,0.542,0.534,1161312.0
2024-12-10,0.569,0.543,0.569,0.541,5756807.0
2024-12-11,0.543,0.546,0.548,0.54,2464563.0
2024-12-12,0.546,0.552,0.553,0.543,3193136.0
2024-12-13,0.55,0.541,0.55,0.538,2410854.0
2024-12-16,0.541,0.535,0.541,0.532,1770788.0
2024-12-17,0.532,0.536,0.54,0.532,1584584.0
2024-12-18,0.536,0.537,0.539,0.535,1209592.1
2024-12-19,0.534,0.534,0.535,0.53,1345893.0
2024-12-20,0.533,0.532,0.536,0.53,1407298.0
2024-12-23,0.531,0.528,0.534,0.527,1375419.0
2024-12-24,0.528,0.535,0.536,0.528,1340089.0
2024-12-25,0.535,0.533,0.536,0.53,865634.3
2024-12-26,0.533,0.533,0.534,0.53,954596.0
2024-12-27,0.534,0.534,0.535,0.528,1008810.0
2024-12-30,0.533,0.534,0.536,0.531,1163595.0
2024-12-31,0.532,0.529,0.537,0.528,2324125.0
2025-01-02,0.528,0.517,0.529,0.513,2374785.0
2025-01-03,0.517,0.509,0.519,0.507,1469944.0
2025-01-06,0.506,0.507,0.513,0.504,1332906.0
2025-01-07,0.508,0.509,0.51,0.504,844542.0
2025-01-08,0.509,0.507,0.511,0.498,1209029.0
2025-01-09,0.507,0.507,0.51,0.504,748732.0
2025-01-10,0.506,0.501,0.508,0.5,977711.0
2025-01-13,0.497,0.499,0.504,0.497,719292.0
2025-01-14,0.499,0.512,0.513,0.499,1234376.0
2025-01-15,0.51,0.506,0.511,0.504,738015.0
2025-01-16,0.507,0.506,0.513,0.503,829977.0
2025-01-17,0.505,0.508,0.51,0.503,500052.0
2025-01-20,0.511,0.512,0.519,0.51,990480.0
2025-01-21,0.516,0.512,0.516,0.508,596776.64
2025-01-22,0.512,0.506,0.512,0.503,792867.0
2025-01-23,0.509,0.505,0.513,0.505,817083.0
2025-01-24,0.503,0.508,0.511,0.503,772452.0
2025-01-27,0.508,0.509,0.513,0.508,657545.0
2025-02-05,0.51,0.502,0.512,0.501,704684.0
2025-02-06,0.502,0.508,0.508,0.5,821805.0
2025-02-07,0.507,0.515,0.519,0.505,1647826.0
2025-02-10,0.516,0.516,0.518,0.511,991179.08
2025-02-11,0.52,0.512,0.52,0.51,1133224.0
2025-02-12,0.51,0.515,0.516,0.508,940471.0
2025-02-13,0.517,0.519,0.522,0.514,1659572.0
2025-02-14,0.517,0.523,0.524,0.517,1218264.0
2025-02-17,0.524,0.522,0.526,0.52,1041524.0
2025-02-18,0.522,0.516,0.524,0.514,1187368.0
2025-02-19,0.516,0.521,0.521,0.513,864169.0
2025-02-20,0.522,0.523,0.525,0.518,1048989.0
2025-02-21,0.525,0.528,0.529,0.52,1741979.0
2025-02-24,0.528,0.526,0.531,0.522,1318285.0
2025-02-25,0.523,0.519,0.524,0.517,1114153.0
2025-02-26,0.519,0.523,0.523,0.518,779597.0
2025-02-27,0.523,0.528,0.529,0.521,1734001.0
2025-02-28,0.525,0.52,0.532,0.518,1778988.0
2025-03-03,0.522,0.518,0.525,0.515,1274136.0
2025-03-04,0.517,0.517,0.518,0.513,1945708.0
2025-03-05,0.517,0.518,0.518,0.512,4911104.0
2025-03-06,0.519,0.525,0.526,0.517,3136288.0
2025-03-07,0.525,0.524,0.527,0.519,1754631.0
2025-03-10,0.525,0.524,0.526,0.52,6485846.0
2025-03-11,0.52,0.526,0.526,0.518,6845895.0
2025-03-12,0.528,0.524,0.529,0.522,979945.0
2025-03-13,0.524,0.521,0.525,0.518,768621.0
2025-03-14,0.521,0.541,0.542,0.521,3434203.0
2025-03-17,0.55,0.54,0.555,0.537,4057544.0
2025-03-18,0.542,0.542,0.546,0.537,2715923.0
2025-03-19,0.541,0.542,0.545,0.539,1626789.0
2025-03-20,0.541,0.536,0.542,0.535,1138640.0
2025-03-21,0.535,0.527,0.537,0.526,1459730.0
2025-03-24,0.527,0.529,0.53,0.524,1010634.0
2025-03-25,0.53,0.529,0.53,0.525,890975.0
2025-03-26,0.529,0.529,0.53,0.527,730970.0
2025-03-27,0.528,0.536,0.537,0.526,1286969.91
2025-03-28,0.535,0.534,0.538,0.532,1010568.0
2025-03-31,0.533,0.531,0.537,0.528,994434.78
2025-04-01,0.532,0.536,0.539,0.53,1296626.0
2025-04-02,0.535,0.533,0.537,0.531,559980.0
2025-04-03,0.531,0.531,0.534,0.527,1093345.0
2025-04-07,0.516,0.498,0.517,0.48299999999999993,2243841.0
2025-04-08,0.501,0.508,0.508,0.494,1609281.0
2025-04-09,0.503,0.511,0.512,0.49499999999999994,1426035.0
2025-04-10,0.516,0.52,0.522,0.515,2420615.0
2025-04-11,0.52,0.519,0.521,0.513,1741410.0
2025-04-14,0.519,0.519,0.524,0.516,1152806.0
2025-04-15,0.523,0.518,0.523,0.514,2240361.0
2025-04-16,0.518,0.519,0.52,0.511,2385303.0
2025-04-17,0.517,0.518,0.52,0.514,1007349.0
2025-04-18,0.517,0.515,0.518,0.512,866800.0
2025-04-21,0.514,0.516,0.517,0.512,724145.0
2025-04-22,0.515,0.519,0.521,0.514,1360847.0
2025-04-23,0.519,0.52,0.524,0.518,851642.0
2025-04-24,0.518,0.519,0.523,0.518,1043331.0
2025-04-25,0.52,0.519,0.522,0.518,588985.0
2025-04-28,0.518,0.517,0.519,0.516,564099.84
2025-04-29,0.516,0.518,0.52,0.515,398079.84
2025-04-30,0.519,0.524,0.525,0.519,1075127.0
2025-05-06,0.525,0.527,0.528,0.522,1096178.0
2025-05-07,0.531,0.527,0.535,0.524,1163070.22
2025-05-08,0.524,0.528,0.53,0.524,780588.0
2025-05-09,0.528,0.528,0.53,0.526,580036.0
2025-05-12,0.529,0.53,0.531,0.527,570977.0
2025-05-13,0.531,0.529,0.535,0.529,877043.0
2025-05-14,0.529,0.535,0.537,0.528,1138757.0
2025-05-15,0.535,0.535,0.536,0.532,858765.0
2025-05-16,0.534,0.533,0.535,0.53,646360.0
2025-05-19,0.531,0.531,0.533,0.529,622778.0
2025-05-20,0.532,0.536,0.539,0.532,814090.09
2025-05-21,0.535,0.539,0.541,0.535,860209.0
2025-05-22,0.539,0.537,0.54,0.536,624737.0
2025-05-23,0.538,0.539,0.546,0.538,1936294.0
2025-05-26,0.536,0.533,0.539,0.531,868807.0
2025-05-27,0.534,0.532,0.535,0.53,388072.42
2025-05-28,0.533,0.533,0.535,0.531,403035.88
2025-05-29,0.532,0.536,0.539,0.532,560509.1
2025-05-30,0.535,0.535,0.538,0.533,528059.0
2025-06-03,0.533,0.535,0.535,0.53,605467.0
2025-06-04,0.534,0.536,0.536,0.533,424803.0
2025-06-05,0.536,0.534,0.537,0.532,424028.0
2025-06-06,0.532,0.531,0.533,0.529,451365.0
2025-06-09,0.53,0.532,0.535,0.53,681642.0
2025-06-10,0.532,0.53,0.535,0.527,763275.0
2025-06-11,0.53,0.533,0.535,0.53,597402.0
2025-06-12,0.533,0.532,0.533,0.528,382487.0
2025-06-13,0.532,0.524,0.532,0.522,753370.0
2025-06-16,0.524,0.522,0.524,0.52,473643.0
2025-06-17,0.523,0.517,0.525,0.517,977027.0
2025-06-18,0.517,0.518,0.521,0.516,367143.0
2025-06-19,0.519,0.514,0.519,0.512,485594.0
2025-06-20,0.514,0.516,0.517,0.514,491098.0
2025-06-23,0.516,0.514,0.516,0.509,640071.0
2025-06-24,0.514,0.519,0.52,0.513,675959.0
2025-06-25,0.52,0.524,0.524,0.517,879791.0
2025-06-26,0.524,0.52,0.524,0.519,786341.0
2025-06-27,0.521,0.52,0.521,0.518,705099.0
2025-06-30,0.519,0.522,0.523,0.517,638734.0
2025-07-01,0.522,0.523,0.524,0.521,581947.0
2025-07-02,0.524,0.523,0.525,0.521,452685.0
2025-07-03,0.523,0.525,0.525,0.521,514676.0
2025-07-04,0.525,0.527,0.529,0.524,795663.0
2025-07-07,0.527,0.524,0.527,0.523,303580.0
2025-07-08,0.525,0.527,0.527,0.523,451670.0
2025-07-09,0.526,0.529,0.532,0.525,1004353.0
2025-07-10,0.528,0.528,0.532,0.527,545313.0
2025-07-11,0.528,0.532,0.538,0.528,1020934.0
2025-07-14,0.532,0.533,0.535,0.53,482906.4
2025-07-15,0.534,0.534,0.536,0.53,692323.0
2025-07-16,0.534,0.535,0.537,0.533,811398.0
2025-07-17,0.536,0.539,0.54,0.535,992629.0
2025-07-18,0.539,0.544,0.544,0.538,884877.0
2025-07-21,0.544,0.542,0.544,0.539,797513.0
2025-07-22,0.542,0.546,0.547,0.54,1287205.0
2025-07-23,0.546,0.547,0.551,0.546,1634122.0
2025-07-24,0.547,0.553,0.554,0.546,1605818.4
2025-07-25,0.555,0.549,0.555,0.548,1194547.16
2025-07-28,0.551,0.554,0.554,0.55,847968.0
2025-07-29,0.556,0.558,0.559,0.551,1386361.0
2025-07-30,0.558,0.561,0.566,0.555,1285989.0
2025-07-31,0.559,0.549,0.56,0.547,1729101.0
2025-08-01,0.549,0.546,0.553,0.543,1385575.0
2025-08-04,0.543,0.548,0.549,0.542,734717.0
2025-08-05,0.548,0.552,0.553,0.548,780164.0
2025-08-06,0.554,0.553,0.554,0.551,594373.0
2025-08-07,0.553,0.549,0.554,0.548,669438.0
2025-08-08,0.548,0.549,0.549,0.545,534885.0
2025-08-11,0.549,0.552,0.553,0.547,482649.0
2025-08-12,0.552,0.553,0.556,0.551,889216.0
2025-08-13,0.556,0.558,0.559,0.553,1313312.0
2025-08-14,0.558,0.557,0.563,0.554,1314307.0
2025-08-15,0.556,0.561,0.562,0.554,912693.0
2025-08-18,0.562,0.565,0.568,0.561,1114629.8
2025-08-19,0.567,0.563,0.571,0.561,1423115.0
2025-08-20,0.561,0.573,0.574,0.559,1565308.0
2025-08-21,0.574,0.575,0.577,0.571,1389401.99
2025-08-22,0.575,0.581,0.581,0.574,1607479.0
2025-08-25,0.585,0.594,0.595,0.58,2578727.0
2025-08-26,0.593,0.591,0.594,0.586,1969552.0
2025-08-27,0.59,0.578,0.592,0.576,2301314.9
2025-08-28,0.578,0.58,0.581,0.565,2320887.0
2025-08-29,0.58,0.595,0.595,0.58,3237599.0
2025-09-01,0.597,0.603,0.605,0.594,3122184.0
2025-09-02,0.603,0.604,0.611,0.599,3266917.0
2025-09-03,0.606,0.603,0.61,0.599,2857452.0
2025-09-04,0.602,0.592,0.604,0.584,3925946.48
2025-09-05,0.592,0.604,0.605,0.587,3677679.0
2025-09-08,0.607,0.614,0.614,0.604,2719623.0
2025-09-09,0.613,0.609,0.616,0.604,2117716.0
2025-09-10,0.609,0.605,0.61,0.604,1623411.0
2025-09-11,0.603,0.607,0.608,0.593,2391989.0
2025-09-12,0.608,0.604,0.608,0.6,2336683.0
2025-09-15,0.602,0.604,0.607,0.6,1627334.0
2025-09-16,0.605,0.606,0.607,0.6,1325088.0
2025-09-17,0.606,0.612,0.612,0.604,2514793.0
2025-09-18,0.612,0.606,0.616,0.601,2453352.0
2025-09-19,0.607,0.604,0.607,0.6,1440988.0
2025-09-22,0.604,0.602,0.607,0.598,1402837.0
2025-09-23,0.601,0.595,0.602,0.587,1672268.0
2025-09-24,0.592,0.598,0.599,0.591,1940839.0
2025-09-25,0.598,0.599,0.602,0.597,1070963.0
2025-09-26,0.599,0.594,0.599,0.593,883275.0
2025-09-29,0.593,0.599,0.6,0.588,1908204.0
2025-09-30,0.599,0.607,0.608,0.596,1396795.0
2025-10-09,0.608,0.604,0.608,0.594,1461818.0
2025-10-10,0.604,0.596,0.604,0.594,1411829.66
2025-10-13,0.588,0.584,0.588,0.578,1418261.2
2025-10-14,0.585,0.578,0.588,0.575,1372895.0
2025-10-15,0.577,0.585,0.586,0.575,931400.0
2025-10-16,0.586,0.588,0.592,0.583,1074459.0
2025-10-17,0.586,0.576,0.587,0.573,1061071.0
2025-10-20,0.576,0.578,0.58,0.574,565359.0
2025-10-21,0.578,0.583,0.583,0.576,1703753.48
2025-10-22,0.582,0.578,0.584,0.578,472983.48
2025-10-23,0.579,0.58,0.581,0.572,671145.0
2025-10-24,0.581,0.581,0.585,0.579,880139.0
2025-10-27,0.582,0.584,0.587,0.581,955515.0
2025-10-28,0.583,0.579,0.583,0.576,855451.01
2025-10-29,0.577,0.582,0.582,0.575,877402.0
2025-10-30,0.579,0.574,0.58,0.573,1008896.0
2025-10-31,0.573,0.579,0.581,0.572,985371.0
2025-11-03,0.58,0.575,0.582,0.571,880626.0
2025-11-04,0.576,0.567,0.576,0.564,1097028.0
2025-11-05,0.565,0.566,0.568,0.561,741483.0
2025-11-06,0.566,0.569,0.569,0.564,704201.0
2025-11-07,0.567,0.566,0.569,0.565,640630.0
2025-11-10,0.567,0.575,0.576,0.564,2344937.4
2025-11-11,0.576,0.573,0.577,0.569,1439920.0
2025-11-12,0.574,0.576,0.58,0.573,1597542.0
2025-11-13,0.575,0.58,0.58,0.572,1278198.0
2025-11-14,0.576,0.575,0.581,0.573,1117974.0
2025-11-17,0.575,0.569,0.575,0.566,1177379.0
2025-11-18,0.568,0.567,0.572,0.564,1233721.0
2025-11-19,0.567,0.564,0.568,0.562,734556.0
2025-11-20,0.565,0.561,0.567,0.56,785375.0
2025-11-21,0.559,0.553,0.562,0.551,1155889.55
2025-11-24,0.554,0.555,0.558,0.553,821790.0
2025-11-25,0.557,0.559,0.561,0.555,732939.0
2025-11-26,0.558,0.561,0.562,0.558,537736.45
2025-11-27,0.562,0.558,0.562,0.556,868589.0
2025-11-28,0.559,0.559,0.56,0.554,613405.0
2025-12-01,0.559,0.564,0.564,0.559,710831.0
2025-12-02,0.564,0.559,0.564,0.558,372384.0
2025-12-03,0.559,0.557,0.56,0.555,597140.0
2025-12-04,0.556,0.555,0.558,0.552,722460.0
2025-12-05,0.554,0.558,0.558,0.552,572141.0
2025-12-08,0.557,0.558,0.56,0.555,542822.2
2025-12-09,0.557,0.553,0.558,0.552,672813.0
2025-12-10,0.553,0.558,0.558,0.55,834404.0
2025-12-11,0.558,0.556,0.56,0.554,720407.0
2025-12-12,0.558,0.556,0.558,0.552,712134.0
2025-12-15,0.559,0.554,0.56,0.554,1150518.0
2025-12-16,0.555,0.55,0.556,0.549,691674.0
2025-12-17,0.55,0.555,0.557,0.547,784266.0
2025-12-18,0.556,0.553,0.556,0.552,489047.0
2025-12-19,0.553,0.561,0.562,0.552,1197486.0
2025-12-22,0.562,0.563,0.563,0.559,957417.0
2025-12-23,0.562,0.558,0.562,0.557,933940.0
2025-12-24,0.559,0.557,0.559,0.554,1124450.0
2025-12-25,0.556,0.559,0.561,0.555,1129628.88
2025-12-26,0.558,0.561,0.562,0.557,922545.0
2025-12-29,0.56,0.558,0.561,0.556,608175.0
2025-12-30,0.556,0.557,0.559,0.554,518572.0
2025-12-31,0.558,0.556,0.56,0.554,609874.64
2026-01-05,0.556,0.567,0.568,0.555,1503743.0
2026-01-06,0.568,0.572,0.572,0.565,1264491.88
2026-01-07,0.574,0.573,0.575,0.569,1204674.49
2026-01-08,0.573,0.57,0.573,0.567,863616.0
2026-01-09,0.57,0.575,0.575,0.569,1163393.51
2026-01-12,0.575,0.577,0.577,0.572,1201789.0
2026-01-13,0.576,0.575,0.584,0.573,1561275.0
2026-01-14,0.574,0.571,0.581,0.567,1530319.0
2026-01-15,0.567,0.569,0.575,0.567,1616689.0
2026-01-16,0.567,0.568,0.572,0.565,1400388.0
2026-01-19,0.566,0.567,0.57,0.565,868449.0
2026-01-20,0.567,0.565,0.57,0.564,727355.0
2026-01-21,0.565,0.563,0.567,0.561,989753.0
2026-01-22,0.564,0.558,0.565,0.557,1059197.0
2026-01-23,0.558,0.561,0.563,0.558,861305.0
2026-01-26,0.561,0.555,0.561,0.552,1177723.0
2026-01-27,0.555,0.551,0.556,0.546,1003435.28
2026-01-28,0.55,0.546,0.551,0.543,1313507.67
2026-01-29,0.546,0.56,0.561,0.542,5090536.98
2026-01-30,0.559,0.548,0.559,0.545,2302709.0
2026-02-02,0.546,0.54,0.552,0.539,1344829.93
2026-02-03,0.54,0.549,0.549,0.54,958061.0
2026-02-04,0.546,0.557,0.558,0.546,1486933.9
2026-02-05,0.56,0.562,0.564,0.556,1491188.45
2026-02-06,0.561,0.558,0.562,0.554,908382.0
2026-02-09,0.557,0.56,0.56,0.557,684759.0
2026-02-10,0.559,0.56,0.56,0.556,841027.0
2026-02-11,0.558,0.56,0.561,0.557,557791.0
2026-02-12,0.559,0.557,0.562,0.556,543896.0
2026-02-13,0.557,0.552,0.558,0.552,602798.0
2026-02-24,0.553,0.549,0.557,0.548,725815.0
2026-02-25,0.55,0.551,0.554,0.549,653194.0
2026-02-26,0.55,0.544,0.552,0.543,746102.0
2026-02-27,0.545,0.544,0.547,0.543,522156.0
2026-03-02,0.541,0.535,0.542,0.532,873283.0
2026-03-03,0.533,0.526,0.537,0.524,1547342.0
2026-03-04,0.524,0.519,0.525,0.516,889822.0
2026-03-05,0.521,0.52,0.524,0.518,563407.0
2026-03-06,0.52,0.527,0.528,0.518,507804.0
2026-03-09,0.523,0.521,0.523,0.515,655000.0
2026-03-10,0.523,0.53,0.53,0.523,1193564.0
2026-03-11,0.53,0.531,0.531,0.527,711680.0
2026-03-12,0.529,0.526,0.529,0.523,464202.0
2026-03-13,0.524,0.525,0.528,0.523,434320.0
2026-03-16,0.525,0.529,0.53,0.522,626180.0
2026-03-17,0.529,0.53,0.538,0.528,900700.07
2026-03-18,0.531,0.53,0.532,0.525,526072.0
2026-03-19,0.528,0.521,0.528,0.519,571815.0
2026-03-20,0.519,0.516,0.524,0.514,477046.0
2026-03-23,0.511,0.499,0.511,0.494,992034.66
2026-03-24,0.501,0.503,0.504,0.497,578902.9
2026-03-25,0.504,0.509,0.51,0.504,471068.0
2026-03-26,0.508,0.503,0.513,0.502,455196.0
2026-03-27,0.499,0.512,0.514,0.499,617076.0
2026-03-30,0.508,0.514,0.515,0.508,425111.0
2026-03-31,0.516,0.513,0.523,0.513,487266.0
2026-04-01,0.517,0.525,0.526,0.515,839539.0
2026-04-02,0.525,0.524,0.527,0.521,1309595.0
2026-04-03,0.523,0.516,0.523,0.515,636018.0
2026-04-07,0.515,0.514,0.518,0.511,442236.0
2026-04-08,0.518,0.524,0.525,0.518,553050.0
2026-04-09,0.523,0.52,0.524,0.519,426898.07
2026-04-10,0.52,0.522,0.525,0.52,764399.0
2026-04-13,0.521,0.518,0.521,0.515,890162.0
2026-04-14,0.52,0.52,0.52,0.513,759178.0
2026-04-15,0.521,0.525,0.527,0.52,880716.0
2026-04-16,0.525,0.526,0.527,0.524,664000.0
2026-04-17,0.523,0.517,0.523,0.515,673707.0
2026-04-20,0.516,0.517,0.519,0.514,536609.0
2026-04-21,0.516,0.517,0.52,0.514,405601.0
2026-04-22,0.515,0.515,0.517,0.513,635017.0
2026-04-23,0.515,0.517,0.52,0.514,721431.0
2026-04-24,0.516,0.515,0.517,0.511,644019.0
2026-04-27,0.515,0.512,0.515,0.511,535087.0
2026-04-28,0.514,0.515,0.521,0.514,543857.0
2026-04-29,0.516,0.519,0.52,0.514,468106.0
2026-04-30,0.52,0.518,0.521,0.516,511291.0
2026-05-06,0.516,0.517,0.518,0.514,650743.0
2026-05-07,0.518,0.518,0.521,0.517,558354.0
2026-05-08,0.519,0.517,0.52,0.516,455143.0
2026-05-11,0.518,0.52,0.521,0.513,879592.0
2026-05-12,0.519,0.519,0.524,0.515,866422.0
2026-05-13,0.518,0.516,0.519,0.512,577525.0
2026-05-14,0.515,0.508,0.518,0.506,661138.0
2026-05-15,0.507,0.504,0.51,0.503,1387542.0
2026-05-18,0.503,0.499,0.505,0.496,734778.0
2026-05-19,0.499,0.499,0.503,0.49499999999999994,653225.0
2026-05-20,0.498,0.496,0.499,0.493,517337.0
2026-05-21,0.496,0.5,0.508,0.496,893621.0
2026-05-22,0.501,0.494,0.502,0.49199999999999994,943273.0
2026-05-25,0.493,0.49,0.494,0.488,1087703.0
2026-05-26,0.491,0.491,0.494,0.488,607104.0
2026-05-27,0.491,0.49,0.494,0.481,877069.0
2026-05-28,0.48899999999999993,0.48000000000000004,0.48899999999999993,0.47700000000000004,699282.0
2026-05-29,0.48000000000000004,0.487,0.49199999999999994,0.479,882057.0
2026-06-01,0.488,0.48599999999999993,0.49,0.48299999999999993,527136.0
2026-06-02,0.485,0.48299999999999993,0.485,0.48000000000000004,738747.0
2026-06-03,0.481,0.47700000000000004,0.481,0.475,617965.0
2026-06-04,0.47700000000000004,0.47,0.47700000000000004,0.469,526009.0
2026-06-05,0.47100000000000003,0.472,0.47700000000000004,0.47,1214150.0
2026-06-08,0.47100000000000003,0.466,0.472,0.461,1093371.0
2026-06-09,0.464,0.463,0.46499999999999997,0.458,781174.0
2026-06-10,0.461,0.464,0.466,0.461,552183.0
2026-06-11,0.46199999999999997,0.46199999999999997,0.46499999999999997,0.458,509882.0
2026-06-12,0.463,0.469,0.472,0.46,596269.0
2026-06-15,0.47,0.469,0.472,0.466,501772.0
2026-06-16,0.47,0.46199999999999997,0.47,0.461,378925.0
2026-06-17,0.46199999999999997,0.458,0.46199999999999997,0.455,568830.0
2026-06-18,0.457,0.458,0.46199999999999997,0.45300000000000007,670023.0
2026-06-22,0.458,0.46199999999999997,0.46199999999999997,0.448,982168.0
2026-06-23,0.46,0.45599999999999996,0.46799999999999997,0.455,703401.0
2026-06-24,0.45899999999999996,0.461,0.466,0.457,1095989.09
2026-06-25,0.46,0.46199999999999997,0.46499999999999997,0.454,685462.0
2026-06-26,0.461,0.452,0.463,0.451,669109.09
2026-06-29,0.452,0.472,0.472,0.445,1190057.0
2026-06-30,0.47100000000000003,0.469,0.47100000000000003,0.464,628788.0
2026-07-01,0.46799999999999997,0.476,0.478,0.457,1051828.0
2026-07-02,0.473,0.475,0.48299999999999993,0.472,861839.0
2026-07-03,0.475,0.484,0.484,0.475,772614.0
2026-07-06,0.481,0.488,0.494,0.479,879636.0
2026-07-07,0.48599999999999993,0.476,0.48599999999999993,0.47400000000000003,761821.0
2026-07-08,0.47700000000000004,0.47,0.47700000000000004,0.47,528817.0
2026-07-09,0.467,0.472,0.475,0.46499999999999997,656689.0
2026-07-10,0.472,0.48000000000000004,0.485,0.46799999999999997,698419.0
2026-07-13,0.478,0.47400000000000003,0.479,0.472,496583.0
2026-07-14,0.476,0.48000000000000004,0.481,0.47100000000000003,706773.0
2026-07-15,0.48000000000000004,0.496,0.501,0.478,1949937.0
2026-07-16,0.497,0.496,0.501,0.488,1203720.0
2026-07-17,0.496,0.48000000000000004,0.498,0.47700000000000004,1943537.0
2026-07-20,0.48000000000000004,0.494,0.49499999999999994,0.478,1314009.0
2026-07-21,0.494,0.49499999999999994,0.498,0.487,777542.0
2026-07-22,0.49499999999999994,0.496,0.5,0.49,1483480.93
2026-07-23,0.496,0.49499999999999994,0.498,0.49,1284791.0
2026-07-24,0.49499999999999994,0.484,0.49499999999999994,0.482,583315.0
2026-07-27,0.484,0.48899999999999993,0.49,0.481,579053.0
2026-07-28,0.48899999999999993,0.48899999999999993,0.49,0.484,487932.0
2026-07-29,0.491,0.5,0.502,0.491,1100682.0
2026-07-30,0.5,0.502,0.506,0.497,1521444.61
2026-07-31,0.497,0.505,0.506,0.494,841883.0
