date,open,close,high,low,volume
2013-01-04,2.111368479204483,2.0915278983505643,2.116328624417963,2.0659004814142534,5364707.95
2013-01-07,2.0849143713992584,2.0948346618262175,2.1031015705153506,2.0799542261857793,4148279.61
2013-01-08,2.0940079709573043,2.085741062268172,2.0989681161707843,2.0692072448899066,4000972.36
2013-01-09,2.082434298792519,2.084087680530345,2.0948346618262175,2.0700339357588198,4399883.3
2013-01-10,2.0849143713992584,2.0890478257438247,2.1105417883355697,2.074994080972299,4556250.49
2013-01-11,2.0948346618262175,2.0576335727251207,2.0997948070396975,2.0485399731670753,5847044.24
2013-01-14,2.0576335727251207,2.1303823691894883,2.139475968747534,2.051846736642728,7471833.37
2013-01-15,2.132035750927315,2.142782732223187,2.1518763317812333,2.1312090600584015,4902077.23
2013-01-16,2.141956041354274,2.127075605713835,2.1460894956988406,2.0964880435640443,4960657.32
2013-01-17,2.123768842238182,2.113848551811223,2.1279022965827483,2.0973147344329575,4390935.17
2013-01-18,2.127075605713835,2.145262804829927,2.157663167863626,2.1097150974666565,4614400.12
2013-01-21,2.1493962591744933,2.1527030226501465,2.156836476994713,2.1328624417962283,4112879.04
2013-01-22,2.1485695683055805,2.1493962591744933,2.162623313077106,2.1303823691894883,7695141.88
2013-01-23,2.1485695683055805,2.1535297135190596,2.157663167863626,2.1328624417962283,4179259.0
2013-01-24,2.1535297135190596,2.139475968747534,2.2039578565227687,2.122942151369269,7873514.37
2013-01-25,2.139475968747534,2.129555678320575,2.141956041354274,2.127075605713835,5722447.4
2013-01-28,2.135342514402968,2.1874240391445037,2.188250730013417,2.135342514402968,5635543.56
2013-01-29,2.189904111751243,2.2039578565227687,2.2147048378186414,2.1865973482755905,7826804.14
2013-01-30,2.209744692605162,2.216358219556468,2.2180116012942945,2.1998244021782027,5385049.26
2013-01-31,2.225451819114514,2.222145055638861,2.2295852734590804,2.207264619998422,6927571.02
2013-02-01,2.2147048378186414,2.265132980822351,2.269266435166917,2.208091310867335,5398153.44
2013-02-04,2.271746507773657,2.269266435166917,2.284146870807356,2.2585194538710445,4247564.05
2013-02-05,2.2585194538710445,2.2858002525451826,2.2982006155788812,2.256866072133218,7356517.14
2013-02-06,2.287453634283009,2.2924137794964885,2.2982006155788812,2.284973561676269,4626880.28
2013-02-07,2.2899337068897485,2.281666798200616,2.2924137794964885,2.2527326177886517,6087426.43
2013-02-08,2.287453634283009,2.2891070160208353,2.303987451661274,2.27257319864257,6296267.13
2013-02-18,2.294067161234315,2.2552126903953917,2.296547233841055,2.2502525451819118,6967875.2
2013-02-19,2.256866072133218,2.2188382921632077,2.260999526477784,2.208091310867335,5411521.28
2013-02-20,2.219664983032121,2.228758582590167,2.2295852734590804,2.2056112382605955,4610176.94
2013-02-21,2.207264619998422,2.1493962591744933,2.207264619998422,2.129555678320575,7321565.14
2013-02-22,2.1518763317812333,2.142782732223187,2.158489858732539,2.138649277878621,4107547.19
2013-02-25,2.1485695683055805,2.1460894956988406,2.1708902217662382,2.1345158235340547,5475509.94
2013-02-26,2.1328624417962283,2.114675242680136,2.170063530897325,2.1105417883355697,7929723.84
2013-02-27,2.123768842238182,2.1345158235340547,2.157663167863626,2.120462078762529,4683230.89
2013-02-28,2.154356404387973,2.2064379291295086,2.209744692605162,2.1411293504853606,6133326.22
2013-03-01,2.2064379291295086,2.2039578565227687,2.213051456080815,2.1651033856838455,4276796.52
2013-03-04,2.175850366979718,2.0997948070396975,2.177503748717544,2.0890478257438247,7400084.08
2013-03-05,2.103928261384264,2.1601432404703655,2.162623313077106,2.1006214979086106,5414035.34
2013-03-06,2.175023676110804,2.1832905847999373,2.1973443295714628,2.1609699313392787,5958096.51
2013-03-07,2.174196985241891,2.156836476994713,2.1907308026201564,2.136169205271881,7909465.42
2013-03-08,2.170063530897325,2.1535297135190596,2.173370294372978,2.147742877436667,5495201.32
2013-03-11,2.138649277878621,2.138649277878621,2.1551830952568864,2.1221154605003556,3553997.32
2013-03-12,2.138649277878621,2.1080617157288297,2.1617966222081924,2.0873944440059984,5303135.52
2013-03-13,2.1047549522531765,2.0849143713992584,2.1072350248599165,2.0741673901033857,4421041.96
2013-03-14,2.0741673901033857,2.0890478257438247,2.101448188777524,2.070860626627733,4439762.6
2013-03-15,2.0940079709573043,2.090701207481651,2.1527030226501465,2.0667271722831666,5027987.88
2013-03-18,2.0849143713992584,2.068380554020993,2.1031015705153506,2.0667271722831666,4252109.09
2013-03-19,2.071687317496646,2.086567753137085,2.093181280088391,2.058460263594034,4337150.4
2013-03-20,2.0873944440059984,2.1502229500434065,2.1518763317812333,2.0873944440059984,5888569.17
2013-03-21,2.1551830952568864,2.1560097861257996,2.167583458290585,2.1460894956988406,3606871.43
2013-03-22,2.156836476994713,2.1617966222081924,2.169236840028412,2.147742877436667,3630827.91
2013-03-25,2.170063530897325,2.158489858732539,2.1808105121931973,2.1493962591744933,3428520.5
2013-03-26,2.147742877436667,2.122942151369269,2.1518763317812333,2.103928261384264,5746422.46
2013-03-27,2.124595533107095,2.1279022965827483,2.156836476994713,2.1155019335490497,4445452.48
2013-03-28,2.0973147344329575,2.061767027069687,2.0973147344329575,2.058460263594034,4066694.45
2013-03-29,2.068380554020993,2.0559801909872943,2.0725140083655598,2.050193354904901,3232432.12
2013-04-01,2.0485399731670753,2.052673427511641,2.070860626627733,2.0477132822981616,3309090.52
2013-04-02,2.0576335727251207,2.0559801909872943,2.085741062268172,2.041926446215769,3725639.29
2013-04-03,2.0625937179386007,2.051846736642728,2.0741673901033857,2.043579827953595,3168155.48
2013-04-08,2.0253926288375035,2.041926446215769,2.0452332096914216,2.0113388840659776,3319435.96
2013-04-09,2.0477132822981616,2.0543268092494675,2.0741673901033857,2.0477132822981616,4870228.79
2013-04-10,2.0543268092494675,2.0543268092494675,2.059286954462947,2.0410997553468553,2322471.12
2013-04-11,2.073340699234473,2.0452332096914216,2.0766474627101257,2.044406518822508,2170251.49
2013-04-12,2.0468865914292484,2.0386196827401157,2.0543268092494675,2.0361396101333757,2090345.36
2013-04-15,2.033659537526636,2.017952411017284,2.037792991871202,2.0113388840659776,2735599.05
2013-04-16,2.0080321205903244,2.030352774050983,2.033659537526636,2.0014185936390185,4082437.38
2013-04-17,2.02952608318207,2.0353129192644626,2.036966301002289,2.0162990292794576,4156771.22
2013-04-18,2.0162990292794576,2.039446373609029,2.055153500118381,2.0154723384105444,4113051.94
2013-04-19,2.042753137084682,2.0973147344329575,2.1064083339910034,2.041926446215769,5905394.97
2013-04-22,2.095661352695131,2.090701207481651,2.101448188777524,2.083260989661432,2310740.58
2013-04-23,2.090701207481651,2.02704601057533,2.090701207481651,2.0229125562307635,3106698.39
2013-04-24,2.027872701444243,2.061767027069687,2.078300844447952,2.0229125562307635,3133921.43
2013-04-25,2.052673427511641,2.040273064477942,2.0741673901033857,2.02952608318207,2978324.82
2013-04-26,2.0493666640359884,2.0212591744929367,2.0568068818562075,2.0121655749348912,1865287.56
2013-05-02,2.006378738852498,2.0229125562307635,2.0253926288375035,1.998938521032279,2140702.6
2013-05-03,2.03200615578881,2.059286954462947,2.086567753137085,2.027872701444243,3344747.49
2013-05-06,2.0667271722831666,2.083260989661432,2.0940079709573043,2.0659004814142534,2359820.57
2013-05-07,2.081607607923605,2.0882211348749116,2.0981414253018706,2.0692072448899066,2855262.54
2013-05-08,2.1022748796464374,2.101448188777524,2.1221154605003556,2.092354589219478,2997252.33
2013-05-09,2.0981414253018706,2.090701207481651,2.1031015705153506,2.073340699234473,1895550.32
2013-05-10,2.081607607923605,2.0989681161707843,2.10558164312209,2.080780917054692,2832553.25
2013-05-13,2.1006214979086106,2.090701207481651,2.1072350248599165,2.077474153579039,1987403.12
2013-05-14,2.086567753137085,2.0601136453318603,2.089874516612738,2.044406518822508,2646563.18
2013-05-15,2.0609403362007734,2.0700339357588198,2.070860626627733,2.058460263594034,1927893.45
2013-05-16,2.0659004814142534,2.112195170073396,2.1130218609423097,2.0559801909872943,4129314.52
2013-05-17,2.112195170073396,2.1485695683055805,2.1518763317812333,2.10558164312209,4774811.59
2013-05-20,2.154356404387973,2.1609699313392787,2.175850366979718,2.1460894956988406,2825607.67
2013-05-21,2.1617966222081924,2.1609699313392787,2.1651033856838455,2.1485695683055805,2034481.34
2013-05-22,2.163450003946019,2.163450003946019,2.174196985241891,2.1551830952568864,1936315.59
2013-05-23,2.1502229500434065,2.1403026596164474,2.172543603504065,2.132035750927315,2900756.94
2013-05-24,2.1493962591744933,2.1518763317812333,2.1642766948149323,2.1254222239760088,4073632.66
2013-05-27,2.1469161865677537,2.1469161865677537,2.1593165496014524,2.138649277878621,2916019.92
2013-05-28,2.147742877436667,2.1915574934890696,2.192384184357983,2.1378225870097074,3491582.63
2013-05-29,2.1965176387025496,2.1841172756688505,2.204784547391682,2.1832905847999373,3895438.32
2013-05-30,2.1841172756688505,2.1783304395864573,2.188250730013417,2.1684101491594987,5674699.93
2013-05-31,2.179157130455371,2.1535297135190596,2.1865973482755905,2.1493962591744933,5440863.78
2013-06-03,2.156836476994713,2.157663167863626,2.175850366979718,2.1510496409123196,3199071.93
2013-06-04,2.1551830952568864,2.126248914844922,2.1560097861257996,2.1196353878936156,4436294.43
2013-06-05,2.1254222239760088,2.120462078762529,2.1303823691894883,2.1130218609423097,2254500.11
2013-06-06,2.113848551811223,2.0997948070396975,2.122942151369269,2.0981414253018706,2638058.72
2013-06-07,2.1006214979086106,2.061767027069687,2.1064083339910034,2.051846736642728,3947621.38
2013-06-13,2.031179464919896,1.9981118301633656,2.031179464919896,1.9766178675716204,6174687.48
2013-06-14,2.0038986662457585,2.0121655749348912,2.017952411017284,1.9931516849498858,3912454.23
2013-06-17,2.0196057927551103,1.9997652119011922,2.0229125562307635,1.9964584484255392,3077433.23
2013-06-18,2.0047253571146717,2.0129922658038044,2.0187791018861976,1.990671612343146,3738954.25
2013-06-19,2.0047253571146717,2.0014185936390185,2.0047253571146717,1.9708310314892277,2864449.62
2013-06-20,1.988191539736406,1.9385900876016104,1.9898449214742329,1.9344566332570439,3712644.85
2013-06-21,1.906349143713993,1.9294964880435646,1.94107016020835,1.896428853287034,3579532.42
2013-06-24,1.918749506747692,1.811279693788967,1.9204028884855184,1.804666166837661,7667555.01
2013-06-25,1.7897857311972223,1.8121063846578809,1.8137597663957072,1.686449372583064,9678250.02
2013-06-26,1.8121063846578809,1.807972930313314,1.8178932207402734,1.77903874990135,5090008.96
2013-06-27,1.8203732933470131,1.8087996211822275,1.8393871833320183,1.8038394759687477,4750804.28
2013-06-28,1.823680056822666,1.841867255938758,1.8699747454818092,1.7939191855417884,4976379.81
2013-07-01,1.8220266750848397,1.8493074737589776,1.8534409281035438,1.8104530029200538,2225312.38
2013-07-02,1.8484807828900645,1.8550943098413706,1.86005445505485,1.8302935837739724,4514809.48
2013-07-03,1.8501341646278908,1.850960855496804,1.8517875463657176,1.8154131481335338,3017410.94
2013-07-04,1.8369071107252786,1.8641879093994165,1.8848551811222478,1.825333438560493,2991884.92
2013-07-05,1.8683213637439826,1.8708014363507224,1.8898153263357276,1.8633612185305033,1874797.16
2013-07-08,1.8451740194144115,1.8203732933470131,1.8534409281035438,1.8154131481335338,1660162.85
2013-07-09,1.8187199116091868,1.816239839002447,1.8278135111672322,1.8096263120511407,4259903.56
2013-07-10,1.816239839002447,1.8666679820061562,1.8674946728750694,1.811279693788967,2528365.23
2013-07-11,1.8848551811222478,1.9600840501933552,1.9931516849498858,1.8807217267776817,4163258.49
2013-07-12,1.9576039775866152,1.9113092889274723,1.9650441954068347,1.9104825980585591,5941637.96
2013-07-15,1.9237096519611714,1.9385900876016104,1.9691776497514013,1.9137893615342125,4048451.32
2013-07-16,1.931149869781391,1.950163759766396,1.9509904506353093,1.9170961250098655,4723110.09
2013-07-17,1.944376923684003,1.9212295793544316,1.9600840501933552,1.9179228158787787,3068787.36
2013-07-18,1.9146160524031255,1.891468708073554,1.9204028884855184,1.8832017993844214,3601863.74
2013-07-19,1.8922953989424673,1.8393871833320183,1.9030423802383398,1.8385604924631052,4124883.89
2013-07-22,1.8187199116091868,1.850960855496804,1.8559210007102838,1.8038394759687477,3737519.96
2013-07-23,1.8575743824481101,1.9088292163207328,1.9228829610922582,1.8575743824481101,3892940.42
2013-07-24,1.9055224528450798,1.894775471549207,1.907175834582906,1.865841291137243,3726980.16
2013-07-25,1.9055224528450798,1.8898153263357276,1.9179228158787787,1.8774149633020283,3240231.18
2013-07-26,1.876588272433115,1.872454818088549,1.888161944597901,1.860881145923763,2351804.79
2013-07-29,1.8559210007102838,1.8360804198563654,1.8559210007102838,1.8311202746428856,3077217.72
2013-07-30,1.8501341646278908,1.8468274011522379,1.8774149633020283,1.828640202036146,2436356.03
2013-07-31,1.8625345276615901,1.850960855496804,1.8898153263357276,1.8451740194144115,2474481.36
2013-08-01,1.8683213637439826,1.8997356167626869,1.9005623076316,1.8592277641859367,3144439.7
2013-08-02,1.9204028884855184,1.896428853287034,1.9253630336989982,1.8922953989424673,2824115.77
2013-08-05,1.9013889985005132,1.9237096519611714,1.9253630336989982,1.8906420172046408,2275330.3
2013-08-06,1.9146160524031255,1.9361100149948707,1.9468569962907432,1.9013889985005132,3002480.93
2013-08-07,1.9344566332570439,1.9228829610922582,1.9551239049798759,1.918749506747692,2567649.61
2013-08-08,1.9237096519611714,1.9237096519611714,1.9427235419461766,1.9137893615342125,3007778.91
2013-08-09,1.9328032515192175,1.9319765606503045,1.9452036145529163,1.9030423802383398,2875774.98
2013-08-12,1.950163759766396,1.9898449214742329,1.9914983032120592,1.937763396732697,5206173.24
2013-08-13,1.9890182306053197,1.9898449214742329,1.9923249940809726,1.9757911767027072,3349543.86
2013-08-14,1.9931516849498858,1.9857114671296667,2.0171257201483708,1.9757911767027072,3988343.59
2013-08-15,1.98405808539184,1.9625641228000954,1.9931516849498858,1.9584306684555288,2973782.25
2013-08-16,1.956777286717702,1.9485103780285697,2.02952608318207,1.9361100149948707,6019936.27
2013-08-19,1.94107016020835,1.9650441954068347,1.9782712493094468,1.9294964880435646,3923917.71
2013-08-20,1.9633908136690086,1.9509904506353093,1.9857114671296667,1.9427235419461766,4416315.8
2013-08-21,1.959257359324442,1.9509904506353093,1.9642175045379215,1.9319765606503045,2680073.73
2013-08-22,1.9468569962907432,1.944376923684003,1.9691776497514013,1.9418968510772634,3156205.89
2013-08-23,1.9551239049798759,1.9319765606503045,1.9617374319311818,1.9022156893694266,4276942.98
2013-08-26,1.9361100149948707,1.9749644858337938,1.9757911767027072,1.9294964880435646,4385999.08
2013-08-27,1.9708310314892277,1.9749644858337938,1.9799246310472738,1.9584306684555288,4062534.63
2013-08-28,1.9609107410622684,1.9658708862757484,1.9815780127851002,1.9452036145529163,3317215.15
2013-08-29,1.9757911767027072,1.9600840501933552,1.9790979401783606,1.9476836871596563,2969749.44
2013-08-30,1.9551239049798759,1.956777286717702,1.9708310314892277,1.9427235419461766,3279187.08
2013-09-02,1.9609107410622684,1.9584306684555288,1.9675242680135747,1.9427235419461766,3840557.74
2013-09-03,1.9633908136690086,1.988191539736406,1.988191539736406,1.9625641228000954,3079873.0
2013-09-04,1.984884776260753,1.987364848867493,1.9898449214742329,1.9815780127851002,3695617.52
2013-09-05,1.98653815799858,1.9790979401783606,1.98653815799858,1.9716577223581409,2763756.82
2013-09-06,1.9749644858337938,1.990671612343146,1.993978375818799,1.9749644858337938,3928209.61
2013-09-09,1.9997652119011922,2.064247099676427,2.0692072448899066,1.9997652119011922,4642993.49
2013-09-10,2.064247099676427,2.0915278983505643,2.095661352695131,2.0601136453318603,3997592.34
2013-09-11,2.103928261384264,2.1006214979086106,2.112195170073396,2.0915278983505643,3801874.44
2013-09-12,2.0981414253018706,2.121288769631442,2.136995896140794,2.090701207481651,4560582.68
2013-09-13,2.1179820061557892,2.10558164312209,2.124595533107095,2.0989681161707843,2681877.56
2013-09-16,2.116328624417963,2.0948346618262175,2.1188086970247024,2.086567753137085,3715187.73
2013-09-17,2.0940079709573043,2.0535001183805544,2.095661352695131,2.051846736642728,3053840.91
2013-09-18,2.0535001183805544,2.0559801909872943,2.059286954462947,2.033659537526636,2512067.63
2013-09-23,2.059286954462947,2.0849143713992584,2.090701207481651,2.059286954462947,3926610.39
2013-09-24,2.0849143713992584,2.0650737905453402,2.0849143713992584,2.041926446215769,3125181.27
2013-09-25,2.063420408807514,2.052673427511641,2.0741673901033857,2.050193354904901,2211582.99
2013-09-26,2.0452332096914216,2.0187791018861976,2.0468865914292484,2.014645647541631,2794751.32
2013-09-27,2.0154723384105444,2.0262193197064167,2.02952608318207,2.0129922658038044,2248896.82
2013-09-30,2.03200615578881,2.039446373609029,2.0559801909872943,2.02704601057533,2088410.82
2013-10-08,2.0187791018861976,2.068380554020993,2.0700339357588198,2.0187791018861976,3137910.93
2013-10-09,2.058460263594034,2.070860626627733,2.070860626627733,2.0535001183805544,2725497.54
2013-10-10,2.0741673901033857,2.052673427511641,2.074994080972299,2.0485399731670753,2755380.51
2013-10-11,2.061767027069687,2.085741062268172,2.090701207481651,2.0601136453318603,3498972.52
2013-10-14,2.089874516612738,2.086567753137085,2.0948346618262175,2.0799542261857793,3536378.74
2013-10-15,2.089874516612738,2.084087680530345,2.0915278983505643,2.068380554020993,2412414.28
2013-10-16,2.0758207718412125,2.0477132822981616,2.078300844447952,2.039446373609029,2719204.07
2013-10-17,2.0576335727251207,2.036966301002289,2.0609403362007734,2.0361396101333757,1984921.39
2013-10-18,2.037792991871202,2.0468865914292484,2.0568068818562075,2.0361396101333757,2550712.42
2013-10-21,2.0510200457738144,2.090701207481651,2.093181280088391,2.044406518822508,3419880.34
2013-10-22,2.089874516612738,2.06755386315208,2.089874516612738,2.0601136453318603,2876840.92
2013-10-23,2.0700339357588198,2.0452332096914216,2.0915278983505643,2.0386196827401157,3043314.68
2013-10-24,2.042753137084682,2.028699392313156,2.0477132822981616,2.0253926288375035,2305747.92
2013-10-25,2.02952608318207,1.9964584484255392,2.036966301002289,1.984884776260753,2488843.11
2013-10-28,2.0030719753768453,1.998938521032279,2.008858811459238,1.988191539736406,2092769.83
2013-10-29,2.002245284507932,2.0014185936390185,2.032832846657723,1.9691776497514013,4750693.17
2013-10-30,2.0038986662457585,2.02952608318207,2.031179464919896,1.9972851392944524,3245840.73
2013-10-31,2.02456593796859,2.0096855023281512,2.02456593796859,2.002245284507932,1753139.47
2013-11-01,2.0113388840659776,2.017952411017284,2.0253926288375035,2.0014185936390185,2826247.44
2013-11-04,2.0262193197064167,2.0121655749348912,2.0344862283955494,2.0072054297214112,2000607.52
2013-11-05,2.0047253571146717,2.0121655749348912,2.0162990292794576,1.9815780127851002,2825303.63
2013-11-06,2.005552047983585,1.9890182306053197,2.0129922658038044,1.9857114671296667,2289483.18
2013-11-07,1.9890182306053197,1.980751321916187,1.990671612343146,1.9700043406203145,2052677.99
2013-11-08,1.9749644858337938,1.9509904506353093,1.980751321916187,1.9468569962907432,2656413.54
2013-11-11,1.9485103780285697,1.953470523242049,1.9609107410622684,1.9369367058637839,2122232.64
2013-11-12,1.9600840501933552,1.9733111040959674,1.9782712493094468,1.9551239049798759,2565124.97
2013-11-13,1.9633908136690086,1.9361100149948707,1.9633908136690086,1.9352833241259575,2478247.25
2013-11-14,1.9361100149948707,1.9418968510772634,1.944376923684003,1.9278431063057375,2382375.77
2013-11-15,1.950163759766396,1.9824047036540136,2.0080321205903244,1.9485103780285697,5462143.05
2013-11-18,1.9981118301633656,2.0477132822981616,2.0485399731670753,1.990671612343146,3787733.28
2013-11-19,2.044406518822508,2.0386196827401157,2.0493666640359884,2.0344862283955494,2654410.13
2013-11-20,2.0535001183805544,2.0477132822981616,2.058460263594034,2.03200615578881,3702883.12
2013-11-21,2.0386196827401157,2.037792991871202,2.042753137084682,2.0154723384105444,3391181.33
2013-11-22,2.040273064477942,2.0262193197064167,2.0460599005603353,2.0212591744929367,3555561.01
2013-11-25,2.0154723384105444,2.0154723384105444,2.043579827953595,2.008858811459238,3914382.06
2013-11-26,2.0162990292794576,2.014645647541631,2.0253926288375035,2.0080321205903244,2609521.69
2013-11-27,2.0138189566727176,2.037792991871202,2.0493666640359884,2.0096855023281512,4380607.57
2013-11-28,2.043579827953595,2.059286954462947,2.080780917054692,2.041926446215769,4348594.34
2013-11-29,2.061767027069687,2.0609403362007734,2.0667271722831666,2.0543268092494675,2455758.52
2013-12-02,2.0535001183805544,2.041926446215769,2.0799542261857793,2.02456593796859,5338789.78
2013-12-03,2.0386196827401157,2.0601136453318603,2.06755386315208,2.0353129192644626,3994628.21
2013-12-04,2.063420408807514,2.086567753137085,2.0989681161707843,2.058460263594034,5593421.11
2013-12-05,2.0873944440059984,2.086567753137085,2.092354589219478,2.079127535316866,3567310.32
2013-12-06,2.082434298792519,2.0725140083655598,2.084087680530345,2.0659004814142534,4617587.31
2013-12-09,2.081607607923605,2.071687317496646,2.0873944440059984,2.0667271722831666,3990465.99
2013-12-10,2.073340699234473,2.070860626627733,2.082434298792519,2.0659004814142534,3323144.01
2013-12-11,2.0609403362007734,2.0386196827401157,2.0609403362007734,2.0262193197064167,4144818.42
2013-12-12,2.037792991871202,2.0344862283955494,2.044406518822508,2.03200615578881,2974763.27
2013-12-13,2.0162990292794576,2.033659537526636,2.042753137084682,2.0113388840659776,3112769.82
2013-12-16,2.0353129192644626,2.0005919027701053,2.0386196827401157,1.9981118301633656,3608669.36
2013-12-17,2.0005919027701053,1.988191539736406,2.002245284507932,1.984884776260753,3966720.02
2013-12-18,1.9898449214742329,1.9898449214742329,1.9981118301633656,1.98653815799858,3015111.31
2013-12-19,1.995631757556626,1.9708310314892277,1.9997652119011922,1.9700043406203145,4290503.62
2013-12-20,1.9724844132270543,1.9286697971746514,1.9733111040959674,1.9237096519611714,4594765.94
2013-12-23,1.9286697971746514,1.9286697971746514,1.9385900876016104,1.907175834582906,2598022.9
2013-12-24,1.9352833241259575,1.931149869781391,1.9542972141109622,1.9121359797963862,2634764.4
2013-12-25,1.9344566332570439,1.94107016020835,1.9485103780285697,1.9261897245679112,3246848.1
2013-12-26,1.9385900876016104,1.9146160524031255,1.9402434693394368,1.9088292163207328,1922186.28
2013-12-27,1.9154427432720391,1.9402434693394368,1.955950595848789,1.9146160524031255,3564712.24
2013-12-30,1.9509904506353093,1.9418968510772634,1.9509904506353093,1.9336299423881307,1999413.02
2013-12-31,1.9303231789124777,1.9642175045379215,1.9666975771446615,1.9261897245679112,3527363.61
2014-01-02,1.9584306684555288,1.9576039775866152,1.9633908136690086,1.9476836871596563,1877797.77
2014-01-03,1.949337068897483,1.9361100149948707,1.9509904506353093,1.9228829610922582,4404445.3
2014-01-06,1.9303231789124777,1.8898153263357276,1.9303231789124777,1.8848551811222478,4834089.48
2014-01-07,1.876588272433115,1.8906420172046408,1.897255544155947,1.872454818088549,1525888.2
2014-01-08,1.8906420172046408,1.8889886354668144,1.9088292163207328,1.8782416541709415,2050543.29
2014-01-09,1.8848551811222478,1.8774149633020283,1.906349143713993,1.8757615815642021,3371288.5
2014-01-10,1.8757615815642021,1.8641879093994165,1.8790683450398553,1.8592277641859367,3701781.63
2014-01-13,1.8641879093994165,1.850960855496804,1.8749348906952885,1.8435206376765845,4884821.18
2014-01-14,1.850960855496804,1.8633612185305033,1.869148054612896,1.8393871833320183,2509259.81
2014-01-15,1.8625345276615901,1.8633612185305033,1.865841291137243,1.847654092021151,3339884.42
2014-01-16,1.86005445505485,1.8641879093994165,1.8774149633020283,1.8550943098413706,2001024.4
2014-01-17,1.8584010733170235,1.8377338015941918,1.8617078367926763,1.8369071107252786,2523919.7
2014-01-20,1.8369071107252786,1.828640202036146,1.8402138742009315,1.8195466024781,2296621.67
2014-01-21,1.7939191855417884,1.8038394759687477,1.8145864572646204,1.7914391129350486,2902637.74
2014-01-22,1.8063195485754877,1.8534409281035438,1.854267618972457,1.8054928577065745,3794402.27
2014-01-23,1.850960855496804,1.8435206376765845,1.8534409281035438,1.8393871833320183,2536862.3
2014-01-24,1.8369071107252786,1.8534409281035438,1.8641879093994165,1.8352537289874522,2700642.48
2014-01-27,1.8402138742009315,1.8294668929050593,1.841867255938758,1.822853365953753,2731127.84
2014-01-28,1.8352537289874522,1.8311202746428856,1.8451740194144115,1.8203732933470131,2401396.16
2014-01-29,1.8360804198563654,1.8369071107252786,1.8402138742009315,1.8311202746428856,1701587.7
2014-01-30,1.8336003472496254,1.811279693788967,1.8369071107252786,1.8104530029200538,2744494.6
2014-02-07,1.7963992581485286,1.822853365953753,1.823680056822666,1.7930924946728752,3417277.67
2014-02-10,1.8311202746428856,1.8757615815642021,1.8774149633020283,1.8311202746428856,6386221.13
2014-02-11,1.872454818088549,1.8848551811222478,1.8931220898113805,1.865841291137243,2883879.39
2014-02-12,1.8856818719911614,1.888161944597901,1.8931220898113805,1.8790683450398553,2525284.72
2014-02-13,1.8840284902533346,1.8832017993844214,1.8997356167626869,1.8807217267776817,2815558.22
2014-02-14,1.8848551811222478,1.8898153263357276,1.8906420172046408,1.8790683450398553,1647132.16
2014-02-17,1.9080025254518191,1.9030423802383398,1.9113092889274723,1.8922953989424673,1971993.82
2014-02-18,1.903869071107253,1.8807217267776817,1.903869071107253,1.8757615815642021,2936986.14
2014-02-19,1.8790683450398553,1.9055224528450798,1.9113092889274723,1.876588272433115,3371678.05
2014-02-20,1.909655907189646,1.8889886354668144,1.9237096519611714,1.8873352537289878,2017748.62
2014-02-21,1.888161944597901,1.8674946728750694,1.8922953989424673,1.8592277641859367,2603374.4
2014-02-24,1.8435206376765845,1.825333438560493,1.8484807828900645,1.8087996211822275,2691035.71
2014-02-25,1.826160129429406,1.7782120590324362,1.8344270381185386,1.7749052955567832,3435203.02
2014-02-26,1.769945150343304,1.7806921316391764,1.7823455133770032,1.763331623391998,4173650.0
2014-02-27,1.7856522768526562,1.77655867729461,1.7939191855417884,1.7749052955567832,3264826.8
2014-02-28,1.7757319864256969,1.7947458764107016,1.8005327124930948,1.7558914055717785,3394211.79
2014-03-03,1.792265803803962,1.801359403362008,1.8104530029200538,1.7848255859837425,2663613.31
2014-03-04,1.7972259490174418,1.7972259490174418,1.801359403362008,1.7839988951148293,1879749.12
2014-03-05,1.8021860942309216,1.7815188225080896,1.804666166837661,1.77903874990135,3938169.72
2014-03-06,1.7798654407702632,1.7906124220661355,1.7963992581485286,1.7600248599163446,4127699.24
2014-03-07,1.7897857311972223,1.7848255859837425,1.8021860942309216,1.7815188225080896,2439539.93
2014-03-10,1.7682917686054773,1.729437297766554,1.7682917686054773,1.726957225159814,2703461.68
2014-03-11,1.728610606897641,1.7368775155867733,1.7509312603582987,1.7228237708152476,2862876.72
2014-03-12,1.7302639886354672,1.7385308973245999,1.7542380238339517,1.726957225159814,2646605.12
2014-03-13,1.7451444242759062,1.7658116959987378,1.769945150343304,1.7410109699313394,2247717.51
2014-03-14,1.7534113329650385,1.7509312603582987,1.761678241654171,1.742664351669166,1126162.74
2014-03-17,1.7649850051298244,1.7641583142609112,1.7682917686054773,1.7484511877515592,1372904.53
2014-03-18,1.7658116959987378,1.7625049325230848,1.7732519138189569,1.7608515507852578,946710.05
2014-03-19,1.7567180964406917,1.7517579512272123,1.7567180964406917,1.7343974429800335,1518427.72
2014-03-20,1.7517579512272123,1.721170389077421,1.763331623391998,1.7203436982085079,2852527.26
2014-03-21,1.7195170073395947,1.7848255859837425,1.7873056585904825,1.713730171257202,4046807.47
2014-03-24,1.7823455133770032,1.7930924946728752,1.8021860942309216,1.7724252229500437,3081317.85
2014-03-25,1.7873056585904825,1.7906124220661355,1.8087996211822275,1.7839988951148293,2641547.49
2014-03-26,1.7963992581485286,1.7906124220661355,1.8005327124930948,1.7848255859837425,1587732.63
2014-03-27,1.7856522768526562,1.7782120590324362,1.8038394759687477,1.7691184594743907,3566803.11
2014-03-28,1.7782120590324362,1.777385368163523,1.7914391129350486,1.7682917686054773,2004820.17
2014-03-31,1.7815188225080896,1.769945150343304,1.7881323494593957,1.7575447873096048,2376535.7
2014-04-01,1.7682917686054773,1.7798654407702632,1.7930924946728752,1.7649850051298244,1706956.84
2014-04-02,1.7823455133770032,1.7939191855417884,1.7988793307552684,1.7806921316391764,1623971.7
2014-04-03,1.8021860942309216,1.7815188225080896,1.8096263120511407,1.7806921316391764,3269472.53
2014-04-04,1.77903874990135,1.8030127850998345,1.8030127850998345,1.7757319864256969,1885587.82
2014-04-08,1.798052639886355,1.8460007102833247,1.8517875463657176,1.7955725672796155,3717930.83
2014-04-09,1.8493074737589776,1.8426939468076713,1.8526142372346306,1.8377338015941918,2688656.65
2014-04-10,1.8460007102833247,1.872454818088549,1.8906420172046408,1.8352537289874522,4754513.04
2014-04-11,1.8749348906952885,1.8716281272196356,1.8807217267776817,1.8625345276615901,3067077.36
2014-04-14,1.8716281272196356,1.8708014363507224,1.876588272433115,1.860881145923763,2134907.85
2014-04-15,1.8625345276615901,1.8377338015941918,1.8625345276615901,1.8336003472496254,2262150.73
2014-04-16,1.8377338015941918,1.8377338015941918,1.8526142372346306,1.8294668929050593,3070273.37
2014-04-17,1.8426939468076713,1.8344270381185386,1.847654092021151,1.8302935837739724,1966073.71
2014-04-18,1.826160129429406,1.8311202746428856,1.8385604924631052,1.811279693788967,3439955.51
2014-04-21,1.8187199116091868,1.798052639886355,1.8393871833320183,1.7972259490174418,3798473.13
2014-04-22,1.798052639886355,1.8104530029200538,1.8121063846578809,1.7839988951148293,4551193.65
2014-04-23,1.8030127850998345,1.8054928577065745,1.8137597663957072,1.7997060216241816,3426667.73
2014-04-24,1.8054928577065745,1.8087996211822275,1.8211999842159263,1.8030127850998345,3374683.75
2014-04-25,1.812933075526794,1.7864789677215693,1.8145864572646204,1.7856522768526562,4353856.38
2014-04-28,1.7856522768526562,1.761678241654171,1.7914391129350486,1.7600248599163446,5070553.9
2014-04-29,1.761678241654171,1.777385368163523,1.7815188225080896,1.7591981690474314,4387669.01
2014-04-30,1.7757319864256969,1.77655867729461,1.7806921316391764,1.7715985320811303,2976963.97
2014-05-05,1.770771841212217,1.777385368163523,1.7848255859837425,1.7534113329650385,4780497.18
2014-05-06,1.7757319864256969,1.7749052955567832,1.7930924946728752,1.7691184594743907,4025842.7
2014-05-07,1.770771841212217,1.763331623391998,1.7749052955567832,1.761678241654171,2808434.81
2014-05-08,1.7608515507852578,1.7600248599163446,1.7914391129350486,1.7575447873096048,3038288.39
2014-05-09,1.7658116959987378,1.7591981690474314,1.7682917686054773,1.7501045694893855,3148898.46
2014-05-12,1.770771841212217,1.7947458764107016,1.8005327124930948,1.7641583142609112,3896263.28
2014-05-13,1.7947458764107016,1.7897857311972223,1.7988793307552684,1.7848255859837425,2396768.03
2014-05-14,1.7906124220661355,1.7897857311972223,1.8005327124930948,1.7881323494593957,2676012.88
2014-05-15,1.788959040328309,1.769945150343304,1.7906124220661355,1.769945150343304,3704599.93
2014-05-16,1.7691184594743907,1.7691184594743907,1.77655867729461,1.761678241654171,5072993.34
2014-05-19,1.7658116959987378,1.7451444242759062,1.7658116959987378,1.7368775155867733,5314496.06
2014-05-20,1.7525846420961255,1.7434910425380792,1.7591981690474314,1.7401842790624262,2911718.79
2014-05-21,1.739357588193513,1.7600248599163446,1.7641583142609112,1.729437297766554,5292158.1
2014-05-22,1.7608515507852578,1.7550647147028653,1.7856522768526562,1.7542380238339517,4562228.21
2014-05-23,1.758371478178518,1.7749052955567832,1.77655867729461,1.7567180964406917,3598523.23
2014-05-26,1.7848255859837425,1.7806921316391764,1.7939191855417884,1.770771841212217,4659010.32
2014-05-27,1.77903874990135,1.7749052955567832,1.7856522768526562,1.7724252229500437,3877246.04
2014-05-28,1.7757319864256969,1.7930924946728752,1.7939191855417884,1.766638386867651,4454642.69
2014-05-29,1.7955725672796155,1.7823455133770032,1.7997060216241816,1.7823455133770032,3954068.59
2014-05-30,1.7823455133770032,1.7806921316391764,1.7914391129350486,1.77407860468787,4536523.91
2014-06-03,1.7831722042459164,1.7749052955567832,1.7906124220661355,1.7749052955567832,3880030.53
2014-06-04,1.7749052955567832,1.7591981690474314,1.7749052955567832,1.7509312603582987,4080484.26
2014-06-05,1.7591981690474314,1.7798654407702632,1.7806921316391764,1.7575447873096048,4302066.82
2014-06-06,1.7782120590324362,1.7649850051298244,1.77903874990135,1.7534113329650385,4490880.04
2014-06-09,1.7600248599163446,1.763331623391998,1.7831722042459164,1.7567180964406917,4674114.95
2014-06-10,1.770771841212217,1.7873056585904825,1.7881323494593957,1.7641583142609112,6639836.57
2014-06-11,1.7839988951148293,1.7839988951148293,1.7873056585904825,1.777385368163523,3218439.89
2014-06-12,1.7798654407702632,1.7823455133770032,1.7881323494593957,1.7782120590324362,2515414.35
2014-06-13,1.7815188225080896,1.8021860942309216,1.8087996211822275,1.7798654407702632,6213266.46
2014-06-16,1.8030127850998345,1.8137597663957072,1.8211999842159263,1.8021860942309216,6881177.2
2014-06-17,1.8096263120511407,1.7988793307552684,1.8096263120511407,1.7988793307552684,6756314.58
2014-06-18,1.7988793307552684,1.7906124220661355,1.8030127850998345,1.7897857311972223,7097536.94
2014-06-19,1.7914391129350486,1.7649850051298244,1.7955725672796155,1.758371478178518,6884162.4
2014-06-20,1.7658116959987378,1.7715985320811303,1.7749052955567832,1.7625049325230848,6533089.28
2014-06-23,1.7732519138189569,1.7691184594743907,1.7831722042459164,1.7682917686054773,5523417.47
2014-06-24,1.7691184594743907,1.7839988951148293,1.7848255859837425,1.7691184594743907,4436853.45
2014-06-25,1.7823455133770032,1.7782120590324362,1.7823455133770032,1.7691184594743907,3202631.7
2014-06-26,1.77903874990135,1.7864789677215693,1.7914391129350486,1.77903874990135,4077076.55
2014-06-27,1.7831722042459164,1.7897857311972223,1.801359403362008,1.7798654407702632,4702265.08
2014-06-30,1.7947458764107016,1.801359403362008,1.807972930313314,1.7947458764107016,5286535.5
2014-07-01,1.8087996211822275,1.8021860942309216,1.8104530029200538,1.7955725672796155,2669586.17
2014-07-02,1.8030127850998345,1.8104530029200538,1.8104530029200538,1.7955725672796155,3432223.27
2014-07-03,1.8104530029200538,1.8170665298713602,1.823680056822666,1.8063195485754877,3632747.27
2014-07-04,1.8170665298713602,1.8170665298713602,1.8203732933470131,1.811279693788967,3259942.86
2014-07-07,1.8154131481335338,1.8154131481335338,1.822853365953753,1.8104530029200538,3058048.48
2014-07-08,1.811279693788967,1.8178932207402734,1.8178932207402734,1.8054928577065745,3291169.2
2014-07-09,1.8170665298713602,1.7947458764107016,1.8187199116091868,1.7930924946728752,3637034.32
2014-07-10,1.7955725672796155,1.7930924946728752,1.798052639886355,1.788959040328309,3337756.99
2014-07-11,1.7930924946728752,1.798052639886355,1.8063195485754877,1.7914391129350486,3890224.06
2014-07-14,1.8021860942309216,1.822853365953753,1.823680056822666,1.798052639886355,5707724.08
2014-07-15,1.8195466024781,1.8203732933470131,1.822853365953753,1.8154131481335338,3536152.98
2014-07-16,1.8211999842159263,1.8195466024781,1.8294668929050593,1.8187199116091868,4748280.09
2014-07-17,1.8195466024781,1.8121063846578809,1.8203732933470131,1.804666166837661,3624173.63
2014-07-18,1.8096263120511407,1.8211999842159263,1.8294668929050593,1.807972930313314,3685581.3
2014-07-21,1.8211999842159263,1.8203732933470131,1.8245067476915793,1.8145864572646204,3228193.24
2014-07-22,1.8187199116091868,1.841867255938758,1.8501341646278908,1.8154131481335338,6256008.03
2014-07-23,1.8426939468076713,1.8451740194144115,1.8584010733170235,1.8402138742009315,5186599.16
2014-07-24,1.8493074737589776,1.8848551811222478,1.8856818719911614,1.8493074737589776,5738975.37
2014-07-25,1.8889886354668144,1.906349143713993,1.9080025254518191,1.8848551811222478,4877040.51
2014-07-28,1.909655907189646,1.9576039775866152,1.968350958882488,1.909655907189646,8375148.34
2014-07-29,1.9584306684555288,1.9625641228000954,1.9741377949648806,1.950163759766396,4265830.82
2014-07-30,1.9542972141109622,1.955950595848789,1.9708310314892277,1.953470523242049,6079403.03
2014-07-31,1.955950595848789,1.9824047036540136,1.9832313945229267,1.9518171415042227,4861899.77
2014-08-01,1.9774445584405336,1.9584306684555288,2.0005919027701053,1.9576039775866152,7790077.79
2014-08-04,1.9675242680135747,2.0005919027701053,2.002245284507932,1.9658708862757484,6360271.89
2014-08-05,2.0014185936390185,1.9948050666877122,2.0030719753768453,1.9815780127851002,6128304.59
2014-08-06,1.980751321916187,1.9824047036540136,1.9931516849498858,1.9633908136690086,6313654.98
2014-08-07,1.988191539736406,1.9609107410622684,1.990671612343146,1.9584306684555288,5575378.72
2014-08-08,1.9617374319311818,1.9617374319311818,1.9716577223581409,1.9551239049798759,4976759.42
2014-08-11,1.9708310314892277,1.9890182306053197,1.993978375818799,1.9658708862757484,4944974.32
2014-08-12,1.98405808539184,1.980751321916187,1.98405808539184,1.9716577223581409,5253015.61
2014-08-13,1.9857114671296667,1.98653815799858,1.993978375818799,1.9658708862757484,5660159.69
2014-08-14,1.984884776260753,1.9625641228000954,1.9890182306053197,1.9625641228000954,5364936.62
2014-08-15,1.9658708862757484,1.987364848867493,1.9964584484255392,1.9642175045379215,5759061.99
2014-08-18,1.9890182306053197,1.993978375818799,2.002245284507932,1.984884776260753,6385631.51
2014-08-19,1.9972851392944524,1.995631757556626,1.998938521032279,1.9815780127851002,4951745.01
2014-08-20,1.9948050666877122,1.988191539736406,1.9981118301633656,1.9857114671296667,5345229.27
2014-08-21,1.988191539736406,1.980751321916187,1.990671612343146,1.968350958882488,5065403.81
2014-08-22,1.9799246310472738,1.990671612343146,1.993978375818799,1.9782712493094468,4913119.95
2014-08-25,1.9931516849498858,1.9733111040959674,1.993978375818799,1.9691776497514013,4375767.93
2014-08-26,1.9675242680135747,1.9609107410622684,1.9782712493094468,1.9526438323731359,4553470.32
2014-08-27,1.959257359324442,1.9600840501933552,1.9666975771446615,1.9576039775866152,4512459.1
2014-08-28,1.9609107410622684,1.9509904506353093,1.9642175045379215,1.9485103780285697,5478509.89
2014-08-29,1.9509904506353093,1.9700043406203145,1.9716577223581409,1.9509904506353093,4426938.21
2014-09-01,1.9700043406203145,1.9790979401783606,1.980751321916187,1.9675242680135747,5255470.31
2014-09-02,1.980751321916187,2.008858811459238,2.0138189566727176,1.9757911767027072,7328855.97
2014-09-03,2.014645647541631,2.027872701444243,2.0344862283955494,2.0138189566727176,5170650.8
2014-09-04,2.030352774050983,2.0468865914292484,2.0477132822981616,2.0253926288375035,4312598.02
2014-09-05,2.0535001183805544,2.0667271722831666,2.0700339357588198,2.0477132822981616,6407412.2
2014-09-09,2.06755386315208,2.061767027069687,2.068380554020993,2.0543268092494675,3962325.81
2014-09-10,2.0477132822981616,2.0485399731670753,2.0510200457738144,2.0386196827401157,5310511.4
2014-09-11,2.0485399731670753,2.036966301002289,2.078300844447952,2.031179464919896,7222657.74
2014-09-12,2.036966301002289,2.0535001183805544,2.0535001183805544,2.02952608318207,5116385.97
2014-09-15,2.041926446215769,2.0477132822981616,2.051846736642728,2.0344862283955494,6564734.17
2014-09-16,2.055153500118381,2.0121655749348912,2.058460263594034,2.0096855023281512,6259853.37
2014-09-17,2.0212591744929367,2.0187791018861976,2.02456593796859,2.0072054297214112,5165643.7
2014-09-18,2.0171257201483708,2.02704601057533,2.031179464919896,2.0105121931970644,8462794.17
2014-09-19,2.02704601057533,2.043579827953595,2.050193354904901,2.02456593796859,7218656.77
2014-09-22,2.036966301002289,2.0005919027701053,2.036966301002289,1.9972851392944524,6310351.53
2014-09-23,2.0030719753768453,2.0212591744929367,2.02456593796859,2.0030719753768453,6642956.14
2014-09-24,2.0129922658038044,2.0601136453318603,2.064247099676427,2.0072054297214112,10530459.26
2014-09-25,2.0667271722831666,2.0493666640359884,2.078300844447952,2.043579827953595,11766577.35
2014-09-26,2.0493666640359884,2.050193354904901,2.055153500118381,2.0353129192644626,7014042.12
2014-09-29,2.0493666640359884,2.059286954462947,2.0609403362007734,2.0460599005603353,7302410.15
2014-09-30,2.058460263594034,2.059286954462947,2.0659004814142534,2.051846736642728,5853168.7
2014-10-08,2.0650737905453402,2.081607607923605,2.083260989661432,2.0535001183805544,8155297.5
2014-10-09,2.0849143713992584,2.082434298792519,2.090701207481651,2.070860626627733,6124161.31
2014-10-10,2.071687317496646,2.0725140083655598,2.084087680530345,2.064247099676427,6974427.63
2014-10-13,2.063420408807514,2.0609403362007734,2.0659004814142534,2.039446373609029,6893526.13
2014-10-14,2.059286954462947,2.0535001183805544,2.070860626627733,2.0485399731670753,7137540.75
2014-10-15,2.052673427511641,2.0667271722831666,2.070860626627733,2.042753137084682,5035690.92
2014-10-16,2.0576335727251207,2.059286954462947,2.082434298792519,2.0510200457738144,5907807.79
2014-10-17,2.059286954462947,2.050193354904901,2.064247099676427,2.030352774050983,7260138.42
2014-10-20,2.0543268092494675,2.059286954462947,2.0601136453318603,2.0493666640359884,5267683.68
2014-10-21,2.059286954462947,2.0460599005603353,2.0650737905453402,2.044406518822508,5479022.43
2014-10-22,2.0460599005603353,2.0344862283955494,2.055153500118381,2.033659537526636,6098876.96
2014-10-23,2.033659537526636,2.0129922658038044,2.037792991871202,2.0121655749348912,7750311.62
2014-10-24,2.0138189566727176,2.0113388840659776,2.0204324836240235,2.008858811459238,5816379.63
2014-10-27,2.0030719753768453,1.9923249940809726,2.0030719753768453,1.98405808539184,6444636.05
2014-10-28,1.9964584484255392,2.03200615578881,2.032832846657723,1.9948050666877122,7081639.31
2014-10-29,2.0361396101333757,2.0576335727251207,2.0700339357588198,2.02952608318207,9098717.5
2014-10-30,2.0576335727251207,2.0700339357588198,2.074994080972299,2.0535001183805544,8426431.28
2014-10-31,2.0758207718412125,2.111368479204483,2.113848551811223,2.0741673901033857,7323906.73
2014-11-03,2.112195170073396,2.1072350248599165,2.117155315286876,2.101448188777524,6135850.78
2014-11-04,2.1022748796464374,2.10558164312209,2.1097150974666565,2.0981414253018706,5776701.18
2014-11-05,2.111368479204483,2.1031015705153506,2.116328624417963,2.0973147344329575,5502652.29
2014-11-06,2.10558164312209,2.103928261384264,2.1097150974666565,2.084087680530345,7252257.44
2014-11-07,2.1047549522531765,2.0997948070396975,2.1345158235340547,2.0890478257438247,8261054.32
2014-11-10,2.1088884065977433,2.158489858732539,2.1593165496014524,2.1080617157288297,6772235.36
2014-11-11,2.1617966222081924,2.1444361139610133,2.1808105121931973,2.1279022965827483,8693650.62
2014-11-12,2.141956041354274,2.175850366979718,2.176677057848631,2.135342514402968,5575938.15
2014-11-13,2.175023676110804,2.163450003946019,2.182463893931024,2.1560097861257996,11701384.49
2014-11-14,2.157663167863626,2.1659300765527587,2.1659300765527587,2.1469161865677537,5247875.59
2014-11-17,2.1907308026201564,2.156836476994713,2.1965176387025496,2.156836476994713,6877927.99
2014-11-18,2.1560097861257996,2.1336891326651415,2.1560097861257996,2.1287289874516615,5918560.74
2014-11-19,2.1328624417962283,2.127075605713835,2.1378225870097074,2.1221154605003556,6915317.49
2014-11-20,2.121288769631442,2.1303823691894883,2.1345158235340547,2.112195170073396,5993677.96
2014-11-21,2.1303823691894883,2.1708902217662382,2.173370294372978,2.122942151369269,10309707.88
2014-11-24,2.1907308026201564,2.2328920369347336,2.2485991634440854,2.1874240391445037,13277666.67
2014-11-25,2.2295852734590804,2.256039381264305,2.260172835608871,2.225451819114514,12741722.15
2014-11-26,2.2593461447399577,2.2808401073317026,2.281666798200616,2.2593461447399577,11842240.28
2014-11-27,2.287453634283009,2.3015073790545344,2.3031607607923608,2.2783600347249626,14180399.63
2014-11-28,2.294067161234315,2.35606897640281,2.372602793781075,2.2924137794964885,13651346.07
2014-12-01,2.3635091942230297,2.3585490490095498,2.3800430116012947,2.351935522058244,8192861.44
2014-12-02,2.35606897640281,2.451965117196749,2.4800726067398,2.3461486859758507,14079458.94
2014-12-03,2.458578644148055,2.4784192250019736,2.5346342040880754,2.43956475416305,18562139.85
2014-12-04,2.5040466419382845,2.628876963144188,2.631357035750928,2.4866861336911064,17863904.01
2014-12-05,2.6371438718333207,2.6131698366348357,2.6784784152789842,2.5288473680056827,19759233.01
2014-12-08,2.5916758740430907,2.7388268487096528,2.747093757398785,2.5701819114513462,16625137.64
2014-12-09,2.6958389235261624,2.5875424196985244,2.839683134717071,2.4800726067398,16196280.64
2014-12-10,2.6421040170468,2.6809584878857238,2.706585904822035,2.5569548575487335,23570021.05
2014-12-11,2.6454107805224534,2.6520243074737597,2.709065977428775,2.6247435087996216,19211225.5
2014-12-12,2.666078052245285,2.660291216162892,2.709065977428775,2.641277326177887,13442354.13
2014-12-15,2.660291216162892,2.690878778312683,2.7016257596085556,2.626396890537448,11291791.78
2014-12-16,2.6892253965748565,2.7537072843500914,2.759494120432484,2.6784784152789842,16418864.82
2014-12-17,2.7644542656459636,2.8008286638781477,2.8066154999605404,2.7355200852339996,20043030.83
2014-12-18,2.802482045615974,2.797521900402494,2.838856443848158,2.780988083024229,22410690.05
2014-12-19,2.8000019730092345,2.838856443848158,2.846296661668377,2.737173466971826,21429541.35
2014-12-22,2.838856443848158,2.8190158629942395,2.8785376055559944,2.809922263436193,18691135.98
2014-12-23,2.7983485912714077,2.761974193039224,2.855390261226423,2.7537072843500914,19073574.39
2014-12-24,2.761974193039224,2.6850919422302906,2.7842948464998822,2.6470641622602797,20900443.54
2014-12-25,2.7016257596085556,2.782641464762056,2.7859482282377086,2.697492305263989,17610132.2
2014-12-26,2.7842948464998822,2.8909379685896934,2.8975514955409993,2.777681319548576,17964517.72
2014-12-29,2.951286402020362,2.876884223818168,2.9719536737431937,2.833069607765765,24745093.69
2014-12-30,2.8793642964249075,2.876884223818168,2.9157386946570916,2.8520834977507703,13477504.07
2014-12-31,2.8834977507694743,2.954593165496015,2.9636867650540606,2.8801909872938207,14748614.37
2015-01-05,2.979393891563413,3.0488359245521277,3.087690395391051,2.966993528529714,30758984.38
2015-01-06,3.0298220345671223,3.0281686528292955,3.065369741930393,2.986007418514719,16023424.11
2015-01-07,3.013288217188857,3.0273419619603823,3.050489306289954,2.9967543998105914,17043221.77
2015-01-08,3.0356088706495155,2.961206692447321,3.0438757793386477,2.951286402020362,12361365.69
2015-01-09,2.9529397837581888,2.939712729855576,3.079423486701918,2.92813905769079,20780562.81
2015-01-12,2.9405394207244893,2.93061913029753,2.9595533107094947,2.882671059900561,13826504.88
2015-01-13,2.92813905769079,2.9248322942151375,2.9562465472338415,2.9033383316233925,9697400.91
2015-01-14,2.93061913029753,2.918218767263831,2.953766474627102,2.8851511325073007,9631631.12
2015-01-15,2.918218767263831,3.000887854155158,3.005847999368638,2.896724804672086,13119280.4
2015-01-16,3.01163483545103,3.0273419619603823,3.0463558519453877,3.003367926761898,13133958.24
2015-01-19,2.867790624260122,2.724773103938127,2.8925913503275202,2.724773103938127,12765272.73
2015-01-20,2.7363467761029128,2.7958685186646677,2.8223226264698926,2.7297332491516064,17005137.29
2015-01-21,2.805788809091627,2.9240056033462243,2.939712729855576,2.803308736484887,13881855.91
2015-01-22,2.928965748559704,2.928965748559704,2.9496330202825356,2.8942447320653466,9941913.46
2015-01-23,2.9496330202825356,2.9430194933312293,2.9868341093836324,2.918218767263831,9745623.36
2015-01-26,2.9595533107094947,2.97112698287428,2.97608712808776,2.92813905769079,8802064.59
2015-01-27,2.9777405098255865,2.9413661115934024,2.9818739641701533,2.881844369031648,12312449.85
2015-01-28,2.9190454581327447,2.8942447320653466,2.951286402020362,2.8843244416383875,9584008.96
2015-01-29,2.856216952095336,2.8636571699155557,2.8834977507694743,2.8372030621103312,9530566.47
2015-01-30,2.8801909872938207,2.828109462552285,2.895898113803173,2.8157090995185863,11179817.43
2015-02-02,2.777681319548576,2.7644542656459636,2.809922263436193,2.7553606660879177,8583404.07
2015-02-03,2.796695209533581,2.8297628442901117,2.839683134717071,2.771894483466183,8725036.58
2015-02-04,2.842989898192724,2.797521900402494,2.8686173151290357,2.7942151369268413,10930569.02
2015-02-05,2.8727507694736016,2.7644542656459636,2.876884223818168,2.7611475021703105,14647722.22
2015-02-06,2.7644542656459636,2.7231197222003005,2.778508010417489,2.7024524504774687,13323765.92
2015-02-09,2.7231197222003005,2.7545339752190046,2.7859482282377086,2.7198129587246473,12518566.42
2015-02-10,2.7578407386946573,2.809922263436193,2.8115756451740195,2.7553606660879177,13935345.89
2015-02-11,2.8132290269118463,2.828109462552285,2.839683134717071,2.812402336042933,11911260.06
2015-02-12,2.828109462552285,2.839683134717071,2.848776734275117,2.8049621182227136,7785122.21
2015-02-13,2.846296661668377,2.8578703338331626,2.895898113803173,2.846296661668377,10813775.91
2015-02-16,2.8570436429642494,2.881844369031648,2.889284586851867,2.8529101886196835,8421547.7
2015-02-17,2.8942447320653466,2.907471785967959,2.917392076394918,2.8934180411964334,8973060.46
2015-02-25,2.904991713361219,2.8628304790466426,2.904991713361219,2.8471233525372903,13779805.69
2015-02-26,2.8603504064399026,2.947979638544709,2.950459711151449,2.8479500434062035,12517040.71
2015-02-27,2.9463262568068824,2.942192802462316,2.9636867650540606,2.92813905769079,10331788.29
2015-03-02,2.9620333833162347,2.965340146791888,2.9744337463499333,2.93557927551101,11512422.68
2015-03-03,2.9454995659379692,2.8843244416383875,2.9454995659379692,2.881017678162734,11965033.11
2015-03-04,2.8942447320653466,2.908298476836872,2.919872149001658,2.8752308420803416,8696866.25
2015-03-05,2.8909379685896934,2.8834977507694743,2.898378186409913,2.8529101886196835,10619007.58
2015-03-06,2.881017678162734,2.8653105516533826,2.8942447320653466,2.8578703338331626,9184233.84
2015-03-09,2.8372030621103312,2.9215255307394843,2.929792439428617,2.8115756451740195,14989497.5
2015-03-10,2.9107785494436116,2.900858259016653,2.9240056033462243,2.8901112777207802,10614478.15
2015-03-11,2.9016849498855657,2.904991713361219,2.9471529476757956,2.889284586851867,14136149.37
2015-03-12,2.9248322942151375,2.957899928971668,2.97360705548102,2.9149120037881784,14385133.06
2015-03-13,2.9645134559229738,2.9744337463499333,2.9967543998105914,2.953766474627102,9200028.91
2015-03-16,2.9926209454660255,3.048009233683214,3.0537960697656072,2.9769138189566733,12419541.87
2015-03-17,3.0711565780127854,3.0868637045221377,3.0934772314734436,3.059582905848,13772577.26
2015-03-18,3.0934772314734436,3.168706100544551,3.173666245758031,3.0934772314734436,13322043.06
2015-03-19,3.1546523557730253,3.152172283166286,3.167879409675638,3.1356384657880207,13747984.49
2015-03-20,3.1612658827243316,3.1968135900876025,3.2207876252860865,3.149692210559546,12711220.32
2015-03-23,3.229881224844133,3.261295477862837,3.2902296582748014,3.225747770499567,9506119.87
2015-03-24,3.2662556230763164,3.257988714387184,3.275349222634363,3.197640280956515,16266947.01
2015-03-25,3.245588351353485,3.2381481335332656,3.2662556230763164,3.208387262252388,12189714.0
2015-03-26,3.2240943887617397,3.240628206140005,3.2786559861100155,3.1910267540052093,12752408.88
2015-03-27,3.2464150422223983,3.2654289322074037,3.2836161313234955,3.232361297450873,8845228.19
2015-03-30,3.292709730881541,3.369591981690475,3.3811656538552604,3.286096203930235,12802761.2
2015-03-31,3.4175400520874444,3.3323908925893777,3.430767105990057,3.286096203930235,27410138.27
2015-04-01,3.3356976560650313,3.3869524899376535,3.410099834267225,3.329910819982638,14824100.71
2015-04-02,3.411753216005051,3.381992344724174,3.4216735064320107,3.3356976560650313,20198227.26
2015-04-03,3.375378817772868,3.43655394207245,3.4406873964170157,3.3671119090837354,10549230.88
2015-04-07,3.4580479046641948,3.4969023755031183,3.4969023755031183,3.435727251203536,12398463.51
2015-04-08,3.505169284192251,3.5250098650461696,3.535756846342042,3.459701286402021,9368158.24
2015-04-09,3.539890300686608,3.499382448109858,3.55311735458922,3.466314813353327,11668331.08
2015-04-10,3.499382448109858,3.581224844132271,3.587011680214664,3.4828486307315925,10284434.37
2015-04-13,3.601892115855103,3.6407465866940263,3.656453713203378,3.5886650619524905,8257742.14
2015-04-14,3.6333063688738068,3.6423999684318527,3.6853878936153426,3.6126390971509754,9848463.84
2015-04-15,3.6423999684318527,3.611812406282062,3.6787743666640367,3.6076789519374954,11917793.69
2015-04-16,3.611812406282062,3.730029200536659,3.734162654881226,3.5737846263120523,10711659.13
2015-04-17,3.744909636177098,3.794511088311894,3.8284054139373382,3.7440829453081848,12126834.29
2015-04-20,3.794511088311894,3.7118420014205675,3.843285849577777,3.695308184042302,12638763.75
2015-04-21,3.714322074027307,3.7903776339673274,3.792857706574068,3.708535237944914,13299154.39
2015-04-22,3.8027779970010265,3.8937139925814863,3.8995008286638786,3.8027779970010265,12169515.8
2015-04-23,3.916034646042144,3.8895805382369195,3.9259549364691035,3.8573395943493027,9725637.04
2015-04-24,3.8606463578249555,3.875526793465394,3.885447083892353,3.7961644700497206,8708712.88
2015-04-27,3.916034646042144,3.9557158077499808,3.963982716439114,3.8871004656301795,11266967.11
2015-04-28,3.942488753847369,3.9044609738773586,3.9714229342593335,3.868086575645175,12519068.36
2015-04-29,3.9044609738773586,3.9259549364691035,3.9474488990608485,3.8697399573830014,8027906.16
2015-04-30,3.9350485360271494,3.9176880277799704,3.9656360981769403,3.916034646042144,7658200.11
2015-05-04,3.9176880277799704,3.9391819903717153,3.9433154447162817,3.875526793465394,7988415.55
2015-05-05,3.9350485360271494,3.789550943098414,3.9350485360271494,3.7639235261621034,9813952.04
2015-05-06,3.794511088311894,3.749869781390577,3.8672598847762614,3.71762883750296,18782493.17
2015-05-07,3.729202509667746,3.684561202746429,3.743256254439271,3.6721608397127308,25005675.25
2015-05-08,3.7118420014205675,3.7416028727014448,3.744909636177098,3.653973640596638,13094727.94
2015-05-11,3.7614434535553634,3.864779812169522,3.8689132665140877,3.7267224370610066,27020156.29
2015-05-12,3.863953121300609,3.909421119090838,3.9110745008286645,3.837499013495384,7819125.9
2015-05-13,3.9143812643043177,3.873046720858654,3.9143812643043177,3.849072685660169,6823684.5
2015-05-14,3.8738734117275677,3.863953121300609,3.891233919974746,3.846592613053429,6155977.8
2015-05-15,3.858992976087129,3.792857706574068,3.8606463578249555,3.775497198326889,8241200.11
2015-05-18,3.7804573435403688,3.764750217031017,3.8002979243942874,3.747389708783838,7372686.14
2015-05-19,3.764750217031017,3.8945406834504,3.9077677373530117,3.758963380948624,15114416.61
2015-05-20,3.916034646042144,3.912727882566491,3.995396969457818,3.882967011285613,20741770.5
2015-05-21,3.92264817299345,3.9929168968510784,3.995396969457818,3.911901191697578,11635718.13
2015-05-22,4.021851077263042,4.078892747218058,4.082199510693711,4.00862402336043,12159245.65
2015-05-25,4.073932602004578,4.207856522768528,4.209509904506353,4.068972456791099,11365784.7
2015-05-26,4.216123431457659,4.2698583379370225,4.282258700970721,4.165695288453951,11309206.08
2015-05-27,4.286392155315287,4.2698583379370225,4.307059427038119,4.213643358850921,15048546.94
2015-05-28,4.2648981927235425,3.9805165338173794,4.282258700970721,3.930915081682583,15097912.81
2015-05-29,3.9929168968510784,3.9829966064241185,4.047478494199353,3.8358456317575573,20550189.87
2015-06-01,3.9829966064241185,4.191322705390262,4.199589614079395,3.9689428616525935,17542104.21
2015-06-02,4.191322705390262,4.262418120116803,4.267378265330283,4.13510772630416,15123215.1
2015-06-03,4.262418120116803,4.2268704127535335,4.270685028805936,4.154121616289165,14301795.93
2015-06-04,4.22852379449136,4.2748184831505025,4.282258700970721,3.8928873017125727,21827335.3
2015-06-05,4.298792518348987,4.281432010101808,4.34012706179465,4.17561557888091,14405085.15
2015-06-08,4.294659064004421,4.386421750453793,4.422796148685976,4.242577539262884,25233080.05
2015-06-09,4.393861968274013,4.350874043090522,4.400475495225319,4.295485754873334,17623198.71
2015-06-10,4.326900007892038,4.346740588745956,4.420316076079237,4.295485754873334,7031789.92
2015-06-11,4.346740588745956,4.34756727961487,4.381461605240313,4.3037526635624666,7340937.14
2015-06-12,4.3657544787309615,4.379808223502486,4.4046089495698855,4.3277266987609515,8205332.46
2015-06-15,4.392208586536185,4.2748184831505025,4.407089022176625,4.26407150185463,8778392.73
2015-06-16,4.25663128403441,4.162388524978298,4.270685028805936,4.116920527188068,9127585.69
2015-06-17,4.1640419067161245,4.224390340146792,4.247537684476364,4.07971943808697,10940242.17
2015-06-18,4.198762923210482,4.058225475495226,4.207856522768528,4.045825112461527,8722978.35
2015-06-19,4.004490569015864,3.8052580696077665,4.041691658116961,3.795337779180808,10840079.13
2015-06-23,3.8160050509036383,3.940008681240629,3.954889116881067,3.6754676031883835,17606865.59
2015-06-24,3.9598492620945476,4.026811222476523,4.031771367690001,3.8689132665140877,13416412.68
2015-06-25,4.044171730723701,3.8821403204167,4.063185620708706,3.8540328308736487,6760862.2
2015-06-26,3.794511088311894,3.5927985162970573,3.8507260673979964,3.496075684634205,9893036.14
2015-06-29,3.6729875305816435,3.457221213795282,3.6746409123194703,3.273695840896536,17347939.83
2015-06-30,3.463834740746588,3.7068818562070875,3.707708547076001,3.303456712177413,27653175.87
2015-07-01,3.6490134953831586,3.46962157682898,3.7465630179149243,3.4481276142372352,13863663.59
2015-07-02,3.5382369189487815,3.3960460894956994,3.5729579354431387,3.273695840896536,22616373.16
2015-07-03,3.3960460894956994,3.239801515271092,3.459701286402021,3.1290249388367144,35819537.89
2015-07-06,3.561384263278353,3.327430747375899,3.561384263278353,3.1662260279378116,49183037.0
2015-07-07,3.240628206140005,3.1811064635782498,3.291883040012628,3.115797884934102,33833890.46
2015-07-08,2.9347525846420965,2.8628304790466426,3.058756214979087,2.8628304790466426,16586074.47
2015-07-09,2.8272827716833717,3.148865519690633,3.148865519690633,2.8190158629942395,13925565.3
2015-07-10,3.2488951148291383,3.4630080498776743,3.463834740746588,3.192680135743036,12497600.84
2015-07-13,3.430767105990057,3.500209138978771,3.5679977902296587,3.3894325625443926,10322504.28
2015-07-14,3.4431674690237557,3.43407386946571,3.5522906637203064,3.3828190355930867,9097319.09
2015-07-15,3.3828190355930867,3.261295477862837,3.4216735064320107,3.2240943887617397,6006835.45
2015-07-16,3.2488951148291383,3.336524346933944,3.391912635151133,3.2158274800726074,6337549.13
2015-07-17,3.364631836476996,3.47210164943572,3.4969023755031183,3.325777365638072,7336477.05
2015-07-20,3.4580479046641948,3.4621813590087607,3.516742956357036,3.4175400520874444,6895961.19
2015-07-21,3.4175400520874444,3.4836753216005056,3.5084760476679033,3.3935660168889603,4712593.79
2015-07-22,3.47210164943572,3.4671415042222407,3.4927689211585515,3.4191934338252707,3665737.57
2015-07-23,3.4712749585668066,3.561384263278353,3.5713045537053123,3.4563945229263675,5204889.65
2015-07-24,3.5564241180648724,3.4869820850761584,3.584531607607924,3.4654881224844143,4200409.39
2015-07-27,3.4191934338252707,3.143905374477153,3.468794885960067,3.1381185383947603,5086913.85
2015-07-28,3.0769434140951786,3.180279772709337,3.240628206140005,3.0306487254360355,7616118.96
2015-07-29,3.208387262252388,3.2968431852261073,3.303456712177413,3.149692210559546,5245456.92
2015-07-30,3.2654289322074037,3.1835865361849898,3.3158570752111123,3.173666245758031,3901715.05
2015-07-31,3.1753196274958575,3.1835865361849898,3.232361297450873,3.14555875621498,3505091.61
2015-08-03,3.136465156656934,3.1844132270539034,3.1910267540052093,3.112491121458449,2193440.59
2015-08-04,3.1918534448741225,3.3108969299976327,3.3158570752111123,3.173666245758031,2827401.09
2015-08-05,3.2960164943571946,3.237321442664352,3.3026300213085005,3.2050804987767347,3735916.9
2015-08-06,3.1877199905295557,3.201773735301082,3.2488951148291383,3.1728395548891175,2958714.39
2015-08-07,3.2249210796306533,3.267909004814143,3.2902296582748014,3.2240943887617397,6858932.68
2015-08-10,3.2902296582748014,3.4291137242522303,3.442340778154842,3.2745225317654496,3991595.24
2015-08-11,3.418366742956357,3.38860587167548,3.4291137242522303,3.3737254360350417,3004252.19
2015-08-12,3.354711546050036,3.3538848551811227,3.412579906873965,3.346444637360903,3885215.73
2015-08-13,3.354711546050036,3.3993528529713526,3.403486307315919,3.30759016652198,4652587.59
2015-08-14,3.411753216005051,3.3910859442822203,3.4266336516454903,3.381992344724174,5458428.57
2015-08-17,3.372898745166128,3.396872780364613,3.4026596164470053,3.3439645647541636,3455986.24
2015-08-18,3.3976994712335262,3.1637459553310716,3.418366742956357,3.1579591192486784,4606012.02
2015-08-19,3.137291847525847,3.236494751795439,3.2530285691737046,3.058756214979087,5919634.89
2015-08-20,3.2026004261699947,3.1538256649041125,3.234841370057612,3.1422519927393266,2333264.35
2015-08-21,3.141425301870413,2.9967543998105914,3.152172283166286,2.9893141819903724,6931379.87
2015-08-24,2.9016849498855657,2.697492305263989,2.904991713361219,2.697492305263989,5422396.36
2015-08-25,2.566875147975693,2.4660188619682746,2.6702115065898515,2.458578644148055,7105358.41
2015-08-26,2.5379409675637286,2.535460894956989,2.662771288769632,2.4684989345750146,7356206.62
2015-08-27,2.581755583616132,2.6925321600505097,2.703279141346382,2.5346342040880754,7086962.14
2015-08-28,2.709065977428775,2.812402336042933,2.8272827716833717,2.675171651803331,5682560.26
2015-08-31,2.744613684792045,2.8066154999605404,2.812402336042933,2.6826118696235506,3136290.95
2015-09-01,2.7289065582826932,2.7958685186646677,2.80909557256728,2.660291216162892,2274113.21
2015-09-02,2.710719359166601,2.787601609975535,2.8272827716833717,2.6710381974587647,2444088.93
2015-09-07,2.7859482282377086,2.718986267855734,2.870270696866862,2.709065977428775,1785874.89
2015-09-08,2.6867453239681165,2.792561755189015,2.805788809091627,2.6371438718333207,2032500.23
2015-09-09,2.80909557256728,2.845469970799464,2.866963933391209,2.7884283008444486,1883864.47
2015-09-10,2.8082688816983667,2.7950418277957545,2.8504301160129435,2.790908373451188,1016279.81
2015-09-11,2.801655354747061,2.8008286638781477,2.845469970799464,2.7768546286796627,2550799.86
2015-09-14,2.80909557256728,2.7024524504774687,2.8165357903874995,2.6454107805224534,1980071.74
2015-09-15,2.6768250335411574,2.6230901270617952,2.709065977428775,2.6139965275037493,2166237.73
2015-09-16,2.631357035750928,2.7652809565148773,2.8066154999605404,2.6123431457659225,5723573.66
2015-09-17,2.7305599400205196,2.711546050035514,2.7950418277957545,2.706585904822035,4197731.3
2015-09-18,2.7280798674137796,2.710719359166601,2.7388268487096528,2.695012232657249,2581483.81
2015-09-21,2.6875720148370297,2.7603208113013973,2.777681319548576,2.6710381974587647,2525744.46
2015-09-22,2.759494120432484,2.7818147738931427,2.821495935600979,2.752053902612265,2116112.62
2015-09-23,2.7280798674137796,2.7173328861179074,2.7694144108594436,2.711546050035514,873019.95
2015-09-24,2.744613684792045,2.740480230447479,2.7553606660879177,2.711546050035514,772058.4
2015-09-25,2.7305599400205196,2.6809584878857238,2.739653539578566,2.6644246705074583,1123987.2
2015-09-28,2.6859186330992033,2.6966656143950756,2.706585904822035,2.666078052245285,1018359.84
2015-09-29,2.665251361376372,2.6445840896535397,2.672691579196591,2.628876963144188,732166.74
2015-09-30,2.6553310709494125,2.662771288769632,2.6867453239681165,2.653677689211586,502082.66
2015-10-08,2.7735478652040095,2.758667429563571,2.7793347012864023,2.7578407386946573,1102589.19
2015-10-09,2.752880593481178,2.793388446057928,2.809922263436193,2.752880593481178,972618.64
2015-10-12,2.7942151369268413,2.9099518585746984,2.93061913029753,2.7942151369268413,1969043.76
2015-10-13,2.8793642964249075,2.889284586851867,2.8975514955409993,2.8628304790466426,1443107.58
2015-10-14,2.8752308420803416,2.8578703338331626,2.9000315681477398,2.856216952095336,1138425.53
2015-10-15,2.8504301160129435,2.931445821166444,2.93309920290427,2.843816589061637,1263222.77
2015-10-16,2.9430194933312293,2.9719536737431937,2.9744337463499333,2.93061913029753,2075699.65
2015-10-19,2.97360705548102,2.966993528529714,2.9959277089416783,2.9454995659379692,1203407.75
2015-10-20,2.965340146791888,3.005847999368638,3.0091547628442905,2.9463262568068824,795328.45
2015-10-21,3.0091547628442905,2.9157386946570916,3.0149415989266837,2.870270696866862,1658596.14
2015-10-22,2.8934180411964334,2.9529397837581888,2.9587266198405815,2.891764659458607,973251.09
2015-10-23,2.953766474627102,3.005021308499724,3.0099814537132037,2.9496330202825356,1197798.81
2015-10-26,3.0306487254360355,3.0099814537132037,3.0356088706495155,2.9917942545971123,1803183.24
2015-10-27,3.003367926761898,3.01163483545103,3.0248618893536423,2.9248322942151375,1322360.99
2015-10-28,2.995101018072765,2.9587266198405815,3.01411490805777,2.9496330202825356,1744483.2
2015-10-29,2.961206692447321,2.9628600741851474,2.9926209454660255,2.9413661115934024,1213244.56
2015-10-30,2.9570732381027547,2.9636867650540606,2.9975810906795046,2.93061913029753,995648.84
2015-11-02,2.9380593481177497,2.9140853129192648,2.97112698287428,2.904991713361219,2680803.33
2015-11-03,2.9190454581327447,2.891764659458607,2.926485675952964,2.876884223818168,2212780.67
2015-11-04,2.8992048772788266,3.065369741930393,3.0711565780127854,2.8992048772788266,2712068.12
2015-11-05,3.0554494515034336,3.1141445031962753,3.186893299660643,3.034782179780602,2727443.28
2015-11-06,3.113317812327362,3.1885466813984693,3.1968135900876025,3.1042242127693163,2646076.32
2015-11-09,3.182759845316077,3.221614316155,3.2571620235182706,3.182759845316077,2517805.19
2015-11-10,3.1910267540052093,3.2125207165969543,3.243108278746745,3.1902000631362966,1401064.16
2015-11-11,3.2116940257280406,3.208387262252388,3.219960934417174,3.1662260279378116,1765150.62
2015-11-12,3.2116940257280406,3.1753196274958575,3.2158274800726074,3.152172283166286,1444702.83
2015-11-13,3.1546523557730253,3.144732065346066,3.1753196274958575,3.1265448662299744,1474506.3
2015-11-16,3.1067042853760563,3.162919264462158,3.1662260279378116,3.0918238497356176,1374760.88
2015-11-17,3.176973009233684,3.1513455922973725,3.2389748244021788,3.141425301870413,1486758.52
2015-11-18,3.1529989740351994,3.1240647936232344,3.1645726461999844,3.057929524110173,1370454.72
2015-11-19,3.1257181753610612,3.1711861731512907,3.1728395548891175,3.113317812327362,1001048.58
2015-11-20,3.1703594822823775,3.1620925735932452,3.1819331544471634,3.1505189014284594,1190018.59
2015-11-23,3.1579591192486784,3.146385447083893,3.192680135743036,3.141425301870413,877202.56
2015-11-24,3.136465156656934,3.148865519690633,3.149692210559546,3.10009075842475,1253068.48
2015-11-25,3.14307868360824,3.167879409675638,3.1711861731512907,3.1306783205745408,1485888.94
2015-11-26,3.1877199905295557,3.1529989740351994,3.1885466813984693,3.14307868360824,1267994.2
2015-11-27,3.141425301870413,2.9827006550390665,3.141425301870413,2.9645134559229738,1851805.77
2015-11-30,2.988487491121459,2.9835273459079796,3.007501381106464,2.9016849498855657,2035672.84
2015-12-01,2.979393891563413,3.006674690237551,3.0281686528292955,2.9595533107094947,2790143.46
2015-12-02,3.004194617630811,3.1356384657880207,3.141425301870413,2.9909675637281987,1869803.77
2015-12-03,3.1273715570988876,3.1422519927393266,3.1546523557730253,3.099264067555837,1456643.9
2015-12-04,3.1273715570988876,3.0827302501775717,3.1273715570988876,3.0703298871438722,1394298.7
2015-12-07,3.0852103227843113,3.087690395391051,3.1083576671138826,3.064543051061479,785126.44
2015-12-08,3.0678498145371327,3.0430490884697345,3.072809959750612,3.0281686528292955,949081.42
2015-12-09,3.0413957067319077,3.047182542814301,3.065369741930393,3.025688580222556,942590.41
2015-12-10,3.0554494515034336,3.0413957067319077,3.0868637045221377,3.022381816746903,2103556.33
2015-12-11,3.025688580222556,3.026515271091469,3.0488359245521277,3.005021308499724,1507339.83
2015-12-14,3.0083280719753773,3.1191046484097553,3.1207580301475817,3.000061163286245,1989950.61
2015-12-15,3.1166245758030153,3.0893437771288776,3.1182779575408417,3.0802501775708313,1409126.82
2015-12-16,3.100917449293663,3.090170467997791,3.1149711940651885,3.084383631915398,971984.42
2015-12-17,3.1075309762449694,3.148038828821719,3.1571324283797657,3.1075309762449694,1571513.62
2015-12-18,3.148038828821719,3.1596125009865057,3.1877199905295557,3.1389452292636735,1489845.14
2015-12-21,3.149692210559546,3.2422815878778324,3.26460224133849,3.141425301870413,1594825.97
2015-12-22,3.247241733091311,3.2464150422223983,3.2513751874358774,3.2100406439902143,1541484.88
2015-12-23,3.247241733091311,3.2422815878778324,3.2902296582748014,3.2340146791886992,2892636.41
2015-12-24,3.237321442664352,3.2034271170389084,3.2422815878778324,3.176973009233684,1982188.7
2015-12-25,3.2116940257280406,3.219960934417174,3.223267697892827,3.1918534448741225,1475444.94
2015-12-28,3.210867334859128,3.1232381027543217,3.223267697892827,3.1199313392786685,1661648.93
2015-12-29,3.1174512666719285,3.152172283166286,3.1529989740351994,3.113317812327362,1529129.18
2015-12-30,3.152172283166286,3.1513455922973725,3.156305737510852,3.1257181753610612,1391575.11
2015-12-31,3.1422519927393266,3.1232381027543217,3.165399337068898,3.121584721016495,1270700.2
2016-01-04,3.121584721016495,2.922352221608398,3.121584721016495,2.9165653855260048,3108539.42
2016-01-05,2.8661372425222957,2.9157386946570916,2.957899928971668,2.8347229895035913,4268877.61
2016-01-06,2.9140853129192648,2.961206692447321,2.969473601136454,2.9099518585746984,1752465.65
2016-01-07,2.9256589850840506,2.8801909872938207,2.9256589850840506,2.8132290269118463,750405.0
2016-01-08,2.881017678162734,2.8173624812564126,2.881017678162734,2.7198129587246473,4083360.21
2016-01-11,2.7652809565148773,2.672691579196591,2.8000019730092345,2.6702115065898515,4612187.6
2016-01-12,2.695012232657249,2.691705469181596,2.7239464130692137,2.662771288769632,2766902.07
2016-01-13,2.714026122642254,2.6545043800804993,2.7289065582826932,2.6371438718333207,2500409.43
2016-01-14,2.5916758740430907,2.699145687001816,2.7049325230842083,2.5858890379606985,3469088.03
2016-01-15,2.6826118696235506,2.619783363586142,2.694185541788336,2.600769473601137,3014651.18
2016-01-18,2.586715728829611,2.6214367453239684,2.651197616604846,2.579275511009392,3142912.35
2016-01-19,2.6206100544550552,2.6966656143950756,2.7074125956909483,2.610689764028096,2523184.23
2016-01-20,2.6875858259016656,2.661549838213243,2.701023755031174,2.6413929445189805,2565343.66
2016-01-21,2.635513850524821,2.585121616289164,2.6867459553310713,2.579242522295005,2733316.11
2016-01-22,2.6136772156893695,2.6103177334069927,2.6287948859600663,2.561605240312525,2439672.59
2016-01-25,2.6338341093836326,2.620396180254124,2.642232815089575,2.5968798042774845,1795483.11
2016-01-26,2.582602004577382,2.4725789598295322,2.6061183805540216,2.4608207718412127,2987120.99
2016-01-27,2.477618183253098,2.4457031015705155,2.502814300370926,2.38355267934654,5350877.4
2016-01-28,2.4347847841527903,2.3927912556230764,2.4633403835529952,2.381033067634757,2435148.87
2016-01-29,2.393631126193671,2.4608207718412127,2.4868567595296347,2.390271643911294,3053497.68
2016-02-01,2.4591410307000237,2.433944913582196,2.467539736405967,2.4020298318996134,1669836.59
2016-02-02,2.42890569015863,2.4860168889590404,2.4910561123826063,2.42890569015863,2210159.84
2016-02-03,2.4608207718412127,2.474258700970721,2.4792979243942868,2.4373043958645733,2278307.15
2016-02-04,2.4818175361060693,2.5070136532238974,2.5145724883592457,2.4792979243942868,4273606.71
2016-02-05,2.5053339120827087,2.477618183253098,2.5053339120827087,2.4759384421119095,4766111.65
2016-02-15,2.4347847841527903,2.468379606976561,2.4809776655354754,2.4230265961644704,2216572.03
2016-02-16,2.4784580538236924,2.538088864335885,2.546487570041828,2.477618183253098,2719884.74
2016-02-17,2.53892873490648,2.5641248520243076,2.5683242048772787,2.5322097703417255,2351820.71
2016-02-18,2.582602004577382,2.560765369741931,2.5952000631362955,2.5548862757477706,2211639.48
2016-02-19,2.559085628600742,2.5540464051771763,2.5750431694420333,2.540608476047668,2113775.26
2016-02-22,2.5935203219951073,2.606958251124616,2.6170366979717468,2.571683687159656,7328682.3
2016-02-23,2.605278509983427,2.5868013574303528,2.608637992265804,2.5632849814537138,2300797.69
2016-02-24,2.580082392865599,2.6061183805540216,2.6094778628363984,2.5557261463183654,2805922.07
2016-02-25,2.60191902770105,2.4398240075763558,2.60191902770105,2.4230265961644704,3757682.15
2016-02-26,2.4574612895588355,2.4633403835529952,2.4818175361060693,2.4347847841527903,4618957.38
2016-02-29,2.453261936705864,2.4053893141819906,2.459980901270618,2.360876173940494,3940303.33
2016-03-01,2.411268408176151,2.4507423249940814,2.469219477547155,2.3600363033699,2345625.72
2016-03-02,2.453261936705864,2.560765369741931,2.5666444637360906,2.453261936705864,4514134.32
2016-03-03,2.5599254991713365,2.5548862757477706,2.5918405808539187,2.5473274406124227,2388758.15
2016-03-04,2.5532065346065824,2.585961486859759,2.599399415989267,2.537248993765291,4606083.13
2016-03-07,2.5968798042774845,2.6061183805540216,2.6691086733485916,2.57840265172441,3423065.58
2016-03-08,2.5918405808539187,2.5968798042774845,2.6002392865598614,2.5187718412122173,2890422.8
2016-03-09,2.5557261463183654,2.5582457580301474,2.5641248520243076,2.524650935206377,2647694.84
2016-03-10,2.5548862757477706,2.5238110646357828,2.57840265172441,2.520451582353406,1373433.06
2016-03-11,2.502814300370926,2.5187718412122173,2.5347293820535084,2.4851770183884465,1589932.0
2016-03-14,2.542288217188857,2.5733634283008446,2.6077981216952097,2.542288217188857,5780534.18
2016-03-15,2.5683242048772787,2.564964722594902,2.574203298871439,2.5347293820535084,2931010.26
2016-03-16,2.5540464051771763,2.5817621340067873,2.6027588982716443,2.5540464051771763,2877220.68
2016-03-17,2.585121616289164,2.6237556625365013,2.645592297371952,2.5725235577302503,4099649.75
2016-03-18,2.624595533107095,2.6607099676426493,2.685906084760477,2.6237556625365013,9687665.2
2016-03-21,2.680026990766317,2.719500907584248,2.73965780127851,2.680026990766317,3885501.06
2016-03-22,2.7027034961723624,2.701023755031174,2.7211806487254364,2.696824402178202,1688627.75
2016-03-23,2.698504143319391,2.7060629784547396,2.719500907584248,2.679187120195723,2526467.68
2016-03-24,2.68842569647226,2.664069449925026,2.697664272748797,2.6623897087838375,3537115.08
2016-03-25,2.6657491910662143,2.674987767342752,2.6875858259016656,2.658190355930866,2554327.65
2016-03-28,2.6850662141898827,2.6497916502249232,2.7102623313077108,2.645592297371952,2537084.6
2016-03-29,2.652311261936706,2.627955015389472,2.6607099676426493,2.6128373451187756,5106344.74
2016-03-30,2.644752426801358,2.7001838844605794,2.7027034961723624,2.644752426801358,3213459.97
2016-03-31,2.708582590166522,2.695144661037014,2.7144616841606823,2.6825466024780997,2677769.52
2016-04-01,2.6875858259016656,2.7035433667429567,2.704383237313551,2.648111909083735,2554756.94
2016-04-05,2.690945308184043,2.729579354431379,2.7455368952726706,2.6842263436192884,3410879.21
2016-04-06,2.718661037013654,2.7245401310078137,2.7346185778549446,2.7144616841606823,2822235.73
2016-04-07,2.732098966143162,2.690945308184043,2.7413375424196986,2.6842263436192884,2359795.4
2016-04-08,2.67078841448978,2.6682688027779973,2.690945308184043,2.645592297371952,2876953.08
2016-04-11,2.690105437613448,2.697664272748797,2.7278996132901905,2.690105437613448,2939344.47
2016-04-12,2.698504143319391,2.6943047904664197,2.7035433667429567,2.6775073790545347,4237926.09
2016-04-13,2.7094224607371165,2.728739483860785,2.76317417725515,2.7094224607371165,6647237.33
2016-04-14,2.73965780127851,2.738817930707916,2.7505761186962356,2.7220205192960307,1963763.88
2016-04-15,2.744697024702076,2.7413375424196986,2.7497362481256413,2.729579354431379,1908464.92
2016-04-18,2.722860389866625,2.7027034961723624,2.722860389866625,2.6959845316076083,2255223.91
2016-04-19,2.7119420724488994,2.7060629784547396,2.7253800015784075,2.695144661037014,2768542.83
2016-04-20,2.716981295872465,2.6590302265014603,2.719500907584248,2.5952000631362955,4679624.19
2016-04-21,2.643072685660169,2.6464321679425464,2.683386473048694,2.6338341093836326,2547429.19
2016-04-22,2.6380334622366037,2.658190355930866,2.661549838213243,2.6287948859600663,1534014.99
2016-04-25,2.6565106147896773,2.6497916502249232,2.6565106147896773,2.6128373451187756,1560969.51
2016-04-26,2.648111909083735,2.6649093204956205,2.6691086733485916,2.635513850524821,1301659.33
2016-04-27,2.6649093204956205,2.652311261936706,2.6699485439191855,2.645592297371952,1447533.86
2016-04-28,2.6531511325073,2.650631520795518,2.6590302265014603,2.627115144818878,1445679.63
2016-04-29,2.6439125562307635,2.6472720385131407,2.6590302265014603,2.6388733328071976,1135890.98
2016-05-03,2.651471391366112,2.698504143319391,2.7027034961723624,2.635513850524821,2341180.98
2016-05-04,2.685906084760477,2.68842569647226,2.7027034961723624,2.6758276379133457,1844622.7
2016-05-05,2.6850662141898827,2.68842569647226,2.695144661037014,2.67666750848394,1320283.13
2016-05-06,2.690105437613448,2.627115144818878,2.6934649198958254,2.6254354036776895,2155428.4
2016-05-09,2.620396180254124,2.5733634283008446,2.620396180254124,2.564964722594902,3272033.88
2016-05-10,2.570003946018468,2.5708438165890617,2.583441875147976,2.5641248520243076,1135479.33
2016-05-11,2.57840265172441,2.580922263436193,2.599399415989267,2.5691640754478735,994515.09
2016-05-12,2.570003946018468,2.5901608397127305,2.5943601925657016,2.5473274406124227,1195078.18
2016-05-13,2.580922263436193,2.580922263436193,2.604438639412833,2.5691640754478735,908964.27
2016-05-16,2.5758830400126276,2.5910007102833243,2.5935203219951073,2.5540464051771763,1102906.61
2016-05-17,2.5935203219951073,2.5868013574303528,2.60191902770105,2.571683687159656,961064.45
2016-05-18,2.580082392865599,2.570003946018468,2.580922263436193,2.5448078289006393,1192441.45
2016-05-19,2.5683242048772787,2.564964722594902,2.5910007102833243,2.561605240312525,1112604.72
2016-05-20,2.5599254991713365,2.5817621340067873,2.583441875147976,2.551526793465394,1390692.88
2016-05-23,2.585121616289164,2.585961486859759,2.6035987688422386,2.576722910583222,1078091.05
2016-05-24,2.585961486859759,2.570003946018468,2.585961486859759,2.5599254991713365,967809.22
2016-05-25,2.5750431694420333,2.5683242048772787,2.5918405808539187,2.5641248520243076,837863.94
2016-05-26,2.5683242048772787,2.5683242048772787,2.580082392865599,2.541448346618262,1424764.37
2016-05-27,2.5666444637360906,2.570003946018468,2.576722910583222,2.5582457580301474,856851.9
2016-05-30,2.5666444637360906,2.571683687159656,2.580082392865599,2.542288217188857,792382.52
2016-05-31,2.5725235577302503,2.661549838213243,2.664069449925026,2.571683687159656,4945933.15
2016-06-01,2.6623897087838375,2.650631520795518,2.6665890616368086,2.6472720385131407,1713478.08
2016-06-02,2.652311261936706,2.6531511325073,2.6548308736484887,2.6405530739483862,923857.56
2016-06-03,2.655670744219083,2.6842263436192884,2.692625049325231,2.651471391366112,1777932.22
2016-06-06,2.680026990766317,2.6682688027779973,2.690945308184043,2.664069449925026,816479.29
2016-06-07,2.6716282850603745,2.6682688027779973,2.674987767342752,2.6632295793544314,576210.36
2016-06-08,2.6657491910662143,2.6649093204956205,2.672468155630969,2.6472720385131407,726250.43
2016-06-13,2.645592297371952,2.577562781153816,2.645592297371952,2.5750431694420333,3299624.23
2016-06-14,2.574203298871439,2.588481098571542,2.589320969142136,2.571683687159656,1750902.26
2016-06-15,2.5691640754478735,2.622915791965907,2.6472720385131407,2.561605240312525,1945951.17
2016-06-16,2.622075921395312,2.606958251124616,2.622075921395312,2.599399415989267,877244.65
2016-06-17,2.608637992265804,2.617876568542341,2.6371935916660094,2.6077981216952097,2013080.67
2016-06-20,2.620396180254124,2.6187164391129354,2.6287948859600663,2.6010791571304557,821084.94
2016-06-21,2.6287948859600663,2.6128373451187756,2.6607099676426493,2.6035987688422386,1445445.9
2016-06-22,2.611157603977587,2.6287948859600663,2.6321543682424435,2.6010791571304557,1172913.72
2016-06-23,2.6287948859600663,2.620396180254124,2.6304746271012553,2.604438639412833,993872.93
2016-06-24,2.620396180254124,2.5926804514245134,2.6346739799542265,2.5532065346065824,1543955.16
2016-06-27,2.5868013574303528,2.6254354036776895,2.627115144818878,2.5842817457185703,1355577.6
2016-06-28,2.6170366979717468,2.6388733328071976,2.6413929445189805,2.604438639412833,1814889.39
2016-06-29,2.6413929445189805,2.650631520795518,2.6590302265014603,2.6405530739483862,1195419.95
2016-06-30,2.651471391366112,2.6548308736484887,2.661549838213243,2.6472720385131407,928512.91
2016-07-01,2.6548308736484887,2.652311261936706,2.6682688027779973,2.6497916502249232,937666.57
2016-07-04,2.648111909083735,2.696824402178202,2.708582590166522,2.639713203377792,1378107.06
2016-07-05,2.696824402178202,2.7035433667429567,2.7127819430194937,2.6934649198958254,1607143.54
2016-07-06,2.701023755031174,2.716981295872465,2.719500907584248,2.692625049325231,2780687.13
2016-07-07,2.713621813590088,2.720340778154842,2.729579354431379,2.7018636256017685,1856771.72
2016-07-08,2.716141425301871,2.7102623313077108,2.7178211664430596,2.7060629784547396,1680194.56
2016-07-11,2.7144616841606823,2.716981295872465,2.7505761186962356,2.713621813590088,1079600.88
2016-07-12,2.7153015547312767,2.7858506826611955,2.7875304238023837,2.7153015547312767,1723628.81
2016-07-13,2.788370294372978,2.791729776655355,2.812726540920212,2.784170941520007,2498416.42
2016-07-14,2.791729776655355,2.7875304238023837,2.7925696472259496,2.776612106384658,1304280.56
2016-07-15,2.7934095177965435,2.790889906084761,2.7967690000789207,2.7824912003788183,916969.66
2016-07-18,2.78669055323179,2.780811459237629,2.7925696472259496,2.7707330123904983,1384781.62
2016-07-19,2.779131718096441,2.7665336595375267,2.7824912003788183,2.7522558598374243,1169010.83
2016-07-20,2.76317417725515,2.760654565543367,2.7740924946728756,2.75729508326099,648020.24
2016-07-21,2.760654565543367,2.775772235814064,2.791729776655355,2.760654565543367,1073903.32
2016-07-22,2.769893141819904,2.75141598926683,2.7749323652434694,2.7488963775550475,1152247.37
2016-07-25,2.7488963775550475,2.7505761186962356,2.7682134006787154,2.7463767658432645,950112.47
2016-07-26,2.7505761186962356,2.7858506826611955,2.78669055323179,2.7505761186962356,1080209.08
2016-07-27,2.78669055323179,2.7346185778549446,2.790889906084761,2.692625049325231,2287308.97
2016-07-28,2.7253800015784075,2.7421774129902934,2.758134953831584,2.7245401310078137,2122106.96
2016-07-29,2.7421774129902934,2.7329388367137564,2.7497362481256413,2.723700260437219,1267244.61
2016-08-01,2.7253800015784075,2.7102623313077108,2.7312590955725673,2.696824402178202,1333762.45
2016-08-02,2.7094224607371165,2.716981295872465,2.7278996132901905,2.7027034961723624,1164915.86
2016-08-03,2.7127819430194937,2.720340778154842,2.726219872149002,2.708582590166522,2018836.91
2016-08-04,2.719500907584248,2.728739483860785,2.729579354431379,2.704383237313551,930974.89
2016-08-05,2.729579354431379,2.73965780127851,2.7522558598374243,2.723700260437219,1014150.33
2016-08-08,2.73965780127851,2.7623343066845556,2.76317417725515,2.7211806487254364,849697.6
2016-08-09,2.75729508326099,2.7749323652434694,2.7799715886670353,2.754775471549207,2312882.58
2016-08-10,2.7749323652434694,2.7665336595375267,2.7816513298082235,2.7640140478257442,1765682.31
2016-08-11,2.764853918396338,2.76317417725515,2.795089258937732,2.759814694972773,1265069.62
2016-08-12,2.756455212690396,2.8118866703496175,2.816086023202589,2.7556153421198015,2173901.63
2016-08-15,2.8177657643437777,2.89503385683845,2.9261090679504385,2.816086023202589,3925780.74
2016-08-16,2.903432562544393,2.8866351511325075,2.919390103385684,2.8824357982795363,2741304.28
2016-08-17,2.881595927708942,2.8799161865677534,2.896713597979639,2.868997869150028,1188311.0
2016-08-18,2.8849554099913193,2.875716833714782,2.8958737274090445,2.8614390340146794,953905.57
2016-08-19,2.8740370925735936,2.872357351432405,2.8782364454265648,2.8496808460263594,1322039.04
2016-08-22,2.872357351432405,2.8522004577381423,2.8824357982795363,2.8496808460263594,1053783.09
2016-08-23,2.8522004577381423,2.853880198879331,2.868997869150028,2.8370827874674456,2416251.41
2016-08-24,2.853880198879331,2.8421220108910115,2.8572396811617082,2.8370827874674456,1542670.96
2016-08-25,2.827844211190909,2.8270043406203147,2.8345631757556626,2.8009683529318923,1262291.8
2016-08-26,2.828684081761503,2.8236448583379374,2.8496808460263594,2.82028537605556,791422.69
2016-08-29,2.8194455054849663,2.822804987767343,2.8303638229026915,2.8144062820614004,778727.39
2016-08-30,2.8244847289085313,2.8345631757556626,2.8438017520322,2.82028537605556,1034445.42
2016-08-31,2.83204356404388,2.8463213637439826,2.8522004577381423,2.8211252466261545,1120571.17
2016-09-01,2.8454814931733883,2.816086023202589,2.8463213637439826,2.8135664114908066,923902.42
2016-09-02,2.8135664114908066,2.828684081761503,2.8362429168968513,2.8135664114908066,988755.43
2016-09-05,2.8345631757556626,2.8345631757556626,2.8572396811617082,2.8303638229026915,1592257.37
2016-09-06,2.8362429168968513,2.858919422302897,2.8647985162970566,2.8152461526319947,1428755.76
2016-09-07,2.8614390340146794,2.8605991634440855,2.874876963144188,2.856399810591114,1969668.81
2016-09-08,2.8580795517323025,2.856399810591114,2.8605991634440855,2.8496808460263594,748924.56
2016-09-09,2.856399810591114,2.8421220108910115,2.8614390340146794,2.840442269749823,1204615.26
2016-09-12,2.8051677057848634,2.7858506826611955,2.807687317496646,2.769893141819904,2064725.38
2016-09-13,2.7875304238023837,2.7858506826611955,2.7942493883671378,2.7799715886670353,954381.84
2016-09-14,2.7782918475258467,2.7690532712493097,2.783331070949412,2.765693788966933,719668.86
2016-09-19,2.769893141819904,2.78669055323179,2.7892101649435723,2.7682134006787154,1007976.74
2016-09-20,2.788370294372978,2.783331070949412,2.791729776655355,2.779131718096441,706943.57
2016-09-21,2.783331070949412,2.7942493883671378,2.7984487412201093,2.780811459237629,680127.6
2016-09-22,2.8060075763554577,2.812726540920212,2.8261644700497204,2.8009683529318923,989000.69
2016-09-23,2.8135664114908066,2.8060075763554577,2.8177657643437777,2.803487964643675,673587.75
2016-09-26,2.802648094073081,2.758974824402179,2.802648094073081,2.75729508326099,1633492.2
2016-09-27,2.758974824402179,2.7732526241022812,2.7749323652434694,2.754775471549207,1068961.59
2016-09-28,2.7732526241022812,2.7690532712493097,2.775772235814064,2.764853918396338,471316.7
2016-09-29,2.7724127535316874,2.7816513298082235,2.788370294372978,2.7724127535316874,1111320.06
2016-09-30,2.775772235814064,2.7900500355141666,2.7942493883671378,2.775772235814064,1096255.83
2016-10-10,2.7967690000789207,2.8219651171967484,2.8270043406203147,2.788370294372978,1563660.66
2016-10-11,2.8236448583379374,2.828684081761503,2.831203693473286,2.8169258937731834,1019210.91
2016-10-12,2.8211252466261545,2.8219651171967484,2.825324599479126,2.8144062820614004,689821.58
2016-10-13,2.8261644700497204,2.8219651171967484,2.8303638229026915,2.816086023202589,950245.82
2016-10-14,2.8211252466261545,2.8303638229026915,2.83204356404388,2.807687317496646,1169801.75
2016-10-17,2.8303638229026915,2.804327835214269,2.8328834346144744,2.7799715886670353,1169468.86
2016-10-18,2.804327835214269,2.8396023991792285,2.840442269749823,2.8009683529318923,1854193.11
2016-10-19,2.840442269749823,2.83792265803804,2.851360587167548,2.83204356404388,1334998.53
2016-10-20,2.8362429168968513,2.8337233051850688,2.841282140320417,2.831203693473286,1087664.72
2016-10-21,2.835403046326257,2.848001104885171,2.853880198879331,2.827844211190909,1529253.63
2016-10-24,2.848001104885171,2.8824357982795363,2.896713597979639,2.8454814931733883,2065991.73
2016-10-25,2.8824357982795363,2.874876963144188,2.8832756688501306,2.868157998579434,1881782.29
2016-10-26,2.8740370925735936,2.8664782574382452,2.876556704285376,2.8622789045852737,1426709.85
2016-10-27,2.8639586457264623,2.8622789045852737,2.8664782574382452,2.851360587167548,892224.98
2016-10-28,2.8605991634440855,2.8580795517323025,2.8857952805619136,2.8572396811617082,1492268.31
2016-10-31,2.8572396811617082,2.8522004577381423,2.8572396811617082,2.8328834346144744,891945.62
2016-11-01,2.850520716596954,2.869837739720622,2.8740370925735936,2.848840975455765,866924.29
2016-11-02,2.8656383868676505,2.850520716596954,2.8656383868676505,2.847161234314577,852540.05
2016-11-03,2.840442269749823,2.872357351432405,2.8866351511325075,2.840442269749823,2258266.43
2016-11-04,2.870677610291217,2.863118775155868,2.884115539420725,2.858919422302897,1114074.8
2016-11-07,2.863118775155868,2.8656383868676505,2.872357351432405,2.8572396811617082,1008059.93
2016-11-08,2.8715174808618107,2.8807560571383477,2.8941939862678563,2.869837739720622,1422438.04
2016-11-09,2.8807560571383477,2.869837739720622,2.8807560571383477,2.8337233051850688,1960762.29
2016-11-10,2.8782364454265648,2.8992332096914217,2.9067920448267697,2.8782364454265648,1448274.2
2016-11-11,2.896713597979639,2.92442932680925,2.927788809091627,2.888314892273696,1734271.81
2016-11-14,2.919390103385684,2.9286286796622214,2.947945702785889,2.9126711388209303,2619852.06
2016-11-15,2.927788809091627,2.925269197379844,2.931988161944598,2.915190750532713,1363919.95
2016-11-16,2.9269489385210328,2.9261090679504385,2.9336679030857864,2.91855023281509,1439264.4
2016-11-17,2.921909715097467,2.9328280325151925,2.9336679030857864,2.9126711388209303,1314599.87
2016-11-18,2.9336679030857864,2.922749585668061,2.9387071265093527,2.91855023281509,1097434.49
2016-11-21,2.91855023281509,2.9361875147975693,2.960543761344803,2.916870491673901,1362852.7
2016-11-22,2.9387071265093527,2.965582984768369,2.9672627259095576,2.9387071265093527,1721437.23
2016-11-23,2.9697823376213406,2.9706222081919345,2.984060137321443,2.963063373056586,911253.59
2016-11-24,2.9689424670507463,2.9790209138978776,2.9966581958803573,2.9647431141977747,1755186.91
2016-11-25,2.9790209138978776,3.0117758661510536,3.0134556072922427,2.9571842790624263,1347871.11
2016-11-28,3.0184948307158077,3.0252137952805622,3.0403314655512594,3.017654960145214,1483483.31
2016-11-29,3.0168150895746195,3.0487301712572017,3.063847841527899,3.006736642727488,1591360.67
2016-11-30,3.0411713361218533,3.021014442427591,3.0504099123983908,3.015975219004025,1660676.58
2016-12-01,3.0226941835687797,3.049570041827796,3.059648488674927,3.0226941835687797,1128864.74
2016-12-02,3.047050430116013,3.015975219004025,3.047050430116013,3.008416383868677,938826.35
2016-12-05,2.9765013021860947,2.955504537921238,2.989099360745009,2.9513051850682666,2228656.41
2016-12-06,2.9580241496330206,2.9504653144976722,2.9689424670507463,2.949625443927078,1268854.1
2016-12-07,2.952145055638861,2.9639032436271804,2.9672627259095576,2.940386867650541,1113534.37
2016-12-08,2.9723019493331235,2.9706222081919345,2.98154052560966,2.9639032436271804,2079600.6
2016-12-09,2.9639032436271804,2.98741961960382,2.9966581958803573,2.960543761344803,1113083.44
2016-12-12,2.9857398784626317,2.9084717859679587,2.9857398784626317,2.905952174256176,1479028.95
2016-12-13,2.8992332096914217,2.9042724331149876,2.9177103622444958,2.8807560571383477,1611875.5
2016-12-14,2.8975534685502335,2.884115539420725,2.9109913976797417,2.8832756688501306,1013558.69
2016-12-15,2.868997869150028,2.851360587167548,2.8832756688501306,2.8396023991792285,2297927.62
2016-12-16,2.848001104885171,2.851360587167548,2.8664782574382452,2.844641622602794,1422497.04
2016-12-19,2.851360587167548,2.8429618814616053,2.853880198879331,2.8362429168968513,870418.76
2016-12-20,2.838762528608634,2.8219651171967484,2.8421220108910115,2.8060075763554577,1674659.93
2016-12-21,2.8261644700497204,2.8530403283087367,2.853880198879331,2.8261644700497204,1291631.26
2016-12-22,2.8496808460263594,2.848001104885171,2.851360587167548,2.835403046326257,1035923.71
2016-12-23,2.841282140320417,2.825324599479126,2.8454814931733883,2.8177657643437777,802605.29
2016-12-26,2.8169258937731834,2.835403046326257,2.83792265803804,2.7925696472259496,1452620.59
2016-12-27,2.8303638229026915,2.831203693473286,2.8421220108910115,2.8261644700497204,1132960.91
2016-12-28,2.828684081761503,2.816086023202589,2.8337233051850688,2.806847446926052,1049116.15
2016-12-29,2.812726540920212,2.8177657643437777,2.828684081761503,2.804327835214269,848783.07
2016-12-30,2.8169258937731834,2.82028537605556,2.828684081761503,2.8135664114908066,960788.48
2017-01-03,2.8236448583379374,2.8522004577381423,2.858919422302897,2.8236448583379374,1058679.31
2017-01-04,2.850520716596954,2.877396574855971,2.8782364454265648,2.844641622602794,1134839.83
2017-01-05,2.876556704285376,2.8715174808618107,2.8807560571383477,2.8647985162970566,656748.31
2017-01-06,2.868997869150028,2.8622789045852737,2.874876963144188,2.8580795517323025,778859.78
2017-01-09,2.8580795517323025,2.872357351432405,2.875716833714782,2.8555599400205196,775128.72
2017-01-10,2.8715174808618107,2.8647985162970566,2.877396574855971,2.8614390340146794,697214.35
2017-01-11,2.8597592928734907,2.8438017520322,2.8740370925735936,2.8429618814616053,947053.4
2017-01-12,2.8438017520322,2.8295239523320976,2.851360587167548,2.8270043406203147,840009.35
2017-01-13,2.828684081761503,2.8345631757556626,2.8496808460263594,2.8236448583379374,974975.4
2017-01-16,2.828684081761503,2.831203693473286,2.8328834346144744,2.7850108120906008,1469151.24
2017-01-17,2.8219651171967484,2.835403046326257,2.841282140320417,2.812726540920212,864949.83
2017-01-18,2.831203693473286,2.853880198879331,2.863118775155868,2.8303638229026915,1138662.67
2017-01-19,2.8463213637439826,2.8438017520322,2.858919422302897,2.838762528608634,1060346.47
2017-01-20,2.838762528608634,2.868157998579434,2.868997869150028,2.8370827874674456,2063693.67
2017-01-23,2.8681051219319706,2.8689587246468315,2.8902987925183488,2.865544313787389,1421798.34
2017-01-24,2.8689587246468315,2.870665930076553,2.875787546365717,2.862129902927946,842962.75
2017-01-25,2.8689587246468315,2.87920195722516,2.880909162654881,2.859569094783364,670239.92
2017-01-26,2.87920195722516,2.8911523952332097,2.8996884223818165,2.87920195722516,661762.91
2017-02-03,2.8911523952332097,2.8740803409359956,2.8928596006629306,2.865544313787389,1120450.05
2017-02-06,2.874933943650856,2.8732267382211347,2.8817627653697415,2.864690711072528,1011688.95
2017-02-07,2.870665930076553,2.8681051219319706,2.8774947517954383,2.859569094783364,919571.05
2017-02-08,2.8672515192171097,2.887737984373767,2.8928596006629306,2.852740273064478,951701.22
2017-02-09,2.884323573514324,2.8979812169520955,2.909078052245284,2.8834699707994633,983411.42
2017-02-10,2.9005420250966774,2.9133460658195878,2.919321284823613,2.8954204088075133,1061427.94
2017-02-13,2.9124924631047273,2.928710914687081,2.932978928261384,2.9124924631047273,1225064.47
2017-02-14,2.928710914687081,2.9321253255465236,2.932978928261384,2.9235892983979164,774969.5
2017-02-15,2.931271722831663,2.921882092968195,2.9415149554099913,2.91590687396417,1245321.23
2017-02-16,2.921882092968195,2.934686133691106,2.934686133691106,2.91590687396417,905007.59
2017-02-17,2.934686133691106,2.9176140793938914,2.9491973798437376,2.916760476679031,1253715.32
2017-02-20,2.9176140793938914,2.965415831426091,2.9748054612895585,2.916760476679031,1382844.17
2017-02-21,2.965415831426091,2.965415831426091,2.9765126667192803,2.9620014205666485,1118515.89
2017-02-22,2.967976639570673,2.9748054612895585,2.9773662694341407,2.9620014205666485,951852.92
2017-02-23,2.9722446531449767,2.9620014205666485,2.9773662694341407,2.9543189961329017,1028588.94
2017-02-24,2.962855023281509,2.9594406124220662,2.962855023281509,2.948343777128877,897411.97
2017-02-27,2.9602942151369267,2.936393339120827,2.9602942151369267,2.9295645174019413,735681.62
2017-02-28,2.932978928261384,2.9406613526951304,2.950904585273459,2.9321253255465236,950733.07
2017-03-01,2.942368558124852,2.944075763554573,2.9637086259963694,2.9372469418356877,1355897.67
2017-03-02,2.9491973798437376,2.933832530976245,2.9901703101570516,2.925296503827638,955485.29
2017-03-03,2.925296503827638,2.922735695683056,2.926150106542498,2.9082244495304237,778375.16
2017-03-06,2.922735695683056,2.9372469418356877,2.93980774998027,2.9176140793938914,999939.26
2017-03-07,2.9355397364059663,2.9415149554099913,2.942368558124852,2.931271722831663,761854.03
2017-03-08,2.93980774998027,2.944929366269434,2.945782968984295,2.9355397364059663,1101721.49
2017-03-09,2.93980774998027,2.9184676821087523,2.93980774998027,2.9133460658195878,809001.2
2017-03-10,2.91590687396417,2.9210284902533346,2.928710914687081,2.91590687396417,825743.06
2017-03-13,2.91590687396417,2.952611790703181,2.9543189961329017,2.9082244495304237,1236681.19
2017-03-14,2.950050982558598,2.945782968984295,2.953465393418041,2.942368558124852,680534.03
2017-03-15,2.9406613526951304,2.950904585273459,2.953465393418041,2.9381005445505486,576086.18
2017-03-16,2.9577334069923444,2.968830242285534,2.9816342830084444,2.9577334069923444,934775.88
2017-03-17,2.968830242285534,2.9355397364059663,2.9730982558598376,2.932978928261384,1037742.87
2017-03-20,2.936393339120827,2.9372469418356877,2.9432221608397127,2.925296503827638,889350.03
2017-03-21,2.9372469418356877,2.9577334069923444,2.9577334069923444,2.933832530976245,1077074.5
2017-03-22,2.945782968984295,2.942368558124852,2.952611790703181,2.926150106542498,628258.91
2017-03-23,2.944929366269434,2.950904585273459,2.9594406124220662,2.9295645174019413,853839.56
2017-03-24,2.95175818798832,2.9790734748638625,2.9876095020124693,2.950050982558598,1283551.8
2017-03-27,2.9782198721490016,2.965415831426091,2.986755899297609,2.9620014205666485,867856.04
2017-03-28,2.965415831426091,2.9611478178517876,2.9713910504301158,2.953465393418041,669608.38
2017-03-29,2.9611478178517876,2.9551725988477626,2.968830242285534,2.944929366269434,790107.06
2017-03-30,2.9491973798437376,2.927003709257359,2.9551725988477626,2.9176140793938914,1197410.74
2017-03-31,2.927003709257359,2.948343777128877,2.9491973798437376,2.926150106542498,886199.58
2017-04-05,2.965415831426091,2.9969991318759375,2.997852734590798,2.9637086259963694,1351355.15
2017-04-06,2.9952919264462157,2.9935847210164943,2.997852734590798,2.9790734748638625,960783.34
2017-04-07,2.9952919264462157,2.9995599400205193,3.009803172598848,2.9884631047273302,755353.16
2017-04-10,3.002120748165101,2.991877515586773,3.002974350879962,2.9901703101570516,821129.08
2017-04-11,2.991023912871912,2.9995599400205193,3.002974350879962,2.9594406124220662,1057268.27
2017-04-12,2.997852734590798,2.9884631047273302,3.002974350879962,2.9824878857233053,988676.98
2017-04-13,2.985048693867887,2.9995599400205193,3.0046815563096834,2.9824878857233053,784438.51
2017-04-14,2.9995599400205193,2.9748054612895585,3.00041354273538,2.969683845000395,860763.43
2017-04-17,2.968830242285534,2.9645622287112303,2.9713910504301158,2.950050982558598,1357762.83
2017-04-18,2.9602942151369267,2.9577334069923444,2.9739518585746985,2.956879804277484,832006.37
2017-04-19,2.95175818798832,2.934686133691106,2.95175818798832,2.921882092968195,2120401.04
2017-04-20,2.932978928261384,2.950904585273459,2.9551725988477626,2.9321253255465236,1158008.96
2017-04-21,2.953465393418041,2.953465393418041,2.9620014205666485,2.93980774998027,814365.61
2017-04-24,2.945782968984295,2.921882092968195,2.9491973798437376,2.9073708468155632,1700779.38
2017-04-25,2.92785731197222,2.931271722831663,2.9406613526951304,2.9235892983979164,983835.98
2017-04-26,2.931271722831663,2.9381005445505486,2.9551725988477626,2.931271722831663,876264.63
2017-04-27,2.934686133691106,2.93980774998027,2.944929366269434,2.9022492305263987,2097326.93
2017-04-28,2.9372469418356877,2.928710914687081,2.9372469418356877,2.91590687396417,715289.75
2017-05-02,2.9244429011127773,2.9244429011127773,2.92785731197222,2.9141996685344487,920826.52
2017-05-03,2.9210284902533346,2.909931654960145,2.92785731197222,2.9065172441007023,821768.04
2017-05-04,2.9073708468155632,2.898834819666956,2.9184676821087523,2.8962740115223737,1043228.42
2017-05-05,2.8945668060926524,2.8800555599400206,2.8962740115223737,2.869812327361692,1465209.34
2017-05-08,2.876641149080578,2.8553010812090602,2.8800555599400206,2.8484722594901744,1643938.76
2017-05-09,2.851033067634756,2.857861889353642,2.864690711072528,2.841643437771289,1400235.84
2017-05-10,2.858715492068503,2.847618656775314,2.8715195327914134,2.845911451345592,1670224.19
2017-05-11,2.840789835056428,2.862129902927946,2.8689587246468315,2.8305466024780994,2181884.37
2017-05-12,2.8604226974982243,2.8851771762291847,2.8894451898034883,2.857008286638781,1451197.42
2017-05-15,2.8928596006629306,2.8971276142372346,2.9065172441007023,2.8902987925183488,1024391.93
2017-05-16,2.8945668060926524,2.931271722831663,2.9321253255465236,2.8834699707994633,1033131.51
2017-05-17,2.92785731197222,2.9116388603898664,2.9295645174019413,2.910785257675006,1097918.66
2017-05-18,2.9013956278115383,2.898834819666956,2.9133460658195878,2.893713203377792,974236.4
2017-05-19,2.8979812169520955,2.9039564359561205,2.9082244495304237,2.8979812169520955,715944.55
2017-05-22,2.904810038670981,2.9065172441007023,2.9210284902533346,2.893713203377792,863365.79
2017-05-23,2.9056636413858414,2.919321284823613,2.931271722831663,2.903102833241259,1514699.22
2017-05-24,2.9150532712493096,2.919321284823613,2.920174887538473,2.8928596006629306,1404383.33
2017-05-25,2.916760476679031,2.9816342830084444,2.985048693867887,2.910785257675006,2489525.01
2017-05-26,2.9765126667192803,2.9765126667192803,2.9901703101570516,2.968830242285534,2032029.98
2017-05-31,2.9859022965827484,2.9782198721490016,3.003827953594823,2.9645622287112303,1480334.25
2017-06-01,2.9730982558598376,2.985048693867887,2.986755899297609,2.9705374477152553,907181.96
2017-06-02,2.9833414884381657,2.9773662694341407,2.986755899297609,2.9611478178517876,1315412.98
2017-06-05,2.968830242285534,2.9577334069923444,2.9790734748638625,2.9551725988477626,1101787.24
2017-06-06,2.9577334069923444,2.9807806802935835,2.9816342830084444,2.9551725988477626,959068.65
2017-06-07,2.9841950911530266,3.021753610606898,3.0234608160366188,2.9799270775787234,1667237.28
2017-06-08,3.020046405177176,3.0430936784784155,3.0473616920527187,3.015778391602873,1460939.32
2017-06-09,3.0422400757635546,3.061872938205351,3.0695553626390972,3.041386473048694,1512315.56
2017-06-12,3.055897719201326,3.055897719201326,3.0789449925025654,3.0482152947675796,1240740.38
2017-06-13,3.0482152947675796,3.061872938205351,3.0687017599242368,3.0465080893378578,1316253.86
2017-06-14,3.0601657327756295,3.0311432404703655,3.0601657327756295,3.026021624181201,1425761.88
2017-06-15,3.0302896377555046,3.020900007892037,3.0396792676189723,3.008949569883987,1208419.27
2017-06-16,3.020900007892037,3.015778391602873,3.0345576513298083,3.0115103780285692,1023956.62
2017-06-19,3.0174855970325942,3.049922500197301,3.0524833083418828,3.0174855970325942,1413142.49
2017-06-20,3.0524833083418828,3.040532870333833,3.0584585273459077,3.0337040486149474,1298320.1
2017-06-21,3.0601657327756295,3.0789449925025654,3.0797985952174254,3.040532870333833,2026660.97
2017-06-22,3.07296977349854,3.082359403362008,3.1173571146712966,3.071262568068818,1900073.57
2017-06-23,3.0797985952174254,3.1122354983821325,3.113942703811854,3.0661409517796545,979933.76
2017-06-26,3.1122354983821325,3.1506476205508642,3.153208428695446,3.1122354983821325,1073945.92
2017-06-27,3.148940415121143,3.1523548259805856,3.1574764422697497,3.1327219635387893,806651.11
2017-06-28,3.1497940178360033,3.131014758109068,3.1497940178360033,3.1267467445347643,792487.9
2017-06-29,3.131868360823929,3.1497940178360033,3.154062031410307,3.131014758109068,868377.02
2017-06-30,3.1395507852576747,3.1446724015468392,3.154062031410307,3.1293075526793466,824750.91
2017-07-03,3.1455260042616997,3.131014758109068,3.1480868124062824,3.1182107173861575,965188.91
2017-07-04,3.130161155394207,3.1054066766632467,3.131014758109068,3.0985778549443608,1352154.96
2017-07-05,3.1036994712335253,3.1455260042616997,3.151501223265725,3.1036994712335253,1333338.06
2017-07-06,3.1455260042616997,3.1429651961171174,3.1497940178360033,3.1207715255307398,1618320.79
2017-07-07,3.1386971825428143,3.1412579906873965,3.1455260042616997,3.125039539105043,826426.95
2017-07-10,3.1404043879725356,3.1446724015468392,3.158330044984611,3.1369899771130925,950921.05
2017-07-11,3.1412579906873965,3.17028048299266,3.1950349617236204,3.1404043879725356,1314196.88
2017-07-12,3.165158866703496,3.151501223265725,3.1822309210007105,3.137843579827954,1174760.77
2017-07-13,3.1523548259805856,3.183938126430432,3.186498934575014,3.1523548259805856,1112379.38
2017-07-14,3.1847917291452923,3.205278194301949,3.2086926051613918,3.1754020992818246,855766.53
2017-07-17,3.202717386157367,3.1617444558440537,3.210399810591113,3.137843579827954,1942105.89
2017-07-18,3.156622839554889,3.1634516612737746,3.1677196748480783,3.1344291689685106,1608456.9
2017-07-19,3.1625980585589137,3.229179070318049,3.2334470838923526,3.159183647699471,1741180.48
2017-07-20,3.226618262173467,3.244543919185542,3.2453975219004025,3.2214966458843026,976975.79
2017-07-21,3.236007892036935,3.2283254676031885,3.2471047273301235,3.21808223502486,977614.5
2017-07-24,3.2249110567437453,3.244543919185542,3.251372740904428,3.2189358377397204,642642.58
2017-07-25,3.2436903164706807,3.2197894404545813,3.2453975219004025,3.2138142214505563,969983.98
2017-07-26,3.2197894404545813,3.2018637834425063,3.2343006866072135,3.1882061400047355,1542540.47
2017-07-27,3.202717386157367,3.211253413305974,3.2189358377397204,3.1805237155709887,1463574.36
2017-07-28,3.2069853997316713,3.223203851314024,3.226618262173467,3.2010101807276454,741486.54
2017-07-31,3.223203851314024,3.235154289322074,3.2471047273301235,3.2155214268802776,1194636.26
2017-08-01,3.235154289322074,3.2607623707678948,3.264176781627338,3.2334470838923526,1224510.36
2017-08-02,3.2624695761976166,3.2607623707678948,3.2778344250651092,3.2556407544787307,1180979.68
2017-08-03,3.2556407544787307,3.2283254676031885,3.263323178912477,3.2214966458843026,1072928.54
2017-08-04,3.2283254676031885,3.2086926051613918,3.2402759056112376,3.2078390024465313,1040716.14
2017-08-07,3.202717386157367,3.2283254676031885,3.2343006866072135,3.2001565780127854,1062490.74
2017-08-08,3.23003267303291,3.229179070318049,3.236007892036935,3.2197894404545813,1211295.12
2017-08-09,3.226618262173467,3.226618262173467,3.2368614947517957,3.2155214268802776,961916.52
2017-08-10,3.2206430431694417,3.2197894404545813,3.244543919185542,3.195888564438482,1386799.03
2017-08-11,3.1993029752979245,3.158330044984611,3.2061317970168095,3.154062031410307,1816643.45
2017-08-14,3.159183647699471,3.197595769868203,3.203570988872228,3.159183647699471,1489558.83
2017-08-15,3.198449372583063,3.2061317970168095,3.2189358377397204,3.1941813590087604,2386280.0
2017-08-16,3.202717386157367,3.2010101807276454,3.2069853997316713,3.183084523715571,881399.28
2017-08-17,3.2061317970168095,3.2257646594586062,3.226618262173467,3.204424591587088,703318.08
2017-08-18,3.2155214268802776,3.2274718648883276,3.235154289322074,3.205278194301949,724997.42
2017-08-21,3.236007892036935,3.2411295083260994,3.2488119327598457,3.2283254676031885,490788.14
2017-08-22,3.2402759056112376,3.246251124615263,3.2530799463341484,3.231739878462631,723347.29
2017-08-23,3.246251124615263,3.2547871517638707,3.2684447952016416,3.2411295083260994,563945.16
2017-08-24,3.2547871517638707,3.237715097466656,3.2624695761976166,3.2334470838923526,764001.5
2017-08-25,3.2368614947517957,3.294052876647463,3.294906479362323,3.236007892036935,2023895.91
2017-08-28,3.296613684792045,3.331611396101334,3.3529514639728513,3.296613684792045,2297449.38
2017-08-29,3.3324649988161945,3.324782574382448,3.3350258069607768,3.318807355378423,1218355.33
2017-08-30,3.3239289716675873,3.3213681635230055,3.3392938205350795,3.3196609580932837,837834.79
2017-08-31,3.3213681635230055,3.31539294451898,3.3299041906716123,3.296613684792045,1166771.03
2017-09-01,3.31539294451898,3.3196609580932837,3.330757793386473,3.3077105200852337,900118.78
2017-09-04,3.3196609580932837,3.331611396101334,3.334172204245916,3.30344250651093,1280226.6
2017-09-05,3.331611396101334,3.343561834109383,3.349537053113408,3.329050587956752,703198.88
2017-09-06,3.3358794096756377,3.3333186015310545,3.3444154368242445,3.3213681635230055,787843.01
2017-09-07,3.3358794096756377,3.318807355378423,3.3461226422539654,3.3179537526635623,513055.17
2017-09-08,3.3205145608081446,3.31539294451898,3.3324649988161945,3.3017353010812087,586515.66
2017-09-11,3.3196609580932837,3.3205145608081446,3.343561834109383,3.312832136374398,760060.16
2017-09-12,3.329050587956752,3.329050587956752,3.3401474232499404,3.31539294451898,623236.72
2017-09-13,3.330757793386473,3.331611396101334,3.3358794096756377,3.316246547233841,593111.79
2017-09-14,3.3299041906716123,3.3205145608081446,3.3418546286796627,3.312832136374398,625454.71
2017-09-15,3.318807355378423,3.325636177097309,3.3299041906716123,3.309417725514955,926836.28
2017-09-18,3.323075368952727,3.3384402178202195,3.3546586694025726,3.3205145608081446,1107037.71
2017-09-19,3.3392938205350795,3.317100149948702,3.3418546286796627,3.3051497119406514,887575.81
2017-09-20,3.31539294451898,3.3324649988161945,3.3367330123904977,3.3136857390892587,697777.49
2017-09-21,3.3324649988161945,3.3333186015310545,3.3427082313945227,3.3213681635230055,1208402.86
2017-09-22,3.3205145608081446,3.3239289716675873,3.328196985241891,3.3085641228000946,747234.87
2017-09-25,3.3196609580932837,3.310271328229816,3.3213681635230055,3.30344250651093,845460.32
2017-09-26,3.3060033146555132,3.3119785336595373,3.3136857390892587,3.304296109225791,605663.07
2017-09-27,3.311124930944677,3.3145393418041196,3.3239289716675873,3.3068569173703732,548811.78
2017-09-28,3.3145393418041196,3.3196609580932837,3.323075368952727,3.3060033146555132,496638.85
2017-09-29,3.3196609580932837,3.330757793386473,3.3452690395391054,3.3196609580932837,887625.89
2017-10-09,3.390509983426722,3.365755504695762,3.4016068187199116,3.3640482992660403,1653136.91
2017-10-10,3.36319469655118,3.3700235182700653,3.377705942703812,3.3461226422539654,1417638.45
2017-10-11,3.3700235182700653,3.382827558992976,3.38794917528214,3.3640482992660403,1082136.09
2017-10-12,3.3819739562781157,3.397338805145608,3.3981924078604684,3.376852339988951,1102176.42
2017-10-13,3.389656380711862,3.4041676268644934,3.4050212295793543,3.389656380711862,548574.03
2017-10-16,3.4041676268644934,3.3922171888564443,3.4169716675874042,3.391363586141583,1052853.88
2017-10-17,3.3922171888564443,3.390509983426722,3.3990460105753297,3.382827558992976,734482.62
2017-10-18,3.389656380711862,3.4109964485833792,3.415264462157683,3.389656380711862,955523.32
2017-10-19,3.4127036540131006,3.4016068187199116,3.4127036540131006,3.397338805145608,956388.56
2017-10-20,3.3990460105753297,3.3998996132901897,3.403314024149633,3.391363586141583,516507.66
2017-10-23,3.403314024149633,3.4101428458685183,3.4127036540131006,3.3939243942861648,884069.36
2017-10-24,3.402460421434773,3.4323365164548973,3.433190119169758,3.4007532160050506,939317.3
2017-10-25,3.4272149001657324,3.443433351748086,3.4477013653223896,3.42380048930629,640827.99
2017-10-26,3.4442869544629473,3.4681878304790468,3.4801382684870967,3.4374581327440614,1403180.02
2017-10-27,3.463919816904743,3.4852598847762613,3.4861134874911213,3.462212611475022,699861.93
2017-10-30,3.487820692920843,3.469895035908768,3.4912351037802853,3.430629311025176,1557691.68
2017-10-31,3.4587982006155786,3.467334227764186,3.4716022413384895,3.4502621734669714,676835.93
2017-11-01,3.4664806250493254,3.455383789756136,3.4895278983505644,3.451969378896693,1298294.02
2017-11-02,3.455383789756136,3.461359008760161,3.462212611475022,3.4408725436035037,982106.5
2017-11-03,3.457944597900718,3.451969378896693,3.4656270223344636,3.429775708310314,1125905.77
2017-11-06,3.4468477626075296,3.482699076631679,3.4844062820613995,3.4408725436035037,608521.36
2017-11-07,3.4818454739168176,3.516843185226107,3.5253792123747143,3.4801382684870967,1032092.15
2017-11-08,3.5134287743666635,3.5091607607923603,3.546719280246232,3.502331939073475,994467.5
2017-11-09,3.5057463499329176,3.535622444953043,3.536476047667903,3.501478336358615,1217573.5
2017-11-10,3.528793623234157,3.5672057454028887,3.5723273616920523,3.521964801515271,1260335.3
2017-11-13,3.5680593481177487,3.574888169836634,3.5851314024149636,3.5654985399731665,889665.35
2017-11-14,3.5765953752663564,3.547572882961092,3.5791561834109378,3.5441584721016492,1327241.0
2017-11-15,3.541597663957067,3.521964801515271,3.5501336911056742,3.515989582511246,2554123.0
2017-11-16,3.5211111988004107,3.5552553073948387,3.5586697182542806,3.5176967879409675,1933054.51
2017-11-17,3.549280088390814,3.559523320969142,3.5637913345434455,3.535622444953043,1888910.42
2017-11-20,3.549280088390814,3.587692210559546,3.588545813274406,3.520257596085549,1403474.63
2017-11-21,3.5825705942703814,3.6585412358929834,3.6602484413227057,3.5765953752663564,1728882.21
2017-11-22,3.6593948386078448,3.6576876331781234,3.6918317417725515,3.627811538157999,1549476.59
2017-11-23,3.652566016888959,3.541597663957067,3.652566016888959,3.5330616368084606,2992733.63
2017-11-24,3.5330616368084606,3.5450120748165097,3.5612305263988637,3.5134287743666635,2160149.69
2017-11-27,3.5339152395233207,3.487820692920843,3.5398904585273465,3.4852598847762613,2731052.0
2017-11-28,3.4835526793465394,3.5040391445031966,3.5083071580775,3.4741630494830718,1048320.4
2017-11-29,3.507453555362639,3.5006247336437535,3.516843185226107,3.457944597900718,1191682.19
2017-11-30,3.497210322784311,3.4605054060453004,3.5048927472180567,3.451969378896693,1176151.15
2017-12-01,3.4596518033304395,3.4630662141898823,3.4869670902059817,3.44855496803725,847132.68
2017-12-04,3.4596518033304395,3.477577460342514,3.4920887064951467,3.4451405571778073,778886.2
2017-12-05,3.4690414331939072,3.4989175282140317,3.5048927472180567,3.4681878304790468,818564.93
2017-12-06,3.4912351037802853,3.4724558440533495,3.4912351037802853,3.4366045300292,908335.42
2017-12-07,3.4681878304790468,3.433190119169758,3.4792846657722354,3.421239681161708,897478.69
2017-12-08,3.433190119169758,3.4664806250493254,3.475870254912793,3.428922105595454,941707.7
2017-12-11,3.4656270223344636,3.5236720069449925,3.5253792123747143,3.4656270223344636,921277.9
2017-12-12,3.520257596085549,3.4681878304790468,3.520257596085549,3.4664806250493254,1094854.56
2017-12-13,3.4681878304790468,3.4929423092100067,3.5006247336437535,3.462212611475022,1159791.05
2017-12-14,3.4937959119248676,3.4818454739168176,3.5031855417883353,3.4681878304790468,1559101.58
2017-12-15,3.4724558440533495,3.43575092731434,3.4741630494830718,3.4323365164548973,925487.43
2017-12-18,3.4383117354589214,3.4366045300292,3.4630662141898823,3.4255076947360115,1028030.98
2017-12-19,3.4400189408886437,3.4818454739168176,3.4835526793465394,3.4400189408886437,1052969.44
2017-12-20,3.4792846657722354,3.4741630494830718,3.4895278983505644,3.4664806250493254,930046.98
2017-12-21,3.467334227764186,3.516843185226107,3.528793623234157,3.4656270223344636,2415533.29
2017-12-22,3.5151359797963857,3.5006247336437535,3.519403993370689,3.497210322784311,1297648.67
2017-12-25,3.5031855417883353,3.4844062820613995,3.5305008286638784,3.475870254912793,1702341.08
2017-12-26,3.4869670902059817,3.494649514639729,3.5031855417883353,3.469895035908768,2089951.98
2017-12-27,3.495503117354589,3.4366045300292,3.4980639254991712,3.433190119169758,2084858.56
2017-12-28,3.4408725436035037,3.4681878304790468,3.4809918712019576,3.4323365164548973,1939509.65
2017-12-29,3.470748638623629,3.4792846657722354,3.4852598847762613,3.4605054060453004,1083159.43
2018-01-02,3.487820692920843,3.5305008286638784,3.5322080340935993,3.4861134874911213,1688765.61
2018-01-03,3.5305008286638784,3.549280088390814,3.5731809644069137,3.5270864178044348,1267933.28
2018-01-04,3.549280088390814,3.560376923684003,3.5680593481177487,3.5424512666719283,922207.09
2018-01-05,3.5672057454028887,3.574034567121774,3.5825705942703814,3.5552553073948387,1271316.73
2018-01-08,3.5731809644069137,3.588545813274406,3.5970818404230136,3.562084129113724,1056967.05
2018-01-09,3.588545813274406,3.6175683055796704,3.6201291137242517,3.5825705942703814,1079460.72
2018-01-10,3.614153894720227,3.632933154447163,3.6363475653066053,3.603057059427038,1449656.98
2018-01-11,3.6269579354431376,3.627811538157999,3.632933154447163,3.612446689290506,984750.59
2018-01-12,3.627811538157999,3.647444400599795,3.6508588114592375,3.6235435245836953,1035749.19
2018-01-15,3.647444400599795,3.640615578880909,3.6790277010496406,3.637201168021466,1573647.26
2018-01-16,3.640615578880909,3.6773204956199192,3.6798813037645015,3.6363475653066053,1231839.54
2018-01-17,3.6781740983347806,3.6662236603267306,3.693538947202273,3.6542732223186802,1589397.22
2018-01-18,3.6713452766158947,3.6901245363428306,3.701221371636019,3.6687844684713125,1250863.1
2018-01-19,3.6918317417725515,3.7003677689211587,3.72597585036698,3.689270933627969,2185064.6
2018-01-22,3.689270933627969,3.747315918238497,3.7498767263830795,3.689270933627969,1398733.65
2018-01-23,3.754896219714308,3.7850872070081287,3.7859498066450956,3.752308420803409,1584662.66
2018-01-24,3.7850872070081287,3.7876750059190276,3.795438402651725,3.7574840186252074,1613457.25
2018-01-25,3.7850872070081287,3.7635222160839716,3.7868124062820616,3.744545024070713,1548719.83
2018-01-26,3.752308420803409,3.78249940809723,3.8075147975692527,3.7479954226185783,984131.54
2018-01-29,3.791125404466893,3.710903638229027,3.795438402651725,3.7014150422223984,2140531.87
2018-01-30,3.702277641859364,3.6729492542025097,3.7178044353247572,3.670361455291611,1616871.4
2018-01-31,3.662598058558915,3.684163049483072,3.6971020440375657,3.6574224607371164,1667368.54
2018-02-01,3.683300449846105,3.658285060374083,3.698827243311499,3.6367200694499258,4390735.9
2018-02-02,3.631544471628127,3.680712650935207,3.6858882487570037,3.6125672796148685,2127961.41
2018-02-05,3.647933864730487,3.6772622523873415,3.681575250572173,3.631544471628127,2308395.13
2018-02-06,3.622918475258465,3.573750295951385,3.634132270539027,3.5677120984926214,3131731.33
2018-02-07,3.622918475258465,3.4892155315286875,3.6306818719911607,3.4840399337068897,3395178.12
2018-02-08,3.4849025333438566,3.4607497435087993,3.512505721726778,3.4340091547628444,3123485.62
2018-02-09,3.3684515823534054,3.301168810670034,3.3822531765448667,3.2468250335411573,4168371.79
2018-02-12,3.308932207402731,3.348611790703181,3.3684515823534054,3.298581011759135,1935588.68
2018-02-13,3.3788027779970013,3.389153973640597,3.4340091547628444,3.3788027779970013,1624624.68
2018-02-14,3.3995051692841924,3.419344960934417,3.4253831583931813,3.3874287743666645,930356.24
2018-02-22,3.464200142056665,3.4900781311656544,3.496116328624418,3.4521237471391366,1890640.57
2018-02-23,3.496978928261385,3.5090553231789126,3.5176813195485757,3.4788643358850924,1576572.47
2018-02-26,3.534933312287902,3.5539105043011605,3.565124299581722,3.493528529713519,2027722.59
2018-02-27,3.560811301396891,3.5030171257201483,3.5616739010338567,3.4978415278983506,2118232.91
2018-02-28,3.47455133770026,3.4676505406045295,3.4978415278983506,3.446085549680373,2392245.66
2018-03-01,3.450398547865204,3.4926659300765532,3.508192723541946,3.44436035040644,1186369.49
2018-03-02,3.4676505406045295,3.469375739878463,3.4874903322547555,3.457299344960935,906146.82
2018-03-05,3.471963538789362,3.461612343145766,3.4926659300765532,3.441772551495541,960124.7
2018-03-06,3.4866277326177886,3.5133683213637448,3.5142309210007103,3.4478107489543053,1335938.23
2018-03-07,3.510780522452846,3.4849025333438566,3.53062031410307,3.477139136611159,1397285.41
2018-03-08,3.4866277326177886,3.5202691184594754,3.521994317733407,3.477139136611159,932075.22
2018-03-09,3.5263073159182388,3.546147107568463,3.5513227053902616,3.5142309210007103,1116871.1
2018-03-12,3.56339910030779,3.5564983032120594,3.5780632941362165,3.5513227053902616,2949891.63
2018-03-13,3.5539105043011605,3.518543919185542,3.5599487017599243,3.516818719911609,1435127.66
2018-03-14,3.510780522452846,3.506467524268014,3.52371951700734,3.5030171257201483,1209033.64
2018-03-15,3.502154526083182,3.532345513377003,3.534933312287902,3.4952537289874517,1000794.31
2018-03-16,3.528032515192171,3.493528529713519,3.540971509746666,3.4926659300765532,883232.64
2018-03-19,3.4926659300765532,3.512505721726778,3.5150935206376768,3.475413937337227,809020.13
2018-03-20,3.501291926446216,3.510780522452846,3.521131718096441,3.479726935522058,754936.0
2018-03-21,3.5245821166443063,3.4926659300765532,3.5487349064793623,3.4849025333438566,1291002.72
2018-03-22,3.498704127535317,3.461612343145766,3.509917922815879,3.452986346776103,984440.17
2018-03-23,3.364138584168574,3.3589629863467763,3.383978375818799,3.2994436113961014,2789760.65
2018-03-26,3.3322223976008214,3.3434361928813825,3.3520621892510465,3.301168810670034,2339575.5
2018-03-27,3.3822531765448667,3.3736271801752036,3.3900165732775633,3.351199589614079,1437933.79
2018-03-28,3.3417109936074505,3.3054818088548656,3.3675889827164394,3.3028940099439668,1350991.39
2018-03-29,3.31842080340936,3.3658637834425065,3.380527977270934,3.27184042301318,1934539.72
2018-03-30,3.366726383079473,3.3606881856207087,3.3770775787230685,3.345161392155316,923031.3
2018-04-02,3.361550785257675,3.3494743903401467,3.395192171099361,3.346886591429248,1775059.95
2018-04-03,3.328771999052956,3.3279093994159896,3.345161392155316,3.309794807039697,1409852.82
2018-04-04,3.3356727961486863,3.3192834030463265,3.3606881856207087,3.314970404861495,1028784.09
2018-04-09,3.322733801594192,3.3235964012311583,3.342573593244416,3.3020314103070003,1191991.09
2018-04-10,3.327046799779023,3.3882913740036305,3.389153973640597,3.3235964012311583,1590734.09
2018-04-11,3.3969173703732936,3.3926043721884622,3.413306763475653,3.386566174729698,1364955.0
2018-04-12,3.391741772551496,3.3572377870728434,3.3969173703732936,3.3563751874358774,967303.12
2018-04-13,3.3770775787230685,3.333947596874754,3.3874287743666645,3.3279093994159896,1212467.76
2018-04-16,3.3279093994159896,3.281329019019809,3.338260595059585,3.270115223739247,1141596.39
2018-04-17,3.2908176150264383,3.2330234393496964,3.29513061321127,3.2304356404387975,1382998.0
2018-04-18,3.2614892273695846,3.2399242364454266,3.273565622287112,3.2002446531449764,2125676.6
2018-04-19,3.2476876331781237,3.2856420172046406,3.2942680135743037,3.2468250335411573,1714951.53
2018-04-20,3.2752908215610455,3.234748638623629,3.286504616841607,3.2287104411648646,1631785.79
2018-04-23,3.2287104411648646,3.2485502328150897,3.2683900244653152,3.218359245521269,1064099.75
2018-04-24,3.2554510299108204,3.3166956041354276,3.3253216005050907,3.2554510299108204,1794867.23
2018-04-25,3.3028940099439668,3.2968558124852025,3.309794807039697,3.289092415752506,1072139.04
2018-04-26,3.301168810670034,3.2312982400757635,3.307207008128798,3.2261226422539657,1279568.77
2018-04-27,3.2485502328150897,3.238199037171494,3.251138031725989,3.2019698524189097,1178761.95
2018-05-02,3.252000631362955,3.2485502328150897,3.2683900244653152,3.226985241890932,1130980.0
2018-05-03,3.2399242364454266,3.267527424828348,3.2796038197458763,3.218359245521269,1500874.41
2018-05-04,3.265802225554416,3.252000631362955,3.2770160208349774,3.2468250335411573,1112293.69
2018-05-07,3.2571762291847524,3.304619209217899,3.3080696077657645,3.252000631362955,1519752.83
2018-05-08,3.3080696077657645,3.3477491910662143,3.3563751874358774,3.303756609580933,1882643.93
2018-05-09,3.346886591429248,3.338260595059585,3.3477491910662143,3.3235964012311583,872673.25
2018-05-10,3.3477491910662143,3.3606881856207087,3.362413384894641,3.331359797963855,994891.12
2018-05-11,3.366726383079473,3.3408483939704845,3.372764580538237,3.337397995422619,850967.64
2018-05-14,3.3477491910662143,3.3701767816273382,3.377940178360035,3.3477491910662143,1809287.13
2018-05-15,3.3770775787230685,3.3831157761818327,3.3831157761818327,3.350336989977113,1444888.09
2018-05-16,3.3710393812643042,3.355512587798911,3.3788027779970013,3.348611790703181,878034.78
2018-05-17,3.3572377870728434,3.327046799779023,3.361550785257675,3.326184200142057,835910.34
2018-05-18,3.331359797963855,3.3632759845316076,3.3675889827164394,3.315833004498461,1916792.13
2018-05-21,3.3857035750927316,3.3796653776339673,3.400367768921159,3.369314181990372,1582573.9
2018-05-22,3.3796653776339673,3.3658637834425065,3.3796653776339673,3.345161392155316,846887.76
2018-05-23,3.3572377870728434,3.3218712019572254,3.35810038670981,3.3210086023202594,1100044.73
2018-05-24,3.3210086023202594,3.29513061321127,3.3296345986899225,3.2916802146634048,1216399.95
2018-05-25,3.2942680135743037,3.287367216478573,3.31152000631363,3.278741220108911,1031684.28
2018-05-28,3.2942680135743037,3.3080696077657645,3.3210086023202594,3.278741220108911,916134.09
2018-05-29,3.303756609580933,3.2770160208349774,3.3123826059505963,3.2752908215610455,1263855.6
2018-05-30,3.245099834267225,3.2149088469734037,3.249412832452056,3.2140462473364377,1440322.81
2018-05-31,3.2330234393496964,3.280466419382843,3.2830542182937417,3.2278478415278986,1701936.23
2018-06-01,3.265802225554416,3.2580388288217192,3.2770160208349774,3.243374634993292,1210254.7
2018-06-04,3.2752908215610455,3.289955015389472,3.293405413937337,3.2640770262804826,1260796.81
2018-06-05,3.286504616841607,3.317558203772394,3.3210086023202594,3.280466419382843,1048859.97
2018-06-06,3.3132452055875623,3.31152000631363,3.320146002683293,3.304619209217899,835028.2
2018-06-07,3.3235964012311583,3.3106574066766634,3.337397995422619,3.304619209217899,1098143.21
2018-06-08,3.303756609580933,3.266664825191382,3.303756609580933,3.2502754320890226,1353332.85
2018-06-11,3.2528632309999215,3.2752908215610455,3.282191618656776,3.252000631362955,768349.34
2018-06-12,3.276153421198011,3.3080696077657645,3.3192834030463265,3.259764028095652,1221683.66
2018-06-13,3.2968558124852025,3.2744282219240786,3.301168810670034,3.2692526241022812,1148816.61
2018-06-14,3.26493962591745,3.265802225554416,3.295993212848236,3.2571762291847524,1372525.56
2018-06-15,3.2606266277326177,3.2606266277326177,3.2796038197458763,3.243374634993292,1303403.0
2018-06-19,3.2390616368084606,3.1484886749269987,3.2390616368084606,3.114847289085313,3515761.08
2018-06-20,3.137274879646437,3.1484886749269987,3.163152868755426,3.109671691263515,2490302.85
2018-06-21,3.1502138742009316,3.12261068581801,3.188168258227449,3.117435087996212,3337199.59
2018-06-22,3.1139846894483467,3.1364122800094707,3.137274879646437,3.081205903243627,1542609.56
2018-06-25,3.1467634756530662,3.092419698524189,3.151939073474864,3.091557098887223,1154244.51
2018-06-26,3.063091310867335,3.0622287112303685,3.080343303606661,3.0251369268408177,2023401.88
2018-06-27,3.064816510141268,2.9897703417251997,3.070854707600032,2.9820069449925026,2008945.24
2018-06-28,2.975968747533739,2.9725183489858735,3.0182361297450875,2.9673427511640753,1625310.44
2018-06-29,2.9751061478967724,3.051014915949807,3.0561905137716048,2.9751061478967724,1706049.55
2018-07-02,3.0458393181280092,2.9699305500749746,3.0492897166758746,2.937151763870255,2121981.17
2018-07-03,2.9690679504380086,2.9587167547944127,2.9785565464446373,2.8888461842001423,3615524.34
2018-07-04,2.9526785573356484,2.927663167863626,2.9673427511640753,2.9233501696787942,1268908.78
2018-07-05,2.9285257675005925,2.903510378028569,2.9561289558835138,2.8983347802067714,1726212.49
2018-07-06,2.908685975850367,2.9285257675005925,2.959579354431379,2.8724567910977825,2354378.39
2018-07-09,2.941464762055087,3.013923131560256,3.0165109304711546,2.941464762055087,2299572.47
2018-07-10,3.0190987293820535,3.021686528292953,3.0251369268408177,2.992358140636098,1457344.81
2018-07-11,2.9673427511640753,2.971655749348907,2.9845947439034015,2.9319761660484573,1954317.57
2018-07-12,2.9699305500749746,3.04325151921711,3.058778312682503,2.9682053508010418,2089339.58
2018-07-13,3.0441141188540763,3.0484271170389077,3.0561905137716048,3.033762923210481,1327475.63
2018-07-16,3.0458393181280092,3.0354881224844137,3.0699921079630657,3.0242743272038513,1265179.0
2018-07-17,3.0320377239365484,3.0165109304711546,3.0354881224844137,2.9932207402730646,1215373.72
2018-07-18,3.020823928655986,3.0027093362796937,3.0492897166758746,3.0018467366427273,1276136.56
2018-07-19,3.0182361297450875,3.0044345355536266,3.038075921395312,2.991495540999132,1419531.0
2018-07-20,3.0027093362796937,3.0622287112303685,3.075167705784863,2.979419146081604,1934021.66
2018-07-23,3.044976718491043,3.0820685028805936,3.0898318996132903,3.0363507221213797,1737761.24
2018-07-24,3.088969299976324,3.139000078920369,3.154526872385763,3.088969299976324,2602805.3
2018-07-25,3.139862678557336,3.138137479283403,3.1441756767421674,3.1234732854549763,2022573.08
2018-07-26,3.1355496803725043,3.097595296345987,3.1476260752900322,3.0898318996132903,1554862.34
2018-07-27,3.0932822981611556,3.0898318996132903,3.108809091626549,3.0794807039696948,876624.56
2018-07-30,3.088969299976324,3.072579906873964,3.1113968905374483,3.0570531134085708,1599820.13
2018-07-31,3.0682669086891328,3.0837937021545265,3.100183095256886,3.064816510141268,1057737.14
2018-08-01,3.1010456948938523,3.014785731197222,3.1131220898113803,3.013923131560256,2696107.53
2018-08-02,3.0052971351905926,2.9475029595138507,3.007884934101492,2.913861573672165,2706062.39
2018-08-03,2.946640359876884,2.9060981769394685,2.9587167547944127,2.905235577302502,1675735.65
2018-08-06,2.9060981769394685,2.875907189645648,2.9328387656854233,2.8577925972693556,2222049.99
2018-08-07,2.881082787467445,2.9561289558835138,2.957854155157446,2.8664185936390183,2250980.6
2018-08-08,2.9509533580617155,2.9129989740351983,2.9518159576986824,2.9009225791176703,1975636.83
2018-08-09,2.9112737747612663,2.982869544629469,2.992358140636098,2.9009225791176703,2292219.96
2018-08-10,2.9785565464446373,2.988045142451267,3.0035719359166606,2.9638923526162104,1376743.58
2018-08-13,2.9587167547944127,2.9751061478967724,2.982869544629469,2.925937968589693,1707540.1
2018-08-14,2.9725183489858735,2.962167153342278,2.976831347170705,2.9431899613290193,971810.92
2018-08-15,2.960441954068345,2.8914339831110407,2.962167153342278,2.885395785652277,1514897.0
2018-08-16,2.8724567910977825,2.879357588193513,2.9129989740351983,2.839678004893063,2077489.96
2018-08-17,2.9000599794807043,2.8353650067082317,2.903510378028569,2.8276016099755346,1801104.13
2018-08-20,2.842265803803962,2.865555994002052,2.868143792912951,2.820700812879805,2046795.25
2018-08-21,2.864693394365086,2.914724173309131,2.929388367137558,2.864693394365086,2322492.06
2018-08-22,2.919899771130929,2.909548575487334,2.919899771130929,2.894884381658906,1165533.37
2018-08-23,2.9112737747612663,2.9181745718569965,2.9354265645963222,2.885395785652277,2450655.34
2018-08-24,2.9129989740351983,2.922487570041828,2.946640359876884,2.8888461842001423,2031330.54
2018-08-27,2.9285257675005925,2.9958085391839635,2.99667113882093,2.9285257675005925,2241291.05
2018-08-28,2.99667113882093,2.9871825428143004,3.0052971351905926,2.9785565464446373,1432062.81
2018-08-29,2.9837321442664355,2.975968747533739,2.9871825428143004,2.9682053508010418,1323573.16
2018-08-30,2.975968747533739,2.946640359876884,2.991495540999132,2.941464762055087,1629236.99
2018-08-31,2.9345639649593562,2.9242127693157607,2.953541156972615,2.908685975850367,1491240.71
2018-09-03,2.9207623707678954,2.9181745718569965,2.9285257675005925,2.890571383474075,1405627.75
2018-09-04,2.91731197222003,2.9526785573356484,2.9656175518901433,2.9069607765764345,1749978.37
2018-09-05,2.941464762055087,2.8922965827480076,2.946640359876884,2.8914339831110407,1952639.63
2018-09-06,2.890571383474075,2.8672811932759847,2.913861573672165,2.858655196906322,2133340.39
2018-09-07,2.875907189645648,2.8862583852892434,2.919037171493963,2.8577925972693556,1850577.98
2018-09-10,2.8750445900086814,2.8448536027148608,2.8836705863783445,2.841403204166996,1603305.84
2018-09-11,2.845716202351827,2.834502407071265,2.858655196906322,2.8241512114276697,2253782.1
2018-09-12,2.833639807434299,2.81466261542104,2.8388154052560965,2.8112122168731752,2061822.0
2018-09-13,2.843128403440928,2.8448536027148608,2.8595177965432876,2.809487017599243,2597714.23
2018-09-14,2.848304001262726,2.8491666008996925,2.8595177965432876,2.8362276063451977,1756240.21
2018-09-17,2.833639807434299,2.822426012153737,2.8388154052560965,2.8155252150580066,1156508.2
2018-09-18,2.8129374161471077,2.876769789282614,2.880220187830479,2.8120748165101412,2367468.41
2018-09-19,2.8724567910977825,2.9155867729460976,2.9388769631441876,2.8664185936390183,4463292.46
2018-09-20,2.9155867729460976,2.913861573672165,2.9440525609659853,2.907823376213401,2440904.49
2018-09-21,2.922487570041828,3.0052971351905926,3.0070223344645255,2.9129989740351983,4773660.17
2018-09-25,2.9733809486228395,2.9751061478967724,2.982869544629469,2.9587167547944127,2089806.17
2018-09-26,2.975968747533739,3.007884934101492,3.032900323573515,2.974243548259806,3015784.28
2018-09-27,2.9975337384578964,2.9949459395469975,3.007884934101492,2.9845947439034015,2312028.83
2018-09-28,2.9992589377318284,3.025999526477784,3.0294499250256495,2.9958085391839635,3022668.15
2018-10-08,2.959579354431379,2.881945387104412,2.962167153342278,2.881082787467445,4299047.46
2018-10-09,2.887983584563176,2.887983584563176,2.907823376213401,2.8776323889195803,1965700.44
2018-10-10,2.890571383474075,2.8862583852892434,2.913861573672165,2.858655196906322,2636640.79
2018-10-11,2.8034488201404786,2.7378912477310395,2.822426012153737,2.717188856443848,6675568.37
2018-10-12,2.741341646278905,2.7887846263120517,2.802586220503512,2.7266774524504775,5007325.47
2018-10-15,2.793960224133849,2.748242443374635,2.796548023044748,2.745654644463736,2926292.44
2018-10-16,2.7516928419225004,2.730127850998343,2.78447162812722,2.719776655354747,4938840.19
2018-10-17,2.764631836476995,2.7396164470049724,2.7732578328466575,2.695623865519691,6437365.26
2018-10-18,2.7215018546286798,2.6792344724173307,2.730127850998343,2.6783718727803647,5932914.4
2018-10-19,2.66543287822587,2.747379843737669,2.7603188382921635,2.650768684397443,6731053.15
2018-10-22,2.8034488201404786,2.8922965827480076,2.9069607765764345,2.7603188382921635,9341863.88
2018-10-23,2.8897087838371087,2.7948228237708155,2.8914339831110407,2.779296030305422,8599759.98
2018-10-24,2.7913724252229506,2.799135821955647,2.8543421987214903,2.7853342277641864,5306689.97
2018-10-25,2.734440849183174,2.8129374161471077,2.8172504143319395,2.7266774524504775,5283845.52
2018-10-26,2.8189756136058715,2.78447162812722,2.833639807434299,2.7629066372030624,4499657.91
2018-10-29,2.776708231394523,2.7007994633414882,2.7827464288532875,2.682684870965196,4083248.67
2018-10-30,2.6921734669718256,2.7327156499092418,2.762044037566096,2.680959671691264,5465880.34
2018-10-31,2.7387538473680055,2.764631836476995,2.7887846263120517,2.7292652513613764,3798124.49
2018-11-01,2.7956854234077815,2.78447162812722,2.8293268092494674,2.779296030305422,5178410.18
2018-11-02,2.8897087838371087,2.9009225791176703,2.913861573672165,2.8319146081603663,8571833.05
2018-11-05,2.881082787467445,2.8638307947281194,2.8845331860153105,2.834502407071265,4511809.0
2018-11-06,2.853479599084524,2.845716202351827,2.8595177965432876,2.8181130139689055,3370718.14
2018-11-07,2.848304001262726,2.822426012153737,2.8776323889195803,2.8198382132428383,3920487.42
2018-11-08,2.8500292005366585,2.8198382132428383,2.8569299976323888,2.816387814694973,3121866.07
2018-11-09,2.8043114197774446,2.78447162812722,2.8060366190513775,2.7827464288532875,3006413.09
2018-11-12,2.7775708310314893,2.8155252150580066,2.8198382132428383,2.7732578328466575,3474718.91
2018-11-13,2.78447162812722,2.8448536027148608,2.861242995817221,2.780158629942388,4499381.6
2018-11-14,2.8362276063451977,2.810349617236209,2.8439910030778948,2.8034488201404786,3412692.17
2018-11-15,2.810349617236209,2.8474414016257596,2.848304001262726,2.80776181832531,3344245.52
2018-11-16,2.8517543998105914,2.8560673979954228,2.8845331860153105,2.8276016099755346,4153067.33
2018-11-19,2.8552047983584568,2.887983584563176,2.8888461842001423,2.8491666008996925,3650422.87
2018-11-20,2.869006392549917,2.8250138110646357,2.875907189645648,2.8155252150580066,3825191.18
2018-11-21,2.799135821955647,2.8276016099755346,2.834502407071265,2.7974106226817144,2891170.4
2018-11-22,2.833639807434299,2.8198382132428383,2.8353650067082317,2.7999984215926133,3222327.16
2018-11-23,2.81466261542104,2.7465172441007026,2.8172504143319395,2.7430668455528373,3672487.38
2018-11-26,2.7542806408333993,2.7508302422855344,2.7775708310314893,2.7378912477310395,4260560.68
2018-11-27,2.7611814379291295,2.748242443374635,2.7715326335727255,2.7396164470049724,2798289.03
2018-11-28,2.749105043011601,2.7896472259490173,2.7930976244968826,2.7430668455528373,2517277.44
2018-11-29,2.8043114197774446,2.762044037566096,2.8120748165101412,2.7603188382921635,2037879.98
2018-11-30,2.7603188382921635,2.7905098255859837,2.7913724252229506,2.7525554415594664,2691270.77
2018-12-03,2.8698689921868836,2.862968195091153,2.880220187830479,2.839678004893063,5925490.35
2018-12-04,2.858655196906322,2.8672811932759847,2.8715941914608165,2.848304001262726,2204018.03
2018-12-05,2.8362276063451977,2.8543421987214903,2.87073159182385,2.8327772077973328,2694282.73
2018-12-06,2.830189408886434,2.796548023044748,2.830189408886434,2.7922350248599166,4354709.72
2018-12-07,2.798273222318681,2.7905098255859837,2.8043114197774446,2.7896472259490173,1924266.45
2018-12-10,2.7715326335727255,2.764631836476995,2.7861968274011524,2.7534180411964333,2601286.23
2018-12-11,2.7715326335727255,2.775845631757557,2.7784334306684557,2.7603188382921635,1518318.88
2018-12-12,2.7905098255859837,2.7853342277641864,2.7999984215926133,2.7749830321205904,2090476.39
2018-12-13,2.7905098255859837,2.8327772077973328,2.845716202351827,2.7861968274011524,4177232.3
2018-12-14,2.8232886117907037,2.7836090284902535,2.8241512114276697,2.7810212295793546,3001484.18
2018-12-17,2.7784334306684557,2.780158629942388,2.7887846263120517,2.757731039381264,3507314.6
2018-12-18,2.7663570357509273,2.745654644463736,2.7861968274011524,2.734440849183174,3278632.54
2018-12-19,2.748242443374635,2.717188856443848,2.7542806408333993,2.7111506589850842,2910277.68
2018-12-20,2.7111506589850842,2.697349064793623,2.722364454265646,2.6766466735064323,3465180.81
2018-12-21,2.690448267697893,2.663707678951938,2.6921734669718256,2.646455686212612,3864981.26
2018-12-24,2.6542190829453083,2.669745876410702,2.6723336753216005,2.6447304869386787,2414407.1
2018-12-25,2.6455930865756456,2.653356483308342,2.66543287822587,2.6102265014600268,4031315.69
2018-12-26,2.6455930865756456,2.638692289479915,2.661119880041039,2.6317914923841847,2164598.17
2018-12-27,2.6714710756846345,2.6326540920211507,2.675784073869466,2.6274784941993525,2353475.82
2018-12-28,2.6378296898429485,2.638692289479915,2.6628450793149714,2.6274784941993525,3892666.56
2019-01-02,2.648180885486544,2.60246310472733,2.648180885486544,2.5955623076316,3509348.63
2019-01-03,2.601600505090364,2.60246310472733,2.6404174887538474,2.596424907268566,2681762.41
2019-01-04,2.5886615105358697,2.668883276773735,2.670608476047668,2.5852111119880044,4798477.43
2019-01-07,2.68182227132823,2.6800970720542976,2.6895856680609267,2.6662954778628367,4168316.08
2019-01-08,2.6800970720542976,2.6800970720542976,2.682684870965196,2.668883276773735,1970848.42
2019-01-09,2.690448267697893,2.6999368637045222,2.742204245915871,2.6895856680609267,4396881.93
2019-01-10,2.6990742640675562,2.702524662615421,2.7206392549917133,2.6861352695130614,2476923.17
2019-01-11,2.7007994633414882,2.722364454265646,2.730127850998343,2.6990742640675562,2513682.41
2019-01-14,2.7215018546286798,2.6990742640675562,2.7215018546286798,2.693036066608792,2039120.53
2019-01-15,2.702524662615421,2.749967642648568,2.7516928419225004,2.696486465156657,3518301.19
2019-01-16,2.7519490963617708,2.7501912240549284,2.7528280325151924,2.7370071817536106,1877281.0
2019-01-17,2.7501912240549284,2.7352493094467683,2.7642542025096675,2.733491437139926,2381766.91
2019-01-18,2.743159734827559,2.782711861731513,2.7906222871123036,2.743159734827559,3889859.26
2019-01-21,2.782711861731513,2.7976537763396734,2.8125956909478336,2.780075053271249,2851848.99
2019-01-22,2.7923801594191464,2.762496330202825,2.7923801594191464,2.7554648409754554,2543107.04
2019-01-23,2.7554648409754554,2.7554648409754554,2.779196117117828,2.748433351748086,2255126.23
2019-01-24,2.7589805855891405,2.776559308657564,2.783590797884934,2.740522926367295,2543769.76
2019-01-25,2.779196117117828,2.7976537763396734,2.815232499408097,2.779196117117828,2722859.16
2019-01-28,2.80995888248757,2.7941380317259883,2.838084839397048,2.787106542498619,2966955.11
2019-01-29,2.78798547865204,2.8064431378738854,2.815232499408097,2.7686488832767737,3587900.06
2019-01-30,2.793259095572567,2.78798547865204,2.815232499408097,2.7853486701917767,2129268.33
2019-01-31,2.7985327124930945,2.814353563254676,2.826658669402573,2.793259095572567,3342948.02
2019-02-01,2.829295477862836,2.8609371793859997,2.862695051692842,2.814353563254676,3512648.83
2019-02-11,2.8521478178517876,2.9004893062899533,2.9048839870570595,2.840721647857312,3872537.35
2019-02-12,2.899610370136532,2.921583773972062,2.9277363270460106,2.8952156893694263,3728810.2
2019-02-13,2.9259784547391683,2.9822303685581244,2.9971722831662855,2.9207048378186413,4278016.46
2019-02-14,2.9787146239444398,2.9857461131718095,3.00068802777997,2.9708041985636493,3797560.65
2019-02-15,2.97168313471707,2.9365256885802227,2.983988240864967,2.9321310078131164,4479468.54
2019-02-18,2.955862283955489,3.021782495462079,3.023540367768921,2.955862283955489,4711063.63
2019-02-19,3.027935048536027,3.013872070081288,3.050787388524978,2.9980512193197066,6782305.31
2019-02-20,3.0209035593086573,3.021782495462079,3.0349665377633968,3.0015669639333913,6116144.99
2019-02-21,3.0226614316155,3.0182667508483942,3.0657293031331387,3.004203772393655,6352929.22
2019-02-22,3.013872070081288,3.099128876963144,3.1008867492699865,2.9971722831662855,5921217.1
2019-02-25,3.146591429247889,3.3179839791650223,3.322378659932128,3.129012706179465,11513198.43
2019-02-26,3.2907369584089654,3.243274406124221,3.3030420645568617,3.2283324915160603,7820035.78
2019-02-27,3.2423954699707993,3.225695683055797,3.27227929918712,3.190538236918949,5994358.62
2019-02-28,3.224816746902375,3.2195431299818478,3.2406375976639574,3.2019644069134245,4628979.08
2019-03-01,3.243274406124221,3.2854633414884384,3.2951316391760717,3.2142695130613212,6527375.27
2019-03-04,3.3135892983979165,3.319741851471865,3.408514402967406,3.2960105753294924,6603305.4
2019-03-05,3.3171050430116016,3.3478678083813436,3.3522624891484494,3.305678873017126,4431034.96
2019-03-06,3.3478678083813436,3.370720148370294,3.3839041906716125,3.3171050430116016,5804959.17
2019-03-07,3.3663254676031884,3.3338048299266045,3.370720148370294,3.3074367453239684,6184209.99
2019-03-08,3.2643688738063297,3.217785257675006,3.304799936863704,3.208995896140794,5360776.31
2019-03-11,3.217785257675006,3.2608531291926446,3.271400363033699,3.2054801515271087,4523059.71
2019-03-12,3.2854633414884384,3.2828265330281745,3.3338048299266045,3.2590952568858023,5307450.16
2019-03-13,3.2854633414884384,3.263489937652908,3.29425270302265,3.2459112145844844,4832336.18
2019-03-14,3.2564584484255388,3.239758661510536,3.2793107884144894,3.2239378107489545,3621079.24
2019-03-15,3.2485480230447483,3.2828265330281745,3.3214997237787074,3.2485480230447483,3870055.65
2019-03-18,3.283705469181596,3.3839041906716125,3.385662062978455,3.274037171493963,5714156.55
2019-03-19,3.385662062978455,3.359293978375819,3.394451424512667,3.3443520637676585,3970864.76
2019-03-20,3.355778233762134,3.359293978375819,3.3803884460579274,3.322378659932128,3278933.21
2019-03-21,3.3628097229895033,3.361051850682661,3.387419935285297,3.3487467445347643,3800127.07
2019-03-22,3.36017291452924,3.3654465314497672,3.3724780206771374,3.315347170704759,3023844.37
2019-03-25,3.311831426091074,3.2819475968747533,3.3364416383868676,3.275795043800805,4359508.96
2019-03-26,3.29425270302265,3.2476690868913267,3.3030420645568617,3.232727172283166,3201400.31
2019-03-27,3.259974193039224,3.275795043800805,3.2854633414884384,3.252942703811854,3507393.41
2019-03-28,3.2643688738063297,3.267005682266593,3.2907369584089654,3.2503058953515906,2568844.36
2019-03-29,3.274037171493963,3.4006039775866155,3.408514402967406,3.274037171493963,6344016.38
2019-04-01,3.422577381422145,3.4884975929287347,3.49201333754242,3.422577381422145,6910356.84
2019-04-02,3.4902554652355775,3.4823450398547866,3.5051973798437372,3.4682820614000476,3839400.43
2019-04-03,3.46300844447952,3.5289286559861095,3.5412337621340066,3.4586137637124144,5420179.44
2019-04-04,3.5394758898271643,3.5702386551969063,3.579028016731118,3.52189716675874,5213701.08
2019-04-08,3.6018803567200695,3.5473863152079548,3.6282484413227056,3.5166235498382137,7639483.28
2019-04-09,3.552659932128482,3.5684807828900635,3.5825437613448026,3.534202272906637,3712237.65
2019-04-10,3.552659932128482,3.5737543998105905,3.608911845947439,3.529807592139531,3859946.27
2019-04-11,3.5737543998105905,3.512228869071107,3.589575250572172,3.49201333754242,5021041.28
2019-04-12,3.5008026990766314,3.4999237629232107,3.5139867413779498,3.4744346144739957,2823988.82
2019-04-15,3.554417804435324,3.477950359087681,3.5807858890379602,3.477071422934259,7225803.18
2019-04-16,3.461250572172678,3.5834226974982237,3.585180569805066,3.457734827558993,6690852.02
2019-04-17,3.5825437613448026,3.574633335964012,3.6010014205666487,3.552659932128482,4181515.17
2019-04-18,3.574633335964012,3.5684807828900635,3.5869384421119097,3.5561756767421673,3569518.47
2019-04-19,3.571117591350327,3.621216952095336,3.621216952095336,3.5412337621340066,4578385.76
2019-04-22,3.621216952095336,3.5306865282929527,3.621216952095336,3.515744613684792,5775086.53
2019-04-23,3.520139294451898,3.5245339752190037,3.560570357509273,3.5104709967642647,3532000.67
2019-04-24,3.532444400599795,3.529807592139531,3.54387057059427,3.4744346144739957,4631226.49
2019-04-25,3.515744613684792,3.456855891405572,3.5245339752190037,3.4550980190987297,3785555.56
2019-04-26,3.444550785257675,3.409393339120827,3.461250572172678,3.402361849893458,6288098.44
2019-04-29,3.4173037645016175,3.422577381422145,3.467403125246626,3.402361849893458,5593755.77
2019-04-30,3.4173037645016175,3.4243352537289873,3.4375192960303056,3.408514402967406,3992608.16
2019-05-06,3.3206207876252862,3.2283324915160603,3.3311680214663406,3.1993275984531606,12145227.45
2019-05-07,3.2415165338173786,3.2582163207323807,3.2793107884144894,3.223058874595533,4835996.88
2019-05-08,3.2142695130613212,3.2160273853681636,3.267005682266593,3.2019644069134245,4753727.8
2019-05-09,3.194932917686055,3.170322705390262,3.2098748322942154,3.136923131560256,5540530.21
2019-05-10,3.194932917686055,3.269642490726857,3.2766739799542264,3.1404388761739406,6719964.8
2019-05-13,3.238879725357115,3.2098748322942154,3.2415165338173786,3.201085470760003,4257770.21
2019-05-14,3.190538236918949,3.194053981532633,3.231848236129745,3.184385683845001,2900685.55
2019-05-15,3.218664193828427,3.2626110014994874,3.2872212137952803,3.218664193828427,3575137.59
2019-05-16,3.2582163207323807,3.2784318522610687,3.2828265330281745,3.2441533422776416,2474374.08
2019-05-17,3.2784318522610687,3.204601215373688,3.2819475968747533,3.190538236918949,3153907.66
2019-05-20,3.194053981532633,3.1694437692368402,3.2028433430668457,3.143075684634204,3882247.53
2019-05-21,3.1685648330834186,3.208995896140794,3.238879725357115,3.167685896929998,3503829.27
2019-05-22,3.2116327046010578,3.201085470760003,3.2195431299818478,3.1817488753847374,2835080.32
2019-05-23,3.186143556151843,3.150107173861574,3.1922961092257913,3.1448335569410464,3106083.03
2019-05-24,3.151865046168416,3.1553807907821008,3.184385683845001,3.1404388761739406,2994092.08
2019-05-27,3.1562597269355224,3.1931750453792125,3.2072380238339515,3.1237390892589376,4351010.77
2019-05-28,3.1887803646121067,3.2081169599873727,3.232727172283166,3.186143556151843,3850672.56
2019-05-29,3.1993275984531606,3.2098748322942154,3.243274406124221,3.1922961092257913,2928526.24
2019-05-30,3.204601215373688,3.2081169599873727,3.2116327046010578,3.170322705390262,3054263.73
2019-05-31,3.201085470760003,3.1922961092257913,3.2300903638229026,3.1896593007655274,2760300.98
2019-06-03,3.2037222792202664,3.1993275984531606,3.236242916896851,3.1755963223107884,3308130.6
2019-06-04,3.196690789992897,3.170322705390262,3.2037222792202664,3.1571386630889435,3263229.03
2019-06-05,3.1922961092257913,3.163291216162892,3.1993275984531606,3.1606544077026277,3285644.51
2019-06-06,3.163291216162892,3.1360441954068348,3.1712016415436826,3.1351652592534136,3660674.03
2019-06-10,3.146591429247889,3.17647525846421,3.194932917686055,3.143954620787625,3354975.45
2019-06-11,3.1817488753847374,3.275795043800805,3.283705469181596,3.1817488753847374,4667963.39
2019-06-12,3.271400363033699,3.2511848315050114,3.271400363033699,3.2441533422776416,2597249.0
2019-06-13,3.2476690868913267,3.2450322784310632,3.2617320653460657,3.2169063215215847,3012291.73
2019-06-14,3.2467901507379056,3.225695683055797,3.267005682266593,3.215148449214742,3445139.47
2019-06-17,3.2204220661352694,3.2283324915160603,3.2511848315050114,3.2169063215215847,2352061.48
2019-06-18,3.232727172283166,3.23536398074343,3.2450322784310632,3.2054801515271087,2653705.85
2019-06-19,3.315347170704759,3.2828265330281745,3.346109936074501,3.280189724567911,6289014.79
2019-06-20,3.2819475968747533,3.377751637597664,3.405877594507142,3.280189724567911,6609284.46
2019-06-21,3.3882988714387188,3.3839041906716125,3.4102722752742483,3.3689622760634523,4219551.72
2019-06-24,3.3882988714387188,3.3891778075921395,3.4006039775866155,3.3680833399100307,3074540.39
2019-06-25,3.3882988714387188,3.354899297608713,3.3882988714387188,3.3135892983979165,5057034.29
2019-06-26,3.3355627022334464,3.355778233762134,3.3663254676031884,3.3311680214663406,2402084.06
2019-06-27,3.357536106068976,3.3926935522058246,3.4102722752742483,3.357536106068976,4730768.03
2019-06-28,3.3926935522058246,3.391814616052403,3.3926935522058246,3.3654465314497672,3862690.26
2019-07-01,3.447187593717939,3.475313550627417,3.48498184831505,3.436640359876884,5102660.04
2019-07-02,3.475313550627417,3.4805871675479443,3.4858607844684717,3.4603716360192562,3338435.77
2019-07-03,3.4726767421671534,3.4515822744850446,3.4726767421671534,3.4383982321837263,2518385.0
2019-07-04,3.4454297214110956,3.428729934496093,3.4621295083260994,3.4076354668139843,3860217.27
2019-07-05,3.4278509983426724,3.446308657564517,3.453340146791887,3.4173037645016175,2362039.23
2019-07-08,3.430487806802936,3.367204403756609,3.430487806802936,3.3399573830005527,4225313.1
2019-07-09,3.371599084523715,3.359293978375819,3.3786305737510856,3.3452309999210796,2183460.83
2019-07-10,3.370720148370294,3.36017291452924,3.3821463183647698,3.3487467445347643,1744793.15
2019-07-11,3.373356956830558,3.361051850682661,3.4032407860468785,3.3487467445347643,2345244.37
2019-07-12,3.3584150422223975,3.3882988714387188,3.401482913740036,3.356657169915555,2460107.7
2019-07-15,3.3759937652908216,3.4006039775866155,3.428729934496093,3.3311680214663406,4484611.0
2019-07-16,3.395330360666088,3.3865409991318765,3.4067565306605636,3.3795095099045067,1828874.0
2019-07-17,3.3768727014442432,3.381267382211349,3.397967169126352,3.3645675952963456,2199668.0
2019-07-18,3.369841212216873,3.359293978375819,3.374235892983979,3.357536106068976,2305494.11
2019-07-19,3.3680833399100307,3.394451424512667,3.4129090837345117,3.3680833399100307,3199381.27
2019-07-22,3.394451424512667,3.3680833399100307,3.4032407860468785,3.3487467445347643,3088632.38
2019-07-23,3.371599084523715,3.3759937652908216,3.3795095099045067,3.359293978375819,1670290.18
2019-07-24,3.387419935285297,3.4032407860468785,3.4278509983426724,3.385662062978455,2974453.89
2019-07-25,3.402361849893458,3.4340035514166205,3.4348824875700417,3.397967169126352,2336295.86
2019-07-26,3.4190616368084603,3.4383982321837263,3.446308657564517,3.416424828348197,2857908.92
2019-07-29,3.436640359876884,3.4331246152632,3.440156104490569,3.4208195091153026,2471021.62
2019-07-30,3.436640359876884,3.448945466024781,3.470918869860311,3.4357614237234624,2396548.55
2019-07-31,3.4375192960303056,3.4243352537289873,3.440156104490569,3.416424828348197,2164228.52
2019-08-01,3.409393339120827,3.3926935522058246,3.4173037645016175,3.3795095099045067,3124656.62
2019-08-02,3.3311680214663406,3.340836319153974,3.3487467445347643,3.31622610685818,4906139.29
2019-08-05,3.326773340699235,3.2828265330281745,3.3320469576197613,3.2784318522610687,3542146.62
2019-08-06,3.230969299976324,3.2485480230447483,3.255579512272118,3.196690789992897,5837026.95
2019-08-07,3.2564584484255388,3.227453555362639,3.2617320653460657,3.2239378107489545,2785811.69
2019-08-08,3.2485480230447483,3.2749161076473836,3.2784318522610687,3.2485480230447483,2809849.5
2019-08-09,3.286342277641859,3.249426959198169,3.2916158945623866,3.2423954699707993,2109639.17
2019-08-12,3.2590952568858023,3.30128419225002,3.3030420645568617,3.252942703811854,1801155.77
2019-08-13,3.275795043800805,3.2731582353405413,3.2872212137952803,3.2626110014994874,1553489.99
2019-08-14,3.3127103622444958,3.2854633414884384,3.3171050430116016,3.284584405335017,1937005.5
2019-08-15,3.2344850445900093,3.298647383789756,3.3039210007102833,3.230969299976324,2443061.52
2019-08-16,3.2968895114829135,3.3127103622444958,3.3355627022334464,3.288100149948702,2574125.33
2019-08-19,3.3381995106937103,3.391814616052403,3.3926935522058246,3.322378659932128,3279432.05
2019-08-20,3.3847831268250337,3.377751637597664,3.3970882329729304,3.3759937652908216,2069120.94
2019-08-21,3.3759937652908216,3.3768727014442432,3.385662062978455,3.371599084523715,2422452.07
2019-08-22,3.385662062978455,3.3839041906716125,3.3882988714387188,3.3663254676031884,2647785.0
2019-08-23,3.3865409991318765,3.4076354668139843,3.4208195091153026,3.377751637597664,2856820.76
2019-08-26,3.36017291452924,3.369841212216873,3.3803884460579274,3.3540203614552917,2674902.25
2019-08-27,3.3830252545181914,3.4049986583537213,3.440156104490569,3.381267382211349,3661760.08
2019-08-28,3.4041197222003,3.394451424512667,3.4129090837345117,3.3865409991318765,1739579.85
2019-08-29,3.3988461052797727,3.3847831268250337,3.4006039775866155,3.3645675952963456,2339282.53
2019-08-30,3.4067565306605636,3.3935724883592457,3.4252141898824084,3.371599084523715,2762817.65
2019-09-02,3.391814616052403,3.4313667429563566,3.44806652987136,3.3909356798989823,3019441.94
2019-09-03,3.436640359876884,3.4348824875700417,3.440156104490569,3.4216984452687234,2313452.88
2019-09-04,3.4357614237234624,3.477950359087681,3.4797082313945227,3.4348824875700417,2937605.44
2019-09-05,3.4902554652355775,3.5104709967642647,3.5579335490490096,3.4902554652355775,5274016.98
2019-09-06,3.52189716675874,3.534202272906637,3.5359601452134792,3.5087131244574223,2640293.81
2019-09-09,3.5579335490490096,3.5482652513613764,3.5658439744298005,3.5306865282929527,2828454.01
2019-09-10,3.5456284429011125,3.538596953673743,3.55090205982164,3.520139294451898,1686928.5
2019-09-11,3.5491441875147975,3.5131078052245286,3.55090205982164,3.5104709967642647,3041955.43
2019-09-12,3.5245339752190037,3.5491441875147975,3.5579335490490096,3.5192603582984763,2172055.16
2019-09-16,3.5561756767421673,3.536839081366901,3.557054612895588,3.5192603582984763,1818498.01
2019-09-17,3.5315654644463734,3.4726767421671534,3.532444400599795,3.4621295083260994,3810790.11
2019-09-18,3.4858607844684717,3.487618656775314,3.5025605713834738,3.4797082313945227,2010310.97
2019-09-19,3.501681635230053,3.5043184436903165,3.5051973798437372,3.477071422934259,2421778.03
2019-09-20,3.5104709967642647,3.509592060610843,3.5192603582984763,3.5025605713834738,2325043.13
2019-09-23,3.4999237629232107,3.478829295241102,3.5008026990766314,3.4594926998658355,2898921.28
2019-09-24,3.4805871675479443,3.481466103701365,3.5131078052245286,3.475313550627417,2114820.34
2019-09-25,3.475313550627417,3.457734827558993,3.478829295241102,3.4559769552521504,2349764.31
2019-09-26,3.470918869860311,3.4340035514166205,3.478829295241102,3.4313667429563566,3170949.17
2019-09-27,3.439277168337148,3.4419139767974114,3.44806652987136,3.4278509983426724,2677340.88
2019-09-30,3.436640359876884,3.4006039775866155,3.444550785257675,3.396209296819509,2632883.81
2019-10-08,3.4049986583537213,3.422577381422145,3.446308657564517,3.4049986583537213,3234238.73
2019-10-09,3.414666956041354,3.432245679109778,3.4340035514166205,3.395330360666088,2507896.59
2019-10-10,3.430487806802936,3.456855891405572,3.46300844447952,3.418182700655039,2363352.48
2019-10-11,3.4638873806329413,3.499044826769789,3.509592060610843,3.4515822744850446,3060200.73
2019-10-14,3.5175024859916344,3.5245339752190037,3.5596914213558515,3.5139867413779498,3956546.17
2019-10-15,3.523655039065583,3.5131078052245286,3.528049719832689,3.5113499329176863,2950005.13
2019-10-16,3.5175024859916344,3.5008026990766314,3.542991634440849,3.498165890616368,3143663.43
2019-10-17,3.5043184436903165,3.506076315997159,3.5175024859916344,3.495529082156104,1936427.84
2019-10-18,3.507834188304001,3.4550980190987297,3.5210182306053195,3.446308657564517,3081430.71
2019-10-21,3.447187593717939,3.46300844447952,3.4656452529397836,3.442792912950832,1849392.66
2019-10-22,3.4700399337068895,3.4761924867808385,3.484102912161629,3.454219082945308,1641342.29
2019-10-23,3.477071422934259,3.457734827558993,3.481466103701365,3.447187593717939,1478262.0
2019-10-24,3.4586137637124144,3.4621295083260994,3.475313550627417,3.439277168337148,2021671.06
2019-10-25,3.456855891405572,3.4832239760082078,3.487618656775314,3.4357614237234624,2502907.67
2019-10-28,3.489376529082156,3.5034395075368954,3.5087131244574223,3.4823450398547866,2674342.87
2019-10-29,3.506076315997159,3.49201333754242,3.506076315997159,3.4884975929287347,2095535.85
2019-10-30,3.4858607844684717,3.4691609975534687,3.489376529082156,3.4621295083260994,2628461.0
2019-10-31,3.477071422934259,3.467403125246626,3.48498184831505,3.4594926998658355,1927827.65
2019-11-01,3.46300844447952,3.538596953673743,3.5394758898271643,3.457734827558993,3206513.63
2019-11-04,3.537718017520322,3.5500231236682183,3.557054612895588,3.5359601452134792,2359682.62
2019-11-05,3.5500231236682183,3.5702386551969063,3.6045171651803334,3.54387057059427,3529356.88
2019-11-06,3.5684807828900635,3.5552967405887457,3.5737543998105905,3.5447495067476917,2059389.45
2019-11-07,3.5552967405887457,3.5596914213558515,3.5807858890379602,3.5447495067476917,2377225.0
2019-11-08,3.586059505958488,3.5456284429011125,3.589575250572172,3.5421126982874283,2972162.99
2019-11-11,3.5271707836792676,3.4867397206218924,3.5271707836792676,3.4805871675479443,3470689.34
2019-11-12,3.4823450398547866,3.4823450398547866,3.4972869544629472,3.461250572172678,3300546.6
2019-11-13,3.477950359087681,3.4797082313945227,3.48498184831505,3.464766316786363,2020165.01
2019-11-14,3.4797082313945227,3.4823450398547866,3.4946501460026833,3.4735556783205745,2385877.13
2019-11-15,3.4832239760082078,3.4656452529397836,3.4972869544629472,3.46300844447952,1877914.94
2019-11-18,3.4638873806329413,3.4902554652355775,3.4964080183095256,3.4559769552521504,2408752.74
2019-11-19,3.4884975929287347,3.5254129113724253,3.5271707836792676,3.4832239760082078,2378889.88
2019-11-20,3.5245339752190037,3.489376529082156,3.5245339752190037,3.4797082313945227,2166102.92
2019-11-21,3.4805871675479443,3.4717978060137327,3.4867397206218924,3.4603716360192562,2448406.85
2019-11-22,3.4797082313945227,3.4348824875700417,3.5034395075368954,3.422577381422145,3547071.68
2019-11-25,3.44103504064399,3.4594926998658355,3.4603716360192562,3.430487806802936,2524576.34
2019-11-26,3.4691609975534687,3.464766316786363,3.477071422934259,3.448945466024781,2858215.18
2019-11-27,3.46300844447952,3.4594926998658355,3.475313550627417,3.446308657564517,2112391.68
2019-11-28,3.4594926998658355,3.454219082945308,3.4735556783205745,3.442792912950832,1694809.5
2019-11-29,3.447187593717939,3.416424828348197,3.4524612106384662,3.399725041433194,3029171.0
2019-12-02,3.4199405729618815,3.4234563175755666,3.4375192960303056,3.416424828348197,1743557.01
2019-12-03,3.4155458921947752,3.4375192960303056,3.439277168337148,3.401482913740036,1985519.0
2019-12-04,3.4278509983426724,3.439277168337148,3.440156104490569,3.4173037645016175,1589396.1
2019-12-05,3.446308657564517,3.464766316786363,3.470918869860311,3.4454297214110956,2192064.01
2019-12-06,3.4665241890932053,3.4858607844684717,3.4867397206218924,3.4621295083260994,2130769.53
2019-12-09,3.4858607844684717,3.4744346144739957,3.493771209849262,3.464766316786363,2322208.16
2019-12-10,3.4682820614000476,3.477071422934259,3.481466103701365,3.4638873806329413,1869954.51
2019-12-11,3.4841155394207246,3.482329729303133,3.4859013495383158,3.467150343303607,1704989.12
2019-12-12,3.483222634361929,3.4725077736563805,3.4859013495383158,3.4689361534211978,1371519.0
2019-12-13,3.503759450714229,3.543047273301239,3.5492976087128087,3.502866545655434,4360829.3
2019-12-16,3.542154368242444,3.5537621340067873,3.560905374477153,3.527867887301713,3028483.03
2019-12-17,3.551976323889196,3.609122247652119,3.6323377791808062,3.5484047036540134,5256304.59
2019-12-18,3.6100151527109148,3.595728671770184,3.6225158235340547,3.591264146476206,3631176.84
2019-12-19,3.5984073869465716,3.5894783363586136,3.6010861021229585,3.5823350958882485,2641920.0
2019-12-20,3.5885854312998187,3.5859067161234317,3.6126938678873026,3.5841209060058405,3287798.36
2019-12-23,3.585013811064636,3.5394756530660563,3.6001931970641627,3.5376898429484656,4471447.6
2019-12-24,3.540368558124852,3.558226659300766,3.5653698997711314,3.5394756530660563,3127921.0
2019-12-25,3.558226659300766,3.5644769947123356,3.568941520006314,3.5475117985952176,3105784.26
2019-12-26,3.5617982795359486,3.5903712414174103,3.594835766711388,3.560012469418357,3322559.4
2019-12-27,3.593942861652593,3.5867996211822275,3.6323377791808062,3.5859067161234317,4368130.14
2019-12-30,3.5769776655354755,3.6385881145923764,3.6501958803567205,3.5716202351827007,5423814.49
2019-12-31,3.633230684239602,3.657339120827086,3.660017836003473,3.626980348828033,3521859.05
2020-01-02,3.678768842238182,3.7046630889432564,3.7269857154131487,3.6769830321205905,6276236.14
2020-01-03,3.710913424354826,3.6957340383553,3.7162708547076004,3.6903766080025258,4696737.76
2020-01-06,3.684126272590956,3.681447557414569,3.7243070002367618,3.6555533107094944,6665047.83
2020-01-07,3.6912695130613216,3.7100205192960307,3.714485044590009,3.685912082708547,4649595.14
2020-01-08,3.6921624181201165,3.6734114118854078,3.7046630889432564,3.658232025885882,5628520.67
2020-01-09,3.6948411332965043,3.7126992344724177,3.7189495698839874,3.6912695130613216,3944317.22
2020-01-10,3.7189495698839874,3.711806329413622,3.7287715255307394,3.700198563649278,3795550.0
2020-01-13,3.710913424354826,3.7519870570594267,3.7546657722358145,3.697519848472891,3736391.85
2020-01-14,3.7519870570594267,3.735914766001105,3.7698451582353414,3.732343145765922,4099628.42
2020-01-15,3.735914766001105,3.7073418041196433,3.7412721963538793,3.701091468708073,3196074.09
2020-01-16,3.713592139531213,3.7019843737668694,3.7171637597663962,3.6921624181201165,4162978.01
2020-01-17,3.7073418041196433,3.7064488990608475,3.7278786204719436,3.6939482282377076,3216273.84
2020-01-20,3.710913424354826,3.733236050824718,3.735021860942309,3.698412753531687,3534882.49
2020-01-21,3.7171637597663962,3.6653752663562473,3.7171637597663962,3.660910741062268,6182946.0
2020-01-22,3.6510887854155163,3.677875937179386,3.6903766080025258,3.6019790071817535,9073932.61
2020-01-23,3.643945544945151,3.568048614947518,3.6519816904743116,3.5323324125956908,7535834.0
2020-02-03,3.3305358693078686,3.2671396101333756,3.335893299660643,3.2466027937810753,14710757.72
2020-02-04,3.2591034646042143,3.3662520716596958,3.3716095020124697,3.258210559545419,7358437.05
2020-02-05,3.3787527424828347,3.3992895588351355,3.4421490016573277,3.364466261542104,5532874.88
2020-02-06,3.413576039775866,3.479651014126746,3.493937495067477,3.390360508247179,5279652.12
2020-02-07,3.455542577539263,3.4716148685975847,3.4751864888327675,3.4323270460105757,3469890.51
2020-02-10,3.453756767421672,3.483222634361929,3.49125877989109,3.4385773814221454,3985191.47
2020-02-11,3.4903658748322943,3.5207246468313476,3.5359040328308735,3.488580064714703,4222588.01
2020-02-12,3.517153026596165,3.545725988477627,3.5510834188304004,3.5091168810670035,2907834.51
2020-02-13,3.5448330834188306,3.5269749822429173,3.558226659300766,3.516260121537369,3259610.46
2020-02-14,3.5225104569489387,3.5510834188304004,3.567155709888722,3.5207246468313476,3139793.47
2020-02-17,3.5591195643595617,3.6287661589456244,3.634123589298398,3.5591195643595617,5811400.84
2020-02-18,3.6225158235340547,3.606443532475732,3.626980348828033,3.5823350958882485,7099509.82
2020-02-19,3.6037648172993446,3.607336437534528,3.633230684239602,3.597514481887775,4403772.38
2020-02-20,3.620730013416463,3.6885907978849346,3.700198563649278,3.606443532475732,6052410.99
2020-02-21,3.681447557414569,3.701091468708073,3.7305573356483306,3.6760901270617947,4444701.53
2020-02-24,3.681447557414569,3.671625601767817,3.6930553231789123,3.644838450003946,3727272.89
2020-02-25,3.6171583931812803,3.6644823612974515,3.675197222002999,3.5823350958882485,6038307.62
2020-02-26,3.6287661589456244,3.634123589298398,3.6769830321205905,3.6144796780048933,6417933.91
2020-02-27,3.645731355062742,3.6350164943571937,3.658232025885882,3.6260874437692365,4753305.32
2020-02-28,3.5805492857706573,3.5117955962433904,3.5885854312998187,3.503759450714229,5600710.42
2020-03-02,3.5251891721253257,3.6394810196511718,3.6519816904743116,3.5251891721253257,4266837.08
2020-03-03,3.6760901270617947,3.6368023044747857,3.6957340383553,3.620730013416463,4087760.61
2020-03-04,3.62965906400442,3.66269655117986,3.6644823612974515,3.6144796780048933,2954532.97
2020-03-05,3.7064488990608475,3.750201246941836,3.7573444874122015,3.6707326967090204,5478312.92
2020-03-06,3.7207353800015786,3.6796617472969784,3.7225211901191693,3.6760901270617947,2499877.3
2020-03-09,3.6323377791808062,3.5626911845947444,3.6323377791808062,3.554655039065583,4236423.54
2020-03-10,3.5644769947123356,3.6412668297687634,3.6501958803567205,3.5207246468313476,8596481.56
2020-03-11,3.6412668297687634,3.581442190829453,3.6412668297687634,3.579656380711862,7032693.81
2020-03-12,3.5475117985952176,3.5251891721253257,3.5492976087128087,3.4992949254202514,3881192.18
2020-03-13,3.422505090363823,3.4725077736563805,3.5091168810670035,3.348393970483782,7178928.99
2020-03-16,3.4689361534211978,3.326964249072686,3.4689361534211978,3.3180351984847296,5710800.84
2020-03-17,3.356430116012943,3.2974983821324284,3.3823243627180175,3.2278517875463666,9852558.49
2020-03-18,3.3091061478967725,3.2421382684870967,3.3600017362481256,3.237673743193118,7833047.67
2020-03-19,3.2448169836634833,3.210886591429248,3.2564247494278273,3.1180244653144977,12481638.33
2020-03-20,3.2251730723699787,3.2537460342514404,3.2653538000157845,3.1983859206061087,6786895.18
2020-03-23,3.16088390813669,3.1483832373135505,3.1983859206061087,3.136775471549207,8072780.71
2020-03-24,3.2046362560176784,3.224280167311184,3.2349950280167317,3.157312287901507,8328985.39
2020-03-25,3.2974983821324284,3.3091061478967725,3.3224997237787073,3.2769615657801276,10100836.0
2020-03-26,3.2885693315444717,3.2885693315444717,3.323392628837503,3.2769615657801276,3556541.8
2020-03-27,3.329642964249073,3.3037487175439986,3.3519655907189647,3.301962907426407,4915442.93
2020-03-30,3.2671396101333756,3.2733899455449453,3.290355141662063,3.2412453634283005,4971344.29
2020-03-31,3.3064274327203855,3.2760686607213327,3.3091061478967725,3.2680325151921714,3740030.32
2020-04-01,3.271604135427354,3.2796402809565155,3.324285533896299,3.262675084839397,3554388.84
2020-04-02,3.26624670507458,3.324285533896299,3.3287500591902774,3.251067319075054,4630489.32
2020-04-03,3.312677768131955,3.301070002367611,3.3251784389550947,3.2885693315444717,3247170.0
2020-04-07,3.3573230210717386,3.375181122247652,3.386788888011996,3.3555372109541475,5467405.21
2020-04-08,3.362680451424513,3.361787546365717,3.374288217188856,3.350179780601373,2219174.9
2020-04-09,3.3760740273064482,3.3716095020124697,3.3823243627180175,3.3662520716596958,3285436.24
2020-04-10,3.3716095020124697,3.3608946413069214,3.403754084129114,3.3448223502485996,4642471.86
2020-04-13,3.348393970483782,3.342143635072212,3.3555372109541475,3.33232167942546,2466969.32
2020-04-14,3.3573230210717386,3.3975037487175443,3.4001824638939313,3.35285849577776,3761247.77
2020-04-15,3.3975037487175443,3.377859837424039,3.4055398942467057,3.3760740273064482,2392008.04
2020-04-16,3.3662520716596958,3.3796456475416305,3.390360508247179,3.362680451424513,2273172.49
2020-04-17,3.4055398942467057,3.4100044195406833,3.4332199510693715,3.401968274011523,5704808.87
2020-04-20,3.416254754952253,3.4242909004814144,3.42518380554021,3.40464698918791,3822960.46
2020-04-21,3.410897324599479,3.3885746981295872,3.4153618498934577,3.3662520716596958,2927571.73
2020-04-22,3.374288217188856,3.4189334701286405,3.419826375187436,3.368037881777287,3456710.32
2020-04-23,3.4216121853050274,3.412683134717071,3.430541235892984,3.403754084129114,2015207.38
2020-04-24,3.3992895588351355,3.384110172835609,3.403754084129114,3.3733953121300613,3058294.99
2020-04-27,3.3858959829532003,3.3992895588351355,3.422505090363823,3.3814314576592217,3094609.42
2020-04-28,3.410897324599479,3.4207192802462316,3.4323270460105757,3.353751400836556,4228655.48
2020-04-29,3.416254754952253,3.4385773814221454,3.451078052245285,3.413576039775866,2778349.08
2020-04-30,3.451078052245285,3.4894729697734985,3.4966162102438636,3.4492922421276933,5279980.51
2020-05-06,3.451078052245285,3.4984020203614556,3.505545260831821,3.4466135269513063,3834534.63
2020-05-07,3.4984020203614556,3.492151684949886,3.504652355773025,3.4814368242443376,2746388.33
2020-05-08,3.5082239760082077,3.5296536974193042,3.546618893536422,3.506438165890617,3706742.88
2020-05-11,3.5350111277720786,3.5234033620077345,3.5644769947123356,3.513581406360982,4123096.47
2020-05-12,3.5242962670665303,3.5225104569489387,3.5359040328308735,3.49750911530266,5866051.93
2020-05-13,3.5117955962433904,3.5305466024781,3.5359040328308735,3.5001878304790464,2783969.42
2020-05-14,3.51804593165496,3.501080735537842,3.51804593165496,3.49750911530266,3001796.39
2020-05-15,3.507331070949412,3.4841155394207246,3.51804593165496,3.483222634361929,5435703.46
2020-05-18,3.483222634361929,3.494830400126273,3.516260121537369,3.4751864888327675,3020529.54
2020-05-19,3.5269749822429173,3.5207246468313476,3.533225317654487,3.5109026911845946,2781211.0
2020-05-20,3.51804593165496,3.506438165890617,3.521617551890143,3.5001878304790464,1975618.43
2020-05-21,3.5117955962433904,3.483222634361929,3.51804593165496,3.4814368242443376,2365233.66
2020-05-22,3.480543919185542,3.4064327993055006,3.480543919185542,3.40464698918791,5328616.29
2020-05-25,3.403754084129114,3.4082186094230926,3.4189334701286405,3.390360508247179,2505596.75
2020-05-26,3.4233979954226186,3.4492922421276933,3.45197095730408,3.4233979954226186,4751108.38
2020-05-27,3.4492922421276933,3.4332199510693715,3.450185147186489,3.422505090363823,2311996.08
2020-05-28,3.4350057611869627,3.437684476363349,3.468043248362402,3.4064327993055006,2840731.16
2020-05-29,3.419826375187436,3.45197095730408,3.4546496724804676,3.413576039775866,2509198.2
2020-06-01,3.480543919185542,3.543047273301239,3.5501905137716046,3.477865204009155,3509289.02
2020-06-02,3.543047273301239,3.5528692289479915,3.5617982795359486,3.5359040328308735,1628381.85
2020-06-03,3.56983442506511,3.551976323889196,3.5894783363586136,3.5501905137716046,3657524.69
2020-06-04,3.5635840896535393,3.5537621340067873,3.567155709888722,3.540368558124852,2813844.24
2020-06-05,3.5528692289479915,3.5742989503590876,3.575191855417883,3.540368558124852,2013596.32
2020-06-08,3.5894783363586136,3.591264146476206,3.6135867729460975,3.5823350958882485,2856036.62
2020-06-09,3.5930499565937972,3.615372583063689,3.6162654881224845,3.5832280009470447,2944924.89
2020-06-10,3.611800962828506,3.607336437534528,3.6126938678873026,3.595728671770184,3183571.57
2020-06-11,3.6010861021229585,3.5742989503590876,3.6162654881224845,3.55733375424197,3051932.98
2020-06-12,3.5376898429484656,3.5832280009470447,3.5921570515350014,3.5198317417725518,3090733.35
2020-06-15,3.555547944124379,3.5323324125956908,3.579656380711862,3.531439507536896,2805261.0
2020-06-16,3.567155709888722,3.587692526241023,3.5885854312998187,3.5635840896535393,2476952.73
2020-06-17,3.5894783363586136,3.591264146476206,3.5921570515350014,3.568048614947518,2790255.95
2020-06-18,3.5832280009470447,3.6189442032988715,3.620730013416463,3.5760847604766792,3430027.05
2020-06-19,3.6162654881224845,3.6653752663562473,3.6832333675321602,3.6162654881224845,3695636.43
2020-06-22,3.6653752663562473,3.668946886591429,3.696626943414095,3.658232025885882,5212442.0
2020-06-23,3.660910741062268,3.685912082708547,3.6903766080025258,3.648410070239129,3981678.3
2020-06-24,3.6948411332965043,3.7180566648251916,3.7207353800015786,3.6930553231789123,4579421.98
2020-06-29,3.705555994002052,3.685912082708547,3.714485044590009,3.6662681714150422,2126549.64
2020-06-30,3.7037701838844606,3.7305573356483306,3.7430580064714705,3.7019843737668694,5424684.94
2020-07-01,3.738593481177493,3.8144904111751248,3.8180620314103066,3.735021860942309,5740641.13
2020-07-02,3.812704601057533,3.901995106937101,3.906459632231079,3.8064542656459635,5504377.87
2020-07-03,3.916281587877832,3.979677847052324,3.9859281824638946,3.901102201878305,5867687.14
2020-07-06,4.042181201168022,4.2716578012785105,4.285051377160446,4.025216005050904,9293174.89
2020-07-07,4.30469528845395,4.228798358456317,4.3305895351590245,4.2180834977507695,10745018.97
2020-07-08,4.227012548338727,4.284158472101649,4.319874674453477,4.203797016810039,9034868.59
2020-07-09,4.282372661984058,4.350233446452529,4.360948307158078,4.250228079867414,6424341.79
2020-07-10,4.319874674453477,4.272550706337306,4.336839870570595,4.252906795043801,5644167.7
2020-07-13,4.269871991160919,4.3618412122168735,4.399343224686292,4.26540746586694,8243782.59
2020-07-14,4.354697971746508,4.323446294688659,4.374341883040013,4.254692605161392,7376414.16
2020-07-15,4.339518585746982,4.2716578012785105,4.37077026280483,4.254692605161392,6624029.42
2020-07-16,4.277015231631284,4.068075447873096,4.31094562386552,4.0627180175203215,12899180.63
2020-07-17,4.080576118696236,4.111827795754085,4.155580143635072,4.0546818719911615,9042923.49
2020-07-20,4.149329808223503,4.220762212927157,4.232369978691501,4.093969694578171,7249762.02
2020-07-21,4.240406124220661,4.231477073632704,4.253799700102597,4.206475731986426,4653506.52
2020-07-22,4.225226738221135,4.278801041748876,4.335946965511798,4.221655117985952,7054372.07
2020-07-23,4.234155788809092,4.255585510220188,4.276122326572488,4.162723384105438,4305770.55
2020-07-24,4.219869307868361,4.066289637755506,4.234155788809092,4.042181201168022,6482820.22
2020-07-27,4.09218388446058,4.0912909794017835,4.121649751400836,4.051110251755978,3111014.01
2020-07-28,4.120756846342041,4.122542656459633,4.143972377870728,4.095755504695762,3742572.89
2020-07-29,4.111827795754085,4.240406124220661,4.243977744455845,4.10647036540131,4883854.16
2020-07-30,4.241299029279458,4.209154447162813,4.247549364691026,4.204689921868835,2974744.33
2020-07-31,4.20558282692763,4.241299029279458,4.293980427748402,4.171652434693394,5185246.84
2020-08-03,4.277015231631284,4.308266908689133,4.311838528924316,4.260942940572962,4343933.04
2020-08-04,4.32969663010023,4.311838528924316,4.3421973009233685,4.289515902454424,3114025.01
2020-08-05,4.305588193512746,4.313624339041907,4.326125009865046,4.25112098492621,3006974.44
2020-08-06,4.313624339041907,4.297552047983585,4.332375345276616,4.23862031410307,2246669.76
2020-08-07,4.288622997395628,4.254692605161392,4.290408807513219,4.196653776339674,3430551.0
2020-08-10,4.22611964327993,4.268979086102123,4.302016573277563,4.192189251045695,2404258.12
2020-08-11,4.272550706337306,4.227012548338727,4.331482440217821,4.219869307868361,2480529.45
2020-08-12,4.218976402809565,4.198439586457265,4.232369978691501,4.12700718175361,4240605.38
2020-08-13,4.210047352221609,4.18504601057533,4.2180834977507695,4.177009865046169,1978057.92
2020-08-14,4.185938915634125,4.266300370925736,4.268086181043327,4.169866624575803,4221856.08
2020-08-17,4.284158472101649,4.354697971746508,4.384163838686765,4.270764896219715,5634749.86
2020-08-18,4.359162497040486,4.348447636334939,4.368091547628444,4.325232104806251,3493117.64
2020-08-19,4.345768921158552,4.280586851866467,4.349340541393734,4.277908136690081,4058190.93
2020-08-20,4.25915713045537,4.235048693867888,4.268979086102123,4.217190592691973,3442807.92
2020-08-21,4.256478415278984,4.270764896219715,4.292194617630812,4.235941598926683,2893290.87
2020-08-24,4.290408807513219,4.297552047983585,4.313624339041907,4.266300370925736,4159345.0
2020-08-25,4.309159813747929,4.305588193512746,4.348447636334939,4.288622997395628,2161332.55
2020-08-26,4.302909478336359,4.252906795043801,4.32969663010023,4.23862031410307,3349817.0
2020-08-27,4.258264225396576,4.285051377160446,4.286837187278037,4.232369978691501,2074314.86
2020-08-28,4.279693946807671,4.390414174098335,4.3975574145687,4.266300370925736,5549964.85
2020-08-31,4.415415515744614,4.35201925657012,4.435952332096915,4.348447636334939,4886971.61
2020-09-01,4.3448760160997555,4.382378028569175,4.384163838686765,4.339518585746982,2405330.25
2020-09-02,4.392199984215926,4.3788064083339915,4.3975574145687,4.334161155394208,3859047.0
2020-09-03,4.373448977981217,4.360948307158078,4.410950990450636,4.340411490805777,2298302.8
2020-09-04,4.294873332807198,4.311838528924316,4.3279108199826375,4.277908136690081,3751024.67
2020-09-07,4.303802383395155,4.225226738221135,4.335054060453003,4.20558282692763,4457466.42
2020-09-08,4.232369978691501,4.246656459632232,4.25915713045537,4.200225396574856,4858203.0
2020-09-09,4.196653776339674,4.1475439981059115,4.20558282692763,4.120756846342041,5154946.51
2020-09-10,4.182367295398943,4.151115618341094,4.202011206692448,4.13772204245916,4235368.64
2020-09-11,4.134150422223976,4.183260200457738,4.190403440928104,4.131471707047589,2799462.74
2020-09-14,4.202904111751243,4.207368637045222,4.2180834977507695,4.183260200457738,2635946.72
2020-09-15,4.2011183016336515,4.23862031410307,4.245763554573435,4.1912963459869,2928606.03
2020-09-16,4.236834503985479,4.213618972456792,4.240406124220661,4.198439586457265,1889126.54
2020-09-17,4.199332491516061,4.187724725751717,4.227905453397523,4.167187909399416,4081453.61
2020-09-18,4.192189251045695,4.295766237865993,4.297552047983585,4.190403440928104,8735178.31
2020-09-21,4.299337858101176,4.246656459632232,4.3305895351590245,4.241299029279458,3816204.13
2020-09-22,4.218976402809565,4.195760871280878,4.264514560808145,4.177902770104964,5785134.27
2020-09-23,4.199332491516061,4.208261542104017,4.222548023044748,4.182367295398943,4660062.28
2020-09-24,4.183260200457738,4.139507852576751,4.193082156104491,4.129685896929997,3445023.2
2020-09-25,4.14575818798832,4.1421865677531375,4.16629500434062,4.126114276694816,3253692.01
2020-09-28,4.1448652829295245,4.151115618341094,4.179688580222556,4.138614947517954,3046796.0
2020-09-29,4.169866624575803,4.160937573987847,4.18504601057533,4.153794333517482,3158810.12
2020-09-30,4.17254533975219,4.148436903164707,4.192189251045695,4.1252213716360195,4549101.91
2020-10-09,4.215404782574383,4.231477073632704,4.254692605161392,4.214511877515587,3596667.38
2020-10-12,4.254692605161392,4.363627022334464,4.368984452687239,4.252906795043801,3609527.74
2020-10-13,4.3645199273932604,4.377913503275195,4.387735458921948,4.339518585746982,3200439.29
2020-10-14,4.366305737510851,4.356483781864099,4.372556072922421,4.3421973009233685,2789482.96
2020-10-15,4.35201925657012,4.345768921158552,4.3761276931576045,4.33773277562939,3305283.22
2020-10-16,4.343090205982164,4.333268250335411,4.368091547628444,4.307374003630336,2835706.93
2020-10-19,4.357376686922895,4.305588193512746,4.393092889274722,4.289515902454424,6019252.22
2020-10-20,4.295766237865993,4.332375345276616,4.334161155394208,4.292194617630812,2739130.0
2020-10-21,4.335054060453003,4.33773277562939,4.343090205982164,4.302016573277563,3488947.0
2020-10-22,4.325232104806251,4.323446294688659,4.338625680688186,4.278801041748876,2571483.47
2020-10-23,4.314517244100702,4.273443611396101,4.345768921158552,4.268979086102123,7768057.15
2020-10-26,4.247549364691026,4.241299029279458,4.264514560808145,4.202011206692448,5071473.75
2020-10-27,4.229691263515114,4.253799700102597,4.25915713045537,4.22611964327993,2993488.13
2020-10-28,4.252013889985005,4.289515902454424,4.302016573277563,4.23862031410307,4828291.43
2020-10-29,4.2493351748086186,4.328803725041433,4.349340541393734,4.243084839397048,3710247.66
2020-10-30,4.319874674453477,4.247549364691026,4.3279108199826375,4.239513219161866,3845878.45
2020-11-02,4.2493351748086186,4.272550706337306,4.289515902454424,4.2493351748086186,2001660.29
2020-11-03,4.2859442822192415,4.318088864335886,4.3421973009233685,4.2859442822192415,3561129.35
2020-11-04,4.326125009865046,4.351126351511325,4.37077026280483,4.312731433983111,3447388.45
2020-11-05,4.393092889274722,4.418987135979797,4.422558756214979,4.375234788098809,3758943.91
2020-11-06,4.427023281508958,4.4207729460973875,4.43059490174414,4.382378028569175,3541236.79
2020-11-09,4.446667192802463,4.507384736800569,4.530600268329256,4.446667192802463,5979879.5
2020-11-10,4.518099597506116,4.483276300213085,4.520778312682503,4.45738205350801,3847846.87
2020-11-11,4.4716685344487415,4.441309762449689,4.489526635624655,4.43684523715571,3940726.0
2020-11-12,4.446667192802463,4.438631047273302,4.459167863625602,4.425237471391366,2580328.75
2020-11-13,4.4207729460973875,4.393092889274722,4.422558756214979,4.363627022334464,4329278.85
2020-11-16,4.415415515744614,4.440416857390892,4.442202667508484,4.385056743745561,2851086.6
2020-11-17,4.4350594270381185,4.4323807118617315,4.4377381422145055,4.405593560097862,2987696.17
2020-11-18,4.428809091626549,4.426130376450162,4.448453002920054,4.405593560097862,3606986.87
2020-11-19,4.416308420803409,4.463632388919581,4.475240154683924,4.409165180333043,2700795.01
2020-11-20,4.464525293978376,4.477025964801515,4.482383395154289,4.4520246231552365,2845033.46
2020-11-23,4.491312445742246,4.528814458211665,4.558280325151922,4.472561439507538,5211470.87
2020-11-24,4.526135743035278,4.5002414963302035,4.531493173388052,4.492205350801042,3461421.09
2020-11-25,4.5136350722121374,4.444881382684871,4.533278983505643,4.44309557256728,4251960.1
2020-11-26,4.44309557256728,4.451131718096441,4.45559624339042,4.408272275274249,3958386.15
2020-11-27,4.451131718096441,4.514527977270935,4.518099597506116,4.443988477626076,3787807.59
2020-11-30,4.526135743035278,4.492205350801042,4.580602951621813,4.489526635624655,5351157.37
2020-12-01,4.4886337305658595,4.591317812327362,4.598461052797727,4.487740825507063,4752836.5
2020-12-02,4.593996527503749,4.58149585668061,4.611854628679663,4.560959040328309,2929468.78
2020-12-03,4.577031331386632,4.579710046563018,4.5957823376213405,4.556494515034331,2489868.42
2020-12-04,4.571673901033857,4.58953200220977,4.5957823376213405,4.53595769868203,3301547.6
2020-12-07,4.58953200220977,4.55024417962276,4.591317812327362,4.533278983505643,3593753.3
2020-12-08,4.55024417962276,4.53595769868203,4.571673901033857,4.528814458211665,3612518.73
2020-12-09,4.549351274563965,4.482383395154289,4.560066135269514,4.474347249625128,5685506.3
2020-12-10,4.473454344566333,4.473454344566333,4.493098255859838,4.45738205350801,3189473.9
2020-12-11,4.482383395154289,4.423451661273774,4.495776971036225,4.391307079157131,4030119.5
2020-12-14,4.427916186567753,4.462739483860785,4.4663111040959675,4.418094230921001,2518877.31
2020-12-15,4.462739483860785,4.476133059742719,4.482383395154289,4.434166521979323,2844126.98
2020-12-16,4.482383395154289,4.485062110330676,4.491312445742246,4.468096914213558,2840815.0
2020-12-17,4.484169205271881,4.54845836950517,4.552029989740352,4.477025964801515,4662308.9
2020-12-18,4.544886749269987,4.5225641228000955,4.549351274563965,4.5029202115065905,4607113.0
2020-12-21,4.519885407623708,4.562744850445901,4.572566806092653,4.495776971036225,4458961.44
2020-12-22,4.552922894799148,4.493991160918633,4.56899518585747,4.487740825507063,5153970.33
2020-12-23,4.5002414963302035,4.530600268329256,4.552029989740352,4.497562781153816,3386872.08
2020-12-24,4.530600268329256,4.530600268329256,4.5511370846815575,4.50917054691816,3833767.49
2020-12-25,4.512742167153342,4.568102280798675,4.570780995975061,4.5029202115065905,4033561.29
2020-12-28,4.564530660563491,4.580602951621813,4.6073901033856846,4.556494515034331,4471300.14
2020-12-29,4.587746192092179,4.566316470681082,4.600246862915319,4.5591732302107175,3427179.0
2020-12-30,4.562744850445901,4.623462394444006,4.625248204561597,4.560066135269514,3406715.18
2020-12-31,4.6323914450319625,4.720789045852735,4.726146476205509,4.630605634914372,8617991.57
2021-01-04,4.714538710441166,4.762755583616131,4.791328545497593,4.696680609265251,5067056.39
2021-01-05,4.751147817851788,4.851153184436903,4.861868045142452,4.7368613369110575,6228307.94
2021-01-06,4.8636538552600435,4.894905532317892,4.923478494199354,4.836866703496172,3749451.07
2021-01-07,4.902048772788257,4.999375424196986,5.000268329255781,4.895798437376687,4706592.27
2021-01-08,5.0074115697261465,4.974374082550707,5.027948386078448,4.927943019493331,6975647.67
2021-01-11,4.975266987609502,4.918121063846579,5.018126430431695,4.890441007023913,6359651.63
2021-01-12,4.907406203141032,5.060985873253887,5.06455749348907,4.903834582905848,5962807.82
2021-01-13,5.075272354194618,5.0413419619603825,5.1029524110172835,5.009197379843738,5524343.98
2021-01-14,5.0413419619603825,4.949372740904428,5.0413419619603825,4.944908215610449,6960479.94
2021-01-15,4.949372740904428,4.934193354904901,4.9788386078446845,4.875261621024387,7090491.77
2021-01-18,4.931324520558756,4.98741370057612,5.018172283166286,4.898756609580934,3967685.53
2021-01-19,4.991937021545262,4.919563886038987,5.002792991871202,4.899661273774763,4170096.72
2021-01-20,4.917754557651331,4.9467038118538404,4.971129745087208,4.91232657248836,4223857.51
2021-01-21,4.960273774761267,5.031742246073713,5.055263515113252,4.960273774761267,5116203.15
2021-01-22,5.02721892510457,5.034456238655198,5.03897955962434,4.98108105121932,5543093.26
2021-01-25,5.033551574461369,5.094164075447874,5.1104480309367855,5.003697656065031,4501771.53
2021-01-26,5.072452134795991,4.985604372188463,5.075166127377477,4.9783670586378355,3927449.95
2021-01-27,4.980176387025492,4.994651014126747,5.00460232025886,4.930419856364929,5915415.91
2021-01-28,4.939466498303213,4.871616683766081,4.939466498303213,4.852618735695684,4699518.45
2021-01-29,4.891519296030307,4.838144108594428,4.905993923131561,4.778436271801753,6221138.74
2021-02-01,4.838144108594428,4.895137952805619,4.897851945387105,4.836334780206772,4362880.63
2021-02-02,4.903279930550076,4.967511088311894,4.970225080893379,4.895137952805619,5731569.21
2021-02-03,4.967511088311894,4.962083103148924,4.998269670902061,4.943085155078527,2819694.88
2021-02-04,4.939466498303213,4.952131797016811,4.9846997079946345,4.899661273774763,3000841.5
2021-02-05,4.962987767342752,4.9593691105674385,5.018172283166286,4.953941125404468,5600004.91
2021-02-08,4.993746349932918,5.024504932523085,5.0416935522058255,4.9593691105674385,4750134.28
2021-02-09,5.043502880593483,5.1493485912714085,5.151157919659065,5.020886275747771,4182998.45
2021-02-10,5.1620138899850065,5.253384973561677,5.276906242601216,5.15387191224055,3419098.57
2021-02-18,5.358326020045775,5.214484413227055,5.367372661984059,5.200009786125801,4707657.36
2021-02-19,5.194581800962829,5.243433667429565,5.247956988398707,5.1303506432010115,7090646.5
2021-02-22,5.233482361297452,5.056168179307081,5.23438702549128,5.051644858337937,7760759.91
2021-02-23,5.020886275747771,5.042598216399654,5.099592060610844,5.018172283166286,5912503.64
2021-02-24,5.055263515113252,4.909612579906874,5.066119485439192,4.8589513850524835,10112690.33
2021-02-25,4.95846444637361,4.955750453792124,4.996460342514403,4.923182542814302,6693054.38
2021-02-26,4.875235340541395,4.820955488911689,4.903279930550076,4.813718175361061,8370703.36
2021-03-01,4.867998026990767,4.901470602162419,4.903279930550076,4.838144108594428,5582085.4
2021-03-02,4.926801199589614,4.839048772788258,4.931324520558756,4.801052876647463,4338597.54
2021-03-03,4.824574145687002,4.9340385131402416,4.937657169915556,4.80919485439192,3611545.93
2021-03-04,4.885186646673508,4.782959592770895,4.885186646673508,4.756724331149871,6449816.48
2021-03-05,4.706063136295478,4.7639616447004975,4.804671533422778,4.685255859837425,5936328.5
2021-03-08,4.794720227290664,4.595694104648411,4.817336832136376,4.586647462710126,5637220.05
2021-03-09,4.592980112066925,4.504323021071739,4.609264067555837,4.456375818798833,9317190.68
2021-03-10,4.556793544313789,4.523320969142136,4.578505484965671,4.507941677847053,6365357.6
2021-03-11,4.545032909794019,4.640022650146003,4.642736642727488,4.5368909320495625,6206768.84
2021-03-12,4.654497277247258,4.651783284665774,4.660829926604058,4.595694104648411,4482014.93
2021-03-15,4.630071344013891,4.559507536895273,4.630976008207719,4.516988319785338,3865724.05
2021-03-16,4.56131686528293,4.589361455291612,4.601122089811382,4.534176939468077,3232360.64
2021-03-17,4.576696156578014,4.610168731749665,4.632785336595377,4.535081603661906,3062945.97
2021-03-18,4.621024702075606,4.646355299502802,4.667162575960856,4.6192153736879495,3196101.3
2021-03-19,4.588456791097783,4.520606976560651,4.602931418199038,4.507941677847053,4921956.05
2021-03-22,4.518797648172995,4.572172835608872,4.588456791097783,4.514274327203852,4234867.62
2021-03-23,4.567649514639729,4.531462946886593,4.575791492384185,4.493467050745798,4916387.73
2021-03-24,4.512464998816196,4.462708468155632,4.55046089495699,4.443710520085235,7550528.62
2021-03-25,4.438282534922264,4.459089811380318,4.478992423644543,4.421998579433352,2849086.49
2021-03-26,4.478087759450715,4.553174887538475,4.573982163996528,4.4744691026754015,5565349.5
2021-03-29,4.564030857864415,4.5622215294767585,4.595694104648411,4.527844290111278,6392567.72
2021-03-30,4.559507536895273,4.60202675400521,4.617406045300293,4.55046089495699,2682838.9
2021-03-31,4.598408097229896,4.5685541788335575,4.5993127614237235,4.535081603661906,2308126.76
2021-04-01,4.573982163996528,4.62464335885092,4.6318806724015475,4.570363507221214,3229964.35
2021-04-02,4.640927314339832,4.6689719043485125,4.673495225317656,4.621929366269435,2803346.45
2021-04-06,4.679827874674454,4.643641306921317,4.683446531449768,4.6318806724015475,2346355.44
2021-04-07,4.648164627890459,4.6119780601373215,4.649973956278116,4.583933470128641,1752172.73
2021-04-08,4.596598768842239,4.621929366269435,4.640927314339832,4.5748868281903565,1407559.21
2021-04-09,4.609264067555837,4.557698208507617,4.609264067555837,4.545937573987848,2223298.0
2021-04-12,4.546842238181675,4.481706416226028,4.567649514639729,4.466327124930945,6639382.34
2021-04-13,4.4744691026754015,4.47537376686923,4.5178929839791655,4.459089811380318,4535452.45
2021-04-14,4.4798970878383715,4.500704364296426,4.513369663010024,4.471755110093916,5271842.0
2021-04-15,4.4871344013889995,4.47537376686923,4.491657722358141,4.427426564596323,4935407.0
2021-04-16,4.4862297371951705,4.489848393970484,4.500704364296426,4.4491385052482055,4998940.3
2021-04-19,4.4862297371951705,4.603836082392867,4.611073395943494,4.465422460737117,5673692.26
2021-04-20,4.5875521269039545,4.596598768842239,4.628262015626234,4.579410149159499,3698515.57
2021-04-21,4.567649514639729,4.60745473916818,4.621024702075606,4.565840186252072,4143213.61
2021-04-22,4.614692052718808,4.603836082392867,4.630071344013891,4.582124141740985,4483991.6
2021-04-23,4.596598768842239,4.649973956278116,4.659020598216401,4.596598768842239,3229926.3
2021-04-26,4.659925262410228,4.592075447873096,4.696111830163366,4.5875521269039545,5380616.34
2021-04-27,4.595694104648411,4.603836082392867,4.6119780601373215,4.571268171415043,3177926.09
2021-04-28,4.5875521269039545,4.6382133217583466,4.640927314339832,4.573982163996528,3012459.72
2021-04-29,4.639117985952176,4.679827874674454,4.686160524031253,4.6318806724015475,3809844.8
2021-04-30,4.6689719043485125,4.639117985952176,4.678923210480626,4.608359403362009,4042413.0
2021-05-06,4.621929366269435,4.578505484965671,4.651783284665774,4.554984215926131,4075745.66
2021-05-07,4.589361455291612,4.523320969142136,4.611073395943494,4.519702312366824,3382892.45
2021-05-10,4.52693962591745,4.522416304948308,4.545937573987848,4.482611080419858,3691991.48
2021-05-11,4.493467050745798,4.545937573987848,4.563126193670587,4.4618038039618035,3979265.3
2021-05-12,4.535986267855734,4.573982163996528,4.580314813353327,4.519702312366824,2539712.32
2021-05-13,4.537795596243391,4.524225633335965,4.547746902375504,4.501609028490254,4725439.35
2021-05-14,4.541414253018704,4.6382133217583466,4.640022650146003,4.516083655591508,8489630.43
2021-05-17,4.634594664983033,4.69339783758188,4.717823770815248,4.629166679820062,6672555.21
2021-05-18,4.703349143713993,4.6952071659695385,4.715109778233763,4.674399889511483,2834588.26
2021-05-19,4.686160524031253,4.68254186725594,4.7006351511325075,4.661734590797885,3933594.67
2021-05-20,4.678923210480626,4.6952071659695385,4.709681793070793,4.660829926604058,2701391.03
2021-05-21,4.701539815326337,4.645450635308974,4.72867974114119,4.634594664983033,5410635.11
2021-05-24,4.645450635308974,4.67078123273617,4.671685896929998,4.610168731749665,3496127.89
2021-05-25,4.67078123273617,4.819146160524032,4.829097466656145,4.67078123273617,15361601.49
2021-05-26,4.822764817299346,4.82005082471786,4.842667429563571,4.80919485439192,4868611.22
2021-05-27,4.812813511167233,4.837239444400601,4.879758661510537,4.791101570515352,5307535.0
2021-05-28,4.836334780206772,4.823669481493174,4.86076071344014,4.794720227290664,3456218.58
2021-05-31,4.820955488911689,4.829097466656145,4.830002130849974,4.78567358535238,3286030.31
2021-06-01,4.824574145687002,4.836334780206772,4.839953436982086,4.76848496566964,4544228.25
2021-06-02,4.840858101175915,4.79743421987215,4.846286086338885,4.773008286638782,5776070.87
2021-06-03,4.794720227290664,4.760342987925184,4.815527503748719,4.758533659537528,4432763.99
2021-06-04,4.749487017599243,4.790196906321522,4.841762765369743,4.73410772630416,5581177.57
2021-06-07,4.790196906321522,4.784768921158552,4.792910898903008,4.750391681793071,2652774.3
2021-06-08,4.784768921158552,4.746773025017758,4.830906795043802,4.716014442427591,4542037.06
2021-06-09,4.73410772630416,4.754010338568385,4.7639616447004975,4.732298397916503,2595131.56
2021-06-10,4.748582353405414,4.784768921158552,4.816432167942547,4.747677689211587,4041125.79
2021-06-11,4.788387577933865,4.740440375660959,4.801052876647463,4.736821718885645,3375558.0
2021-06-15,4.740440375660959,4.687065188225082,4.749487017599243,4.662639254991714,4312365.97
2021-06-16,4.6816372030621105,4.622834030463263,4.688874516612739,4.608359403362009,5573016.99
2021-06-17,4.613787388524979,4.632785336595377,4.65359261305343,4.611073395943494,3422104.55
2021-06-18,4.6318806724015475,4.637308657564518,4.663543919185543,4.603836082392867,5237656.6
2021-06-21,4.621024702075606,4.630976008207719,4.663543919185543,4.60202675400521,4492630.5
2021-06-22,4.649973956278116,4.654497277247258,4.659925262410228,4.623738694657091,6783141.91
2021-06-23,4.660829926604058,4.68254186725594,4.706967800489307,4.646355299502802,5864652.23
2021-06-24,4.686160524031253,4.6943025017757085,4.6952071659695385,4.663543919185543,2175097.08
2021-06-25,4.697921158551023,4.767580301475811,4.784768921158552,4.696111830163366,6192586.62
2021-06-28,4.774817615026438,4.775722279220267,4.78567358535238,4.755819666956041,4454964.81
2021-06-29,4.775722279220267,4.726870412753532,4.775722279220267,4.717823770815248,2901856.47
2021-06-30,4.727775076947361,4.754915002762214,4.764866308894327,4.726870412753532,3711709.76
2021-07-01,4.7702942940572965,4.753105674374556,4.78024560018941,4.724156420172048,5643738.63
2021-07-02,4.72234709178439,4.625548023044749,4.724156420172048,4.623738694657091,4422359.89
2021-07-05,4.625548023044749,4.6318806724015475,4.642736642727488,4.604740746586695,2575703.13
2021-07-06,4.6318806724015475,4.6382133217583466,4.640927314339832,4.5875521269039545,3816887.34
2021-07-07,4.618310709494121,4.686160524031253,4.706063136295478,4.611073395943494,3494651.34
2021-07-08,4.6943025017757085,4.646355299502802,4.7006351511325075,4.632785336595377,3280350.47
2021-07-09,4.6318806724015475,4.62464335885092,4.639117985952176,4.573982163996528,4262319.21
2021-07-12,4.659020598216401,4.686160524031253,4.712395785652277,4.633690000789204,5966928.94
2021-07-13,4.685255859837425,4.7006351511325075,4.71691910662142,4.675304553705312,3464403.64
2021-07-14,4.696111830163366,4.649069292084288,4.696111830163366,4.639117985952176,3824693.18
2021-07-15,4.64183197853366,4.710586457264621,4.71691910662142,4.635499329176861,3552866.95
2021-07-16,4.704253807907822,4.664448583379371,4.708777128876965,4.660829926604058,3702351.45
2021-07-19,4.656306605634915,4.684351195643597,4.69339783758188,4.6192153736879495,3320461.58
2021-07-20,4.649973956278116,4.672590561123827,4.685255859837425,4.64183197853366,3066793.27
2021-07-21,4.686160524031253,4.707872464683135,4.726870412753532,4.678923210480626,5784302.57
2021-07-22,4.708777128876965,4.712395785652277,4.73410772630416,4.702444479520166,2696840.73
2021-07-23,4.713300449846106,4.6653532475732,4.714205114039935,4.654497277247258,2681441.35
2021-07-26,4.64725996369663,4.507037013653225,4.648164627890459,4.453661826217347,9152733.74
2021-07-27,4.504323021071739,4.350530108120907,4.523320969142136,4.345102122957936,8072052.16
2021-07-28,4.345102122957936,4.35957675005919,4.381288690711073,4.283584957777603,9133473.42
2021-07-29,4.431949885565465,4.438282534922264,4.448233841054377,4.394858653618499,6402063.55
2021-07-30,4.4174752584642105,4.407523952332097,4.418379922658039,4.361386078446848,2258702.35
2021-08-02,4.393049325230843,4.516988319785338,4.52693962591745,4.364100071028333,3752039.41
2021-08-03,4.497085707521112,4.518797648172995,4.540509588824876,4.482611080419858,2330097.64
2021-08-04,4.508846342040882,4.558602872701445,4.559507536895273,4.507037013653225,2486452.87
2021-08-05,4.52693962591745,4.531462946886593,4.575791492384185,4.506132349459397,2098716.49
2021-08-06,4.523320969142136,4.516988319785338,4.527844290111278,4.488943729776656,1126992.04
2021-08-09,4.496181043327284,4.566744850445901,4.583933470128641,4.4798970878383715,2290906.28
2021-08-10,4.5558888801199595,4.618310709494121,4.621024702075606,4.525130297529793,3241223.81
2021-08-11,4.6119780601373215,4.5938847762607535,4.635499329176861,4.591170783679269,2391296.0
2021-08-12,4.577600820771841,4.564935522058245,4.596598768842239,4.5558888801199595,1339716.95
2021-08-13,4.553174887538475,4.540509588824876,4.583028805934813,4.514274327203852,2025664.01
2021-08-16,4.535081603661906,4.537795596243391,4.563126193670587,4.524225633335965,1862036.29
2021-08-17,4.532367611080421,4.4364732065346075,4.56131686528293,4.428331228790151,3523008.96
2021-08-18,4.4364732065346075,4.484420408807514,4.510655670428538,4.425617236208667,3847710.32
2021-08-19,4.469041117512432,4.453661826217347,4.484420408807514,4.433759213953121,2403110.0
2021-08-20,4.443710520085235,4.372242048772789,4.444615184279063,4.33153216005051,4184413.4
2021-08-23,4.381288690711073,4.437377870728436,4.442805855891406,4.378574698129588,3529612.61
2021-08-24,4.4419011916975775,4.484420408807514,4.50341835687791,4.4419011916975775,3177054.13
2021-08-25,4.491657722358141,4.497085707521112,4.4988950359087685,4.4672317891247735,2076564.06
2021-08-26,4.494371714939627,4.420189251045696,4.495276379133456,4.405714623944441,1948402.59
2021-08-27,4.413856601688896,4.431949885565465,4.472659774287744,4.4111426091074115,2322364.14
2021-08-30,4.442805855891406,4.415665930076553,4.452757162023519,4.395763317812328,2155322.11
2021-08-31,4.4165705942703815,4.413856601688896,4.4301405571778085,4.351434772314734,2450326.07
2021-09-01,4.414761265882725,4.477183095256886,4.512464998816196,4.378574698129588,3865182.69
2021-09-02,4.4871344013889995,4.473564438481573,4.494371714939627,4.450947833635862,2240048.34
2021-09-03,4.473564438481573,4.4491385052482055,4.495276379133456,4.440996527503749,3483672.64
2021-09-06,4.4491385052482055,4.525130297529793,4.537795596243391,4.445519848472891,4945358.66
2021-09-07,4.523320969142136,4.582124141740985,4.603836082392867,4.510655670428538,4574956.03
2021-09-08,4.585742798516297,4.563126193670587,4.60745473916818,4.5486515665693315,2369430.77
2021-09-09,4.551365559150817,4.56131686528293,4.5622215294767585,4.525130297529793,1825451.89
2021-09-10,4.556793544313789,4.605645410780523,4.6382133217583466,4.554079551732303,3893349.75
2021-09-13,4.6002174256175525,4.5812194775471555,4.621929366269435,4.554984215926131,3200157.33
2021-09-14,4.582124141740985,4.52151164075448,4.597503433036067,4.502513692684083,3277119.94
2021-09-15,4.514274327203852,4.473564438481573,4.51517899139768,4.448233841054377,2707358.74
2021-09-16,4.473564438481573,4.422903243627181,4.482611080419858,4.415665930076553,4293484.25
2021-09-17,4.421998579433352,4.45818514718649,4.46361313234946,4.403905295556784,5139926.94
2021-09-22,4.396667982006156,4.428331228790151,4.443710520085235,4.389430668455529,4916296.0
2021-09-23,4.448233841054377,4.454566490411176,4.482611080419858,4.438282534922264,2869732.55
2021-09-24,4.45818514718649,4.460899139767975,4.500704364296426,4.4491385052482055,4647711.9
2021-09-27,4.473564438481573,4.489848393970484,4.52151164075448,4.451852497829691,3598935.78
2021-09-28,4.482611080419858,4.481706416226028,4.505227685265568,4.456375818798833,2636352.57
2021-09-29,4.452757162023519,4.451852497829691,4.477183095256886,4.412951937495069,5922610.73
2021-09-30,4.453661826217347,4.464517796543288,4.4808017520322005,4.451852497829691,3129596.71
2021-10-08,4.50341835687791,4.528748954305107,4.5368909320495625,4.497085707521112,2446241.2
2021-10-11,4.535986267855734,4.527844290111278,4.577600820771841,4.524225633335965,2603223.71
2021-10-12,4.5115603346223665,4.4808017520322005,4.52151164075448,4.444615184279063,3306068.24
2021-10-13,4.473564438481573,4.531462946886593,4.545937573987848,4.471755110093916,2535736.66
2021-10-14,4.526034961723622,4.507037013653225,4.5486515665693315,4.497085707521112,1998086.58
2021-10-15,4.504323021071739,4.528748954305107,4.53870026043722,4.4871344013889995,2179700.95
2021-10-18,4.526034961723622,4.476278431063059,4.52693962591745,4.447329176860549,2512604.74
2021-10-19,4.469041117512432,4.518797648172995,4.523320969142136,4.466327124930945,2884697.96
2021-10-20,4.523320969142136,4.506132349459397,4.543223581406362,4.497085707521112,1566963.0
2021-10-21,4.505227685265568,4.526034961723622,4.547746902375504,4.488943729776656,2240855.16
2021-10-22,4.532367611080421,4.5558888801199595,4.588456791097783,4.532367611080421,3345973.4
2021-10-25,4.543223581406362,4.571268171415043,4.578505484965671,4.533272275274249,2653745.04
2021-10-26,4.573077499802699,4.5558888801199595,4.602931418199038,4.54412824560019,2479095.32
2021-10-27,4.545032909794019,4.496181043327284,4.545032909794019,4.485325073001342,2781043.0
2021-10-28,4.4871344013889995,4.477183095256886,4.502513692684083,4.456375818798833,4413412.0
2021-10-29,4.4744691026754015,4.506132349459397,4.507037013653225,4.46361313234946,4264846.99
2021-11-01,4.484420408807514,4.491657722358141,4.512464998816196,4.468136453318602,1950023.45
2021-11-02,4.488943729776656,4.444615184279063,4.518797648172995,4.409333280719754,4294135.13
2021-11-03,4.4419011916975775,4.426521900402495,4.465422460737117,4.413856601688896,3406351.07
2021-11-04,4.444615184279063,4.469041117512432,4.478992423644543,4.443710520085235,2844233.0
2021-11-05,4.459994475574146,4.453661826217347,4.493467050745798,4.452757162023519,2656007.9
2021-11-08,4.450947833635862,4.450043169442034,4.476278431063059,4.434663878146951,3124852.0
2021-11-09,4.464517796543288,4.448233841054377,4.4798970878383715,4.425617236208667,2628400.0
2021-11-10,4.444615184279063,4.425617236208667,4.444615184279063,4.365909399415989,4894263.83
2021-11-11,4.4165705942703815,4.497990371714941,4.500704364296426,4.414761265882725,3523649.95
2021-11-12,4.501609028490254,4.496181043327284,4.51517899139768,4.481706416226028,2729067.04
2021-11-15,4.4997997001025976,4.490753058164313,4.51517899139768,4.471755110093916,3359153.81
2021-11-16,4.4925623865519695,4.4871344013889995,4.519702312366824,4.478087759450715,3518703.07
2021-11-17,4.4808017520322005,4.4862297371951705,4.4997997001025976,4.469945781706259,2269817.57
2021-11-18,4.47537376686923,4.44642451266672,4.4798970878383715,4.434663878146951,3606012.0
2021-11-19,4.4419011916975775,4.496181043327284,4.501609028490254,4.437377870728436,2759205.89
2021-11-22,4.4997997001025976,4.507941677847053,4.518797648172995,4.493467050745798,3536474.89
2021-11-23,4.501609028490254,4.510655670428538,4.523320969142136,4.4925623865519695,3172672.46
2021-11-24,4.510655670428538,4.520606976560651,4.537795596243391,4.4997997001025976,1785947.06
2021-11-25,4.52151164075448,4.50341835687791,4.522416304948308,4.496181043327284,1372599.7
2021-11-26,4.491657722358141,4.465422460737117,4.4925623865519695,4.457280482992661,2046378.0
2021-11-29,4.432854549759294,4.459089811380318,4.4672317891247735,4.432854549759294,2338560.0
2021-11-30,4.4618038039618035,4.442805855891406,4.477183095256886,4.421998579433352,1836800.0
2021-12-01,4.442805855891406,4.454566490411176,4.459089811380318,4.439187199116093,2116261.58
2021-12-02,4.450947833635862,4.46361313234946,4.473564438481573,4.4355685423407785,1610351.47
2021-12-03,4.46361313234946,4.504323021071739,4.505227685265568,4.456375818798833,2196321.43
2021-12-06,4.507037013653225,4.4997997001025976,4.537795596243391,4.495276379133456,3328991.17
2021-12-07,4.518797648172995,4.525130297529793,4.531462946886593,4.50341835687791,2124267.58
2021-12-08,4.529653618498934,4.59026611948544,4.594789440454582,4.513369663010024,3411917.1
2021-12-09,4.5938847762607535,4.666257911767028,4.707872464683135,4.592075447873096,6332211.75
2021-12-10,4.652687948859602,4.652687948859602,4.659020598216401,4.634594664983033,3961260.46
2021-12-13,4.674399889511483,4.664448583379371,4.72867974114119,4.658115934022572,4290337.71
2021-12-14,4.64725996369663,4.636403993370689,4.663543919185543,4.627357351432406,3626877.81
2021-12-15,4.6318806724015475,4.594789440454582,4.646355299502802,4.591170783679269,2035831.99
2021-12-16,4.597503433036067,4.6192153736879495,4.620120037881778,4.582124141740985,3773043.28
2021-12-17,4.6119780601373215,4.553174887538475,4.614692052718808,4.551365559150817,6226189.0
2021-12-20,4.540509588824876,4.485325073001342,4.5685541788335575,4.47537376686923,8518253.0
2021-12-21,4.4808017520322005,4.504323021071739,4.516083655591508,4.477183095256886,5171335.15
2021-12-22,4.516083655591508,4.507037013653225,4.52693962591745,4.496181043327284,6660461.88
2021-12-23,4.516988319785338,4.541414253018704,4.546842238181675,4.50341835687791,3023052.6
2021-12-24,4.546842238181675,4.520606976560651,4.552270223344646,4.50341835687791,2603961.01
2021-12-27,4.520606976560651,4.524225633335965,4.539604924631048,4.496181043327284,5044913.26
2021-12-28,4.524225633335965,4.547746902375504,4.556793544313789,4.516083655591508,6399141.74
2021-12-29,4.545937573987848,4.4871344013889995,4.551365559150817,4.4862297371951705,4038655.56
2021-12-30,4.4871344013889995,4.519702312366824,4.53870026043722,4.482611080419858,4744980.19
2021-12-31,4.532367611080421,4.530558282692764,4.5495562307631605,4.5178929839791655,3514165.95
2022-01-04,4.545937573987848,4.514274327203852,4.547746902375504,4.470850445900088,4863552.76
2022-01-05,4.504323021071739,4.471755110093916,4.516083655591508,4.455471154605004,4640731.06
2022-01-06,4.453661826217347,4.421093915239523,4.462708468155632,4.393953989424672,5172728.0
2022-01-07,4.432854549759294,4.431949885565465,4.459994475574146,4.426521900402495,4785197.0
2022-01-10,4.421998579433352,4.443710520085235,4.453661826217347,4.395763317812328,4911223.07
2022-01-11,4.443710520085235,4.403000631362955,4.454566490411176,4.400286638781471,4122188.98
2022-01-12,4.418379922658039,4.450043169442034,4.462708468155632,4.418379922658039,5113325.82
2022-01-13,4.459994475574146,4.376765369741931,4.4618038039618035,4.374956041354275,4882722.97
2022-01-14,4.365004735222162,4.33696014521348,4.378574698129588,4.334246152631995,4100290.0
2022-01-17,4.340578801988794,4.374051377160446,4.388526004261701,4.339674137794965,4983490.57
2022-01-18,4.37133738457896,4.415665930076553,4.4301405571778085,4.355958093283878,6241670.62
2022-01-19,4.423978375818799,4.391820692920843,4.446029358377397,4.369769710362244,5224392.6
2022-01-20,4.387226738221135,4.426734748638624,4.45337968589693,4.3863079472811926,5412784.88
2022-01-21,4.419384421119091,4.3954958566806095,4.423978375818799,4.377120037881777,7814369.8
2022-01-24,4.373444874122011,4.397333438560492,4.409277720779734,4.362419382842712,4605740.13
2022-01-25,4.3752824560018935,4.299941598926683,4.389064320101018,4.296266435166917,5952708.65
2022-01-26,4.313723463025807,4.323830163365165,4.328424118064873,4.272377870728435,5218421.0
2022-01-27,4.3118858811459235,4.249408097229895,4.3173986267855735,4.241138978770421,6076216.74
2022-01-28,4.260433588509194,4.184173940494042,4.280646989187909,4.180498776734275,8583917.02
2022-02-07,4.249408097229895,4.250326888169837,4.284322152947675,4.2319510693710045,4845867.6
2022-02-08,4.250326888169837,4.2301134874911215,4.250326888169837,4.148341093836319,4481413.06
2022-02-09,4.2319510693710045,4.265946334148843,4.275134243548259,4.217250414331939,4589380.95
2022-02-10,4.272377870728435,4.255839633809486,4.275134243548259,4.2319510693710045,4953830.95
2022-02-11,4.2393013968905375,4.2227631599715885,4.279728198247969,4.220006787151764,4617436.08
2022-02-14,4.208062504932523,4.177742403914451,4.220925578091705,4.158447794175677,3299679.08
2022-02-15,4.178661194854392,4.216331623391998,4.220006787151764,4.176823612974509,6043144.4
2022-02-16,4.2356262331307715,4.2356262331307715,4.25767721568937,4.2246007418514715,4498005.48
2022-02-17,4.231032278431063,4.244814142530187,4.266865125088786,4.225519532791414,6290406.92
2022-02-18,4.2264383237313545,4.266865125088786,4.267783916028726,4.221844369031647,3041052.15
2022-02-21,4.259514797569253,4.251245679109778,4.260433588509194,4.231032278431063,3241950.53
2022-02-22,4.217250414331939,4.196118222713283,4.223681950911531,4.179579985794334,3153167.69
2022-02-23,4.208062504932523,4.240220187830479,4.242976560650304,4.199793386473049,4469039.32
2022-02-24,4.217250414331939,4.162122957935443,4.2282759056112384,4.124452529397837,5912365.42
2022-02-25,4.1832551495541,4.1942806408334,4.236545024070712,4.1832551495541,3844660.69
2022-02-28,4.191524268013574,4.199793386473049,4.201630968352932,4.154772630415911,2693170.76
2022-03-01,4.215412832452056,4.234707442190829,4.242057769710362,4.201630968352932,3261629.03
2022-03-02,4.216331623391998,4.202549759292873,4.217250414331939,4.182336358614157,1946012.92
2022-03-03,4.217250414331939,4.175904822034568,4.2264383237313545,4.1667169126351515,2006899.2
2022-03-04,4.139153184436903,4.129046484097546,4.165798121695209,4.116183410938364,4053766.26
2022-03-07,4.096888801199589,3.993065424986189,4.096888801199589,3.9765271880672404,5831129.9
2022-03-08,3.993984215926131,3.9177245679109785,4.016035198484729,3.903023912871913,6917080.74
2022-03-09,3.925074895430511,3.880972930313314,3.9452882961092253,3.739479125562308,7867488.12
2022-03-10,3.9508010417488757,3.9361003867098097,3.9746896061873564,3.934262804829927,5528465.28
2022-03-11,3.88464809407308,3.961826533028175,3.967339278667824,3.8359521742561755,3973422.08
2022-03-14,3.9048614947517954,3.8331958014363505,3.9269124773103936,3.8322770104964095,4331004.28
2022-03-15,3.799200536658511,3.6503564043879724,3.825845473916818,3.6457624496882644,10444778.02
2022-03-16,3.707321442664352,3.8093072369978693,3.8313582195564675,3.6218738852497836,13251385.41
2022-03-17,3.8800541393733723,3.8864856759529642,3.9452882961092253,3.8635159024544237,11475616.26
2022-03-18,3.8681098571541312,3.912211822271328,3.9287500591902766,3.848815247415358,4030217.32
2022-03-21,3.916805776971036,3.9066990766316785,3.932425222950043,3.8699474390340143,3720163.91
2022-03-22,3.8883232578328473,3.903023912871913,3.934262804829927,3.887404466892905,2504224.76
2022-03-23,3.912211822271328,3.9259936863704517,3.9379379685896927,3.8956735853523794,3082446.71
2022-03-24,3.9048614947517954,3.90118633099203,3.923237313550627,3.8708662299739562,2206417.62
2022-03-25,3.9002675400520874,3.830439428616525,3.9085366585115615,3.8286018467366425,3568083.07
2022-03-28,3.7982817457185702,3.807469655117986,3.835033383316234,3.7514234077815485,4155938.46
2022-03-29,3.817576355457344,3.7909314181990372,3.8341145923762925,3.7844998816194453,2310331.17
2022-03-30,3.816657564517402,3.9039427038118535,3.9066990766316785,3.816657564517402,5002575.3
2022-03-31,3.894754794412438,3.8754601846736643,3.8993487491121455,3.8681098571541312,4242789.96
2022-04-01,3.8469776655354755,3.9223185226106856,3.9406943414095172,3.845140083655591,3752472.41
2022-04-06,3.898429958172205,3.9112930313313865,3.9223185226106856,3.88464809407308,3398937.7
2022-04-07,3.8929172125325544,3.8635159024544237,3.921399731670744,3.8607595296345987,2783983.51
2022-04-08,3.866272275274248,3.889242048772788,3.891998421592613,3.8359521742561755,3202712.97
2022-04-11,3.8635159024544237,3.7679616447004967,3.864434693394365,3.7560173624812565,5800584.97
2022-04-12,3.7697992265803806,3.8322770104964095,3.836870965196117,3.7449918712019565,8064759.0
2022-04-13,3.813901191697577,3.8028757004182783,3.8469776655354755,3.799200536658511,3872602.08
2022-04-14,3.836870965196117,3.843302501775708,3.8699474390340143,3.8157387735774595,5736892.43
2022-04-15,3.8221703101570514,3.841464919895825,3.864434693394365,3.812982400757636,5322379.66
2022-04-18,3.8083884460579274,3.823089101096993,3.825845473916818,3.7826622997395627,2797092.72
2022-04-19,3.8221703101570514,3.7982817457185702,3.846058874595533,3.776230763159972,3139962.4
2022-04-20,3.7964441638386868,3.7339663799226583,3.8019569094783363,3.728453634283008,3903434.38
2022-04-21,3.7229408886433584,3.671488596006629,3.7495858259016654,3.6521939862678563,7925084.56
2022-04-22,3.6430060768684394,3.680676505406045,3.709159024544235,3.6310617946491988,6173783.97
2022-04-25,3.6246302580696077,3.503349853997317,3.6374933312287907,3.4978371083576674,16542843.44
2022-04-26,3.5061062268171415,3.4757861257990683,3.5584773103938128,3.4675170073395947,15437597.38
2022-04-27,3.4647606345197692,3.573177965432878,3.5750155473127614,3.4546539341804117,13725838.56
2022-04-28,3.557558519453871,3.59706652987136,3.6154423486701917,3.5548021466340463,10729261.29
2022-04-29,3.609929603030542,3.688945623865519,3.6926207876252866,3.5768531291926444,7631211.89
2022-05-05,3.6567879409675634,3.6751637597663955,3.7036462789045848,3.6476000315681483,7360953.93
2022-05-06,3.6062544392707756,3.5860410385920605,3.6227926761897247,3.583284665772236,5206697.18
2022-05-09,3.563071265093521,3.5566397285139293,3.5887974114118855,3.537345118775156,3187006.33
2022-05-10,3.521725672796149,3.5979853208113015,3.6136047667903086,3.498755899297609,5474671.62
2022-05-11,3.59155378423171,3.6485188225080893,3.6990523242048767,3.59155378423171,6290115.61
2022-05-12,3.6338181674690238,3.6301430037092572,3.655869150027622,3.6136047667903086,3071057.83
2022-05-13,3.6641382684870965,3.658625522847447,3.674244968826454,3.6310617946491988,2799732.47
2022-05-16,3.6751637597663955,3.6301430037092572,3.6880268329255785,3.6200363033698997,4425843.42
2022-05-17,3.6384121221687318,3.6751637597663955,3.676082550706338,3.6283054218293738,3008495.64
2022-05-18,3.6815952963459866,3.662300686607214,3.6907832057454035,3.6384121221687318,2640173.24
2022-05-19,3.6264678399494907,3.6705698050666875,3.6724073869465705,3.616361139610133,3249620.36
2022-05-20,3.693539578565227,3.7477482440217815,3.748667034961724,3.684351669165812,6004614.24
2022-05-23,3.7477482440217815,3.7183469339436503,3.7477482440217815,3.6944583695051696,5120912.73
2022-05-24,3.7174281430037097,3.6430060768684394,3.7201845158235343,3.6384121221687318,4156645.0
2022-05-25,3.6384121221687318,3.658625522847447,3.66046310472733,3.6273866308894323,4576840.97
2022-05-26,3.6595443137873884,3.6678134322468634,3.693539578565227,3.6126859758503667,4816140.68
2022-05-27,3.6953771604451107,3.6770013416462786,3.7275348433430673,3.6613818956672715,5532972.11
2022-05-30,3.693539578565227,3.698133533264936,3.7146717701838847,3.6815952963459866,4505319.2
2022-05-31,3.698133533264936,3.7569361534211985,3.7697992265803806,3.689864414805461,4522581.18
2022-06-01,3.7569361534211985,3.7514234077815485,3.7633676900007895,3.730291216162891,3774345.08
2022-06-02,3.7358039618025414,3.7615301081209065,3.7652052718806726,3.728453634283008,2901326.08
2022-06-06,3.759692526241022,3.836870965196117,3.8377897561360585,3.7348851708626,4238359.04
2022-06-07,3.823089101096993,3.842383710835767,3.8607595296345987,3.817576355457344,3808641.88
2022-06-08,3.845140083655591,3.880972930313314,3.8864856759529642,3.8267642648567595,4272910.52
2022-06-09,3.8727038118538393,3.8497340383552996,3.89016083971273,3.8341145923762925,2916148.28
2022-06-10,3.82125151921711,3.903023912871913,3.914049404151211,3.8203327282771684,6480691.42
2022-06-13,3.8681098571541312,3.8552467839949487,3.8800541393733723,3.8313582195564675,5799002.48
2022-06-14,3.8267642648567595,3.891998421592613,3.8956735853523794,3.7808247178596797,6249025.5
2022-06-15,3.889242048772788,3.937019177649751,4.009603661905137,3.889242048772788,11218852.05
2022-06-16,3.9489634598689927,3.912211822271328,3.966420487727883,3.9039427038118535,5075120.36
2022-06-17,3.896592376292321,3.9700956514876484,3.984796306526714,3.8910796306526714,7156474.04
2022-06-20,3.9792835608870654,3.989390261226422,4.031654644463736,3.958151369268408,7324344.57
2022-06-21,3.989390261226422,3.9875526793465395,4.02246673506432,3.955394996448583,4224015.46
2022-06-22,3.9875526793465395,3.941613132349459,3.993984215926131,3.934262804829927,3619642.72
2022-06-23,3.9425319232894016,4.01052245284508,4.012360034724963,3.9361003867098097,4056939.24
2022-06-24,4.019710362244496,4.054624417962277,4.066568700181517,4.0086848709651965,4148338.49
2022-06-27,4.069325073001342,4.098726383079473,4.133640438797253,4.069325073001342,4559810.5
2022-06-28,4.097807592139532,4.146503511956436,4.158447794175677,4.073000236761108,3748823.78
2022-06-29,4.132721647857312,4.095970010259649,4.1593665851156185,4.082188146160523,5448356.04
2022-06-30,4.092294846499882,4.141909557256728,4.175904822034568,4.09137605555994,5680515.61
2022-07-01,4.152935048536026,4.128127693157604,4.1575290032357355,4.110670665298714,4455712.44
2022-07-04,4.11434582905848,4.1538538394759685,4.155691421355852,4.087700891800173,3874217.25
2022-07-05,4.158447794175677,4.144665930076553,4.1942806408334,4.099645174019414,3921158.2
2022-07-06,4.134559229737195,4.090457264619999,4.143747139136611,4.063812327361692,3189627.17
2022-07-07,4.084025728040408,4.105157919659064,4.123533738457897,4.06289353642175,4030459.46
2022-07-08,4.12629011127772,4.101482755899298,4.146503511956436,4.095051219319706,2082490.3
2022-07-11,4.084944518980349,4.031654644463736,4.084944518980349,4.015116407544787,4522074.98
2022-07-12,4.026141898824086,3.998578170625839,4.049111672322626,3.9857150974666564,3435392.0
2022-07-13,4.0013345434456635,4.00500970720543,4.023385526004262,3.9765271880672404,2956003.01
2022-07-14,4.0013345434456635,4.005928498145371,4.032573435403678,3.9838775155867734,3264142.69
2022-07-15,3.9967405887459546,3.9462070870491677,4.042680135743036,3.9443695051692846,7373071.08
2022-07-18,3.961826533028175,3.9884714702864814,4.00500970720543,3.9269124773103936,3891151.08
2022-07-19,3.984796306526714,3.9682580696077654,3.984796306526714,3.937019177649751,3535270.01
2022-07-20,3.9875526793465395,3.9792835608870654,4.005928498145371,3.967339278667824,2998383.73
2022-07-21,3.9645829058479998,3.9379379685896927,3.9857150974666564,3.937019177649751,3104926.43
2022-07-22,3.9517198326888168,3.9406943414095172,3.982958724646831,3.9131306132112704,3147688.01
2022-07-25,3.937019177649751,3.9241561044905686,3.9397755504695766,3.90761786757162,2516760.78
2022-07-26,3.929668850130219,3.9508010417488757,3.969176860547708,3.9269124773103936,3762545.37
2022-07-27,3.941613132349459,3.9287500591902766,3.9480446689290503,3.921399731670744,2571786.19
2022-07-28,3.9434507142293422,3.9315064320101016,3.978364769947123,3.927831268250336,3695810.28
2022-07-29,3.9351815957698686,3.8772977665535473,3.955394996448583,3.869028648094073,4712653.53
2022-08-01,3.864434693394365,3.893836003472497,3.903023912871913,3.841464919895825,2983914.83
2022-08-02,3.8681098571541312,3.8286018467366425,3.8681098571541312,3.7964441638386868,5439732.56
2022-08-03,3.8405461289558835,3.7872562544392707,3.8671910662141897,3.777149554099913,3766628.23
2022-08-04,3.8028757004182783,3.8157387735774595,3.824007892036935,3.7872562544392707,2617508.72
2022-08-05,3.818495146397285,3.8754601846736643,3.880972930313314,3.8157387735774595,3933852.48
2022-08-08,3.8598407386946567,3.8625971115144817,3.876378975613606,3.852490411175124,1572823.57
2022-08-09,3.8607595296345987,3.869028648094073,3.876378975613606,3.8497340383552996,2418243.56
2022-08-10,3.8607595296345987,3.8276830557967014,3.8736226027937812,3.8111448188777524,2037631.74
2022-08-11,3.843302501775708,3.9085366585115615,3.914049404151211,3.836870965196117,3480502.52
2022-08-12,3.9066990766316785,3.909455449451503,3.9195621497908615,3.893836003472497,2055897.52
2022-08-15,3.8975111672322624,3.9002675400520874,3.9379379685896927,3.893836003472497,2328228.0
2022-08-16,3.9048614947517954,3.8910796306526714,3.925074895430511,3.8837293031331392,1684833.56
2022-08-17,3.891998421592613,3.9287500591902766,3.938856759529634,3.869028648094073,2810227.66
2022-08-18,3.923237313550627,3.894754794412438,3.9269124773103936,3.89016083971273,1999681.1
2022-08-19,3.8910796306526714,3.8671910662141897,3.905780285691737,3.8653534843343067,2894410.65
2022-08-22,3.8589219477547156,3.891998421592613,3.903023912871913,3.8552467839949487,3109323.7
2022-08-23,3.889242048772788,3.8791353484334308,3.9048614947517954,3.86167832057454,2758775.95
2022-08-24,3.89016083971273,3.8083884460579274,3.893836003472497,3.8001193275984533,4031611.0
2022-08-25,3.8157387735774595,3.841464919895825,3.846058874595533,3.7890938363191533,3325106.91
2022-08-26,3.839627338015942,3.8359521742561755,3.8598407386946567,3.8295206376765845,2268554.32
2022-08-29,3.8047132822981613,3.812982400757636,3.823089101096993,3.7900126272590957,2345945.02
2022-08-30,3.816657564517402,3.8047132822981613,3.818495146397285,3.772555599400205,2320947.92
2022-08-31,3.7890938363191533,3.8047132822981613,3.842383710835767,3.7789871359797966,5552796.34
2022-09-01,3.7946065819588037,3.773474390340147,3.8157387735774595,3.7652052718806726,3202516.0
2022-09-02,3.776230763159972,3.7523421987214896,3.7844998816194453,3.7339663799226583,2637374.45
2022-09-05,3.744073080262016,3.750504616841607,3.7514234077815485,3.7119153973640593,2158650.1
2022-09-06,3.7624488990608476,3.777149554099913,3.781743508799621,3.7431542893220735,2641015.08
2022-09-07,3.764286480940731,3.7844998816194453,3.7955253728987453,3.7615301081209065,1835727.95
2022-09-08,3.7881750453792127,3.7679616447004967,3.7955253728987453,3.7670428537605556,1716321.83
2022-09-09,3.773474390340147,3.82125151921711,3.8286018467366425,3.772555599400205,3929759.47
2022-09-13,3.8276830557967014,3.8341145923762925,3.8543279930550076,3.824007892036935,3274311.9
2022-09-14,3.7982817457185702,3.7918502091389787,3.817576355457344,3.779905926919738,4299138.63
2022-09-15,3.7982817457185702,3.757854944361139,3.810226027937811,3.7348851708626,5888444.46
2022-09-16,3.745910662141899,3.6751637597663955,3.755098571541315,3.671488596006629,7257809.0
2022-09-19,3.669651014126746,3.665057059427038,3.688945623865519,3.6521939862678563,3977904.49
2022-09-20,3.680676505406045,3.666894641306921,3.696295951385052,3.6567879409675634,3015149.95
2022-09-21,3.6567879409675634,3.6393309131086733,3.6659758503669795,3.6227926761897247,3634886.22
2022-09-22,3.6246302580696077,3.6126859758503667,3.642087285928498,3.6016604845710676,2798468.0
2022-09-23,3.6126859758503667,3.605335648330834,3.6301430037092572,3.575934338252703,5202490.45
2022-09-26,3.583284665772236,3.5823658748322944,3.636574540288849,3.5777719201325864,7560335.83
2022-09-27,3.592472575171652,3.6283054218293738,3.635655749348907,3.575934338252703,5191603.41
2022-09-28,3.6154423486701917,3.5768531291926444,3.6181987214900166,3.57409675637282,5300816.06
2022-09-29,3.5979853208113015,3.5777719201325864,3.6172799305500747,3.5584773103938128,5060836.27
2022-09-30,3.578690711072528,3.5538833556941047,3.59706652987136,3.55112698287428,6383788.01
2022-10-10,3.5529645647541632,3.4812988714387187,3.5557209375739878,3.4702733801594188,6841092.48
2022-10-11,3.4831364533186018,3.4785424986188938,3.4950807355378424,3.463841843579828,4913806.91
2022-10-12,3.4794612895588353,3.5355075368952726,3.5382639097150976,3.416983505642806,7315129.83
2022-10-13,3.5061062268171415,3.5051874358772,3.534588745955331,3.496918317417726,3451402.76
2022-10-14,3.539182700655039,3.5860410385920605,3.6044168573908926,3.5309135821955646,7496291.33
2022-10-17,3.578690711072528,3.585122247652119,3.5887974114118855,3.5548021466340463,3887600.9
2022-10-18,3.605335648330834,3.578690711072528,3.6108483939704836,3.571340383552995,4311343.8
2022-10-19,3.57409675637282,3.5244820456159736,3.585122247652119,3.5226444637360905,2881622.83
2022-10-20,3.509781390576908,3.5134565543366745,3.5612336832136373,3.4831364533186018,3723050.13
2022-10-21,3.525400836555915,3.4932431536579593,3.5272384184357986,3.47670491673901,3275721.1
2022-10-24,3.4904867808381344,3.4032016415436823,3.521725672796149,3.3866634046247337,6297939.7
2022-10-25,3.3921761502643832,3.3885009865046167,3.435359324441638,3.3636936311261936,8235169.71
2022-10-26,3.3903385683844998,3.4142271328229814,3.4620042616999442,3.3894197774445582,6862870.21
2022-10-27,3.435359324441638,3.3903385683844998,3.4454660247809956,3.3894197774445582,5123970.5
2022-10-28,3.378394286165259,3.3113225475495227,3.3839070318049087,3.303053429090048,7381371.51
2022-10-31,3.289271564990924,3.2754897008918,3.322348038828822,3.2635454186725594,5976563.87
2022-11-01,3.293865519690632,3.402282850603741,3.404120432483624,3.289271564990924,10691572.04
2022-11-02,3.3857446136847926,3.433521742561755,3.4610854707600027,3.3793130771052007,7516463.03
2022-11-03,3.415145923762923,3.405958014363507,3.428927787862047,3.3894197774445582,4881107.1
2022-11-04,3.404120432483624,3.5226444637360905,3.5382639097150976,3.4032016415436823,11292457.26
2022-11-07,3.500593481177492,3.5226444637360905,3.5419390734748637,3.4996746902375504,5340733.73
2022-11-08,3.5226444637360905,3.501512272117433,3.5309135821955646,3.4794612895588353,8012578.95
2022-11-09,3.501512272117433,3.4647606345197692,3.5134565543366745,3.4610854707600027,5209239.83
2022-11-10,3.4454660247809956,3.4454660247809956,3.460166679820061,3.424333833162339,5064963.68
2022-11-11,3.529994791255623,3.5355075368952726,3.581447083892353,3.500593481177492,13767022.67
2022-11-14,3.581447083892353,3.537345118775156,3.600741693631126,3.52815720937574,8509668.66
2022-11-15,3.529994791255623,3.6062544392707756,3.61452355773025,3.523563254676032,7671834.69
2022-11-16,3.5998229026911845,3.5796095020124694,3.6181987214900166,3.5750155473127614,5377972.13
2022-11-17,3.5704215926130534,3.5639900560334623,3.5704215926130534,3.523563254676032,7916228.15
2022-11-18,3.5667464288532873,3.5520457738142217,3.585122247652119,3.54561423723463,6491949.23
2022-11-21,3.525400836555915,3.521725672796149,3.525400836555915,3.4822176623786603,5182489.08
2022-11-22,3.516212927156499,3.5198880909162655,3.5566397285139293,3.4959995264777843,6490256.38
2022-11-23,3.509781390576908,3.5226444637360905,3.5428578644148057,3.5042686449372584,5487915.95
2022-11-24,3.537345118775156,3.5061062268171415,3.5538833556941047,3.500593481177492,4821489.26
2022-11-25,3.5088625996369665,3.525400836555915,3.541020282534922,3.4959995264777843,5492157.73
2022-11-28,3.4656794254597107,3.4840552442585433,3.4904867808381344,3.4270902059821644,6260914.49
2022-11-29,3.5042686449372584,3.5906349932917685,3.598904111751243,3.5042686449372584,7207068.45
2022-11-30,3.581447083892353,3.5933913661115935,3.608092021150659,3.578690711072528,4594858.0
2022-12-01,3.6567879409675634,3.6347369584089653,3.684351669165812,3.6338181674690238,6354125.83
2022-12-02,3.6338181674690238,3.6136047667903086,3.642087285928498,3.611767184910425,10304210.29
2022-12-05,3.651275195327915,3.6788389235261616,3.6815952963459866,3.635655749348907,8761770.74
2022-12-06,3.6678134322468634,3.699971115144819,3.7211033067634753,3.6641382684870965,7658072.6
2022-12-07,3.693539578565227,3.688945623865519,3.7358039618025414,3.6751637597663955,6820750.53
2022-12-08,3.688945623865519,3.6972147423249937,3.705483860784469,3.677920132586221,5094094.92
2022-12-09,3.696295951385052,3.728453634283008,3.7385603346223664,3.682514087285928,6474551.86
2022-12-12,3.7165093520637673,3.689864414805461,3.7165093520637673,3.6861892510456946,4668575.24
2022-12-13,3.691701996685344,3.6797577144661036,3.70088990608476,3.6751637597663955,3636743.33
2022-12-14,3.684351669165812,3.688945623865519,3.705483860784469,3.6705698050666875,6219073.53
2022-12-15,3.689864414805461,3.687108041985636,3.698133533264936,3.6641382684870965,5307512.98
2022-12-16,3.685270460105753,3.6907832057454035,3.6990523242048767,3.6678134322468634,9083686.92
2022-12-19,3.6953771604451107,3.6374933312287907,3.705483860784469,3.6218738852497836,7451964.91
2022-12-20,3.6246302580696077,3.5796095020124694,3.6273866308894323,3.5584773103938128,8155654.96
2022-12-21,3.5842034567121774,3.5768531291926444,3.5933913661115935,3.5667464288532873,5230558.0
2022-12-22,3.5979853208113015,3.5842034567121774,3.623711467129666,3.5658276379133453,6878209.77
2022-12-23,3.5685840107331703,3.5750155473127614,3.594310157051535,3.557558519453871,10847910.27
2022-12-26,3.57409675637282,3.583284665772236,3.6016604845710676,3.5722591744929364,6511936.84
2022-12-27,3.6200363033698997,3.6264678399494907,3.6319805855891403,3.600741693631126,5820487.97
2022-12-28,3.619117512429958,3.61452355773025,3.6246302580696077,3.598904111751243,6492689.83
2022-12-29,3.600741693631126,3.603498066450951,3.6136047667903086,3.5796095020124694,7212710.03
2022-12-30,3.6172799305500747,3.6181987214900166,3.6301430037092572,3.61452355773025,6302285.76
2023-01-03,3.6172799305500747,3.6283054218293738,3.6393309131086733,3.57409675637282,6563107.82
2023-01-04,3.6273866308894323,3.6328993765290822,3.6430060768684394,3.611767184910425,9807997.21
2023-01-05,3.6521939862678563,3.7018086970247017,3.707321442664352,3.649437613448031,7745022.93
2023-01-06,3.702727487964644,3.7165093520637673,3.7321287980427753,3.6990523242048767,5410808.25
2023-01-09,3.7348851708626,3.739479125562308,3.7541797806013735,3.7229408886433584,7809599.41
2023-01-10,3.737641543682424,3.7449918712019565,3.759692526241022,3.7321287980427753,7442622.24
2023-01-11,3.745910662141899,3.7449918712019565,3.771636808460264,3.7385603346223664,5715114.39
2023-01-12,3.7514234077815485,3.750504616841607,3.7624488990608476,3.737641543682424,3255872.08
2023-01-13,3.7569361534211985,3.807469655117986,3.8111448188777524,3.7569361534211985,6559089.97
2023-01-16,3.812258306368874,3.8663858416857395,3.904648409754558,3.8103918396338106,17163759.27
2023-01-17,3.8663858416857395,3.862652908215611,3.874784941993529,3.8467879409675643,6015131.27
2023-01-18,3.8691855417883363,3.8542538079078215,3.874784941993529,3.8505208744376933,4456900.58
2023-01-19,3.8458547076000325,3.8803843421987225,3.882250808933787,3.829056506984453,6074324.04
2023-01-20,3.8943828427117047,3.901848709651962,3.91398074342988,3.8869169757714475,5700821.96
2023-01-30,3.975574145687002,3.924246310472734,3.982106779259728,3.917713676900009,8013470.8
2023-01-31,3.92704601057533,3.8813175755662543,3.935445110883119,3.874784941993529,11392222.31
2023-02-01,3.885983742403915,3.9102478099597517,3.9121142766948163,3.8570535080104182,7156519.62
2023-02-02,3.921446610370137,3.900915476284429,3.924246310472734,3.8850505090363834,10018528.33
2023-02-03,3.8766514087285935,3.860786441480547,3.87945110883119,3.827190040249389,9600521.04
2023-02-06,3.829056506984453,3.8075921395312133,3.8299897403519854,3.787061005445506,7314597.03
2023-02-07,3.813191539736407,3.816924473206535,3.827190040249389,3.7982598058558925,5539881.04
2023-02-08,3.8187909399415996,3.801059505958489,3.834655907189646,3.7935936390182317,4628713.01
2023-02-09,3.7954601057532957,3.851454107805225,3.855187041275354,3.7917271722831667,5958885.82
2023-02-10,3.852387341172758,3.829056506984453,3.852387341172758,3.813191539736407,5205224.36
2023-02-13,3.816924473206535,3.8589199747454823,3.8645193749506754,3.8103918396338106,8280101.37
2023-02-14,3.8645193749506754,3.8673190750532718,3.870118775155869,3.843988240864968,3326323.66
2023-02-15,3.8645193749506754,3.8411885407623707,3.8766514087285935,3.833722673822114,6455067.58
2023-02-16,3.8449214742325006,3.8141247731039387,3.889716675874044,3.790793938915635,7925100.51
2023-02-17,3.812258306368874,3.759997237787074,3.827190040249389,3.7562643043169457,7433949.22
2023-02-20,3.764663404624734,3.8579867413779505,3.860786441480547,3.759064004419541,10495254.86
2023-02-21,3.8579867413779505,3.862652908215611,3.8729184752584653,3.839322074027307,5609024.94
2023-02-22,3.847721174335097,3.825323573514325,3.8579867413779505,3.8187909399415996,4529454.39
2023-02-23,3.829056506984453,3.825323573514325,3.8495876410701606,3.808525372898746,4655595.33
2023-02-24,3.8243903401467922,3.7889274721805704,3.8243903401467922,3.7702628048299274,8087761.54
2023-02-27,3.7702628048299274,3.774928971667588,3.7917271722831667,3.759064004419541,4569575.03
2023-02-28,3.786127772077974,3.799193039223424,3.8038592060610847,3.7515981374792835,4845454.31
2023-03-01,3.7954601057532957,3.8449214742325006,3.8598532081130146,3.7889274721805704,11804809.52
2023-03-02,3.835589140557179,3.84025530739484,3.8579867413779505,3.8327894404545817,4391328.6
2023-03-03,3.8505208744376933,3.848654407702629,3.8598532081130146,3.820657406676664,4201757.27
2023-03-06,3.8495876410701606,3.825323573514325,3.851454107805225,3.8075921395312133,9293024.52
2023-03-07,3.821590640044196,3.7721292715649914,3.843055007497436,3.7693295714623947,6746494.18
2023-03-08,3.7609304711546057,3.7571975376844766,3.7655966379922665,3.7422658038039622,4313153.62
2023-03-09,3.76279693788967,3.747865204009155,3.7665298713597983,3.7254676031883838,4079364.91
2023-03-10,3.7236011364533192,3.6965373687948864,3.736666403598769,3.6946709020598227,4981129.25
2023-03-13,3.6965373687948864,3.737599636966302,3.740399337068898,3.6965373687948864,4674529.24
2023-03-14,3.732933470128641,3.7142688027779975,3.732933470128641,3.681605634914372,4635415.7
2023-03-15,3.738532870333834,3.7133355694104657,3.747865204009155,3.712402336042933,3933010.56
2023-03-16,3.6956041354273546,3.670406834503986,3.7133355694104657,3.66760713440139,4331438.17
2023-03-17,3.6956041354273546,3.690004735222162,3.736666403598769,3.6722733012390507,11235011.96
2023-03-20,3.690004735222162,3.6694736011364544,3.710535869307869,3.663874200931261,5709547.57
2023-03-21,3.679739168179308,3.7096026359403367,3.7133355694104657,3.6778727014442434,5567436.61
2023-03-22,3.7189349696156584,3.7264008365559156,3.7413325704364304,3.7133355694104657,5817561.57
2023-03-23,3.7142688027779975,3.7618637045221375,3.76279693788967,3.712402336042933,5344729.29
2023-03-24,3.7543978375818803,3.7571975376844766,3.764663404624734,3.7459987372740913,2548952.54
2023-03-27,3.7562643043169457,3.737599636966302,3.7562643043169457,3.7180017362481266,4912546.74
2023-03-28,3.738532870333834,3.7301337700260446,3.7497316707442194,3.7236011364533192,5072061.25
2023-03-29,3.7497316707442194,3.7301337700260446,3.750664904111752,3.724534369820852,6163363.08
2023-03-30,3.7310670033935764,3.7702628048299274,3.7711960381974596,3.7152020361455294,5572069.77
2023-03-31,3.774928971667588,3.7795951385052486,3.7917271722831667,3.7693295714623947,6711624.79
2023-04-03,3.7795951385052486,3.8075921395312133,3.8178577065740678,3.774928971667588,5513396.98
2023-04-04,3.8075921395312133,3.8262568068818568,3.8281232736169217,3.8001262725909566,4803087.24
2023-04-06,3.812258306368874,3.8150580064714714,3.8197241733091314,3.801059505958489,3782868.41
2023-04-07,3.8150580064714714,3.8421217741299034,3.8533205745402888,3.813191539736407,3295856.83
2023-04-10,3.852387341172758,3.8281232736169217,3.8533205745402888,3.8243903401467922,4743615.79
2023-04-11,3.830922973719518,3.8187909399415996,3.8374556072922426,3.8057256727961497,5359549.87
2023-04-12,3.8197241733091314,3.8150580064714714,3.8243903401467922,3.8075921395312133,3358336.87
2023-04-13,3.806658906163681,3.7917271722831667,3.812258306368874,3.786127772077974,4021907.38
2023-04-14,3.802925972693553,3.811325073001342,3.820657406676664,3.799193039223424,4560326.44
2023-04-17,3.808525372898746,3.8682523084208036,3.870118775155869,3.8075921395312133,6325479.99
2023-04-18,3.8673190750532718,3.874784941993529,3.8850505090363834,3.8598532081130146,4160542.95
2023-04-19,3.8766514087285935,3.843988240864968,3.8766514087285935,3.84025530739484,4085730.24
2023-04-20,3.843055007497436,3.829056506984453,3.8467879409675643,3.816924473206535,6073086.36
2023-04-21,3.829056506984453,3.7609304711546057,3.83185620708705,3.755331070949413,6836486.27
2023-04-24,3.759997237787074,3.7133355694104657,3.76279693788967,3.698403835529951,5940936.64
2023-04-25,3.7142688027779975,3.6956041354273546,3.7217346697182547,3.6620077341961963,9664267.71
2023-04-26,3.69373766869229,3.6872050351195647,3.7049364691026763,3.671340067871519,9034653.26
2023-04-27,3.6844053350169683,3.719868202983191,3.732933470128641,3.6769394680767116,4677696.71
2023-04-28,3.7301337700260446,3.7562643043169457,3.7609304711546057,3.724534369820852,4518062.34
2023-05-04,3.7450655039065586,3.7562643043169457,3.7581307710520093,3.729200536658512,3378611.24
2023-05-05,3.7571975376844766,3.7413325704364304,3.7683963380948633,3.7226679030857865,3379499.05
2023-05-08,3.747865204009155,3.7833280719753777,3.7926604056506994,3.743199037171495,6848151.56
2023-05-09,3.7879942388130385,3.750664904111752,3.812258306368874,3.750664904111752,5668906.88
2023-05-10,3.7487984373766876,3.7217346697182547,3.750664904111752,3.7142688027779975,9165933.16
2023-05-11,3.7310670033935764,3.717068502880594,3.740399337068898,3.7142688027779975,3216150.29
2023-05-12,3.716135269513062,3.6694736011364544,3.729200536658512,3.66760713440139,5187745.22
2023-05-15,3.671340067871519,3.72826730329098,3.729200536658512,3.6610745008286645,8107573.96
2023-05-16,3.7273340699234483,3.712402336042933,3.732933470128641,3.697470602162419,4068203.1
2023-05-17,3.705869702470208,3.6872050351195647,3.716135269513062,3.6778727014442434,6405805.08
2023-05-18,3.69373766869229,3.686271801752033,3.712402336042933,3.6685403677689217,7006002.19
2023-05-19,3.6769394680767116,3.6806724015468397,3.701203535632548,3.6601412674611327,3417125.85
2023-05-22,3.679739168179308,3.6993370688974827,3.7189349696156584,3.66760713440139,5003757.23
2023-05-23,3.70213676900008,3.64614276694815,3.705869702470208,3.645209533580618,6117573.37
2023-05-24,3.6414766001104897,3.596681398468945,3.6424098334780215,3.594814931733881,7672776.16
2023-05-25,3.5910819982637525,3.588282298161156,3.6004143319390742,3.5574855970325947,4918567.45
2023-05-26,3.586415831426092,3.592948464998817,3.6032140320416706,3.558418830400127,4462036.6
2023-05-29,3.6004143319390742,3.578016731118302,3.6116131323494605,3.5640182306053196,4030135.49
2023-05-30,3.570550864178045,3.5817496645884312,3.5901487648962203,3.5369544629468868,5720979.44
2023-05-31,3.5724173309131086,3.548153263357273,3.5724173309131086,3.532288296109227,7338757.12
2023-06-01,3.5453535632546767,3.5556191302975306,3.583616131323495,3.540687396417016,6749756.97
2023-06-02,3.574283797648174,3.605080498776735,3.614412832452057,3.574283797648174,6929780.97
2023-06-05,3.5994810985715424,3.588282298161156,3.6032140320416706,3.578949964485834,3611549.26
2023-06-06,3.5892155315286884,3.5537526635624657,3.6153460658195886,3.5500197300923375,4115697.03
2023-06-07,3.564951463972852,3.5425538631520803,3.571484097545577,3.530421829374162,3721766.73
2023-06-08,3.5425538631520803,3.5724173309131086,3.586415831426092,3.530421829374162,3834888.93
2023-06-09,3.5733505642806414,3.587349064793624,3.5901487648962203,3.566817930707916,5270688.56
2023-06-12,3.583616131323495,3.5910819982637525,3.6116131323494605,3.569617630810513,4596593.36
2023-06-13,3.583616131323495,3.618145765922185,3.6209454660247813,3.5808164312208994,3503880.28
2023-06-14,3.6200122326572495,3.618145765922185,3.6433430668455533,3.616279299187121,4441136.22
2023-06-15,3.6265448662299744,3.6788059348117756,3.679739168179308,3.6209454660247813,5084305.49
2023-06-16,3.6853385683845006,3.7133355694104657,3.7217346697182547,3.6853385683845006,6021488.04
2023-06-19,3.7133355694104657,3.6853385683845006,3.7133355694104657,3.6806724015468397,4003073.79
2023-06-20,3.6778727014442434,3.6788059348117756,3.6946709020598227,3.6732065346065825,3538923.42
2023-06-21,3.6722733012390507,3.6274780995975062,3.676006234709179,3.625611632862442,4893537.0
2023-06-26,3.6078801988793314,3.586415831426092,3.6116131323494605,3.575217031015706,6404956.0
2023-06-27,3.5854825980585594,3.6106798989819278,3.6200122326572495,3.578949964485834,3971020.74
2023-06-28,3.605080498776735,3.618145765922185,3.619078999289717,3.5808164312208994,4627456.13
2023-06-29,3.618145765922185,3.601347565306606,3.6200122326572495,3.5901487648962203,3002626.47
2023-06-30,3.6004143319390742,3.6228119327598463,3.639610133375425,3.5957481651014134,5299182.5
2023-07-03,3.6302777997001034,3.6648074342987935,3.676006234709179,3.628411332965039,4739097.07
2023-07-04,3.662940967563729,3.671340067871519,3.6732065346065825,3.6573415673585354,2521212.89
2023-07-05,3.6657406676663253,3.64614276694815,3.671340067871519,3.640543366742957,2712152.41
2023-07-06,3.639610133375425,3.6200122326572495,3.658274800726068,3.6153460658195886,3467438.84
2023-07-07,3.616279299187121,3.609746665614396,3.62467839949491,3.601347565306606,3022776.7
2023-07-10,3.6265448662299744,3.62467839949491,3.6489424670507464,3.613479599084524,4284868.11
2023-07-11,3.636810433272828,3.6489424670507464,3.6536086338884073,3.6274780995975062,5874389.34
2023-07-12,3.6526754005208755,3.6312110330676353,3.658274800726068,3.6218786993923135,3894107.68
2023-07-13,3.6489424670507464,3.690004735222162,3.6928044353247573,3.6489424670507464,5722865.52
2023-07-14,3.6956041354273546,3.6881382684870974,3.6993370688974827,3.686271801752033,3632621.03
2023-07-17,3.6825388682819042,3.6620077341961963,3.6825388682819042,3.6470760003156824,4486125.66
2023-07-18,3.662940967563729,3.6564083339910036,3.6694736011364544,3.644276300213085,2666707.16
2023-07-19,3.6489424670507464,3.654541867255939,3.6620077341961963,3.6349439665377643,5012406.59
2023-07-20,3.6610745008286645,3.628411332965039,3.6788059348117756,3.6218786993923135,8715070.69
2023-07-21,3.628411332965039,3.6302777997001034,3.6554751006234714,3.616279299187121,7272501.49
2023-07-24,3.6116131323494605,3.614412832452057,3.636810433272828,3.606013732144267,4549819.86
2023-07-25,3.658274800726068,3.7189349696156584,3.719868202983191,3.658274800726068,11409823.93
2023-07-26,3.7142688027779975,3.710535869307869,3.716135269513062,3.6965373687948864,5880385.74
2023-07-27,3.7189349696156584,3.706802935837741,3.7310670033935764,3.6956041354273546,6024657.65
2023-07-28,3.689071501854629,3.7963933391208275,3.802925972693553,3.689071501854629,14964884.03
2023-07-31,3.8262568068818568,3.811325073001342,3.8645193749506754,3.8019927393260207,17906349.98
2023-08-01,3.8075921395312133,3.794526872385763,3.830922973719518,3.7842613053429095,11359815.81
2023-08-02,3.7879942388130385,3.767463104727331,3.8075921395312133,3.7571975376844766,7894398.31
2023-08-03,3.7618637045221375,3.801059505958489,3.802925972693553,3.7618637045221375,7379311.12
2023-08-04,3.84025530739484,3.820657406676664,3.856120274642886,3.8075921395312133,14223574.58
2023-08-07,3.8038592060610847,3.7917271722831667,3.8038592060610847,3.778661905137717,12814224.08
2023-08-08,3.777728671770184,3.777728671770184,3.802925972693553,3.7655966379922665,11165790.62
2023-08-09,3.7683963380948633,3.7702628048299274,3.7842613053429095,3.764663404624734,13325079.01
2023-08-10,3.7683963380948633,3.774928971667588,3.7795951385052486,3.7459987372740913,9382509.08
2023-08-11,3.774928971667588,3.686271801752033,3.777728671770184,3.6844053350169683,12885598.13
2023-08-14,3.6573415673585354,3.6610745008286645,3.6694736011364544,3.62467839949491,10386003.3
2023-08-15,3.6648074342987935,3.6573415673585354,3.6722733012390507,3.6218786993923135,8165194.1
2023-08-16,3.6414766001104897,3.6293445663325707,3.6601412674611327,3.6274780995975062,8558494.76
2023-08-17,3.6125463657169923,3.6414766001104897,3.648009233683214,3.597614631836478,11561183.39
2023-08-18,3.6433430668455533,3.594814931733881,3.6526754005208755,3.593881698366349,12755465.46
2023-08-21,3.586415831426092,3.5462867966222085,3.596681398468945,3.543487096519612,11009243.57
2023-08-22,3.563084997237788,3.5677511640754487,3.5845493646910276,3.5201562623313083,13315288.73
2023-08-23,3.5556191302975306,3.5164233288611793,3.565884697340384,3.5080242285533902,10824197.22
2023-08-24,3.5229559624339046,3.5378876963144195,3.564951463972852,3.5201562623313083,9526547.79
2023-08-25,3.5238891958014364,3.531355062741694,3.5546858969299984,3.5164233288611793,11745354.68
2023-08-28,3.743199037171495,3.5808164312208994,3.743199037171495,3.5556191302975306,28220117.65
2023-08-29,3.564951463972852,3.601347565306606,3.628411332965039,3.563084997237788,21940525.31
2023-08-30,3.606013732144267,3.6004143319390742,3.62467839949491,3.592948464998817,10361322.86
2023-08-31,3.6004143319390742,3.582682897955963,3.6069469655117996,3.574283797648174,8384688.26
2023-09-01,3.5994810985715424,3.6041472654092033,3.6209454660247813,3.592948464998817,7926924.88
2023-09-04,3.6302777997001034,3.658274800726068,3.66760713440139,3.6153460658195886,11855232.74
2023-09-05,3.6489424670507464,3.6330774998027,3.6508089337858105,3.625611632862442,6297700.96
2023-09-06,3.6209454660247813,3.623745166127378,3.6330774998027,3.6078801988793314,7151761.27
2023-09-07,3.616279299187121,3.574283797648174,3.617212532554653,3.570550864178045,9410349.63
2023-09-08,3.560285297135191,3.5546858969299984,3.5724173309131086,3.5425538631520803,8186358.34
2023-09-11,3.5556191302975306,3.5808164312208994,3.6032140320416706,3.5490864967248057,8166507.88
2023-09-12,3.578016731118302,3.5761502643832377,3.5892155315286884,3.569617630810513,5949369.1
2023-09-13,3.575217031015706,3.552819430194934,3.5854825980585594,3.5341547628442904,10321331.23
2023-09-14,3.551886196827402,3.5500197300923375,3.563084997237788,3.532288296109227,9282830.35
2023-09-15,3.556552363665063,3.5341547628442904,3.563084997237788,3.517356562228712,11906221.12
2023-09-18,3.5257556625365014,3.5462867966222085,3.556552363665063,3.512690395391051,9859263.93
2023-09-19,3.5425538631520803,3.5416206297845476,3.544420329887145,3.5201562623313083,7270062.69
2023-09-20,3.532288296109227,3.524822429168969,3.539754163049484,3.524822429168969,6341354.98
2023-09-21,3.517356562228712,3.4921592613053436,3.530421829374162,3.491226027937812,8991970.17
2023-09-22,3.486559861100151,3.5621517638702556,3.563084997237788,3.485626627732618,12471165.54
2023-09-25,3.551886196827402,3.536021229579355,3.5546858969299984,3.52948859600663,7009056.51
2023-09-26,3.5332215294767586,3.5164233288611793,3.543487096519612,3.5145568621261156,8629084.81
2023-09-27,3.5154900954936474,3.5257556625365014,3.55095296345987,3.5145568621261156,10780539.58
2023-09-28,3.532288296109227,3.512690395391051,3.5378876963144195,3.5052245284507935,11206123.53
2023-10-09,3.5061577618183257,3.5033580617157294,3.5164233288611793,3.4650954936469107,8752130.72
2023-10-10,3.5145568621261156,3.478160760792361,3.5257556625365014,3.4753610606897647,9279323.76
2023-10-11,3.49495896140794,3.485626627732618,3.5108239286559866,3.478160760792361,8934987.08
2023-10-12,3.5182897955962438,3.5192230289637765,3.532288296109227,3.501491594980665,9335215.69
2023-10-13,3.499625128245601,3.486559861100151,3.500558361613133,3.4753610606897647,11350953.39
2023-10-16,3.486559861100151,3.4464308262962673,3.4884263278352146,3.436165259253414,11389805.84
2023-10-17,3.4529634598689927,3.4576296267066535,3.4650954936469107,3.4408314260910746,8880603.0
2023-10-18,3.45203022650146,3.4314990924157533,3.455763159971589,3.429632625680689,8102705.94
2023-10-19,3.4156341251677063,3.359640123115777,3.4156341251677063,3.354973956278116,16903687.77
2023-10-20,3.34377515586773,3.3428419225001975,3.359640123115777,3.3269769552521513,17404461.64
2023-10-23,3.3297766553547476,3.3073790545339756,3.3316431220898113,3.2775155867729464,27102417.09
2023-10-24,3.3157781548417655,3.3120452213716365,3.325110488517087,3.284981453713204,15350129.75
2023-10-25,3.348441322705391,3.3307098887222795,3.362439823218373,3.328843421987216,13833515.68
2023-10-26,3.3176446215768296,3.3428419225001975,3.3465748559703266,3.3111119880041047,11436094.97
2023-10-27,3.3353760555599403,3.3932365243469342,3.4053685581248527,3.3269769552521513,16476623.97
2023-10-30,3.3801712572014844,3.408168258227449,3.4184338252703026,3.37830479046642,9614013.73
2023-10-31,3.401635624654724,3.4007023912871923,3.406301791492385,3.3801712572014844,8396600.29
2023-11-01,3.4342987925183497,3.398835924552128,3.4342987925183497,3.389503590876806,8119834.0
2023-11-02,3.4044353247573205,3.3829709573040807,3.424033225475496,3.382037723936549,10753815.83
2023-11-03,3.3885703575092734,3.4091014915949813,3.4230999921079635,3.3876371241417416,10578226.83
2023-11-06,3.429632625680689,3.4538966932365254,3.4576296267066535,3.428699392313157,11766495.62
2023-11-07,3.4454975929287355,3.443631126193671,3.4538966932365254,3.4305658590482215,6575290.91
2023-11-08,3.437098492620946,3.433365559150817,3.4492305263988645,3.4137676584326417,11353212.2
2023-11-09,3.42589969221056,3.436165259253414,3.448297293031332,3.424033225475496,8185694.45
2023-11-10,3.4230999921079635,3.4109679583300454,3.4230999921079635,3.3997691579196596,7841767.92
2023-11-13,3.414700891800174,3.406301791492385,3.421233525372899,3.3876371241417416,6744633.35
2023-11-14,3.410034724962513,3.406301791492385,3.424966458843028,3.3923032909794024,7533172.17
2023-11-15,3.4342987925183497,3.429632625680689,3.444564359561203,3.4184338252703026,9940631.3
2023-11-16,3.424966458843028,3.3960362244495306,3.4277661589456243,3.394169757714467,8815566.65
2023-11-17,3.3876371241417416,3.3913700576118697,3.3951029910819988,3.370838923526163,11984508.72
2023-11-20,3.394169757714467,3.401635624654724,3.41283442506511,3.3689724567910986,8584303.6
2023-11-21,3.4109679583300454,3.406301791492385,3.4398981927235424,3.3969694578170633,9316054.85
2023-11-22,3.397902691184595,3.3699056901586313,3.402568858022256,3.3689724567910986,7622027.06
2023-11-23,3.368039223423566,3.3876371241417416,3.389503590876806,3.354973956278116,7749718.08
2023-11-24,3.3839041906716125,3.3643062899534377,3.384837424039145,3.3577736563807123,7434532.94
2023-11-27,3.363373056585906,3.3419086891326657,3.363373056585906,3.3195110883118937,7762956.48
2023-11-28,3.336309288927473,3.3456416226027947,3.350307789440455,3.327910188619683,7274837.41
2023-11-29,3.3465748559703266,3.320444321679426,3.349374556072923,3.3083122879015083,7590569.98
2023-11-30,3.3167113882092973,3.3241772551495545,3.3335095888248767,3.310178754636573,6678100.76
2023-12-01,3.3232440217820223,3.3111119880041047,3.328843421987216,3.284048220345672,8604681.31
2023-12-04,3.313911688106701,3.2887143871833326,3.3167113882092973,3.2877811538158004,6925229.52
2023-12-05,3.284048220345672,3.22712098492621,3.284048220345672,3.226187751558678,10087895.71
2023-12-06,3.2233880514560815,3.231787151763871,3.2504518191145144,3.21405571778076,10019448.65
2023-12-07,3.2299206850288065,3.2233880514560815,3.236453318601532,3.2019236840028418,9345058.26
2023-12-08,3.2243212848236134,3.2299206850288065,3.241119485439192,3.2196551179859534,7091985.92
2023-12-11,3.210322784310631,3.252318285849578,3.2635170862599643,3.186991950122327,9982478.34
2023-12-12,3.243919185541789,3.2597841527898357,3.2616506195249,3.241119485439192,6407242.15
2023-12-13,3.2495185857469826,3.20565661747297,3.2532515192171108,3.2028569173703736,7088152.11
2023-12-14,3.220588351353485,3.190724883592456,3.233653618498935,3.186058716754795,7415331.23
2023-12-15,3.20099045063531,3.1841922500197306,3.2233880514560815,3.1776596164470052,8999767.85
2023-12-18,3.1711269828742807,3.1711269828742807,3.190724883592456,3.1543287822587014,8473037.52
2023-12-19,3.170193749506748,3.1729934496093444,3.186058716754795,3.1543287822587014,10985366.29
2023-12-20,3.1767263830794734,3.144063215215848,3.1813925499171343,3.1403302817457193,10347176.1
2023-12-21,3.1309979480703976,3.1729934496093444,3.183259016652199,3.1281982479678008,15924480.74
2023-12-22,3.170193749506748,3.178592849814538,3.20099045063531,3.156195248993766,20765265.41
2023-12-25,3.1776596164470052,3.186991950122327,3.191658116959988,3.1739266829768766,10041465.45
2023-12-26,3.1851254833872624,3.168327282771684,3.1851254833872624,3.1589949490963622,7771693.2
2023-12-27,3.1692605161392158,3.1776596164470052,3.183259016652199,3.1524623155236373,8361724.65
2023-12-28,3.1739266829768766,3.256051219319707,3.2644503196274965,3.1729934496093444,23832991.92
2023-12-29,3.2551179859521753,3.2653835529950284,3.270982953200221,3.2495185857469826,25188734.84
2024-01-02,3.2681832530976247,3.222454818088549,3.2681832530976247,3.220588351353485,9429305.78
2024-01-03,3.2159221845158243,3.213122484413228,3.228987451661274,3.199123983900245,10617502.73
2024-01-04,3.2121892510456953,3.1851254833872624,3.2121892510456953,3.1608614158314268,16661524.81
2024-01-05,3.1767263830794734,3.1692605161392158,3.209389550943099,3.1515290821561046,16996696.66
2024-01-08,3.1627278825664904,3.125398547865205,3.1757931497119407,3.122598847762608,17304243.86
2024-01-09,3.127265014600269,3.132864414805462,3.145929681950912,3.1160662141898827,11312178.13
2024-01-10,3.1263317812327367,3.1179326809249472,3.1552620156262337,3.109533580617158,9582540.57
2024-01-11,3.1179326809249472,3.1356641149080584,3.1543287822587014,3.111400047352222,12662371.58
2024-01-12,3.127265014600269,3.125398547865205,3.1515290821561046,3.122598847762608,8413272.73
2024-01-15,3.1076671138820937,3.1216656143950763,3.1496626154210405,3.1020677136769006,9055706.2
2024-01-16,3.116999447557415,3.1421967484807833,3.1431299818483156,3.103934180411965,17689523.52
2024-01-17,3.132864414805462,3.0722042459158714,3.132864414805462,3.0703377791808073,12862151.82
2024-01-18,3.067398311104096,3.1150583221529478,3.121730723699787,3.0178318996132902,47543511.34
2024-01-19,3.0969475179543844,3.121730723699787,3.131262725909558,3.090275116407545,36944521.24
2024-01-22,3.112198721490017,3.0559599084523716,3.121730723699787,3.0435683055796705,46470564.67
2024-01-23,3.0492875069055327,3.076930313313867,3.09504111751243,3.036895904032831,13924803.72
2024-01-24,3.0874155157446137,3.125543524583695,3.1264967248046722,3.0388023044747854,22789368.53
2024-01-25,3.116964722594902,3.178922736958409,3.1836887380632946,3.108385920606109,16487014.09
2024-01-26,3.17225033541157,3.1732035356325468,3.193220740273065,3.156999131875937,21833051.24
2024-01-29,3.175109936074501,3.144607529003236,3.1884547391681797,3.143654328782259,10113930.3
2024-01-30,3.1274499250256493,3.091228316628522,3.143654328782259,3.089321916186568,18892623.38
2024-01-31,3.081696314418752,3.0712111119880046,3.0969475179543844,3.0473811064635785,19090997.0
2024-02-01,3.0502407071265094,3.067398311104096,3.0959943177334077,3.040708704916739,18909975.81
2024-02-02,3.067398311104096,3.0388023044747854,3.080743114197775,2.95682708547076,25386942.15
2024-02-05,3.010206297845474,3.057866308894326,3.0826495146397286,2.965405887459554,26601787.39
2024-02-06,3.0359427038118545,3.1560459316549605,3.1589055323178914,3.0330831031489227,20089181.68
2024-02-07,3.1550927314339834,3.1836887380632946,3.1855951385052483,3.133169126351511,34658146.7
2024-02-08,3.1951271407150186,3.2046591429247897,3.2084719438086977,3.1770163365164557,23942619.79
2024-02-19,3.2160975455765137,3.2303955488911686,3.2332551495541,3.19798674137795,14861876.42
2024-02-20,3.2246763475653064,3.2418339515428936,3.2456467524268016,3.2141911451345595,9801668.18
2024-02-21,3.229442348670192,3.2875875621497914,3.3323879725357113,3.2237231473443297,16009580.5
2024-02-22,3.285681161707837,3.3123707678951937,3.314277168337148,3.2799619603819745,9446351.29
2024-02-23,3.3123707678951937,3.315230368558125,3.333341172756689,3.301885565464447,10908773.84
2024-02-26,3.3133239681161712,3.281868360823929,3.319043169442033,3.2761491594980665,11172368.48
2024-02-27,3.274242759056113,3.3209495698839873,3.3228559703259415,3.272336358614158,10468849.14
2024-02-28,3.3238091705469186,3.286634361928814,3.349545576513298,3.2847279614868596,28549978.84
2024-02-29,3.279008760160998,3.339060374082551,3.342873174966459,3.2761491594980665,14835850.3
2024-03-01,3.337153973640597,3.364796780048931,3.374328782258701,3.3314347723147346,12256393.13
2024-03-04,3.360983979165023,3.361937179386,3.3714691815957702,3.3438263751874366,10146549.93
2024-03-05,3.350498776734275,3.389579985794334,3.3991119880041043,3.3438263751874366,27991018.7
2024-03-06,3.3848139846894485,3.376235182700655,3.4048311893299665,3.372422381816747,12995274.25
2024-03-07,3.3752819824796783,3.358124378502092,3.393392786678242,3.350498776734275,10589480.04
2024-03-08,3.3600307789440453,3.3676563807118614,3.374328782258701,3.3400135743035277,8621876.98
2024-03-11,3.365749980269908,3.41340999131876,3.4162695919816906,3.364796780048931,11207615.15
2024-03-12,3.415316391760714,3.418175992423645,3.4305675952963464,3.401018388446058,11058395.72
2024-03-13,3.417222792202668,3.3981587877831267,3.417222792202668,3.3886267855733565,6858705.58
2024-03-14,3.393392786678242,3.385767184910426,3.419129192644622,3.3695627811538165,7018811.48
2024-03-15,3.376235182700655,3.3943459868992187,3.3991119880041043,3.357171178281115,8490237.9
2024-03-18,3.3943459868992187,3.4238951937495066,3.424848393970484,3.3943459868992187,7873329.32
2024-03-19,3.418175992423645,3.4019715886670348,3.4315207955173235,3.3981587877831267,6548752.08
2024-03-20,3.3943459868992187,3.4048311893299665,3.4143631915397368,3.3914863862362874,5379620.49
2024-03-21,3.4124567910977825,3.4029247888880123,3.425801594191461,3.3981587877831267,6197332.07
2024-03-22,3.4000651882250814,3.3733755820377245,3.401018388446058,3.3476391760713446,14506377.54
2024-03-25,3.364796780048931,3.3552647778391607,3.3886267855733565,3.3524051771762293,6305426.64
2024-03-26,3.3552647778391607,3.365749980269908,3.372422381816747,3.3476391760713446,8791032.83
2024-03-27,3.360983979165023,3.329528371872781,3.3667031804908847,3.3285751716518033,8746474.52
2024-03-28,3.3276219714308266,3.34573277562939,3.378141583142609,3.318089969221056,10319250.94
2024-03-29,3.342873174966459,3.360983979165023,3.364796780048931,3.340966774524505,6511958.99
2024-04-01,3.374328782258701,3.4162695919816906,3.425801594191461,3.3733755820377245,10932625.35
2024-04-02,3.415316391760714,3.4048311893299665,3.419129192644622,3.3943459868992187,5831913.82
2024-04-03,3.4029247888880123,3.3914863862362874,3.4048311893299665,3.381954384026517,5983464.1
2024-04-08,3.3838607844684714,3.3638435798279533,3.389579985794334,3.3590775787230687,7099486.68
2024-04-09,3.361937179386,3.358124378502092,3.368609580932839,3.3476391760713446,5345371.35
2024-04-10,3.3590775787230687,3.333341172756689,3.3590775787230687,3.3171367690000793,6816711.42
2024-04-11,3.318089969221056,3.330481572093758,3.3485923762923213,3.3123707678951937,5391158.71
2024-04-12,3.330481572093758,3.303791965906401,3.340966774524505,3.2952131639176074,7405129.12
2024-04-15,3.303791965906401,3.3733755820377245,3.3790947833635867,3.301885565464447,10999537.3
2024-04-16,3.3590775787230687,3.342873174966459,3.3695627811538165,3.3276219714308266,9132298.47
2024-04-17,3.342873174966459,3.3867203851314027,3.3905331860153107,3.3276219714308266,9964664.34
2024-04-18,3.378141583142609,3.392439586457265,3.425801594191461,3.3752819824796783,9302192.67
2024-04-19,3.3790947833635867,3.365749980269908,3.3876735853523794,3.353358377397206,6442757.41
2024-04-22,3.364796780048931,3.3590775787230687,3.385767184910426,3.353358377397206,7251823.62
2024-04-23,3.3590775787230687,3.335247573198643,3.364796780048931,3.329528371872781,9428474.3
2024-04-24,3.340966774524505,3.3485923762923213,3.3524051771762293,3.325715570988872,5942319.08
2024-04-25,3.339060374082551,3.358124378502092,3.3714691815957702,3.3314347723147346,6647552.14
2024-04-26,3.3590775787230687,3.405784389550943,3.41340999131876,3.3590775787230687,13743139.59
2024-04-29,3.409597190434851,3.446771999052956,3.46774240391445,3.4048311893299665,15303224.26
2024-04-30,3.4458187988319793,3.429614395075369,3.454397600820772,3.4277079946334155,8231090.14
2024-05-06,3.469648804356405,3.4772744061242213,3.4925256096598534,3.464882803251519,13090610.67
2024-05-07,3.47441480546129,3.4791808065661747,3.4849000078920374,3.4667892036934735,6860183.59
2024-05-08,3.4725084050193358,3.4515380001578406,3.4734616052403133,3.44867839949491,6387758.58
2024-05-09,3.450584799936864,3.4849000078920374,3.4906192092178996,3.4496315997158873,6502023.24
2024-05-10,3.4915724094388763,3.4868064083339916,3.4982448109857156,3.461070002367611,8650954.0
2024-05-13,3.4667892036934735,3.4839468076710602,3.4944320101018076,3.4496315997158873,7411594.42
2024-05-14,3.4839468076710602,3.478227606345198,3.4982448109857156,3.46774240391445,5876668.0
2024-05-15,3.476321205903244,3.4534444005997953,3.480134006787152,3.4477251992739326,8559462.84
2024-05-16,3.460116802146634,3.464882803251519,3.480134006787152,3.4515380001578406,10511975.27
2024-05-17,3.464882803251519,3.503964012311578,3.5068236129745083,3.4534444005997953,9320469.31
2024-05-20,3.50968321363744,3.5115896140793947,3.5268408176150268,3.4982448109857156,9365358.96
2024-05-21,3.5068236129745083,3.50015121142767,3.510636413858417,3.4887128087759454,4969838.82
2024-05-22,3.4982448109857156,3.507776813195486,3.5163556151842794,3.4915724094388763,6766845.56
2024-05-23,3.4991980112066923,3.4725084050193358,3.5020576118696236,3.461070002367611,6988060.53
2024-05-24,3.4620232025885884,3.433427195959277,3.4791808065661747,3.429614395075369,8412742.0
2024-05-27,3.436286796622208,3.4620232025885884,3.463929603030542,3.4324739957383,6696224.87
2024-05-28,3.461070002367611,3.4400995975061166,3.4629764028095655,3.433427195959277,5317531.98
2024-05-29,3.43914639728514,3.4410527977270937,3.4629764028095655,3.4324739957383,6152450.82
2024-05-30,3.4343803961802544,3.4277079946334155,3.4553508010417495,3.4200823928655986,7779253.03
2024-05-31,3.433427195959277,3.4143631915397368,3.446771999052956,3.4124567910977825,7232183.4
2024-06-03,3.4124567910977825,3.419129192644622,3.4305675952963464,3.3981587877831267,7075115.9
2024-06-04,3.417222792202668,3.442959198169048,3.454397600820772,3.411503590876806,6817379.02
2024-06-05,3.4439123983900246,3.4305675952963464,3.452491200378818,3.428661194854392,5839394.33
2024-06-06,3.437239996843185,3.4305675952963464,3.460116802146634,3.417222792202668,10266993.23
2024-06-07,3.433427195959277,3.4086439902138745,3.4410527977270937,3.3886267855733565,10281271.09
2024-06-11,3.4000651882250814,3.3848139846894485,3.4019715886670348,3.3676563807118614,8799169.85
2024-06-12,3.378141583142609,3.3810011838055405,3.389579985794334,3.370515981374793,5698353.11
2024-06-13,3.3886267855733565,3.368609580932839,3.3914863862362874,3.3600307789440453,5488037.11
2024-06-14,3.361937179386,3.3876735853523794,3.3914863862362874,3.3524051771762293,6741039.54
2024-06-17,3.3714691815957702,3.378141583142609,3.3867203851314027,3.3667031804908847,3930171.95
2024-06-18,3.3829075842474947,3.3886267855733565,3.3981587877831267,3.3771883829216325,5490352.0
2024-06-19,3.3905331860153107,3.3790947833635867,3.3943459868992187,3.374328782258701,5308595.28
2024-06-20,3.3771883829216325,3.357171178281115,3.3848139846894485,3.3514519769552527,5546557.8
2024-06-21,3.3524051771762293,3.3514519769552527,3.3600307789440453,3.329528371872781,19658677.37
2024-06-24,3.3381071738615735,3.335247573198643,3.360983979165023,3.329528371872781,20875455.29
2024-06-25,3.3314347723147346,3.315230368558125,3.3400135743035277,3.297119564359561,17384584.68
2024-06-26,3.307604766790309,3.335247573198643,3.342873174966459,3.301885565464447,10454895.22
2024-06-27,3.3266687712098495,3.3171367690000793,3.3323879725357113,3.311417567674217,14337049.42
2024-06-28,3.311417567674217,3.3238091705469186,3.346685975850367,3.31046436745324,12755434.18
2024-07-01,3.3238091705469186,3.337153973640597,3.342873174966459,3.3047451661273777,8536040.2
2024-07-02,3.330481572093758,3.3323879725357113,3.346685975850367,3.325715570988872,5992049.07
2024-07-03,3.330481572093758,3.3266687712098495,3.339060374082551,3.3171367690000793,7914240.29
2024-07-04,3.329528371872781,3.3123707678951937,3.3447795754084133,3.31046436745324,15599237.12
2024-07-05,3.307604766790309,3.2961663641385845,3.315230368558125,3.2675703575092734,16363845.01
2024-07-08,3.289493962591745,3.2732895588351356,3.2961663641385845,3.2656639570673196,9426255.16
2024-07-09,3.26852355773025,3.3085579670112857,3.3209495698839873,3.258038355299503,10688956.39
2024-07-10,3.301885565464447,3.3009323652434697,3.319043169442033,3.298072764580538,5792821.0
2024-07-11,3.3266687712098495,3.3447795754084133,3.354311577618183,3.314277168337148,10524377.74
2024-07-12,3.346685975850367,3.354311577618183,3.3590775787230687,3.340966774524505,8723693.8
2024-07-15,3.346685975850367,3.360983979165023,3.365749980269908,3.3438263751874366,12550082.24
2024-07-16,3.3552647778391607,3.3848139846894485,3.3886267855733565,3.3524051771762293,16125086.98
2024-07-17,3.3829075842474947,3.389579985794334,3.4029247888880123,3.374328782258701,22565644.0
2024-07-18,3.3752819824796783,3.409597190434851,3.411503590876806,3.3667031804908847,19611815.0
2024-07-19,3.3981587877831267,3.4315207955173235,3.437239996843185,3.385767184910426,31696626.02
2024-07-22,3.4267547944124384,3.40387798910899,3.429614395075369,3.3848139846894485,17163072.85
2024-07-23,3.3991119880041043,3.337153973640597,3.40387798910899,3.3342943729776664,9195337.0
2024-07-24,3.3314347723147346,3.3161835687791026,3.3447795754084133,3.303791965906401,14910834.94
2024-07-25,3.301885565464447,3.297119564359561,3.3133239681161712,3.2799619603819745,20455525.35
2024-07-26,3.298072764580538,3.311417567674217,3.3199963696630106,3.290447162812722,13579703.29
2024-07-29,3.307604766790309,3.2923535632546765,3.3095111672322632,3.2914003630336994,5949376.0
2024-07-30,3.2847279614868596,3.2704299581722043,3.2847279614868596,3.257085155078526,15250861.14
2024-07-31,3.2704299581722043,3.3438263751874366,3.34573277562939,3.2666171572882963,15389083.2
2024-08-01,3.3381071738615735,3.3199963696630106,3.350498776734275,3.318089969221056,7965404.0
2024-08-02,3.298072764580538,3.285681161707837,3.3199963696630106,3.2799619603819745,12997733.0
2024-08-05,3.2704299581722043,3.2485063530897325,3.311417567674217,3.247553152868756,20183109.38
2024-08-06,3.2675703575092734,3.2485063530897325,3.2771023597190436,3.2227699471233526,12936275.3
2024-08-07,3.2418339515428936,3.2418339515428936,3.264710756846342,3.2323019493331233,6125437.96
2024-08-08,3.237067950438008,3.2456467524268016,3.26852355773025,3.2246763475653064,8541072.31
2024-08-09,3.2561319548575485,3.2342083497750767,3.2694767579512276,3.2332551495541,6040535.82
2024-08-12,3.2323019493331233,3.2303955488911686,3.2427871517638702,3.2246763475653064,5102199.75
2024-08-13,3.2323019493331233,3.235161549996054,3.238974350879962,3.2141911451345595,6958063.0
2024-08-14,3.2361147502170313,3.2122847446926057,3.2361147502170313,3.211331544471628,5610998.0
2024-08-15,3.20751874358772,3.2485063530897325,3.262804356404388,3.203705942703812,19046381.08
2024-08-16,3.2446935522058244,3.250412753531687,3.261851156183411,3.238974350879962,16407617.08
2024-08-19,3.2494595533107096,3.25899155552048,3.282821561044906,3.247553152868756,7478253.18
2024-08-20,3.2637575566253654,3.243740351984848,3.2656639570673196,3.229442348670192,15944748.48
2024-08-21,3.2323019493331233,3.229442348670192,3.246599952647779,3.2160975455765137,10553698.05
2024-08-22,3.231348749112146,3.2208635466813984,3.2361147502170313,3.2132379449135824,12504794.15
2024-08-23,3.2132379449135824,3.2342083497750767,3.2456467524268016,3.2132379449135824,8203428.0
2024-08-26,3.2361147502170313,3.235161549996054,3.247553152868756,3.2199103464604217,14006799.14
2024-08-27,3.228489148449215,3.2189571462394446,3.231348749112146,3.2094251440296744,12142200.97
2024-08-28,3.2122847446926057,3.199893141819904,3.2189571462394446,3.1884547391681797,19955802.76
2024-08-29,3.192267540052088,3.190361139610134,3.2046591429247897,3.1836887380632946,15082477.43
2024-08-30,3.1855951385052483,3.2332551495541,3.262804356404388,3.1855951385052483,17858998.11
2024-09-02,3.2227699471233526,3.176063136295478,3.2246763475653064,3.1741567358535243,11333065.0
2024-09-03,3.1741567358535243,3.1875015389472026,3.1951271407150186,3.17225033541157,12935523.08
2024-09-04,3.175109936074501,3.1674843343066845,3.186548338726226,3.1655779338647307,6803058.0
2024-09-05,3.1703439349696163,3.1741567358535243,3.1836887380632946,3.164624733643753,16005557.57
2024-09-06,3.178922736958409,3.147467129666167,3.1884547391681797,3.1455607292242127,7933157.0
2024-09-09,3.1379351274563962,3.108385920606109,3.1417479283403047,3.097900718175361,10188971.04
2024-09-10,3.1102923210480626,3.108385920606109,3.121730723699787,3.0874155157446137,8666554.38
2024-09-11,3.100760318838293,3.1017135190592695,3.114105121931971,3.089321916186568,7808901.93
2024-09-12,3.1064795201641546,3.091228316628522,3.118871123036856,3.089321916186568,6423793.17
2024-09-13,3.093134717070476,3.076930313313867,3.104573119722201,3.0759771130928892,8504680.92
2024-09-18,3.0759771130928892,3.086462315523637,3.098853918396338,3.0645387104411648,12254390.69
2024-09-19,3.091228316628522,3.112198721490017,3.1322159261305345,3.0654919106621423,16348870.21
2024-09-20,3.1055263199431775,3.12077752347881,3.125543524583695,3.0874155157446137,23065619.83
2024-09-23,3.116011522373925,3.129356325467603,3.1455607292242127,3.1102923210480626,8973165.34
2024-09-24,3.1589055323178914,3.2666171572882963,3.26852355773025,3.138888327677374,39185162.17
2024-09-25,3.325715570988872,3.311417567674217,3.378141583142609,3.3047451661273777,32373469.37
2024-09-26,3.305698366348355,3.469648804356405,3.4725084050193358,3.3047451661273777,44429621.41
2024-09-27,3.5268408176150268,3.6879316549601455,3.7489364691026754,3.4982448109857156,25594611.61
2024-09-30,3.8194732854549756,4.034896535395785,4.0415689369426255,3.6946040565069844,63702340.83
2024-10-08,4.438100228869072,4.205519374950676,4.438100228869072,4.011066529871361,86298224.38
2024-10-09,4.084462946886592,3.8337712887696322,4.084462946886592,3.8175668850130218,54091965.72
2024-10-10,3.8795248993765297,3.894776102912162,3.989142924788888,3.8118476836871604,37790000.75
2024-10-11,3.867133296503828,3.7908772788256653,3.869992897166759,3.7394044668929056,40900777.41
2024-10-14,3.8004092810354355,3.8509288927472185,3.869992897166759,3.761328071975377,31049317.45
2024-10-15,3.826145687001816,3.7470300686607216,3.8566480940730807,3.7432172677768136,26138707.43
2024-10-16,3.7089020598216402,3.7232000631362956,3.7746728750690557,3.700323257832847,21611196.28
2024-10-17,3.746076868439745,3.6822124536342837,3.7746728750690557,3.681259253413306,29354356.21
2024-10-18,3.677446452529398,3.828052087443769,3.9252785099834275,3.6660080498776737,36209178.93
2024-10-21,3.8290052876647467,3.828052087443769,3.869992897166759,3.7937368794885966,25293363.95
2024-10-22,3.814707284350091,3.8509288927472185,3.8566480940730807,3.813754084129114,16669244.99
2024-10-23,3.8509288927472185,3.8652268960618734,3.9052613053429095,3.8328180885486547,22666292.09
2024-10-24,3.8490224923052643,3.8232860863388844,3.8528352931891723,3.8061284823612973,15982487.21
2024-10-25,3.824239286559861,3.8509288927472185,3.8871505011443457,3.8156604845710684,16852658.2
2024-10-28,3.846162891642333,3.8566480940730807,3.8576012942940574,3.812800883908137,13963081.41
2024-10-29,3.8604608949569887,3.8251924867808387,3.8881037013653224,3.8156604845710684,17946281.59
2024-10-30,3.813754084129114,3.785158077499803,3.8232860863388844,3.7603748717544,18128591.09
2024-10-31,3.783251677057849,3.785158077499803,3.8194732854549756,3.753702470207561,17636492.56
2024-11-01,3.7784856759529637,3.792783679267619,3.8299584878857234,3.7756260752900324,18177560.19
2024-11-04,3.7956432799305504,3.8433032909794025,3.845209691421356,3.785158077499803,12493143.86
2024-11-05,3.835677689211586,3.9433893141819905,3.945295714623945,3.8223328861179073,27630144.44
2024-11-06,3.9433893141819905,3.9186061084365877,3.9843769236840028,3.8938229026911846,21734247.6
2024-11-07,3.8890569015863,4.0491945387104415,4.051100939152395,3.885244100702391,27887189.24
2024-11-08,4.081603346223661,3.9977217267776815,4.089228947991477,3.9824705232420494,28080231.6
2024-11-11,3.957687317496646,4.017738931418199,4.021551732302108,3.9367169126351516,23043651.36
2024-11-12,4.012972930313314,3.973891721253256,4.068258543129982,3.9510149159498065,23041667.76
2024-11-13,3.9557809170546925,3.998674926998659,4.009160129429406,3.951968116170784,15727943.47
2024-11-14,3.992002525451819,3.930997711309289,4.0063005287664755,3.92432530976245,14438852.6
2024-11-15,3.9214657090995186,3.8652268960618734,3.9405297135190596,3.8604608949569887,16769935.42
2024-11-18,3.8804780995975063,3.8490224923052643,3.9252785099834275,3.8251924867808387,16100925.84
2024-11-19,3.8509288927472185,3.8680864967248048,3.870946097387736,3.7946900797095733,16705449.2
2024-11-20,3.8566480940730807,3.877618498934575,3.8938229026911846,3.8490224923052643,15485304.34
2024-11-21,3.869992897166759,3.882384500039461,3.890963302028254,3.8585544945150345,10454706.81
2024-11-22,3.8804780995975063,3.768000473522216,3.8833377002604372,3.761328071975377,17571912.5
2024-11-25,3.7699068739641706,3.7470300686607216,3.7861112777207797,3.7117616604845716,13590857.69
2024-11-26,3.730825664904112,3.7394044668929056,3.7708600741851472,3.7298724646831345,7847078.86
2024-11-27,3.732732065346066,3.8004092810354355,3.8051752821403206,3.7184340620314105,14519873.66
2024-11-28,3.7975496803725046,3.7727664746271015,3.8023156814773893,3.7632344724173312,10724072.89
2024-11-29,3.7746728750690557,3.813754084129114,3.8576012942940574,3.771813274406124,15297716.04
2024-12-02,3.8099412832452058,3.842350090758425,3.85378849341015,3.8004092810354355,9816347.81
2024-12-03,3.8413968905374483,3.846162891642333,3.8623672953989425,3.8175668850130218,15244237.07
2024-12-04,3.8413968905374483,3.826145687001816,3.8518820929681956,3.8156604845710684,10069479.18
2024-12-05,3.818520085233999,3.8194732854549756,3.8337712887696322,3.807081682582275,7595229.18
2024-12-06,3.8194732854549756,3.867133296503828,3.8938229026911846,3.818520085233999,17762293.82
2024-12-09,3.864273695840897,3.864273695840897,3.8890569015863,3.8413968905374483,12464186.85
2024-12-10,3.9834237234630265,3.8938229026911846,4.00153452766159,3.882384500039461,24827953.11
2024-12-11,3.8871505011443457,3.8842909004814143,3.902401704679978,3.874758898271644,12587159.73
2024-12-12,3.8861973009233686,3.92432530976245,3.9290913108673347,3.8757120984926208,13601804.33
2024-12-13,3.9004953042380235,3.831864888327677,3.9004953042380235,3.824239286559861,23465697.29
2024-12-16,3.8299584878857234,3.808988083024229,3.8328180885486547,3.799456080814459,9893230.74
2024-12-17,3.8061284823612973,3.8194732854549756,3.85378849341015,3.8042220819193435,13646692.28
2024-12-18,3.831864888327677,3.835677689211586,3.849975692526241,3.827098887222792,10236096.17
2024-12-19,3.812800883908137,3.8413968905374483,3.8490224923052643,3.7946900797095733,9903622.11
2024-12-20,3.835677689211586,3.8299584878857234,3.855694893852103,3.824239286559861,12230619.86
2024-12-23,3.8290052876647467,3.8337712887696322,3.86332049561992,3.827098887222792,14247022.0
2024-12-24,3.835677689211586,3.8785716991555526,3.885244100702391,3.8337712887696322,14563434.27
2024-12-25,3.881431299818484,3.881431299818484,3.902401704679978,3.864273695840897,14181375.0
2024-12-26,3.881431299818484,3.882384500039461,3.8881037013653224,3.8661800962828505,9470234.02
2024-12-27,3.885244100702391,3.8766652987135983,3.9071677057848637,3.870946097387736,10869639.1
2024-12-30,3.8757120984926208,3.894776102912162,3.9014485044590006,3.874758898271644,13119334.62
2024-12-31,3.895729303133139,3.8337712887696322,3.902401704679978,3.831864888327677,18436187.88
2025-01-02,3.831864888327677,3.7260596637992265,3.8328180885486547,3.69937005761187,21729803.38
2025-01-03,3.7260596637992265,3.6879316549601455,3.7374980664509514,3.6726804514245135,15930225.99
2025-01-06,3.6841188540762375,3.6726804514245135,3.691744455844054,3.648850445900087,12986739.3
2025-01-07,3.6650548496566966,3.6984168573908924,3.700323257832847,3.656476047667903,9689740.0
2025-01-08,3.688884855181122,3.6926976560650306,3.7165276615894562,3.6364588430273854,14097968.11
2025-01-09,3.6822124536342837,3.685072054297214,3.6984168573908924,3.6764932523084215,8060658.05
2025-01-10,3.6841188540762375,3.644084444795202,3.6936508562860078,3.6431312445742248,8265725.0
2025-01-13,3.623114039933707,3.6297864414805465,3.6469440454581328,3.6154884381658907,9493947.0
2025-01-14,3.6364588430273854,3.7232000631362956,3.73463846578802,3.6307396417015236,16445462.33
2025-01-15,3.7136680609265253,3.7012764580538238,3.721293662694342,3.695557256727962,7420496.21
2025-01-16,3.7136680609265253,3.703182858495778,3.7489364691026754,3.6803060531923295,11090051.72
2025-01-17,3.6936508562860078,3.7155744613684796,3.738451266671929,3.6869784547391684,8476992.95
2025-01-20,3.7374980664509514,3.7336852655670425,3.764187672638308,3.72510646357825,9202943.0
2025-01-21,3.752749269986584,3.738451266671929,3.756562070870492,3.7222468629153185,7439264.4
2025-01-22,3.732732065346066,3.7041360587167556,3.732732065346066,3.6869784547391684,10996806.55
2025-01-23,3.731778865125089,3.714621261147502,3.7727664746271015,3.7117616604845716,10385928.39
2025-01-24,3.706995659379686,3.7451236682187674,3.7584684713124457,3.7012764580538238,11436474.89
2025-01-27,3.751796069765607,3.724153263357273,3.7603748717544,3.721293662694342,13053849.64
2025-02-05,3.746076868439745,3.705089258937732,3.749889669323653,3.6974636571699158,7515497.1
2025-02-06,3.7022296582748004,3.7479832688816983,3.752749269986584,3.69937005761187,13886364.82
2025-02-07,3.7489364691026754,3.8013624812564126,3.826145687001816,3.742264067555837,19306313.73
2025-02-10,3.8023156814773893,3.8051752821403206,3.812800883908137,3.7880176781627344,12672645.5
2025-02-11,3.8099412832452058,3.7899240786046877,3.810894483466183,3.777532475731987,9990358.89
2025-02-12,3.7880176781627344,3.826145687001816,3.8309116881067005,3.7746728750690557,9789536.64
2025-02-13,3.8213796858969307,3.816613684792044,3.845209691421356,3.810894483466183,11758226.96
2025-02-14,3.812800883908137,3.845209691421356,3.8509288927472185,3.8099412832452058,12924286.8
2025-02-17,3.8547416936311256,3.8518820929681956,3.86332049561992,3.824239286559861,13341020.06
2025-02-18,3.846162891642333,3.824239286559861,3.8680864967248048,3.808988083024229,12465910.63
2025-02-19,3.8175668850130218,3.8442564912003796,3.8518820929681956,3.812800883908137,10190768.58
2025-02-20,3.8404436903164707,3.8328180885486547,3.8442564912003796,3.820426485675953,10186034.98
2025-02-21,3.8433032909794025,3.8842909004814143,3.8890569015863,3.831864888327677,14372665.14
2025-02-24,3.8795248993765297,3.8718992976087137,3.8976357035750935,3.8518820929681956,15385782.18
2025-02-25,3.846162891642333,3.8328180885486547,3.861414095177966,3.820426485675953,8924899.91
2025-02-26,3.8394904900954936,3.864273695840897,3.8652268960618734,3.8309116881067005,13456581.33
2025-02-27,3.8661800962828505,3.8766652987135983,3.8785716991555526,3.8394904900954936,11285856.42
2025-02-28,3.859507694736012,3.807081682582275,3.874758898271644,3.7956432799305504,13293340.0
2025-03-03,3.8080348828032524,3.7946900797095733,3.838537289874517,3.7803920763949184,11457686.13
2025-03-04,3.7746728750690557,3.7908772788256653,3.7975496803725046,3.7670472733012392,10121847.7
2025-03-05,3.7937368794885966,3.807081682582275,3.8118476836871604,3.7822984768368717,11919016.42
2025-03-06,3.827098887222792,3.859507694736012,3.8718992976087137,3.8232860863388844,13710078.79
2025-03-07,3.8509288927472185,3.849975692526241,3.870946097387736,3.8413968905374483,11559970.84
2025-03-10,3.848069292084287,3.834724488990609,3.8528352931891723,3.8118476836871604,14427836.88
2025-03-11,3.807081682582275,3.846162891642333,3.8471160918633096,3.803268881698367,10029170.03
2025-03-12,3.8490224923052643,3.8366308894325636,3.8604608949569887,3.8299584878857234,6092316.81
2025-03-13,3.835677689211586,3.8175668850130218,3.8442564912003796,3.8061284823612973,6410438.04
2025-03-14,3.824239286559861,3.9138401073317026,3.920512508878542,3.8223328861179073,19037183.28
2025-03-17,3.9252785099834275,3.902401704679978,3.930044511088312,3.896682503354116,11330420.29
2025-03-18,3.9157465077736564,3.910980506668771,3.9224189093204958,3.8995421040170473,8114043.23
2025-03-19,3.906214505563886,3.916699707994634,3.928138110646359,3.8928697024702075,8798312.86
2025-03-20,3.916699707994634,3.885244100702391,3.916699707994634,3.877618498934575,8751425.61
2025-03-21,3.8728524978296894,3.8223328861179073,3.8881037013653224,3.812800883908137,10149156.77
2025-03-24,3.8213796858969307,3.838537289874517,3.842350090758425,3.816613684792044,7912220.86
2025-03-25,3.8394904900954936,3.8404436903164707,3.849975692526241,3.8290052876647467,6115316.44
2025-03-26,3.8366308894325636,3.8251924867808387,3.8509288927472185,3.8223328861179073,7742553.85
2025-03-27,3.8232860863388844,3.838537289874517,3.8604608949569887,3.8080348828032524,8015251.64
2025-03-28,3.838537289874517,3.820426485675953,3.8404436903164707,3.812800883908137,7043047.91
2025-03-31,3.816613684792044,3.7975496803725046,3.835677689211586,3.783251677057849,9021728.63
2025-04-01,3.8013624812564126,3.7956432799305504,3.8156604845710684,3.792783679267619,6150155.41
2025-04-02,3.796596480151527,3.792783679267619,3.808988083024229,3.785158077499803,6291176.0
2025-04-03,3.7632344724173312,3.773719674848079,3.7937368794885966,3.7584684713124457,11143307.92
2025-04-07,3.6221608397127305,3.5220748165101416,3.660288848551811,3.4353335964012315,65609880.0
2025-04-08,3.524934417173073,3.5554368242443375,3.564015626233131,3.4991980112066923,58535332.99
2025-04-09,3.5220748165101416,3.589752032199511,3.597377633967327,3.5058704127535316,16982014.19
2025-04-10,3.63836524346934,3.649803646121064,3.6669612500986504,3.6202544392707763,14296316.63
2025-04-11,3.6316928419225003,3.660288848551811,3.670774050982559,3.6221608397127305,8619841.87
2025-04-14,3.678399652750375,3.667914450319628,3.6841188540762375,3.6621952489937657,9415709.83
2025-04-15,3.664101649435719,3.670774050982559,3.6764932523084215,3.645990845237156,9817934.77
2025-04-16,3.6612420487727886,3.679352852971352,3.6879316549601455,3.632646042143477,21771337.4
2025-04-17,3.6621952489937657,3.6822124536342837,3.6898380554020997,3.6612420487727886,13873405.98
2025-04-18,3.6764932523084215,3.691744455844054,3.6974636571699158,3.6669612500986504,13780507.39
2025-04-21,3.6841188540762375,3.6936508562860078,3.7041360587167556,3.6764932523084215,7126315.13
2025-04-22,3.6936508562860078,3.696510456948939,3.710808460263594,3.691744455844054,7520436.09
2025-04-23,3.7098552600426173,3.700323257832847,3.724153263357273,3.691744455844054,6155040.94
2025-04-24,3.700323257832847,3.700323257832847,3.7203404624733643,3.6898380554020997,4873614.69
2025-04-25,3.705089258937732,3.700323257832847,3.7165276615894562,3.6936508562860078,5771934.8
2025-04-28,3.7012764580538238,3.6946040565069844,3.7041360587167556,3.6831656538552604,6247090.3
2025-04-29,3.6926976560650306,3.6879316549601455,3.6984168573908924,3.681259253413306,4947349.86
2025-04-30,3.688884855181122,3.685072054297214,3.7041360587167556,3.6831656538552604,5004536.84
2025-05-06,3.7041360587167556,3.7203404624733643,3.7232000631362956,3.6984168573908924,7178253.09
2025-05-07,3.7651408728592854,3.7432172677768136,3.7765792755110095,3.727012864020204,10470811.71
2025-05-08,3.73463846578802,3.7651408728592854,3.7803920763949184,3.73463846578802,7820057.19
2025-05-09,3.761328071975377,3.7603748717544,3.7651408728592854,3.7479832688816983,6933748.29
2025-05-12,3.777532475731987,3.803268881698367,3.8051752821403206,3.771813274406124,8365002.29
2025-05-13,3.8232860863388844,3.807081682582275,3.824239286559861,3.8013624812564126,7934009.17
2025-05-14,3.8080348828032524,3.855694893852103,3.8757120984926208,3.8051752821403206,12147902.18
2025-05-15,3.8490224923052643,3.8232860863388844,3.8518820929681956,3.816613684792044,8177223.75
2025-05-16,3.814707284350091,3.8023156814773893,3.8213796858969307,3.7908772788256653,7302837.31
2025-05-19,3.7975496803725046,3.796596480151527,3.8013624812564126,3.779438876173941,5562980.93
2025-05-20,3.7975496803725046,3.8156604845710684,3.828052087443769,3.7937368794885966,5499874.79
2025-05-21,3.816613684792044,3.8309116881067005,3.842350090758425,3.8156604845710684,5606031.33
2025-05-22,3.8299584878857234,3.8290052876647467,3.838537289874517,3.8156604845710684,4919320.09
2025-05-23,3.824239286559861,3.8013624812564126,3.849975692526241,3.8004092810354355,8450890.7
2025-05-26,3.7956432799305504,3.781345276615895,3.8061284823612973,3.7708600741851472,7404857.19
2025-05-27,3.779438876173941,3.761328071975377,3.783251677057849,3.7546556704285377,5782884.0
2025-05-28,3.7622812721963537,3.757515271091469,3.7708600741851472,3.753702470207561,5399201.66
2025-05-29,3.7603748717544,3.7803920763949184,3.792783679267619,3.7546556704285377,8910394.42
2025-05-30,3.773719674848079,3.773719674848079,3.7784856759529637,3.7479832688816983,7370307.41
2025-06-03,3.761328071975377,3.771813274406124,3.7861112777207797,3.757515271091469,5967867.98
2025-06-04,3.773719674848079,3.7880176781627344,3.7985028805934813,3.7727664746271015,4645433.5
2025-06-05,3.7918304790466424,3.7975496803725046,3.807081682582275,3.781345276615895,5319657.33
2025-06-06,3.8004092810354355,3.799456080814459,3.8118476836871604,3.7918304790466424,4888807.95
2025-06-09,3.8023156814773893,3.8080348828032524,3.8223328861179073,3.7975496803725046,5810981.78
2025-06-10,3.8099412832452058,3.7861112777207797,3.8175668850130218,3.7727664746271015,7710517.7
2025-06-11,3.7880176781627344,3.816613684792044,3.835677689211586,3.7880176781627344,11035095.25
2025-06-12,3.810894483466183,3.818520085233999,3.8251924867808387,3.7937368794885966,6900871.51
2025-06-13,3.810894483466183,3.7937368794885966,3.814707284350091,3.781345276615895,6980168.32
2025-06-16,3.7880176781627344,3.803268881698367,3.807081682582275,3.785158077499803,6493267.44
2025-06-17,3.8042220819193435,3.8023156814773893,3.8099412832452058,3.7880176781627344,4828913.0
2025-06-18,3.8041235892983987,3.805098255859838,3.8109462552284756,3.783655591508169,4808034.1
2025-06-19,3.7992502564912014,3.7748835924552138,3.80022492305264,3.765136926840818,6007885.72
2025-06-20,3.7739089258937737,3.779756925262411,3.7895035908768055,3.772934259332334,4230441.4
2025-06-23,3.7709849262094552,3.7924275905611244,3.803148922736959,3.764162260279379,7492447.14
2025-06-24,3.7973009233683217,3.8362875858259025,3.8499329176860555,3.7973009233683217,12245548.8
2025-06-25,3.839211585510221,3.8996409123194704,3.9015902454423492,3.8353129192644624,17241161.22
2025-06-26,3.8937929129508335,3.8850209138978777,3.9025649120037884,3.884046247336438,9379678.72
2025-06-27,3.888919580143636,3.862603582984769,3.911336911056744,3.857730250177571,10696913.83
2025-06-30,3.86065424986189,3.88112224765212,3.884046247336438,3.8557809170546924,10819589.96
2025-07-01,3.8791729145292404,3.8869702470207566,3.8908689132665146,3.868451582353406,6406860.95
2025-07-02,3.884046247336438,3.8908689132665146,3.8976915791965916,3.874299581722043,5188835.09
2025-07-03,3.8928182463893934,3.913286244179623,3.9181595769868203,3.889894246705075,6863819.03
2025-07-04,3.9093875779338654,3.9298555757240954,3.962019572251599,3.9025649120037884,10525620.84
2025-07-07,3.9240075763554576,3.912311577618184,3.9298555757240954,3.903539578565228,4022514.4
2025-07-08,3.9142609107410626,3.9454502407071272,3.9532475731986434,3.911336911056744,6122487.38
2025-07-09,3.9454502407071272,3.942526241022809,3.965918238497357,3.9376529082156115,6476608.04
2025-07-10,3.942526241022809,3.962019572251599,3.986386236287586,3.941551574461369,6323876.67
2025-07-11,3.962994238813038,3.9756649041117513,4.025372898745166,3.962019572251599,12648551.46
2025-07-14,3.9746902375503126,3.9746902375503126,3.990284902533345,3.972740904427433,8205478.85
2025-07-15,3.97858890379607,3.9746902375503126,4.000031568147739,3.9503235735143245,8074813.46
2025-07-16,3.9756649041117513,3.965918238497357,3.9893102359719053,3.9532475731986434,4791818.89
2025-07-17,3.965918238497357,3.998082235024861,3.9990569015863002,3.9649435719359167,5978225.33
2025-07-18,4.003930234393497,4.0273222318680455,4.031220898113804,4.0010062347091795,7131296.16
2025-07-21,4.032195564675243,4.051688895904034,4.0546128955883525,4.029271564990925,7674613.25
2025-07-22,4.053638229026912,4.0945742246073715,4.096523557730251,4.037068897482441,10821090.5
2025-07-23,4.09749822429169,4.092624891484492,4.126738221134875,4.081903559308658,9947315.31
2025-07-24,4.088726225238735,4.11796622208192,4.120890221766238,4.083852892431538,8852359.51
2025-07-25,4.11796622208192,4.096523557730251,4.11796622208192,4.086776892115855,8200859.76
2025-07-28,4.096523557730251,4.107244889906086,4.116016888959041,4.079954226185779,6027712.97
2025-07-29,4.1013968905374485,4.127712887696315,4.128687554257755,4.085802225554416,8059785.53
2025-07-30,4.119915555204799,4.124788888011997,4.1569528845395,4.100422223976008,9502521.56
2025-07-31,4.114067555836162,4.049739562781155,4.114067555836162,4.037068897482441,11229125.75
2025-08-01,4.042916896851077,4.028296898429486,4.056562228711231,4.013676900007893,6115671.02
2025-08-04,4.017575566253651,4.046815563096836,4.048764896219716,4.012702233446453,4355672.0
2025-08-05,4.048764896219716,4.077030226501461,4.078979559624339,4.045840896535396,5480680.72
2025-08-06,4.075080893378582,4.0877515586772954,4.092624891484492,4.070207560571384,4089449.07
2025-08-07,4.089700891800174,4.086776892115855,4.103346223660328,4.065334227764187,5339656.16
2025-08-08,4.081903559308658,4.077030226501461,4.0945742246073715,4.069232894009945,4230624.0
2025-08-11,4.077030226501461,4.095548891168811,4.111143556151844,4.077030226501461,6881518.92
2025-08-12,4.093599558045932,4.120890221766238,4.129662220819195,4.093599558045932,4824872.1
2025-08-13,4.126738221134875,4.155003551416621,4.163775550469578,4.1218648883276785,7588408.13
2025-08-14,4.1569528845395,4.1481808854865445,4.193990213874201,4.140383552995028,8879343.79
2025-08-15,4.1345355536263915,4.186192881382685,4.193015547312762,4.132586220503513,10718339.47
2025-08-18,4.1891168810670045,4.21738221134875,4.249546207876254,4.176446215768291,10092475.34
2025-08-19,4.21640754478731,4.195939546997081,4.236875542577541,4.1881422145055645,7743324.31
2025-08-20,4.186192881382685,4.253444874122011,4.254419540683451,4.15890221766238,13784165.63
2025-08-21,4.25734354036777,4.267090205982164,4.2826848709651975,4.247596874753374,9130024.68
2025-08-22,4.264166206297846,4.365531528687555,4.370404861494753,4.263191539736407,13602634.2
2025-08-25,4.386974193039224,4.449352852971353,4.456175518901429,4.383075526793466,14560918.26
2025-08-26,4.438631520795518,4.425960855496805,4.456175518901429,4.412315523636652,11142941.46
2025-08-27,4.425960855496805,4.361632862441796,4.468846184200143,4.359683529318918,14126904.04
2025-08-28,4.35578486307316,4.4435048536027155,4.445454186725594,4.339215531528689,12764156.94
2025-08-29,4.434732854549759,4.484440849183175,4.496136847920449,4.424986188935365,13550573.64
2025-09-01,4.490288848551812,4.499060847604767,4.506858180096283,4.4639728513929455,11939866.71
2025-09-02,4.496136847920449,4.47371951700734,4.525376844763635,4.434732854549759,10344121.86
2025-09-03,4.475668850130219,4.433758187988321,4.492238181674691,4.405492857706575,9188624.72
2025-09-04,4.430834188304002,4.3431141977744465,4.439606187356957,4.304127535316867,14208228.33
2025-09-05,4.33726619840581,4.438631520795518,4.447403519848473,4.3294688659142935,10603324.74
2025-09-08,4.438631520795518,4.439606187356957,4.4571501854628695,4.409391523952333,10340219.93
2025-09-09,4.4298595217425625,4.413290190198091,4.448378186409913,4.387948859600663,6803545.36
2025-09-10,4.411340857075212,4.423036855812486,4.446428853287034,4.392822192407861,6086583.32
2025-09-11,4.412315523636652,4.541946176308106,4.5438955094309845,4.402568858022256,9783418.22
2025-09-12,4.5438955094309845,4.5039341804119655,4.545844842553864,4.498086181043328,9158580.27
2025-09-15,4.504908846973404,4.511731512903481,4.5438955094309845,4.4971115144818885,7211915.18
2025-09-16,4.514655512587799,4.502959513850525,4.53414884381659,4.47469418356878,7889033.61
2025-09-17,4.498086181043328,4.535123510378029,4.540971509746666,4.482491516060296,7154078.82
2025-09-18,4.5370728435009084,4.477618183253099,4.557540841291138,4.438631520795518,11873727.1
2025-09-19,4.47371951700734,4.487364848867493,4.515630179149239,4.470795517323022,7316138.11
2025-09-22,4.487364848867493,4.501984847289085,4.5039341804119655,4.465922184515824,6292766.23
2025-09-23,4.5097821797806015,4.504908846973404,4.538047510062348,4.4425301870412754,10550001.35
2025-09-24,4.480542182937417,4.544870175992425,4.545844842553864,4.479567516375978,10044858.67
2025-09-25,4.544870175992425,4.576059505958489,4.598476836871598,4.539022176623788,7713362.31
2025-09-26,4.558515507852577,4.53317417725515,4.579958172204247,4.532199510693711,7153059.37
2025-09-29,4.5302501775708315,4.608223502485992,4.634539499644859,4.522452845079315,11954365.2
2025-09-30,4.614071501854629,4.620894167784705,4.629666166837662,4.600426169994476,7403809.27
2025-10-09,4.63356483308342,4.693994159892669,4.71348749112146,4.629666166837662,8970906.08
2025-10-10,4.665728829610923,4.599451503433037,4.672551495541,4.5848315050114445,11746425.59
2025-10-13,4.481516849498856,4.573135506274171,4.5848315050114445,4.479567516375978,9658361.87
2025-10-14,4.605299502801674,4.527326177886513,4.619919501223267,4.502959513850525,11619095.16
2025-10-15,4.5302501775708315,4.586780838134324,4.595552837187278,4.5097821797806015,9974012.76
2025-10-16,4.570211506589852,4.601400836555916,4.626742167153343,4.570211506589852,8124633.37
2025-10-17,4.595552837187278,4.506858180096283,4.6043248362402345,4.495162181359009,8400582.05
2025-10-20,4.53317417725515,4.522452845079315,4.559490174414017,4.506858180096283,7644178.05
2025-10-21,4.538047510062348,4.590679504380081,4.603350169678794,4.53414884381659,9598685.19
2025-10-22,4.5711861731512915,4.576059505958489,4.588730171257202,4.549743508799622,5544841.98
2025-10-23,4.568262173466973,4.5936035040644,4.599451503433037,4.5244021782021955,6993428.41
2025-10-24,4.608223502485992,4.649159498066451,4.651108831189331,4.607248835924553,8653036.18
2025-10-27,4.686196827401153,4.703740825507064,4.708614158314262,4.674500828663879,7585249.12
2025-10-28,4.69301949333123,4.680348828032515,4.727132822981612,4.67060216241812,7259491.38
2025-10-29,4.688146160524031,4.7388288217188865,4.740778154841765,4.688146160524031,6792783.56
2025-10-30,4.734930155473128,4.700816825822746,4.75052482045616,4.693994159892669,8164618.54
2025-10-31,4.696918159576987,4.635514166206299,4.703740825507064,4.634539499644859,14325686.2
2025-11-03,4.631615499960541,4.642336832136375,4.646235498382134,4.585806171572884,7759881.37
2025-11-04,4.639412832452057,4.609198169047432,4.65208349775077,4.586780838134324,12015243.29
2025-11-05,4.573135506274171,4.615046168416069,4.630640833399101,4.549743508799622,7633532.85
2025-11-06,4.621868834346145,4.683272827716834,4.69107016020835,4.621868834346145,7326649.05
2025-11-07,4.668652829295242,4.673526162102439,4.690095493646911,4.65305816431221,5392555.53
2025-11-10,4.675475495225318,4.685222160839714,4.689120827085472,4.642336832136375,4483488.44
2025-11-11,4.6920448267697905,4.642336832136375,4.701791492384185,4.636488832767738,5651935.63
2025-11-12,4.63356483308342,4.644286165259254,4.661830163365165,4.6111475021703106,5236906.75
2025-11-13,4.636488832767738,4.690095493646911,4.69301949333123,4.631615499960541,6459560.59
2025-11-14,4.663779496488044,4.620894167784705,4.674500828663879,4.618944834661827,5936317.15
2025-11-17,4.610172835608871,4.590679504380081,4.619919501223267,4.572160839712731,7524669.29
2025-11-18,4.580932838765687,4.5643635072212145,4.5975021703101575,4.545844842553864,8568239.33
2025-11-19,4.559490174414017,4.578008839081368,4.5975021703101575,4.559490174414017,8569614.94
2025-11-20,4.6043248362402345,4.557540841291138,4.609198169047432,4.554616841606819,5619395.01
2025-11-21,4.527326177886513,4.448378186409913,4.536098176939468,4.446428853287034,14964004.1
2025-11-24,4.4629981848315055,4.441555520479836,4.468846184200143,4.418163523005289,11557477.22
2025-11-25,4.4639728513929455,4.480542182937417,4.505883513534844,4.4629981848315055,8959405.77
2025-11-26,4.4834661826217355,4.508807513219163,4.528300844447953,4.477618183253099,9140793.06
2025-11-27,4.511731512903481,4.504908846973404,4.555591508168259,4.501010180727646,4793694.11
2025-11-28,4.5039341804119655,4.5175795122721185,4.5244021782021955,4.486390182306054,5192340.54
2025-12-01,4.528300844447953,4.568262173466973,4.569236840028411,4.521478178517877,5783013.7
2025-12-02,4.567287506905533,4.547794175676743,4.567287506905533,4.53317417725515,3834449.0
2025-12-03,4.546819509115303,4.527326177886513,4.565338173782655,4.5175795122721185,3950347.8
2025-12-04,4.5302501775708315,4.539022176623788,4.552667508483941,4.510756846342042,4026188.36
2025-12-05,4.538047510062348,4.578983505642808,4.590679504380081,4.525376844763635,6872030.54
2025-12-08,4.591654170941521,4.612122168731751,4.63356483308342,4.589704837818641,8263437.51
2025-12-09,4.607248835924553,4.588730171257202,4.618944834661827,4.575084839397049,7001054.99
2025-12-10,4.580932838765687,4.582882171888565,4.589704837818641,4.539996843185227,6207764.36
2025-12-11,4.588730171257202,4.549743508799622,4.602375503117355,4.5438955094309845,6199442.53
2025-12-12,4.559490174414017,4.575084839397049,4.582882171888565,4.5302501775708315,8671539.2
2025-12-15,4.555591508168259,4.548768842238182,4.59262883750296,4.434732854549759,6917855.14
2025-12-16,4.541946176308106,4.502959513850525,4.548768842238182,4.484440849183175,7693550.01
2025-12-17,4.501984847289085,4.579958172204247,4.595552837187278,4.499060847604767,10856133.18
2025-12-18,4.5643635072212145,4.549743508799622,4.573135506274171,4.542920842869545,6780188.55
2025-12-19,4.561439507536895,4.569236840028411,4.59457817062584,4.547794175676743,8317889.37
2025-12-22,4.582882171888565,4.610172835608871,4.615046168416069,4.582882171888565,8371219.64
2025-12-23,4.615046168416069,4.619919501223267,4.642336832136375,4.606274169363113,8083405.36
2025-12-24,4.619919501223267,4.636488832767738,4.644286165259254,4.606274169363113,5334293.78
2025-12-25,4.629666166837662,4.645260831820694,4.655982163996528,4.623818167469024,4272443.04
2025-12-26,4.645260831820694,4.662804829926604,4.679374161471077,4.634539499644859,8160800.91
2025-12-29,4.658906163680847,4.642336832136375,4.672551495541,4.628691500276221,8529050.33
2025-12-30,4.625767500591905,4.65208349775077,4.668652829295242,4.621868834346145,4772242.25
2025-12-31,4.655982163996528,4.632590166521981,4.667678162733802,4.621868834346145,6668292.36
2026-01-05,4.661830163365165,4.721284823612976,4.7251834898587335,4.658906163680847,10171324.85
2026-01-06,4.727132822981612,4.794384815720938,4.795359482282378,4.7251834898587335,10523015.45
2026-01-07,4.795359482282378,4.776840817615027,4.802182148212454,4.7524741535790405,9334025.54
2026-01-08,4.764170152316313,4.739803488280327,4.770018151684951,4.720310157051536,6827197.78
2026-01-09,4.733955488911689,4.761246152631995,4.778790150737906,4.721284823612976,11348552.58
2026-01-12,4.769043485123511,4.788536816352301,4.804131481335334,4.7378541551574465,13330753.33
2026-01-13,4.797308815405256,4.7719674848078295,4.8392194775471555,4.7524741535790405,12717831.95
2026-01-14,4.7719674848078295,4.742727487964644,4.823624812564123,4.7183608239286565,21367222.88
2026-01-15,4.726158156420173,4.7514994870176,4.770018151684951,4.720310157051536,52171488.6
2026-01-16,4.780739483860786,4.735904822034567,4.794384815720938,4.715436824244338,53201664.68
2026-01-19,4.737,4.738,4.769,4.718,29134398.64
2026-01-20,4.735,4.724,4.751,4.688,28867656.33
2026-01-21,4.709,4.73,4.764,4.709,49039739.86
2026-01-22,4.741,4.727,4.76,4.703,43163442.08
2026-01-23,4.732,4.704,4.742,4.687,67693781.09
2026-01-26,4.712,4.712,4.76,4.694,59398528.82
2026-01-27,4.712,4.71,4.742,4.679,43391350.15
2026-01-28,4.725,4.725,4.743,4.704,84977822.53
2026-01-29,4.724,4.768,4.779,4.704,35456647.39
2026-01-30,4.736,4.711,4.758,4.642,16702748.01
2026-02-02,4.68,4.6,4.719,4.591,26511343.91
2026-02-03,4.64,4.664,4.668,4.585,10529446.12
2026-02-04,4.652,4.707,4.709,4.643,10525059.16
2026-02-05,4.68,4.679,4.695,4.645,9339828.76
2026-02-06,4.643,4.649,4.691,4.61,8816737.4
2026-02-09,4.695,4.727,4.73,4.686,7011195.04
2026-02-10,4.733,4.733,4.739,4.72,6804616.63
2026-02-11,4.727,4.723,4.732,4.714,3720786.9
2026-02-12,4.729,4.727,4.735,4.716,3980124.11
2026-02-13,4.714,4.671,4.714,4.667,13673571.51
2026-02-24,4.725,4.716,4.736,4.705,6242455.87
2026-02-25,4.717,4.75,4.778,4.716,8734031.06
2026-02-26,4.751,4.735,4.754,4.712,7663721.32
2026-02-27,4.72,4.725,4.732,4.7,6062452.61
2026-03-02,4.694,4.739,4.743,4.674,12423675.25
2026-03-03,4.741,4.678,4.751,4.665,9665578.66
2026-03-04,4.64,4.61,4.65,4.587,8292240.2
2026-03-05,4.647,4.654,4.678,4.639,5684209.59
2026-03-06,4.64,4.667,4.682,4.624,5043758.59
2026-03-09,4.623,4.629,4.638,4.56,8380982.6
2026-03-10,4.642,4.683,4.689,4.641,5460125.17
2026-03-11,4.686,4.711,4.719,4.682,5937122.21
2026-03-12,4.711,4.694,4.711,4.665,3433836.26
2026-03-13,4.672,4.677,4.716,4.67,3251129.05
2026-03-16,4.675,4.68,4.686,4.632,4038627.01
2026-03-17,4.686,4.646,4.731,4.645,7233376.6
2026-03-18,4.652,4.662,4.67,4.616,7702627.09
2026-03-19,4.621,4.599,4.641,4.581,7722418.09
2026-03-20,4.598,4.576,4.635,4.573,7612735.68
2026-03-23,4.528,4.43,4.537,4.406,15234981.1
2026-03-24,4.463,4.479,4.48,4.405,8504351.0
2026-03-25,4.51,4.544,4.549,4.504,8677126.37
2026-03-26,4.536,4.488,4.547,4.477,4742424.14
2026-03-27,4.45,4.508,4.53,4.445,5626908.26
2026-03-30,4.462,4.5,4.505,4.453,5439942.87
2026-03-31,4.501,4.463,4.529,4.462,5305655.53
2026-04-01,4.52,4.534,4.542,4.501,5012280.66
2026-04-02,4.521,4.489,4.526,4.47,4663511.03
2026-04-03,4.495,4.454,4.506,4.446,4261095.95
2026-04-07,4.455,4.446,4.47,4.431,4285685.61
2026-04-08,4.519,4.602,4.604,4.517,9968845.8
2026-04-09,4.573,4.572,4.586,4.56,7049553.23
2026-04-10,4.588,4.642,4.664,4.588,9063872.71
2026-04-13,4.629,4.652,4.66,4.623,3928925.99
2026-04-14,4.679,4.712,4.712,4.663,4276570.77
2026-04-15,4.732,4.694,4.746,4.684,6759806.05
2026-04-16,4.704,4.746,4.747,4.7,8532344.23
2026-04-17,4.737,4.739,4.75,4.722,7361500.74
2026-04-20,4.735,4.765,4.777,4.728,7624578.19
2026-04-21,4.764,4.776,4.786,4.73,6361081.37
2026-04-22,4.76,4.811,4.813,4.756,10125925.63
2026-04-23,4.82,4.801,4.834,4.772,10085181.12
2026-04-24,4.785,4.782,4.798,4.75,7193226.06
2026-04-27,4.786,4.782,4.81,4.773,9280360.2
2026-04-28,4.766,4.77,4.79,4.757,8644202.29
2026-04-29,4.755,4.821,4.828,4.755,12796797.74
2026-04-30,4.83,4.824,4.841,4.808,16517864.02
2026-05-06,4.866,4.888,4.914,4.852,18677827.57
2026-05-07,4.905,4.912,4.914,4.879,20946226.49
2026-05-08,4.89,4.886,4.902,4.862,12535649.19
2026-05-11,4.911,4.966,4.98,4.9,21165217.79
2026-05-12,4.975,4.963,4.987,4.944,10021704.59
2026-05-13,4.94,5.017,5.023,4.939,12726150.05
2026-05-14,5.037,4.941,5.041,4.931,10281645.63
2026-05-15,4.935,4.878,4.954,4.852,10479024.45
2026-05-18,4.855,4.852,4.885,4.819,5835763.7
2026-05-19,4.843,4.869,4.874,4.789,9674998.89
2026-05-20,4.845,4.871,4.882,4.84,9597200.86
2026-05-21,4.897,4.808,4.954,4.801,12055773.37
2026-05-22,4.828,4.862,4.868,4.807,13250518.45
2026-05-25,4.88,4.937,4.938,4.872,16250559.28
2026-05-26,4.912,4.972,4.975,4.91,9686751.61
2026-05-27,4.963,4.932,4.993,4.913,6405215.4
2026-05-28,4.917,4.932,4.948,4.866,4396498.24
2026-05-29,4.946,4.923,4.978,4.9,6566854.45
2026-06-01,4.923,4.868,4.94,4.861,4990927.16
2026-06-02,4.867,4.936,4.956,4.856,6809437.44
2026-06-03,4.938,4.965,5.016,4.928,7604618.91
2026-06-04,4.919,4.926,4.961,4.91,6097282.84
2026-06-05,4.909,4.843,4.948,4.825,6182927.34
2026-06-08,4.79,4.739,4.808,4.705,9232723.64
2026-06-09,4.764,4.826,4.828,4.741,4361644.82
2026-06-10,4.79,4.784,4.814,4.751,3931622.95
2026-06-11,4.766,4.751,4.793,4.718,4160687.68
2026-06-12,4.81,4.818,4.846,4.789,7808858.96
2026-06-15,4.858,4.919,4.92,4.839,16233006.71
2026-06-16,4.92,4.91,4.933,4.893,9085294.32
2026-06-17,4.898,4.958,4.96,4.894,13911869.8
2026-06-18,4.943,4.984,5.001,4.941,12933430.39
2026-06-22,4.983,5.091,5.095,4.954,19131577.65
2026-06-23,5.079,4.942,5.095,4.915,26173354.39
2026-06-24,4.929,4.967,4.978,4.916,25906734.09
2026-06-25,4.973,5.048,5.055,4.966,26406087.36
2026-06-26,5.008,4.907,5.015,4.88,9582429.43
2026-06-29,4.897,4.959,4.966,4.866,14848057.33
2026-06-30,4.947,5.019,5.022,4.942,20297212.63
2026-07-01,5.009,4.998,5.054,4.957,9626190.27
2026-07-02,4.955,4.85,4.96,4.835,13691536.1
2026-07-03,4.83,4.876,4.927,4.828,19983307.82
2026-07-06,4.9,4.877,4.914,4.831,6179918.15
2026-07-07,4.858,4.826,4.877,4.796,6986967.78
2026-07-08,4.836,4.798,4.872,4.793,4846847.69
2026-07-09,4.813,4.916,4.925,4.777,9558592.48
2026-07-10,4.918,4.829,4.949,4.827,8242800.21
2026-07-13,4.802,4.744,4.821,4.719,16190529.68
2026-07-14,4.744,4.837,4.838,4.696,18084400.38
2026-07-15,4.829,4.838,4.87,4.819,7220327.04
2026-07-16,4.775,4.753,4.825,4.724,16578227.91
2026-07-17,4.72,4.589,4.73,4.546,31647757.15
2026-07-20,4.63,4.65,4.685,4.577,40104538.02
2026-07-21,4.677,4.787,4.789,4.617,27388321.12
2026-07-22,4.75,4.765,4.823,4.75,12650379.41
2026-07-23,4.774,4.787,4.795,4.755,5811785.59
2026-07-24,4.75,4.701,4.759,4.699,10247631.52
2026-07-27,4.702,4.753,4.758,4.674,9715927.3
2026-07-28,4.69,4.627,4.7,4.609,16853986.67
2026-07-29,4.624,4.657,4.686,4.574,15092027.12
2026-07-30,4.63,4.605,4.655,4.536,15120389.03
2026-07-31,4.68,4.653,4.703,4.644,15016262.67
