date,open,close,high,low,volume
2019-06-12,0.25308076178836947,0.25791832162134637,0.26020979733170385,0.2520623281393217,1346322.0
2019-06-13,0.25715449638456056,0.2543538038496792,0.2586821468581322,0.25308076178836947,150306.0
2019-06-14,0.25409919543741727,0.24595172624503514,0.2558814543232508,0.2451879010082493,76983.0
2019-06-17,0.24569711783277318,0.24289642529789182,0.24697015989408289,0.24136877482432018,50678.0
2019-06-18,0.24366025053467766,0.24060494958753437,0.24366025053467766,0.23933190752622466,40390.0
2019-06-19,0.24315103371015379,0.24849781036765453,0.25231693655158366,0.24315103371015379,135976.0
2019-06-20,0.2495162440167023,0.25231693655158366,0.2535899786128934,0.2444240757714635,53549.0
2019-06-21,0.2525715449638456,0.2563906711477747,0.25995518891944186,0.2525715449638456,196584.0
2019-06-24,0.25766371320908443,0.25715449638456056,0.2589367552703941,0.255117629086465,68144.0
2019-06-25,0.2558814543232508,0.2520623281393217,0.25791832162134637,0.2495162440167023,56951.0
2019-06-26,0.24849781036765453,0.254863020674203,0.25613606273551276,0.24849781036765453,51130.0
2019-06-27,0.255117629086465,0.26097362256848966,0.263774315103371,0.25460841226194114,202872.0
2019-06-28,0.2607190141562277,0.25537223749872695,0.2607190141562277,0.2535899786128934,64054.0
2019-07-01,0.26097362256848966,0.2668296160505143,0.2668296160505143,0.26020979733170385,215778.0
2019-07-02,0.26606579081372844,0.26275588145432327,0.2668296160505143,0.2612282309807516,67788.0
2019-07-03,0.26020979733170385,0.25842753844587024,0.26173744780527547,0.2566452795600367,59828.0
2019-07-04,0.2581729300336083,0.25537223749872695,0.25970058050718,0.25409919543741727,63095.0
2019-07-05,0.25689988797229857,0.25766371320908443,0.25842753844587024,0.25537223749872695,49379.0
2019-07-08,0.25766371320908443,0.24671555148182095,0.25766371320908443,0.24544250942051124,122066.0
2019-07-09,0.24671555148182095,0.24773398513086872,0.24926163560444037,0.23933190752622466,38274.0
2019-07-10,0.24773398513086872,0.2500254608412262,0.2520623281393217,0.24773398513086872,68088.0
2019-07-11,0.2502800692534881,0.24773398513086872,0.2520623281393217,0.24569711783277318,61742.0
2019-07-12,0.2482432019553926,0.24671555148182095,0.24926163560444037,0.24493329259598737,47788.0
2019-07-15,0.24671555148182095,0.25460841226194114,0.25689988797229857,0.24187799164884408,121561.0
2019-07-16,0.25460841226194114,0.2558814543232508,0.25791832162134637,0.25282615337610753,88666.0
2019-07-17,0.25460841226194114,0.2612282309807516,0.2645381403401568,0.25460841226194114,205328.0
2019-07-18,0.259445972094918,0.25613606273551276,0.259445972094918,0.2556268459109889,72371.0
2019-07-19,0.25613606273551276,0.2581729300336083,0.2589367552703941,0.25613606273551276,68814.0
2019-07-22,0.2619920562175374,0.25460841226194114,0.2647927487524188,0.24926163560444037,143857.0
2019-07-23,0.2533353702006314,0.25766371320908443,0.25842753844587024,0.25231693655158366,150793.0
2019-07-24,0.25766371320908443,0.26402892351563295,0.2650473571646807,0.2563906711477747,303475.0
2019-07-25,0.2647927487524188,0.26861187493634786,0.27166717588349115,0.2635197066911091,309286.0
2019-07-26,0.26861187493634786,0.268102658111824,0.2698849169976576,0.26555657398920457,98576.0
2019-07-29,0.268102658111824,0.2721763927080151,0.27421326000611057,0.268102658111824,110542.0
2019-07-30,0.27192178429575314,0.2678480496995621,0.27192178429575314,0.2673388328750382,132826.0
2019-07-31,0.268102658111824,0.2709033506467054,0.272431001120277,0.2678480496995621,101637.0
2019-08-01,0.26861187493634786,0.2678480496995621,0.2709033506467054,0.26581118240146656,110053.0
2019-08-02,0.26301048986658515,0.2653019655769427,0.2675934412873001,0.26097362256848966,96995.0
2019-08-05,0.26301048986658515,0.26148283939301353,0.2693757001731337,0.26148283939301353,109212.0
2019-08-06,0.25970058050718,0.25460841226194114,0.25970058050718,0.24671555148182095,242626.0
2019-08-07,0.2533353702006314,0.24900702719217843,0.2566452795600367,0.2482432019553926,117831.0
2019-08-08,0.2520623281393217,0.2566452795600367,0.25740910479682244,0.2500254608412262,172288.0
2019-08-09,0.25689988797229857,0.2512985029025359,0.2591913636826561,0.25078928607801204,130852.0
2019-08-12,0.2533353702006314,0.26173744780527547,0.26173744780527547,0.2512985029025359,166268.0
2019-08-13,0.2586821468581322,0.25970058050718,0.26097362256848966,0.2563906711477747,82690.0
2019-08-14,0.263774315103371,0.2612282309807516,0.26861187493634786,0.2607190141562277,127501.0
2019-08-15,0.25613606273551276,0.2653019655769427,0.26606579081372844,0.2533353702006314,230619.0
2019-08-16,0.2622466646297994,0.2675934412873001,0.2698849169976576,0.2622466646297994,161920.0
2019-08-19,0.27141256747122927,0.2793054282513494,0.2803238619003972,0.26963030858539566,159552.0
2019-08-20,0.2793054282513494,0.2785416030145636,0.2821061207862308,0.277013952540992,180217.0
2019-08-21,0.27828699460230166,0.28134229554944495,0.2841429880843263,0.27675934412873,153349.0
2019-08-22,0.28159690396170695,0.28057847031265915,0.28363377125980244,0.277013952540992,259673.0
2019-08-23,0.2790508198390875,0.27675934412873,0.28159690396170695,0.27497708524289644,122460.0
2019-08-26,0.2734494347693248,0.2765047357164681,0.2780323861900397,0.2703941338221815,61022.0
2019-08-27,0.27752316936551585,0.2841429880843263,0.2871982890314696,0.27752316936551585,112679.0
2019-08-28,0.28465220490885024,0.28286994602301657,0.285416030145636,0.28134229554944495,41125.0
2019-08-29,0.28286994602301657,0.2877075058559935,0.2879621142682554,0.28159690396170695,68954.0
2019-08-30,0.28974437315408896,0.2879621142682554,0.2973826255219472,0.28745289744373154,125995.0
2019-09-02,0.2877075058559935,0.29941949282004277,0.3009471432936144,0.2864344637946838,104927.0
2019-09-03,0.29992870964456664,0.30731235360016296,0.3106222629595682,0.2978918423464711,336104.0
2019-09-04,0.30553009471432935,0.31418678073123535,0.33811997148385786,0.30553009471432935,365344.0
2019-09-05,0.32080659945004586,0.3146959975557592,0.32284346674814135,0.31164069660861593,226321.0
2019-09-06,0.31647825644159283,0.31265913025766373,0.3180059069151645,0.30884000407373463,210595.0
2019-09-09,0.3154598227925451,0.3320093695895713,0.3360831041857623,0.3154598227925451,420360.0
2019-09-10,0.33277319482635703,0.324371117221713,0.333027803238619,0.32004277421326,462260.0
2019-09-11,0.3246257256339749,0.32106120786230774,0.3274264181688563,0.3180059069151645,275447.0
2019-09-12,0.3223342499236175,0.3223342499236175,0.3274264181688563,0.32131581627456973,167500.0
2019-09-16,0.3223342499236175,0.32895406864242793,0.33226397800183316,0.32106120786230774,271148.0
2019-09-17,0.3261533761075466,0.31596903961706896,0.32691720134433244,0.31291373866992567,340893.0
2019-09-18,0.31826051532742644,0.3162236480293309,0.31978816580099806,0.3108768713718301,179738.0
2019-09-19,0.3162236480293309,0.3248803340462369,0.32538955087076077,0.31596903961706896,232853.0
2019-09-20,0.32513494245849883,0.3335370200631429,0.33710153783481006,0.3248803340462369,331192.0
2019-09-23,0.3309909359405235,0.34423057337814444,0.34499439861493025,0.32971789387921374,474228.0
2019-09-24,0.34423057337814444,0.34499439861493025,0.35034117527243097,0.3421937060800489,439594.0
2019-09-25,0.34270292290457277,0.32538955087076077,0.34270292290457277,0.3246257256339749,614926.0
2019-09-26,0.32640798451980857,0.31036765454730625,0.32895406864242793,0.30833078724921076,539673.0
2019-09-27,0.3106222629595682,0.31393217231897347,0.31826051532742644,0.30960382931052044,330468.0
2019-09-30,0.31342295549444954,0.3075669620124249,0.3146959975557592,0.3060393115388532,350319.0
2019-10-08,0.3075669620124249,0.3004379264690905,0.3118953050208779,0.2978918423464711,282693.0
2019-10-09,0.29916488440778083,0.3065485283633771,0.307057745187901,0.29610958346063754,252683.0
2019-10-10,0.3065485283633771,0.3098584377227824,0.3121499134331398,0.3045116610652816,322264.0
2019-10-11,0.3101130461350443,0.3050208778898055,0.31265913025766373,0.3037478358284958,205374.0
2019-10-14,0.30833078724921076,0.31444138914349734,0.3154598227925451,0.3075669620124249,340505.0
2019-10-15,0.3121499134331398,0.3037478358284958,0.3121499134331398,0.3032386190039719,371758.0
2019-10-16,0.30476626947754354,0.30018331805682863,0.30553009471432935,0.29992870964456664,265009.0
2019-10-17,0.3006925348813525,0.29992870964456664,0.30272940217944805,0.29916488440778083,195073.0
2019-10-18,0.29992870964456664,0.2933088909257562,0.3019655769426622,0.29127202362766064,261921.0
2019-10-21,0.2922904572767084,0.29305428251349425,0.29381810775028006,0.2859252469701599,239253.0
2019-10-22,0.294072716162542,0.29865566758325696,0.30018331805682863,0.29305428251349425,279673.0
2019-10-23,0.29865566758325696,0.29610958346063754,0.3009471432936144,0.29560036663611367,209803.0
2019-10-24,0.29687340869742335,0.294072716162542,0.2978918423464711,0.29050819839087483,157984.0
2019-10-25,0.2945819329870659,0.298401059170995,0.29941949282004277,0.2910174152153987,195134.0
2019-10-28,0.30425705265301967,0.30884000407373463,0.3098584377227824,0.3004379264690905,355077.0
2019-10-29,0.30858539566147264,0.30171096853040025,0.30858539566147264,0.30171096853040025,169487.98
2019-10-30,0.3014563601181383,0.3075669620124249,0.3118953050208779,0.29992870964456664,370291.02
2019-10-31,0.3062939199511152,0.30782157042468683,0.3118953050208779,0.3060393115388532,235310.02
2019-11-01,0.30782157042468683,0.30960382931052044,0.3108768713718301,0.3037478358284958,180568.0
2019-11-04,0.31113147978409206,0.3124045218454018,0.3146959975557592,0.3093492208982585,213090.0
2019-11-05,0.3118953050208779,0.31647825644159283,0.31826051532742644,0.31036765454730625,250673.0
2019-11-06,0.31444138914349734,0.3075669620124249,0.3187697321519503,0.3068031367756391,243766.0
2019-11-07,0.3075669620124249,0.3098584377227824,0.3108768713718301,0.3062939199511152,166624.0
2019-11-08,0.3118953050208779,0.3124045218454018,0.31647825644159283,0.31113147978409206,231775.0
2019-11-11,0.3101130461350443,0.3045116610652816,0.3101130461350443,0.30272940217944805,198714.0
2019-11-12,0.3045116610652816,0.3012017517058764,0.30553009471432935,0.29560036663611367,225884.0
2019-11-13,0.3012017517058764,0.3136775639067115,0.31393217231897347,0.30018331805682863,387367.0
2019-11-14,0.31265913025766373,0.3233526835726652,0.3246257256339749,0.3118953050208779,302045.0
2019-11-15,0.32080659945004586,0.32029738262552193,0.32997250229147573,0.3195335573887361,353001.0
2019-11-18,0.31978816580099806,0.3215704246868316,0.3261533761075466,0.3187697321519503,220071.0
2019-11-19,0.32080659945004586,0.32666259293207045,0.3271718097565943,0.3185151237396883,249634.0
2019-11-20,0.3261533761075466,0.3223342499236175,0.32844485181790406,0.3220796415113555,210788.0
2019-11-21,0.32029738262552193,0.32284346674814135,0.32589876769528464,0.3192789489764742,234314.0
2019-11-22,0.3230980751604033,0.3149506059680212,0.33073632752826154,0.31113147978409206,479601.0
2019-11-25,0.31520521438028315,0.3019655769426622,0.31520521438028315,0.3012017517058764,344504.0
2019-11-26,0.3009471432936144,0.30400244424075773,0.3075669620124249,0.3009471432936144,208947.0
2019-11-27,0.30298401059170993,0.31698747326611676,0.31978816580099806,0.3022201853549241,421272.02
2019-11-28,0.31698747326611676,0.315714431204807,0.3195335573887361,0.3136775639067115,158085.02
2019-11-29,0.3154598227925451,0.3180059069151645,0.3195335573887361,0.3131683470821876,245398.0
2019-12-02,0.31826051532742644,0.32360729198492716,0.32691720134433244,0.3154598227925451,373275.0
2019-12-03,0.3215704246868316,0.3317547611773093,0.33226397800183316,0.3195335573887361,372794.0
2019-12-04,0.328699460230166,0.3343008452999287,0.33939301354516754,0.3274264181688563,279088.0
2019-12-05,0.33455545371219064,0.34015683878195335,0.34626744067624,0.33226397800183316,402807.0
2019-12-06,0.33862918830838173,0.34703126591302574,0.34728587432528774,0.33862918830838173,274366.0
2019-12-09,0.3493227416233833,0.3528872593950504,0.3569609939912414,0.3493227416233833,306801.0
2019-12-10,0.35008656686016904,0.36332620429779,0.3648538547713617,0.34652204908850187,523016.0
2019-12-11,0.36281698747326613,0.35925246970159896,0.3648538547713617,0.35492412669314594,354733.0
2019-12-12,0.35950707811386085,0.3712190650779102,0.37656584173541097,0.35823403605255116,689671.0
2019-12-13,0.3735105407882677,0.37223749872695794,0.37529279967410123,0.36358081271005194,589063.0
2019-12-16,0.36918219777981465,0.37936653427029227,0.37936653427029227,0.3686729809552908,528004.0
2019-12-17,0.3786027090335065,0.3768204501476729,0.3786027090335065,0.3732559323760057,438463.0
2019-12-18,0.3742743660250535,0.376311233323149,0.3816580099806498,0.3742743660250535,394989.0
2019-12-19,0.3750381912618393,0.3673999388939811,0.3760566249108871,0.36510846318362356,437997.0
2019-12-20,0.36663611365719523,0.36358081271005194,0.3694368061920766,0.36307159588552806,311695.0
2019-12-23,0.35390569304409814,0.35059578368469296,0.35645177716671755,0.3488135247988594,396908.0
2019-12-24,0.35186882574600264,0.3617985538242184,0.3617985538242184,0.3490681332111213,722049.0
2019-12-25,0.36052551176290865,0.38013035950707813,0.38089418474386394,0.35976168652612284,760207.0
2019-12-26,0.3775842753844587,0.376311233323149,0.3788573174457684,0.371982890314696,322884.0
2019-12-27,0.3755474080863632,0.3640900295345758,0.37656584173541097,0.3638354211223139,829507.0
2019-12-30,0.36230777064874226,0.3658722884204094,0.3694368061920766,0.35263265098278845,550425.0
2019-12-31,0.3645992463590997,0.36510846318362356,0.3712190650779102,0.36230777064874226,376343.0
2020-01-02,0.36790915571850497,0.3798757510948162,0.38344026886648336,0.36536307159588555,834768.0
2020-01-03,0.38038496791934007,0.38038496791934007,0.38369487727874524,0.3745289744373154,388318.0
2020-01-06,0.37478358284957736,0.38344026886648336,0.38649556981362665,0.37401975761279155,452577.0
2020-01-07,0.3824218352174356,0.380639576331602,0.3852225277523169,0.37783888379672065,426286.0
2020-01-08,0.37936653427029227,0.371982890314696,0.37936653427029227,0.3704552398411244,636909.0
2020-01-09,0.3755474080863632,0.3821672268051736,0.3824218352174356,0.3742743660250535,657091.0
2020-01-10,0.380639576331602,0.3971891231286282,0.39897138201446175,0.38013035950707813,782129.0
2020-01-13,0.39642529789184233,0.42010388023220285,0.42264996435482227,0.3938792137692229,962238.0
2020-01-14,0.4190854465831551,0.41246562786434465,0.42264996435482227,0.4114471942152969,889891.0
2020-01-15,0.40991954374172523,0.42494144006517975,0.42876056624910885,0.4089011100926775,834900.0
2020-01-16,0.42264996435482227,0.423923006416132,0.4295243914858947,0.42035848864446484,744700.0
2020-01-17,0.4246868316529178,0.4211223138812506,0.42799674101232305,0.42010388023220285,608216.0
2020-01-20,0.4213769222935126,0.44607393828292086,0.44683776351970667,0.4213769222935126,986223.0
2020-01-21,0.440981770037682,0.4463285466951828,0.4537121906507791,0.4356349933801813,1468862.0
2020-01-22,0.4427640289235157,0.47306242998268666,0.4791730318769732,0.43792646909053873,1692554.0
2020-01-23,0.46720643650066196,0.4664426112638762,0.4870658926570934,0.4511661065281597,3157972.0
2020-02-03,0.4198492718199409,0.4198492718199409,0.42723291577553724,0.4198492718199409,1307796.99
2020-02-04,0.415011711986964,0.43792646909053873,0.4417455952744679,0.415011711986964,2936914.99
2020-02-05,0.4381810775028007,0.43970872797637234,0.45320297382625524,0.43156125878399026,2272444.24
2020-02-06,0.43283430084529995,0.4509114981158977,0.4519299317649455,0.4292697830736327,1924373.97
2020-02-07,0.4481108055810164,0.4694979122110195,0.4707709542723292,0.44607393828292086,1825034.97
2020-02-10,0.46567878602709034,0.4572767084224463,0.4697525206232814,0.4488746308178022,2078403.93
2020-02-11,0.45574905794887466,0.46160505143089925,0.4684794785619717,0.45574905794887466,1440178.07
2020-02-12,0.4610958346063754,0.47586312251756796,0.4804460739382829,0.4582951420714941,1700795.13
2020-02-13,0.47611773092982995,0.4957225786739994,0.5038700478663816,0.47586312251756796,2036284.18
2020-02-14,0.4962317954985233,0.5031062226295957,0.5181281189530502,0.4921580609023322,3032870.49
2020-02-17,0.5089622161116204,0.5181281189530502,0.5181281189530502,0.5043792646909054,2045424.03
2020-02-18,0.5183827273653122,0.5423159181179346,0.5435889601792443,0.5181281189530502,2305691.25
2020-02-19,0.5428251349424585,0.549190345249007,0.5677767593441287,0.527548630206742,3106735.79
2020-02-20,0.549190345249007,0.5642122415724616,0.5647214583969854,0.5346776657500764,2972712.13
2020-02-21,0.5606477238007944,0.5817802220185355,0.583562480904369,0.5573378144413892,2487803.8
2020-02-24,0.5822894388430594,0.6148793156125879,0.6174253997352072,0.5759242285365108,2859046.18
2020-02-25,0.6031673286485386,0.6232813932172319,0.6255728689275893,0.5670129341073429,4335446.38
2020-02-26,0.6069864548324676,0.562175374274366,0.61386088196354,0.5609023322130563,3547627.98
2020-02-27,0.570832060291272,0.5458804358896018,0.57974335472044,0.5377329666972197,2767812.9
2020-02-28,0.5130359507078114,0.5181281189530502,0.5410428760566249,0.5013239637437621,3573125.25
2020-03-02,0.5313677563906712,0.51940116101436,0.5346776657500764,0.5028516142173338,3035058.99
2020-03-03,0.5288216722680518,0.5201649862511458,0.5471534779509115,0.5148182095936449,3239479.42
2020-03-04,0.509726041348406,0.4990324880334046,0.5132905591200734,0.4840105917099501,2397903.37
2020-03-05,0.5089622161116204,0.5087076076993584,0.5115083002342398,0.48833893471840306,2262423.44
2020-03-06,0.4992870964456666,0.5013239637437621,0.5107444749974539,0.4959771870862613,1310489.48
2020-03-09,0.49139423566554635,0.462878093492209,0.4926672777268561,0.46135044301863737,2078390.47
2020-03-10,0.4636419187289948,0.5000509216824524,0.5010693553315001,0.4636419187289948,2484949.08
2020-03-11,0.5041246562786434,0.47688155616661576,0.5056523067522151,0.4748446888685202,2206980.1
2020-03-12,0.4631327019044709,0.4778999898156635,0.4835013748854262,0.4623688766676851,1837954.39
2020-03-13,0.4582951420714941,0.4870658926570934,0.4934311029636419,0.45574905794887466,2647196.84
2020-03-16,0.4870658926570934,0.4511661065281597,0.48833893471840306,0.44709237193196866,2212396.77
2020-03-17,0.46007740095732763,0.45778592524697015,0.4679702617374478,0.4333435176698238,1800772.22
2020-03-18,0.4608412261941135,0.44836541399327834,0.4750992972807822,0.4478561971687544,2023305.27
2020-03-19,0.4524391485894694,0.4664426112638762,0.46771565332518583,0.44658315510744473,2041301.5
2020-03-20,0.4725532131581628,0.4598227925450657,0.47611773092982995,0.4493838476423261,2317215.13
2020-03-23,0.44047255321315815,0.42035848864446484,0.4463285466951828,0.415011711986964,2079988.89
2020-03-24,0.4297789998981566,0.4211223138812506,0.432579692433038,0.40126285772481923,1997072.76
2020-03-25,0.43283430084529995,0.4300336083104186,0.44047255321315815,0.42723291577553724,1752885.06
2020-03-26,0.42264996435482227,0.4221407475302984,0.4361442102047052,0.4216315307057745,1011517.64
2020-03-27,0.4277421326000611,0.4167939708727976,0.4302882167226805,0.41628475404827375,1063497.89
2020-03-30,0.4055912007332722,0.4073734596191058,0.4129748446888685,0.39336999694469904,1276011.34
2020-03-31,0.41348406151339245,0.4043181586719625,0.4185762297586312,0.4032997250229148,1065390.97
2020-04-01,0.39922599042672374,0.41246562786434465,0.4213769222935126,0.39897138201446175,1425503.26
2020-04-02,0.4117018026275588,0.44327324574803956,0.4442916793970873,0.4086465016804155,2065392.75
2020-04-03,0.4381810775028007,0.4381810775028007,0.44378246257256343,0.4330889092575619,1468138.96
2020-04-07,0.4506568897036358,0.4478561971687544,0.45320297382625524,0.445564721458397,1299647.61
2020-04-08,0.44352785416030144,0.4524391485894694,0.4567674915979224,0.4420002036867298,1207409.95
2020-04-09,0.4549852327120888,0.44760158875649253,0.45600366636113654,0.44352785416030144,912983.98
2020-04-10,0.44683776351970667,0.42570526530196556,0.44683776351970667,0.42315918117934614,1401763.28
2020-04-13,0.41755779610958343,0.41322945310113046,0.4211223138812506,0.4086465016804155,809798.85
2020-04-14,0.4167939708727976,0.4267236989510133,0.4277421326000611,0.415011711986964,1073930.39
2020-04-15,0.4246868316529178,0.4285059578368469,0.4427640289235157,0.42341378959160814,1519659.89
2020-04-16,0.42494144006517975,0.4361442102047052,0.4399633363886343,0.4208677054689887,1057403.71
2020-04-17,0.4442916793970873,0.44989306446684996,0.4605866177818515,0.4442916793970873,1944528.07
2020-04-20,0.45320297382625524,0.4537121906507791,0.454221407475303,0.4442916793970873,878805.57
2020-04-21,0.44912923923006415,0.4417455952744679,0.44912923923006415,0.43359812608208576,1354832.0
2020-04-22,0.43461655973113356,0.4448008962216112,0.44531011304613505,0.43359812608208576,1105542.0
2020-04-23,0.4448008962216112,0.43843568591506266,0.44709237193196866,0.43741725226601486,791729.0
2020-04-24,0.43894490273958653,0.4264690905387514,0.441236378449944,0.4241776148283939,944630.0
2020-04-27,0.42621448212648944,0.4208677054689887,0.4277421326000611,0.41246562786434465,824254.0
2020-04-28,0.42035848864446484,0.4381810775028007,0.44072716162542014,0.4114471942152969,1639895.29
2020-04-29,0.4330889092575619,0.432325084020776,0.4381810775028007,0.4297789998981566,838984.49
2020-04-30,0.4386902943273246,0.4636419187289948,0.4659333944393523,0.4386902943273246,2242596.93
2020-05-06,0.4610958346063754,0.48935736836745086,0.49113962725328447,0.4608412261941135,2120450.92
2020-05-07,0.49164884407780834,0.48604745900804563,0.4962317954985233,0.48120989917506873,1644970.95
2020-05-08,0.49012119360423667,0.4875751094816173,0.4990324880334046,0.48248294123637847,1634122.03
2020-05-11,0.48833893471840306,0.4840105917099501,0.49546797026173744,0.47739077299113963,1393504.9
2020-05-12,0.48120989917506873,0.4959771870862613,0.4964864039107852,0.47357164680721053,1641295.41
2020-05-13,0.49113962725328447,0.4934311029636419,0.49801405438435686,0.4873205010693553,1252978.79
2020-05-14,0.48986658519197473,0.4921580609023322,0.5003055300947143,0.4891027599551889,1427256.82
2020-05-15,0.4952133618494755,0.5140543843568592,0.5209288114879315,0.4908850188410225,2312055.93
2020-05-18,0.5300947143293614,0.4959771870862613,0.5300947143293614,0.4908850188410225,2680507.0
2020-05-19,0.5003055300947143,0.5211834199001936,0.5219472451369793,0.4926672777268561,2399988.02
2020-05-20,0.5135451675323353,0.5084529992870965,0.5227110703737652,0.5028516142173338,2014321.64
2020-05-21,0.5089622161116204,0.4873205010693553,0.5117629086465016,0.48528363377125977,1958318.23
2020-05-22,0.48248294123637847,0.4832467664731643,0.4906304104287606,0.471534779509115,1911100.47
2020-05-25,0.4786638150524493,0.47357164680721053,0.48120989917506873,0.46873408697423363,1387272.08
2020-05-26,0.4756085141053061,0.48375598329768815,0.48579285059578364,0.4756085141053061,1372594.01
2020-05-27,0.48299215806090234,0.4722986047459008,0.48375598329768815,0.47000712903554337,1037912.43
2020-05-28,0.4697525206232814,0.4669518280884001,0.47306242998268666,0.4552398411243508,1579735.84
2020-05-29,0.46185965984316124,0.4636419187289948,0.4710255626845911,0.46033200936958957,1191794.05
2020-06-01,0.4694979122110195,0.48681128424483144,0.48986658519197473,0.4692433037987575,1663493.75
2020-06-02,0.4880843263061412,0.48935736836745086,0.4934311029636419,0.4840105917099501,1203435.17
2020-06-03,0.4903758020164986,0.4891027599551889,0.5013239637437621,0.48375598329768815,1496002.2
2020-06-04,0.4896119767797128,0.48451980853447396,0.492921886139118,0.48375598329768815,810285.62
2020-06-05,0.48859354313066505,0.4964864039107852,0.4995417048579285,0.4873205010693553,1386445.68
2020-06-08,0.5013239637437621,0.4878297178938792,0.5028516142173338,0.48681128424483144,1397506.13
2020-06-09,0.4878297178938792,0.4926672777268561,0.49419492820042776,0.48248294123637847,897328.53
2020-06-10,0.49113962725328447,0.4903758020164986,0.4926672777268561,0.48375598329768815,862938.09
2020-06-11,0.48986658519197473,0.4875751094816173,0.4977594459720949,0.48451980853447396,1002456.51
2020-06-12,0.47611773092982995,0.48604745900804563,0.4896119767797128,0.4725532131581628,1119165.0
2020-06-15,0.4804460739382829,0.4722986047459008,0.48248294123637847,0.4720439963336389,1001955.02
2020-06-16,0.47739077299113963,0.47968224870149706,0.4832467664731643,0.4756085141053061,835160.68
2020-06-17,0.48120989917506873,0.47611773092982995,0.48120989917506873,0.4720439963336389,689176.02
2020-06-18,0.4750992972807822,0.48579285059578364,0.4875751094816173,0.4740808636317344,1281237.33
2020-06-19,0.48579285059578364,0.49164884407780834,0.4962317954985233,0.4819737244118546,1183228.46
2020-06-22,0.4967410123230472,0.5107444749974539,0.5148182095936449,0.49394031978816577,1732222.13
2020-06-23,0.509726041348406,0.5120175170587636,0.5143089927691211,0.501833180568286,1175404.51
2020-06-24,0.5120175170587636,0.5260209797331703,0.5285670638557898,0.5112536918219778,1501942.47
2020-06-29,0.5206742030756696,0.5148182095936449,0.5250025460841226,0.5107444749974539,1317883.35
2020-06-30,0.519146552602098,0.5239841124350748,0.5283124554435279,0.5168550768917405,1308332.06
2020-07-01,0.5257663713209084,0.5298401059170995,0.5418067012934108,0.5196557694266218,1561521.4
2020-07-02,0.5311131479784091,0.5435889601792443,0.5463896527141257,0.5270394133822182,1379312.47
2020-07-03,0.5484265200122211,0.5458804358896018,0.5486811284244831,0.5331500152765047,1441404.85
2020-07-06,0.5550463387310317,0.6003666361136573,0.6003666361136573,0.5547917303187697,2386579.3
2020-07-07,0.6365210306548529,0.6105509726041348,0.6512883185660454,0.6003666361136573,3257412.18
2020-07-08,0.5983297688155617,0.6209899175068745,0.6227721763927081,0.5906915164477033,3156253.57
2020-07-09,0.6158977492616357,0.640340156838782,0.6492514512679498,0.6125878399022304,2571269.79
2020-07-10,0.631428862409614,0.6482330176189021,0.6566350952235462,0.62302678480497,2521298.88
2020-07-13,0.6477238007943783,0.6734392504328343,0.675221509318668,0.6436500661981872,2094913.55
2020-07-14,0.6729300336083104,0.6726754251960485,0.6935533150015277,0.644668499847235,2323767.34
2020-07-15,0.6719115999592626,0.6319380792341379,0.6719115999592626,0.6283735614624707,3097283.02
2020-07-16,0.6288827782869947,0.5777064874223444,0.6288827782869947,0.5703228434667482,3263824.5
2020-07-17,0.571341277115796,0.5644668499847235,0.5843263061411549,0.5596292901517466,2383877.96
2020-07-20,0.5728689275893676,0.5914553416844892,0.5922191669212751,0.5601385069762705,2090065.35
2020-07-21,0.5886546491496079,0.5848355229656789,0.5962929015174662,0.5779610958346064,1668845.94
2020-07-22,0.5843263061411549,0.5886546491496079,0.6026581118240146,0.579234137895916,1700036.0
2020-07-23,0.5817802220185355,0.5863631734392504,0.588400040737346,0.5672675425196049,1607877.15
2020-07-24,0.5799979631327019,0.5527548630206741,0.5906915164477033,0.5507179957225786,1669246.11
2020-07-27,0.5542825134942458,0.5588654649149608,0.5698136266422242,0.5517364293716264,1137693.1
2020-07-28,0.5647214583969854,0.5598838985640086,0.5703228434667482,0.5519910377838885,894741.1
2020-07-29,0.5558101639678175,0.5858539566147266,0.5878908239128221,0.5530094714329362,1772745.92
2020-07-30,0.5873816070882982,0.579234137895916,0.5906915164477033,0.575415011711987,1327595.36
2020-07-31,0.579234137895916,0.5990935940523475,0.5996028108768714,0.5777064874223444,1856052.94
2020-08-03,0.6092779305428251,0.6235360016294939,0.6237906100417558,0.6039311538853244,1966330.66
2020-08-04,0.6271005194011611,0.610041755779611,0.627355127813423,0.6039311538853244,1844899.8
2020-08-05,0.6581627456971179,0.618189224971993,0.6581627456971179,0.6156431408493737,3268224.21
2020-08-06,0.6095325389550871,0.6242998268662796,0.6309196455850902,0.6041857622975864,2391222.16
2020-08-07,0.6204807006823505,0.6064772380079438,0.6207353090946125,0.588400040737346,2277472.98
2020-08-10,0.5996028108768714,0.6001120277013953,0.6097871473673491,0.5906915164477033,1404424.62
2020-08-11,0.6001120277013953,0.5886546491496079,0.6059680211834199,0.5873816070882982,1276564.21
2020-08-12,0.5871269986760362,0.5873816070882982,0.5919645585090132,0.566758325695081,1680375.38
2020-08-13,0.5889092575618698,0.5830532640798453,0.5914553416844892,0.5815256136062735,878396.25
2020-08-14,0.5825440472553213,0.5906915164477033,0.5906915164477033,0.5782157042468683,883591.25
2020-08-17,0.5940014258071087,0.6006212445259191,0.600875852938181,0.5858539566147266,1536324.84
2020-08-18,0.600875852938181,0.5975659435787758,0.6034219370608005,0.5940014258071087,1075697.05
2020-08-19,0.5957836846929422,0.5759242285365108,0.5957836846929422,0.575415011711987,1262982.42
2020-08-20,0.5705774518790101,0.5672675425196049,0.5787249210713923,0.5634484163356758,859716.0
2020-08-21,0.5721051023525817,0.5644668499847235,0.5749057948874631,0.5555555555555556,1527646.27
2020-08-24,0.566503717282819,0.5642122415724616,0.5700682350544862,0.549444953661269,1252589.15
2020-08-25,0.5647214583969854,0.5596292901517466,0.5690498014054384,0.5575924228536511,887462.76
2020-08-26,0.5575924228536511,0.5377329666972197,0.5583562480904369,0.5372237498726957,1600181.54
2020-08-27,0.5374783582849578,0.5522456461961504,0.5563193807923414,0.5300947143293614,1637581.48
2020-08-28,0.5499541704857929,0.5573378144413892,0.5575924228536511,0.5453712190650779,948574.88
2020-08-31,0.5593746817394847,0.5527548630206741,0.5657398920460331,0.5519910377838885,1217174.57
2020-09-01,0.5504633873103167,0.5519910377838885,0.5519910377838885,0.5435889601792443,692672.34
2020-09-02,0.553773296669722,0.5423159181179346,0.554027905081984,0.5410428760566249,1163825.32
2020-09-03,0.5410428760566249,0.5435889601792443,0.5479173031876974,0.5346776657500764,1253323.47
2020-09-04,0.5397698339953152,0.553773296669722,0.5611569406253183,0.5384967919340056,2707792.28
2020-09-07,0.5588654649149608,0.5295854975048376,0.5593746817394847,0.5270394133822182,3240965.83
2020-09-08,0.5270394133822182,0.5211834199001936,0.5293308890925756,0.5148182095936449,1708529.69
2020-09-09,0.5127813422955494,0.4967410123230472,0.5140543843568592,0.49419492820042776,2153176.32
2020-09-10,0.5025970058050718,0.488848151542927,0.5053976983399532,0.4873205010693553,1411296.4
2020-09-11,0.4880843263061412,0.5005601385069762,0.502087788980548,0.4870658926570934,1397895.0
2020-09-14,0.5043792646909054,0.5071799572257868,0.5127813422955494,0.5010693553315001,1321081.61
2020-09-15,0.5061615235767389,0.5107444749974539,0.5171096853040025,0.4997963132701905,1452180.0
2020-09-16,0.5092168245238823,0.5056523067522151,0.5140543843568592,0.5041246562786434,982045.0
2020-09-17,0.5041246562786434,0.5158366432426927,0.5214380283124554,0.4992870964456666,1698058.59
2020-09-18,0.5132905591200734,0.5219472451369793,0.5222018535492413,0.5107444749974539,1538810.98
2020-09-21,0.5234748956105509,0.5229656787860271,0.5328954068642427,0.5214380283124554,1434709.04
2020-09-22,0.5160912516549547,0.5120175170587636,0.5204195946634077,0.5092168245238823,1159947.11
2020-09-23,0.5140543843568592,0.5178735105407882,0.5214380283124554,0.51023525817293,1194586.4
2020-09-24,0.5120175170587636,0.5094714329361442,0.5158366432426927,0.5084529992870965,984545.0
2020-09-25,0.5125267338832875,0.5051430899276912,0.5132905591200734,0.5015785721560241,885476.0
2020-09-28,0.5023423973928098,0.4962317954985233,0.5046338731031673,0.49394031978816577,920638.2
2020-09-29,0.4982686627966188,0.5048884815154293,0.5084529992870965,0.4982686627966188,1116784.96
2020-09-30,0.5053976983399532,0.5031062226295957,0.5079437824625725,0.5010693553315001,894708.67
2020-10-09,0.5112536918219778,0.5163458600672166,0.5181281189530502,0.51023525817293,1213888.0
2020-10-12,0.518891944189836,0.5430797433547204,0.5440981770037682,0.518891944189836,2149089.14
2020-10-13,0.5423159181179346,0.5410428760566249,0.5425705265301966,0.5344230573378145,1533333.53
2020-10-14,0.5397698339953152,0.5306039311538854,0.5397698339953152,0.5285670638557898,1338749.0
2020-10-15,0.5295854975048376,0.5267848049699562,0.5377329666972197,0.5265301965576943,1017955.0
2020-10-16,0.5288216722680518,0.5255117629086465,0.5308585395661473,0.5199103778388837,1090420.8
2020-10-19,0.5285670638557898,0.5206742030756696,0.5295854975048376,0.5199103778388837,1084005.82
2020-10-20,0.51940116101436,0.5260209797331703,0.5262755881454324,0.515072818005907,877156.25
2020-10-21,0.5247479376718607,0.5094714329361442,0.5247479376718607,0.5061615235767389,1974301.05
2020-10-22,0.5056523067522151,0.5099806497606681,0.5148182095936449,0.5008147469192382,1002064.33
2020-10-23,0.5099806497606681,0.4997963132701905,0.5143089927691211,0.49801405438435686,1300633.0
2020-10-26,0.4952133618494755,0.49852327120888074,0.5023423973928098,0.49139423566554635,917345.0
2020-10-27,0.4957225786739994,0.5010693553315001,0.502087788980548,0.49470414502495164,748809.01
2020-10-28,0.5000509216824524,0.5031062226295957,0.5046338731031673,0.4944495366126897,1083109.0
2020-10-29,0.4952133618494755,0.5008147469192382,0.501833180568286,0.49419492820042776,874249.0
2020-10-30,0.5028516142173338,0.5122721254710255,0.5242387208473368,0.5023423973928098,2851047.93
2020-11-02,0.5168550768917405,0.5219472451369793,0.5229656787860271,0.5064161319890009,1740773.4
2020-11-03,0.5239841124350748,0.5306039311538854,0.5356960993991242,0.5209288114879315,2123148.55
2020-11-04,0.5300947143293614,0.5262755881454324,0.5331500152765047,0.5244933292595988,1293740.22
2020-11-05,0.5339138405132906,0.5321315816274569,0.5364599246359101,0.5252571544963847,1513789.76
2020-11-06,0.5328954068642427,0.5461350443018638,0.5466442611263875,0.5260209797331703,2720454.4
2020-11-09,0.5573378144413892,0.5942560342193707,0.5983297688155617,0.5570832060291272,5450941.47
2020-11-10,0.5891638659741318,0.575160403299725,0.5901822996231796,0.5705774518790101,3955891.08
2020-11-11,0.5672675425196049,0.5456258274773398,0.5728689275893676,0.5440981770037682,4325098.62
2020-11-12,0.5512272125471026,0.5466442611263875,0.55351868825746,0.5402790508198391,1932050.37
2020-11-13,0.5418067012934108,0.549190345249007,0.553773296669722,0.5356960993991242,2345029.9
2020-11-16,0.5461350443018638,0.5430797433547204,0.5471534779509115,0.5372237498726957,1589464.12
2020-11-17,0.5410428760566249,0.5517364293716264,0.5525002546084122,0.5257663713209084,3744699.47
2020-11-18,0.5463896527141257,0.5461350443018638,0.5555555555555556,0.5428251349424585,2616202.0
2020-11-19,0.5410428760566249,0.5484265200122211,0.558101639678175,0.5390060087585293,2734039.56
2020-11-20,0.5461350443018638,0.5461350443018638,0.5545371219065077,0.5443527854160302,2002297.92
2020-11-23,0.544607393828292,0.5484265200122211,0.5532640798451981,0.5377329666972197,2562262.26
2020-11-24,0.5502087788980548,0.5550463387310317,0.5629391995111518,0.5489357368367451,3543075.97
2020-11-25,0.554027905081984,0.5504633873103167,0.5596292901517466,0.549444953661269,2630309.07
2020-11-26,0.5502087788980548,0.5466442611263875,0.5573378144413892,0.5461350443018638,2150840.74
2020-11-27,0.544862002240554,0.5479173031876974,0.5522456461961504,0.5392606171707913,1976053.4
2020-11-30,0.5489357368367451,0.5519910377838885,0.5588654649149608,0.5423159181179346,2969605.14
2020-12-01,0.5499541704857929,0.5547917303187697,0.5553009471432936,0.5474080863631734,3087271.4
2020-12-02,0.5568285976168652,0.5652306752215094,0.5672675425196049,0.5560647723800795,4061860.35
2020-12-03,0.5652306752215094,0.5591200733272228,0.5690498014054384,0.5583562480904369,2779960.87
2020-12-04,0.5573378144413892,0.562429982686628,0.5652306752215094,0.5558101639678175,2021191.77
2020-12-07,0.575415011711987,0.5649760668092474,0.5789795294836542,0.5644668499847235,3002262.04
2020-12-08,0.5649760668092474,0.566503717282819,0.5685405845809146,0.5626845910988899,1398424.46
2020-12-09,0.5637030247479377,0.5489357368367451,0.5649760668092474,0.5471534779509115,2392960.49
2020-12-10,0.5468988695386496,0.5496995620735309,0.5530094714329362,0.5438435685915063,1570202.29
2020-12-11,0.5484265200122211,0.5384967919340056,0.5489357368367451,0.5328954068642427,2501969.05
2020-12-14,0.5374783582849578,0.5428251349424585,0.5430797433547204,0.5356960993991242,1423603.98
2020-12-15,0.5402790508198391,0.5379875751094816,0.545116610652816,0.5349322741623384,1355144.78
2020-12-16,0.5354414909868622,0.5280578470312659,0.536714533048172,0.5272940217944801,1624868.98
2020-12-17,0.5267848049699562,0.5308585395661473,0.5316223648029331,0.5206742030756696,1479368.69
2020-12-18,0.5379875751094816,0.5265301965576943,0.5392606171707913,0.5260209797331703,1777185.38
2020-12-21,0.5222018535492413,0.5395152255830533,0.5430797433547204,0.5216926367247173,2133575.42
2020-12-22,0.5349322741623384,0.5234748956105509,0.5387514003462675,0.5219472451369793,1786910.56
2020-12-23,0.5234748956105509,0.536714533048172,0.5374783582849578,0.5183827273653122,2265838.7
2020-12-24,0.5354414909868622,0.5306039311538854,0.5420613097056727,0.5295854975048376,1481305.91
2020-12-25,0.5290762806803136,0.5219472451369793,0.5290762806803136,0.5176189021285263,2258694.0
2020-12-28,0.5204195946634077,0.5107444749974539,0.5204195946634077,0.5099806497606681,1907160.59
2020-12-29,0.5104898665851919,0.5199103778388837,0.5270394133822182,0.509726041348406,2343339.65
2020-12-30,0.5171096853040025,0.5234748956105509,0.5265301965576943,0.5120175170587636,1721530.17
2020-12-31,0.5242387208473368,0.5349322741623384,0.5351868825746002,0.5242387208473368,2384849.66
2021-01-04,0.5374783582849578,0.5456258274773398,0.5466442611263875,0.5308585395661473,2460363.6
2021-01-05,0.544607393828292,0.5644668499847235,0.5649760668092474,0.5397698339953152,3672846.64
2021-01-06,0.566503717282819,0.5522456461961504,0.5677767593441287,0.5499541704857929,3451321.35
2021-01-07,0.5519910377838885,0.5453712190650779,0.5519910377838885,0.5384967919340056,2821461.96
2021-01-08,0.5461350443018638,0.5458804358896018,0.5502087788980548,0.5384967919340056,2212230.79
2021-01-11,0.5496995620735309,0.553773296669722,0.566758325695081,0.5476626947754353,3982688.86
2021-01-12,0.5527548630206741,0.557847031265913,0.558101639678175,0.544862002240554,2761567.6
2021-01-13,0.5609023322130563,0.5723597107648437,0.5728689275893676,0.5555555555555556,4226781.98
2021-01-14,0.5736327528261534,0.5764334453610347,0.5917099500967512,0.5634484163356758,4972205.11
2021-01-15,0.5764334453610347,0.5662491088705571,0.5825440472553213,0.5591200733272228,3223671.25
2021-01-18,0.5634484163356758,0.5917099500967512,0.5957836846929422,0.5591200733272228,4692968.94
2021-01-19,0.5906915164477033,0.579234137895916,0.5922191669212751,0.5764334453610347,3449311.3
2021-01-20,0.5817802220185355,0.5815256136062735,0.584071697728893,0.5705774518790101,2337735.97
2021-01-21,0.5830532640798453,0.57974335472044,0.5850901313779407,0.5728689275893676,2745417.33
2021-01-22,0.5794887463081779,0.5647214583969854,0.5807617883694878,0.557847031265913,4472978.71
2021-01-25,0.553773296669722,0.5634484163356758,0.5685405845809146,0.5481719115999593,3264554.02
2021-01-26,0.5659945004582951,0.5560647723800795,0.5721051023525817,0.553773296669722,2427330.05
2021-01-27,0.5568285976168652,0.5489357368367451,0.5596292901517466,0.5418067012934108,2034910.38
2021-01-28,0.5418067012934108,0.5321315816274569,0.5481719115999593,0.5311131479784091,2260262.01
2021-01-29,0.5354414909868622,0.5237295040228129,0.5377329666972197,0.5158366432426927,2348489.64
2021-02-01,0.5219472451369793,0.5262755881454324,0.5288216722680518,0.5206742030756696,1271561.58
2021-02-02,0.5283124554435279,0.5316223648029331,0.5316223648029331,0.5224564619615032,1400309.31
2021-02-03,0.5298401059170995,0.5115083002342398,0.5298401059170995,0.5104898665851919,2787056.42
2021-02-04,0.5087076076993584,0.5127813422955494,0.5158366432426927,0.488848151542927,3710760.2
2021-02-05,0.5166004684794785,0.4997963132701905,0.5166004684794785,0.4992870964456666,2345752.83
2021-02-08,0.4992870964456666,0.5092168245238823,0.5148182095936449,0.4990324880334046,2202079.52
2021-02-09,0.509726041348406,0.5183827273653122,0.5183827273653122,0.5059069151644771,1759432.08
2021-02-10,0.519146552602098,0.519146552602098,0.5199103778388837,0.5122721254710255,1471043.25
2021-02-18,0.5295854975048376,0.532386190039719,0.5390060087585293,0.5229656787860271,2878625.73
2021-02-19,0.5303493227416234,0.5303493227416234,0.5308585395661473,0.51940116101436,2353620.45
2021-02-22,0.5306039311538854,0.51940116101436,0.5356960993991242,0.518891944189836,2056927.64
2021-02-23,0.5155820348304307,0.5155820348304307,0.5199103778388837,0.5084529992870965,1508178.81
2021-02-24,0.5166004684794785,0.5229656787860271,0.5339138405132906,0.5160912516549547,3399923.63
2021-02-25,0.5260209797331703,0.5163458600672166,0.5272940217944801,0.5148182095936449,1784498.77
2021-02-26,0.5079437824625725,0.5036154394541196,0.5122721254710255,0.5023423973928098,2101007.55
2021-03-01,0.5079437824625725,0.5234748956105509,0.5239841124350748,0.5066707404012628,2443888.94
2021-03-02,0.5267848049699562,0.5267848049699562,0.5295854975048376,0.5199103778388837,1994256.85
2021-03-03,0.5247479376718607,0.5257663713209084,0.5262755881454324,0.5163458600672166,1428185.0
2021-03-04,0.5237295040228129,0.5120175170587636,0.5300947143293614,0.51023525817293,2159960.14
2021-03-05,0.5066707404012628,0.5092168245238823,0.5112536918219778,0.5041246562786434,1651793.94
2021-03-08,0.5115083002342398,0.48553824218352176,0.5130359507078114,0.4840105917099501,2691256.53
2021-03-09,0.4840105917099501,0.45854975048375596,0.48553824218352176,0.4572767084224463,2656129.85
2021-03-10,0.4661880028516142,0.45702210001018434,0.46746104491292395,0.45625827477339853,1308241.93
2021-03-11,0.45778592524697015,0.4725532131581628,0.48579285059578364,0.45396679906304105,2216231.79
2021-03-12,0.47306242998268666,0.4610958346063754,0.47306242998268666,0.45956818413280376,1754174.3
2021-03-15,0.4575313168347082,0.4417455952744679,0.4575313168347082,0.43894490273958653,1918019.37
2021-03-16,0.4427640289235157,0.44149098686220595,0.44658315510744473,0.4356349933801813,1309076.97
2021-03-17,0.4399633363886343,0.45040228129137383,0.4524391485894694,0.4399633363886343,2115879.82
2021-03-18,0.4511661065281597,0.44836541399327834,0.45320297382625524,0.44607393828292086,944919.52
2021-03-19,0.43919951115184847,0.44760158875649253,0.4524391485894694,0.4381810775028007,1333694.44
2021-03-22,0.4463285466951828,0.4488746308178022,0.45040228129137383,0.4448008962216112,847324.0
2021-03-23,0.4506568897036358,0.44836541399327834,0.4582951420714941,0.44734698034423054,1247118.66
2021-03-24,0.44607393828292086,0.43894490273958653,0.44709237193196866,0.436908035441491,1185628.23
2021-03-25,0.4361442102047052,0.44149098686220595,0.4448008962216112,0.4353803849679193,970506.52
2021-03-29,0.444,0.443,0.45,0.442,2162493.44
2021-03-30,0.443,0.4435,0.447,0.4405,1300696.36
2021-03-31,0.444,0.4465,0.4475,0.4385,1606515.71
2021-04-01,0.448,0.463,0.464,0.4475,4525795.81
2021-04-02,0.4665,0.49,0.49,0.4665,7025813.8
2021-04-06,0.4925,0.4865,0.4945,0.4815,2553404.8
2021-04-07,0.484,0.49,0.49,0.477,2173656.74
2021-04-08,0.485,0.486,0.493,0.483,2014194.61
2021-04-09,0.485,0.4845,0.4915,0.4815,1618514.2
2021-04-12,0.4835,0.4785,0.4935,0.474,2762021.64
2021-04-13,0.475,0.4755,0.484,0.473,1602158.0
2021-04-14,0.4775,0.478,0.4805,0.474,1453641.28
2021-04-15,0.478,0.477,0.478,0.469,1518301.96
2021-04-16,0.4785,0.476,0.48,0.47,1251795.0
2021-04-19,0.473,0.4825,0.4825,0.466,2517623.62
2021-04-20,0.479,0.476,0.481,0.4755,1743612.09
2021-04-21,0.4725,0.477,0.479,0.4715,1527007.59
2021-04-22,0.4795,0.4845,0.4885,0.4775,2452269.46
2021-04-23,0.483,0.487,0.4885,0.4815,1900663.46
2021-04-26,0.4895,0.4925,0.504,0.4895,4325116.26
2021-04-27,0.4905,0.48799999999999993,0.4935,0.485,1702866.0
2021-04-28,0.4905,0.4995,0.5005,0.484,2339893.08
2021-04-29,0.5005,0.502,0.5105,0.5,2577595.51
2021-04-30,0.5005,0.5025,0.5075,0.4985,2300337.21
2021-05-06,0.499,0.5,0.5055,0.4955,1654562.0
2021-05-07,0.5,0.4765,0.504,0.4755,3452760.0
2021-05-10,0.4745,0.468,0.475,0.465,2400726.0
2021-05-11,0.4625,0.4695,0.4705,0.459,1900865.1
2021-05-12,0.4685,0.4795,0.4795,0.462,2519476.38
2021-05-13,0.4725,0.48,0.4875,0.471,2357235.0
2021-05-14,0.483,0.4915,0.4955,0.4755,3592362.06
2021-05-17,0.492,0.4915,0.5005,0.4905,2836337.0
2021-05-18,0.4855,0.49,0.491,0.4845,1506213.53
2021-05-19,0.4885,0.495,0.4965,0.487,2241885.56
2021-05-20,0.4925,0.4925,0.4965,0.4895,1873195.66
2021-05-21,0.492,0.489,0.497,0.48799999999999993,1454817.97
2021-05-24,0.48799999999999993,0.498,0.499,0.4825,2506832.44
2021-05-25,0.4985,0.51,0.5115,0.498,3621815.33
2021-05-26,0.511,0.507,0.5145,0.505,2521951.97
2021-05-27,0.508,0.5295,0.535,0.5065,6300469.48
2021-05-28,0.528,0.527,0.5325,0.5225,3397635.22
2021-05-31,0.5315,0.5335,0.537,0.529,2847067.05
2021-06-01,0.5325,0.541,0.548,0.5285,3694473.13
2021-06-02,0.5415,0.5355,0.5424999999999999,0.5295,3531595.0
2021-06-03,0.532,0.528,0.536,0.525,2379353.06
2021-06-04,0.525,0.5424999999999999,0.546,0.525,3736706.71
2021-06-07,0.5555,0.5605,0.566,0.555,4897573.52
2021-06-08,0.565,0.5565,0.565,0.552,3637742.74
2021-06-09,0.5555,0.562,0.565,0.554,2473195.95
2021-06-10,0.5605,0.57,0.57,0.558,3549627.55
2021-06-11,0.57,0.558,0.571,0.557,3458153.19
2021-06-15,0.557,0.5655,0.5715,0.556,3696662.31
2021-06-16,0.567,0.5485,0.5775,0.548,3984157.25
2021-06-17,0.546,0.593,0.597,0.546,7894924.47
2021-06-18,0.5955,0.5995,0.6035,0.5825,4689302.71
2021-06-21,0.5965,0.6005,0.605,0.588,3300507.78
2021-06-22,0.6025,0.5995,0.6055,0.589,3687541.0
2021-06-23,0.598,0.6285,0.637,0.598,5502343.54
2021-06-24,0.626,0.6175,0.631,0.6125,3607157.84
2021-06-25,0.6165,0.626,0.6275,0.608,3827565.56
2021-06-28,0.626,0.6410000000000001,0.65,0.6249999999999999,3521755.05
2021-06-29,0.6395,0.6365,0.6415,0.6235,3387408.15
2021-06-30,0.6425,0.6675,0.676,0.6425,6138844.71
2021-07-01,0.668,0.653,0.6685,0.65,4283027.57
2021-07-02,0.645,0.6415,0.654,0.6345,4252751.81
2021-07-05,0.65,0.673,0.674,0.65,5423142.02
2021-07-06,0.674,0.6575,0.683,0.6395,7059846.72
2021-07-07,0.643,0.671,0.674,0.635,5667294.71
2021-07-08,0.6705,0.6935,0.698,0.6705,5380761.51
2021-07-09,0.687,0.6845,0.6925,0.6655,5865772.38
2021-07-12,0.6875,0.694,0.7015,0.671,5335126.47
2021-07-13,0.6865,0.6565,0.6875,0.649,10696789.79
2021-07-14,0.65,0.6515,0.665,0.646,4873765.87
2021-07-15,0.6475,0.655,0.657,0.6395,4417691.71
2021-07-16,0.654,0.644,0.6715,0.643,4705696.86
2021-07-19,0.6335,0.6445,0.6515,0.63,3520911.95
2021-07-20,0.637,0.659,0.66,0.637,4247231.45
2021-07-21,0.662,0.684,0.694,0.66,7114865.28
2021-07-22,0.6885,0.7065,0.711,0.6765,5726516.48
2021-07-23,0.705,0.708,0.716,0.6975,3284849.79
2021-07-26,0.708,0.7185,0.729,0.686,5010001.95
2021-07-27,0.7215,0.73,0.784,0.7215,9406119.23
2021-07-28,0.71,0.7065,0.732,0.675,7542051.36
2021-07-29,0.7225,0.7580000000000001,0.7625,0.7115,7568865.07
2021-07-30,0.755,0.7705,0.7795,0.7465,6050473.62
2021-08-02,0.7645,0.748,0.77,0.7265,8032913.59
2021-08-03,0.734,0.698,0.7385,0.6925,9169918.13
2021-08-04,0.695,0.724,0.727,0.694,6964684.97
2021-08-05,0.716,0.7259999999999999,0.737,0.7055,5289445.84
2021-08-06,0.7345,0.7175,0.741,0.7075000000000001,4197546.79
2021-08-09,0.7005,0.7,0.7065,0.6795,4930731.07
2021-08-10,0.698,0.6915000000000001,0.7045,0.678,4961477.88
2021-08-11,0.692,0.697,0.7015,0.6805,4330865.86
2021-08-12,0.6945,0.704,0.722,0.692,5260481.81
2021-08-13,0.694,0.674,0.694,0.6735,6464691.97
2021-08-16,0.6685,0.6815,0.6955,0.663,5110355.67
2021-08-17,0.678,0.655,0.688,0.6505,4988498.56
2021-08-18,0.654,0.6575,0.6655,0.651,3672630.91
2021-08-19,0.6545,0.6715,0.6785,0.6545,5175650.7
2021-08-20,0.673,0.679,0.6895,0.6665,4489414.85
2021-08-23,0.68,0.691,0.6935,0.67,4171229.57
2021-08-24,0.6915000000000001,0.7045,0.711,0.6815,4773037.45
2021-08-25,0.7055,0.697,0.714,0.69,3162167.22
2021-08-26,0.697,0.681,0.7025,0.6785,3698316.35
2021-08-27,0.675,0.683,0.6865,0.674,2306199.25
2021-08-30,0.6865,0.67,0.6975,0.6665,3792869.67
2021-08-31,0.66,0.6475,0.662,0.638,4831633.76
2021-09-01,0.6475,0.652,0.654,0.63,3777412.84
2021-09-02,0.644,0.627,0.647,0.6249999999999999,5075683.68
2021-09-03,0.6255,0.628,0.637,0.613,4383100.42
2021-09-06,0.627,0.644,0.6445,0.618,4058283.9
2021-09-07,0.64,0.645,0.6495,0.6375,2970398.95
2021-09-08,0.6425,0.639,0.6475,0.6365,2664515.61
2021-09-09,0.6355,0.6335,0.639,0.626,2195415.56
2021-09-10,0.633,0.6635,0.6695,0.629,6262932.77
2021-09-13,0.6605,0.635,0.6605,0.632,6824675.23
2021-09-14,0.63,0.64,0.65,0.6295,4107971.85
2021-09-15,0.6405,0.6335,0.642,0.623,2743070.02
2021-09-16,0.6285,0.612,0.6325,0.611,3865352.2
2021-09-17,0.6125,0.619,0.6235,0.608,2886304.47
2021-09-22,0.61,0.623,0.6305,0.6075,2792146.41
2021-09-23,0.6249999999999999,0.638,0.6465,0.615,4534299.52
2021-09-24,0.6355,0.634,0.6425,0.6315,2202011.93
2021-09-27,0.638,0.629,0.6465,0.6225,2954686.01
2021-09-28,0.6275,0.632,0.647,0.617,3141970.89
2021-09-29,0.622,0.619,0.6295,0.615,3462917.0
2021-09-30,0.6195,0.626,0.6295,0.6185,2176697.47
2021-10-08,0.6345,0.619,0.6385,0.6185,3731607.6
2021-10-11,0.619,0.611,0.6245,0.6085,3623466.1
2021-10-12,0.608,0.59,0.611,0.585,4834288.44
2021-10-13,0.59,0.6035,0.6055,0.5865,4222142.93
2021-10-14,0.6,0.6035,0.6089999999999999,0.5995,1963160.44
2021-10-15,0.6035,0.627,0.6275,0.601,6104567.92
2021-10-18,0.624,0.6175,0.624,0.608,3705701.73
2021-10-19,0.615,0.6195,0.622,0.613,2628764.65
2021-10-20,0.6195,0.6145,0.6235,0.614,2851556.39
2021-10-21,0.615,0.6045,0.616,0.6025,3146518.92
2021-10-22,0.608,0.6245,0.6295,0.608,6624350.37
2021-10-25,0.6249999999999999,0.631,0.6315,0.6175,3498929.84
2021-10-26,0.63,0.6285,0.6335,0.6195,4489868.66
2021-10-27,0.6265,0.6165,0.627,0.615,4066248.0
2021-10-28,0.618,0.6145,0.6265,0.611,3695527.84
2021-10-29,0.615,0.627,0.635,0.614,5534113.55
2021-11-01,0.626,0.635,0.6375,0.6225,4164873.95
2021-11-02,0.6365,0.6525,0.66,0.6365,7845031.19
2021-11-03,0.6555,0.6475,0.661,0.64,5202789.46
2021-11-04,0.6495,0.6545,0.6625,0.649,4243377.93
2021-11-05,0.6645,0.655,0.6715,0.654,3893524.78
2021-11-08,0.6515,0.6425,0.6515,0.6305,5302733.16
2021-11-09,0.6405,0.6575,0.6595,0.637,5198253.6
2021-11-10,0.652,0.662,0.6625,0.6475,4870881.81
2021-11-11,0.6575,0.6795,0.6885,0.6555,7849299.94
2021-11-12,0.673,0.6754999999999999,0.681,0.669,4693886.53
2021-11-15,0.6765,0.667,0.6805,0.665,3904402.13
2021-11-16,0.6635,0.6565,0.6725,0.6545,4247995.09
2021-11-17,0.6565,0.6615,0.662,0.648,3724671.8
2021-11-18,0.6585,0.653,0.6635,0.651,3245591.0
2021-11-19,0.653,0.6555,0.6585,0.648,3464797.48
2021-11-22,0.6555,0.687,0.688,0.654,11213127.31
2021-11-23,0.6855,0.685,0.6935,0.683,4114441.46
2021-11-24,0.6835,0.6825,0.696,0.682,3204920.45
2021-11-25,0.6785,0.691,0.7,0.677,3524135.09
2021-11-26,0.6865,0.6725,0.687,0.6695,5850988.22
2021-11-29,0.6625,0.676,0.6775,0.66,3315268.28
2021-11-30,0.6795,0.683,0.6895,0.6775,4133956.53
2021-12-01,0.682,0.685,0.6965,0.6805,2970003.4
2021-12-02,0.686,0.686,0.694,0.6845,2904905.76
2021-12-03,0.6895,0.7035,0.711,0.6885,5806692.23
2021-12-06,0.7035,0.687,0.706,0.6855,3605999.07
2021-12-07,0.69,0.6695,0.6935,0.6655,4937896.69
2021-12-08,0.6725,0.688,0.688,0.672,4796313.77
2021-12-09,0.6845,0.6875,0.689,0.6815,3230156.41
2021-12-10,0.684,0.684,0.686,0.674,3404788.0
2021-12-13,0.6835,0.686,0.6885,0.678,3447167.12
2021-12-14,0.681,0.679,0.682,0.675,2682785.64
2021-12-15,0.6785,0.669,0.682,0.6675,4143288.96
2021-12-16,0.6735,0.6695,0.677,0.667,2576043.96
2021-12-17,0.665,0.6475,0.6655,0.646,6847851.61
2021-12-20,0.6425,0.635,0.652,0.6325,3950163.04
2021-12-21,0.6355,0.64,0.642,0.6315,2681338.41
2021-12-22,0.644,0.6445,0.654,0.6405,3261101.51
2021-12-23,0.6445,0.6455,0.65,0.6405,1657373.13
2021-12-24,0.6465,0.643,0.652,0.6405,1787105.99
2021-12-27,0.642,0.6405,0.6475,0.637,1590158.06
2021-12-28,0.644,0.646,0.647,0.6395,1695450.59
2021-12-29,0.645,0.6375,0.646,0.6335,2409362.0
2021-12-30,0.637,0.652,0.658,0.6355,4804673.38
2021-12-31,0.652,0.65,0.6525,0.645,2315494.14
2022-01-04,0.6515,0.638,0.653,0.6305,2874602.02
2022-01-05,0.6355,0.6115,0.637,0.608,4576950.0
2022-01-06,0.6065,0.6095,0.613,0.6005,2250896.32
2022-01-07,0.6095,0.6025,0.615,0.6005,2392331.88
2022-01-10,0.602,0.5975,0.6025,0.586,3115783.47
2022-01-11,0.594,0.583,0.5945,0.5815,3849646.15
2022-01-12,0.5865,0.593,0.594,0.5845,3084790.09
2022-01-13,0.5935,0.583,0.5945,0.5825,2821595.0
2022-01-14,0.58,0.591,0.596,0.578,3202000.99
2022-01-17,0.592,0.6035,0.606,0.592,3246793.94
2022-01-18,0.6045,0.6105,0.6195,0.6005,4278084.38
2022-01-19,0.606,0.6015,0.611,0.598,2118353.79
2022-01-20,0.6015,0.595,0.6075,0.5945,2118878.7
2022-01-21,0.5925,0.5845,0.5945,0.5825,2771867.0
2022-01-24,0.583,0.5925,0.5935,0.5815,2092964.06
2022-01-25,0.591,0.578,0.5955,0.5775,2350216.0
2022-01-26,0.579,0.5845,0.588,0.5755,1858652.66
2022-01-27,0.5825,0.5645,0.5865,0.5635,2830976.85
2022-01-28,0.567,0.5555,0.571,0.5545,2097227.09
2022-02-07,0.564,0.557,0.573,0.555,2290024.22
2022-02-08,0.5575,0.542,0.5575,0.532,3004497.09
2022-02-09,0.541,0.547,0.5475,0.533,2924309.77
2022-02-10,0.5495,0.547,0.5525,0.543,2723042.75
2022-02-11,0.544,0.5385,0.549,0.5375,2546522.18
2022-02-14,0.533,0.535,0.5415,0.5275,2053825.0
2022-02-15,0.5365,0.5545,0.555,0.536,4132464.91
2022-02-16,0.557,0.5505,0.5584999999999999,0.5485,2440872.4
2022-02-17,0.5475,0.556,0.561,0.547,3049366.16
2022-02-18,0.5495,0.5515,0.5535,0.548,1964489.31
2022-02-21,0.55,0.5485,0.5535,0.547,1563379.6
2022-02-22,0.545,0.55,0.553,0.535,3229940.04
2022-02-23,0.5505,0.584,0.5845,0.55,7879708.07
2022-02-24,0.58,0.5775,0.5865,0.567,5999853.55
2022-02-25,0.588,0.58,0.5925,0.5785,4182012.34
2022-02-28,0.5805,0.5845,0.588,0.577,2521291.31
2022-03-01,0.5845,0.5845,0.586,0.58,2106820.98
2022-03-02,0.58,0.5755,0.58,0.57,3016225.65
2022-03-03,0.579,0.564,0.581,0.5625,3793167.0
2022-03-04,0.5595,0.57,0.581,0.558,4151440.97
2022-03-07,0.5655,0.5485,0.568,0.545,4710772.74
2022-03-08,0.549,0.552,0.564,0.5395,6144616.39
2022-03-09,0.5555,0.556,0.565,0.534,7088873.39
2022-03-10,0.57,0.559,0.5725,0.558,7821782.38
2022-03-11,0.5495,0.559,0.5595,0.544,5189069.24
2022-03-14,0.552,0.54,0.5535,0.5395,3895032.52
2022-03-15,0.533,0.5205,0.549,0.519,5492381.81
2022-03-16,0.5315,0.5505,0.551,0.515,6595193.06
2022-03-17,0.56,0.558,0.5695,0.555,6659437.52
2022-03-18,0.554,0.555,0.559,0.549,3658238.71
2022-03-21,0.5555,0.5584999999999999,0.561,0.5505,3343435.72
2022-03-22,0.554,0.55,0.559,0.5475,2953236.03
2022-03-23,0.552,0.5495,0.5535,0.543,2863323.01
2022-03-24,0.5445,0.536,0.5445,0.533,3727565.42
2022-03-25,0.541,0.53,0.5455,0.529,3763335.96
2022-03-28,0.5240000000000001,0.5240000000000001,0.5285,0.5205,3305820.91
2022-03-29,0.526,0.5135,0.528,0.512,4037365.24
2022-03-30,0.516,0.5245,0.5245,0.515,4208467.36
2022-03-31,0.5205,0.511,0.521,0.51,3580906.07
2022-04-01,0.5065,0.5115,0.518,0.5045,3581633.99
2022-04-06,0.509,0.4945,0.509,0.4915,6354162.15
2022-04-07,0.49,0.4835,0.497,0.483,4204693.41
2022-04-08,0.4855,0.486,0.4925,0.476,4311346.82
2022-04-11,0.4805,0.46,0.4815,0.458,4342021.83
2022-04-12,0.4585,0.467,0.467,0.453,3923287.96
2022-04-13,0.462,0.454,0.4625,0.4535,3464952.0
2022-04-14,0.4575,0.4635,0.468,0.449,6083241.76
2022-04-15,0.456,0.4635,0.4675,0.4535,4421629.41
2022-04-18,0.4595,0.481,0.4815,0.4595,7098665.9
2022-04-19,0.478,0.4695,0.481,0.468,5583013.04
2022-04-20,0.469,0.4635,0.474,0.4625,3423504.63
2022-04-21,0.461,0.4555,0.4725,0.453,4209959.41
2022-04-22,0.4505,0.4425,0.4575,0.441,4788708.02
2022-04-25,0.4325,0.4095,0.435,0.409,5072339.44
2022-04-26,0.4105,0.3995,0.4175,0.3975,4288235.56
2022-04-27,0.3915,0.425,0.4265,0.39,6841845.83
2022-04-28,0.42,0.4205,0.4255,0.414,4760375.27
2022-04-29,0.4255,0.434,0.439,0.4185,6042960.0
2022-05-05,0.431,0.437,0.445,0.431,4831128.8
2022-05-06,0.425,0.4255,0.4335,0.423,2758658.7
2022-05-09,0.423,0.423,0.429,0.42,1988644.01
2022-05-10,0.4155,0.438,0.44550000000000006,0.4155,5358230.92
2022-05-11,0.438,0.454,0.464,0.4365,7736477.4
2022-05-12,0.45,0.457,0.463,0.448,3533339.94
2022-05-13,0.46,0.456,0.463,0.451,2918602.76
2022-05-16,0.459,0.4515,0.463,0.449,2563804.03
2022-05-17,0.4505,0.4665,0.4675,0.448,4792910.52
2022-05-18,0.4675,0.4675,0.473,0.4645,3338788.55
2022-05-19,0.459,0.476,0.476,0.458,4145287.56
2022-05-20,0.4755,0.4775,0.4805,0.47,2750604.73
2022-05-23,0.478,0.481,0.4825,0.4735,2524094.61
2022-05-24,0.4785,0.462,0.4855,0.461,4188985.38
2022-05-25,0.461,0.4635,0.47,0.4585,2373775.76
2022-05-26,0.463,0.4605,0.4645,0.4505,3152452.28
2022-05-27,0.463,0.457,0.469,0.454,2858528.53
2022-05-30,0.458,0.4635,0.467,0.454,2893524.87
2022-05-31,0.4635,0.473,0.473,0.454,4306140.55
2022-06-01,0.4695,0.4735,0.4775,0.4685,2880740.28
2022-06-02,0.47,0.4925,0.493,0.4695,5154004.22
2022-06-06,0.4925,0.5065,0.507,0.49,4101922.45
2022-06-07,0.505,0.4965,0.5055,0.4925,4481244.0
2022-06-08,0.4935,0.494,0.5005,0.486,4127040.85
2022-06-09,0.492,0.478,0.493,0.475,5479100.57
2022-06-10,0.4735,0.4855,0.486,0.473,4083331.0
2022-06-13,0.48,0.4785,0.4845,0.4735,4519949.39
2022-06-14,0.4725,0.467,0.4735,0.453,6710321.37
2022-06-15,0.467,0.4735,0.4815,0.4655,6645534.28
2022-06-16,0.4735,0.4815,0.4895,0.4735,6088017.09
2022-06-17,0.4755,0.4795,0.48,0.468,5632765.19
2022-06-20,0.4815,0.483,0.4905,0.478,6450283.05
2022-06-21,0.484,0.4785,0.4845,0.4735,5993043.86
2022-06-22,0.4795,0.4625,0.481,0.462,7165650.42
2022-06-23,0.462,0.4745,0.475,0.461,5389325.52
2022-06-24,0.4765,0.481,0.4855,0.472,6972923.39
2022-06-27,0.4825,0.48799999999999993,0.4915,0.4825,6660866.76
2022-06-28,0.487,0.505,0.506,0.4775,10569923.35
2022-06-29,0.502,0.4965,0.5155,0.495,10398199.57
2022-06-30,0.4955,0.507,0.51,0.495,7300187.11
2022-07-01,0.506,0.505,0.513,0.502,6403854.95
2022-07-04,0.495,0.49,0.497,0.4815,9873352.71
2022-07-05,0.489,0.4875,0.495,0.4805,6608453.74
2022-07-06,0.4875,0.498,0.5095,0.487,11346540.95
2022-07-07,0.4975,0.4955,0.5005,0.48799999999999993,4786052.93
2022-07-08,0.499,0.499,0.509,0.4965,6285193.38
2022-07-11,0.495,0.4855,0.49599999999999994,0.4815,5941604.6
2022-07-12,0.483,0.469,0.4875,0.4685,7493963.55
2022-07-13,0.4695,0.462,0.4715,0.4565,6873017.22
2022-07-14,0.461,0.467,0.471,0.4595,5163856.18
2022-07-15,0.466,0.4655,0.477,0.4635,5459784.37
2022-07-18,0.466,0.466,0.4685,0.4555,6414967.61
2022-07-19,0.464,0.4625,0.467,0.4565,5514929.82
2022-07-20,0.4675,0.4675,0.4725,0.4655,5306053.82
2022-07-21,0.4665,0.4795,0.4865,0.463,11245176.57
2022-07-22,0.482,0.472,0.4835,0.468,5936090.04
2022-07-25,0.469,0.466,0.476,0.464,3664865.76
2022-07-26,0.465,0.4685,0.4685,0.459,4377784.52
2022-07-27,0.4665,0.463,0.4675,0.4605,4467743.5
2022-07-28,0.467,0.4735,0.4775,0.4665,8352410.39
2022-07-29,0.4725,0.461,0.473,0.46,5500414.65
2022-08-01,0.458,0.4675,0.4675,0.449,5472015.0
2022-08-02,0.4605,0.4655,0.4745,0.4555,6657013.19
2022-08-03,0.468,0.4825,0.493,0.4655,12662577.11
2022-08-04,0.486,0.4915,0.4965,0.483,8005802.33
2022-08-05,0.493,0.532,0.5325,0.49,16469677.45
2022-08-08,0.536,0.5255,0.5375,0.5175,11666315.69
2022-08-09,0.5185,0.531,0.532,0.5085,14148519.92
2022-08-10,0.5215,0.5255,0.538,0.5175,11946989.46
2022-08-11,0.5265,0.5345,0.5395,0.5265,8779022.08
2022-08-12,0.53,0.5215,0.5355,0.5205,6794736.24
2022-08-15,0.518,0.516,0.5255,0.515,6005812.57
2022-08-16,0.515,0.5115,0.52,0.509,7468762.8
2022-08-17,0.5105,0.5125,0.514,0.505,7295510.93
2022-08-18,0.5115,0.516,0.5175,0.506,8985136.64
2022-08-19,0.514,0.501,0.5245,0.5005,9095566.81
2022-08-22,0.498,0.501,0.505,0.4935,5493454.69
2022-08-23,0.4985,0.498,0.504,0.49599999999999994,4519320.88
2022-08-24,0.498,0.4745,0.499,0.4735,12417478.35
2022-08-25,0.4745,0.4725,0.478,0.4655,6756104.34
2022-08-26,0.474,0.4645,0.4755,0.464,7056027.25
2022-08-29,0.4565,0.464,0.4685,0.455,5632029.53
2022-08-30,0.4645,0.4675,0.471,0.4625,5105844.08
2022-08-31,0.4645,0.4625,0.469,0.459,6352635.82
2022-09-01,0.4655,0.4585,0.472,0.457,6331881.56
2022-09-02,0.459,0.465,0.467,0.4565,7185637.07
2022-09-05,0.463,0.462,0.4665,0.453,6610013.94
2022-09-06,0.463,0.466,0.466,0.4595,5765983.0
2022-09-07,0.467,0.4775,0.4815,0.466,10953020.7
2022-09-08,0.4745,0.471,0.4775,0.4705,4937037.62
2022-09-09,0.4715,0.4695,0.473,0.464,5316192.66
2022-09-13,0.471,0.4695,0.478,0.469,4950485.0
2022-09-14,0.4625,0.471,0.472,0.4605,5937327.78
2022-09-15,0.4695,0.4555,0.471,0.4505,9898798.49
2022-09-16,0.454,0.4525,0.4625,0.452,7574803.69
2022-09-19,0.452,0.444,0.4585,0.4425,6015530.85
2022-09-20,0.446,0.4445,0.448,0.43750000000000006,4667705.69
2022-09-21,0.4415,0.4355,0.4415,0.4325,5776867.29
2022-09-22,0.432,0.434,0.4395,0.4315,4362531.0
2022-09-23,0.434,0.422,0.4355,0.419,5834888.23
2022-09-26,0.418,0.4225,0.428,0.417,4881339.38
2022-09-27,0.423,0.432,0.4325,0.4215,5784009.29
2022-09-28,0.43,0.4195,0.4305,0.419,4500271.23
2022-09-29,0.423,0.4195,0.4265,0.4175,4171037.0
2022-09-30,0.4185,0.4095,0.4205,0.408,4791453.07
2022-10-10,0.404,0.38,0.404,0.3795,10803823.54
2022-10-11,0.377,0.3745,0.38,0.3715,6351945.48
2022-10-12,0.3725,0.39,0.39,0.37,9310926.27
2022-10-13,0.385,0.38700000000000007,0.3935,0.3835,6104628.29
2022-10-14,0.3925,0.3965,0.397,0.3855,8231548.8
2022-10-17,0.392,0.405,0.4065,0.3905,7855473.73
2022-10-18,0.406,0.401,0.407,0.398,5130714.16
2022-10-19,0.399,0.3985,0.405,0.3975,4527902.93
2022-10-20,0.396,0.4195,0.423,0.3955,13091103.62
2022-10-21,0.415,0.412,0.418,0.4055,9607825.99
2022-10-24,0.4105,0.413,0.425,0.41,8390740.89
2022-10-25,0.41,0.4105,0.417,0.4055,6074230.96
2022-10-26,0.4105,0.4215,0.4245,0.405,7881490.0
2022-10-27,0.4195,0.424,0.432,0.4165,7290746.07
2022-10-28,0.42,0.4185,0.4345,0.416,9121835.74
2022-10-31,0.4135,0.4275,0.4305,0.4115,7893926.97
2022-11-01,0.426,0.43,0.4305,0.421,7638672.14
2022-11-02,0.428,0.431,0.43750000000000006,0.4275,7455827.18
2022-11-03,0.4265,0.445,0.447,0.4255,10171436.49
2022-11-04,0.4445,0.449,0.4515,0.4405,8482230.32
2022-11-07,0.4465,0.4425,0.4525,0.4405,6842344.2
2022-11-08,0.4425,0.43750000000000006,0.4445,0.434,5250950.0
2022-11-09,0.43750000000000006,0.4335,0.4405,0.433,4709765.67
2022-11-10,0.43,0.4215,0.4355,0.42,8037444.0
2022-11-11,0.4395,0.4275,0.4395,0.427,9287829.4
2022-11-14,0.4275,0.432,0.4365,0.423,7001391.23
2022-11-15,0.4325,0.46,0.461,0.429,17041198.24
2022-11-16,0.4595,0.452,0.46,0.4495,8763733.71
2022-11-17,0.4485,0.463,0.4645,0.4405,12882624.11
2022-11-18,0.459,0.4515,0.4665,0.449,10389261.56
2022-11-21,0.445,0.4475,0.4525,0.443,6322021.45
2022-11-22,0.447,0.4435,0.453,0.441,6620979.39
2022-11-23,0.442,0.4395,0.445,0.4305,8371838.82
2022-11-24,0.44,0.4355,0.442,0.4345,5314992.93
2022-11-25,0.4345,0.432,0.4435,0.4315,6645899.54
2022-11-28,0.424,0.4265,0.43,0.4225,5890928.0
2022-11-29,0.4275,0.4345,0.4365,0.4235,8361251.23
2022-11-30,0.4335,0.432,0.437,0.429,6663945.23
2022-12-01,0.439,0.438,0.444,0.4365,9031319.55
2022-12-02,0.436,0.4345,0.4415,0.434,6343809.44
2022-12-05,0.4365,0.437,0.439,0.4315,7869159.06
2022-12-06,0.4365,0.44550000000000006,0.4505,0.4355,13382745.04
2022-12-07,0.4435,0.441,0.4435,0.439,8554005.99
2022-12-08,0.4405,0.4335,0.441,0.433,7269855.47
2022-12-09,0.434,0.4385,0.442,0.434,9830392.05
2022-12-12,0.439,0.4465,0.451,0.435,11893373.72
2022-12-13,0.4445,0.4395,0.445,0.439,7192623.23
2022-12-14,0.4545,0.4395,0.4565,0.4385,16200246.54
2022-12-15,0.437,0.446,0.4515,0.434,11913725.36
2022-12-16,0.444,0.4365,0.445,0.435,11609356.0
2022-12-19,0.435,0.4255,0.4385,0.4235,8280539.08
2022-12-20,0.4235,0.426,0.431,0.4235,6402464.53
2022-12-21,0.4265,0.4205,0.429,0.4165,6619510.55
2022-12-22,0.4215,0.413,0.4225,0.4115,6513047.5
2022-12-23,0.409,0.4035,0.4115,0.4,8308059.67
2022-12-26,0.4035,0.415,0.4165,0.4035,8146229.42
2022-12-27,0.415,0.42,0.422,0.412,6308458.31
2022-12-28,0.418,0.416,0.42,0.415,4344327.34
2022-12-29,0.414,0.414,0.419,0.413,4498209.31
2022-12-30,0.4165,0.412,0.419,0.4105,4808232.0
2023-01-03,0.4115,0.418,0.418,0.4065,6088794.37
2023-01-04,0.4175,0.415,0.4245,0.412,7913176.49
2023-01-05,0.4145,0.419,0.421,0.4125,8209515.66
2023-01-06,0.417,0.4175,0.422,0.414,9665574.54
2023-01-09,0.4195,0.4205,0.4265,0.418,9709452.29
2023-01-10,0.42,0.4235,0.429,0.419,10675337.0
2023-01-11,0.4245,0.4195,0.4315,0.4185,10181177.52
2023-01-12,0.4195,0.418,0.421,0.4155,6657078.09
2023-01-13,0.419,0.4185,0.42,0.414,7494279.14
2023-01-16,0.4145,0.4305,0.4335,0.414,15689287.12
2023-01-17,0.4305,0.441,0.4445,0.42949999999999994,14473555.93
2023-01-18,0.4415,0.4395,0.443,0.438,5683713.58
2023-01-19,0.439,0.45,0.4505,0.43750000000000006,10630906.96
2023-01-20,0.45,0.4515,0.452,0.448,9798275.26
2023-01-30,0.4565,0.449,0.4585,0.448,13129855.0
2023-01-31,0.448,0.4395,0.4495,0.43750000000000006,12826624.14
2023-02-01,0.44,0.4465,0.448,0.439,10857642.44
2023-02-02,0.4495,0.453,0.4605,0.448,14618027.51
2023-02-03,0.4515,0.4545,0.458,0.446,11698384.3
2023-02-06,0.451,0.448,0.455,0.446,8289008.95
2023-02-07,0.448,0.4465,0.45,0.444,6502026.0
2023-02-08,0.448,0.4415,0.4535,0.441,9266915.47
2023-02-09,0.439,0.4615,0.4615,0.43750000000000006,18622658.11
2023-02-10,0.46,0.457,0.464,0.4535,13989335.71
2023-02-13,0.4545,0.4595,0.4625,0.452,12185461.67
2023-02-14,0.46,0.4575,0.469,0.455,11544434.69
2023-02-15,0.457,0.463,0.4635,0.453,11927475.99
2023-02-16,0.462,0.451,0.468,0.447,15886426.88
2023-02-17,0.4495,0.436,0.451,0.4355,18202476.32
2023-02-20,0.4345,0.4405,0.441,0.431,12953644.33
2023-02-21,0.44,0.4385,0.4435,0.435,11101475.1
2023-02-22,0.4355,0.43750000000000006,0.441,0.434,8902450.84
2023-02-23,0.43750000000000006,0.436,0.439,0.4345,8659194.98
2023-02-24,0.439,0.4365,0.4415,0.4335,10923401.16
2023-02-27,0.434,0.4275,0.435,0.4265,10444470.0
2023-02-28,0.42949999999999994,0.43,0.4325,0.425,8110345.2
2023-03-01,0.43,0.4355,0.436,0.429,11197571.86
2023-03-02,0.4355,0.432,0.44,0.4315,9679211.2
2023-03-03,0.439,0.443,0.4445,0.4355,18613296.26
2023-03-06,0.4435,0.44550000000000006,0.4485,0.43750000000000006,11800766.6
2023-03-07,0.4445,0.4325,0.4465,0.432,15254292.01
2023-03-08,0.431,0.437,0.438,0.43,10915734.16
2023-03-09,0.43750000000000006,0.4415,0.447,0.437,13845928.45
2023-03-10,0.438,0.439,0.4465,0.4365,12299376.07
2023-03-13,0.4365,0.4395,0.441,0.4335,10442418.15
2023-03-14,0.43750000000000006,0.453,0.455,0.4345,23261982.81
2023-03-15,0.4535,0.453,0.464,0.451,18554087.61
2023-03-16,0.45,0.452,0.459,0.4485,14688177.23
2023-03-17,0.456,0.461,0.463,0.4505,17992676.19
2023-03-20,0.46,0.4695,0.474,0.457,19657971.78
2023-03-21,0.468,0.468,0.472,0.463,13284611.76
2023-03-22,0.468,0.469,0.471,0.464,12097170.75
2023-03-23,0.4665,0.4895,0.49,0.466,24897150.05
2023-03-24,0.49,0.4855,0.492,0.4795,15566639.44
2023-03-27,0.484,0.4795,0.489,0.474,14901480.29
2023-03-28,0.477,0.4655,0.479,0.464,17007919.32
2023-03-29,0.4645,0.48,0.487,0.4615,21332569.0
2023-03-30,0.48,0.4845,0.491,0.4775,16152213.78
2023-03-31,0.484,0.4885,0.489,0.4795,11839642.44
2023-04-03,0.4955,0.514,0.5145,0.4955,23355846.09
2023-04-04,0.5125,0.521,0.533,0.509,23862009.64
2023-04-06,0.518,0.5445,0.56,0.5175,26790972.51
2023-04-07,0.5455,0.551,0.5555,0.538,14955599.99
2023-04-10,0.552,0.531,0.559,0.5275,20315854.34
2023-04-11,0.5315,0.529,0.5405,0.52,17855515.98
2023-04-12,0.528,0.537,0.541,0.5215,15686247.47
2023-04-13,0.532,0.516,0.536,0.515,17584081.66
2023-04-14,0.5225,0.5424999999999999,0.5424999999999999,0.51,23394744.77
2023-04-17,0.5415,0.537,0.5455,0.5335,15550038.28
2023-04-18,0.535,0.5245,0.535,0.5165,21317481.41
2023-04-19,0.5265,0.5265,0.5385,0.523,20622830.39
2023-04-20,0.5235,0.542,0.543,0.5225,22241635.08
2023-04-21,0.54,0.5105,0.54,0.5085,31042796.79
2023-04-24,0.505,0.4965,0.51,0.4905,22362761.11
2023-04-25,0.49599999999999994,0.485,0.5,0.479,20821962.23
2023-04-26,0.48,0.4715,0.485,0.466,26484115.89
2023-04-27,0.468,0.4725,0.482,0.4665,22879626.11
2023-04-28,0.4685,0.4805,0.483,0.468,25671863.94
2023-05-04,0.477,0.466,0.477,0.465,19132062.83
2023-05-05,0.4665,0.461,0.472,0.46,18446353.03
2023-05-08,0.4605,0.462,0.467,0.4565,18871500.61
2023-05-09,0.4625,0.452,0.4645,0.4515,27796489.93
2023-05-10,0.4505,0.446,0.4535,0.4415,21833349.6
2023-05-11,0.45,0.448,0.4535,0.4465,14880339.61
2023-05-12,0.4495,0.4425,0.4565,0.4425,20530777.76
2023-05-15,0.44,0.4465,0.4465,0.437,18241124.26
2023-05-16,0.447,0.45,0.454,0.4425,20129674.62
2023-05-17,0.4475,0.4535,0.458,0.447,18491465.19
2023-05-18,0.4545,0.4555,0.4585,0.4525,16160930.16
2023-05-19,0.4575,0.465,0.468,0.457,27110858.3
2023-05-22,0.4675,0.461,0.471,0.458,16779669.62
2023-05-23,0.4585,0.4515,0.459,0.451,15784903.41
2023-05-24,0.449,0.4525,0.459,0.44550000000000006,18219255.91
2023-05-25,0.453,0.457,0.4585,0.448,18733370.26
2023-05-26,0.458,0.4645,0.466,0.457,22434955.64
2023-05-29,0.4695,0.468,0.4745,0.4645,21328827.22
2023-05-30,0.466,0.4705,0.4715,0.461,19592861.61
2023-05-31,0.469,0.4745,0.4745,0.4665,18203736.22
2023-06-01,0.471,0.473,0.477,0.468,18029648.55
2023-06-02,0.4745,0.471,0.4755,0.466,16028927.71
2023-06-05,0.474,0.4725,0.483,0.4715,18298757.37
2023-06-06,0.469,0.458,0.469,0.4565,18402924.64
2023-06-07,0.459,0.4595,0.464,0.456,12511887.12
2023-06-08,0.4565,0.4505,0.457,0.448,14719034.22
2023-06-09,0.4505,0.457,0.457,0.44550000000000006,15417079.23
2023-06-12,0.4545,0.456,0.4605,0.454,12543967.38
2023-06-13,0.4575,0.471,0.473,0.455,23729024.33
2023-06-14,0.4705,0.4695,0.4725,0.4665,13241655.9
2023-06-15,0.4715,0.467,0.4725,0.464,18223796.71
2023-06-16,0.4665,0.4705,0.471,0.463,17405489.88
2023-06-19,0.4695,0.4725,0.4755,0.4665,17291523.57
2023-06-20,0.4715,0.4715,0.4745,0.4675,15131426.18
2023-06-21,0.469,0.4525,0.469,0.452,21050249.48
2023-06-26,0.4475,0.446,0.4535,0.441,18261117.73
2023-06-27,0.447,0.44550000000000006,0.451,0.4435,14557113.97
2023-06-28,0.44550000000000006,0.4435,0.45,0.4365,17057838.37
2023-06-29,0.4435,0.4425,0.45,0.4425,12083006.01
2023-06-30,0.4405,0.447,0.4485,0.4385,12620340.17
2023-07-03,0.4485,0.4495,0.4525,0.445,12642604.99
2023-07-04,0.4505,0.459,0.464,0.447,21998867.5
2023-07-05,0.4575,0.455,0.462,0.4545,13710764.9
2023-07-06,0.453,0.4555,0.4605,0.4525,11080519.57
2023-07-07,0.453,0.448,0.4535,0.44550000000000006,13476715.0
2023-07-10,0.449,0.449,0.4535,0.447,10379995.0
2023-07-11,0.4495,0.4605,0.4615,0.449,19374971.05
2023-07-12,0.46,0.4505,0.4625,0.449,19321930.27
2023-07-13,0.453,0.4595,0.461,0.4515,16565061.31
2023-07-14,0.462,0.4605,0.467,0.4595,13842176.03
2023-07-17,0.4585,0.456,0.4585,0.454,12561402.99
2023-07-18,0.4565,0.4565,0.4645,0.456,14944165.98
2023-07-19,0.455,0.452,0.459,0.4495,16595941.56
2023-07-20,0.4525,0.4435,0.453,0.4425,17683461.28
2023-07-21,0.442,0.4415,0.446,0.44,13176445.11
2023-07-24,0.4395,0.4385,0.4435,0.43750000000000006,12238590.0
2023-07-25,0.4435,0.445,0.446,0.4395,15362042.0
2023-07-26,0.4445,0.444,0.4475,0.4425,11113011.87
2023-07-27,0.443,0.43750000000000006,0.4445,0.436,18987165.91
2023-07-28,0.436,0.439,0.4405,0.4335,18881890.9
2023-07-31,0.439,0.444,0.445,0.437,18287340.38
2023-08-01,0.4435,0.444,0.44550000000000006,0.4415,12723402.07
2023-08-02,0.4435,0.444,0.447,0.4425,13623551.32
2023-08-03,0.442,0.445,0.446,0.4405,11537310.68
2023-08-04,0.4465,0.4425,0.4475,0.4395,18902130.37
2023-08-07,0.4425,0.44,0.4435,0.4395,10241393.7
2023-08-08,0.4395,0.4385,0.4425,0.438,11246792.75
2023-08-09,0.43750000000000006,0.4335,0.4385,0.4335,13449569.51
2023-08-10,0.434,0.435,0.437,0.433,9788439.25
2023-08-11,0.435,0.425,0.4355,0.425,16392681.12
2023-08-14,0.421,0.422,0.422,0.417,13729191.33
2023-08-15,0.4215,0.4115,0.4235,0.4075,18117396.02
2023-08-16,0.409,0.4025,0.413,0.402,19356121.96
2023-08-17,0.4005,0.4065,0.4085,0.399,13517431.32
2023-08-18,0.4075,0.401,0.4095,0.401,11294540.0
2023-08-21,0.4005,0.396,0.4035,0.3955,12297863.73
2023-08-22,0.398,0.402,0.4025,0.39,16410930.2
2023-08-23,0.4,0.3915,0.4,0.391,12764378.66
2023-08-24,0.3945,0.3985,0.402,0.392,15648713.89
2023-08-25,0.395,0.389,0.3955,0.3865,15429546.0
2023-08-28,0.412,0.391,0.4135,0.3895,18019641.26
2023-08-29,0.389,0.4065,0.408,0.389,22845734.04
2023-08-30,0.4135,0.418,0.4245,0.412,31361866.97
2023-08-31,0.415,0.422,0.4245,0.4135,18298679.72
2023-09-01,0.423,0.419,0.427,0.4155,12997990.4
2023-09-04,0.4205,0.425,0.4255,0.417,14783662.7
2023-09-05,0.426,0.424,0.432,0.4225,20318619.39
2023-09-06,0.422,0.4355,0.437,0.421,24588942.56
2023-09-07,0.4325,0.419,0.433,0.419,21442586.98
2023-09-08,0.416,0.423,0.427,0.416,16386811.71
2023-09-11,0.423,0.424,0.428,0.4205,13197795.34
2023-09-12,0.423,0.4195,0.425,0.419,10352104.23
2023-09-13,0.4185,0.415,0.4225,0.411,17138653.48
2023-09-14,0.4145,0.409,0.4155,0.407,14111302.26
2023-09-15,0.411,0.4145,0.421,0.4055,17499321.32
2023-09-18,0.412,0.4075,0.413,0.4065,12741748.23
2023-09-19,0.4075,0.4055,0.4095,0.401,14087732.01
2023-09-20,0.4045,0.4,0.408,0.3995,9783784.97
2023-09-21,0.3985,0.399,0.402,0.397,9455896.27
2023-09-22,0.3975,0.4075,0.408,0.3965,13613793.17
2023-09-25,0.4075,0.4035,0.4075,0.403,9161053.92
2023-09-26,0.4025,0.4,0.4045,0.399,9595226.4
2023-09-27,0.3985,0.4,0.4045,0.3985,9897047.09
2023-09-28,0.4005,0.405,0.407,0.398,12384205.85
2023-10-09,0.403,0.4075,0.4095,0.4015,10945661.79
2023-10-10,0.408,0.411,0.414,0.4075,13558245.02
2023-10-11,0.4115,0.4175,0.419,0.41,15916681.45
2023-10-12,0.4185,0.42,0.421,0.4135,12071854.71
2023-10-13,0.4165,0.4195,0.422,0.4155,10525041.22
2023-10-16,0.418,0.4075,0.419,0.406,13099664.93
2023-10-17,0.408,0.412,0.413,0.405,10531728.0
2023-10-18,0.411,0.406,0.4155,0.4055,11646190.0
2023-10-19,0.403,0.411,0.4185,0.402,17612530.16
2023-10-20,0.4095,0.403,0.411,0.402,13062946.04
2023-10-23,0.4005,0.3925,0.4015,0.3905,13047507.69
2023-10-24,0.395,0.4,0.4035,0.388,15167257.74
2023-10-25,0.4025,0.4025,0.404,0.3985,11435564.23
2023-10-26,0.3995,0.4005,0.402,0.395,11097495.48
2023-10-27,0.399,0.4085,0.4115,0.397,15656113.54
2023-10-30,0.409,0.427,0.429,0.409,26472937.76
2023-10-31,0.429,0.427,0.4325,0.423,12024629.87
2023-11-01,0.4275,0.4245,0.429,0.4225,9751639.31
2023-11-02,0.426,0.419,0.4275,0.418,11190920.2
2023-11-03,0.4195,0.43,0.4315,0.419,16104626.92
2023-11-06,0.4335,0.439,0.44,0.431,16702233.73
2023-11-07,0.4365,0.44,0.4415,0.435,11191700.78
2023-11-08,0.4385,0.441,0.44550000000000006,0.43750000000000006,16551764.65
2023-11-09,0.44,0.4355,0.4435,0.435,11463424.74
2023-11-10,0.433,0.4345,0.4405,0.432,12475480.35
2023-11-13,0.43750000000000006,0.436,0.4395,0.433,11918399.29
2023-11-14,0.4355,0.4405,0.441,0.434,13111490.24
2023-11-15,0.4445,0.439,0.446,0.438,11873550.06
2023-11-16,0.43750000000000006,0.4325,0.4385,0.4315,11506478.85
2023-11-17,0.4315,0.434,0.4355,0.4305,9204120.26
2023-11-20,0.4355,0.4325,0.436,0.429,11749183.03
2023-11-21,0.4335,0.4265,0.4345,0.426,12238817.53
2023-11-22,0.425,0.4205,0.4265,0.42,11242792.98
2023-11-23,0.4195,0.424,0.4245,0.4175,11199669.33
2023-11-24,0.4225,0.417,0.423,0.416,10884774.77
2023-11-27,0.415,0.4235,0.4235,0.414,12358491.02
2023-11-28,0.423,0.4235,0.425,0.4195,8371719.21
2023-11-29,0.424,0.4235,0.429,0.423,11540487.41
2023-11-30,0.4225,0.422,0.423,0.418,8912560.29
2023-12-01,0.4215,0.4235,0.424,0.417,9368502.0
2023-12-04,0.4235,0.42,0.4255,0.4195,7388287.03
2023-12-05,0.418,0.4075,0.4185,0.4075,11455020.4
2023-12-06,0.4065,0.407,0.4105,0.406,8393270.24
2023-12-07,0.4065,0.403,0.408,0.401,9247103.4
2023-12-08,0.4035,0.4085,0.409,0.403,9959164.67
2023-12-11,0.4065,0.416,0.417,0.4035,11572032.02
2023-12-12,0.4155,0.416,0.419,0.4135,8110516.84
2023-12-13,0.4145,0.412,0.4185,0.4115,7143536.82
2023-12-14,0.4135,0.4105,0.4165,0.41,8215454.0
2023-12-15,0.4115,0.407,0.413,0.4055,9354250.0
2023-12-18,0.405,0.4,0.4055,0.398,9901728.2
2023-12-19,0.3995,0.404,0.4075,0.399,9472463.87
2023-12-20,0.405,0.4,0.406,0.399,7724557.11
2023-12-21,0.398,0.4025,0.4055,0.3955,10224879.94
2023-12-22,0.4025,0.3975,0.4035,0.396,10782345.37
2023-12-25,0.3965,0.395,0.3995,0.393,6641148.92
2023-12-26,0.3945,0.3855,0.395,0.384,12392402.82
2023-12-27,0.3865,0.391,0.3935,0.386,11644223.02
2023-12-28,0.3905,0.3995,0.4015,0.389,12136548.5
2023-12-29,0.399,0.402,0.403,0.3985,9950921.23
2024-01-02,0.402,0.395,0.4025,0.3945,9583771.34
2024-01-03,0.3935,0.388,0.3955,0.3855,13507901.92
2024-01-04,0.3875,0.382,0.3875,0.37900000000000006,12128476.26
2024-01-05,0.381,0.3745,0.3845,0.3725,12511926.0
2024-01-08,0.3725,0.362,0.3735,0.362,14075484.86
2024-01-09,0.3645,0.3625,0.3675,0.3585,12296542.73
2024-01-10,0.3605,0.3585,0.364,0.3545,11607923.07
2024-01-11,0.357,0.3635,0.3655,0.3565,12667145.15
2024-01-12,0.362,0.3565,0.3635,0.3565,10281604.87
2024-01-15,0.354,0.3595,0.3645,0.3535,12844930.38
2024-01-16,0.358,0.3585,0.361,0.353,11570212.23
2024-01-17,0.358,0.348,0.359,0.3475,11255059.72
2024-01-18,0.3465,0.3555,0.356,0.3415,16994540.54
2024-01-19,0.3555,0.3535,0.3585,0.3525,10323038.59
2024-01-22,0.3525,0.3385,0.353,0.3355,12402774.41
2024-01-23,0.337,0.342,0.344,0.334,16427765.38
2024-01-24,0.3435,0.341,0.345,0.3285,17082419.32
2024-01-25,0.34,0.349,0.3505,0.3365,16758957.23
2024-01-26,0.346,0.3375,0.3465,0.337,16660058.41
2024-01-29,0.3375,0.3275,0.3425,0.327,13543240.85
2024-01-30,0.325,0.314,0.328,0.3135,15521635.64
2024-01-31,0.31249999999999994,0.3055,0.3155,0.30449999999999994,15075217.65
2024-02-01,0.3025,0.309,0.3155,0.301,16248186.46
2024-02-02,0.309,0.296,0.3105,0.286,19782357.9
2024-02-05,0.2935,0.289,0.2975,0.274,20290088.53
2024-02-06,0.2865,0.311,0.311,0.2835,18179379.42
2024-02-07,0.311,0.3185,0.3215,0.3085,13476429.96
2024-02-08,0.322,0.332,0.3365,0.321,13787427.2
2024-02-19,0.3395,0.337,0.341,0.3295,11301691.92
2024-02-20,0.335,0.3345,0.3375,0.329,8746170.76
2024-02-21,0.331,0.336,0.343,0.33,12326718.4
2024-02-22,0.3365,0.342,0.343,0.3355,9345338.98
2024-02-23,0.3445,0.344,0.3455,0.339,8402346.23
2024-02-26,0.3435,0.3465,0.352,0.342,8829614.09
2024-02-27,0.3445,0.36299999999999993,0.3635,0.343,14846915.67
2024-02-28,0.3635,0.3445,0.3685,0.344,17250420.6
2024-02-29,0.343,0.368,0.3685,0.3425,22655958.41
2024-03-01,0.37,0.3725,0.3745,0.3655,16028404.71
2024-03-04,0.3745,0.3745,0.3775,0.367,12398327.48
2024-03-05,0.372,0.3725,0.3785,0.37,10117350.14
2024-03-06,0.3695,0.367,0.3725,0.362,10411702.53
2024-03-07,0.3695,0.3595,0.3735,0.359,11930060.33
2024-03-08,0.361,0.369,0.37,0.359,12283008.91
2024-03-11,0.3655,0.373,0.373,0.3625,9666502.52
2024-03-12,0.374,0.375,0.3825,0.37099999999999994,10596083.52
2024-03-13,0.378,0.375,0.382,0.374,10070912.85
2024-03-14,0.3725,0.369,0.374,0.364,10307122.7
2024-03-15,0.368,0.3705,0.37099999999999994,0.36299999999999993,8146025.45
2024-03-18,0.37099999999999994,0.3815,0.3815,0.3705,12214230.16
2024-03-19,0.38,0.3765,0.3825,0.376,7985272.81
2024-03-20,0.376,0.3775,0.3785,0.3725,7361656.71
2024-03-21,0.3805,0.377,0.384,0.375,10236761.22
2024-03-22,0.376,0.373,0.381,0.373,11271327.56
2024-03-25,0.372,0.36299999999999993,0.3735,0.362,10377137.49
2024-03-26,0.36299999999999993,0.358,0.368,0.356,12965130.91
2024-03-27,0.358,0.345,0.359,0.345,12431875.93
2024-03-28,0.345,0.352,0.357,0.344,12224055.97
2024-03-29,0.351,0.3525,0.353,0.3445,8523713.81
2024-04-01,0.3545,0.357,0.359,0.3535,8564156.52
2024-04-02,0.358,0.3515,0.3585,0.3495,8230022.41
2024-04-03,0.3535,0.349,0.3545,0.345,9823912.84
2024-04-08,0.3475,0.339,0.348,0.3385,9137311.1
2024-04-09,0.3385,0.3425,0.343,0.336,7726489.35
2024-04-10,0.342,0.3325,0.3425,0.3305,9346512.1
2024-04-11,0.331,0.332,0.339,0.331,9365374.07
2024-04-12,0.334,0.3345,0.34,0.3335,9810814.71
2024-04-15,0.3345,0.338,0.3415,0.333,11885107.98
2024-04-16,0.3355,0.326,0.337,0.3255,10708821.94
2024-04-17,0.33,0.3405,0.3405,0.3295,14187679.7
2024-04-18,0.3385,0.3375,0.3425,0.334,9630392.68
2024-04-19,0.3345,0.327,0.3345,0.3255,12568883.15
2024-04-22,0.3215,0.3285,0.3295,0.318,9300234.81
2024-04-23,0.329,0.3275,0.3315,0.3255,7686841.57
2024-04-24,0.329,0.3345,0.335,0.328,9823677.07
2024-04-25,0.3325,0.3355,0.3395,0.331,8607610.01
2024-04-26,0.335,0.3445,0.345,0.334,11479631.38
2024-04-29,0.346,0.3565,0.3585,0.3455,12610217.0
2024-04-30,0.357,0.352,0.357,0.351,8811233.0
2024-05-06,0.358,0.3555,0.36,0.3545,10832186.0
2024-05-07,0.3555,0.3535,0.358,0.3515,8467187.89
2024-05-08,0.352,0.3475,0.3525,0.3465,8324725.8
2024-05-09,0.3475,0.356,0.3565,0.347,10131067.0
2024-05-10,0.357,0.3485,0.357,0.347,14202338.44
2024-05-13,0.3445,0.3435,0.349,0.342,9610943.0
2024-05-14,0.345,0.344,0.3485,0.342,7917228.0
2024-05-15,0.3425,0.339,0.346,0.339,8800751.0
2024-05-16,0.3415,0.3395,0.343,0.3385,9282556.0
2024-05-17,0.3385,0.3445,0.3445,0.3365,10043831.0
2024-05-20,0.3445,0.345,0.3485,0.3425,10142511.0
2024-05-21,0.344,0.3425,0.346,0.342,6860854.67
2024-05-22,0.3425,0.344,0.3445,0.3385,9626389.59
2024-05-23,0.3445,0.3375,0.345,0.337,10672228.94
2024-05-24,0.3365,0.329,0.3395,0.328,10432665.0
2024-05-27,0.329,0.3405,0.341,0.3245,18784441.44
2024-05-28,0.341,0.3415,0.3515,0.339,22669688.29
2024-05-29,0.34,0.3385,0.343,0.337,11486268.16
2024-05-30,0.337,0.347,0.3495,0.335,20335186.08
2024-05-31,0.3465,0.3465,0.351,0.3445,12718082.0
2024-06-03,0.3465,0.3525,0.3555,0.346,22515641.76
2024-06-04,0.351,0.3515,0.353,0.347,17045411.0
2024-06-05,0.35,0.353,0.3585,0.3495,17914685.0
2024-06-06,0.3575,0.3515,0.36,0.3505,21251410.49
2024-06-07,0.3525,0.3515,0.3575,0.3475,18352845.25
2024-06-11,0.3515,0.366,0.3665,0.35,27410766.33
2024-06-12,0.365,0.3645,0.3685,0.36299999999999993,17100996.8
2024-06-13,0.367,0.368,0.373,0.366,17731041.74
2024-06-14,0.366,0.3665,0.3675,0.3625,13941874.0
2024-06-17,0.3645,0.374,0.3755,0.364,15337996.99
2024-06-18,0.374,0.374,0.378,0.37099999999999994,13739765.0
2024-06-19,0.375,0.3745,0.377,0.3685,15213895.57
2024-06-20,0.373,0.375,0.3845,0.372,21547077.11
2024-06-21,0.37,0.376,0.376,0.365,16616725.0
2024-06-24,0.3735,0.365,0.38,0.364,17102673.0
2024-06-25,0.364,0.351,0.366,0.3485,20885654.85
2024-06-26,0.3515,0.3595,0.361,0.3485,17774802.26
2024-06-27,0.357,0.3535,0.3625,0.353,12977647.0
2024-06-28,0.3525,0.355,0.3595,0.3515,12052983.0
2024-07-01,0.3535,0.353,0.356,0.3455,14540253.47
2024-07-02,0.352,0.3465,0.3525,0.3455,11414726.0
2024-07-03,0.346,0.3515,0.355,0.342,15014323.0
2024-07-04,0.35,0.345,0.353,0.3445,11150071.0
2024-07-05,0.344,0.345,0.347,0.337,13911622.0
2024-07-08,0.347,0.3445,0.3515,0.343,13120963.01
2024-07-09,0.3435,0.359,0.36,0.3425,22111326.61
2024-07-10,0.358,0.358,0.361,0.3565,13314141.83
2024-07-11,0.365,0.362,0.366,0.356,22101609.0
2024-07-12,0.3585,0.3645,0.366,0.3565,15026272.0
2024-07-15,0.365,0.366,0.37,0.364,12926277.0
2024-07-16,0.364,0.3765,0.3775,0.36299999999999993,19872959.36
2024-07-17,0.375,0.372,0.3785,0.3715,12889705.34
2024-07-18,0.3675,0.3745,0.3765,0.361,20298293.07
2024-07-19,0.372,0.384,0.38700000000000007,0.37099999999999994,22537378.83
2024-07-22,0.3845,0.385,0.389,0.382,14038911.42
2024-07-23,0.385,0.3665,0.385,0.366,20191913.55
2024-07-24,0.365,0.361,0.3705,0.36,16298008.0
2024-07-25,0.358,0.3575,0.36299999999999993,0.3555,15937924.8
2024-07-26,0.357,0.3595,0.3625,0.3535,15893208.2
2024-07-29,0.3595,0.355,0.3625,0.3545,12677240.6
2024-07-30,0.353,0.3595,0.3605,0.35,14174172.18
2024-07-31,0.358,0.3735,0.374,0.3565,19063237.93
2024-08-01,0.374,0.3755,0.381,0.37099999999999994,17623043.93
2024-08-02,0.3705,0.3645,0.375,0.3635,17583051.74
2024-08-05,0.3595,0.347,0.365,0.3465,23573463.0
2024-08-06,0.3535,0.35,0.355,0.345,16732581.0
2024-08-07,0.3495,0.3465,0.3525,0.346,12748652.9
2024-08-08,0.3445,0.3485,0.353,0.3405,16557007.0
2024-08-09,0.354,0.3485,0.3555,0.348,13190571.0
2024-08-12,0.346,0.3455,0.3485,0.3435,10078248.0
2024-08-13,0.3455,0.3485,0.349,0.344,10483799.0
2024-08-14,0.3495,0.344,0.35,0.3435,9983798.93
2024-08-15,0.3425,0.346,0.3505,0.3415,13804444.73
2024-08-16,0.3465,0.345,0.3485,0.344,11009152.46
2024-08-19,0.3445,0.3445,0.349,0.3425,10495044.0
2024-08-20,0.3455,0.3385,0.346,0.338,12520670.0
2024-08-21,0.3375,0.3365,0.342,0.336,10691597.77
2024-08-22,0.336,0.3315,0.3375,0.3305,10561942.74
2024-08-23,0.33,0.3295,0.3315,0.326,9668941.44
2024-08-26,0.3295,0.329,0.3325,0.3275,7241135.0
2024-08-27,0.328,0.3235,0.328,0.3225,9766792.0
2024-08-28,0.3225,0.324,0.3255,0.321,7712736.0
2024-08-29,0.322,0.328,0.3305,0.3215,12477036.0
2024-08-30,0.3275,0.34,0.343,0.327,19703769.79
2024-09-02,0.3385,0.327,0.341,0.327,13606755.69
2024-09-03,0.3265,0.3295,0.3325,0.326,8393301.0
2024-09-04,0.3255,0.327,0.33,0.324,8541699.0
2024-09-05,0.327,0.3265,0.3315,0.325,8657418.0
2024-09-06,0.3275,0.3215,0.3275,0.32050000000000006,9406224.0
2024-09-09,0.3195,0.3195,0.324,0.318,8325714.96
2024-09-10,0.32,0.3225,0.3245,0.3155,11869200.9
2024-09-11,0.321,0.3215,0.323,0.32,7030134.06
2024-09-12,0.3235,0.3175,0.3255,0.317,9504242.0
2024-09-13,0.3175,0.3135,0.32,0.313,10282691.0
2024-09-18,0.315,0.312,0.316,0.308,8216768.0
2024-09-19,0.314,0.3145,0.3185,0.3095,13587898.0
2024-09-20,0.315,0.31249999999999994,0.316,0.309,10657785.0
2024-09-23,0.312,0.3095,0.315,0.3085,9638589.0
2024-09-24,0.3115,0.3215,0.3215,0.3075,22890788.9
2024-09-25,0.3255,0.3235,0.332,0.3225,22999454.0
2024-09-26,0.3225,0.339,0.34,0.3215,22534296.9
2024-09-27,0.345,0.361,0.362,0.342,17585230.0
2024-09-30,0.38,0.397,0.397,0.3765,28803461.35
2024-10-08,0.4365,0.4365,0.4365,0.4365,9857326.69
2024-10-09,0.48,0.48,0.48,0.45,83562770.09
2024-10-10,0.4895,0.4625,0.4975,0.455,55872887.58
2024-10-11,0.449,0.437,0.461,0.4305,36662933.22
2024-10-14,0.435,0.4545,0.4555,0.425,32022552.11
2024-10-15,0.4535,0.446,0.469,0.445,33635124.29
2024-10-16,0.4315,0.437,0.446,0.42949999999999994,21511585.88
2024-10-17,0.4465,0.439,0.45,0.438,19207582.8
2024-10-18,0.438,0.483,0.483,0.43750000000000006,47586072.93
2024-10-21,0.5,0.5035,0.5315,0.494,70846716.87
2024-10-22,0.497,0.495,0.509,0.487,30329570.99
2024-10-23,0.48799999999999993,0.48799999999999993,0.499,0.485,25538829.68
2024-10-24,0.4835,0.489,0.495,0.4825,20119110.34
2024-10-25,0.4905,0.492,0.5025,0.483,25062995.21
2024-10-28,0.4905,0.4905,0.492,0.4845,16389362.0
2024-10-29,0.4905,0.4865,0.505,0.486,27856030.17
2024-10-30,0.484,0.4815,0.4895,0.4745,19345080.53
2024-10-31,0.481,0.493,0.4995,0.475,28834030.55
2024-11-01,0.489,0.4715,0.4915,0.4705,28021663.08
2024-11-04,0.469,0.4795,0.4815,0.468,15512794.47
2024-11-05,0.48,0.5035,0.5055,0.478,31267431.44
2024-11-06,0.507,0.509,0.5195,0.5,29075171.72
2024-11-07,0.5045,0.5245,0.528,0.503,23750679.0
2024-11-08,0.536,0.528,0.5515,0.5265,28272170.9
2024-11-11,0.5335,0.5605,0.5625,0.5335,30600193.34
2024-11-12,0.562,0.547,0.562,0.54,26981550.38
2024-11-13,0.5415,0.5475,0.5485,0.535,17576400.47
2024-11-14,0.5435,0.5255,0.5465,0.5240000000000001,19149398.85
2024-11-15,0.5245,0.504,0.529,0.503,24318070.42
2024-11-18,0.502,0.4915,0.5085,0.487,22312120.63
2024-11-19,0.4935,0.5085,0.509,0.4865,24326307.03
2024-11-20,0.5075,0.5085,0.5115,0.5005,17806999.4
2024-11-21,0.507,0.511,0.5175,0.5045,16202448.66
2024-11-22,0.511,0.4895,0.517,0.48799999999999993,22481949.66
2024-11-25,0.489,0.484,0.4915,0.474,16383357.0
2024-11-26,0.4825,0.4795,0.4885,0.479,9584872.6
2024-11-27,0.478,0.495,0.4955,0.47,19516679.59
2024-11-28,0.49599999999999994,0.494,0.5055,0.4915,16118619.39
2024-11-29,0.491,0.5025,0.5135,0.487,21474276.0
2024-12-02,0.5025,0.507,0.51,0.4995,14968894.98
2024-12-03,0.5095,0.5005,0.512,0.49599999999999994,15558865.98
2024-12-04,0.5135,0.5015,0.519,0.4995,22150062.03
2024-12-05,0.4965,0.501,0.503,0.4955,11922700.43
2024-12-06,0.501,0.5065,0.5115,0.495,19114223.0
2024-12-09,0.5045,0.498,0.5065,0.4945,14728232.0
2024-12-10,0.52,0.503,0.5225,0.5015,24585805.55
2024-12-11,0.502,0.504,0.509,0.5,12787902.55
2024-12-12,0.5035,0.5065,0.507,0.499,12982225.53
2024-12-13,0.5025,0.4995,0.508,0.4985,16627338.0
2024-12-16,0.4995,0.49,0.5005,0.48799999999999993,12555216.0
2024-12-17,0.4885,0.485,0.492,0.484,11626200.0
2024-12-18,0.486,0.4995,0.501,0.483,24345584.11
2024-12-19,0.493,0.509,0.513,0.492,21117576.67
2024-12-20,0.5085,0.526,0.536,0.5065,29569980.0
2024-12-23,0.5265,0.517,0.534,0.516,14113760.0
2024-12-24,0.519,0.525,0.5265,0.5075,20791437.39
2024-12-25,0.525,0.5240000000000001,0.531,0.52,13182557.22
2024-12-26,0.5215,0.534,0.5355,0.52,17008414.0
2024-12-27,0.534,0.528,0.544,0.527,15630122.07
2024-12-30,0.5265,0.5285,0.5355,0.522,10748692.52
2024-12-31,0.5275,0.5045,0.5285,0.504,19188192.0
2025-01-02,0.5015,0.482,0.503,0.4755,22271594.24
2025-01-03,0.483,0.471,0.485,0.4705,18434039.65
2025-01-06,0.4705,0.4675,0.4775,0.4635,13745002.0
2025-01-07,0.4685,0.4885,0.489,0.4675,20549262.24
2025-01-08,0.483,0.4885,0.495,0.4725,18766387.0
2025-01-09,0.485,0.49,0.4965,0.485,13736618.24
2025-01-10,0.48799999999999993,0.4875,0.5055,0.487,19102308.0
2025-01-13,0.4805,0.4855,0.48799999999999993,0.4775,9861794.9
2025-01-14,0.489,0.505,0.506,0.4815,21820709.4
2025-01-15,0.504,0.5045,0.5115,0.5,13420031.14
2025-01-16,0.508,0.494,0.513,0.4905,17471067.0
2025-01-17,0.49,0.5055,0.5125,0.4895,20987434.0
2025-01-20,0.508,0.505,0.51,0.5015,12318374.0
2025-01-21,0.5075,0.512,0.5165,0.5025,18064509.0
2025-01-22,0.51,0.511,0.5155,0.5085,12349718.0
2025-01-23,0.518,0.504,0.523,0.504,16424173.99
2025-01-24,0.504,0.509,0.5105,0.5025,10518749.33
2025-01-27,0.509,0.495,0.509,0.494,12989797.33
2025-02-05,0.507,0.5085,0.5125,0.503,16236903.29
2025-02-06,0.5055,0.53,0.531,0.504,21228996.76
2025-02-07,0.53,0.531,0.543,0.522,21415953.75
2025-02-10,0.533,0.537,0.538,0.5295,13785229.99
2025-02-11,0.536,0.5305,0.5365,0.5265,10195822.99
2025-02-12,0.53,0.5485,0.5485,0.5285,18621676.92
2025-02-13,0.5475,0.5315,0.5475,0.531,15715180.0
2025-02-14,0.529,0.531,0.5325,0.5225,12179044.0
2025-02-17,0.532,0.538,0.5405,0.53,13543496.0
2025-02-18,0.5375,0.527,0.5435,0.525,12911276.1
2025-02-19,0.5275,0.5505,0.551,0.526,23256414.18
2025-02-20,0.55,0.548,0.552,0.542,12310497.0
2025-02-21,0.55,0.576,0.581,0.5485,23599179.67
2025-02-24,0.5745000000000001,0.578,0.584,0.57,14249767.75
2025-02-25,0.5675,0.5755,0.5865,0.564,15515576.0
2025-02-26,0.577,0.5855,0.5875,0.567,16172345.83
2025-02-27,0.5855,0.582,0.591,0.568,15030093.9
2025-02-28,0.5765,0.5535,0.5805,0.552,17602362.99
2025-03-03,0.554,0.5465,0.559,0.542,12097868.99
2025-03-04,0.541,0.5615,0.5665,0.5355,16498928.0
2025-03-05,0.5615,0.564,0.57,0.5565,10979144.0
2025-03-06,0.57,0.579,0.5835,0.57,14115165.99
2025-03-07,0.575,0.571,0.579,0.567,10413191.0
2025-03-10,0.568,0.5705,0.5735,0.5625,9252974.0
2025-03-11,0.562,0.566,0.57,0.5595,10302697.0
2025-03-12,0.569,0.564,0.5735,0.564,9922863.0
2025-03-13,0.5625,0.5475,0.5635,0.544,15848216.0
2025-03-14,0.5475,0.5584999999999999,0.559,0.546,12543423.57
2025-03-17,0.5584999999999999,0.5555,0.56,0.553,6210128.55
2025-03-18,0.559,0.5595,0.5665,0.557,8391131.59
2025-03-19,0.5575,0.5525,0.5605,0.5505,8190176.5
2025-03-20,0.5515,0.547,0.554,0.5465,8042064.0
2025-03-21,0.5445,0.532,0.547,0.53,12183664.01
2025-03-24,0.5305,0.536,0.537,0.5255,9470239.0
2025-03-25,0.536,0.526,0.537,0.5235,9084783.0
2025-03-26,0.525,0.526,0.5315,0.525,5833410.0
2025-03-27,0.5255,0.532,0.5405,0.5240000000000001,10338596.0
2025-03-28,0.532,0.5240000000000001,0.5345,0.5235,8217843.0
2025-03-31,0.5205,0.5245,0.527,0.5165,8649288.0
2025-04-01,0.5265,0.525,0.5295,0.5235,7371609.0
2025-04-02,0.523,0.5235,0.5285,0.522,5956981.38
2025-04-03,0.519,0.5205,0.5305,0.518,10293338.0
2025-04-07,0.497,0.472,0.505,0.4685,17378320.0
2025-04-08,0.475,0.473,0.485,0.465,12438906.0
2025-04-09,0.4655,0.4965,0.5045,0.459,20979414.94
2025-04-10,0.5065,0.5025,0.513,0.4995,13422925.92
2025-04-11,0.501,0.5275,0.5395,0.5005,22313587.38
2025-04-14,0.535,0.5275,0.5355,0.5215,11955329.15
2025-04-15,0.5265,0.521,0.5265,0.517,9060957.0
2025-04-16,0.5240000000000001,0.5245,0.5275,0.516,9031479.0
2025-04-17,0.521,0.5275,0.5345,0.52,10043088.0
2025-04-18,0.5265,0.522,0.5265,0.519,6820985.0
2025-04-21,0.523,0.5275,0.528,0.5215,6175049.72
2025-04-22,0.527,0.5265,0.531,0.523,6894217.7
2025-04-23,0.5275,0.5265,0.5285,0.522,8424883.97
2025-04-24,0.5255,0.5195,0.526,0.5175,7193048.59
2025-04-25,0.519,0.518,0.522,0.513,8050990.0
2025-04-28,0.518,0.5185,0.5215,0.514,6315451.0
2025-04-29,0.517,0.5235,0.5245,0.515,6438450.0
2025-04-30,0.5240000000000001,0.53,0.531,0.5215,7835112.0
2025-05-06,0.532,0.539,0.539,0.531,7791381.73
2025-05-07,0.546,0.536,0.548,0.531,8845336.0
2025-05-08,0.533,0.534,0.5355,0.531,6271276.17
2025-05-09,0.531,0.5215,0.5315,0.52,10305885.35
2025-05-12,0.5240000000000001,0.525,0.5275,0.5205,8531870.06
2025-05-13,0.5285,0.5215,0.53,0.521,7562052.09
2025-05-14,0.523,0.5235,0.5275,0.519,9548940.0
2025-05-15,0.523,0.5125,0.523,0.5125,10222182.48
2025-05-16,0.5115,0.5115,0.5145,0.5105,5591834.2
2025-05-19,0.512,0.514,0.5155,0.508,6426217.55
2025-05-20,0.514,0.516,0.518,0.512,5439176.0
2025-05-21,0.515,0.511,0.5155,0.51,6386267.0
2025-05-22,0.51,0.5085,0.516,0.508,7523805.48
2025-05-23,0.508,0.502,0.5105,0.5015,9355177.0
2025-05-26,0.504,0.5065,0.508,0.503,7290623.0
2025-05-27,0.5045,0.4985,0.505,0.4985,7882628.0
2025-05-28,0.5,0.495,0.5005,0.4945,6207010.0
2025-05-29,0.497,0.5055,0.506,0.4965,9365636.0
2025-05-30,0.503,0.498,0.5035,0.497,7064995.0
2025-06-03,0.49599999999999994,0.502,0.5065,0.495,7401285.13
2025-06-04,0.5015,0.504,0.506,0.5015,5376479.75
2025-06-05,0.505,0.5135,0.5145,0.5035,11554313.68
2025-06-06,0.5135,0.5135,0.5165,0.5105,6634309.93
2025-06-09,0.5135,0.5145,0.5155,0.5115,6024994.0
2025-06-10,0.5145,0.5035,0.515,0.5005,10170107.0
2025-06-11,0.5035,0.503,0.5075,0.5025,6285855.0
2025-06-12,0.5025,0.4985,0.503,0.4975,8983149.0
2025-06-13,0.49599999999999994,0.4965,0.5,0.494,8222979.0
2025-06-16,0.495,0.498,0.501,0.494,5182738.0
2025-06-17,0.4995,0.4955,0.5,0.494,6281744.0
2025-06-18,0.4955,0.4995,0.502,0.4935,8725860.0
2025-06-19,0.4985,0.4995,0.5065,0.498,10168563.53
2025-06-20,0.4995,0.49599999999999994,0.503,0.4955,6739225.43
2025-06-23,0.494,0.5015,0.505,0.493,10756590.0
2025-06-24,0.502,0.51,0.511,0.502,12826168.92
2025-06-25,0.511,0.521,0.521,0.5085,15279566.99
2025-06-26,0.5195,0.514,0.5245,0.514,13029945.0
2025-06-27,0.5185,0.5165,0.5225,0.5125,12504390.59
2025-06-30,0.5195,0.5245,0.5255,0.5195,11593877.0
2025-07-01,0.5245,0.522,0.527,0.5185,9113684.07
2025-07-02,0.521,0.5115,0.521,0.51,11698328.0
2025-07-03,0.5115,0.512,0.514,0.509,8905545.0
2025-07-04,0.5115,0.511,0.519,0.506,13849410.0
2025-07-07,0.5095,0.5095,0.513,0.5085,5422686.0
2025-07-08,0.511,0.5155,0.516,0.5095,9710130.57
2025-07-09,0.5155,0.5095,0.5165,0.5085,10116475.57
2025-07-10,0.509,0.508,0.5105,0.506,9661924.27
2025-07-11,0.508,0.5155,0.5175,0.5055,15341018.0
2025-07-14,0.5155,0.5125,0.517,0.512,9092425.0
2025-07-15,0.512,0.511,0.5145,0.5075,13420385.72
2025-07-16,0.5115,0.5125,0.5205,0.511,14377662.61
2025-07-17,0.512,0.516,0.516,0.5085,13765181.9
2025-07-18,0.5165,0.517,0.523,0.5135,16701428.0
2025-07-21,0.517,0.5175,0.5185,0.515,11433695.47
2025-07-22,0.5175,0.5185,0.522,0.515,16788457.7
2025-07-23,0.5185,0.522,0.526,0.517,21518744.51
2025-07-24,0.522,0.53,0.5305,0.5215,18155300.97
2025-07-25,0.5305,0.541,0.5435,0.5265,20898010.05
2025-07-28,0.542,0.5405,0.543,0.537,13565092.38
2025-07-29,0.5385,0.5485,0.549,0.538,15324629.54
2025-07-30,0.547,0.5435,0.5525,0.539,15530828.33
2025-07-31,0.542,0.537,0.55,0.5355,17087399.88
2025-08-01,0.5365,0.5325,0.543,0.528,11938386.52
2025-08-04,0.5295,0.5395,0.54,0.529,10260298.36
2025-08-05,0.5405,0.5405,0.541,0.537,8037404.78
2025-08-06,0.5405,0.5455,0.5455,0.5375,9096382.72
2025-08-07,0.546,0.5485,0.556,0.543,20116351.53
2025-08-08,0.5455,0.538,0.546,0.5375,12664124.61
2025-08-11,0.5375,0.542,0.545,0.5375,9267873.29
2025-08-12,0.542,0.5565,0.5605,0.5395,19735997.48
2025-08-13,0.555,0.562,0.5625,0.554,12534180.68
2025-08-14,0.5625,0.5655,0.5825,0.5615,22320520.18
2025-08-15,0.5625,0.577,0.579,0.5615,13398750.52
2025-08-18,0.5875,0.59,0.595,0.5755,15093814.43
2025-08-19,0.588,0.5815,0.5915,0.5805,11248037.02
2025-08-20,0.579,0.604,0.604,0.5755,20581377.19
2025-08-21,0.6055,0.6005,0.618,0.5975,16358118.12
2025-08-22,0.605,0.6555,0.6575,0.605,29849686.79
2025-08-25,0.6685,0.665,0.6905,0.6485,24601236.8
2025-08-26,0.6555,0.6575,0.6655,0.647,17650248.04
2025-08-27,0.6625,0.6605,0.6935,0.658,23657198.82
2025-08-28,0.6625,0.708,0.709,0.662,29376434.65
2025-08-29,0.693,0.69,0.694,0.6765,17949554.07
2025-09-01,0.7,0.7015,0.708,0.6805,17293944.96
2025-09-02,0.6975,0.6775,0.7045,0.671,19855559.62
2025-09-03,0.6745,0.666,0.683,0.662,15509398.17
2025-09-04,0.664,0.617,0.6655,0.607,21535083.06
2025-09-05,0.6165,0.6385,0.6425,0.611,16412048.02
2025-09-08,0.638,0.6385,0.6405,0.6249999999999999,10798803.77
2025-09-09,0.632,0.6235,0.638,0.621,9173547.18
2025-09-10,0.628,0.632,0.639,0.6249999999999999,10115755.94
2025-09-11,0.63,0.6705,0.672,0.6255,17983717.02
2025-09-12,0.6705,0.683,0.6955,0.6665,14955081.76
2025-09-15,0.707,0.687,0.7075000000000001,0.6825,13155720.48
2025-09-16,0.688,0.6935,0.701,0.687,11301521.56
2025-09-17,0.692,0.704,0.71,0.682,11284959.12
2025-09-18,0.712,0.713,0.744,0.6965,23169092.08
2025-09-19,0.7145,0.7045,0.725,0.701,12054083.88
2025-09-22,0.7005,0.731,0.7375,0.697,13893344.46
2025-09-23,0.7325,0.7335,0.738,0.71,13608900.04
2025-09-24,0.729,0.7715,0.784,0.7285,16845718.87
2025-09-25,0.7685,0.773,0.78,0.7585,13293726.6
2025-09-26,0.7655,0.7615,0.781,0.7585,12136363.5
2025-09-29,0.7605,0.77,0.771,0.7465,10263335.38
2025-09-30,0.78,0.788,0.795,0.7740000000000001,12306827.16
2025-10-09,0.804,0.8105,0.8375,0.8005,14215225.15
2025-10-10,0.7945,0.762,0.7975,0.756,19449109.91
2025-10-13,0.7295,0.7785,0.779,0.7295,17175670.12
2025-10-14,0.785,0.735,0.787,0.7285,20174964.01
2025-10-15,0.7345,0.746,0.7465,0.7225,12302747.81
2025-10-16,0.741,0.7419999999999999,0.7580000000000001,0.737,8927763.99
2025-10-17,0.736,0.7115,0.74,0.71,13682081.85
2025-10-20,0.724,0.7165,0.734,0.71,10963060.32
2025-10-21,0.7205,0.7365,0.738,0.7155,12153158.77
2025-10-22,0.728,0.7335,0.7445,0.718,9016534.62
2025-10-23,0.727,0.7275,0.7295,0.714,8872190.79
2025-10-24,0.737,0.764,0.767,0.735,17162108.34
2025-10-27,0.7805,0.7825,0.785,0.7635,18652236.29
2025-10-28,0.7740000000000001,0.7755,0.788,0.769,10846654.69
2025-10-29,0.7725,0.7775,0.7865,0.7655,13284605.94
2025-10-30,0.777,0.76,0.778,0.759,11291542.38
2025-10-31,0.7565,0.7325,0.7575,0.7315,15887787.65
2025-11-03,0.723,0.7259999999999999,0.7265,0.706,12595510.38
2025-11-04,0.727,0.718,0.7335,0.7135,10035616.02
2025-11-05,0.702,0.712,0.717,0.7005,10715310.27
2025-11-06,0.7225,0.74,0.7419999999999999,0.7205,13761301.68
2025-11-07,0.7305,0.7305,0.739,0.7265,7856129.08
2025-11-10,0.7325,0.7265,0.7395,0.715,8681389.46
2025-11-11,0.73,0.7145,0.736,0.7125,9389667.83
2025-11-12,0.708,0.711,0.717,0.7,8621229.49
2025-11-13,0.7075000000000001,0.7235,0.7259999999999999,0.7075000000000001,9920983.91
2025-11-14,0.7115,0.7,0.715,0.699,10926467.44
2025-11-17,0.699,0.6985,0.7125,0.6945,7749872.43
2025-11-18,0.6965,0.7055,0.715,0.6955,10303592.25
2025-11-19,0.702,0.699,0.71,0.6955,7924058.06
2025-11-20,0.7085,0.6895,0.71,0.688,8396533.91
2025-11-21,0.6754999999999999,0.661,0.679,0.66,11972741.93
2025-11-24,0.663,0.6665,0.6725,0.653,9081603.92
2025-11-25,0.674,0.6735,0.6845,0.6705,9870031.59
2025-11-26,0.6695,0.6845,0.69,0.6675,11000406.68
2025-11-27,0.689,0.6875,0.708,0.6855,10226410.44
2025-11-28,0.684,0.6955,0.6975,0.6805,7164560.61
2025-12-01,0.6965,0.708,0.7085,0.688,8900563.07
2025-12-02,0.7065,0.698,0.7085,0.6955,6014194.88
2025-12-03,0.6975,0.692,0.702,0.689,5081334.0
2025-12-04,0.6905,0.7055,0.706,0.683,8412544.16
2025-12-05,0.702,0.703,0.706,0.6915000000000001,8191308.91
2025-12-08,0.7035,0.7205,0.7259999999999999,0.703,10296431.37
2025-12-09,0.7155,0.718,0.725,0.713,6963217.85
2025-12-10,0.7115,0.719,0.7215,0.703,6816988.33
2025-12-11,0.7205,0.7075000000000001,0.7225,0.7075000000000001,5126399.43
2025-12-12,0.707,0.72,0.7225,0.698,8826665.39
2025-12-15,0.7115,0.7035,0.72,0.703,6518750.86
2025-12-16,0.7005,0.691,0.705,0.6855,7702526.75
2025-12-17,0.69,0.706,0.708,0.6855,8543608.68
2025-12-18,0.699,0.7005,0.708,0.6975,5974337.53
2025-12-19,0.706,0.699,0.7085,0.6975,6571844.69
2025-12-22,0.701,0.718,0.72,0.701,9125728.3
2025-12-23,0.717,0.725,0.73,0.716,9393226.25
2025-12-24,0.7275,0.736,0.7365,0.723,8161549.94
2025-12-25,0.736,0.7355,0.741,0.7285,7029329.53
2025-12-26,0.733,0.7325,0.741,0.728,6807965.71
2025-12-29,0.731,0.733,0.743,0.729,11104644.28
2025-12-30,0.7315,0.743,0.748,0.7315,9578274.76
2025-12-31,0.747,0.732,0.7495,0.7305,8350244.71
2026-01-05,0.7415,0.765,0.765,0.741,11862555.56
2026-01-06,0.765,0.7815,0.7885,0.7625,10069917.76
2026-01-07,0.797,0.8015,0.806,0.7895,12614903.93
2026-01-08,0.796,0.8035,0.819,0.796,10422723.69
2026-01-09,0.796,0.809,0.8095,0.789,9438237.91
2026-01-12,0.812,0.823,0.824,0.806,8059671.2
2026-01-13,0.82,0.7965,0.825,0.79,10424241.02
2026-01-14,0.7965,0.8084999999999999,0.8225,0.7965,10945757.28
2026-01-15,0.801,0.8245000000000001,0.825,0.797,10045465.02
2026-01-16,0.836,0.851,0.8585,0.83,13113620.65
2026-01-19,0.853,0.847,0.855,0.8425,9361344.02
2026-01-20,0.8425,0.841,0.8585,0.834,8677224.48
2026-01-21,0.8355,0.873,0.877,0.835,12527428.81
2026-01-22,0.8905,0.8675,0.8935,0.86,9646671.64
2026-01-23,0.8605,0.869,0.87,0.852,8719854.6
2026-01-26,0.8675,0.849,0.8750000000000001,0.845,9961460.63
2026-01-27,0.845,0.872,0.8750000000000001,0.836,9918714.39
2026-01-28,0.877,0.882,0.8925,0.87,10506696.08
2026-01-29,0.8815,0.847,0.883,0.845,12761855.78
2026-01-30,0.843,0.8555,0.864,0.8265,10597615.76
2026-02-02,0.841,0.809,0.8475,0.8065,14744126.23
2026-02-03,0.8245000000000001,0.821,0.8265,0.8005,9294591.65
2026-02-04,0.808,0.804,0.8095,0.7924999999999999,9993004.3
2026-02-05,0.79,0.7955,0.799,0.7795,10236926.1
2026-02-06,0.784,0.7885,0.7985,0.78,8384436.31
2026-02-09,0.8045,0.814,0.8145,0.798,9454882.06
2026-02-10,0.816,0.818,0.8285,0.814,6386633.32
2026-02-11,0.811,0.8084999999999999,0.8155,0.804,5384602.89
2026-02-12,0.8135,0.826,0.827,0.81,6963868.45
2026-02-13,0.821,0.8275,0.838,0.8185,7231725.83
2026-02-24,0.8385,0.8305,0.839,0.8175,5788507.33
2026-02-25,0.832,0.8375,0.8415,0.8185,8759857.81
2026-02-26,0.8375,0.8495,0.855,0.8275,7972492.03
2026-02-27,0.8365,0.8425,0.8455,0.8285,7130867.8
2026-03-02,0.825,0.8275,0.8415,0.824,7357657.72
2026-03-03,0.8285,0.7795,0.8325,0.7775,13466368.96
2026-03-04,0.771,0.7795,0.795,0.771,9872893.73
2026-03-05,0.7975,0.793,0.8055,0.787,9219535.39
2026-03-06,0.7845,0.793,0.801,0.7845,5632987.11
2026-03-09,0.7745,0.777,0.7815,0.752,9810226.39
2026-03-10,0.793,0.7975,0.7995,0.787,7886919.67
2026-03-11,0.7975,0.7885,0.8045,0.7875,7266901.6
2026-03-12,0.7855,0.7775,0.796,0.771,7211407.88
2026-03-13,0.771,0.772,0.786,0.7655,6808668.16
2026-03-16,0.7695,0.7885,0.7905,0.757,10626385.58
2026-03-17,0.789,0.767,0.7895,0.7655,7716085.91
2026-03-18,0.7715,0.784,0.7855,0.768,8549739.16
2026-03-19,0.77,0.7635,0.7725,0.76,9605428.09
2026-03-20,0.7665,0.7505,0.769,0.75,8226738.62
2026-03-23,0.73,0.7125,0.74,0.708,11882615.16
2026-03-24,0.7235,0.7255,0.727,0.7005,9107576.79
2026-03-25,0.73,0.745,0.753,0.73,10158227.07
2026-03-26,0.74,0.7265,0.7425,0.7245,6597208.28
2026-03-27,0.714,0.734,0.7395,0.7105,6244796.35
2026-03-30,0.72,0.7335,0.7365,0.7165,6281802.17
2026-03-31,0.7275,0.7075000000000001,0.73,0.7065,8498197.53
2026-04-01,0.7275,0.729,0.733,0.721,8851075.12
2026-04-02,0.7265,0.7065,0.7275,0.702,7711924.0
2026-04-03,0.71,0.7065,0.715,0.704,5175092.0
2026-04-07,0.7085,0.7185,0.725,0.7085,6988137.16
2026-04-08,0.741,0.7655,0.7665,0.741,10290859.16
2026-04-09,0.7565,0.766,0.775,0.7525,8052903.08
2026-04-10,0.778,0.7805,0.79,0.7775,7789697.0
2026-04-13,0.7740000000000001,0.783,0.7975,0.7740000000000001,6822983.37
2026-04-14,0.795,0.804,0.808,0.7935,8288640.57
2026-04-15,0.8105,0.799,0.817,0.795,7797838.18
2026-04-16,0.798,0.81,0.8105,0.794,6878260.33
2026-04-17,0.807,0.814,0.8205,0.804,6187050.61
2026-04-20,0.8145,0.8265,0.829,0.8135,6837801.01
2026-04-21,0.824,0.8175,0.8245000000000001,0.8045,6632696.0
2026-04-22,0.8125,0.8385,0.839,0.8125,10113763.37
2026-04-23,0.846,0.824,0.8475,0.817,9387022.65
2026-04-24,0.826,0.8385,0.848,0.8185,11744618.38
2026-04-27,0.8515,0.8775,0.882,0.8475,12107588.8
2026-04-28,0.8725,0.8675,0.8910000000000001,0.8615,7513621.48
2026-04-29,0.8565,0.866,0.8675,0.839,8347152.29
2026-04-30,0.8755,0.9085,0.9145,0.8735,12900460.34
2026-05-06,0.9465,0.9565,0.9915,0.945,10695164.95
2026-05-07,0.965,0.9745,0.9775,0.9515,8124785.72
2026-05-08,0.954,0.951,0.959,0.9395,8513916.11
2026-05-11,0.978,1.009,1.016,0.973,10805356.41
2026-05-12,1.005,1.0125,1.025,0.988,9173727.93
2026-05-13,0.9895,1.044,1.0455,0.98,9688553.53
2026-05-14,1.0525,1.0215,1.0605,1.0205,8772966.84
2026-05-15,1.017,1.0175,1.062,0.991,13675722.52
2026-05-18,1.0175,1.029,1.0555,1.0145,8870418.98
2026-05-19,1.0155,1.0655,1.066,0.996,12149502.54
2026-05-20,1.059,1.1135,1.114,1.058,9620482.78
2026-05-21,1.133,1.066,1.1490000000000002,1.0605,11650602.43
2026-05-22,1.073,1.0945,1.097,1.0565,9662449.19
2026-05-25,1.0955,1.174,1.175,1.0825,10541574.61
2026-05-26,1.172,1.1605,1.172,1.1235,11334557.55
2026-05-27,1.1645,1.1325,1.1895,1.1265,11467473.21
2026-05-28,1.1145,1.147,1.154,1.1145,9537105.34
2026-05-29,1.1485,1.08,1.1525,1.0675,11405394.02
2026-06-01,1.0765,1.023,1.0849999999999997,1.0215,11178344.58
2026-06-02,1.0235,1.04,1.056,1.0085,9394949.76
2026-06-03,1.0425,1.075,1.1025,1.0425,9635151.19
2026-06-04,1.055,1.0965,1.105,1.055,6711545.69
2026-06-05,1.075,1.0455,1.091,1.0385,7219129.44
2026-06-08,0.993,0.9975,1.0265,0.9875,8158830.57
2026-06-09,1.024,1.0545,1.0565,1.0095,8309109.44
2026-06-10,1.0385,1.05,1.0855,1.035,6577005.03
2026-06-11,1.041,1.065,1.0725,1.041,6322630.81
2026-06-12,1.1085,1.053,1.1115,1.0465,7162683.96
2026-06-15,1.068,1.1155,1.116,1.0415,7697145.14
2026-06-16,1.1185,1.127,1.134,1.109,5899647.0
2026-06-17,1.111,1.1935,1.1945,1.1,7890527.21
2026-06-18,1.192,1.2405,1.2535,1.1885,7830702.33
2026-06-22,1.256,1.276,1.28,1.2245,7691118.21
2026-06-23,1.265,1.256,1.299,1.235,7727168.22
2026-06-24,1.2355,1.326,1.327,1.235,8776750.46
2026-06-25,1.35,1.387,1.3875,1.3375,7527433.15
2026-06-26,1.365,1.3735,1.4055,1.335,9683122.64
2026-06-29,1.381,1.4545,1.456,1.35,9654730.48
2026-06-30,1.4545,1.5025,1.5055,1.419,8292014.32
2026-07-01,1.5025,1.4715,1.5565,1.45,9593499.44
2026-07-02,1.4,1.35,1.4334999999999998,1.335,10956644.01
2026-07-03,1.322,1.331,1.3830000000000002,1.303,15949373.14
2026-07-06,1.36,1.334,1.367,1.277,15961581.72
2026-07-07,1.31,1.336,1.365,1.299,12714318.74
2026-07-08,1.342,1.339,1.389,1.29,14497951.14
2026-07-09,1.362,1.471,1.473,1.346,18520142.41
2026-07-10,1.487,1.369,1.512,1.366,25192139.88
2026-07-13,1.33,1.292,1.385,1.28,16362727.53
2026-07-14,1.285,1.308,1.317,1.223,17300252.22
2026-07-15,1.325,1.232,1.327,1.226,17628159.02
2026-07-16,1.191,1.159,1.235,1.15,15216593.72
2026-07-17,1.139,1.07,1.155,1.062,19950969.92
