date,open,close,high,low,volume
2017-09-01,0.993636808614782,1.0141948115516397,1.0308370044052861,0.993636808614782,3231687.0
2017-09-04,1.0259422418012727,1.0337738619676946,1.0425844346549191,1.0210474791972588,681439.0
2017-09-05,1.0298580518844835,1.0327949094468918,1.0367107195301026,1.0093000489476258,264359.0
2017-09-06,1.0171316691140477,1.0416054821341165,1.0670582476749877,1.0171316691140477,579107.0
2017-09-07,1.0416054821341165,1.023984336759667,1.0416054821341165,1.0230053842388642,267597.0
2017-09-08,1.0249632892804696,1.0357317670093,1.047479197258933,1.0249632892804696,433122.0
2017-09-11,1.0288790993636807,1.0680372001957903,1.069995105237396,1.0288790993636807,388452.0
2017-09-12,1.0719530102790014,1.0690161527165933,1.1023005384238862,1.0523739598629465,495983.0
2017-09-13,1.055310817425355,1.0651003426333823,1.0660792951541849,1.0484581497797356,258596.0
2017-09-14,1.0602055800293684,1.047479197258933,1.062163485070974,1.043563387175722,194558.0
2017-09-15,1.0445423396965245,1.0210474791972588,1.047479197258933,1.0181106216348508,362899.0
2017-09-18,1.0220264317180616,1.0259422418012727,1.0327949094468918,1.0141948115516397,253057.0
2017-09-19,1.0259422418012727,1.0200685266764562,1.0308370044052861,1.0151737640724423,260520.0
2017-09-20,1.0190895741556534,1.0445423396965245,1.0455212922173274,1.0181106216348508,313438.0
2017-09-21,1.0455212922173274,1.0171316691140477,1.0455212922173274,1.0161527165932451,144875.0
2017-09-22,1.0151737640724423,1.0004894762604013,1.0151737640724423,0.9955947136563875,338960.0
2017-09-25,1.001468428781204,0.9818893783651491,1.0083210964268232,0.9818893783651491,143805.0
2017-09-26,0.9916789035731766,0.9916789035731766,0.9985315712187959,0.9848262359275575,133907.0
2017-09-27,0.9887420460107684,1.0073421439060204,1.0122369065100343,0.9877630934899656,136905.0
2017-09-28,1.0073421439060204,0.9995105237395985,1.0122369065100343,0.9975526186979929,45396.0
2017-09-29,0.9995105237395985,1.0024473813020067,1.0122369065100343,0.9926578560939794,46977.0
2017-10-09,1.0083210964268232,1.0073421439060204,1.0151737640724423,1.0044052863436124,55640.0
2017-10-10,1.0073421439060204,0.9965736661771903,1.0073421439060204,0.9887420460107684,60163.0
2017-10-11,0.9955947136563875,0.9809104258443465,0.9955947136563875,0.9720998531571218,284532.0
2017-10-12,0.9818893783651491,0.9740577581987273,0.9818893783651491,0.9613313754282916,212099.0
2017-10-13,0.97503671071953,0.9769946157611356,0.9818893783651491,0.97503671071953,174727.0
2017-10-16,0.9779735682819383,0.9858051884483601,0.9906999510523739,0.9711209006363191,245437.0
2017-10-17,0.9828683308859519,0.9652471855115026,0.9828683308859519,0.9632892804698971,134372.0
2017-10-18,0.9662261380323054,0.9505628976994615,0.9662261380323054,0.9495839451786587,83543.0
2017-10-19,0.9456681350954478,0.948604992657856,0.9564366128242779,0.9446891825746451,74706.0
2017-10-20,0.948604992657856,0.9662261380323054,0.9672050905531081,0.9466470876162505,101727.0
2017-10-23,0.9642682329906999,0.9642682329906999,0.9642682329906999,0.9554576603034752,21595.0
2017-10-24,0.9642682329906999,0.9681840430739108,0.9720998531571218,0.9613313754282916,36926.0
2017-10-25,0.9681840430739108,0.9652471855115026,0.9681840430739108,0.9593734703866862,31446.0
2017-10-26,0.9652471855115026,0.97503671071953,0.9760156632403327,0.9603524229074889,52114.0
2017-10-27,0.9730788056779246,0.9613313754282916,0.9730788056779246,0.9603524229074889,28239.0
2017-10-30,0.9593734703866862,0.9427312775330395,0.9593734703866862,0.9319627998042094,60130.0
2017-10-31,0.9456681350954478,0.9544787077826724,0.9564366128242779,0.9407733724914341,86041.0
2017-11-01,0.9603524229074889,0.9574155653450807,0.9652471855115026,0.952520802741067,116339.0
2017-11-02,0.9495839451786587,0.9495839451786587,0.9623103279490944,0.9456681350954478,34581.0
2017-11-03,0.9446891825746451,0.9339207048458149,0.9495839451786587,0.930004894762604,56181.0
2017-11-06,0.9309838472834067,0.9348996573666176,0.9378365149290259,0.9251101321585902,49260.0
2017-11-07,0.936857562408223,0.9417523250122368,0.9456681350954478,0.9280469897209984,30189.0
2017-11-08,0.9397944199706313,0.9456681350954478,0.952520802741067,0.9339207048458149,97959.0
2017-11-09,0.9476260401370532,0.9437102300538422,0.952520802741067,0.9397944199706313,59965.0
2017-11-10,0.9427312775330395,0.9397944199706313,0.9437102300538422,0.9378365149290259,31694.0
2017-11-13,0.9417523250122368,0.9378365149290259,0.9427312775330395,0.930004894762604,71351.0
2017-11-14,0.9378365149290259,0.9290259422418011,0.9407733724914341,0.9251101321585902,48441.0
2017-11-15,0.9260890846793929,0.899657366617719,0.9260890846793929,0.899657366617719,146054.0
2017-11-16,0.9006363191385217,0.8908467939304944,0.90357317670093,0.8908467939304944,49480.0
2017-11-17,0.8918257464512971,0.8742046010768477,0.8976994615761136,0.8722466960352422,53469.0
2017-11-20,0.8742046010768477,0.8830151737640723,0.8839941262848752,0.8614782183064121,44488.0
2017-11-21,0.8830151737640723,0.8790993636808614,0.8830151737640723,0.8722466960352422,44597.0
2017-11-22,0.8800783162016642,0.8859520313264806,0.8879099363680861,0.8781204111600587,33326.0
2017-11-23,0.8879099363680861,0.8810572687224669,0.9045521292217327,0.8800783162016642,137646.0
2017-11-24,0.8820362212432696,0.899657366617719,0.9045521292217327,0.8722466960352422,70139.0
2017-11-27,0.9006363191385217,0.8800783162016642,0.9055310817425355,0.8790993636808614,111780.0
2017-11-28,0.8712677435144395,0.8928046989720998,0.8937836514929025,0.8712677435144395,40800.0
2017-11-29,0.8928046989720998,0.9114047968673519,0.9143416544297601,0.8879099363680861,228857.0
2017-11-30,0.918257464512971,0.90357317670093,0.918257464512971,0.8986784140969163,78879.0
2017-12-01,0.90357317670093,0.9006363191385217,0.9084679393049437,0.895741556534508,68923.0
2017-12-04,0.9104258443465492,0.9006363191385217,0.9104258443465492,0.899657366617719,55872.0
2017-12-05,0.8967205090553108,0.8712677435144395,0.8967205090553108,0.8663729809104258,95192.0
2017-12-06,0.8624571708272148,0.8673519334312285,0.869309838472834,0.8516886930983847,80572.0
2017-12-07,0.8663729809104258,0.8673519334312285,0.8742046010768477,0.8644150758688203,39313.0
2017-12-08,0.8673519334312285,0.873225648556045,0.8751835535976504,0.8634361233480176,35501.0
2017-12-11,0.8751835535976504,0.8859520313264806,0.8859520313264806,0.8702887909936368,40452.0
2017-12-12,0.8839941262848752,0.8830151737640723,0.895741556534508,0.8820362212432696,111481.0
2017-12-13,0.8810572687224669,0.8839941262848752,0.8849730788056779,0.8761625061184533,21959.0
2017-12-14,0.8830151737640723,0.8820362212432696,0.8928046989720998,0.8790993636808614,38594.0
2017-12-15,0.8849730788056779,0.8781204111600587,0.8849730788056779,0.873225648556045,29479.0
2017-12-18,0.877141458639256,0.8800783162016642,0.8810572687224669,0.8722466960352422,21669.0
2017-12-19,0.8781204111600587,0.8790993636808614,0.8800783162016642,0.8751835535976504,20485.0
2017-12-20,0.877141458639256,0.8653940283896231,0.8781204111600587,0.8604992657856093,30528.0
2017-12-21,0.8653940283896231,0.8712677435144395,0.8751835535976504,0.8624571708272148,26224.0
2017-12-22,0.8683308859520312,0.8820362212432696,0.8879099363680861,0.8683308859520312,53693.0
2017-12-25,0.8830151737640723,0.877141458639256,0.8879099363680861,0.877141458639256,45650.0
2017-12-26,0.8810572687224669,0.8830151737640723,0.8830151737640723,0.8702887909936368,24285.0
2017-12-27,0.8820362212432696,0.8918257464512971,0.90357317670093,0.8820362212432696,96134.0
2017-12-28,0.8947626040137053,0.9260890846793929,0.930004894762604,0.8918257464512971,210717.0
2017-12-29,0.930004894762604,0.9221732745961819,0.930004894762604,0.9123837493881547,169610.0
2018-01-02,0.9251101321585902,0.9280469897209984,0.9280469897209984,0.9172785119921684,36217.09
2018-01-03,0.9280469897209984,0.9378365149290259,0.9476260401370532,0.9231522271169847,90867.0
2018-01-04,0.9358786098874203,0.9515418502202643,0.9515418502202643,0.9290259422418011,51559.0
2018-01-05,0.9476260401370532,0.9437102300538422,0.952520802741067,0.9407733724914341,52360.0
2018-01-08,0.9397944199706313,0.9642682329906999,0.9691629955947135,0.9388154674498286,123738.0
2018-01-09,0.9642682329906999,0.9642682329906999,0.9730788056779246,0.9564366128242779,65001.0
2018-01-10,0.9593734703866862,0.952520802741067,0.9701419481155164,0.9456681350954478,57703.91
2018-01-11,0.9495839451786587,0.9574155653450807,0.9662261380323054,0.9495839451786587,74469.0
2018-01-12,0.9593734703866862,0.9515418502202643,0.9603524229074889,0.9456681350954478,67612.0
2018-01-15,0.9515418502202643,0.9162995594713657,0.9515418502202643,0.9104258443465492,79235.0
2018-01-16,0.9162995594713657,0.9241311796377875,0.9241311796377875,0.9123837493881547,57879.0
2018-01-17,0.9241311796377875,0.9094468918257465,0.9241311796377875,0.895741556534508,65205.0
2018-01-18,0.9094468918257465,0.9104258443465492,0.9162995594713657,0.90357317670093,70194.0
2018-01-19,0.9104258443465492,0.9153206069505628,0.9192364170337738,0.9055310817425355,48293.0
2018-01-22,0.9104258443465492,0.9260890846793929,0.9260890846793929,0.9104258443465492,63493.0
2018-01-23,0.9309838472834067,0.9388154674498286,0.9407733724914341,0.9241311796377875,102825.0
2018-01-24,0.9378365149290259,0.9329417523250121,0.9378365149290259,0.9241311796377875,87525.0
2018-01-25,0.9437102300538422,0.9437102300538422,0.9515418502202643,0.9388154674498286,185606.0
2018-01-26,0.9397944199706313,0.9339207048458149,0.9397944199706313,0.9260890846793929,79669.0
2018-01-29,0.9290259422418011,0.9339207048458149,0.9466470876162505,0.9290259422418011,102729.0
2018-01-30,0.9339207048458149,0.9290259422418011,0.948604992657856,0.9270680372001957,128355.0
2018-01-31,0.9270680372001957,0.9211943220753792,0.930004894762604,0.9143416544297601,59279.0
2018-02-01,0.9192364170337738,0.8898678414096916,0.9260890846793929,0.8879099363680861,63079.0
2018-02-02,0.8898678414096916,0.9133627019089574,0.9202153695545765,0.8673519334312285,91152.0
2018-02-05,0.8976994615761136,0.9074889867841409,0.9172785119921684,0.8947626040137053,41699.0
2018-02-06,0.8820362212432696,0.8712677435144395,0.9114047968673519,0.8683308859520312,107841.0
2018-02-07,0.8810572687224669,0.8712677435144395,0.8937836514929025,0.8634361233480176,63974.0
2018-02-08,0.8614782183064121,0.8604992657856093,0.8761625061184533,0.8516886930983847,38514.0
2018-02-09,0.8516886930983847,0.8174253548702887,0.8653940283896231,0.8037200195790503,41272.0
2018-02-12,0.8193832599118942,0.8467939304943709,0.8497307880567792,0.8184043073910915,185815.0
2018-02-13,0.8467939304943709,0.8575624082232011,0.8634361233480176,0.8467939304943709,26560.0
2018-02-14,0.8595203132648066,0.8683308859520312,0.869309838472834,0.8536465981399901,18721.0
2018-02-22,0.8712677435144395,0.8976994615761136,0.9065100342633382,0.8712677435144395,95375.0
2018-02-23,0.8986784140969163,0.9055310817425355,0.9055310817425355,0.8888888888888888,54170.0
2018-02-26,0.9045521292217327,0.9123837493881547,0.918257464512971,0.895741556534508,134893.0
2018-02-27,0.9123837493881547,0.8928046989720998,0.9123837493881547,0.8918257464512971,24299.0
2018-02-28,0.8830151737640723,0.9006363191385217,0.9065100342633382,0.8761625061184533,37298.0
2018-03-01,0.895741556534508,0.90357317670093,0.9055310817425355,0.8879099363680861,30673.0
2018-03-02,0.8976994615761136,0.8986784140969163,0.9143416544297601,0.8937836514929025,71880.0
2018-03-05,0.9006363191385217,0.8976994615761136,0.9104258443465492,0.8928046989720998,48963.0
2018-03-06,0.9045521292217327,0.9094468918257465,0.9104258443465492,0.8888888888888888,57388.0
2018-03-07,0.9045521292217327,0.8928046989720998,0.9084679393049437,0.8928046989720998,38326.0
2018-03-08,0.8976994615761136,0.895741556534508,0.9084679393049437,0.8937836514929025,82694.0
2018-03-09,0.8928046989720998,0.8976994615761136,0.8986784140969163,0.8908467939304944,21195.0
2018-03-12,0.8967205090553108,0.9260890846793929,0.9290259422418011,0.8967205090553108,106422.0
2018-03-13,0.9270680372001957,0.9221732745961819,0.9270680372001957,0.9172785119921684,45403.0
2018-03-14,0.9221732745961819,0.9270680372001957,0.9427312775330395,0.9172785119921684,107736.0
2018-03-15,0.9280469897209984,0.9241311796377875,0.9309838472834067,0.9162995594713657,44979.0
2018-03-16,0.9241311796377875,0.9104258443465492,0.9241311796377875,0.9094468918257465,12455.0
2018-03-19,0.9045521292217327,0.9074889867841409,0.9123837493881547,0.8976994615761136,31616.0
2018-03-20,0.8976994615761136,0.9016152716593245,0.9055310817425355,0.8947626040137053,11087.0
2018-03-21,0.9025942241801272,0.8918257464512971,0.9084679393049437,0.8879099363680861,55753.0
2018-03-22,0.8976994615761136,0.8928046989720998,0.9045521292217327,0.8918257464512971,50003.0
2018-03-23,0.8781204111600587,0.8487518355359764,0.8781204111600587,0.8321096426823298,54277.0
2018-03-26,0.8418991678903572,0.8673519334312285,0.8673519334312285,0.8370044052863436,42526.0
2018-03-27,0.8712677435144395,0.8928046989720998,0.8928046989720998,0.8712677435144395,19850.0
2018-03-28,0.8839941262848752,0.873225648556045,0.8839941262848752,0.8702887909936368,6823.0
2018-03-29,0.877141458639256,0.877141458639256,0.8781204111600587,0.8663729809104258,6054.0
2018-03-30,0.8742046010768477,0.8742046010768477,0.8781204111600587,0.8722466960352422,7597.0
2018-04-02,0.8761625061184533,0.8742046010768477,0.8820362212432696,0.873225648556045,10209.0
2018-04-03,0.869309838472834,0.8624571708272148,0.869309838472834,0.8585413607440039,7567.0
2018-04-04,0.8624571708272148,0.8575624082232011,0.869309838472834,0.8565834557023984,6837.0
2018-04-09,0.8556045031815956,0.8604992657856093,0.8673519334312285,0.8556045031815956,39309.0
2018-04-10,0.8614782183064121,0.8800783162016642,0.8800783162016642,0.8614782183064121,35154.0
2018-04-11,0.8888888888888888,0.8869309838472834,0.8928046989720998,0.8781204111600587,33509.0
2018-04-12,0.8918257464512971,0.8761625061184533,0.8918257464512971,0.8751835535976504,14934.0
2018-04-13,0.8790993636808614,0.8702887909936368,0.8800783162016642,0.8663729809104258,11831.0
2018-04-16,0.8683308859520312,0.8614782183064121,0.8722466960352422,0.8585413607440039,10794.0
2018-04-17,0.8644150758688203,0.8379833578071463,0.8653940283896231,0.8370044052863436,27321.0
2018-04-18,0.8418991678903572,0.8418991678903572,0.8448360254527655,0.8203622124326969,34504.0
2018-04-19,0.8487518355359764,0.8624571708272148,0.8683308859520312,0.8477728830151737,80872.0
2018-04-20,0.8546255506607929,0.8438570729319628,0.8565834557023984,0.8409202153695545,24635.0
2018-04-23,0.8438570729319628,0.8360254527655407,0.8438570729319628,0.8272148800783161,17364.0
2018-04-24,0.8360254527655407,0.8448360254527655,0.8477728830151737,0.8223201174743024,38697.0
2018-04-25,0.8409202153695545,0.8399412628487518,0.8477728830151737,0.8370044052863436,28759.0
2018-04-26,0.838962310327949,0.8262359275575134,0.8399412628487518,0.8232990699951052,15083.0
2018-04-27,0.8330885952031326,0.8252569750367106,0.8379833578071463,0.8203622124326969,22183.0
2018-05-02,0.8272148800783161,0.8213411649534996,0.8291727851199217,0.8213411649534996,8827.31
2018-05-03,0.8223201174743024,0.8252569750367106,0.8262359275575134,0.8105726872246695,25336.16
2018-05-04,0.8252569750367106,0.8223201174743024,0.8281938325991188,0.8203622124326969,10606.0
2018-05-07,0.8262359275575134,0.8379833578071463,0.8399412628487518,0.8242780225159079,37267.0
2018-05-08,0.838962310327949,0.8467939304943709,0.8467939304943709,0.8379833578071463,18653.0
2018-05-09,0.8399412628487518,0.8448360254527655,0.8467939304943709,0.8379833578071463,12351.0
2018-05-10,0.8467939304943709,0.8448360254527655,0.850709740577582,0.84287812041116,21207.0
2018-05-11,0.8458149779735682,0.8575624082232011,0.8653940283896231,0.8458149779735682,49060.0
2018-05-14,0.8575624082232011,0.8604992657856093,0.8790993636808614,0.8565834557023984,33862.0
2018-05-15,0.8614782183064121,0.8634361233480176,0.8634361233480176,0.8536465981399901,9502.0
2018-05-16,0.8624571708272148,0.8487518355359764,0.8624571708272148,0.8467939304943709,9473.0
2018-05-17,0.8487518355359764,0.8487518355359764,0.8585413607440039,0.8458149779735682,36236.0
2018-05-18,0.850709740577582,0.8526676456191874,0.8556045031815956,0.84287812041116,15923.0
2018-05-21,0.8536465981399901,0.8575624082232011,0.8653940283896231,0.8536465981399901,11367.0
2018-05-22,0.8624571708272148,0.8575624082232011,0.8624571708272148,0.8477728830151737,35222.0
2018-05-23,0.8536465981399901,0.8409202153695545,0.8565834557023984,0.8399412628487518,11735.0
2018-05-24,0.835046500244738,0.8399412628487518,0.8458149779735682,0.835046500244738,16416.0
2018-05-25,0.8379833578071463,0.8301517376407244,0.8418991678903572,0.8262359275575134,8865.0
2018-05-28,0.8301517376407244,0.8242780225159079,0.8311306901615271,0.8223201174743024,9108.0
2018-05-29,0.8242780225159079,0.8232990699951052,0.8272148800783161,0.8203622124326969,25013.0
2018-05-30,0.8115516397454723,0.7998042094958393,0.8144884973078804,0.7998042094958393,25858.0
2018-05-31,0.8046989720998531,0.8046989720998531,0.8076358296622613,0.7978463044542339,12592.0
2018-06-01,0.8037200195790503,0.8056779246206558,0.8135095447870777,0.8007831620166421,25426.0
2018-06-04,0.8066568771414585,0.7958883994126283,0.8066568771414585,0.7949094468918257,17954.0
2018-06-05,0.8027410670582475,0.8046989720998531,0.8056779246206558,0.793930494371023,18479.0
2018-06-06,0.8154674498286832,0.8174253548702887,0.8203622124326969,0.8066568771414585,29710.0
2018-06-07,0.8184043073910915,0.8154674498286832,0.8252569750367106,0.8144884973078804,56340.0
2018-06-08,0.8144884973078804,0.8007831620166421,0.8144884973078804,0.7978463044542339,20178.0
2018-06-11,0.8007831620166421,0.8066568771414585,0.8115516397454723,0.8007831620166421,38461.0
2018-06-12,0.8066568771414585,0.808614782183064,0.808614782183064,0.7958883994126283,16361.0
2018-06-13,0.8056779246206558,0.7988252569750366,0.8056779246206558,0.7978463044542339,7339.0
2018-06-14,0.7998042094958393,0.7968673519334312,0.8027410670582475,0.7949094468918257,13674.0
2018-06-15,0.7958883994126283,0.7851199216837983,0.7978463044542339,0.7782672540381791,55480.0
2018-06-19,0.7763093489965737,0.733235438081253,0.7763093489965737,0.7244248653940283,32929.0
2018-06-20,0.733235438081253,0.7361722956436613,0.7381302006852667,0.7224669603524229,9039.0
2018-06-21,0.7342143906020557,0.7136563876651981,0.7400881057268722,0.7116984826235927,19609.0
2018-06-22,0.7116984826235927,0.7254038179148311,0.7273617229564365,0.695056289769946,16381.0
2018-06-25,0.7263827704356338,0.7205090553108173,0.7351933431228584,0.7195301027900146,23756.0
2018-06-26,0.7165932452276064,0.7234459128732256,0.7273617229564365,0.7097405775819872,19083.0
2018-06-27,0.7234459128732256,0.7185511502692119,0.7263827704356338,0.7165932452276064,4199.0
2018-06-28,0.7195301027900146,0.714635340186001,0.7283406754772392,0.7136563876651981,10929.0
2018-06-29,0.714635340186001,0.7322564855604503,0.7342143906020557,0.71071953010279,27158.0
2018-07-02,0.7342143906020557,0.7156142927068037,0.7342143906020557,0.7097405775819872,24608.0
2018-07-03,0.7156142927068037,0.7175721977484091,0.7185511502692119,0.6970141948115516,21161.0
2018-07-04,0.7165932452276064,0.71071953010279,0.7195301027900146,0.7077826725403817,5559.0
2018-07-05,0.7087616250611845,0.6882036221243268,0.7087616250611845,0.6872246696035241,11070.0
2018-07-06,0.6872246696035241,0.6930983847283406,0.7009300048947625,0.6774351443954967,10869.0
2018-07-09,0.6940773372491433,0.706803720019579,0.7077826725403817,0.6930983847283406,17880.0
2018-07-10,0.7048458149779735,0.7175721977484091,0.7214880078316201,0.7048458149779735,54284.0
2018-07-11,0.7097405775819872,0.7087616250611845,0.7175721977484091,0.6960352422907489,9537.0
2018-07-12,0.7058247674987762,0.7195301027900146,0.7214880078316201,0.7038668624571708,19191.0
2018-07-13,0.7195301027900146,0.7273617229564365,0.7302985805188448,0.7156142927068037,25030.0
2018-07-16,0.7283406754772392,0.7234459128732256,0.7283406754772392,0.7165932452276064,22144.0
2018-07-17,0.7205090553108173,0.7214880078316201,0.7234459128732256,0.714635340186001,13699.0
2018-07-18,0.7214880078316201,0.714635340186001,0.7244248653940283,0.714635340186001,11639.0
2018-07-19,0.7175721977484091,0.7058247674987762,0.7195301027900146,0.7048458149779735,8318.0
2018-07-20,0.706803720019579,0.7116984826235927,0.714635340186001,0.7019089574155652,19998.0
2018-07-23,0.7116984826235927,0.7263827704356338,0.7283406754772392,0.71071953010279,22371.0
2018-07-24,0.7293196279980421,0.7420460107684776,0.7459618208516886,0.7263827704356338,34848.0
2018-07-25,0.7469407733724914,0.737151248164464,0.7498776309348996,0.7342143906020557,20375.0
2018-07-26,0.7391091532060694,0.7302985805188448,0.7440039158100832,0.7283406754772392,14503.0
2018-07-27,0.7293196279980421,0.7254038179148311,0.7302985805188448,0.7234459128732256,8536.0
2018-07-30,0.7254038179148311,0.7234459128732256,0.733235438081253,0.7195301027900146,25910.0
2018-07-31,0.7234459128732256,0.7185511502692119,0.7254038179148311,0.7165932452276064,14852.0
2018-08-01,0.7185511502692119,0.7048458149779735,0.7244248653940283,0.7038668624571708,13305.0
2018-08-02,0.7048458149779735,0.6921194322075378,0.7048458149779735,0.6735193343122857,25824.0
2018-08-03,0.6921194322075378,0.6813509544787076,0.6921194322075378,0.6774351443954967,14312.0
2018-08-06,0.6823299069995105,0.6549192364170338,0.6823299069995105,0.6529613313754283,22346.0
2018-08-07,0.6549192364170338,0.6676456191874695,0.6686245717082722,0.6412139011257953,37910.0
2018-08-08,0.6637298091042585,0.6568771414586393,0.6696035242290749,0.6549192364170338,6774.0
2018-08-09,0.657856093979442,0.6705824767498776,0.6754772393538913,0.657856093979442,38242.0
2018-08-10,0.6705824767498776,0.6715614292706804,0.6744982868330885,0.6666666666666666,3614.0
2018-08-13,0.6676456191874695,0.6735193343122857,0.6744982868330885,0.661771904062653,10911.0
2018-08-14,0.6715614292706804,0.6735193343122857,0.6754772393538913,0.6656877141458639,9020.0
2018-08-15,0.6725403817914831,0.6549192364170338,0.6725403817914831,0.6549192364170338,11771.0
2018-08-16,0.6519823788546255,0.6480665687714146,0.6558981889378365,0.6412139011257953,10096.0
2018-08-17,0.6510034263338228,0.6382770435633871,0.6637298091042585,0.6382770435633871,7886.0
2018-08-20,0.6412139011257953,0.6480665687714146,0.6480665687714146,0.6372980910425844,4774.0
2018-08-21,0.6480665687714146,0.6558981889378365,0.6588350465002447,0.6480665687714146,6407.0
2018-08-22,0.6558981889378365,0.6490455212922173,0.6558981889378365,0.6461086637298091,5895.0
2018-08-23,0.6480665687714146,0.6510034263338228,0.6529613313754283,0.6451297112090063,3207.0
2018-08-24,0.6461086637298091,0.6490455212922173,0.6519823788546255,0.6451297112090063,5188.0
2018-08-27,0.6510034263338228,0.6588350465002447,0.6607929515418502,0.6490455212922173,10086.0
2018-08-28,0.6607929515418502,0.6656877141458639,0.6705824767498776,0.6558981889378365,24066.0
2018-08-29,0.6656877141458639,0.6598139990210474,0.6656877141458639,0.6568771414586393,11122.0
2018-08-30,0.6558981889378365,0.6529613313754283,0.6627508565834557,0.6519823788546255,9090.0
2018-08-31,0.6519823788546255,0.6431718061674009,0.6519823788546255,0.6402349486049926,17973.0
2018-09-03,0.6451297112090063,0.6431718061674009,0.6451297112090063,0.635340186000979,16459.0
2018-09-04,0.6421928536465982,0.6461086637298091,0.6480665687714146,0.6382770435633871,16159.0
2018-09-05,0.6431718061674009,0.6333822809593734,0.6441507586882036,0.631424375917768,17943.0
2018-09-06,0.631424375917768,0.6294664708761625,0.6372980910425844,0.6255506607929515,18463.0
2018-09-07,0.6294664708761625,0.6275085658345569,0.635340186000979,0.6265296133137542,10784.0
2018-09-10,0.6275085658345569,0.6138032305433186,0.6275085658345569,0.6128242780225158,13535.0
2018-09-11,0.6157611355849241,0.6118453255017131,0.6157611355849241,0.6069505628976994,26520.0
2018-09-12,0.6118453255017131,0.6147821830641214,0.6186979931473323,0.6108663729809104,3847.0
2018-09-13,0.6177190406265296,0.623592755751346,0.6265296133137542,0.6177190406265296,29029.0
2018-09-14,0.6245717082721488,0.6284875183553598,0.6343612334801761,0.6245717082721488,27956.0
2018-09-17,0.6226138032305433,0.6128242780225158,0.6226138032305433,0.6108663729809104,7854.0
2018-09-18,0.6118453255017131,0.623592755751346,0.623592755751346,0.6098874204601077,10178.0
2018-09-19,0.623592755751346,0.6304454233969652,0.6343612334801761,0.6216348507097406,14868.0
2018-09-20,0.6304454233969652,0.631424375917768,0.6392559960841899,0.6304454233969652,23690.0
2018-09-21,0.6363191385217817,0.6461086637298091,0.6500244738130201,0.6275085658345569,24489.0
2018-09-25,0.6461086637298091,0.6451297112090063,0.6490455212922173,0.6412139011257953,15275.0
2018-09-26,0.6461086637298091,0.6480665687714146,0.6519823788546255,0.6441507586882036,11573.0
2018-09-27,0.6461086637298091,0.6412139011257953,0.6500244738130201,0.6412139011257953,9446.0
2018-09-28,0.6412139011257953,0.6490455212922173,0.6490455212922173,0.6372980910425844,14291.0
2018-10-08,0.6441507586882036,0.6324033284385707,0.6480665687714146,0.6304454233969652,39342.0
2018-10-09,0.6294664708761625,0.6392559960841899,0.6431718061674009,0.6294664708761625,10689.0
2018-10-10,0.6421928536465982,0.6363191385217817,0.6461086637298091,0.6304454233969652,5621.0
2018-10-11,0.6167400881057268,0.5834557023984336,0.6255506607929515,0.5766030347528144,16934.0
2018-10-12,0.5873715124816445,0.5883504650024474,0.5922662750856583,0.570729319627998,20769.0
2018-10-15,0.5873715124816445,0.5785609397944199,0.5883504650024474,0.5775819872736172,4661.0
2018-10-16,0.5785609397944199,0.5599608418991678,0.5814977973568282,0.5599608418991678,10712.0
2018-10-17,0.5717082721488007,0.558981889378365,0.5766030347528144,0.5472344591287323,14444.0
2018-10-18,0.5638766519823788,0.5394028389623103,0.5638766519823788,0.5384238864415076,12116.0
2018-10-19,0.5394028389623103,0.5491923641703378,0.5521292217327459,0.5286343612334802,9061.0
2018-10-22,0.5550660792951541,0.5805188448360253,0.5863925599608418,0.5511502692119431,24804.0
2018-10-23,0.5726872246696034,0.5648556045031815,0.5766030347528144,0.5638766519823788,21580.0
2018-10-24,0.5658345570239842,0.5736661771904061,0.6216348507097406,0.5619187469407733,23546.0
2018-10-25,0.570729319627998,0.5736661771904061,0.5795398923152226,0.5550660792951541,12735.0
2018-10-26,0.5795398923152226,0.5775819872736172,0.5903083700440528,0.5736661771904061,30431.0
2018-10-29,0.574645129711209,0.5648556045031815,0.5775819872736172,0.5609397944199705,16544.0
2018-10-30,0.5599608418991678,0.5717082721488007,0.574645129711209,0.5570239843367596,18623.0
2018-10-31,0.574645129711209,0.5893294175232501,0.593245227606461,0.5648556045031815,45885.0
2018-11-01,0.593245227606461,0.5903083700440528,0.597161037689672,0.5795398923152226,34972.0
2018-11-02,0.5991189427312775,0.6059716103768966,0.6128242780225158,0.5922662750856583,43779.0
2018-11-05,0.6040137053352912,0.6000978952520802,0.6079295154185022,0.5961820851688693,19253.0
2018-11-06,0.5942241801272637,0.5942241801272637,0.5991189427312775,0.5903083700440528,13783.0
2018-11-07,0.597161037689672,0.6089084679393049,0.619676945668135,0.597161037689672,46618.0
2018-11-08,0.6089084679393049,0.5942241801272637,0.6118453255017131,0.5922662750856583,25009.0
2018-11-09,0.5942241801272637,0.5854136074400391,0.597161037689672,0.5824767498776309,14352.0
2018-11-12,0.5854136074400391,0.5952031326480665,0.5961820851688693,0.5795398923152226,20354.0
2018-11-13,0.5912873225648555,0.6040137053352912,0.6049926578560939,0.5873715124816445,32869.0
2018-11-14,0.6020558002936857,0.6000978952520802,0.6079295154185022,0.597161037689672,18084.0
2018-11-15,0.6000978952520802,0.6079295154185022,0.6089084679393049,0.5981399902104747,13610.0
2018-11-16,0.6098874204601077,0.6079295154185022,0.6138032305433186,0.6049926578560939,15242.0
2018-11-19,0.6079295154185022,0.6098874204601077,0.6128242780225158,0.6030347528144885,20525.0
2018-11-20,0.6059716103768966,0.6020558002936857,0.6138032305433186,0.601076847772883,33068.0
2018-11-21,0.5991189427312775,0.6000978952520802,0.601076847772883,0.593245227606461,15643.0
2018-11-22,0.6020558002936857,0.5981399902104747,0.6040137053352912,0.5961820851688693,8104.0
2018-11-23,0.5952031326480665,0.5687714145863925,0.5952031326480665,0.5687714145863925,49408.0
2018-11-26,0.5658345570239842,0.5648556045031815,0.5717082721488007,0.5619187469407733,24448.0
2018-11-27,0.5717082721488007,0.5697503671071952,0.5726872246696034,0.5658345570239842,16577.0
2018-11-28,0.5648556045031815,0.574645129711209,0.574645129711209,0.5619187469407733,21345.0
2018-11-29,0.5775819872736172,0.5726872246696034,0.5883504650024474,0.5726872246696034,80965.0
2018-11-30,0.5697503671071952,0.5785609397944199,0.5785609397944199,0.5677924620655898,23293.0
2018-12-03,0.5883504650024474,0.593245227606461,0.5952031326480665,0.5844346549192363,34839.0
2018-12-04,0.5912873225648555,0.5952031326480665,0.5952031326480665,0.5903083700440528,19629.0
2018-12-05,0.5873715124816445,0.5952031326480665,0.6030347528144885,0.5854136074400391,38367.0
2018-12-06,0.5922662750856583,0.5903083700440528,0.5961820851688693,0.5883504650024474,27425.0
2018-12-07,0.5883504650024474,0.5873715124816445,0.5922662750856583,0.5854136074400391,10201.0
2018-12-10,0.5854136074400391,0.5834557023984336,0.5883504650024474,0.5814977973568282,14316.0
2018-12-11,0.5834557023984336,0.5883504650024474,0.5883504650024474,0.5834557023984336,7361.0
2018-12-12,0.5912873225648555,0.5883504650024474,0.5912873225648555,0.5863925599608418,9465.0
2018-12-13,0.5873715124816445,0.5912873225648555,0.5942241801272637,0.5834557023984336,25500.0
2018-12-14,0.5883504650024474,0.5736661771904061,0.5942241801272637,0.5736661771904061,20810.0
2018-12-17,0.5717082721488007,0.5785609397944199,0.5795398923152226,0.570729319627998,18132.0
2018-12-18,0.5756240822320117,0.5795398923152226,0.5805188448360253,0.5736661771904061,19358.0
2018-12-19,0.5795398923152226,0.5726872246696034,0.5795398923152226,0.5726872246696034,9950.0
2018-12-20,0.5726872246696034,0.5717082721488007,0.5756240822320117,0.5677924620655898,8068.0
2018-12-21,0.5717082721488007,0.5648556045031815,0.5726872246696034,0.5619187469407733,10998.0
2018-12-24,0.5638766519823788,0.5658345570239842,0.566813509544787,0.5619187469407733,2101.0
2018-12-25,0.5628976994615761,0.5570239843367596,0.5628976994615761,0.548213411649535,9454.0
2018-12-26,0.5560450318159569,0.5560450318159569,0.5580029368575623,0.5540871267743513,3552.0
2018-12-27,0.558981889378365,0.5491923641703378,0.5638766519823788,0.5491923641703378,7751.0
2018-12-28,0.5501713166911405,0.5550660792951541,0.5560450318159569,0.5491923641703378,2006.0
2019-01-02,0.5560450318159569,0.5452765540871268,0.5560450318159569,0.5452765540871268,5252.0
2019-01-03,0.5452765540871268,0.5521292217327459,0.5550660792951541,0.544297601566324,18924.0
2019-01-04,0.5521292217327459,0.566813509544787,0.5677924620655898,0.5511502692119431,19999.0
2019-01-07,0.5726872246696034,0.5775819872736172,0.5785609397944199,0.5638766519823788,24294.0
2019-01-08,0.5756240822320117,0.5687714145863925,0.5775819872736172,0.5648556045031815,26648.0
2019-01-09,0.5717082721488007,0.5658345570239842,0.5717082721488007,0.5648556045031815,61867.0
2019-01-10,0.5638766519823788,0.5638766519823788,0.5687714145863925,0.5609397944199705,29219.0
2019-01-11,0.5638766519823788,0.5687714145863925,0.5687714145863925,0.5619187469407733,47406.0
2019-01-14,0.566813509544787,0.5658345570239842,0.570729319627998,0.5638766519823788,21054.0
2019-01-15,0.5648556045031815,0.570729319627998,0.5726872246696034,0.5638766519823788,18531.0
2019-01-16,0.5697503671071952,0.5677924620655898,0.570729319627998,0.5648556045031815,21023.0
2019-01-17,0.5687714145863925,0.5638766519823788,0.5717082721488007,0.5619187469407733,37462.0
2019-01-18,0.5638766519823788,0.5775819872736172,0.5785609397944199,0.5628976994615761,47440.0
2019-01-21,0.5805188448360253,0.5775819872736172,0.5805188448360253,0.5736661771904061,45405.0
2019-01-22,0.5756240822320117,0.5687714145863925,0.5756240822320117,0.5638766519823788,33995.0
2019-01-23,0.5658345570239842,0.5697503671071952,0.5717082721488007,0.5638766519823788,26550.0
2019-01-24,0.5697503671071952,0.5677924620655898,0.5697503671071952,0.5638766519823788,34021.0
2019-01-25,0.5648556045031815,0.5658345570239842,0.5677924620655898,0.5638766519823788,45523.0
2019-01-28,0.5697503671071952,0.5638766519823788,0.570729319627998,0.5619187469407733,47153.0
2019-01-29,0.5619187469407733,0.5531081742535486,0.5619187469407733,0.5452765540871268,48716.0
2019-01-30,0.5531081742535486,0.5491923641703378,0.5550660792951541,0.548213411649535,17256.0
2019-01-31,0.548213411649535,0.5413607440039158,0.5540871267743513,0.5384238864415076,35974.0
2019-02-01,0.5423396965247186,0.5531081742535486,0.5531081742535486,0.5423396965247186,39091.0
2019-02-11,0.5531081742535486,0.570729319627998,0.570729319627998,0.5531081742535486,74525.0
2019-02-12,0.570729319627998,0.5726872246696034,0.574645129711209,0.5658345570239842,75054.0
2019-02-13,0.5726872246696034,0.5883504650024474,0.593245227606461,0.570729319627998,128688.0
2019-02-14,0.5893294175232501,0.5863925599608418,0.5912873225648555,0.5814977973568282,73465.0
2019-02-15,0.5854136074400391,0.5854136074400391,0.5952031326480665,0.5814977973568282,65502.0
2019-02-18,0.5912873225648555,0.6040137053352912,0.6040137053352912,0.5873715124816445,60173.0
2019-02-19,0.6020558002936857,0.6059716103768966,0.6089084679393049,0.5981399902104747,67911.0
2019-02-20,0.6079295154185022,0.6167400881057268,0.6265296133137542,0.6069505628976994,91809.0
2019-02-21,0.6167400881057268,0.6157611355849241,0.6226138032305433,0.6108663729809104,78419.0
2019-02-22,0.6118453255017131,0.6206558981889378,0.6226138032305433,0.6049926578560939,71323.0
2019-02-25,0.6529613313754283,0.6823299069995105,0.6823299069995105,0.6265296133137542,433760.0
2019-02-26,0.7009300048947625,0.6744982868330885,0.7019089574155652,0.6558981889378365,548196.0
2019-02-27,0.6647087616250612,0.661771904062653,0.6793930494371022,0.6558981889378365,219838.0
2019-02-28,0.661771904062653,0.6588350465002447,0.6676456191874695,0.6549192364170338,165222.0
2019-03-01,0.6607929515418502,0.6627508565834557,0.6627508565834557,0.6510034263338228,113855.0
2019-03-04,0.6686245717082722,0.6744982868330885,0.6862457170827214,0.6627508565834557,259056.0
2019-03-05,0.6686245717082722,0.6803720019579049,0.6823299069995105,0.6637298091042585,255154.0
2019-03-06,0.6813509544787076,0.702887909936368,0.7038668624571708,0.6803720019579049,304472.0
2019-03-07,0.7077826725403817,0.7195301027900146,0.7342143906020557,0.6891825746451297,294991.0
2019-03-08,0.6901615271659324,0.6715614292706804,0.7087616250611845,0.6705824767498776,296177.0
2019-03-11,0.6696035242290749,0.6862457170827214,0.6911404796867351,0.6696035242290749,171223.0
2019-03-12,0.6930983847283406,0.6882036221243268,0.6979931473323543,0.6803720019579049,232441.0
2019-03-13,0.6901615271659324,0.6852667645619187,0.6970141948115516,0.6813509544787076,170717.0
2019-03-14,0.6803720019579049,0.6793930494371022,0.7048458149779735,0.6735193343122857,199583.0
2019-03-15,0.6823299069995105,0.6852667645619187,0.6882036221243268,0.6725403817914831,132811.0
2019-03-18,0.6872246696035241,0.7048458149779735,0.7048458149779735,0.6872246696035241,225636.0
2019-03-19,0.7048458149779735,0.7009300048947625,0.7058247674987762,0.695056289769946,87731.22
2019-03-20,0.698972099853157,0.6911404796867351,0.6999510523739598,0.6823299069995105,167757.78
2019-03-21,0.6979931473323543,0.6999510523739598,0.7058247674987762,0.6940773372491433,183154.22
2019-03-22,0.6940773372491433,0.695056289769946,0.7009300048947625,0.6852667645619187,129900.0
2019-03-25,0.6862457170827214,0.6803720019579049,0.6901615271659324,0.6803720019579049,95043.0
2019-03-26,0.6842878120411159,0.6725403817914831,0.6872246696035241,0.6686245717082722,78226.0
2019-03-27,0.6705824767498776,0.6647087616250612,0.6744982868330885,0.6588350465002447,105037.0
2019-03-28,0.6607929515418502,0.657856093979442,0.6637298091042585,0.653940283896231,60882.0
2019-03-29,0.6607929515418502,0.6744982868330885,0.6754772393538913,0.6510034263338228,240172.0
2019-04-01,0.6833088595203132,0.7087616250611845,0.7097405775819872,0.6813509544787076,346479.0
2019-04-02,0.7244248653940283,0.7224669603524229,0.7322564855604503,0.6979931473323543,441338.0
2019-04-03,0.7234459128732256,0.7224669603524229,0.7263827704356338,0.7087616250611845,219991.0
2019-04-04,0.7263827704356338,0.7312775330396475,0.7410670582476749,0.7224669603524229,382211.0
2019-04-08,0.7420460107684776,0.7440039158100832,0.7528144884973078,0.7263827704356338,455534.0
2019-04-09,0.737151248164464,0.7234459128732256,0.737151248164464,0.7165932452276064,291114.0
2019-04-10,0.7234459128732256,0.7185511502692119,0.7234459128732256,0.7087616250611845,208388.0
2019-04-11,0.7185511502692119,0.7048458149779735,0.7244248653940283,0.7038668624571708,194037.0
2019-04-12,0.698972099853157,0.698972099853157,0.706803720019579,0.6930983847283406,145193.0
2019-04-15,0.7126774351443954,0.695056289769946,0.7175721977484091,0.6940773372491433,212418.0
2019-04-16,0.6862457170827214,0.7175721977484091,0.7185511502692119,0.6842878120411159,422693.0
2019-04-17,0.714635340186001,0.7136563876651981,0.7205090553108173,0.7097405775819872,240732.0
2019-04-18,0.7175721977484091,0.7038668624571708,0.7185511502692119,0.7019089574155652,179628.0
2019-04-19,0.7009300048947625,0.7097405775819872,0.71071953010279,0.6960352422907489,169973.0
2019-04-22,0.7097405775819872,0.695056289769946,0.71071953010279,0.6911404796867351,176846.0
2019-04-23,0.695056289769946,0.6872246696035241,0.695056289769946,0.6813509544787076,202752.0
2019-04-24,0.6872246696035241,0.6911404796867351,0.6911404796867351,0.6793930494371022,120969.0
2019-04-25,0.6872246696035241,0.6686245717082722,0.6901615271659324,0.6676456191874695,181246.0
2019-04-26,0.6656877141458639,0.6549192364170338,0.6705824767498776,0.6549192364170338,204056.0
2019-04-29,0.6558981889378365,0.6245717082721488,0.657856093979442,0.623592755751346,351784.0
2019-04-30,0.6245717082721488,0.631424375917768,0.6324033284385707,0.6206558981889378,212496.0
2019-05-06,0.6069505628976994,0.5834557023984336,0.6138032305433186,0.5805188448360253,256208.0
2019-05-07,0.5883504650024474,0.5912873225648555,0.5952031326480665,0.5834557023984336,177872.0
2019-05-08,0.5863925599608418,0.5912873225648555,0.597161037689672,0.5756240822320117,104894.0
2019-05-09,0.593245227606461,0.5883504650024474,0.5942241801272637,0.5854136074400391,127774.0
2019-05-10,0.5922662750856583,0.6030347528144885,0.6040137053352912,0.5814977973568282,291326.0
2019-05-13,0.5922662750856583,0.593245227606461,0.5991189427312775,0.5903083700440528,150930.0
2019-05-14,0.5883504650024474,0.5942241801272637,0.601076847772883,0.5883504650024474,140811.0
2019-05-15,0.5981399902104747,0.601076847772883,0.6020558002936857,0.5952031326480665,98193.0
2019-05-16,0.5981399902104747,0.6275085658345569,0.6284875183553598,0.5981399902104747,332108.0
2019-05-17,0.6284875183553598,0.5981399902104747,0.631424375917768,0.5952031326480665,934276.0
2019-05-20,0.601076847772883,0.6059716103768966,0.6059716103768966,0.5824767498776309,159411.0
2019-05-21,0.6079295154185022,0.6284875183553598,0.6324033284385707,0.5991189427312775,364951.0
2019-05-22,0.6284875183553598,0.6167400881057268,0.6294664708761625,0.6147821830641214,356337.0
2019-05-23,0.6147821830641214,0.6049926578560939,0.6177190406265296,0.6030347528144885,151239.0
2019-05-24,0.6049926578560939,0.5991189427312775,0.6138032305433186,0.5961820851688693,202839.0
2019-05-27,0.6020558002936857,0.6157611355849241,0.6157611355849241,0.5961820851688693,114805.0
2019-05-28,0.6138032305433186,0.6108663729809104,0.6167400881057268,0.6079295154185022,160603.0
2019-05-29,0.6118453255017131,0.6226138032305433,0.6284875183553598,0.6118453255017131,898008.0
2019-05-30,0.6167400881057268,0.6284875183553598,0.6304454233969652,0.6138032305433186,221862.0
2019-05-31,0.6275085658345569,0.6372980910425844,0.6421928536465982,0.623592755751346,253419.0
2019-06-03,0.6343612334801761,0.623592755751346,0.6363191385217817,0.6226138032305433,277802.0
2019-06-04,0.623592755751346,0.6147821830641214,0.631424375917768,0.6108663729809104,88893.0
2019-06-05,0.6186979931473323,0.6206558981889378,0.6245717082721488,0.6177190406265296,64139.0
2019-06-06,0.6186979931473323,0.6167400881057268,0.623592755751346,0.6128242780225158,63058.0
2019-06-10,0.6177190406265296,0.6226138032305433,0.623592755751346,0.6069505628976994,81177.0
2019-06-11,0.6226138032305433,0.6392559960841899,0.6421928536465982,0.6177190406265296,275661.0
2019-06-12,0.6402349486049926,0.6470876162506118,0.6627508565834557,0.6382770435633871,334976.0
2019-06-13,0.6451297112090063,0.6461086637298091,0.6510034263338228,0.6382770435633871,114413.0
2019-06-14,0.6461086637298091,0.6412139011257953,0.6558981889378365,0.6402349486049926,161435.0
2019-06-17,0.6363191385217817,0.6480665687714146,0.653940283896231,0.6363191385217817,85916.0
2019-06-18,0.6441507586882036,0.6372980910425844,0.6441507586882036,0.6304454233969652,312036.0
2019-06-19,0.6461086637298091,0.6382770435633871,0.6480665687714146,0.6372980910425844,296476.0
2019-06-20,0.6421928536465982,0.6500244738130201,0.6519823788546255,0.6343612334801761,377106.0
2019-06-21,0.6500244738130201,0.6607929515418502,0.6686245717082722,0.6470876162506118,359517.0
2019-06-24,0.6607929515418502,0.6647087616250612,0.6686245717082722,0.6588350465002447,212976.0
2019-06-25,0.6666666666666666,0.6676456191874695,0.6705824767498776,0.6568771414586393,187337.0
2019-06-26,0.6607929515418502,0.6510034263338228,0.6607929515418502,0.6490455212922173,216334.0
2019-06-27,0.6490455212922173,0.653940283896231,0.6549192364170338,0.6490455212922173,116516.0
2019-06-28,0.653940283896231,0.6490455212922173,0.6588350465002447,0.6461086637298091,98251.0
2019-07-01,0.6519823788546255,0.6588350465002447,0.6588350465002447,0.6461086637298091,209181.0
2019-07-02,0.6549192364170338,0.661771904062653,0.6627508565834557,0.6529613313754283,166742.0
2019-07-03,0.6676456191874695,0.657856093979442,0.6696035242290749,0.6568771414586393,108494.0
2019-07-04,0.657856093979442,0.6490455212922173,0.6607929515418502,0.6461086637298091,130760.0
2019-07-05,0.6490455212922173,0.6510034263338228,0.6529613313754283,0.6461086637298091,78357.0
2019-07-08,0.6451297112090063,0.6275085658345569,0.6500244738130201,0.6226138032305433,160402.0
2019-07-09,0.6216348507097406,0.6284875183553598,0.6284875183553598,0.6216348507097406,39387.0
2019-07-10,0.6284875183553598,0.6186979931473323,0.6284875183553598,0.6167400881057268,102249.0
2019-07-11,0.6255506607929515,0.6294664708761625,0.6343612334801761,0.6245717082721488,130588.0
2019-07-12,0.6294664708761625,0.6245717082721488,0.6294664708761625,0.6226138032305433,75707.0
2019-07-15,0.6245717082721488,0.6284875183553598,0.635340186000979,0.6177190406265296,2565500.0
2019-07-16,0.6284875183553598,0.6294664708761625,0.6324033284385707,0.6255506607929515,265270.0
2019-07-17,0.6284875183553598,0.6284875183553598,0.6304454233969652,0.6186979931473323,178577.0
2019-07-18,0.6304454233969652,0.6265296133137542,0.6372980910425844,0.6265296133137542,382665.0
2019-07-19,0.6324033284385707,0.6392559960841899,0.6431718061674009,0.631424375917768,257732.0
2019-07-22,0.6372980910425844,0.6245717082721488,0.6382770435633871,0.6138032305433186,338668.0
2019-07-23,0.6206558981889378,0.623592755751346,0.6245717082721488,0.6186979931473323,358180.0
2019-07-24,0.6245717082721488,0.6304454233969652,0.6333822809593734,0.6245717082721488,271608.0
2019-07-25,0.6304454233969652,0.6284875183553598,0.6304454233969652,0.6255506607929515,199206.0
2019-07-26,0.6265296133137542,0.6245717082721488,0.6275085658345569,0.6206558981889378,172251.0
2019-07-29,0.6255506607929515,0.623592755751346,0.6265296133137542,0.6226138032305433,127205.0
2019-07-30,0.623592755751346,0.6304454233969652,0.6324033284385707,0.623592755751346,249830.0
2019-07-31,0.6304454233969652,0.6324033284385707,0.6343612334801761,0.623592755751346,155111.0
2019-08-01,0.6255506607929515,0.6275085658345569,0.6333822809593734,0.6216348507097406,244770.0
2019-08-02,0.623592755751346,0.6304454233969652,0.6333822809593734,0.623592755751346,247599.0
2019-08-05,0.6284875183553598,0.6402349486049926,0.6441507586882036,0.6284875183553598,681988.0
2019-08-06,0.635340186000979,0.6226138032305433,0.6402349486049926,0.619676945668135,601394.0
2019-08-07,0.6304454233969652,0.6480665687714146,0.6519823788546255,0.6304454233969652,303346.0
2019-08-08,0.6549192364170338,0.6470876162506118,0.6607929515418502,0.6441507586882036,169730.0
2019-08-09,0.6461086637298091,0.6421928536465982,0.6549192364170338,0.6412139011257953,113252.0
2019-08-12,0.6412139011257953,0.6372980910425844,0.6412139011257953,0.631424375917768,244665.0
2019-08-13,0.6392559960841899,0.6480665687714146,0.6500244738130201,0.6382770435633871,212300.0
2019-08-14,0.6392559960841899,0.6441507586882036,0.6461086637298091,0.6363191385217817,1119252.99
2019-08-15,0.6363191385217817,0.6402349486049926,0.6421928536465982,0.6343612334801761,387093.99
2019-08-16,0.6412139011257953,0.6431718061674009,0.6480665687714146,0.6382770435633871,607442.99
2019-08-19,0.6441507586882036,0.6500244738130201,0.6510034263338228,0.6363191385217817,278961.0
2019-08-20,0.6480665687714146,0.6568771414586393,0.6598139990210474,0.6441507586882036,352765.99
2019-08-21,0.6549192364170338,0.6490455212922173,0.6549192364170338,0.6480665687714146,170387.0
2019-08-22,0.6470876162506118,0.6480665687714146,0.6480665687714146,0.6392559960841899,242042.0
2019-08-23,0.6451297112090063,0.6451297112090063,0.6480665687714146,0.6421928536465982,145187.0
2019-08-26,0.6470876162506118,0.6490455212922173,0.6519823788546255,0.6461086637298091,176451.0
2019-08-27,0.6441507586882036,0.653940283896231,0.653940283896231,0.6441507586882036,172499.0
2019-08-28,0.6519823788546255,0.6500244738130201,0.6549192364170338,0.6480665687714146,110134.0
2019-08-29,0.6500244738130201,0.6519823788546255,0.653940283896231,0.6461086637298091,117686.0
2019-08-30,0.6480665687714146,0.6519823788546255,0.6549192364170338,0.6470876162506118,132225.0
2019-09-02,0.653940283896231,0.6598139990210474,0.6607929515418502,0.6519823788546255,197628.0
2019-09-03,0.6607929515418502,0.6607929515418502,0.6607929515418502,0.6568771414586393,120332.0
2019-09-04,0.6627508565834557,0.6686245717082722,0.6705824767498776,0.661771904062653,212245.0
2019-09-05,0.6793930494371022,0.6754772393538913,0.6852667645619187,0.6696035242290749,409081.0
2019-09-06,0.6715614292706804,0.6676456191874695,0.6735193343122857,0.6656877141458639,200153.0
2019-09-09,0.6696035242290749,0.6784140969162995,0.6784140969162995,0.6666666666666666,156938.0
2019-09-10,0.676456191874694,0.6784140969162995,0.6862457170827214,0.6725403817914831,257578.0
2019-09-11,0.6823299069995105,0.6744982868330885,0.6823299069995105,0.6735193343122857,171451.0
2019-09-12,0.6754772393538913,0.6754772393538913,0.6774351443954967,0.6705824767498776,108792.0
2019-09-16,0.6784140969162995,0.6793930494371022,0.6793930494371022,0.6735193343122857,123764.0
2019-09-17,0.676456191874694,0.661771904062653,0.676456191874694,0.6607929515418502,177621.0
2019-09-18,0.6627508565834557,0.6588350465002447,0.6647087616250612,0.657856093979442,75465.0
2019-09-19,0.657856093979442,0.6666666666666666,0.6676456191874695,0.6568771414586393,90494.0
2019-09-20,0.6666666666666666,0.6676456191874695,0.6676456191874695,0.6637298091042585,78547.0
2019-09-23,0.6666666666666666,0.6607929515418502,0.6666666666666666,0.657856093979442,63777.0
2019-09-24,0.661771904062653,0.6647087616250612,0.6647087616250612,0.657856093979442,63958.0
2019-09-25,0.6647087616250612,0.6598139990210474,0.6656877141458639,0.653940283896231,72758.0
2019-09-26,0.6588350465002447,0.6392559960841899,0.6598139990210474,0.6372980910425844,160235.0
2019-09-27,0.6402349486049926,0.6372980910425844,0.6421928536465982,0.6333822809593734,103033.0
2019-09-30,0.6372980910425844,0.6294664708761625,0.6392559960841899,0.6294664708761625,59391.0
2019-10-08,0.631424375917768,0.6284875183553598,0.6324033284385707,0.6265296133137542,47455.0
2019-10-09,0.6284875183553598,0.635340186000979,0.635340186000979,0.6265296133137542,60842.0
2019-10-10,0.635340186000979,0.6372980910425844,0.6382770435633871,0.6333822809593734,31566.0
2019-10-11,0.6363191385217817,0.6343612334801761,0.6363191385217817,0.6294664708761625,86234.0
2019-10-14,0.635340186000979,0.6363191385217817,0.6392559960841899,0.6324033284385707,149635.0
2019-10-15,0.635340186000979,0.6245717082721488,0.6363191385217817,0.6245717082721488,149606.0
2019-10-16,0.6265296133137542,0.619676945668135,0.6275085658345569,0.6167400881057268,126901.0
2019-10-17,0.619676945668135,0.619676945668135,0.6216348507097406,0.6167400881057268,87287.0
2019-10-18,0.6206558981889378,0.6098874204601077,0.6216348507097406,0.6079295154185022,112208.0
2019-10-21,0.6098874204601077,0.6069505628976994,0.6118453255017131,0.6020558002936857,72144.0
2019-10-22,0.6089084679393049,0.6108663729809104,0.6118453255017131,0.6069505628976994,55788.0
2019-10-23,0.6118453255017131,0.6079295154185022,0.6118453255017131,0.6049926578560939,66712.0
2019-10-24,0.6079295154185022,0.6049926578560939,0.6079295154185022,0.6020558002936857,79549.0
2019-10-25,0.6059716103768966,0.6079295154185022,0.6098874204601077,0.6030347528144885,59535.0
2019-10-28,0.6069505628976994,0.6177190406265296,0.6186979931473323,0.6069505628976994,137393.0
2019-10-29,0.6157611355849241,0.6079295154185022,0.6167400881057268,0.6079295154185022,98506.0
2019-10-30,0.6098874204601077,0.6030347528144885,0.6098874204601077,0.6020558002936857,76218.0
2019-10-31,0.6040137053352912,0.6000978952520802,0.6059716103768966,0.6000978952520802,83885.0
2019-11-01,0.601076847772883,0.6069505628976994,0.6069505628976994,0.6000978952520802,61365.0
2019-11-04,0.6069505628976994,0.6098874204601077,0.6118453255017131,0.6059716103768966,73648.0
2019-11-05,0.6098874204601077,0.6147821830641214,0.6177190406265296,0.6059716103768966,166072.0
2019-11-06,0.6128242780225158,0.6147821830641214,0.6216348507097406,0.6098874204601077,171561.0
2019-11-07,0.6138032305433186,0.6118453255017131,0.6147821830641214,0.6089084679393049,80434.0
2019-11-08,0.6138032305433186,0.6089084679393049,0.6167400881057268,0.6079295154185022,81287.0
2019-11-11,0.6059716103768966,0.5952031326480665,0.6079295154185022,0.5942241801272637,149192.0
2019-11-12,0.5952031326480665,0.5903083700440528,0.5981399902104747,0.5873715124816445,105016.0
2019-11-13,0.5922662750856583,0.593245227606461,0.5942241801272637,0.5903083700440528,69205.0
2019-11-14,0.5922662750856583,0.5922662750856583,0.5922662750856583,0.5883504650024474,44008.0
2019-11-15,0.5893294175232501,0.5893294175232501,0.597161037689672,0.5883504650024474,48925.0
2019-11-18,0.5883504650024474,0.5922662750856583,0.593245227606461,0.5854136074400391,52906.0
2019-11-19,0.5912873225648555,0.6030347528144885,0.6040137053352912,0.5912873225648555,135561.34
2019-11-20,0.6030347528144885,0.6069505628976994,0.6098874204601077,0.601076847772883,144505.11
2019-11-21,0.6059716103768966,0.6059716103768966,0.6079295154185022,0.6020558002936857,75526.11
2019-11-22,0.6059716103768966,0.6098874204601077,0.6138032305433186,0.6049926578560939,171082.66
2019-11-25,0.6128242780225158,0.6206558981889378,0.6206558981889378,0.6020558002936857,195298.0
2019-11-26,0.6216348507097406,0.6186979931473323,0.6216348507097406,0.6108663729809104,195626.77
2019-11-27,0.6186979931473323,0.623592755751346,0.6265296133137542,0.6128242780225158,174032.54
2019-11-28,0.6245717082721488,0.6167400881057268,0.6245717082721488,0.6157611355849241,47545.0
2019-11-29,0.6167400881057268,0.6128242780225158,0.6167400881057268,0.6098874204601077,91887.0
2019-12-02,0.6118453255017131,0.6138032305433186,0.6157611355849241,0.6098874204601077,69859.77
2019-12-03,0.6108663729809104,0.6186979931473323,0.6206558981889378,0.6098874204601077,67198.0
2019-12-04,0.6167400881057268,0.6304454233969652,0.6324033284385707,0.6167400881057268,165992.0
2019-12-05,0.631424375917768,0.6324033284385707,0.6333822809593734,0.6245717082721488,142226.77
2019-12-06,0.6304454233969652,0.6304454233969652,0.6324033284385707,0.6284875183553598,91358.0
2019-12-09,0.6304454233969652,0.6304454233969652,0.6343612334801761,0.6275085658345569,81529.0
2019-12-10,0.6304454233969652,0.6363191385217817,0.6412139011257953,0.6294664708761625,169448.0
2019-12-11,0.6363191385217817,0.6324033284385707,0.6372980910425844,0.6294664708761625,118754.89
2019-12-12,0.635340186000979,0.631424375917768,0.6382770435633871,0.631424375917768,136895.89
2019-12-13,0.6324033284385707,0.6402349486049926,0.6402349486049926,0.6324033284385707,132234.89
2019-12-16,0.6412139011257953,0.6421928536465982,0.6431718061674009,0.6343612334801761,201067.0
2019-12-17,0.6421928536465982,0.6588350465002447,0.6588350465002447,0.6412139011257953,359417.0
2019-12-18,0.6588350465002447,0.6588350465002447,0.6598139990210474,0.6529613313754283,322756.0
2019-12-19,0.6558981889378365,0.6607929515418502,0.6607929515418502,0.6549192364170338,163002.0
2019-12-20,0.657856093979442,0.6519823788546255,0.6627508565834557,0.6490455212922173,175590.0
2019-12-23,0.6510034263338228,0.6470876162506118,0.6568771414586393,0.6431718061674009,257166.0
2019-12-24,0.6470876162506118,0.6774351443954967,0.6793930494371022,0.6470876162506118,578609.0
2019-12-25,0.6784140969162995,0.676456191874694,0.6784140969162995,0.6705824767498776,310055.0
2019-12-26,0.6744982868330885,0.6833088595203132,0.6852667645619187,0.6744982868330885,370913.0
2019-12-27,0.6891825746451297,0.7038668624571708,0.7263827704356338,0.6862457170827214,1359937.0
2019-12-30,0.7009300048947625,0.71071953010279,0.7116984826235927,0.6930983847283406,1234539.0
2019-12-31,0.7058247674987762,0.71071953010279,0.7156142927068037,0.7038668624571708,850309.0
2020-01-02,0.7224669603524229,0.7205090553108173,0.7254038179148311,0.7116984826235927,750479.0
2020-01-03,0.7224669603524229,0.7322564855604503,0.7391091532060694,0.7165932452276064,1474403.0
2020-01-06,0.7391091532060694,0.7586882036221243,0.7606461086637297,0.7391091532060694,1458400.77
2020-01-07,0.7508565834557024,0.7488986784140969,0.7537934410181106,0.7420460107684776,1154906.77
2020-01-08,0.7586882036221243,0.7488986784140969,0.7714145863925599,0.7440039158100832,1301119.0
2020-01-09,0.7410670582476749,0.7400881057268722,0.7479197258932941,0.7351933431228584,1043839.0
2020-01-10,0.7381302006852667,0.7361722956436613,0.7400881057268722,0.7293196279980421,585452.34
2020-01-13,0.7351933431228584,0.7420460107684776,0.7440039158100832,0.7283406754772392,862244.0
2020-01-14,0.7440039158100832,0.759667156142927,0.7684777288301518,0.7440039158100832,1421222.0
2020-01-15,0.7528144884973078,0.7430249632892805,0.7557513460597161,0.737151248164464,728466.34
2020-01-16,0.7391091532060694,0.7391091532060694,0.7488986784140969,0.7351933431228584,390057.0
2020-01-17,0.7430249632892805,0.737151248164464,0.7440039158100832,0.7302985805188448,446196.0
2020-01-20,0.7351933431228584,0.7410670582476749,0.7420460107684776,0.7283406754772392,638792.0
2020-01-21,0.7420460107684776,0.7234459128732256,0.7420460107684776,0.7185511502692119,733960.0
2020-01-22,0.7165932452276064,0.7283406754772392,0.7351933431228584,0.706803720019579,1146212.0
2020-01-23,0.7224669603524229,0.706803720019579,0.7312775330396475,0.695056289769946,924916.77
2020-02-03,0.6363191385217817,0.6363191385217817,0.6568771414586393,0.6363191385217817,362203.77
2020-02-04,0.6343612334801761,0.6490455212922173,0.6999510523739598,0.6304454233969652,661707.11
2020-02-05,0.6500244738130201,0.6676456191874695,0.6784140969162995,0.6461086637298091,636495.0
2020-02-06,0.6676456191874695,0.676456191874694,0.6774351443954967,0.6549192364170338,688899.0
2020-02-07,0.6676456191874695,0.6696035242290749,0.6744982868330885,0.657856093979442,483705.0
2020-02-10,0.6637298091042585,0.6999510523739598,0.7009300048947625,0.6637298091042585,741370.77
2020-02-11,0.6999510523739598,0.6960352422907489,0.7077826725403817,0.6882036221243268,725089.77
2020-02-12,0.6921194322075378,0.7322564855604503,0.733235438081253,0.6911404796867351,888418.77
2020-02-13,0.733235438081253,0.7312775330396475,0.7479197258932941,0.7244248653940283,1264545.83
2020-02-14,0.7302985805188448,0.7488986784140969,0.7606461086637297,0.7302985805188448,1202678.77
2020-02-17,0.7528144884973078,0.7645619187469408,0.7665198237885462,0.7430249632892805,1054382.0
2020-02-18,0.7684777288301518,0.7674987763093489,0.7723935389133627,0.7557513460597161,874520.0
2020-02-19,0.763582966226138,0.7498776309348996,0.763582966226138,0.7469407733724914,1011918.94
2020-02-20,0.7479197258932941,0.7537934410181106,0.7537934410181106,0.7400881057268722,766916.94
2020-02-21,0.7557513460597161,0.7665198237885462,0.7694566813509545,0.7547723935389133,1211298.0
2020-02-24,0.7694566813509545,0.7626040137053353,0.775330396475771,0.7459618208516886,897482.0
2020-02-25,0.7440039158100832,0.7674987763093489,0.7694566813509545,0.7400881057268722,961865.0
2020-02-26,0.7488986784140969,0.7400881057268722,0.7586882036221243,0.737151248164464,870900.0
2020-02-27,0.7410670582476749,0.7381302006852667,0.7469407733724914,0.733235438081253,438341.0
2020-02-28,0.7136563876651981,0.6901615271659324,0.7234459128732256,0.6882036221243268,891677.0
2020-03-02,0.6940773372491433,0.71071953010279,0.7136563876651981,0.6911404796867351,473276.0
2020-03-03,0.7263827704356338,0.7185511502692119,0.7322564855604503,0.7126774351443954,643973.0
2020-03-04,0.7185511502692119,0.7293196279980421,0.7302985805188448,0.714635340186001,603205.0
2020-03-05,0.737151248164464,0.7351933431228584,0.737151248164464,0.7234459128732256,986207.0
2020-03-06,0.7302985805188448,0.7342143906020557,0.7430249632892805,0.7273617229564365,599173.0
2020-03-09,0.7224669603524229,0.6970141948115516,0.7273617229564365,0.695056289769946,1015040.0
2020-03-10,0.6862457170827214,0.706803720019579,0.706803720019579,0.6754772393538913,719503.0
2020-03-11,0.7087616250611845,0.6970141948115516,0.7087616250611845,0.6960352422907489,389694.0
2020-03-12,0.6882036221243268,0.6784140969162995,0.6882036221243268,0.6715614292706804,486985.0
2020-03-13,0.6470876162506118,0.6647087616250612,0.6725403817914831,0.6372980910425844,749947.0
2020-03-16,0.6647087616250612,0.6363191385217817,0.6705824767498776,0.6343612334801761,571257.34
2020-03-17,0.6382770435633871,0.6284875183553598,0.6461086637298091,0.6128242780225158,762577.0
2020-03-18,0.6324033284385707,0.6167400881057268,0.6392559960841899,0.6147821830641214,383972.0
2020-03-19,0.6147821830641214,0.6118453255017131,0.6167400881057268,0.5952031326480665,874098.0
2020-03-20,0.6147821830641214,0.6226138032305433,0.6226138032305433,0.6040137053352912,499114.0
2020-03-23,0.6049926578560939,0.5961820851688693,0.6098874204601077,0.5942241801272637,709426.0
2020-03-24,0.6167400881057268,0.623592755751346,0.6245717082721488,0.6069505628976994,843263.0
2020-03-25,0.6421928536465982,0.6382770435633871,0.6451297112090063,0.6324033284385707,1117486.08
2020-03-26,0.6324033284385707,0.6304454233969652,0.6372980910425844,0.6245717082721488,449982.12
2020-03-27,0.6343612334801761,0.6255506607929515,0.6363191385217817,0.6255506607929515,651369.0
2020-03-30,0.619676945668135,0.6108663729809104,0.619676945668135,0.6059716103768966,381523.0
2020-03-31,0.6138032305433186,0.6177190406265296,0.6216348507097406,0.6098874204601077,809849.0
2020-04-01,0.6147821830641214,0.6284875183553598,0.6324033284385707,0.6118453255017131,658159.12
2020-04-02,0.6206558981889378,0.6333822809593734,0.6333822809593734,0.6157611355849241,993034.12
2020-04-03,0.631424375917768,0.6255506607929515,0.6363191385217817,0.6245717082721488,755171.0
2020-04-07,0.6382770435633871,0.6480665687714146,0.6500244738130201,0.6363191385217817,737682.0
2020-04-08,0.6431718061674009,0.6519823788546255,0.657856093979442,0.6421928536465982,566119.0
2020-04-09,0.6549192364170338,0.6500244738130201,0.6549192364170338,0.6461086637298091,440797.0
2020-04-10,0.6568771414586393,0.6382770435633871,0.6588350465002447,0.6382770435633871,489419.92
2020-04-13,0.635340186000979,0.635340186000979,0.6392559960841899,0.6324033284385707,283186.0
2020-04-14,0.6402349486049926,0.6598139990210474,0.6607929515418502,0.6402349486049926,703208.92
2020-04-15,0.657856093979442,0.653940283896231,0.6627508565834557,0.6519823788546255,441989.0
2020-04-16,0.6480665687714146,0.653940283896231,0.6558981889378365,0.6451297112090063,299246.0
2020-04-17,0.6568771414586393,0.6500244738130201,0.657856093979442,0.6480665687714146,413073.0
2020-04-20,0.6480665687714146,0.6510034263338228,0.6510034263338228,0.6431718061674009,272928.0
2020-04-21,0.6461086637298091,0.6382770435633871,0.6470876162506118,0.6333822809593734,390280.0
2020-04-22,0.631424375917768,0.6402349486049926,0.6412139011257953,0.631424375917768,305752.72
2020-04-23,0.6421928536465982,0.6412139011257953,0.6461086637298091,0.6392559960841899,260374.0
2020-04-24,0.6402349486049926,0.6392559960841899,0.6461086637298091,0.635340186000979,261006.0
2020-04-27,0.6343612334801761,0.6294664708761625,0.6363191385217817,0.6284875183553598,306517.0
2020-04-28,0.6265296133137542,0.6186979931473323,0.6284875183553598,0.6049926578560939,364221.0
2020-04-29,0.6157611355849241,0.6206558981889378,0.6255506607929515,0.6157611355849241,439016.0
2020-04-30,0.6245717082721488,0.6372980910425844,0.6372980910425844,0.6226138032305433,400723.0
2020-05-06,0.6304454233969652,0.653940283896231,0.653940283896231,0.6294664708761625,761994.0
2020-05-07,0.6490455212922173,0.6500244738130201,0.653940283896231,0.6461086637298091,375626.0
2020-05-08,0.6549192364170338,0.6588350465002447,0.661771904062653,0.6480665687714146,461695.0
2020-05-11,0.6598139990210474,0.6490455212922173,0.6598139990210474,0.6461086637298091,526230.0
2020-05-12,0.6470876162506118,0.6431718061674009,0.6480665687714146,0.6372980910425844,445505.0
2020-05-13,0.6392559960841899,0.6461086637298091,0.6490455212922173,0.6382770435633871,299057.0
2020-05-14,0.6441507586882036,0.6431718061674009,0.6490455212922173,0.6421928536465982,239346.0
2020-05-15,0.6461086637298091,0.6519823788546255,0.653940283896231,0.6441507586882036,411938.0
2020-05-18,0.6568771414586393,0.6725403817914831,0.6803720019579049,0.653940283896231,1332962.0
2020-05-19,0.6715614292706804,0.6666666666666666,0.6715614292706804,0.6627508565834557,839714.0
2020-05-20,0.6676456191874695,0.6637298091042585,0.6754772393538913,0.661771904062653,616335.0
2020-05-21,0.6656877141458639,0.653940283896231,0.6666666666666666,0.6510034263338228,495988.0
2020-05-22,0.6500244738130201,0.6431718061674009,0.6510034263338228,0.6363191385217817,498288.0
2020-05-25,0.6412139011257953,0.6363191385217817,0.6421928536465982,0.631424375917768,415890.84
2020-05-26,0.6392559960841899,0.6470876162506118,0.6480665687714146,0.6382770435633871,469648.0
2020-05-27,0.6451297112090063,0.6451297112090063,0.6470876162506118,0.6392559960841899,385708.0
2020-05-28,0.6451297112090063,0.6558981889378365,0.6568771414586393,0.6412139011257953,532901.25
2020-05-29,0.6500244738130201,0.6588350465002447,0.6598139990210474,0.6500244738130201,342124.0
2020-06-01,0.6598139990210474,0.6715614292706804,0.6725403817914831,0.6568771414586393,798103.0
2020-06-02,0.6715614292706804,0.6705824767498776,0.6754772393538913,0.6676456191874695,455760.25
2020-06-03,0.6705824767498776,0.6647087616250612,0.6705824767498776,0.6637298091042585,422215.0
2020-06-04,0.6627508565834557,0.6676456191874695,0.6696035242290749,0.6627508565834557,292486.0
2020-06-05,0.6656877141458639,0.6666666666666666,0.6666666666666666,0.6598139990210474,237399.0
2020-06-08,0.6686245717082722,0.6725403817914831,0.6774351443954967,0.6666666666666666,483228.0
2020-06-09,0.6744982868330885,0.6725403817914831,0.6784140969162995,0.6696035242290749,490566.0
2020-06-10,0.6735193343122857,0.6676456191874695,0.6754772393538913,0.6656877141458639,343862.0
2020-06-11,0.6715614292706804,0.6735193343122857,0.6774351443954967,0.6686245717082722,638929.0
2020-06-12,0.6607929515418502,0.6666666666666666,0.6686245717082722,0.6568771414586393,375978.0
2020-06-15,0.6598139990210474,0.657856093979442,0.6676456191874695,0.6558981889378365,360231.0
2020-06-16,0.6598139990210474,0.6793930494371022,0.6803720019579049,0.6598139990210474,676009.0
2020-06-17,0.6784140969162995,0.6803720019579049,0.6823299069995105,0.6725403817914831,390548.0
2020-06-18,0.6803720019579049,0.6842878120411159,0.6872246696035241,0.6744982868330885,627727.0
2020-06-19,0.6842878120411159,0.6872246696035241,0.6891825746451297,0.6803720019579049,435873.0
2020-06-22,0.6930983847283406,0.6921194322075378,0.7009300048947625,0.6901615271659324,597693.02
2020-06-23,0.695056289769946,0.6940773372491433,0.6970141948115516,0.6891825746451297,381532.0
2020-06-24,0.6960352422907489,0.6940773372491433,0.698972099853157,0.6911404796867351,423367.0
2020-06-29,0.6911404796867351,0.6872246696035241,0.695056289769946,0.6833088595203132,428623.0
2020-06-30,0.6872246696035241,0.6930983847283406,0.695056289769946,0.6862457170827214,413973.16
2020-07-01,0.6970141948115516,0.706803720019579,0.7087616250611845,0.6970141948115516,596578.0
2020-07-02,0.7087616250611845,0.714635340186001,0.7156142927068037,0.698972099853157,1874826.0
2020-07-03,0.7244248653940283,0.7342143906020557,0.7342143906020557,0.7185511502692119,3573573.0
2020-07-06,0.7586882036221243,0.8007831620166421,0.8076358296622613,0.7342143906020557,9092002.0
2020-07-07,0.8330885952031326,0.7841409691629956,0.8399412628487518,0.7743514439549681,9198899.0
2020-07-08,0.7851199216837983,0.8242780225159079,0.8252569750367106,0.775330396475771,7067382.45
2020-07-09,0.8409202153695545,0.8497307880567792,0.8565834557023984,0.8174253548702887,8543946.45
2020-07-10,0.8340675477239353,0.8223201174743024,0.8399412628487518,0.8184043073910915,4910395.07
2020-07-13,0.8272148800783161,0.8790993636808614,0.8810572687224669,0.8272148800783161,6786901.44
2020-07-14,0.8634361233480176,0.8448360254527655,0.8634361233480176,0.8281938325991188,9054484.85
2020-07-15,0.8526676456191874,0.8144884973078804,0.8595203132648066,0.8076358296622613,5315106.96
2020-07-16,0.8174253548702887,0.7841409691629956,0.8311306901615271,0.7782672540381791,4861856.61
2020-07-17,0.7831620166421929,0.7812041116005873,0.793930494371023,0.7684777288301518,3391592.61
2020-07-20,0.7890357317670093,0.8272148800783161,0.8281938325991188,0.7851199216837983,5839003.34
2020-07-21,0.8340675477239353,0.8223201174743024,0.838962310327949,0.8135095447870777,3831204.42
2020-07-22,0.8516886930983847,0.8340675477239353,0.8604992657856093,0.8291727851199217,5983083.55
2020-07-23,0.8330885952031326,0.838962310327949,0.8467939304943709,0.8184043073910915,4715116.26
2020-07-24,0.835046500244738,0.8046989720998531,0.84287812041116,0.7988252569750366,5284052.56
2020-07-27,0.8135095447870777,0.8399412628487518,0.8418991678903572,0.808614782183064,6770157.12
2020-07-28,0.8634361233480176,0.8330885952031326,0.8722466960352422,0.8281938325991188,7419791.11
2020-07-29,0.8321096426823298,0.8448360254527655,0.8458149779735682,0.8193832599118942,4088183.78
2020-07-30,0.8458149779735682,0.8330885952031326,0.8497307880567792,0.8301517376407244,3370861.78
2020-07-31,0.8311306901615271,0.8409202153695545,0.8438570729319628,0.8223201174743024,4160773.11
2020-08-03,0.8418991678903572,0.8565834557023984,0.8585413607440039,0.8321096426823298,5116874.45
2020-08-04,0.8634361233480176,0.8546255506607929,0.869309838472834,0.8516886930983847,4888051.18
2020-08-05,0.8634361233480176,0.8800783162016642,0.8859520313264806,0.850709740577582,6500846.4
2020-08-06,0.8859520313264806,0.9045521292217327,0.9123837493881547,0.8810572687224669,8296619.83
2020-08-07,0.9114047968673519,0.8928046989720998,0.9192364170337738,0.8761625061184533,8783706.84
2020-08-10,0.8742046010768477,0.8712677435144395,0.8761625061184533,0.8536465981399901,5182845.95
2020-08-11,0.8663729809104258,0.8418991678903572,0.8702887909936368,0.8340675477239353,6225526.49
2020-08-12,0.812530592266275,0.8193832599118942,0.8223201174743024,0.793930494371023,5992359.46
2020-08-13,0.8213411649534996,0.8154674498286832,0.8232990699951052,0.812530592266275,2248654.71
2020-08-14,0.8184043073910915,0.8193832599118942,0.8272148800783161,0.8095937347038668,2225861.93
2020-08-17,0.8193832599118942,0.8477728830151737,0.8497307880567792,0.8135095447870777,4104939.93
2020-08-18,0.8565834557023984,0.8595203132648066,0.8663729809104258,0.8526676456191874,3566035.0
2020-08-19,0.8634361233480176,0.8546255506607929,0.8663729809104258,0.8497307880567792,3443415.95
2020-08-20,0.8370044052863436,0.8340675477239353,0.8438570729319628,0.8330885952031326,1903176.5
2020-08-21,0.8370044052863436,0.8321096426823298,0.84287812041116,0.8272148800783161,1207287.55
2020-08-24,0.8321096426823298,0.8409202153695545,0.8458149779735682,0.8252569750367106,1441881.4
2020-08-25,0.8418991678903572,0.8272148800783161,0.8448360254527655,0.8223201174743024,1943208.37
2020-08-26,0.8232990699951052,0.8066568771414585,0.8272148800783161,0.8027410670582475,1655435.49
2020-08-27,0.812530592266275,0.8154674498286832,0.816446402349486,0.8056779246206558,831975.0
2020-08-28,0.8095937347038668,0.8272148800783161,0.8272148800783161,0.8046989720998531,1736870.55
2020-08-31,0.8321096426823298,0.838962310327949,0.8536465981399901,0.8321096426823298,2887343.68
2020-09-01,0.8370044052863436,0.8526676456191874,0.8546255506607929,0.835046500244738,2070580.0
2020-09-02,0.850709740577582,0.8340675477239353,0.850709740577582,0.8291727851199217,2133623.0
2020-09-03,0.8281938325991188,0.8223201174743024,0.8340675477239353,0.8193832599118942,1355412.0
2020-09-04,0.8115516397454723,0.8193832599118942,0.8193832599118942,0.808614782183064,1004358.0
2020-09-07,0.8213411649534996,0.812530592266275,0.8340675477239353,0.8066568771414585,1770689.52
2020-09-08,0.812530592266275,0.816446402349486,0.8184043073910915,0.7968673519334312,1425350.0
2020-09-09,0.8027410670582475,0.7919725893294175,0.8046989720998531,0.7880567792462065,1906843.21
2020-09-10,0.8027410670582475,0.7890357317670093,0.8076358296622613,0.7860988742046011,1395790.21
2020-09-11,0.7841409691629956,0.7909936368086148,0.7919725893294175,0.7792462065589819,876993.76
2020-09-14,0.7929515418502202,0.8056779246206558,0.8115516397454723,0.7929515418502202,1553894.68
2020-09-15,0.808614782183064,0.8144884973078804,0.8154674498286832,0.8056779246206558,1037216.89
2020-09-16,0.8095937347038668,0.8066568771414585,0.812530592266275,0.8027410670582475,740324.0
2020-09-17,0.8037200195790503,0.7978463044542339,0.8056779246206558,0.7929515418502202,749344.32
2020-09-18,0.7978463044542339,0.8203622124326969,0.8223201174743024,0.7968673519334312,1562918.0
2020-09-21,0.8232990699951052,0.8154674498286832,0.8281938325991188,0.8115516397454723,1451944.0
2020-09-22,0.7998042094958393,0.7929515418502202,0.8066568771414585,0.7900146842878121,1899486.87
2020-09-23,0.7949094468918257,0.7900146842878121,0.7978463044542339,0.7851199216837983,1005500.87
2020-09-24,0.7812041116005873,0.7586882036221243,0.78218306412139,0.7557513460597161,2675894.0
2020-09-25,0.763582966226138,0.759667156142927,0.7655408712677435,0.7537934410181106,975283.72
2020-09-28,0.759667156142927,0.7577092511013216,0.7616250611845325,0.7537934410181106,843411.0
2020-09-29,0.7616250611845325,0.7606461086637297,0.7694566813509545,0.7606461086637297,875917.51
2020-09-30,0.7626040137053353,0.7547723935389133,0.763582966226138,0.7488986784140969,874527.0
2020-10-09,0.7655408712677435,0.7772883015173764,0.78218306412139,0.7645619187469408,1455608.16
2020-10-12,0.7870778267254038,0.7988252569750366,0.7998042094958393,0.7792462065589819,2073598.3
2020-10-13,0.793930494371023,0.7958883994126283,0.7978463044542339,0.7870778267254038,1481366.37
2020-10-14,0.7890357317670093,0.7880567792462065,0.7909936368086148,0.7841409691629956,912124.26
2020-10-15,0.7851199216837983,0.7880567792462065,0.7949094468918257,0.7851199216837983,1030113.06
2020-10-16,0.7909936368086148,0.7851199216837983,0.793930494371023,0.7802251590797846,772040.0
2020-10-19,0.7870778267254038,0.7900146842878121,0.7929515418502202,0.78218306412139,853865.99
2020-10-20,0.7841409691629956,0.7909936368086148,0.7909936368086148,0.7772883015173764,1004030.99
2020-10-21,0.7929515418502202,0.7919725893294175,0.7978463044542339,0.7870778267254038,1179139.73
2020-10-22,0.7900146842878121,0.7890357317670093,0.7909936368086148,0.7792462065589819,613192.0
2020-10-23,0.7860988742046011,0.7792462065589819,0.7929515418502202,0.7782672540381791,904692.96
2020-10-26,0.7763093489965737,0.7772883015173764,0.7812041116005873,0.7684777288301518,799423.85
2020-10-27,0.7763093489965737,0.7860988742046011,0.7860988742046011,0.7743514439549681,681375.0
2020-10-28,0.7851199216837983,0.7958883994126283,0.7978463044542339,0.7812041116005873,1179104.68
2020-10-29,0.78218306412139,0.7909936368086148,0.793930494371023,0.7782672540381791,1051820.68
2020-10-30,0.7880567792462065,0.7704356338717572,0.7919725893294175,0.7694566813509545,1227091.16
2020-11-02,0.7694566813509545,0.78218306412139,0.7841409691629956,0.7694566813509545,1125119.27
2020-11-03,0.7870778267254038,0.8213411649534996,0.8242780225159079,0.7870778267254038,3210925.71
2020-11-04,0.8213411649534996,0.8193832599118942,0.8242780225159079,0.812530592266275,1612902.35
2020-11-05,0.8262359275575134,0.8330885952031326,0.8340675477239353,0.8184043073910915,1977779.03
2020-11-06,0.8487518355359764,0.8458149779735682,0.8575624082232011,0.838962310327949,3004168.17
2020-11-09,0.8526676456191874,0.8781204111600587,0.8839941262848752,0.8526676456191874,3094019.56
2020-11-10,0.8712677435144395,0.8565834557023984,0.8712677435144395,0.8516886930983847,2568947.0
2020-11-11,0.8526676456191874,0.8477728830151737,0.8624571708272148,0.8458149779735682,1769576.0
2020-11-12,0.8438570729319628,0.850709740577582,0.8565834557023984,0.8379833578071463,1371695.22
2020-11-13,0.8536465981399901,0.8624571708272148,0.869309838472834,0.8516886930983847,1994692.31
2020-11-16,0.8673519334312285,0.90357317670093,0.9114047968673519,0.8614782183064121,5390645.84
2020-11-17,0.8986784140969163,0.8888888888888888,0.9074889867841409,0.8790993636808614,3879195.34
2020-11-18,0.8869309838472834,0.8937836514929025,0.9094468918257465,0.8810572687224669,4038730.94
2020-11-19,0.8908467939304944,0.8810572687224669,0.8908467939304944,0.869309838472834,3031380.62
2020-11-20,0.8761625061184533,0.9143416544297601,0.918257464512971,0.8761625061184533,4688173.6
2020-11-23,0.9231522271169847,0.9437102300538422,0.9603524229074889,0.9192364170337738,5633533.01
2020-11-24,0.936857562408223,0.9554576603034752,0.9583945178658834,0.9231522271169847,5311072.99
2020-11-25,0.9544787077826724,0.9290259422418011,0.9623103279490944,0.9241311796377875,6076604.5
2020-11-26,0.9260890846793929,0.9290259422418011,0.9329417523250121,0.9143416544297601,4643002.82
2020-11-27,0.9309838472834067,0.9251101321585902,0.9329417523250121,0.90357317670093,5126647.13
2020-11-30,0.9241311796377875,0.9378365149290259,0.9583945178658834,0.9192364170337738,6863713.06
2020-12-01,0.9280469897209984,0.9456681350954478,0.9466470876162505,0.9202153695545765,3498106.53
2020-12-02,0.952520802741067,0.9397944199706313,0.9603524229074889,0.9319627998042094,4027407.67
2020-12-03,0.9290259422418011,0.9104258443465492,0.936857562408223,0.9094468918257465,5110478.34
2020-12-04,0.9094468918257465,0.9329417523250121,0.9339207048458149,0.9065100342633382,3861742.94
2020-12-07,0.9280469897209984,0.9241311796377875,0.9397944199706313,0.9202153695545765,2494600.62
2020-12-08,0.9280469897209984,0.9270680372001957,0.9358786098874203,0.9172785119921684,2153225.04
2020-12-09,0.9280469897209984,0.9153206069505628,0.9417523250122368,0.9133627019089574,2096739.39
2020-12-10,0.9065100342633382,0.9025942241801272,0.9084679393049437,0.8908467939304944,2675190.0
2020-12-11,0.9172785119921684,0.8928046989720998,0.9231522271169847,0.8790993636808614,3441921.0
2020-12-14,0.8810572687224669,0.899657366617719,0.9016152716593245,0.8722466960352422,2128990.0
2020-12-15,0.8928046989720998,0.8976994615761136,0.9006363191385217,0.8839941262848752,2014778.0
2020-12-16,0.899657366617719,0.895741556534508,0.9084679393049437,0.8898678414096916,1716971.75
2020-12-17,0.895741556534508,0.9378365149290259,0.9378365149290259,0.8928046989720998,4622648.15
2020-12-18,0.9378365149290259,0.9554576603034752,0.9613313754282916,0.9329417523250121,4821718.78
2020-12-21,0.9593734703866862,0.9828683308859519,0.9838472834067546,0.952520802741067,3389623.79
2020-12-22,0.9681840430739108,0.9329417523250121,0.9701419481155164,0.930004894762604,4020576.97
2020-12-23,0.9270680372001957,0.9495839451786587,0.9632892804698971,0.9270680372001957,2600925.06
2020-12-24,0.9534997552618697,0.9554576603034752,0.9711209006363191,0.9476260401370532,2290583.22
2020-12-25,0.9476260401370532,1.005384238864415,1.0063631913852178,0.9446891825746451,4500105.51
2020-12-28,1.0083210964268232,1.0102790014684286,1.0200685266764562,0.9926578560939794,4303946.62
2020-12-29,1.0024473813020067,0.9554576603034752,1.005384238864415,0.9544787077826724,5261260.88
2020-12-30,0.9574155653450807,0.9848262359275575,0.9946157611355849,0.9574155653450807,3622438.78
2020-12-31,0.9809104258443465,0.9975526186979929,1.0083210964268232,0.978952520802741,2731499.69
2021-01-04,1.0112579539892315,1.0602055800293684,1.0670582476749877,1.0112579539892315,3834517.98
2021-01-05,1.0572687224669604,1.0680372001957903,1.0778267254038179,1.039647577092511,3662809.33
2021-01-06,1.0768477728830153,1.0709740577581988,1.0905531081742537,1.0523739598629465,3809992.16
2021-01-07,1.0660792951541849,1.1130690161527166,1.1209006363191385,1.062163485070974,5596501.7
2021-01-08,1.1238374938815465,1.1101321585903081,1.133627019089574,1.0680372001957903,6525105.72
2021-01-11,1.09642682329907,1.0670582476749877,1.1140479686735192,1.0572687224669604,6199648.01
2021-01-12,1.0455212922173274,1.0905531081742537,1.0915320606950563,1.0376896720509055,5370764.76
2021-01-13,1.0895741556534506,1.058247674987763,1.1199216837983357,1.0484581497797356,5315014.23
2021-01-14,1.0416054821341165,1.0327949094468918,1.054331864904552,1.0230053842388642,3840748.9
2021-01-15,1.0376896720509055,1.0425844346549191,1.0513950073421439,1.0112579539892315,4047977.18
2021-01-18,1.0347528144884972,1.0602055800293684,1.0651003426333823,1.0210474791972588,3886040.75
2021-01-19,1.055310817425355,1.0230053842388642,1.062163485070974,1.0151737640724423,4480316.74
2021-01-20,1.0230053842388642,1.0523739598629465,1.0562897699461575,1.0230053842388642,4296597.43
2021-01-21,1.0533529123837493,1.092511013215859,1.1023005384238862,1.0484581497797356,4834531.18
2021-01-22,1.0905531081742537,1.1023005384238862,1.1130690161527166,1.0729319627998042,5033777.23
2021-01-25,1.0993636808614782,1.1160058737151246,1.1483113069016153,1.09642682329907,4662216.83
2021-01-26,1.1062163485070973,1.095447870778267,1.118942731277533,1.0719530102790014,4063405.56
2021-01-27,1.0915320606950563,1.0866372980910426,1.0983847283406756,1.0533529123837493,3937096.74
2021-01-28,1.0592266275085658,1.0484581497797356,1.0837004405286343,1.0445423396965245,3487223.33
2021-01-29,1.0651003426333823,1.0367107195301026,1.0719530102790014,1.0132158590308369,3047630.28
2021-02-01,1.043563387175722,1.0484581497797356,1.055310817425355,1.0288790993636807,2396286.43
2021-02-02,1.055310817425355,1.0788056779246207,1.0827214880078315,1.0416054821341165,2919822.89
2021-02-03,1.0670582476749877,1.0856583455702398,1.1101321585903081,1.0631424375917768,3148437.32
2021-02-04,1.0768477728830153,1.0406265296133137,1.0797846304454233,1.023984336759667,3610932.5
2021-02-05,1.0347528144884972,0.9906999510523739,1.04650024473813,0.9867841409691629,4484657.09
2021-02-08,0.9975526186979929,1.031815956926089,1.0347528144884972,0.9848262359275575,3709889.0
2021-02-09,1.038668624571708,1.0866372980910426,1.0866372980910426,1.038668624571708,3902267.41
2021-02-10,1.0856583455702398,1.1101321585903081,1.115026921194322,1.0680372001957903,3224379.07
2021-02-18,1.2207537934410182,1.1992168379833579,1.2207537934410182,1.1610376896720507,8092451.53
2021-02-19,1.179637787567303,1.1972589329417522,1.206069505628977,1.1483113069016153,7476572.83
2021-02-22,1.2373959862946646,1.262848751835536,1.3166911404796866,1.2373959862946646,9726702.9
2021-02-23,1.2481644640234948,1.2364170337738618,1.2677435144395495,1.2207537934410182,9788304.73
2021-02-24,1.2276064610866373,1.1815956926089084,1.2530592266275085,1.1688693098384726,9640926.81
2021-02-25,1.2178169358786097,1.1688693098384726,1.2227116984826236,1.1629955947136563,9192927.1
2021-02-26,1.1160058737151246,1.1209006363191385,1.1473323543808123,1.1081742535487027,7612760.01
2021-03-01,1.121879588839941,1.160058737151248,1.1610376896720507,1.115026921194322,7355585.74
2021-03-02,1.1502692119432207,1.1209006363191385,1.1541850220264316,1.111111111111111,6572589.0
2021-03-03,1.126774351443955,1.1629955947136563,1.1639745472344591,1.1209006363191385,6758168.85
2021-03-04,1.1316691140479684,1.1160058737151246,1.137542829172785,1.1062163485070973,6181306.9
2021-03-05,1.0768477728830153,1.0778267254038179,1.0905531081742537,1.054331864904552,6160023.08
2021-03-08,1.09642682329907,1.0455212922173274,1.1071953010279,1.0445423396965245,4580397.67
2021-03-09,1.0376896720509055,1.0269211943220753,1.0641213901125794,0.9946157611355849,6081313.57
2021-03-10,1.0416054821341165,1.0327949094468918,1.047479197258933,1.0210474791972588,3539024.33
2021-03-11,1.0376896720509055,1.0974057758198728,1.0983847283406756,1.0288790993636807,7370496.42
2021-03-12,1.1013215859030836,1.080763582966226,1.1013215859030836,1.0680372001957903,5745933.88
2021-03-15,1.0739109153206068,1.0856583455702398,1.1052373959862947,1.0651003426333823,5154585.0
2021-03-16,1.0856583455702398,1.0592266275085658,1.0856583455702398,1.0416054821341165,3777730.77
2021-03-17,1.0425844346549191,1.0660792951541849,1.069995105237396,1.0288790993636807,3304789.0
2021-03-18,1.0778267254038179,1.0670582476749877,1.0827214880078315,1.0641213901125794,2785267.0
2021-03-19,1.0376896720509055,1.0425844346549191,1.054331864904552,1.0279001468428781,2754127.15
2021-03-22,1.039647577092511,1.0445423396965245,1.0572687224669604,1.0279001468428781,2328084.0
2021-03-23,1.0484581497797356,1.0034263338228093,1.0494371023005384,0.9965736661771903,3424780.0
2021-03-24,0.9916789035731766,0.9613313754282916,1.0004894762604013,0.9603524229074889,3899369.89
2021-03-25,0.9593734703866862,0.9701419481155164,0.9799314733235436,0.9593734703866862,3516511.84
2021-03-26,0.9691629955947135,1.0024473813020067,1.0073421439060204,0.9691629955947135,3098830.67
2021-03-29,1.0073421439060204,0.9995105237395985,1.0112579539892315,0.9887420460107684,2268503.6
2021-03-30,0.9926578560939794,1.0161527165932451,1.0200685266764562,0.9818893783651491,3224487.09
2021-03-31,1.0063631913852178,0.9887420460107684,1.0063631913852178,0.9809104258443465,2074097.67
2021-04-01,0.9916789035731766,0.9985315712187959,1.001468428781204,0.9858051884483601,1772969.95
2021-04-02,1.001468428781204,1.0083210964268232,1.0112579539892315,0.9906999510523739,2589372.61
2021-04-06,1.0181106216348508,1.0112579539892315,1.0259422418012727,1.0112579539892315,2432814.0
2021-04-07,1.0112579539892315,1.0249632892804696,1.0259422418012727,0.9995105237395985,2912683.27
2021-04-08,1.0181106216348508,1.038668624571708,1.0494371023005384,1.0141948115516397,3555043.27
2021-04-09,1.039647577092511,1.0347528144884972,1.0494371023005384,1.0279001468428781,2807251.44
2021-04-12,1.0279001468428781,0.9916789035731766,1.031815956926089,0.9867841409691629,2736082.83
2021-04-13,0.9848262359275575,0.9858051884483601,0.9926578560939794,0.97503671071953,2038643.45
2021-04-14,0.9867841409691629,1.0083210964268232,1.0093000489476258,0.9858051884483601,2476704.58
2021-04-15,1.0122369065100343,1.0230053842388642,1.0259422418012727,0.9995105237395985,3333065.0
2021-04-16,1.0357317670093,1.0190895741556534,1.0367107195301026,1.0132158590308369,2896289.0
2021-04-19,1.0132158590308369,1.055310817425355,1.0572687224669604,1.0044052863436124,3892233.72
2021-04-20,1.0455212922173274,1.0455212922173274,1.062163485070974,1.038668624571708,2832897.34
2021-04-21,1.0327949094468918,1.0406265296133137,1.0445423396965245,1.0249632892804696,1978654.48
2021-04-22,1.0484581497797356,1.0445423396965245,1.055310817425355,1.039647577092511,2240148.46
2021-04-23,1.0357317670093,1.0533529123837493,1.0572687224669604,1.0337738619676946,2420568.46
2021-04-26,1.0660792951541849,1.0641213901125794,1.0866372980910426,1.0592266275085658,3954643.36
2021-04-27,1.0690161527165933,1.0651003426333823,1.0788056779246207,1.04650024473813,2870900.99
2021-04-28,1.0562897699461575,1.0670582476749877,1.0719530102790014,1.0416054821341165,2253899.99
2021-04-29,1.0729319627998042,1.0788056779246207,1.0846793930494372,1.055310817425355,3192068.61
2021-04-30,1.0709740577581988,1.0729319627998042,1.0856583455702398,1.0611845325501714,2966342.33
2021-05-06,1.092511013215859,1.1023005384238862,1.1091532060695055,1.0768477728830153,3671966.76
2021-05-07,1.1130690161527166,1.1316691140479684,1.1551639745472344,1.1130690161527166,4906133.79
2021-05-10,1.1551639745472344,1.191385217816936,1.1923641703377386,1.1463534018600097,5244790.38
2021-05-11,1.1551639745472344,1.1355849241311795,1.1561429270680372,1.1091532060695055,6005635.88
2021-05-12,1.1257953989231522,1.141458639255996,1.1483113069016153,1.1199216837983357,4030077.78
2021-05-13,1.111111111111111,1.0837004405286343,1.1120900636319138,1.080763582966226,4576503.16
2021-05-14,1.0837004405286343,1.0915320606950563,1.092511013215859,1.0660792951541849,4353216.66
2021-05-17,1.0866372980910426,1.122858541360744,1.129711209006363,1.0866372980910426,4493474.99
2021-05-18,1.1355849241311795,1.134605971610377,1.1512481644640233,1.1277533039647576,3393898.0
2021-05-19,1.11796377875673,1.141458639255996,1.1453744493392068,1.115026921194322,3322696.64
2021-05-20,1.1091532060695055,1.1071953010279,1.1199216837983357,1.095447870778267,3225968.1
2021-05-21,1.1042584434654918,1.1120900636319138,1.1277533039647576,1.0993636808614782,2977129.21
2021-05-24,1.1062163485070973,1.1042584434654918,1.11796377875673,1.0974057758198728,2330836.31
2021-05-25,1.1081742535487027,1.1169848262359274,1.11796377875673,1.088595203132648,3728171.45
2021-05-26,1.1140479686735192,1.1287322564855604,1.1316691140479684,1.1091532060695055,4315578.0
2021-05-27,1.1257953989231522,1.126774351443955,1.1277533039647576,1.1169848262359274,2631139.06
2021-05-28,1.1463534018600097,1.1434165442976014,1.1571218795888398,1.137542829172785,4364027.95
2021-05-31,1.1551639745472344,1.1727851199216837,1.1776798825256976,1.1522271169848262,3194815.54
2021-06-01,1.1659324522760646,1.1737640724424865,1.1767009300048947,1.1483113069016153,2908767.51
2021-06-02,1.1669114047968672,1.1571218795888398,1.1845325501713166,1.1522271169848262,3280584.15
2021-06-03,1.1551639745472344,1.1590797846304453,1.1786588350465002,1.1483113069016153,2794964.15
2021-06-04,1.1316691140479684,1.1541850220264316,1.16789035731767,1.1257953989231522,2367957.15
2021-06-07,1.1512481644640233,1.149290259422418,1.1639745472344591,1.141458639255996,1542387.55
2021-06-08,1.1463534018600097,1.121879588839941,1.160058737151248,1.11796377875673,2353502.28
2021-06-09,1.1277533039647576,1.1257953989231522,1.1355849241311795,1.11796377875673,1856103.82
2021-06-10,1.1238374938815465,1.134605971610377,1.1395007342143904,1.122858541360744,1881922.98
2021-06-11,1.1316691140479684,1.1385217816935878,1.1443954968184042,1.1130690161527166,3366008.0
2021-06-15,1.1326480665687713,1.09642682329907,1.133627019089574,1.0915320606950563,2538045.0
2021-06-16,1.0866372980910426,1.0484581497797356,1.088595203132648,1.0455212922173274,3284069.61
2021-06-17,1.038668624571708,1.0533529123837493,1.062163485070974,1.038668624571708,1946254.66
2021-06-18,1.038668624571708,1.0768477728830153,1.0768477728830153,1.0288790993636807,2522219.81
2021-06-21,1.0660792951541849,1.0680372001957903,1.080763582966226,1.0602055800293684,1695107.52
2021-06-22,1.0729319627998042,1.0739109153206068,1.0817425354870287,1.0602055800293684,1612987.0
2021-06-23,1.0739109153206068,1.0934899657366617,1.0983847283406756,1.0709740577581988,2065232.41
2021-06-24,1.0983847283406756,1.0856583455702398,1.100342633382281,1.0788056779246207,1362183.0
2021-06-25,1.0876162506118452,1.115026921194322,1.1199216837983357,1.0846793930494372,2128683.1
2021-06-28,1.1130690161527166,1.1052373959862947,1.1199216837983357,1.0993636808614782,1477199.39
2021-06-29,1.1052373959862947,1.0876162506118452,1.111111111111111,1.0856583455702398,1338797.07
2021-06-30,1.0876162506118452,1.1062163485070973,1.111111111111111,1.0866372980910426,1669123.0
2021-07-01,1.1071953010279,1.0866372980910426,1.1101321585903081,1.0856583455702398,1530605.75
2021-07-02,1.0827214880078315,1.100342633382281,1.115026921194322,1.0797846304454233,2480244.99
2021-07-05,1.1071953010279,1.1581008321096427,1.160058737151248,1.1071953010279,3650881.52
2021-07-06,1.1649534997552617,1.1649534997552617,1.1776798825256976,1.1385217816935878,3048262.67
2021-07-07,1.1473323543808123,1.202153695545766,1.2041116005873713,1.133627019089574,3447303.8
2021-07-08,1.2050905531081744,1.2041116005873713,1.2305433186490453,1.2031326480665687,3155496.97
2021-07-09,1.2041116005873713,1.2824278022515907,1.2843857072931963,1.1972589329417522,3342098.56
2021-07-12,1.3059226627508567,1.318649045521292,1.3372491434165443,1.2883015173764072,3852517.32
2021-07-13,1.3206069505628977,1.318649045521292,1.322564855604503,1.2902594224180126,2881027.01
2021-07-14,1.3020068526676456,1.2726382770435634,1.3049437102300536,1.265785609397944,2502971.45
2021-07-15,1.2687224669603523,1.311796377875673,1.318649045521292,1.2491434165442976,2630927.04
2021-07-16,1.3020068526676456,1.3147332354380812,1.3519334312285853,1.296133137542829,3132349.2
2021-07-19,1.307880567792462,1.3029858051884482,1.348996573666177,1.2941752325012237,2791747.74
2021-07-20,1.2765540871267742,1.3059226627508567,1.3147332354380812,1.2745961820851688,2256784.09
2021-07-21,1.3176700930004894,1.3715124816446402,1.3724914341654428,1.3108174253548701,2319241.69
2021-07-22,1.3803230543318648,1.3999021047479197,1.4077337249143416,1.3617229564366127,2236011.1
2021-07-23,1.3999021047479197,1.3999021047479197,1.4488497307880566,1.3891336270190895,2727186.0
2021-07-26,1.4106705824767498,1.417523250122369,1.429270680372002,1.3607440039158099,3189171.44
2021-07-27,1.4273127753303962,1.3470386686245714,1.462555066079295,1.3372491434165443,4721278.58
2021-07-28,1.3196279980420949,1.3127753303964755,1.3548702887909934,1.2804698972099853,3129850.42
2021-07-29,1.3470386686245714,1.395007342143906,1.397944199706314,1.3343122858541359,2767005.14
2021-07-30,1.395007342143906,1.409691629955947,1.4194811551639743,1.3666177190406263,2900381.53
2021-08-02,1.4263338228095936,1.4116495349975524,1.4459128732256485,1.3666177190406263,2873158.78
2021-08-03,1.3881546744982867,1.3284385707293196,1.3989231522271168,1.3176700930004894,2740494.49
2021-08-04,1.3294175232501224,1.395007342143906,1.397944199706314,1.323543808125306,2398478.51
2021-08-05,1.3724914341654428,1.3715124816446402,1.3940283896231032,1.348996573666177,1671459.55
2021-08-06,1.395007342143906,1.4194811551639743,1.4273127753303962,1.383259911894273,2237289.0
2021-08-09,1.3891336270190895,1.391091532060695,1.3969652471855114,1.3548702887909934,2278800.0
2021-08-10,1.3793441018110622,1.3803230543318648,1.406754772393539,1.352912383749388,1965138.0
2021-08-11,1.383259911894273,1.4047968673519333,1.4185022026431717,1.3744493392070483,2647506.38
2021-08-12,1.4047968673519333,1.4361233480176212,1.4439549681840431,1.3940283896231032,2357743.85
2021-08-13,1.4233969652471854,1.4488497307880566,1.4684287812041115,1.4087126774351444,2522061.67
2021-08-16,1.4410181106216347,1.387175721977484,1.4439549681840431,1.3813020068526676,2525292.23
2021-08-17,1.3842388644150756,1.3724914341654428,1.4155653450807635,1.3607440039158099,1961610.0
2021-08-18,1.3715124816446402,1.3852178169358786,1.409691629955947,1.3538913362701908,1876577.43
2021-08-19,1.3685756240822318,1.3940283896231032,1.4077337249143416,1.342143906020558,1610211.68
2021-08-20,1.3773861967694565,1.3891336270190895,1.4038179148311305,1.3607440039158099,1707484.68
2021-08-23,1.3999021047479197,1.429270680372002,1.4390602055800292,1.387175721977484,1509788.0
2021-08-24,1.4322075379344101,1.4684287812041115,1.4909446891825744,1.4312285854136073,1753256.17
2021-08-25,1.4684287812041115,1.4909446891825744,1.4938815467449829,1.4351443954968182,1638177.0
2021-08-26,1.4909446891825744,1.5095447870778267,1.5330396475770924,1.4831130690161525,1906279.0
2021-08-27,1.5046500244738128,1.557513460597161,1.565345080763583,1.488986784140969,2228240.0
2021-08-30,1.565345080763583,1.6045031815956925,1.6240822320117474,1.5604503181595692,2822566.32
2021-08-31,1.5956926089084678,1.6358296622613802,1.6397454723445912,1.5673029858051883,3278197.0
2021-09-01,1.6407244248653938,1.523250122369065,1.6642192853646596,1.5154185022026432,5201592.59
2021-09-02,1.4997552618697991,1.5545766030347528,1.5712187958883992,1.4997552618697991,2603625.11
2021-09-03,1.538913362701909,1.4977973568281937,1.5692608908467938,1.4821341164953499,2655399.0
2021-09-06,1.5075868820362213,1.5154185022026432,1.5183553597650512,1.4576603034752815,2411752.0
2021-09-07,1.5095447870778267,1.5477239353891334,1.5604503181595692,1.4987763093489963,2043753.0
2021-09-08,1.5369554576603035,1.5477239353891334,1.5741556534508077,1.5320606950562896,2002952.0
2021-09-09,1.5447870778267254,1.5966715614292706,1.5996084189916786,1.5447870778267254,2788467.0
2021-09-10,1.5996084189916786,1.6348507097405773,1.6603034752814487,1.587860988742046,2495740.0
2021-09-13,1.6563876651982377,1.6789035731767008,1.6808614782183064,1.6231032794909446,2474392.84
2021-09-14,1.6426823299069993,1.6191874694077335,1.6642192853646596,1.602545276554087,2502683.28
2021-09-15,1.606461086637298,1.632892804698972,1.6407244248653938,1.5937347038668623,1859113.61
2021-09-16,1.6407244248653938,1.5584924131179638,1.6524718551150268,1.55359765051395,2495247.71
2021-09-17,1.5408712677435144,1.5095447870778267,1.565345080763583,1.4645129711209006,2466406.57
2021-09-22,1.4801762114537445,1.5115026921194321,1.519334312285854,1.4801762114537445,1687365.0
2021-09-23,1.527165932452276,1.5134605971610375,1.5369554576603035,1.500734214390602,2277830.0
2021-09-24,1.5163974547234458,1.4615761135584924,1.534018600097895,1.4576603034752815,1440751.0
2021-09-27,1.4488497307880566,1.3783651492902593,1.4527655408712676,1.3607440039158099,2088986.0
2021-09-28,1.3705335291238374,1.3705335291238374,1.3852178169358786,1.3578071463534018,2379897.0
2021-09-29,1.352912383749388,1.3176700930004894,1.364659813999021,1.307880567792462,2152656.29
2021-09-30,1.327459618208517,1.348996573666177,1.352912383749388,1.323543808125306,1865519.75
2021-10-08,1.3773861967694565,1.338228095937347,1.3852178169358786,1.326480665687714,2303621.09
2021-10-11,1.3441018110621634,1.3587860988742044,1.364659813999021,1.322564855604503,1232344.6
2021-10-12,1.352912383749388,1.3176700930004894,1.3587860988742044,1.2951541850220263,1330947.2
2021-10-13,1.3137542829172786,1.3362701908957415,1.3411649534997552,1.3088595203132647,1321695.0
2021-10-14,1.342143906020558,1.3715124816446402,1.3813020068526676,1.3401860009789524,1879316.46
2021-10-15,1.3715124816446402,1.3822809593734702,1.3891336270190895,1.356828193832599,1320027.44
2021-10-18,1.395007342143906,1.42143906020558,1.42143906020558,1.375428291727851,1983152.81
2021-10-19,1.4126284875183552,1.42143906020558,1.4233969652471854,1.395007342143906,1342480.0
2021-10-20,1.3891336270190895,1.413607440039158,1.4322075379344101,1.3813020068526676,1600858.85
2021-10-21,1.4253548702887908,1.429270680372002,1.4488497307880566,1.4165442976015663,1440114.62
2021-10-22,1.4155653450807635,1.3822809593734702,1.4263338228095936,1.3764072442486537,1445064.49
2021-10-25,1.375428291727851,1.4047968673519333,1.406754772393539,1.3627019089574153,1212749.0
2021-10-26,1.4106705824767498,1.4126284875183552,1.4322075379344101,1.4077337249143416,1143823.0
2021-10-27,1.409691629955947,1.3959862946647086,1.4194811551639743,1.3852178169358786,845570.0
2021-10-28,1.3803230543318648,1.3401860009789524,1.3930494371023006,1.3362701908957415,1453146.39
2021-10-29,1.3450807635829662,1.3509544787077825,1.3578071463534018,1.3343122858541359,1200049.0
2021-11-01,1.3470386686245714,1.3323543808125304,1.3578071463534018,1.322564855604503,1170008.0
2021-11-02,1.3401860009789524,1.3166911404796866,1.3509544787077825,1.2990699951052374,1660439.0
2021-11-03,1.3137542829172786,1.3127753303964755,1.3147332354380812,1.2843857072931963,1313927.0
2021-11-04,1.3108174253548701,1.3176700930004894,1.3196279980420949,1.3020068526676456,1139552.99
2021-11-05,1.311796377875673,1.3049437102300536,1.3362701908957415,1.303964757709251,1431924.0
2021-11-08,1.3108174253548701,1.3607440039158099,1.3627019089574153,1.3108174253548701,1858123.09
2021-11-09,1.3666177190406263,1.364659813999021,1.3685756240822318,1.3509544787077825,1144645.0
2021-11-10,1.3607440039158099,1.338228095937347,1.3607440039158099,1.3147332354380812,1388896.58
2021-11-11,1.3343122858541359,1.3470386686245714,1.348996573666177,1.327459618208517,1175733.0
2021-11-12,1.34997552618698,1.3480176211453743,1.364659813999021,1.3441018110621634,1378898.0
2021-11-15,1.3470386686245714,1.315712187958884,1.3470386686245714,1.307880567792462,1073602.54
2021-11-16,1.3088595203132647,1.2931962799804209,1.318649045521292,1.2902594224180126,1023030.0
2021-11-17,1.2883015173764072,1.3255017131669113,1.326480665687714,1.2883015173764072,1321552.55
2021-11-18,1.3196279980420949,1.342143906020558,1.3578071463534018,1.3098384728340675,1456417.24
2021-11-19,1.3362701908957415,1.3548702887909934,1.3558492413117962,1.3313754282917278,1293786.79
2021-11-22,1.3587860988742044,1.3959862946647086,1.3969652471855114,1.356828193832599,1778977.51
2021-11-23,1.405775819872736,1.3930494371023006,1.4106705824767498,1.3920704845814977,1903382.07
2021-11-24,1.3930494371023006,1.4155653450807635,1.42143906020558,1.391091532060695,1690679.0
2021-11-25,1.4194811551639743,1.413607440039158,1.429270680372002,1.4077337249143416,1148560.64
2021-11-26,1.4077337249143416,1.4273127753303962,1.4459128732256485,1.4008810572687225,1105528.07
2021-11-29,1.3999021047479197,1.4351443954968182,1.4371023005384238,1.3959862946647086,1148020.07
2021-11-30,1.4498286833088596,1.42143906020558,1.454723445912873,1.4145863925599609,920895.07
2021-12-01,1.42143906020558,1.4145863925599609,1.4273127753303962,1.3969652471855114,957848.68
2021-12-02,1.4126284875183552,1.4145863925599609,1.4253548702887908,1.397944199706314,960035.0
2021-12-03,1.4145863925599609,1.429270680372002,1.4322075379344101,1.397944199706314,982328.64
2021-12-06,1.429270680372002,1.4077337249143416,1.4351443954968182,1.405775819872736,990626.67
2021-12-07,1.4185022026431717,1.3920704845814977,1.4224180127263828,1.3715124816446402,1266858.77
2021-12-08,1.3959862946647086,1.4155653450807635,1.417523250122369,1.3940283896231032,980872.77
2021-12-09,1.417523250122369,1.4145863925599609,1.4224180127263828,1.405775819872736,977735.0
2021-12-10,1.4047968673519333,1.4282917278511993,1.429270680372002,1.4008810572687225,961777.83
2021-12-13,1.429270680372002,1.429270680372002,1.429270680372002,1.4047968673519333,1083199.32
2021-12-14,1.4233969652471854,1.387175721977484,1.4233969652471854,1.3842388644150756,1516154.0
2021-12-15,1.3852178169358786,1.3617229564366127,1.3930494371023006,1.356828193832599,1307185.0
2021-12-16,1.3617229564366127,1.3734703866862457,1.375428291727851,1.348996573666177,1050891.02
2021-12-17,1.3734703866862457,1.3587860988742044,1.3881546744982867,1.356828193832599,1176583.77
2021-12-20,1.3509544787077825,1.3196279980420949,1.3675966715614292,1.3176700930004894,1248669.0
2021-12-21,1.3166911404796866,1.323543808125306,1.327459618208517,1.307880567792462,780946.0
2021-12-22,1.327459618208517,1.3215859030837005,1.3333333333333333,1.3166911404796866,861104.0
2021-12-23,1.335291238374939,1.3255017131669113,1.338228095937347,1.3206069505628977,1085077.99
2021-12-24,1.327459618208517,1.2745961820851688,1.3323543808125304,1.2726382770435634,1794909.83
2021-12-27,1.2745961820851688,1.2716593245227605,1.285364659813999,1.261869799314733,2119934.0
2021-12-28,1.2726382770435634,1.3098384728340675,1.3108174253548701,1.2726382770435634,1475184.0
2021-12-29,1.3069016152716593,1.3010279001468428,1.3245227606461085,1.3000489476260402,1053026.3
2021-12-30,1.3029858051884482,1.3029858051884482,1.3137542829172786,1.2990699951052374,855538.0
2021-12-31,1.3059226627508567,1.3206069505628977,1.3255017131669113,1.303964757709251,1141541.0
2022-01-04,1.327459618208517,1.2912383749388152,1.330396475770925,1.2814488497307879,1082069.0
2022-01-05,1.2814488497307879,1.2569750367107195,1.2892804698972098,1.2530592266275085,1136738.0
2022-01-06,1.251101321585903,1.273617229564366,1.2785119921683799,1.247185511502692,1061506.0
2022-01-07,1.2677435144395495,1.2432697014194811,1.2716593245227605,1.2354380812530592,1203155.0
2022-01-10,1.2432697014194811,1.2550171316691139,1.262848751835536,1.2364170337738618,1001238.18
2022-01-11,1.2530592266275085,1.251101321585903,1.2648066568771414,1.2462065589818891,871350.0
2022-01-12,1.273617229564366,1.3010279001468428,1.3020068526676456,1.2716593245227605,2049724.0
2022-01-13,1.3049437102300536,1.270680372001958,1.3069016152716593,1.270680372001958,1687772.0
2022-01-14,1.2677435144395495,1.2716593245227605,1.2755751346059714,1.2559960841899167,935415.0
2022-01-17,1.265785609397944,1.2599118942731276,1.265785609397944,1.2462065589818891,1075317.7
2022-01-18,1.2599118942731276,1.2697014194811551,1.277533039647577,1.251101321585903,929914.9
2022-01-19,1.265785609397944,1.2383749388154672,1.2697014194811551,1.2295643661282427,1183936.0
2022-01-20,1.2422907488986783,1.22858541360744,1.2559960841899167,1.2236906510034262,1027719.08
2022-01-21,1.2256485560450316,1.2383749388154672,1.247185511502692,1.2148800783162017,1444392.92
2022-01-24,1.22858541360744,1.2569750367107195,1.2667645619187469,1.2207537934410182,1344789.0
2022-01-25,1.2491434165442976,1.2266275085658345,1.265785609397944,1.2256485560450316,1078373.0
2022-01-26,1.2354380812530592,1.2344591287322564,1.2481644640234948,1.2197748409202154,875079.0
2022-01-27,1.23935389133627,1.2050905531081744,1.2462065589818891,1.2031326480665687,866472.0
2022-01-28,1.206069505628977,1.1767009300048947,1.2139011257953989,1.1561429270680372,1162876.0
2022-02-07,1.2041116005873713,1.2178169358786097,1.2354380812530592,1.202153695545766,1273947.0
2022-02-08,1.2207537934410182,1.2178169358786097,1.2207537934410182,1.182574645129711,931668.9
2022-02-09,1.2236906510034262,1.2608908467939304,1.2608908467939304,1.2217327459618208,1524787.0
2022-02-10,1.2648066568771414,1.270680372001958,1.2794909446891825,1.2550171316691139,1561566.0
2022-02-11,1.2687224669603523,1.2677435144395495,1.3020068526676456,1.2559960841899167,1806239.21
2022-02-14,1.2608908467939304,1.2794909446891825,1.2951541850220263,1.2608908467939304,1293284.0
2022-02-15,1.2824278022515907,1.2902594224180126,1.2922173274596183,1.261869799314733,1253464.41
2022-02-16,1.2912383749388152,1.2971120900636317,1.311796377875673,1.2843857072931963,1148481.8
2022-02-17,1.2931962799804209,1.3431228585413608,1.3460597161037688,1.2902594224180126,1624285.0
2022-02-18,1.335291238374939,1.338228095937347,1.3431228585413608,1.326480665687714,1163084.0
2022-02-21,1.3401860009789524,1.3323543808125304,1.3470386686245714,1.318649045521292,1368795.0
2022-02-22,1.3480176211453743,1.3627019089574153,1.3636808614782183,1.3362701908957415,1388004.0
2022-02-23,1.3558492413117962,1.3675966715614292,1.3695545766030346,1.3480176211453743,1304351.0
2022-02-24,1.3597650513950073,1.3519334312285853,1.3734703866862457,1.3343122858541359,1060518.07
2022-02-25,1.3607440039158099,1.3695545766030346,1.3881546744982867,1.3519334312285853,1190567.0
2022-02-28,1.3724914341654428,1.4008810572687225,1.4008810572687225,1.3705335291238374,1136902.36
2022-03-01,1.4008810572687225,1.3675966715614292,1.4008810572687225,1.352912383749388,1632157.13
2022-03-02,1.3666177190406263,1.3861967694566812,1.3940283896231032,1.3617229564366127,1892568.97
2022-03-03,1.395007342143906,1.3822809593734702,1.4047968673519333,1.3803230543318648,2244011.0
2022-03-04,1.3764072442486537,1.3558492413117962,1.3891336270190895,1.3480176211453743,1396886.0
2022-03-07,1.3656387665198237,1.3519334312285853,1.3773861967694565,1.3411649534997552,1000367.69
2022-03-08,1.3519334312285853,1.2755751346059714,1.3519334312285853,1.2608908467939304,2001218.62
2022-03-09,1.2697014194811551,1.23935389133627,1.2697014194811551,1.1933431228585414,2130758.0
2022-03-10,1.251101321585903,1.2608908467939304,1.2785119921683799,1.23935389133627,1398464.64
2022-03-11,1.2413117963778757,1.2559960841899167,1.2599118942731276,1.2148800783162017,847474.0
2022-03-14,1.2334801762114536,1.206069505628977,1.2413117963778757,1.2050905531081744,734712.61
2022-03-15,1.191385217816936,1.1463534018600097,1.2031326480665687,1.1453744493392068,1300557.0
2022-03-16,1.1727851199216837,1.1933431228585414,1.2001957905041605,1.1257953989231522,1519515.0
2022-03-17,1.2090063631913852,1.2119432207537932,1.2334801762114536,1.2070484581497798,1041367.0
2022-03-18,1.202153695545766,1.2207537934410182,1.2246696035242288,1.1992168379833579,775591.0
2022-03-21,1.2354380812530592,1.247185511502692,1.2569750367107195,1.2158590308370043,813013.0
2022-03-22,1.2442486539402837,1.254038179148311,1.270680372001958,1.2334801762114536,902489.05
2022-03-23,1.254038179148311,1.2481644640234948,1.258932941752325,1.2403328438570727,744519.0
2022-03-24,1.2501223690651002,1.2648066568771414,1.2726382770435634,1.2403328438570727,1249334.0
2022-03-25,1.261869799314733,1.2462065589818891,1.2765540871267742,1.2432697014194811,980340.0
2022-03-28,1.2325012236906507,1.2295643661282427,1.247185511502692,1.2080274106705824,940684.0
2022-03-29,1.22858541360744,1.2295643661282427,1.2413117963778757,1.2197748409202154,824521.0
2022-03-30,1.2344591287322564,1.2481644640234948,1.2491434165442976,1.2227116984826236,833516.0
2022-03-31,1.247185511502692,1.2197748409202154,1.247185511502692,1.2090063631913852,798124.0
2022-04-01,1.2119432207537932,1.2276064610866373,1.2383749388154672,1.2050905531081744,874583.95
2022-04-06,1.2217327459618208,1.2207537934410182,1.2256485560450316,1.2001957905041605,781630.0
2022-04-07,1.2109642682329906,1.2080274106705824,1.2276064610866373,1.2050905531081744,772277.0
2022-04-08,1.2041116005873713,1.2129221732745963,1.2227116984826236,1.190406265296133,827394.0
2022-04-11,1.2050905531081744,1.1502692119432207,1.2050905531081744,1.1443954968184042,908268.0
2022-04-12,1.1443954968184042,1.1688693098384726,1.1698482623592756,1.1395007342143904,1451116.0
2022-04-13,1.1669114047968672,1.2031326480665687,1.2129221732745963,1.160058737151248,1589108.0
2022-04-14,1.2041116005873713,1.2090063631913852,1.2148800783162017,1.191385217816936,1003239.0
2022-04-15,1.190406265296133,1.1786588350465002,1.2001957905041605,1.171806167400881,942234.0
2022-04-18,1.16789035731767,1.1708272148800782,1.1737640724424865,1.1434165442976014,988746.0
2022-04-19,1.174743024963289,1.175721977484092,1.1884483602545275,1.1708272148800782,951497.0
2022-04-20,1.174743024963289,1.1277533039647576,1.174743024963289,1.126774351443955,1777764.0
2022-04-21,1.1277533039647576,1.080763582966226,1.133627019089574,1.0758688203622124,1234649.31
2022-04-22,1.0690161527165933,1.0748898678414096,1.0846793930494372,1.0533529123837493,1225511.0
2022-04-25,1.047479197258933,0.9858051884483601,1.0494371023005384,0.9818893783651491,1816581.0
2022-04-26,0.9828683308859519,0.9544787077826724,0.9906999510523739,0.9476260401370532,1451754.63
2022-04-27,0.9397944199706313,1.031815956926089,1.0376896720509055,0.9388154674498286,1679023.0
2022-04-28,1.023984336759667,1.0249632892804696,1.047479197258933,1.0151737640724423,927821.0
2022-04-29,1.031815956926089,1.0768477728830153,1.0788056779246207,1.0279001468428781,1055816.0
2022-05-05,1.0768477728830153,1.0748898678414096,1.0866372980910426,1.0592266275085658,667649.0
2022-05-06,1.0416054821341165,1.0347528144884972,1.0484581497797356,1.0259422418012727,909724.72
2022-05-09,1.023984336759667,1.039647577092511,1.04650024473813,1.0210474791972588,1354068.0
2022-05-10,1.0190895741556534,1.0513950073421439,1.0523739598629465,1.0112579539892315,4127298.72
2022-05-11,1.04650024473813,1.0748898678414096,1.0915320606950563,1.0416054821341165,5221639.16
2022-05-12,1.0602055800293684,1.0631424375917768,1.0739109153206068,1.0513950073421439,2049903.7
2022-05-13,1.0670582476749877,1.0680372001957903,1.0719530102790014,1.0513950073421439,1401329.72
2022-05-16,1.0758688203622124,1.0709740577581988,1.0915320606950563,1.0670582476749877,923950.99
2022-05-17,1.0709740577581988,1.1052373959862947,1.1101321585903081,1.069995105237396,1201917.6
2022-05-18,1.1081742535487027,1.100342633382281,1.111111111111111,1.095447870778267,937918.61
2022-05-19,1.0837004405286343,1.1120900636319138,1.1120900636319138,1.0729319627998042,947872.0
2022-05-20,1.1248164464023493,1.1453744493392068,1.1473323543808123,1.1120900636319138,1380740.0
2022-05-23,1.1502692119432207,1.1737640724424865,1.1776798825256976,1.141458639255996,1144488.18
2022-05-24,1.1688693098384726,1.1326480665687713,1.1786588350465002,1.129711209006363,1041568.18
2022-05-25,1.129711209006363,1.1434165442976014,1.1483113069016153,1.1209006363191385,939017.0
2022-05-26,1.1443954968184042,1.1453744493392068,1.1541850220264316,1.1160058737151246,859105.0
2022-05-27,1.1541850220264316,1.1404796867351934,1.160058737151248,1.1287322564855604,1095972.0
2022-05-30,1.1404796867351934,1.1453744493392068,1.1532060695056288,1.1355849241311795,739298.0
2022-05-31,1.1453744493392068,1.1541850220264316,1.1551639745472344,1.1248164464023493,985758.84
2022-06-01,1.141458639255996,1.1385217816935878,1.1434165442976014,1.1257953989231522,1498227.0
2022-06-02,1.134605971610377,1.1551639745472344,1.1620166421928537,1.1287322564855604,1182714.98
2022-06-06,1.1551639745472344,1.2158590308370043,1.2187958883994126,1.1551639745472344,1226061.69
2022-06-07,1.2158590308370043,1.2148800783162017,1.2256485560450316,1.2011747430249633,826903.57
2022-06-08,1.2178169358786097,1.2413117963778757,1.2491434165442976,1.206069505628977,1458763.48
2022-06-09,1.22858541360744,1.2266275085658345,1.2413117963778757,1.2139011257953989,1018413.85
2022-06-10,1.2109642682329906,1.2569750367107195,1.258932941752325,1.2090063631913852,833644.82
2022-06-13,1.2442486539402837,1.2824278022515907,1.2951541850220263,1.2422907488986783,1511075.79
2022-06-14,1.2599118942731276,1.273617229564366,1.2745961820851688,1.2295643661282427,1053572.97
2022-06-15,1.2716593245227605,1.265785609397944,1.2902594224180126,1.2569750367107195,1084790.0
2022-06-16,1.265785609397944,1.2648066568771414,1.285364659813999,1.2579539892315221,950962.5
2022-06-17,1.2559960841899167,1.3049437102300536,1.3049437102300536,1.2530592266275085,1491493.82
2022-06-20,1.3069016152716593,1.2912383749388152,1.307880567792462,1.2745961820851688,1232689.86
2022-06-21,1.2843857072931963,1.2422907488986783,1.2843857072931963,1.2266275085658345,1615996.0
2022-06-22,1.2403328438570727,1.2354380812530592,1.258932941752325,1.2354380812530592,1070994.51
2022-06-23,1.2364170337738618,1.2579539892315221,1.258932941752325,1.2099853157121878,1061737.34
2022-06-24,1.2491434165442976,1.2501223690651002,1.2550171316691139,1.2373959862946646,1350410.5
2022-06-27,1.2452276064610865,1.2941752325012237,1.3108174253548701,1.2432697014194811,1636390.09
2022-06-28,1.2941752325012237,1.3166911404796866,1.3176700930004894,1.285364659813999,1067914.0
2022-06-29,1.311796377875673,1.2608908467939304,1.311796377875673,1.2599118942731276,1489284.21
2022-06-30,1.2648066568771414,1.2863436123348018,1.2951541850220263,1.2638277043563386,1146277.28
2022-07-01,1.2863436123348018,1.3137542829172786,1.3206069505628977,1.2726382770435634,1878670.89
2022-07-04,1.296133137542829,1.3323543808125304,1.3372491434165443,1.296133137542829,984894.63
2022-07-05,1.3323543808125304,1.3470386686245714,1.3519334312285853,1.3196279980420949,1269879.04
2022-07-06,1.3245227606461085,1.3088595203132647,1.3323543808125304,1.2931962799804209,1031995.4
2022-07-07,1.3069016152716593,1.3196279980420949,1.327459618208517,1.2931962799804209,761234.93
2022-07-08,1.3245227606461085,1.3098384728340675,1.3372491434165443,1.3069016152716593,880005.48
2022-07-11,1.3010279001468428,1.2550171316691139,1.303964757709251,1.2422907488986783,960672.87
2022-07-12,1.2520802741067056,1.2383749388154672,1.270680372001958,1.2315222711698481,810613.0
2022-07-13,1.2325012236906507,1.2442486539402837,1.247185511502692,1.2109642682329906,1094908.26
2022-07-14,1.2334801762114536,1.2442486539402837,1.2559960841899167,1.2217327459618208,799007.73
2022-07-15,1.2354380812530592,1.2227116984826236,1.2599118942731276,1.2197748409202154,859082.13
2022-07-18,1.2236906510034262,1.2422907488986783,1.2422907488986783,1.2139011257953989,769206.08
2022-07-19,1.2373959862946646,1.2373959862946646,1.2569750367107195,1.2276064610866373,987010.5
2022-07-20,1.2432697014194811,1.251101321585903,1.262848751835536,1.2432697014194811,716999.16
2022-07-21,1.2501223690651002,1.22858541360744,1.2501223690651002,1.2246696035242288,1161678.51
2022-07-22,1.22858541360744,1.2256485560450316,1.2364170337738618,1.2090063631913852,979171.56
2022-07-25,1.2256485560450316,1.2148800783162017,1.2373959862946646,1.2139011257953989,764710.89
2022-07-26,1.2178169358786097,1.2403328438570727,1.251101321585903,1.2178169358786097,867981.0
2022-07-27,1.2383749388154672,1.2403328438570727,1.2442486539402837,1.2207537934410182,790612.5
2022-07-28,1.247185511502692,1.2383749388154672,1.2501223690651002,1.2325012236906507,757545.0
2022-07-29,1.23935389133627,1.22858541360744,1.247185511502692,1.2276064610866373,742151.0
2022-08-01,1.22858541360744,1.2501223690651002,1.251101321585903,1.2158590308370043,738762.65
2022-08-02,1.2344591287322564,1.2050905531081744,1.2344591287322564,1.1972589329417522,1038154.0
2022-08-03,1.206069505628977,1.1972589329417522,1.2305433186490453,1.1894273127753303,873904.0
2022-08-04,1.198237885462555,1.2070484581497798,1.2227116984826236,1.190406265296133,759980.0
2022-08-05,1.2119432207537932,1.2422907488986783,1.2432697014194811,1.202153695545766,1097384.0
2022-08-08,1.2315222711698481,1.2462065589818891,1.254038179148311,1.2246696035242288,926787.0
2022-08-09,1.2501223690651002,1.2579539892315221,1.2638277043563386,1.2413117963778757,873761.66
2022-08-10,1.261869799314733,1.2599118942731276,1.2785119921683799,1.2491434165442976,975599.0
2022-08-11,1.265785609397944,1.2648066568771414,1.2677435144395495,1.2413117963778757,804157.82
2022-08-12,1.2608908467939304,1.2638277043563386,1.2794909446891825,1.2569750367107195,850104.0
2022-08-15,1.262848751835536,1.2863436123348018,1.2912383749388152,1.2599118942731276,1125020.49
2022-08-16,1.2883015173764072,1.2677435144395495,1.2883015173764072,1.2638277043563386,710748.01
2022-08-17,1.2697014194811551,1.2530592266275085,1.270680372001958,1.2383749388154672,1135081.99
2022-08-18,1.2462065589818891,1.2442486539402837,1.2599118942731276,1.2422907488986783,766900.0
2022-08-19,1.2383749388154672,1.2158590308370043,1.2442486539402837,1.2148800783162017,825757.0
2022-08-22,1.2148800783162017,1.265785609397944,1.2677435144395495,1.202153695545766,1506926.0
2022-08-23,1.261869799314733,1.258932941752325,1.2667645619187469,1.2462065589818891,1231301.0
2022-08-24,1.261869799314733,1.2236906510034262,1.270680372001958,1.2197748409202154,1027676.0
2022-08-25,1.2217327459618208,1.2236906510034262,1.2344591287322564,1.2031326480665687,1136543.0
2022-08-26,1.2236906510034262,1.2305433186490453,1.2530592266275085,1.2187958883994126,1036810.28
2022-08-29,1.2119432207537932,1.2217327459618208,1.22858541360744,1.2050905531081744,1069962.24
2022-08-30,1.2207537934410182,1.2109642682329906,1.2227116984826236,1.2041116005873713,971621.8
2022-08-31,1.2050905531081744,1.1688693098384726,1.2158590308370043,1.1629955947136563,1031090.0
2022-09-01,1.1688693098384726,1.1561429270680372,1.175721977484092,1.1551639745472344,871683.2
2022-09-02,1.160058737151248,1.1473323543808123,1.16789035731767,1.1404796867351934,866577.08
2022-09-05,1.1424375917767988,1.1522271169848262,1.1561429270680372,1.1404796867351934,774315.0
2022-09-06,1.1551639745472344,1.1884483602545275,1.1894273127753303,1.1541850220264316,1234024.0
2022-09-07,1.175721977484092,1.2050905531081744,1.2109642682329906,1.174743024963289,817827.58
2022-09-08,1.2031326480665687,1.1933431228585414,1.2090063631913852,1.1923641703377386,691318.0
2022-09-09,1.198237885462555,1.2246696035242288,1.2246696035242288,1.1962799804209494,844577.0
2022-09-13,1.22858541360744,1.2295643661282427,1.2432697014194811,1.2246696035242288,1411266.0
2022-09-14,1.2090063631913852,1.2119432207537932,1.2315222711698481,1.206069505628977,823776.0
2022-09-15,1.2178169358786097,1.1727851199216837,1.2266275085658345,1.1659324522760646,1050661.0
2022-09-16,1.1688693098384726,1.134605971610377,1.171806167400881,1.133627019089574,1024828.0
2022-09-19,1.1326480665687713,1.133627019089574,1.149290259422418,1.1160058737151246,825939.0
2022-09-20,1.1443954968184042,1.1698482623592756,1.179637787567303,1.1434165442976014,896734.0
2022-09-21,1.1649534997552617,1.1786588350465002,1.182574645129711,1.1561429270680372,894299.0
2022-09-22,1.1698482623592756,1.1776798825256976,1.187469407733725,1.1659324522760646,891569.0
2022-09-23,1.171806167400881,1.1483113069016153,1.1737640724424865,1.1355849241311795,873126.0
2022-09-26,1.1277533039647576,1.1209006363191385,1.1463534018600097,1.1160058737151246,828064.0
2022-09-27,1.121879588839941,1.121879588839941,1.1248164464023493,1.0944689182574645,856495.66
2022-09-28,1.1130690161527166,1.0611845325501714,1.1140479686735192,1.0592266275085658,1129008.0
2022-09-29,1.0768477728830153,1.0748898678414096,1.0866372980910426,1.0680372001957903,1289624.0
2022-09-30,1.0709740577581988,1.0651003426333823,1.088595203132648,1.0641213901125794,720185.0
2022-10-10,1.0651003426333823,1.0445423396965245,1.0748898678414096,1.039647577092511,763942.07
2022-10-11,1.0494371023005384,1.0592266275085658,1.0651003426333823,1.0455212922173274,893479.65
2022-10-12,1.0562897699461575,1.0797846304454233,1.080763582966226,1.0288790993636807,820470.0
2022-10-13,1.0660792951541849,1.0660792951541849,1.0797846304454233,1.0641213901125794,508956.0
2022-10-14,1.0758688203622124,1.0974057758198728,1.0993636808614782,1.0690161527165933,692936.0
2022-10-17,1.0837004405286343,1.0905531081742537,1.0934899657366617,1.0729319627998042,819429.92
2022-10-18,1.095447870778267,1.0856583455702398,1.100342633382281,1.0827214880078315,450043.0
2022-10-19,1.0876162506118452,1.0758688203622124,1.0993636808614782,1.0748898678414096,532035.0
2022-10-20,1.0670582476749877,1.0641213901125794,1.0758688203622124,1.050416054821341,708265.0
2022-10-21,1.0670582476749877,1.0523739598629465,1.069995105237396,1.0455212922173274,518436.0
2022-10-24,1.0602055800293684,1.050416054821341,1.080763582966226,1.043563387175722,619099.83
2022-10-25,1.050416054821341,1.0484581497797356,1.0602055800293684,1.0200685266764562,681292.83
2022-10-26,1.047479197258933,1.0592266275085658,1.069995105237396,1.04650024473813,545481.93
2022-10-27,1.0660792951541849,1.0660792951541849,1.0846793930494372,1.0641213901125794,596586.0
2022-10-28,1.0572687224669604,1.0279001468428781,1.0572687224669604,1.0249632892804696,604671.0
2022-10-31,1.0161527165932451,1.0181106216348508,1.0337738619676946,1.0112579539892315,643833.0
2022-11-01,1.0230053842388642,1.0631424375917768,1.0631424375917768,1.0220264317180616,600866.99
2022-11-02,1.058247674987763,1.0797846304454233,1.0866372980910426,1.055310817425355,785887.0
2022-11-03,1.0651003426333823,1.0709740577581988,1.0817425354870287,1.0592266275085658,479209.0
2022-11-04,1.0729319627998042,1.122858541360744,1.1238374938815465,1.0709740577581988,796980.0
2022-11-07,1.149290259422418,1.149290259422418,1.160058737151248,1.1395007342143904,1561626.0
2022-11-08,1.141458639255996,1.1522271169848262,1.1561429270680372,1.1355849241311795,1183078.0
2022-11-09,1.1727851199216837,1.1483113069016153,1.179637787567303,1.1463534018600097,1179171.55
2022-11-10,1.133627019089574,1.1238374938815465,1.1355849241311795,1.118942731277533,850451.41
2022-11-11,1.1708272148800782,1.1551639745472344,1.179637787567303,1.1483113069016153,1404560.0
2022-11-14,1.1649534997552617,1.134605971610377,1.1669114047968672,1.1257953989231522,1083771.0
2022-11-15,1.122858541360744,1.149290259422418,1.149290259422418,1.11796377875673,939747.0
2022-11-16,1.149290259422418,1.133627019089574,1.1502692119432207,1.1316691140479684,810659.0
2022-11-17,1.1287322564855604,1.1169848262359274,1.129711209006363,1.103279490944689,724773.0
2022-11-18,1.1130690161527166,1.100342633382281,1.115026921194322,1.0974057758198728,854055.0
2022-11-21,1.0866372980910426,1.1013215859030836,1.1013215859030836,1.0778267254038179,597781.0
2022-11-22,1.1013215859030836,1.092511013215859,1.1071953010279,1.0876162506118452,635376.92
2022-11-23,1.0915320606950563,1.0983847283406756,1.103279490944689,1.0866372980910426,515468.0
2022-11-24,1.1062163485070973,1.1042584434654918,1.11796377875673,1.100342633382281,869984.0
2022-11-25,1.1023005384238862,1.0974057758198728,1.1081742535487027,1.0934899657366617,580753.0
2022-11-28,1.0758688203622124,1.080763582966226,1.0856583455702398,1.0641213901125794,593880.0
2022-11-29,1.0788056779246207,1.100342633382281,1.1013215859030836,1.0788056779246207,755350.0
2022-11-30,1.0934899657366617,1.1042584434654918,1.1130690161527166,1.0934899657366617,681967.88
2022-12-01,1.122858541360744,1.1248164464023493,1.133627019089574,1.1199216837983357,1419646.74
2022-12-02,1.1209006363191385,1.1081742535487027,1.1238374938815465,1.1052373959862947,751496.34
2022-12-05,1.115026921194322,1.129711209006363,1.1306901615271658,1.1091532060695055,1245004.0
2022-12-06,1.1209006363191385,1.1316691140479684,1.133627019089574,1.1091532060695055,776131.26
2022-12-07,1.1238374938815465,1.1238374938815465,1.1385217816935878,1.1169848262359274,1310096.34
2022-12-08,1.1209006363191385,1.121879588839941,1.1326480665687713,1.115026921194322,652729.0
2022-12-09,1.1199216837983357,1.1483113069016153,1.1502692119432207,1.11796377875673,1028448.65
2022-12-12,1.141458639255996,1.1130690161527166,1.141458639255996,1.1081742535487027,996758.0
2022-12-13,1.1091532060695055,1.1140479686735192,1.1238374938815465,1.1081742535487027,562112.0
2022-12-14,1.1169848262359274,1.111111111111111,1.1257953989231522,1.1081742535487027,666844.0
2022-12-15,1.1091532060695055,1.1169848262359274,1.11796377875673,1.092511013215859,759907.0
2022-12-16,1.1052373959862947,1.0915320606950563,1.1052373959862947,1.0837004405286343,669266.0
2022-12-19,1.0905531081742537,1.080763582966226,1.1130690161527166,1.0758688203622124,730035.0
2022-12-20,1.0778267254038179,1.0660792951541849,1.0788056779246207,1.0611845325501714,479231.0
2022-12-21,1.0709740577581988,1.0592266275085658,1.0788056779246207,1.058247674987763,847960.0
2022-12-22,1.0651003426333823,1.0406265296133137,1.069995105237396,1.0376896720509055,490959.0
2022-12-23,1.0298580518844835,1.0367107195301026,1.0406265296133137,1.0279001468428781,572328.0
2022-12-26,1.0298580518844835,1.050416054821341,1.050416054821341,1.0279001468428781,879225.0
2022-12-27,1.050416054821341,1.0641213901125794,1.0651003426333823,1.0494371023005384,522195.0
2022-12-28,1.058247674987763,1.054331864904552,1.0641213901125794,1.043563387175722,494202.0
2022-12-29,1.0494371023005384,1.0484581497797356,1.0592266275085658,1.047479197258933,453530.0
2022-12-30,1.0533529123837493,1.0406265296133137,1.0562897699461575,1.0406265296133137,505190.0
2023-01-03,1.0406265296133137,1.0690161527165933,1.069995105237396,1.0337738619676946,586735.78
2023-01-04,1.0602055800293684,1.050416054821341,1.0651003426333823,1.0455212922173274,506075.0
2023-01-05,1.0533529123837493,1.0631424375917768,1.0739109153206068,1.0533529123837493,649756.39
2023-01-06,1.0611845325501714,1.0797846304454233,1.0895741556534506,1.058247674987763,790277.0
2023-01-09,1.0856583455702398,1.111111111111111,1.115026921194322,1.0837004405286343,1074018.0
2023-01-10,1.1071953010279,1.1120900636319138,1.118942731277533,1.0993636808614782,1056191.0
2023-01-11,1.1130690161527166,1.1071953010279,1.1257953989231522,1.1052373959862947,1090524.0
2023-01-12,1.1169848262359274,1.1140479686735192,1.133627019089574,1.1130690161527166,785610.0
2023-01-13,1.118942731277533,1.1209006363191385,1.1316691140479684,1.111111111111111,762076.0
2023-01-16,1.1209006363191385,1.1306901615271658,1.137542829172785,1.118942731277533,806546.0
2023-01-17,1.1316691140479684,1.1277533039647576,1.1326480665687713,1.118942731277533,767914.55
2023-01-18,1.1277533039647576,1.1365638766519823,1.1473323543808123,1.1277533039647576,1063149.0
2023-01-19,1.1385217816935878,1.1434165442976014,1.1453744493392068,1.1326480665687713,962713.0
2023-01-20,1.1434165442976014,1.179637787567303,1.1894273127753303,1.1434165442976014,1528249.0
2023-01-30,1.2001957905041605,1.1894273127753303,1.2129221732745963,1.187469407733725,1413183.0
2023-01-31,1.1884483602545275,1.1953010279001468,1.202153695545766,1.183553597650514,1286102.0
2023-02-01,1.2031326480665687,1.2305433186490453,1.2334801762114536,1.2011747430249633,1857831.0
2023-02-02,1.2315222711698481,1.2197748409202154,1.2325012236906507,1.2119432207537932,2101073.62
2023-02-03,1.2139011257953989,1.2031326480665687,1.2139011257953989,1.183553597650514,1625987.0
2023-02-06,1.1855115026921195,1.1786588350465002,1.187469407733725,1.1688693098384726,1110534.0
2023-02-07,1.1776798825256976,1.1855115026921195,1.1894273127753303,1.174743024963289,796915.0
2023-02-08,1.187469407733725,1.179637787567303,1.1962799804209494,1.179637787567303,876484.0
2023-02-09,1.1776798825256976,1.1855115026921195,1.186490455212922,1.1698482623592756,1511075.0
2023-02-10,1.1855115026921195,1.16789035731767,1.1855115026921195,1.1581008321096427,1065202.82
2023-02-13,1.1581008321096427,1.1669114047968672,1.1708272148800782,1.1551639745472344,1313802.0
2023-02-14,1.16789035731767,1.1767009300048947,1.1845325501713166,1.1669114047968672,1075616.0
2023-02-15,1.1767009300048947,1.1639745472344591,1.1845325501713166,1.1610376896720507,1212606.0
2023-02-16,1.1610376896720507,1.134605971610377,1.1649534997552617,1.1257953989231522,3771222.0
2023-02-17,1.1355849241311795,1.1306901615271658,1.1483113069016153,1.1287322564855604,1865555.0
2023-02-20,1.1287322564855604,1.1522271169848262,1.1522271169848262,1.122858541360744,1027705.0
2023-02-21,1.1541850220264316,1.1786588350465002,1.179637787567303,1.1522271169848262,4375655.15
2023-02-22,1.1708272148800782,1.1620166421928537,1.171806167400881,1.1581008321096427,1238777.0
2023-02-23,1.1620166421928537,1.1698482623592756,1.1698482623592756,1.1581008321096427,894976.38
2023-02-24,1.16789035731767,1.1502692119432207,1.1698482623592756,1.1424375917767988,1045426.15
2023-02-27,1.1424375917767988,1.141458639255996,1.1551639745472344,1.137542829172785,985540.23
2023-02-28,1.1453744493392068,1.1453744493392068,1.1473323543808123,1.1316691140479684,718457.0
2023-03-01,1.1463534018600097,1.1610376896720507,1.1610376896720507,1.1404796867351934,1286682.0
2023-03-02,1.1581008321096427,1.1434165442976014,1.1590797846304453,1.1424375917767988,1911968.5
2023-03-03,1.141458639255996,1.1424375917767988,1.1463534018600097,1.133627019089574,829994.1
2023-03-06,1.1434165442976014,1.1424375917767988,1.1463534018600097,1.1248164464023493,1339637.0
2023-03-07,1.1385217816935878,1.1316691140479684,1.1532060695056288,1.1306901615271658,1385640.0
2023-03-08,1.1248164464023493,1.121879588839941,1.1257953989231522,1.115026921194322,870418.0
2023-03-09,1.126774351443955,1.121879588839941,1.1326480665687713,1.11796377875673,835741.0
2023-03-10,1.1160058737151246,1.1042584434654918,1.1160058737151246,1.1023005384238862,1235145.62
2023-03-13,1.103279490944689,1.1140479686735192,1.11796377875673,1.0983847283406756,966186.91
2023-03-14,1.115026921194322,1.1091532060695055,1.1257953989231522,1.0934899657366617,1197029.91
2023-03-15,1.1091532060695055,1.1052373959862947,1.1140479686735192,1.1042584434654918,597608.0
2023-03-16,1.095447870778267,1.069995105237396,1.095447870778267,1.0660792951541849,1364686.0
2023-03-17,1.0758688203622124,1.0768477728830153,1.0876162506118452,1.0719530102790014,1110447.0
2023-03-20,1.0817425354870287,1.0876162506118452,1.092511013215859,1.0758688203622124,891422.9
2023-03-21,1.0905531081742537,1.1023005384238862,1.103279490944689,1.0817425354870287,841066.0
2023-03-22,1.103279490944689,1.0983847283406756,1.1101321585903081,1.0934899657366617,717140.0
2023-03-23,1.09642682329907,1.1091532060695055,1.1101321585903081,1.0944689182574645,763413.0
2023-03-24,1.1101321585903081,1.1062163485070973,1.1140479686735192,1.1023005384238862,688673.0
2023-03-27,1.103279490944689,1.1042584434654918,1.1062163485070973,1.092511013215859,738989.0
2023-03-28,1.1042584434654918,1.088595203132648,1.1081742535487027,1.0846793930494372,648833.0
2023-03-29,1.088595203132648,1.0837004405286343,1.0983847283406756,1.0817425354870287,521513.0
2023-03-30,1.0817425354870287,1.0934899657366617,1.0934899657366617,1.0729319627998042,670650.0
2023-03-31,1.0974057758198728,1.1023005384238862,1.1062163485070973,1.0944689182574645,1006557.0
2023-04-03,1.1023005384238862,1.1081742535487027,1.1120900636319138,1.0934899657366617,1286395.0
2023-04-04,1.1081742535487027,1.1013215859030836,1.1081742535487027,1.09642682329907,1410273.69
2023-04-06,1.100342633382281,1.1160058737151246,1.1160058737151246,1.09642682329907,1074415.01
2023-04-07,1.1160058737151246,1.1101321585903081,1.137542829172785,1.1062163485070973,1225204.0
2023-04-10,1.1081742535487027,1.1160058737151246,1.1169848262359274,1.1013215859030836,1072230.0
2023-04-11,1.1140479686735192,1.141458639255996,1.1424375917767988,1.1062163485070973,1623735.82
2023-04-12,1.141458639255996,1.1473323543808123,1.1522271169848262,1.1355849241311795,1364884.0
2023-04-13,1.1404796867351934,1.1355849241311795,1.1522271169848262,1.129711209006363,1406395.0
2023-04-14,1.1424375917767988,1.1708272148800782,1.1727851199216837,1.1424375917767988,2308644.88
2023-04-17,1.1659324522760646,1.182574645129711,1.1845325501713166,1.1561429270680372,2383882.0
2023-04-18,1.179637787567303,1.1815956926089084,1.194322075379344,1.1708272148800782,1921313.0
2023-04-19,1.1806167400881056,1.1767009300048947,1.1855115026921195,1.171806167400881,1293493.0
2023-04-20,1.171806167400881,1.1512481644640233,1.171806167400881,1.1404796867351934,2516598.0
2023-04-21,1.1453744493392068,1.1287322564855604,1.1522271169848262,1.122858541360744,1964465.0
2023-04-24,1.1238374938815465,1.1013215859030836,1.1248164464023493,1.0944689182574645,1444203.0
2023-04-25,1.100342633382281,1.0670582476749877,1.1081742535487027,1.0562897699461575,1646544.0
2023-04-26,1.062163485070974,1.0797846304454233,1.0934899657366617,1.050416054821341,1415043.0
2023-04-27,1.0778267254038179,1.0797846304454233,1.0866372980910426,1.0690161527165933,1044346.39
2023-04-28,1.0788056779246207,1.0895741556534506,1.095447870778267,1.0768477728830153,1244700.0
2023-05-04,1.0944689182574645,1.0895741556534506,1.103279490944689,1.0866372980910426,843073.0
2023-05-05,1.0895741556534506,1.0690161527165933,1.0915320606950563,1.0651003426333823,777274.0
2023-05-08,1.0719530102790014,1.0856583455702398,1.0905531081742537,1.0709740577581988,970694.0
2023-05-09,1.088595203132648,1.0680372001957903,1.0915320606950563,1.0670582476749877,1031105.0
2023-05-10,1.0680372001957903,1.0758688203622124,1.0827214880078315,1.0660792951541849,850341.0
2023-05-11,1.0729319627998042,1.0680372001957903,1.0758688203622124,1.0641213901125794,705317.0
2023-05-12,1.0631424375917768,1.0327949094468918,1.0641213901125794,1.0327949094468918,1351403.0
2023-05-15,1.0337738619676946,1.0709740577581988,1.0748898678414096,1.0337738619676946,1552037.34
2023-05-16,1.0719530102790014,1.0641213901125794,1.0739109153206068,1.0611845325501714,891499.2
2023-05-17,1.0592266275085658,1.055310817425355,1.0641213901125794,1.050416054821341,952322.0
2023-05-18,1.0592266275085658,1.055310817425355,1.0631424375917768,1.0455212922173274,861367.2
2023-05-19,1.0484581497797356,1.0445423396965245,1.0523739598629465,1.0357317670093,697185.0
2023-05-22,1.043563387175722,1.04650024473813,1.050416054821341,1.039647577092511,568561.0
2023-05-23,1.047479197258933,1.0298580518844835,1.047479197258933,1.0298580518844835,847577.0
2023-05-24,1.0298580518844835,1.0249632892804696,1.0367107195301026,1.0230053842388642,803920.2
2023-05-25,1.0210474791972588,1.0122369065100343,1.023984336759667,1.0024473813020067,1372860.0
2023-05-26,1.0112579539892315,1.0112579539892315,1.0141948115516397,0.993636808614782,928542.0
2023-05-29,1.0112579539892315,1.0063631913852178,1.0151737640724423,1.0004894762604013,881177.0
2023-05-30,1.0044052863436124,1.0044052863436124,1.0093000489476258,0.9906999510523739,1408972.0
2023-05-31,1.0044052863436124,1.0024473813020067,1.0073421439060204,0.9946157611355849,1311069.0
2023-06-01,1.0024473813020067,1.0102790014684286,1.0190895741556534,1.0004894762604013,910708.0
2023-06-02,1.0171316691140477,1.0494371023005384,1.050416054821341,1.0161527165932451,2081746.0
2023-06-05,1.043563387175722,1.0367107195301026,1.043563387175722,1.031815956926089,2081426.0
2023-06-06,1.0347528144884972,1.0249632892804696,1.0416054821341165,1.0210474791972588,766596.17
2023-06-07,1.0288790993636807,1.0171316691140477,1.031815956926089,1.0122369065100343,670259.17
2023-06-08,1.0132158590308369,1.0230053842388642,1.0288790993636807,1.0112579539892315,784506.0
2023-06-09,1.0298580518844835,1.0347528144884972,1.0367107195301026,1.0249632892804696,870303.0
2023-06-12,1.0269211943220753,1.0288790993636807,1.0337738619676946,1.0210474791972588,1118898.0
2023-06-13,1.0288790993636807,1.0288790993636807,1.031815956926089,1.0210474791972588,749422.0
2023-06-14,1.0337738619676946,1.0308370044052861,1.0367107195301026,1.0249632892804696,2374629.0
2023-06-15,1.031815956926089,1.0425844346549191,1.0425844346549191,1.0161527165932451,1762892.0
2023-06-16,1.039647577092511,1.0484581497797356,1.050416054821341,1.039647577092511,1415129.0
2023-06-19,1.0455212922173274,1.0279001468428781,1.047479197258933,1.0249632892804696,1075099.0
2023-06-20,1.023984336759667,1.0210474791972588,1.0279001468428781,1.0171316691140477,926188.06
2023-06-21,1.0181106216348508,1.001468428781204,1.023984336759667,1.001468428781204,804903.06
2023-06-26,0.9985315712187959,0.993636808614782,1.0073421439060204,0.9926578560939794,776638.0
2023-06-27,0.993636808614782,1.0093000489476258,1.0093000489476258,0.9906999510523739,1019443.93
2023-06-28,1.0073421439060204,1.005384238864415,1.0083210964268232,0.9926578560939794,713462.79
2023-06-29,1.0024473813020067,0.9995105237395985,1.0044052863436124,0.9965736661771903,586048.0
2023-06-30,0.9965736661771903,1.0122369065100343,1.0161527165932451,0.9965736661771903,1123887.0
2023-07-03,1.0161527165932451,1.0298580518844835,1.0308370044052861,1.0161527165932451,968236.21
2023-07-04,1.0376896720509055,1.0269211943220753,1.0455212922173274,1.0220264317180616,989928.0
2023-07-05,1.0220264317180616,1.047479197258933,1.0484581497797356,1.0220264317180616,1569279.96
2023-07-06,1.047479197258933,1.0279001468428781,1.047479197258933,1.0249632892804696,1100786.34
2023-07-07,1.023984336759667,1.0269211943220753,1.0347528144884972,1.0102790014684286,1185691.0
2023-07-10,1.0288790993636807,1.0337738619676946,1.0416054821341165,1.0279001468428781,816040.0
2023-07-11,1.0337738619676946,1.038668624571708,1.039647577092511,1.023984336759667,1464690.0
2023-07-12,1.038668624571708,1.0357317670093,1.043563387175722,1.031815956926089,882098.8
2023-07-13,1.0484581497797356,1.0572687224669604,1.0611845325501714,1.0357317670093,1459197.8
2023-07-14,1.0572687224669604,1.0494371023005384,1.062163485070974,1.047479197258933,1078933.0
2023-07-17,1.0455212922173274,1.0367107195301026,1.04650024473813,1.0327949094468918,1272739.0
2023-07-18,1.0347528144884972,1.0367107195301026,1.0425844346549191,1.0298580518844835,694090.0
2023-07-19,1.0367107195301026,1.039647577092511,1.043563387175722,1.0327949094468918,881424.0
2023-07-20,1.0406265296133137,1.0425844346549191,1.0592266275085658,1.0406265296133137,1037325.0
2023-07-21,1.039647577092511,1.0327949094468918,1.0425844346549191,1.0279001468428781,833034.0
2023-07-24,1.0298580518844835,1.0161527165932451,1.0308370044052861,1.0141948115516397,867558.0
2023-07-25,1.0259422418012727,1.0494371023005384,1.0494371023005384,1.0259422418012727,1616732.0
2023-07-26,1.0484581497797356,1.0523739598629465,1.054331864904552,1.0425844346549191,2114780.0
2023-07-27,1.0523739598629465,1.043563387175722,1.0533529123837493,1.039647577092511,959167.0
2023-07-28,1.0347528144884972,1.050416054821341,1.0523739598629465,1.0259422418012727,2134695.15
2023-07-31,1.050416054821341,1.0651003426333823,1.0768477728830153,1.050416054821341,2504704.15
2023-08-01,1.0660792951541849,1.0670582476749877,1.0748898678414096,1.058247674987763,2767760.0
2023-08-02,1.0660792951541849,1.0562897699461575,1.0660792951541849,1.054331864904552,1108464.0
2023-08-03,1.054331864904552,1.0533529123837493,1.055310817425355,1.04650024473813,1889381.58
2023-08-04,1.0572687224669604,1.0641213901125794,1.0680372001957903,1.0572687224669604,1887981.78
2023-08-07,1.0562897699461575,1.0572687224669604,1.0641213901125794,1.0533529123837493,1169767.0
2023-08-08,1.0562897699461575,1.062163485070974,1.0690161527165933,1.050416054821341,1488794.0
2023-08-09,1.0572687224669604,1.0513950073421439,1.0611845325501714,1.0494371023005384,1011718.31
2023-08-10,1.0513950073421439,1.0533529123837493,1.058247674987763,1.0484581497797356,544979.31
2023-08-11,1.0523739598629465,1.0298580518844835,1.055310817425355,1.0288790993636807,1058154.0
2023-08-14,1.023984336759667,1.0210474791972588,1.0279001468428781,1.0093000489476258,1905140.0
2023-08-15,1.0181106216348508,1.0141948115516397,1.023984336759667,1.0044052863436124,1131944.0
2023-08-16,1.0083210964268232,1.0034263338228093,1.0141948115516397,1.0034263338228093,920840.0
2023-08-17,0.9995105237395985,1.0093000489476258,1.0093000489476258,0.9877630934899656,1043044.0
2023-08-18,1.005384238864415,0.9887420460107684,1.0102790014684286,0.9877630934899656,1146961.59
2023-08-21,0.9877630934899656,0.9799314733235436,0.9926578560939794,0.978952520802741,815986.59
2023-08-22,0.9809104258443465,0.9858051884483601,0.989720998531571,0.9701419481155164,1087559.0
2023-08-23,0.9828683308859519,0.9632892804698971,0.9848262359275575,0.9623103279490944,915364.0
2023-08-24,0.9701419481155164,0.9809104258443465,0.9906999510523739,0.9691629955947135,997195.07
2023-08-25,0.9740577581987273,0.9662261380323054,0.9769946157611356,0.9613313754282916,1550660.07
2023-08-28,1.0132158590308369,0.9711209006363191,1.0161527165932451,0.9652471855115026,1670746.0
2023-08-29,0.9691629955947135,0.9848262359275575,0.9877630934899656,0.9652471855115026,1361435.0
2023-08-30,0.9858051884483601,0.9858051884483601,0.9985315712187959,0.9809104258443465,780067.41
2023-08-31,0.9848262359275575,0.9760156632403327,0.989720998531571,0.9730788056779246,846682.0
2023-09-01,0.9779735682819383,0.9975526186979929,1.0004894762604013,0.9769946157611356,1431984.0
2023-09-04,1.0024473813020067,1.0279001468428781,1.031815956926089,1.001468428781204,2596455.0
2023-09-05,1.0200685266764562,1.0230053842388642,1.0259422418012727,1.0141948115516397,1212885.0
2023-09-06,1.0200685266764562,1.0200685266764562,1.0220264317180616,1.0132158590308369,868978.0
2023-09-07,1.0161527165932451,1.0034263338228093,1.0181106216348508,1.001468428781204,1436834.0
2023-09-08,1.0024473813020067,0.993636808614782,1.005384238864415,0.9906999510523739,980972.0
2023-09-11,0.9946157611355849,1.0093000489476258,1.0151737640724423,0.9906999510523739,1237900.0
2023-09-12,1.0093000489476258,1.0063631913852178,1.0181106216348508,1.0044052863436124,1027884.0
2023-09-13,1.0044052863436124,1.0004894762604013,1.0093000489476258,0.9946157611355849,885766.0
2023-09-14,1.0004894762604013,1.0063631913852178,1.0083210964268232,0.9995105237395985,1892637.0
2023-09-15,1.0093000489476258,1.0063631913852178,1.0161527165932451,1.0004894762604013,1099160.0
2023-09-18,1.001468428781204,1.0073421439060204,1.0102790014684286,0.9916789035731766,1079220.0
2023-09-19,1.005384238864415,1.0004894762604013,1.0073421439060204,0.9975526186979929,649621.0
2023-09-20,0.9985315712187959,0.9926578560939794,0.9995105237395985,0.9926578560939794,700213.0
2023-09-21,0.9906999510523739,0.9828683308859519,0.993636808614782,0.9818893783651491,759204.22
2023-09-22,0.9799314733235436,0.9887420460107684,0.9887420460107684,0.9730788056779246,999747.0
2023-09-25,0.9838472834067546,0.978952520802741,0.9867841409691629,0.9760156632403327,699544.0
2023-09-26,0.9769946157611356,0.9711209006363191,0.978952520802741,0.9701419481155164,594485.0
2023-09-27,0.9691629955947135,0.9720998531571218,0.9799314733235436,0.9662261380323054,1211178.0
2023-09-28,0.9720998531571218,0.9691629955947135,0.9769946157611356,0.9652471855115026,667565.0
2023-10-09,0.9642682329906999,0.9652471855115026,0.9672050905531081,0.9505628976994615,872100.0
2023-10-10,0.9642682329906999,0.9691629955947135,0.9779735682819383,0.9642682329906999,786699.0
2023-10-11,0.9711209006363191,0.9593734703866862,0.9720998531571218,0.9564366128242779,926855.0
2023-10-12,0.9632892804698971,0.9858051884483601,0.9867841409691629,0.9632892804698971,1650868.0
2023-10-13,0.9769946157611356,0.9701419481155164,0.9779735682819383,0.9652471855115026,857118.0
2023-10-16,0.9730788056779246,0.9564366128242779,0.9760156632403327,0.9534997552618697,686804.0
2023-10-17,0.9574155653450807,0.9574155653450807,0.9583945178658834,0.9495839451786587,588777.0
2023-10-18,0.9544787077826724,0.9417523250122368,0.9564366128242779,0.9397944199706313,623980.0
2023-10-19,0.9378365149290259,0.9251101321585902,0.9397944199706313,0.9251101321585902,1375596.0
2023-10-20,0.9241311796377875,0.930004894762604,0.9407733724914341,0.9231522271169847,814465.0
2023-10-23,0.9280469897209984,0.9045521292217327,0.9280469897209984,0.8967205090553108,762988.0
2023-10-24,0.9045521292217327,0.9202153695545765,0.9202153695545765,0.9045521292217327,997095.0
2023-10-25,0.9280469897209984,0.9260890846793929,0.9378365149290259,0.9251101321585902,902100.0
2023-10-26,0.9221732745961819,0.9280469897209984,0.9290259422418011,0.9133627019089574,569101.0
2023-10-27,0.9221732745961819,0.9456681350954478,0.948604992657856,0.9211943220753792,646754.0
2023-10-30,0.9456681350954478,0.9515418502202643,0.9593734703866862,0.9437102300538422,670086.0
2023-10-31,0.9476260401370532,0.9476260401370532,0.952520802741067,0.9407733724914341,526213.0
2023-11-01,0.948604992657856,0.9427312775330395,0.9495839451786587,0.9378365149290259,354000.0
2023-11-02,0.9437102300538422,0.9309838472834067,0.9495839451786587,0.9309838472834067,607213.18
2023-11-03,0.9339207048458149,0.9348996573666176,0.9388154674498286,0.9309838472834067,629742.5
2023-11-06,0.9427312775330395,0.9427312775330395,0.9446891825746451,0.9329417523250121,1099539.5
2023-11-07,0.9397944199706313,0.9339207048458149,0.9397944199706313,0.9260890846793929,1131147.0
2023-11-08,0.9280469897209984,0.9260890846793929,0.9319627998042094,0.9202153695545765,737012.0
2023-11-09,0.9221732745961819,0.9290259422418011,0.9329417523250121,0.9211943220753792,704224.0
2023-11-10,0.9251101321585902,0.9231522271169847,0.9270680372001957,0.9202153695545765,481653.0
2023-11-13,0.9251101321585902,0.9280469897209984,0.9290259422418011,0.9192364170337738,581900.0
2023-11-14,0.9309838472834067,0.9260890846793929,0.9309838472834067,0.9211943220753792,577413.0
2023-11-15,0.9358786098874203,0.9437102300538422,0.9476260401370532,0.9358786098874203,1542959.0
2023-11-16,0.9397944199706313,0.9309838472834067,0.9407733724914341,0.9280469897209984,1110175.82
2023-11-17,0.9270680372001957,0.9329417523250121,0.9339207048458149,0.9241311796377875,632932.0
2023-11-20,0.9348996573666176,0.9348996573666176,0.9358786098874203,0.9241311796377875,752522.0
2023-11-21,0.9358786098874203,0.936857562408223,0.9466470876162505,0.9348996573666176,690612.0
2023-11-22,0.9329417523250121,0.918257464512971,0.9348996573666176,0.9172785119921684,1060607.0
2023-11-23,0.9162995594713657,0.9221732745961819,0.9221732745961819,0.9114047968673519,1004004.0
2023-11-24,0.918257464512971,0.9114047968673519,0.9192364170337738,0.9104258443465492,612410.0
2023-11-27,0.9094468918257465,0.9055310817425355,0.9143416544297601,0.9016152716593245,531394.0
2023-11-28,0.9045521292217327,0.9084679393049437,0.9084679393049437,0.8986784140969163,362559.0
2023-11-29,0.9104258443465492,0.9094468918257465,0.9153206069505628,0.9074889867841409,446592.0
2023-11-30,0.9055310817425355,0.90357317670093,0.9094468918257465,0.8976994615761136,545429.91
2023-12-01,0.9025942241801272,0.90357317670093,0.9074889867841409,0.8947626040137053,586729.0
2023-12-04,0.9084679393049437,0.9123837493881547,0.9231522271169847,0.9045521292217327,1063235.0
2023-12-05,0.90357317670093,0.8976994615761136,0.9104258443465492,0.8937836514929025,795272.0
2023-12-06,0.895741556534508,0.9143416544297601,0.9211943220753792,0.8918257464512971,957154.01
2023-12-07,0.9123837493881547,0.9094468918257465,0.9143416544297601,0.899657366617719,788462.01
2023-12-08,0.9143416544297601,0.9025942241801272,0.9153206069505628,0.9016152716593245,551821.0
2023-12-11,0.895741556534508,0.8937836514929025,0.8976994615761136,0.8790993636808614,636454.0
2023-12-12,0.8918257464512971,0.8928046989720998,0.8937836514929025,0.8859520313264806,386522.0
2023-12-13,0.8898678414096916,0.8761625061184533,0.8898678414096916,0.8742046010768477,566336.0
2023-12-14,0.8879099363680861,0.8761625061184533,0.8918257464512971,0.8742046010768477,639218.0
2023-12-15,0.8820362212432696,0.8810572687224669,0.8928046989720998,0.877141458639256,542899.0
2023-12-18,0.8761625061184533,0.8683308859520312,0.8810572687224669,0.8653940283896231,483033.17
2023-12-19,0.8653940283896231,0.8644150758688203,0.8702887909936368,0.8595203132648066,375481.0
2023-12-20,0.8683308859520312,0.8644150758688203,0.8742046010768477,0.8634361233480176,549819.17
2023-12-21,0.8595203132648066,0.8722466960352422,0.8742046010768477,0.8565834557023984,635198.0
2023-12-22,0.873225648556045,0.8898678414096916,0.8967205090553108,0.8663729809104258,865686.0
2023-12-25,0.8839941262848752,0.895741556534508,0.895741556534508,0.8839941262848752,492122.0
2023-12-26,0.895741556534508,0.8937836514929025,0.8976994615761136,0.8879099363680861,377974.0
2023-12-27,0.8937836514929025,0.8976994615761136,0.8986784140969163,0.8839941262848752,570841.0
2023-12-28,0.8967205090553108,0.9231522271169847,0.9260890846793929,0.8967205090553108,953032.35
2023-12-29,0.9192364170337738,0.9251101321585902,0.9280469897209984,0.9162995594713657,810114.0
2024-01-02,0.9251101321585902,0.9251101321585902,0.9319627998042094,0.9211943220753792,736987.0
2024-01-03,0.9221732745961819,0.9270680372001957,0.930004894762604,0.9202153695545765,790975.0
2024-01-04,0.9231522271169847,0.9162995594713657,0.9241311796377875,0.9104258443465492,575278.0
2024-01-05,0.9143416544297601,0.9114047968673519,0.9319627998042094,0.9074889867841409,817483.0
2024-01-08,0.9114047968673519,0.899657366617719,0.9172785119921684,0.899657366617719,550225.0
2024-01-09,0.899657366617719,0.9104258443465492,0.9114047968673519,0.8947626040137053,643537.9
2024-01-10,0.9074889867841409,0.9055310817425355,0.9202153695545765,0.899657366617719,550980.0
2024-01-11,0.9025942241801272,0.9211943220753792,0.9251101321585902,0.8976994615761136,788252.8
2024-01-12,0.9162995594713657,0.9162995594713657,0.9260890846793929,0.9123837493881547,741864.0
2024-01-15,0.9162995594713657,0.9065100342633382,0.918257464512971,0.9055310817425355,721378.0
2024-01-16,0.9045521292217327,0.9065100342633382,0.9143416544297601,0.8937836514929025,794502.17
2024-01-17,0.9045521292217327,0.877141458639256,0.9045521292217327,0.8761625061184533,699939.24
2024-01-18,0.8712677435144395,0.877141458639256,0.8800783162016642,0.8516886930983847,895474.24
2024-01-19,0.873225648556045,0.8722466960352422,0.8869309838472834,0.8722466960352422,794647.0
2024-01-22,0.8722466960352422,0.8321096426823298,0.8722466960352422,0.8281938325991188,1092802.0
2024-01-23,0.8301517376407244,0.84287812041116,0.8477728830151737,0.8203622124326969,970905.9
2024-01-24,0.8438570729319628,0.8536465981399901,0.8575624082232011,0.8262359275575134,922421.53
2024-01-25,0.8536465981399901,0.8781204111600587,0.8810572687224669,0.8526676456191874,1033089.0
2024-01-26,0.877141458639256,0.8810572687224669,0.8888888888888888,0.8751835535976504,639081.0
2024-01-29,0.8820362212432696,0.8644150758688203,0.8849730788056779,0.8634361233480176,718476.0
2024-01-30,0.8624571708272148,0.8487518355359764,0.8683308859520312,0.8467939304943709,576237.0
2024-01-31,0.8448360254527655,0.8232990699951052,0.8477728830151737,0.8232990699951052,737371.0
2024-02-01,0.8174253548702887,0.8242780225159079,0.8360254527655407,0.812530592266275,517365.0
2024-02-02,0.8242780225159079,0.8037200195790503,0.8311306901615271,0.7812041116005873,1050294.0
2024-02-05,0.7929515418502202,0.7831620166421929,0.8017621145374448,0.7616250611845325,869277.28
2024-02-06,0.7743514439549681,0.8242780225159079,0.8281938325991188,0.7743514439549681,914185.0
2024-02-07,0.8272148800783161,0.8575624082232011,0.8575624082232011,0.8223201174743024,1188422.7
2024-02-08,0.8595203132648066,0.8663729809104258,0.8800783162016642,0.8585413607440039,866352.51
2024-02-19,0.8683308859520312,0.8722466960352422,0.8751835535976504,0.8604992657856093,660369.09
2024-02-20,0.8683308859520312,0.877141458639256,0.8781204111600587,0.8614782183064121,534874.0
2024-02-21,0.8751835535976504,0.8859520313264806,0.9016152716593245,0.8712677435144395,1003862.0
2024-02-22,0.8830151737640723,0.8937836514929025,0.895741556534508,0.877141458639256,691269.0
2024-02-23,0.8967205090553108,0.90357317670093,0.9065100342633382,0.8928046989720998,568766.0
2024-02-26,0.9006363191385217,0.8947626040137053,0.9094468918257465,0.8908467939304944,659731.0
2024-02-27,0.8918257464512971,0.9025942241801272,0.90357317670093,0.8879099363680861,561440.0
2024-02-28,0.9025942241801272,0.8928046989720998,0.9231522271169847,0.8918257464512971,776918.41
2024-02-29,0.8928046989720998,0.9153206069505628,0.9202153695545765,0.8908467939304944,927760.78
2024-03-01,0.9143416544297601,0.9251101321585902,0.9280469897209984,0.9143416544297601,906294.0
2024-03-04,0.930004894762604,0.930004894762604,0.9397944199706313,0.9241311796377875,710882.0
2024-03-05,0.9309838472834067,0.9290259422418011,0.9407733724914341,0.9241311796377875,924559.33
2024-03-06,0.930004894762604,0.9339207048458149,0.9417523250122368,0.9221732745961819,577207.22
2024-03-07,0.9378365149290259,0.9623103279490944,0.97503671071953,0.9378365149290259,3365812.0
2024-03-08,0.9623103279490944,0.9652471855115026,0.9652471855115026,0.9476260401370532,1891100.0
2024-03-11,0.9672050905531081,0.9769946157611356,0.9779735682819383,0.9623103279490944,1947841.2
2024-03-12,0.9769946157611356,0.9574155653450807,0.9779735682819383,0.9515418502202643,1505156.0
2024-03-13,0.9544787077826724,0.9642682329906999,0.9681840430739108,0.9495839451786587,1570258.55
2024-03-14,0.9779735682819383,0.9769946157611356,1.0004894762604013,0.9711209006363191,1910457.83
2024-03-15,0.9691629955947135,1.0112579539892315,1.0122369065100343,0.9672050905531081,3522316.73
2024-03-18,1.0112579539892315,1.0132158590308369,1.0171316691140477,0.9975526186979929,3209613.31
2024-03-19,1.0083210964268232,1.0063631913852178,1.0288790993636807,1.005384238864415,2180174.26
2024-03-20,1.0004894762604013,1.005384238864415,1.0102790014684286,0.9926578560939794,1526517.84
2024-03-21,1.0181106216348508,1.0093000489476258,1.023984336759667,1.0044052863436124,1868072.0
2024-03-22,1.0024473813020067,0.9838472834067546,1.0063631913852178,0.9779735682819383,3148571.0
2024-03-25,0.9809104258443465,0.989720998531571,1.0073421439060204,0.9809104258443465,2311164.0
2024-03-26,0.9906999510523739,0.9877630934899656,0.9955947136563875,0.9740577581987273,1848827.0
2024-03-27,0.9877630934899656,0.9740577581987273,0.9906999510523739,0.9740577581987273,1220830.0
2024-03-28,0.9711209006363191,0.9916789035731766,0.9995105237395985,0.9711209006363191,1703367.0
2024-03-29,1.0004894762604013,1.0249632892804696,1.0249632892804696,1.0004894762604013,2711576.36
2024-04-01,1.0376896720509055,1.0445423396965245,1.054331864904552,1.0327949094468918,2913708.24
2024-04-02,1.0445423396965245,1.055310817425355,1.0562897699461575,1.039647577092511,2300784.88
2024-04-03,1.0651003426333823,1.0905531081742537,1.095447870778267,1.0562897699461575,4120930.05
2024-04-08,1.095447870778267,1.0876162506118452,1.1306901615271658,1.0797846304454233,5919134.53
2024-04-09,1.080763582966226,1.0915320606950563,1.100342633382281,1.0758688203622124,4353848.94
2024-04-10,1.095447870778267,1.0983847283406756,1.1081742535487027,1.0778267254038179,2856805.67
2024-04-11,1.0768477728830153,1.095447870778267,1.122858541360744,1.0709740577581988,3526575.51
2024-04-12,1.1062163485070973,1.1062163485070973,1.1160058737151246,1.0895741556534506,2316687.35
2024-04-15,1.092511013215859,1.1052373959862947,1.1071953010279,1.0651003426333823,2277918.41
2024-04-16,1.0983847283406756,1.0572687224669604,1.1042584434654918,1.0523739598629465,3017477.42
2024-04-17,1.0562897699461575,1.0797846304454233,1.0817425354870287,1.0523739598629465,1997690.42
2024-04-18,1.0748898678414096,1.0944689182574645,1.0974057758198728,1.0680372001957903,2066119.0
2024-04-19,1.095447870778267,1.0876162506118452,1.118942731277533,1.0778267254038179,2196943.54
2024-04-22,1.0934899657366617,1.0631424375917768,1.1052373959862947,1.062163485070974,1752760.28
2024-04-23,1.0416054821341165,1.0151737640724423,1.0445423396965245,1.0141948115516397,3361269.11
2024-04-24,1.0073421439060204,1.0249632892804696,1.0269211943220753,1.0044052863436124,1821362.11
2024-04-25,1.0181106216348508,1.0347528144884972,1.0425844346549191,1.0102790014684286,1753719.1
2024-04-26,1.0367107195301026,1.062163485070974,1.0631424375917768,1.0308370044052861,1634566.0
2024-04-29,1.0611845325501714,1.0562897699461575,1.0611845325501714,1.0416054821341165,1839459.0
2024-04-30,1.0562897699461575,1.04650024473813,1.0660792951541849,1.043563387175722,1530273.0
2024-05-06,1.0376896720509055,1.054331864904552,1.055310817425355,1.0269211943220753,1936487.36
2024-05-07,1.0592266275085658,1.062163485070974,1.0758688203622124,1.0572687224669604,1719927.0
2024-05-08,1.0533529123837493,1.054331864904552,1.0641213901125794,1.0406265296133137,1587962.0
2024-05-09,1.0513950073421439,1.0797846304454233,1.0866372980910426,1.0484581497797356,2305313.0
2024-05-10,1.092511013215859,1.0876162506118452,1.0983847283406756,1.0680372001957903,1963495.62
2024-05-13,1.0748898678414096,1.0739109153206068,1.0797846304454233,1.0602055800293684,1870668.62
2024-05-14,1.0797846304454233,1.080763582966226,1.0915320606950563,1.0719530102790014,1520211.0
2024-05-15,1.0778267254038179,1.0690161527165933,1.0915320606950563,1.0680372001957903,2055667.2
2024-05-16,1.0827214880078315,1.0631424375917768,1.0895741556534506,1.058247674987763,1904405.16
2024-05-17,1.0592266275085658,1.0778267254038179,1.0788056779246207,1.0494371023005384,1789380.0
2024-05-20,1.1062163485070973,1.11796377875673,1.1257953989231522,1.0895741556534506,4238313.0
2024-05-21,1.118942731277533,1.0837004405286343,1.121879588839941,1.0797846304454233,2982244.0
2024-05-22,1.080763582966226,1.0739109153206068,1.0905531081742537,1.0690161527165933,2349531.0
2024-05-23,1.0455212922173274,1.039647577092511,1.0484581497797356,1.0298580518844835,2577443.0
2024-05-24,1.0337738619676946,1.039647577092511,1.04650024473813,1.0327949094468918,2074175.33
2024-05-27,1.0367107195301026,1.054331864904552,1.055310817425355,1.0367107195301026,2335412.0
2024-05-28,1.0611845325501714,1.0523739598629465,1.0729319627998042,1.0513950073421439,2334685.0
2024-05-29,1.0513950073421439,1.0788056779246207,1.0856583455702398,1.0513950073421439,3977951.67
2024-05-30,1.0778267254038179,1.047479197258933,1.080763582966226,1.043563387175722,2127309.0
2024-05-31,1.0455212922173274,1.0425844346549191,1.0513950073421439,1.0347528144884972,1156642.0
2024-06-03,1.0347528144884972,1.0220264317180616,1.038668624571708,1.0122369065100343,2148340.0
2024-06-04,1.0220264317180616,1.0337738619676946,1.0406265296133137,1.0161527165932451,1530752.0
2024-06-05,1.0181106216348508,1.0102790014684286,1.023984336759667,1.0083210964268232,2091506.81
2024-06-06,1.0200685266764562,1.0200685266764562,1.0327949094468918,1.0171316691140477,2047301.02
2024-06-07,1.0308370044052861,1.0220264317180616,1.0337738619676946,1.0083210964268232,1826495.0
2024-06-11,0.9985315712187959,0.9995105237395985,1.001468428781204,0.989720998531571,1950651.0
2024-06-12,0.9946157611355849,1.0083210964268232,1.0122369065100343,0.9946157611355849,1065280.0
2024-06-13,1.0083210964268232,0.9916789035731766,1.0083210964268232,0.9838472834067546,1846573.0
2024-06-14,0.9848262359275575,0.9946157611355849,0.9965736661771903,0.9809104258443465,1036370.0
2024-06-17,0.9926578560939794,0.9818893783651491,0.9985315712187959,0.9809104258443465,1370064.0
2024-06-18,0.9818893783651491,0.9887420460107684,0.993636808614782,0.97503671071953,2761371.0
2024-06-19,0.9926578560939794,0.9926578560939794,1.0044052863436124,0.9887420460107684,1790019.0
2024-06-20,0.9946157611355849,0.9858051884483601,1.0063631913852178,0.9828683308859519,2126734.0
2024-06-21,0.989720998531571,0.9809104258443465,0.993636808614782,0.9769946157611356,1556487.0
2024-06-24,0.9662261380323054,0.9593734703866862,0.9711209006363191,0.9554576603034752,1220757.0
2024-06-25,0.9593734703866862,0.9603524229074889,0.9711209006363191,0.9544787077826724,1339785.0
2024-06-26,0.9554576603034752,0.9701419481155164,0.9711209006363191,0.9437102300538422,1860058.0
2024-06-27,0.9623103279490944,0.9476260401370532,0.9672050905531081,0.9466470876162505,1177421.0
2024-06-28,0.9466470876162505,0.9662261380323054,0.9740577581987273,0.9466470876162505,1493100.0
2024-07-01,0.9740577581987273,0.9887420460107684,0.9916789035731766,0.9662261380323054,1602251.16
2024-07-02,0.9887420460107684,0.9769946157611356,0.989720998531571,0.9730788056779246,1064898.0
2024-07-03,0.9760156632403327,0.9769946157611356,0.9799314733235436,0.9691629955947135,1084165.0
2024-07-04,0.9848262359275575,0.9701419481155164,0.9926578560939794,0.9691629955947135,1479078.0
2024-07-05,0.9691629955947135,0.9955947136563875,0.9965736661771903,0.9613313754282916,1987526.6
2024-07-08,0.9946157611355849,0.9848262359275575,1.001468428781204,0.9838472834067546,1427812.94
2024-07-09,0.9818893783651491,1.005384238864415,1.0083210964268232,0.9809104258443465,1954309.52
2024-07-10,1.0044052863436124,0.9906999510523739,1.0181106216348508,0.9867841409691629,1833539.0
2024-07-11,0.9985315712187959,1.0279001468428781,1.031815956926089,0.993636808614782,2744563.39
2024-07-12,1.0337738619676946,1.0093000489476258,1.0347528144884972,1.0034263338228093,2432497.31
2024-07-15,1.0063631913852178,1.0161527165932451,1.0259422418012727,1.001468428781204,1655659.31
2024-07-16,1.0141948115516397,1.0249632892804696,1.0279001468428781,1.0102790014684286,1367568.0
2024-07-17,1.0298580518844835,0.9985315712187959,1.031815956926089,0.9965736661771903,2002973.0
2024-07-18,0.9906999510523739,0.9975526186979929,0.9985315712187959,0.9760156632403327,2014743.0
2024-07-19,0.9818893783651491,0.9809104258443465,0.9838472834067546,0.9574155653450807,1711976.0
2024-07-22,0.9730788056779246,0.9691629955947135,0.9769946157611356,0.9613313754282916,1226168.0
2024-07-23,0.9662261380323054,0.9241311796377875,0.9730788056779246,0.9231522271169847,2005425.0
2024-07-24,0.9211943220753792,0.9162995594713657,0.9280469897209984,0.9123837493881547,1453422.0
2024-07-25,0.9055310817425355,0.8937836514929025,0.9084679393049437,0.8908467939304944,1580831.0
2024-07-26,0.8937836514929025,0.9153206069505628,0.9211943220753792,0.8937836514929025,1927606.0
2024-07-29,0.918257464512971,0.9133627019089574,0.9241311796377875,0.9104258443465492,1050984.8
2024-07-30,0.9084679393049437,0.9055310817425355,0.9094468918257465,0.8967205090553108,1211388.0
2024-07-31,0.9084679393049437,0.9407733724914341,0.9407733724914341,0.9074889867841409,1696845.8
2024-08-01,0.9495839451786587,0.9378365149290259,0.9554576603034752,0.9329417523250121,1353683.0
2024-08-02,0.9231522271169847,0.9221732745961819,0.9290259422418011,0.918257464512971,908604.0
2024-08-05,0.9123837493881547,0.899657366617719,0.9241311796377875,0.899657366617719,1203964.97
2024-08-06,0.9025942241801272,0.899657366617719,0.9104258443465492,0.8908467939304944,956806.0
2024-08-07,0.899657366617719,0.9025942241801272,0.9094468918257465,0.8908467939304944,1350423.0
2024-08-08,0.8976994615761136,0.8937836514929025,0.8986784140969163,0.8849730788056779,1057392.0
2024-08-09,0.9016152716593245,0.8986784140969163,0.9123837493881547,0.8976994615761136,1329301.0
2024-08-12,0.8967205090553108,0.8986784140969163,0.9016152716593245,0.8928046989720998,826596.0
2024-08-13,0.9055310817425355,0.9025942241801272,0.9065100342633382,0.8937836514929025,988251.76
2024-08-14,0.899657366617719,0.8898678414096916,0.9045521292217327,0.8888888888888888,1123076.0
2024-08-15,0.8869309838472834,0.8986784140969163,0.9025942241801272,0.8830151737640723,1117433.0
2024-08-16,0.9065100342633382,0.899657366617719,0.9114047968673519,0.895741556534508,1185928.0
2024-08-19,0.9016152716593245,0.9143416544297601,0.9231522271169847,0.9006363191385217,1574633.0
2024-08-20,0.9143416544297601,0.90357317670093,0.9211943220753792,0.899657366617719,1913419.0
2024-08-21,0.9016152716593245,0.9133627019089574,0.9162995594713657,0.8976994615761136,1996449.0
2024-08-22,0.9133627019089574,0.9006363191385217,0.9143416544297601,0.899657366617719,864022.0
2024-08-23,0.8947626040137053,0.8976994615761136,0.9006363191385217,0.8898678414096916,769627.0
2024-08-26,0.9055310817425355,0.9094468918257465,0.9094468918257465,0.8986784140969163,869977.0
2024-08-27,0.9055310817425355,0.8967205090553108,0.9055310817425355,0.8898678414096916,863297.0
2024-08-28,0.8928046989720998,0.8888888888888888,0.9055310817425355,0.8849730788056779,1193066.0
2024-08-29,0.8820362212432696,0.895741556534508,0.9006363191385217,0.8781204111600587,940321.0
2024-08-30,0.8947626040137053,0.9016152716593245,0.9114047968673519,0.8898678414096916,1685121.0
2024-09-02,0.8967205090553108,0.8810572687224669,0.8967205090553108,0.8781204111600587,1425950.0
2024-09-03,0.8781204111600587,0.8839941262848752,0.8918257464512971,0.8742046010768477,971688.0
2024-09-04,0.8761625061184533,0.8634361233480176,0.8761625061184533,0.8614782183064121,1219792.3
2024-09-05,0.8634361233480176,0.8634361233480176,0.877141458639256,0.8585413607440039,1691840.0
2024-09-06,0.8634361233480176,0.8585413607440039,0.8673519334312285,0.8565834557023984,870535.0
2024-09-09,0.8526676456191874,0.8438570729319628,0.8526676456191874,0.8360254527655407,1528002.82
2024-09-10,0.8438570729319628,0.8399412628487518,0.8458149779735682,0.8281938325991188,1018789.0
2024-09-11,0.8370044052863436,0.8487518355359764,0.8497307880567792,0.8370044052863436,906922.8
2024-09-12,0.850709740577582,0.8477728830151737,0.8585413607440039,0.8448360254527655,1317915.0
2024-09-13,0.8556045031815956,0.8448360254527655,0.8614782183064121,0.8438570729319628,892982.0
2024-09-18,0.8477877630934899,0.8517493881546745,0.855711013215859,0.8378837004405286,1017906.0
2024-09-19,0.8517493881546745,0.8784903573176701,0.8784903573176701,0.840854919236417,1897553.0
2024-09-20,0.8765095447870778,0.8893848262359275,0.8893848262359275,0.870567107195301,1294999.0
2024-09-23,0.8844327949094469,0.8883944199706315,0.8992888888888889,0.8844327949094469,1315073.0
2024-09-24,0.8923560450318159,0.9240490455212923,0.9240490455212923,0.8923560450318159,1520494.0
2024-09-25,0.9359339207048457,0.9329627019089574,0.9597036710719529,0.9319722956436611,2043304.0
2024-09-26,0.9309818893783651,0.9696077337249143,0.9696077337249143,0.9299914831130689,1878785.0
2024-09-27,0.9864446402349486,1.0131856093979439,1.0171472344591286,0.9805022026431719,907945.0
2024-09-30,1.069638766519824,1.107274204601077,1.1112358296622615,1.0250704845814977,4999804.0
2024-10-08,1.2181997063142438,1.1320343612334802,1.2181997063142438,1.056763485070974,10113322.0
2024-10-09,1.0844948604992657,1.0191280469897208,1.0844948604992657,1.0191280469897208,4521909.15
2024-10-10,1.0131856093979439,1.0359649534997553,1.0627059226627507,1.0082335780714635,4128044.0
2024-10-11,1.0409169848262358,1.0131856093979439,1.0409169848262358,1.0022911404796868,2393353.0
2024-10-14,1.0171472344591286,1.0438882036221244,1.047849828683309,1.0151664219285363,2344686.0
2024-10-15,1.0329937347038667,1.0082335780714635,1.0389361722956436,1.0072431718061672,1994287.0
2024-10-16,1.0003103279490944,1.0171472344591286,1.0240800783162016,0.9963487028879098,2674864.48
2024-10-17,1.0201184532550172,1.0013007342143905,1.02705129711209,1.0003103279490944,1425961.0
2024-10-18,0.9993199216837981,1.0260608908467939,1.041907391091532,0.9993199216837981,2840495.0
2024-10-21,1.0329937347038667,1.050821047479197,1.0617155163974548,1.0310129221732747,2806914.0
2024-10-22,1.048840234948605,1.0577538913362703,1.0597347038668623,1.0389361722956436,2415729.0
2024-10-23,1.063696328928047,1.0597347038668623,1.069638766519824,1.0448786098874203,2878004.0
2024-10-24,1.047849828683309,1.0448786098874203,1.0498306412139011,1.0320033284385708,1776221.0
2024-10-25,1.041907391091532,1.048840234948605,1.0617155163974548,1.0359649534997553,1909293.0
2024-10-28,1.050821047479197,1.0587442976015662,1.0587442976015662,1.0438882036221244,1769152.0
2024-10-29,1.0607251101321586,1.041907391091532,1.0607251101321586,1.0389361722956436,2312522.0
2024-10-30,1.0369553597650514,1.0300225159079783,1.0468594224180126,1.0201184532550172,1664244.0
2024-10-31,1.0280417033773863,1.0260608908467939,1.0359649534997553,1.0191280469897208,1355588.0
2024-11-01,1.0230896720509055,1.0646867351933431,1.085485266764562,1.0201184532550172,4542731.0
2024-11-04,1.0736003915810084,1.0656771414586392,1.0755812041116006,1.0468594224180126,2780189.8
2024-11-05,1.0597347038668623,1.099350954478708,1.1043029858051885,1.055773078805678,4098897.0
2024-11-06,1.1013317670093001,1.109255017131669,1.1270823299069992,1.094398923152227,4100063.0
2024-11-07,1.0884564855604502,1.107274204601077,1.107274204601077,1.0726099853157123,3788432.62
2024-11-08,1.1260919236417033,1.093408516886931,1.1310439549681839,1.0904372980910426,4057385.0
2024-11-11,1.078552422907489,1.0963797356828193,1.0973701419481154,1.0726099853157123,2478696.0
2024-11-12,1.0894468918257467,1.080533235438081,1.1161878609887421,1.071619579050416,2470626.0
2024-11-13,1.0775620166421929,1.0894468918257467,1.1003413607440038,1.0736003915810084,1974523.0
2024-11-14,1.0835044542339696,1.0537922662750856,1.0884564855604502,1.050821047479197,2275366.0
2024-11-15,1.048840234948605,1.0359649534997553,1.063696328928047,1.0349745472344591,1777580.35
2024-11-18,1.0329937347038667,1.0171472344591286,1.03992657856094,1.0102143906020558,1976319.0
2024-11-19,1.021108859520313,1.0518114537444936,1.0537922662750856,1.0191280469897208,1944378.0
2024-11-20,1.0528018600097895,1.0577538913362703,1.0617155163974548,1.0468594224180126,2111852.0
2024-11-21,1.0547826725403817,1.0597347038668623,1.0617155163974548,1.047849828683309,1986621.0
2024-11-22,1.0577538913362703,1.0320033284385708,1.0617155163974548,1.0300225159079783,1014763.0
2024-11-25,1.0359649534997553,1.0280417033773863,1.047849828683309,1.0171472344591286,1095997.0
2024-11-26,1.0240800783162016,1.0131856093979439,1.02705129711209,1.0112047968673519,825595.0
2024-11-27,1.0131856093979439,1.0240800783162016,1.0240800783162016,0.9913966715614291,1446829.48
2024-11-28,1.0240800783162016,1.0092239843367594,1.0240800783162016,1.0072431718061672,940520.0
2024-11-29,1.0072431718061672,1.021108859520313,1.0280417033773863,1.0013007342143905,1108486.0
2024-12-02,1.0220992657856094,1.0310129221732747,1.0329937347038667,1.0191280469897208,1232265.0
2024-12-03,1.0300225159079783,1.0300225159079783,1.0320033284385708,1.021108859520313,1641325.99
2024-12-04,1.0369553597650514,1.0310129221732747,1.041907391091532,1.0290321096426822,1471559.0
2024-12-05,1.0300225159079783,1.0240800783162016,1.0300225159079783,1.018137640724425,849801.0
2024-12-06,1.0201184532550172,1.033984140969163,1.0359649534997553,1.0161568281938325,1871537.0
2024-12-09,1.0320033284385708,1.0329937347038667,1.0448786098874203,1.0290321096426822,1361676.0
2024-12-10,1.0597347038668623,1.0379457660303475,1.0656771414586392,1.0349745472344591,1917237.0
2024-12-11,1.0389361722956436,1.050821047479197,1.0587442976015662,1.0359649534997553,1332497.0
2024-12-12,1.050821047479197,1.056763485070974,1.0587442976015662,1.0468594224180126,1149043.0
2024-12-13,1.0498306412139011,1.02705129711209,1.0498306412139011,1.0250704845814977,1298070.0
2024-12-16,1.0260608908467939,1.0112047968673519,1.02705129711209,1.0062527655408713,1058922.0
2024-12-17,1.0102143906020558,1.0042719530102788,1.0151664219285363,1.0022911404796868,756223.0
2024-12-18,1.0052623592755752,0.9993199216837981,1.0092239843367594,0.997339109153206,1083969.0
2024-12-19,0.9933774840920214,0.9953582966226137,0.9963487028879098,0.9785213901125794,1028083.0
2024-12-20,0.9904062652961331,0.989415859030837,0.9953582966226137,0.9864446402349486,1086654.0
2024-12-23,0.988425452765541,0.9864446402349486,0.9953582966226137,0.9834734214390602,1291200.0
2024-12-24,0.9874350465002447,0.9943678903573177,0.9953582966226137,0.982483015173764,2589440.0
2024-12-25,0.9943678903573177,0.9844638277043564,0.9943678903573177,0.9785213901125794,1405272.0
2024-12-26,0.9864446402349486,0.988425452765541,0.9923870778267253,0.9844638277043564,731351.0
2024-12-27,0.9844638277043564,0.9834734214390602,0.9923870778267253,0.9814926089084678,1235146.0
2024-12-30,0.9834734214390602,0.9864446402349486,0.989415859030837,0.9805022026431719,973435.0
2024-12-31,0.9864446402349486,0.9636652961331375,0.9874350465002447,0.9626748898678413,1765141.0
2025-01-02,0.9626748898678413,0.9537612334801762,0.9755501713166911,0.9478187958883993,1479495.0
2025-01-03,0.9547516397454723,0.9626748898678413,0.9854542339696524,0.9547516397454723,1934381.0
2025-01-06,0.9626748898678413,0.9715885462555065,0.9864446402349486,0.9557420460107685,2954617.0
2025-01-07,0.9715885462555065,0.9904062652961331,0.9904062652961331,0.9626748898678413,1724958.0
2025-01-08,0.989415859030837,0.974559765051395,0.989415859030837,0.9597036710719529,1726189.0
2025-01-09,0.9715885462555065,0.9814926089084678,0.9834734214390602,0.9686173274596181,1395577.0
2025-01-10,0.9814926089084678,0.9775309838472834,0.9953582966226137,0.9755501713166911,1520947.0
2025-01-13,0.9725789525208027,1.0003103279490944,1.0062527655408713,0.9696077337249143,3186695.98
2025-01-14,0.9993199216837981,1.0151664219285363,1.0151664219285363,0.989415859030837,2530194.0
2025-01-15,1.0102143906020558,1.0042719530102788,1.0161568281938325,0.9953582966226137,1821652.0
2025-01-16,1.0102143906020558,1.0220992657856094,1.0260608908467939,1.0082335780714635,3116270.19
2025-01-17,1.0220992657856094,1.02705129711209,1.0290321096426822,1.018137640724425,1159800.0
2025-01-20,1.0260608908467939,1.0171472344591286,1.02705129711209,1.0141760156632404,2226816.72
2025-01-21,1.0171472344591286,1.0112047968673519,1.0191280469897208,1.0022911404796868,1395473.12
2025-01-22,1.0112047968673519,1.0112047968673519,1.0141760156632404,1.0032815467449827,1002968.0
2025-01-23,1.0131856093979439,1.0042719530102788,1.0260608908467939,1.0032815467449827,1035856.99
2025-01-24,1.0022911404796868,1.0141760156632404,1.0151664219285363,0.9983295154185022,1133054.0
2025-01-27,1.0131856093979439,1.0102143906020558,1.0220992657856094,1.0082335780714635,815978.0
2025-02-05,1.0191280469897208,1.0220992657856094,1.0260608908467939,1.0141760156632404,1230509.0
2025-02-06,1.0240800783162016,1.0349745472344591,1.0349745472344591,1.0191280469897208,1334282.0
2025-02-07,1.0329937347038667,1.047849828683309,1.0518114537444936,1.0260608908467939,3944688.99
2025-02-10,1.048840234948605,1.0498306412139011,1.0547826725403817,1.042897797356828,2095183.19
2025-02-11,1.0518114537444936,1.0498306412139011,1.063696328928047,1.047849828683309,1897571.0
2025-02-12,1.0448786098874203,1.0438882036221244,1.0458690161527167,1.0300225159079783,2104820.0
2025-02-13,1.0409169848262358,1.0369553597650514,1.050821047479197,1.0359649534997553,2201906.0
2025-02-14,1.03992657856094,1.0448786098874203,1.047849828683309,1.0359649534997553,5000346.0
2025-02-17,1.0359649534997553,1.0201184532550172,1.0359649534997553,1.0161568281938325,2627236.0
2025-02-18,1.0191280469897208,1.0112047968673519,1.0240800783162016,1.0082335780714635,1225258.0
2025-02-19,1.0131856093979439,1.0201184532550172,1.0201184532550172,1.0102143906020558,1113334.9
2025-02-20,1.018137640724425,1.0250704845814977,1.0260608908467939,1.0161568281938325,1304987.0
2025-02-21,1.0250704845814977,1.021108859520313,1.033984140969163,1.018137640724425,1424762.0
2025-02-24,1.018137640724425,1.0201184532550172,1.0220992657856094,1.012195203132648,1302894.0
2025-02-25,1.0161568281938325,1.0072431718061672,1.0240800783162016,1.0062527655408713,1381401.0
2025-02-26,1.0072431718061672,1.0131856093979439,1.0201184532550172,1.0062527655408713,1151208.0
2025-02-27,1.012195203132648,1.0082335780714635,1.0141760156632404,0.9983295154185022,1379325.0
2025-02-28,1.0062527655408713,0.9904062652961331,1.0072431718061672,0.9904062652961331,2473278.0
2025-03-03,0.997339109153206,1.0171472344591286,1.0260608908467939,0.997339109153206,2972719.0
2025-03-04,1.0171472344591286,1.0201184532550172,1.0220992657856094,1.0052623592755752,2286328.0
2025-03-05,1.018137640724425,1.0300225159079783,1.0310129221732747,1.0082335780714635,1807212.0
2025-03-06,1.0329937347038667,1.0438882036221244,1.0448786098874203,1.0329937347038667,2273588.0
2025-03-07,1.0409169848262358,1.0577538913362703,1.0686483602545276,1.0409169848262358,2871897.75
2025-03-10,1.0666675477239353,1.069638766519824,1.071619579050416,1.0547826725403817,2855487.75
2025-03-11,1.0547826725403817,1.0755812041116006,1.0775620166421929,1.050821047479197,2455239.0
2025-03-12,1.079542829172785,1.0755812041116006,1.0844948604992657,1.069638766519824,2978521.0
2025-03-13,1.079542829172785,1.0825140479686735,1.0894468918257467,1.071619579050416,2843581.8
2025-03-14,1.1043029858051885,1.0953893294175234,1.1142070484581497,1.0884564855604502,4139964.0
2025-03-17,1.0963797356828193,1.085485266764562,1.0983605482134118,1.0835044542339696,1813748.0
2025-03-18,1.085485266764562,1.1003413607440038,1.1102454233969652,1.085485266764562,1760585.0
2025-03-19,1.099350954478708,1.099350954478708,1.1013317670093001,1.0884564855604502,4014322.81
2025-03-20,1.107274204601077,1.0963797356828193,1.1112358296622615,1.0953893294175234,2349250.81
2025-03-21,1.093408516886931,1.0706291727851198,1.0983605482134118,1.0666675477239353,2451013.0
2025-03-24,1.0706291727851198,1.0914277043563387,1.094398923152227,1.0666675477239353,2164731.0
2025-03-25,1.0914277043563387,1.093408516886931,1.1003413607440038,1.0825140479686735,2627119.59
2025-03-26,1.1013317670093001,1.0864756730298581,1.1151974547234458,1.0844948604992657,2102669.0
2025-03-27,1.0765716103768965,1.0755812041116006,1.0835044542339696,1.0676579539892315,1491434.0
2025-03-28,1.0775620166421929,1.0755812041116006,1.0825140479686735,1.0646867351933431,2803931.92
2025-03-31,1.0726099853157123,1.0666675477239353,1.0765716103768965,1.055773078805678,1448078.26
2025-04-01,1.0686483602545276,1.069638766519824,1.078552422907489,1.0646867351933431,2472502.99
2025-04-02,1.0656771414586392,1.0587442976015662,1.0736003915810084,1.056763485070974,1089162.1
2025-04-03,1.055773078805678,1.042897797356828,1.0597347038668623,1.0409169848262358,3365377.99
2025-04-07,0.9735693587860988,0.9389051395007342,0.9795117963778757,0.9389051395007342,4255870.0
2025-04-08,0.9488092021536955,0.9517804209495839,0.95277082721488,0.9290010768477728,2611825.0
2025-04-09,0.9408859520313263,0.9636652961331375,0.967626921194322,0.915135389133627,1457682.28
2025-04-10,0.9854542339696524,1.0003103279490944,1.012195203132648,0.9805022026431719,2491458.89
2025-04-11,1.0052623592755752,1.0082335780714635,1.0151664219285363,1.0022911404796868,948872.0
2025-04-14,1.0131856093979439,1.0329937347038667,1.042897797356828,1.0131856093979439,1486737.0
2025-04-15,1.0300225159079783,1.0250704845814977,1.0310129221732747,1.0171472344591286,803293.0
2025-04-16,1.0329937347038667,1.0240800783162016,1.0329937347038667,1.0092239843367594,680806.0
2025-04-17,1.0300225159079783,1.0191280469897208,1.0409169848262358,1.0161568281938325,959703.12
2025-04-18,1.012195203132648,1.0161568281938325,1.018137640724425,1.0042719530102788,493553.43
2025-04-21,1.0201184532550172,1.0547826725403817,1.055773078805678,1.0201184532550172,1799443.0
2025-04-22,1.055773078805678,1.0498306412139011,1.0607251101321586,1.0468594224180126,1007700.0
2025-04-23,1.041907391091532,1.0349745472344591,1.0468594224180126,1.0310129221732747,1042855.0
2025-04-24,1.0389361722956436,1.0280417033773863,1.0458690161527167,1.02705129711209,804693.0
2025-04-25,1.0310129221732747,1.0300225159079783,1.041907391091532,1.0280417033773863,640131.04
2025-04-28,1.0280417033773863,1.0260608908467939,1.0300225159079783,1.021108859520313,563856.75
2025-04-29,1.0230896720509055,1.0240800783162016,1.0290321096426822,1.021108859520313,450359.0
2025-04-30,1.0240800783162016,1.0220992657856094,1.0290321096426822,1.0201184532550172,370515.0
2025-05-06,1.0310129221732747,1.0468594224180126,1.0468594224180126,1.0310129221732747,1102502.0
2025-05-07,1.050821047479197,1.0498306412139011,1.0547826725403817,1.041907391091532,758957.0
2025-05-08,1.0458690161527167,1.041907391091532,1.048840234948605,1.0369553597650514,739448.0
2025-05-09,1.0379457660303475,1.0389361722956436,1.041907391091532,1.0320033284385708,574162.97
2025-05-12,1.0389361722956436,1.047849828683309,1.048840234948605,1.0320033284385708,1393174.0
2025-05-13,1.047849828683309,1.0518114537444936,1.0537922662750856,1.0438882036221244,806356.47
2025-05-14,1.050821047479197,1.0597347038668623,1.0597347038668623,1.0468594224180126,851571.0
2025-05-15,1.056763485070974,1.0468594224180126,1.0577538913362703,1.041907391091532,536751.0
2025-05-16,1.0468594224180126,1.0448786098874203,1.0528018600097895,1.0409169848262358,1072267.0
2025-05-19,1.0448786098874203,1.0409169848262358,1.0468594224180126,1.0349745472344591,398505.0
2025-05-20,1.03992657856094,1.0448786098874203,1.0468594224180126,1.0389361722956436,342493.27
2025-05-21,1.0498306412139011,1.0676579539892315,1.0676579539892315,1.047849828683309,1244464.69
2025-05-22,1.0646867351933431,1.0577538913362703,1.0676579539892315,1.055773078805678,541464.0
2025-05-23,1.055773078805678,1.0587442976015662,1.0656771414586392,1.0537922662750856,584159.5
2025-05-26,1.0537922662750856,1.0587442976015662,1.0676579539892315,1.0528018600097895,1195611.72
2025-05-27,1.0547826725403817,1.0379457660303475,1.0577538913362703,1.0320033284385708,1349864.0
2025-05-28,1.033984140969163,1.0369553597650514,1.041907391091532,1.033984140969163,331585.0
2025-05-29,1.0320033284385708,1.041907391091532,1.0448786098874203,1.0290321096426822,446432.0
2025-05-30,1.041907391091532,1.033984140969163,1.041907391091532,1.0300225159079783,582107.47
2025-06-03,1.042897797356828,1.0468594224180126,1.0528018600097895,1.041907391091532,540674.0
2025-06-04,1.0448786098874203,1.0597347038668623,1.0646867351933431,1.0448786098874203,863020.89
2025-06-05,1.0607251101321586,1.055773078805678,1.0666675477239353,1.0547826725403817,1521226.76
2025-06-06,1.0587442976015662,1.0686483602545276,1.0726099853157123,1.0587442976015662,1292178.84
2025-06-09,1.063696328928047,1.071619579050416,1.0736003915810084,1.056763485070974,1283209.9
2025-06-10,1.069638766519824,1.0726099853157123,1.0775620166421929,1.0646867351933431,878724.21
2025-06-11,1.0726099853157123,1.094398923152227,1.0983605482134118,1.0706291727851198,1413729.83
2025-06-12,1.094398923152227,1.1062837983357805,1.108264610866373,1.0874660792951543,1430533.0
2025-06-13,1.1102454233969652,1.1052933920704846,1.1151974547234458,1.1003413607440038,1246013.0
2025-06-16,1.1052933920704846,1.1013317670093001,1.1132166421928538,1.0963797356828193,1481700.65
2025-06-17,1.0983605482134118,1.1013317670093001,1.108264610866373,1.0973701419481154,781346.32
2025-06-18,1.1033125795398924,1.099350954478708,1.1043029858051885,1.0884564855604502,679759.24
2025-06-19,1.0924181106216349,1.080533235438081,1.0983605482134118,1.0775620166421929,879362.88
2025-06-20,1.079542829172785,1.0765716103768965,1.085485266764562,1.0745907978463043,587121.16
2025-06-23,1.0755812041116006,1.0864756730298581,1.0874660792951543,1.0755812041116006,752257.13
2025-06-24,1.0864756730298581,1.0924181106216349,1.1003413607440038,1.0815236417033776,677898.26
2025-06-25,1.0953893294175234,1.1003413607440038,1.1003413607440038,1.0874660792951543,986715.09
2025-06-26,1.099350954478708,1.1052933920704846,1.1161878609887421,1.0953893294175234,1288245.53
2025-06-27,1.1151974547234458,1.1270823299069992,1.1389672050905528,1.1112358296622615,2904673.9
2025-06-30,1.1290631424375916,1.1280727361722958,1.1290631424375916,1.117178267254038,2743251.66
2025-07-01,1.1280727361722958,1.1439192364170336,1.1439192364170336,1.117178267254038,1636250.0
2025-07-02,1.1409480176211453,1.152832892804699,1.1617465491923642,1.1369863925599608,3330428.0
2025-07-03,1.1577849241311797,1.1548137053352912,1.1607561429270679,1.146890455212922,1991813.0
2025-07-04,1.1478808614782183,1.137976798825257,1.1518424865394028,1.1350055800293684,3124597.5
2025-07-07,1.1340151737640725,1.1290631424375916,1.1369863925599608,1.1280727361722958,1655950.5
2025-07-08,1.1290631424375916,1.1409480176211453,1.145900048947626,1.1290631424375916,2395083.76
2025-07-09,1.145900048947626,1.1191590797846305,1.1508520802741067,1.1151974547234458,3042508.92
2025-07-10,1.124111111111111,1.1350055800293684,1.137976798825257,1.124111111111111,1592380.84
2025-07-11,1.1419384238864414,1.1567945178658834,1.1736314243759176,1.1399576113558492,3220839.46
2025-07-14,1.165708174253549,1.1617465491923642,1.1775930494371023,1.159765736661772,2299047.13
2025-07-15,1.1558041116005873,1.1478808614782183,1.1627369554576603,1.1389672050905528,2675276.79
2025-07-16,1.145900048947626,1.14490964268233,1.152832892804699,1.1389672050905528,1557279.41
2025-07-17,1.14490964268233,1.1488712677435144,1.1508520802741067,1.137976798825257,1018585.0
2025-07-18,1.1518424865394028,1.1775930494371023,1.1845258932941751,1.1508520802741067,2065674.0
2025-07-21,1.1835354870288792,1.2112668624571707,1.212257268722467,1.1795738619676945,3765578.95
2025-07-22,1.214238081253059,1.2399886441507586,1.2399886441507586,1.2102764561918746,2721028.0
2025-07-23,1.24989270680372,1.235036612824278,1.2538543318649047,1.2320653940283894,4410959.9
2025-07-24,1.227113362701909,1.2756432697014195,1.285547332354381,1.2251325501713168,4259648.0
2025-07-25,1.2697008321096426,1.2756432697014195,1.2815857072931962,1.2667296133137542,2259572.89
2025-07-28,1.2617775819872734,1.2697008321096426,1.272672050905531,1.2469214880078314,2214910.42
2025-07-29,1.257815956926089,1.2667296133137542,1.271681644640235,1.2548447381302006,2237047.11
2025-07-30,1.2697008321096426,1.258806363191385,1.2736624571708273,1.2459310817425355,2295532.0
2025-07-31,1.2389982378854625,1.2172093000489477,1.241969456681351,1.2102764561918746,3629593.0
2025-08-01,1.2132476749877632,1.212257268722467,1.220180518844836,1.2082956436612824,1528971.94
2025-08-04,1.2102764561918746,1.233055800293686,1.233055800293686,1.2102764561918746,1837051.97
2025-08-05,1.2360270190895741,1.2380078316201664,1.241969456681351,1.2300845814977974,2505805.0
2025-08-06,1.2380078316201664,1.2518735193343122,1.2548447381302006,1.2360270190895741,2341187.7
2025-08-07,1.2568255506607928,1.2687104258443465,1.2697008321096426,1.233055800293686,2990398.0
2025-08-08,1.2687104258443465,1.2845569260890846,1.2924801762114537,1.2617775819872734,3017029.0
2025-08-11,1.294460988742046,1.2924801762114537,1.2974322075379345,1.2786144884973076,2290729.48
2025-08-12,1.2845569260890846,1.2865377386196768,1.2904993636808613,1.2736624571708273,1755773.08
2025-08-13,1.2835665198237887,1.3142691140479685,1.3142691140479685,1.2835665198237887,2834567.0
2025-08-14,1.3142691140479685,1.3073362701908957,1.3212019579050416,1.2984226138032304,2886845.0
2025-08-15,1.295451395007342,1.3330868330885952,1.3360580518844836,1.2904993636808613,2655044.0
2025-08-18,1.3390292706803721,1.3390292706803721,1.35487577092511,1.3192211453744493,3907658.9
2025-08-19,1.3360580518844836,1.331106020558003,1.3519045521292217,1.325163582966226,3463037.96
2025-08-20,1.3212019579050416,1.3429908957415566,1.35487577092511,1.3192211453744493,1726531.35
2025-08-21,1.3420004894762603,1.3380388644150758,1.3637894273127753,1.3301156142927069,2474703.25
2025-08-22,1.3340772393538913,1.35487577092511,1.360818208516887,1.3340772393538913,2427555.66
2025-08-25,1.3865687714145862,1.4321274596182085,1.436089084679393,1.378645521292217,5763972.48
2025-08-26,1.427175428291728,1.4133097405775819,1.430146647087616,1.400434459128732,4649322.26
2025-08-27,1.421232990699951,1.4034056779246207,1.4380698972099852,1.400434459128732,4752315.57
2025-08-28,1.4014248653940284,1.4291562408223202,1.430146647087616,1.3885495839451785,4605921.02
2025-08-29,1.4311370533529124,1.4717437102300537,1.4776861478218306,1.4311370533529124,3241224.87
2025-09-01,1.5014558981889377,1.5182928046989719,1.5192832109642682,1.4588684287812042,6235502.25
2025-09-02,1.5281968673519335,1.496503866862457,1.540081742535487,1.4846189916789037,8231338.33
2025-09-03,1.5182928046989719,1.4915518355359765,1.5301776798825255,1.4687724914341656,5123351.92
2025-09-04,1.4856093979441996,1.430146647087616,1.5024463044542338,1.400434459128732,7026244.72
2025-09-05,1.4172713656387665,1.4925422418012724,1.4935326480665687,1.4172713656387665,4921927.07
2025-09-08,1.5232448360254527,1.489571023005384,1.5232448360254527,1.4766957415565345,4584083.33
2025-09-09,1.4905614292706804,1.5004654919236415,1.5341393049437102,1.4846189916789037,6003637.59
2025-09-10,1.4796669603524228,1.4856093979441996,1.5004654919236415,1.4608492413117966,4821340.34
2025-09-11,1.480657366617719,1.5093791483113068,1.5103695545766027,1.4757053352912384,3681220.53
2025-09-12,1.5232448360254527,1.54701458639256,1.562861086637298,1.5182928046989719,6543397.0
2025-09-15,1.549,1.535,1.559,1.531,4640556.24
2025-09-16,1.551,1.515,1.556,1.481,8417420.38
2025-09-17,1.502,1.518,1.52,1.488,5302238.36
2025-09-18,1.499,1.464,1.5,1.444,7740817.51
2025-09-19,1.46,1.483,1.495,1.46,4510147.2
2025-09-22,1.498,1.497,1.504,1.467,3587704.43
2025-09-23,1.497,1.483,1.519,1.459,5303340.81
2025-09-24,1.474,1.503,1.504,1.473,4307502.92
2025-09-25,1.529,1.533,1.548,1.518,6344502.02
2025-09-26,1.531,1.532,1.566,1.526,4718503.22
2025-09-29,1.551,1.595,1.596,1.533,5921147.09
2025-09-30,1.615,1.653,1.658,1.614,7237017.53
2025-10-09,1.75,1.797,1.8,1.716,11733723.64
2025-10-10,1.785,1.732,1.791,1.721,13633463.91
2025-10-13,1.678,1.799,1.806,1.678,14068552.55
2025-10-14,1.846,1.728,1.851,1.712,14140099.87
2025-10-15,1.741,1.744,1.756,1.693,9970861.52
2025-10-16,1.735,1.704,1.746,1.696,6133966.79
2025-10-17,1.726,1.671,1.745,1.666,6894562.42
2025-10-20,1.658,1.648,1.673,1.636,5968239.51
2025-10-21,1.668,1.674,1.69,1.648,5174440.71
2025-10-22,1.61,1.652,1.656,1.608,5748305.19
2025-10-23,1.642,1.671,1.676,1.619,4725554.29
2025-10-24,1.688,1.7,1.709,1.677,5486222.17
2025-10-27,1.714,1.741,1.753,1.71,6658490.62
2025-10-28,1.73,1.686,1.732,1.681,6937335.56
2025-10-29,1.691,1.764,1.767,1.691,6749167.16
2025-10-30,1.754,1.784,1.808,1.746,7639711.99
2025-10-31,1.776,1.744,1.785,1.742,5026879.06
2025-11-03,1.731,1.719,1.74,1.671,6271419.79
2025-11-04,1.705,1.667,1.716,1.651,3990151.18
2025-11-05,1.626,1.674,1.681,1.619,6101284.2
2025-11-06,1.673,1.728,1.729,1.669,5971162.0
2025-11-07,1.724,1.738,1.749,1.711,3421762.0
2025-11-10,1.757,1.746,1.777,1.731,5045549.25
2025-11-11,1.762,1.722,1.768,1.718,3425726.78
2025-11-12,1.715,1.723,1.75,1.696,3562330.73
2025-11-13,1.739,1.794,1.81,1.733,7234231.53
2025-11-14,1.766,1.76,1.781,1.747,4372860.57
2025-11-17,1.753,1.751,1.771,1.742,3932586.94
2025-11-18,1.745,1.702,1.749,1.688,5285790.08
2025-11-19,1.707,1.75,1.76,1.707,3786973.07
2025-11-20,1.75,1.742,1.785,1.738,4100026.9
2025-11-21,1.712,1.65,1.712,1.648,6447825.77
2025-11-24,1.65,1.638,1.658,1.608,4300506.39
2025-11-25,1.657,1.674,1.684,1.648,3568943.16
2025-11-26,1.681,1.674,1.694,1.668,2424354.0
2025-11-27,1.689,1.676,1.71,1.673,2881715.79
2025-11-28,1.682,1.704,1.71,1.67,3009898.98
2025-12-01,1.748,1.756,1.784,1.742,5416374.72
2025-12-02,1.745,1.731,1.745,1.72,3357507.04
2025-12-03,1.732,1.742,1.764,1.729,3563313.1
2025-12-04,1.769,1.748,1.787,1.741,3767599.41
2025-12-05,1.739,1.793,1.797,1.739,5055597.47
2025-12-08,1.8,1.806,1.806,1.769,5673161.25
2025-12-09,1.79,1.746,1.791,1.734,4880436.76
2025-12-10,1.754,1.764,1.766,1.737,4829043.1
2025-12-11,1.781,1.751,1.793,1.749,3996808.24
2025-12-12,1.779,1.77,1.784,1.754,3338019.5
2025-12-15,1.748,1.762,1.782,1.746,2947601.78
2025-12-16,1.755,1.715,1.757,1.702,5907293.76
2025-12-17,1.726,1.775,1.784,1.726,4403658.89
2025-12-18,1.774,1.772,1.8,1.761,4013358.88
2025-12-19,1.768,1.807,1.809,1.751,4084973.32
2025-12-22,1.83,1.847,1.858,1.821,4871826.51
2025-12-23,1.859,1.859,1.891,1.837,5546429.85
2025-12-24,1.877,1.869,1.883,1.85,6286544.78
2025-12-25,1.844,1.847,1.855,1.824,4900190.83
2025-12-26,1.873,1.92,1.932,1.873,7819516.05
2025-12-29,1.95,1.878,1.951,1.875,12752254.92
2025-12-30,1.816,1.909,1.921,1.816,9679351.21
2025-12-31,1.909,1.927,1.9620000000000002,1.907,6088530.75
2026-01-05,1.956,1.981,1.9839999999999998,1.937,8211032.58
2026-01-06,2.014,2.06,2.073,2.007,8159779.83
2026-01-07,2.08,2.068,2.103,2.046,9295786.74
2026-01-08,2.04,2.032,2.081,2.007,10036481.07
2026-01-09,2.013,2.094,2.101,2.012,9183073.72
2026-01-12,2.149,2.118,2.157,2.081,10805666.95
2026-01-13,2.119,2.141,2.186,2.114,11210518.56
2026-01-14,2.157,2.148,2.2,2.131,12969038.56
2026-01-15,2.147,2.206,2.245,2.136,14256949.86
2026-01-16,2.206,2.175,2.249,2.163,14566480.09
2026-01-19,2.174,2.177,2.19,2.127,10057366.43
2026-01-20,2.188,2.184,2.209,2.107,12200104.86
2026-01-21,2.184,2.253,2.255,2.177,9744567.05
2026-01-22,2.225,2.236,2.247,2.202,8472648.79
2026-01-23,2.266,2.293,2.308,2.245,7835384.2
2026-01-26,2.358,2.414,2.427,2.356,12628902.4
2026-01-27,2.386,2.391,2.451,2.341,17363458.52
2026-01-28,2.405,2.549,2.563,2.381,16324977.15
2026-01-29,2.63,2.595,2.674,2.462,23641935.61
2026-01-30,2.45,2.339,2.474,2.336,26194639.42
2026-02-02,2.105,2.105,2.22,2.105,21225405.35
2026-02-03,2.189,2.249,2.26,2.139,18048538.76
2026-02-04,2.297,2.253,2.307,2.223,9481406.62
2026-02-05,2.198,2.144,2.226,2.11,10401399.0
2026-02-06,2.047,2.153,2.182,2.047,8257875.58
2026-02-09,2.203,2.199,2.216,2.175,6092699.1
2026-02-10,2.204,2.195,2.215,2.181,4948320.27
2026-02-11,2.193,2.256,2.274,2.191,6241051.0
2026-02-12,2.255,2.271,2.299,2.25,6083098.92
2026-02-13,2.223,2.193,2.245,2.187,7707055.0
2026-02-24,2.262,2.26,2.276,2.244,6757794.98
2026-02-25,2.27,2.347,2.373,2.262,9041771.0
2026-02-26,2.37,2.329,2.372,2.321,7593331.19
2026-02-27,2.313,2.41,2.414,2.313,8799912.57
2026-03-02,2.482,2.498,2.5,2.371,12623270.06
2026-03-03,2.453,2.362,2.48,2.35,13259419.1
2026-03-04,2.263,2.345,2.398,2.263,8870072.01
2026-03-05,2.383,2.326,2.39,2.3,8785819.46
2026-03-06,2.292,2.279,2.319,2.245,6987934.17
2026-03-09,2.226,2.257,2.273,2.173,9343232.07
2026-03-10,2.272,2.279,2.289,2.259,4500542.87
2026-03-11,2.29,2.271,2.299,2.262,4149849.45
2026-03-12,2.25,2.254,2.284,2.228,6620574.98
2026-03-13,2.233,2.193,2.283,2.187,6902744.1
2026-03-16,2.163,2.126,2.183,2.073,13092811.58
2026-03-17,2.131,2.091,2.157,2.09,7395884.7
2026-03-18,2.085,2.075,2.094,2.038,6370075.25
2026-03-19,2.01,1.944,2.023,1.935,12406757.58
2026-03-20,1.935,1.917,1.9779999999999998,1.915,9231870.72
2026-03-23,1.852,1.823,1.907,1.819,10427630.01
2026-03-24,1.87,1.892,1.894,1.811,10216093.25
2026-03-25,1.95,1.952,1.9759999999999998,1.934,7816051.1
2026-03-26,1.945,1.919,1.9609999999999999,1.908,4393096.17
2026-03-27,1.881,1.9759999999999998,1.989,1.877,6291081.78
2026-03-30,1.9779999999999998,2.008,2.01,1.951,4977174.48
2026-03-31,2.009,1.983,2.024,1.9680000000000002,4501869.32
2026-04-01,2.032,2.026,2.035,2.004,5602440.0
2026-04-02,2.018,1.991,2.03,1.9719999999999998,5037142.74
2026-04-03,1.99,1.971,2.0,1.9609999999999999,3047414.05
2026-04-07,1.9700000000000002,1.992,1.998,1.9700000000000002,2715045.59
2026-04-08,2.06,2.119,2.12,2.06,7502238.96
2026-04-09,2.081,2.103,2.122,2.075,5137457.26
2026-04-10,2.12,2.096,2.128,2.09,4429296.12
2026-04-13,2.078,2.096,2.104,2.075,4117044.56
2026-04-14,2.14,2.136,2.144,2.108,5368810.63
2026-04-15,2.168,2.104,2.174,2.097,5137963.41
2026-04-16,2.115,2.17,2.17,2.115,5274975.32
2026-04-17,2.152,2.167,2.184,2.15,3438027.56
2026-04-20,2.166,2.179,2.197,2.16,4008419.18
2026-04-21,2.182,2.18,2.186,2.147,3793951.9
2026-04-22,2.158,2.179,2.187,2.153,4610108.2
2026-04-23,2.178,2.098,2.185,2.081,7641207.79
2026-04-24,2.083,2.118,2.131,2.066,5021145.86
2026-04-27,2.112,2.095,2.12,2.091,3263695.46
2026-04-28,2.081,2.043,2.084,2.036,4231090.77
2026-04-29,2.032,2.14,2.14,2.032,5640091.75
2026-04-30,2.128,2.119,2.154,2.101,3802627.04
2026-05-06,2.134,2.199,2.2,2.114,7010343.11
2026-05-07,2.231,2.207,2.235,2.178,7521275.63
2026-05-08,2.188,2.206,2.215,2.165,5402753.62
2026-05-11,2.199,2.208,2.225,2.186,6728432.03
2026-05-12,2.236,2.188,2.249,2.18,7461636.77
2026-05-13,2.196,2.209,2.226,2.188,6090579.45
2026-05-14,2.199,2.13,2.209,2.128,6221129.33
2026-05-15,2.105,2.039,2.11,2.025,7084864.56
2026-05-18,1.99,2.009,2.017,1.973,5219627.42
2026-05-19,2.006,1.981,2.006,1.942,4130930.32
2026-05-20,1.95,1.985,2.0,1.931,5014681.35
2026-05-21,2.007,1.947,2.036,1.943,5406835.37
2026-05-22,1.951,2.019,2.029,1.941,4943172.95
2026-05-25,2.05,2.025,2.066,2.01,6963712.48
2026-05-26,2.009,2.095,2.1,1.9839999999999998,8702050.14
2026-05-27,2.085,2.013,2.092,2.0,6577593.66
2026-05-28,1.983,1.991,2.008,1.937,6201676.67
2026-05-29,2.012,1.9649999999999999,2.028,1.953,5004277.33
2026-06-01,1.9609999999999999,1.949,1.988,1.944,4392999.04
2026-06-02,1.955,2.015,2.022,1.926,6172113.37
2026-06-03,1.997,2.032,2.054,1.988,6251298.72
2026-06-04,2.004,1.9700000000000002,2.007,1.9580000000000002,4819733.0
2026-06-05,1.95,1.926,1.983,1.917,4577961.13
2026-06-08,1.844,1.82,1.876,1.792,7037861.17
2026-06-09,1.829,1.869,1.874,1.792,6040613.73
2026-06-10,1.823,1.843,1.864,1.82,4417864.41
2026-06-11,1.825,1.88,1.898,1.825,6814211.82
2026-06-12,1.932,1.9759999999999998,2.02,1.913,8888713.28
2026-06-15,2.039,2.063,2.1,2.009,12935425.97
2026-06-16,2.04,2.049,2.08,2.033,7949286.88
2026-06-17,2.041,2.045,2.069,2.018,6735268.96
2026-06-18,2.016,2.05,2.099,2.005,8883197.01
2026-06-22,2.034,2.155,2.162,2.027,9318782.16
2026-06-23,2.149,1.9759999999999998,2.149,1.9600000000000002,10896987.23
2026-06-24,1.944,1.9799999999999998,1.981,1.913,8376877.31
2026-06-25,1.935,1.922,1.954,1.908,6769038.48
2026-06-26,1.921,1.839,1.932,1.831,9153821.0
2026-06-29,1.837,1.864,1.876,1.826,6191198.43
2026-06-30,1.831,1.854,1.856,1.804,4345969.0
2026-07-01,1.841,1.848,1.879,1.83,4761967.39
2026-07-02,1.863,1.88,1.913,1.827,6643508.38
2026-07-03,1.916,1.892,1.932,1.885,7572541.15
2026-07-06,1.895,1.865,1.953,1.861,6547729.95
2026-07-07,1.837,1.803,1.855,1.799,5028288.21
2026-07-08,1.79,1.75,1.799,1.75,4488156.34
2026-07-09,1.73,1.745,1.763,1.665,7022945.58
2026-07-10,1.75,1.756,1.803,1.729,5023441.77
2026-07-13,1.734,1.679,1.734,1.673,4089751.0
2026-07-14,1.667,1.774,1.774,1.658,6742198.65
2026-07-15,1.781,1.739,1.781,1.734,4415006.29
2026-07-16,1.72,1.725,1.756,1.71,3952436.54
2026-07-17,1.702,1.636,1.706,1.626,5674546.42
2026-07-20,1.65,1.625,1.675,1.605,4654522.28
2026-07-21,1.649,1.71,1.711,1.622,5758052.07
2026-07-22,1.723,1.768,1.794,1.72,7097369.06
2026-07-23,1.775,1.822,1.851,1.759,10244407.51
2026-07-24,1.759,1.735,1.787,1.727,6658234.0
2026-07-27,1.761,1.776,1.777,1.733,4623788.0
2026-07-28,1.743,1.736,1.757,1.72,5320490.25
2026-07-29,1.736,1.768,1.784,1.712,4038007.08
2026-07-30,1.78,1.747,1.801,1.734,5093549.98
2026-07-31,1.778,1.792,1.82,1.777,4702450.52
