date,open,close,high,low,volume
2019-05-06,0.3539557555305587,0.34045744281964757,0.36895388076490443,0.34045744281964757,184842.61
2019-05-07,0.3430821147356581,0.3565804274465692,0.3607049118860143,0.3430821147356581,203258.0
2019-05-08,0.35208098987626546,0.3573303337082865,0.36557930258717664,0.34720659917510316,219402.79
2019-05-09,0.35170603674540685,0.3430821147356581,0.3558305211848519,0.3382077240344957,222401.0
2019-05-10,0.34795650543682044,0.36257967754030745,0.36557930258717664,0.3468316460442445,290585.18
2019-05-13,0.36220472440944884,0.3644544431946007,0.3678290213723285,0.35283089613798274,248063.18
2019-05-14,0.35620547431571054,0.36145481814773156,0.3674540682414698,0.35620547431571054,148898.0
2019-05-15,0.3640794900637421,0.3820772403449569,0.38357705286839144,0.3640794900637421,1168682.0
2019-05-16,0.3802024746906637,0.38657667791526057,0.3899512560929884,0.3753280839895013,498980.2
2019-05-17,0.3854518185226847,0.3749531308586427,0.38920134983127114,0.37195350581177355,407515.0
2019-05-20,0.3749531308586427,0.36595425571803525,0.3749531308586427,0.3573303337082865,292635.0
2019-05-21,0.3663292088488939,0.3715785526809149,0.37570303712035996,0.3584551931008624,278966.0
2019-05-22,0.3712035995500563,0.3670791151106112,0.37232845894263217,0.36332958380202474,330625.0
2019-05-23,0.36332958380202474,0.354705661792276,0.36670416197975253,0.35245594300712413,293914.0
2019-05-24,0.3532058492688414,0.3592050993625797,0.36332958380202474,0.3532058492688414,199727.0
2019-05-27,0.3577052868391451,0.3618297712785902,0.3629546306711661,0.35170603674540685,320208.0
2019-05-28,0.36145481814773156,0.36220472440944884,0.36820397450318715,0.35808023997000377,266245.0
2019-05-29,0.36145481814773156,0.36670416197975253,0.370453693288339,0.359955005624297,201843.0
2019-05-30,0.3663292088488939,0.3640794900637421,0.3678290213723285,0.35808023997000377,233045.0
2019-05-31,0.3644544431946007,0.35958005249343833,0.3644544431946007,0.3577052868391451,177042.78
2019-06-03,0.36145481814773156,0.35620547431571054,0.3637045369328834,0.3543307086614173,310763.0
2019-06-04,0.35620547431571054,0.3464566929133859,0.3565804274465692,0.3449568803899513,285965.5
2019-06-05,0.349456317960255,0.34720659917510316,0.35133108361454823,0.3457067866516686,141509.78
2019-06-06,0.35095613048368957,0.3430821147356581,0.35095613048368957,0.3415823022122235,158160.0
2019-06-10,0.3430821147356581,0.34983127109111367,0.35245594300712413,0.33783277090363706,208043.0
2019-06-11,0.34983127109111367,0.3678290213723285,0.370453693288339,0.34983127109111367,402545.0
2019-06-12,0.36557930258717664,0.36332958380202474,0.36820397450318715,0.36145481814773156,158733.0
2019-06-13,0.36332958380202474,0.36220472440944884,0.3644544431946007,0.3569553805774278,145495.0
2019-06-14,0.359955005624297,0.35808023997000377,0.3674540682414698,0.3569553805774278,159794.0
2019-06-17,0.3569553805774278,0.35620547431571054,0.3603299587551556,0.35208098987626546,142286.0
2019-06-18,0.3569553805774278,0.35620547431571054,0.35808023997000377,0.35170603674540685,101080.0
2019-06-19,0.3674540682414698,0.3610798650168729,0.36932883389576304,0.3607049118860143,199079.0
2019-06-20,0.3610798650168729,0.37645294338207724,0.3783277090363704,0.359955005624297,359505.0
2019-06-21,0.3760779902512186,0.37982752155980504,0.3820772403449569,0.3730783652043495,247011.0
2019-06-24,0.37870266216722914,0.3854518185226847,0.3910761154855643,0.37645294338207724,385853.0
2019-06-25,0.38282714660667416,0.385076865391826,0.3880764904386952,0.37645294338207724,243322.1
2019-06-26,0.380952380952381,0.385076865391826,0.386201724784402,0.3805774278215223,158928.0
2019-06-27,0.3843269591301087,0.3985751781027372,0.4023247094113236,0.3843269591301087,503121.0
2019-06-28,0.396700412448444,0.3985751781027372,0.4023247094113236,0.39332583427071616,283866.7
2019-07-01,0.40869891263592056,0.41919760029996256,0.41957255343082117,0.4053243344581927,261430.23
2019-07-02,0.4150731158605175,0.41919760029996256,0.42219722534683163,0.4128233970753656,232742.0
2019-07-03,0.417697787776528,0.4109486314210724,0.42669666291713537,0.4053243344581927,328240.0
2019-07-04,0.40607424071991005,0.40457442819647543,0.4116985376827897,0.3985751781027372,222546.6
2019-07-05,0.40382452193475815,0.41469816272965887,0.4173228346456693,0.40344956880389954,246398.0
2019-07-08,0.412448443944507,0.4064491938507687,0.4128233970753656,0.40007499062617174,248981.0
2019-07-09,0.40494938132733416,0.40944881889763785,0.417697787776528,0.40494938132733416,215072.0
2019-07-10,0.40944881889763785,0.4109486314210724,0.41432320959880015,0.4083239595050619,130870.0
2019-07-11,0.4120734908136483,0.4064491938507687,0.41544806899137615,0.40494938132733416,212125.28
2019-07-12,0.40494938132733416,0.411323584551931,0.4131983502062243,0.40457442819647543,187492.0
2019-07-15,0.40869891263592056,0.4083239595050619,0.40944881889763785,0.3974503187101613,200496.0
2019-07-16,0.4075740532433446,0.40344956880389954,0.40982377202849646,0.401949756280465,176170.0
2019-07-17,0.4023247094113236,0.4023247094113236,0.40569928758905144,0.39932508436445446,130029.0
2019-07-18,0.39895013123359585,0.395575553055868,0.4023247094113236,0.39520059992500944,184109.16
2019-07-19,0.3970753655793026,0.39932508436445446,0.4023247094113236,0.395575553055868,127364.0
2019-07-22,0.4004499437570304,0.3970753655793026,0.400824896887889,0.3944506936632921,200973.0
2019-07-23,0.3974503187101613,0.39295088113985754,0.3974503187101613,0.386201724784402,186978.35
2019-07-24,0.3910761154855643,0.39220097487814026,0.395575553055868,0.3907011623547057,205300.35
2019-07-25,0.39220097487814026,0.3974503187101613,0.3974503187101613,0.3858267716535433,314048.0
2019-07-26,0.3944506936632921,0.3959505061867267,0.39932508436445446,0.39220097487814026,199828.0
2019-07-29,0.3963254593175853,0.40007499062617174,0.4011998500187477,0.39407574053243344,203739.35
2019-07-30,0.40007499062617174,0.3985751781027372,0.401949756280465,0.396700412448444,156638.0
2019-07-31,0.3970753655793026,0.3918260217472816,0.40007499062617174,0.391451068616423,200238.0
2019-08-01,0.3899512560929884,0.3858267716535433,0.3918260217472816,0.3839520059992501,191477.0
2019-08-02,0.37645294338207724,0.38245219347581555,0.3843269591301087,0.3760779902512186,229761.0
2019-08-05,0.37870266216722914,0.3753280839895013,0.38357705286839144,0.3749531308586427,171361.0
2019-08-06,0.3708286464191976,0.37870266216722914,0.3802024746906637,0.36557930258717664,291943.0
2019-08-07,0.3813273340832396,0.37682789651293586,0.3820772403449569,0.37645294338207724,97291.0
2019-08-08,0.3772028496437946,0.3847019122609674,0.386201724784402,0.3772028496437946,211180.0
2019-08-09,0.3877015373078366,0.3783277090363704,0.3880764904386952,0.37682789651293586,127407.0
2019-08-12,0.38320209973753283,0.38920134983127114,0.3899512560929884,0.38320209973753283,307793.0
2019-08-13,0.38657667791526057,0.3877015373078366,0.38845144356955386,0.3843269591301087,113398.0
2019-08-14,0.3918260217472816,0.3974503187101613,0.39895013123359585,0.391451068616423,173602.0
2019-08-15,0.39032620922384703,0.395575553055868,0.3959505061867267,0.38845144356955386,178153.0
2019-08-16,0.39520059992500944,0.4023247094113236,0.407199100112486,0.3937007874015748,219765.0
2019-08-19,0.40494938132733416,0.407199100112486,0.4079490063742033,0.39970003749531313,251713.0
2019-08-20,0.407199100112486,0.4116985376827897,0.412448443944507,0.40307461567304087,163809.0
2019-08-21,0.4116985376827897,0.407199100112486,0.4120734908136483,0.40607424071991005,148122.0
2019-08-22,0.4079490063742033,0.41619797525309343,0.41657292838395205,0.4079490063742033,202702.0
2019-08-23,0.4150731158605175,0.41619797525309343,0.4188226471691039,0.4120734908136483,158673.0
2019-08-26,0.40944881889763785,0.4075740532433446,0.4116985376827897,0.4053243344581927,210244.0
2019-08-27,0.4109486314210724,0.417697787776528,0.4206974128233971,0.4109486314210724,166774.0
2019-08-28,0.4169478815148107,0.4169478815148107,0.4240719910011249,0.4116985376827897,162222.0
2019-08-29,0.417697787776528,0.42219722534683163,0.4236970378702662,0.4150731158605175,125823.0
2019-08-30,0.4233220847394076,0.43119610048743906,0.43794525684289465,0.4225721784776903,398563.0
2019-09-02,0.43082114735658045,0.432320959880015,0.4326959130108736,0.421822272215973,235199.0
2019-09-03,0.43119610048743906,0.42819647544056993,0.4334458192725909,0.4229471316085489,303865.0
2019-09-04,0.4248218972628422,0.4229471316085489,0.4278215223097113,0.4180727409073866,257039.0
2019-09-05,0.421822272215973,0.4248218972628422,0.42819647544056993,0.421822272215973,257201.0
2019-09-06,0.4255718035245595,0.4240719910011249,0.4255718035245595,0.4184476940382453,161429.0
2019-09-09,0.4240719910011249,0.4244469441319835,0.42744656917885265,0.4229471316085489,166096.0
2019-09-10,0.4229471316085489,0.4229471316085489,0.4255718035245595,0.41919760029996256,145679.0
2019-09-11,0.42144731908511446,0.40682414698162733,0.4225721784776903,0.40494938132733416,623697.0
2019-09-12,0.40494938132733416,0.4131983502062243,0.41544806899137615,0.4041994750656169,410857.0
2019-09-16,0.412448443944507,0.411323584551931,0.41432320959880015,0.4079490063742033,150206.0
2019-09-17,0.4109486314210724,0.411323584551931,0.41619797525309343,0.4090738657667792,182046.0
2019-09-18,0.4120734908136483,0.42669666291713537,0.42744656917885265,0.4120734908136483,469108.0
2019-09-19,0.4248218972628422,0.42744656917885265,0.4278215223097113,0.41994750656167984,263670.0
2019-09-20,0.42744656917885265,0.4289463817022872,0.43307086614173235,0.4259467566554181,227881.4
2019-09-23,0.42707161604799404,0.4236970378702662,0.42707161604799404,0.41994750656167984,201502.4
2019-09-24,0.4236970378702662,0.4341957255343082,0.43719535058117737,0.4236970378702662,320907.0
2019-09-25,0.43119610048743906,0.4304461942257218,0.43682039745031875,0.42707161604799404,544570.0
2019-09-26,0.4304461942257218,0.4240719910011249,0.4360704911886015,0.421822272215973,629458.4
2019-09-27,0.4236970378702662,0.4255718035245595,0.4293213348331459,0.41544806899137615,310417.95
2019-09-30,0.4229471316085489,0.4184476940382453,0.42744656917885265,0.41657292838395205,414291.95
2019-10-08,0.4173228346456693,0.4240719910011249,0.432320959880015,0.4173228346456693,287083.0
2019-10-09,0.4240719910011249,0.41994750656167984,0.4240719910011249,0.41582302212223476,185777.0
2019-10-10,0.41619797525309343,0.42107236595425573,0.421822272215973,0.40982377202849646,151531.0
2019-10-11,0.4206974128233971,0.42144731908511446,0.42669666291713537,0.4184476940382453,170488.0
2019-10-14,0.4255718035245595,0.421822272215973,0.4255718035245595,0.41994750656167984,164088.0
2019-10-15,0.42219722534683163,0.4289463817022872,0.4304461942257218,0.4184476940382453,348138.0
2019-10-16,0.4236970378702662,0.42032245969253845,0.4236970378702662,0.417697787776528,427090.0
2019-10-17,0.42107236595425573,0.42144731908511446,0.4233220847394076,0.417697787776528,107754.0
2019-10-18,0.41957255343082117,0.41432320959880015,0.41957255343082117,0.4120734908136483,241498.0
2019-10-21,0.412448443944507,0.41544806899137615,0.41582302212223476,0.4101987251593551,124638.0
2019-10-22,0.41582302212223476,0.41582302212223476,0.4184476940382453,0.4128233970753656,81697.0
2019-10-23,0.41619797525309343,0.40869891263592056,0.4184476940382453,0.40682414698162733,179296.0
2019-10-24,0.40869891263592056,0.40382452193475815,0.41057367829021374,0.4015748031496063,181656.0
2019-10-25,0.4041994750656169,0.40982377202849646,0.411323584551931,0.40269966254218226,176786.0
2019-10-28,0.40682414698162733,0.417697787776528,0.41957255343082117,0.4053243344581927,266815.0
2019-10-29,0.4180727409073866,0.4206974128233971,0.4244469441319835,0.41582302212223476,154088.0
2019-10-30,0.4188226471691039,0.417697787776528,0.41957255343082117,0.4131983502062243,221178.0
2019-10-31,0.41957255343082117,0.4184476940382453,0.4255718035245595,0.4169478815148107,138193.0
2019-11-01,0.417697787776528,0.42519685039370075,0.4259467566554181,0.41657292838395205,146417.15
2019-11-04,0.4255718035245595,0.4285714285714286,0.43307086614173235,0.4255718035245595,219096.85
2019-11-05,0.4285714285714286,0.4293213348331459,0.432320959880015,0.4255718035245595,166328.0
2019-11-06,0.4285714285714286,0.4259467566554181,0.43157105361829773,0.4248218972628422,116118.0
2019-11-07,0.4255718035245595,0.4304461942257218,0.43082114735658045,0.4255718035245595,111009.0
2019-11-08,0.4349456317960255,0.43194600674915634,0.43719535058117737,0.43082114735658045,159553.0
2019-11-11,0.43082114735658045,0.42744656917885265,0.432320959880015,0.4248218972628422,159115.0
2019-11-12,0.42744656917885265,0.43082114735658045,0.43119610048743906,0.4248218972628422,164196.0
2019-11-13,0.43157105361829773,0.4356955380577428,0.43757030371203604,0.4304461942257218,130290.7
2019-11-14,0.4349456317960255,0.4409448818897638,0.44356955380577434,0.43307086614173235,138700.0
2019-11-15,0.4401949756280465,0.4383202099737533,0.4409448818897638,0.43682039745031875,116402.0
2019-11-18,0.43794525684289465,0.4409448818897638,0.44169478815148105,0.4341957255343082,343160.0
2019-11-19,0.4401949756280465,0.44394450693663295,0.44469441319835024,0.4398200224971879,85938.0
2019-11-20,0.44281964754405706,0.4450693663292089,0.4488188976377953,0.4413198350206225,101523.0
2019-11-21,0.44281964754405706,0.44281964754405706,0.44656917885264347,0.4413198350206225,63011.0
2019-11-22,0.44169478815148105,0.43157105361829773,0.44469441319835024,0.4278215223097113,151478.0
2019-11-25,0.43119610048743906,0.43194600674915634,0.43307086614173235,0.4229471316085489,122367.0
2019-11-26,0.43119610048743906,0.4345706786651669,0.43719535058117737,0.43119610048743906,150630.0
2019-11-27,0.43382077240344963,0.4353205849268842,0.43869516310461193,0.43307086614173235,101694.0
2019-11-28,0.4364454443194601,0.4353205849268842,0.43869516310461193,0.4326959130108736,91842.0
2019-11-29,0.4341957255343082,0.4240719910011249,0.4345706786651669,0.41919760029996256,266437.0
2019-12-02,0.42219722534683163,0.4244469441319835,0.42707161604799404,0.421822272215973,86507.0
2019-12-03,0.4248218972628422,0.4225721784776903,0.4248218972628422,0.417697787776528,123578.0
2019-12-04,0.42744656917885265,0.4259467566554181,0.4296962879640045,0.4240719910011249,103371.0
2019-12-05,0.42632170978627676,0.4259467566554181,0.42744656917885265,0.4236970378702662,158995.0
2019-12-06,0.4259467566554181,0.4356955380577428,0.4360704911886015,0.4255718035245595,266507.0
2019-12-09,0.4356955380577428,0.4326959130108736,0.4356955380577428,0.43119610048743906,176700.0
2019-12-10,0.4326959130108736,0.43194600674915634,0.4334458192725909,0.4296962879640045,143981.0
2019-12-11,0.43194600674915634,0.4289463817022872,0.4326959130108736,0.42632170978627676,135774.0
2019-12-12,0.42819647544056993,0.4278215223097113,0.4289463817022872,0.4259467566554181,134074.0
2019-12-13,0.4293213348331459,0.4341957255343082,0.4341957255343082,0.4293213348331459,303588.8
2019-12-16,0.4341957255343082,0.432320959880015,0.4341957255343082,0.42819647544056993,278469.0
2019-12-17,0.43119610048743906,0.4353205849268842,0.4356955380577428,0.4289463817022872,389552.0
2019-12-18,0.4353205849268842,0.4349456317960255,0.4383202099737533,0.4334458192725909,286961.0
2019-12-19,0.4341957255343082,0.432320959880015,0.4345706786651669,0.4296962879640045,151567.0
2019-12-20,0.43082114735658045,0.4304461942257218,0.432320959880015,0.4289463817022872,99344.0
2019-12-23,0.42219722534683163,0.42819647544056993,0.43119610048743906,0.42219722534683163,169464.0
2019-12-24,0.42744656917885265,0.4293213348331459,0.43007124109486317,0.42669666291713537,67821.0
2019-12-25,0.42744656917885265,0.4259467566554181,0.4293213348331459,0.4236970378702662,141693.0
2019-12-26,0.4259467566554181,0.42819647544056993,0.4285714285714286,0.4240719910011249,93490.0
2019-12-27,0.4285714285714286,0.43307086614173235,0.43719535058117737,0.4285714285714286,312106.8
2019-12-30,0.4304461942257218,0.44731908511436075,0.4491938507686539,0.4304461942257218,414315.74
2019-12-31,0.4458192725909262,0.44769403824521936,0.44844394450693664,0.4431946006749156,215379.0
2020-01-02,0.4461942257217848,0.44356955380577434,0.4461942257217848,0.4364454443194601,344785.0
2020-01-03,0.4413198350206225,0.4383202099737533,0.44281964754405706,0.4356955380577428,319926.4
2020-01-06,0.43757030371203604,0.4349456317960255,0.43869516310461193,0.43307086614173235,333932.0
2020-01-07,0.4360704911886015,0.44056992875890516,0.44056992875890516,0.4341957255343082,298102.4
2020-01-08,0.43682039745031875,0.43869516310461193,0.4413198350206225,0.43682039745031875,287836.4
2020-01-09,0.43869516310461193,0.44656917885264347,0.4495688038995126,0.43869516310461193,409098.4
2020-01-10,0.44656917885264347,0.45894263217097864,0.4604424446944132,0.4461942257217848,427904.0
2020-01-13,0.45931758530183736,0.4671916010498688,0.46869141357330335,0.45894263217097864,430674.0
2020-01-14,0.4634420697412824,0.45781777277840274,0.46381702287214105,0.4555680539932509,347321.0
2020-01-15,0.45856767904012,0.45931758530183736,0.46494188226471694,0.45706786651668546,386465.0
2020-01-16,0.45931758530183736,0.46006749156355464,0.4623172103487065,0.4574428196475441,185284.0
2020-01-17,0.45931758530183736,0.4615673040869892,0.46456692913385833,0.45931758530183736,169933.0
2020-01-20,0.4619422572178478,0.4608173978252719,0.4653168353955756,0.4559430071241095,228151.0
2020-01-21,0.45519310086239223,0.44656917885264347,0.45931758530183736,0.44656917885264347,405948.0
2020-01-22,0.4443194600674916,0.44806899137607803,0.4506936632920885,0.4398200224971879,311910.0
2020-01-23,0.44394450693663295,0.4353205849268842,0.4469441319835021,0.42744656917885265,322387.0
2020-02-03,0.3918260217472816,0.3918260217472816,0.3974503187101613,0.3918260217472816,152927.0
2020-02-04,0.3854518185226847,0.3944506936632921,0.395575553055868,0.3820772403449569,408379.0
2020-02-05,0.395575553055868,0.39820022497187857,0.400824896887889,0.38845144356955386,400651.0
2020-02-06,0.3970753655793026,0.4011998500187477,0.40307461567304087,0.3937007874015748,485790.0
2020-02-07,0.39895013123359585,0.40682414698162733,0.407199100112486,0.3970753655793026,379661.0
2020-02-10,0.40382452193475815,0.4064491938507687,0.4101987251593551,0.3978252718410199,328190.0
2020-02-11,0.4064491938507687,0.41582302212223476,0.41994750656167984,0.4053243344581927,420316.0
2020-02-12,0.41544806899137615,0.417697787776528,0.4180727409073866,0.4120734908136483,327510.0
2020-02-13,0.4169478815148107,0.4139482564679416,0.42219722534683163,0.4120734908136483,379308.0
2020-02-14,0.412448443944507,0.4128233970753656,0.41544806899137615,0.4101987251593551,241900.0
2020-02-17,0.4131983502062243,0.4184476940382453,0.4188226471691039,0.4116985376827897,537746.0
2020-02-18,0.41994750656167984,0.41544806899137615,0.421822272215973,0.4128233970753656,469485.0
2020-02-19,0.4150731158605175,0.42219722534683163,0.4240719910011249,0.4131983502062243,624556.0
2020-02-20,0.42219722534683163,0.43794525684289465,0.4383202099737533,0.421822272215973,927749.0
2020-02-21,0.43794525684289465,0.43682039745031875,0.4383202099737533,0.432320959880015,1158504.0
2020-02-24,0.4345706786651669,0.42744656917885265,0.4345706786651669,0.4236970378702662,993054.0
2020-02-25,0.4188226471691039,0.4244469441319835,0.4255718035245595,0.41432320959880015,776582.0
2020-02-26,0.41994750656167984,0.41994750656167984,0.42707161604799404,0.41619797525309343,631734.0
2020-02-27,0.42107236595425573,0.4229471316085489,0.42669666291713537,0.41957255343082117,588583.0
2020-02-28,0.4120734908136483,0.4041994750656169,0.41657292838395205,0.4015748031496063,531585.0
2020-03-02,0.40457442819647543,0.41619797525309343,0.4173228346456693,0.40457442819647543,415807.0
2020-03-03,0.4236970378702662,0.41919760029996256,0.4244469441319835,0.417697787776528,343525.0
2020-03-04,0.4128233970753656,0.4225721784776903,0.4233220847394076,0.4128233970753656,281933.0
2020-03-05,0.4240719910011249,0.4443194600674916,0.44844394450693664,0.4240719910011249,1145359.0
2020-03-06,0.4390701162354706,0.4349456317960255,0.44806899137607803,0.43307086614173235,761154.0
2020-03-09,0.4293213348331459,0.4173228346456693,0.4293213348331459,0.41619797525309343,520688.0
2020-03-10,0.41919760029996256,0.43194600674915634,0.43382077240344963,0.41582302212223476,491821.0
2020-03-11,0.43382077240344963,0.42744656917885265,0.43757030371203604,0.42669666291713537,414320.0
2020-03-12,0.4206974128233971,0.41957255343082117,0.4236970378702662,0.4150731158605175,358398.0
2020-03-13,0.39820022497187857,0.4116985376827897,0.4169478815148107,0.3959505061867267,381261.0
2020-03-16,0.41057367829021374,0.396700412448444,0.4116985376827897,0.3925759280089989,590217.0
2020-03-17,0.3974503187101613,0.38845144356955386,0.4011998500187477,0.3753280839895013,341705.0
2020-03-18,0.38845144356955386,0.37982752155980504,0.3963254593175853,0.37645294338207724,597195.0
2020-03-19,0.37457817772778407,0.36557930258717664,0.3794525684289464,0.3535808023997,834721.0
2020-03-20,0.36670416197975253,0.37795275590551186,0.37982752155980504,0.36670416197975253,545963.0
2020-03-23,0.36557930258717664,0.3663292088488939,0.3700787401574803,0.3603299587551556,356532.0
2020-03-24,0.3715785526809149,0.3820772403449569,0.38357705286839144,0.3715785526809149,458739.0
2020-03-25,0.3910761154855643,0.3937007874015748,0.395575553055868,0.38845144356955386,369558.0
2020-03-26,0.38920134983127114,0.39332583427071616,0.40007499062617174,0.3869516310461193,434493.0
2020-03-27,0.39932508436445446,0.40344956880389954,0.4079490063742033,0.3944506936632921,613825.0
2020-03-30,0.395575553055868,0.3978252718410199,0.401949756280465,0.39295088113985754,263517.0
2020-03-31,0.4015748031496063,0.40344956880389954,0.407199100112486,0.3985751781027372,357258.0
2020-04-01,0.40269966254218226,0.39970003749531313,0.4064491938507687,0.3974503187101613,315524.0
2020-04-02,0.395575553055868,0.40457442819647543,0.40494938132733416,0.395575553055868,221577.0
2020-04-03,0.4053243344581927,0.40382452193475815,0.4083239595050619,0.4004499437570304,261707.0
2020-04-07,0.40869891263592056,0.4139482564679416,0.41544806899137615,0.40569928758905144,300643.0
2020-04-08,0.4064491938507687,0.412448443944507,0.41357330333708286,0.4064491938507687,189903.0
2020-04-09,0.41619797525309343,0.41544806899137615,0.4173228346456693,0.4116985376827897,193947.0
2020-04-10,0.41619797525309343,0.42032245969253845,0.4296962879640045,0.41432320959880015,415268.0
2020-04-13,0.417697787776528,0.4188226471691039,0.4236970378702662,0.4131983502062243,274960.0
2020-04-14,0.42032245969253845,0.4248218972628422,0.4259467566554181,0.4188226471691039,264565.0
2020-04-15,0.4255718035245595,0.42219722534683163,0.4296962879640045,0.421822272215973,200387.0
2020-04-16,0.42107236595425573,0.4206974128233971,0.421822272215973,0.41657292838395205,218970.0
2020-04-17,0.42219722534683163,0.4236970378702662,0.43007124109486317,0.42107236595425573,275595.0
2020-04-20,0.4233220847394076,0.42744656917885265,0.42744656917885265,0.42219722534683163,220870.0
2020-04-21,0.4259467566554181,0.41919760029996256,0.4259467566554181,0.41469816272965887,284462.0
2020-04-22,0.41619797525309343,0.43082114735658045,0.432320959880015,0.41619797525309343,469465.0
2020-04-23,0.4296962879640045,0.432320959880015,0.4390701162354706,0.4296962879640045,327477.0
2020-04-24,0.4356955380577428,0.4383202099737533,0.44244469441319834,0.4296962879640045,273212.0
2020-04-27,0.43719535058117737,0.4353205849268842,0.43757030371203604,0.4296962879640045,277804.0
2020-04-28,0.4334458192725909,0.44656917885264347,0.4518185226846645,0.43119610048743906,364994.0
2020-04-29,0.4461942257217848,0.4401949756280465,0.4495688038995126,0.43794525684289465,244402.0
2020-04-30,0.43869516310461193,0.44394450693663295,0.4454443194600675,0.43869516310461193,321371.0
2020-05-06,0.4420697412823398,0.4495688038995126,0.4499437570303712,0.4383202099737533,265114.0
2020-05-07,0.4469441319835021,0.45406824146981634,0.4563179602549682,0.44356955380577434,435770.0
2020-05-08,0.45519310086239223,0.45856767904012,0.46306711661042377,0.4499437570303712,470478.0
2020-05-11,0.45781777277840274,0.4596925384326959,0.46756655418072746,0.45781777277840274,341794.0
2020-05-12,0.45894263217097864,0.46306711661042377,0.46381702287214105,0.45706786651668546,215476.0
2020-05-13,0.4615673040869892,0.4773153355830521,0.4780652418447694,0.4596925384326959,430739.0
2020-05-14,0.47506561679790027,0.47656542932133483,0.47956505436820396,0.47169103862017253,296174.0
2020-05-15,0.4761904761904762,0.4731908511436071,0.4791901012373454,0.46756655418072746,377749.0
2020-05-18,0.4731908511436071,0.48518935133108365,0.4885639295088114,0.46944131983502063,492796.0
2020-05-19,0.48556430446194226,0.4878140232470941,0.4878140232470941,0.48031496062992124,395275.0
2020-05-20,0.4878140232470941,0.4833145856767904,0.48931383577052867,0.48256467941507314,299439.0
2020-05-21,0.4836895388076491,0.4878140232470941,0.4934383202099738,0.4836895388076491,389882.0
2020-05-22,0.484814398200225,0.47094113235845525,0.48556430446194226,0.4668166479190102,488594.0
2020-05-25,0.46944131983502063,0.48181477315335586,0.4829396325459318,0.46381702287214105,427216.0
2020-05-26,0.48181477315335586,0.4878140232470941,0.4885639295088114,0.4776902887139108,394092.0
2020-05-27,0.4874390701162355,0.48443944506936637,0.4896887889013874,0.48181477315335586,292377.0
2020-05-28,0.48443944506936637,0.4908136482939633,0.49568803899512565,0.48443944506936637,392724.0
2020-05-29,0.48518935133108365,0.49793775778027755,0.4986876640419948,0.48518935133108365,319578.0
2020-06-01,0.4994375703037121,0.51106111736033,0.5155605549306337,0.4994375703037121,352925.0
2020-06-02,0.5103112110986127,0.5024371953505813,0.512185976752906,0.49906261717285344,537623.0
2020-06-03,0.5039370078740159,0.5028121484814398,0.5043119610048744,0.4975628046494188,458527.0
2020-06-04,0.5009373828271466,0.5129358830146232,0.5136857892763406,0.4998125234345707,561715.0
2020-06-05,0.5129358830146232,0.5193100862392201,0.5208098987626547,0.5073115860517435,440543.0
2020-06-08,0.5189351331083615,0.5200599925009374,0.5271841019872516,0.5140607424071991,371475.0
2020-06-09,0.5189351331083615,0.5253093363329584,0.5260592425946757,0.516310461192351,391159.0
2020-06-10,0.5249343832020997,0.5275590551181103,0.5283089613798275,0.521559805024372,522929.0
2020-06-11,0.5249343832020997,0.5181852268466441,0.5275590551181103,0.5136857892763406,691105.0
2020-06-12,0.5065616797900263,0.5208098987626547,0.5234345706786652,0.5061867266591676,430969.0
2020-06-15,0.5178102737157856,0.5103112110986127,0.5200599925009374,0.5061867266591676,500063.0
2020-06-16,0.5129358830146232,0.5200599925009374,0.5208098987626547,0.5125609298837646,528085.0
2020-06-17,0.520434945631796,0.5133108361454819,0.5211848518935133,0.5095613048368954,519968.0
2020-06-18,0.5106861642294714,0.5140607424071991,0.5166854143232096,0.5095613048368954,273669.0
2020-06-19,0.5144356955380578,0.526809148856393,0.5301837270341208,0.5140607424071991,634006.0
2020-06-22,0.5286839145106862,0.5301837270341208,0.5305586801649794,0.5208098987626547,433977.0
2020-06-23,0.5294338207724034,0.5466816647919011,0.5470566179227597,0.5249343832020997,623096.0
2020-06-24,0.5459317585301837,0.5463067116610424,0.5515560554930634,0.5391826021747281,466671.0
2020-06-29,0.5418072740907387,0.5470566179227597,0.5489313835770528,0.5365579302587177,374487.0
2020-06-30,0.5474315710536183,0.5628046494188227,0.5635545556805399,0.5474315710536183,511000.0
2020-07-01,0.5639295088113986,0.596175478065242,0.5980502437195351,0.5628046494188227,837476.0
2020-07-02,0.5920509936257968,0.605549306336708,0.6141732283464567,0.5841769778777653,1060595.0
2020-07-03,0.605549306336708,0.5991751031121111,0.6059242594675667,0.5781777277840271,970762.0
2020-07-06,0.5924259467566555,0.6141732283464567,0.6149231346081739,0.5849268841394826,883503.0
2020-07-07,0.6092988376452944,0.6276715410573679,0.6437945256842895,0.5999250093738283,1136540.0
2020-07-08,0.6182977127859018,0.6299212598425197,0.6351706036745407,0.5999250093738283,972377.0
2020-07-09,0.6261717285339333,0.6389201349831272,0.6426696662917135,0.621297337832771,861053.0
2020-07-10,0.6374203224596926,0.6464191976003,0.6617922759655043,0.6299212598425197,1054254.65
2020-07-13,0.6449193850768654,0.6891638545181853,0.6925384326959131,0.6400449943757031,1138936.0
2020-07-14,0.6805399325084365,0.682039745031871,0.6899137607799026,0.6640419947506562,1267822.65
2020-07-15,0.6824146981627297,0.6959130108736409,0.7079115110611174,0.6775403074615673,1371132.0
2020-07-16,0.6827896512935884,0.6355455568053994,0.6827896512935884,0.6261717285339333,1794895.0
2020-07-17,0.6149231346081739,0.6321709786276716,0.647544056992876,0.6149231346081739,1116703.0
2020-07-20,0.6336707911511061,0.6276715410573679,0.6415448068991377,0.596175478065242,1480813.0
2020-07-21,0.6272965879265092,0.6404199475065617,0.6524184476940383,0.621297337832771,1285832.0
2020-07-22,0.6374203224596926,0.6524184476940383,0.6617922759655043,0.6261717285339333,903147.0
2020-07-23,0.6452943382077241,0.6557930258717661,0.6599175103112112,0.6377952755905513,880231.0
2020-07-24,0.6486689163854519,0.6235470566179229,0.6520434945631797,0.6130483689538808,1088814.0
2020-07-27,0.6231721034870641,0.6269216347956506,0.6351706036745407,0.6179227596550432,667341.0
2020-07-28,0.6227971503562055,0.6441694788151482,0.6497937757780279,0.6227971503562055,880768.0
2020-07-29,0.6441694788151482,0.6505436820397451,0.6509186351706037,0.6314210723659542,1159318.0
2020-07-30,0.6486689163854519,0.6550431196100488,0.6617922759655043,0.6441694788151482,1064369.0
2020-07-31,0.6486689163854519,0.6546681664791901,0.6606674165729284,0.6389201349831272,1027003.0
2020-08-03,0.6550431196100488,0.6587926509186351,0.6595425571803525,0.6479190101237345,962952.0
2020-08-04,0.6591676040494938,0.6557930258717661,0.6644169478815148,0.6486689163854519,831558.0
2020-08-05,0.6467941507311586,0.6535433070866142,0.6554180727409075,0.6407949006374204,823084.0
2020-08-06,0.6531683539557556,0.6407949006374204,0.6554180727409075,0.6317960254968129,1018748.0
2020-08-07,0.6336707911511061,0.6239220097487814,0.6426696662917135,0.6149231346081739,752411.0
2020-08-10,0.6246719160104987,0.6302962129733783,0.6321709786276716,0.6179227596550432,562653.0
2020-08-11,0.6317960254968129,0.6340457442819648,0.6467941507311586,0.6317960254968129,831645.0
2020-08-12,0.6299212598425197,0.621297337832771,0.6366704161979753,0.609673790776153,567172.0
2020-08-13,0.6205474315710536,0.6280464941882266,0.6317960254968129,0.6186726659167604,487724.0
2020-08-14,0.6261717285339333,0.6471691038620173,0.6497937757780279,0.6224221972253469,912870.34
2020-08-17,0.6501687289088864,0.6644169478815148,0.6707911511061118,0.6479190101237345,983004.34
2020-08-18,0.6629171353580803,0.6711661042369704,0.6786651668541434,0.6561679790026247,794345.0
2020-08-19,0.6677915260592426,0.6730408698912637,0.6850393700787402,0.6629171353580803,913277.07
2020-08-20,0.6640419947506562,0.6557930258717661,0.6696662917135359,0.6524184476940383,616865.0
2020-08-21,0.6587926509186351,0.6704161979752532,0.6756655418072741,0.656917885264342,802516.07
2020-08-24,0.6719160104986878,0.6850393700787402,0.6880389951256093,0.6692913385826772,688781.0
2020-08-25,0.6850393700787402,0.7101612298462693,0.7157855268091489,0.6850393700787402,1029511.0
2020-08-26,0.7079115110611174,0.7097862767154106,0.7214098237720286,0.6970378702662168,1043958.0
2020-08-27,0.703037120359955,0.7169103862017248,0.7180352455943008,0.6959130108736409,1041418.0
2020-08-28,0.7127859017622797,0.7454068241469817,0.7514060742407199,0.7071616047994,1250653.59
2020-08-31,0.7487814023247095,0.7547806524184477,0.7690288713910762,0.7469066366704162,1394013.0
2020-09-01,0.7457817772778403,0.7390326209223848,0.7517810273715786,0.7221597300337458,1512853.59
2020-09-02,0.7405324334458193,0.7326584176977878,0.7491563554555681,0.7232845894263218,893315.59
2020-09-03,0.7315335583052119,0.7446569178852643,0.7551556055493063,0.7274090738657668,1356639.59
2020-09-04,0.7266591676040495,0.7247844019497564,0.7307836520434946,0.7086614173228346,1271254.0
2020-09-07,0.7229096362954631,0.7097862767154106,0.7337832770903637,0.7049118860142483,937541.08
2020-09-08,0.7097862767154106,0.6951631046119235,0.7169103862017248,0.6827896512935884,992163.0
2020-09-09,0.6827896512935884,0.6782902137232846,0.6887889013873266,0.6704161979752532,951627.0
2020-09-10,0.6861642294713162,0.6899137607799026,0.7037870266216724,0.6857892763404575,1001058.0
2020-09-11,0.6872890888638921,0.7120359955005625,0.7124109486314211,0.683164604424447,1001785.59
2020-09-14,0.7127859017622797,0.7202849643794527,0.7232845894263218,0.7056617922759655,1033712.0
2020-09-15,0.7184101987251594,0.7195350581177353,0.7202849643794527,0.7097862767154106,681115.0
2020-09-16,0.7195350581177353,0.7071616047994,0.7255343082114737,0.7026621672290965,793064.0
2020-09-17,0.7011623547056619,0.6910386201724785,0.7011623547056619,0.6824146981627297,801979.0
2020-09-18,0.6884139482564681,0.7011623547056619,0.7019122609673791,0.6816647919010125,860982.0
2020-09-21,0.6951631046119235,0.6891638545181853,0.69891263592051,0.6876640419947507,577281.0
2020-09-22,0.683164604424447,0.683164604424447,0.6951631046119235,0.6812898387701538,582216.0
2020-09-23,0.6734158230221223,0.6839145106861643,0.6861642294713162,0.6625421822272216,739323.0
2020-09-24,0.6786651668541434,0.6692913385826772,0.6869141357330334,0.667416572928384,609404.0
2020-09-25,0.6730408698912637,0.6745406824146982,0.6794150731158606,0.6707911511061118,464168.0
2020-09-28,0.6756655418072741,0.6805399325084365,0.6880389951256093,0.6730408698912637,637342.0
2020-09-29,0.6839145106861643,0.682039745031871,0.6854143232095988,0.6745406824146982,506625.0
2020-09-30,0.6824146981627297,0.6850393700787402,0.6921634795650544,0.6794150731158606,719931.0
2020-10-09,0.6910386201724785,0.6940382452193476,0.697787776527934,0.6872890888638921,662842.0
2020-10-12,0.6966629171353582,0.7304086989126359,0.7311586051743533,0.6940382452193476,1060028.0
2020-10-13,0.72928383952006,0.7322834645669292,0.7405324334458193,0.7202849643794527,847267.0
2020-10-14,0.7296587926509187,0.7322834645669292,0.7442819647544058,0.7289088863892014,708466.0
2020-10-15,0.7289088863892014,0.7319085114360705,0.7352830896137984,0.7274090738657668,441740.0
2020-10-16,0.7311586051743533,0.7225346831646045,0.7382827146606675,0.7176602924634421,499000.0
2020-10-19,0.7236595425571803,0.7157855268091489,0.7315335583052119,0.7120359955005625,536173.0
2020-10-20,0.7120359955005625,0.7394075740532434,0.7397825271841021,0.7120359955005625,1096209.0
2020-10-21,0.736782902137233,0.7420322459692539,0.7450318710161231,0.7300337457817774,761860.0
2020-10-22,0.7397825271841021,0.7514060742407199,0.755530558680165,0.7277840269966255,886003.18
2020-10-23,0.7499062617172854,0.7371578552680915,0.7562804649418823,0.7319085114360705,759412.18
2020-10-26,0.7112860892388452,0.7266591676040495,0.72928383952006,0.7037870266216724,787126.18
2020-10-27,0.7210348706411699,0.7364079490063743,0.7397825271841021,0.7210348706411699,562195.0
2020-10-28,0.7349081364829396,0.7611548556430446,0.7667791526059243,0.7345331833520811,1289103.0
2020-10-29,0.7559055118110237,0.7791526059242595,0.791151106111736,0.7559055118110237,1090900.0
2020-10-30,0.7750281214848145,0.7570303712035996,0.7780277465316836,0.7529058867641545,1118187.0
2020-11-02,0.7570303712035996,0.7679040119985002,0.7716535433070866,0.7559055118110237,641774.0
2020-11-03,0.7675290588676417,0.7757780277465317,0.7799025121859768,0.7652793400824898,672959.0
2020-11-04,0.7735283089613799,0.7776527934008249,0.7780277465316836,0.7660292463442071,551297.0
2020-11-05,0.7802774653168354,0.7964004499437571,0.8031496062992126,0.7802774653168354,1031765.58
2020-11-06,0.7986501687289089,0.7862767154105738,0.7986501687289089,0.7761529808773904,971414.58
2020-11-09,0.7877765279340083,0.8008998875140608,0.8012748406449195,0.7847769028871392,988912.92
2020-11-10,0.8008998875140608,0.821522309711286,0.8312710911136109,0.791151106111736,1149429.22
2020-11-11,0.8136482939632547,0.8218972628421448,0.8455193100862393,0.8106486689163854,1438717.11
2020-11-12,0.8173978252718411,0.8462692163479566,0.8473940757405324,0.808023997000375,1277862.19
2020-11-13,0.8263967004124486,0.8065241844769404,0.829021372328459,0.7952755905511811,1833757.19
2020-11-16,0.8050243719535058,0.8380202474690663,0.8428946381702289,0.8042744656917886,1342455.18
2020-11-17,0.8372703412073492,0.8260217472815898,0.851143607049119,0.8173978252718411,1255308.7
2020-11-18,0.8211473565804275,0.8128983877015374,0.8267716535433072,0.7990251218597675,1124908.0
2020-11-19,0.8053993250843645,0.8207724034495689,0.8263967004124486,0.7997750281214848,961583.4
2020-11-20,0.8207724034495689,0.8417697787776529,0.8473940757405324,0.814398200224972,1145949.04
2020-11-23,0.8458942632170978,0.8526434195725535,0.8642669666291715,0.844769403824522,964038.04
2020-11-24,0.848893888263967,0.8545181852268466,0.8578927634045744,0.8293963254593177,1169129.99
2020-11-25,0.8545181852268466,0.8200224971878515,0.8545181852268466,0.8173978252718411,1825707.76
2020-11-26,0.8218972628421448,0.8286464191976003,0.8293963254593177,0.8042744656917886,1111080.0
2020-11-27,0.8260217472815898,0.8278965129358832,0.8308961379827523,0.814398200224972,733423.11
2020-11-30,0.8211473565804275,0.808023997000375,0.8271466066741657,0.8008998875140608,1166787.0
2020-12-01,0.8057742782152232,0.8128983877015374,0.8155230596175478,0.8053993250843645,733809.07
2020-12-02,0.8158980127484066,0.8125234345706787,0.8181477315335584,0.8053993250843645,611665.89
2020-12-03,0.8110236220472441,0.8230221222347207,0.823772028496438,0.8068991376077991,890631.31
2020-12-04,0.8207724034495689,0.8522684664416948,0.8590176227971504,0.8185226846644169,1918834.64
2020-12-07,0.8485189351331084,0.8530183727034121,0.8683914510686164,0.8466441694788152,1312789.08
2020-12-08,0.8522684664416948,0.8747656542932135,0.8762654668166481,0.851143607049119,1279523.55
2020-12-09,0.8747656542932135,0.8691413573303338,0.8770153730783653,0.8612673415823023,1261060.71
2020-12-10,0.865766779152606,0.8758905136857893,0.8923884514435696,0.860517435320585,1784040.54
2020-12-11,0.8743907011623547,0.8830146231721036,0.8905136857892764,0.869891263592051,1240222.75
2020-12-14,0.8830146231721036,0.9085114360704912,0.9096362954630672,0.8822647169103863,1416998.91
2020-12-15,0.9092613423322085,0.9017622797150356,0.9100112485939258,0.8848893888263967,1763823.44
2020-12-16,0.8972628421447318,0.9227596550431196,0.9265091863517061,0.8972628421447318,1444940.6
2020-12-17,0.9231346081739784,0.9422572178477691,0.9482564679415073,0.9182602174728159,1688519.32
2020-12-18,0.9355080614923136,0.9422572178477691,0.9595050618672667,0.9272590926134233,2216682.44
2020-12-21,0.9392575928008999,0.9475065616797902,0.9565054368203976,0.9298837645294339,1422810.89
2020-12-22,0.9441319835020622,0.9666291713535808,0.9797525309336333,0.9422572178477691,1861059.01
2020-12-23,0.9703787026621673,0.9598800149981254,0.9973753280839897,0.9351331083614549,3024762.05
2020-12-24,0.9373828271466067,0.9336332958380203,0.9546306711661042,0.9265091863517061,1969763.04
2020-12-25,0.9208848893888264,0.9332583427071616,0.9430071241094864,0.9122609673790776,1715887.0
2020-12-28,0.9347581552305962,0.9778777652793402,0.9782527184101988,0.9347581552305962,1954004.48
2020-12-29,0.9786276715410573,0.9666291713535808,0.9812523434570679,0.9553805774278216,1388093.52
2020-12-30,0.9655043119610051,0.9876265466816648,0.9943757030371205,0.962129733783277,1279380.54
2020-12-31,0.99175103112111,1.0082489688788903,1.0086239220097488,0.9876265466816648,1505823.32
2021-01-04,1.0119985001874765,1.0498687664041995,1.0539932508436447,1.0108736407949008,1629780.56
2021-01-05,1.0453693288338957,1.0933633295838021,1.0993625796775404,1.0329958755155606,2568767.0
2021-01-06,1.1023622047244095,1.0959880014998127,1.1244844394450695,1.0686164229471318,2984433.34
2021-01-07,1.0888638920134983,1.1076115485564306,1.1083614548181477,1.0652418447694039,2147274.47
2021-01-08,1.1076115485564306,1.0783652043494563,1.120734908136483,1.0663667041619798,2447887.29
2021-01-11,1.0742407199100115,1.0397450318710162,1.07461567304087,1.024371953505812,2611091.35
2021-01-12,1.0266216722909638,1.0708661417322836,1.0753655793025871,1.0236220472440944,2144542.27
2021-01-13,1.0708661417322836,1.0573678290213724,1.0832395950506186,1.0427446569178853,1757140.12
2021-01-14,1.0539932508436447,1.02212223472066,1.0551181102362206,1.014623172103487,1942560.18
2021-01-15,1.0161229846269217,0.9936257967754031,1.0161229846269217,0.9640044994375704,2815207.56
2021-01-18,0.9823772028496439,0.985376827896513,0.990626171728534,0.9658792650918636,2486580.68
2021-01-19,0.9928758905136859,0.964379452568429,1.004124484439445,0.9576302962129734,2752319.18
2021-01-20,0.9542557180352457,0.9741282339707537,0.9782527184101988,0.9336332958380203,2673697.32
2021-01-21,0.9685039370078742,1.0007499062617173,1.010498687664042,0.9655043119610051,3201924.5
2021-01-22,0.9966254218222722,0.9943757030371205,1.0078740157480317,0.984251968503937,1955718.15
2021-01-25,0.9936257967754031,1.0603674540682415,1.0611173603299588,0.9898762654668167,3344803.03
2021-01-26,1.0611173603299588,1.0307461567304088,1.0614923134608174,1.0284964379452568,2168861.64
2021-01-27,1.0112485939257594,1.0003749531308588,1.0176227971503562,0.9752530933633297,2140239.38
2021-01-28,0.9805024371953507,0.9846269216347957,1.004124484439445,0.9805024371953507,1179627.94
2021-01-29,0.9932508436445445,1.004124484439445,1.016872890888639,0.9898762654668167,2050415.9
2021-02-01,1.006374203224597,1.0003749531308588,1.0254968128983877,0.9951256092988376,1262388.68
2021-02-02,1.0003749531308588,1.041994750656168,1.0434945631796027,0.9970003749531309,1988264.39
2021-02-03,1.0386201724784403,1.0453693288338957,1.051743532058493,1.0273715785526811,1634460.46
2021-02-04,1.0416197975253094,1.0521184851893515,1.0779902512185977,1.0352455943007126,2229369.5
2021-02-05,1.0558680164979377,1.0622422197225347,1.083989501312336,1.0386201724784403,1914112.63
2021-02-08,1.0686164229471318,1.0648668916385453,1.0907386576677915,1.043119610048744,1546203.68
2021-02-09,1.0682414698162732,1.0907386576677915,1.0911136107986503,1.0532433445819274,1482590.91
2021-02-10,1.0971128608923886,1.1421072365954257,1.1451068616422948,1.0971128608923886,1867462.97
2021-02-18,1.1548556430446195,1.101987251593551,1.1717285339332584,1.090363704536933,1927900.79
2021-02-19,1.0884889388826398,1.094488188976378,1.1094863142107239,1.0502437195350582,2040838.74
2021-02-22,1.0836145481814774,1.011623547056618,1.086989126359205,1.0097487814023247,3345297.0
2021-02-23,0.9962504686914136,1.0119985001874765,1.026246719160105,0.9943757030371205,1381303.46
2021-02-24,1.011623547056618,0.9568803899512561,1.0119985001874765,0.9430071241094864,3025429.09
2021-02-25,0.9602549681289839,0.9381327334083239,0.9662542182227222,0.9261342332208475,1997238.78
2021-02-26,0.9115110611173605,0.9122609673790776,0.9287589051368579,0.8886389201349832,2389234.69
2021-03-01,0.922384701912261,0.9152605924259467,0.9298837645294339,0.9017622797150356,1677758.49
2021-03-02,0.924634420697413,0.8916385451818524,0.934008248968879,0.8822647169103863,1885753.75
2021-03-03,0.8886389201349832,0.9111361079865018,0.9133858267716536,0.8792650918635172,1486959.63
2021-03-04,0.8961379827521561,0.8661417322834647,0.8968878890138733,0.8608923884514436,1741604.7
2021-03-05,0.8466441694788152,0.8781402324709412,0.8905136857892764,0.843644544431946,2170428.72
2021-03-08,0.8800149981252344,0.8151481064866892,0.8833895763029621,0.8136482939632547,2137798.83
2021-03-09,0.8095238095238095,0.792275965504312,0.8230221222347207,0.7802774653168354,2094033.32
2021-03-10,0.8128983877015374,0.8147731533558306,0.8263967004124486,0.8053993250843645,2260703.41
2021-03-11,0.8162729658792651,0.8473940757405324,0.8631421072365955,0.8095238095238095,2244408.43
2021-03-12,0.8537682789651295,0.8507686539182603,0.8578927634045744,0.8305211848518935,1222789.39
2021-03-15,0.8428946381702289,0.8087739032620923,0.8507686539182603,0.7982752155980503,1868017.7
2021-03-16,0.8095238095238095,0.8316460442444695,0.835395575553056,0.8095238095238095,1445581.31
2021-03-17,0.8260217472815898,0.8432695913010875,0.8477690288713912,0.8102737157855269,1277809.98
2021-03-18,0.8466441694788152,0.8691413573303338,0.8792650918635172,0.8462692163479566,1822774.44
2021-03-19,0.8492688413948257,0.848893888263967,0.8635170603674541,0.8395200599925009,1394217.61
2021-03-22,0.8432695913010875,0.8522684664416948,0.8586426696662918,0.8335208098987626,1096059.0
2021-03-23,0.848893888263967,0.8563929508811399,0.8631421072365955,0.8398950131233597,1059338.99
2021-03-24,0.8485189351331084,0.8578927634045744,0.8811398575178103,0.8477690288713912,1900500.38
2021-03-25,0.8496437945256844,0.8518935133108362,0.8578927634045744,0.8286464191976003,1098411.88
2021-03-26,0.8560179977502812,0.882639670041245,0.8852643419572555,0.8530183727034121,1920666.12
2021-03-29,0.8901387326584178,0.9032620922384702,0.9205099362579678,0.8822647169103863,1924887.94
2021-03-30,0.8983877015373078,0.9040119985001875,0.9201349831271093,0.8972628421447318,1306048.51
2021-03-31,0.8991376077990252,0.8901387326584178,0.8991376077990252,0.882639670041245,1278507.45
2021-04-01,0.8946381702287215,0.9126359205099364,0.9145106861642296,0.8931383577052869,1235897.4
2021-04-02,0.9253843269591302,0.953880764904387,0.9553805774278216,0.9253843269591302,1882680.76
2021-04-06,0.9561304836895388,0.9415073115860518,0.9572553430821148,0.9355080614923136,1364595.14
2021-04-07,0.9362579677540308,0.9017622797150356,0.9362579677540308,0.8961379827521561,2213474.27
2021-04-08,0.8912635920509936,0.9193850768653918,0.922384701912261,0.8863892013498312,1888722.17
2021-04-09,0.9058867641544808,0.8965129358830147,0.9141357330333709,0.890888638920135,1344586.62
2021-04-12,0.8976377952755906,0.8931383577052869,0.9081364829396327,0.8890138732658418,1135450.58
2021-04-13,0.8893888263967005,0.9066366704161981,0.9197600299962505,0.8893888263967005,1549536.97
2021-04-14,0.9032620922384702,0.9190101237345333,0.9227596550431196,0.8961379827521561,1511055.25
2021-04-15,0.913010873640795,0.9133858267716536,0.9193850768653918,0.8972628421447318,1398455.64
2021-04-16,0.9145106861642296,0.9351331083614549,0.9400074990626173,0.9145106861642296,1844246.5
2021-04-19,0.9287589051368579,0.9460067491563555,0.9478815148106488,0.9092613423322085,1684126.35
2021-04-20,0.9400074990626173,0.9546306711661042,0.9793775778027748,0.9362579677540308,2318161.7
2021-04-21,0.9448818897637796,0.9778777652793402,0.985376827896513,0.9415073115860518,1828439.72
2021-04-22,0.9823772028496439,0.9775028121484816,0.9861267341582303,0.9617547806524185,1375931.06
2021-04-23,0.9737532808398951,0.9880014998125234,0.9981252343457069,0.9737532808398951,1525771.16
2021-04-26,0.9880014998125234,0.9685039370078742,0.9977502812148482,0.9673790776152982,1674169.27
2021-04-27,0.9726284214473191,0.9861267341582303,0.9868766404199476,0.9580052493438321,1347133.32
2021-04-28,0.9722534683164605,1.0108736407949008,1.011623547056618,0.9673790776152982,1636297.49
2021-04-29,1.0086239220097488,1.0086239220097488,1.016872890888639,0.9880014998125234,1458659.12
2021-04-30,1.003374578177728,0.9985001874765654,1.0086239220097488,0.9947506561679791,1239620.55
2021-05-06,0.9947506561679791,0.9685039370078742,0.9947506561679791,0.9598800149981254,1730921.54
2021-05-07,0.9685039370078742,0.953880764904387,0.9786276715410573,0.9516310461192351,1264883.66
2021-05-10,0.9456317960254969,0.9392575928008999,0.9628796400449945,0.9336332958380203,1335461.92
2021-05-11,0.9336332958380203,0.9715035620547433,0.9733783277090364,0.9336332958380203,2562953.56
2021-05-12,0.9677540307461567,0.9857517810273716,0.9880014998125234,0.9610048743907013,1417284.44
2021-05-13,0.9745031871016124,0.9913760779902513,0.9951256092988376,0.9692538432695914,1298619.72
2021-05-17,0.989892913385827,1.011220472440945,1.0215165354330709,0.989892913385827,3003905.91
2021-05-18,1.0134267716535434,1.0163685039370078,1.0185748031496065,1.0038661417322836,2296344.92
2021-05-19,1.0097496062992126,1.0038661417322836,1.01783937007874,0.9972472440944883,2525385.01
2021-05-20,1.006807874015748,1.0288708661417325,1.0303417322834647,1.006807874015748,2794128.28
2021-05-21,1.0244582677165355,1.0281354330708663,1.0487275590551182,1.0185748031496065,3185213.86
2021-05-24,1.0281354330708663,1.0575527559055118,1.0590236220472442,1.0281354330708663,3543015.55
2021-05-25,1.0597590551181104,1.0884409448818897,1.0913826771653543,1.0516692913385828,3293607.04
2021-05-26,1.0884409448818897,1.0781448818897639,1.1009433070866144,1.0678488188976378,3167559.52
2021-05-27,1.0774094488188979,1.0854992125984253,1.1031496062992125,1.0612299212598428,2834302.16
2021-05-28,1.0825574803149607,1.087705511811024,1.0965307086614173,1.0722614173228346,2642017.49
2021-05-31,1.079615748031496,1.0906472440944885,1.0928535433070867,1.0649070866141732,3269036.08
2021-06-01,1.0906472440944885,1.0972661417322835,1.099472440944882,1.0707905511811024,3356579.78
2021-06-02,1.0957952755905513,1.0810866141732285,1.1009433070866144,1.0774094488188979,3186457.6
2021-06-03,1.0774094488188979,1.0950598425196851,1.1208,1.0774094488188979,4638599.57
2021-06-04,1.0862346456692915,1.1200645669291338,1.1222708661417324,1.084028346456693,3677595.84
2021-06-07,1.1222708661417324,1.1435984251968503,1.145804724409449,1.1141811023622048,3313781.22
2021-06-08,1.13992125984252,1.0641716535433072,1.13992125984252,1.0516692913385828,9440787.55
2021-06-09,1.0509338582677166,1.0604944881889764,1.0766740157480315,1.0376960629921261,4973606.21
2021-06-10,1.0590236220472442,1.0810866141732285,1.0847637795275593,1.0582881889763782,3952930.78
2021-06-11,1.0737322834645668,1.0582881889763782,1.0781448818897639,1.04652125984252,3591658.6
2021-06-15,1.0516692913385828,1.0575527559055118,1.0597590551181104,1.022251968503937,3083888.27
2021-06-16,1.0538755905511812,1.0347543307086615,1.0553464566929136,1.025929133858268,3312441.01
2021-06-17,1.0310771653543307,1.0649070866141732,1.0707905511811024,1.0310771653543307,4259748.99
2021-06-18,1.0619653543307086,1.0546110236220474,1.0722614173228346,1.0391669291338583,4215695.25
2021-06-21,1.0487275590551182,1.0413732283464567,1.0582881889763782,1.0207811023622047,4119966.2
2021-06-22,1.0413732283464567,1.0516692913385828,1.052404724409449,1.0303417322834647,3325557.0
2021-06-23,1.052404724409449,1.0193102362204725,1.052404724409449,1.0148976377952756,6690826.41
2021-06-24,1.0156330708661419,1.0185748031496065,1.0288708661417325,0.9935700787401576,5279135.11
2021-06-25,1.0141622047244097,1.042108661417323,1.0479921259842522,1.0053370078740158,6066141.01
2021-06-28,1.042108661417323,1.052404724409449,1.0575527559055118,1.03696062992126,3569171.91
2021-06-29,1.0553464566929136,1.0347543307086615,1.0568173228346458,1.0303417322834647,3222050.93
2021-06-30,1.0354897637795275,1.04652125984252,1.0553464566929136,1.0340188976377953,3641303.31
2021-07-01,1.0494629921259844,1.0516692913385828,1.053140157480315,1.0281354330708663,3666920.48
2021-07-02,1.0457858267716535,1.0134267716535434,1.04652125984252,1.011955905511811,4468753.13
2021-07-05,1.0075433070866144,1.01783937007874,1.0303417322834647,0.9965118110236222,3339662.0
2021-07-06,1.011955905511811,1.0163685039370078,1.0207811023622047,0.9869511811023624,4040838.3
2021-07-07,1.011220472440945,1.0296062992125985,1.0310771653543307,1.0097496062992126,4003480.48
2021-07-08,1.0244582677165355,1.006072440944882,1.03696062992126,1.0038661417322836,4010796.26
2021-07-09,1.0082787401574804,0.9729779527559056,1.0090141732283466,0.9619464566929135,5434981.0
2021-07-12,0.9744488188976378,0.9810677165354332,0.9869511811023624,0.9523858267716536,4254652.25
2021-07-13,0.9943055118110237,1.0090141732283466,1.0156330708661419,0.9943055118110237,4758080.97
2021-07-14,1.0016598425196852,1.0104850393700788,1.0185748031496065,0.9891574803149606,3311493.4
2021-07-15,1.0075433070866144,1.0443149606299214,1.04652125984252,1.006072440944882,5952152.91
2021-07-16,1.0450503937007876,1.0266645669291339,1.0516692913385828,1.0244582677165355,4314655.85
2021-07-19,1.0244582677165355,1.0362251968503937,1.0399023622047245,1.0156330708661419,3434588.17
2021-07-20,1.0288708661417325,1.0399023622047245,1.0443149606299214,1.0266645669291339,3433236.46
2021-07-21,1.0406377952755907,1.0406377952755907,1.0553464566929136,1.0303417322834647,4495741.1
2021-07-22,1.0391669291338583,1.0200456692913387,1.0516692913385828,1.0185748031496065,5408328.9
2021-07-23,1.0126913385826772,0.9950409448818899,1.0148976377952756,0.9884220472440945,4956519.96
2021-07-26,0.9840094488188978,0.9207622047244095,0.9840094488188978,0.9060535433070867,8957141.4
2021-07-27,0.9119370078740158,0.8810488188976379,0.923703937007874,0.8788425196850396,5349606.89
2021-07-28,0.8722236220472441,0.8942866141732283,0.8964929133858269,0.845748031496063,5412729.97
2021-07-29,0.9104661417322836,0.8832551181102363,0.9156141732283466,0.8773716535433072,5983319.21
2021-07-30,0.8670755905511812,0.8273622047244095,0.8685464566929134,0.8178015748031496,7946928.05
2021-08-02,0.8082409448818899,0.8766362204724409,0.8773716535433072,0.8008866141732284,10629660.11
2021-08-03,0.8582503937007876,0.8773716535433072,0.8861968503937009,0.8420708661417323,7515825.02
2021-08-04,0.871488188976378,0.8656047244094489,0.8832551181102363,0.8633984251968504,4713718.14
2021-08-05,0.8420708661417323,0.8545732283464568,0.8810488188976379,0.8354519685039369,4708794.57
2021-08-06,0.8501606299212597,0.8516314960629922,0.8619275590551181,0.8398645669291339,3848741.82
2021-08-09,0.845748031496063,0.8700173228346458,0.8817842519685041,0.845748031496063,5975908.22
2021-08-10,0.8736944881889763,0.9266456692913386,0.9295874015748031,0.866340157480315,10169147.36
2021-08-11,0.9141433070866144,0.9082598425196853,0.9295874015748031,0.9009055118110237,6852634.79
2021-08-12,0.9016409448818898,0.89208031496063,0.9156141732283466,0.8898740157480316,5541201.14
2021-08-13,0.8913448818897638,0.8979637795275591,0.907524409448819,0.8854614173228347,4800458.71
2021-08-16,0.8950220472440946,0.9016409448818898,0.9104661417322836,0.8898740157480316,3461304.44
2021-08-17,0.9009055118110237,0.8589858267716535,0.9009055118110237,0.8567795275590552,6444645.11
2021-08-18,0.8523669291338584,0.8692818897637796,0.8766362204724409,0.845748031496063,4554156.42
2021-08-19,0.8641338582677167,0.8523669291338584,0.8729590551181104,0.8472188976377952,4554577.49
2021-08-20,0.8266267716535434,0.7979448818897638,0.8325102362204724,0.7920614173228346,10091805.08
2021-08-23,0.7986803149606301,0.8082409448818899,0.819272440944882,0.7905905511811024,5786911.4
2021-08-24,0.8126535433070866,0.8339811023622047,0.8406000000000001,0.8052992125984253,6169360.3
2021-08-25,0.8383937007874015,0.8567795275590552,0.8626629921259843,0.8383937007874015,6225868.98
2021-08-26,0.8494251968503939,0.8280976377952756,0.8494251968503939,0.8229496062992128,5100618.19
2021-08-27,0.8229496062992128,0.8273622047244095,0.8486897637795275,0.8207433070866142,4045508.23
2021-08-30,0.8339811023622047,0.8310393700787402,0.8450125984251969,0.8067700787401575,5526584.17
2021-08-31,0.8266267716535434,0.8170661417322835,0.8383937007874015,0.8111826771653544,4717543.64
2021-09-01,0.8148598425196851,0.8450125984251969,0.8531023622047244,0.7950031496062993,9361095.37
2021-09-02,0.8420708661417323,0.8295685039370078,0.8516314960629922,0.8273622047244095,6931146.36
2021-09-03,0.8229496062992128,0.8361874015748032,0.8428062992125984,0.8075055118110238,7683607.92
2021-09-06,0.8339811023622047,0.866340157480315,0.8722236220472441,0.8251559055118112,9834345.74
2021-09-07,0.8597212598425198,0.8722236220472441,0.8795779527559054,0.855308661417323,6679279.88
2021-09-08,0.8707527559055118,0.8531023622047244,0.871488188976378,0.8472188976377952,8321467.4
2021-09-09,0.8516314960629922,0.8516314960629922,0.8597212598425198,0.8442771653543306,4767099.71
2021-09-10,0.8531023622047244,0.8678110236220472,0.8700173228346458,0.845748031496063,7727606.34
2021-09-13,0.8648692913385826,0.855308661417323,0.8773716535433072,0.8494251968503939,6930805.21
2021-09-14,0.8545732283464568,0.8523669291338584,0.8685464566929134,0.8508960629921261,6093648.92
2021-09-15,0.8472188976377952,0.8280976377952756,0.8472188976377952,0.8236850393700789,8244108.25
2021-09-16,0.8229496062992128,0.8317748031496064,0.8420708661417323,0.8155952755905512,6785716.86
2021-09-17,0.8288330708661419,0.8597212598425198,0.8670755905511812,0.8236850393700789,9838258.82
2021-09-22,0.8494251968503939,0.8391291338582678,0.8538377952755907,0.8339811023622047,6424723.49
2021-09-23,0.8406000000000001,0.8428062992125984,0.8582503937007876,0.8339811023622047,5095154.99
2021-09-24,0.8391291338582678,0.8626629921259843,0.8729590551181104,0.8369228346456693,8759199.14
2021-09-27,0.8810488188976379,0.9200267716535434,0.9317937007874016,0.8803133858267718,13486827.46
2021-09-28,0.9119370078740158,0.9045826771653545,0.9192913385826773,0.8810488188976379,8066436.53
2021-09-29,0.8972283464566929,0.8986992125984252,0.912672440944882,0.8847259842519687,6013097.72
2021-09-30,0.8957574803149607,0.9060535433070867,0.917085039370079,0.89208031496063,5486426.7
2021-10-08,0.9067889763779529,0.9303228346456692,0.9457669291338584,0.8972283464566929,7693028.79
2021-10-11,0.9362062992125985,0.9266456692913386,0.9538566929133858,0.9207622047244095,5355195.09
2021-10-12,0.9178204724409449,0.9281165354330709,0.9362062992125985,0.907524409448819,4743330.63
2021-10-13,0.928851968503937,0.9626818897637796,0.9781259842519686,0.9251748031496064,9017345.9
2021-10-14,0.9582692913385827,0.9612110236220474,0.9773905511811024,0.9435606299212599,5674706.8
2021-10-15,0.948708661417323,0.9531212598425197,0.9612110236220474,0.9362062992125985,5189235.28
2021-10-18,0.9376771653543308,0.8891385826771655,0.9376771653543308,0.8825196850393701,13430884.49
2021-10-19,0.8825196850393701,0.9045826771653545,0.9119370078740158,0.8795779527559054,7576225.76
2021-10-20,0.9104661417322836,0.9112015748031498,0.9222330708661418,0.8986992125984252,4321000.2
2021-10-21,0.9119370078740158,0.9156141732283466,0.9178204724409449,0.9009055118110237,3612948.55
2021-10-22,0.9185559055118112,0.923703937007874,0.9347354330708663,0.9104661417322836,4432973.73
2021-10-25,0.9192913385826773,0.9185559055118112,0.9251748031496064,0.9097307086614175,3338524.0
2021-10-26,0.9185559055118112,0.923703937007874,0.9340000000000002,0.9119370078740158,3899189.49
2021-10-27,0.9185559055118112,0.8994346456692915,0.9185559055118112,0.8942866141732283,5398823.61
2021-10-28,0.9023763779527562,0.907524409448819,0.9148787401574803,0.9001700787401575,4200427.54
2021-10-29,0.9156141732283466,0.9163496062992127,0.9310582677165355,0.9134078740157481,4725695.57
2021-11-01,0.8986992125984252,0.9089952755905512,0.9229685039370079,0.8810488188976379,4169218.74
2021-11-02,0.9045826771653545,0.8964929133858269,0.9163496062992127,0.8861968503937009,4438132.9
2021-11-03,0.8994346456692915,0.8898740157480316,0.9023763779527562,0.886932283464567,2813130.47
2021-11-04,0.8935511811023624,0.9178204724409449,0.9207622047244095,0.8913448818897638,6577395.51
2021-11-05,0.9148787401574803,0.9229685039370079,0.9376771653543308,0.9148787401574803,4517377.5
2021-11-08,0.9222330708661418,0.9207622047244095,0.9295874015748031,0.9141433070866144,2628442.62
2021-11-09,0.9200267716535434,0.9119370078740158,0.9259102362204725,0.9097307086614175,3791100.92
2021-11-10,0.9134078740157481,0.8942866141732283,0.9163496062992127,0.886932283464567,5492839.42
2021-11-11,0.8942866141732283,0.8950220472440946,0.8979637795275591,0.8847259842519687,5493647.1
2021-11-12,0.8986992125984252,0.8847259842519687,0.9009055118110237,0.8832551181102363,5265935.0
2021-11-15,0.8854614173228347,0.8884031496062992,0.8964929133858269,0.8832551181102363,4515691.88
2021-11-16,0.8906094488188978,0.9148787401574803,0.917085039370079,0.8891385826771655,8287533.84
2021-11-17,0.9112015748031498,0.912672440944882,0.9200267716535434,0.9023763779527562,4725757.65
2021-11-18,0.9089952755905512,0.9141433070866144,0.9192913385826773,0.9038472440944884,3044629.96
2021-11-19,0.9112015748031498,0.9259102362204725,0.9369417322834647,0.9097307086614175,5013514.83
2021-11-22,0.9266456692913386,0.928851968503937,0.9523858267716536,0.9259102362204725,4853136.04
2021-11-23,0.9251748031496064,0.9325291338582677,0.9406188976377954,0.9229685039370079,2980114.18
2021-11-24,0.9354708661417324,0.9560629921259843,0.9656236220472442,0.9340000000000002,7057483.34
2021-11-25,0.9634173228346459,0.9509149606299213,0.9722425196850395,0.948708661417323,3739213.51
2021-11-26,0.9516503937007875,0.9479732283464567,0.9538566929133858,0.9413543307086615,2910002.23
2021-11-29,0.9413543307086615,0.9523858267716536,0.9531212598425197,0.9398834645669293,3168216.39
2021-11-30,0.9531212598425197,0.9362062992125985,0.9553275590551182,0.9325291338582677,3929481.0
2021-12-01,0.9457669291338584,0.939148031496063,0.9494440944881891,0.9332645669291338,3958702.0
2021-12-02,0.9428251968503938,0.9472377952755906,0.9523858267716536,0.9406188976377954,2909843.82
2021-12-03,0.948708661417323,0.9737133858267717,0.9781259842519686,0.9465023622047245,6942500.04
2021-12-06,0.9759196850393702,0.9729779527559056,0.9818031496062993,0.964152755905512,4674112.71
2021-12-07,0.9773905511811024,0.9715070866141733,0.9906283464566931,0.9700362204724411,4866572.45
2021-12-08,0.9707716535433072,1.006807874015748,1.0082787401574804,0.9648881889763781,6295372.95
2021-12-09,1.011955905511811,1.025929133858268,1.042108661417323,1.006072440944882,5529357.6
2021-12-10,1.0185748031496065,1.0244582677165355,1.0318125984251971,1.0075433070866144,4277783.62
2021-12-13,1.0332834645669293,1.0310771653543307,1.053140157480315,1.0296062992125985,4197287.62
2021-12-14,1.0251937007874017,1.0384314960629921,1.04652125984252,1.0200456692913387,3197685.12
2021-12-15,1.0362251968503937,1.0244582677165355,1.0362251968503937,1.0163685039370078,3762490.28
2021-12-16,1.0237228346456693,1.0097496062992126,1.0237228346456693,0.9943055118110237,6336273.84
2021-12-17,1.0053370078740158,0.98548031496063,1.0053370078740158,0.9825385826771654,5296081.59
2021-12-20,0.9818031496062993,0.984744881889764,0.9987181102362207,0.9795968503937009,4898290.74
2021-12-21,0.9840094488188978,0.98548031496063,0.9913637795275592,0.969300787401575,4190419.74
2021-12-22,0.9832740157480315,0.989892913385827,1.0001889763779528,0.980332283464567,3960332.27
2021-12-23,0.9884220472440945,1.011220472440945,1.0126913385826772,0.9781259842519686,5152750.46
2021-12-24,1.0090141732283466,1.0097496062992126,1.0281354330708663,1.0046015748031498,7247595.85
2021-12-27,1.0075433070866144,1.0001889763779528,1.0126913385826772,0.9913637795275592,4082030.35
2021-12-28,1.000924409448819,1.0134267716535434,1.0171039370078743,1.000924409448819,3764876.79
2021-12-29,1.0156330708661419,0.9773905511811024,1.01783937007874,0.9744488188976378,6333409.18
2021-12-30,0.9700362204724411,0.9729779527559056,0.9795968503937009,0.9619464566929135,5557100.18
2021-12-31,0.9760000000000001,0.9649999999999999,0.9760000000000001,0.954,6735411.96
2022-01-04,0.9649999999999999,0.9530000000000001,0.966,0.935,6633575.19
2022-01-05,0.948,0.945,0.963,0.938,5795567.11
2022-01-06,0.946,0.931,0.9509999999999998,0.92,7303345.74
2022-01-07,0.928,0.912,0.933,0.908,5367881.57
2022-01-10,0.9049999999999999,0.9069999999999999,0.9139999999999999,0.885,4785775.2
2022-01-11,0.9049999999999999,0.895,0.91,0.892,3903421.0
2022-01-12,0.8979999999999999,0.903,0.904,0.894,4796226.23
2022-01-13,0.901,0.87,0.9020000000000001,0.869,8221552.47
2022-01-14,0.863,0.865,0.878,0.863,4956054.44
2022-01-17,0.864,0.87,0.871,0.8499999999999999,5522308.24
2022-01-18,0.87,0.883,0.892,0.863,9593073.53
2022-01-19,0.887,0.8729999999999999,0.888,0.865,6862204.59
2022-01-20,0.87,0.888,0.8889999999999999,0.8680000000000001,8454024.42
2022-01-21,0.881,0.9000000000000001,0.9090000000000001,0.88,7994285.71
2022-01-24,0.892,0.894,0.9069999999999999,0.886,4274974.04
2022-01-25,0.89,0.872,0.895,0.87,3794070.92
2022-01-26,0.871,0.879,0.89,0.864,4238820.63
2022-01-27,0.888,0.87,0.895,0.867,4999377.01
2022-01-28,0.8680000000000001,0.8450000000000001,0.8729999999999999,0.842,4169845.68
2022-02-07,0.851,0.844,0.871,0.8360000000000001,4967167.97
2022-02-08,0.844,0.8200000000000001,0.8450000000000001,0.8080000000000002,5079296.59
2022-02-09,0.8200000000000001,0.86,0.862,0.817,8268857.02
2022-02-10,0.8569999999999999,0.851,0.862,0.8450000000000001,4189268.03
2022-02-11,0.8450000000000001,0.8520000000000001,0.878,0.844,4900555.69
2022-02-14,0.8450000000000001,0.8659999999999999,0.8729999999999999,0.8450000000000001,4006398.4
2022-02-15,0.8659999999999999,0.881,0.8840000000000001,0.865,3552720.31
2022-02-16,0.883,0.885,0.89,0.8729999999999999,3238072.3
2022-02-17,0.885,0.883,0.8930000000000001,0.8770000000000001,2792195.19
2022-02-18,0.8770000000000001,0.888,0.89,0.8659999999999999,3146569.09
2022-02-21,0.888,0.886,0.897,0.881,2134891.95
2022-02-22,0.88,0.865,0.88,0.8590000000000001,2947788.33
2022-02-23,0.867,0.8770000000000001,0.8770000000000001,0.8590000000000001,2591607.33
2022-02-24,0.869,0.8430000000000001,0.871,0.835,5358830.17
2022-02-25,0.849,0.8520000000000001,0.86,0.846,3363030.44
2022-02-28,0.849,0.854,0.856,0.837,3187061.54
2022-03-01,0.858,0.88,0.883,0.8569999999999999,6153819.4
2022-03-02,0.871,0.87,0.874,0.8610000000000001,5088529.54
2022-03-03,0.871,0.8430000000000001,0.874,0.8409999999999999,7822313.54
2022-03-04,0.83,0.83,0.8450000000000001,0.8249999999999998,4872225.41
2022-03-07,0.822,0.793,0.823,0.7899999999999999,5559569.0
2022-03-08,0.807,0.795,0.821,0.788,5673103.2
2022-03-09,0.7969999999999999,0.7920000000000001,0.807,0.761,5393143.98
2022-03-10,0.811,0.8249999999999998,0.8270000000000001,0.807,6705950.95
2022-03-11,0.813,0.822,0.8249999999999998,0.8010000000000002,4485385.09
2022-03-14,0.809,0.78,0.81,0.777,7598545.91
2022-03-15,0.761,0.739,0.773,0.737,5695581.08
2022-03-16,0.754,0.761,0.764,0.722,6432621.0
2022-03-17,0.773,0.784,0.7990000000000002,0.771,7110049.44
2022-03-18,0.779,0.784,0.7899999999999999,0.7719999999999999,3027154.23
2022-03-21,0.787,0.782,0.7899999999999999,0.775,2387779.0
2022-03-22,0.78,0.7719999999999999,0.787,0.77,2703650.0
2022-03-23,0.775,0.7850000000000001,0.7899999999999999,0.77,4367604.62
2022-03-24,0.777,0.7649999999999999,0.777,0.762,4228932.0
2022-03-25,0.7649999999999999,0.744,0.7690000000000001,0.739,4507982.61
2022-03-28,0.727,0.721,0.728,0.709,5782227.71
2022-03-29,0.722,0.71,0.73,0.709,4967676.33
2022-03-30,0.719,0.742,0.742,0.719,5634960.16
2022-03-31,0.737,0.737,0.743,0.732,2985391.8
2022-04-01,0.73,0.754,0.766,0.73,6784222.75
2022-04-06,0.748,0.748,0.757,0.742,3693544.0
2022-04-07,0.742,0.747,0.762,0.74,4471162.75
2022-04-08,0.75,0.743,0.7559999999999999,0.742,3137401.42
2022-04-11,0.735,0.709,0.735,0.708,4522198.62
2022-04-12,0.711,0.7559999999999999,0.757,0.711,6685270.28
2022-04-13,0.748,0.753,0.766,0.744,4326879.62
2022-04-14,0.764,0.789,0.7990000000000002,0.7600000000000001,8099131.71
2022-04-15,0.7830000000000001,0.784,0.7969999999999999,0.778,5304125.0
2022-04-18,0.78,0.7830000000000001,0.7830000000000001,0.768,4068462.0
2022-04-19,0.7850000000000001,0.7739999999999999,0.7969999999999999,0.7690000000000001,4619122.0
2022-04-20,0.777,0.7809999999999999,0.795,0.762,7199764.0
2022-04-21,0.7739999999999999,0.7690000000000001,0.787,0.7649999999999999,4488980.76
2022-04-22,0.761,0.7719999999999999,0.777,0.754,4650799.0
2022-04-25,0.755,0.728,0.761,0.724,6391361.0
2022-04-26,0.732,0.744,0.7600000000000001,0.729,5830360.53
2022-04-27,0.742,0.761,0.762,0.742,7909537.0
2022-04-28,0.7600000000000001,0.778,0.78,0.755,10115643.8
2022-04-29,0.7899999999999999,0.784,0.796,0.7670000000000001,7058742.0
2022-05-05,0.78,0.7830000000000001,0.8010000000000002,0.777,5795128.23
2022-05-06,0.7690000000000001,0.753,0.771,0.749,5780298.54
2022-05-09,0.743,0.739,0.745,0.728,6682903.59
2022-05-10,0.727,0.749,0.752,0.719,7697751.92
2022-05-11,0.749,0.761,0.771,0.745,6425273.67
2022-05-12,0.7559999999999999,0.77,0.78,0.754,5011285.25
2022-05-13,0.7719999999999999,0.7670000000000001,0.779,0.761,3711493.3
2022-05-16,0.773,0.761,0.775,0.755,4048361.98
2022-05-17,0.7649999999999999,0.7690000000000001,0.77,0.7579999999999999,3411057.17
2022-05-18,0.7690000000000001,0.761,0.7690000000000001,0.7510000000000001,4475691.54
2022-05-19,0.747,0.7510000000000001,0.754,0.746,4422691.65
2022-05-20,0.755,0.784,0.787,0.755,9778695.46
2022-05-23,0.786,0.7739999999999999,0.786,0.7690000000000001,6109926.05
2022-05-24,0.775,0.757,0.777,0.7559999999999999,6014716.0
2022-05-25,0.7559999999999999,0.755,0.763,0.745,8270065.98
2022-05-26,0.754,0.757,0.7649999999999999,0.744,7597600.51
2022-05-27,0.764,0.7600000000000001,0.7719999999999999,0.7559999999999999,7439509.23
2022-05-30,0.77,0.787,0.7899999999999999,0.766,10427737.1
2022-05-31,0.782,0.811,0.8159999999999998,0.7809999999999999,9700402.4
2022-06-01,0.812,0.8080000000000002,0.8159999999999998,0.8010000000000002,5381312.57
2022-06-02,0.802,0.802,0.81,0.8,5912251.37
2022-06-06,0.804,0.815,0.8159999999999998,0.788,8677658.9
2022-06-07,0.815,0.826,0.835,0.81,11416688.12
2022-06-08,0.8249999999999998,0.84,0.849,0.823,9639203.85
2022-06-09,0.838,0.8249999999999998,0.849,0.824,5663495.31
2022-06-10,0.8180000000000001,0.837,0.839,0.8159999999999998,5867448.24
2022-06-13,0.828,0.821,0.831,0.813,6572947.46
2022-06-14,0.812,0.833,0.8339999999999999,0.8080000000000002,5796042.08
2022-06-15,0.8339999999999999,0.838,0.851,0.824,9518951.77
2022-06-16,0.8430000000000001,0.838,0.855,0.8339999999999999,6471002.26
2022-06-17,0.831,0.86,0.8610000000000001,0.829,8378248.36
2022-06-20,0.863,0.8749999999999999,0.886,0.853,7636085.81
2022-06-21,0.87,0.87,0.886,0.864,7333975.91
2022-06-22,0.8729999999999999,0.8569999999999999,0.8749999999999999,0.855,5317565.7
2022-06-23,0.858,0.8659999999999999,0.87,0.8520000000000001,6060953.4
2022-06-24,0.8680000000000001,0.8819999999999999,0.886,0.864,7835964.24
2022-06-27,0.888,0.901,0.911,0.887,7770293.12
2022-06-28,0.9020000000000001,0.908,0.9090000000000001,0.8930000000000001,5293340.94
2022-06-29,0.904,0.897,0.913,0.892,7770467.0
2022-06-30,0.901,0.933,0.9440000000000001,0.899,10168115.41
2022-07-01,0.9340000000000002,0.926,0.938,0.913,8392745.35
2022-07-04,0.919,0.922,0.924,0.906,6791337.24
2022-07-05,0.922,0.913,0.931,0.9020000000000001,7979409.29
2022-07-06,0.908,0.888,0.911,0.88,10257379.02
2022-07-07,0.885,0.887,0.892,0.871,7638491.95
2022-07-08,0.892,0.8909999999999999,0.9020000000000001,0.885,6922591.28
2022-07-11,0.881,0.871,0.883,0.862,7424412.93
2022-07-12,0.867,0.863,0.878,0.856,7404221.64
2022-07-13,0.864,0.87,0.8749999999999999,0.86,6406454.04
2022-07-14,0.8659999999999999,0.863,0.8729999999999999,0.8569999999999999,7120974.0
2022-07-15,0.8610000000000001,0.8659999999999999,0.888,0.8569999999999999,9965199.16
2022-07-18,0.862,0.8610000000000001,0.867,0.8409999999999999,8306936.49
2022-07-19,0.858,0.862,0.865,0.851,6118632.0
2022-07-20,0.865,0.8680000000000001,0.874,0.864,7679478.46
2022-07-21,0.862,0.8569999999999999,0.87,0.856,5332767.05
2022-07-22,0.864,0.853,0.867,0.849,5407643.05
2022-07-25,0.8520000000000001,0.863,0.865,0.844,6236443.0
2022-07-26,0.864,0.871,0.88,0.863,6666712.0
2022-07-27,0.8680000000000001,0.856,0.8680000000000001,0.855,5962975.0
2022-07-28,0.8590000000000001,0.854,0.8659999999999999,0.8520000000000001,5864345.17
2022-07-29,0.8499999999999999,0.8249999999999998,0.851,0.821,10682501.57
2022-08-01,0.824,0.838,0.8450000000000001,0.824,8111956.79
2022-08-02,0.829,0.826,0.839,0.821,6278953.0
2022-08-03,0.83,0.8249999999999998,0.838,0.822,5175650.99
2022-08-04,0.828,0.8409999999999999,0.842,0.824,5963111.55
2022-08-05,0.8409999999999999,0.844,0.847,0.8339999999999999,5877861.9
2022-08-08,0.839,0.839,0.849,0.835,4671246.58
2022-08-09,0.8360000000000001,0.838,0.84,0.831,3753503.21
2022-08-10,0.837,0.8249999999999998,0.8430000000000001,0.821,7279958.88
2022-08-11,0.829,0.84,0.84,0.826,6989520.88
2022-08-12,0.838,0.849,0.8520000000000001,0.8360000000000001,7856063.0
2022-08-15,0.844,0.839,0.8520000000000001,0.837,6352982.01
2022-08-16,0.8409999999999999,0.8339999999999999,0.8450000000000001,0.833,5234210.01
2022-08-17,0.8360000000000001,0.842,0.844,0.826,5906334.99
2022-08-18,0.837,0.828,0.838,0.823,9668478.06
2022-08-19,0.8249999999999998,0.824,0.8339999999999999,0.821,5330401.56
2022-08-22,0.822,0.828,0.831,0.817,5176594.0
2022-08-23,0.826,0.815,0.829,0.812,7952326.0
2022-08-24,0.814,0.8080000000000002,0.8200000000000001,0.8059999999999999,7072327.91
2022-08-25,0.811,0.826,0.8270000000000001,0.809,9195522.62
2022-08-26,0.8319999999999999,0.839,0.853,0.8319999999999999,11224974.67
2022-08-29,0.835,0.8270000000000001,0.846,0.826,6919121.04
2022-08-30,0.8270000000000001,0.823,0.828,0.815,6407458.99
2022-08-31,0.8200000000000001,0.8409999999999999,0.8450000000000001,0.8180000000000001,10000780.83
2022-09-01,0.838,0.826,0.838,0.826,8063582.57
2022-09-02,0.8270000000000001,0.813,0.829,0.8080000000000002,9822913.74
2022-09-05,0.8080000000000002,0.795,0.8080000000000002,0.788,10761030.56
2022-09-06,0.796,0.8,0.802,0.7899999999999999,6342400.12
2022-09-07,0.7969999999999999,0.7899999999999999,0.7969999999999999,0.787,7374199.36
2022-09-08,0.791,0.7920000000000001,0.802,0.791,6117329.73
2022-09-09,0.793,0.8010000000000002,0.802,0.788,6603820.4
2022-09-13,0.807,0.812,0.817,0.8,7848066.32
2022-09-14,0.802,0.804,0.809,0.8010000000000002,4519951.69
2022-09-15,0.805,0.809,0.817,0.803,6215885.0
2022-09-16,0.8059999999999999,0.7920000000000001,0.812,0.791,5544364.52
2022-09-19,0.7899999999999999,0.8,0.811,0.7830000000000001,5050845.58
2022-09-20,0.802,0.811,0.813,0.795,5811084.14
2022-09-21,0.8080000000000002,0.803,0.8159999999999998,0.8010000000000002,4433303.0
2022-09-22,0.7990000000000002,0.791,0.802,0.791,4474229.0
2022-09-23,0.7899999999999999,0.796,0.803,0.7899999999999999,5158149.0
2022-09-26,0.7899999999999999,0.809,0.8159999999999998,0.788,7511938.3
2022-09-27,0.812,0.838,0.838,0.803,7706276.0
2022-09-28,0.835,0.83,0.8450000000000001,0.829,5967400.71
2022-09-29,0.839,0.828,0.8409999999999999,0.822,5919980.76
2022-09-30,0.833,0.8249999999999998,0.8409999999999999,0.824,5152119.4
2022-10-10,0.8249999999999998,0.779,0.826,0.778,7592089.13
2022-10-11,0.779,0.784,0.786,0.763,5156916.18
2022-10-12,0.7830000000000001,0.778,0.7830000000000001,0.753,7403124.49
2022-10-13,0.77,0.7649999999999999,0.7760000000000001,0.761,5397799.58
2022-10-14,0.77,0.7830000000000001,0.787,0.766,7324018.37
2022-10-17,0.777,0.771,0.779,0.763,6094053.41
2022-10-18,0.775,0.7670000000000001,0.78,0.764,7088058.38
2022-10-19,0.763,0.742,0.764,0.74,10425408.61
2022-10-20,0.734,0.749,0.7579999999999999,0.73,8195650.11
2022-10-21,0.746,0.737,0.747,0.733,5837573.33
2022-10-24,0.727,0.695,0.729,0.691,16683432.06
2022-10-25,0.684,0.692,0.703,0.682,8665567.13
2022-10-26,0.695,0.695,0.708,0.691,8558349.17
2022-10-27,0.697,0.664,0.699,0.662,13382492.0
2022-10-28,0.661,0.658,0.673,0.655,9740582.52
2022-10-31,0.651,0.65,0.66,0.641,8594722.86
2022-11-01,0.655,0.694,0.695,0.655,16669378.56
2022-11-02,0.69,0.709,0.724,0.685,14293193.99
2022-11-03,0.698,0.702,0.705,0.695,5862985.82
2022-11-04,0.7,0.736,0.745,0.698,13192086.12
2022-11-07,0.728,0.74,0.743,0.723,8348514.23
2022-11-08,0.738,0.728,0.745,0.721,5760791.82
2022-11-09,0.728,0.716,0.733,0.714,6649352.97
2022-11-10,0.711,0.727,0.729,0.71,6995112.88
2022-11-11,0.75,0.746,0.755,0.733,10041182.81
2022-11-14,0.749,0.739,0.763,0.736,8520985.6
2022-11-15,0.738,0.7579999999999999,0.766,0.733,10069175.24
2022-11-16,0.755,0.7600000000000001,0.77,0.7510000000000001,6057712.05
2022-11-17,0.7579999999999999,0.753,0.7649999999999999,0.744,6084403.22
2022-11-18,0.755,0.753,0.763,0.75,5746730.95
2022-11-21,0.744,0.734,0.744,0.727,6085143.0
2022-11-22,0.733,0.736,0.749,0.731,5820637.34
2022-11-23,0.733,0.732,0.739,0.73,4951031.17
2022-11-24,0.735,0.725,0.741,0.72,5763260.22
2022-11-25,0.725,0.724,0.728,0.716,6157875.37
2022-11-28,0.709,0.724,0.726,0.697,7750995.74
2022-11-29,0.735,0.7579999999999999,0.759,0.734,11983369.63
2022-11-30,0.752,0.754,0.763,0.748,5220604.52
2022-12-01,0.78,0.778,0.7990000000000002,0.777,14320832.05
2022-12-02,0.779,0.78,0.7920000000000001,0.7739999999999999,6178506.0
2022-12-05,0.795,0.795,0.8,0.788,6466281.43
2022-12-06,0.7899999999999999,0.8180000000000001,0.837,0.788,10637215.01
2022-12-07,0.815,0.817,0.8339999999999999,0.807,8119834.43
2022-12-08,0.815,0.822,0.8270000000000001,0.8080000000000002,5867850.85
2022-12-09,0.821,0.8499999999999999,0.8499999999999999,0.815,9637452.51
2022-12-12,0.8450000000000001,0.835,0.855,0.833,6414677.73
2022-12-13,0.835,0.844,0.8499999999999999,0.826,6836258.17
2022-12-14,0.838,0.8680000000000001,0.8749999999999999,0.838,8732005.63
2022-12-15,0.8749999999999999,0.8590000000000001,0.8819999999999999,0.856,7365722.58
2022-12-16,0.853,0.863,0.8680000000000001,0.8499999999999999,5052136.57
2022-12-19,0.865,0.8520000000000001,0.872,0.8479999999999999,7374726.18
2022-12-20,0.8499999999999999,0.8200000000000001,0.8499999999999999,0.81,8227893.46
2022-12-21,0.822,0.83,0.8360000000000001,0.822,4955717.48
2022-12-22,0.8360000000000001,0.8520000000000001,0.865,0.8339999999999999,7592207.03
2022-12-23,0.8450000000000001,0.8569999999999999,0.8680000000000001,0.84,6350039.67
2022-12-26,0.856,0.8450000000000001,0.8590000000000001,0.842,6032710.02
2022-12-27,0.856,0.8610000000000001,0.8659999999999999,0.846,6677714.95
2022-12-28,0.856,0.855,0.86,0.846,4354479.72
2022-12-29,0.8479999999999999,0.846,0.8499999999999999,0.838,6261507.69
2022-12-30,0.851,0.8499999999999999,0.8569999999999999,0.8450000000000001,4740915.0
2023-01-03,0.8499999999999999,0.838,0.854,0.83,6534305.97
2023-01-04,0.837,0.837,0.846,0.83,5016932.0
2023-01-05,0.8450000000000001,0.881,0.8840000000000001,0.842,13874659.91
2023-01-06,0.88,0.879,0.8840000000000001,0.8659999999999999,12228362.61
2023-01-09,0.883,0.903,0.9049999999999999,0.8749999999999999,8774846.03
2023-01-10,0.899,0.904,0.913,0.894,9902631.36
2023-01-11,0.9049999999999999,0.9000000000000001,0.91,0.892,7748186.7
2023-01-12,0.9020000000000001,0.894,0.908,0.8909999999999999,4621600.8
2023-01-13,0.894,0.921,0.924,0.894,7898745.5
2023-01-16,0.921,0.936,0.95,0.921,8679246.84
2023-01-17,0.939,0.924,0.94,0.9180000000000001,7571563.16
2023-01-18,0.927,0.9160000000000001,0.941,0.9139999999999999,6950403.27
2023-01-19,0.915,0.9139999999999999,0.9180000000000001,0.9020000000000001,6349571.72
2023-01-20,0.9180000000000001,0.9090000000000001,0.928,0.906,5476073.13
2023-01-30,0.929,0.926,0.9340000000000002,0.911,8265337.36
2023-01-31,0.924,0.899,0.929,0.896,6957866.02
2023-02-01,0.9000000000000001,0.904,0.906,0.886,9019866.0
2023-02-02,0.908,0.9139999999999999,0.922,0.9000000000000001,6151143.46
2023-02-03,0.9049999999999999,0.906,0.911,0.89,8093898.14
2023-02-06,0.887,0.89,0.897,0.8749999999999999,11013765.65
2023-02-07,0.89,0.8889999999999999,0.899,0.885,4425481.0
2023-02-08,0.8909999999999999,0.8819999999999999,0.8930000000000001,0.879,5710542.0
2023-02-09,0.881,0.912,0.9139999999999999,0.88,10470930.16
2023-02-10,0.912,0.917,0.922,0.9049999999999999,6266410.85
2023-02-13,0.9139999999999999,0.9509999999999998,0.959,0.913,9518210.92
2023-02-14,0.952,0.945,0.9600000000000001,0.939,4256619.03
2023-02-15,0.946,0.945,0.9579999999999999,0.94,7922988.1
2023-02-16,0.943,0.952,0.968,0.937,8227099.96
2023-02-17,0.947,0.938,0.968,0.936,8597407.26
2023-02-20,0.937,0.9600000000000001,0.961,0.931,7386704.57
2023-02-21,0.9600000000000001,0.946,0.9600000000000001,0.939,5858752.04
2023-02-22,0.941,0.9440000000000001,0.957,0.936,4737903.04
2023-02-23,0.9440000000000001,0.933,0.95,0.927,6169111.25
2023-02-24,0.933,0.92,0.933,0.911,6082251.0
2023-02-27,0.913,0.9319999999999999,0.937,0.911,4924941.77
2023-02-28,0.9340000000000002,0.9319999999999999,0.939,0.922,4185823.0
2023-03-01,0.9319999999999999,0.941,0.945,0.9229999999999999,5500428.09
2023-03-02,0.94,0.938,0.943,0.935,4630725.0
2023-03-03,0.9419999999999998,0.931,0.95,0.926,6313280.89
2023-03-06,0.931,0.931,0.94,0.9180000000000001,4942392.35
2023-03-07,0.928,0.913,0.9319999999999999,0.912,4319986.31
2023-03-08,0.908,0.908,0.919,0.9020000000000001,4516918.56
2023-03-09,0.9069999999999999,0.9000000000000001,0.912,0.886,6265738.56
2023-03-10,0.892,0.886,0.9069999999999999,0.886,6266406.56
2023-03-13,0.888,0.904,0.91,0.887,5329437.0
2023-03-14,0.9049999999999999,0.896,0.9069999999999999,0.886,6162846.0
2023-03-15,0.9049999999999999,0.885,0.9069999999999999,0.883,4811832.43
2023-03-16,0.881,0.883,0.897,0.876,4625288.82
2023-03-17,0.8909999999999999,0.869,0.8930000000000001,0.865,6362940.06
2023-03-20,0.8680000000000001,0.8569999999999999,0.87,0.851,4978461.02
2023-03-21,0.8610000000000001,0.886,0.8889999999999999,0.856,5801423.04
2023-03-22,0.888,0.8819999999999999,0.9000000000000001,0.88,5774574.0
2023-03-23,0.878,0.892,0.9020000000000001,0.876,7671504.91
2023-03-24,0.892,0.892,0.903,0.885,4904596.14
2023-03-27,0.894,0.8840000000000001,0.895,0.88,6146091.91
2023-03-28,0.886,0.903,0.906,0.886,6586312.89
2023-03-29,0.908,0.912,0.9139999999999999,0.8979999999999999,9956933.76
2023-03-30,0.911,0.924,0.926,0.9049999999999999,10699759.79
2023-03-31,0.927,0.92,0.939,0.919,6625709.99
2023-04-03,0.919,0.9180000000000001,0.926,0.908,7270993.0
2023-04-04,0.917,0.9250000000000002,0.927,0.908,7859473.39
2023-04-06,0.919,0.904,0.924,0.901,9696261.45
2023-04-07,0.9020000000000001,0.9000000000000001,0.912,0.894,7707861.0
2023-04-10,0.895,0.885,0.895,0.863,11585633.86
2023-04-11,0.88,0.869,0.885,0.8659999999999999,11140556.44
2023-04-12,0.869,0.847,0.871,0.844,11578171.02
2023-04-13,0.8450000000000001,0.854,0.858,0.839,8879880.85
2023-04-14,0.855,0.8430000000000001,0.858,0.8409999999999999,7472901.19
2023-04-17,0.849,0.856,0.867,0.8479999999999999,10265676.25
2023-04-18,0.856,0.8569999999999999,0.864,0.853,5936688.87
2023-04-19,0.858,0.8520000000000001,0.8590000000000001,0.846,5283115.63
2023-04-20,0.853,0.839,0.854,0.835,6814967.35
2023-04-21,0.842,0.833,0.8479999999999999,0.8319999999999999,6520483.92
2023-04-24,0.833,0.817,0.8339999999999999,0.814,7107762.72
2023-04-25,0.821,0.8319999999999999,0.833,0.813,8350989.43
2023-04-26,0.8319999999999999,0.8319999999999999,0.837,0.8200000000000001,6090919.7
2023-04-27,0.829,0.835,0.8409999999999999,0.822,6486078.7
2023-04-28,0.839,0.84,0.849,0.833,7589991.6
2023-05-04,0.8430000000000001,0.828,0.851,0.826,6486558.35
2023-05-05,0.829,0.837,0.84,0.8249999999999998,5038553.12
2023-05-08,0.84,0.8249999999999998,0.8430000000000001,0.824,7110716.17
2023-05-09,0.823,0.828,0.8409999999999999,0.8159999999999998,6857774.84
2023-05-10,0.8249999999999998,0.819,0.826,0.815,4689465.6
2023-05-11,0.822,0.8159999999999998,0.8270000000000001,0.815,3637721.0
2023-05-12,0.814,0.804,0.821,0.803,5259862.88
2023-05-15,0.802,0.813,0.813,0.798,5102189.53
2023-05-16,0.814,0.805,0.815,0.8010000000000002,5060748.0
2023-05-17,0.803,0.794,0.804,0.7920000000000001,5369423.61
2023-05-18,0.796,0.791,0.8,0.788,5177660.75
2023-05-19,0.789,0.804,0.8059999999999999,0.78,9025314.63
2023-05-22,0.8,0.826,0.831,0.7899999999999999,11794360.67
2023-05-23,0.822,0.812,0.828,0.811,6808491.56
2023-05-24,0.8080000000000002,0.7990000000000002,0.809,0.7969999999999999,5821187.84
2023-05-25,0.793,0.7899999999999999,0.798,0.7850000000000001,6009537.72
2023-05-26,0.791,0.7899999999999999,0.7990000000000002,0.782,5391862.28
2023-05-29,0.7899999999999999,0.784,0.794,0.778,5141988.55
2023-05-30,0.784,0.775,0.788,0.768,6326079.46
2023-05-31,0.7690000000000001,0.7579999999999999,0.7719999999999999,0.752,8574285.2
2023-06-01,0.755,0.762,0.779,0.755,7251263.24
2023-06-02,0.766,0.7809999999999999,0.7809999999999999,0.759,8040751.31
2023-06-05,0.7760000000000001,0.7649999999999999,0.78,0.762,6655025.0
2023-06-06,0.7649999999999999,0.762,0.775,0.7559999999999999,6447095.08
2023-06-07,0.764,0.75,0.7690000000000001,0.749,5807283.39
2023-06-08,0.75,0.7579999999999999,0.762,0.747,5427033.74
2023-06-09,0.7600000000000001,0.755,0.764,0.753,5419268.0
2023-06-12,0.754,0.7809999999999999,0.787,0.75,9344998.38
2023-06-13,0.778,0.787,0.7920000000000001,0.7760000000000001,8283236.67
2023-06-14,0.7899999999999999,0.8080000000000002,0.814,0.789,9811468.67
2023-06-15,0.8080000000000002,0.821,0.824,0.805,7594886.06
2023-06-16,0.823,0.83,0.8339999999999999,0.819,7131169.45
2023-06-19,0.8270000000000001,0.811,0.831,0.803,8069909.68
2023-06-20,0.8080000000000002,0.8,0.814,0.796,5877293.16
2023-06-21,0.798,0.788,0.803,0.787,6401210.24
2023-06-26,0.78,0.766,0.782,0.763,8413542.65
2023-06-27,0.771,0.778,0.78,0.762,7918368.24
2023-06-28,0.775,0.78,0.786,0.7719999999999999,6926740.64
2023-06-29,0.779,0.7670000000000001,0.78,0.763,8677157.44
2023-06-30,0.768,0.764,0.7719999999999999,0.7600000000000001,5839095.47
2023-07-03,0.7649999999999999,0.784,0.7850000000000001,0.759,10622991.68
2023-07-04,0.782,0.789,0.7899999999999999,0.7760000000000001,6909608.36
2023-07-05,0.788,0.775,0.789,0.7719999999999999,8423512.36
2023-07-06,0.771,0.7670000000000001,0.782,0.7649999999999999,7512107.59
2023-07-07,0.764,0.764,0.77,0.761,4907257.95
2023-07-10,0.768,0.768,0.778,0.7649999999999999,6248581.55
2023-07-11,0.771,0.7690000000000001,0.7719999999999999,0.763,5588742.0
2023-07-12,0.77,0.7690000000000001,0.7760000000000001,0.7670000000000001,5992846.43
2023-07-13,0.775,0.7990000000000002,0.8,0.775,13403119.35
2023-07-14,0.8010000000000002,0.795,0.805,0.791,7219961.3
2023-07-17,0.791,0.7850000000000001,0.7920000000000001,0.779,7303102.3
2023-07-18,0.787,0.782,0.787,0.779,5001091.0
2023-07-19,0.778,0.779,0.7850000000000001,0.773,8265909.82
2023-07-20,0.7809999999999999,0.777,0.7920000000000001,0.775,8417661.2
2023-07-21,0.779,0.795,0.802,0.7739999999999999,11822140.74
2023-07-24,0.7899999999999999,0.786,0.791,0.7830000000000001,8745559.07
2023-07-25,0.809,0.826,0.829,0.8059999999999999,17360374.61
2023-07-26,0.824,0.8249999999999998,0.8319999999999999,0.817,9414939.52
2023-07-27,0.8270000000000001,0.833,0.8450000000000001,0.822,15457817.81
2023-07-28,0.828,0.8520000000000001,0.854,0.826,11626070.9
2023-07-31,0.8590000000000001,0.8520000000000001,0.885,0.8479999999999999,15985406.47
2023-08-01,0.8479999999999999,0.8430000000000001,0.8610000000000001,0.838,10101644.44
2023-08-02,0.839,0.84,0.849,0.8339999999999999,6974922.39
2023-08-03,0.837,0.847,0.849,0.829,9984105.68
2023-08-04,0.856,0.847,0.8610000000000001,0.8450000000000001,9077709.91
2023-08-07,0.8409999999999999,0.8339999999999999,0.8450000000000001,0.831,8076685.0
2023-08-08,0.8319999999999999,0.838,0.842,0.828,7041731.31
2023-08-09,0.8360000000000001,0.839,0.84,0.8319999999999999,7704288.54
2023-08-10,0.837,0.835,0.837,0.826,7757030.36
2023-08-11,0.8360000000000001,0.814,0.838,0.813,7406503.5
2023-08-14,0.804,0.805,0.807,0.794,8602133.22
2023-08-15,0.805,0.804,0.809,0.796,6846118.0
2023-08-16,0.7990000000000002,0.802,0.8080000000000002,0.7969999999999999,5967341.76
2023-08-17,0.798,0.819,0.821,0.795,10415820.61
2023-08-18,0.8180000000000001,0.8,0.8200000000000001,0.7990000000000002,6923250.0
2023-08-21,0.796,0.8,0.811,0.793,7200105.52
2023-08-22,0.803,0.7990000000000002,0.805,0.788,11968505.66
2023-08-23,0.7969999999999999,0.784,0.8,0.784,10290649.05
2023-08-24,0.788,0.8059999999999999,0.811,0.7850000000000001,10702570.38
2023-08-25,0.8010000000000002,0.802,0.805,0.796,7966491.23
2023-08-28,0.8499999999999999,0.8010000000000002,0.8520000000000001,0.7969999999999999,16151524.9
2023-08-29,0.796,0.814,0.817,0.794,10610262.81
2023-08-30,0.813,0.811,0.8180000000000001,0.807,7884144.52
2023-08-31,0.809,0.807,0.81,0.802,6120030.34
2023-09-01,0.813,0.821,0.826,0.813,9847319.66
2023-09-04,0.829,0.847,0.851,0.828,13211079.2
2023-09-05,0.8430000000000001,0.8360000000000001,0.847,0.8339999999999999,8425830.83
2023-09-06,0.833,0.8360000000000001,0.838,0.829,5687371.12
2023-09-07,0.8319999999999999,0.822,0.8339999999999999,0.8200000000000001,8037234.49
2023-09-08,0.8180000000000001,0.8180000000000001,0.824,0.813,5846555.16
2023-09-11,0.817,0.8249999999999998,0.833,0.813,7183118.71
2023-09-12,0.823,0.8180000000000001,0.824,0.817,4435525.09
2023-09-13,0.821,0.821,0.83,0.813,8052429.44
2023-09-14,0.8200000000000001,0.815,0.824,0.809,7000812.66
2023-09-15,0.817,0.803,0.819,0.802,8886334.18
2023-09-18,0.803,0.812,0.814,0.7969999999999999,6260586.63
2023-09-19,0.81,0.8059999999999999,0.81,0.798,4903184.11
2023-09-20,0.803,0.8,0.8059999999999999,0.8,2806879.0
2023-09-21,0.7990000000000002,0.786,0.7990000000000002,0.7850000000000001,10335322.08
2023-09-22,0.7809999999999999,0.8010000000000002,0.802,0.7809999999999999,6354790.88
2023-09-25,0.8,0.795,0.8010000000000002,0.7920000000000001,4726963.63
2023-09-26,0.794,0.786,0.7969999999999999,0.7850000000000001,4048591.58
2023-09-27,0.788,0.788,0.796,0.782,5653011.49
2023-09-28,0.7899999999999999,0.778,0.791,0.777,5010273.5
2023-10-09,0.778,0.7739999999999999,0.778,0.764,13286141.39
2023-10-10,0.778,0.7670000000000001,0.7850000000000001,0.7649999999999999,6179219.14
2023-10-11,0.77,0.766,0.773,0.7649999999999999,5101630.08
2023-10-12,0.7719999999999999,0.768,0.775,0.764,6435895.39
2023-10-13,0.762,0.7510000000000001,0.763,0.747,6617259.29
2023-10-16,0.75,0.741,0.75,0.737,6796033.73
2023-10-17,0.742,0.74,0.745,0.733,5198614.28
2023-10-18,0.738,0.738,0.748,0.735,5247558.4
2023-10-19,0.732,0.714,0.732,0.712,10095579.99
2023-10-20,0.709,0.711,0.723,0.708,8006297.26
2023-10-23,0.708,0.712,0.723,0.705,6907363.36
2023-10-24,0.714,0.716,0.721,0.705,6684564.31
2023-10-25,0.729,0.735,0.743,0.729,10996173.16
2023-10-26,0.728,0.742,0.742,0.727,5664983.62
2023-10-27,0.738,0.7510000000000001,0.754,0.736,6548492.53
2023-10-30,0.749,0.7600000000000001,0.762,0.748,7887370.01
2023-10-31,0.7600000000000001,0.761,0.763,0.753,6543629.0
2023-11-01,0.8,0.775,0.8059999999999999,0.7739999999999999,16289332.96
2023-11-02,0.773,0.762,0.777,0.762,5250724.09
2023-11-03,0.764,0.771,0.7760000000000001,0.761,5541615.54
2023-11-06,0.777,0.773,0.778,0.764,7653958.47
2023-11-07,0.771,0.7670000000000001,0.771,0.762,5303421.98
2023-11-08,0.764,0.764,0.7690000000000001,0.7600000000000001,5340687.0
2023-11-09,0.763,0.7649999999999999,0.768,0.759,4081014.5
2023-11-10,0.7600000000000001,0.754,0.762,0.7510000000000001,5322517.0
2023-11-13,0.7559999999999999,0.747,0.757,0.744,4751947.39
2023-11-14,0.748,0.75,0.755,0.746,4639017.01
2023-11-15,0.7579999999999999,0.755,0.7600000000000001,0.7510000000000001,7111095.43
2023-11-16,0.755,0.746,0.757,0.746,4657538.22
2023-11-17,0.743,0.743,0.747,0.738,4828915.24
2023-11-20,0.744,0.745,0.75,0.736,7300887.0
2023-11-21,0.749,0.757,0.7600000000000001,0.744,9037874.32
2023-11-22,0.754,0.75,0.7579999999999999,0.749,5132632.0
2023-11-23,0.748,0.7510000000000001,0.7510000000000001,0.742,4781547.11
2023-11-24,0.75,0.747,0.753,0.745,3805507.16
2023-11-27,0.747,0.735,0.748,0.731,6030262.26
2023-11-28,0.736,0.734,0.741,0.729,4988808.41
2023-11-29,0.733,0.735,0.735,0.724,4602029.31
2023-11-30,0.733,0.739,0.74,0.73,5371936.32
2023-12-01,0.738,0.728,0.738,0.722,6243594.02
2023-12-04,0.728,0.717,0.728,0.716,5677191.48
2023-12-05,0.714,0.701,0.715,0.7,5823490.36
2023-12-06,0.698,0.704,0.708,0.696,5118132.01
2023-12-07,0.703,0.7,0.703,0.694,4489242.0
2023-12-08,0.701,0.704,0.707,0.696,5610034.03
2023-12-11,0.694,0.695,0.695,0.678,8903575.06
2023-12-12,0.69,0.699,0.7,0.688,5241119.43
2023-12-13,0.697,0.674,0.697,0.673,11711003.25
2023-12-14,0.678,0.662,0.681,0.661,7444225.5
2023-12-15,0.664,0.665,0.678,0.663,7654575.9
2023-12-18,0.661,0.662,0.668,0.656,3977976.11
2023-12-19,0.663,0.665,0.668,0.657,4199520.81
2023-12-20,0.665,0.655,0.667,0.654,5606724.03
2023-12-21,0.651,0.668,0.67,0.65,7272323.25
2023-12-22,0.668,0.666,0.672,0.661,5864255.23
2023-12-25,0.664,0.672,0.672,0.663,5082605.0
2023-12-26,0.672,0.668,0.672,0.663,3562641.0
2023-12-27,0.667,0.667,0.671,0.661,5732926.0
2023-12-28,0.667,0.695,0.699,0.665,12029408.24
2023-12-29,0.693,0.692,0.7,0.687,6854727.73
2024-01-02,0.69,0.673,0.691,0.672,7106157.0
2024-01-03,0.671,0.669,0.676,0.664,6262065.0
2024-01-04,0.669,0.656,0.669,0.652,9033614.25
2024-01-05,0.653,0.648,0.659,0.646,5748218.0
2024-01-08,0.648,0.637,0.65,0.637,5412339.74
2024-01-09,0.64,0.638,0.645,0.634,4960670.76
2024-01-10,0.637,0.643,0.651,0.631,6058364.0
2024-01-11,0.643,0.648,0.651,0.638,5360692.97
2024-01-12,0.645,0.643,0.65,0.64,4555905.75
2024-01-15,0.639,0.637,0.646,0.636,4398614.0
2024-01-16,0.637,0.639,0.644,0.632,4558172.12
2024-01-17,0.637,0.619,0.637,0.618,6241126.52
2024-01-18,0.616,0.631,0.632,0.61,7202851.25
2024-01-19,0.627,0.633,0.638,0.625,5481907.72
2024-01-22,0.632,0.617,0.632,0.614,5822176.78
2024-01-23,0.617,0.619,0.624,0.611,5082290.0
2024-01-24,0.622,0.62,0.625,0.604,6151640.15
2024-01-25,0.618,0.633,0.635,0.614,8210453.3
2024-01-26,0.629,0.632,0.639,0.627,4957841.35
2024-01-29,0.632,0.636,0.647,0.631,7650059.06
2024-01-30,0.63,0.612,0.631,0.611,5514894.37
2024-01-31,0.61,0.604,0.617,0.603,4436461.12
2024-02-01,0.603,0.605,0.611,0.598,4057661.0
2024-02-02,0.605,0.602,0.618,0.584,6708651.94
2024-02-05,0.595,0.598,0.608,0.585,6967987.04
2024-02-06,0.598,0.628,0.629,0.596,8282009.0
2024-02-07,0.628,0.64,0.642,0.624,6515649.81
2024-02-08,0.643,0.641,0.65,0.634,6008759.4
2024-02-19,0.653,0.642,0.656,0.637,5345248.6
2024-02-20,0.641,0.634,0.644,0.629,3588463.35
2024-02-21,0.632,0.666,0.675,0.63,11236530.2
2024-02-22,0.66,0.667,0.669,0.656,5935692.38
2024-02-23,0.665,0.671,0.679,0.661,5865714.4
2024-02-26,0.667,0.661,0.674,0.659,4142302.74
2024-02-27,0.658,0.665,0.666,0.656,5095613.22
2024-02-28,0.663,0.655,0.669,0.655,6983384.38
2024-02-29,0.652,0.671,0.672,0.65,7218587.11
2024-03-01,0.667,0.672,0.675,0.662,4657002.0
2024-03-04,0.67,0.665,0.671,0.661,5500352.5
2024-03-05,0.66,0.673,0.674,0.66,6783878.85
2024-03-06,0.669,0.663,0.671,0.66,4490579.43
2024-03-07,0.662,0.659,0.667,0.658,4487003.46
2024-03-08,0.658,0.655,0.662,0.649,5447833.43
2024-03-11,0.654,0.672,0.672,0.654,6841252.58
2024-03-12,0.672,0.704,0.706,0.672,13074392.84
2024-03-13,0.7,0.701,0.706,0.694,5888184.73
2024-03-14,0.697,0.699,0.71,0.693,5512886.96
2024-03-15,0.696,0.704,0.71,0.695,4462337.17
2024-03-18,0.701,0.704,0.704,0.694,4518373.36
2024-03-19,0.702,0.712,0.718,0.698,6992895.74
2024-03-20,0.708,0.709,0.712,0.705,3419711.78
2024-03-21,0.71,0.712,0.719,0.707,4013815.38
2024-03-22,0.711,0.696,0.711,0.691,5141940.43
2024-03-25,0.692,0.689,0.695,0.684,3746589.75
2024-03-26,0.69,0.7,0.702,0.688,5422030.88
2024-03-27,0.699,0.691,0.702,0.689,3996235.39
2024-03-28,0.688,0.692,0.7,0.686,3883788.0
2024-03-29,0.69,0.691,0.695,0.686,3391315.0
2024-04-01,0.695,0.71,0.717,0.694,6967426.96
2024-04-02,0.709,0.706,0.711,0.703,4428838.31
2024-04-03,0.709,0.706,0.714,0.701,3944271.91
2024-04-08,0.701,0.678,0.701,0.677,6150239.08
2024-04-09,0.675,0.679,0.683,0.673,3341222.0
2024-04-10,0.678,0.668,0.679,0.664,5424500.0
2024-04-11,0.664,0.669,0.669,0.662,3713550.6
2024-04-12,0.668,0.658,0.673,0.656,3917183.49
2024-04-15,0.656,0.678,0.681,0.655,5655248.53
2024-04-16,0.675,0.666,0.677,0.664,3740939.0
2024-04-17,0.666,0.669,0.67,0.663,3539729.04
2024-04-18,0.667,0.67,0.678,0.661,4141387.0
2024-04-19,0.665,0.659,0.666,0.655,4193130.43
2024-04-22,0.663,0.673,0.678,0.662,4561185.0
2024-04-23,0.673,0.683,0.683,0.671,5234306.98
2024-04-24,0.683,0.684,0.685,0.675,4004982.0
2024-04-25,0.68,0.68,0.683,0.675,2462331.0
2024-04-26,0.682,0.695,0.698,0.682,4470497.99
2024-04-29,0.692,0.701,0.712,0.689,7138613.0
2024-04-30,0.701,0.699,0.711,0.698,3966990.0
2024-05-06,0.709,0.724,0.733,0.709,8731152.85
2024-05-07,0.724,0.727,0.729,0.716,4389268.0
2024-05-08,0.725,0.719,0.727,0.716,3733049.0
2024-05-09,0.718,0.72,0.723,0.717,4086128.0
2024-05-10,0.723,0.716,0.726,0.711,3591972.0
2024-05-13,0.711,0.701,0.711,0.698,5096250.11
2024-05-14,0.7,0.704,0.707,0.698,3192347.0
2024-05-15,0.703,0.7,0.706,0.7,2522179.0
2024-05-16,0.703,0.708,0.713,0.695,5063656.54
2024-05-17,0.708,0.719,0.719,0.705,7121531.45
2024-05-20,0.72,0.722,0.733,0.72,5565812.0
2024-05-21,0.718,0.718,0.723,0.713,4423056.0
2024-05-22,0.717,0.711,0.719,0.707,4097020.0
2024-05-23,0.711,0.701,0.713,0.7,3339135.0
2024-05-24,0.7,0.692,0.701,0.691,3253216.0
2024-05-27,0.693,0.693,0.697,0.689,4436742.0
2024-05-28,0.692,0.685,0.693,0.684,3569380.0
2024-05-29,0.684,0.683,0.689,0.68,3629018.0
2024-05-30,0.68,0.672,0.681,0.67,5046413.0
2024-05-31,0.673,0.674,0.678,0.673,3441172.0
2024-06-03,0.674,0.671,0.678,0.667,4257599.0
2024-06-04,0.671,0.679,0.68,0.668,4900050.0
2024-06-05,0.677,0.671,0.682,0.67,4654538.0
2024-06-06,0.671,0.664,0.673,0.66,6383710.04
2024-06-07,0.666,0.656,0.667,0.653,4536243.0
2024-06-11,0.652,0.643,0.653,0.637,6699764.0
2024-06-12,0.64,0.641,0.647,0.639,4963546.6
2024-06-13,0.642,0.632,0.642,0.63,5409812.86
2024-06-14,0.63,0.635,0.636,0.62,8143967.98
2024-06-17,0.628,0.634,0.636,0.62,6767028.02
2024-06-18,0.631,0.626,0.639,0.623,8251859.44
2024-06-19,0.626,0.623,0.63,0.62,5463331.0
2024-06-20,0.623,0.617,0.628,0.617,5795650.55
2024-06-21,0.615,0.606,0.617,0.603,6879124.0
2024-06-24,0.595,0.607,0.616,0.591,7521094.0
2024-06-25,0.607,0.607,0.615,0.602,6280475.0
2024-06-26,0.604,0.61,0.611,0.602,4591647.0
2024-06-27,0.608,0.6,0.609,0.598,4914860.0
2024-06-28,0.597,0.59,0.603,0.588,6995664.54
2024-07-01,0.589,0.586,0.592,0.577,5847899.54
2024-07-02,0.583,0.595,0.602,0.581,7542249.54
2024-07-03,0.595,0.59,0.597,0.588,4086206.0
2024-07-04,0.59,0.58,0.593,0.58,4307368.0
2024-07-05,0.578,0.575,0.584,0.57,5756098.0
2024-07-08,0.572,0.559,0.574,0.558,5627339.0
2024-07-09,0.56,0.566,0.57,0.554,6362441.0
2024-07-10,0.563,0.565,0.576,0.561,5269635.0
2024-07-11,0.572,0.582,0.587,0.568,8574885.0
2024-07-12,0.584,0.587,0.59,0.58,5784876.0
2024-07-15,0.585,0.585,0.592,0.583,4265211.0
2024-07-16,0.583,0.585,0.588,0.579,3809401.0
2024-07-17,0.584,0.599,0.599,0.581,6682908.0
2024-07-18,0.596,0.597,0.607,0.594,6064551.49
2024-07-19,0.594,0.609,0.61,0.591,9370358.44
2024-07-22,0.608,0.594,0.609,0.593,9074886.98
2024-07-23,0.594,0.572,0.595,0.571,7270569.7
2024-07-24,0.569,0.564,0.575,0.562,6338080.98
2024-07-25,0.562,0.564,0.57,0.56,4788619.99
2024-07-26,0.565,0.563,0.572,0.561,5508412.0
2024-07-29,0.563,0.555,0.565,0.555,4915445.0
2024-07-30,0.551,0.553,0.554,0.543,7326517.0
2024-07-31,0.552,0.572,0.576,0.551,9874640.0
2024-08-01,0.571,0.559,0.572,0.557,8902520.0
2024-08-02,0.554,0.556,0.563,0.553,5683567.41
2024-08-05,0.554,0.564,0.575,0.553,10459946.0
2024-08-06,0.566,0.568,0.573,0.561,6018732.95
2024-08-07,0.566,0.571,0.574,0.563,5762742.0
2024-08-08,0.569,0.581,0.59,0.568,8659091.0
2024-08-09,0.586,0.578,0.589,0.577,5620437.0
2024-08-12,0.575,0.575,0.578,0.572,2858968.0
2024-08-13,0.575,0.568,0.575,0.564,3514260.0
2024-08-14,0.568,0.56,0.568,0.558,3176967.0
2024-08-15,0.558,0.563,0.569,0.557,3978819.57
2024-08-16,0.562,0.56,0.563,0.557,3497482.0
2024-08-19,0.56,0.557,0.57,0.556,5107295.0
2024-08-20,0.558,0.551,0.558,0.549,3707788.01
2024-08-21,0.549,0.546,0.552,0.546,2486430.0
2024-08-22,0.546,0.537,0.547,0.533,4515935.0
2024-08-23,0.536,0.537,0.543,0.535,3001829.0
2024-08-26,0.538,0.533,0.541,0.531,3542851.0
2024-08-27,0.532,0.531,0.534,0.525,6640479.0
2024-08-28,0.527,0.517,0.528,0.51,7483493.0
2024-08-29,0.515,0.529,0.533,0.514,9544120.38
2024-08-30,0.527,0.547,0.554,0.524,8023785.14
2024-09-02,0.542,0.526,0.542,0.525,5836478.0
2024-09-03,0.526,0.533,0.537,0.526,4516709.0
2024-09-04,0.529,0.528,0.536,0.527,2599808.0
2024-09-05,0.527,0.53,0.532,0.526,3162901.0
2024-09-06,0.53,0.521,0.53,0.521,2726579.0
2024-09-09,0.518,0.513,0.52,0.511,4044697.88
2024-09-10,0.514,0.516,0.521,0.512,4672093.0
2024-09-11,0.514,0.512,0.518,0.509,3936541.0
2024-09-12,0.513,0.502,0.515,0.501,7111428.0
2024-09-13,0.501,0.49,0.502,0.48900000000000005,6886792.0
2024-09-18,0.48800000000000004,0.485,0.49,0.48000000000000004,5538711.0
2024-09-19,0.486,0.498,0.507,0.482,11865636.08
2024-09-20,0.49499999999999994,0.499,0.499,0.491,5494427.0
2024-09-23,0.498,0.5,0.51,0.498,5875403.0
2024-09-24,0.508,0.53,0.531,0.501,15647512.02
2024-09-25,0.537,0.533,0.549,0.532,9637525.8
2024-09-26,0.531,0.586,0.586,0.53,19871414.61
2024-09-27,0.617,0.645,0.645,0.606,15825411.86
2024-09-30,0.71,0.71,0.71,0.654,29679427.34
2024-10-08,0.7809999999999999,0.727,0.7809999999999999,0.67,47294333.91
2024-10-09,0.69,0.654,0.69,0.654,28079678.15
2024-10-10,0.639,0.652,0.669,0.632,17553930.3
2024-10-11,0.64,0.631,0.652,0.622,13092682.62
2024-10-14,0.631,0.638,0.642,0.617,12537645.2
2024-10-15,0.633,0.615,0.637,0.615,9962771.4
2024-10-16,0.606,0.609,0.62,0.603,11608664.16
2024-10-17,0.614,0.596,0.616,0.595,13247014.76
2024-10-18,0.591,0.616,0.627,0.589,22740407.4
2024-10-21,0.611,0.616,0.62,0.605,16786243.78
2024-10-22,0.613,0.626,0.629,0.612,17091598.0
2024-10-23,0.626,0.635,0.642,0.62,17916030.9
2024-10-24,0.63,0.622,0.633,0.62,11574766.89
2024-10-25,0.621,0.627,0.634,0.619,12714481.0
2024-10-28,0.631,0.644,0.645,0.622,19714293.6
2024-10-29,0.642,0.627,0.65,0.626,14556045.0
2024-10-30,0.622,0.618,0.629,0.612,11972100.0
2024-10-31,0.613,0.614,0.621,0.608,10315603.0
2024-11-01,0.612,0.623,0.63,0.611,13505353.09
2024-11-04,0.627,0.631,0.632,0.618,11902396.0
2024-11-05,0.628,0.647,0.647,0.624,22031586.11
2024-11-06,0.646,0.643,0.651,0.636,20421596.73
2024-11-07,0.64,0.706,0.707,0.638,36634426.51
2024-11-08,0.719,0.678,0.719,0.675,40194015.01
2024-11-11,0.666,0.674,0.674,0.655,30514715.0
2024-11-12,0.674,0.668,0.687,0.664,28981901.07
2024-11-13,0.662,0.669,0.673,0.66,19006018.0
2024-11-14,0.665,0.659,0.673,0.658,19188509.0
2024-11-15,0.657,0.652,0.667,0.65,18153210.0
2024-11-18,0.653,0.642,0.658,0.64,16556557.76
2024-11-19,0.646,0.643,0.649,0.626,16571935.0
2024-11-20,0.64,0.645,0.648,0.635,13349511.88
2024-11-21,0.643,0.642,0.647,0.638,10441047.0
2024-11-22,0.642,0.62,0.645,0.619,19534762.71
2024-11-25,0.62,0.622,0.631,0.615,10729864.71
2024-11-26,0.618,0.625,0.633,0.616,12654752.0
2024-11-27,0.623,0.636,0.639,0.618,13148986.99
2024-11-28,0.632,0.628,0.636,0.627,8828190.0
2024-11-29,0.631,0.637,0.648,0.63,16910644.0
2024-12-02,0.636,0.64,0.643,0.632,11327351.0
2024-12-03,0.64,0.638,0.641,0.634,8614305.0
2024-12-04,0.637,0.631,0.638,0.63,10161531.19
2024-12-05,0.63,0.63,0.632,0.626,8864904.38
2024-12-06,0.631,0.636,0.64,0.629,11315058.56
2024-12-09,0.635,0.634,0.642,0.631,9321884.56
2024-12-10,0.663,0.646,0.67,0.645,27893897.15
2024-12-11,0.642,0.653,0.66,0.641,15163373.72
2024-12-12,0.65,0.669,0.669,0.648,22579392.74
2024-12-13,0.663,0.647,0.663,0.646,18992508.67
2024-12-16,0.646,0.634,0.647,0.632,11185639.67
2024-12-17,0.635,0.636,0.643,0.631,9410521.0
2024-12-18,0.637,0.634,0.64,0.632,17173649.15
2024-12-19,0.628,0.625,0.629,0.62,10990534.82
2024-12-20,0.625,0.626,0.63,0.622,13994862.72
2024-12-23,0.626,0.619,0.628,0.617,12880699.19
2024-12-24,0.619,0.624,0.625,0.617,11176962.68
2024-12-25,0.625,0.62,0.625,0.619,6631646.99
2024-12-26,0.621,0.621,0.624,0.618,6516983.11
2024-12-27,0.621,0.622,0.626,0.618,7925334.86
2024-12-30,0.621,0.617,0.626,0.615,11224801.56
2024-12-31,0.618,0.616,0.628,0.615,13853870.0
2025-01-02,0.614,0.6,0.615,0.596,13340076.0
2025-01-03,0.6,0.592,0.603,0.589,8821259.82
2025-01-06,0.581,0.575,0.587,0.573,11634751.0
2025-01-07,0.577,0.579,0.58,0.572,7951167.77
2025-01-08,0.577,0.575,0.582,0.567,10780623.95
2025-01-09,0.575,0.578,0.585,0.571,8529119.0
2025-01-10,0.575,0.567,0.578,0.566,6840254.0
2025-01-13,0.562,0.572,0.572,0.56,7209417.93
2025-01-14,0.571,0.587,0.589,0.571,11012355.48
2025-01-15,0.585,0.584,0.589,0.581,5014330.5
2025-01-16,0.586,0.582,0.593,0.577,6737252.0
2025-01-17,0.579,0.586,0.59,0.579,6165239.83
2025-01-20,0.588,0.591,0.598,0.588,8510239.0
2025-01-21,0.594,0.584,0.595,0.582,6890189.0
2025-01-22,0.583,0.573,0.583,0.572,8304136.0
2025-01-23,0.578,0.576,0.584,0.574,8724725.0
2025-01-24,0.573,0.575,0.577,0.57,9732976.0
2025-01-27,0.575,0.57,0.577,0.57,6997752.2
2025-02-05,0.573,0.56,0.573,0.559,9622748.0
2025-02-06,0.56,0.563,0.566,0.559,10209311.0
2025-02-07,0.563,0.571,0.575,0.559,16425140.06
2025-02-10,0.571,0.572,0.572,0.566,11545583.36
2025-02-11,0.572,0.565,0.574,0.564,8491148.0
2025-02-12,0.565,0.573,0.574,0.564,10735032.85
2025-02-13,0.573,0.591,0.596,0.572,29235866.8
2025-02-14,0.589,0.588,0.591,0.584,15345358.12
2025-02-17,0.59,0.591,0.596,0.588,13591043.0
2025-02-18,0.59,0.584,0.594,0.581,14508534.0
2025-02-19,0.582,0.589,0.589,0.579,12843184.0
2025-02-20,0.586,0.587,0.593,0.584,9355513.0
2025-02-21,0.588,0.589,0.596,0.583,21251405.0
2025-02-24,0.588,0.596,0.602,0.586,18297278.62
2025-02-25,0.592,0.584,0.592,0.583,14027356.98
2025-02-26,0.584,0.591,0.592,0.582,11703423.23
2025-02-27,0.591,0.605,0.608,0.589,20349870.06
2025-02-28,0.603,0.602,0.62,0.6,22498734.68
2025-03-03,0.603,0.598,0.616,0.594,16976563.34
2025-03-04,0.595,0.593,0.596,0.587,11666780.0
2025-03-05,0.592,0.592,0.593,0.587,8555738.6
2025-03-06,0.594,0.602,0.603,0.59,13919671.2
2025-03-07,0.6,0.612,0.615,0.598,17312413.35
2025-03-10,0.611,0.613,0.614,0.605,9730808.96
2025-03-11,0.608,0.629,0.63,0.607,17813930.64
2025-03-12,0.63,0.624,0.634,0.621,10997531.11
2025-03-13,0.624,0.623,0.632,0.62,10396963.96
2025-03-14,0.623,0.652,0.657,0.623,34128315.85
2025-03-17,0.658,0.652,0.662,0.645,17079619.77
2025-03-18,0.652,0.646,0.654,0.643,16710953.21
2025-03-19,0.646,0.641,0.651,0.639,11724889.68
2025-03-20,0.641,0.631,0.642,0.629,16001842.52
2025-03-21,0.628,0.622,0.637,0.621,11873667.38
2025-03-24,0.622,0.624,0.625,0.616,10432246.0
2025-03-25,0.624,0.623,0.625,0.616,7631523.47
2025-03-26,0.623,0.623,0.626,0.62,6274613.0
2025-03-27,0.622,0.629,0.631,0.62,9310989.0
2025-03-28,0.628,0.623,0.631,0.62,11239820.0
2025-03-31,0.621,0.615,0.623,0.611,7621664.0
2025-04-01,0.615,0.616,0.621,0.614,8226454.27
2025-04-02,0.616,0.616,0.622,0.613,5848917.0
2025-04-03,0.611,0.624,0.628,0.609,11598102.05
2025-04-07,0.604,0.594,0.613,0.578,21416292.66
2025-04-08,0.597,0.614,0.615,0.595,12412376.99
2025-04-09,0.605,0.622,0.625,0.603,11124686.55
2025-04-10,0.623,0.625,0.626,0.613,12565865.54
2025-04-11,0.622,0.618,0.625,0.611,10784779.0
2025-04-14,0.616,0.612,0.621,0.611,8870738.0
2025-04-15,0.612,0.612,0.615,0.608,6592680.99
2025-04-16,0.61,0.614,0.616,0.605,8285555.3
2025-04-17,0.611,0.62,0.622,0.609,10166117.11
2025-04-18,0.619,0.614,0.619,0.611,6064438.99
2025-04-21,0.613,0.608,0.614,0.606,10980461.0
2025-04-22,0.607,0.607,0.611,0.605,11247151.2
2025-04-23,0.609,0.605,0.61,0.602,13441033.4
2025-04-24,0.604,0.602,0.606,0.601,12496730.0
2025-04-25,0.602,0.603,0.607,0.601,5643098.64
2025-04-28,0.603,0.601,0.607,0.601,7413087.23
2025-04-29,0.599,0.595,0.6,0.592,8707948.0
2025-04-30,0.595,0.595,0.6,0.594,5390986.77
2025-05-06,0.596,0.597,0.598,0.592,10547932.5
2025-05-07,0.602,0.599,0.605,0.597,8804289.0
2025-05-08,0.598,0.602,0.608,0.595,10770861.87
2025-05-09,0.602,0.603,0.605,0.6,8103110.05
2025-05-12,0.604,0.605,0.608,0.602,9720410.56
2025-05-13,0.607,0.604,0.609,0.602,6944371.28
2025-05-14,0.604,0.613,0.62,0.6,17533035.84
2025-05-15,0.611,0.606,0.615,0.606,8120082.1
2025-05-16,0.606,0.599,0.607,0.599,5687444.0
2025-05-19,0.592,0.592,0.593,0.589,9851193.0
2025-05-20,0.592,0.593,0.596,0.59,8132923.0
2025-05-21,0.593,0.594,0.597,0.593,6442395.38
2025-05-22,0.594,0.591,0.594,0.59,4571061.75
2025-05-23,0.592,0.587,0.595,0.586,5911528.0
2025-05-26,0.587,0.582,0.588,0.58,7553087.99
2025-05-27,0.582,0.584,0.588,0.582,4786305.15
2025-05-28,0.585,0.587,0.588,0.581,5169182.58
2025-05-29,0.587,0.588,0.589,0.582,6481533.05
2025-05-30,0.587,0.581,0.588,0.579,9065052.83
2025-06-03,0.577,0.576,0.579,0.574,6999612.0
2025-06-04,0.576,0.577,0.58,0.575,5924365.0
2025-06-05,0.579,0.578,0.58,0.576,9083080.5
2025-06-06,0.578,0.577,0.581,0.576,7932766.0
2025-06-09,0.577,0.574,0.577,0.572,10128371.0
2025-06-10,0.574,0.569,0.575,0.565,12493523.83
2025-06-11,0.568,0.57,0.573,0.568,8934031.72
2025-06-12,0.569,0.56,0.569,0.56,15577342.0
2025-06-13,0.558,0.545,0.559,0.544,20450925.2
2025-06-16,0.541,0.546,0.547,0.537,17645383.32
2025-06-17,0.545,0.547,0.55,0.544,9853573.5
2025-06-18,0.551,0.55,0.558,0.549,15762182.24
2025-06-19,0.547,0.546,0.552,0.545,8347853.5
2025-06-20,0.548,0.558,0.56,0.547,21862553.38
2025-06-23,0.554,0.551,0.554,0.546,11783619.0
2025-06-24,0.552,0.555,0.557,0.551,12364441.0
2025-06-25,0.555,0.556,0.557,0.549,18188061.99
2025-06-26,0.556,0.556,0.559,0.554,10359345.99
2025-06-27,0.555,0.552,0.556,0.551,9267373.0
2025-06-30,0.552,0.555,0.559,0.55,13199255.07
2025-07-01,0.554,0.552,0.555,0.551,7071932.0
2025-07-02,0.552,0.554,0.558,0.551,11996322.95
2025-07-03,0.554,0.555,0.558,0.552,8163887.81
2025-07-04,0.555,0.555,0.558,0.553,8982534.08
2025-07-07,0.556,0.554,0.557,0.553,5508640.0
2025-07-08,0.554,0.559,0.559,0.554,11692789.0
2025-07-09,0.559,0.562,0.568,0.557,18924029.55
2025-07-10,0.561,0.565,0.567,0.558,17630009.81
2025-07-11,0.564,0.57,0.574,0.564,20393731.49
2025-07-14,0.568,0.57,0.572,0.564,17241999.0
2025-07-15,0.567,0.562,0.568,0.56,16398630.74
2025-07-16,0.561,0.567,0.568,0.561,13785307.33
2025-07-17,0.565,0.568,0.569,0.564,8053707.98
2025-07-18,0.568,0.575,0.577,0.567,19204869.49
2025-07-21,0.576,0.575,0.576,0.572,11217885.0
2025-07-22,0.574,0.591,0.592,0.574,29646731.26
2025-07-23,0.591,0.587,0.595,0.586,17815407.65
2025-07-24,0.587,0.59,0.591,0.586,15314263.69
2025-07-25,0.591,0.58,0.591,0.58,19215672.17
2025-07-28,0.58,0.578,0.58,0.574,14595808.02
2025-07-29,0.577,0.577,0.579,0.572,16587673.05
2025-07-30,0.578,0.581,0.585,0.577,20859956.78
2025-07-31,0.579,0.568,0.579,0.565,25080963.29
2025-08-01,0.567,0.567,0.569,0.564,11433878.5
2025-08-04,0.566,0.567,0.568,0.564,6924295.37
2025-08-05,0.567,0.574,0.575,0.567,11554116.0
2025-08-06,0.575,0.575,0.576,0.571,7811005.05
2025-08-07,0.574,0.576,0.578,0.573,9494040.98
2025-08-08,0.576,0.573,0.576,0.572,8750268.64
2025-08-11,0.573,0.584,0.586,0.572,18787580.2
2025-08-12,0.583,0.582,0.592,0.581,20956254.56
2025-08-13,0.581,0.582,0.584,0.577,22521223.3
2025-08-14,0.581,0.58,0.589,0.579,19232528.3
2025-08-15,0.578,0.581,0.583,0.575,17014724.63
2025-08-18,0.582,0.585,0.587,0.581,25676023.35
2025-08-19,0.585,0.594,0.599,0.584,36588137.12
2025-08-20,0.592,0.609,0.612,0.589,35959379.27
2025-08-21,0.609,0.603,0.61,0.601,21829462.33
2025-08-22,0.603,0.609,0.609,0.601,20854898.45
2025-08-25,0.611,0.632,0.634,0.61,38363757.39
2025-08-26,0.63,0.63,0.639,0.623,29984499.18
2025-08-27,0.629,0.612,0.629,0.611,40145744.25
2025-08-28,0.61,0.609,0.616,0.598,31296724.65
2025-08-29,0.612,0.625,0.628,0.611,32406396.5
2025-09-01,0.623,0.622,0.626,0.618,26426327.1
2025-09-02,0.621,0.62,0.634,0.617,30077337.0
2025-09-03,0.622,0.611,0.63,0.609,22615951.1
2025-09-04,0.611,0.612,0.612,0.602,22189152.29
2025-09-05,0.611,0.615,0.616,0.604,22602965.05
2025-09-08,0.614,0.624,0.625,0.612,22953213.12
2025-09-09,0.623,0.624,0.625,0.616,18911245.36
2025-09-10,0.624,0.624,0.631,0.618,21434324.57
2025-09-11,0.621,0.628,0.628,0.62,21131463.57
2025-09-12,0.628,0.621,0.637,0.62,23356696.47
2025-09-15,0.619,0.619,0.621,0.616,16353225.27
2025-09-16,0.621,0.619,0.622,0.615,13375680.0
2025-09-17,0.618,0.614,0.62,0.612,15878643.27
2025-09-18,0.614,0.603,0.614,0.599,25152781.59
2025-09-19,0.602,0.606,0.607,0.595,22771643.82
2025-09-22,0.603,0.596,0.603,0.595,17517151.01
2025-09-23,0.595,0.593,0.598,0.588,15919585.05
2025-09-24,0.591,0.593,0.597,0.59,14260902.16
2025-09-25,0.594,0.588,0.594,0.587,16813598.84
2025-09-26,0.588,0.584,0.59,0.582,19226869.62
2025-09-29,0.586,0.594,0.597,0.582,21353250.95
2025-09-30,0.592,0.59,0.593,0.588,16435561.1
2025-10-09,0.588,0.584,0.588,0.577,23072348.26
2025-10-10,0.582,0.583,0.587,0.581,14060528.77
2025-10-13,0.575,0.577,0.579,0.573,18898609.4
2025-10-14,0.579,0.593,0.594,0.578,28893031.2
2025-10-15,0.591,0.597,0.599,0.588,19277129.19
2025-10-16,0.594,0.604,0.605,0.594,18556598.0
2025-10-17,0.603,0.595,0.604,0.594,18033078.91
2025-10-20,0.596,0.591,0.597,0.59,14348747.0
2025-10-21,0.591,0.592,0.596,0.589,11368026.84
2025-10-22,0.59,0.589,0.595,0.588,12361341.79
2025-10-23,0.588,0.593,0.593,0.585,15351076.67
2025-10-24,0.592,0.582,0.594,0.581,23519743.74
2025-10-27,0.58,0.582,0.585,0.577,14948545.21
2025-10-28,0.581,0.582,0.587,0.58,15299193.59
2025-10-29,0.58,0.579,0.582,0.575,18035584.56
2025-10-30,0.576,0.579,0.585,0.575,25225467.78
2025-10-31,0.576,0.588,0.591,0.575,27472992.26
2025-11-03,0.585,0.588,0.592,0.581,25455956.14
2025-11-04,0.587,0.581,0.588,0.579,16372598.15
2025-11-05,0.579,0.579,0.585,0.576,16787555.94
2025-11-06,0.581,0.58,0.585,0.578,13678776.53
2025-11-07,0.579,0.578,0.582,0.577,9517823.69
2025-11-10,0.577,0.604,0.606,0.576,49900870.66
2025-11-11,0.6,0.603,0.605,0.595,28266600.99
2025-11-12,0.602,0.603,0.609,0.602,23318598.18
2025-11-13,0.6,0.607,0.609,0.599,25607556.52
2025-11-14,0.605,0.598,0.613,0.598,21279998.95
2025-11-17,0.597,0.598,0.602,0.591,14986699.24
2025-11-18,0.598,0.595,0.604,0.593,13749810.66
2025-11-19,0.595,0.592,0.597,0.589,10744889.11
2025-11-20,0.593,0.59,0.597,0.589,11294632.02
2025-11-21,0.588,0.585,0.597,0.581,15762240.27
2025-11-24,0.584,0.581,0.589,0.58,13001835.7
2025-11-25,0.582,0.582,0.583,0.578,15331009.31
2025-11-26,0.582,0.582,0.585,0.58,13371573.18
2025-11-27,0.583,0.583,0.586,0.579,12124489.71
2025-11-28,0.582,0.583,0.585,0.579,12137468.33
2025-12-01,0.583,0.583,0.588,0.581,11605865.73
2025-12-02,0.583,0.577,0.585,0.577,14607008.0
2025-12-03,0.578,0.57,0.578,0.569,20504366.77
2025-12-04,0.57,0.561,0.571,0.559,20574950.0
2025-12-05,0.56,0.563,0.564,0.558,11376795.56
2025-12-08,0.562,0.557,0.564,0.557,15524002.0
2025-12-09,0.558,0.549,0.558,0.547,19588127.84
2025-12-10,0.548,0.553,0.554,0.544,15002398.55
2025-12-11,0.553,0.55,0.554,0.548,9776637.9
2025-12-12,0.552,0.551,0.559,0.55,18592003.4
2025-12-15,0.557,0.554,0.561,0.554,19910513.32
2025-12-16,0.553,0.555,0.555,0.55,11788406.74
2025-12-17,0.554,0.553,0.555,0.548,10388509.07
2025-12-18,0.553,0.552,0.554,0.55,11787093.84
2025-12-19,0.552,0.554,0.556,0.55,11342636.95
2025-12-22,0.554,0.553,0.557,0.552,14327107.0
2025-12-23,0.553,0.55,0.554,0.548,10598732.12
2025-12-24,0.549,0.548,0.549,0.545,12320788.21
2025-12-25,0.548,0.554,0.557,0.547,18309067.73
2025-12-26,0.552,0.55,0.554,0.548,14938671.47
2025-12-29,0.55,0.543,0.55,0.542,15839207.35
2025-12-30,0.543,0.541,0.543,0.539,9783044.0
2025-12-31,0.541,0.536,0.542,0.535,11606907.79
2026-01-05,0.536,0.546,0.547,0.536,22192603.85
2026-01-06,0.546,0.55,0.55,0.543,17320876.0
2026-01-07,0.55,0.547,0.551,0.546,19050825.84
2026-01-08,0.546,0.546,0.547,0.543,12520978.65
2026-01-09,0.547,0.547,0.551,0.545,12190548.76
2026-01-12,0.547,0.553,0.555,0.546,17212049.67
2026-01-13,0.554,0.548,0.555,0.546,16125102.35
2026-01-14,0.547,0.545,0.553,0.541,18083937.08
2026-01-15,0.543,0.54,0.546,0.539,12457745.6
2026-01-16,0.541,0.537,0.542,0.535,12515096.0
2026-01-19,0.536,0.535,0.538,0.534,10257796.54
2026-01-20,0.536,0.54,0.542,0.534,14136280.05
2026-01-21,0.539,0.531,0.539,0.529,19279771.94
2026-01-22,0.53,0.529,0.533,0.528,10688463.04
2026-01-23,0.529,0.527,0.531,0.526,13625167.27
2026-01-26,0.525,0.524,0.526,0.516,22317532.59
2026-01-27,0.522,0.516,0.523,0.514,17585600.0
2026-01-28,0.515,0.516,0.52,0.512,16357382.0
2026-01-29,0.515,0.568,0.568,0.515,79431654.26
2026-01-30,0.562,0.541,0.562,0.54,49356607.4
2026-02-02,0.536,0.549,0.566,0.536,42217536.88
2026-02-03,0.544,0.551,0.56,0.544,26031364.47
2026-02-04,0.549,0.562,0.566,0.546,32386300.74
2026-02-05,0.56,0.565,0.572,0.558,33174098.74
2026-02-06,0.562,0.554,0.567,0.553,21439057.82
2026-02-09,0.553,0.554,0.557,0.55,17605199.56
2026-02-10,0.553,0.545,0.553,0.543,17981959.0
2026-02-11,0.545,0.545,0.548,0.542,14300859.15
2026-02-12,0.543,0.535,0.544,0.535,15118802.95
2026-02-13,0.536,0.535,0.542,0.533,13734470.73
2026-02-24,0.539,0.529,0.542,0.527,14091847.38
2026-02-25,0.529,0.532,0.535,0.528,10702948.51
2026-02-26,0.531,0.525,0.532,0.523,11699263.2
2026-02-27,0.525,0.526,0.527,0.523,7767969.89
2026-03-02,0.52,0.516,0.523,0.513,15363013.0
2026-03-03,0.514,0.515,0.524,0.509,21651713.41
2026-03-04,0.511,0.502,0.511,0.5,20407071.09
2026-03-05,0.505,0.503,0.507,0.501,8256931.5
2026-03-06,0.501,0.51,0.511,0.5,19477341.73
2026-03-09,0.505,0.505,0.508,0.503,12143695.27
2026-03-10,0.507,0.508,0.509,0.505,8416044.55
2026-03-11,0.507,0.506,0.508,0.504,7984401.49
2026-03-12,0.505,0.506,0.509,0.503,13553459.11
2026-03-13,0.505,0.512,0.514,0.504,17529027.64
2026-03-16,0.511,0.519,0.523,0.51,17398664.6
2026-03-17,0.517,0.518,0.525,0.515,14300677.57
2026-03-18,0.518,0.513,0.52,0.51,10907852.73
2026-03-19,0.51,0.504,0.511,0.504,12175669.33
2026-03-20,0.505,0.5,0.507,0.499,11513647.0
2026-03-23,0.49600000000000005,0.484,0.49600000000000005,0.482,17644461.51
2026-03-24,0.48699999999999993,0.49,0.49,0.482,11081435.91
2026-03-25,0.48900000000000005,0.492,0.493,0.48699999999999993,9746785.0
2026-03-26,0.491,0.486,0.49499999999999994,0.485,9881569.14
2026-03-27,0.483,0.492,0.49499999999999994,0.483,11971698.73
2026-03-30,0.48699999999999993,0.493,0.49700000000000005,0.48699999999999993,11430394.03
2026-03-31,0.503,0.493,0.507,0.492,15262050.82
2026-04-01,0.494,0.498,0.502,0.492,11041824.0
2026-04-02,0.49600000000000005,0.499,0.503,0.49499999999999994,10444695.66
2026-04-03,0.5,0.494,0.502,0.492,7938871.45
2026-04-07,0.493,0.491,0.49700000000000005,0.48800000000000004,7744962.0
2026-04-08,0.49499999999999994,0.498,0.499,0.493,16845299.13
2026-04-09,0.49600000000000005,0.49,0.49700000000000005,0.48900000000000005,10597556.87
2026-04-10,0.491,0.491,0.493,0.48900000000000005,11081081.88
2026-04-13,0.48900000000000005,0.48900000000000005,0.49,0.485,10072567.69
2026-04-14,0.48900000000000005,0.491,0.492,0.485,12931793.58
2026-04-15,0.491,0.492,0.49600000000000005,0.48800000000000004,12866792.21
2026-04-16,0.491,0.493,0.49600000000000005,0.491,10099741.31
2026-04-17,0.48699999999999993,0.485,0.48699999999999993,0.483,17397714.84
2026-04-20,0.484,0.484,0.48699999999999993,0.481,10351144.95
2026-04-21,0.484,0.483,0.48800000000000004,0.482,8088601.0
2026-04-22,0.482,0.482,0.483,0.4789999999999999,9810368.86
2026-04-23,0.483,0.49,0.49499999999999994,0.483,24774415.83
2026-04-24,0.48800000000000004,0.491,0.49499999999999994,0.484,15190025.41
2026-04-27,0.48699999999999993,0.482,0.48800000000000004,0.482,14486912.5
2026-04-28,0.481,0.482,0.484,0.48000000000000004,9288545.12
2026-04-29,0.481,0.48699999999999993,0.49,0.481,13638615.93
2026-04-30,0.485,0.484,0.491,0.484,10623786.72
2026-05-06,0.477,0.477,0.478,0.473,22514709.53
2026-05-07,0.477,0.478,0.483,0.477,15225564.31
2026-05-08,0.478,0.476,0.4789999999999999,0.475,13195925.41
2026-05-11,0.475,0.475,0.4789999999999999,0.47200000000000003,16838272.35
2026-05-12,0.476,0.469,0.476,0.468,18034165.45
2026-05-13,0.469,0.462,0.47,0.461,17067635.93
2026-05-14,0.462,0.46599999999999997,0.477,0.4590000000000001,29439542.83
2026-05-15,0.464,0.455,0.464,0.453,19476773.04
2026-05-18,0.456,0.45100000000000007,0.45699999999999996,0.45000000000000007,13506515.13
2026-05-19,0.452,0.452,0.4590000000000001,0.45100000000000007,11012837.66
2026-05-20,0.452,0.455,0.46,0.45100000000000007,13646584.67
2026-05-21,0.454,0.454,0.461,0.452,14409658.78
2026-05-22,0.454,0.444,0.454,0.444,14371055.12
2026-05-25,0.443,0.448,0.453,0.439,17699435.96
2026-05-26,0.445,0.444,0.452,0.44099999999999995,15337029.68
2026-05-27,0.44200000000000006,0.453,0.461,0.436,37520092.39
2026-05-28,0.448,0.443,0.45100000000000007,0.44099999999999995,18879905.58
2026-05-29,0.44099999999999995,0.45699999999999996,0.463,0.44,39834991.86
2026-06-01,0.454,0.456,0.4580000000000001,0.45000000000000007,16901105.65
2026-06-02,0.454,0.448,0.4590000000000001,0.448,16935316.65
2026-06-03,0.447,0.444,0.447,0.437,21666552.0
2026-06-04,0.44099999999999995,0.43299999999999994,0.445,0.432,15824209.0
2026-06-05,0.435,0.43299999999999994,0.44200000000000006,0.432,15649088.64
2026-06-08,0.432,0.42499999999999993,0.437,0.42399999999999993,15351295.86
2026-06-09,0.42499999999999993,0.421,0.42499999999999993,0.41800000000000004,13497649.12
2026-06-10,0.42,0.42600000000000005,0.429,0.419,17486704.73
2026-06-11,0.42399999999999993,0.42399999999999993,0.427,0.419,10265847.87
2026-06-12,0.423,0.428,0.432,0.421,15642428.0
2026-06-15,0.428,0.42600000000000005,0.43,0.423,11274296.93
2026-06-16,0.42499999999999993,0.419,0.42499999999999993,0.4169999999999999,13005837.25
2026-06-17,0.419,0.413,0.42,0.41000000000000003,15013474.21
2026-06-18,0.412,0.4040000000000001,0.413,0.401,22633239.71
2026-06-22,0.401,0.407,0.412,0.398,22577145.86
2026-06-23,0.4040000000000001,0.399,0.412,0.398,17451720.97
2026-06-24,0.399,0.39,0.40299999999999997,0.389,18979674.0
2026-06-25,0.38699999999999996,0.3960000000000001,0.402,0.38599999999999995,23394985.36
2026-06-26,0.3960000000000001,0.38800000000000007,0.401,0.38699999999999996,15896225.64
2026-06-29,0.38599999999999995,0.3960000000000001,0.4,0.37799999999999995,22600397.32
2026-06-30,0.391,0.393,0.397,0.38599999999999995,18032567.76
2026-07-01,0.39,0.398,0.401,0.38800000000000007,19639406.78
2026-07-02,0.397,0.3960000000000001,0.40299999999999997,0.393,15718520.62
2026-07-03,0.3960000000000001,0.3960000000000001,0.402,0.393,15388640.92
2026-07-06,0.394,0.401,0.4040000000000001,0.392,18836894.86
2026-07-07,0.4,0.39,0.401,0.39,15794991.46
2026-07-08,0.39,0.39,0.393,0.38599999999999995,13641382.56
2026-07-09,0.38800000000000007,0.383,0.39,0.382,14055253.04
2026-07-10,0.384,0.397,0.398,0.38000000000000006,24276890.31
2026-07-13,0.394,0.393,0.3960000000000001,0.39,13689464.28
2026-07-14,0.393,0.3960000000000001,0.398,0.392,11618899.81
2026-07-15,0.393,0.4159999999999999,0.41800000000000004,0.391,36418137.55
2026-07-16,0.414,0.42,0.423,0.412,26017233.1
2026-07-17,0.42,0.413,0.42499999999999993,0.411,23432291.55
