date,open,close,high,low,volume
2019-08-01,0.5023947315905009,0.49640790261424866,0.5028936340051886,0.4949111953701856,1078994.07
2019-08-02,0.4914188784673718,0.4904210736379964,0.49291558571143484,0.4844342446617442,196879.83
2019-08-05,0.489423268808621,0.48892436639393333,0.4989024146876871,0.487926561564558,188141.55
2019-08-06,0.48193973258830575,0.48044302534424266,0.4839353422470565,0.4709638794651766,154441.23
2019-08-07,0.4829375374176811,0.4744561963679904,0.4829375374176811,0.4739572939533027,128252.0
2019-08-08,0.47595290361205345,0.47944522051486727,0.4824386350029934,0.4744561963679904,83906.0
2019-08-09,0.47944522051486727,0.46747156256236283,0.48044302534424266,0.46747156256236283,118188.37
2019-08-12,0.46747156256236283,0.4744561963679904,0.47595290361205345,0.4654759529036121,128312.0
2019-08-13,0.4739572939533027,0.471961684294552,0.47645180602674114,0.46647375773298744,159767.0
2019-08-14,0.471961684294552,0.4744561963679904,0.4789463181001796,0.471961684294552,112782.0
2019-08-15,0.4649770504889244,0.47695070844142884,0.47794851327080423,0.4649770504889244,111066.0
2019-08-16,0.473458391538615,0.48044302534424266,0.4839353422470565,0.473458391538615,162127.25
2019-08-19,0.48094192775893035,0.4949111953701856,0.49690680502893636,0.48094192775893035,235031.93
2019-08-20,0.49590900019956097,0.49640790261424866,0.5013969267611255,0.4949111953701856,385952.72
2019-08-21,0.49640790261424866,0.4989024146876871,0.5013969267611255,0.49391339054081024,308119.0
2019-08-22,0.5028936340051886,0.5028936340051886,0.505388146078627,0.4989024146876871,481163.98
2019-08-23,0.5023947315905009,0.4999002195170625,0.5063859509080023,0.4984035122729994,159872.08
2019-08-26,0.4999002195170625,0.5008980243464378,0.5023947315905009,0.49441229295549793,216589.77
2019-08-27,0.5018958291758132,0.511873877469567,0.51337058471363,0.5018958291758132,888305.84
2019-08-28,0.511873877469567,0.5098782678108162,0.5188585112751946,0.5088804629814409,374238.84
2019-08-29,0.5113749750548793,0.5168629016164439,0.5193574136898822,0.5103771702255039,367350.34
2019-08-30,0.5188585112751946,0.5233486330073838,0.5283376571542606,0.5173618040311315,489290.0
2019-09-02,0.5268409499101976,0.5537816803033327,0.5592696068648972,0.5268409499101976,819996.55
2019-09-03,0.5537816803033327,0.5607663141089604,0.5642586310117741,0.5467970464977051,455379.31
2019-09-04,0.5557772899620835,0.5552783875473958,0.5582718020355218,0.5467970464977051,413551.09
2019-09-05,0.5552783875473958,0.5562761923767711,0.5647575334264617,0.5522849730592696,475937.33
2019-09-06,0.5587707044502096,0.5567750947914588,0.5607663141089604,0.5537816803033327,258207.2
2019-09-09,0.5632608261823987,0.5662542406705249,0.5667531430852125,0.5552783875473958,355579.33
2019-09-10,0.5662542406705249,0.5577728996208342,0.5737377768908402,0.5547794851327081,299399.4
2019-09-11,0.559768509279585,0.5522849730592696,0.559768509279585,0.5512871682298942,243702.2
2019-09-12,0.5522849730592696,0.5527838754739574,0.5537816803033327,0.5492915585711435,188248.0
2019-09-16,0.5537816803033327,0.5542805827180204,0.5577728996208342,0.5527838754739574,225884.0
2019-09-17,0.5537816803033327,0.535821193374576,0.5542805827180204,0.5343244861305129,217056.0
2019-09-18,0.535821193374576,0.5343244861305129,0.5398124126920775,0.5333266813011375,178639.64
2019-09-19,0.5338255837158252,0.5433047295948913,0.5438036320095789,0.5338255837158252,166896.74
2019-09-20,0.5433047295948913,0.5398124126920775,0.5457992416683297,0.5363200957892637,153295.0
2019-09-23,0.5398124126920775,0.5398124126920775,0.5428058271802036,0.5343244861305129,133510.0
2019-09-24,0.5398124126920775,0.5438036320095789,0.5477948513270805,0.5378168030333267,157712.33
2019-09-25,0.5438036320095789,0.5348233885452006,0.5438036320095789,0.5338255837158252,141354.0
2019-09-26,0.5388146078627021,0.5098782678108162,0.5388146078627021,0.5093793653961285,200623.0
2019-09-27,0.5098782678108162,0.5193574136898822,0.5218519257633207,0.5098782678108162,147758.0
2019-09-30,0.5233486330073838,0.5148672919576931,0.5233486330073838,0.5138694871283177,112981.0
2019-10-08,0.5148672919576931,0.5043903412492516,0.5193574136898822,0.503891438834564,147615.0
2019-10-09,0.503891438834564,0.5088804629814409,0.5088804629814409,0.4989024146876871,725506.0
2019-10-10,0.5088804629814409,0.5148672919576931,0.5148672919576931,0.5088804629814409,150419.0
2019-10-11,0.5143683895430053,0.5108760726401916,0.5143683895430053,0.5078826581520655,159772.82
2019-10-14,0.511873877469567,0.5203552185192576,0.5218519257633207,0.511873877469567,208085.0
2019-10-15,0.5203552185192576,0.511873877469567,0.5203552185192576,0.5083815605667531,122416.0
2019-10-16,0.511873877469567,0.5078826581520655,0.5123727798842546,0.5073837557373777,73911.0
2019-10-17,0.5078826581520655,0.5063859509080023,0.5098782678108162,0.5058870484933147,144023.0
2019-10-18,0.5078826581520655,0.4984035122729994,0.5083815605667531,0.49690680502893636,92830.0
2019-10-21,0.4984035122729994,0.49590900019956097,0.4984035122729994,0.4874276591498703,92198.0
2019-10-22,0.49640790261424866,0.5023947315905009,0.5033925364198762,0.49640790261424866,411788.0
2019-10-23,0.5033925364198762,0.5013969267611255,0.5048892436639394,0.5003991219317501,150777.0
2019-10-24,0.5003991219317501,0.5003991219317501,0.5018958291758132,0.4949111953701856,428397.91
2019-10-25,0.5003991219317501,0.5063859509080023,0.5073837557373777,0.4979046098583117,112545.0
2019-10-28,0.5088804629814409,0.5208541209339453,0.5208541209339453,0.5088804629814409,119376.0
2019-10-29,0.521353023348633,0.5108760726401916,0.521353023348633,0.5103771702255039,137272.01
2019-10-30,0.5108760726401916,0.5068848533226901,0.5108760726401916,0.5028936340051886,165659.0
2019-10-31,0.5078826581520655,0.5023947315905009,0.5088804629814409,0.5018958291758132,132107.0
2019-11-01,0.5023947315905009,0.5078826581520655,0.5093793653961285,0.5023947315905009,60247.0
2019-11-04,0.5098782678108162,0.5063859509080023,0.5108760726401916,0.5043903412492516,102988.0
2019-11-05,0.5078826581520655,0.5073837557373777,0.5103771702255039,0.503891438834564,137977.0
2019-11-06,0.5113749750548793,0.51337058471363,0.521353023348633,0.5113749750548793,886643.0
2019-11-07,0.51337058471363,0.5108760726401916,0.51337058471363,0.5078826581520655,348978.0
2019-11-08,0.5123727798842546,0.5083815605667531,0.5138694871283177,0.5063859509080023,172659.0
2019-11-11,0.503891438834564,0.49541009778487327,0.5083815605667531,0.49291558571143484,155282.0
2019-11-12,0.49541009778487327,0.4904210736379964,0.49541009778487327,0.4844342446617442,129959.0
2019-11-13,0.4904210736379964,0.4909199760526841,0.49191778088205945,0.48892436639393333,90838.0
2019-11-14,0.4909199760526841,0.49441229295549793,0.49541009778487327,0.4899221712233087,110526.0
2019-11-15,0.49441229295549793,0.4904210736379964,0.49590900019956097,0.4899221712233087,124462.0
2019-11-18,0.4904210736379964,0.49441229295549793,0.49590900019956097,0.487926561564558,290987.0
2019-11-19,0.49441229295549793,0.5023947315905009,0.5033925364198762,0.49391339054081024,88854.0
2019-11-20,0.5028936340051886,0.49940131710237473,0.5028936340051886,0.49740570744362406,66496.0
2019-11-21,0.4989024146876871,0.5028936340051886,0.503891438834564,0.49541009778487327,94227.0
2019-11-22,0.5028936340051886,0.4984035122729994,0.505388146078627,0.49590900019956097,73934.0
2019-11-25,0.4984035122729994,0.49241668329674715,0.4984035122729994,0.4899221712233087,85178.0
2019-11-26,0.49391339054081024,0.49441229295549793,0.49690680502893636,0.4914188784673718,80675.0
2019-11-27,0.49441229295549793,0.4949111953701856,0.4979046098583117,0.49191778088205945,99219.0
2019-11-28,0.4949111953701856,0.49391339054081024,0.49640790261424866,0.49241668329674715,97681.0
2019-11-29,0.49391339054081024,0.49590900019956097,0.49640790261424866,0.4904210736379964,35276.0
2019-12-02,0.49590900019956097,0.4979046098583117,0.4999002195170625,0.49541009778487327,98857.0
2019-12-03,0.49640790261424866,0.5028936340051886,0.5033925364198762,0.49640790261424866,118152.0
2019-12-04,0.5028936340051886,0.5098782678108162,0.5098782678108162,0.4984035122729994,184283.0
2019-12-05,0.5093793653961285,0.51337058471363,0.5153661943723807,0.5093793653961285,208506.0
2019-12-06,0.51337058471363,0.5148672919576931,0.5148672919576931,0.5098782678108162,82354.0
2019-12-09,0.5148672919576931,0.5153661943723807,0.5168629016164439,0.5123727798842546,103088.0
2019-12-10,0.5138694871283177,0.5153661943723807,0.5158650967870685,0.5108760726401916,145925.0
2019-12-11,0.5153661943723807,0.5138694871283177,0.5173618040311315,0.51337058471363,136631.0
2019-12-12,0.5138694871283177,0.5138694871283177,0.5183596088605068,0.51337058471363,153356.0
2019-12-13,0.5173618040311315,0.5158650967870685,0.5188585112751946,0.5128716822989423,108762.0
2019-12-16,0.5158650967870685,0.529335461983636,0.5298343643983238,0.5158650967870685,203028.0
2019-12-17,0.5288365595689484,0.5318299740570744,0.5338255837158252,0.5283376571542606,132017.5
2019-12-18,0.5333266813011375,0.5303332668130114,0.535821193374576,0.5303332668130114,143436.0
2019-12-19,0.5298343643983238,0.5298343643983238,0.5343244861305129,0.5288365595689484,113447.0
2019-12-20,0.5298343643983238,0.521353023348633,0.5298343643983238,0.5208541209339453,95628.0
2019-12-23,0.521353023348633,0.5103771702255039,0.5218519257633207,0.5098782678108162,136465.0
2019-12-24,0.5128716822989423,0.5183596088605068,0.5188585112751946,0.5128716822989423,74182.0
2019-12-25,0.5183596088605068,0.5208541209339453,0.521353023348633,0.5163639992017561,86502.0
2019-12-26,0.5208541209339453,0.5233486330073838,0.5238475354220715,0.51985631610457,115764.0
2019-12-27,0.5233486330073838,0.5228497305926961,0.5298343643983238,0.521353023348633,114664.0
2019-12-30,0.5228497305926961,0.5268409499101976,0.5273398523248852,0.5153661943723807,86348.0
2019-12-31,0.5268409499101976,0.527838754739573,0.5303332668130114,0.5238475354220715,67591.0
2020-01-02,0.5283376571542606,0.535821193374576,0.5373179006186389,0.527838754739573,102629.0
2020-01-03,0.535821193374576,0.5443025344242666,0.5462981440830174,0.5348233885452006,251784.0
2020-01-06,0.5482937537417681,0.551786070644582,0.5557772899620835,0.5477948513270805,174370.0
2020-01-07,0.551786070644582,0.5557772899620835,0.5557772899620835,0.545300339253642,144805.0
2020-01-08,0.5567750947914588,0.5557772899620835,0.5632608261823987,0.5502893634005188,132214.0
2020-01-09,0.5487926561564559,0.5527838754739574,0.5527838754739574,0.5457992416683297,239421.0
2020-01-10,0.5527838754739574,0.5487926561564559,0.5547794851327081,0.5472959489123927,127796.0
2020-01-13,0.5487926561564559,0.5587707044502096,0.5587707044502096,0.5467970464977051,136205.62
2020-01-14,0.5587707044502096,0.551786070644582,0.5587707044502096,0.5512871682298942,49014.62
2020-01-15,0.551786070644582,0.5482937537417681,0.551786070644582,0.545300339253642,73375.0
2020-01-16,0.5487926561564559,0.5547794851327081,0.561265216523648,0.5487926561564559,158100.0
2020-01-17,0.5542805827180204,0.551786070644582,0.5567750947914588,0.5512871682298942,46751.0
2020-01-20,0.5522849730592696,0.5647575334264617,0.5652564358411495,0.5522849730592696,79676.0
2020-01-21,0.561265216523648,0.5607663141089604,0.5672520454999003,0.5602674116942726,58685.4
2020-01-22,0.559768509279585,0.5617641189383357,0.5647575334264617,0.5487926561564559,57369.0
2020-01-23,0.561265216523648,0.5482937537417681,0.570744362402714,0.5428058271802036,65074.0
2020-02-03,0.5163639992017561,0.49341448812612254,0.5163639992017561,0.49341448812612254,65429.0
2020-02-04,0.49341448812612254,0.5083815605667531,0.5108760726401916,0.4914188784673718,48503.0
2020-02-05,0.5083815605667531,0.5233486330073838,0.529335461983636,0.5083815605667531,53107.0
2020-02-06,0.5233486330073838,0.5438036320095789,0.5443025344242666,0.5233486330073838,80869.0
2020-02-07,0.5438036320095789,0.5582718020355218,0.5592696068648972,0.5438036320095789,58506.0
2020-02-10,0.5587707044502096,0.5572739972061465,0.5642586310117741,0.5497904609858312,48824.0
2020-02-11,0.5567750947914588,0.5507882658152066,0.5567750947914588,0.5482937537417681,49391.0
2020-02-12,0.553282777888645,0.5602674116942726,0.5607663141089604,0.5487926561564559,36995.0
2020-02-13,0.5602674116942726,0.5542805827180204,0.5607663141089604,0.5512871682298942,68684.0
2020-02-14,0.5542805827180204,0.5582718020355218,0.5632608261823987,0.5542805827180204,98463.89
2020-02-17,0.5547794851327081,0.5966872879664737,0.6141488724805428,0.5547794851327081,180235.0
2020-02-18,0.6056675314308522,0.6121532628217922,0.6136499700658551,0.6046697266014768,156513.8
2020-02-19,0.6046697266014768,0.6056675314308522,0.618638994212732,0.601177409698663,129538.8
2020-02-20,0.6031730193574137,0.6081620435042906,0.6086609459189782,0.5966872879664737,182144.0
2020-02-21,0.6111554579924168,0.6286170425064858,0.6316104569946118,0.6086609459189782,164439.47
2020-02-24,0.626621432847735,0.6365994811414888,0.6385950908002395,0.6206346038714827,72565.0
2020-02-25,0.6236280183596089,0.6385950908002395,0.6405907004589902,0.602674116942726,71699.0
2020-02-26,0.6261225304330472,0.6221313111155459,0.6450808221911793,0.602674116942726,89383.0
2020-02-27,0.6211335062861705,0.6216324087008581,0.6336060666533626,0.6111554579924168,75325.0
2020-02-28,0.6071642386749152,0.5837158251845939,0.6081620435042906,0.5827180203552185,58136.0
2020-03-02,0.5842147275992816,0.6111554579924168,0.6141488724805428,0.5842147275992816,37419.0
2020-03-03,0.6326082618239872,0.6211335062861705,0.6385950908002395,0.6166433845539813,64258.0
2020-03-04,0.6211335062861705,0.6221313111155459,0.6331071642386749,0.6101576531630414,158345.0
2020-03-05,0.6375972859708641,0.6246258231889843,0.6375972859708641,0.6196367990421073,67201.47
2020-03-06,0.6206346038714827,0.617142286968669,0.6226302135302335,0.6001796048692876,24567.0
2020-03-09,0.617142286968669,0.5832169227699062,0.617142286968669,0.5832169227699062,51106.0
2020-03-10,0.5762322889642786,0.610656555577729,0.610656555577729,0.5737377768908402,34971.0
2020-03-11,0.6111554579924168,0.6096587507483536,0.6316104569946118,0.6096587507483536,76063.0
2020-03-12,0.5892037517461585,0.5966872879664737,0.6076631410896028,0.5892037517461585,89734.0
2020-03-13,0.5572739972061465,0.5971861903811615,0.6046697266014768,0.5572739972061465,48967.0
2020-03-16,0.5986828976252245,0.5657553382558371,0.6031730193574137,0.5617641189383357,88733.0
2020-03-17,0.562761923767711,0.5702454599880263,0.577230093793654,0.551786070644582,110581.0
2020-03-18,0.5732388744761525,0.5542805827180204,0.5812213131111554,0.5542805827180204,84259.0
2020-03-19,0.5487926561564559,0.5647575334264617,0.5682498503292757,0.5487926561564559,69832.0
2020-03-20,0.5662542406705249,0.5677509479145879,0.5717421672320894,0.5602674116942726,68758.0
2020-03-23,0.5652564358411495,0.5393135102773897,0.5652564358411495,0.5373179006186389,63357.0
2020-03-24,0.5487926561564559,0.5502893634005188,0.5822191179405308,0.5363200957892637,26546.0
2020-03-25,0.5592696068648972,0.5567750947914588,0.5662542406705249,0.551786070644582,39695.0
2020-03-26,0.5567750947914588,0.5482937537417681,0.5582718020355218,0.5482937537417681,27595.0
2020-03-27,0.551786070644582,0.5487926561564559,0.5582718020355218,0.5477948513270805,21775.0
2020-03-30,0.5383157054480143,0.5368189982039514,0.5443025344242666,0.5258431450808222,33231.0
2020-03-31,0.5373179006186389,0.5333266813011375,0.5443025344242666,0.5318299740570744,28019.0
2020-04-01,0.5318299740570744,0.5298343643983238,0.5393135102773897,0.5288365595689484,35845.0
2020-04-02,0.5243464378367592,0.5467970464977051,0.5467970464977051,0.5243464378367592,22527.0
2020-04-03,0.5467970464977051,0.5403113151067651,0.5467970464977051,0.5368189982039514,14276.0
2020-04-07,0.5418080223508283,0.5642586310117741,0.5657553382558371,0.5418080223508283,67545.0
2020-04-08,0.5637597285970863,0.5712432648174017,0.5732388744761525,0.5582718020355218,76394.0
2020-04-09,0.5732388744761525,0.5717421672320894,0.5807224106964678,0.5702454599880263,51462.0
2020-04-10,0.5727399720614648,0.5642586310117741,0.5727399720614648,0.5617641189383357,57668.0
2020-04-13,0.5617641189383357,0.562761923767711,0.562761923767711,0.553282777888645,45619.0
2020-04-14,0.5637597285970863,0.5702454599880263,0.5702454599880263,0.5637597285970863,40543.0
2020-04-15,0.5697465575733386,0.562761923767711,0.5712432648174017,0.5622630213530233,57589.0
2020-04-16,0.5622630213530233,0.5687487527439632,0.5717421672320894,0.5567750947914588,45149.0
2020-04-17,0.569247655158651,0.569247655158651,0.5777289962083416,0.5677509479145879,56767.0
2020-04-20,0.569247655158651,0.5782278986230294,0.578726801037717,0.5667531430852125,60140.0
2020-04-21,0.5782278986230294,0.5782278986230294,0.5812213131111554,0.5712432648174017,81926.0
2020-04-22,0.5782278986230294,0.5782278986230294,0.5782278986230294,0.570744362402714,61943.0
2020-04-23,0.5782278986230294,0.5807224106964678,0.5882059469167831,0.5742366793055279,141942.0
2020-04-24,0.5807224106964678,0.5682498503292757,0.5807224106964678,0.5632608261823987,57558.0
2020-04-27,0.5682498503292757,0.559768509279585,0.5682498503292757,0.559768509279585,33357.0
2020-04-28,0.5607663141089604,0.5582718020355218,0.5632608261823987,0.5398124126920775,56248.0
2020-04-29,0.5582718020355218,0.5662542406705249,0.5677509479145879,0.5582718020355218,79169.0
2020-04-30,0.5652564358411495,0.5827180203552185,0.5832169227699062,0.5652564358411495,55053.0
2020-05-06,0.5832169227699062,0.5951905807224107,0.5961883855517861,0.5767311913789662,73341.0
2020-05-07,0.5956894831370984,0.594691678307723,0.5991818000399123,0.5926960686489723,61148.0
2020-05-08,0.5981839952105369,0.601177409698663,0.6061664338455398,0.5971861903811615,75199.0
2020-05-11,0.6001796048692876,0.6041708241867891,0.610656555577729,0.6001796048692876,87852.0
2020-05-12,0.6041708241867891,0.6071642386749152,0.6071642386749152,0.5976850927958491,57189.0
2020-05-13,0.6071642386749152,0.6066653362602275,0.6096587507483536,0.6016763121133506,32170.0
2020-05-14,0.6066653362602275,0.6036719217721014,0.6116543604071044,0.5991818000399123,62521.0
2020-05-15,0.6036719217721014,0.6076631410896028,0.610656555577729,0.6021752145280383,57535.14
2020-05-18,0.6086609459189782,0.6236280183596089,0.6311115545799242,0.6086609459189782,132437.0
2020-05-19,0.6151466773099182,0.6261225304330472,0.6261225304330472,0.6151466773099182,67802.0
2020-05-20,0.6191378966274197,0.6086609459189782,0.6241269207742965,0.6056675314308522,86465.0
2020-05-21,0.6086609459189782,0.5981839952105369,0.609159848333666,0.5966872879664737,79465.0
2020-05-22,0.5971861903811615,0.5907004589902215,0.6031730193574137,0.5847136300139693,63455.0
2020-05-25,0.5897026541608461,0.5832169227699062,0.5911993614049093,0.5802235082817802,48796.0
2020-05-26,0.5902015565755339,0.59319497106366,0.5936938734783476,0.5847136300139693,72585.0
2020-05-27,0.59319497106366,0.5857114348433446,0.5936938734783476,0.5837158251845939,44350.0
2020-05-28,0.5857114348433446,0.5892037517461585,0.5892037517461585,0.5782278986230294,71098.0
2020-05-29,0.5892037517461585,0.5892037517461585,0.5897026541608461,0.5832169227699062,52538.0
2020-06-01,0.5916982638195969,0.602674116942726,0.6036719217721014,0.5916982638195969,63473.0
2020-06-02,0.6036719217721014,0.6036719217721014,0.6096587507483536,0.594691678307723,65397.0
2020-06-03,0.6036719217721014,0.5986828976252245,0.6041708241867891,0.5986828976252245,40744.0
2020-06-04,0.5986828976252245,0.5936938734783476,0.601177409698663,0.5926960686489723,42529.0
2020-06-05,0.5936938734783476,0.5936938734783476,0.5956894831370984,0.5897026541608461,45478.0
2020-06-08,0.5961883855517861,0.59319497106366,0.5991818000399123,0.5921971662342846,58183.0
2020-06-09,0.5921971662342846,0.5926960686489723,0.59319497106366,0.5897026541608461,53834.0
2020-06-10,0.5926960686489723,0.5911993614049093,0.5926960686489723,0.5877070445020953,42688.0
2020-06-11,0.5897026541608461,0.5921971662342846,0.5991818000399123,0.5897026541608461,68219.0
2020-06-12,0.5817202155258431,0.5936938734783476,0.5951905807224107,0.5802235082817802,48083.0
2020-06-15,0.59319497106366,0.585212532428657,0.59319497106366,0.585212532428657,50115.0
2020-06-16,0.5832169227699062,0.5897026541608461,0.5907004589902215,0.5832169227699062,54183.0
2020-06-17,0.6036719217721014,0.5996807024545999,0.6056675314308522,0.5951905807224107,124806.0
2020-06-18,0.594691678307723,0.5921971662342846,0.594691678307723,0.5877070445020953,76067.0
2020-06-19,0.5921971662342846,0.5966872879664737,0.5976850927958491,0.5911993614049093,73026.0
2020-06-22,0.5961883855517861,0.6031730193574137,0.6036719217721014,0.5961883855517861,69633.0
2020-06-23,0.6031730193574137,0.6036719217721014,0.6066653362602275,0.6001796048692876,72059.0
2020-06-24,0.6036719217721014,0.601177409698663,0.6036719217721014,0.5996807024545999,58262.0
2020-06-29,0.5996807024545999,0.6031730193574137,0.6101576531630414,0.5996807024545999,93541.0
2020-06-30,0.6036719217721014,0.6156455797246059,0.6156455797246059,0.6036719217721014,82674.0
2020-07-01,0.6161444821392936,0.6166433845539813,0.6176411893833567,0.6081620435042906,110334.0
2020-07-02,0.6146477748952305,0.6221313111155459,0.6241269207742965,0.6111554579924168,97716.0
2020-07-03,0.6221313111155459,0.6261225304330472,0.6276192376771104,0.6211335062861705,84930.0
2020-07-06,0.6251247256036718,0.6775094791458791,0.6884853322690081,0.6251247256036718,161788.0
2020-07-07,0.6859908201955698,0.6795050888046299,0.7433645978846538,0.6575533825583716,293517.0
2020-07-08,0.6750149670724407,0.7473558172021553,0.7473558172021553,0.6575533825583716,269675.0
2020-07-09,0.7583316703252844,0.7618239872280982,0.7817800838156057,0.7468569147874676,537212.0
2020-07-10,0.7558371582518459,0.73987228098184,0.7613250848134105,0.7368788664937139,285319.0
2020-07-13,0.7393733785671522,0.7533426461784075,0.7538415485930952,0.7338854520055877,215117.0
2020-07-14,0.7528437437637198,0.7643184993015366,0.7857713031331072,0.7448613051287168,256937.0
2020-07-15,0.7628217920574736,0.7273997206146477,0.7633206944721612,0.6879864298543205,179597.0
2020-07-16,0.7259030133705847,0.701456795050888,0.741368988225903,0.6974655757333865,167037.0
2020-07-17,0.707942526441828,0.7298942326880863,0.7393733785671522,0.6989622829774497,160220.0
2020-07-20,0.7553382558371583,0.8027339852324885,0.8027339852324885,0.7393733785671522,349252.0
2020-07-21,0.8007383755737378,0.7623228896427859,0.8007383755737378,0.7518459389343444,462114.0
2020-07-22,0.7608261823987228,0.7742965475952904,0.7887647176212332,0.750848134104969,259919.0
2020-07-23,0.7947515465974855,0.8007383755737378,0.8072241069646777,0.7708042306924765,374467.0
2020-07-24,0.8032328876471763,0.7737976451806027,0.8201955697465575,0.7713031331071643,355940.0
2020-07-27,0.7723009379365396,0.7757932548393534,0.7947515465974855,0.7538415485930952,221039.0
2020-07-28,0.7757932548393534,0.7842745958890441,0.7962482538415486,0.7623228896427859,178259.0
2020-07-29,0.7767910596687287,0.8022350828178009,0.8042306924765517,0.7757932548393534,181127.0
2020-07-30,0.805228497305927,0.7982438635002994,0.8271802035521851,0.7932548393534226,226188.0
2020-07-31,0.7977449610856117,0.7927559369387348,0.8017361804031131,0.7802833765715427,180859.0
2020-08-03,0.8107164238674915,0.8626022749950111,0.8710836160447016,0.8007383755737378,366905.0
2020-08-04,0.8606066653362603,0.8341648373578128,0.8611055677509479,0.8266813011374975,340314.0
2020-08-05,0.8416483735781282,0.8626022749950111,0.8745759329475155,0.8286769107962483,356272.0
2020-08-06,0.8581121532628218,0.8995210536818998,0.9090001995609659,0.8521253242865695,404196.0
2020-08-07,0.9000199560965876,0.9324486130512872,0.9354420275394133,0.8735781281181401,564203.0
2020-08-10,0.9309519058072242,0.8985232488525244,0.9778487327878667,0.8980243464378368,611941.0
2020-08-11,0.8830572739972061,0.88654959090002,0.9154859309519058,0.8795649570943923,399435.0
2020-08-12,0.8730792257034524,0.8426461784075036,0.8730792257034524,0.8246856914787468,375703.0
2020-08-13,0.8416483735781282,0.8476352025543804,0.8621033725803233,0.8406505687487528,288386.0
2020-08-14,0.8421472759928158,0.8765715426062661,0.8845539812412692,0.8416483735781282,257978.0
2020-08-17,0.8935342247056476,0.9099980043903413,0.9104969068050289,0.8725803232887648,311848.0
2020-08-18,0.904011175414089,0.9134903212931551,0.924965076830972,0.8985232488525244,230923.0
2020-08-19,0.9114947116344043,0.8840550788265815,0.9114947116344043,0.8790660546797047,263711.0
2020-08-20,0.8730792257034524,0.8526242267012573,0.8820594691678308,0.8461384953103173,293858.0
2020-08-21,0.8551187387746957,0.8496308122131312,0.8980243464378368,0.8396527639193774,165261.0
2020-08-24,0.8496308122131312,0.8556176411893834,0.8670923967272002,0.8446417880662543,199430.0
2020-08-25,0.8596088605068849,0.8316703252843745,0.8611055677509479,0.8236878866493714,305551.0
2020-08-26,0.8296747156256237,0.8062263021353024,0.8391538615046896,0.8022350828178009,171053.0
2020-08-27,0.8067252045499901,0.822690081819996,0.8231889842346837,0.8012372779884255,256342.0
2020-08-28,0.8256834963081222,0.8391538615046896,0.8396527639193774,0.8201955697465575,197302.0
2020-08-31,0.837158251845939,0.843643983236879,0.8591099580921971,0.8366593494312513,210071.0
2020-09-01,0.848134104969068,0.8645978846537618,0.8655956894831371,0.8451406904809419,395126.0
2020-09-02,0.8650967870684494,0.8536220315306327,0.8665934943125125,0.846637397725005,175774.0
2020-09-03,0.8536220315306327,0.8446417880662543,0.8536220315306327,0.8326681301137497,185299.0
2020-09-04,0.8216922769906206,0.838654959090002,0.8406505687487528,0.8216922769906206,189352.0
2020-09-07,0.8311714228696867,0.8142087407703053,0.8446417880662543,0.8097186190381161,137295.0
2020-09-08,0.8181999600878068,0.8097186190381161,0.8221911794053083,0.7967471562562363,175088.0
2020-09-09,0.7997405707443624,0.8012372779884255,0.814707643184993,0.7832767910596687,208150.0
2020-09-10,0.8102175214528039,0.7817800838156057,0.8122131311115546,0.7797844741568549,159190.0
2020-09-11,0.7737976451806027,0.7862702055477949,0.7887647176212332,0.7698064258631011,133149.0
2020-09-14,0.7917581321093594,0.7797844741568549,0.7932548393534226,0.7742965475952904,107360.0
2020-09-15,0.7797844741568549,0.7937537417681102,0.7937537417681102,0.7782877669127919,139217.0
2020-09-16,0.7937537417681102,0.7797844741568549,0.794252644182798,0.7767910596687287,111021.0
2020-09-17,0.7797844741568549,0.794252644182798,0.8002394731590502,0.773298742765915,117650.0
2020-09-18,0.794252644182798,0.81321093594093,0.81321093594093,0.794252644182798,117914.0
2020-09-21,0.8206944721612452,0.8326681301137497,0.8456395928956296,0.8201955697465575,177568.0
2020-09-22,0.8201955697465575,0.8127120335262423,0.8216922769906206,0.8082219117940531,131455.0
2020-09-23,0.8112153262821792,0.8137098383556176,0.816204350429056,0.8062263021353024,130344.0
2020-09-24,0.8032328876471763,0.7887647176212332,0.8087208142087408,0.7882658152065457,147314.0
2020-09-25,0.7927559369387348,0.790760327279984,0.8002394731590502,0.787766912791858,119970.0
2020-09-28,0.790760327279984,0.7817800838156057,0.794252644182798,0.7807822789862303,94738.0
2020-09-29,0.7837756934743564,0.81321093594093,0.8177010576731192,0.7837756934743564,181472.0
2020-09-30,0.81321093594093,0.8112153262821792,0.8142087407703053,0.8017361804031131,147841.0
2020-10-09,0.8177010576731192,0.8216922769906206,0.8276791059668729,0.814707643184993,179292.0
2020-10-12,0.8296747156256237,0.8581121532628218,0.8591099580921971,0.8241867890640591,211888.0
2020-10-13,0.8581121532628218,0.8621033725803233,0.8645978846537618,0.8456395928956296,155317.0
2020-10-14,0.8626022749950111,0.8566154460187588,0.8745759329475155,0.8516264218718819,181640.0
2020-10-15,0.8496308122131312,0.8531231291159449,0.8611055677509479,0.8496308122131312,126306.0
2020-10-16,0.8491319097984434,0.8391538615046896,0.8601077629215725,0.8366593494312513,150353.0
2020-10-19,0.8441428856515666,0.8326681301137497,0.8506286170425066,0.8321692276990621,102195.0
2020-10-20,0.8306725204549991,0.8391538615046896,0.8396527639193774,0.8236878866493714,104099.0
2020-10-21,0.8391538615046896,0.8157054480143684,0.8396527639193774,0.8122131311115546,143110.0
2020-10-22,0.81321093594093,0.8057273997206147,0.81321093594093,0.798742765914987,101017.0
2020-10-23,0.8107164238674915,0.7952504490121732,0.8142087407703053,0.7922570345240472,141576.0
2020-10-26,0.7932548393534226,0.8067252045499901,0.8082219117940531,0.7852724007184195,111578.0
2020-10-27,0.8037317900618639,0.8107164238674915,0.8142087407703053,0.797246058670924,117380.0
2020-10-28,0.8082219117940531,0.8047295948912393,0.8087208142087408,0.7937537417681102,94228.0
2020-10-29,0.798742765914987,0.7967471562562363,0.8007383755737378,0.7882658152065457,125202.0
2020-10-30,0.8042306924765517,0.7862702055477949,0.81969666733187,0.7842745958890441,168338.0
2020-11-02,0.7857713031331072,0.7852724007184195,0.7902614248652964,0.7757932548393534,101774.0
2020-11-03,0.7862702055477949,0.8157054480143684,0.8157054480143684,0.7852724007184195,189015.0
2020-11-04,0.8127120335262423,0.8261823987228097,0.8271802035521851,0.8047295948912393,220876.0
2020-11-05,0.8246856914787468,0.822690081819996,0.8266813011374975,0.8107164238674915,200024.0
2020-11-06,0.8186988625024946,0.8092197166234285,0.8211933745759329,0.8042306924765517,140681.0
2020-11-09,0.8077230093793654,0.8236878866493714,0.8251845938934345,0.8017361804031131,216690.0
2020-11-10,0.8236878866493714,0.8092197166234285,0.8236878866493714,0.8047295948912393,134686.0
2020-11-11,0.8087208142087408,0.790760327279984,0.8152065455996806,0.7887647176212332,137740.0
2020-11-12,0.7897625224506086,0.7857713031331072,0.7997405707443624,0.7832767910596687,95683.0
2020-11-13,0.7857713031331072,0.8097186190381161,0.8127120335262423,0.7807822789862303,257288.0
2020-11-16,0.8117142286968669,0.8102175214528039,0.8137098383556176,0.8032328876471763,112804.0
2020-11-17,0.8097186190381161,0.7912592296946718,0.8097186190381161,0.7862702055477949,135034.0
2020-11-18,0.790760327279984,0.7977449610856117,0.8027339852324885,0.7902614248652964,105896.0
2020-11-19,0.7937537417681102,0.8356615446018759,0.838654959090002,0.7882658152065457,287692.0
2020-11-20,0.8356615446018759,0.8431450808221912,0.8526242267012573,0.8296747156256237,275717.0
2020-11-23,0.843643983236879,0.8441428856515666,0.8526242267012573,0.8306725204549991,213241.0
2020-11-24,0.8416483735781282,0.8491319097984434,0.8606066653362603,0.8366593494312513,151608.0
2020-11-25,0.8501297146278188,0.8261823987228097,0.8506286170425066,0.8251845938934345,120968.0
2020-11-26,0.8261823987228097,0.8421472759928158,0.8456395928956296,0.8211933745759329,185857.0
2020-11-27,0.8421472759928158,0.8536220315306327,0.8695869088006387,0.8316703252843745,261415.0
2020-11-30,0.8536220315306327,0.8626022749950111,0.8710836160447016,0.8486330073837558,225010.0
2020-12-01,0.8611055677509479,0.8825583715825184,0.8875473957293953,0.8611055677509479,308331.0
2020-12-02,0.8825583715825184,0.88654959090002,0.8920375174615846,0.8770704450209539,157262.0
2020-12-03,0.8830572739972061,0.8735781281181401,0.8850528836559569,0.870584713630014,152693.0
2020-12-04,0.8735781281181401,0.8820594691678308,0.8850528836559569,0.864098982239074,162357.0
2020-12-07,0.8880462981440831,0.8905408102175214,0.8980243464378368,0.8820594691678308,207188.0
2020-12-08,0.8900419078028338,0.8840550788265815,0.8935342247056476,0.8815605667531431,157547.0
2020-12-09,0.8835561764118938,0.8645978846537618,0.8885452005587707,0.8631011774096987,169428.0
2020-12-10,0.8611055677509479,0.8665934943125125,0.8755737377768908,0.8561165436040711,136205.0
2020-12-11,0.8655956894831371,0.8456395928956296,0.8675912991418879,0.837158251845939,185201.0
2020-12-14,0.8376571542606267,0.8645978846537618,0.8685891039712633,0.837158251845939,153880.0
2020-12-15,0.8645978846537618,0.872081420874077,0.8820594691678308,0.8596088605068849,119301.0
2020-12-16,0.869088006385951,0.869088006385951,0.8770704450209539,0.8606066653362603,109191.0
2020-12-17,0.8685891039712633,0.8626022749950111,0.8700858112153262,0.8406505687487528,176561.0
2020-12-18,0.8606066653362603,0.8611055677509479,0.8730792257034524,0.854619836360008,142290.0
2020-12-21,0.8581121532628218,0.9075034923169029,0.9075034923169029,0.8581121532628218,344660.0
2020-12-22,0.9075034923169029,0.897525444023149,0.9164837357812812,0.8920375174615846,370654.0
2020-12-23,0.8955298343643983,0.9449211734184794,0.9474156854919178,0.8930353222909599,548336.0
2020-12-24,0.9544003192975454,0.9479145879066054,0.9858311714228697,0.9459189782478546,704064.0
2020-12-25,0.945420075833167,0.9683695869088007,0.9723608062263022,0.9354420275394133,521608.0
2020-12-28,0.974356415885053,0.9688684893234883,0.9878267810816205,0.9563959289562962,770238.0
2020-12-29,0.9688684893234883,0.9568948313709839,0.9838355617641189,0.9479145879066054,1011675.0
2020-12-30,0.9539014168828577,0.9888245859109959,1.0002993414488126,0.950409099980044,773340.0
2020-12-31,0.9833366593494313,1.0382159249650769,1.03971263220914,0.9833366593494313,913432.0
2021-01-04,1.0626621432847734,1.133506286170425,1.1364997006585513,1.0501895829175814,1347605.0
2021-01-05,1.1330073837557373,1.1205348233885453,1.1504689682698064,1.0925962881660347,2118423.21
2021-01-06,1.1075633606066655,1.1330073837557373,1.154460187587308,1.1075633606066655,1355886.0
2021-01-07,1.1205348233885453,1.1649371382957494,1.1699261624426263,1.1135501895829176,1073393.79
2021-01-08,1.1674316503691877,1.129016164438236,1.1699261624426263,1.1095589702654163,1474670.0
2021-01-11,1.1399920175613651,1.0960886050688485,1.1599481141488726,1.0821193374575933,1377227.0
2021-01-12,1.0925962881660347,1.1325084813410498,1.138495310317302,1.0876072640191579,1160011.0
2021-01-13,1.135002993414488,1.1105567750947916,1.1399920175613651,1.095090800239473,1285771.0
2021-01-14,1.0975853123129118,1.0402115346238276,1.10007982438635,1.0322290959888245,1684941.89
2021-01-15,1.0322290959888245,1.0372181201357016,1.0536818998203952,1.003292755936939,1026370.0
2021-01-18,1.0402115346238276,1.060167631211335,1.0706445819197765,1.0402115346238276,898588.0
2021-01-19,1.054180802235083,1.0332269008182,1.0706445819197765,1.023747754939134,963534.0
2021-01-20,1.0357214128916385,1.0596687287966475,1.0636599481141489,1.02674116942726,923418.0
2021-01-21,1.0576731191378967,1.071642386749152,1.079624825384155,1.0496906805028936,704607.05
2021-01-22,1.0721412891638396,1.0791259229694672,1.079624825384155,1.0546797046497705,694144.0
2021-01-25,1.084114947116344,1.0940929954100977,1.11953701855917,1.079624825384155,1239417.3
2021-01-26,1.082618239872281,1.0072839752544402,1.084114947116344,1.0007982438635001,2166641.0
2021-01-27,0.9953103173019359,1.012272999401317,1.0217521452803833,0.9928158052284973,892579.0
2021-01-28,0.9993015366194373,1.0007982438635001,1.0307323887447615,0.9953103173019359,760112.0
2021-01-29,1.0062861704250647,0.9688684893234883,1.012272999401317,0.9479145879066054,910736.0
2021-02-01,0.9688684893234883,0.9638794651766115,0.9813410496906806,0.9588904410297345,448551.0
2021-02-02,0.9643783675912991,0.9843344641788067,0.9848333665934943,0.9484134903212932,625903.0
2021-02-03,0.9793454400319298,0.94691678307723,0.9828377569347436,0.945420075833167,710637.0
2021-02-04,0.9404310516862902,0.9304530033925364,0.9573937337856716,0.9179804430253443,673685.03
2021-02-05,0.9369387347834763,0.9090001995609659,0.9474156854919178,0.9065056874875275,654116.0
2021-02-08,0.9119936140490921,0.9159848333665935,0.9219716623428458,0.8940331271203353,625428.0
2021-02-09,0.9154859309519058,0.9783476352025544,0.9793454400319298,0.9134903212931551,1135439.0
2021-02-10,0.9828377569347436,0.9683695869088007,0.9828377569347436,0.94691678307723,895943.0
2021-02-18,0.9778487327878667,0.9578926362003592,0.9848333665934943,0.9499101975653562,780068.0
2021-02-19,0.9548992217122331,0.9553981241269208,0.9568948313709839,0.9339453202953503,672469.18
2021-02-22,0.9558970265416085,0.9169826381959689,0.9588904410297345,0.9154859309519058,1006024.82
2021-02-23,0.9099980043903413,0.9444222710037917,0.950409099980044,0.896028736779086,919871.0
2021-02-24,0.9494112951506686,0.9444222710037917,0.9628816603472361,0.924965076830972,883015.0
2021-02-25,0.9429255637597286,0.9683695869088007,0.9778487327878667,0.927958491319098,904770.0
2021-02-26,0.9479145879066054,0.9344442227100379,0.9633805627619239,0.927958491319098,734215.0
2021-03-01,0.9444222710037917,0.950409099980044,0.9509080023947316,0.9239672720015966,527703.0
2021-03-02,0.9573937337856716,0.9563959289562962,0.9628816603472361,0.9309519058072242,732719.0
2021-03-03,0.9494112951506686,0.9553981241269208,0.9558970265416085,0.9364398323687887,526188.0
2021-03-04,0.94691678307723,0.9314508082219118,0.9628816603472361,0.9284573937337857,634413.0
2021-03-05,0.9134903212931551,0.9119936140490921,0.926461784075035,0.8955298343643983,562921.0
2021-03-08,0.9114947116344043,0.8281780083815605,0.9149870285372181,0.8276791059668729,1179287.0
2021-03-09,0.8236878866493714,0.7887647176212332,0.8271802035521851,0.7787866693274795,874938.0
2021-03-10,0.798742765914987,0.787766912791858,0.8082219117940531,0.7847734983037318,539291.0
2021-03-11,0.789263620035921,0.8042306924765517,0.8062263021353024,0.7802833765715427,451826.55
2021-03-12,0.8037317900618639,0.7977449610856117,0.8077230093793654,0.7847734983037318,415345.0
2021-03-15,0.794252644182798,0.787766912791858,0.8032328876471763,0.7797844741568549,370856.0
2021-03-16,0.7862702055477949,0.7842745958890441,0.7967471562562363,0.7802833765715427,309005.0
2021-03-17,0.7847734983037318,0.7997405707443624,0.8047295948912393,0.7807822789862303,416724.0
2021-03-18,0.798742765914987,0.8112153262821792,0.8216922769906206,0.7962482538415486,416903.0
2021-03-19,0.8017361804031131,0.8216922769906206,0.8366593494312513,0.7982438635002994,580979.0
2021-03-22,0.816204350429056,0.8241867890640591,0.8291758132109359,0.8082219117940531,340395.0
2021-03-23,0.8246856914787468,0.8206944721612452,0.8311714228696867,0.816204350429056,278551.0
2021-03-24,0.8177010576731192,0.8017361804031131,0.8256834963081222,0.797246058670924,289467.0
2021-03-25,0.798742765914987,0.8067252045499901,0.8137098383556176,0.798742765914987,272923.0
2021-03-26,0.8067252045499901,0.8231889842346837,0.8241867890640591,0.8067252045499901,365997.0
2021-03-29,0.8281780083815605,0.840151666334065,0.8526242267012573,0.8276791059668729,467880.0
2021-03-30,0.8376571542606267,0.8616044701656357,0.8715825184593894,0.8366593494312513,523200.0
2021-03-31,0.8591099580921971,0.8231889842346837,0.8591099580921971,0.8191977649171822,576348.0
2021-04-01,0.8221911794053083,0.8286769107962483,0.8321692276990621,0.8221911794053083,306226.9
2021-04-02,0.8306725204549991,0.8336659349431251,0.8391538615046896,0.8281780083815605,337433.0
2021-04-06,0.8381560566753143,0.8391538615046896,0.8411494711634404,0.8331670325284374,382484.96
2021-04-07,0.840151666334065,0.8296747156256237,0.840151666334065,0.822690081819996,419798.0
2021-04-08,0.8276791059668729,0.8301736180403113,0.8356615446018759,0.8201955697465575,346139.25
2021-04-09,0.8381560566753143,0.837158251845939,0.8491319097984434,0.8321692276990621,471150.6
2021-04-12,0.8336659349431251,0.8007383755737378,0.8336659349431251,0.7967471562562363,492370.0
2021-04-13,0.8007383755737378,0.8002394731590502,0.8067252045499901,0.7937537417681102,258205.0
2021-04-14,0.7977449610856117,0.8127120335262423,0.81321093594093,0.7967471562562363,301000.62
2021-04-15,0.8097186190381161,0.8082219117940531,0.8107164238674915,0.8012372779884255,230274.62
2021-04-16,0.8087208142087408,0.8067252045499901,0.8102175214528039,0.7992416683296748,283928.21
2021-04-19,0.8042306924765517,0.8191977649171822,0.81969666733187,0.798742765914987,467834.85
2021-04-20,0.814707643184993,0.8137098383556176,0.8206944721612452,0.8082219117940531,445680.0
2021-04-21,0.8102175214528039,0.8077230093793654,0.814707643184993,0.8002394731590502,461122.0
2021-04-22,0.8067252045499901,0.8067252045499901,0.81321093594093,0.8042306924765517,362350.0
2021-04-23,0.8067252045499901,0.8067252045499901,0.8102175214528039,0.8007383755737378,373356.83
2021-04-26,0.8087208142087408,0.8097186190381161,0.8231889842346837,0.8072241069646777,664507.0
2021-04-27,0.8072241069646777,0.797246058670924,0.8082219117940531,0.789263620035921,444651.0
2021-04-28,0.794252644182798,0.8057273997206147,0.8062263021353024,0.794252644182798,370922.0
2021-04-29,0.8062263021353024,0.8087208142087408,0.81321093594093,0.8032328876471763,400794.0
2021-04-30,0.8012372779884255,0.7772899620834165,0.8012372779884255,0.7708042306924765,930108.1
2021-05-06,0.7762921572540411,0.7867691079624826,0.7922570345240472,0.7723009379365396,536223.0
2021-05-07,0.7832767910596687,0.773298742765915,0.789263620035921,0.7727998403512273,376438.0
2021-05-10,0.7737976451806027,0.7608261823987228,0.7737976451806027,0.7553382558371583,464032.0
2021-05-11,0.7583316703252844,0.7822789862302933,0.7857713031331072,0.7578327679105966,561117.45
2021-05-12,0.7782877669127919,0.7782877669127919,0.7787866693274795,0.7683097186190382,362871.08
2021-05-13,0.7713031331071643,0.7757932548393534,0.7847734983037318,0.7693075234484136,346790.1
2021-05-14,0.7752943524246658,0.8062263021353024,0.8067252045499901,0.7713031331071643,851978.13
2021-05-17,0.8127120335262423,0.8191977649171822,0.8281780083815605,0.8127120335262423,651971.76
2021-05-18,0.8172021552584314,0.8391538615046896,0.8411494711634404,0.8097186190381161,677956.0
2021-05-19,0.8356615446018759,0.8441428856515666,0.8506286170425066,0.8296747156256237,445769.0
2021-05-20,0.8411494711634404,0.8456395928956296,0.8536220315306327,0.8391538615046896,415909.0
2021-05-21,0.8441428856515666,0.8231889842346837,0.8471363001396927,0.8216922769906206,487828.93
2021-05-24,0.8231889842346837,0.8376571542606267,0.8381560566753143,0.8216922769906206,445358.45
2021-05-25,0.8376571542606267,0.869088006385951,0.8695869088006387,0.8331670325284374,764821.27
2021-05-26,0.8725803232887648,0.8660945918978248,0.8800638595090801,0.8616044701656357,532702.0
2021-05-27,0.8660945918978248,0.8730792257034524,0.8770704450209539,0.8596088605068849,438511.0
2021-05-28,0.8725803232887648,0.8815605667531431,0.8835561764118938,0.8675912991418879,557713.0
2021-05-31,0.8845539812412692,0.9119936140490921,0.9119936140490921,0.8825583715825184,609306.0
2021-06-01,0.9129914188784675,0.904011175414089,0.9169826381959689,0.901017760925963,543871.85
2021-06-02,0.9035122729994013,0.8810616643384555,0.9080023947315905,0.8795649570943923,499978.85
2021-06-03,0.8790660546797047,0.8670923967272002,0.8855517860706446,0.8665934943125125,489788.85
2021-06-04,0.8621033725803233,0.8775693474356415,0.8815605667531431,0.8621033725803233,489156.0
2021-06-07,0.8790660546797047,0.8930353222909599,0.9005188585112752,0.8790660546797047,544420.0
2021-06-08,0.8930353222909599,0.9030133705847136,0.904011175414089,0.8860506884853323,475752.0
2021-06-09,0.9090001995609659,0.9119936140490921,0.9244661744162842,0.9015166633406505,507289.0
2021-06-10,0.9114947116344043,0.9124925164637797,0.9139892237078427,0.9000199560965876,448094.6
2021-06-11,0.9124925164637797,0.8810616643384555,0.9124925164637797,0.8745759329475155,704088.0
2021-06-15,0.8745759329475155,0.8780682498503293,0.8820594691678308,0.8650967870684494,396387.6
2021-06-16,0.8785671522650169,0.8626022749950111,0.8835561764118938,0.8526242267012573,459006.0
2021-06-17,0.8621033725803233,0.8725803232887648,0.8750748353622032,0.8586110556775095,439049.0
2021-06-18,0.8730792257034524,0.897525444023149,0.9035122729994013,0.8700858112153262,673317.0
2021-06-21,0.8980243464378368,0.9379365396128517,0.9379365396128517,0.8955298343643983,874915.0
2021-06-22,0.943923368589104,0.9304530033925364,0.9479145879066054,0.9244661744162842,555290.44
2021-06-23,0.927958491319098,0.9329475154659749,0.9394332468569148,0.9189782478547197,570454.51
2021-06-24,0.9319497106365996,0.9164837357812812,0.9484134903212932,0.9159848333665935,665299.72
2021-06-25,0.9139892237078427,0.9219716623428458,0.9234683695869088,0.9000199560965876,659819.77
2021-06-28,0.9224705647575334,0.9304530033925364,0.9309519058072242,0.918479345440032,593665.0
2021-06-29,0.9284573937337857,0.9094991019756535,0.9349431251247257,0.9080023947315905,834748.0
2021-06-30,0.9060067850728398,0.9259628816603473,0.9274595889044103,0.9045100778287767,661039.0
2021-07-01,0.9339453202953503,0.8855517860706446,0.9379365396128517,0.8835561764118938,882452.22
2021-07-02,0.8810616643384555,0.848134104969068,0.8810616643384555,0.8451406904809419,793791.02
2021-07-05,0.8471363001396927,0.8516264218718819,0.8601077629215725,0.8431450808221912,424251.98
2021-07-06,0.8521253242865695,0.8581121532628218,0.8586110556775095,0.8406505687487528,474377.0
2021-07-07,0.8516264218718819,0.8870484933147077,0.8880462981440831,0.848134104969068,763948.0
2021-07-08,0.8885452005587707,0.9374376371981641,0.9389343444422271,0.8875473957293953,1431911.0
2021-07-09,0.9329475154659749,0.9294551985631611,0.9424266613450409,0.9229694671722212,813264.54
2021-07-12,0.9354420275394133,0.9434244661744163,0.9499101975653562,0.9204749550987826,832333.0
2021-07-13,0.9409299541009778,0.9329475154659749,0.9489123927359808,0.9244661744162842,574057.0
2021-07-14,0.9349431251247257,0.9139892237078427,0.9349431251247257,0.9055078826581521,531416.43
2021-07-15,0.9094991019756535,0.918479345440032,0.9274595889044103,0.8980243464378368,512759.0
2021-07-16,0.9149870285372181,0.9603871482737977,0.9703651965675515,0.9055078826581521,1088106.0
2021-07-19,0.967870684494113,0.9479145879066054,0.9768509279584913,0.9404310516862902,791169.62
2021-07-20,0.9419277589303532,0.9693673917381761,0.9748553182997406,0.9374376371981641,851616.55
2021-07-21,0.9703651965675515,0.9878267810816205,0.9913190979844343,0.9653761724206745,873749.0
2021-07-22,0.985332269008182,0.9868289762522451,0.9873278786669328,0.9683695869088007,669066.0
2021-07-23,0.9863300738375574,1.0127719018160046,1.0277389742566354,0.9713630013969268,1003372.45
2021-07-26,1.015765316304131,1.018758730792257,1.0636599481141489,1.0127719018160046,1513978.63
2021-07-27,1.015765316304131,0.9913190979844343,1.0367192177210136,0.9903212931550589,1243840.73
2021-07-28,0.9778487327878667,0.9409299541009778,0.9778487327878667,0.9204749550987826,1051347.22
2021-07-29,0.9553981241269208,0.9923169028138097,0.9953103173019359,0.9539014168828577,1105653.22
2021-07-30,0.9928158052284973,0.9933147076431851,0.9988026342047495,0.9733586110556776,782690.62
2021-08-02,0.9978048293753742,1.0501895829175814,1.0516862901616444,0.9963081221313111,1275000.0
2021-08-03,1.0506884853322689,1.0312312911594492,1.061664338455398,1.0232488525244463,899193.99
2021-08-04,1.0227499501097586,1.060167631211335,1.0626621432847734,1.0217521452803833,869835.6
2021-08-05,1.065156655358212,1.1045699461185392,1.119038116144482,1.0626621432847734,1446867.66
2021-08-06,1.103572141289164,1.1100578726801038,1.1205348233885453,1.0831171422869685,1148666.63
2021-08-09,1.111554579924167,1.10007982438635,1.1270205547794852,1.0930951905807222,887014.0
2021-08-10,1.095589702654161,1.1449810417082418,1.1694272600279385,1.0935940929954102,1550669.46
2021-08-11,1.1389942127319896,1.138495310317302,1.152963480343245,1.124027140291359,1449577.0
2021-08-12,1.1315106765116743,1.098583117142287,1.1340051885851128,1.095589702654161,1313491.93
2021-08-13,1.0965875074835363,1.0965875074835363,1.119038116144482,1.0831171422869685,1086209.0
2021-08-16,1.095589702654161,1.0741368988225903,1.1015765316304131,1.0656555577728997,943652.38
2021-08-17,1.0776292157254042,1.060167631211335,1.0940929954100977,1.0481939732588306,1015741.99
2021-08-18,1.060167631211335,1.0920973857513472,1.1010776292157254,1.055677509479146,1336850.89
2021-08-19,1.08710836160447,1.124027140291359,1.132009578926362,1.0761325084813411,1445863.29
2021-08-23,1.132,1.175,1.19,1.129,2636838.67
2021-08-24,1.127,1.163,1.169,1.107,4559508.34
2021-08-25,1.155,1.145,1.169,1.13,2223322.14
2021-08-26,1.138,1.139,1.167,1.132,2163217.0
2021-08-27,1.132,1.116,1.138,1.104,2640196.35
2021-08-30,1.135,1.158,1.176,1.124,3510015.87
2021-08-31,1.161,1.154,1.176,1.136,2001212.83
2021-09-01,1.148,1.102,1.155,1.077,3358486.8
2021-09-02,1.091,1.094,1.11,1.085,1692922.99
2021-09-03,1.081,1.052,1.1,1.03,2914250.0
2021-09-06,1.044,1.066,1.069,1.037,1652988.13
2021-09-07,1.067,1.08,1.094,1.058,1387135.0
2021-09-08,1.079,1.059,1.08,1.052,1238505.0
2021-09-09,1.051,1.081,1.082,1.039,1889262.76
2021-09-10,1.081,1.069,1.081,1.055,1245585.05
2021-09-13,1.069,1.053,1.072,1.043,1007170.36
2021-09-14,1.047,1.042,1.073,1.038,1337453.0
2021-09-15,1.036,1.048,1.054,1.024,1157462.0
2021-09-16,1.05,1.022,1.054,1.021,1211790.0
2021-09-17,1.027,1.007,1.036,0.983,1344640.0
2021-09-22,0.996,1.024,1.031,0.991,1061024.4
2021-09-23,1.026,1.05,1.052,1.02,1240725.0
2021-09-24,1.048,1.041,1.05,1.033,682699.0
2021-09-27,1.041,1.012,1.044,0.994,1233693.0
2021-09-28,1.006,1.027,1.034,1.006,847042.8
2021-09-29,1.02,0.991,1.024,0.99,1623385.0
2021-09-30,0.996,1.001,1.011,0.996,802482.0
2021-10-08,1.004,0.98,1.01,0.975,863838.0
2021-10-11,0.982,1.005,1.025,0.98,1873175.0
2021-10-12,0.9980000000000001,0.975,0.9980000000000001,0.965,1233074.0
2021-10-13,0.96,0.977,0.982,0.944,1078960.13
2021-10-14,0.972,0.997,1.009,0.97,1253670.0
2021-10-15,1.0,1.004,1.01,0.992,742408.0
2021-10-18,1.007,1.014,1.02,1.003,781014.0
2021-10-19,1.012,1.015,1.016,1.003,609758.0
2021-10-20,1.015,1.028,1.035,1.013,869663.0
2021-10-21,1.028,1.015,1.028,1.005,685246.14
2021-10-22,1.014,1.017,1.021,1.008,632441.0
2021-10-25,1.017,1.035,1.041,1.013,1001991.09
2021-10-26,1.038,1.031,1.042,1.028,614775.0
2021-10-27,1.047,1.043,1.057,1.033,1055570.54
2021-10-28,1.035,1.024,1.049,1.022,700782.0
2021-10-29,1.026,1.06,1.06,1.023,1211717.54
2021-11-01,1.065,1.083,1.087,1.064,1405057.0
2021-11-02,1.091,1.101,1.114,1.089,1628878.0
2021-11-03,1.098,1.091,1.098,1.073,1200499.18
2021-11-04,1.087,1.111,1.112,1.086,1236103.0
2021-11-05,1.111,1.093,1.117,1.091,922762.0
2021-11-08,1.085,1.1,1.101,1.075,768127.0
2021-11-09,1.096,1.144,1.151,1.095,1794009.0
2021-11-10,1.14,1.14,1.159,1.133,1075903.0
2021-11-11,1.132,1.141,1.151,1.125,900068.56
2021-11-12,1.139,1.185,1.19,1.138,1972258.44
2021-11-15,1.186,1.165,1.207,1.16,1463742.0
2021-11-16,1.159,1.115,1.183,1.114,2010768.54
2021-11-17,1.11,1.141,1.143,1.097,1360354.68
2021-11-18,1.135,1.18,1.19,1.128,1647690.0
2021-11-19,1.178,1.178,1.191,1.168,936754.7
2021-11-22,1.178,1.195,1.198,1.169,1098963.25
2021-11-23,1.194,1.181,1.197,1.175,1434184.0
2021-11-24,1.182,1.159,1.194,1.157,1073194.0
2021-11-25,1.151,1.154,1.175,1.15,943491.0
2021-11-26,1.15,1.153,1.169,1.148,919482.32
2021-11-29,1.142,1.194,1.199,1.137,1595075.0
2021-11-30,1.2,1.22,1.233,1.192,1874750.0
2021-12-01,1.22,1.197,1.22,1.194,1274285.0
2021-12-02,1.2,1.191,1.205,1.179,1463674.0
2021-12-03,1.191,1.213,1.215,1.188,1294326.75
2021-12-06,1.212,1.209,1.226,1.196,1224120.99
2021-12-07,1.209,1.166,1.215,1.151,2685437.0
2021-12-08,1.164,1.182,1.185,1.164,1637449.58
2021-12-09,1.177,1.175,1.185,1.16,2022788.0
2021-12-10,1.175,1.173,1.176,1.157,1059787.0
2021-12-13,1.162,1.165,1.17,1.144,1531217.0
2021-12-14,1.159,1.18,1.191,1.154,1629663.0
2021-12-15,1.178,1.173,1.186,1.167,932224.0
2021-12-16,1.17,1.183,1.193,1.168,1054922.0
2021-12-17,1.184,1.16,1.184,1.158,1030702.12
2021-12-20,1.152,1.131,1.169,1.127,1238688.0
2021-12-21,1.13,1.134,1.144,1.116,928185.12
2021-12-22,1.135,1.138,1.148,1.121,786169.0
2021-12-23,1.13,1.15,1.155,1.128,752197.21
2021-12-24,1.15,1.145,1.154,1.14,552630.68
2021-12-27,1.143,1.139,1.152,1.136,553344.0
2021-12-28,1.137,1.144,1.147,1.126,647877.0
2021-12-29,1.145,1.162,1.169,1.143,1057778.21
2021-12-30,1.158,1.204,1.205,1.155,1744972.21
2021-12-31,1.206,1.206,1.212,1.195,817492.55
2022-01-04,1.206,1.19,1.215,1.182,857182.0
2022-01-05,1.188,1.124,1.195,1.121,1871396.0
2022-01-06,1.116,1.106,1.127,1.094,1249117.65
2022-01-07,1.105,1.087,1.115,1.082,892987.0
2022-01-10,1.081,1.072,1.087,1.058,1019549.48
2022-01-11,1.072,1.039,1.074,1.032,1221329.0
2022-01-12,1.038,1.061,1.061,1.037,1086840.0
2022-01-13,1.058,1.038,1.059,1.028,1081310.84
2022-01-14,1.03,1.043,1.057,1.03,1146116.45
2022-01-17,1.04,1.061,1.065,1.039,1294560.0
2022-01-18,1.059,1.066,1.074,1.05,1157547.16
2022-01-19,1.055,1.033,1.063,1.024,1419380.16
2022-01-20,1.031,1.006,1.035,1.002,1403737.16
2022-01-21,0.989,0.98,0.989,0.962,1549587.0
2022-01-24,0.975,0.991,0.996,0.969,1077373.0
2022-01-25,0.995,0.981,1.014,0.979,1305519.0
2022-01-26,0.975,0.977,0.99,0.961,850860.0
2022-01-27,0.974,0.957,0.987,0.953,800392.16
2022-01-28,0.963,0.96,0.978,0.94,985792.0
2022-02-07,0.972,0.954,0.98,0.949,879087.0
2022-02-08,0.954,0.946,0.957,0.92,1030689.0
2022-02-09,0.941,0.97,0.97,0.939,1151834.0
2022-02-10,0.969,0.961,0.974,0.956,881624.62
2022-02-11,0.955,0.937,0.956,0.935,850399.97
2022-02-14,0.937,0.944,0.962,0.937,1308144.0
2022-02-15,0.945,0.971,0.972,0.94,1294725.97
2022-02-16,0.958,0.954,0.962,0.947,1163625.97
2022-02-17,0.953,0.959,0.962,0.942,1488722.0
2022-02-18,0.954,0.954,0.954,0.943,956759.0
2022-02-21,0.955,0.949,0.964,0.945,909331.76
2022-02-22,0.957,0.934,0.96,0.926,1321726.0
2022-02-23,0.931,0.979,0.98,0.93,2199131.0
2022-02-24,0.983,0.985,1.01,0.965,2966260.34
2022-02-25,0.971,0.985,0.995,0.971,1376617.0
2022-02-28,0.995,1.0,1.01,0.991,1776957.0
2022-03-01,1.002,1.018,1.019,0.9989999999999999,1572730.81
2022-03-02,1.02,1.005,1.02,0.9980000000000001,928206.0
2022-03-03,1.009,0.981,1.01,0.975,1560518.0
2022-03-04,0.972,0.965,0.987,0.958,1341185.76
2022-03-07,0.97,0.95,0.972,0.945,1275925.81
2022-03-08,0.945,0.911,0.958,0.906,1619827.0
2022-03-09,0.91,0.893,0.915,0.848,2056923.88
2022-03-10,0.907,0.922,0.934,0.906,1509163.0
2022-03-11,0.91,0.92,0.921,0.892,1035566.88
2022-03-14,0.911,0.917,0.945,0.894,1264527.0
2022-03-15,0.911,0.887,0.929,0.885,1135214.0
2022-03-16,0.899,0.917,0.918,0.862,1317701.36
2022-03-17,0.92,0.922,0.939,0.918,1412673.26
2022-03-18,0.915,0.908,0.916,0.887,1699354.0
2022-03-21,0.907,0.918,0.929,0.898,1323230.0
2022-03-22,0.92,0.906,0.925,0.9,890467.0
2022-03-23,0.906,0.932,0.944,0.898,1897178.0
2022-03-24,0.921,0.92,0.926,0.913,1004664.0
2022-03-25,0.921,0.913,0.941,0.912,1312999.0
2022-03-28,0.901,0.891,0.908,0.885,1155613.0
2022-03-29,0.902,0.906,0.929,0.902,1839064.0
2022-03-30,0.909,0.92,0.921,0.902,966894.0
2022-03-31,0.914,0.898,0.916,0.89,1456658.0
2022-04-01,0.891,0.896,0.906,0.887,861642.57
2022-04-06,0.896,0.873,0.896,0.866,1320808.0
2022-04-07,0.868,0.863,0.886,0.859,1277160.0
2022-04-08,0.861,0.854,0.862,0.842,981741.0
2022-04-11,0.847,0.809,0.847,0.807,1311976.0
2022-04-12,0.806,0.817,0.818,0.795,1839863.0
2022-04-13,0.81,0.792,0.81,0.791,1131689.0
2022-04-14,0.794,0.793,0.8,0.787,1118839.0
2022-04-15,0.79,0.793,0.795,0.773,1629409.0
2022-04-18,0.786,0.816,0.819,0.783,1292349.0
2022-04-19,0.813,0.818,0.823,0.812,1019485.0
2022-04-20,0.815,0.802,0.819,0.8,1260232.0
2022-04-21,0.798,0.782,0.813,0.778,1062333.01
2022-04-22,0.773,0.771,0.778,0.758,968148.0
2022-04-25,0.757,0.71,0.762,0.709,1581916.0
2022-04-26,0.712,0.682,0.714,0.678,1716318.24
2022-04-27,0.674,0.735,0.736,0.661,1725200.58
2022-04-28,0.723,0.741,0.753,0.721,1572860.21
2022-04-29,0.746,0.792,0.793,0.743,1460055.7
2022-05-05,0.794,0.825,0.839,0.778,1675991.0
2022-05-06,0.8,0.82,0.832,0.8,1436489.83
2022-05-09,0.816,0.843,0.846,0.816,1342381.0
2022-05-10,0.83,0.853,0.862,0.826,2183525.22
2022-05-11,0.853,0.846,0.866,0.842,1362034.0
2022-05-12,0.843,0.848,0.856,0.837,1004355.0
2022-05-13,0.848,0.849,0.854,0.84,907859.5
2022-05-16,0.86,0.85,0.87,0.846,979313.0
2022-05-17,0.848,0.866,0.866,0.837,1072754.0
2022-05-18,0.864,0.869,0.873,0.853,1031272.75
2022-05-19,0.855,0.873,0.873,0.849,1397468.45
2022-05-20,0.873,0.868,0.882,0.855,1261624.0
2022-05-23,0.863,0.858,0.864,0.844,1201712.0
2022-05-24,0.86,0.834,0.881,0.832,1684558.0
2022-05-25,0.831,0.844,0.845,0.828,988850.48
2022-05-26,0.84,0.87,0.887,0.838,2220204.87
2022-05-27,0.878,0.868,0.885,0.861,1832127.0
2022-05-30,0.872,0.874,0.878,0.858,1651005.0
2022-05-31,0.872,0.877,0.882,0.861,1925186.0
2022-06-01,0.877,0.883,0.891,0.875,1931843.93
2022-06-02,0.879,0.903,0.904,0.878,1996619.19
2022-06-06,0.907,0.921,0.925,0.896,1341013.0
2022-06-07,0.922,0.916,0.925,0.904,1046978.0
2022-06-08,0.914,0.906,0.921,0.89,1590090.0
2022-06-09,0.906,0.883,0.906,0.877,1332964.0
2022-06-10,0.879,0.917,0.919,0.878,1886938.03
2022-06-13,0.918,0.917,0.924,0.896,2070323.0
2022-06-14,0.9,0.895,0.905,0.874,2008780.0
2022-06-15,0.89,0.893,0.908,0.889,1722325.0
2022-06-16,0.891,0.898,0.909,0.89,1177025.37
2022-06-17,0.887,0.905,0.906,0.883,1193607.0
2022-06-20,0.905,0.92,0.924,0.904,2776054.0
2022-06-21,0.917,0.899,0.92,0.89,1533453.0
2022-06-22,0.897,0.881,0.906,0.88,1276918.0
2022-06-23,0.881,0.947,0.949,0.88,3047928.0
2022-06-24,0.97,0.975,0.983,0.946,2907589.66
2022-06-27,0.983,0.973,0.984,0.96,2055093.52
2022-06-28,0.972,0.992,0.997,0.965,1919610.52
2022-06-29,0.99,0.969,0.992,0.959,1836619.3
2022-06-30,0.969,0.972,0.976,0.958,2054925.79
2022-07-01,0.974,0.963,0.985,0.955,3298740.0
2022-07-04,0.964,1.005,1.006,0.948,3284896.23
2022-07-05,1.004,0.993,1.005,0.978,2592975.48
2022-07-06,0.991,0.985,1.004,0.972,1759686.0
2022-07-07,0.984,1.011,1.015,0.984,2376020.24
2022-07-08,1.006,0.989,1.009,0.987,2179506.0
2022-07-11,0.986,0.986,0.989,0.964,2692282.72
2022-07-12,0.981,0.968,1.005,0.967,2607297.48
2022-07-13,0.962,0.957,0.973,0.949,1856749.26
2022-07-14,0.958,0.983,0.987,0.955,2080367.48
2022-07-15,0.981,0.973,0.9980000000000001,0.971,1578140.0
2022-07-18,0.971,0.97,0.978,0.95,1911939.04
2022-07-19,0.969,0.964,0.979,0.959,1714688.0
2022-07-20,0.966,1.003,1.005,0.966,3066481.0
2022-07-21,1.003,0.984,1.004,0.984,2500392.0
2022-07-22,0.986,0.98,0.9989999999999999,0.969,1930370.0
2022-07-25,0.988,0.969,1.0,0.965,1821255.0
2022-07-26,0.969,0.975,0.983,0.959,1839455.0
2022-07-27,0.973,0.978,0.993,0.969,1474881.0
2022-07-28,0.981,0.992,0.994,0.975,2891524.0
2022-07-29,0.993,0.967,0.993,0.964,2046732.0
2022-08-01,0.972,0.968,0.979,0.963,1914417.0
2022-08-02,0.977,0.956,0.986,0.95,2617337.0
2022-08-03,0.952,0.992,1.006,0.946,4391584.0
2022-08-04,0.994,0.98,0.997,0.975,3854571.0
2022-08-05,0.977,0.986,0.988,0.965,2290755.92
2022-08-08,0.986,1.011,1.012,0.981,2317959.01
2022-08-09,1.008,1.033,1.04,1.0,2675572.06
2022-08-10,1.027,1.039,1.05,1.026,2388645.3
2022-08-11,1.033,1.034,1.038,1.021,2070809.91
2022-08-12,1.032,1.007,1.032,1.006,2778180.0
2022-08-15,1.002,1.013,1.015,1.001,1339426.0
2022-08-16,1.01,1.015,1.028,1.008,1255404.0
2022-08-17,1.014,1.006,1.014,0.997,2785824.0
2022-08-18,1.002,1.011,1.013,1.001,1461252.98
2022-08-19,1.01,0.993,1.023,0.991,1504674.89
2022-08-22,0.994,1.009,1.013,0.989,1447642.6
2022-08-23,1.006,1.002,1.012,0.9980000000000001,1133918.61
2022-08-24,0.9989999999999999,0.967,1.003,0.964,2185205.12
2022-08-25,0.965,0.961,0.973,0.948,1855220.0
2022-08-26,0.96,0.944,0.965,0.939,2151336.5
2022-08-29,0.935,0.963,0.97,0.928,1470843.69
2022-08-30,0.962,0.953,0.968,0.952,883978.75
2022-08-31,0.953,0.928,0.96,0.925,1252587.82
2022-09-01,0.929,0.926,0.94,0.923,856811.46
2022-09-02,0.926,0.93,0.94,0.92,966084.0
2022-09-05,0.926,0.932,0.944,0.923,963015.0
2022-09-06,0.933,0.963,0.967,0.933,1615602.91
2022-09-07,0.96,0.976,0.979,0.957,1111244.24
2022-09-08,0.972,0.994,1.0,0.972,1548169.09
2022-09-09,0.994,0.991,1.008,0.982,1422467.9
2022-09-13,0.993,1.005,1.007,0.989,1253674.3
2022-09-14,0.993,1.023,1.027,0.99,1722791.0
2022-09-15,1.02,0.997,1.022,0.982,1485104.73
2022-09-16,0.993,1.001,1.027,0.99,2288414.03
2022-09-19,0.996,0.982,1.011,0.973,1750555.43
2022-09-20,0.984,0.98,0.995,0.976,1026742.09
2022-09-21,0.976,0.971,0.979,0.956,1821428.59
2022-09-22,0.967,0.995,1.005,0.965,1852034.59
2022-09-23,0.994,0.993,1.025,0.987,1939656.0
2022-09-26,0.983,0.965,0.988,0.963,1397933.0
2022-09-27,0.964,0.98,0.984,0.962,985054.0
2022-09-28,0.978,0.944,0.992,0.94,1439302.64
2022-09-29,0.95,0.948,0.965,0.944,1015556.43
2022-09-30,0.948,0.917,0.948,0.915,1807006.82
2022-10-10,0.917,0.901,0.926,0.898,1082310.61
2022-10-11,0.903,0.906,0.912,0.892,1147216.19
2022-10-12,0.904,0.922,0.925,0.88,1414325.0
2022-10-13,0.913,0.93,0.941,0.911,1176590.15
2022-10-14,0.937,0.952,0.957,0.926,1189596.0
2022-10-17,0.956,0.978,0.984,0.951,1245925.23
2022-10-18,0.976,0.98,0.986,0.965,1064770.32
2022-10-19,0.977,0.972,0.985,0.967,980246.0
2022-10-20,0.967,0.97,0.982,0.953,1596515.0
2022-10-21,0.97,0.965,0.978,0.955,1399531.87
2022-10-24,0.974,1.017,1.029,0.974,2862569.12
2022-10-25,1.015,1.016,1.03,1.003,2254237.41
2022-10-26,1.013,1.024,1.032,0.995,1442591.18
2022-10-27,1.024,1.014,1.03,1.006,1543046.0
2022-10-28,1.009,1.001,1.022,0.995,1497286.18
2022-10-31,0.99,1.028,1.033,0.971,1959304.1
2022-11-01,1.023,1.012,1.029,0.994,3081254.0
2022-11-02,1.004,0.992,1.011,0.986,3047717.59
2022-11-03,0.988,1.003,1.011,0.982,1950230.85
2022-11-04,1.0,1.004,1.005,0.992,2686697.59
2022-11-07,1.006,0.981,1.012,0.973,2629740.0
2022-11-08,0.98,0.982,0.985,0.972,1802196.23
2022-11-09,0.992,0.974,0.997,0.973,1593716.85
2022-11-10,0.967,0.956,0.969,0.949,1867061.02
2022-11-11,0.97,0.961,0.976,0.948,2304322.0
2022-11-14,0.957,0.945,0.963,0.941,2287685.14
2022-11-15,0.942,0.962,0.963,0.939,2015830.11
2022-11-16,0.962,0.96,0.978,0.955,2429194.0
2022-11-17,0.951,0.96,0.961,0.932,2179130.0
2022-11-18,0.954,0.943,0.959,0.942,1505418.0
2022-11-21,0.94,0.957,0.96,0.936,1445878.76
2022-11-22,0.955,0.948,0.963,0.945,1386196.0
2022-11-23,0.949,0.945,0.95,0.931,959148.0
2022-11-24,0.946,0.939,0.952,0.937,962458.0
2022-11-25,0.936,0.925,0.938,0.923,1178072.0
2022-11-28,0.916,0.926,0.929,0.909,1157671.0
2022-11-29,0.927,0.924,0.935,0.918,1914096.0
2022-11-30,0.927,0.919,0.929,0.916,1782148.95
2022-12-01,0.922,0.934,0.936,0.92,1783509.56
2022-12-02,0.932,0.922,0.937,0.92,1759820.45
2022-12-05,0.924,0.916,0.926,0.911,2045878.73
2022-12-06,0.917,0.924,0.925,0.903,2453811.52
2022-12-07,0.919,0.921,0.926,0.917,1521283.03
2022-12-08,0.917,0.906,0.92,0.904,1972745.62
2022-12-09,0.905,0.905,0.911,0.896,1649964.0
2022-12-12,0.904,0.915,0.92,0.894,1891795.0
2022-12-13,0.913,0.899,0.916,0.898,1534420.0
2022-12-14,0.901,0.895,0.91,0.893,1417834.0
2022-12-15,0.895,0.897,0.9,0.89,1038673.0
2022-12-16,0.891,0.887,0.895,0.882,1482255.0
2022-12-19,0.884,0.882,0.891,0.879,1060937.0
2022-12-20,0.879,0.88,0.891,0.875,1220799.0
2022-12-21,0.876,0.865,0.883,0.862,1106705.0
2022-12-22,0.864,0.856,0.868,0.85,1525971.0
2022-12-23,0.848,0.843,0.855,0.841,1088072.0
2022-12-26,0.848,0.877,0.877,0.847,1967002.0
2022-12-27,0.879,0.883,0.885,0.873,1018977.83
2022-12-28,0.881,0.873,0.888,0.869,1005481.0
2022-12-29,0.87,0.889,0.894,0.867,1782816.0
2022-12-30,0.885,0.887,0.895,0.883,1000064.0
2023-01-03,0.886,0.913,0.913,0.884,1787355.29
2023-01-04,0.907,0.904,0.913,0.898,1740360.0
2023-01-05,0.901,0.907,0.909,0.899,1237436.0
2023-01-06,0.906,0.899,0.909,0.896,1840953.0
2023-01-09,0.899,0.882,0.899,0.877,2704013.01
2023-01-10,0.883,0.871,0.883,0.866,1887924.49
2023-01-11,0.872,0.861,0.879,0.86,1994560.49
2023-01-12,0.875,0.862,0.881,0.862,2636897.0
2023-01-13,0.863,0.857,0.865,0.852,2231657.0
2023-01-16,0.857,0.87,0.871,0.857,2363937.0
2023-01-17,0.87,0.878,0.887,0.865,2621315.68
2023-01-18,0.876,0.879,0.881,0.872,1319454.07
2023-01-19,0.875,0.896,0.897,0.875,2316077.82
2023-01-20,0.895,0.899,0.905,0.892,1832144.82
2023-01-30,0.91,0.923,0.933,0.905,3517268.0
2023-01-31,0.923,0.926,0.929,0.918,1708970.0
2023-02-01,0.926,0.932,0.932,0.92,2270099.0
2023-02-02,0.935,0.915,0.936,0.912,3303751.3
2023-02-03,0.911,0.929,0.929,0.907,2787666.65
2023-02-06,0.925,0.92,0.933,0.917,1420458.97
2023-02-07,0.924,0.913,0.924,0.908,1548508.0
2023-02-08,0.913,0.898,0.913,0.898,2011440.03
2023-02-09,0.895,0.915,0.918,0.895,2223942.5
2023-02-10,0.912,0.904,0.917,0.9,1749320.03
2023-02-13,0.905,0.906,0.914,0.904,1569308.5
2023-02-14,0.905,0.901,0.906,0.895,1787895.0
2023-02-15,0.9,0.899,0.902,0.894,1409397.0
2023-02-16,0.899,0.885,0.901,0.878,2073746.73
2023-02-17,0.887,0.879,0.888,0.872,2142705.0
2023-02-20,0.879,0.881,0.882,0.867,2335635.4
2023-02-21,0.881,0.887,0.894,0.878,1978304.0
2023-02-22,0.882,0.888,0.892,0.882,1495611.0
2023-02-23,0.887,0.886,0.889,0.882,1497861.0
2023-02-24,0.886,0.899,0.907,0.886,2780176.18
2023-02-27,0.899,0.895,0.906,0.892,1678629.2
2023-02-28,0.895,0.896,0.896,0.886,1203977.17
2023-03-01,0.893,0.895,0.896,0.889,1880337.0
2023-03-02,0.895,0.895,0.902,0.892,1446523.57
2023-03-03,0.896,0.908,0.908,0.89,2729046.35
2023-03-06,0.914,0.916,0.926,0.911,3116319.34
2023-03-07,0.913,0.896,0.92,0.894,1597004.9
2023-03-08,0.894,0.905,0.909,0.892,1265612.44
2023-03-09,0.903,0.896,0.908,0.894,1267698.21
2023-03-10,0.892,0.881,0.894,0.878,1409506.1
2023-03-13,0.88,0.882,0.886,0.875,1040755.01
2023-03-14,0.88,0.872,0.882,0.86,1573179.0
2023-03-15,0.875,0.862,0.877,0.86,1626512.0
2023-03-16,0.858,0.847,0.864,0.845,1920340.0
2023-03-17,0.851,0.848,0.853,0.845,1531721.3
2023-03-20,0.847,0.835,0.847,0.832,2397866.9
2023-03-21,0.845,0.856,0.859,0.845,2119098.57
2023-03-22,0.856,0.849,0.856,0.845,2053912.0
2023-03-23,0.848,0.852,0.853,0.841,1835693.16
2023-03-24,0.848,0.845,0.85,0.843,1478999.0
2023-03-27,0.844,0.838,0.844,0.834,1794307.78
2023-03-28,0.837,0.823,0.838,0.82,2383624.0
2023-03-29,0.821,0.815,0.822,0.81,1930168.93
2023-03-30,0.815,0.821,0.821,0.812,1339252.03
2023-03-31,0.821,0.822,0.825,0.818,1633666.0
2023-04-03,0.82,0.831,0.831,0.82,1818909.0
2023-04-04,0.83,0.821,0.831,0.814,2049654.0
2023-04-06,0.821,0.838,0.84,0.817,2603397.0
2023-04-07,0.837,0.839,0.847,0.835,2455123.0
2023-04-10,0.844,0.839,0.847,0.837,1904178.0
2023-04-11,0.838,0.833,0.839,0.829,2031212.1
2023-04-12,0.832,0.828,0.833,0.825,1284549.0
2023-04-13,0.826,0.825,0.83,0.821,1424111.24
2023-04-14,0.825,0.829,0.83,0.822,1143949.27
2023-04-17,0.828,0.835,0.835,0.825,1281380.85
2023-04-18,0.835,0.832,0.836,0.829,1825646.0
2023-04-19,0.832,0.821,0.832,0.82,2064811.0
2023-04-20,0.82,0.812,0.821,0.808,1971106.07
2023-04-21,0.812,0.816,0.83,0.81,2850747.0
2023-04-24,0.816,0.803,0.817,0.798,2127095.0
2023-04-25,0.802,0.789,0.81,0.782,2466810.99
2023-04-26,0.786,0.805,0.807,0.785,1755651.79
2023-04-27,0.804,0.819,0.821,0.8,2063936.75
2023-04-28,0.818,0.818,0.82,0.811,1679116.0
2023-05-04,0.816,0.811,0.819,0.806,1327199.24
2023-05-05,0.81,0.798,0.811,0.796,1523908.0
2023-05-08,0.801,0.817,0.818,0.799,1789861.0
2023-05-09,0.816,0.804,0.825,0.802,1827915.0
2023-05-10,0.8,0.798,0.802,0.793,1370462.03
2023-05-11,0.798,0.795,0.799,0.793,1009016.0
2023-05-12,0.795,0.783,0.796,0.781,1620571.0
2023-05-15,0.782,0.803,0.805,0.781,3058696.76
2023-05-16,0.803,0.8,0.804,0.797,2510756.2
2023-05-17,0.8,0.817,0.82,0.798,2226097.84
2023-05-18,0.814,0.811,0.818,0.808,1271207.55
2023-05-19,0.809,0.822,0.822,0.806,2242913.2
2023-05-22,0.822,0.819,0.826,0.816,1229603.0
2023-05-23,0.817,0.808,0.818,0.807,1146483.0
2023-05-24,0.805,0.801,0.811,0.8,1198107.81
2023-05-25,0.799,0.806,0.812,0.798,1163818.0
2023-05-26,0.805,0.802,0.806,0.796,1406164.0
2023-05-29,0.81,0.803,0.816,0.8,1298289.0
2023-05-30,0.8,0.79,0.801,0.779,1739684.76
2023-05-31,0.788,0.79,0.801,0.787,1264380.9
2023-06-01,0.788,0.79,0.795,0.783,1053570.0
2023-06-02,0.793,0.791,0.795,0.788,1511463.0
2023-06-05,0.793,0.776,0.793,0.776,1819895.0
2023-06-06,0.777,0.761,0.778,0.758,2494311.0
2023-06-07,0.76,0.753,0.762,0.749,1612664.89
2023-06-08,0.751,0.753,0.755,0.747,1322555.0
2023-06-09,0.754,0.759,0.76,0.748,1403865.7
2023-06-12,0.758,0.753,0.758,0.751,1182999.0
2023-06-13,0.751,0.751,0.753,0.747,1036724.0
2023-06-14,0.751,0.749,0.752,0.747,1200800.0
2023-06-15,0.749,0.762,0.763,0.747,2253968.31
2023-06-16,0.762,0.77,0.772,0.761,1620208.0
2023-06-19,0.77,0.768,0.774,0.768,1306505.0
2023-06-20,0.769,0.791,0.796,0.768,3339047.0
2023-06-21,0.79,0.78,0.792,0.779,993352.0
2023-06-26,0.78,0.773,0.782,0.77,1122079.0
2023-06-27,0.774,0.782,0.784,0.774,997964.0
2023-06-28,0.782,0.792,0.794,0.772,1430681.14
2023-06-29,0.788,0.8,0.803,0.787,1681172.0
2023-06-30,0.798,0.823,0.827,0.798,3186906.0
2023-07-03,0.823,0.828,0.833,0.82,2207764.0
2023-07-04,0.828,0.829,0.832,0.824,1471662.0
2023-07-05,0.827,0.821,0.831,0.821,1090536.0
2023-07-06,0.819,0.81,0.821,0.809,896993.0
2023-07-07,0.809,0.803,0.812,0.802,1062158.0
2023-07-10,0.805,0.807,0.813,0.802,814966.0
2023-07-11,0.806,0.814,0.815,0.806,836136.0
2023-07-12,0.816,0.801,0.816,0.8,1188870.0
2023-07-13,0.803,0.805,0.808,0.802,1093970.85
2023-07-14,0.804,0.799,0.806,0.798,1103926.0
2023-07-17,0.797,0.798,0.802,0.792,795200.07
2023-07-18,0.798,0.804,0.806,0.793,937666.93
2023-07-19,0.805,0.796,0.805,0.793,971001.0
2023-07-20,0.796,0.786,0.799,0.785,933529.0
2023-07-21,0.785,0.784,0.79,0.781,744833.0
2023-07-24,0.781,0.788,0.793,0.781,693145.0
2023-07-25,0.791,0.793,0.795,0.786,1498909.0
2023-07-26,0.793,0.791,0.794,0.789,763859.0
2023-07-27,0.794,0.787,0.797,0.784,1339353.0
2023-07-28,0.782,0.784,0.785,0.776,1750937.31
2023-07-31,0.785,0.782,0.786,0.777,2448558.94
2023-08-01,0.781,0.787,0.789,0.78,1732527.31
2023-08-02,0.786,0.783,0.792,0.781,1002733.31
2023-08-03,0.78,0.78,0.781,0.776,1203684.0
2023-08-04,0.779,0.78,0.782,0.773,1861195.0
2023-08-07,0.778,0.777,0.78,0.774,1141080.0
2023-08-08,0.776,0.771,0.776,0.765,1383567.2
2023-08-09,0.767,0.766,0.769,0.765,918378.0
2023-08-10,0.768,0.769,0.772,0.766,989634.12
2023-08-11,0.768,0.761,0.769,0.76,1087333.0
2023-08-14,0.756,0.764,0.764,0.752,1174117.74
2023-08-15,0.762,0.756,0.764,0.752,1010325.0
2023-08-16,0.755,0.746,0.76,0.746,1034496.0
2023-08-17,0.744,0.776,0.778,0.74,3187433.79
2023-08-18,0.771,0.77,0.785,0.769,2476877.0
2023-08-21,0.77,0.757,0.773,0.756,1364666.0
2023-08-22,0.756,0.768,0.77,0.753,1871484.46
2023-08-23,0.765,0.748,0.765,0.747,1117552.0
2023-08-24,0.75,0.75,0.755,0.74,964180.0
2023-08-25,0.745,0.74,0.755,0.738,1097459.88
2023-08-28,0.766,0.746,0.776,0.744,1918538.0
2023-08-29,0.747,0.766,0.772,0.743,1804897.0
2023-08-30,0.766,0.77,0.778,0.763,1268381.0
2023-08-31,0.77,0.769,0.773,0.765,970042.0
2023-09-01,0.768,0.765,0.768,0.759,849601.0
2023-09-04,0.764,0.771,0.771,0.762,923780.0
2023-09-05,0.767,0.767,0.773,0.765,773999.0
2023-09-06,0.764,0.783,0.784,0.762,1830679.0
2023-09-07,0.782,0.775,0.784,0.774,1305833.0
2023-09-08,0.772,0.791,0.793,0.77,2287371.0
2023-09-11,0.792,0.779,0.792,0.774,1859081.0
2023-09-12,0.776,0.775,0.777,0.771,762759.0
2023-09-13,0.773,0.764,0.773,0.76,1121032.0
2023-09-14,0.762,0.764,0.765,0.76,719167.0
2023-09-15,0.764,0.766,0.766,0.76,1152838.94
2023-09-18,0.763,0.758,0.763,0.755,1173564.17
2023-09-19,0.757,0.747,0.758,0.746,891861.0
2023-09-20,0.746,0.742,0.749,0.741,683280.0
2023-09-21,0.741,0.742,0.749,0.74,816272.0
2023-09-22,0.74,0.748,0.748,0.737,925238.0
2023-09-25,0.746,0.738,0.746,0.736,886171.0
2023-09-26,0.738,0.726,0.739,0.726,1591401.0
2023-09-27,0.726,0.732,0.735,0.726,700428.0
2023-09-28,0.732,0.741,0.742,0.731,1491571.0
2023-10-09,0.742,0.742,0.746,0.737,667632.69
2023-10-10,0.745,0.74,0.746,0.738,627024.0
2023-10-11,0.742,0.728,0.742,0.723,1912481.0
2023-10-12,0.73,0.727,0.73,0.722,1193657.0
2023-10-13,0.724,0.715,0.724,0.711,1240858.0
2023-10-16,0.714,0.708,0.718,0.705,1167401.0
2023-10-17,0.708,0.71,0.71,0.7,1008548.0
2023-10-18,0.707,0.699,0.708,0.697,991497.0
2023-10-19,0.696,0.692,0.7,0.692,891501.0
2023-10-20,0.69,0.682,0.693,0.681,863999.0
2023-10-23,0.681,0.678,0.691,0.677,1060344.55
2023-10-24,0.68,0.684,0.685,0.672,887412.75
2023-10-25,0.688,0.693,0.7,0.687,1199651.63
2023-10-26,0.69,0.696,0.697,0.681,1107247.0
2023-10-27,0.692,0.701,0.703,0.688,963231.0
2023-10-30,0.7,0.706,0.708,0.697,932708.83
2023-10-31,0.704,0.707,0.709,0.702,785347.0
2023-11-01,0.706,0.702,0.71,0.701,643603.0
2023-11-02,0.704,0.69,0.706,0.69,825445.0
2023-11-03,0.691,0.701,0.703,0.691,1150469.0
2023-11-06,0.704,0.71,0.711,0.703,1093853.0
2023-11-07,0.709,0.709,0.71,0.705,698071.0
2023-11-08,0.707,0.706,0.711,0.702,823737.0
2023-11-09,0.706,0.707,0.71,0.703,717789.58
2023-11-10,0.704,0.708,0.71,0.702,870957.0
2023-11-13,0.709,0.734,0.736,0.706,3006761.92
2023-11-14,0.731,0.739,0.745,0.731,2147594.0
2023-11-15,0.739,0.735,0.742,0.731,1081903.0
2023-11-16,0.734,0.728,0.736,0.727,716283.0
2023-11-17,0.727,0.729,0.729,0.722,667219.0
2023-11-20,0.728,0.743,0.744,0.727,1647161.0
2023-11-21,0.743,0.734,0.743,0.733,2344557.0
2023-11-22,0.732,0.727,0.736,0.726,842286.18
2023-11-23,0.726,0.73,0.731,0.723,962769.82
2023-11-24,0.73,0.716,0.73,0.714,1064912.0
2023-11-27,0.712,0.719,0.722,0.712,819309.75
2023-11-28,0.719,0.72,0.722,0.716,712005.0
2023-11-29,0.722,0.718,0.724,0.716,1761848.0
2023-11-30,0.718,0.708,0.719,0.705,978576.0
2023-12-01,0.708,0.711,0.713,0.704,1018375.0
2023-12-04,0.713,0.715,0.719,0.711,927283.22
2023-12-05,0.714,0.7,0.715,0.699,1728651.01
2023-12-06,0.699,0.701,0.704,0.697,872318.01
2023-12-07,0.701,0.695,0.701,0.691,799316.09
2023-12-08,0.695,0.683,0.696,0.682,2188292.0
2023-12-11,0.681,0.698,0.699,0.677,2191616.43
2023-12-12,0.697,0.697,0.705,0.694,863818.0
2023-12-13,0.694,0.695,0.709,0.692,830956.0
2023-12-14,0.696,0.69,0.701,0.689,648790.8
2023-12-15,0.692,0.684,0.692,0.681,802226.0
2023-12-18,0.683,0.668,0.683,0.665,1331461.0
2023-12-19,0.668,0.662,0.669,0.657,1506562.25
2023-12-20,0.662,0.647,0.663,0.645,1537374.0
2023-12-21,0.645,0.652,0.654,0.639,1689156.56
2023-12-22,0.655,0.673,0.679,0.647,2372157.88
2023-12-25,0.673,0.688,0.695,0.67,2535924.0
2023-12-26,0.683,0.681,0.686,0.671,1540186.0
2023-12-27,0.677,0.679,0.679,0.671,1217592.0
2023-12-28,0.679,0.688,0.692,0.676,1648609.0
2023-12-29,0.689,0.696,0.696,0.685,866896.0
2024-01-02,0.695,0.699,0.71,0.694,1592633.0
2024-01-03,0.696,0.689,0.698,0.684,1051299.0
2024-01-04,0.687,0.681,0.691,0.676,1019769.0
2024-01-05,0.678,0.66,0.679,0.651,1942531.0
2024-01-08,0.657,0.635,0.657,0.634,1264267.0
2024-01-09,0.637,0.631,0.639,0.627,1118616.28
2024-01-10,0.628,0.624,0.634,0.619,1277631.23
2024-01-11,0.622,0.633,0.634,0.622,1744029.6
2024-01-12,0.63,0.629,0.634,0.625,1089197.0
2024-01-15,0.624,0.612,0.627,0.61,1610536.0
2024-01-16,0.611,0.605,0.612,0.595,1587632.04
2024-01-17,0.602,0.587,0.604,0.585,1311063.77
2024-01-18,0.584,0.588,0.59,0.568,2181518.0
2024-01-19,0.584,0.581,0.589,0.579,1133565.0
2024-01-22,0.581,0.556,0.581,0.552,1548538.0
2024-01-23,0.556,0.562,0.565,0.55,1179343.0
2024-01-24,0.565,0.568,0.569,0.548,1508665.0
2024-01-25,0.567,0.591,0.591,0.564,1970171.0
2024-01-26,0.591,0.582,0.591,0.58,1365126.0
2024-01-29,0.585,0.57,0.587,0.57,1280798.0
2024-01-30,0.567,0.559,0.573,0.558,1118019.0
2024-01-31,0.555,0.535,0.557,0.534,1358731.0
2024-02-01,0.531,0.534,0.545,0.526,1288117.0
2024-02-02,0.535,0.511,0.539,0.496,1728768.0
2024-02-05,0.506,0.496,0.512,0.475,3688359.0
2024-02-06,0.49,0.535,0.537,0.49,2448813.0
2024-02-07,0.534,0.562,0.564,0.533,2228518.0
2024-02-08,0.569,0.579,0.588,0.563,1499595.97
2024-02-19,0.579,0.57,0.584,0.562,1555617.0
2024-02-20,0.57,0.57,0.571,0.561,875670.66
2024-02-21,0.566,0.574,0.585,0.563,1488411.0
2024-02-22,0.572,0.578,0.58,0.571,917842.0
2024-02-23,0.578,0.586,0.586,0.572,1518073.29
2024-02-26,0.585,0.589,0.597,0.58,1277901.0
2024-02-27,0.587,0.608,0.609,0.584,1345498.0
2024-02-28,0.609,0.583,0.613,0.582,2000335.0
2024-02-29,0.58,0.601,0.602,0.578,1319840.65
2024-03-01,0.601,0.612,0.612,0.6,1482825.74
2024-03-04,0.611,0.608,0.611,0.6,1180030.0
2024-03-05,0.605,0.615,0.622,0.601,1760526.0
2024-03-06,0.61,0.611,0.616,0.602,1559350.0
2024-03-07,0.611,0.596,0.613,0.596,1024919.0
2024-03-08,0.595,0.605,0.606,0.592,939675.0
2024-03-11,0.602,0.614,0.615,0.601,983229.0
2024-03-12,0.614,0.626,0.63,0.614,1508908.0
2024-03-13,0.626,0.629,0.636,0.62,1685248.07
2024-03-14,0.627,0.618,0.628,0.611,1105147.0
2024-03-15,0.614,0.621,0.621,0.61,869725.0
2024-03-18,0.623,0.633,0.633,0.62,1451443.0
2024-03-19,0.633,0.632,0.64,0.629,1085603.0
2024-03-20,0.633,0.631,0.636,0.627,1112275.0
2024-03-21,0.633,0.63,0.633,0.622,977589.0
2024-03-22,0.628,0.618,0.628,0.616,1082896.0
2024-03-25,0.617,0.603,0.618,0.601,999668.65
2024-03-26,0.602,0.596,0.605,0.589,1295310.0
2024-03-27,0.595,0.574,0.595,0.573,1403349.11
2024-03-28,0.573,0.6,0.602,0.573,2060159.0
2024-03-29,0.596,0.601,0.602,0.589,1500563.0
2024-04-01,0.602,0.607,0.607,0.6,1258764.2
2024-04-02,0.602,0.598,0.605,0.592,1033995.0
2024-04-03,0.593,0.589,0.595,0.585,827188.0
2024-04-08,0.587,0.573,0.589,0.573,1095167.0
2024-04-09,0.575,0.581,0.583,0.573,855447.0
2024-04-10,0.579,0.569,0.579,0.563,1169479.0
2024-04-11,0.565,0.566,0.572,0.563,1002090.0
2024-04-12,0.564,0.562,0.57,0.561,841845.0
2024-04-15,0.562,0.574,0.579,0.559,1341890.0
2024-04-16,0.57,0.555,0.574,0.554,1426154.0
2024-04-17,0.558,0.573,0.574,0.556,1398336.0
2024-04-18,0.572,0.576,0.583,0.568,1328871.0
2024-04-19,0.571,0.584,0.587,0.571,1454083.74
2024-04-22,0.586,0.599,0.602,0.58,1771072.0
2024-04-23,0.598,0.59,0.599,0.588,1178880.0
2024-04-24,0.589,0.606,0.607,0.588,1359480.0
2024-04-25,0.602,0.593,0.603,0.592,1550302.0
2024-04-26,0.594,0.599,0.602,0.591,1263755.0
2024-04-29,0.599,0.609,0.61,0.595,1567755.0
2024-04-30,0.609,0.602,0.611,0.599,1462874.0
2024-05-06,0.607,0.607,0.612,0.605,1005479.0
2024-05-07,0.607,0.626,0.628,0.603,2168261.0
2024-05-08,0.625,0.618,0.625,0.616,1355644.0
2024-05-09,0.618,0.645,0.645,0.615,2254770.0
2024-05-10,0.645,0.64,0.648,0.633,3067466.0
2024-05-13,0.635,0.63,0.636,0.622,1326183.0
2024-05-14,0.629,0.624,0.633,0.621,1003637.0
2024-05-15,0.623,0.617,0.628,0.616,1129357.2
2024-05-16,0.617,0.615,0.624,0.613,1431602.9
2024-05-17,0.614,0.631,0.631,0.613,1838003.99
2024-05-20,0.631,0.638,0.645,0.626,2396309.0
2024-05-21,0.635,0.628,0.636,0.626,1101781.0
2024-05-22,0.628,0.627,0.63,0.621,884746.0
2024-05-23,0.629,0.619,0.631,0.619,1604882.0
2024-05-24,0.616,0.606,0.617,0.606,1307627.65
2024-05-27,0.608,0.608,0.611,0.594,1207747.0
2024-05-28,0.604,0.607,0.616,0.6,1265173.02
2024-05-29,0.606,0.605,0.613,0.601,918005.0
2024-05-30,0.604,0.613,0.617,0.597,1591995.0
2024-05-31,0.611,0.621,0.626,0.611,1328016.0
2024-06-03,0.622,0.615,0.623,0.611,1170080.0
2024-06-04,0.613,0.627,0.627,0.611,1336628.0
2024-06-05,0.625,0.636,0.647,0.623,2604199.0
2024-06-06,0.635,0.622,0.635,0.619,1933857.49
2024-06-07,0.625,0.622,0.631,0.615,2551476.0
2024-06-11,0.619,0.637,0.637,0.615,1756129.0
2024-06-12,0.632,0.633,0.643,0.632,1362438.0
2024-06-13,0.632,0.634,0.638,0.627,1321340.0
2024-06-14,0.632,0.627,0.633,0.622,1216998.0
2024-06-17,0.627,0.63,0.635,0.625,1139747.0
2024-06-18,0.63,0.63,0.634,0.627,1039089.0
2024-06-19,0.63,0.62,0.631,0.619,1147789.0
2024-06-20,0.619,0.608,0.621,0.606,1357223.0
2024-06-21,0.609,0.607,0.614,0.604,1298741.0
2024-06-24,0.605,0.594,0.611,0.594,1257805.65
2024-06-25,0.597,0.586,0.598,0.581,1313501.0
2024-06-26,0.586,0.597,0.598,0.582,1031395.0
2024-06-27,0.593,0.586,0.594,0.585,1061305.0
2024-06-28,0.584,0.603,0.608,0.584,2041244.0
2024-07-01,0.6,0.602,0.604,0.592,2179953.01
2024-07-02,0.602,0.594,0.603,0.592,1267608.0
2024-07-03,0.594,0.584,0.595,0.582,1278915.0
2024-07-04,0.584,0.579,0.588,0.577,968209.0
2024-07-05,0.575,0.58,0.581,0.568,1025138.0
2024-07-08,0.577,0.566,0.578,0.564,1179211.0
2024-07-09,0.566,0.574,0.576,0.56,1491581.0
2024-07-10,0.572,0.573,0.577,0.57,956412.0
2024-07-11,0.578,0.588,0.588,0.575,1136033.0
2024-07-12,0.588,0.582,0.588,0.58,1331103.0
2024-07-15,0.583,0.579,0.585,0.576,982573.0
2024-07-16,0.577,0.585,0.585,0.575,1064719.0
2024-07-17,0.584,0.582,0.587,0.581,1404393.0
2024-07-18,0.579,0.598,0.599,0.576,2280984.0
2024-07-19,0.593,0.605,0.608,0.592,2235175.0
2024-07-22,0.607,0.608,0.614,0.605,1774951.0
2024-07-23,0.608,0.592,0.609,0.591,1356634.0
2024-07-24,0.59,0.598,0.607,0.589,1601627.0
2024-07-25,0.595,0.595,0.598,0.588,1094660.0
2024-07-26,0.595,0.618,0.619,0.594,2305220.0
2024-07-29,0.618,0.619,0.625,0.614,1478096.0
2024-07-30,0.616,0.622,0.625,0.609,2392262.38
2024-07-31,0.619,0.629,0.633,0.614,2704762.0
2024-08-01,0.629,0.628,0.641,0.628,2511532.0
2024-08-02,0.625,0.621,0.637,0.619,1921183.0
2024-08-05,0.623,0.607,0.63,0.607,1567539.0
2024-08-06,0.61,0.624,0.629,0.61,1737339.0
2024-08-07,0.624,0.627,0.632,0.62,1134162.0
2024-08-08,0.623,0.606,0.625,0.603,2052966.0
2024-08-09,0.607,0.601,0.611,0.599,987717.0
2024-08-12,0.599,0.595,0.599,0.59,894001.0
2024-08-13,0.596,0.601,0.602,0.594,959111.0
2024-08-14,0.599,0.592,0.6,0.591,718871.0
2024-08-15,0.591,0.593,0.599,0.587,1249477.0
2024-08-16,0.594,0.583,0.594,0.58,1610561.0
2024-08-19,0.581,0.58,0.588,0.579,1281048.0
2024-08-20,0.579,0.571,0.581,0.567,1790195.0
2024-08-21,0.569,0.567,0.573,0.565,990258.0
2024-08-22,0.567,0.564,0.571,0.561,1024445.0
2024-08-23,0.564,0.566,0.567,0.56,901442.0
2024-08-26,0.565,0.559,0.565,0.555,1164630.0
2024-08-27,0.557,0.551,0.557,0.549,927146.0
2024-08-28,0.55,0.558,0.56,0.548,1479205.0
2024-08-29,0.557,0.567,0.572,0.554,1585974.0
2024-08-30,0.567,0.576,0.582,0.565,1588853.0
2024-09-02,0.572,0.561,0.574,0.56,1377760.0
2024-09-03,0.564,0.569,0.571,0.562,817391.0
2024-09-04,0.567,0.569,0.572,0.563,863939.0
2024-09-05,0.567,0.571,0.575,0.567,1052844.0
2024-09-06,0.57,0.562,0.572,0.56,1005686.0
2024-09-09,0.559,0.558,0.565,0.555,1048350.0
2024-09-10,0.559,0.559,0.562,0.549,1258379.0
2024-09-11,0.555,0.559,0.561,0.555,974582.0
2024-09-12,0.559,0.555,0.565,0.554,778611.0
2024-09-13,0.555,0.55,0.556,0.548,789995.0
2024-09-18,0.546,0.548,0.551,0.538,925365.0
2024-09-19,0.549,0.548,0.552,0.537,1142620.0
2024-09-20,0.547,0.544,0.548,0.538,1112428.0
2024-09-23,0.543,0.545,0.551,0.543,1076834.0
2024-09-24,0.548,0.563,0.563,0.543,1796201.0
2024-09-25,0.566,0.569,0.578,0.563,1873205.87
2024-09-26,0.565,0.589,0.59,0.565,2522828.13
2024-09-27,0.594,0.619,0.621,0.594,1682017.0
2024-09-30,0.65,0.681,0.681,0.635,4753778.0
2024-10-08,0.749,0.749,0.749,0.706,8563218.0
2024-10-09,0.748,0.697,0.748,0.689,5808354.0
2024-10-10,0.699,0.699,0.723,0.681,3732802.13
2024-10-11,0.691,0.659,0.691,0.65,3266993.0
2024-10-14,0.673,0.695,0.696,0.664,5004804.0
2024-10-15,0.695,0.685,0.705,0.674,4799210.0
2024-10-16,0.67,0.676,0.689,0.665,3370418.0
2024-10-17,0.676,0.684,0.695,0.676,3730069.0
2024-10-18,0.679,0.713,0.725,0.674,5151319.0
2024-10-21,0.717,0.74,0.754,0.715,6667482.1
2024-10-22,0.741,0.728,0.741,0.718,4307349.0
2024-10-23,0.726,0.746,0.765,0.721,6116642.4
2024-10-24,0.743,0.729,0.743,0.722,3172540.64
2024-10-25,0.729,0.735,0.74,0.727,3632075.0
2024-10-28,0.742,0.744,0.756,0.737,3634084.0
2024-10-29,0.744,0.735,0.748,0.733,3110257.0
2024-10-30,0.729,0.734,0.745,0.725,2311401.0
2024-10-31,0.73,0.736,0.741,0.723,2367033.0
2024-11-01,0.73,0.716,0.739,0.712,2571876.0
2024-11-04,0.711,0.735,0.739,0.711,2929376.64
2024-11-05,0.743,0.793,0.794,0.743,6222212.0
2024-11-06,0.805,0.793,0.817,0.787,5066217.66
2024-11-07,0.779,0.777,0.78,0.753,6385451.0
2024-11-08,0.777,0.799,0.808,0.776,5857348.0
2024-11-11,0.803,0.817,0.817,0.789,4206779.99
2024-11-12,0.818,0.785,0.819,0.774,5658323.0
2024-11-13,0.778,0.78,0.785,0.764,2772335.96
2024-11-14,0.78,0.751,0.781,0.747,4946857.0
2024-11-15,0.748,0.724,0.75,0.722,2975616.0
2024-11-18,0.725,0.715,0.73,0.709,2591241.0
2024-11-19,0.718,0.726,0.726,0.706,2264121.0
2024-11-20,0.726,0.735,0.737,0.72,1909777.0
2024-11-21,0.734,0.733,0.737,0.727,1301418.0
2024-11-22,0.733,0.71,0.735,0.708,2187116.0
2024-11-25,0.707,0.698,0.707,0.685,2236188.0
2024-11-26,0.695,0.693,0.703,0.692,1176334.0
2024-11-27,0.692,0.717,0.718,0.682,3271681.0
2024-11-28,0.717,0.713,0.727,0.711,2143734.0
2024-11-29,0.711,0.72,0.728,0.704,2159020.0
2024-12-02,0.72,0.726,0.729,0.718,1830378.0
2024-12-03,0.726,0.718,0.726,0.712,1949136.0
2024-12-04,0.718,0.707,0.718,0.703,1912795.0
2024-12-05,0.706,0.714,0.719,0.704,1529302.0
2024-12-06,0.716,0.722,0.725,0.709,1863945.0
2024-12-09,0.721,0.71,0.721,0.705,1912699.0
2024-12-10,0.727,0.718,0.73,0.717,2786845.0
2024-12-11,0.718,0.72,0.72,0.714,1130093.0
2024-12-12,0.722,0.734,0.737,0.722,2561713.0
2024-12-13,0.729,0.713,0.729,0.711,2443769.0
2024-12-16,0.712,0.702,0.712,0.699,1716757.0
2024-12-17,0.702,0.696,0.706,0.693,1481713.0
2024-12-18,0.698,0.7,0.703,0.696,1307767.0
2024-12-19,0.696,0.699,0.7,0.689,1423683.0
2024-12-20,0.7,0.705,0.709,0.696,1529213.0
2024-12-23,0.703,0.691,0.704,0.689,1601831.0
2024-12-24,0.691,0.692,0.696,0.688,1157205.0
2024-12-25,0.692,0.687,0.692,0.68,1381526.0
2024-12-26,0.689,0.698,0.705,0.689,1973301.0
2024-12-27,0.715,0.709,0.721,0.707,3797178.0
2024-12-30,0.711,0.707,0.714,0.702,1425975.0
2024-12-31,0.706,0.695,0.707,0.693,1509106.5
2025-01-02,0.694,0.666,0.694,0.658,2659296.01
2025-01-03,0.666,0.647,0.666,0.645,1910865.0
2025-01-06,0.648,0.64,0.65,0.635,1343698.0
2025-01-07,0.641,0.65,0.651,0.64,1231122.0
2025-01-08,0.649,0.642,0.649,0.625,1498805.0
2025-01-09,0.64,0.658,0.662,0.637,2077495.69
2025-01-10,0.655,0.651,0.671,0.651,2047677.73
2025-01-13,0.645,0.651,0.659,0.641,1324946.0
2025-01-14,0.651,0.672,0.673,0.648,1821097.0
2025-01-15,0.672,0.66,0.672,0.658,1873256.01
2025-01-16,0.663,0.657,0.67,0.653,1504031.0
2025-01-17,0.654,0.669,0.674,0.653,1665984.01
2025-01-20,0.668,0.671,0.676,0.668,1056414.01
2025-01-21,0.672,0.666,0.674,0.661,1106277.0
2025-01-22,0.665,0.661,0.666,0.656,1048266.15
2025-01-23,0.668,0.658,0.673,0.657,1173007.0
2025-01-24,0.658,0.662,0.664,0.655,1153954.0
2025-01-27,0.664,0.655,0.666,0.655,903890.0
2025-02-05,0.656,0.658,0.662,0.652,974807.99
2025-02-06,0.658,0.679,0.679,0.654,2263282.0
2025-02-07,0.679,0.684,0.69,0.675,2025119.0
2025-02-10,0.686,0.689,0.69,0.682,1416484.4
2025-02-11,0.686,0.682,0.688,0.677,1451490.78
2025-02-12,0.679,0.686,0.687,0.678,1819088.0
2025-02-13,0.687,0.682,0.693,0.68,1363256.0
2025-02-14,0.679,0.676,0.681,0.671,1969990.0
2025-02-17,0.677,0.672,0.678,0.666,1998214.0
2025-02-18,0.673,0.656,0.673,0.652,2075139.0
2025-02-19,0.656,0.669,0.669,0.655,1650226.0
2025-02-20,0.669,0.685,0.686,0.666,2675310.0
2025-02-21,0.686,0.689,0.692,0.679,2888670.0
2025-02-24,0.689,0.692,0.699,0.684,1641570.0
2025-02-25,0.686,0.686,0.693,0.682,1286882.0
2025-02-26,0.687,0.697,0.699,0.686,1682064.0
2025-02-27,0.697,0.689,0.698,0.679,1827554.0
2025-02-28,0.685,0.672,0.688,0.67,1653896.0
2025-03-03,0.672,0.677,0.686,0.672,1378201.0
2025-03-04,0.677,0.702,0.704,0.675,3800101.0
2025-03-05,0.702,0.702,0.708,0.698,2258246.0
2025-03-06,0.707,0.714,0.716,0.7,2343091.17
2025-03-07,0.71,0.732,0.746,0.71,4909734.0
2025-03-10,0.735,0.734,0.746,0.731,3270633.33
2025-03-11,0.725,0.756,0.757,0.723,4134142.0
2025-03-12,0.758,0.751,0.768,0.747,4433324.0
2025-03-13,0.748,0.75,0.754,0.737,3306603.0
2025-03-14,0.75,0.751,0.753,0.736,3732988.0
2025-03-17,0.75,0.746,0.753,0.744,2114397.0
2025-03-18,0.746,0.741,0.752,0.739,2705953.99
2025-03-19,0.742,0.735,0.743,0.731,2171453.0
2025-03-20,0.734,0.74,0.749,0.729,3045920.0
2025-03-21,0.736,0.733,0.746,0.728,2244877.0
2025-03-24,0.73,0.718,0.735,0.707,2745132.0
2025-03-25,0.717,0.725,0.738,0.716,3205539.0
2025-03-26,0.723,0.723,0.731,0.72,1840029.21
2025-03-27,0.723,0.718,0.727,0.707,1516618.0
2025-03-28,0.719,0.713,0.721,0.71,1954517.0
2025-03-31,0.71,0.699,0.71,0.691,2698800.0
2025-04-01,0.703,0.714,0.722,0.703,3988808.0
2025-04-02,0.712,0.702,0.712,0.697,2988668.0
2025-04-03,0.7,0.697,0.708,0.694,4193753.0
2025-04-07,0.676,0.64,0.68,0.627,6031698.0
2025-04-08,0.64,0.652,0.657,0.64,2589901.0
2025-04-09,0.647,0.693,0.694,0.643,5185402.0
2025-04-10,0.693,0.696,0.703,0.683,4219175.0
2025-04-11,0.69,0.704,0.711,0.69,3781764.0
2025-04-14,0.703,0.701,0.707,0.699,1898781.0
2025-04-15,0.701,0.688,0.702,0.682,2330959.0
2025-04-16,0.688,0.685,0.696,0.677,1870953.0
2025-04-17,0.681,0.684,0.695,0.68,4053543.0
2025-04-18,0.681,0.679,0.683,0.675,1617467.0
2025-04-21,0.679,0.691,0.693,0.678,2379129.0
2025-04-22,0.69,0.688,0.694,0.685,1420311.0
2025-04-23,0.69,0.686,0.692,0.681,2058745.0
2025-04-24,0.684,0.679,0.684,0.676,1941248.9
2025-04-25,0.68,0.68,0.684,0.674,1336371.0
2025-04-28,0.681,0.675,0.682,0.674,1305759.0
2025-04-29,0.671,0.673,0.675,0.665,1445822.0
2025-04-30,0.672,0.676,0.678,0.671,2266453.8
2025-05-06,0.68,0.687,0.687,0.679,1983889.0
2025-05-07,0.695,0.713,0.726,0.695,7010591.77
2025-05-08,0.712,0.733,0.734,0.704,5737584.98
2025-05-09,0.733,0.713,0.733,0.711,5245945.0
2025-05-12,0.713,0.749,0.759,0.711,7146493.0
2025-05-13,0.75,0.726,0.75,0.723,6090782.9
2025-05-14,0.726,0.72,0.73,0.717,2908447.88
2025-05-15,0.72,0.707,0.722,0.705,3070062.95
2025-05-16,0.705,0.706,0.717,0.705,2560120.8
2025-05-19,0.709,0.715,0.717,0.704,2909519.38
2025-05-20,0.714,0.71,0.715,0.705,3715567.69
2025-05-21,0.707,0.713,0.714,0.707,8102080.69
2025-05-22,0.712,0.71,0.724,0.708,5119885.0
2025-05-23,0.707,0.702,0.711,0.701,3030150.0
2025-05-26,0.702,0.708,0.71,0.7,1615970.0
2025-05-27,0.708,0.704,0.709,0.697,2512612.0
2025-05-28,0.701,0.699,0.706,0.698,1419663.0
2025-05-29,0.7,0.71,0.71,0.698,3258333.28
2025-05-30,0.707,0.714,0.717,0.703,2625425.23
2025-06-03,0.718,0.719,0.73,0.713,3018379.76
2025-06-04,0.716,0.717,0.721,0.715,1589825.18
2025-06-05,0.718,0.719,0.721,0.711,6472059.0
2025-06-06,0.72,0.717,0.73,0.717,5078253.68
2025-06-09,0.723,0.731,0.74,0.722,4214993.0
2025-06-10,0.728,0.716,0.728,0.71,3673163.0
2025-06-11,0.717,0.72,0.722,0.713,1767337.0
2025-06-12,0.717,0.716,0.721,0.714,1848369.26
2025-06-13,0.725,0.729,0.733,0.717,4917396.0
2025-06-16,0.732,0.727,0.732,0.72,2488327.0
2025-06-17,0.726,0.727,0.731,0.719,2579650.04
2025-06-18,0.727,0.731,0.74,0.725,4580833.67
2025-06-19,0.731,0.721,0.731,0.713,3640250.32
2025-06-20,0.718,0.711,0.72,0.709,3338451.13
2025-06-23,0.713,0.72,0.722,0.712,2641264.0
2025-06-24,0.714,0.724,0.727,0.709,3190490.0
2025-06-25,0.724,0.753,0.754,0.724,9100925.0
2025-06-26,0.755,0.751,0.767,0.75,5384787.0
2025-06-27,0.75,0.758,0.767,0.749,4094383.0
2025-06-30,0.762,0.795,0.796,0.762,6293203.0
2025-07-01,0.795,0.791,0.795,0.781,4126511.42
2025-07-02,0.786,0.773,0.786,0.77,4371618.47
2025-07-03,0.77,0.772,0.782,0.768,2748858.65
2025-07-04,0.771,0.768,0.779,0.763,5844063.11
2025-07-07,0.768,0.769,0.775,0.765,2426795.01
2025-07-08,0.77,0.775,0.777,0.768,5051246.39
2025-07-09,0.778,0.772,0.785,0.769,3068574.09
2025-07-10,0.77,0.769,0.771,0.76,5829045.82
2025-07-11,0.769,0.777,0.778,0.767,3093709.28
2025-07-14,0.778,0.772,0.779,0.771,3104792.0
2025-07-15,0.77,0.771,0.775,0.764,2155139.73
2025-07-16,0.769,0.768,0.773,0.765,2796314.49
2025-07-17,0.768,0.794,0.795,0.766,7068948.62
2025-07-18,0.792,0.804,0.806,0.791,5329623.62
2025-07-21,0.802,0.811,0.812,0.801,3093664.72
2025-07-22,0.81,0.812,0.823,0.805,4075662.63
2025-07-23,0.809,0.8,0.809,0.796,3948230.45
2025-07-24,0.799,0.816,0.816,0.799,3394933.94
2025-07-25,0.816,0.817,0.817,0.808,3372256.91
2025-07-28,0.818,0.829,0.831,0.814,4461943.35
2025-07-29,0.828,0.841,0.842,0.823,5804790.35
2025-07-30,0.842,0.829,0.848,0.819,6757460.73
2025-07-31,0.822,0.826,0.835,0.818,3961065.0
2025-08-01,0.824,0.81,0.825,0.807,3870528.5
2025-08-04,0.805,0.835,0.835,0.805,5306816.46
2025-08-05,0.836,0.835,0.847,0.831,4512300.9
2025-08-06,0.835,0.855,0.858,0.832,5166213.23
2025-08-07,0.853,0.846,0.854,0.84,4004213.23
2025-08-08,0.843,0.838,0.849,0.837,3481545.0
2025-08-11,0.838,0.846,0.851,0.838,3819875.51
2025-08-12,0.846,0.833,0.846,0.826,5526094.0
2025-08-13,0.833,0.845,0.846,0.832,6022851.62
2025-08-14,0.843,0.83,0.848,0.826,4439389.29
2025-08-15,0.827,0.841,0.842,0.826,5204822.78
2025-08-18,0.847,0.857,0.858,0.841,6406775.0
2025-08-19,0.855,0.843,0.857,0.838,4090343.36
2025-08-20,0.841,0.847,0.849,0.834,5394476.45
2025-08-21,0.844,0.844,0.851,0.839,4948166.0
2025-08-22,0.843,0.865,0.866,0.838,6219800.47
2025-08-25,0.866,0.881,0.881,0.863,7718889.66
2025-08-26,0.879,0.867,0.879,0.865,4164471.27
2025-08-27,0.866,0.849,0.872,0.847,6897371.44
2025-08-28,0.848,0.866,0.866,0.832,5449081.46
2025-08-29,0.866,0.874,0.874,0.858,5283066.0
2025-09-01,0.874,0.87,0.874,0.854,4618652.97
2025-09-02,0.87,0.85,0.87,0.837,4432335.96
2025-09-03,0.852,0.799,0.855,0.794,10884891.9
2025-09-04,0.794,0.772,0.798,0.762,9453629.66
2025-09-05,0.771,0.783,0.786,0.768,4444603.82
2025-09-08,0.782,0.787,0.789,0.775,2463724.79
2025-09-09,0.787,0.777,0.788,0.773,2141133.16
2025-09-10,0.778,0.782,0.789,0.776,2143455.93
2025-09-11,0.782,0.801,0.802,0.779,6915396.0
2025-09-12,0.8,0.798,0.805,0.795,2910207.64
2025-09-15,0.798,0.789,0.799,0.789,2267486.0
2025-09-16,0.79,0.786,0.791,0.777,2589922.26
2025-09-17,0.785,0.794,0.794,0.782,2410680.89
2025-09-18,0.794,0.79,0.807,0.783,4802100.0
2025-09-19,0.788,0.804,0.812,0.788,6053902.31
2025-09-22,0.805,0.807,0.808,0.799,3068941.21
2025-09-23,0.81,0.803,0.816,0.791,2741720.15
2025-09-24,0.799,0.81,0.812,0.796,4947160.0
2025-09-25,0.807,0.805,0.81,0.8,3252728.0
2025-09-26,0.804,0.809,0.822,0.801,3194376.83
2025-09-29,0.811,0.814,0.817,0.8,3748041.0
2025-09-30,0.813,0.844,0.845,0.813,4864992.43
2025-10-09,0.843,0.853,0.854,0.832,4031895.47
2025-10-10,0.851,0.845,0.858,0.84,2889992.0
2025-10-13,0.83,0.85,0.851,0.826,3957819.72
2025-10-14,0.851,0.836,0.859,0.833,3194814.48
2025-10-15,0.833,0.834,0.836,0.82,2587348.89
2025-10-16,0.835,0.829,0.843,0.825,2805573.52
2025-10-17,0.827,0.798,0.832,0.796,4058527.38
2025-10-20,0.804,0.801,0.809,0.795,2547359.93
2025-10-21,0.8,0.808,0.809,0.799,2589918.01
2025-10-22,0.804,0.797,0.805,0.796,1668366.44
2025-10-23,0.796,0.796,0.798,0.783,1679058.01
2025-10-24,0.804,0.813,0.818,0.803,3567991.73
2025-10-27,0.818,0.824,0.827,0.816,8277437.52
2025-10-28,0.825,0.836,0.843,0.822,5336701.91
2025-10-29,0.837,0.841,0.845,0.833,9476842.47
2025-10-30,0.831,0.821,0.834,0.819,4273412.0
2025-10-31,0.817,0.81,0.822,0.808,3959739.0
2025-11-03,0.81,0.809,0.811,0.796,2203703.0
2025-11-04,0.807,0.798,0.809,0.793,2612560.0
2025-11-05,0.79,0.797,0.799,0.787,2759768.1
2025-11-06,0.796,0.809,0.812,0.796,2502608.57
2025-11-07,0.806,0.803,0.806,0.798,1464515.0
2025-11-10,0.803,0.804,0.809,0.795,1555599.0
2025-11-11,0.804,0.797,0.807,0.795,3988655.36
2025-11-12,0.795,0.789,0.796,0.78,2430385.9
2025-11-13,0.785,0.793,0.796,0.785,1544097.55
2025-11-14,0.79,0.789,0.797,0.788,1756289.0
2025-11-17,0.8,0.797,0.806,0.793,3225479.5
2025-11-18,0.793,0.785,0.794,0.781,1872081.0
2025-11-19,0.785,0.787,0.791,0.781,6740679.0
2025-11-20,0.785,0.779,0.786,0.777,2446436.0
2025-11-21,0.773,0.763,0.778,0.758,3397698.0
2025-11-24,0.764,0.791,0.791,0.764,3624500.0
2025-11-25,0.791,0.786,0.792,0.781,2368272.0
2025-11-26,0.786,0.772,0.786,0.77,2430307.0
2025-11-27,0.771,0.769,0.775,0.768,4017684.0
2025-11-28,0.77,0.777,0.778,0.768,1252585.9
2025-12-01,0.78,0.783,0.787,0.779,1654703.8
2025-12-02,0.781,0.778,0.784,0.776,2253712.22
2025-12-03,0.777,0.771,0.778,0.767,1202400.22
2025-12-04,0.771,0.775,0.781,0.768,1945859.0
2025-12-05,0.774,0.791,0.793,0.772,1906164.0
2025-12-08,0.795,0.799,0.81,0.795,2688031.01
2025-12-09,0.796,0.794,0.803,0.79,1417778.44
2025-12-10,0.794,0.803,0.804,0.791,1384096.0
2025-12-11,0.804,0.8,0.812,0.799,1756765.04
2025-12-12,0.801,0.81,0.811,0.796,1941429.69
2025-12-15,0.81,0.823,0.827,0.806,5565490.69
2025-12-16,0.82,0.816,0.821,0.801,2680163.11
2025-12-17,0.81,0.814,0.82,0.799,1761613.5
2025-12-18,0.809,0.824,0.835,0.807,2294375.51
2025-12-19,0.825,0.836,0.844,0.825,1887642.82
2025-12-22,0.843,0.837,0.846,0.835,1725022.23
2025-12-23,0.835,0.826,0.845,0.822,3644433.73
2025-12-24,0.822,0.849,0.854,0.821,3943038.74
2025-12-25,0.849,0.878,0.882,0.848,4919945.09
2025-12-26,0.878,0.881,0.888,0.867,2072273.0
2025-12-29,0.881,0.891,0.895,0.88,1557147.77
2025-12-30,0.89,0.885,0.902,0.881,3053120.0
2025-12-31,0.88,0.904,0.906,0.879,2553883.94
2026-01-05,0.918,0.923,0.928,0.903,1779403.43
2026-01-06,0.92,0.954,0.955,0.914,2525294.44
2026-01-07,0.95,0.948,0.958,0.933,5054727.19
2026-01-08,0.941,0.996,0.9980000000000001,0.941,2490100.19
2026-01-09,1.013,1.033,1.053,1.009,4434269.54
2026-01-12,1.048,1.106,1.11,1.043,3549331.66
2026-01-13,1.089,1.023,1.089,1.013,7252365.68
2026-01-14,1.02,1.035,1.07,1.02,3883702.84
2026-01-15,1.017,1.003,1.026,0.994,1826918.98
2026-01-16,1.002,1.007,1.015,0.988,1817442.13
2026-01-19,0.997,1.028,1.037,0.99,3116213.81
2026-01-20,1.026,0.997,1.034,0.984,2552264.91
2026-01-21,0.988,0.9989999999999999,1.011,0.987,2007268.94
2026-01-22,0.9989999999999999,1.031,1.034,0.995,2163330.1
2026-01-23,1.038,1.064,1.072,1.027,3462972.07
2026-01-26,1.064,1.025,1.064,1.014,2485621.99
2026-01-27,1.013,1.043,1.047,1.008,1612660.02
2026-01-28,1.044,1.028,1.044,1.021,1804720.98
2026-01-29,1.025,1.003,1.03,1.003,1945732.76
2026-01-30,0.997,0.983,1.005,0.961,1714965.17
2026-02-02,0.98,0.962,0.9989999999999999,0.96,1334862.02
2026-02-03,0.972,1.005,1.006,0.967,1882373.44
2026-02-04,1.001,1.006,1.023,0.992,1603698.4
2026-02-05,0.997,0.9989999999999999,1.018,0.993,999291.83
2026-02-06,0.992,0.978,0.9980000000000001,0.975,1510109.0
2026-02-09,0.992,0.997,1.0,0.984,1425564.0
2026-02-10,1.0,0.997,1.005,0.981,1266676.0
2026-02-11,0.995,0.987,1.005,0.986,1426930.0
2026-02-12,0.986,1.0,1.004,0.983,1267569.94
2026-02-13,0.9980000000000001,1.007,1.015,0.996,1390201.0
2026-02-24,1.012,1.018,1.028,1.005,1153463.0
2026-02-25,1.014,1.032,1.037,1.012,3539777.03
2026-02-26,1.032,1.054,1.061,1.023,1715903.08
2026-02-27,1.047,1.055,1.062,1.041,1754424.89
2026-03-02,1.081,1.081,1.089,1.053,2720710.95
2026-03-03,1.08,1.0,1.081,0.996,3435611.95
2026-03-04,0.978,1.012,1.02,0.973,1867049.88
2026-03-05,1.015,1.016,1.024,1.003,1526551.8
2026-03-06,1.005,1.024,1.043,1.005,1424215.27
2026-03-09,1.006,1.001,1.007,0.981,2199203.2
2026-03-10,1.001,1.018,1.031,0.997,1392725.59
2026-03-11,1.023,1.002,1.023,1.0,1218225.0
2026-03-12,1.001,0.984,1.002,0.975,1360383.0
2026-03-13,0.983,0.951,0.983,0.948,2078989.08
2026-03-16,0.952,0.953,0.954,0.935,1224469.0
2026-03-17,0.955,0.929,0.96,0.928,1378313.0
2026-03-18,0.927,0.942,0.944,0.922,1205496.0
2026-03-19,0.926,0.915,0.928,0.91,1314175.0
2026-03-20,0.914,0.892,0.921,0.89,1035789.0
2026-03-23,0.882,0.854,0.883,0.847,1591993.35
2026-03-24,0.863,0.875,0.876,0.853,1210970.0
2026-03-25,0.878,0.89,0.893,0.877,1912930.81
2026-03-26,0.891,0.874,0.892,0.87,1678981.74
2026-03-27,0.859,0.88,0.886,0.859,2555750.95
2026-03-30,0.869,0.894,0.895,0.867,1189441.32
2026-03-31,0.893,0.888,0.912,0.886,1225724.02
2026-04-01,0.9,0.891,0.903,0.884,707072.0
2026-04-02,0.891,0.875,0.899,0.871,1089670.0
2026-04-03,0.874,0.864,0.88,0.86,821551.0
2026-04-07,0.866,0.86,0.87,0.854,676328.0
2026-04-08,0.875,0.905,0.907,0.875,2735734.0
2026-04-09,0.897,0.899,0.908,0.893,826796.74
2026-04-10,0.905,0.911,0.922,0.905,2058763.74
2026-04-13,0.905,0.92,0.924,0.904,1334017.0
2026-04-14,0.923,0.935,0.939,0.919,1689778.0
2026-04-15,0.939,0.932,0.953,0.929,1480507.0
2026-04-16,0.932,0.936,0.937,0.924,1054059.0
2026-04-17,0.933,0.947,0.949,0.93,955693.32
2026-04-20,0.945,0.965,0.967,0.945,1538443.0
2026-04-21,0.963,0.955,0.964,0.948,908057.0
2026-04-22,0.948,0.961,0.962,0.944,762480.0
2026-04-23,0.963,0.955,0.976,0.948,1457634.0
2026-04-24,0.949,0.93,0.951,0.929,1230535.69
2026-04-27,0.929,0.929,0.93,0.915,746177.99
2026-04-28,0.929,0.903,0.93,0.9,1229848.6
2026-04-29,0.897,0.904,0.907,0.894,1002987.0
2026-04-30,0.901,0.915,0.917,0.9,1019327.0
2026-05-06,0.92,0.94,0.947,0.919,1187289.0
2026-05-07,0.942,0.953,0.953,0.937,1501827.0
2026-05-08,0.951,0.972,0.974,0.943,1600109.0
2026-05-11,0.976,0.98,0.989,0.975,2047155.65
2026-05-12,0.98,0.973,0.982,0.957,1212945.0
2026-05-13,0.965,0.983,0.984,0.959,1214279.0
2026-05-14,0.981,0.942,0.986,0.941,1404203.0
2026-05-15,0.941,0.916,0.948,0.911,1328139.0
2026-05-18,0.91,0.919,0.929,0.91,1395686.81
2026-05-19,0.918,0.922,0.922,0.899,852282.0
2026-05-20,0.917,0.915,0.921,0.91,803253.46
2026-05-21,0.917,0.897,0.934,0.894,1182979.0
2026-05-22,0.898,0.91,0.914,0.895,1603237.0
2026-05-25,0.917,0.927,0.928,0.909,2001972.0
2026-05-26,0.918,0.905,0.922,0.893,1844416.0
2026-05-27,0.903,0.887,0.912,0.881,845026.0
2026-05-28,0.883,0.902,0.906,0.883,1738390.93
2026-05-29,0.902,0.859,0.904,0.853,3844159.0
2026-06-01,0.857,0.85,0.867,0.847,872445.0
2026-06-02,0.847,0.848,0.854,0.829,971478.0
2026-06-03,0.845,0.852,0.865,0.845,1607204.0
2026-06-04,0.844,0.856,0.858,0.844,839235.0
2026-06-05,0.853,0.854,0.869,0.845,1181289.03
2026-06-08,0.839,0.819,0.848,0.809,1304317.0
2026-06-09,0.821,0.829,0.831,0.811,803630.0
2026-06-10,0.823,0.817,0.836,0.808,873221.0
2026-06-11,0.807,0.819,0.825,0.802,1302614.0
2026-06-12,0.833,0.835,0.857,0.831,2728143.0
2026-06-15,0.834,0.85,0.85,0.827,916258.0
2026-06-16,0.852,0.855,0.861,0.85,755183.0
2026-06-17,0.853,0.865,0.87,0.848,775832.0
2026-06-18,0.86,0.873,0.884,0.857,923638.0
2026-06-22,0.873,0.877,0.878,0.851,971033.0
2026-06-23,0.872,0.844,0.872,0.839,866340.0
2026-06-24,0.839,0.849,0.854,0.832,598214.0
2026-06-25,0.846,0.849,0.864,0.841,682099.0
2026-06-26,0.843,0.839,0.853,0.829,918603.0
2026-06-29,0.838,0.833,0.847,0.821,864316.88
2026-06-30,0.831,0.865,0.867,0.831,1198252.0
2026-07-01,0.864,0.866,0.88,0.859,877511.0
2026-07-02,0.857,0.841,0.865,0.839,1004064.0
2026-07-03,0.841,0.865,0.871,0.841,873105.0
2026-07-06,0.866,0.843,0.876,0.836,932729.0
2026-07-07,0.84,0.822,0.85,0.817,1332482.0
2026-07-08,0.818,0.8,0.828,0.8,1085121.0
2026-07-09,0.801,0.815,0.816,0.783,930195.0
2026-07-10,0.812,0.821,0.862,0.81,2406346.0
2026-07-13,0.821,0.772,0.823,0.77,2604757.0
2026-07-14,0.767,0.761,0.768,0.737,1757358.0
2026-07-15,0.754,0.751,0.767,0.747,1154475.0
2026-07-16,0.744,0.739,0.754,0.734,1416445.0
2026-07-17,0.737,0.706,0.737,0.699,1638541.0
2026-07-20,0.712,0.702,0.719,0.685,1346287.65
2026-07-21,0.704,0.729,0.729,0.694,1567548.56
2026-07-22,0.724,0.721,0.735,0.718,755431.57
2026-07-23,0.719,0.735,0.736,0.719,977907.0
2026-07-24,0.73,0.721,0.74,0.719,965294.36
2026-07-27,0.717,0.741,0.743,0.717,1269383.0
2026-07-28,0.732,0.72,0.734,0.715,1160605.0
2026-07-29,0.721,0.733,0.735,0.714,932279.0
2026-07-30,0.728,0.722,0.734,0.712,1087070.97
2026-07-31,0.73,0.73,0.742,0.728,1022875.65
