date,open,close,high,low,volume
2017-08-03,0.5077792786032318,0.4997748761819001,0.5112812046625644,0.4997748761819001,2528154.28
2017-08-04,0.5002751513332333,0.4997748761819001,0.5027765270898994,0.4987743258792336,129093.1
2017-08-07,0.4997748761819001,0.49777377557656716,0.5002751513332333,0.49477212466856774,80293.68
2017-08-08,0.4972735004252339,0.49677322527390066,0.4987743258792336,0.4957726749712342,49000.88
2017-08-09,0.4987743258792336,0.4902696483065686,0.4987743258792336,0.48926909800390217,55734.0
2017-08-10,0.4902696483065686,0.4882685477012357,0.4922707489119016,0.4852668967932363,70530.53
2017-08-11,0.4852668967932363,0.4817649707339037,0.48626744709590275,0.47726249437190454,62864.34
2017-08-14,0.47826304467457104,0.4822652458852369,0.4842663464905698,0.4767622192205713,53789.67
2017-08-15,0.4822652458852369,0.48676772224723597,0.4907699234579019,0.4812646955825704,42921.59
2017-08-16,0.4852668967932363,0.4842663464905698,0.4852668967932363,0.4817649707339037,16429.03
2017-08-17,0.4837660713392366,0.48476662164190304,0.48476662164190304,0.4822652458852369,25952.0
2017-08-18,0.4812646955825704,0.4852668967932363,0.48726799739856924,0.4812646955825704,26708.14
2017-08-21,0.4852668967932363,0.4852668967932363,0.48576717194456953,0.4827655210365701,23677.27
2017-08-22,0.4842663464905698,0.48776827254990246,0.48776827254990246,0.48326579618790333,33074.06
2017-08-23,0.48776827254990246,0.49377157436590124,0.4972735004252339,0.48776827254990246,92123.03
2017-08-24,0.49477212466856774,0.49477212466856774,0.5002751513332333,0.49377157436590124,102118.34
2017-08-25,0.4972735004252339,0.5092801040572316,0.510280654359898,0.49677322527390066,862925.28
2017-08-28,0.510280654359898,0.5132823052678974,0.5197858822352294,0.5097803792085647,777125.6
2017-08-29,0.5117814798138977,0.5132823052678974,0.5142828555705639,0.5092801040572316,181225.0
2017-08-30,0.5132823052678974,0.5087798289058982,0.5182850567812297,0.5077792786032318,168203.0
2017-08-31,0.5092801040572316,0.5047776276952324,0.5097803792085647,0.5007754264845665,264945.0
2017-09-01,0.5042773525438992,0.5022762519385663,0.5067787283005653,0.4997748761819001,160435.0
2017-09-04,0.5012757016358997,0.5052779028465656,0.5052779028465656,0.4982740507279004,199197.0
2017-09-05,0.5052779028465656,0.5092801040572316,0.5112812046625644,0.5002751513332333,157958.0
2017-09-06,0.5067787283005653,0.5062784531492321,0.508279553754565,0.5047776276952324,58849.0
2017-09-07,0.5062784531492321,0.5012757016358997,0.5072790034518986,0.5012757016358997,70107.16
2017-09-08,0.5007754264845665,0.501775976787233,0.5047776276952324,0.5002751513332333,62172.0
2017-09-11,0.5022762519385663,0.501775976787233,0.5062784531492321,0.5012757016358997,87592.16
2017-09-12,0.5022762519385663,0.5022762519385663,0.5027765270898994,0.4992746010305668,125543.16
2017-09-13,0.501775976787233,0.5012757016358997,0.501775976787233,0.4992746010305668,62013.0
2017-09-14,0.5002751513332333,0.49627295012256745,0.5007754264845665,0.4957726749712342,115423.0
2017-09-15,0.49527239981990095,0.4957726749712342,0.49627295012256745,0.493271299214568,94257.0
2017-09-18,0.4942718495172345,0.4957726749712342,0.4972735004252339,0.4942718495172345,84705.0
2017-09-19,0.49477212466856774,0.4942718495172345,0.49677322527390066,0.4917704737605683,155125.0
2017-09-20,0.49477212466856774,0.49477212466856774,0.49627295012256745,0.4927710240632348,75296.0
2017-09-21,0.49527239981990095,0.4972735004252339,0.4997748761819001,0.49377157436590124,79639.0
2017-09-22,0.49627295012256745,0.4972735004252339,0.5007754264845665,0.49627295012256745,72293.0
2017-09-25,0.4957726749712342,0.4987743258792336,0.4992746010305668,0.49477212466856774,86116.0
2017-09-26,0.4982740507279004,0.49677322527390066,0.4982740507279004,0.49627295012256745,64101.82
2017-09-27,0.49627295012256745,0.493271299214568,0.49627295012256745,0.4922707489119016,185703.0
2017-09-28,0.4927710240632348,0.4912701986092351,0.49377157436590124,0.4902696483065686,94060.1
2017-09-29,0.4907699234579019,0.49377157436590124,0.4942718495172345,0.4907699234579019,83278.1
2017-10-09,0.5092801040572316,0.5002751513332333,0.5112812046625644,0.4982740507279004,221242.46
2017-10-10,0.4997748761819001,0.5012757016358997,0.501775976787233,0.49677322527390066,103971.46
2017-10-11,0.5007754264845665,0.5022762519385663,0.5047776276952324,0.5002751513332333,63929.46
2017-10-12,0.5027765270898994,0.5027765270898994,0.5042773525438992,0.501775976787233,102484.99
2017-10-13,0.5027765270898994,0.501775976787233,0.5032768022412327,0.5012757016358997,38624.25
2017-10-16,0.501775976787233,0.5047776276952324,0.5057781779978988,0.5007754264845665,155295.5
2017-10-17,0.5027765270898994,0.5042773525438992,0.5062784531492321,0.5027765270898994,59833.0
2017-10-18,0.5037770773925658,0.5062784531492321,0.5067787283005653,0.5027765270898994,80493.3
2017-10-19,0.5057781779978988,0.5057781779978988,0.5072790034518986,0.5047776276952324,121842.35
2017-10-20,0.5052779028465656,0.5042773525438992,0.5052779028465656,0.5032768022412327,30161.9
2017-10-23,0.5042773525438992,0.5007754264845665,0.5042773525438992,0.5002751513332333,102411.0
2017-10-24,0.5002751513332333,0.501775976787233,0.5027765270898994,0.4997748761819001,47586.0
2017-10-25,0.5012757016358997,0.5012757016358997,0.5012757016358997,0.4997748761819001,25925.0
2017-10-26,0.5007754264845665,0.4972735004252339,0.5007754264845665,0.49627295012256745,66293.0
2017-10-27,0.49777377557656716,0.5052779028465656,0.5052779028465656,0.4972735004252339,162558.42
2017-10-30,0.5047776276952324,0.5032768022412327,0.5057781779978988,0.5022762519385663,50087.16
2017-10-31,0.5022762519385663,0.4997748761819001,0.5022762519385663,0.4992746010305668,34059.16
2017-11-01,0.4997748761819001,0.49677322527390066,0.5002751513332333,0.49527239981990095,100456.0
2017-11-02,0.49627295012256745,0.4957726749712342,0.49677322527390066,0.4927710240632348,68539.0
2017-11-03,0.49527239981990095,0.49677322527390066,0.49677322527390066,0.4907699234579019,46525.0
2017-11-06,0.49527239981990095,0.4922707489119016,0.49527239981990095,0.4907699234579019,42635.0
2017-11-07,0.4917704737605683,0.49777377557656716,0.4997748761819001,0.4917704737605683,66209.0
2017-11-08,0.49777377557656716,0.4982740507279004,0.5022762519385663,0.4972735004252339,83374.0
2017-11-09,0.4987743258792336,0.4982740507279004,0.501775976787233,0.4972735004252339,37240.0
2017-11-10,0.4997748761819001,0.4957726749712342,0.4997748761819001,0.493271299214568,93543.0
2017-11-13,0.49477212466856774,0.5027765270898994,0.5072790034518986,0.49477212466856774,199039.0
2017-11-14,0.5022762519385663,0.5002751513332333,0.5032768022412327,0.4997748761819001,54614.0
2017-11-15,0.5002751513332333,0.5002751513332333,0.5012757016358997,0.4982740507279004,33943.0
2017-11-16,0.5002751513332333,0.49677322527390066,0.5002751513332333,0.4957726749712342,99271.0
2017-11-17,0.49677322527390066,0.5107809295112311,0.5112812046625644,0.49677322527390066,275199.46
2017-11-20,0.5067787283005653,0.5187853319325629,0.5187853319325629,0.5067787283005653,198579.71
2017-11-21,0.5137825804192305,0.5217869828405624,0.5277902846565611,0.5137825804192305,132985.71
2017-11-22,0.523287808294562,0.5327930361698935,0.5387963379858922,0.523287808294562,124432.55
2017-11-23,0.5322927610185603,0.5242883585972286,0.5382960628345591,0.5217869828405624,144769.66
2017-11-24,0.525288908899895,0.5287908349592275,0.5322927610185603,0.5222872579918956,65299.55
2017-11-27,0.5287908349592275,0.5227875331432288,0.5287908349592275,0.51678423132723,152290.38
2017-11-28,0.5212867076892291,0.51678423132723,0.5227875331432288,0.5142828555705639,80983.0
2017-11-29,0.5177847816298964,0.51678423132723,0.5197858822352294,0.5117814798138977,59517.0
2017-11-30,0.5152834058732303,0.5152834058732303,0.5187853319325629,0.5122817549652309,70940.0
2017-12-01,0.5127820301165641,0.5127820301165641,0.5172845064785633,0.5092801040572316,88227.0
2017-12-04,0.5112812046625644,0.5132823052678974,0.5142828555705639,0.5097803792085647,53180.25
2017-12-05,0.5132823052678974,0.5217869828405624,0.5247886337485617,0.5127820301165641,293255.31
2017-12-06,0.5202861573865627,0.5162839561758967,0.5202861573865627,0.5122817549652309,58503.31
2017-12-07,0.5152834058732303,0.5117814798138977,0.5152834058732303,0.5072790034518986,77523.0
2017-12-08,0.5112812046625644,0.5112812046625644,0.5122817549652309,0.5087798289058982,146029.63
2017-12-11,0.5112812046625644,0.5127820301165641,0.5132823052678974,0.5062784531492321,84559.0
2017-12-12,0.5117814798138977,0.5062784531492321,0.5122817549652309,0.5057781779978988,47010.0
2017-12-13,0.5062784531492321,0.5077792786032318,0.508279553754565,0.5037770773925658,48030.47
2017-12-14,0.5072790034518986,0.5062784531492321,0.5107809295112311,0.5052779028465656,60806.11
2017-12-15,0.5062784531492321,0.4997748761819001,0.5062784531492321,0.4992746010305668,75460.64
2017-12-18,0.4987743258792336,0.5022762519385663,0.5032768022412327,0.4987743258792336,68850.47
2017-12-19,0.5007754264845665,0.5092801040572316,0.5092801040572316,0.5007754264845665,59925.0
2017-12-20,0.5077792786032318,0.5077792786032318,0.510280654359898,0.5062784531492321,22730.0
2017-12-21,0.5077792786032318,0.5097803792085647,0.5117814798138977,0.5067787283005653,50969.0
2017-12-22,0.510280654359898,0.5072790034518986,0.510280654359898,0.5067787283005653,28339.64
2017-12-25,0.5072790034518986,0.5057781779978988,0.5112812046625644,0.5057781779978988,57152.0
2017-12-26,0.5077792786032318,0.5112812046625644,0.5117814798138977,0.5052779028465656,52730.91
2017-12-27,0.5122817549652309,0.5067787283005653,0.5127820301165641,0.5037770773925658,41408.55
2017-12-28,0.5057781779978988,0.5062784531492321,0.5072790034518986,0.5037770773925658,35236.0
2017-12-29,0.5062784531492321,0.5087798289058982,0.5087798289058982,0.5052779028465656,50184.0
2018-01-02,0.5087798289058982,0.5147831307218971,0.5197858822352294,0.5087798289058982,111801.0
2018-01-03,0.5147831307218971,0.5157836810245635,0.5197858822352294,0.5137825804192305,98268.09
2018-01-04,0.5162839561758967,0.5152834058732303,0.5177847816298964,0.5137825804192305,62088.46
2018-01-05,0.5162839561758967,0.51678423132723,0.5177847816298964,0.5137825804192305,85758.21
2018-01-08,0.51678423132723,0.5152834058732303,0.51678423132723,0.5132823052678974,146759.0
2018-01-09,0.5147831307218971,0.5147831307218971,0.5162839561758967,0.5132823052678974,108241.0
2018-01-10,0.5147831307218971,0.5267897343538946,0.527290009505228,0.5137825804192305,172010.69
2018-01-11,0.5262894592025614,0.5267897343538946,0.5307919355645605,0.5242883585972286,127088.0
2018-01-12,0.5267897343538946,0.5292911101105608,0.5327930361698935,0.5267897343538946,86305.0
2018-01-15,0.527290009505228,0.5392966131372255,0.5427985391965581,0.527290009505228,131051.17
2018-01-16,0.5397968882885588,0.5412977137425584,0.5417979888938916,0.5352944119265597,113875.64
2018-01-17,0.5417979888938916,0.5463004652558908,0.559807894341888,0.5417979888938916,236092.33
2018-01-18,0.5493021161638902,0.557306518585222,0.5578067937365552,0.5488018410125569,342813.81
2018-01-19,0.559807894341888,0.5653109210065536,0.5738155985792186,0.5583070688878884,339312.76
2018-01-22,0.559807894341888,0.5578067937365552,0.570313672519886,0.555305417979889,265598.96
2018-01-23,0.5578067937365552,0.5753164240332183,0.5753164240332183,0.5578067937365552,410971.13
2018-01-24,0.5773175246385512,0.5778177997898845,0.5893241282705488,0.5738155985792186,371407.0
2018-01-25,0.5753164240332183,0.5733153234278853,0.5763169743358847,0.5643103707038871,262823.0
2018-01-26,0.5733153234278853,0.5753164240332183,0.58332082645455,0.5713142228225524,261625.77
2018-01-29,0.5743158737305518,0.5713142228225524,0.5838211016058833,0.568312571914553,280073.34
2018-01-30,0.568312571914553,0.5603081694932214,0.5713142228225524,0.5603081694932214,163659.0
2018-01-31,0.5603081694932214,0.5708139476712192,0.5708139476712192,0.5558056931312222,167430.93
2018-02-01,0.5713142228225524,0.576817249487218,0.5783180749412177,0.568312571914553,297140.94
2018-02-02,0.5763169743358847,0.5733153234278853,0.5763169743358847,0.5638100955525539,200641.8
2018-02-05,0.5698133973685527,0.593826604632548,0.5943268797838811,0.56631147130922,378230.4
2018-02-06,0.5843213767572165,0.58332082645455,0.5898244034218821,0.5763169743358847,600820.4
2018-02-07,0.5898244034218821,0.56631147130922,0.598329080994547,0.5633098204012207,605332.4
2018-02-08,0.5603081694932214,0.5463004652558908,0.5623092700985542,0.5382960628345591,409011.09
2018-02-09,0.5292911101105608,0.5292911101105608,0.5357946870778928,0.5097803792085647,534137.4
2018-02-12,0.525288908899895,0.5227875331432288,0.5287908349592275,0.5177847816298964,478861.49
2018-02-13,0.527290009505228,0.5307919355645605,0.5367952373805593,0.5262894592025614,198290.0
2018-02-14,0.5292911101105608,0.5307919355645605,0.5327930361698935,0.5262894592025614,158647.0
2018-02-22,0.5397968882885588,0.5427985391965581,0.5442993646505578,0.5387963379858922,218183.45
2018-02-23,0.5412977137425584,0.546800740407224,0.5473010155585573,0.540297163439892,194898.0
2018-02-26,0.5478012907098905,0.546800740407224,0.5528040422232228,0.5432988143478914,153660.0
2018-02-27,0.546800740407224,0.5362949622292261,0.5478012907098905,0.5327930361698935,235252.0
2018-02-28,0.5302916604132273,0.5282905598078944,0.5317924858672269,0.5257891840512282,212369.0
2018-03-01,0.5267897343538946,0.5297913852618941,0.5327930361698935,0.525288908899895,157671.0
2018-03-02,0.5277902846565611,0.525288908899895,0.5287908349592275,0.5227875331432288,154190.0
2018-03-05,0.525288908899895,0.5242883585972286,0.5292911101105608,0.5217869828405624,132058.0
2018-03-06,0.5262894592025614,0.5262894592025614,0.5282905598078944,0.5197858822352294,285114.74
2018-03-07,0.5292911101105608,0.5287908349592275,0.5357946870778928,0.5282905598078944,387824.74
2018-03-08,0.5292911101105608,0.5287908349592275,0.5302916604132273,0.5242883585972286,152027.74
2018-03-09,0.5292911101105608,0.5297913852618941,0.5317924858672269,0.527290009505228,173298.0
2018-03-12,0.5307919355645605,0.5277902846565611,0.5332933113212267,0.527290009505228,293930.0
2018-03-13,0.5277902846565611,0.5267897343538946,0.5327930361698935,0.5262894592025614,297483.0
2018-03-14,0.5262894592025614,0.5227875331432288,0.5267897343538946,0.5202861573865627,193348.0
2018-03-15,0.5217869828405624,0.5222872579918956,0.5237880834458952,0.5207864325378958,139367.0
2018-03-16,0.5227875331432288,0.5172845064785633,0.5227875331432288,0.51678423132723,157390.0
2018-03-19,0.51678423132723,0.5187853319325629,0.5187853319325629,0.5142828555705639,171045.0
2018-03-20,0.51678423132723,0.5212867076892291,0.5222872579918956,0.5157836810245635,208183.0
2018-03-21,0.5227875331432288,0.5222872579918956,0.5267897343538946,0.5202861573865627,240988.0
2018-03-22,0.5217869828405624,0.5187853319325629,0.5237880834458952,0.5162839561758967,172471.0
2018-03-23,0.5077792786032318,0.5057781779978988,0.510280654359898,0.5007754264845665,425550.0
2018-03-26,0.501775976787233,0.49477212466856774,0.5032768022412327,0.4912701986092351,224535.0
2018-03-27,0.4992746010305668,0.493271299214568,0.5012757016358997,0.4907699234579019,274564.0
2018-03-28,0.4927710240632348,0.493271299214568,0.5002751513332333,0.4902696483065686,256782.01
2018-03-29,0.4942718495172345,0.5012757016358997,0.5047776276952324,0.4882685477012357,402809.22
2018-03-30,0.5007754264845665,0.4972735004252339,0.501775976787233,0.49627295012256745,214113.0
2018-04-02,0.49677322527390066,0.493271299214568,0.5007754264845665,0.493271299214568,230477.0
2018-04-03,0.4902696483065686,0.48776827254990246,0.4912701986092351,0.48726799739856924,326273.0
2018-04-04,0.48926909800390217,0.4882685477012357,0.4927710240632348,0.48776827254990246,249141.0
2018-04-09,0.48776827254990246,0.48926909800390217,0.4912701986092351,0.48676772224723597,187266.0
2018-04-10,0.48926909800390217,0.5032768022412327,0.5032768022412327,0.4882685477012357,544912.92
2018-04-11,0.5027765270898994,0.5087798289058982,0.5132823052678974,0.5022762519385663,505440.2
2018-04-12,0.5062784531492321,0.5012757016358997,0.508279553754565,0.5007754264845665,163093.0
2018-04-13,0.5027765270898994,0.4982740507279004,0.5057781779978988,0.49777377557656716,149610.2
2018-04-16,0.4957726749712342,0.4837660713392366,0.4982740507279004,0.48326579618790333,541224.0
2018-04-17,0.48576717194456953,0.4817649707339037,0.48776827254990246,0.4807644204312372,297383.0
2018-04-18,0.4882685477012357,0.48626744709590275,0.4902696483065686,0.4827655210365701,502449.0
2018-04-19,0.4842663464905698,0.4882685477012357,0.4917704737605683,0.4842663464905698,414090.0
2018-04-20,0.48776827254990246,0.48326579618790333,0.48776827254990246,0.4807644204312372,225984.0
2018-04-23,0.48326579618790333,0.48576717194456953,0.48776827254990246,0.4817649707339037,386326.0
2018-04-24,0.48726799739856924,0.49477212466856774,0.4982740507279004,0.48676772224723597,475087.0
2018-04-25,0.4927710240632348,0.4897693731552354,0.49377157436590124,0.48876882285256895,278828.0
2018-04-26,0.4902696483065686,0.48726799739856924,0.4922707489119016,0.4842663464905698,350209.0
2018-04-27,0.48676772224723597,0.48876882285256895,0.48926909800390217,0.4827655210365701,315847.0
2018-05-02,0.493271299214568,0.48876882285256895,0.493271299214568,0.48676772224723597,251220.0
2018-05-03,0.48876882285256895,0.48776827254990246,0.48876882285256895,0.4827655210365701,246177.0
2018-05-04,0.48626744709590275,0.48326579618790333,0.48676772224723597,0.4827655210365701,225735.64
2018-05-07,0.48326579618790333,0.48626744709590275,0.48626744709590275,0.4812646955825704,373915.08
2018-05-08,0.48626744709590275,0.4922707489119016,0.4942718495172345,0.48576717194456953,501570.08
2018-05-09,0.4917704737605683,0.4927710240632348,0.4927710240632348,0.48926909800390217,180700.0
2018-05-10,0.4912701986092351,0.493271299214568,0.4957726749712342,0.4902696483065686,182096.12
2018-05-11,0.49377157436590124,0.49477212466856774,0.49677322527390066,0.4917704737605683,365171.0
2018-05-14,0.4957726749712342,0.4987743258792336,0.5022762519385663,0.4957726749712342,329669.0
2018-05-15,0.4997748761819001,0.4972735004252339,0.4997748761819001,0.49477212466856774,244322.0
2018-05-16,0.4957726749712342,0.4917704737605683,0.4957726749712342,0.4907699234579019,273104.12
2018-05-17,0.4907699234579019,0.4897693731552354,0.4922707489119016,0.4882685477012357,177860.0
2018-05-18,0.4882685477012357,0.49527239981990095,0.49527239981990095,0.4882685477012357,295094.0
2018-05-21,0.49677322527390066,0.4957726749712342,0.4997748761819001,0.49477212466856774,218326.22
2018-05-22,0.4957726749712342,0.4927710240632348,0.4957726749712342,0.4902696483065686,247083.0
2018-05-23,0.4917704737605683,0.48726799739856924,0.4917704737605683,0.48676772224723597,187716.0
2018-05-24,0.48626744709590275,0.4842663464905698,0.48776827254990246,0.48326579618790333,242081.0
2018-05-25,0.4852668967932363,0.48326579618790333,0.48576717194456953,0.4817649707339037,175364.0
2018-05-28,0.4837660713392366,0.4822652458852369,0.4837660713392366,0.48026414527990396,169832.0
2018-05-29,0.4822652458852369,0.48026414527990396,0.4822652458852369,0.47576166891790483,385420.0
2018-05-30,0.4767622192205713,0.471759467707239,0.4767622192205713,0.47125919255590576,263269.0
2018-05-31,0.4737605683125719,0.47576166891790483,0.47726249437190454,0.471759467707239,233866.0
2018-06-01,0.4752613937665716,0.47576166891790483,0.47826304467457104,0.4732602931612387,135484.0
2018-06-04,0.4767622192205713,0.48026414527990396,0.4807644204312372,0.47576166891790483,261582.0
2018-06-05,0.4767622192205713,0.47976387012857075,0.47976387012857075,0.47576166891790483,307010.0
2018-06-06,0.4792635949772375,0.4747611186152384,0.4792635949772375,0.4742608434639051,468020.67
2018-06-07,0.47576166891790483,0.47726249437190454,0.4792635949772375,0.4752613937665716,427949.0
2018-06-08,0.4762619440692381,0.46925809195057283,0.4762619440692381,0.4677572664965732,437763.0
2018-06-11,0.4687578167992396,0.4682575416479064,0.4687578167992396,0.46475561558857376,448187.0
2018-06-12,0.4687578167992396,0.46925809195057283,0.47025864225323927,0.46625644104257347,215405.89
2018-06-13,0.4687578167992396,0.46725699134523996,0.46925809195057283,0.46575616589124025,170442.0
2018-06-14,0.46575616589124025,0.46725699134523996,0.46975836710190605,0.465255890739907,211871.12
2018-06-15,0.46725699134523996,0.471759467707239,0.47276001800990547,0.4667567161939067,380509.0
2018-06-19,0.4687578167992396,0.4667567161939067,0.47125919255590576,0.4622542398319076,502294.0
2018-06-20,0.46325479013457405,0.4637550652859073,0.465255890739907,0.4607534143779079,214068.0
2018-06-21,0.46475561558857376,0.4622542398319076,0.46725699134523996,0.4612536895292411,294032.0
2018-06-22,0.4602531392265747,0.46325479013457405,0.46325479013457405,0.4592525889239082,145615.0
2018-06-25,0.465255890739907,0.4537495622592426,0.46575616589124025,0.4537495622592426,257832.31
2018-06-26,0.4517484616539097,0.44574515983791085,0.4522487368052429,0.4402421331732453,411697.0
2018-06-27,0.44524488468657764,0.43924158287057885,0.4462454349892441,0.43674020711391265,427773.0
2018-06-28,0.43774075741657914,0.43623993196257943,0.4412426834759118,0.4337385562059133,259052.94
2018-06-29,0.4372404822652459,0.4427435089299115,0.4432437840812447,0.4372404822652459,311957.0
2018-07-02,0.4432437840812447,0.4282355295412477,0.4432437840812447,0.426734704087248,540473.25
2018-07-03,0.4282355295412477,0.43023663014658065,0.4312371804492471,0.42323277802791537,486264.0
2018-07-04,0.42923607984391415,0.42923607984391415,0.4337385562059133,0.42773525438991444,368641.0
2018-07-05,0.42923607984391415,0.4312371804492471,0.43323828105458,0.426734704087248,235423.0
2018-07-06,0.43073690529791386,0.435239381659913,0.43774075741657914,0.4262344289359148,321478.0
2018-07-09,0.4347391065085797,0.4492470858972435,0.44974736104857677,0.4347391065085797,439972.28
2018-07-10,0.44974736104857677,0.44824653559457706,0.44974736104857677,0.4442443343839112,153636.28
2018-07-11,0.4442443343839112,0.44224323377857827,0.4442443343839112,0.43924158287057885,184400.0
2018-07-12,0.4412426834759118,0.4512481865025765,0.4532492871079094,0.4412426834759118,237799.0
2018-07-13,0.4522487368052429,0.4492470858972435,0.4522487368052429,0.44824653559457706,198729.0
2018-07-16,0.44974736104857677,0.4432437840812447,0.45024763619991,0.44224323377857827,289491.0
2018-07-17,0.4427435089299115,0.44074240832457856,0.4427435089299115,0.43874130771924563,255231.0
2018-07-18,0.4427435089299115,0.4402421331732453,0.4462454349892441,0.43974185802191207,336886.0
2018-07-19,0.4402421331732453,0.43974185802191207,0.4432437840812447,0.43874130771924563,195176.0
2018-07-20,0.43974185802191207,0.4592525889239082,0.4612536895292411,0.43674020711391265,482806.2
2018-07-23,0.4592525889239082,0.46725699134523996,0.47025864225323927,0.45625093801590877,519130.88
2018-07-24,0.4667567161939067,0.4687578167992396,0.4752613937665716,0.4667567161939067,865504.55
2018-07-25,0.46975836710190605,0.4687578167992396,0.47125919255590576,0.46625644104257347,195797.99
2018-07-26,0.4687578167992396,0.4667567161939067,0.4732602931612387,0.46575616589124025,236171.0
2018-07-27,0.465255890739907,0.465255890739907,0.46925809195057283,0.46275451498324083,309488.99
2018-07-30,0.46575616589124025,0.47125919255590576,0.4737605683125719,0.465255890739907,411055.0
2018-07-31,0.47025864225323927,0.4722597428585722,0.4747611186152384,0.46625644104257347,231429.0
2018-08-01,0.4722597428585722,0.46325479013457405,0.47726249437190454,0.46325479013457405,358713.0
2018-08-02,0.4602531392265747,0.45525038771324233,0.46475561558857376,0.4517484616539097,541044.0
2018-08-03,0.45525038771324233,0.45525038771324233,0.4607534143779079,0.4537495622592426,390488.28
2018-08-06,0.45575066286457555,0.4577517634699085,0.46475561558857376,0.4547501125619091,266229.27
2018-08-07,0.4582520386212417,0.46725699134523996,0.46725699134523996,0.45675121316724204,340291.12
2018-08-08,0.46725699134523996,0.4622542398319076,0.46725699134523996,0.46175396468057434,166399.0
2018-08-09,0.4602531392265747,0.46925809195057283,0.46975836710190605,0.4602531392265747,252404.99
2018-08-10,0.4682575416479064,0.4667567161939067,0.46925809195057283,0.46325479013457405,235075.0
2018-08-13,0.4607534143779079,0.45875231377257497,0.46325479013457405,0.45424983741057584,323069.0
2018-08-14,0.45725148831857526,0.45725148831857526,0.4592525889239082,0.4547501125619091,203892.0
2018-08-15,0.45675121316724204,0.4492470858972435,0.45675121316724204,0.4492470858972435,181453.0
2018-08-16,0.44674571014057735,0.45024763619991,0.4537495622592426,0.4437440592325779,233628.26
2018-08-17,0.4517484616539097,0.44724598529191056,0.45424983741057584,0.4462454349892441,177404.0
2018-08-20,0.4487468107459103,0.4537495622592426,0.45424983741057584,0.44824653559457706,260678.31
2018-08-21,0.4537495622592426,0.4577517634699085,0.4592525889239082,0.4532492871079094,299854.49
2018-08-22,0.45575066286457555,0.4547501125619091,0.45675121316724204,0.4532492871079094,126142.26
2018-08-23,0.45575066286457555,0.45675121316724204,0.4582520386212417,0.45274901195657613,208794.62
2018-08-24,0.4547501125619091,0.4667567161939067,0.4732602931612387,0.45424983741057584,441207.09
2018-08-27,0.4677572664965732,0.471759467707239,0.471759467707239,0.46475561558857376,434788.0
2018-08-28,0.47025864225323927,0.47025864225323927,0.4742608434639051,0.46925809195057283,270670.0
2018-08-29,0.46975836710190605,0.4687578167992396,0.471759467707239,0.4682575416479064,397286.71
2018-08-30,0.46925809195057283,0.465255890739907,0.4722597428585722,0.46425534043724054,349533.0
2018-08-31,0.465255890739907,0.46725699134523996,0.47125919255590576,0.46425534043724054,355365.75
2018-09-03,0.4667567161939067,0.4682575416479064,0.47025864225323927,0.465255890739907,194931.0
2018-09-04,0.4677572664965732,0.47276001800990547,0.4752613937665716,0.465255890739907,368958.0
2018-09-05,0.47125919255590576,0.46275451498324083,0.47125919255590576,0.4622542398319076,352505.0
2018-09-06,0.4612536895292411,0.4607534143779079,0.46475561558857376,0.4597528640752414,201509.0
2018-09-07,0.4607534143779079,0.46325479013457405,0.465255890739907,0.4602531392265747,301109.0
2018-09-10,0.4622542398319076,0.4602531392265747,0.4637550652859073,0.4592525889239082,132330.0
2018-09-11,0.4602531392265747,0.45725148831857526,0.4637550652859073,0.45575066286457555,209516.0
2018-09-12,0.45625093801590877,0.4577517634699085,0.4597528640752414,0.4537495622592426,187382.7
2018-09-13,0.4612536895292411,0.4622542398319076,0.46325479013457405,0.4582520386212417,448681.44
2018-09-14,0.4637550652859073,0.46275451498324083,0.46425534043724054,0.4612536895292411,178513.0
2018-09-17,0.46175396468057434,0.4592525889239082,0.46175396468057434,0.45875231377257497,247437.0
2018-09-18,0.4592525889239082,0.46625644104257347,0.46725699134523996,0.4582520386212417,242543.0
2018-09-19,0.46475561558857376,0.46925809195057283,0.4707589174045725,0.4637550652859073,188193.49
2018-09-20,0.46925809195057283,0.47025864225323927,0.47276001800990547,0.4677572664965732,119284.0
2018-09-21,0.47025864225323927,0.48926909800390217,0.48926909800390217,0.4687578167992396,635556.85
2018-09-25,0.4822652458852369,0.4827655210365701,0.48576717194456953,0.4807644204312372,203593.98
2018-09-26,0.4842663464905698,0.48876882285256895,0.493271299214568,0.4827655210365701,350068.5
2018-09-27,0.48576717194456953,0.48726799739856924,0.4897693731552354,0.4837660713392366,154235.94
2018-09-28,0.48776827254990246,0.4942718495172345,0.4987743258792336,0.48776827254990246,817420.0
2018-10-08,0.4842663464905698,0.47576166891790483,0.48476662164190304,0.4752613937665716,480229.0
2018-10-09,0.47576166891790483,0.4762619440692381,0.47976387012857075,0.4732602931612387,376037.0
2018-10-10,0.4767622192205713,0.47826304467457104,0.4812646955825704,0.4742608434639051,355498.0
2018-10-11,0.4677572664965732,0.4597528640752414,0.47025864225323927,0.45675121316724204,567407.0
2018-10-12,0.4607534143779079,0.46975836710190605,0.471759467707239,0.4597528640752414,594359.0
2018-10-15,0.4707589174045725,0.46425534043724054,0.4707589174045725,0.46325479013457405,458891.0
2018-10-16,0.46475561558857376,0.46725699134523996,0.47276001800990547,0.46475561558857376,466709.0
2018-10-17,0.4707589174045725,0.47025864225323927,0.47276001800990547,0.46275451498324083,687807.0
2018-10-18,0.4677572664965732,0.4612536895292411,0.46925809195057283,0.4612536895292411,256826.0
2018-10-19,0.4592525889239082,0.4762619440692381,0.47726249437190454,0.4582520386212417,575917.7
2018-10-22,0.48026414527990396,0.48926909800390217,0.49477212466856774,0.47976387012857075,2176035.39
2018-10-23,0.48876882285256895,0.47826304467457104,0.48876882285256895,0.4767622192205713,631398.01
2018-10-24,0.47826304467457104,0.48776827254990246,0.4987743258792336,0.47826304467457104,2119525.0
2018-10-25,0.47776276952323776,0.4922707489119016,0.4927710240632348,0.47726249437190454,1319218.0
2018-10-26,0.4912701986092351,0.4912701986092351,0.49377157436590124,0.48626744709590275,1023847.0
2018-10-29,0.4927710240632348,0.4822652458852369,0.49627295012256745,0.47776276952323776,1171885.83
2018-10-30,0.4822652458852369,0.48876882285256895,0.4927710240632348,0.4822652458852369,603986.25
2018-10-31,0.4902696483065686,0.4897693731552354,0.4922707489119016,0.48626744709590275,441262.0
2018-11-01,0.4917704737605683,0.48726799739856924,0.5052779028465656,0.4852668967932363,760820.71
2018-11-02,0.4942718495172345,0.49777377557656716,0.4987743258792336,0.48776827254990246,910314.13
2018-11-05,0.493271299214568,0.4907699234579019,0.4942718495172345,0.4882685477012357,527753.23
2018-11-06,0.4902696483065686,0.4882685477012357,0.4907699234579019,0.48576717194456953,279399.11
2018-11-07,0.4882685477012357,0.48576717194456953,0.4927710240632348,0.4852668967932363,506956.0
2018-11-08,0.48876882285256895,0.4897693731552354,0.4927710240632348,0.48726799739856924,464478.0
2018-11-09,0.4852668967932363,0.4747611186152384,0.4852668967932363,0.4732602931612387,709702.82
2018-11-12,0.4732602931612387,0.4762619440692381,0.4762619440692381,0.4732602931612387,426808.4
2018-11-13,0.471759467707239,0.47826304467457104,0.4807644204312372,0.47025864225323927,709074.0
2018-11-14,0.47726249437190454,0.471759467707239,0.47726249437190454,0.4707589174045725,656303.0
2018-11-15,0.471759467707239,0.4762619440692381,0.4767622192205713,0.471759467707239,756655.0
2018-11-16,0.47576166891790483,0.4762619440692381,0.47976387012857075,0.4737605683125719,663838.0
2018-11-19,0.4762619440692381,0.4837660713392366,0.4837660713392366,0.47576166891790483,1057309.0
2018-11-20,0.47976387012857075,0.47576166891790483,0.4817649707339037,0.4747611186152384,730203.5
2018-11-21,0.4737605683125719,0.4752613937665716,0.4762619440692381,0.47276001800990547,337852.04
2018-11-22,0.47576166891790483,0.4742608434639051,0.47726249437190454,0.4722597428585722,294048.86
2018-11-23,0.4732602931612387,0.4687578167992396,0.4752613937665716,0.4682575416479064,555464.0
2018-11-26,0.46925809195057283,0.47025864225323927,0.47276001800990547,0.4687578167992396,340797.0
2018-11-27,0.47125919255590576,0.4682575416479064,0.471759467707239,0.4667567161939067,354453.0
2018-11-28,0.4682575416479064,0.47125919255590576,0.4722597428585722,0.4682575416479064,424456.0
2018-11-29,0.47276001800990547,0.46975836710190605,0.4732602931612387,0.46925809195057283,300700.0
2018-11-30,0.46925809195057283,0.4722597428585722,0.4732602931612387,0.46925809195057283,258392.0
2018-12-03,0.4807644204312372,0.4807644204312372,0.4827655210365701,0.4767622192205713,979122.99
2018-12-04,0.4807644204312372,0.4822652458852369,0.4827655210365701,0.4792635949772375,297628.99
2018-12-05,0.47776276952323776,0.4792635949772375,0.4812646955825704,0.47776276952323776,307293.0
2018-12-06,0.47826304467457104,0.4742608434639051,0.47826304467457104,0.4722597428585722,414744.32
2018-12-07,0.4737605683125719,0.47276001800990547,0.47576166891790483,0.4722597428585722,260920.0
2018-12-10,0.46975836710190605,0.46925809195057283,0.47125919255590576,0.46725699134523996,236782.0
2018-12-11,0.46925809195057283,0.4687578167992396,0.47025864225323927,0.4677572664965732,198664.0
2018-12-12,0.4707589174045725,0.46925809195057283,0.471759467707239,0.4677572664965732,156138.0
2018-12-13,0.46925809195057283,0.4732602931612387,0.4752613937665716,0.4682575416479064,499543.0
2018-12-14,0.47125919255590576,0.4677572664965732,0.471759467707239,0.4667567161939067,349603.0
2018-12-17,0.4667567161939067,0.46725699134523996,0.46925809195057283,0.46625644104257347,342027.0
2018-12-18,0.465255890739907,0.46325479013457405,0.4687578167992396,0.46275451498324083,298636.0
2018-12-19,0.4637550652859073,0.4592525889239082,0.46575616589124025,0.4582520386212417,208369.0
2018-12-20,0.4582520386212417,0.4512481865025765,0.4592525889239082,0.44674571014057735,359262.0
2018-12-21,0.44974736104857677,0.44524488468657764,0.44974736104857677,0.44224323377857827,466972.55
2018-12-24,0.4432437840812447,0.44524488468657764,0.44574515983791085,0.4412426834759118,302236.31
2018-12-25,0.44224323377857827,0.4432437840812447,0.44574515983791085,0.43674020711391265,372677.0
2018-12-26,0.4427435089299115,0.44224323377857827,0.4442443343839112,0.44074240832457856,268956.31
2018-12-27,0.44574515983791085,0.4442443343839112,0.44724598529191056,0.44224323377857827,300525.42
2018-12-28,0.4442443343839112,0.44674571014057735,0.44974736104857677,0.4442443343839112,386041.31
2019-01-02,0.44674571014057735,0.43974185802191207,0.44774626044324384,0.4372404822652459,361830.31
2019-01-03,0.43774075741657914,0.4427435089299115,0.4442443343839112,0.43774075741657914,326956.0
2019-01-04,0.43924158287057885,0.45274901195657613,0.45274901195657613,0.43874130771924563,481109.0
2019-01-07,0.4537495622592426,0.4512481865025765,0.4547501125619091,0.44974736104857677,374317.0
2019-01-08,0.4512481865025765,0.4487468107459103,0.4512481865025765,0.44824653559457706,208181.0
2019-01-09,0.45024763619991,0.4532492871079094,0.4577517634699085,0.45024763619991,461977.4
2019-01-10,0.4532492871079094,0.4517484616539097,0.45424983741057584,0.45024763619991,155984.0
2019-01-11,0.4512481865025765,0.45625093801590877,0.45725148831857526,0.4512481865025765,201930.0
2019-01-14,0.45575066286457555,0.45274901195657613,0.45625093801590877,0.4522487368052429,255827.0
2019-01-15,0.45274901195657613,0.4577517634699085,0.4577517634699085,0.45274901195657613,201064.0
2019-01-16,0.45725148831857526,0.4582520386212417,0.4582520386212417,0.45625093801590877,128770.0
2019-01-17,0.45875231377257497,0.45675121316724204,0.4607534143779079,0.45525038771324233,216875.73
2019-01-18,0.45725148831857526,0.46425534043724054,0.465255890739907,0.45725148831857526,291233.0
2019-01-21,0.4637550652859073,0.465255890739907,0.46725699134523996,0.4637550652859073,197911.0
2019-01-22,0.46475561558857376,0.4607534143779079,0.46625644104257347,0.4597528640752414,183105.0
2019-01-23,0.4602531392265747,0.46275451498324083,0.465255890739907,0.4602531392265747,155032.0
2019-01-24,0.46325479013457405,0.46625644104257347,0.46725699134523996,0.46275451498324083,153647.0
2019-01-25,0.4677572664965732,0.4737605683125719,0.4762619440692381,0.46725699134523996,320204.0
2019-01-28,0.4762619440692381,0.4737605683125719,0.4792635949772375,0.4722597428585722,228829.0
2019-01-29,0.4722597428585722,0.47726249437190454,0.47876331982590425,0.471759467707239,215201.0
2019-01-30,0.47576166891790483,0.4752613937665716,0.47876331982590425,0.4737605683125719,153711.0
2019-01-31,0.4762619440692381,0.4837660713392366,0.48476662164190304,0.4762619440692381,326820.0
2019-02-01,0.48476662164190304,0.48476662164190304,0.48576717194456953,0.47976387012857075,296625.0
2019-02-11,0.4827655210365701,0.48476662164190304,0.4852668967932363,0.48026414527990396,299898.0
2019-02-12,0.48476662164190304,0.48476662164190304,0.4852668967932363,0.4812646955825704,319399.0
2019-02-13,0.4842663464905698,0.4917704737605683,0.493271299214568,0.4822652458852369,548995.64
2019-02-14,0.48926909800390217,0.4882685477012357,0.4907699234579019,0.48676772224723597,369878.32
2019-02-15,0.48676772224723597,0.4792635949772375,0.48726799739856924,0.47826304467457104,536379.0
2019-02-18,0.4812646955825704,0.48876882285256895,0.48926909800390217,0.4812646955825704,533812.0
2019-02-19,0.48926909800390217,0.48776827254990246,0.49527239981990095,0.48626744709590275,646458.0
2019-02-20,0.48926909800390217,0.4897693731552354,0.4912701986092351,0.48626744709590275,329541.0
2019-02-21,0.48876882285256895,0.48626744709590275,0.4927710240632348,0.4852668967932363,573736.0
2019-02-22,0.4852668967932363,0.4927710240632348,0.49377157436590124,0.4817649707339037,1318072.0
2019-02-25,0.49777377557656716,0.5247886337485617,0.5287908349592275,0.49477212466856774,2983805.29
2019-02-26,0.5242883585972286,0.5137825804192305,0.5277902846565611,0.5127820301165641,2748899.57
2019-02-27,0.5142828555705639,0.5212867076892291,0.5322927610185603,0.5127820301165641,2514500.68
2019-02-28,0.5197858822352294,0.5182850567812297,0.5257891840512282,0.51678423132723,1176288.46
2019-03-01,0.5212867076892291,0.5352944119265597,0.5357946870778928,0.5152834058732303,1682829.01
2019-03-04,0.5382960628345591,0.5382960628345591,0.5533043173745561,0.5357946870778928,2679395.99
2019-03-05,0.5352944119265597,0.5367952373805593,0.5397968882885588,0.5337935864725599,1081515.99
2019-03-06,0.5362949622292261,0.5397968882885588,0.542298264045225,0.5312922107158938,1136717.29
2019-03-07,0.5382960628345591,0.5307919355645605,0.5382960628345591,0.5287908349592275,2107659.64
2019-03-08,0.5202861573865627,0.510280654359898,0.523287808294562,0.5087798289058982,1792607.85
2019-03-11,0.5092801040572316,0.5127820301165641,0.5137825804192305,0.5057781779978988,1075231.21
2019-03-12,0.5157836810245635,0.5142828555705639,0.5212867076892291,0.5117814798138977,1543860.81
2019-03-13,0.5132823052678974,0.5142828555705639,0.5192856070838962,0.5087798289058982,1646053.27
2019-03-14,0.5132823052678974,0.5137825804192305,0.5202861573865627,0.5122817549652309,840122.0
2019-03-15,0.5152834058732303,0.51678423132723,0.5212867076892291,0.5137825804192305,1664349.0
2019-03-18,0.5162839561758967,0.5257891840512282,0.5262894592025614,0.5142828555705639,1398805.0
2019-03-19,0.5262894592025614,0.5217869828405624,0.527290009505228,0.5202861573865627,929626.0
2019-03-20,0.5202861573865627,0.5222872579918956,0.5257891840512282,0.5192856070838962,839565.57
2019-03-21,0.5227875331432288,0.5202861573865627,0.5227875331432288,0.5192856070838962,885358.08
2019-03-22,0.5197858822352294,0.5177847816298964,0.5202861573865627,0.5132823052678974,1474755.0
2019-03-25,0.5107809295112311,0.5057781779978988,0.5142828555705639,0.5047776276952324,1188924.0
2019-03-26,0.5072790034518986,0.5032768022412327,0.508279553754565,0.501775976787233,574820.0
2019-03-27,0.5052779028465656,0.5077792786032318,0.5107809295112311,0.5037770773925658,715821.67
2019-03-28,0.5067787283005653,0.5042773525438992,0.5072790034518986,0.501775976787233,744349.95
2019-03-29,0.5052779028465656,0.5197858822352294,0.5202861573865627,0.5042773525438992,1707131.62
2019-04-01,0.5217869828405624,0.5287908349592275,0.5327930361698935,0.5217869828405624,1630764.37
2019-04-02,0.5312922107158938,0.5297913852618941,0.5337935864725599,0.5282905598078944,1080241.92
2019-04-03,0.5242883585972286,0.5347941367752264,0.5352944119265597,0.5227875331432288,1308189.95
2019-04-04,0.5352944119265597,0.5432988143478914,0.5452999149532244,0.5347941367752264,1816162.0
2019-04-08,0.5503026664665567,0.5463004652558908,0.5593076191905549,0.542298264045225,2740065.35
2019-04-09,0.5452999149532244,0.5417979888938916,0.5473010155585573,0.5392966131372255,1407543.78
2019-04-10,0.5397968882885588,0.5392966131372255,0.542298264045225,0.5332933113212267,1663065.41
2019-04-11,0.5392966131372255,0.5342938616238933,0.5442993646505578,0.5332933113212267,999899.0
2019-04-12,0.5337935864725599,0.5362949622292261,0.5367952373805593,0.5327930361698935,524524.0
2019-04-15,0.5503026664665567,0.5382960628345591,0.5533043173745561,0.5372955125318926,1834048.14
2019-04-16,0.5342938616238933,0.5593076191905549,0.5603081694932214,0.5342938616238933,2420928.2
2019-04-17,0.5583070688878884,0.5563059682825555,0.5638100955525539,0.5538045925258892,1515000.54
2019-04-18,0.5563059682825555,0.5518034919205563,0.5563059682825555,0.5498023913152233,1448033.32
2019-04-19,0.5528040422232228,0.5568062434338886,0.559807894341888,0.5503026664665567,962699.92
2019-04-22,0.557306518585222,0.5412977137425584,0.5578067937365552,0.5397968882885588,1309357.92
2019-04-23,0.5397968882885588,0.5417979888938916,0.5458001901045575,0.5372955125318926,786337.34
2019-04-24,0.5432988143478914,0.5437990894992246,0.5463004652558908,0.5352944119265597,663070.0
2019-04-25,0.5412977137425584,0.5372955125318926,0.5432988143478914,0.5362949622292261,739529.0
2019-04-26,0.5352944119265597,0.5292911101105608,0.5367952373805593,0.5282905598078944,757354.34
2019-04-29,0.5307919355645605,0.5372955125318926,0.5417979888938916,0.5302916604132273,1105783.18
2019-04-30,0.5362949622292261,0.5397968882885588,0.5407974385912252,0.5322927610185603,629250.18
2019-05-06,0.5262894592025614,0.5242883585972286,0.5292911101105608,0.5152834058732303,1504628.63
2019-05-07,0.5277902846565611,0.5237880834458952,0.5282905598078944,0.5192856070838962,823252.0
2019-05-08,0.5172845064785633,0.5157836810245635,0.5212867076892291,0.5147831307218971,571876.0
2019-05-09,0.5142828555705639,0.5047776276952324,0.5152834058732303,0.5032768022412327,614473.0
2019-05-10,0.5097803792085647,0.5157836810245635,0.5187853319325629,0.5052779028465656,1078157.51
2019-05-13,0.510280654359898,0.508279553754565,0.5117814798138977,0.5077792786032318,477722.43
2019-05-14,0.5052779028465656,0.5067787283005653,0.5112812046625644,0.5042773525438992,479171.43
2019-05-15,0.5087798289058982,0.5152834058732303,0.5172845064785633,0.5087798289058982,671145.0
2019-05-16,0.5127820301165641,0.5152834058732303,0.5157836810245635,0.5127820301165641,343667.0
2019-05-17,0.5152834058732303,0.5087798289058982,0.5157836810245635,0.5072790034518986,602270.68
2019-05-20,0.5067787283005653,0.5092801040572316,0.5122817549652309,0.5062784531492321,680488.57
2019-05-21,0.5092801040572316,0.5132823052678974,0.51678423132723,0.508279553754565,455316.0
2019-05-22,0.5137825804192305,0.5112812046625644,0.5137825804192305,0.5097803792085647,325141.0
2019-05-23,0.5112812046625644,0.508279553754565,0.5117814798138977,0.5052779028465656,458244.72
2019-05-24,0.5087798289058982,0.5117814798138977,0.5137825804192305,0.5087798289058982,434011.3
2019-05-27,0.5107809295112311,0.5132823052678974,0.5137825804192305,0.5037770773925658,902782.71
2019-05-28,0.5107809295112311,0.5132823052678974,0.5162839561758967,0.510280654359898,948690.0
2019-05-29,0.5122817549652309,0.5117814798138977,0.5157836810245635,0.5097803792085647,412446.0
2019-05-30,0.5107809295112311,0.5112812046625644,0.5117814798138977,0.5072790034518986,350184.92
2019-05-31,0.510280654359898,0.5097803792085647,0.5137825804192305,0.5087798289058982,516677.0
2019-06-03,0.5092801040572316,0.5107809295112311,0.5137825804192305,0.5072790034518986,506185.0
2019-06-04,0.510280654359898,0.5107809295112311,0.5117814798138977,0.508279553754565,268877.92
2019-06-05,0.5127820301165641,0.5137825804192305,0.5162839561758967,0.5122817549652309,512451.0
2019-06-06,0.5127820301165641,0.5127820301165641,0.5147831307218971,0.5107809295112311,252766.0
2019-06-10,0.5137825804192305,0.5202861573865627,0.5222872579918956,0.5137825804192305,721427.0
2019-06-11,0.523287808294562,0.5267897343538946,0.5267897343538946,0.5197858822352294,697803.2
2019-06-12,0.525288908899895,0.525288908899895,0.5267897343538946,0.5222872579918956,408558.0
2019-06-13,0.5247886337485617,0.5237880834458952,0.5262894592025614,0.5207864325378958,415750.0
2019-06-14,0.5237880834458952,0.5222872579918956,0.5262894592025614,0.5217869828405624,263838.0
2019-06-17,0.5227875331432288,0.5257891840512282,0.5287908349592275,0.5222872579918956,349615.0
2019-06-18,0.5267897343538946,0.5277902846565611,0.5282905598078944,0.5242883585972286,334111.11
2019-06-19,0.5352944119265597,0.5347941367752264,0.5382960628345591,0.5332933113212267,1300285.11
2019-06-20,0.5352944119265597,0.5483015658612237,0.5513032167692231,0.5342938616238933,1809881.0
2019-06-21,0.5488018410125569,0.5447996398018911,0.5488018410125569,0.542298264045225,1264243.0
2019-06-24,0.5432988143478914,0.5432988143478914,0.5442993646505578,0.5407974385912252,981379.0
2019-06-25,0.5427985391965581,0.5322927610185603,0.5427985391965581,0.5262894592025614,1461471.69
2019-06-26,0.5292911101105608,0.5302916604132273,0.5327930361698935,0.5282905598078944,933788.69
2019-06-27,0.5307919355645605,0.5362949622292261,0.5372955125318926,0.5307919355645605,907600.8
2019-06-28,0.5352944119265597,0.5337935864725599,0.5352944119265597,0.5302916604132273,595365.0
2019-07-01,0.5412977137425584,0.5412977137425584,0.5427985391965581,0.5387963379858922,1146880.0
2019-07-02,0.5397968882885588,0.5392966131372255,0.5417979888938916,0.5372955125318926,695769.0
2019-07-03,0.5392966131372255,0.5387963379858922,0.5392966131372255,0.5362949622292261,527345.31
2019-07-04,0.5392966131372255,0.5387963379858922,0.5417979888938916,0.5372955125318926,497284.0
2019-07-05,0.5387963379858922,0.5392966131372255,0.5392966131372255,0.5357946870778928,455568.31
2019-07-08,0.5377957876832258,0.5287908349592275,0.5382960628345591,0.5267897343538946,703793.0
2019-07-09,0.5282905598078944,0.5262894592025614,0.5297913852618941,0.525288908899895,520530.0
2019-07-10,0.527290009505228,0.5247886337485617,0.5287908349592275,0.5227875331432288,460191.0
2019-07-11,0.525288908899895,0.5267897343538946,0.5292911101105608,0.5247886337485617,561121.22
2019-07-12,0.527290009505228,0.5337935864725599,0.5357946870778928,0.5267897343538946,615056.22
2019-07-15,0.5317924858672269,0.5342938616238933,0.5357946870778928,0.5257891840512282,642173.0
2019-07-16,0.5332933113212267,0.5312922107158938,0.5337935864725599,0.5312922107158938,471157.0
2019-07-17,0.5307919355645605,0.5297913852618941,0.5322927610185603,0.5292911101105608,512467.0
2019-07-18,0.5287908349592275,0.5302916604132273,0.5307919355645605,0.5282905598078944,412569.0
2019-07-19,0.5307919355645605,0.5372955125318926,0.5377957876832258,0.5302916604132273,610365.99
2019-07-22,0.5362949622292261,0.5357946870778928,0.5387963379858922,0.5322927610185603,609282.0
2019-07-23,0.5357946870778928,0.5357946870778928,0.5367952373805593,0.5337935864725599,469751.0
2019-07-24,0.5367952373805593,0.5387963379858922,0.5427985391965581,0.5367952373805593,744716.01
2019-07-25,0.5392966131372255,0.5473010155585573,0.5478012907098905,0.5387963379858922,711191.0
2019-07-26,0.5452999149532244,0.5463004652558908,0.5483015658612237,0.5442993646505578,567518.0
2019-07-29,0.5458001901045575,0.546800740407224,0.546800740407224,0.5437990894992246,427458.0
2019-07-30,0.5463004652558908,0.5493021161638902,0.5523037670718897,0.5452999149532244,502751.0
2019-07-31,0.5473010155585573,0.5437990894992246,0.5473010155585573,0.5432988143478914,472298.0
2019-08-01,0.542298264045225,0.5407974385912252,0.5437990894992246,0.5372955125318926,483313.0
2019-08-02,0.5342938616238933,0.5342938616238933,0.5357946870778928,0.5317924858672269,558505.0
2019-08-05,0.5337935864725599,0.5237880834458952,0.5337935864725599,0.523287808294562,864910.0
2019-08-06,0.5177847816298964,0.5187853319325629,0.5207864325378958,0.5147831307218971,1122633.0
2019-08-07,0.5197858822352294,0.5177847816298964,0.5202861573865627,0.5162839561758967,543384.0
2019-08-08,0.5197858822352294,0.5262894592025614,0.527290009505228,0.5197858822352294,591622.0
2019-08-09,0.5262894592025614,0.525288908899895,0.5287908349592275,0.523287808294562,444593.97
2019-08-12,0.5247886337485617,0.5322927610185603,0.5322927610185603,0.5242883585972286,610098.0
2019-08-13,0.5297913852618941,0.525288908899895,0.5297913852618941,0.5242883585972286,442974.0
2019-08-14,0.5292911101105608,0.5242883585972286,0.5302916604132273,0.523287808294562,625004.0
2019-08-15,0.5182850567812297,0.5237880834458952,0.5237880834458952,0.5157836810245635,526543.0
2019-08-16,0.523287808294562,0.5227875331432288,0.5247886337485617,0.5202861573865627,850380.0
2019-08-19,0.5227875331432288,0.525288908899895,0.525288908899895,0.5147831307218971,1579194.72
2019-08-20,0.523287808294562,0.5242883585972286,0.5267897343538946,0.5207864325378958,985802.0
2019-08-21,0.5227875331432288,0.5222872579918956,0.5237880834458952,0.5207864325378958,468438.0
2019-08-22,0.523287808294562,0.5207864325378958,0.5237880834458952,0.5192856070838962,352642.28
2019-08-23,0.5207864325378958,0.5262894592025614,0.5277902846565611,0.5202861573865627,758456.0
2019-08-26,0.5207864325378958,0.5172845064785633,0.5217869828405624,0.51678423132723,631268.0
2019-08-27,0.5197858822352294,0.5227875331432288,0.5247886337485617,0.5197858822352294,686196.5
2019-08-28,0.5207864325378958,0.5162839561758967,0.5212867076892291,0.5152834058732303,826667.0
2019-08-29,0.5162839561758967,0.5132823052678974,0.51678423132723,0.5112812046625644,687209.0
2019-08-30,0.5157836810245635,0.5137825804192305,0.51678423132723,0.5122817549652309,595749.0
2019-09-02,0.5137825804192305,0.5172845064785633,0.5182850567812297,0.5132823052678974,723604.0
2019-09-03,0.51678423132723,0.5177847816298964,0.5182850567812297,0.5152834058732303,758090.0
2019-09-04,0.51678423132723,0.5237880834458952,0.5242883585972286,0.5162839561758967,1206487.0
2019-09-05,0.5257891840512282,0.5302916604132273,0.5357946870778928,0.5257891840512282,1777720.5
2019-09-06,0.5322927610185603,0.5347941367752264,0.5347941367752264,0.5307919355645605,749842.5
2019-09-09,0.540297163439892,0.5332933113212267,0.540297163439892,0.5317924858672269,1621270.98
2019-09-10,0.5332933113212267,0.5317924858672269,0.5332933113212267,0.5282905598078944,1393775.0
2019-09-11,0.5337935864725599,0.5342938616238933,0.5352944119265597,0.5302916604132273,1216914.5
2019-09-12,0.5352944119265597,0.5362949622292261,0.5367952373805593,0.5327930361698935,1243234.0
2019-09-16,0.5362949622292261,0.5342938616238933,0.5372955125318926,0.5322927610185603,753576.0
2019-09-17,0.5327930361698935,0.5267897343538946,0.5327930361698935,0.525288908899895,796942.0
2019-09-18,0.5277902846565611,0.5287908349592275,0.5292911101105608,0.5267897343538946,436566.0
2019-09-19,0.5282905598078944,0.5277902846565611,0.5287908349592275,0.5257891840512282,344742.0
2019-09-20,0.5277902846565611,0.5302916604132273,0.5307919355645605,0.5277902846565611,367690.42
2019-09-23,0.5307919355645605,0.525288908899895,0.5307919355645605,0.523287808294562,363155.05
2019-09-24,0.525288908899895,0.525288908899895,0.527290009505228,0.5242883585972286,387632.0
2019-09-25,0.5237880834458952,0.527290009505228,0.5297913852618941,0.5222872579918956,787792.76
2019-09-26,0.527290009505228,0.5342938616238933,0.5387963379858922,0.527290009505228,1731112.86
2019-09-27,0.5342938616238933,0.5347941367752264,0.5367952373805593,0.5302916604132273,613445.04
2019-09-30,0.5342938616238933,0.5297913852618941,0.5367952373805593,0.5287908349592275,942520.9
2019-10-08,0.5287908349592275,0.5367952373805593,0.5392966131372255,0.5282905598078944,656144.0
2019-10-09,0.5327930361698935,0.5427985391965581,0.5478012907098905,0.5327930361698935,1155336.0
2019-10-10,0.5417979888938916,0.542298264045225,0.5442993646505578,0.540297163439892,652326.0
2019-10-11,0.5452999149532244,0.5538045925258892,0.5543048676772225,0.5427985391965581,1163184.0
2019-10-14,0.5583070688878884,0.5638100955525539,0.5738155985792186,0.5568062434338886,2091062.0
2019-10-15,0.5638100955525539,0.5658111961578869,0.56631147130922,0.5603081694932214,979956.0
2019-10-16,0.5678122967632198,0.5628095452498875,0.5743158737305518,0.5593076191905549,1916836.4
2019-10-17,0.561808994947221,0.5613087197958878,0.5653109210065536,0.5593076191905549,865178.6
2019-10-18,0.5628095452498875,0.5538045925258892,0.5673120216118865,0.5518034919205563,972220.0
2019-10-21,0.5513032167692231,0.5603081694932214,0.561808994947221,0.5503026664665567,917884.0
2019-10-22,0.5603081694932214,0.5583070688878884,0.5613087197958878,0.5518034919205563,665766.0
2019-10-23,0.5568062434338886,0.557306518585222,0.5613087197958878,0.5558056931312222,496758.0
2019-10-24,0.557306518585222,0.5638100955525539,0.5678122967632198,0.557306518585222,1554273.0
2019-10-25,0.5628095452498875,0.5623092700985542,0.5638100955525539,0.5563059682825555,1186298.06
2019-10-28,0.561808994947221,0.5603081694932214,0.5648106458552205,0.5578067937365552,856259.0
2019-10-29,0.5603081694932214,0.5568062434338886,0.5603081694932214,0.555305417979889,624642.0
2019-10-30,0.555305417979889,0.5558056931312222,0.5608084446445545,0.5543048676772225,704892.0
2019-10-31,0.5558056931312222,0.5528040422232228,0.5568062434338886,0.5513032167692231,466978.0
2019-11-01,0.5528040422232228,0.5643103707038871,0.5653109210065536,0.5508029416178899,1062345.06
2019-11-04,0.5653109210065536,0.5668117464605533,0.5713142228225524,0.5648106458552205,866134.12
2019-11-05,0.56631147130922,0.5728150482765522,0.5798189003952174,0.5658111961578869,1343878.26
2019-11-06,0.5728150482765522,0.5758166991845516,0.5793186252438841,0.5713142228225524,741557.13
2019-11-07,0.574816148881885,0.574816148881885,0.5778177997898845,0.5723147731252188,625294.54
2019-11-08,0.5788183500925509,0.5673120216118865,0.5788183500925509,0.5668117464605533,1043258.0
2019-11-11,0.56631147130922,0.5583070688878884,0.56631147130922,0.557306518585222,879501.98
2019-11-12,0.5583070688878884,0.5603081694932214,0.5613087197958878,0.5568062434338886,825102.27
2019-11-13,0.5588073440392216,0.5578067937365552,0.5593076191905549,0.555305417979889,938129.0
2019-11-14,0.557306518585222,0.555305417979889,0.5588073440392216,0.5528040422232228,810960.0
2019-11-15,0.555305417979889,0.5548051428285558,0.5583070688878884,0.5533043173745561,622679.0
2019-11-18,0.5533043173745561,0.5603081694932214,0.5623092700985542,0.5528040422232228,1024920.0
2019-11-19,0.559807894341888,0.5613087197958878,0.5628095452498875,0.5583070688878884,701243.0
2019-11-20,0.5613087197958878,0.5523037670718897,0.5613087197958878,0.5503026664665567,1154915.0
2019-11-21,0.5503026664665567,0.5493021161638902,0.5518034919205563,0.5473010155585573,975409.0
2019-11-22,0.5503026664665567,0.5473010155585573,0.5533043173745561,0.546800740407224,1099959.53
2019-11-25,0.5478012907098905,0.5543048676772225,0.5548051428285558,0.5478012907098905,1027524.0
2019-11-26,0.5543048676772225,0.5533043173745561,0.5558056931312222,0.5508029416178899,500633.0
2019-11-27,0.5518034919205563,0.5503026664665567,0.5538045925258892,0.5493021161638902,467229.0
2019-11-28,0.5498023913152233,0.5488018410125569,0.5513032167692231,0.5478012907098905,402632.0
2019-11-29,0.5478012907098905,0.5452999149532244,0.5503026664665567,0.5447996398018911,626055.0
2019-12-02,0.5473010155585573,0.5458001901045575,0.5483015658612237,0.5452999149532244,474232.15
2019-12-03,0.5447996398018911,0.5478012907098905,0.5478012907098905,0.5427985391965581,388708.0
2019-12-04,0.546800740407224,0.5447996398018911,0.546800740407224,0.5437990894992246,913465.0
2019-12-05,0.5463004652558908,0.5488018410125569,0.5493021161638902,0.5452999149532244,956939.0
2019-12-06,0.5498023913152233,0.5478012907098905,0.5503026664665567,0.5463004652558908,895913.0
2019-12-09,0.5488018410125569,0.5478012907098905,0.5493021161638902,0.5452999149532244,644422.28
2019-12-10,0.5463004652558908,0.5463004652558908,0.5478012907098905,0.5452999149532244,563387.28
2019-12-11,0.546800740407224,0.5518034919205563,0.5523037670718897,0.5458001901045575,1074795.0
2019-12-12,0.5518034919205563,0.5498023913152233,0.5518034919205563,0.5488018410125569,726473.0
2019-12-13,0.5533043173745561,0.559807894341888,0.5608084446445545,0.5528040422232228,1848710.99
2019-12-16,0.5593076191905549,0.559807894341888,0.5603081694932214,0.5563059682825555,1297852.21
2019-12-17,0.5593076191905549,0.5658111961578869,0.5713142228225524,0.557306518585222,3267765.79
2019-12-18,0.5648106458552205,0.5673120216118865,0.5713142228225524,0.5643103707038871,1696883.41
2019-12-19,0.568312571914553,0.568312571914553,0.5713142228225524,0.56631147130922,1156882.6
2019-12-20,0.568312571914553,0.568312571914553,0.5728150482765522,0.5668117464605533,1025397.6
2019-12-23,0.5678122967632198,0.561808994947221,0.570313672519886,0.5608084446445545,1104174.0
2019-12-24,0.5623092700985542,0.5653109210065536,0.5668117464605533,0.5623092700985542,714099.41
2019-12-25,0.5648106458552205,0.5643103707038871,0.5653109210065536,0.5613087197958878,837169.35
2019-12-26,0.5633098204012207,0.5678122967632198,0.5678122967632198,0.5628095452498875,1189765.0
2019-12-27,0.5668117464605533,0.5678122967632198,0.5728150482765522,0.5653109210065536,1627508.0
2019-12-30,0.5643103707038871,0.5673120216118865,0.5678122967632198,0.5583070688878884,1863203.0
2019-12-31,0.5658111961578869,0.56631147130922,0.5668117464605533,0.5638100955525539,1842976.0
2020-01-02,0.5713142228225524,0.5763169743358847,0.5803191755465505,0.5713142228225524,2799459.86
2020-01-03,0.5758166991845516,0.576817249487218,0.5783180749412177,0.5753164240332183,1220828.08
2020-01-06,0.5743158737305518,0.574816148881885,0.5798189003952174,0.5713142228225524,1402252.84
2020-01-07,0.5743158737305518,0.576817249487218,0.5798189003952174,0.5738155985792186,976920.08
2020-01-08,0.5753164240332183,0.56631147130922,0.5758166991845516,0.5658111961578869,1654056.0
2020-01-09,0.5708139476712192,0.5693131222172194,0.5723147731252188,0.56631147130922,3122659.0
2020-01-10,0.5698133973685527,0.5693131222172194,0.5708139476712192,0.5673120216118865,892121.0
2020-01-13,0.568312571914553,0.5718144979738857,0.5718144979738857,0.5658111961578869,1149335.1
2020-01-14,0.5728150482765522,0.5698133973685527,0.5758166991845516,0.5693131222172194,1297416.25
2020-01-15,0.5698133973685527,0.5633098204012207,0.5698133973685527,0.5628095452498875,1158458.6
2020-01-16,0.5643103707038871,0.559807894341888,0.5653109210065536,0.5593076191905549,1583250.0
2020-01-17,0.559807894341888,0.5593076191905549,0.5628095452498875,0.5583070688878884,1121814.0
2020-01-20,0.5603081694932214,0.5638100955525539,0.5638100955525539,0.5588073440392216,1878921.15
2020-01-21,0.5613087197958878,0.555305417979889,0.5623092700985542,0.5548051428285558,1866257.0
2020-01-22,0.5543048676772225,0.5548051428285558,0.5558056931312222,0.5478012907098905,1408842.0
2020-01-23,0.5503026664665567,0.5427985391965581,0.5518034919205563,0.5382960628345591,2239507.61
2020-02-03,0.5002751513332333,0.5007754264845665,0.5152834058732303,0.49627295012256745,3937281.21
2020-02-04,0.5037770773925658,0.5152834058732303,0.5162839561758967,0.5037770773925658,2147917.2
2020-02-05,0.51678423132723,0.5157836810245635,0.5197858822352294,0.510280654359898,1857976.14
2020-02-06,0.5162839561758967,0.5187853319325629,0.5207864325378958,0.5127820301165641,2385996.52
2020-02-07,0.5157836810245635,0.51678423132723,0.5177847816298964,0.5117814798138977,1658192.81
2020-02-10,0.5137825804192305,0.5157836810245635,0.5162839561758967,0.5122817549652309,1934659.0
2020-02-11,0.51678423132723,0.5207864325378958,0.5212867076892291,0.5157836810245635,1948736.22
2020-02-12,0.5187853319325629,0.5217869828405624,0.5222872579918956,0.5177847816298964,1768648.21
2020-02-13,0.5202861573865627,0.5177847816298964,0.5212867076892291,0.5172845064785633,1208556.92
2020-02-14,0.5172845064785633,0.5222872579918956,0.5222872579918956,0.5162839561758967,1559673.07
2020-02-17,0.5222872579918956,0.5322927610185603,0.5332933113212267,0.5202861573865627,2780921.83
2020-02-18,0.5312922107158938,0.527290009505228,0.5312922107158938,0.525288908899895,2390377.0
2020-02-19,0.5257891840512282,0.5257891840512282,0.5292911101105608,0.5237880834458952,2350558.41
2020-02-20,0.5262894592025614,0.5332933113212267,0.5337935864725599,0.523287808294562,3960666.21
2020-02-21,0.5317924858672269,0.5317924858672269,0.5347941367752264,0.5287908349592275,3840658.0
2020-02-24,0.5307919355645605,0.525288908899895,0.5307919355645605,0.5247886337485617,2677607.0
2020-02-25,0.5187853319325629,0.5202861573865627,0.5217869828405624,0.5157836810245635,2758325.85
2020-02-26,0.5152834058732303,0.5227875331432288,0.5257891840512282,0.5142828555705639,2781200.0
2020-02-27,0.5207864325378958,0.5242883585972286,0.5242883585972286,0.5207864325378958,1763292.36
2020-02-28,0.5177847816298964,0.5112812046625644,0.5207864325378958,0.510280654359898,2662400.0
2020-03-02,0.5117814798138977,0.5192856070838962,0.5212867076892291,0.5117814798138977,2107161.99
2020-03-03,0.5227875331432288,0.5202861573865627,0.5242883585972286,0.5192856070838962,2016928.96
2020-03-04,0.5182850567812297,0.5222872579918956,0.5222872579918956,0.5172845064785633,1617951.99
2020-03-05,0.5242883585972286,0.5357946870778928,0.5362949622292261,0.5227875331432288,4303263.84
2020-03-06,0.5302916604132273,0.5277902846565611,0.5317924858672269,0.5267897343538946,2344180.11
2020-03-09,0.5182850567812297,0.5127820301165641,0.5197858822352294,0.5122817549652309,2669211.0
2020-03-10,0.5127820301165641,0.5202861573865627,0.5212867076892291,0.5117814798138977,1825096.0
2020-03-11,0.5202861573865627,0.5147831307218971,0.5212867076892291,0.5142828555705639,1410317.0
2020-03-12,0.5137825804192305,0.5122817549652309,0.5157836810245635,0.5107809295112311,1551336.0
2020-03-13,0.4982740507279004,0.5097803792085647,0.510280654359898,0.49477212466856774,2625147.85
2020-03-16,0.5057781779978988,0.4912701986092351,0.5077792786032318,0.4902696483065686,2170312.39
2020-03-17,0.493271299214568,0.4902696483065686,0.4982740507279004,0.48476662164190304,2089200.0
2020-03-18,0.4912701986092351,0.4792635949772375,0.4942718495172345,0.47876331982590425,1767580.0
2020-03-19,0.47726249437190454,0.4677572664965732,0.47876331982590425,0.46175396468057434,2381482.83
2020-03-20,0.4707589174045725,0.47726249437190454,0.47976387012857075,0.4687578167992396,1849363.98
2020-03-23,0.465255890739907,0.465255890739907,0.4707589174045725,0.46425534043724054,963075.0
2020-03-24,0.4747611186152384,0.47776276952323776,0.47826304467457104,0.47125919255590576,1217076.42
2020-03-25,0.4852668967932363,0.48626744709590275,0.4882685477012357,0.4822652458852369,1205092.72
2020-03-26,0.4837660713392366,0.48926909800390217,0.49527239981990095,0.4817649707339037,1678879.0
2020-03-27,0.4922707489119016,0.4902696483065686,0.49527239981990095,0.48926909800390217,1140022.15
2020-03-30,0.48576717194456953,0.48776827254990246,0.4897693731552354,0.4837660713392366,713512.0
2020-03-31,0.4902696483065686,0.4837660713392366,0.4917704737605683,0.4827655210365701,837281.0
2020-04-01,0.4842663464905698,0.4827655210365701,0.48876882285256895,0.4822652458852369,1326384.61
2020-04-02,0.4807644204312372,0.48626744709590275,0.48676772224723597,0.4807644204312372,622338.89
2020-04-03,0.48476662164190304,0.48326579618790333,0.4852668967932363,0.4812646955825704,659830.0
2020-04-07,0.48876882285256895,0.48876882285256895,0.4902696483065686,0.48726799739856924,1249353.62
2020-04-08,0.48726799739856924,0.48576717194456953,0.48726799739856924,0.4852668967932363,821083.97
2020-04-09,0.48726799739856924,0.48576717194456953,0.48776827254990246,0.4852668967932363,1186969.0
2020-04-10,0.48576717194456953,0.48476662164190304,0.48776827254990246,0.4837660713392366,1180123.25
2020-04-13,0.4842663464905698,0.4817649707339037,0.4842663464905698,0.4812646955825704,463930.0
2020-04-14,0.4827655210365701,0.48726799739856924,0.48776827254990246,0.4822652458852369,735803.03
2020-04-15,0.48626744709590275,0.48476662164190304,0.48726799739856924,0.4842663464905698,592919.39
2020-04-16,0.48326579618790333,0.48326579618790333,0.48476662164190304,0.4817649707339037,584414.0
2020-04-17,0.48476662164190304,0.48726799739856924,0.4897693731552354,0.4842663464905698,1317363.42
2020-04-20,0.48726799739856924,0.48676772224723597,0.48776827254990246,0.48476662164190304,600819.0
2020-04-21,0.4852668967932363,0.4852668967932363,0.48776827254990246,0.48326579618790333,909037.11
2020-04-22,0.48326579618790333,0.48476662164190304,0.48476662164190304,0.4817649707339037,492315.0
2020-04-23,0.4837660713392366,0.4827655210365701,0.48476662164190304,0.4817649707339037,458771.0
2020-04-24,0.4817649707339037,0.48026414527990396,0.4822652458852369,0.4792635949772375,656323.0
2020-04-27,0.4817649707339037,0.48876882285256895,0.4917704737605683,0.4812646955825704,1908684.0
2020-04-28,0.48926909800390217,0.4907699234579019,0.4912701986092351,0.4842663464905698,728052.33
2020-04-29,0.4912701986092351,0.5012757016358997,0.501775976787233,0.4897693731552354,1486286.89
2020-04-30,0.5022762519385663,0.5042773525438992,0.5092801040572316,0.5022762519385663,1052999.89
2020-05-06,0.4997748761819001,0.4997748761819001,0.5002751513332333,0.4942718495172345,1417040.0
2020-05-07,0.4987743258792336,0.49627295012256745,0.4992746010305668,0.49527239981990095,697280.64
2020-05-08,0.4982740507279004,0.5007754264845665,0.5022762519385663,0.4972735004252339,908955.64
2020-05-11,0.501775976787233,0.5012757016358997,0.5047776276952324,0.5002751513332333,689861.0
2020-05-12,0.5007754264845665,0.49777377557656716,0.501775976787233,0.49627295012256745,648188.0
2020-05-13,0.49677322527390066,0.49627295012256745,0.49677322527390066,0.493271299214568,457864.0
2020-05-14,0.4942718495172345,0.4922707489119016,0.4942718495172345,0.4907699234579019,574132.0
2020-05-15,0.493271299214568,0.4912701986092351,0.49377157436590124,0.4902696483065686,742406.0
2020-05-18,0.4907699234579019,0.4922707489119016,0.49377157436590124,0.48926909800390217,1030342.89
2020-05-19,0.49527239981990095,0.49477212466856774,0.49777377557656716,0.49377157436590124,793872.0
2020-05-20,0.4942718495172345,0.49677322527390066,0.4987743258792336,0.4922707489119016,1028622.0
2020-05-21,0.4982740507279004,0.49527239981990095,0.4987743258792336,0.49477212466856774,824217.0
2020-05-22,0.49477212466856774,0.48726799739856924,0.49477212466856774,0.48676772224723597,964435.0
2020-05-25,0.48726799739856924,0.48576717194456953,0.4882685477012357,0.4842663464905698,466007.0
2020-05-26,0.48626744709590275,0.4882685477012357,0.4882685477012357,0.48626744709590275,574510.0
2020-05-27,0.48776827254990246,0.4897693731552354,0.493271299214568,0.48676772224723597,618483.0
2020-05-28,0.4907699234579019,0.4972735004252339,0.4997748761819001,0.4902696483065686,1143672.0
2020-05-29,0.49477212466856774,0.49477212466856774,0.49627295012256745,0.493271299214568,562308.0
2020-06-01,0.4957726749712342,0.5007754264845665,0.501775976787233,0.49527239981990095,1145619.0
2020-06-02,0.5007754264845665,0.5037770773925658,0.5047776276952324,0.4997748761819001,750635.0
2020-06-03,0.5052779028465656,0.5047776276952324,0.5122817549652309,0.5042773525438992,1842509.0
2020-06-04,0.5062784531492321,0.5037770773925658,0.5072790034518986,0.5022762519385663,526845.44
2020-06-05,0.5032768022412327,0.5042773525438992,0.5042773525438992,0.5007754264845665,770196.44
2020-06-08,0.5052779028465656,0.5042773525438992,0.5077792786032318,0.5032768022412327,634099.0
2020-06-09,0.5037770773925658,0.5047776276952324,0.5057781779978988,0.5022762519385663,902307.0
2020-06-10,0.5047776276952324,0.5022762519385663,0.5052779028465656,0.5012757016358997,620702.52
2020-06-11,0.5007754264845665,0.4957726749712342,0.5012757016358997,0.49477212466856774,1218328.0
2020-06-12,0.4912701986092351,0.49527239981990095,0.4957726749712342,0.4907699234579019,622746.61
2020-06-15,0.49377157436590124,0.4902696483065686,0.4942718495172345,0.4902696483065686,776730.0
2020-06-16,0.4927710240632348,0.49377157436590124,0.4942718495172345,0.4922707489119016,677595.0
2020-06-17,0.493271299214568,0.4942718495172345,0.4942718495172345,0.4912701986092351,415935.0
2020-06-18,0.4927710240632348,0.4912701986092351,0.4927710240632348,0.48676772224723597,2015824.0
2020-06-19,0.4907699234579019,0.49377157436590124,0.4957726749712342,0.4902696483065686,2209727.76
2020-06-22,0.4922707489119016,0.4922707489119016,0.4957726749712342,0.4912701986092351,2478032.0
2020-06-23,0.4912701986092351,0.4902696483065686,0.4917704737605683,0.4882685477012357,1520298.08
2020-06-24,0.4902696483065686,0.4957726749712342,0.49627295012256745,0.4897693731552354,2475593.06
2020-06-29,0.5002751513332333,0.49377157436590124,0.501775976787233,0.4922707489119016,2555203.0
2020-06-30,0.4942718495172345,0.49527239981990095,0.49677322527390066,0.4922707489119016,4316331.0
2020-07-01,0.49527239981990095,0.5032768022412327,0.5042773525438992,0.4942718495172345,4976499.02
2020-07-02,0.501775976787233,0.5152834058732303,0.5157836810245635,0.5007754264845665,5856983.44
2020-07-03,0.5182850567812297,0.5287908349592275,0.5307919355645605,0.5177847816298964,6760090.4
2020-07-06,0.5372955125318926,0.5818200010005503,0.5818200010005503,0.5372955125318926,11325332.12
2020-07-07,0.6098354094752114,0.5733153234278853,0.6103356846265446,0.5708139476712192,14374296.65
2020-07-08,0.56631147130922,0.5788183500925509,0.5838211016058833,0.5658111961578869,9152219.04
2020-07-09,0.5753164240332183,0.5718144979738857,0.5753164240332183,0.5643103707038871,9816043.32
2020-07-10,0.56631147130922,0.5508029416178899,0.5678122967632198,0.5473010155585573,8403341.91
2020-07-13,0.5442993646505578,0.5508029416178899,0.5563059682825555,0.5417979888938916,7849885.68
2020-07-14,0.5498023913152233,0.5427985391965581,0.5508029416178899,0.5382960628345591,7199630.49
2020-07-15,0.5458001901045575,0.5332933113212267,0.546800740407224,0.5307919355645605,6038092.41
2020-07-16,0.5342938616238933,0.5317924858672269,0.542298264045225,0.5312922107158938,9136796.35
2020-07-17,0.5342938616238933,0.5317924858672269,0.5362949622292261,0.5277902846565611,5571793.17
2020-07-20,0.5347941367752264,0.5458001901045575,0.546800740407224,0.5307919355645605,7516437.12
2020-07-21,0.5458001901045575,0.5407974385912252,0.5458001901045575,0.5387963379858922,4384127.49
2020-07-22,0.5412977137425584,0.540297163439892,0.5473010155585573,0.5372955125318926,5352930.15
2020-07-23,0.5357946870778928,0.5322927610185603,0.5382960628345591,0.5262894592025614,5396257.16
2020-07-24,0.5282905598078944,0.5197858822352294,0.5307919355645605,0.5157836810245635,5828788.05
2020-07-27,0.5197858822352294,0.5152834058732303,0.5212867076892291,0.5117814798138977,4131525.73
2020-07-28,0.5177847816298964,0.51678423132723,0.5187853319325629,0.5142828555705639,2956654.61
2020-07-29,0.5152834058732303,0.5237880834458952,0.5242883585972286,0.5132823052678974,5599996.12
2020-07-30,0.5227875331432288,0.5177847816298964,0.523287808294562,0.5177847816298964,2739798.12
2020-07-31,0.5177847816298964,0.5192856070838962,0.5237880834458952,0.5157836810245635,3378045.08
2020-08-03,0.5227875331432288,0.523287808294562,0.5237880834458952,0.5197858822352294,4227900.99
2020-08-04,0.5242883585972286,0.5352944119265597,0.5387963379858922,0.5217869828405624,12482779.65
2020-08-05,0.5312922107158938,0.5297913852618941,0.5317924858672269,0.5257891840512282,4057449.16
2020-08-06,0.5302916604132273,0.5332933113212267,0.5342938616238933,0.5262894592025614,4039360.96
2020-08-07,0.5302916604132273,0.527290009505228,0.5332933113212267,0.525288908899895,3427572.17
2020-08-10,0.5262894592025614,0.5332933113212267,0.5352944119265597,0.5242883585972286,4652669.19
2020-08-11,0.5327930361698935,0.5342938616238933,0.5452999149532244,0.5322927610185603,6978734.5
2020-08-12,0.5357946870778928,0.5382960628345591,0.5412977137425584,0.5317924858672269,5664212.29
2020-08-13,0.5392966131372255,0.5352944119265597,0.5397968882885588,0.5342938616238933,2385436.16
2020-08-14,0.5342938616238933,0.5437990894992246,0.5442993646505578,0.5342938616238933,3872205.41
2020-08-17,0.5452999149532244,0.5588073440392216,0.5643103707038871,0.5447996398018911,10169181.19
2020-08-18,0.5578067937365552,0.5538045925258892,0.5583070688878884,0.5503026664665567,4482401.9
2020-08-19,0.5523037670718897,0.5488018410125569,0.5548051428285558,0.5478012907098905,3496704.37
2020-08-20,0.5463004652558908,0.5387963379858922,0.546800740407224,0.5382960628345591,3894454.14
2020-08-21,0.5417979888938916,0.542298264045225,0.5432988143478914,0.5387963379858922,2003391.14
2020-08-24,0.5417979888938916,0.5392966131372255,0.5432988143478914,0.5377957876832258,1933078.0
2020-08-25,0.5397968882885588,0.5392966131372255,0.5432988143478914,0.5377957876832258,2170800.0
2020-08-26,0.5392966131372255,0.5347941367752264,0.5397968882885588,0.5332933113212267,2179936.0
2020-08-27,0.5347941367752264,0.5347941367752264,0.5357946870778928,0.5307919355645605,1754523.91
2020-08-28,0.5342938616238933,0.5458001901045575,0.5463004652558908,0.5322927610185603,4181045.29
2020-08-31,0.5473010155585573,0.542298264045225,0.5528040422232228,0.5412977137425584,3295511.0
2020-09-01,0.5397968882885588,0.5417979888938916,0.5427985391965581,0.5387963379858922,2108719.41
2020-09-02,0.5417979888938916,0.5377957876832258,0.5417979888938916,0.5347941367752264,1826038.0
2020-09-03,0.5377957876832258,0.5352944119265597,0.5397968882885588,0.5342938616238933,1976539.0
2020-09-04,0.5312922107158938,0.5332933113212267,0.5352944119265597,0.5302916604132273,2273208.0
2020-09-07,0.5332933113212267,0.5307919355645605,0.5377957876832258,0.5302916604132273,2183534.0
2020-09-08,0.5322927610185603,0.5392966131372255,0.5397968882885588,0.5322927610185603,3318874.12
2020-09-09,0.5362949622292261,0.5362949622292261,0.5417979888938916,0.5342938616238933,2123671.41
2020-09-10,0.5387963379858922,0.5347941367752264,0.5397968882885588,0.5337935864725599,1874654.77
2020-09-11,0.5337935864725599,0.5312922107158938,0.5352944119265597,0.5277902846565611,2164860.81
2020-09-14,0.5322927610185603,0.5327930361698935,0.5332933113212267,0.5297913852618941,1263294.83
2020-09-15,0.5317924858672269,0.5352944119265597,0.5367952373805593,0.5307919355645605,1387212.33
2020-09-16,0.5342938616238933,0.5362949622292261,0.5382960628345591,0.5322927610185603,1504056.47
2020-09-17,0.5362949622292261,0.5342938616238933,0.5392966131372255,0.5342938616238933,1381713.83
2020-09-18,0.5337935864725599,0.5452999149532244,0.5458001901045575,0.5337935864725599,3329471.41
2020-09-21,0.5458001901045575,0.542298264045225,0.5473010155585573,0.5407974385912252,1788341.0
2020-09-22,0.540297163439892,0.5362949622292261,0.5437990894992246,0.5352944119265597,1979853.45
2020-09-23,0.5362949622292261,0.5342938616238933,0.5372955125318926,0.5332933113212267,3326817.0
2020-09-24,0.5312922107158938,0.5262894592025614,0.5327930361698935,0.525288908899895,1926914.64
2020-09-25,0.5267897343538946,0.527290009505228,0.5282905598078944,0.525288908899895,1303606.17
2020-09-28,0.527290009505228,0.5282905598078944,0.5292911101105608,0.5257891840512282,1217382.0
2020-09-29,0.5297913852618941,0.523287808294562,0.5297913852618941,0.5227875331432288,2066967.0
2020-09-30,0.5237880834458952,0.5207864325378958,0.5262894592025614,0.5187853319325629,1767484.0
2020-10-09,0.5237880834458952,0.523287808294562,0.5262894592025614,0.5227875331432288,1686658.02
2020-10-12,0.5242883585972286,0.5367952373805593,0.5377957876832258,0.5237880834458952,2999259.48
2020-10-13,0.5337935864725599,0.5362949622292261,0.5377957876832258,0.5327930361698935,1997135.17
2020-10-14,0.5377957876832258,0.5357946870778928,0.5387963379858922,0.5337935864725599,1564114.43
2020-10-15,0.5362949622292261,0.5437990894992246,0.5483015658612237,0.5357946870778928,5779794.49
2020-10-16,0.5427985391965581,0.5533043173745561,0.5588073440392216,0.542298264045225,7269768.31
2020-10-19,0.5568062434338886,0.5543048676772225,0.5713142228225524,0.5538045925258892,5246782.48
2020-10-20,0.5538045925258892,0.5528040422232228,0.5558056931312222,0.5493021161638902,2755242.7
2020-10-21,0.5528040422232228,0.561808994947221,0.5628095452498875,0.5503026664665567,3521714.87
2020-10-22,0.5628095452498875,0.5608084446445545,0.5698133973685527,0.5563059682825555,3442417.07
2020-10-23,0.559807894341888,0.5648106458552205,0.5713142228225524,0.5578067937365552,6428517.0
2020-10-26,0.5643103707038871,0.5543048676772225,0.56631147130922,0.5513032167692231,4070430.1
2020-10-27,0.5518034919205563,0.5518034919205563,0.555305417979889,0.5503026664665567,1867202.0
2020-10-28,0.5518034919205563,0.5463004652558908,0.5538045925258892,0.5437990894992246,1862987.0
2020-10-29,0.5412977137425584,0.546800740407224,0.5508029416178899,0.540297163439892,2866847.85
2020-10-30,0.5458001901045575,0.5407974385912252,0.5538045925258892,0.540297163439892,2580466.1
2020-11-02,0.5412977137425584,0.5412977137425584,0.5458001901045575,0.5372955125318926,2065476.0
2020-11-03,0.5447996398018911,0.5483015658612237,0.5533043173745561,0.5447996398018911,3139198.0
2020-11-04,0.5533043173745561,0.5548051428285558,0.5568062434338886,0.5503026664665567,3082529.35
2020-11-05,0.559807894341888,0.5533043173745561,0.5608084446445545,0.5508029416178899,3911597.09
2020-11-06,0.5528040422232228,0.5508029416178899,0.5533043173745561,0.5478012907098905,2572272.08
2020-11-09,0.5513032167692231,0.557306518585222,0.5583070688878884,0.5513032167692231,4550357.0
2020-11-10,0.5613087197958878,0.5603081694932214,0.56631147130922,0.557306518585222,3584067.95
2020-11-11,0.5593076191905549,0.5628095452498875,0.56631147130922,0.5578067937365552,3126726.53
2020-11-12,0.561808994947221,0.557306518585222,0.5623092700985542,0.5563059682825555,2141671.0
2020-11-13,0.5548051428285558,0.5488018410125569,0.5548051428285558,0.5427985391965581,3411488.99
2020-11-16,0.5478012907098905,0.5498023913152233,0.5508029416178899,0.546800740407224,1495793.07
2020-11-17,0.5498023913152233,0.557306518585222,0.5583070688878884,0.5488018410125569,3012818.88
2020-11-18,0.5543048676772225,0.568312571914553,0.5713142228225524,0.5543048676772225,5128523.75
2020-11-19,0.5668117464605533,0.5723147731252188,0.574816148881885,0.5648106458552205,3043617.46
2020-11-20,0.568312571914553,0.570313672519886,0.5708139476712192,0.56631147130922,1957336.28
2020-11-23,0.570313672519886,0.5813197258492171,0.5823202761518835,0.5688128470658863,3122798.16
2020-11-24,0.5793186252438841,0.5783180749412177,0.5828205513032169,0.576817249487218,2493411.65
2020-11-25,0.5808194506978839,0.5733153234278853,0.5863224773625494,0.5723147731252188,2777672.65
2020-11-26,0.5723147731252188,0.5818200010005503,0.5828205513032169,0.5723147731252188,2999806.87
2020-11-27,0.5813197258492171,0.5973285306918805,0.5978288058432139,0.5813197258492171,4261534.7
2020-11-30,0.6063334834158788,0.5898244034218821,0.6188403621992097,0.5893241282705488,9204222.82
2020-12-01,0.5878233028165492,0.6058332082645456,0.608834859172545,0.5868227525138827,6166447.82
2020-12-02,0.6048326579618791,0.6028315573565461,0.6093351343238782,0.5963279803892141,4303317.75
2020-12-03,0.6013307319025464,0.6013307319025464,0.6053329331132122,0.5943268797838811,2949651.0
2020-12-04,0.598329080994547,0.5953274300865476,0.5993296312972135,0.5883235779678824,4177755.67
2020-12-07,0.5958277052378809,0.5813197258492171,0.5958277052378809,0.5788183500925509,4881874.33
2020-12-08,0.5803191755465505,0.5783180749412177,0.5848216519085497,0.5763169743358847,3632387.83
2020-12-09,0.5793186252438841,0.5773175246385512,0.585321927059883,0.5758166991845516,3964885.23
2020-12-10,0.5753164240332183,0.5738155985792186,0.5788183500925509,0.5698133973685527,2895745.61
2020-12-11,0.5743158737305518,0.5693131222172194,0.5753164240332183,0.5653109210065536,2921280.38
2020-12-14,0.5708139476712192,0.5728150482765522,0.5758166991845516,0.5693131222172194,2801533.63
2020-12-15,0.5718144979738857,0.5678122967632198,0.5723147731252188,0.5613087197958878,3388139.0
2020-12-16,0.568312571914553,0.5688128470658863,0.5733153234278853,0.5668117464605533,3007679.15
2020-12-17,0.5688128470658863,0.5733153234278853,0.5738155985792186,0.5628095452498875,3975447.73
2020-12-18,0.5713142228225524,0.5643103707038871,0.5728150482765522,0.5628095452498875,4539718.63
2020-12-21,0.5638100955525539,0.5638100955525539,0.56631147130922,0.5593076191905549,4176369.87
2020-12-22,0.5628095452498875,0.5528040422232228,0.5648106458552205,0.5508029416178899,4952676.17
2020-12-23,0.5523037670718897,0.5548051428285558,0.5563059682825555,0.5508029416178899,3691442.96
2020-12-24,0.5563059682825555,0.5583070688878884,0.5628095452498875,0.5558056931312222,3139115.05
2020-12-25,0.557306518585222,0.5588073440392216,0.5593076191905549,0.5523037670718897,2607373.46
2020-12-28,0.5568062434338886,0.5638100955525539,0.5643103707038871,0.5543048676772225,3474735.44
2020-12-29,0.5638100955525539,0.5648106458552205,0.5668117464605533,0.5623092700985542,3351292.54
2020-12-30,0.5633098204012207,0.56631147130922,0.5668117464605533,0.5603081694932214,4355337.21
2020-12-31,0.5658111961578869,0.5728150482765522,0.5758166991845516,0.5653109210065536,6953159.41
2021-01-04,0.5688128470658863,0.561808994947221,0.5688128470658863,0.5558056931312222,10859582.1
2021-01-05,0.5583070688878884,0.5543048676772225,0.5583070688878884,0.5478012907098905,11188995.79
2021-01-06,0.5528040422232228,0.56631147130922,0.5668117464605533,0.5508029416178899,9758282.4
2021-01-07,0.5673120216118865,0.5718144979738857,0.5733153234278853,0.5643103707038871,7452026.09
2021-01-08,0.5728150482765522,0.5733153234278853,0.5788183500925509,0.5688128470658863,5943667.48
2021-01-11,0.574816148881885,0.5803191755465505,0.585321927059883,0.574816148881885,7619674.86
2021-01-12,0.5803191755465505,0.5888238531192156,0.5893241282705488,0.576817249487218,4748679.73
2021-01-13,0.5893241282705488,0.5878233028165492,0.5898244034218821,0.58332082645455,5364374.14
2021-01-14,0.5863224773625494,0.5863224773625494,0.5963279803892141,0.5843213767572165,4826010.22
2021-01-15,0.5988293561458803,0.6033318325078794,0.6183400870478764,0.5988293561458803,11269338.31
2021-01-18,0.6038321076592126,0.6153384361398769,0.6208414628045426,0.6033318325078794,6337304.43
2021-01-19,0.6153384361398769,0.6163389864425434,0.6243433888638752,0.608834859172545,5642862.05
2021-01-20,0.6153384361398769,0.6103356846265446,0.6228425634098755,0.6078343088698785,4343301.25
2021-01-21,0.6113362349292111,0.6138376106858773,0.6178398118965431,0.6093351343238782,4637257.8
2021-01-22,0.6123367852318775,0.6018310070538797,0.6123367852318775,0.5973285306918805,4243458.85
2021-01-25,0.598329080994547,0.6038321076592126,0.6053329331132122,0.5908249537245486,4178238.88
2021-01-26,0.6003301815998799,0.5998299064485467,0.6108359597778779,0.5988293561458803,3526212.72
2021-01-27,0.598329080994547,0.6093351343238782,0.6153384361398769,0.598329080994547,5267800.99
2021-01-28,0.6038321076592126,0.6028315573565461,0.6048326579618791,0.598329080994547,3942992.02
2021-01-29,0.6108359597778779,0.6063334834158788,0.6123367852318775,0.6003301815998799,5047301.0
2021-02-01,0.6028315573565461,0.6213417379558758,0.6218420131072091,0.5978288058432139,6110835.92
2021-02-02,0.6143378858372105,0.6118365100805444,0.6213417379558758,0.6098354094752114,4541256.37
2021-02-03,0.6103356846265446,0.6213417379558758,0.6278453149232077,0.606833758567212,6295378.33
2021-02-04,0.6173395367452099,0.6233428385612086,0.6338486167392066,0.6158387112912103,5929638.88
2021-02-05,0.6258442143178748,0.643353844614538,0.645354945219871,0.623843113712542,8701295.88
2021-02-08,0.6423532943118716,0.645354945219871,0.6483565961278703,0.6308469658312071,7935129.42
2021-02-09,0.6438541197658713,0.6468557706738707,0.6473560458252039,0.6358497173445394,6271645.35
2021-02-10,0.6488568712792036,0.6403521937065386,0.6568612737005353,0.6333483415878733,7018146.36
2021-02-18,0.6468557706738707,0.6528590724898694,0.6598629246085347,0.6448546700685377,5574073.93
2021-02-19,0.64985742158187,0.6478563209765371,0.658362099154535,0.645354945219871,5273706.26
2021-02-22,0.6478563209765371,0.6373505427985392,0.6478563209765371,0.6353494421932063,5208004.26
2021-02-23,0.6358497173445394,0.6428535694632047,0.6558607233978688,0.6358497173445394,6382463.94
2021-02-24,0.6428535694632047,0.6328480664365401,0.6443543949172045,0.6278453149232077,3905079.72
2021-02-25,0.636850267647206,0.6428535694632047,0.6478563209765371,0.6333483415878733,5272446.45
2021-02-26,0.634849167041873,0.6203411876532093,0.6418530191605383,0.6183400870478764,4917367.9
2021-03-01,0.6228425634098755,0.6208414628045426,0.6248436640152084,0.6168392615938767,7579634.94
2021-03-02,0.6228425634098755,0.6158387112912103,0.6263444894692081,0.6098354094752114,2502124.75
2021-03-03,0.6153384361398769,0.6443543949172045,0.6448546700685377,0.6153384361398769,5544833.06
2021-03-04,0.6403521937065386,0.6398519185552054,0.6488568712792036,0.6343488918905399,4826925.26
2021-03-05,0.6328480664365401,0.6338486167392066,0.6443543949172045,0.6223422882585422,3094365.01
2021-03-08,0.6343488918905399,0.6233428385612086,0.6418530191605383,0.6228425634098755,2879543.59
2021-03-09,0.6243433888638752,0.6113362349292111,0.6308469658312071,0.6083345840212117,5351705.36
2021-03-10,0.6133373355345441,0.6098354094752114,0.6148381609885438,0.6063334834158788,2126841.25
2021-03-11,0.6153384361398769,0.6273450397718746,0.6328480664365401,0.6153384361398769,3711348.74
2021-03-12,0.6268447646205413,0.6338486167392066,0.6363499924958728,0.6268447646205413,2439330.74
2021-03-15,0.6328480664365401,0.6393516434038722,0.6493571464305369,0.6323477912852069,4140575.9
2021-03-16,0.6403521937065386,0.6468557706738707,0.6528590724898694,0.6398519185552054,2864952.37
2021-03-17,0.6423532943118716,0.6363499924958728,0.6443543949172045,0.6338486167392066,2952524.57
2021-03-18,0.6353494421932063,0.6388513682525389,0.6408524688578718,0.6338486167392066,2336569.92
2021-03-19,0.6383510931012057,0.6203411876532093,0.6408524688578718,0.6178398118965431,2795672.34
2021-03-22,0.6193406373505428,0.6323477912852069,0.636850267647206,0.6193406373505428,2363035.15
2021-03-23,0.6323477912852069,0.6288458652258742,0.636850267647206,0.6253439391665416,2635579.77
2021-03-24,0.6268447646205413,0.6193406373505428,0.6298464155285407,0.6178398118965431,1869703.77
2021-03-25,0.6193406373505428,0.6153384361398769,0.6248436640152084,0.6143378858372105,1649865.0
2021-03-26,0.6178398118965431,0.6218420131072091,0.6223422882585422,0.6158387112912103,1878429.0
2021-03-29,0.6218420131072091,0.6253439391665416,0.6253439391665416,0.6178398118965431,1796478.0
2021-03-30,0.6248436640152084,0.6288458652258742,0.6288458652258742,0.6203411876532093,2033945.99
2021-03-31,0.6273450397718746,0.6308469658312071,0.6333483415878733,0.6218420131072091,2267369.07
2021-04-01,0.6303466906798739,0.6293461403772075,0.6313472409825405,0.6258442143178748,1998948.0
2021-04-02,0.6293461403772075,0.6223422882585422,0.6293461403772075,0.6198409125018761,2649794.03
2021-04-06,0.6218420131072091,0.6228425634098755,0.6258442143178748,0.6208414628045426,1445332.24
2021-04-07,0.6228425634098755,0.6213417379558758,0.6243433888638752,0.6178398118965431,1647097.24
2021-04-08,0.6198409125018761,0.6193406373505428,0.6208414628045426,0.6178398118965431,1600622.04
2021-04-09,0.6188403621992097,0.6153384361398769,0.6198409125018761,0.6148381609885438,1496571.0
2021-04-12,0.6148381609885438,0.6143378858372105,0.6173395367452099,0.6113362349292111,2275860.0
2021-04-13,0.6138376106858773,0.6123367852318775,0.6193406373505428,0.6098354094752114,1799379.0
2021-04-14,0.6118365100805444,0.6053329331132122,0.6128370603832108,0.6033318325078794,2498460.5
2021-04-15,0.6043323828105458,0.5988293561458803,0.6048326579618791,0.5933263294812147,3660562.0
2021-04-16,0.598329080994547,0.6008304567512133,0.6013307319025464,0.5948271549352144,1427900.0
2021-04-19,0.5993296312972135,0.6098354094752114,0.6113362349292111,0.5958277052378809,2140837.21
2021-04-20,0.6073340337185452,0.6108359597778779,0.6148381609885438,0.6063334834158788,1968892.28
2021-04-21,0.6118365100805444,0.6213417379558758,0.623843113712542,0.6118365100805444,2843341.52
2021-04-22,0.6213417379558758,0.6168392615938767,0.6228425634098755,0.6133373355345441,2113898.37
2021-04-23,0.6153384361398769,0.6183400870478764,0.6218420131072091,0.6138376106858773,1750193.87
2021-04-26,0.623843113712542,0.6123367852318775,0.6258442143178748,0.6103356846265446,2367077.9
2021-04-27,0.6113362349292111,0.6133373355345441,0.6148381609885438,0.6098354094752114,1129759.19
2021-04-28,0.6133373355345441,0.6123367852318775,0.6148381609885438,0.6083345840212117,1061711.33
2021-04-29,0.6128370603832108,0.623843113712542,0.6243433888638752,0.6123367852318775,2043674.93
2021-04-30,0.6228425634098755,0.6133373355345441,0.6233428385612086,0.6093351343238782,2546101.65
2021-05-06,0.6153384361398769,0.6198409125018761,0.623843113712542,0.6133373355345441,1779446.69
2021-05-07,0.6203411876532093,0.6278453149232077,0.6323477912852069,0.6188403621992097,1958137.51
2021-05-10,0.6278453149232077,0.6228425634098755,0.6278453149232077,0.6163389864425434,1639261.05
2021-05-11,0.6203411876532093,0.6248436640152084,0.6253439391665416,0.6188403621992097,1282648.99
2021-05-12,0.6218420131072091,0.6273450397718746,0.6328480664365401,0.6218420131072091,1693716.42
2021-05-13,0.6248436640152084,0.6233428385612086,0.6298464155285407,0.6218420131072091,2319712.59
2021-05-14,0.6243433888638752,0.6328480664365401,0.6343488918905399,0.6203411876532093,2398744.0
2021-05-17,0.6318475161338736,0.6343488918905399,0.6398519185552054,0.6298464155285407,2768469.6
2021-05-18,0.6338486167392066,0.6323477912852069,0.634849167041873,0.6298464155285407,1364763.25
2021-05-19,0.6308469658312071,0.6243433888638752,0.6318475161338736,0.6213417379558758,1859970.03
2021-05-20,0.6228425634098755,0.6293461403772075,0.6298464155285407,0.6188403621992097,2129237.91
2021-05-21,0.6288458652258742,0.6223422882585422,0.6313472409825405,0.6203411876532093,1691124.95
2021-05-24,0.6208414628045426,0.6218420131072091,0.6258442143178748,0.6203411876532093,1499688.47
2021-05-25,0.6223422882585422,0.643353844614538,0.6458552203712041,0.6208414628045426,3654514.73
2021-05-26,0.6438541197658713,0.6493571464305369,0.6528590724898694,0.643353844614538,2425331.92
2021-05-27,0.6478563209765371,0.6463554955225375,0.64985742158187,0.6398519185552054,2786752.04
2021-05-28,0.645354945219871,0.6473560458252039,0.6503576967332033,0.6423532943118716,2495867.96
2021-05-31,0.6443543949172045,0.6428535694632047,0.6448546700685377,0.6378508179498724,1965993.87
2021-06-01,0.6403521937065386,0.6373505427985392,0.6403521937065386,0.6343488918905399,2793578.0
2021-06-02,0.6378508179498724,0.6378508179498724,0.6383510931012057,0.6313472409825405,2289349.56
2021-06-03,0.6363499924958728,0.634849167041873,0.6428535694632047,0.6338486167392066,2437932.78
2021-06-04,0.634849167041873,0.6423532943118716,0.6483565961278703,0.6333483415878733,3329167.11
2021-06-07,0.6423532943118716,0.6383510931012057,0.6428535694632047,0.6343488918905399,2338454.0
2021-06-08,0.636850267647206,0.636850267647206,0.6413527440092051,0.6323477912852069,2062706.52
2021-06-09,0.634849167041873,0.634849167041873,0.6388513682525389,0.6338486167392066,2217833.64
2021-06-10,0.6353494421932063,0.6343488918905399,0.6413527440092051,0.6338486167392066,2278200.0
2021-06-11,0.6353494421932063,0.6248436640152084,0.6363499924958728,0.6223422882585422,2839753.05
2021-06-15,0.6223422882585422,0.6188403621992097,0.6243433888638752,0.6153384361398769,1520318.68
2021-06-16,0.6183400870478764,0.6213417379558758,0.6253439391665416,0.6168392615938767,1914304.07
2021-06-17,0.6213417379558758,0.6193406373505428,0.6253439391665416,0.6178398118965431,1774006.96
2021-06-18,0.6168392615938767,0.6138376106858773,0.6198409125018761,0.6113362349292111,2171671.15
2021-06-21,0.6138376106858773,0.606833758567212,0.6143378858372105,0.6048326579618791,2309242.14
2021-06-22,0.6078343088698785,0.6143378858372105,0.6153384361398769,0.6078343088698785,2279012.51
2021-06-23,0.6133373355345441,0.6133373355345441,0.6158387112912103,0.6113362349292111,1583260.96
2021-06-24,0.6138376106858773,0.6158387112912103,0.6198409125018761,0.6108359597778779,1934635.0
2021-06-25,0.6158387112912103,0.623843113712542,0.6253439391665416,0.6153384361398769,2497327.96
2021-06-28,0.6233428385612086,0.6133373355345441,0.623843113712542,0.6108359597778779,3545131.0
2021-06-29,0.6113362349292111,0.6098354094752114,0.6148381609885438,0.6083345840212117,2961067.0
2021-06-30,0.6113362349292111,0.6153384361398769,0.6168392615938767,0.6103356846265446,1921979.96
2021-07-01,0.6168392615938767,0.6243433888638752,0.6248436640152084,0.6143378858372105,3224132.96
2021-07-02,0.6203411876532093,0.6128370603832108,0.6203411876532093,0.6093351343238782,2104261.0
2021-07-05,0.6118365100805444,0.6113362349292111,0.6128370603832108,0.6028315573565461,2450127.0
2021-07-06,0.6103356846265446,0.6183400870478764,0.6193406373505428,0.6093351343238782,2167770.04
2021-07-07,0.6168392615938767,0.6173395367452099,0.6248436640152084,0.6138376106858773,1904677.98
2021-07-08,0.6208414628045426,0.6008304567512133,0.6243433888638752,0.5988293561458803,5771550.7
2021-07-09,0.5993296312972135,0.5958277052378809,0.6033318325078794,0.5943268797838811,2760013.11
2021-07-12,0.5993296312972135,0.5928260543298814,0.6023312822052129,0.5908249537245486,4130684.0
2021-07-13,0.5933263294812147,0.5968282555405474,0.598329080994547,0.5883235779678824,2750089.88
2021-07-14,0.5948271549352144,0.585321927059883,0.5948271549352144,0.5828205513032169,3572561.79
2021-07-15,0.5848216519085497,0.6003301815998799,0.6013307319025464,0.5843213767572165,3708266.66
2021-07-16,0.5978288058432139,0.5988293561458803,0.6028315573565461,0.5958277052378809,1584189.66
2021-07-19,0.5978288058432139,0.5988293561458803,0.5993296312972135,0.5893241282705488,1777280.54
2021-07-20,0.5943268797838811,0.5903246785732152,0.5973285306918805,0.5888238531192156,2230756.66
2021-07-21,0.5923257791785482,0.5883235779678824,0.5933263294812147,0.585321927059883,3137171.9
2021-07-22,0.5873230276652158,0.591825504027215,0.5968282555405474,0.5868227525138827,2770480.9
2021-07-23,0.5903246785732152,0.5893241282705488,0.591825504027215,0.5858222022112162,2338505.25
2021-07-26,0.5858222022112162,0.5698133973685527,0.5873230276652158,0.568312571914553,3659382.0
2021-07-27,0.570313672519886,0.5568062434338886,0.5718144979738857,0.5543048676772225,2881617.11
2021-07-28,0.5563059682825555,0.5623092700985542,0.5648106458552205,0.5558056931312222,2012374.05
2021-07-29,0.5643103707038871,0.5578067937365552,0.5653109210065536,0.5568062434338886,2918175.0
2021-07-30,0.5563059682825555,0.5513032167692231,0.5563059682825555,0.546800740407224,2411785.6
2021-08-02,0.5493021161638902,0.5583070688878884,0.5613087197958878,0.542298264045225,3186890.96
2021-08-03,0.555305417979889,0.555305417979889,0.5568062434338886,0.5513032167692231,2073531.37
2021-08-04,0.555305417979889,0.5508029416178899,0.5563059682825555,0.5498023913152233,2246550.13
2021-08-05,0.5498023913152233,0.5493021161638902,0.5538045925258892,0.5473010155585573,1579246.6
2021-08-06,0.5473010155585573,0.5508029416178899,0.5523037670718897,0.5442993646505578,1967985.08
2021-08-09,0.5503026664665567,0.5658111961578869,0.5698133973685527,0.5493021161638902,3992420.01
2021-08-10,0.5643103707038871,0.5758166991845516,0.5793186252438841,0.5608084446445545,4346788.38
2021-08-11,0.5753164240332183,0.5813197258492171,0.5878233028165492,0.574816148881885,4399012.92
2021-08-12,0.5798189003952174,0.5778177997898845,0.5828205513032169,0.576817249487218,1486483.28
2021-08-13,0.5778177997898845,0.5793186252438841,0.5793186252438841,0.5743158737305518,1335932.25
2021-08-16,0.5848216519085497,0.5783180749412177,0.585321927059883,0.5743158737305518,1423713.82
2021-08-17,0.5773175246385512,0.5723147731252188,0.5828205513032169,0.5593076191905549,2637032.82
2021-08-18,0.5718144979738857,0.5913252288758817,0.5953274300865476,0.5718144979738857,3378374.48
2021-08-19,0.5903246785732152,0.5798189003952174,0.5903246785732152,0.5783180749412177,2490580.0
2021-08-20,0.5788183500925509,0.5758166991845516,0.5838211016058833,0.5678122967632198,2798819.0
2021-08-23,0.574816148881885,0.576817249487218,0.5808194506978839,0.574816148881885,2897142.56
2021-08-24,0.5763169743358847,0.5798189003952174,0.5823202761518835,0.5733153234278853,2429769.04
2021-08-25,0.5798189003952174,0.5733153234278853,0.5798189003952174,0.5718144979738857,1834874.0
2021-08-26,0.5733153234278853,0.5653109210065536,0.5733153234278853,0.5613087197958878,3058204.76
2021-08-27,0.5648106458552205,0.5658111961578869,0.570313672519886,0.5643103707038871,2533805.63
2021-08-30,0.5658111961578869,0.5568062434338886,0.56631147130922,0.5538045925258892,3014390.8
2021-08-31,0.557306518585222,0.5658111961578869,0.56631147130922,0.5563059682825555,2212051.98
2021-09-01,0.5643103707038871,0.5783180749412177,0.5798189003952174,0.561808994947221,3444225.34
2021-09-02,0.5778177997898845,0.5823202761518835,0.5843213767572165,0.5763169743358847,4163638.45
2021-09-03,0.5843213767572165,0.5828205513032169,0.5893241282705488,0.5753164240332183,4343063.0
2021-09-06,0.5813197258492171,0.5848216519085497,0.5883235779678824,0.5798189003952174,2997344.71
2021-09-07,0.5838211016058833,0.5933263294812147,0.5958277052378809,0.5798189003952174,4700574.41
2021-09-08,0.5928260543298814,0.5923257791785482,0.5993296312972135,0.5908249537245486,2810582.21
2021-09-09,0.5903246785732152,0.591825504027215,0.593826604632548,0.5858222022112162,2219021.63
2021-09-10,0.5913252288758817,0.6033318325078794,0.6093351343238782,0.5903246785732152,6253293.42
2021-09-13,0.6008304567512133,0.6038321076592126,0.6048326579618791,0.598329080994547,2616194.24
2021-09-14,0.6038321076592126,0.5868227525138827,0.6063334834158788,0.585321927059883,5046372.61
2021-09-15,0.5843213767572165,0.5823202761518835,0.5883235779678824,0.5798189003952174,2633903.0
2021-09-16,0.5818200010005503,0.576817249487218,0.5848216519085497,0.5753164240332183,2369906.22
2021-09-17,0.5763169743358847,0.5783180749412177,0.5793186252438841,0.5743158737305518,3023244.47
2021-09-22,0.5653109210065536,0.56631147130922,0.5678122967632198,0.5593076191905549,4636428.15
2021-09-23,0.5688128470658863,0.5668117464605533,0.5738155985792186,0.5638100955525539,2498796.19
2021-09-24,0.5658111961578869,0.561808994947221,0.5673120216118865,0.5603081694932214,3789564.0
2021-09-27,0.5608084446445545,0.5613087197958878,0.5638100955525539,0.5568062434338886,5093803.0
2021-09-28,0.5608084446445545,0.5718144979738857,0.5733153234278853,0.5603081694932214,4704911.91
2021-09-29,0.5678122967632198,0.5758166991845516,0.5793186252438841,0.5653109210065536,3609779.45
2021-09-30,0.574816148881885,0.570313672519886,0.574816148881885,0.5673120216118865,2735030.06
2021-10-08,0.5723147731252188,0.5783180749412177,0.5798189003952174,0.5708139476712192,3121921.0
2021-10-11,0.5808194506978839,0.5913252288758817,0.5963279803892141,0.5808194506978839,5721202.48
2021-10-12,0.5898244034218821,0.5923257791785482,0.5973285306918805,0.5873230276652158,5037377.74
2021-10-13,0.591825504027215,0.5908249537245486,0.5933263294812147,0.5843213767572165,2764139.74
2021-10-14,0.5893241282705488,0.5843213767572165,0.593826604632548,0.5828205513032169,2225454.49
2021-10-15,0.5843213767572165,0.5898244034218821,0.591825504027215,0.5843213767572165,2177954.13
2021-10-18,0.5888238531192156,0.585321927059883,0.5898244034218821,0.5838211016058833,2220509.0
2021-10-19,0.5858222022112162,0.5893241282705488,0.5923257791785482,0.5848216519085497,1913967.0
2021-10-20,0.5903246785732152,0.5858222022112162,0.593826604632548,0.5848216519085497,1980444.0
2021-10-21,0.5888238531192156,0.5973285306918805,0.5993296312972135,0.5888238531192156,6121741.32
2021-10-22,0.5988293561458803,0.5988293561458803,0.6043323828105458,0.5948271549352144,2824927.05
2021-10-25,0.5913252288758817,0.5978288058432139,0.5993296312972135,0.5908249537245486,3051429.87
2021-10-26,0.5973285306918805,0.5978288058432139,0.6028315573565461,0.5953274300865476,2074055.0
2021-10-27,0.5958277052378809,0.5933263294812147,0.5968282555405474,0.5878233028165492,3002362.98
2021-10-28,0.5913252288758817,0.5908249537245486,0.5943268797838811,0.5653109210065536,1684132.78
2021-10-29,0.5913252288758817,0.5873230276652158,0.5928260543298814,0.585321927059883,1503134.24
2021-11-01,0.5863224773625494,0.593826604632548,0.5963279803892141,0.58332082645455,2804533.03
2021-11-02,0.5933263294812147,0.576817249487218,0.5953274300865476,0.5733153234278853,7191664.66
2021-11-03,0.5758166991845516,0.576817249487218,0.5778177997898845,0.5738155985792186,1618889.66
2021-11-04,0.5773175246385512,0.5743158737305518,0.5778177997898845,0.5713142228225524,3030129.01
2021-11-05,0.5718144979738857,0.5713142228225524,0.5738155985792186,0.570313672519886,2245714.1
2021-11-08,0.5708139476712192,0.5698133973685527,0.5718144979738857,0.5678122967632198,4408246.0
2021-11-09,0.5698133973685527,0.570313672519886,0.5718144979738857,0.56631147130922,3711298.0
2021-11-10,0.5693131222172194,0.568312571914553,0.5698133973685527,0.5638100955525539,3805658.01
2021-11-11,0.5678122967632198,0.5813197258492171,0.5828205513032169,0.5668117464605533,4776609.1
2021-11-12,0.5813197258492171,0.5803191755465505,0.5843213767572165,0.5793186252438841,1934573.63
2021-11-15,0.5803191755465505,0.58332082645455,0.5848216519085497,0.5788183500925509,1540049.14
2021-11-16,0.5828205513032169,0.5798189003952174,0.585321927059883,0.5773175246385512,1946463.47
2021-11-17,0.5783180749412177,0.576817249487218,0.5808194506978839,0.5753164240332183,1272066.0
2021-11-18,0.5758166991845516,0.5718144979738857,0.576817249487218,0.5713142228225524,1335873.91
2021-11-19,0.5708139476712192,0.5778177997898845,0.5788183500925509,0.5708139476712192,1919676.23
2021-11-22,0.576817249487218,0.5738155985792186,0.5773175246385512,0.5723147731252188,2162575.99
2021-11-23,0.5738155985792186,0.5738155985792186,0.576817249487218,0.5718144979738857,1963551.99
2021-11-24,0.5738155985792186,0.5738155985792186,0.574816148881885,0.5708139476712192,2266442.99
2021-11-25,0.5733153234278853,0.5718144979738857,0.5738155985792186,0.5708139476712192,1372204.0
2021-11-26,0.5718144979738857,0.5678122967632198,0.5723147731252188,0.5673120216118865,2132167.48
2021-11-29,0.5653109210065536,0.5648106458552205,0.5668117464605533,0.5628095452498875,2268543.92
2021-11-30,0.5658111961578869,0.5638100955525539,0.5668117464605533,0.5623092700985542,1716699.0
2021-12-01,0.5643103707038871,0.5673120216118865,0.568312571914553,0.5633098204012207,1676596.0
2021-12-02,0.5658111961578869,0.5693131222172194,0.5713142228225524,0.5638100955525539,2244553.0
2021-12-03,0.5693131222172194,0.5723147731252188,0.5728150482765522,0.5658111961578869,2454990.08
2021-12-06,0.5728150482765522,0.5758166991845516,0.5808194506978839,0.5728150482765522,4615536.0
2021-12-07,0.5798189003952174,0.5818200010005503,0.58332082645455,0.5758166991845516,3558980.67
2021-12-08,0.5808194506978839,0.5813197258492171,0.58332082645455,0.5778177997898845,3147727.27
2021-12-09,0.5808194506978839,0.5863224773625494,0.5923257791785482,0.5798189003952174,4446030.0
2021-12-10,0.58332082645455,0.5848216519085497,0.5883235779678824,0.5818200010005503,2433977.0
2021-12-13,0.5858222022112162,0.5808194506978839,0.5913252288758817,0.5803191755465505,3204275.41
2021-12-14,0.5788183500925509,0.5738155985792186,0.5808194506978839,0.5728150482765522,2640164.0
2021-12-15,0.5728150482765522,0.574816148881885,0.5753164240332183,0.5713142228225524,1596262.59
2021-12-16,0.574816148881885,0.5773175246385512,0.5773175246385512,0.5723147731252188,2394005.0
2021-12-17,0.576817249487218,0.5753164240332183,0.5778177997898845,0.5738155985792186,1833793.0
2021-12-20,0.5728150482765522,0.5743158737305518,0.5773175246385512,0.5718144979738857,2271585.56
2021-12-21,0.5728150482765522,0.5773175246385512,0.5788183500925509,0.5728150482765522,2569130.0
2021-12-22,0.5778177997898845,0.5728150482765522,0.5783180749412177,0.5718144979738857,2082944.14
2021-12-23,0.5728150482765522,0.5723147731252188,0.5733153234278853,0.5708139476712192,1247649.0
2021-12-24,0.5728150482765522,0.570313672519886,0.5733153234278853,0.5693131222172194,2700806.0
2021-12-27,0.570313672519886,0.5678122967632198,0.5708139476712192,0.5658111961578869,2853019.0
2021-12-28,0.5678122967632198,0.5693131222172194,0.5708139476712192,0.5673120216118865,2123209.43
2021-12-29,0.5698133973685527,0.5643103707038871,0.570313672519886,0.5638100955525539,2974673.95
2021-12-30,0.5638100955525539,0.5668117464605533,0.568312571914553,0.5638100955525539,2654689.0
2021-12-31,0.5668117464605533,0.56631147130922,0.5678122967632198,0.5653109210065536,2615540.0
2022-01-04,0.5668117464605533,0.568312571914553,0.5688128470658863,0.561808994947221,3768507.0
2022-01-05,0.5678122967632198,0.576817249487218,0.5798189003952174,0.5668117464605533,6561100.8
2022-01-06,0.5753164240332183,0.574816148881885,0.5778177997898845,0.5728150482765522,3138712.17
2022-01-07,0.574816148881885,0.5823202761518835,0.58332082645455,0.5743158737305518,3906267.0
2022-01-10,0.5848216519085497,0.585321927059883,0.5883235779678824,0.5798189003952174,5205088.11
2022-01-11,0.5863224773625494,0.591825504027215,0.5943268797838811,0.5843213767572165,3887491.19
2022-01-12,0.5923257791785482,0.5903246785732152,0.5933263294812147,0.5863224773625494,4394274.02
2022-01-13,0.5888238531192156,0.5908249537245486,0.5973285306918805,0.5878233028165492,5029991.83
2022-01-14,0.5898244034218821,0.5778177997898845,0.5903246785732152,0.576817249487218,3289634.0
2022-01-17,0.576817249487218,0.5773175246385512,0.5818200010005503,0.5743158737305518,2288980.0
2022-01-18,0.5778177997898845,0.5893241282705488,0.5893241282705488,0.576817249487218,3417116.95
2022-01-19,0.5878233028165492,0.5923257791785482,0.5933263294812147,0.5878233028165492,3832629.13
2022-01-20,0.5923257791785482,0.6033318325078794,0.6073340337185452,0.591825504027215,4711871.0
2022-01-21,0.6018310070538797,0.6008304567512133,0.6038321076592126,0.598329080994547,3794264.83
2022-01-24,0.6003301815998799,0.5998299064485467,0.6028315573565461,0.593826604632548,2098832.84
2022-01-25,0.5978288058432139,0.5908249537245486,0.5978288058432139,0.5903246785732152,3295290.0
2022-01-26,0.5908249537245486,0.5908249537245486,0.5928260543298814,0.5883235779678824,2573739.0
2022-01-27,0.5903246785732152,0.5878233028165492,0.5933263294812147,0.5858222022112162,2886752.0
2022-01-28,0.5898244034218821,0.5813197258492171,0.591825504027215,0.5808194506978839,4259425.65
2022-02-07,0.5868227525138827,0.5978288058432139,0.5993296312972135,0.5858222022112162,5793362.98
2022-02-08,0.5973285306918805,0.6073340337185452,0.6078343088698785,0.5958277052378809,4904965.91
2022-02-09,0.606833758567212,0.6043323828105458,0.6103356846265446,0.6023312822052129,3452981.63
2022-02-10,0.6043323828105458,0.6113362349292111,0.6118365100805444,0.6003301815998799,2629990.14
2022-02-11,0.608834859172545,0.6143378858372105,0.6188403621992097,0.608834859172545,4410157.0
2022-02-14,0.6138376106858773,0.6008304567512133,0.6143378858372105,0.5988293561458803,2942309.64
2022-02-15,0.6008304567512133,0.5943268797838811,0.6033318325078794,0.5908249537245486,2856263.0
2022-02-16,0.5953274300865476,0.5998299064485467,0.6023312822052129,0.5948271549352144,2360110.52
2022-02-17,0.5998299064485467,0.6013307319025464,0.6058332082645456,0.5978288058432139,2556158.92
2022-02-18,0.598329080994547,0.6078343088698785,0.6083345840212117,0.598329080994547,2235460.77
2022-02-21,0.6063334834158788,0.6058332082645456,0.6063334834158788,0.5993296312972135,2289882.0
2022-02-22,0.6018310070538797,0.6028315573565461,0.6053329331132122,0.5998299064485467,1935400.91
2022-02-23,0.6028315573565461,0.5978288058432139,0.6033318325078794,0.5958277052378809,2227616.0
2022-02-24,0.5958277052378809,0.5893241282705488,0.5973285306918805,0.5878233028165492,2618349.51
2022-02-25,0.5908249537245486,0.5863224773625494,0.5928260543298814,0.5848216519085497,2980685.9
2022-02-28,0.5848216519085497,0.5863224773625494,0.5868227525138827,0.5803191755465505,2024956.05
2022-03-01,0.5868227525138827,0.591825504027215,0.5923257791785482,0.5838211016058833,2093915.18
2022-03-02,0.5873230276652158,0.5893241282705488,0.591825504027215,0.5863224773625494,2095697.37
2022-03-03,0.5903246785732152,0.5933263294812147,0.5948271549352144,0.5898244034218821,2637471.6
2022-03-04,0.5903246785732152,0.5873230276652158,0.5908249537245486,0.585321927059883,2271052.0
2022-03-07,0.5828205513032169,0.5758166991845516,0.5848216519085497,0.574816148881885,3383083.91
2022-03-08,0.574816148881885,0.5638100955525539,0.5763169743358847,0.5628095452498875,2962985.28
2022-03-09,0.5653109210065536,0.555305417979889,0.5673120216118865,0.5412977137425584,5589468.0
2022-03-10,0.5628095452498875,0.5613087197958878,0.5648106458552205,0.5588073440392216,4669720.0
2022-03-11,0.555305417979889,0.5633098204012207,0.5643103707038871,0.5498023913152233,3863720.0
2022-03-14,0.5563059682825555,0.5488018410125569,0.561808994947221,0.5478012907098905,4510192.91
2022-03-15,0.5452999149532244,0.5237880834458952,0.5458001901045575,0.5227875331432288,6225958.46
2022-03-16,0.5297913852618941,0.542298264045225,0.5452999149532244,0.5212867076892291,4887124.34
2022-03-17,0.5483015658612237,0.5478012907098905,0.5538045925258892,0.5437990894992246,4290420.93
2022-03-18,0.5452999149532244,0.5593076191905549,0.5613087197958878,0.5352944119265597,4225072.3
2022-03-21,0.5578067937365552,0.5523037670718897,0.559807894341888,0.5503026664665567,2180904.05
2022-03-22,0.5523037670718897,0.561808994947221,0.5653109210065536,0.5518034919205563,4137543.52
2022-03-23,0.561808994947221,0.5583070688878884,0.561808994947221,0.555305417979889,1590895.0
2022-03-24,0.555305417979889,0.559807894341888,0.5623092700985542,0.5543048676772225,1748935.0
2022-03-25,0.559807894341888,0.5593076191905549,0.5648106458552205,0.5578067937365552,1787341.15
2022-03-28,0.5568062434338886,0.5613087197958878,0.5648106458552205,0.5508029416178899,2065931.45
2022-03-29,0.5628095452498875,0.5633098204012207,0.5658111961578869,0.5608084446445545,1497060.33
2022-03-30,0.5638100955525539,0.570313672519886,0.5713142228225524,0.5628095452498875,2615451.33
2022-03-31,0.5688128470658863,0.5778177997898845,0.5813197258492171,0.5673120216118865,3001780.78
2022-04-01,0.574816148881885,0.5893241282705488,0.5893241282705488,0.5738155985792186,3662350.29
2022-04-06,0.585321927059883,0.5978288058432139,0.6023312822052129,0.5843213767572165,3852512.0
2022-04-07,0.5968282555405474,0.5923257791785482,0.6023312822052129,0.5898244034218821,3076042.38
2022-04-08,0.5908249537245486,0.5963279803892141,0.5968282555405474,0.5888238531192156,3410308.05
2022-04-11,0.593826604632548,0.5883235779678824,0.5943268797838811,0.585321927059883,3616122.8
2022-04-12,0.5873230276652158,0.5883235779678824,0.593826604632548,0.5818200010005503,2915172.31
2022-04-13,0.5868227525138827,0.5898244034218821,0.5943268797838811,0.5863224773625494,1758981.08
2022-04-14,0.5943268797838811,0.5878233028165492,0.5958277052378809,0.5868227525138827,3551377.48
2022-04-15,0.5858222022112162,0.5973285306918805,0.5978288058432139,0.5843213767572165,3792212.0
2022-04-18,0.5903246785732152,0.5808194506978839,0.5903246785732152,0.5788183500925509,2805599.0
2022-04-19,0.5783180749412177,0.5793186252438841,0.5813197258492171,0.5718144979738857,2340474.0
2022-04-20,0.5778177997898845,0.5743158737305518,0.5808194506978839,0.5733153234278853,1731533.28
2022-04-21,0.5723147731252188,0.5718144979738857,0.5808194506978839,0.5688128470658863,2112367.28
2022-04-22,0.568312571914553,0.5823202761518835,0.5838211016058833,0.568312571914553,2491554.0
2022-04-25,0.574816148881885,0.557306518585222,0.576817249487218,0.5568062434338886,3534381.28
2022-04-26,0.5583070688878884,0.5563059682825555,0.5633098204012207,0.5543048676772225,3163786.0
2022-04-27,0.5538045925258892,0.557306518585222,0.5613087197958878,0.5518034919205563,3425619.0
2022-04-28,0.5558056931312222,0.5653109210065536,0.5668117464605533,0.555305417979889,2951278.14
2022-04-29,0.5648106458552205,0.5678122967632198,0.5688128470658863,0.5558056931312222,3565097.0
2022-05-05,0.5643103707038871,0.5633098204012207,0.5678122967632198,0.5603081694932214,2212640.01
2022-05-06,0.5583070688878884,0.5513032167692231,0.5588073440392216,0.5503026664665567,2667661.0
2022-05-09,0.5493021161638902,0.5437990894992246,0.5498023913152233,0.5412977137425584,1636701.46
2022-05-10,0.5407974385912252,0.5478012907098905,0.5498023913152233,0.5357946870778928,2663191.0
2022-05-11,0.5473010155585573,0.5458001901045575,0.5498023913152233,0.5447996398018911,2782328.36
2022-05-12,0.5437990894992246,0.542298264045225,0.5452999149532244,0.5412977137425584,2049780.0
2022-05-13,0.5447996398018911,0.5493021161638902,0.5508029416178899,0.5442993646505578,2107051.01
2022-05-16,0.5493021161638902,0.5447996398018911,0.5503026664665567,0.5412977137425584,2322631.0
2022-05-17,0.5452999149532244,0.5493021161638902,0.5518034919205563,0.5437990894992246,2120341.0
2022-05-18,0.5503026664665567,0.5458001901045575,0.5508029416178899,0.5427985391965581,2608206.01
2022-05-19,0.5412977137425584,0.5427985391965581,0.5427985391965581,0.5397968882885588,2028446.49
2022-05-20,0.5437990894992246,0.5508029416178899,0.5508029416178899,0.5437990894992246,3077368.38
2022-05-23,0.5503026664665567,0.5478012907098905,0.5508029416178899,0.5463004652558908,1952605.0
2022-05-24,0.5478012907098905,0.542298264045225,0.5493021161638902,0.5417979888938916,1908401.83
2022-05-25,0.5417979888938916,0.5447996398018911,0.5452999149532244,0.5417979888938916,1457201.0
2022-05-26,0.5447996398018911,0.5437990894992246,0.5452999149532244,0.540297163439892,2961943.55
2022-05-27,0.5442993646505578,0.546800740407224,0.5488018410125569,0.5442993646505578,2384899.69
2022-05-30,0.546800740407224,0.5437990894992246,0.5478012907098905,0.5412977137425584,2047318.69
2022-05-31,0.5427985391965581,0.5452999149532244,0.5458001901045575,0.5407974385912252,2527577.47
2022-06-01,0.5447996398018911,0.5432988143478914,0.5452999149532244,0.5407974385912252,2178059.0
2022-06-02,0.542298264045225,0.540297163439892,0.542298264045225,0.5382960628345591,2967746.57
2022-06-06,0.5392966131372255,0.5407974385912252,0.5407974385912252,0.5327930361698935,4945499.09
2022-06-07,0.5392966131372255,0.5447996398018911,0.546800740407224,0.5372955125318926,5026512.49
2022-06-08,0.5452999149532244,0.5483015658612237,0.5483015658612237,0.5427985391965581,5924922.49
2022-06-09,0.5463004652558908,0.5543048676772225,0.555305417979889,0.5463004652558908,5695676.36
2022-06-10,0.5513032167692231,0.5558056931312222,0.5578067937365552,0.5503026664665567,3317213.88
2022-06-13,0.5528040422232228,0.5452999149532244,0.5533043173745561,0.5427985391965581,3029615.19
2022-06-14,0.5432988143478914,0.5543048676772225,0.5548051428285558,0.5412977137425584,4518959.0
2022-06-15,0.5548051428285558,0.5633098204012207,0.5718144979738857,0.5538045925258892,6286304.85
2022-06-16,0.5633098204012207,0.5568062434338886,0.5648106458552205,0.5558056931312222,3500026.92
2022-06-17,0.555305417979889,0.557306518585222,0.559807894341888,0.5518034919205563,3089378.56
2022-06-20,0.5563059682825555,0.5533043173745561,0.5563059682825555,0.5518034919205563,3266342.96
2022-06-21,0.5533043173745561,0.5583070688878884,0.5593076191905549,0.5523037670718897,2671810.0
2022-06-22,0.5578067937365552,0.5513032167692231,0.5583070688878884,0.5508029416178899,2321146.0
2022-06-23,0.5513032167692231,0.555305417979889,0.555305417979889,0.5513032167692231,3399992.0
2022-06-24,0.5548051428285558,0.5548051428285558,0.5568062434338886,0.5513032167692231,3620800.0
2022-06-27,0.5548051428285558,0.559807894341888,0.5608084446445545,0.5538045925258892,7119411.29
2022-06-28,0.5588073440392216,0.5628095452498875,0.5633098204012207,0.5578067937365552,3706601.12
2022-06-29,0.561808994947221,0.5638100955525539,0.5678122967632198,0.5608084446445545,4094401.66
2022-06-30,0.5638100955525539,0.5708139476712192,0.5718144979738857,0.5623092700985542,3291427.42
2022-07-01,0.5698133973685527,0.5668117464605533,0.570313672519886,0.5658111961578869,2287901.51
2022-07-04,0.5653109210065536,0.5643103707038871,0.5668117464605533,0.5628095452498875,3089422.0
2022-07-05,0.5648106458552205,0.5643103707038871,0.5693131222172194,0.5628095452498875,2933308.0
2022-07-06,0.5633098204012207,0.557306518585222,0.5643103707038871,0.5548051428285558,4356186.22
2022-07-07,0.5568062434338886,0.5563059682825555,0.5588073440392216,0.5548051428285558,1908579.0
2022-07-08,0.557306518585222,0.557306518585222,0.5588073440392216,0.5548051428285558,2087254.0
2022-07-11,0.5563059682825555,0.557306518585222,0.5578067937365552,0.5548051428285558,3543847.0
2022-07-12,0.557306518585222,0.559807894341888,0.5628095452498875,0.5568062434338886,3495892.0
2022-07-13,0.5593076191905549,0.5473010155585573,0.5593076191905549,0.5458001901045575,6903188.78
2022-07-14,0.5442993646505578,0.5357946870778928,0.5442993646505578,0.5302916604132273,7899821.0
2022-07-15,0.5362949622292261,0.5312922107158938,0.5407974385912252,0.5312922107158938,4082499.71
2022-07-18,0.5327930361698935,0.5382960628345591,0.5392966131372255,0.5327930361698935,3602386.04
2022-07-19,0.5367952373805593,0.540297163439892,0.5412977137425584,0.5362949622292261,2750049.57
2022-07-20,0.5412977137425584,0.5412977137425584,0.5432988143478914,0.5407974385912252,2207410.0
2022-07-21,0.5407974385912252,0.5352944119265597,0.5417979888938916,0.5347941367752264,3570816.78
2022-07-22,0.5362949622292261,0.5372955125318926,0.5392966131372255,0.5332933113212267,2218763.84
2022-07-25,0.5357946870778928,0.5382960628345591,0.5387963379858922,0.5342938616238933,2581366.79
2022-07-26,0.5377957876832258,0.5427985391965581,0.5432988143478914,0.5377957876832258,2337219.79
2022-07-27,0.542298264045225,0.540297163439892,0.5427985391965581,0.5392966131372255,1721041.79
2022-07-28,0.5412977137425584,0.5397968882885588,0.5427985391965581,0.5387963379858922,1772248.5
2022-07-29,0.5392966131372255,0.5332933113212267,0.5412977137425584,0.5332933113212267,4688270.34
2022-08-01,0.5332933113212267,0.5302916604132273,0.5337935864725599,0.5292911101105608,2917783.58
2022-08-02,0.5282905598078944,0.5217869828405624,0.5282905598078944,0.5177847816298964,3075728.23
2022-08-03,0.5212867076892291,0.5172845064785633,0.5247886337485617,0.5157836810245635,3701309.0
2022-08-04,0.5187853319325629,0.5212867076892291,0.5212867076892291,0.5177847816298964,3461774.91
2022-08-05,0.5212867076892291,0.5267897343538946,0.527290009505228,0.5192856070838962,2650876.0
2022-08-08,0.5257891840512282,0.5242883585972286,0.5282905598078944,0.5227875331432288,1632817.0
2022-08-09,0.5242883585972286,0.5212867076892291,0.5242883585972286,0.5207864325378958,1806171.0
2022-08-10,0.5207864325378958,0.5172845064785633,0.5227875331432288,0.51678423132723,2178035.0
2022-08-11,0.5192856070838962,0.527290009505228,0.5282905598078944,0.5177847816298964,3704910.02
2022-08-12,0.525288908899895,0.5282905598078944,0.5287908349592275,0.5242883585972286,2057888.82
2022-08-15,0.5257891840512282,0.5217869828405624,0.5277902846565611,0.5212867076892291,2116967.82
2022-08-16,0.5217869828405624,0.5227875331432288,0.5242883585972286,0.5207864325378958,1708282.82
2022-08-17,0.5227875331432288,0.527290009505228,0.5277902846565611,0.5202861573865627,2935246.0
2022-08-18,0.5262894592025614,0.5222872579918956,0.5262894592025614,0.5207864325378958,1659221.0
2022-08-19,0.5212867076892291,0.523287808294562,0.5262894592025614,0.5207864325378958,2308633.2
2022-08-22,0.5217869828405624,0.5237880834458952,0.5257891840512282,0.5212867076892291,2007395.81
2022-08-23,0.5227875331432288,0.5197858822352294,0.5227875331432288,0.5182850567812297,1994003.0
2022-08-24,0.5192856070838962,0.5172845064785633,0.5217869828405624,0.5172845064785633,2640177.56
2022-08-25,0.5172845064785633,0.5237880834458952,0.5247886337485617,0.5162839561758967,2991401.0
2022-08-26,0.523287808294562,0.5247886337485617,0.5267897343538946,0.5212867076892291,1928025.0
2022-08-29,0.5212867076892291,0.5197858822352294,0.5217869828405624,0.5172845064785633,1996309.47
2022-08-30,0.5197858822352294,0.5222872579918956,0.5227875331432288,0.5177847816298964,2193818.0
2022-08-31,0.5202861573865627,0.5292911101105608,0.5317924858672269,0.5197858822352294,3763703.22
2022-09-01,0.5277902846565611,0.5277902846565611,0.5312922107158938,0.5267897343538946,1826905.0
2022-09-02,0.5277902846565611,0.527290009505228,0.5307919355645605,0.525288908899895,1631446.0
2022-09-05,0.527290009505228,0.5282905598078944,0.5287908349592275,0.5227875331432288,1361276.0
2022-09-06,0.5282905598078944,0.5277902846565611,0.5317924858672269,0.5257891840512282,2061961.0
2022-09-07,0.5262894592025614,0.5242883585972286,0.5262894592025614,0.5222872579918956,1611908.0
2022-09-08,0.5242883585972286,0.5257891840512282,0.5277902846565611,0.523287808294562,1992415.0
2022-09-09,0.5262894592025614,0.5352944119265597,0.5357946870778928,0.5262894592025614,3513266.3
2022-09-13,0.5352944119265597,0.5382960628345591,0.5412977137425584,0.5327930361698935,2778295.44
2022-09-14,0.5347941367752264,0.5342938616238933,0.5382960628345591,0.5337935864725599,1721155.0
2022-09-15,0.5362949622292261,0.540297163439892,0.542298264045225,0.5362949622292261,2649786.97
2022-09-16,0.5382960628345591,0.5312922107158938,0.5397968882885588,0.5307919355645605,2183340.88
2022-09-19,0.5312922107158938,0.5317924858672269,0.5332933113212267,0.5292911101105608,1654954.0
2022-09-20,0.5322927610185603,0.5267897343538946,0.5327930361698935,0.5257891840512282,1809890.04
2022-09-21,0.5257891840512282,0.5287908349592275,0.5317924858672269,0.523287808294562,1712045.0
2022-09-22,0.5257891840512282,0.527290009505228,0.5277902846565611,0.5247886337485617,1511206.0
2022-09-23,0.5262894592025614,0.5292911101105608,0.5322927610185603,0.5257891840512282,2276818.72
2022-09-26,0.527290009505228,0.5212867076892291,0.5307919355645605,0.5212867076892291,2078742.45
2022-09-27,0.5212867076892291,0.5237880834458952,0.5242883585972286,0.5177847816298964,1768442.0
2022-09-28,0.5227875331432288,0.5242883585972286,0.5267897343538946,0.5192856070838962,2652060.0
2022-09-29,0.5257891840512282,0.5187853319325629,0.5277902846565611,0.51678423132723,3411460.14
2022-09-30,0.5187853319325629,0.5212867076892291,0.523287808294562,0.5182850567812297,3288852.32
2022-10-10,0.5197858822352294,0.5137825804192305,0.5197858822352294,0.5132823052678974,2123900.15
2022-10-11,0.5142828555705639,0.5127820301165641,0.51678423132723,0.5117814798138977,1495538.81
2022-10-12,0.5132823052678974,0.5142828555705639,0.5142828555705639,0.5077792786032318,1907135.31
2022-10-13,0.5127820301165641,0.5067787283005653,0.5127820301165641,0.5052779028465656,2425526.0
2022-10-14,0.5087798289058982,0.5132823052678974,0.5137825804192305,0.5087798289058982,2844907.68
2022-10-17,0.5092801040572316,0.5112812046625644,0.5117814798138977,0.5072790034518986,2227359.51
2022-10-18,0.5127820301165641,0.510280654359898,0.5142828555705639,0.5087798289058982,3114402.86
2022-10-19,0.5092801040572316,0.5052779028465656,0.5112812046625644,0.5042773525438992,3066926.86
2022-10-20,0.5032768022412327,0.5037770773925658,0.5057781779978988,0.5027765270898994,2503412.0
2022-10-21,0.5037770773925658,0.501775976787233,0.5052779028465656,0.5002751513332333,2012898.0
2022-10-24,0.5007754264845665,0.48676772224723597,0.5012757016358997,0.48626744709590275,4676134.0
2022-10-25,0.48726799739856924,0.48676772224723597,0.4902696483065686,0.4842663464905698,2320250.85
2022-10-26,0.48626744709590275,0.4822652458852369,0.4882685477012357,0.4807644204312372,2968916.0
2022-10-27,0.48326579618790333,0.4822652458852369,0.48476662164190304,0.4807644204312372,2360474.0
2022-10-28,0.48026414527990396,0.47726249437190454,0.48326579618790333,0.4767622192205713,1825893.0
2022-10-31,0.4747611186152384,0.4722597428585722,0.4762619440692381,0.47025864225323927,2670738.68
2022-11-01,0.47276001800990547,0.47976387012857075,0.48026414527990396,0.47276001800990547,1995198.81
2022-11-02,0.47826304467457104,0.48026414527990396,0.4812646955825704,0.4747611186152384,3377237.0
2022-11-03,0.4762619440692381,0.4762619440692381,0.47726249437190454,0.4737605683125719,1264802.0
2022-11-04,0.47576166891790483,0.4842663464905698,0.48626744709590275,0.4752613937665716,2900354.0
2022-11-07,0.4822652458852369,0.4852668967932363,0.4852668967932363,0.4807644204312372,2461980.0
2022-11-08,0.4842663464905698,0.4837660713392366,0.48576717194456953,0.4817649707339037,2326697.01
2022-11-09,0.48326579618790333,0.4837660713392366,0.48726799739856924,0.48326579618790333,2638634.0
2022-11-10,0.4822652458852369,0.4852668967932363,0.4852668967932363,0.47976387012857075,1937542.0
2022-11-11,0.4917704737605683,0.5007754264845665,0.5052779028465656,0.4882685477012357,5083789.54
2022-11-14,0.5057781779978988,0.5112812046625644,0.51678423132723,0.5057781779978988,4979517.33
2022-11-15,0.510280654359898,0.5132823052678974,0.5172845064785633,0.508279553754565,2276994.33
2022-11-16,0.5122817549652309,0.508279553754565,0.5122817549652309,0.508279553754565,1566089.0
2022-11-17,0.5067787283005653,0.5062784531492321,0.508279553754565,0.5032768022412327,1795752.0
2022-11-18,0.5072790034518986,0.5042773525438992,0.5072790034518986,0.5022762519385663,1557522.0
2022-11-21,0.5012757016358997,0.5012757016358997,0.501775976787233,0.49627295012256745,1314082.0
2022-11-22,0.5022762519385663,0.510280654359898,0.5127820301165641,0.5012757016358997,2583099.05
2022-11-23,0.5092801040572316,0.5117814798138977,0.5182850567812297,0.5087798289058982,2180365.04
2022-11-24,0.5142828555705639,0.5112812046625644,0.51678423132723,0.5092801040572316,1293187.0
2022-11-25,0.5112812046625644,0.5227875331432288,0.5247886337485617,0.510280654359898,3394702.79
2022-11-28,0.51678423132723,0.5142828555705639,0.51678423132723,0.5092801040572316,2074464.86
2022-11-29,0.5187853319325629,0.5367952373805593,0.540297163439892,0.5187853319325629,6355201.46
2022-11-30,0.5367952373805593,0.5337935864725599,0.5407974385912252,0.5332933113212267,2198088.37
2022-12-01,0.5432988143478914,0.5312922107158938,0.5442993646505578,0.5302916604132273,2349070.79
2022-12-02,0.5307919355645605,0.527290009505228,0.5317924858672269,0.523287808294562,1732531.42
2022-12-05,0.5307919355645605,0.5407974385912252,0.5427985391965581,0.5302916604132273,4499953.6
2022-12-06,0.5387963379858922,0.540297163439892,0.5417979888938916,0.5362949622292261,1838070.71
2022-12-07,0.5387963379858922,0.5357946870778928,0.5412977137425584,0.5342938616238933,2332295.0
2022-12-08,0.5352944119265597,0.5392966131372255,0.542298264045225,0.5337935864725599,1146631.0
2022-12-09,0.540297163439892,0.5452999149532244,0.5478012907098905,0.5387963379858922,1891686.13
2022-12-12,0.5417979888938916,0.5342938616238933,0.5427985391965581,0.5327930361698935,1924239.81
2022-12-13,0.5327930361698935,0.5382960628345591,0.5397968882885588,0.5327930361698935,998808.59
2022-12-14,0.5387963379858922,0.5397968882885588,0.542298264045225,0.5352944119265597,1192640.66
2022-12-15,0.5387963379858922,0.5342938616238933,0.540297163439892,0.5332933113212267,2173249.66
2022-12-16,0.5317924858672269,0.5392966131372255,0.5412977137425584,0.5317924858672269,1616005.81
2022-12-19,0.540297163439892,0.5312922107158938,0.542298264045225,0.5302916604132273,1257631.81
2022-12-20,0.5307919355645605,0.5242883585972286,0.5327930361698935,0.5217869828405624,1337751.0
2022-12-21,0.5242883585972286,0.5267897343538946,0.5302916604132273,0.5242883585972286,1589099.0
2022-12-22,0.5292911101105608,0.5282905598078944,0.5332933113212267,0.527290009505228,1683122.0
2022-12-23,0.5262894592025614,0.527290009505228,0.5307919355645605,0.525288908899895,1861962.0
2022-12-26,0.5257891840512282,0.5242883585972286,0.5282905598078944,0.5237880834458952,968210.0
2022-12-27,0.5267897343538946,0.5342938616238933,0.5347941367752264,0.5267897343538946,1188921.22
2022-12-28,0.5327930361698935,0.5387963379858922,0.5407974385912252,0.5322927610185603,1402611.0
2022-12-29,0.5362949622292261,0.5357946870778928,0.5377957876832258,0.5307919355645605,2073464.0
2022-12-30,0.5362949622292261,0.5392966131372255,0.5412977137425584,0.5357946870778928,1630533.0
2023-01-03,0.5387963379858922,0.5417979888938916,0.5427985391965581,0.5327930361698935,1207495.0
2023-01-04,0.5407974385912252,0.5518034919205563,0.5543048676772225,0.5407974385912252,2544147.77
2023-01-05,0.5518034919205563,0.5523037670718897,0.5568062434338886,0.5503026664665567,2086562.77
2023-01-06,0.5518034919205563,0.5508029416178899,0.5538045925258892,0.546800740407224,1625014.47
2023-01-09,0.5508029416178899,0.5513032167692231,0.5538045925258892,0.5483015658612237,2304884.0
2023-01-10,0.5513032167692231,0.5452999149532244,0.5513032167692231,0.5437990894992246,1849029.0
2023-01-11,0.5452999149532244,0.5493021161638902,0.5518034919205563,0.5447996398018911,2496820.5
2023-01-12,0.5508029416178899,0.5503026664665567,0.5513032167692231,0.5463004652558908,1064590.5
2023-01-13,0.5498023913152233,0.5558056931312222,0.5558056931312222,0.5493021161638902,1475715.0
2023-01-16,0.5558056931312222,0.5568062434338886,0.5633098204012207,0.5548051428285558,2065960.59
2023-01-17,0.5558056931312222,0.5563059682825555,0.5583070688878884,0.5533043173745561,1819569.06
2023-01-18,0.5563059682825555,0.5568062434338886,0.5588073440392216,0.5543048676772225,1319923.0
2023-01-19,0.555305417979889,0.557306518585222,0.5578067937365552,0.5518034919205563,1765287.0
2023-01-20,0.5578067937365552,0.5578067937365552,0.5583070688878884,0.5558056931312222,1447865.06
2023-01-30,0.5648106458552205,0.559807894341888,0.56631147130922,0.5588073440392216,2690304.0
2023-01-31,0.559807894341888,0.5548051428285558,0.5628095452498875,0.5538045925258892,1581673.0
2023-02-01,0.555305417979889,0.5533043173745561,0.5563059682825555,0.5478012907098905,2328205.0
2023-02-02,0.5538045925258892,0.5488018410125569,0.5543048676772225,0.546800740407224,2747914.5
2023-02-03,0.546800740407224,0.5442993646505578,0.5483015658612237,0.5412977137425584,3272125.0
2023-02-06,0.5407974385912252,0.5382960628345591,0.5412977137425584,0.5367952373805593,2242641.0
2023-02-07,0.5387963379858922,0.5407974385912252,0.5427985391965581,0.5387963379858922,2784191.0
2023-02-08,0.5407974385912252,0.5397968882885588,0.5427985391965581,0.5387963379858922,1131027.0
2023-02-09,0.5387963379858922,0.5417979888938916,0.5432988143478914,0.5382960628345591,1888292.0
2023-02-10,0.5407974385912252,0.5417979888938916,0.5417979888938916,0.5382960628345591,1274513.0
2023-02-13,0.5417979888938916,0.5372955125318926,0.5417979888938916,0.5337935864725599,3101412.0
2023-02-14,0.5372955125318926,0.5382960628345591,0.5392966131372255,0.5362949622292261,2235097.0
2023-02-15,0.5377957876832258,0.5337935864725599,0.5382960628345591,0.5327930361698935,2000090.0
2023-02-16,0.5332933113212267,0.5337935864725599,0.5382960628345591,0.5317924858672269,2521568.0
2023-02-17,0.5327930361698935,0.5297913852618941,0.5342938616238933,0.5277902846565611,1634763.0
2023-02-20,0.5302916604132273,0.542298264045225,0.5427985391965581,0.5297913852618941,3168888.41
2023-02-21,0.542298264045225,0.5432988143478914,0.5432988143478914,0.5397968882885588,1907051.98
2023-02-22,0.5412977137425584,0.5392966131372255,0.5417979888938916,0.5382960628345591,1233979.0
2023-02-23,0.5392966131372255,0.5397968882885588,0.5432988143478914,0.5387963379858922,1181538.61
2023-02-24,0.5392966131372255,0.5352944119265597,0.5397968882885588,0.5347941367752264,1981454.0
2023-02-27,0.5342938616238933,0.5332933113212267,0.5352944119265597,0.5322927610185603,987888.0
2023-02-28,0.5337935864725599,0.5347941367752264,0.5347941367752264,0.5307919355645605,1029838.0
2023-03-01,0.5337935864725599,0.5397968882885588,0.5407974385912252,0.5337935864725599,1669738.0
2023-03-02,0.5397968882885588,0.5417979888938916,0.5437990894992246,0.5387963379858922,1678741.0
2023-03-03,0.5432988143478914,0.5473010155585573,0.5483015658612237,0.5412977137425584,2969330.71
2023-03-06,0.5473010155585573,0.5387963379858922,0.5478012907098905,0.5382960628345591,2257319.0
2023-03-07,0.5377957876832258,0.5392966131372255,0.5498023913152233,0.5367952373805593,3162034.45
2023-03-08,0.5362949622292261,0.5357946870778928,0.5367952373805593,0.5322927610185603,1979933.37
2023-03-09,0.5352944119265597,0.5337935864725599,0.5382960628345591,0.5327930361698935,1454999.69
2023-03-10,0.5307919355645605,0.525288908899895,0.5322927610185603,0.525288908899895,1902600.0
2023-03-13,0.5247886337485617,0.5267897343538946,0.5282905598078944,0.5227875331432288,1601570.0
2023-03-14,0.5237880834458952,0.5227875331432288,0.5267897343538946,0.5207864325378958,1541490.37
2023-03-15,0.525288908899895,0.5282905598078944,0.5302916604132273,0.525288908899895,1742176.0
2023-03-16,0.5262894592025614,0.5287908349592275,0.5347941367752264,0.5247886337485617,2205138.69
2023-03-17,0.5307919355645605,0.5292911101105608,0.5347941367752264,0.5267897343538946,2683921.0
2023-03-20,0.5292911101105608,0.5262894592025614,0.5332933113212267,0.5262894592025614,1867825.0
2023-03-21,0.5267897343538946,0.525288908899895,0.5307919355645605,0.5237880834458952,1761878.31
2023-03-22,0.5262894592025614,0.5297913852618941,0.5307919355645605,0.525288908899895,1515032.0
2023-03-23,0.5282905598078944,0.5332933113212267,0.5337935864725599,0.5267897343538946,1984398.0
2023-03-24,0.5317924858672269,0.5282905598078944,0.5322927610185603,0.527290009505228,1272085.0
2023-03-27,0.5257891840512282,0.5227875331432288,0.5277902846565611,0.5217869828405624,1956397.0
2023-03-28,0.5237880834458952,0.5247886337485617,0.5262894592025614,0.5222872579918956,1429372.0
2023-03-29,0.5257891840512282,0.523287808294562,0.527290009505228,0.5227875331432288,1546065.0
2023-03-30,0.5242883585972286,0.527290009505228,0.5277902846565611,0.5212867076892291,1580838.0
2023-03-31,0.5267897343538946,0.525288908899895,0.5297913852618941,0.5237880834458952,1354334.0
2023-04-03,0.525288908899895,0.5262894592025614,0.5267897343538946,0.523287808294562,2350769.0
2023-04-04,0.525288908899895,0.5292911101105608,0.5292911101105608,0.5242883585972286,3437546.0
2023-04-06,0.5277902846565611,0.5262894592025614,0.5282905598078944,0.525288908899895,1429693.51
2023-04-07,0.5267897343538946,0.5277902846565611,0.5287908349592275,0.5257891840512282,1444230.44
2023-04-10,0.5282905598078944,0.5292911101105608,0.5297913852618941,0.5262894592025614,2863344.18
2023-04-11,0.5287908349592275,0.5277902846565611,0.5297913852618941,0.5257891840512282,1439714.0
2023-04-12,0.5277902846565611,0.5287908349592275,0.5312922107158938,0.527290009505228,1795784.01
2023-04-13,0.5282905598078944,0.5337935864725599,0.5362949622292261,0.5262894592025614,3386173.14
2023-04-14,0.5337935864725599,0.5357946870778928,0.5387963379858922,0.5327930361698935,3159306.0
2023-04-17,0.5357946870778928,0.5458001901045575,0.5473010155585573,0.5337935864725599,2876584.5
2023-04-18,0.5452999149532244,0.5508029416178899,0.5548051428285558,0.5447996398018911,3623414.98
2023-04-19,0.5518034919205563,0.5498023913152233,0.5548051428285558,0.5478012907098905,2379947.26
2023-04-20,0.5498023913152233,0.5488018410125569,0.5528040422232228,0.5437990894992246,3299914.03
2023-04-21,0.5478012907098905,0.542298264045225,0.5528040422232228,0.542298264045225,2296581.94
2023-04-24,0.5417979888938916,0.5387963379858922,0.546800740407224,0.5377957876832258,1932601.22
2023-04-25,0.5382960628345591,0.5483015658612237,0.5488018410125569,0.5382960628345591,2673941.99
2023-04-26,0.5478012907098905,0.5427985391965581,0.5478012907098905,0.5362949622292261,2389884.82
2023-04-27,0.5412977137425584,0.5427985391965581,0.5437990894992246,0.5372955125318926,1944482.03
2023-04-28,0.542298264045225,0.5478012907098905,0.5523037670718897,0.5412977137425584,2174465.4
2023-05-04,0.5447996398018911,0.5638100955525539,0.5643103707038871,0.540297163439892,3152508.83
2023-05-05,0.5633098204012207,0.5688128470658863,0.5773175246385512,0.5623092700985542,4631242.0
2023-05-08,0.5708139476712192,0.5928260543298814,0.5993296312972135,0.5698133973685527,11924215.97
2023-05-09,0.5968282555405474,0.5858222022112162,0.6033318325078794,0.5843213767572165,8415371.13
2023-05-10,0.5843213767572165,0.5698133973685527,0.5843213767572165,0.5653109210065536,6010919.89
2023-05-11,0.5698133973685527,0.5668117464605533,0.5763169743358847,0.5643103707038871,2906644.11
2023-05-12,0.5668117464605533,0.5608084446445545,0.5688128470658863,0.5603081694932214,2726318.12
2023-05-15,0.559807894341888,0.5678122967632198,0.570313672519886,0.5528040422232228,4678291.72
2023-05-16,0.56631147130922,0.5658111961578869,0.5753164240332183,0.5643103707038871,3826228.59
2023-05-17,0.5643103707038871,0.561808994947221,0.568312571914553,0.5603081694932214,1729134.0
2023-05-18,0.5633098204012207,0.568312571914553,0.5723147731252188,0.5628095452498875,3810182.86
2023-05-19,0.5658111961578869,0.5593076191905549,0.5658111961578869,0.5588073440392216,1873271.16
2023-05-22,0.5578067937365552,0.5608084446445545,0.5643103707038871,0.557306518585222,1714060.16
2023-05-23,0.5608084446445545,0.5508029416178899,0.5633098204012207,0.5503026664665567,3092001.71
2023-05-24,0.5503026664665567,0.5397968882885588,0.5508029416178899,0.5387963379858922,2531980.6
2023-05-25,0.5382960628345591,0.5377957876832258,0.5382960628345591,0.5332933113212267,3078022.4
2023-05-26,0.5367952373805593,0.5427985391965581,0.5437990894992246,0.5352944119265597,1804198.4
2023-05-29,0.5432988143478914,0.5432988143478914,0.546800740407224,0.5397968882885588,1848501.0
2023-05-30,0.542298264045225,0.5412977137425584,0.5442993646505578,0.5367952373805593,2706683.76
2023-05-31,0.5387963379858922,0.5372955125318926,0.540297163439892,0.5362949622292261,2029854.39
2023-06-01,0.5372955125318926,0.5357946870778928,0.5407974385912252,0.5347941367752264,2745894.0
2023-06-02,0.5367952373805593,0.5427985391965581,0.5432988143478914,0.5362949622292261,2495069.0
2023-06-05,0.5432988143478914,0.546800740407224,0.5493021161638902,0.540297163439892,1531975.49
2023-06-06,0.5458001901045575,0.5452999149532244,0.5543048676772225,0.5437990894992246,2703613.64
2023-06-07,0.5463004652558908,0.5518034919205563,0.5533043173745561,0.5463004652558908,2117353.0
2023-06-08,0.5513032167692231,0.5603081694932214,0.561808994947221,0.5483015658612237,5762533.0
2023-06-09,0.559807894341888,0.5578067937365552,0.5613087197958878,0.557306518585222,3202459.0
2023-06-12,0.5583070688878884,0.5498023913152233,0.5588073440392216,0.5493021161638902,1795661.0
2023-06-13,0.5493021161638902,0.5518034919205563,0.5538045925258892,0.5488018410125569,2453784.1
2023-06-14,0.5523037670718897,0.5437990894992246,0.5543048676772225,0.5432988143478914,5696807.9
2023-06-15,0.5442993646505578,0.5473010155585573,0.5488018410125569,0.5432988143478914,2198693.0
2023-06-16,0.546800740407224,0.546800740407224,0.5493021161638902,0.5458001901045575,2144108.0
2023-06-19,0.5458001901045575,0.5392966131372255,0.5458001901045575,0.5387963379858922,1723079.0
2023-06-20,0.5387963379858922,0.5372955125318926,0.5407974385912252,0.5367952373805593,1540458.0
2023-06-21,0.5367952373805593,0.5372955125318926,0.5432988143478914,0.5357946870778928,1874985.79
2023-06-26,0.5357946870778928,0.5287908349592275,0.5357946870778928,0.5277902846565611,1708291.75
2023-06-27,0.5297913852618941,0.5347941367752264,0.5352944119265597,0.5277902846565611,2416319.61
2023-06-28,0.5337935864725599,0.5357946870778928,0.5372955125318926,0.5327930361698935,1281966.36
2023-06-29,0.5352944119265597,0.5332933113212267,0.5357946870778928,0.5317924858672269,1150684.36
2023-06-30,0.5327930361698935,0.5372955125318926,0.5377957876832258,0.5322927610185603,1424823.0
2023-07-03,0.5377957876832258,0.5452999149532244,0.5458001901045575,0.5367952373805593,2559165.0
2023-07-04,0.5442993646505578,0.540297163439892,0.5447996398018911,0.5387963379858922,1630597.0
2023-07-05,0.5392966131372255,0.5367952373805593,0.5397968882885588,0.5357946870778928,1842471.0
2023-07-06,0.5352944119265597,0.5327930361698935,0.5372955125318926,0.5312922107158938,2399617.0
2023-07-07,0.5322927610185603,0.5327930361698935,0.5347941367752264,0.5312922107158938,1475878.89
2023-07-10,0.5337935864725599,0.5332933113212267,0.5352944119265597,0.5312922107158938,1573618.0
2023-07-11,0.5332933113212267,0.5362949622292261,0.5362949622292261,0.5332933113212267,1629349.0
2023-07-12,0.5362949622292261,0.5382960628345591,0.5417979888938916,0.5352944119265597,1731912.89
2023-07-13,0.5407974385912252,0.5458001901045575,0.5458001901045575,0.5392966131372255,1624287.28
2023-07-14,0.5458001901045575,0.5473010155585573,0.5488018410125569,0.5442993646505578,1821828.72
2023-07-17,0.5458001901045575,0.5437990894992246,0.5463004652558908,0.5417979888938916,1215070.0
2023-07-18,0.5437990894992246,0.542298264045225,0.5447996398018911,0.5412977137425584,826103.0
2023-07-19,0.542298264045225,0.5447996398018911,0.5447996398018911,0.5397968882885588,1032124.0
2023-07-20,0.5447996398018911,0.5452999149532244,0.5493021161638902,0.5442993646505578,1138852.0
2023-07-21,0.5458001901045575,0.546800740407224,0.5478012907098905,0.5447996398018911,1183757.0
2023-07-24,0.5463004652558908,0.5442993646505578,0.5463004652558908,0.5427985391965581,1923678.0
2023-07-25,0.5493021161638902,0.5593076191905549,0.5593076191905549,0.5493021161638902,2808021.0
2023-07-26,0.5583070688878884,0.5588073440392216,0.5613087197958878,0.5563059682825555,1741159.0
2023-07-27,0.5593076191905549,0.5633098204012207,0.5668117464605533,0.5583070688878884,2497156.79
2023-07-28,0.5608084446445545,0.5803191755465505,0.5828205513032169,0.5608084446445545,3792540.0
2023-07-31,0.5823202761518835,0.5843213767572165,0.591825504027215,0.5803191755465505,3222892.68
2023-08-01,0.5828205513032169,0.5808194506978839,0.5863224773625494,0.5793186252438841,2242139.94
2023-08-02,0.5778177997898845,0.5698133973685527,0.5788183500925509,0.5678122967632198,2526450.0
2023-08-03,0.5693131222172194,0.5783180749412177,0.5788183500925509,0.568312571914553,2850860.0
2023-08-04,0.5808194506978839,0.5803191755465505,0.5868227525138827,0.5773175246385512,3618637.6
2023-08-07,0.5763169743358847,0.574816148881885,0.5778177997898845,0.5728150482765522,1661325.6
2023-08-08,0.5738155985792186,0.5718144979738857,0.5763169743358847,0.5698133973685527,1378673.89
2023-08-09,0.570313672519886,0.5738155985792186,0.574816148881885,0.5698133973685527,1332884.0
2023-08-10,0.5728150482765522,0.5733153234278853,0.5743158737305518,0.5688128470658863,968081.0
2023-08-11,0.5723147731252188,0.561808994947221,0.5753164240332183,0.5613087197958878,1645672.0
2023-08-14,0.5578067937365552,0.5548051428285558,0.5593076191905549,0.5518034919205563,2299305.0
2023-08-15,0.5548051428285558,0.5608084446445545,0.5633098204012207,0.5538045925258892,3061936.9
2023-08-16,0.5583070688878884,0.5593076191905549,0.5623092700985542,0.5558056931312222,1492200.0
2023-08-17,0.557306518585222,0.5558056931312222,0.5583070688878884,0.5513032167692231,1942798.0
2023-08-18,0.5558056931312222,0.557306518585222,0.5653109210065536,0.5548051428285558,1747921.19
2023-08-21,0.5583070688878884,0.5498023913152233,0.5593076191905549,0.5488018410125569,1843799.0
2023-08-22,0.5508029416178899,0.555305417979889,0.5563059682825555,0.5508029416178899,1224450.0
2023-08-23,0.5538045925258892,0.5538045925258892,0.5583070688878884,0.5533043173745561,1760038.1
2023-08-24,0.5543048676772225,0.5523037670718897,0.5558056931312222,0.5488018410125569,1329846.0
2023-08-25,0.5508029416178899,0.5568062434338886,0.5588073440392216,0.5498023913152233,3019818.0
2023-08-28,0.585321927059883,0.5653109210065536,0.5893241282705488,0.561808994947221,3525718.86
2023-08-29,0.5623092700985542,0.5583070688878884,0.5648106458552205,0.5528040422232228,2948548.59
2023-08-30,0.5563059682825555,0.5508029416178899,0.5563059682825555,0.5493021161638902,3316819.0
2023-08-31,0.5508029416178899,0.5488018410125569,0.555305417979889,0.5478012907098905,3014606.33
2023-09-01,0.5513032167692231,0.5543048676772225,0.557306518585222,0.5513032167692231,2209337.66
2023-09-04,0.555305417979889,0.5643103707038871,0.5653109210065536,0.555305417979889,2234937.96
2023-09-05,0.561808994947221,0.5593076191905549,0.5633098204012207,0.5578067937365552,1296369.99
2023-09-06,0.557306518585222,0.5608084446445545,0.5608084446445545,0.5558056931312222,1423379.75
2023-09-07,0.5593076191905549,0.5588073440392216,0.561808994947221,0.5568062434338886,2260434.99
2023-09-08,0.557306518585222,0.5563059682825555,0.5578067937365552,0.5548051428285558,960747.0
2023-09-11,0.5563059682825555,0.557306518585222,0.559807894341888,0.5558056931312222,1442544.0
2023-09-12,0.5568062434338886,0.5563059682825555,0.5578067937365552,0.5558056931312222,773324.33
2023-09-13,0.5568062434338886,0.5563059682825555,0.5588073440392216,0.555305417979889,1529521.0
2023-09-14,0.5568062434338886,0.5623092700985542,0.5628095452498875,0.5568062434338886,2046531.0
2023-09-15,0.5633098204012207,0.5593076191905549,0.56631147130922,0.5583070688878884,2968589.0
2023-09-18,0.5583070688878884,0.559807894341888,0.5603081694932214,0.5558056931312222,1640312.0
2023-09-19,0.5593076191905549,0.5633098204012207,0.5633098204012207,0.5583070688878884,1215221.0
2023-09-20,0.5628095452498875,0.5653109210065536,0.56631147130922,0.5608084446445545,1320933.91
2023-09-21,0.5643103707038871,0.561808994947221,0.5668117464605533,0.5608084446445545,1451142.0
2023-09-22,0.5608084446445545,0.5678122967632198,0.568312571914553,0.5593076191905549,2942122.99
2023-09-25,0.5668117464605533,0.5678122967632198,0.5693131222172194,0.5643103707038871,1651405.0
2023-09-26,0.5673120216118865,0.56631147130922,0.5693131222172194,0.5643103707038871,1341940.0
2023-09-27,0.5653109210065536,0.5638100955525539,0.5673120216118865,0.5613087197958878,1525562.0
2023-09-28,0.5633098204012207,0.5623092700985542,0.5648106458552205,0.5623092700985542,1119979.0
2023-10-09,0.5608084446445545,0.5588073440392216,0.5608084446445545,0.555305417979889,1319974.0
2023-10-10,0.5608084446445545,0.5588073440392216,0.5638100955525539,0.5578067937365552,1191681.94
2023-10-11,0.5593076191905549,0.5568062434338886,0.5608084446445545,0.5558056931312222,1273375.0
2023-10-12,0.5643103707038871,0.5653109210065536,0.5668117464605533,0.5608084446445545,1867026.7
2023-10-13,0.5623092700985542,0.5653109210065536,0.5678122967632198,0.559807894341888,1719081.01
2023-10-16,0.5638100955525539,0.5648106458552205,0.5653109210065536,0.5613087197958878,1092173.0
2023-10-17,0.5653109210065536,0.56631147130922,0.5673120216118865,0.5628095452498875,943657.0
2023-10-18,0.5653109210065536,0.5653109210065536,0.5688128470658863,0.5638100955525539,1318168.0
2023-10-19,0.5643103707038871,0.5513032167692231,0.5643103707038871,0.5508029416178899,1696548.64
2023-10-20,0.5503026664665567,0.5518034919205563,0.5538045925258892,0.5483015658612237,1263540.0
2023-10-23,0.5493021161638902,0.5463004652558908,0.5518034919205563,0.5437990894992246,1356332.0
2023-10-24,0.5483015658612237,0.5442993646505578,0.5488018410125569,0.5417979888938916,1003885.0
2023-10-25,0.546800740407224,0.5452999149532244,0.5473010155585573,0.542298264045225,1222457.0
2023-10-26,0.5427985391965581,0.5508029416178899,0.5513032167692231,0.5427985391965581,1278665.65
2023-10-27,0.5488018410125569,0.5498023913152233,0.5513032167692231,0.5458001901045575,1205116.0
2023-10-30,0.5488018410125569,0.5407974385912252,0.5493021161638902,0.5372955125318926,2878476.35
2023-10-31,0.5397968882885588,0.5412977137425584,0.5412977137425584,0.5362949622292261,1297997.0
2023-11-01,0.5417979888938916,0.5412977137425584,0.542298264045225,0.5382960628345591,993797.76
2023-11-02,0.5412977137425584,0.5452999149532244,0.5463004652558908,0.5407974385912252,1833584.0
2023-11-03,0.5447996398018911,0.5432988143478914,0.5452999149532244,0.5417979888938916,1417155.03
2023-11-06,0.5442993646505578,0.5437990894992246,0.5452999149532244,0.5412977137425584,2692049.0
2023-11-07,0.5432988143478914,0.5432988143478914,0.5437990894992246,0.5407974385912252,1435152.0
2023-11-08,0.5427985391965581,0.540297163439892,0.5432988143478914,0.5387963379858922,1464070.13
2023-11-09,0.5397968882885588,0.5432988143478914,0.5437990894992246,0.5387963379858922,1495236.08
2023-11-10,0.5417979888938916,0.5387963379858922,0.5442993646505578,0.5377957876832258,1280495.9
2023-11-13,0.5392966131372255,0.5362949622292261,0.5392966131372255,0.5337935864725599,1093217.0
2023-11-14,0.5362949622292261,0.5372955125318926,0.5382960628345591,0.5352944119265597,957549.0
2023-11-15,0.5392966131372255,0.540297163439892,0.5417979888938916,0.5387963379858922,1334527.02
2023-11-16,0.540297163439892,0.5387963379858922,0.5407974385912252,0.5382960628345591,1046342.38
2023-11-17,0.5382960628345591,0.5362949622292261,0.5387963379858922,0.5347941367752264,1063968.63
2023-11-20,0.5362949622292261,0.5392966131372255,0.5392966131372255,0.5347941367752264,853271.32
2023-11-21,0.5397968882885588,0.5407974385912252,0.5432988143478914,0.5392966131372255,1526026.0
2023-11-22,0.540297163439892,0.5387963379858922,0.5407974385912252,0.5382960628345591,1216557.98
2023-11-23,0.5382960628345591,0.5387963379858922,0.5387963379858922,0.5357946870778928,1086873.0
2023-11-24,0.5387963379858922,0.5387963379858922,0.5392966131372255,0.5372955125318926,1086399.04
2023-11-27,0.5377957876832258,0.5342938616238933,0.5382960628345591,0.5312922107158938,1524575.0
2023-11-28,0.5342938616238933,0.5312922107158938,0.5352944119265597,0.5307919355645605,1772424.0
2023-11-29,0.5317924858672269,0.5267897343538946,0.5322927610185603,0.5247886337485617,1360651.0
2023-11-30,0.5257891840512282,0.5287908349592275,0.5287908349592275,0.525288908899895,872711.0
2023-12-01,0.5282905598078944,0.527290009505228,0.5292911101105608,0.525288908899895,931717.0
2023-12-04,0.5277902846565611,0.5257891840512282,0.5292911101105608,0.525288908899895,883675.0
2023-12-05,0.5257891840512282,0.5172845064785633,0.5257891840512282,0.5172845064785633,1160985.0
2023-12-06,0.5172845064785633,0.5162839561758967,0.5182850567812297,0.5122817549652309,1070183.96
2023-12-07,0.51678423132723,0.5172845064785633,0.5187853319325629,0.5117814798138977,1154761.75
2023-12-08,0.5172845064785633,0.51678423132723,0.5202861573865627,0.5152834058732303,632999.0
2023-12-11,0.5152834058732303,0.5187853319325629,0.5192856070838962,0.5077792786032318,1261369.56
2023-12-12,0.5182850567812297,0.5237880834458952,0.5242883585972286,0.5162839561758967,1307871.0
2023-12-13,0.5227875331432288,0.5177847816298964,0.523287808294562,0.5172845064785633,1104241.0
2023-12-14,0.5182850567812297,0.5157836810245635,0.5207864325378958,0.5157836810245635,1021225.0
2023-12-15,0.5177847816298964,0.5152834058732303,0.5217869828405624,0.5142828555705639,992590.09
2023-12-18,0.5137825804192305,0.5152834058732303,0.51678423132723,0.5107809295112311,1171604.0
2023-12-19,0.5147831307218971,0.5142828555705639,0.5157836810245635,0.5127820301165641,1017778.0
2023-12-20,0.5152834058732303,0.5132823052678974,0.5182850567812297,0.5132823052678974,1613467.85
2023-12-21,0.5127820301165641,0.51678423132723,0.51678423132723,0.510280654359898,1169864.0
2023-12-22,0.51678423132723,0.51678423132723,0.5187853319325629,0.5132823052678974,1476369.29
2023-12-25,0.51678423132723,0.5172845064785633,0.5177847816298964,0.5147831307218971,738615.0
2023-12-26,0.51678423132723,0.5152834058732303,0.5172845064785633,0.5147831307218971,556753.0
2023-12-27,0.5162839561758967,0.5177847816298964,0.5177847816298964,0.5117814798138977,1147889.0
2023-12-28,0.51678423132723,0.5222872579918956,0.523287808294562,0.51678423132723,1713729.94
2023-12-29,0.5212867076892291,0.5212867076892291,0.5227875331432288,0.5202861573865627,1478286.1
2024-01-02,0.5217869828405624,0.5212867076892291,0.523287808294562,0.5197858822352294,1065365.0
2024-01-03,0.5192856070838962,0.523287808294562,0.523287808294562,0.5187853319325629,1052550.6
2024-01-04,0.5227875331432288,0.5242883585972286,0.5247886337485617,0.5192856070838962,1089890.6
2024-01-05,0.523287808294562,0.5292911101105608,0.5357946870778928,0.5222872579918956,2128877.16
2024-01-08,0.5277902846565611,0.525288908899895,0.5317924858672269,0.5237880834458952,1544454.08
2024-01-09,0.525288908899895,0.5282905598078944,0.5287908349592275,0.5217869828405624,1465464.0
2024-01-10,0.5267897343538946,0.5247886337485617,0.5292911101105608,0.5247886337485617,857751.0
2024-01-11,0.5242883585972286,0.5242883585972286,0.5282905598078944,0.5222872579918956,1358348.0
2024-01-12,0.5242883585972286,0.5292911101105608,0.5312922107158938,0.5237880834458952,1598257.55
2024-01-15,0.5277902846565611,0.5312922107158938,0.5327930361698935,0.5267897343538946,1228062.65
2024-01-16,0.5302916604132273,0.5377957876832258,0.5377957876832258,0.5297913852618941,2648697.0
2024-01-17,0.5367952373805593,0.5332933113212267,0.5407974385912252,0.5327930361698935,1856413.28
2024-01-18,0.5312922107158938,0.5357946870778928,0.5372955125318926,0.5197858822352294,2306521.0
2024-01-19,0.5332933113212267,0.5362949622292261,0.5367952373805593,0.5292911101105608,1346721.0
2024-01-22,0.5347941367752264,0.5327930361698935,0.5412977137425584,0.5307919355645605,2088064.8
2024-01-23,0.5322927610185603,0.5337935864725599,0.5362949622292261,0.5282905598078944,1419032.0
2024-01-24,0.5352944119265597,0.5417979888938916,0.542298264045225,0.5322927610185603,1573902.66
2024-01-25,0.5417979888938916,0.5493021161638902,0.5503026664665567,0.5417979888938916,2296919.66
2024-01-26,0.5503026664665567,0.5588073440392216,0.559807894341888,0.5493021161638902,2461928.0
2024-01-29,0.5603081694932214,0.5638100955525539,0.5688128470658863,0.5588073440392216,2604387.29
2024-01-30,0.5608084446445545,0.5578067937365552,0.5658111961578869,0.5548051428285558,2175307.94
2024-01-31,0.555305417979889,0.5578067937365552,0.5623092700985542,0.5533043173745561,2107801.0
2024-02-01,0.5568062434338886,0.5548051428285558,0.5588073440392216,0.5528040422232228,1470933.18
2024-02-02,0.5538045925258892,0.555305417979889,0.5603081694932214,0.5452999149532244,1858648.0
2024-02-05,0.555305417979889,0.5633098204012207,0.5643103707038871,0.5523037670718897,1953326.13
2024-02-06,0.5603081694932214,0.5678122967632198,0.5688128470658863,0.5583070688878884,2431303.34
2024-02-07,0.56631147130922,0.5633098204012207,0.5668117464605533,0.5533043173745561,2930531.28
2024-02-08,0.5608084446445545,0.5603081694932214,0.5613087197958878,0.5538045925258892,1725397.66
2024-02-19,0.5628095452498875,0.5728150482765522,0.5728150482765522,0.5593076191905549,1780004.0
2024-02-20,0.5708139476712192,0.5753164240332183,0.576817249487218,0.5678122967632198,1983283.91
2024-02-21,0.5738155985792186,0.591825504027215,0.5973285306918805,0.5733153234278853,3174315.09
2024-02-22,0.5898244034218821,0.5928260543298814,0.5933263294812147,0.5858222022112162,2230970.63
2024-02-23,0.591825504027215,0.5953274300865476,0.6033318325078794,0.591825504027215,2125764.0
2024-02-26,0.5933263294812147,0.5798189003952174,0.5948271549352144,0.5788183500925509,2841751.4
2024-02-27,0.5783180749412177,0.5813197258492171,0.585321927059883,0.5773175246385512,1386300.0
2024-02-28,0.5803191755465505,0.5803191755465505,0.5838211016058833,0.574816148881885,1749101.0
2024-02-29,0.5773175246385512,0.5813197258492171,0.5818200010005503,0.576817249487218,1142562.0
2024-03-01,0.5803191755465505,0.5818200010005503,0.5828205513032169,0.5783180749412177,1061220.0
2024-03-04,0.5813197258492171,0.5763169743358847,0.5813197258492171,0.5753164240332183,1815308.0
2024-03-05,0.574816148881885,0.5883235779678824,0.5888238531192156,0.5743158737305518,2991336.12
2024-03-06,0.5873230276652158,0.5818200010005503,0.5893241282705488,0.5808194506978839,1948933.12
2024-03-07,0.5813197258492171,0.5838211016058833,0.5878233028165492,0.5808194506978839,1674642.57
2024-03-08,0.58332082645455,0.5828205513032169,0.5868227525138827,0.5808194506978839,1333982.0
2024-03-11,0.5823202761518835,0.5823202761518835,0.5848216519085497,0.5778177997898845,1340220.0
2024-03-12,0.5813197258492171,0.5778177997898845,0.5818200010005503,0.5758166991845516,3721884.0
2024-03-13,0.5763169743358847,0.5718144979738857,0.5763169743358847,0.570313672519886,1834400.0
2024-03-14,0.570313672519886,0.5713142228225524,0.5758166991845516,0.5698133973685527,1314858.21
2024-03-15,0.5728150482765522,0.5743158737305518,0.5763169743358847,0.5723147731252188,1452781.21
2024-03-18,0.5733153234278853,0.5743158737305518,0.5758166991845516,0.5718144979738857,1322726.21
2024-03-19,0.5733153234278853,0.5688128470658863,0.5733153234278853,0.5678122967632198,1558315.0
2024-03-20,0.568312571914553,0.5743158737305518,0.574816148881885,0.56631147130922,1526497.0
2024-03-21,0.5733153234278853,0.5773175246385512,0.5788183500925509,0.5718144979738857,2813219.31
2024-03-22,0.576817249487218,0.574816148881885,0.5773175246385512,0.570313672519886,2465336.0
2024-03-25,0.5743158737305518,0.5783180749412177,0.5803191755465505,0.5733153234278853,2376578.93
2024-03-26,0.5788183500925509,0.5863224773625494,0.5863224773625494,0.5783180749412177,1785231.0
2024-03-27,0.585321927059883,0.5883235779678824,0.5928260543298814,0.5838211016058833,1893410.0
2024-03-28,0.5868227525138827,0.5818200010005503,0.5873230276652158,0.5783180749412177,2251277.0
2024-03-29,0.5788183500925509,0.5808194506978839,0.5843213767572165,0.5758166991845516,1651255.0
2024-04-01,0.5808194506978839,0.5873230276652158,0.5878233028165492,0.5798189003952174,1585605.0
2024-04-02,0.5868227525138827,0.5868227525138827,0.5913252288758817,0.585321927059883,1293656.0
2024-04-03,0.5868227525138827,0.5843213767572165,0.5878233028165492,0.5818200010005503,816325.0
2024-04-08,0.5838211016058833,0.5878233028165492,0.5893241282705488,0.5803191755465505,1441037.0
2024-04-09,0.5873230276652158,0.5843213767572165,0.5908249537245486,0.58332082645455,3299924.0
2024-04-10,0.5838211016058833,0.5848216519085497,0.5888238531192156,0.5828205513032169,1142271.0
2024-04-11,0.5828205513032169,0.5843213767572165,0.5858222022112162,0.5788183500925509,1023060.0
2024-04-12,0.58332082645455,0.5803191755465505,0.5858222022112162,0.5793186252438841,1149632.85
2024-04-15,0.5813197258492171,0.5923257791785482,0.5923257791785482,0.5803191755465505,1940850.44
2024-04-16,0.591825504027215,0.5928260543298814,0.5953274300865476,0.5873230276652158,1450795.0
2024-04-17,0.5913252288758817,0.6028315573565461,0.6038321076592126,0.5863224773625494,2479396.0
2024-04-18,0.6003301815998799,0.6078343088698785,0.6168392615938767,0.6003301815998799,3068297.0
2024-04-19,0.6048326579618791,0.606833758567212,0.6108359597778779,0.6043323828105458,2084535.07
2024-04-22,0.6073340337185452,0.6023312822052129,0.6143378858372105,0.5988293561458803,2114200.07
2024-04-23,0.6013307319025464,0.6018310070538797,0.608834859172545,0.5988293561458803,2071213.0
2024-04-24,0.6013307319025464,0.5998299064485467,0.6028315573565461,0.5973285306918805,2686362.0
2024-04-25,0.5988293561458803,0.6093351343238782,0.6098354094752114,0.598329080994547,1528806.0
2024-04-26,0.6063334834158788,0.5998299064485467,0.6083345840212117,0.5968282555405474,2747740.0
2024-04-29,0.5978288058432139,0.6058332082645456,0.6093351343238782,0.5953274300865476,2970667.0
2024-04-30,0.6038321076592126,0.6093351343238782,0.6123367852318775,0.6038321076592126,1401915.0
2024-05-06,0.6133373355345441,0.608834859172545,0.6153384361398769,0.6073340337185452,1504361.0
2024-05-07,0.6093351343238782,0.608834859172545,0.6093351343238782,0.6028315573565461,1170888.5
2024-05-08,0.6063334834158788,0.608834859172545,0.6118365100805444,0.6063334834158788,797590.0
2024-05-09,0.6078343088698785,0.6098354094752114,0.6118365100805444,0.6073340337185452,1234583.0
2024-05-10,0.6098354094752114,0.6173395367452099,0.6183400870478764,0.6093351343238782,1848965.0
2024-05-13,0.6153384361398769,0.6208414628045426,0.6218420131072091,0.6123367852318775,1274713.0
2024-05-14,0.6213417379558758,0.6178398118965431,0.6228425634098755,0.6153384361398769,1114597.99
2024-05-15,0.6158387112912103,0.6158387112912103,0.6193406373505428,0.6128370603832108,845624.0
2024-05-16,0.6158387112912103,0.6273450397718746,0.6293461403772075,0.6158387112912103,2533864.18
2024-05-17,0.6273450397718746,0.634849167041873,0.6358497173445394,0.6248436640152084,2946650.95
2024-05-20,0.6358497173445394,0.6318475161338736,0.6403521937065386,0.6293461403772075,2002338.0
2024-05-21,0.6308469658312071,0.6363499924958728,0.6388513682525389,0.6288458652258742,2075280.0
2024-05-22,0.636850267647206,0.6393516434038722,0.6438541197658713,0.6343488918905399,2669620.58
2024-05-23,0.6378508179498724,0.634849167041873,0.6403521937065386,0.6328480664365401,2332306.0
2024-05-24,0.6343488918905399,0.6293461403772075,0.6388513682525389,0.6288458652258742,2036915.52
2024-05-27,0.6298464155285407,0.6383510931012057,0.6393516434038722,0.6298464155285407,3597684.16
2024-05-28,0.6378508179498724,0.6353494421932063,0.6413527440092051,0.6333483415878733,1342071.65
2024-05-29,0.634849167041873,0.6293461403772075,0.6378508179498724,0.6288458652258742,1790586.82
2024-05-30,0.628345590074541,0.6248436640152084,0.6338486167392066,0.6223422882585422,1432310.48
2024-05-31,0.6258442143178748,0.6273450397718746,0.6293461403772075,0.6253439391665416,1146143.0
2024-06-03,0.6263444894692081,0.6198409125018761,0.6263444894692081,0.6168392615938767,1944954.0
2024-06-04,0.6193406373505428,0.623843113712542,0.6243433888638752,0.6183400870478764,974208.0
2024-06-05,0.623843113712542,0.6163389864425434,0.6243433888638752,0.6153384361398769,1255899.57
2024-06-06,0.6168392615938767,0.6158387112912103,0.6193406373505428,0.6143378858372105,1053750.0
2024-06-07,0.6158387112912103,0.6203411876532093,0.6213417379558758,0.6158387112912103,1891648.0
2024-06-11,0.6193406373505428,0.6103356846265446,0.6218420131072091,0.6093351343238782,1284852.0
2024-06-12,0.6093351343238782,0.6083345840212117,0.6098354094752114,0.6023312822052129,1217487.0
2024-06-13,0.6073340337185452,0.6033318325078794,0.608834859172545,0.6013307319025464,3291881.0
2024-06-14,0.6033318325078794,0.6098354094752114,0.6118365100805444,0.6018310070538797,1753261.0
2024-06-17,0.606833758567212,0.6038321076592126,0.6093351343238782,0.6023312822052129,1129175.0
2024-06-18,0.6033318325078794,0.6063334834158788,0.6078343088698785,0.5993296312972135,1431225.7
2024-06-19,0.6048326579618791,0.6133373355345441,0.6148381609885438,0.6048326579618791,1165956.7
2024-06-20,0.6123367852318775,0.6093351343238782,0.6138376106858773,0.6073340337185452,2672264.5
2024-06-21,0.6093351343238782,0.6093351343238782,0.6108359597778779,0.6048326579618791,2593218.98
2024-06-24,0.6078343088698785,0.6098354094752114,0.6118365100805444,0.6033318325078794,1112088.46
2024-06-25,0.6098354094752114,0.6133373355345441,0.6148381609885438,0.6083345840212117,3100748.17
2024-06-26,0.6123367852318775,0.6138376106858773,0.6153384361398769,0.6108359597778779,1546519.97
2024-06-27,0.6128370603832108,0.6213417379558758,0.6288458652258742,0.6108359597778779,2456703.96
2024-06-28,0.6198409125018761,0.623843113712542,0.6263444894692081,0.6168392615938767,1404010.96
2024-07-01,0.6228425634098755,0.6318475161338736,0.6328480664365401,0.6223422882585422,1545963.02
2024-07-02,0.6303466906798739,0.6403521937065386,0.6418530191605383,0.6293461403772075,2017700.02
2024-07-03,0.6413527440092051,0.634849167041873,0.6423532943118716,0.6313472409825405,2516628.0
2024-07-04,0.6338486167392066,0.6363499924958728,0.6398519185552054,0.6338486167392066,1430120.0
2024-07-05,0.6363499924958728,0.6233428385612086,0.6378508179498724,0.6193406373505428,2249435.51
2024-07-08,0.6218420131072091,0.6268447646205413,0.6293461403772075,0.6208414628045426,1252351.03
2024-07-09,0.6268447646205413,0.6328480664365401,0.6338486167392066,0.6223422882585422,1525345.0
2024-07-10,0.6333483415878733,0.6358497173445394,0.6383510931012057,0.6323477912852069,1036780.0
2024-07-11,0.6378508179498724,0.6318475161338736,0.6383510931012057,0.6293461403772075,2085748.05
2024-07-12,0.6313472409825405,0.6448546700685377,0.6458552203712041,0.6313472409825405,2431392.04
2024-07-15,0.6443543949172045,0.6523587973385363,0.6523587973385363,0.643353844614538,2740306.0
2024-07-16,0.651858522187203,0.64985742158187,0.6548601730952024,0.6448546700685377,1552484.02
2024-07-17,0.6483565961278703,0.6553604482465356,0.6553604482465356,0.6473560458252039,1260782.0
2024-07-18,0.6528590724898694,0.6538596227925358,0.6543598979438692,0.6473560458252039,1115507.99
2024-07-19,0.6533593476412027,0.651858522187203,0.6533593476412027,0.6438541197658713,1414165.3
2024-07-22,0.64985742158187,0.6413527440092051,0.6503576967332033,0.6383510931012057,1911476.58
2024-07-23,0.6408524688578718,0.6473560458252039,0.6543598979438692,0.6408524688578718,1961518.58
2024-07-24,0.6468557706738707,0.6478563209765371,0.6523587973385363,0.6448546700685377,1541880.0
2024-07-25,0.6468557706738707,0.6418530191605383,0.6483565961278703,0.634849167041873,1327152.0
2024-07-26,0.6408524688578718,0.6328480664365401,0.6418530191605383,0.6278453149232077,1432209.0
2024-07-29,0.6323477912852069,0.6418530191605383,0.6423532943118716,0.6288458652258742,1147461.0
2024-07-30,0.6413527440092051,0.6388513682525389,0.6438541197658713,0.634849167041873,930102.0
2024-07-31,0.6383510931012057,0.6383510931012057,0.6408524688578718,0.6358497173445394,1578210.0
2024-08-01,0.6363499924958728,0.6393516434038722,0.6438541197658713,0.6298464155285407,1826668.0
2024-08-02,0.6358497173445394,0.6358497173445394,0.6398519185552054,0.6338486167392066,990484.0
2024-08-05,0.6353494421932063,0.6303466906798739,0.6378508179498724,0.6298464155285407,1590432.02
2024-08-06,0.6323477912852069,0.6243433888638752,0.6338486167392066,0.6203411876532093,1992158.24
2024-08-07,0.623843113712542,0.6253439391665416,0.6293461403772075,0.6233428385612086,1034156.0
2024-08-08,0.6243433888638752,0.6268447646205413,0.6273450397718746,0.6223422882585422,1176811.0
2024-08-09,0.6258442143178748,0.6298464155285407,0.6333483415878733,0.6243433888638752,1346681.0
2024-08-12,0.6293461403772075,0.6278453149232077,0.6298464155285407,0.6258442143178748,883220.0
2024-08-13,0.6273450397718746,0.6308469658312071,0.6333483415878733,0.6268447646205413,1008768.0
2024-08-14,0.6298464155285407,0.6303466906798739,0.6343488918905399,0.6288458652258742,2504299.0
2024-08-15,0.6293461403772075,0.6393516434038722,0.6398519185552054,0.6288458652258742,1348491.0
2024-08-16,0.6393516434038722,0.6468557706738707,0.6473560458252039,0.6378508179498724,1974442.0
2024-08-19,0.6473560458252039,0.6578618240032018,0.6588623743058682,0.6448546700685377,2029974.77
2024-08-20,0.6573615488518686,0.6593626494572016,0.6613637500625345,0.6548601730952024,1736531.0
2024-08-21,0.6568612737005353,0.6553604482465356,0.6588623743058682,0.6488568712792036,2628962.0
2024-08-22,0.6538596227925358,0.6613637500625345,0.6638651258192005,0.6538596227925358,1334234.0
2024-08-23,0.6608634749112011,0.6648656761218671,0.6653659512732003,0.6553604482465356,1105858.0
2024-08-26,0.6643654009705339,0.6648656761218671,0.6658662264245335,0.658362099154535,1028984.0
2024-08-27,0.6633648506678674,0.6673670518785333,0.6703687027865327,0.6618640252138677,1019799.0
2024-08-28,0.6658662264245335,0.6628645755165341,0.668867877332533,0.658362099154535,1124284.0
2024-08-29,0.6618640252138677,0.6413527440092051,0.6618640252138677,0.6398519185552054,2110658.0
2024-08-30,0.6378508179498724,0.628345590074541,0.643353844614538,0.6258442143178748,4203444.0
2024-09-02,0.6233428385612086,0.6278453149232077,0.6333483415878733,0.6218420131072091,2338409.0
2024-09-03,0.6273450397718746,0.6173395367452099,0.628345590074541,0.6133373355345441,2591159.0
2024-09-04,0.6148381609885438,0.6153384361398769,0.6208414628045426,0.6128370603832108,2201372.0
2024-09-05,0.6153384361398769,0.6143378858372105,0.6168392615938767,0.6093351343238782,1688601.0
2024-09-06,0.6138376106858773,0.6163389864425434,0.6228425634098755,0.6138376106858773,1652343.0
2024-09-09,0.6138376106858773,0.6048326579618791,0.6148381609885438,0.6033318325078794,2825609.0
2024-09-10,0.6048326579618791,0.608834859172545,0.6098354094752114,0.6018310070538797,1497531.17
2024-09-11,0.6073340337185452,0.5953274300865476,0.6078343088698785,0.5923257791785482,2949134.74
2024-09-12,0.593826604632548,0.5988293561458803,0.6008304567512133,0.5903246785732152,1712618.39
2024-09-13,0.598329080994547,0.5968282555405474,0.6043323828105458,0.5968282555405474,1433508.39
2024-09-18,0.5968282555405474,0.6038321076592126,0.6038321076592126,0.5963279803892141,1566473.0
2024-09-19,0.6048326579618791,0.6043323828105458,0.6053329331132122,0.5973285306918805,1578309.0
2024-09-20,0.6038321076592126,0.608834859172545,0.6093351343238782,0.6023312822052129,1506223.0
2024-09-23,0.606833758567212,0.6183400870478764,0.6188403621992097,0.6048326579618791,1632647.0
2024-09-24,0.6208414628045426,0.6428535694632047,0.6438541197658713,0.6193406373505428,2854034.0
2024-09-25,0.6503576967332033,0.6553604482465356,0.6653659512732003,0.6478563209765371,2758634.9
2024-09-26,0.6543598979438692,0.6798739306618641,0.6803742058131973,0.6528590724898694,2600102.48
2024-09-27,0.6848766821751964,0.6893791585371954,0.6948821852018611,0.6628645755165341,1553080.0
2024-09-30,0.6928810845965281,0.7073890639851919,0.7143929161038571,0.6738706288458652,6836060.28
2024-10-08,0.7669218069938466,0.7304017209465206,0.7779278603231777,0.7003852118665266,6866895.03
2024-10-09,0.7148931912551905,0.677372554905198,0.7153934664065236,0.6763720046025314,3334920.05
2024-10-10,0.677372554905198,0.7063885136825254,0.7208964930711892,0.677372554905198,3637443.0
2024-10-11,0.7053879633798589,0.6983841112611936,0.7178948421631898,0.6938816348991946,3035436.95
2024-10-14,0.7088898894391916,0.7233978688278553,0.7294011706438541,0.7088898894391916,5748949.0
2024-10-15,0.7208964930711892,0.7063885136825254,0.7294011706438541,0.7053879633798589,3115063.0
2024-10-16,0.7023863124718596,0.7263995197358547,0.7274000700385213,0.7008854870178599,3634709.0
2024-10-17,0.7263995197358547,0.7158937415578569,0.7319025464005203,0.7143929161038571,3061539.0
2024-10-18,0.7158937415578569,0.7198959427685228,0.7243984191305218,0.7023863124718596,4038328.0
2024-10-21,0.71639401670919,0.7098904397418581,0.7168942918605233,0.7028865876231928,4092347.52
2024-10-22,0.7073890639851919,0.7083896142878583,0.7143929161038571,0.7043874130771924,2342375.94
2024-10-23,0.7083896142878583,0.7113912651958577,0.7128920906498575,0.7063885136825254,2635015.0
2024-10-24,0.7103907148931913,0.7088898894391916,0.7148931912551905,0.7073890639851919,2285530.0
2024-10-25,0.7078893391365252,0.7058882385311922,0.7098904397418581,0.7028865876231928,2147119.97
2024-10-28,0.703386862774526,0.6993846615638601,0.703386862774526,0.6948821852018611,2098549.0
2024-10-29,0.6993846615638601,0.6988843864125269,0.7073890639851919,0.6973835609585272,2665932.0
2024-10-30,0.6983841112611936,0.6908799839911952,0.7028865876231928,0.6878783330831958,2246194.0
2024-10-31,0.6893791585371954,0.6863775076291961,0.6943819100505277,0.6813747561158638,2642408.0
2024-11-01,0.6853769573265297,0.6958827355045275,0.6998849367151934,0.6853769573265297,3378081.95
2024-11-04,0.6958827355045275,0.6993846615638601,0.6998849367151934,0.6848766821751964,2322678.0
2024-11-05,0.696883285807194,0.7048876882285258,0.7053879633798589,0.6953824603531943,2933142.0
2024-11-06,0.7038871379258592,0.6998849367151934,0.7043874130771924,0.6958827355045275,3199062.0
2024-11-07,0.6978838361098605,0.7148931912551905,0.7153934664065236,0.6963830106558607,3793069.0
2024-11-08,0.7148931912551905,0.7048876882285258,0.7168942918605233,0.7018860373205263,3756667.0
2024-11-11,0.7008854870178599,0.6938816348991946,0.7008854870178599,0.6903797088398619,2552443.0
2024-11-12,0.6933813597478613,0.6878783330831958,0.7008854870178599,0.6858772324778628,3013590.63
2024-11-13,0.6863775076291961,0.6913802591425283,0.6938816348991946,0.6858772324778628,2526205.0
2024-11-14,0.6908799839911952,0.6933813597478613,0.6988843864125269,0.6878783330831958,3477151.0
2024-11-15,0.6913802591425283,0.6923808094451949,0.6988843864125269,0.6873780579318626,3984967.29
2024-11-18,0.6988843864125269,0.7053879633798589,0.7168942918605233,0.696883285807194,5235256.0
2024-11-19,0.7048876882285258,0.7028865876231928,0.7128920906498575,0.6938816348991946,3431657.0
2024-11-20,0.7008854870178599,0.6998849367151934,0.7043874130771924,0.6973835609585272,2358133.0
2024-11-21,0.6983841112611936,0.6983841112611936,0.7008854870178599,0.6948821852018611,2800728.0
2024-11-22,0.6973835609585272,0.6828755815698635,0.6998849367151934,0.681875031267197,2673946.0
2024-11-25,0.6843764070238633,0.6843764070238633,0.6888788833858622,0.6823753064185303,2435457.0
2024-11-26,0.6823753064185303,0.6903797088398619,0.6913802591425283,0.6793736555105309,2469916.0
2024-11-27,0.688378608234529,0.696883285807194,0.6978838361098605,0.6853769573265297,2818812.0
2024-11-28,0.6958827355045275,0.6963830106558607,0.6998849367151934,0.6928810845965281,1809079.41
2024-11-29,0.696883285807194,0.6973835609585272,0.7048876882285258,0.6948821852018611,2520614.0
2024-12-02,0.696883285807194,0.6938816348991946,0.6978838361098605,0.6903797088398619,2313806.0
2024-12-03,0.6943819100505277,0.7048876882285258,0.7048876882285258,0.6918805342938616,3213561.0
2024-12-04,0.7028865876231928,0.7043874130771924,0.7083896142878583,0.6973835609585272,2926547.0
2024-12-05,0.703386862774526,0.7043874130771924,0.7083896142878583,0.7018860373205263,1996762.0
2024-12-06,0.703386862774526,0.711891540347191,0.71639401670919,0.703386862774526,2936885.0
2024-12-09,0.7103907148931913,0.7148931912551905,0.7178948421631898,0.7073890639851919,2449981.0
2024-12-10,0.7223973185251888,0.7218970433738557,0.7304017209465206,0.7168942918605233,3356648.94
2024-12-11,0.7208964930711892,0.7148931912551905,0.724898694281855,0.7138926409525239,2265393.03
2024-12-12,0.7143929161038571,0.7238981439791886,0.7238981439791886,0.7128920906498575,2550151.21
2024-12-13,0.7188953924658563,0.7083896142878583,0.720396217919856,0.7078893391365252,2668764.14
2024-12-16,0.7073890639851919,0.7148931912551905,0.7198959427685228,0.7073890639851919,2224030.0
2024-12-17,0.7138926409525239,0.7143929161038571,0.7198959427685228,0.7128920906498575,2210521.17
2024-12-18,0.7178948421631898,0.7233978688278553,0.7279003451898545,0.7158937415578569,2609787.0
2024-12-19,0.720396217919856,0.7158937415578569,0.7238981439791886,0.7133923658011907,2629257.0
2024-12-20,0.7148931912551905,0.7143929161038571,0.7198959427685228,0.7128920906498575,2386970.68
2024-12-23,0.7138926409525239,0.726899794887188,0.7314022712491871,0.7138926409525239,3878321.68
2024-12-24,0.7258992445845216,0.7359047476111862,0.7369052979138527,0.7243984191305218,3248441.68
2024-12-25,0.735404472459853,0.7444094251838511,0.748411626394517,0.735404472459853,4736016.0
2024-12-26,0.7429085997298515,0.743909150032518,0.7454099754865177,0.7339036470058533,2696685.0
2024-12-27,0.7414077742758517,0.741908049427185,0.7449097003351844,0.7279003451898545,5080235.0
2024-12-30,0.7389063985191856,0.7514132773025164,0.752914102756516,0.7389063985191856,5792061.0
2024-12-31,0.7509130021511832,0.7429085997298515,0.7564160288158488,0.741908049427185,5213175.0
2025-01-02,0.7429085997298515,0.7258992445845216,0.7479113512431839,0.7223973185251888,4710526.0
2025-01-03,0.7258992445845216,0.7213967682225224,0.7319025464005203,0.7178948421631898,4619021.0
2025-01-06,0.7223973185251888,0.7279003451898545,0.7279003451898545,0.7093901645905248,3847346.0
2025-01-07,0.724898694281855,0.7324028215518535,0.7329030967031869,0.7213967682225224,3795729.0
2025-01-08,0.7304017209465206,0.7379058482165192,0.741908049427185,0.7299014457951875,3572803.0
2025-01-09,0.7384061233678524,0.7329030967031869,0.7384061233678524,0.7279003451898545,2684449.0
2025-01-10,0.7324028215518535,0.7284006203411877,0.7359047476111862,0.7223973185251888,2953748.0
2025-01-13,0.7253989694331883,0.718395117314523,0.726899794887188,0.7128920906498575,3110938.0
2025-01-14,0.7198959427685228,0.7299014457951875,0.7319025464005203,0.7178948421631898,3170621.0
2025-01-15,0.7294011706438541,0.7359047476111862,0.7454099754865177,0.7289008954925209,3165100.2
2025-01-16,0.7379058482165192,0.7429085997298515,0.743909150032518,0.73340337185452,3474024.77
2025-01-17,0.7409074991245186,0.7389063985191856,0.7444094251838511,0.7344039221571865,2309367.0
2025-01-20,0.7399069488218522,0.7359047476111862,0.7429085997298515,0.7349041973085197,2955355.59
2025-01-21,0.7369052979138527,0.7359047476111862,0.7399069488218522,0.7314022712491871,1965936.0
2025-01-22,0.7359047476111862,0.7218970433738557,0.7359047476111862,0.720396217919856,2902749.0
2025-01-23,0.7258992445845216,0.7399069488218522,0.7429085997298515,0.7253989694331883,3720474.72
2025-01-24,0.7414077742758517,0.741908049427185,0.7454099754865177,0.7299014457951875,3189196.72
2025-01-27,0.7424083245785182,0.7519135524538496,0.754915203361849,0.7424083245785182,2706713.0
2025-02-05,0.7519135524538496,0.7404072239731853,0.7539146530591825,0.7389063985191856,2526756.0
2025-02-06,0.7404072239731853,0.7404072239731853,0.7459102506378509,0.7344039221571865,2602706.0
2025-02-07,0.7399069488218522,0.7379058482165192,0.7399069488218522,0.735404472459853,5537474.0
2025-02-10,0.7359047476111862,0.7389063985191856,0.7444094251838511,0.73340337185452,3635576.0
2025-02-11,0.7384061233678524,0.7454099754865177,0.7454099754865177,0.7379058482165192,2560520.0
2025-02-12,0.7444094251838511,0.75041272699985,0.7514132773025164,0.7404072239731853,3505732.0
2025-02-13,0.7494121766971835,0.7514132773025164,0.7544149282105158,0.748411626394517,2955718.0
2025-02-14,0.7514132773025164,0.754915203361849,0.754915203361849,0.7479113512431839,2228727.0
2025-02-17,0.7554154785131822,0.7534143779078494,0.7554154785131822,0.7474110760918505,2636152.0
2025-02-18,0.7514132773025164,0.7614187803291811,0.7649207063885137,0.7499124518485167,3976699.0
2025-02-19,0.7589174045725149,0.7574165791185152,0.7619190554805143,0.7559157536645155,3026146.0
2025-02-20,0.7554154785131822,0.7579168542698485,0.7589174045725149,0.7534143779078494,3151701.0
2025-02-21,0.7569163039671819,0.7474110760918505,0.7574165791185152,0.7454099754865177,6127279.2
2025-02-24,0.7454099754865177,0.7409074991245186,0.7474110760918505,0.7404072239731853,4027306.0
2025-02-25,0.7424083245785182,0.735404472459853,0.7434088748811847,0.73340337185452,3346960.93
2025-02-26,0.735404472459853,0.7394066736705188,0.7444094251838511,0.735404472459853,4686477.26
2025-02-27,0.7399069488218522,0.7489119015458503,0.7489119015458503,0.7349041973085197,4633640.0
2025-02-28,0.7469108009405174,0.7449097003351844,0.7524138276051829,0.7444094251838511,4152626.35
2025-03-03,0.7449097003351844,0.7434088748811847,0.7474110760918505,0.7384061233678524,4249510.57
2025-03-04,0.7414077742758517,0.7429085997298515,0.7464105257891841,0.7404072239731853,3231111.57
2025-03-05,0.741908049427185,0.754915203361849,0.7554154785131822,0.7404072239731853,4908923.2
2025-03-06,0.7544149282105158,0.7514132773025164,0.7544149282105158,0.7469108009405174,3337069.0
2025-03-07,0.7494121766971835,0.7514132773025164,0.754915203361849,0.7479113512431839,3216261.0
2025-03-10,0.75041272699985,0.7454099754865177,0.7509130021511832,0.7434088748811847,2007522.0
2025-03-11,0.7429085997298515,0.7494121766971835,0.7499124518485167,0.7414077742758517,2356141.8
2025-03-12,0.748411626394517,0.7489119015458503,0.7514132773025164,0.7449097003351844,2117289.0
2025-03-13,0.7499124518485167,0.7514132773025164,0.754915203361849,0.748411626394517,2201949.8
2025-03-14,0.7514132773025164,0.7614187803291811,0.7649207063885137,0.7509130021511832,4213388.92
2025-03-17,0.7619190554805143,0.7639201560858472,0.7669218069938466,0.7594176797238482,1614524.5
2025-03-18,0.7649207063885137,0.7624193306318475,0.765420981539847,0.7609185051778478,1152764.0
2025-03-19,0.7624193306318475,0.7739256591125119,0.7739256591125119,0.7624193306318475,1980116.0
2025-03-20,0.7734253839611787,0.7689229075991796,0.7754264845665116,0.7664215318425134,2072297.0
2025-03-21,0.7674220821451799,0.7594176797238482,0.7704237330531793,0.7584171294211817,1923911.08
2025-03-24,0.7594176797238482,0.7664215318425134,0.767922357296513,0.7589174045725149,2973310.38
2025-03-25,0.7659212566911802,0.7704237330531793,0.7714242833558458,0.765420981539847,2212265.0
2025-03-26,0.767922357296513,0.7589174045725149,0.7684226324478464,0.7574165791185152,4603638.0
2025-03-27,0.7584171294211817,0.7619190554805143,0.765420981539847,0.7569163039671819,2105200.75
2025-03-28,0.7619190554805143,0.7599179548751813,0.7629196057831807,0.7579168542698485,1603364.0
2025-03-31,0.765420981539847,0.7624193306318475,0.7674220821451799,0.7534143779078494,3376971.8
2025-04-01,0.7604182300265147,0.7579168542698485,0.7629196057831807,0.7539146530591825,3431709.51
2025-04-02,0.7569163039671819,0.7644204312371805,0.7664215318425134,0.7564160288158488,2734484.3
2025-04-03,0.7614187803291811,0.7669218069938466,0.767922357296513,0.7594176797238482,2554447.5
2025-04-07,0.7554154785131822,0.7429085997298515,0.7564160288158488,0.711891540347191,5302641.48
2025-04-08,0.7349041973085197,0.7429085997298515,0.743909150032518,0.7294011706438541,3362516.48
2025-04-09,0.7359047476111862,0.7364050227625194,0.7424083245785182,0.7304017209465206,4254814.0
2025-04-10,0.7364050227625194,0.7424083245785182,0.7444094251838511,0.735404472459853,2978245.91
2025-04-11,0.7394066736705188,0.7444094251838511,0.7444094251838511,0.7364050227625194,2012103.53
2025-04-14,0.7434088748811847,0.748411626394517,0.75041272699985,0.7429085997298515,2584326.0
2025-04-15,0.7479113512431839,0.7594176797238482,0.7599179548751813,0.7464105257891841,2263452.0
2025-04-16,0.7589174045725149,0.7664215318425134,0.767922357296513,0.7564160288158488,2163276.0
2025-04-17,0.7644204312371805,0.7669218069938466,0.7684226324478464,0.7579168542698485,1783334.35
2025-04-18,0.765420981539847,0.7744259342638452,0.7754264845665116,0.765420981539847,2004671.29
2025-04-21,0.7734253839611787,0.7644204312371805,0.7809295112311772,0.7639201560858472,3177603.12
2025-04-22,0.7644204312371805,0.7709240082045125,0.7714242833558458,0.7644204312371805,2870480.75
2025-04-23,0.7704237330531793,0.7669218069938466,0.7714242833558458,0.7649207063885137,1718531.75
2025-04-24,0.765420981539847,0.7754264845665116,0.7769273100205113,0.765420981539847,2136610.62
2025-04-25,0.7759267597178449,0.7729251088098454,0.7789284106258442,0.7684226324478464,1900159.86
2025-04-28,0.7724248336585122,0.7794286857771775,0.7809295112311772,0.7714242833558458,2032245.75
2025-04-29,0.7784281354745111,0.7774275851718446,0.7829306118365101,0.7754264845665116,1737330.0
2025-04-30,0.7744259342638452,0.7604182300265147,0.7749262094151783,0.7579168542698485,4056961.09
2025-05-06,0.7614187803291811,0.7599179548751813,0.7629196057831807,0.7544149282105158,2608787.57
2025-05-07,0.7629196057831807,0.7714242833558458,0.771924558507179,0.7599179548751813,3266309.6
2025-05-08,0.7694231827505128,0.7794286857771775,0.7804292360798439,0.7684226324478464,2751822.0
2025-05-09,0.7784281354745111,0.7889339136525089,0.7909350142578419,0.7779278603231777,2493618.0
2025-05-12,0.7889339136525089,0.7914352894091751,0.7984391415278403,0.7839311621391766,4848190.7
2025-05-13,0.7899344639551754,0.8029416178898394,0.8039421681925059,0.7884336385011758,2216034.82
2025-05-14,0.8014407924358398,0.8099454700085047,0.8134473960678373,0.7989394166791736,4827880.0
2025-05-15,0.8094451948571716,0.8079443694031718,0.8164490469758366,0.8069438191005053,4114568.0
2025-05-16,0.8069438191005053,0.8009405172845065,0.8099454700085047,0.7959377657711741,3294419.34
2025-05-19,0.8009405172845065,0.7984391415278403,0.8069438191005053,0.7974385912251739,3677225.0
2025-05-20,0.79993996698184,0.8009405172845065,0.8074440942518386,0.7979388663765071,2064706.0
2025-05-21,0.8014407924358398,0.8064435439491722,0.8094451948571716,0.7979388663765071,2451026.0
2025-05-22,0.8059432687978388,0.8134473960678373,0.8144479463705038,0.8029416178898394,3154287.92
2025-05-23,0.8149482215218371,0.8054429936465056,0.81694932212717,0.8044424433438392,3041729.98
2025-05-26,0.8049427184951724,0.7994396918305069,0.8074440942518386,0.7974385912251739,2952835.0
2025-05-27,0.8014407924358398,0.8039421681925059,0.8079443694031718,0.8004402421331733,2176844.0
2025-05-28,0.8044424433438392,0.8029416178898394,0.8074440942518386,0.7974385912251739,2056337.0
2025-05-29,0.8029416178898394,0.8024413427385063,0.8049427184951724,0.7984391415278403,2152336.0
2025-05-30,0.8014407924358398,0.8079443694031718,0.8094451948571716,0.8004402421331733,2323826.0
2025-06-03,0.8074440942518386,0.8219520736405024,0.8264545500025013,0.8064435439491722,3281772.16
2025-06-04,0.8219520736405024,0.8229526239431688,0.8259542748511682,0.8179498724298364,2231418.48
2025-06-05,0.821451798489169,0.81694932212717,0.8259542748511682,0.8164490469758366,2983354.24
2025-06-06,0.8179498724298364,0.8194506978838361,0.8234528990945019,0.8164490469758366,1754297.0
2025-06-09,0.8194506978838361,0.8219520736405024,0.8224523487918355,0.8134473960678373,2966406.0
2025-06-10,0.8194506978838361,0.8259542748511682,0.8339586772725,0.8194506978838361,3601576.0
2025-06-11,0.8244534493971685,0.8289559257591675,0.831957576667167,0.8239531742458353,2167349.0
2025-06-12,0.8294562009105008,0.831957576667167,0.8334584021211666,0.8254539996998349,2832639.26
2025-06-13,0.8309570263645005,0.8254539996998349,0.8339586772725,0.8224523487918355,4810479.31
2025-06-16,0.8239531742458353,0.8354595027264996,0.8354595027264996,0.8224523487918355,2205094.17
2025-06-17,0.8349592275751664,0.8334584021211666,0.8389614287858322,0.8324578518185002,2743735.8
2025-06-18,0.8339586772725,0.8419630796938317,0.8424633548451649,0.8324578518185002,2268498.73
2025-06-19,0.8404622542398319,0.8409625293911652,0.8434639051478313,0.8354595027264996,3100584.0
2025-06-20,0.8404622542398319,0.8504677572664966,0.8509680324178299,0.8389614287858322,3599713.0
2025-06-23,0.8489669318124969,0.8609735354444945,0.8634749112011607,0.8409625293911652,5196198.0
2025-06-24,0.8589724348391616,0.8634749112011607,0.8674771124118266,0.8544699584771625,4392472.88
2025-06-25,0.8619740857471611,0.8724798639251589,0.8744809645304918,0.8574716093851619,4561961.44
2025-06-26,0.8709790384711592,0.8814848166491571,0.8829856421031568,0.8674771124118266,5713355.24
2025-06-27,0.8804842663464906,0.8569713342338287,0.8859872930111561,0.8544699584771625,11279424.61
2025-06-30,0.8529691330231628,0.8559707839311622,0.8564710590824954,0.8469658312071641,6461599.87
2025-07-01,0.8549702336284958,0.8689779378658263,0.8709790384711592,0.8544699584771625,4068546.09
2025-07-02,0.8674771124118266,0.8734804142278253,0.8774826154384913,0.8669768372604933,4871960.41
2025-07-03,0.8714793136224924,0.8734804142278253,0.8784831657411577,0.8669768372604933,3763809.66
2025-07-04,0.8714793136224924,0.8889889439191555,0.8944919705838211,0.8709790384711592,4914427.6
2025-07-07,0.888,0.894,0.894,0.884,6708951.19
2025-07-08,0.893,0.891,0.896,0.884,7049190.67
2025-07-09,0.889,0.895,0.899,0.887,5392142.59
2025-07-10,0.894,0.906,0.911,0.893,9232436.63
2025-07-11,0.906,0.888,0.912,0.887,15847645.52
2025-07-14,0.888,0.895,0.903,0.887,9760280.29
2025-07-15,0.896,0.886,0.898,0.881,10071214.39
2025-07-16,0.884,0.882,0.886,0.873,12260518.85
2025-07-17,0.882,0.879,0.884,0.876,7467934.04
2025-07-18,0.88,0.883,0.887,0.877,9019601.0
2025-07-21,0.881,0.88,0.885,0.8750000000000001,10676581.07
2025-07-22,0.8750000000000001,0.867,0.877,0.861,18632838.76
2025-07-23,0.866,0.872,0.88,0.865,12364662.74
2025-07-24,0.872,0.859,0.873,0.858,15347036.3
2025-07-25,0.858,0.858,0.864,0.856,10971602.0
2025-07-28,0.856,0.86,0.866,0.856,9569530.99
2025-07-29,0.858,0.849,0.863,0.848,11911842.0
2025-07-30,0.849,0.854,0.86,0.846,14036608.26
2025-07-31,0.854,0.848,0.854,0.841,13866574.6
2025-08-01,0.85,0.853,0.855,0.842,11576569.07
2025-08-04,0.851,0.858,0.864,0.849,13871339.47
2025-08-05,0.857,0.871,0.873,0.856,13569783.57
2025-08-06,0.871,0.87,0.876,0.866,11503147.88
2025-08-07,0.869,0.874,0.8750000000000001,0.864,9299292.02
2025-08-08,0.874,0.87,0.878,0.869,7212369.0
2025-08-11,0.87,0.863,0.871,0.86,12028575.0
2025-08-12,0.862,0.865,0.87,0.861,9123797.48
2025-08-13,0.866,0.857,0.868,0.854,15814119.29
2025-08-14,0.856,0.856,0.86,0.854,9356992.17
2025-08-15,0.855,0.844,0.856,0.837,18940978.19
2025-08-18,0.841,0.846,0.847,0.836,11747591.32
2025-08-19,0.845,0.847,0.849,0.842,8538558.87
2025-08-20,0.847,0.851,0.856,0.843,10547932.22
2025-08-21,0.85,0.855,0.857,0.845,12817798.68
2025-08-22,0.854,0.852,0.855,0.846,13473719.78
2025-08-25,0.849,0.858,0.859,0.848,13957809.65
2025-08-26,0.856,0.853,0.86,0.852,7802510.22
2025-08-27,0.851,0.838,0.852,0.837,11935530.07
2025-08-28,0.837,0.842,0.845,0.831,11596393.89
2025-08-29,0.84,0.836,0.852,0.835,13503752.09
2025-09-01,0.834,0.826,0.839,0.825,14832895.88
2025-09-02,0.825,0.842,0.842,0.824,23232151.0
2025-09-03,0.84,0.83,0.843,0.827,13775528.23
2025-09-04,0.829,0.838,0.84,0.816,16711197.37
2025-09-05,0.834,0.83,0.835,0.826,13148957.34
2025-09-08,0.828,0.826,0.833,0.824,9797267.25
2025-09-09,0.825,0.832,0.833,0.824,11019761.74
2025-09-10,0.83,0.833,0.835,0.827,10234565.02
2025-09-11,0.831,0.837,0.838,0.827,14710756.58
2025-09-12,0.835,0.824,0.838,0.823,16555087.0
2025-09-15,0.823,0.816,0.825,0.814,17857381.99
2025-09-16,0.815,0.808,0.819,0.807,13866084.99
2025-09-17,0.808,0.805,0.812,0.804,11440007.73
2025-09-18,0.805,0.79,0.807,0.788,21772357.0
2025-09-19,0.79,0.792,0.794,0.782,15760735.0
2025-09-22,0.791,0.784,0.792,0.781,11395435.0
2025-09-23,0.781,0.794,0.798,0.778,24816714.0
2025-09-24,0.792,0.792,0.802,0.79,19211923.18
2025-09-25,0.792,0.788,0.793,0.783,12416381.0
2025-09-26,0.786,0.789,0.79,0.779,12694704.13
2025-09-29,0.786,0.786,0.793,0.78,15978499.47
2025-09-30,0.785,0.778,0.785,0.776,15797303.57
2025-10-09,0.776,0.777,0.778,0.77,16338793.62
2025-10-10,0.777,0.78,0.786,0.775,19777636.09
2025-10-13,0.78,0.787,0.791,0.772,27923742.01
2025-10-14,0.784,0.806,0.807,0.781,42157725.65
2025-10-15,0.806,0.81,0.812,0.802,28194127.76
2025-10-16,0.809,0.822,0.823,0.809,29555563.12
2025-10-17,0.82,0.821,0.83,0.816,35467440.55
2025-10-20,0.817,0.819,0.821,0.806,23317198.99
2025-10-21,0.817,0.822,0.824,0.816,15782254.58
2025-10-22,0.819,0.829,0.831,0.819,14389469.75
2025-10-23,0.829,0.834,0.841,0.825,25446471.98
2025-10-24,0.831,0.829,0.837,0.828,16902935.3
2025-10-27,0.826,0.83,0.836,0.821,23085187.13
2025-10-28,0.831,0.829,0.834,0.821,14252844.26
2025-10-29,0.827,0.813,0.827,0.81,26457110.63
2025-10-30,0.811,0.812,0.819,0.811,11832133.45
2025-10-31,0.813,0.813,0.815,0.807,14434340.13
2025-11-03,0.813,0.823,0.825,0.812,20905985.88
2025-11-04,0.823,0.84,0.84,0.822,18774173.0
2025-11-05,0.843,0.84,0.85,0.835,20804758.88
2025-11-06,0.835,0.836,0.841,0.831,12100395.38
2025-11-07,0.836,0.835,0.843,0.833,10253953.44
2025-11-10,0.832,0.839,0.84,0.829,10813137.86
2025-11-11,0.838,0.843,0.845,0.836,10164592.58
2025-11-12,0.844,0.848,0.854,0.844,12940806.0
2025-11-13,0.846,0.846,0.85,0.838,11973724.58
2025-11-14,0.846,0.849,0.857,0.846,12129796.69
2025-11-17,0.846,0.838,0.848,0.835,15398370.72
2025-11-18,0.835,0.834,0.839,0.832,13201289.92
2025-11-19,0.834,0.842,0.845,0.834,12130661.7
2025-11-20,0.84,0.849,0.858,0.838,17530972.26
2025-11-21,0.848,0.84,0.853,0.839,17240505.66
2025-11-24,0.839,0.835,0.843,0.833,13858074.0
2025-11-25,0.833,0.846,0.846,0.829,16552736.49
2025-11-26,0.846,0.839,0.85,0.837,12750135.51
2025-11-27,0.837,0.842,0.845,0.831,11907340.7
2025-11-28,0.841,0.836,0.842,0.834,12428895.34
2025-12-01,0.833,0.842,0.843,0.832,12876673.57
2025-12-02,0.842,0.841,0.846,0.836,6830049.41
2025-12-03,0.84,0.834,0.847,0.834,12518474.23
2025-12-04,0.834,0.831,0.836,0.829,9436494.17
2025-12-05,0.829,0.827,0.834,0.822,14238533.74
2025-12-08,0.826,0.827,0.83,0.823,11361829.01
2025-12-09,0.827,0.826,0.83,0.821,12854146.0
2025-12-10,0.825,0.814,0.827,0.81,15141751.63
2025-12-11,0.813,0.815,0.816,0.81,11211978.65
2025-12-12,0.814,0.813,0.815,0.809,13861429.5
2025-12-15,0.812,0.815,0.819,0.81,8026443.98
2025-12-16,0.814,0.81,0.817,0.807,8270896.0
2025-12-17,0.809,0.812,0.816,0.805,10783559.2
2025-12-18,0.81,0.827,0.828,0.809,13584448.17
2025-12-19,0.825,0.824,0.828,0.821,11371704.68
2025-12-22,0.823,0.819,0.823,0.818,7956348.61
2025-12-23,0.818,0.82,0.824,0.817,8515268.94
2025-12-24,0.821,0.82,0.823,0.815,8375676.0
2025-12-25,0.819,0.819,0.824,0.818,8879561.0
2025-12-26,0.818,0.816,0.82,0.815,6833172.0
2025-12-29,0.816,0.824,0.824,0.813,9215606.9
2025-12-30,0.822,0.824,0.826,0.818,7853903.2
2025-12-31,0.823,0.823,0.826,0.82,5960480.33
2026-01-05,0.823,0.82,0.828,0.818,7895136.97
2026-01-06,0.82,0.825,0.825,0.815,14265384.51
2026-01-07,0.824,0.819,0.827,0.818,9023343.0
2026-01-08,0.819,0.811,0.819,0.81,8353869.1
2026-01-09,0.811,0.808,0.813,0.806,8026129.0
2026-01-12,0.807,0.812,0.812,0.804,10743712.12
2026-01-13,0.811,0.815,0.821,0.811,9505859.94
2026-01-14,0.815,0.804,0.815,0.802,12211364.71
2026-01-15,0.802,0.795,0.803,0.794,11862717.19
2026-01-16,0.797,0.787,0.799,0.785,10439650.02
2026-01-19,0.786,0.784,0.789,0.781,7550713.85
2026-01-20,0.784,0.79,0.792,0.781,11157960.75
2026-01-21,0.79,0.778,0.794,0.776,11221681.94
2026-01-22,0.778,0.775,0.784,0.773,8861452.07
2026-01-23,0.775,0.767,0.778,0.765,10766111.35
2026-01-26,0.765,0.771,0.777,0.763,10547878.0
2026-01-27,0.771,0.77,0.78,0.768,12581025.15
2026-01-28,0.768,0.765,0.775,0.763,11818178.92
2026-01-29,0.764,0.778,0.779,0.76,12790424.71
2026-01-30,0.779,0.775,0.785,0.774,12999656.0
2026-02-02,0.774,0.776,0.786,0.773,17257747.15
2026-02-03,0.775,0.768,0.776,0.766,11529097.9
2026-02-04,0.767,0.779,0.78,0.767,9754997.19
2026-02-05,0.781,0.792,0.794,0.779,13591853.19
2026-02-06,0.791,0.79,0.796,0.785,10822725.99
2026-02-09,0.786,0.792,0.794,0.784,8746811.0
2026-02-10,0.792,0.794,0.797,0.791,5952401.0
2026-02-11,0.794,0.796,0.797,0.79,6515656.85
2026-02-12,0.796,0.784,0.796,0.783,7036575.93
2026-02-13,0.785,0.779,0.787,0.778,8898967.93
2026-02-24,0.78,0.777,0.784,0.777,6395644.0
2026-02-25,0.777,0.774,0.781,0.772,8076501.0
2026-02-26,0.773,0.772,0.778,0.769,7517842.51
2026-02-27,0.772,0.773,0.776,0.77,4618492.56
2026-03-02,0.771,0.777,0.779,0.767,8391069.41
2026-03-03,0.776,0.784,0.79,0.771,18507248.62
2026-03-04,0.781,0.775,0.782,0.77,10982024.92
2026-03-05,0.773,0.783,0.784,0.773,10171370.0
2026-03-06,0.781,0.784,0.786,0.779,6373336.87
2026-03-09,0.78,0.778,0.786,0.777,11006453.6
2026-03-10,0.777,0.779,0.781,0.774,6638839.12
2026-03-11,0.779,0.786,0.787,0.776,8802478.97
2026-03-12,0.785,0.793,0.793,0.784,8451275.16
2026-03-13,0.792,0.795,0.801,0.788,11364789.2
2026-03-16,0.795,0.797,0.802,0.793,9998725.13
2026-03-17,0.797,0.804,0.807,0.796,12743503.09
2026-03-18,0.804,0.802,0.806,0.798,12322624.53
2026-03-19,0.799,0.799,0.806,0.798,11092867.46
2026-03-20,0.798,0.797,0.805,0.796,9482237.99
2026-03-23,0.793,0.771,0.794,0.768,15343740.93
2026-03-24,0.773,0.787,0.788,0.773,12274581.74
2026-03-25,0.787,0.794,0.795,0.779,9664868.36
2026-03-26,0.79,0.796,0.799,0.79,8216343.1
2026-03-27,0.795,0.792,0.798,0.789,7990050.57
2026-03-30,0.789,0.795,0.798,0.786,10250802.7
2026-03-31,0.795,0.802,0.806,0.795,9962306.08
2026-04-01,0.803,0.802,0.809,0.799,8047538.14
2026-04-02,0.801,0.805,0.809,0.8,9625430.42
2026-04-03,0.806,0.797,0.806,0.795,6285286.39
2026-04-07,0.796,0.788,0.798,0.786,8942832.0
2026-04-08,0.79,0.794,0.795,0.784,11520314.59
2026-04-09,0.793,0.788,0.796,0.787,6250158.59
2026-04-10,0.788,0.787,0.789,0.786,8139513.0
2026-04-13,0.787,0.789,0.789,0.782,7395119.69
2026-04-14,0.787,0.794,0.795,0.786,7933022.19
2026-04-15,0.794,0.802,0.804,0.793,8290893.77
2026-04-16,0.802,0.801,0.808,0.798,7816561.25
2026-04-17,0.799,0.796,0.802,0.795,6380878.0
2026-04-20,0.796,0.805,0.805,0.794,7837479.5
2026-04-21,0.805,0.808,0.814,0.803,7960166.5
2026-04-22,0.808,0.802,0.809,0.8,6575247.0
2026-04-23,0.802,0.804,0.808,0.799,7636190.0
2026-04-24,0.804,0.803,0.807,0.8,6452956.0
2026-04-27,0.802,0.8,0.811,0.798,5785464.26
2026-04-28,0.798,0.803,0.803,0.797,7112420.8
2026-04-29,0.8,0.8,0.803,0.794,7695896.47
2026-04-30,0.798,0.795,0.8,0.792,10150845.42
2026-05-06,0.793,0.788,0.794,0.783,10567806.0
2026-05-07,0.787,0.784,0.789,0.784,7292740.26
2026-05-08,0.785,0.785,0.79,0.783,7698890.0
2026-05-11,0.784,0.785,0.785,0.779,9406005.76
2026-05-12,0.784,0.782,0.787,0.781,10565438.99
2026-05-13,0.782,0.78,0.785,0.779,9080197.97
2026-05-14,0.78,0.784,0.786,0.778,9626540.0
2026-05-15,0.782,0.779,0.786,0.777,9407285.0
2026-05-18,0.777,0.771,0.778,0.769,7938859.0
2026-05-19,0.771,0.775,0.781,0.77,6209133.0
2026-05-20,0.775,0.768,0.776,0.767,10053150.0
2026-05-21,0.768,0.771,0.774,0.765,10311750.0
2026-05-22,0.769,0.769,0.772,0.764,7501323.0
2026-05-25,0.767,0.767,0.773,0.765,5216473.07
2026-05-26,0.767,0.771,0.774,0.767,7136414.0
2026-05-27,0.77,0.767,0.773,0.766,6817533.0
2026-05-28,0.766,0.761,0.77,0.76,11289029.48
2026-05-29,0.76,0.776,0.779,0.757,11672376.0
2026-06-01,0.775,0.785,0.785,0.772,10470034.65
2026-06-02,0.784,0.79,0.795,0.783,10920030.17
2026-06-03,0.788,0.783,0.789,0.778,8585319.45
2026-06-04,0.782,0.774,0.786,0.772,5695286.58
2026-06-05,0.775,0.784,0.786,0.774,8765300.19
2026-06-08,0.786,0.789,0.793,0.78,11914830.18
2026-06-09,0.785,0.792,0.798,0.784,17928238.06
2026-06-10,0.792,0.806,0.807,0.792,15032324.49
2026-06-11,0.808,0.802,0.809,0.797,15307547.15
2026-06-12,0.797,0.814,0.816,0.794,15221494.03
2026-06-15,0.812,0.802,0.815,0.8,15501968.0
2026-06-16,0.8,0.792,0.802,0.79,10586862.0
2026-06-17,0.794,0.785,0.798,0.783,12399973.26
2026-06-18,0.785,0.766,0.785,0.764,18137100.0
2026-06-22,0.763,0.771,0.776,0.757,16598636.78
2026-06-23,0.769,0.778,0.786,0.769,12440688.6
2026-06-24,0.779,0.761,0.781,0.76,12409286.27
2026-06-25,0.757,0.753,0.765,0.752,12389226.24
2026-06-26,0.753,0.746,0.757,0.745,8951539.0
2026-06-29,0.745,0.75,0.753,0.731,12235335.0
2026-06-30,0.747,0.734,0.747,0.728,18072523.0
2026-07-01,0.732,0.737,0.74,0.728,11416374.0
2026-07-02,0.737,0.748,0.754,0.737,23445864.88
2026-07-03,0.744,0.747,0.753,0.738,10234474.88
2026-07-06,0.744,0.76,0.761,0.74,9878709.25
2026-07-07,0.759,0.759,0.763,0.751,16069100.61
2026-07-08,0.758,0.77,0.77,0.752,10262567.0
2026-07-09,0.764,0.761,0.766,0.758,10679433.0
2026-07-10,0.761,0.767,0.767,0.758,9640557.0
2026-07-13,0.764,0.779,0.781,0.762,15286525.0
2026-07-14,0.778,0.781,0.783,0.773,9956122.51
2026-07-15,0.775,0.79,0.792,0.773,20794656.57
2026-07-16,0.79,0.782,0.795,0.78,9342134.0
2026-07-17,0.784,0.789,0.794,0.783,24588320.0
2026-07-20,0.787,0.808,0.809,0.786,12381311.0
2026-07-21,0.808,0.79,0.815,0.789,19299347.0
2026-07-22,0.789,0.799,0.799,0.781,11915198.0
2026-07-23,0.797,0.803,0.805,0.795,14238102.0
2026-07-24,0.805,0.804,0.81,0.803,14502458.53
2026-07-27,0.807,0.805,0.811,0.801,8936742.17
2026-07-28,0.807,0.818,0.819,0.805,20026958.19
2026-07-29,0.819,0.819,0.826,0.818,16290968.39
2026-07-30,0.819,0.84,0.841,0.818,11737850.27
2026-07-31,0.826,0.836,0.836,0.81,18988516.93
