date,open,close,high,low,volume
2020-03-02,0.4148667721654335,0.4302638894829135,0.4311192848894402,0.4148667721654335,894356.98
2020-03-03,0.44865489072323683,0.43368547110902017,0.44865489072323683,0.4306915871861768,838680.0
2020-03-04,0.4328300757024935,0.4379624481416535,0.4379624481416535,0.4276977032633335,639424.98
2020-03-05,0.4392455412514435,0.4448056113938669,0.4465164022069202,0.4392455412514435,685694.0
2020-03-06,0.4413840297677602,0.4383901458449168,0.4413840297677602,0.43496856421881014,312080.0
2020-03-09,0.4289807963731235,0.4221376331209102,0.43197468029596686,0.42170993541764684,359843.0
2020-03-10,0.41700526068175015,0.4285530986698602,0.4289807963731235,0.4148667721654335,207078.0
2020-03-11,0.4298361917796501,0.4247038193404902,0.43154698259270347,0.42342072623070015,214776.0
2020-03-12,0.4187160514948035,0.4174329583850135,0.4204268423078568,0.4148667721654335,158741.98
2020-03-13,0.4037466318805868,0.4114451905393268,0.41443907446217015,0.4003250502544802,322338.0
2020-03-16,0.41058979513280014,0.4024635387707968,0.41529446986869684,0.40160814336427014,256522.0
2020-03-17,0.40331893417732345,0.4024635387707968,0.41058979513280014,0.3943372824087935,145329.0
2020-03-18,0.4003250502544802,0.3969034686283735,0.4067405158034301,0.3969034686283735,200870.0
2020-03-19,0.3977588640349002,0.3917710961892135,0.3977588640349002,0.3832171421239468,202535.0
2020-03-20,0.39262649159574015,0.3969034686283735,0.3969034686283735,0.39006030537616015,216906.0
2020-03-23,0.3930541892990035,0.3866387237500535,0.3930541892990035,0.3849279329370002,196762.0
2020-03-24,0.38834951456310685,0.3969034686283735,0.39733116633163684,0.38834951456310685,202934.0
2020-03-25,0.3969034686283735,0.4011804456610068,0.40417432958385013,0.3969034686283735,200649.0
2020-03-26,0.39733116633163684,0.39733116633163684,0.39989735255121683,0.39647577092511016,181719.0
2020-03-27,0.40160814336427014,0.3981865617381635,0.40160814336427014,0.3977588640349002,147593.0
2020-03-30,0.3981865617381635,0.39733116633163684,0.3994696548479535,0.3930541892990035,171305.0
2020-03-31,0.3981865617381635,0.39562037551858353,0.39989735255121683,0.3951926778153202,137123.0
2020-04-01,0.39562037551858353,0.3930541892990035,0.3981865617381635,0.3930541892990035,203850.0
2020-04-02,0.3913433984859502,0.4007527479577435,0.4007527479577435,0.3913433984859502,168579.0
2020-04-03,0.4007527479577435,0.39562037551858353,0.4007527479577435,0.3951926778153202,152880.0
2020-04-07,0.3981865617381635,0.4020358410675335,0.4024635387707968,0.3981865617381635,182277.0
2020-04-08,0.4007527479577435,0.4037466318805868,0.40545742269364016,0.39861425944142687,165386.0
2020-04-09,0.4063128181001668,0.4024635387707968,0.4063128181001668,0.40160814336427014,166484.0
2020-04-10,0.40289123647406017,0.3977588640349002,0.40289123647406017,0.3969034686283735,245683.0
2020-04-13,0.3977588640349002,0.3960480732218468,0.3977588640349002,0.39476498011205685,125643.0
2020-04-14,0.39390958470553017,0.40160814336427014,0.40160814336427014,0.39390958470553017,173832.0
2020-04-15,0.4024635387707968,0.3977588640349002,0.4024635387707968,0.39647577092511016,146873.0
2020-04-16,0.39562037551858353,0.3969034686283735,0.39861425944142687,0.39562037551858353,143557.0
2020-04-17,0.3977588640349002,0.3977588640349002,0.39989735255121683,0.3969034686283735,174424.0
2020-04-20,0.3981865617381635,0.39861425944142687,0.39861425944142687,0.39647577092511016,127829.0
2020-04-21,0.39733116633163684,0.3904880030794235,0.39733116633163684,0.38834951456310685,156049.0
2020-04-22,0.3866387237500535,0.39262649159574015,0.39390958470553017,0.3866387237500535,214724.0
2020-04-23,0.39262649159574015,0.3904880030794235,0.39262649159574015,0.39006030537616015,164187.0
2020-04-24,0.3904880030794235,0.39219879389247686,0.39476498011205685,0.3904880030794235,225968.0
2020-04-27,0.3913433984859502,0.39006030537616015,0.3930541892990035,0.38920490996963353,228588.0
2020-04-28,0.38920490996963353,0.3832171421239468,0.38920490996963353,0.3768016765749968,217293.0
2020-04-29,0.3806509559043668,0.3849279329370002,0.38749411915658016,0.3806509559043668,266984.0
2020-04-30,0.3849279329370002,0.39348188700226683,0.39348188700226683,0.3849279329370002,231458.0
2020-05-06,0.38749411915658016,0.39348188700226683,0.3943372824087935,0.38749411915658016,231926.0
2020-05-07,0.39348188700226683,0.3904880030794235,0.39348188700226683,0.38920490996963353,194428.0
2020-05-08,0.3917710961892135,0.3943372824087935,0.3943372824087935,0.39091570078268684,345073.0
2020-05-11,0.39390958470553017,0.39476498011205685,0.39647577092511016,0.39348188700226683,265800.0
2020-05-12,0.39390958470553017,0.39262649159574015,0.39476498011205685,0.3904880030794235,225596.0
2020-05-13,0.39219879389247686,0.3930541892990035,0.3930541892990035,0.3887772122663702,191928.0
2020-05-14,0.39219879389247686,0.3887772122663702,0.39219879389247686,0.38834951456310685,189633.0
2020-05-15,0.3887772122663702,0.3896326076728968,0.39091570078268684,0.3887772122663702,169381.0
2020-05-18,0.3896326076728968,0.3917710961892135,0.3930541892990035,0.38834951456310685,224705.0
2020-05-19,0.39647577092511016,0.39647577092511016,0.39733116633163684,0.3951926778153202,204218.0
2020-05-20,0.39647577092511016,0.39348188700226683,0.39733116633163684,0.39262649159574015,189187.0
2020-05-21,0.39348188700226683,0.39262649159574015,0.3951926778153202,0.3917710961892135,159048.0
2020-05-22,0.3917710961892135,0.38578332834352685,0.3917710961892135,0.3849279329370002,229229.0
2020-05-25,0.3866387237500535,0.39006030537616015,0.3917710961892135,0.3853556306402635,206539.0
2020-05-26,0.3896326076728968,0.39262649159574015,0.39262649159574015,0.38749411915658016,190999.0
2020-05-27,0.3904880030794235,0.3977588640349002,0.3981865617381635,0.3904880030794235,240761.0
2020-05-28,0.3981865617381635,0.3960480732218468,0.3981865617381635,0.39262649159574015,166482.0
2020-05-29,0.3943372824087935,0.3930541892990035,0.3951926778153202,0.39262649159574015,171881.0
2020-06-01,0.3930541892990035,0.39861425944142687,0.3990419571446902,0.3930541892990035,208600.0
2020-06-02,0.3990419571446902,0.4003250502544802,0.4003250502544802,0.39733116633163684,237294.0
2020-06-03,0.40417432958385013,0.3990419571446902,0.40417432958385013,0.3990419571446902,147663.0
2020-06-04,0.3990419571446902,0.3977588640349002,0.39989735255121683,0.3969034686283735,269153.1
2020-06-05,0.3994696548479535,0.3981865617381635,0.39989735255121683,0.3951926778153202,251734.0
2020-06-08,0.3981865617381635,0.4007527479577435,0.4011804456610068,0.3981865617381635,257344.0
2020-06-09,0.4003250502544802,0.4024635387707968,0.4024635387707968,0.3994696548479535,274605.0
2020-06-10,0.4020358410675335,0.39989735255121683,0.4020358410675335,0.3990419571446902,266865.0
2020-06-11,0.4007527479577435,0.3977588640349002,0.40160814336427014,0.39647577092511016,287558.0
2020-06-12,0.3849279329370002,0.39476498011205685,0.39562037551858353,0.3849279329370002,262669.0
2020-06-15,0.39476498011205685,0.39219879389247686,0.39562037551858353,0.39091570078268684,277960.0
2020-06-16,0.3943372824087935,0.3977588640349002,0.3990419571446902,0.39262649159574015,238012.0
2020-06-17,0.3977588640349002,0.4007527479577435,0.4024635387707968,0.39733116633163684,269166.0
2020-06-18,0.40160814336427014,0.4165775629784868,0.41700526068175015,0.3994696548479535,623200.0
2020-06-19,0.4157221675719602,0.41315598135238013,0.4157221675719602,0.4110174928360635,439931.0
2020-06-22,0.41443907446217015,0.40930670202301017,0.41443907446217015,0.4084513066164835,397175.0
2020-06-23,0.4101620974295368,0.40930670202301017,0.4101620974295368,0.40716821350669347,308847.0
2020-06-24,0.4084513066164835,0.4084513066164835,0.41058979513280014,0.4075959112099568,308988.0
2020-06-29,0.40802360891322015,0.4024635387707968,0.40802360891322015,0.40160814336427014,253476.0
2020-06-30,0.4037466318805868,0.4063128181001668,0.40716821350669347,0.4037466318805868,287782.0
2020-07-01,0.4067405158034301,0.41315598135238013,0.41315598135238013,0.4058851203969035,332356.0
2020-07-02,0.4140113767589068,0.42727000556007017,0.4276977032633335,0.41272828364911684,573045.0
2020-07-03,0.4294084940763868,0.4516487746460802,0.4516487746460802,0.4276977032633335,926605.1
2020-07-06,0.46191351952440024,0.4914246610495702,0.4965570334887302,0.4576365424917669,1839104.0
2020-07-07,0.5170865232453702,0.4708951712929302,0.5175142209486335,0.46619049655703354,2124259.0
2020-07-08,0.46405200804071683,0.47987682306146023,0.4832984046875668,0.4623412172276635,1432016.15
2020-07-09,0.4807322184679869,0.4974124288952569,0.5029724990376802,0.4713228689961936,2173710.0
2020-07-10,0.4944185449724135,0.47645524143535356,0.4944185449724135,0.4726059621059835,1138430.0
2020-07-13,0.47175056669945686,0.48586459090714684,0.48843077712672683,0.4691843804798768,1463985.0
2020-07-14,0.48586459090714684,0.4918523587528335,0.4969847311919935,0.4755998460288269,1252946.0
2020-07-15,0.49228005645609685,0.47431675291903685,0.4957016380822035,0.4726059621059835,728029.0
2020-07-16,0.47517214832556354,0.4576365424917669,0.4803045207647235,0.4550703562721869,594535.0
2020-07-17,0.45891963560155685,0.4554980539754502,0.46447970574398023,0.4512210769428168,504481.0
2020-07-20,0.4576365424917669,0.4811599161712502,0.4828707069843035,0.4567811470852402,1019621.0
2020-07-21,0.47902142765493355,0.47474445062230025,0.4845814977973569,0.4721782644027202,438455.0
2020-07-22,0.47944912535819684,0.47431675291903685,0.4820153115777769,0.4726059621059835,622760.0
2020-07-23,0.4696120781831402,0.4708951712929302,0.4734613575125102,0.4602027287113469,487944.0
2020-07-24,0.46619049655703354,0.45891963560155685,0.47773833454514353,0.4554980539754502,741148.0
2020-07-27,0.4593473333048202,0.4597750310080835,0.4623412172276635,0.4520764723493435,511778.0
2020-07-28,0.4623412172276635,0.46362431033745355,0.4713228689961936,0.4597750310080835,467956.0
2020-07-29,0.45891963560155685,0.4700397758864035,0.4704674735896669,0.4572088447885035,526376.0
2020-07-30,0.4708951712929302,0.46875668277661353,0.4755998460288269,0.4670458919635602,566777.0
2020-07-31,0.46619049655703354,0.4683289850733502,0.47175056669945686,0.46191351952440024,506720.0
2020-08-03,0.46875668277661353,0.47645524143535356,0.47688293913861685,0.46875668277661353,658171.99
2020-08-04,0.47731063684188024,0.47388905521577357,0.47731063684188024,0.4704674735896669,417718.0
2020-08-05,0.4755998460288269,0.4696120781831402,0.4755998460288269,0.46405200804071683,460676.0
2020-08-06,0.4704674735896669,0.4713228689961936,0.4721782644027202,0.4649074034472435,505376.0
2020-08-07,0.4708951712929302,0.46276891493092687,0.4713228689961936,0.45891963560155685,533359.0
2020-08-10,0.46191351952440024,0.4657627988537702,0.4679012873700869,0.4597750310080835,371682.0
2020-08-11,0.4670458919635602,0.4602027287113469,0.4691843804798768,0.4593473333048202,444681.0
2020-08-12,0.4593473333048202,0.46319661263419015,0.46362431033745355,0.4542149608656602,419361.0
2020-08-13,0.46319661263419015,0.4691843804798768,0.4730336598092469,0.46319661263419015,429835.99
2020-08-14,0.46875668277661353,0.4708951712929302,0.4713228689961936,0.46405200804071683,312535.99
2020-08-17,0.4700397758864035,0.4832984046875668,0.4832984046875668,0.46875668277661353,619577.0
2020-08-18,0.48757538172020015,0.48971387023651686,0.4952739403789402,0.4815876138745135,828828.0
2020-08-19,0.48800307942346355,0.4909969633463068,0.49784012659852017,0.4845814977973569,733055.15
2020-08-20,0.4892861725332535,0.4828707069843035,0.4918523587528335,0.47987682306146023,477151.0
2020-08-21,0.4828707069843035,0.48244300928104017,0.48586459090714684,0.47944912535819684,465889.0
2020-08-24,0.48244300928104017,0.4815876138745135,0.48543689320388356,0.47902142765493355,563132.15
2020-08-25,0.4815876138745135,0.47645524143535356,0.4841538000940935,0.47602754373209016,276968.0
2020-08-26,0.47645524143535356,0.47175056669945686,0.47773833454514353,0.4708951712929302,316959.0
2020-08-27,0.4730336598092469,0.4755998460288269,0.47602754373209016,0.4721782644027202,269475.0
2020-08-28,0.47431675291903685,0.4811599161712502,0.4815876138745135,0.4726059621059835,476465.0
2020-08-31,0.4811599161712502,0.4807322184679869,0.48757538172020015,0.4803045207647235,373924.0
2020-09-01,0.47902142765493355,0.4837261023908302,0.4841538000940935,0.4785937299516702,384625.0
2020-09-02,0.4841538000940935,0.4807322184679869,0.48500919550062016,0.47688293913861685,347184.0
2020-09-03,0.47987682306146023,0.4862922886104102,0.4918523587528335,0.47944912535819684,470046.0
2020-09-04,0.47773833454514353,0.4811599161712502,0.4832984046875668,0.4755998460288269,280179.0
2020-09-07,0.4803045207647235,0.4781660322484069,0.4862922886104102,0.47688293913861685,289483.0
2020-09-08,0.4781660322484069,0.4957016380822035,0.4961293357854668,0.47688293913861685,646506.0
2020-09-09,0.4918523587528335,0.49228005645609685,0.5025448013344169,0.48757538172020015,735140.0
2020-09-10,0.4952739403789402,0.4837261023908302,0.5008340105213636,0.48244300928104017,528445.0
2020-09-11,0.47517214832556354,0.4803045207647235,0.4837261023908302,0.47517214832556354,294591.0
2020-09-14,0.47987682306146023,0.4781660322484069,0.4820153115777769,0.47602754373209016,281279.0
2020-09-15,0.47902142765493355,0.47944912535819684,0.4803045207647235,0.47517214832556354,242990.0
2020-09-16,0.47902142765493355,0.4803045207647235,0.4832984046875668,0.4755998460288269,350799.0
2020-09-17,0.4807322184679869,0.47902142765493355,0.4837261023908302,0.47773833454514353,331634.0
2020-09-18,0.47902142765493355,0.49826782430178357,0.5008340105213636,0.47902142765493355,743927.0
2020-09-21,0.5081048714768401,0.49869552200504685,0.5081048714768401,0.4948462426756769,611015.0
2020-09-22,0.49313545186262353,0.48586459090714684,0.4961293357854668,0.4837261023908302,471996.0
2020-09-23,0.48543689320388356,0.48244300928104017,0.4888584748299902,0.4807322184679869,441307.0
2020-09-24,0.4815876138745135,0.4700397758864035,0.4815876138745135,0.4696120781831402,448661.0
2020-09-25,0.4704674735896669,0.47431675291903685,0.47773833454514353,0.4704674735896669,489731.0
2020-09-28,0.47688293913861685,0.4845814977973569,0.48843077712672683,0.47688293913861685,538870.0
2020-09-29,0.48671998631367347,0.47987682306146023,0.48671998631367347,0.47902142765493355,604133.0
2020-09-30,0.47987682306146023,0.4704674735896669,0.4811599161712502,0.46875668277661353,518428.0
2020-10-09,0.47474445062230025,0.4828707069843035,0.48714768401693687,0.47474445062230025,607687.0
2020-10-12,0.48543689320388356,0.4935631495658868,0.4935631495658868,0.4832984046875668,581289.0
2020-10-13,0.4952739403789402,0.4965570334887302,0.49869552200504685,0.4909969633463068,570133.0
2020-10-14,0.49784012659852017,0.4909969633463068,0.49869552200504685,0.4892861725332535,440576.0
2020-10-15,0.49014156793978014,0.5004063128181002,0.5115264531029469,0.48971387023651686,953995.0
2020-10-16,0.5008340105213636,0.5110987553996835,0.5162311278388436,0.4961293357854668,1206939.0
2020-10-19,0.5115264531029469,0.49784012659852017,0.5115264531029469,0.4974124288952569,660815.0
2020-10-20,0.4961293357854668,0.4969847311919935,0.49826782430178357,0.4918523587528335,419528.0
2020-10-21,0.4974124288952569,0.4914246610495702,0.4991232197083102,0.4892861725332535,455021.0
2020-10-22,0.48843077712672683,0.48971387023651686,0.4944185449724135,0.48714768401693687,444100.0
2020-10-23,0.4892861725332535,0.4841538000940935,0.4909969633463068,0.48244300928104017,438253.0
2020-10-26,0.4811599161712502,0.4803045207647235,0.48244300928104017,0.47645524143535356,451017.0
2020-10-27,0.47688293913861685,0.47944912535819684,0.47987682306146023,0.4755998460288269,434457.0
2020-10-28,0.4785937299516702,0.47987682306146023,0.4811599161712502,0.4734613575125102,426991.0
2020-10-29,0.47474445062230025,0.47517214832556354,0.47602754373209016,0.4708951712929302,459783.0
2020-10-30,0.47388905521577357,0.4708951712929302,0.4815876138745135,0.4691843804798768,620409.0
2020-11-02,0.4708951712929302,0.47731063684188024,0.4785937299516702,0.4708951712929302,521855.0
2020-11-03,0.4781660322484069,0.48586459090714684,0.48714768401693687,0.47773833454514353,546721.0
2020-11-04,0.4841538000940935,0.49270775415936013,0.4939908472691502,0.4841538000940935,717665.0
2020-11-05,0.49228005645609685,0.4939908472691502,0.4948462426756769,0.4892861725332535,513936.0
2020-11-06,0.4935631495658868,0.4969847311919935,0.4999786151148369,0.4909969633463068,717494.0
2020-11-09,0.49826782430178357,0.5085325691801036,0.5102433599931568,0.49826782430178357,946253.0
2020-11-10,0.5132372439160002,0.5034001967409436,0.5132372439160002,0.5008340105213636,550370.01
2020-11-11,0.5038278944442068,0.5140926393225268,0.5217911979812668,0.49784012659852017,1205242.99
2020-11-12,0.5115264531029469,0.5098156622898935,0.5128095462127369,0.5051109875539969,592237.0
2020-11-13,0.5063940806637869,0.5051109875539969,0.5089602668833668,0.5012617082246268,441336.0
2020-11-16,0.5063940806637869,0.5260681750139002,0.5264958727171636,0.5063940806637869,1007868.0
2020-11-17,0.5247850819041102,0.5192250117616869,0.5316282451563236,0.5158034301355802,1226977.0
2020-11-18,0.5175142209486335,0.5213635002780036,0.5243573842008469,0.5119541508062102,819531.0
2020-11-19,0.5179419186518969,0.5158034301355802,0.5256404773106369,0.5110987553996835,587599.0
2020-11-20,0.5132372439160002,0.5286343612334802,0.5290620589367436,0.5098156622898935,933782.0
2020-11-23,0.5316282451563236,0.5594285958684403,0.5666994568239169,0.5316282451563236,1433375.0
2020-11-24,0.5581455027586502,0.5611393866814935,0.565416363714127,0.5478807578803302,1507678.0
2020-11-25,0.5637055729010736,0.5521577349129635,0.5718318292630769,0.5513023395064368,1126064.0
2020-11-26,0.5474530601770669,0.5513023395064368,0.5560070142423336,0.5465976647705403,783938.0
2020-11-27,0.5504469440999102,0.5547239211325435,0.5564347119455969,0.5380437107052736,883559.0
2020-11-30,0.5530131303194902,0.5547239211325435,0.5696933407467603,0.5508746418031736,972997.0
2020-12-01,0.5530131303194902,0.5611393866814935,0.5624224797912836,0.5495915486933836,777490.0
2020-12-02,0.5611393866814935,0.5701210384500236,0.5714041315598136,0.5577178050553869,945034.0
2020-12-03,0.5662717591206536,0.5487361532868569,0.5662717591206536,0.5474530601770669,847061.0
2020-12-04,0.5448868739574869,0.5440314785509602,0.5453145716607501,0.5359052221889569,1103007.0
2020-12-07,0.5448868739574869,0.5380437107052736,0.5517300372097003,0.5376160130020101,655231.0
2020-12-08,0.5371883152987469,0.5380437107052736,0.5427483854411702,0.5333390359693769,661121.0
2020-12-09,0.5406098969248535,0.5500192463966469,0.5594285958684403,0.5406098969248535,1401708.0
2020-12-10,0.5521577349129635,0.5487361532868569,0.5568624096488602,0.5453145716607501,895159.0
2020-12-11,0.5572901073521235,0.5504469440999102,0.5662717591206536,0.5427483854411702,1038685.0
2020-12-14,0.5346221290791668,0.5179419186518969,0.5427483854411702,0.5136649416192636,1024538.0
2020-12-15,0.5162311278388436,0.5162311278388436,0.5175142209486335,0.5085325691801036,812155.0
2020-12-16,0.5158034301355802,0.5115264531029469,0.5226465933877935,0.5106710576964202,850991.0
2020-12-17,0.5098156622898935,0.5286343612334802,0.5290620589367436,0.5051109875539969,1285321.0
2020-12-18,0.5367606175954835,0.5602839912749669,0.5637055729010736,0.5367606175954835,1671089.0
2020-12-21,0.565416363714127,0.5662717591206536,0.5688379453402336,0.5534408280227535,1207999.0
2020-12-22,0.5577178050553869,0.5350498267824302,0.5641332706043368,0.5337667336726402,936864.0
2020-12-23,0.5307728497497969,0.5487361532868569,0.5542962234292802,0.5303451520465335,863402.0
2020-12-24,0.5513023395064368,0.5555793165390702,0.5581455027586502,0.5397545015183269,801829.0
2020-12-25,0.5521577349129635,0.5705487361532869,0.5756811085924469,0.5453145716607501,1069557.0
2020-12-28,0.5739703177793936,0.5778195971087635,0.5842350626577136,0.5688379453402336,881079.0
2020-12-29,0.5756811085924469,0.5534408280227535,0.5756811085924469,0.5500192463966469,788063.0
2020-12-30,0.5491638509901202,0.5658440614173902,0.5756811085924469,0.5457422693640136,892422.0
2020-12-31,0.5628501774945469,0.5615670843847569,0.5692656430434969,0.5547239211325435,839991.0
2021-01-04,0.5564347119455969,0.5748257131859202,0.5756811085924469,0.5521577349129635,1059101.0
2021-01-05,0.5786749925152902,0.5590008981651768,0.5786749925152902,0.5487361532868569,1305537.0
2021-01-06,0.5590008981651768,0.5534408280227535,0.5666994568239169,0.5474530601770669,1119217.0
2021-01-07,0.5542962234292802,0.5632778751978103,0.5735426200761302,0.5513023395064368,1991071.0
2021-01-08,0.5632778751978103,0.5598562935717035,0.5692656430434969,0.552585432616227,1192960.0
2021-01-11,0.5560070142423336,0.5341944313759036,0.5560070142423336,0.5324836405628502,1102650.0
2021-01-12,0.5312005474530602,0.5410375946281168,0.5414652923313802,0.5303451520465335,930067.0
2021-01-13,0.5397545015183269,0.5406098969248535,0.5478807578803302,0.5320559428595869,1106247.0
2021-01-14,0.5363329198922202,0.5269235704204269,0.5388991061118003,0.5264958727171636,830655.0
2021-01-15,0.5307728497497969,0.5393268038150635,0.5401821992215902,0.5299174543432702,1191579.0
2021-01-18,0.5363329198922202,0.5487361532868569,0.5508746418031736,0.5337667336726402,1037459.0
2021-01-19,0.5474530601770669,0.5478807578803302,0.5611393866814935,0.5440314785509602,986951.0
2021-01-20,0.5474530601770669,0.5470253624738035,0.5495915486933836,0.5384714084085368,694313.0
2021-01-21,0.5448868739574869,0.5624224797912836,0.565416363714127,0.5448868739574869,1209425.0
2021-01-22,0.5598562935717035,0.5495915486933836,0.5619947820880202,0.5465976647705403,673621.0
2021-01-25,0.5474530601770669,0.5444591762542235,0.5491638509901202,0.5380437107052736,749099.0
2021-01-26,0.5431760831444336,0.5530131303194902,0.5598562935717035,0.5427483854411702,976275.0
2021-01-27,0.5530131303194902,0.5517300372097003,0.5632778751978103,0.5470253624738035,690236.0
2021-01-28,0.5431760831444336,0.5350498267824302,0.5474530601770669,0.5329113382661136,486377.0
2021-01-29,0.5324836405628502,0.5196527094649502,0.5401821992215902,0.5140926393225268,510219.0
2021-02-01,0.5200804071682136,0.5337667336726402,0.5346221290791668,0.5149480347290535,468962.0
2021-02-02,0.5346221290791668,0.5252127796073736,0.5350498267824302,0.5187973140584236,668435.36
2021-02-03,0.5222188956845303,0.5222188956845303,0.528206663530217,0.5175142209486335,509112.0
2021-02-04,0.5192250117616869,0.5226465933877935,0.5324836405628502,0.5132372439160002,554057.0
2021-02-05,0.5226465933877935,0.5034001967409436,0.5239296864975835,0.5025448013344169,460728.0
2021-02-08,0.5016894059278902,0.5162311278388436,0.5183696163551602,0.5008340105213636,427227.0
2021-02-09,0.5175142209486335,0.5299174543432702,0.5312005474530602,0.5145203370257903,475463.0
2021-02-10,0.5320559428595869,0.5260681750139002,0.5320559428595869,0.5200804071682136,400537.0
2021-02-18,0.5354775244856935,0.5645609683076003,0.5658440614173902,0.5354775244856935,883580.0
2021-02-19,0.5564347119455969,0.5799580856250802,0.5816688764381336,0.5534408280227535,850961.0
2021-02-22,0.5795303879218169,0.5923613190197169,0.6188785766220436,0.5786749925152902,1052434.0
2021-02-23,0.5803857833283436,0.5701210384500236,0.5838073649544502,0.5666994568239169,903452.0
2021-02-24,0.5675548522304436,0.5662717591206536,0.5795303879218169,0.5577178050553869,755612.85
2021-02-25,0.5709764338565502,0.5666994568239169,0.5795303879218169,0.5637055729010736,625784.15
2021-02-26,0.5538685257260169,0.5465976647705403,0.5581455027586502,0.5431760831444336,588977.0
2021-03-01,0.5478807578803302,0.5607116889782302,0.5611393866814935,0.5474530601770669,478400.0
2021-03-02,0.5598562935717035,0.5688379453402336,0.5812411787348702,0.5598562935717035,592464.0
2021-03-03,0.5688379453402336,0.5992044822719302,0.6021983661947735,0.5619947820880202,839642.0
2021-03-04,0.5872289465805569,0.5893674350968735,0.5932167144262436,0.5812411787348702,862494.0
2021-03-05,0.5808134810316069,0.5765365039989736,0.5838073649544502,0.5714041315598136,578245.0
2021-03-08,0.5803857833283436,0.5739703177793936,0.5902228305034002,0.5735426200761302,673795.0
2021-03-09,0.5688379453402336,0.5666994568239169,0.5799580856250802,0.5504469440999102,666055.88
2021-03-10,0.5662717591206536,0.5739703177793936,0.5791026902185537,0.5645609683076003,578591.0
2021-03-11,0.5731149223728669,0.5863735511740302,0.5885120396903468,0.5675548522304436,728451.0
2021-03-12,0.585945853470767,0.5944998075360335,0.6064753432274069,0.5791026902185537,980204.0
2021-03-15,0.5880843419870836,0.6073307386339335,0.6090415294469869,0.5868012488772936,1001654.12
2021-03-16,0.5987767845686669,0.5923613190197169,0.6030537616013002,0.5812411787348702,707585.0
2021-03-17,0.5910782259099269,0.5957829006458236,0.5962105983490869,0.5773918994055003,883034.0
2021-03-18,0.5936444121295069,0.5885120396903468,0.5944998075360335,0.5863735511740302,669295.93
2021-03-19,0.5812411787348702,0.5812411787348702,0.5979213891621402,0.5773918994055003,685090.0
2021-03-22,0.5778195971087635,0.5863735511740302,0.5889397373936103,0.5765365039989736,690616.0
2021-03-23,0.5850904580642403,0.5628501774945469,0.5863735511740302,0.5594285958684403,665987.0
2021-03-24,0.5568624096488602,0.5513023395064368,0.5615670843847569,0.5461699670672768,598931.12
2021-03-25,0.5457422693640136,0.5632778751978103,0.5684102476369702,0.5457422693640136,570643.17
2021-03-26,0.5632778751978103,0.5645609683076003,0.565416363714127,0.5474530601770669,519153.17
2021-03-29,0.5748257131859202,0.5906505282066635,0.5966382960523502,0.5739703177793936,761126.0
2021-03-30,0.5868012488772936,0.5825242718446603,0.5868012488772936,0.5743980154826569,732460.0
2021-03-31,0.5791026902185537,0.5803857833283436,0.5855181557675035,0.5761088062957103,495109.0
2021-04-01,0.5799580856250802,0.5825242718446603,0.5850904580642403,0.5705487361532869,698971.0
2021-04-02,0.5808134810316069,0.5761088062957103,0.5825242718446603,0.5735426200761302,585873.0
2021-04-06,0.5765365039989736,0.5812411787348702,0.5850904580642403,0.5752534108891836,750760.0
2021-04-07,0.5812411787348702,0.5919336213164536,0.5923613190197169,0.578247294812027,779042.0
2021-04-08,0.5962105983490869,0.5923613190197169,0.6039091570078269,0.585945853470767,1114212.0
2021-04-09,0.589795132800137,0.6043368547110902,0.6069030409306703,0.585945853470767,930193.0
2021-04-12,0.6030537616013002,0.6000598776784569,0.6103246225567769,0.5970659937556135,696473.0
2021-04-13,0.5970659937556135,0.585945853470767,0.5983490868654036,0.5816688764381336,560213.0
2021-04-14,0.5838073649544502,0.5906505282066635,0.5936444121295069,0.5812411787348702,596956.0
2021-04-15,0.5906505282066635,0.5966382960523502,0.5987767845686669,0.5855181557675035,789265.0
2021-04-16,0.5974936914588769,0.6141739018861468,0.6210170651383602,0.5936444121295069,903979.0
2021-04-19,0.6146015995894103,0.6227278559514136,0.633420298532997,0.6146015995894103,694870.0
2021-04-20,0.6141739018861468,0.6197339720285703,0.6235832513579402,0.6141739018861468,722849.0
2021-04-21,0.6146015995894103,0.6175954835122536,0.6201616697318335,0.6081861340404602,571155.0
2021-04-22,0.6201616697318335,0.6231555536546769,0.6312818100166803,0.6201616697318335,716558.0
2021-04-23,0.6188785766220436,0.6158846926992002,0.6210170651383602,0.6090415294469869,619547.0
2021-04-26,0.6180231812155169,0.6287156237971002,0.6312818100166803,0.6163123904024636,916501.0
2021-04-27,0.6252940421709936,0.6180231812155169,0.6299987169068902,0.6056199478208802,582299.0
2021-04-28,0.6150292972926735,0.6389803686754203,0.6432573457080536,0.6094692271502503,1069067.0
2021-04-29,0.6381249732688936,0.6458235319276336,0.6475343227406869,0.628287926093837,758172.0
2021-04-30,0.6415465548950002,0.6252940421709936,0.6415465548950002,0.6214447628416236,664666.0
2021-05-06,0.6312818100166803,0.6586544630255337,0.6625037423549036,0.6312818100166803,779876.0
2021-05-07,0.6599375561353236,0.6894486976604937,0.6958641632094437,0.6590821607287969,774863.51
2021-05-10,0.6984303494290236,0.7313630725803003,0.736067747316197,0.6962918609127069,1091434.99
2021-05-11,0.7057012103845003,0.7027073264616569,0.712972071339977,0.6770454642658569,1552265.0
2021-05-12,0.6962918609127069,0.7104058851203969,0.7210983277019802,0.6962918609127069,1206889.0
2021-05-13,0.6962918609127069,0.6744792780462769,0.6992857448355503,0.6714853941234337,1012830.0
2021-05-14,0.670629998716907,0.6667807193875369,0.6851717206278604,0.6586544630255337,825557.0
2021-05-17,0.6646422308712203,0.6663530216842736,0.675762371156067,0.6603652538385869,1039333.0
2021-05-18,0.670629998716907,0.6697746033103803,0.6749069757495403,0.665497626277747,874270.0
2021-05-19,0.6637868354646936,0.6548051836961636,0.665497626277747,0.6513836020700569,881258.0
2021-05-20,0.6274325306873103,0.6295710192036269,0.6317095077199436,0.615456994995937,1148069.0
2021-05-21,0.6240109490612036,0.6398357640819469,0.6462512296308969,0.6240109490612036,1160200.0
2021-05-24,0.6364141824558402,0.6389803686754203,0.6479620204439502,0.6342756939395237,731194.0
2021-05-25,0.6398357640819469,0.6501005089602669,0.6535220905863736,0.6278602283905735,941389.0
2021-05-26,0.6436850434113168,0.6488174158504769,0.6569436722124803,0.6415465548950002,742038.0
2021-05-27,0.652666695179847,0.6607929515418502,0.6667807193875369,0.6509559043667936,801453.0
2021-05-28,0.6672084170908003,0.6543774859929002,0.6719130918266969,0.6505282066635302,671858.0
2021-05-31,0.657799067619007,0.6582267653222702,0.6612206492451136,0.6513836020700569,662280.0
2021-06-01,0.6590821607287969,0.6826055344082803,0.683460929814807,0.6458235319276336,1133772.43
2021-06-02,0.6796116504854369,0.683460929814807,0.693725674693127,0.675762371156067,1084382.0
2021-06-03,0.6890209999572303,0.700141140242077,0.7057012103845003,0.688593302253967,1028868.0
2021-06-04,0.6787562550789102,0.6843163252213337,0.6881656045507036,0.6676361147940636,954636.0
2021-06-07,0.6804670458919636,0.6945810700996536,0.7061289080877636,0.6804670458919636,776224.43
2021-06-08,0.6924425815833369,0.6890209999572303,0.6984303494290236,0.6830332321115435,505432.0
2021-06-09,0.6932979769898636,0.7189598391856636,0.7292245840639836,0.6881656045507036,1033719.0
2021-06-10,0.7163936529660836,0.7125443736367136,0.7223814208117703,0.7086950943073437,788544.0
2021-06-11,0.718104443779137,0.7176767460758736,0.7262307001411402,0.7133997690432402,745170.0
2021-06-15,0.7236645139215603,0.7142551644497669,0.7347846542064069,0.7027073264616569,691580.0
2021-06-16,0.7138274667465037,0.7104058851203969,0.7330738633933536,0.7069843034942903,898516.0
2021-06-17,0.7048458149779736,0.715538257559557,0.7253753047346136,0.6967195586159702,870231.95
2021-06-18,0.7151105598562936,0.6997134425388136,0.715538257559557,0.6928702792866003,847313.44
2021-06-21,0.691159488473547,0.6877379068474403,0.6941533723963903,0.6779008596723836,704419.0
2021-06-22,0.6851717206278604,0.6967195586159702,0.6975749540224969,0.682177836705017,711987.0
2021-06-23,0.6971472563192336,0.720670629998717,0.7236645139215603,0.6907317907702836,953589.44
2021-06-24,0.718104443779137,0.7236645139215603,0.7416278174586203,0.7108335828236603,716624.0
2021-06-25,0.7313630725803003,0.7497540738206235,0.7506094692271502,0.7292245840639836,728165.0
2021-06-28,0.724519909328087,0.707839698900817,0.7253753047346136,0.7022796287583936,1464328.0
2021-06-29,0.7014242333518669,0.693725674693127,0.7057012103845003,0.6924425815833369,912073.0
2021-06-30,0.6928702792866003,0.6992857448355503,0.705273512681237,0.6928702792866003,683775.0
2021-07-01,0.6971472563192336,0.6868825114409136,0.7009965356486036,0.683460929814807,695218.0
2021-07-02,0.6804670458919636,0.6813224412984903,0.6890209999572303,0.6787562550789102,546813.0
2021-07-05,0.6881656045507036,0.6980026517257603,0.6984303494290236,0.6830332321115435,729366.0
2021-07-06,0.6997134425388136,0.6984303494290236,0.7022796287583936,0.6907317907702836,601007.0
2021-07-07,0.6894486976604937,0.6881656045507036,0.6920148838800737,0.6804670458919636,692763.0
2021-07-08,0.6868825114409136,0.6595098584320602,0.6868825114409136,0.656515974509217,985584.0
2021-07-09,0.6595098584320602,0.6740515803430136,0.675762371156067,0.6586544630255337,994637.0
2021-07-12,0.6740515803430136,0.6796116504854369,0.6864548137376503,0.6736238826397503,773148.0
2021-07-13,0.682177836705017,0.7086950943073437,0.7112612805269236,0.678328557375647,1110839.0
2021-07-14,0.7057012103845003,0.7104058851203969,0.7292245840639836,0.7022796287583936,951132.0
2021-07-15,0.707839698900817,0.7133997690432402,0.7142551644497669,0.6971472563192336,966623.0
2021-07-16,0.7125443736367136,0.7305076771737736,0.7382062358325137,0.7104058851203969,1049077.0
2021-07-19,0.7382062358325137,0.7300799794705103,0.7497540738206235,0.7279414909541936,791315.0
2021-07-20,0.7163936529660836,0.7382062358325137,0.7390616312390403,0.7057012103845003,772770.0
2021-07-21,0.7399170266455669,0.733501561096617,0.743766305974937,0.7240922116248236,850658.0
2021-07-22,0.7313630725803003,0.7403447243488304,0.7441940036782003,0.7249476070313503,837251.17
2021-07-23,0.7403447243488304,0.750181771523887,0.7719943543903169,0.7403447243488304,1141441.17
2021-07-26,0.7484709807108336,0.7420555151618836,0.755314143963047,0.7262307001411402,853191.0
2021-07-27,0.7420555151618836,0.720670629998717,0.7613019118087336,0.719387536888927,977646.0
2021-07-28,0.7125443736367136,0.7121166759334503,0.7305076771737736,0.6924425815833369,795684.0
2021-07-29,0.7313630725803003,0.7232368162182969,0.7313630725803003,0.7091227920106069,956538.0
2021-07-30,0.732218467986827,0.743766305974937,0.748898678414097,0.7249476070313503,1138720.0
2021-08-02,0.7099781874171336,0.719387536888927,0.7210983277019802,0.6992857448355503,1163271.0
2021-08-03,0.7125443736367136,0.6984303494290236,0.7228091185150336,0.6941533723963903,666981.05
2021-08-04,0.7057012103845003,0.7270860955476669,0.7275137932509304,0.7022796287583936,921366.05
2021-08-05,0.7287968863607203,0.732218467986827,0.746332492194517,0.7262307001411402,983212.0
2021-08-06,0.7330738633933536,0.7685727727642103,0.7912407510371671,0.7292245840639836,857002.0
2021-08-09,0.7741328429066336,0.768145075060947,0.7784098199392671,0.757880330182627,666893.98
2021-08-10,0.7655788888413669,0.7728497497968436,0.780976006158847,0.7625850049185237,622304.0
2021-08-11,0.7788375176425303,0.8126256362003336,0.8143364270133869,0.7749882383131603,1042363.35
2021-08-12,0.8100594499807536,0.8224626833753903,0.8301612420341303,0.796373123476327,1065359.84
2021-08-13,0.8203241948590736,0.8305889397373937,0.8370044052863437,0.8151918224199136,713695.0
2021-08-16,0.842564475428767,0.831016637440657,0.8468414524614003,0.825884265001497,990184.25
2021-08-17,0.8275950558145504,0.8070655660579104,0.8365767075830803,0.804071682135067,1376136.25
2021-08-18,0.8083486591677003,0.807920961464437,0.8203241948590736,0.796373123476327,584471.0
2021-08-19,0.8010777982122237,0.793806937256747,0.8027885890252769,0.7805483084555837,925322.0
2021-08-20,0.7912407510371671,0.784825285488217,0.7955177280698004,0.7728497497968436,735135.0
2021-08-23,0.804071682135067,0.8160472178264403,0.818185706342757,0.8032162867285403,1026071.0
2021-08-24,0.8318720328471837,0.8250288695949703,0.8382874983961337,0.8160472178264403,906356.0
2021-08-25,0.8211795902656003,0.856678499636457,0.8575338950429836,0.8194687994525469,881847.0
2021-08-26,0.8571061973397204,0.8866173388648904,0.8985928745562637,0.8541123134168771,1105091.49
2021-08-27,0.8639493605919337,0.8879004319746804,0.8934605021171037,0.8498353363842437,1103222.76
2021-08-30,0.8879004319746804,0.9174115734998504,0.9208331551259571,0.8789187802061504,1134919.27
2021-08-31,0.9225439459390103,0.9661691116718704,0.9730122749240837,0.9020144561823703,1234962.48
2021-09-01,0.9708737864077671,0.9328086908173304,0.9931140669774604,0.9199777597194303,1573525.27
2021-09-02,0.9221162482357471,0.9794277404730337,0.9841324152089305,0.9212608528292203,1537961.5
2021-09-03,0.9721568795175571,0.9473504127282837,0.9781446473632437,0.8814849664257304,1328725.0
2021-09-06,0.9648860185620803,0.9708737864077671,0.9875539968350371,0.9486335058380737,1300560.49
2021-09-07,0.9811385312860871,1.028612976348317,1.0328899533809504,0.9734399726273469,1478451.61
2021-09-08,1.020914417689577,1.0576964201702237,1.0739489328942304,1.0102219751079937,1592484.0
2021-09-09,1.0636841880159105,1.1269834480988836,1.1410974723065739,1.0401608143364272,1852739.82
2021-09-10,1.1077370514520337,1.0760874214105471,1.1184294940336172,1.073521235190967,2586541.4
2021-09-13,1.0756597237072838,1.1304050297249904,1.144091356229417,1.0756597237072838,2450568.57
2021-09-14,1.0974723065737138,1.1000384927932938,1.1359650998674138,1.081219793849707,1916162.87
2021-09-15,1.0957615157606604,1.1030323767161372,1.1282665412086736,1.0752320260040202,1652112.0
2021-09-16,1.144091356229417,1.1120140284846671,1.1637654505795305,1.104315469825927,1905370.48
2021-09-17,1.0769428168170736,1.0384500235233738,1.1282665412086736,1.0187759291732605,2117590.86
2021-09-22,1.0333176510842137,1.1004661904965571,1.1013215859030838,1.0290406740515805,1711395.56
2021-09-23,1.1261280526923572,1.0782259099268636,1.1402420769000472,1.0508532569180105,2261466.62
2021-09-24,1.0521363500278005,1.000384927932937,1.0636841880159105,0.9986741371198837,2784017.88
2021-09-27,1.0063726957786239,0.9691629955947137,1.013215859030837,0.9511996920576538,2199913.57
2021-09-28,0.9713014841110303,1.0068003934818872,1.011932765921047,0.9708737864077671,2298474.23
2021-09-29,1.011932765921047,0.9550489713870237,1.0328899533809504,0.9499165989478637,2077862.2
2021-09-30,0.9507719943543903,0.9965356486035671,0.9978187417133572,0.9443565288054404,1700278.28
2021-10-08,1.0170651383602072,0.9520550874641803,1.0239083016124204,0.9383687609597536,2178176.36
2021-10-11,0.964458320858817,0.9879816945383004,0.9909755784611438,0.9422180402891236,1998535.0
2021-10-12,0.9922586715709336,0.9704460887045038,1.023480603909157,0.9490612035413369,2162356.0
2021-10-13,0.9623198323425004,0.9182669689063769,0.9665968093751336,0.8938881998203669,2820495.0
2021-10-14,0.8985928745562637,0.9135622941704804,0.9259655275651171,0.8844788503485738,2248286.93
2021-10-15,0.9135622941704804,0.9524827851674437,0.9563320644968138,0.9067191309182671,2394181.48
2021-10-18,0.9524827851674437,1.0127881613275738,1.0149266498438905,0.9482058081348104,2470029.69
2021-10-19,1.0200590222830503,1.0127881613275738,1.0435823959625337,0.9973910440100937,2053262.89
2021-10-20,0.9122792010606904,0.9319532954108036,0.9383687609597536,0.9122792010606904,2557404.0
2021-10-21,0.919550062016167,0.9708737864077671,0.9922586715709336,0.919550062016167,2409382.62
2021-10-22,0.9494889012446005,0.9182669689063769,0.9772892519567171,0.9127068987639536,2125882.99
2021-10-25,0.9204054574226938,0.9379410632564904,0.9503442966511271,0.904152944698687,1636946.99
2021-10-26,0.9353748770369104,0.9409349471793338,0.9576151576066037,0.9242547367520637,1389941.68
2021-10-27,0.9208331551259571,0.9020144561823703,0.929814806894487,0.8981651768530003,1656452.0
2021-10-28,0.8673709422180403,0.8395705915059237,0.9015867584791071,0.8237457764851803,3417001.71
2021-10-29,0.8395705915059237,0.8335828236602371,0.8472691501646638,0.825884265001497,1652655.88
2021-11-01,0.825884265001497,0.8464137547581371,0.8545400111201403,0.8224626833753903,1765577.88
2021-11-02,0.848979940977717,0.8194687994525469,0.8541123134168771,0.798939309695907,1989075.0
2021-11-03,0.8254565672982337,0.8532569180103504,0.857961592746247,0.818185706342757,2311662.45
2021-11-04,0.837432102989607,0.8429921731320303,0.843847568538557,0.8241734741884437,1578531.0
2021-11-05,0.8327274282537104,0.8070655660579104,0.8327274282537104,0.8049270775415936,2018509.0
2021-11-08,0.809204054574227,0.8096317522774903,0.8211795902656003,0.8066378683546469,1109030.0
2021-11-09,0.8023608913220136,0.8010777982122237,0.8087763568709636,0.792523844146957,1239121.0
2021-11-10,0.7891022625208503,0.780976006158847,0.7912407510371671,0.7642957957315769,1630354.73
2021-11-11,0.782259099268637,0.7920961464436936,0.792523844146957,0.7779821222360036,1417006.84
2021-11-12,0.7831144946751636,0.7771267268294769,0.7882468671143237,0.7766990291262137,1104368.0
2021-11-15,0.7694281681707369,0.7672896796544203,0.774560540609897,0.7634404003250502,1138528.3
2021-11-16,0.7672896796544203,0.7548864462597836,0.7685727727642103,0.7544587485565203,1224586.9
2021-11-17,0.7574526324793636,0.761729609511997,0.7634404003250502,0.7531756554467303,1332216.35
2021-11-18,0.774560540609897,0.7719943543903169,0.7865360763012703,0.7702835635772636,2004327.14
2021-11-19,0.7664342842478936,0.792523844146957,0.7929515418502203,0.7595911209956803,1900955.72
2021-11-22,0.797656216586117,0.797656216586117,0.8100594499807536,0.7920961464436936,1316363.58
2021-11-23,0.797656216586117,0.809204054574227,0.8164749155297036,0.7916684487404303,1439117.95
2021-11-24,0.8177580086394937,0.828450451221077,0.829733544330867,0.813053333903597,2058118.88
2021-11-25,0.831016637440657,0.8151918224199136,0.8344382190667637,0.8126256362003336,1296311.88
2021-11-26,0.804071682135067,0.7980839142893804,0.810487147684017,0.7929515418502203,1275520.15
2021-11-29,0.7856806808947436,0.7903853556306404,0.7908130533339036,0.7715666566870537,1123894.17
2021-11-30,0.7916684487404303,0.7912407510371671,0.8044993798383303,0.784825285488217,1063389.87
2021-12-01,0.7908130533339036,0.8203241948590736,0.820751892562337,0.786108378598007,1469321.13
2021-12-02,0.815619520123177,0.8293058466276036,0.8318720328471837,0.8126256362003336,1260922.6
2021-12-03,0.8241734741884437,0.861810872075617,0.8707925238441471,0.813053333903597,2134813.39
2021-12-06,0.8596723835593002,0.852829220307087,0.8763525939865703,0.8494076386809803,1671204.82
2021-12-07,0.8613831743723536,0.8613831743723536,0.8622385697788804,0.8404259869124504,1181040.0
2021-12-08,0.8613831743723536,0.8558231042299302,0.861810872075617,0.8472691501646638,1244567.0
2021-12-09,0.8549677088234037,0.8511184294940337,0.8622385697788804,0.8481245455711903,1310050.44
2021-12-10,0.8498353363842437,0.839998289209187,0.8519738249005603,0.837432102989607,1015785.12
2021-12-13,0.8442752662418204,0.8541123134168771,0.857961592746247,0.8434198708352937,1487999.08
2021-12-14,0.8511184294940337,0.834865916770027,0.851546127197297,0.8327274282537104,1107201.08
2021-12-15,0.834865916770027,0.8459860570548736,0.8545400111201403,0.8322997305504469,1331761.06
2021-12-16,0.8541123134168771,0.9062914332150038,0.9067191309182671,0.8524015226038237,2850244.37
2021-12-17,0.9212608528292203,0.8840511526453104,0.9242547367520637,0.8827680595355204,2779742.79
2021-12-20,0.8827680595355204,0.8635216628886704,0.891322013600787,0.8601000812625638,1138641.4
2021-12-21,0.8635216628886704,0.8750695008767803,0.881057268722467,0.8558231042299302,1340761.4
2021-12-22,0.8763525939865703,0.8802018733159402,0.8831957572387836,0.8622385697788804,901528.11
2021-12-23,0.8806295710192038,0.9011590607758437,0.9075745263247936,0.8733587100637269,1309265.94
2021-12-24,0.8994482699627905,0.8823403618322571,0.904152944698687,0.8814849664257304,1115644.18
2021-12-27,0.8814140969162997,0.8912026431718063,0.9023259911894274,0.8787444933920706,1351058.0
2021-12-28,0.8898678414096917,0.8618370044052864,0.8898678414096917,0.8520484581497798,2619331.02
2021-12-29,0.8587224669603524,0.854273127753304,0.868511013215859,0.8516035242290749,876621.0
2021-12-30,0.8533832599118942,0.8498237885462555,0.8533832599118942,0.8427048458149781,951753.02
2021-12-31,0.8444845814977974,0.843149779735683,0.8493788546255507,0.8391453744493392,1088574.0
2022-01-04,0.8662863436123349,0.8582775330396477,0.8760748898678415,0.854273127753304,1789784.0
2022-01-05,0.8498237885462555,0.8440396475770926,0.854273127753304,0.8346960352422907,957159.52
2022-01-06,0.840035242290749,0.8471541850220264,0.8533832599118942,0.836920704845815,1104314.0
2022-01-07,0.8427048458149781,0.8449295154185023,0.857387665198238,0.8409251101321586,987837.94
2022-01-10,0.8475991189427313,0.8627268722466962,0.8631718061674009,0.8444845814977974,1226005.27
2022-01-11,0.8538281938325991,0.8507136563876652,0.857387665198238,0.8462643171806168,1004214.9
2022-01-12,0.85115859030837,0.8529383259911895,0.8538281938325991,0.8404801762114539,858998.86
2022-01-13,0.8547180616740089,0.8649515418502203,0.880079295154185,0.8547180616740089,1497223.11
2022-01-14,0.8516035242290749,0.834251101321586,0.8529383259911895,0.8160088105726874,1238440.0
2022-01-17,0.8391453744493392,0.8427048458149781,0.8471541850220264,0.8315814977973569,740761.46
2022-01-18,0.8435947136563877,0.8636167400881058,0.8689559471365639,0.8378105726872247,1105774.58
2022-01-19,0.8720704845814977,0.8653964757709252,0.8854185022026432,0.8627268722466962,1245835.0
2022-01-20,0.8649515418502203,0.8622819383259913,0.8671762114537446,0.8493788546255507,1014930.71
2022-01-21,0.86584140969163,0.8814140969162997,0.8840837004405286,0.8636167400881058,1074878.9
2022-01-24,0.8751850220264318,0.8765198237885463,0.8805242290748899,0.857387665198238,880449.11
2022-01-25,0.8689559471365639,0.8355859030837004,0.8698458149779736,0.8338061674008812,1002278.31
2022-01-26,0.8338061674008812,0.8346960352422907,0.8404801762114539,0.8191233480176212,738075.0
2022-01-27,0.834251101321586,0.8284669603524231,0.8516035242290749,0.8275770925110133,845735.48
2022-01-28,0.8293568281938327,0.8013259911894274,0.8338061674008812,0.7928722466960353,951268.74
2022-02-07,0.8146740088105727,0.8360308370044053,0.8395903083700441,0.8133392070484583,948016.0
2022-02-08,0.8551629955947138,0.8836387665198238,0.8840837004405286,0.8538281938325991,1135311.27
2022-02-09,0.8751850220264318,0.8849735682819385,0.8974317180616741,0.8493788546255507,1115973.26
2022-02-10,0.8631718061674009,0.9027709251101322,0.9045506607929515,0.860057268722467,1316186.37
2022-02-11,0.9027709251101322,0.912114537444934,0.9299118942731277,0.8947621145374451,1185659.4
2022-02-14,0.9112246696035243,0.9009911894273128,0.92368281938326,0.8983215859030839,1122889.2
2022-02-15,0.8929823788546257,0.8871982378854625,0.8947621145374451,0.8809691629955948,846284.53
2022-02-16,0.8876431718061675,0.8983215859030839,0.8996563876651982,0.8827488986784142,851825.0
2022-02-17,0.8952070484581498,0.9018810572687226,0.9072202643171807,0.8849735682819385,987366.96
2022-02-18,0.9054405286343613,0.9356960352422908,0.941035242290749,0.9014361233480175,1071015.96
2022-02-21,0.9365859030837005,0.9583876651982378,0.9601674008810572,0.9334713656387666,1472603.56
2022-02-22,0.9566079295154185,0.9588325991189427,0.9681762114537447,0.9388105726872248,1390400.56
2022-02-23,0.9574977973568283,0.9481541850220265,0.9574977973568283,0.931691629955947,1189789.56
2022-02-24,0.9370308370044054,0.9348061674008811,0.9521585903083701,0.9210132158590308,1180173.0
2022-02-25,0.929022026431718,0.9170088105726871,0.9508237885462556,0.8929823788546257,1723183.0
2022-02-28,0.9107797356828194,0.935251101321586,0.9356960352422908,0.9072202643171807,946397.32
2022-03-01,0.9388105726872248,0.9561629955947137,0.9592775330396476,0.9276872246696036,1145950.0
2022-03-02,0.9641718061674008,0.9792995594713658,0.9806343612334802,0.961057268722467,1264278.82
2022-03-03,0.9815242290748899,1.0024361233480177,1.0117797356828193,0.9815242290748899,1454575.55
2022-03-04,0.9935374449339208,1.004215859030837,1.0300220264317181,0.9806343612334802,1258807.98
2022-03-07,1.035806167400881,1.0064405286343614,1.0455947136563877,0.9966519823788549,1236776.55
2022-03-08,0.9895330396475771,0.9477092511013216,1.0028810572687226,0.9454845814977973,1223842.55
2022-03-09,0.9477092511013216,0.9801894273127754,0.986863436123348,0.9232378854625553,1699627.55
2022-03-10,0.9601674008810572,0.9730704845814977,0.986863436123348,0.9339162995594715,1864236.0
2022-03-11,0.9677312775330396,0.9712907488986784,0.990422907488987,0.9454845814977973,1878268.9
2022-03-14,0.9508237885462556,0.9343612334801764,0.9890881057268722,0.9334713656387666,1135669.0
2022-03-15,0.9210132158590308,0.8564977973568283,0.9241277533039649,0.8538281938325991,2043605.27
2022-03-16,0.86584140969163,0.8782995594713656,0.8871982378854625,0.8391453744493392,1498034.27
2022-03-17,0.8831938325991191,0.8978766519823788,0.9081101321585903,0.86584140969163,1186935.27
2022-03-18,0.9023259911894274,0.9432599118942733,0.9450396475770927,0.9023259911894274,1321790.28
2022-03-21,0.9379207048458151,0.9655066079295155,0.9739603524229075,0.9325814977973569,1337553.88
2022-03-22,0.9615022026431719,0.9962070484581498,0.9966519823788549,0.9557180616740089,1325844.58
2022-03-23,0.9922026431718063,0.9913127753303967,1.004215859030837,0.9690660792951543,1393767.5
2022-03-24,0.9948722466960355,0.9984317180616742,1.0171189427312775,0.9908678414096916,1238183.24
2022-03-25,0.9895330396475771,0.9935374449339208,1.0131145374449342,0.9806343612334802,1099311.48
2022-03-28,0.9966519823788549,1.0206784140969165,1.0291321585903084,0.9877533039647578,1112747.52
2022-03-29,1.0095550660792953,1.0344713656387667,1.0442599118942733,1.0068854625550663,1137855.52
2022-03-30,1.0233480176211454,1.0059955947136565,1.0371409691629958,0.9948722466960355,1468187.25
2022-03-31,1.01,1.030466960352423,1.030911894273128,1.0002114537444935,1547303.45
2022-04-01,1.0175638766519823,1.022013215859031,1.0393656387665198,1.007775330396476,1214672.11
2022-04-06,1.0175638766519823,1.01,1.0242378854625551,0.9815242290748899,1403341.02
2022-04-07,0.9993215859030838,1.0153392070484581,1.030466960352423,0.9993215859030838,1189953.02
2022-04-08,1.0148942731277535,1.027352422907489,1.0349162995594714,1.001546255506608,1126057.0
2022-04-11,1.0144493392070484,1.0086651982378856,1.030911894273128,1.003770925110132,1203081.99
2022-04-12,1.0135594713656388,1.015784140969163,1.035806167400881,1.001546255506608,1114153.01
2022-04-13,1.0140044052863437,1.0580528634361235,1.06784140969163,1.0113348017621147,1232366.83
2022-04-14,1.0580528634361235,1.1154493392070486,1.117229074889868,1.041145374449339,1365336.0
2022-04-15,1.1323568281938328,1.0847488986784142,1.166171806167401,1.0749603524229074,2203976.0
2022-04-18,1.0522687224669605,1.0438149779735684,1.076740088105727,1.0407004405286344,1527721.0
2022-04-19,1.0464845814977972,1.0731806167400881,1.0745154185022028,1.030911894273128,1428514.0
2022-04-20,1.0580528634361235,1.0148942731277535,1.0665066079295156,1.0117797356828193,2152601.0
2022-04-21,1.0140044052863437,0.9979867841409691,1.033136563876652,0.986863436123348,1556197.83
2022-04-22,0.9788546255506609,0.998876651982379,1.0144493392070484,0.9704008810572687,986021.0
2022-04-25,0.9739603524229075,0.9334713656387666,0.9744052863436123,0.929022026431718,1468438.0
2022-04-26,0.9308017621145375,0.8894229074889868,0.9330264317180618,0.8863083700440529,1572639.46
2022-04-27,0.8765198237885463,0.9294669603524229,0.9308017621145375,0.8765198237885463,1645169.46
2022-04-28,0.9379207048458151,0.9752951541850222,0.9864185022026433,0.935251101321586,1769713.77
2022-04-29,0.9815242290748899,0.9833039647577092,0.986863436123348,0.9459295154185022,1517365.48
2022-05-05,0.9886431718061673,0.9717356828193834,0.9922026431718063,0.961057268722467,1371647.0
2022-05-06,0.9517136563876653,0.952603524229075,0.9806343612334802,0.9441497797356828,1624146.0
2022-05-09,0.9348061674008811,0.9392555066079297,0.9405903083700441,0.9107797356828194,1018908.0
2022-05-10,0.9183436123348019,0.914784140969163,0.9210132158590308,0.892092511013216,1756850.12
2022-05-11,0.9081101321585903,0.9432599118942733,0.9459295154185022,0.9072202643171807,1557450.0
2022-05-12,0.9490440528634363,0.917898678414097,0.9548281938325991,0.912114537444934,1718927.0
2022-05-13,0.9210132158590308,0.946819383259912,0.9485991189427314,0.9161189427312776,1548972.0
2022-05-16,0.9539383259911896,0.9752951541850222,0.9766299559471366,0.9459295154185022,1170343.08
2022-05-17,0.9752951541850222,0.9873083700440529,0.9913127753303967,0.9659515418502203,1176652.74
2022-05-18,0.9792995594713658,0.9721806167400882,0.986863436123348,0.9677312775330396,960218.26
2022-05-19,0.9561629955947137,0.9761850220264318,0.9766299559471366,0.9419251101321586,1005925.0
2022-05-20,0.9752951541850222,1.0211233480176212,1.021568281938326,0.9748502202643171,1433180.11
2022-05-23,1.0224581497797358,1.0291321585903084,1.0487092511013218,1.0144493392070484,1609640.11
2022-05-24,1.0237929515418502,1.0229030837004405,1.0598325991189428,1.0193436123348019,1809010.0
2022-05-25,1.018453744493392,1.044704845814978,1.0491541850220267,1.0091101321585902,1584210.0
2022-05-26,1.045149779735683,1.0785198237885463,1.085638766519824,1.036696035242291,1554073.87
2022-05-27,1.0802995594713658,1.090977973568282,1.1034361233480177,1.06784140969163,1624481.95
2022-05-30,1.090977973568282,1.0794096916299563,1.0949823788546256,1.0611674008810572,1336248.99
2022-05-31,1.0789647577092512,1.0727356828193835,1.0811894273127756,1.0562731277533042,1149453.13
2022-06-01,1.0700660792951542,1.0923127753303967,1.0958722466960353,1.0607224669603526,1300641.36
2022-06-02,1.0869735682819384,1.0629471365638767,1.0869735682819384,1.0576079295154184,1312333.27
2022-06-06,1.0638370044052865,1.0989867841409693,1.1012114537444935,1.0638370044052865,1391658.41
2022-06-07,1.0932026431718063,1.0998766519823788,1.119898678414097,1.0785198237885463,1605483.59
2022-06-08,1.1043259911894274,1.1594977973568281,1.1608325991189428,1.1043259911894274,2095783.88
2022-06-09,1.154603524229075,1.1603876651982379,1.1906431718061674,1.1408105726872249,1836314.23
2022-06-10,1.1434801762114537,1.1786299559471367,1.1879735682819383,1.1390308370044055,1439744.46
2022-06-13,1.163947136563877,1.1652819383259914,1.1848590308370044,1.14036563876652,1840344.01
2022-06-14,1.1483744493392072,1.1959823788546258,1.1968722466960353,1.1443700440528635,1485174.12
2022-06-15,1.1959823788546258,1.1621674008810572,1.201321585903084,1.1603876651982379,1426831.99
2022-06-16,1.1621674008810572,1.1176740088105728,1.1697312775330397,1.1012114537444935,2427077.8
2022-06-17,1.1034361233480177,1.1145594713656388,1.1207885462555067,1.0945374449339207,2512814.0
2022-06-20,1.085638766519824,1.0495991189427314,1.0896431718061674,1.044704845814978,2695255.24
2022-06-21,1.0420352422907488,1.0500440528634363,1.064726872246696,1.0402555066079295,1759387.21
2022-06-22,1.0584977973568281,1.0286872246696035,1.0633920704845816,1.0255726872246698,1759684.47
2022-06-23,1.0242378854625551,1.0540484581497798,1.0540484581497798,1.0122246696035242,2146961.0
2022-06-24,1.0495991189427314,1.0482643171806167,1.0673964757709253,1.036696035242291,2164400.0
2022-06-27,1.0487092511013218,1.09720704845815,1.0989867841409693,1.0455947136563877,2804138.92
2022-06-28,1.1012114537444935,1.119898678414097,1.1203436123348018,1.0958722466960353,1711205.8
2022-06-29,1.116784140969163,1.1065506607929516,1.1385859030837007,1.1052158590308372,1895723.7
2022-06-30,1.0985418502202644,1.108775330396476,1.1145594713656388,1.0923127753303967,1183589.98
2022-07-01,1.0945374449339207,1.1078854625550663,1.1163392070484581,1.0682863436123349,1929144.48
2022-07-04,1.1038810572687225,1.102991189427313,1.1247929515418502,1.0936475770925111,1271564.0
2022-07-05,1.1123348017621146,1.1505991189427314,1.1514889867841411,1.111444933920705,2506600.03
2022-07-06,1.116784140969163,1.0785198237885463,1.1247929515418502,1.064726872246696,3187829.74
2022-07-07,1.0700660792951542,1.0860837004405286,1.0905330396475772,1.0522687224669605,1591242.07
2022-07-08,1.1003215859030837,1.0731806167400881,1.1056607929515418,1.070955947136564,1646228.23
2022-07-11,1.0598325991189428,1.044704845814978,1.0602775330396477,1.035806167400881,1519247.1
2022-07-12,1.0469295154185023,1.0500440528634363,1.0616123348017623,1.0438149779735684,1405088.38
2022-07-13,1.041145374449339,1.0500440528634363,1.0522687224669605,1.030466960352423,1395766.0
2022-07-14,1.0500440528634363,1.0500440528634363,1.0633920704845816,1.0393656387665198,1168658.53
2022-07-15,1.0504889867841412,1.0420352422907488,1.0838590308370044,1.0407004405286344,1709116.38
2022-07-18,1.0491541850220267,1.0891982378854626,1.0900881057268723,1.0491541850220267,1964093.62
2022-07-19,1.0932026431718063,1.085193832599119,1.0932026431718063,1.074070484581498,1341202.62
2022-07-20,1.0834140969162995,1.0811894273127756,1.0923127753303967,1.0776299559471367,937125.78
2022-07-21,1.076295154185022,1.045149779735683,1.076295154185022,1.0442599118942733,1706731.39
2022-07-22,1.0433700440528637,1.0326916299559472,1.0500440528634363,1.0291321585903084,1379135.0
2022-07-25,1.0384757709251102,1.041145374449339,1.0549383259911895,1.0349162995594714,1263922.05
2022-07-26,1.0407004405286344,1.0584977973568281,1.0642819383259912,1.033136563876652,1426573.04
2022-07-27,1.0558281938325993,1.0625022026431719,1.0691762114537446,1.0504889867841412,924665.04
2022-07-28,1.0714008810572686,1.085193832599119,1.085638766519824,1.0642819383259912,1827008.05
2022-07-29,1.085638766519824,1.0567180616740088,1.0932026431718063,1.0562731277533042,1444315.74
2022-08-01,1.0549383259911895,1.0749603524229074,1.0794096916299563,1.0491541850220267,1333532.38
2022-08-02,1.058942731277533,1.0420352422907488,1.0598325991189428,1.0300220264317181,1426609.87
2022-08-03,1.042480176211454,1.033581497797357,1.0567180616740088,1.0291321585903084,1384807.0
2022-08-04,1.0322466960352423,1.0269074889867842,1.0380308370044056,1.0095550660792953,1692792.06
2022-08-05,1.0255726872246698,1.0180088105726872,1.0313568281938328,1.0006563876651984,1736994.2
2022-08-08,1.0153392070484581,1.0500440528634363,1.0527136563876653,1.0068854625550663,1640567.2
2022-08-09,1.0500440528634363,1.0834140969162995,1.087863436123348,1.0455947136563877,1994015.0
2022-08-10,1.076295154185022,1.0700660792951542,1.0918678414096918,1.062057268722467,1552890.66
2022-08-11,1.0722907488986786,1.076295154185022,1.0829691629955949,1.0629471365638767,1079194.22
2022-08-12,1.0807444933920705,1.1025462555066081,1.1078854625550663,1.0807444933920705,1382896.76
2022-08-15,1.1038810572687225,1.1225682819383263,1.1363612334801763,1.1038810572687225,1754626.0
2022-08-16,1.1203436123348018,1.1256828193832598,1.1332466960352425,1.1056607929515418,1152659.0
2022-08-17,1.1274625550660793,1.1243480176211456,1.1408105726872249,1.1190088105726872,939487.4
2022-08-18,1.1181189427312774,1.1096651982378858,1.134581497797357,1.1038810572687225,990760.05
2022-08-19,1.1150044052863437,1.1305770925110132,1.1390308370044055,1.1096651982378858,1401314.41
2022-08-22,1.1354713656387667,1.1572731277533042,1.1608325991189428,1.131022026431718,1750984.54
2022-08-23,1.1577180616740088,1.1844140969162995,1.1946475770925111,1.1434801762114537,1795438.59
2022-08-24,1.1915330396475772,1.1768502202643172,1.2004317180616741,1.1710660792951544,1521007.54
2022-08-25,1.1812995594713658,1.2422555066079295,1.2449251101321586,1.174625550660793,2002725.81
2022-08-26,1.2253480176211455,1.209330396475771,1.232466960352423,1.201321585903084,1843112.27
2022-08-29,1.1946475770925111,1.232022026431718,1.2346916299559472,1.1710660792951544,1870512.11
2022-08-30,1.2222334801762116,1.1675066079295155,1.2235682819383262,1.1599427312775332,2320215.83
2022-08-31,1.1568281938325993,1.1385859030837007,1.1737356828193832,1.1363612334801763,1611831.67
2022-09-01,1.1385859030837007,1.16884140969163,1.1937577092511014,1.1359162995594714,1658993.18
2022-09-02,1.163947136563877,1.1568281938325993,1.1755154185022028,1.1452599118942732,1059088.33
2022-09-05,1.1675066079295155,1.2133348017621146,1.2177841409691632,1.1599427312775332,1920498.77
2022-09-06,1.215114537444934,1.2386960352422907,1.244480176211454,1.2035462555066079,1541106.05
2022-09-07,1.2302422907488988,1.2355814977973572,1.2475947136563876,1.2186740088105728,1343188.89
2022-09-08,1.2191189427312776,1.2160044052863437,1.2338017621145374,1.197762114537445,1257450.09
2022-09-09,1.2133348017621146,1.2289074889867844,1.2360264317180618,1.2017665198237886,1070306.0
2022-09-13,1.229352422907489,1.2111101321585904,1.2329118942731276,1.1995418502202646,1265529.71
2022-09-14,1.1946475770925111,1.1942026431718065,1.2173392070484583,1.189308370044053,1108185.38
2022-09-15,1.2111101321585904,1.1990969162995595,1.2346916299559472,1.1737356828193832,1488879.4
2022-09-16,1.1795198237885463,1.1408105726872249,1.2008766519823788,1.139920704845815,2037850.99
2022-09-19,1.134581497797357,1.146149779735683,1.16884140969163,1.1301321585903084,1365602.7
2022-09-20,1.1599427312775332,1.1630572687224672,1.1812995594713658,1.1425903083700442,1157232.71
2022-09-21,1.1537136563876653,1.174625550660793,1.1826343612334802,1.1537136563876653,953259.0
2022-09-22,1.1679515418502202,1.209330396475771,1.2137797356828195,1.1648370044052865,1655355.2
2022-09-23,1.1990969162995595,1.1821894273127755,1.2160044052863437,1.1790748898678414,1327991.71
2022-09-26,1.1612775330396474,1.1470396475770925,1.1817444933920707,1.1408105726872249,1130091.0
2022-09-27,1.1505991189427314,1.1425903083700442,1.1586079295154186,1.1052158590308372,1632006.08
2022-09-28,1.1434801762114537,1.128352422907489,1.154603524229075,1.1274625550660793,1249014.67
2022-09-29,1.1412555066079295,1.15415859030837,1.1675066079295155,1.1368061674008811,1383825.08
2022-09-30,1.151933920704846,1.1554933920704846,1.171511013215859,1.1452599118942732,1233383.71
2022-10-10,1.1750704845814979,1.1741806167400881,1.1995418502202646,1.1612775330396474,1754564.11
2022-10-11,1.1666167400881058,1.1652819383259914,1.1750704845814979,1.14036563876652,1364485.51
2022-10-12,1.15415859030837,1.1710660792951544,1.1728458149779737,1.1394757709251102,979901.86
2022-10-13,1.1666167400881058,1.1212334801762116,1.1666167400881058,1.1158942731277535,1656384.66
2022-10-14,1.1265726872246697,1.1301321585903084,1.1350264317180618,1.116784140969163,1330474.67
2022-10-17,1.119453744493392,1.1158942731277535,1.119453744493392,1.079854625550661,1543783.79
2022-10-18,1.116784140969163,1.1181189427312774,1.131466960352423,1.1074405286343612,1388736.86
2022-10-19,1.1118898678414098,1.117229074889868,1.1363612334801763,1.096762114537445,1420422.47
2022-10-20,1.1123348017621146,1.0949823788546256,1.1123348017621146,1.088308370044053,1847990.0
2022-10-21,1.09720704845815,1.0985418502202644,1.1127797356828193,1.0891982378854626,1121908.79
2022-10-24,1.102101321585903,1.0749603524229074,1.1078854625550663,1.0682863436123349,1284518.0
2022-10-25,1.070955947136564,1.0629471365638767,1.0745154185022028,1.0460396475770926,1169930.63
2022-10-26,1.0576079295154184,1.05315859030837,1.0682863436123349,1.0389207048458151,1407011.63
2022-10-27,1.0562731277533042,1.0553832599118944,1.0731806167400881,1.0504889867841412,1121243.63
2022-10-28,1.0500440528634363,1.0504889867841412,1.070511013215859,1.0371409691629958,1404012.93
2022-10-31,1.0398105726872249,1.0117797356828193,1.0527136563876653,1.004215859030837,1417876.72
2022-11-01,1.007775330396476,1.0175638766519823,1.0193436123348019,0.9890881057268722,1711572.03
2022-11-02,1.0131145374449342,1.0313568281938328,1.036251101321586,1.0064405286343614,1999994.0
2022-11-03,1.0224581497797358,1.02468281938326,1.036251101321586,1.0131145374449342,1610293.0
2022-11-04,1.0233480176211454,1.0638370044052865,1.0682863436123349,1.0233480176211454,1652669.71
2022-11-07,1.0642819383259912,1.0811894273127756,1.091422907488987,1.0638370044052865,1277657.93
2022-11-08,1.085193832599119,1.076740088105727,1.0945374449339207,1.0700660792951542,1271303.08
2022-11-09,1.0722907488986786,1.0602775330396477,1.0811894273127756,1.0598325991189428,770411.0
2022-11-10,1.0500440528634363,1.0607224669603526,1.0638370044052865,1.0353612334801763,899657.0
2022-11-11,1.0780748898678414,1.0834140969162995,1.088308370044053,1.0633920704845816,1420548.5
2022-11-14,1.082079295154185,1.0558281938325993,1.1092202643171807,1.0513788546255507,1743958.37
2022-11-15,1.0469295154185023,1.0656167400881058,1.0665066079295156,1.0402555066079295,993165.17
2022-11-16,1.0656167400881058,1.070955947136564,1.0771850220264316,1.0633920704845816,1226828.5
2022-11-17,1.0660616740088107,1.033136563876652,1.0660616740088107,1.0229030837004405,1259677.72
2022-11-18,1.0313568281938328,1.0197885462555067,1.0313568281938328,1.018453744493392,1085336.0
2022-11-21,1.010444933920705,1.0153392070484581,1.015784140969163,1.0011013215859033,1074578.28
2022-11-22,1.0148942731277535,1.018898678414097,1.0300220264317181,1.0131145374449342,1155551.69
2022-11-23,1.0211233480176212,1.0313568281938328,1.036696035242291,1.0211233480176212,1493398.21
2022-11-24,1.0326916299559472,1.0393656387665198,1.0478193832599119,1.0242378854625551,1433859.48
2022-11-25,1.0393656387665198,1.0638370044052865,1.0642819383259912,1.0291321585903084,2052997.08
2022-11-28,1.0536035242290749,1.0491541850220267,1.0611674008810572,1.0398105726872249,1635321.31
2022-11-29,1.0513788546255507,1.0673964757709253,1.0691762114537446,1.0495991189427314,1495633.63
2022-11-30,1.0673964757709253,1.0811894273127756,1.0936475770925111,1.0633920704845816,1780468.13
2022-12-01,1.087863436123348,1.070511013215859,1.0927577092511014,1.065171806167401,2113856.87
2022-12-02,1.0669515418502205,1.0571629955947137,1.0696211453744493,1.0504889867841412,1418303.28
2022-12-05,1.0598325991189428,1.0745154185022028,1.076740088105727,1.0598325991189428,1240226.28
2022-12-06,1.0696211453744493,1.0731806167400881,1.076295154185022,1.0544933920704846,1161463.51
2022-12-07,1.0700660792951542,1.0513788546255507,1.0754052863436123,1.0460396475770926,1415456.31
2022-12-08,1.0478193832599119,1.0491541850220267,1.0549383259911895,1.041145374449339,779814.0
2022-12-09,1.0495991189427314,1.0549383259911895,1.0553832599118944,1.0438149779735684,847560.03
2022-12-12,1.0495991189427314,1.0291321585903084,1.06784140969163,1.027352422907489,1111007.94
2022-12-13,1.0251277533039649,1.033581497797357,1.0420352422907488,1.0251277533039649,810130.94
2022-12-14,1.0349162995594714,1.0429251101321586,1.0455947136563877,1.0300220264317181,1042090.0
2022-12-15,1.0402555066079295,1.0229030837004405,1.042480176211454,1.0171189427312775,1023797.7
2022-12-16,1.0180088105726872,1.0251277533039649,1.0344713656387667,1.0148942731277535,776607.01
2022-12-19,1.021568281938326,1.0006563876651984,1.0233480176211454,0.9944273127753304,1074300.0
2022-12-20,0.998876651982379,0.9944273127753304,1.0024361233480177,0.9859735682819384,972993.0
2022-12-21,0.9948722466960355,0.9890881057268722,0.998876651982379,0.9850837004405286,767414.53
2022-12-22,0.9913127753303967,0.9663964757709254,0.9966519823788549,0.9641718061674008,1277999.53
2022-12-23,0.961057268722467,0.9677312775330396,0.9686211453744494,0.9530484581497797,782527.0
2022-12-26,0.9637268722466962,0.9730704845814977,0.9735154185022028,0.9619471365638768,642403.0
2022-12-27,0.9794327445361621,0.9925764509644585,0.9925764509644585,0.9767133569992729,794225.0
2022-12-28,0.9862312133783845,0.9853247508660881,0.993936144732903,0.9803392070484583,679546.0
2022-12-29,0.9807924383046066,0.9635696505709765,0.9807924383046066,0.9608502630340877,887243.0
2022-12-30,0.9653825755955691,0.964929344339421,0.9712745819254951,0.9626631880586802,536348.69
2023-01-03,0.9608502630340877,0.9717278131816434,0.9717278131816434,0.9554114879603098,729979.0
2023-01-04,0.9694616569009025,0.9504259441426801,0.9694616569009025,0.9449871690689022,1281597.0
2023-01-05,0.9490662503742356,0.9535985629357172,0.9540517941918654,0.9445339378127542,1105233.98
2023-01-06,0.9522388691672727,0.9653825755955691,0.9667422693640136,0.949972712886532,980370.0
2023-01-09,0.9694616569009025,0.973540738206236,0.9753536632308286,0.9576776442410505,1334516.54
2023-01-10,0.9726342756939396,0.9631164193148284,0.9730875069500876,0.9572244129849025,945191.54
2023-01-11,0.9658358068517172,1.0048136948804587,1.0057201573927548,0.9640228818271246,1930511.0
2023-01-12,1.0007346135751254,1.0011878448312734,1.0039072323681624,0.9866844446345325,1587074.93
2023-01-13,0.9966555322697919,0.9993749198066808,1.014784782515718,0.9916699884521623,971391.7
2023-01-16,0.9980152260382363,1.0016410760874215,1.003454001112014,0.9903102946837178,1194969.97
2023-01-17,1.0011878448312734,0.9916699884521623,1.0011878448312734,0.988044138402977,887664.3
2023-01-18,0.9916699884521623,1.0002813823189771,1.0097992386980883,0.9916699884521623,1441732.36
2023-01-19,1.0070798511611994,1.0097992386980883,1.0193170950771995,1.0016410760874215,1392409.0
2023-01-20,1.011612163722681,1.0274752576878665,1.0288349514563109,1.011612163722681,1169761.0
2023-01-30,1.0288349514563109,1.0143315512595699,1.0324608015054961,1.0107057012103846,1340835.19
2023-01-31,1.0107057012103846,1.0188638638210514,1.021130020101792,1.0070798511611994,1019942.26
2023-02-01,1.0170509387964588,1.0220364826140884,1.0220364826140884,1.0107057012103846,1187609.83
2023-02-02,1.0220364826140884,1.0279284889440146,1.0329140327616442,1.0125186262349772,1241048.0
2023-02-03,1.024302638894829,1.0152380137718662,1.024302638894829,1.0061733886489033,1204880.17
2023-02-06,1.0070798511611994,1.0152380137718662,1.0161444762841625,1.0052669261366067,889811.0
2023-02-07,1.0125186262349772,1.0143315512595699,1.0247558701509774,1.0107057012103846,739324.33
2023-02-08,1.0175041700526068,1.007986313673496,1.0193170950771995,1.0061733886489033,679542.0
2023-02-09,1.0061733886489033,1.0111589324665327,1.0125186262349772,1.003000769855866,607645.0
2023-02-10,1.00934600744194,0.9975619947820882,1.00934600744194,0.9943893759890511,923571.07
2023-02-13,0.9966555322697919,0.9943893759890511,0.9966555322697919,0.9826053633291992,928746.0
2023-02-14,0.993936144732903,1.0002813823189771,1.0052669261366067,0.9907635259398658,820837.07
2023-02-15,1.0002813823189771,0.9898570634275696,1.0043604636243106,0.9894038321714214,700578.07
2023-02-16,0.9916699884521623,0.9753536632308286,0.9966555322697919,0.9699148881570507,845855.0
2023-02-17,0.9749004319746802,0.9957490697574956,1.0011878448312734,0.9749004319746802,1160076.58
2023-02-20,0.9984684572943844,1.0197703263333477,1.021130020101792,0.9984684572943844,1796261.0
2023-02-21,1.0256623326632737,1.0469642017022371,1.052856208032163,1.0197703263333477,1719979.65
2023-02-22,1.044244814165348,1.0524029767760148,1.0592014456182373,1.0360866515546814,1454425.07
2023-02-23,1.0786903896326079,1.0592014456182373,1.0832227021940894,1.0542159018006074,1683967.39
2023-02-24,1.0542159018006074,1.0546691330567557,1.0628272956674225,1.0437915829092,979247.68
2023-02-27,1.0551223643129037,1.0605611393866816,1.075517770839571,1.0551223643129037,1080138.08
2023-02-28,1.055575595569052,1.0505900517514222,1.058748214362089,1.0437915829092,993187.0
2023-03-01,1.0501368204952741,1.0537626705444594,1.0578417518497927,1.0456045079337926,846009.5
2023-03-02,1.055575595569052,1.0551223643129037,1.0650934519481632,1.0496835892391259,1118665.01
2023-03-03,1.0546691330567557,1.0560288268252,1.0601079081305333,1.0460577391899406,917621.82
2023-03-06,1.0505900517514222,1.0324608015054961,1.0551223643129037,1.0265687951755702,1292648.15
2023-03-07,1.0315543389931998,1.0356334202985333,1.055575595569052,1.0315543389931998,1461280.57
2023-03-08,1.0342737265300888,1.0297414139686072,1.0342737265300888,1.0206767888456438,916786.0
2023-03-09,1.0265687951755702,1.024302638894829,1.0415254266284593,1.0224897138702365,732609.0
2023-03-10,1.023849407638681,1.003454001112014,1.0247558701509774,1.0016410760874215,860574.08
2023-03-13,1.0002813823189771,1.0138783200034218,1.0143315512595699,0.9971087635259401,796876.72
2023-03-14,1.0129718574911253,0.9975619947820882,1.0197703263333477,0.9952958385013475,921516.87
2023-03-15,1.003454001112014,0.999828151062829,1.0043604636243106,0.9934829134767549,588805.0
2023-03-16,0.9907635259398658,0.9662890381078655,0.9907635259398658,0.964929344339421,992145.0
2023-03-17,0.9699148881570507,0.973540738206236,0.9844182883537919,0.9681019631324581,996477.16
2023-03-20,0.9744472007185322,0.9690084256447543,0.9830585945853473,0.9667422693640136,728807.91
2023-03-21,0.9744472007185322,0.9708213506693469,0.9744472007185322,0.9608502630340877,592890.0
2023-03-22,0.9712745819254951,0.9753536632308286,0.9848715196099399,0.9712745819254951,950268.0
2023-03-23,0.9749004319746802,0.9853247508660881,0.9857779821222361,0.9708213506693469,891891.76
2023-03-24,0.9866844446345325,0.9762601257431248,0.9871376758906807,0.9712745819254951,970294.46
2023-03-27,0.9776198195115693,0.9848715196099399,0.9871376758906807,0.9653825755955691,829803.63
2023-03-28,0.9889506009152732,0.9785262820238655,0.9907635259398658,0.9767133569992729,627789.4
2023-03-29,0.9812456695607547,0.9744472007185322,0.982152132073051,0.9726342756939396,632692.0
2023-03-30,0.9762601257431248,1.0039072323681624,1.0043604636243106,0.9694616569009025,1337506.61
2023-03-31,1.0016410760874215,1.0016410760874215,1.0061733886489033,0.9957490697574956,642173.0
2023-04-03,1.0052669261366067,1.003000769855866,1.0129718574911253,0.9993749198066808,772952.37
2023-04-04,0.999828151062829,1.003454001112014,1.007986313673496,0.9916699884521623,708932.82
2023-04-06,1.0007346135751254,0.9853247508660881,1.0007346135751254,0.9816989008169028,874885.0
2023-04-07,0.9848715196099399,0.9812456695607547,0.9884973696591252,0.978979513280014,635228.07
2023-04-10,0.9807924383046066,0.9699148881570507,0.9807924383046066,0.9681019631324581,881395.58
2023-04-11,0.9694616569009025,0.9662890381078655,0.9703681194131988,0.9608502630340877,816034.02
2023-04-12,0.9662890381078655,0.973993969462384,0.9780730507677174,0.9658358068517172,1102124.0
2023-04-13,0.973540738206236,0.9681019631324581,0.9785262820238655,0.9671955006201617,793371.74
2023-04-14,0.9717278131816434,0.9721810444377914,0.973993969462384,0.964929344339421,618238.0
2023-04-17,0.9721810444377914,0.9930296822206066,0.9948426072451992,0.9685551943886063,1615762.79
2023-04-18,0.9925764509644585,1.0224897138702365,1.0252091014071254,0.9916699884521623,1429001.44
2023-04-19,1.0161444762841625,1.0097992386980883,1.0188638638210514,1.008439544929644,849718.05
2023-04-20,1.003454001112014,1.003000769855866,1.0066266199050513,0.991216757196014,1022561.39
2023-04-21,1.0011878448312734,0.9866844446345325,1.003000769855866,0.9848715196099399,816493.42
2023-04-24,0.9862312133783845,0.9730875069500876,0.9916699884521623,0.9699148881570507,824837.0
2023-04-25,0.973540738206236,0.9617567255463839,0.9803392070484583,0.9495194816303839,1238598.15
2023-04-26,0.9585841067533469,0.9744472007185322,0.9762601257431248,0.9531453316795692,939051.74
2023-04-27,0.9826053633291992,0.9730875069500876,0.9871376758906807,0.9603970317779396,546151.25
2023-04-28,0.9726342756939396,0.9835118258414954,0.9853247508660881,0.9662890381078655,689235.33
2023-05-04,0.973540738206236,0.9857779821222361,0.9866844446345325,0.9599438005217913,704750.77
2023-05-05,0.9816989008169028,0.9812456695607547,0.9930296822206066,0.9712745819254951,801101.0
2023-05-08,0.9839650570976435,1.0138783200034218,1.0161444762841625,0.9826053633291992,1735209.05
2023-05-09,1.0170509387964588,1.0111589324665327,1.0329140327616442,1.0107057012103846,1312948.56
2023-05-10,1.00934600744194,1.0048136948804587,1.0129718574911253,0.9975619947820882,926301.37
2023-05-11,1.0052669261366067,1.0102524699542366,1.0161444762841625,0.993936144732903,1152484.5
2023-05-12,1.0075330824173474,0.993936144732903,1.0107057012103846,0.9921232197083104,698069.75
2023-05-15,0.9962023010136437,1.0134250887472736,1.0138783200034218,0.9875909071468287,818420.0
2023-05-16,1.0129718574911253,1.0107057012103846,1.0261155639194217,1.0075330824173474,806714.0
2023-05-17,1.008439544929644,1.002547538599718,1.0102524699542366,0.9984684572943844,601547.74
2023-05-18,1.0057201573927548,1.007986313673496,1.0156912450280144,1.0043604636243106,2688960.94
2023-05-19,1.0002813823189771,0.999828151062829,1.0075330824173474,0.9925764509644585,546060.95
2023-05-22,0.9948426072451992,0.9907635259398658,0.999828151062829,0.988044138402977,2381005.95
2023-05-23,0.991216757196014,0.9830585945853473,0.9962023010136437,0.982152132073051,547155.0
2023-05-24,0.9794327445361621,0.9694616569009025,0.9807924383046066,0.9676487318763098,609796.99
2023-05-25,0.9685551943886063,0.9576776442410505,0.9694616569009025,0.9463468628373468,1444972.71
2023-05-26,0.9535985629357172,0.935469312689791,0.9535985629357172,0.9282176125914204,1674380.29
2023-05-29,0.9363757752020873,0.9332031564090504,0.9368290064582356,0.9218723750053462,1148424.44
2023-05-30,0.9291240751037166,0.9313902313844578,0.9363757752020873,0.9232320687737907,793860.58
2023-05-31,0.926857918822976,0.9023834309909757,0.926857918822976,0.8983043496856422,1153240.2
2023-06-01,0.9005705059663831,0.9014769684786794,0.9100883623454943,0.897397887173346,723425.78
2023-06-02,0.9023834309909757,0.9137142123946795,0.9155271374192722,0.9023834309909757,855877.98
2023-06-05,0.9137142123946795,0.9168868311877166,0.9186997562123093,0.9109948248577905,546836.0
2023-06-06,0.9173400624438648,0.9200594499807536,0.932296693896754,0.9132609811385315,924117.2
2023-06-07,0.9196062187246055,0.9105415936016424,0.9196062187246055,0.9041963560155684,1038261.0
2023-06-08,0.9105415936016424,0.92096591249305,0.9232320687737907,0.9096351310893462,1691393.0
2023-06-09,0.9236853000299389,0.9200594499807536,0.926857918822976,0.9159803686754203,564195.0
2023-06-12,0.918246524956161,0.9254982250545314,0.927311150079124,0.9155271374192722,388799.0
2023-06-13,0.9223256062614945,0.9155271374192722,0.9245917625422352,0.9109948248577905,631056.0
2023-06-14,0.9159803686754203,0.9132609811385315,0.92096591249305,0.9123545186262351,593460.0
2023-06-15,0.9173400624438648,0.9232320687737907,0.9236853000299389,0.9078222060647536,759574.0
2023-06-16,0.9223256062614945,0.9245917625422352,0.9309370001283093,0.9200594499807536,1314904.0
2023-06-19,0.9264046875668278,0.9232320687737907,0.9332031564090504,0.9214191437491981,519486.22
2023-06-20,0.9200594499807536,0.9137142123946795,0.9223256062614945,0.9109948248577905,700987.8
2023-06-21,0.9119012873700869,0.9032898935032719,0.9132609811385315,0.9028366622471239,1509933.0
2023-06-26,0.9019301997348275,0.8955849621487534,0.9023834309909757,0.8933188058680127,537802.0
2023-06-27,0.896944655917198,0.9137142123946795,0.9146206749069757,0.8951317308926053,691654.0
2023-06-28,0.9137142123946795,0.935469312689791,0.9390951627389763,0.9128077498823831,1082279.0
2023-06-29,0.932296693896754,0.9223256062614945,0.932296693896754,0.9205126812369019,594375.0
2023-06-30,0.9223256062614945,0.935469312689791,0.9377354689705318,0.92096591249305,579224.0
2023-07-03,0.935469312689791,0.9549582567041617,0.9558647192164579,0.9345628501774947,662179.0
2023-07-04,0.9545050254480134,0.9535985629357172,0.9585841067533469,0.947253325349643,547980.96
2023-07-05,0.9558647192164579,0.9613034942902358,0.9640228818271246,0.9513324066549765,693568.8
2023-07-06,0.9617567255463839,0.9603970317779396,0.9644761130832729,0.9540517941918654,543214.56
2023-07-07,0.9590373380094951,0.9685551943886063,0.9708213506693469,0.9576776442410505,685530.0
2023-07-10,0.973993969462384,0.9703681194131988,0.9767133569992729,0.9671955006201617,934252.32
2023-07-11,0.9703681194131988,0.9617567255463839,0.9717278131816434,0.9558647192164579,566552.6
2023-07-12,0.9626631880586802,0.9608502630340877,0.9676487318763098,0.9554114879603098,595217.3
2023-07-13,0.9622099568025322,0.9658358068517172,0.9694616569009025,0.9590373380094951,554091.3
2023-07-14,0.964929344339421,0.9708213506693469,0.9726342756939396,0.9631164193148284,490522.04
2023-07-17,0.9676487318763098,0.9531453316795692,0.9676487318763098,0.9486130191180875,540232.52
2023-07-18,0.9526921004234208,0.9535985629357172,0.9581308754971987,0.9504259441426801,353367.04
2023-07-19,0.9540517941918654,0.9540517941918654,0.9599438005217913,0.9490662503742356,477150.0
2023-07-20,0.9572244129849025,0.9581308754971987,0.9681019631324581,0.9545050254480134,403513.0
2023-07-21,0.9540517941918654,0.9477065566057913,0.9572244129849025,0.9458936315811987,421964.0
2023-07-24,0.9495194816303839,0.9377354689705318,0.9495194816303839,0.935016081433643,747567.0
2023-07-25,0.947253325349643,0.9576776442410505,0.9599438005217913,0.944080706556606,856773.95
2023-07-26,0.9590373380094951,0.9626631880586802,0.9640228818271246,0.9545050254480134,767866.4
2023-07-27,0.9608502630340877,0.9558647192164579,0.9644761130832729,0.9522388691672727,783579.45
2023-07-28,0.9554114879603098,0.9662890381078655,0.9671955006201617,0.9490662503742356,809744.78
2023-07-31,0.9662890381078655,0.9626631880586802,0.9776198195115693,0.9608502630340877,564550.29
2023-08-01,0.9644761130832729,0.9694616569009025,0.9717278131816434,0.9613034942902358,478131.19
2023-08-02,0.9708213506693469,0.9535985629357172,0.9708213506693469,0.9513324066549765,462827.56
2023-08-03,0.9535985629357172,0.9535985629357172,0.9567711817287543,0.9481597878619393,364523.0
2023-08-04,0.9549582567041617,0.949972712886532,0.9631164193148284,0.9486130191180875,619656.77
2023-08-07,0.9504259441426801,0.9431742440443096,0.9508791753988282,0.9409080877635689,456154.0
2023-08-08,0.9431742440443096,0.9504259441426801,0.9526921004234208,0.9368290064582356,452345.0
2023-08-09,0.949972712886532,0.9422677815320134,0.949972712886532,0.9404548565074208,374811.77
2023-08-10,0.9431742440443096,0.9694616569009025,0.9699148881570507,0.9427210127881616,873418.72
2023-08-11,0.964929344339421,0.947253325349643,0.9676487318763098,0.944080706556606,506650.73
2023-08-14,0.9427210127881616,0.9381887002266799,0.9427210127881616,0.9295773063598651,520377.99
2023-08-15,0.9395483939951245,0.9381887002266799,0.9431742440443096,0.932296693896754,377330.41
2023-08-16,0.9336563876651984,0.9341096189213466,0.9400016252512725,0.9332031564090504,285142.0
2023-08-17,0.9336563876651984,0.9327499251529021,0.935016081433643,0.92096591249305,410842.0
2023-08-18,0.935016081433643,0.9264046875668278,0.9386419314828283,0.9254982250545314,374343.0
2023-08-21,0.9282176125914204,0.915073906163124,0.9291240751037166,0.9146206749069757,388725.0
2023-08-22,0.9164335999315684,0.9241385312860871,0.9250449937983833,0.9105415936016424,477943.0
2023-08-23,0.9223256062614945,0.9377354689705318,0.9468000940934949,0.9200594499807536,806460.19
2023-08-24,0.9359225439459392,0.9282176125914204,0.9427210127881616,0.9245917625422352,547886.94
2023-08-25,0.9236853000299389,0.9191529874684574,0.9300305376160133,0.9168868311877166,503066.0
2023-08-28,0.9517856379111246,0.9517856379111246,0.9653825755955691,0.9436274753004578,945925.48
2023-08-29,0.9477065566057913,0.9545050254480134,0.956317950472606,0.9436274753004578,755889.8
2023-08-30,0.9535985629357172,0.9445339378127542,0.9554114879603098,0.9404548565074208,434440.2
2023-08-31,0.9449871690689022,0.9422677815320134,0.949972712886532,0.9381887002266799,379397.02
2023-09-01,0.9418145502758651,0.9835118258414954,0.9848715196099399,0.9409080877635689,1631856.42
2023-09-04,0.9894038321714214,1.0138783200034218,1.0193170950771995,0.9894038321714214,1352039.43
2023-09-05,1.0097992386980883,1.0165977075403105,1.0224897138702365,1.003454001112014,731333.98
2023-09-06,1.0111589324665327,1.0193170950771995,1.024302638894829,1.0061733886489033,678115.0
2023-09-07,1.0161444762841625,1.0206767888456438,1.0333672640177924,1.011612163722681,1039151.0
2023-09-08,1.0102524699542366,1.0016410760874215,1.0175041700526068,1.0011878448312734,702309.0
2023-09-11,1.0020943073435697,1.008892776185792,1.0283817202001628,1.0020943073435697,628982.36
2023-09-12,1.0120653949788292,1.0070798511611994,1.0215832513579404,1.0057201573927548,502041.0
2023-09-13,1.007986313673496,1.0170509387964588,1.0270220264317182,1.0061733886489033,678882.0
2023-09-14,1.0161444762841625,1.052856208032163,1.0578417518497927,1.014784782515718,2346979.0
2023-09-15,1.0537626705444594,1.0465109704460889,1.0582949831059407,1.0406189641161627,1118486.14
2023-09-18,1.0478706642145332,1.0533094392883111,1.0542159018006074,1.037446345323126,647065.6
2023-09-19,1.0546691330567557,1.055575595569052,1.0691725332534965,1.0519497455198668,890344.21
2023-09-20,1.0510432830075704,1.0492303579829778,1.058748214362089,1.0451512766776445,539061.01
2023-09-21,1.044244814165348,1.0406189641161627,1.0510432830075704,1.037446345323126,736261.66
2023-09-22,1.037446345323126,1.0356334202985333,1.0446980454214962,1.0256623326632737,788622.29
2023-09-25,1.0315543389931998,1.037899576579274,1.0492303579829778,1.0315543389931998,736372.0
2023-09-26,1.0315543389931998,1.0252091014071254,1.035180189042385,1.024302638894829,421742.0
2023-09-27,1.023849407638681,1.0184106325649032,1.0283817202001628,1.0170509387964588,492650.0
2023-09-28,1.0338204952739407,1.0301946452247555,1.0365398828108294,1.0247558701509774,585653.0
2023-10-09,1.0265687951755702,1.0415254266284593,1.0437915829092,1.0120653949788292,582012.0
2023-10-10,1.037446345323126,1.0206767888456438,1.037446345323126,1.0188638638210514,884030.0
2023-10-11,1.0197703263333477,1.0097992386980883,1.023396176382533,1.0057201573927548,543733.46
2023-10-12,1.0061733886489033,1.0097992386980883,1.0156912450280144,1.0061733886489033,423401.9
2023-10-13,1.0052669261366067,1.0138783200034218,1.0188638638210514,1.0007346135751254,394730.0
2023-10-16,1.014784782515718,1.0279284889440146,1.0283817202001628,1.0143315512595699,602817.51
2023-10-17,1.0265687951755702,1.0315543389931998,1.032007570249348,1.0152380137718662,507611.0
2023-10-18,1.0297414139686072,1.024302638894829,1.0360866515546814,1.0220364826140884,451090.0
2023-10-19,1.0179574013087551,1.00934600744194,1.0224897138702365,1.0052669261366067,409299.0
2023-10-20,1.00934600744194,1.0043604636243106,1.0120653949788292,1.0020943073435697,270219.26
2023-10-23,1.0002813823189771,0.9903102946837178,1.0052669261366067,0.9826053633291992,337206.0
2023-10-24,0.9921232197083104,1.0007346135751254,1.003454001112014,0.9866844446345325,407224.5
2023-10-25,1.0102524699542366,1.0138783200034218,1.0274752576878665,1.0102524699542366,460880.4
2023-10-26,1.0111589324665327,0.9980152260382363,1.0111589324665327,0.9835118258414954,344932.17
2023-10-27,0.9898570634275696,0.9952958385013475,1.0016410760874215,0.9894038321714214,433821.0
2023-10-30,0.9894038321714214,0.9853247508660881,0.999828151062829,0.9830585945853473,684938.54
2023-10-31,0.9835118258414954,0.9957490697574956,0.9993749198066808,0.9807924383046066,458721.0
2023-11-01,0.9925764509644585,0.9898570634275696,0.9948426072451992,0.9839650570976435,357017.0
2023-11-02,0.9903102946837178,0.9884973696591252,0.9943893759890511,0.9866844446345325,340665.22
2023-11-03,0.9916699884521623,0.9925764509644585,1.0011878448312734,0.9889506009152732,392123.0
2023-11-06,0.9930296822206066,0.9780730507677174,0.9966555322697919,0.973993969462384,738741.0
2023-11-07,0.9744472007185322,0.9853247508660881,0.9862312133783845,0.973540738206236,530598.0
2023-11-08,0.9767133569992729,0.978979513280014,0.9826053633291992,0.9744472007185322,541952.2
2023-11-09,0.9798859757923102,1.0107057012103846,1.0143315512595699,0.978979513280014,969413.7
2023-11-10,1.007986313673496,1.0229429451263847,1.023849407638681,1.0007346135751254,1068053.7
2023-11-13,1.023849407638681,1.0229429451263847,1.0256623326632737,1.00934600744194,645702.0
2023-11-14,1.0202235575894958,1.0120653949788292,1.0202235575894958,1.0075330824173474,745532.0
2023-11-15,1.0161444762841625,1.0202235575894958,1.021130020101792,1.0102524699542366,635025.0
2023-11-16,1.0161444762841625,1.0229429451263847,1.0265687951755702,1.0111589324665327,1064110.0
2023-11-17,1.021130020101792,1.0193170950771995,1.024302638894829,1.0134250887472736,539505.0
2023-11-20,1.0220364826140884,1.0165977075403105,1.0229429451263847,1.011612163722681,370528.0
2023-11-21,1.0161444762841625,1.0206767888456438,1.0333672640177924,1.0156912450280144,546431.0
2023-11-22,1.0188638638210514,1.0188638638210514,1.0265687951755702,1.0134250887472736,361012.9
2023-11-23,1.0175041700526068,1.0338204952739407,1.0342737265300888,1.014784782515718,449255.9
2023-11-24,1.032007570249348,1.0474174329583852,1.0514965142637185,1.029288182712459,645835.0
2023-11-27,1.052856208032163,1.0628272956674225,1.0673596082289039,1.0510432830075704,1047206.87
2023-11-28,1.0610143706428299,1.0646402206920151,1.0650934519481632,1.0487771267268298,460916.0
2023-11-29,1.0646402206920151,1.0750645395834226,1.0805033146572005,1.0637337581797186,559373.36
2023-11-30,1.070985458278089,1.0696257645096445,1.0727983833026817,1.0641869894358669,408247.87
2023-12-01,1.0696257645096445,1.0795968521449042,1.0823162396817931,1.0687193019973484,519952.41
2023-12-04,1.0786903896326079,1.088208246011719,1.0900211710363117,1.0768774646080153,581001.0
2023-12-05,1.0841291647063858,1.061467601898978,1.0873017834994227,1.0610143706428299,525294.0
2023-12-06,1.0628272956674225,1.0669063769727558,1.067812839485052,1.055575595569052,567215.75
2023-12-07,1.0659999144604593,1.0592014456182373,1.0714386895342372,1.058748214362089,362872.01
2023-12-08,1.0551223643129037,1.055575595569052,1.0669063769727558,1.0469642017022371,448091.36
2023-12-11,1.0524029767760148,1.0786903896326079,1.0823162396817931,1.0401657328600147,581601.56
2023-12-12,1.0782371583764598,1.0854888584748301,1.0868485522432747,1.0687193019973484,414946.74
2023-12-13,1.0841291647063858,1.0741580770711263,1.085035627218682,1.0732516145588298,308855.0
2023-12-14,1.0750645395834226,1.0814097771694968,1.0873017834994227,1.067812839485052,408900.0
2023-12-15,1.0800500834010525,1.0723451520465337,1.0836759334502375,1.0696257645096445,386479.0
2023-12-18,1.0723451520465337,1.0718919207903854,1.0777839271203116,1.0605611393866816,494292.55
2023-12-19,1.0768774646080153,1.0664531457166078,1.0768774646080153,1.0601079081305333,482093.0
2023-12-20,1.0664531457166078,1.070985458278089,1.085035627218682,1.0664531457166078,375667.0
2023-12-21,1.0696257645096445,1.0700789957657928,1.075517770839571,1.058748214362089,315856.0
2023-12-22,1.0691725332534965,1.0800500834010525,1.0918340960609043,1.067812839485052,530220.25
2023-12-25,1.0786903896326079,1.09047440229246,1.090927633548608,1.0696257645096445,480903.0
2023-12-26,1.0918340960609043,1.0700789957657928,1.111776271331423,1.0691725332534965,1643137.0
2023-12-27,1.070985458278089,1.081863008425645,1.085035627218682,1.0650934519481632,634881.0
2023-12-28,1.082353706000599,1.0633731662460975,1.08466840597066,1.0578178863179506,599693.64
2023-12-29,1.0596696462939996,1.0707802061502931,1.0721690261323298,1.0578178863179506,411727.74
2024-01-02,1.0693913861682565,1.1078154056712715,1.1133706855994183,1.068928446174244,747833.65
2024-01-03,1.1073524656772593,1.1217036054916387,1.1281847654078097,1.1017971857491125,694296.86
2024-01-04,1.1221665454856509,1.1323512253539199,1.1369806252940422,1.1207777255036142,761730.52
2024-01-05,1.1323512253539199,1.1295735853898465,1.142535905222189,1.1240183054616997,774883.5
2024-01-08,1.1281847654078097,1.1198518455155897,1.1286477054018222,1.1041118857191736,449535.95
2024-01-09,1.1184630255335528,1.136054745306018,1.1397582652581157,1.108278345665284,500773.0
2024-01-10,1.1323512253539199,1.122629485479663,1.1411470852401524,1.1203147855096018,493702.0
2024-01-11,1.1203147855096018,1.1078154056712715,1.1203147855096018,1.1004083657670758,697771.0
2024-01-12,1.1055007057012105,1.1133706855994183,1.116611265557504,1.1008713057610882,523329.86
2024-01-15,1.1068895256832472,1.1133706855994183,1.1142965655874428,1.1022601257431248,301802.0
2024-01-16,1.1119818656173819,1.1110559856293574,1.1161483255634919,1.1017971857491125,486231.0
2024-01-17,1.1110559856293574,1.0939272058509046,1.1193889055215775,1.092538385868868,373799.0
2024-01-18,1.0892978059107825,1.0892978059107825,1.0943901458449168,1.0582808263119627,761883.71
2024-01-19,1.0879089859287459,1.0721690261323298,1.0879089859287459,1.064761986228134,555455.0
2024-01-22,1.0707802061502931,1.0383744065694367,1.0707802061502931,1.0314303066592536,470853.0
2024-01-23,1.0374485265814124,1.0573549463239382,1.064761986228134,1.0295785466832046,593882.52
2024-01-24,1.059206706299987,1.0869831059407211,1.0874460459347335,1.059206706299987,640236.0
2024-01-25,1.0869831059407211,1.1235553654676875,1.1249441854497244,1.0869831059407211,537962.91
2024-01-26,1.1184630255335528,1.1355918053120055,1.1369806252940422,1.1133706855994183,467147.75
2024-01-29,1.1328141653479322,1.130499465377871,1.140221205252128,1.1244812454557118,499602.12
2024-01-30,1.1249441854497244,1.1235553654676875,1.1355918053120055,1.1129077456054062,696762.43
2024-01-31,1.114759505581455,1.122629485479663,1.1369806252940422,1.108741285659296,564651.0
2024-02-01,1.1203147855096018,1.1008713057610882,1.1212406654976264,1.0990195457850394,478632.0
2024-02-02,1.1041118857191736,1.0980936657970146,1.1142965655874428,1.0740207861083786,455727.0
2024-02-05,1.0948530858389294,1.0994824857790515,1.1119818656173819,1.0740207861083786,388834.0
2024-02-06,1.0976307258030027,1.1073524656772593,1.114759505581455,1.0814278260125743,613056.63
2024-02-07,1.1041118857191736,1.13651768530003,1.1369806252940422,1.0939272058509046,474735.46
2024-02-08,1.1342029853299689,1.142535905222189,1.148554125144348,1.1295735853898465,382071.05
2024-02-19,1.1388323852700912,1.1966998845216203,1.198088704503657,1.1295735853898465,477160.95
2024-02-20,1.194385184551559,1.200403404473718,1.208273384371926,1.180496984731192,611093.99
2024-02-21,1.1953110645395835,1.196236944527608,1.2105880843419874,1.1892928446174245,462805.84
2024-02-22,1.1929963645695223,1.2559562037551861,1.2596597237072837,1.1874410846413754,748949.0
2024-02-23,1.2559562037551861,1.238364483982721,1.2573450237372228,1.2314203840725377,1209089.42
2024-02-26,1.2295686240964887,1.2091992643599505,1.2443827039048803,1.2013292844617425,847041.36
2024-02-27,1.2013292844617425,1.2152174842821095,1.2189210042342074,1.193922244557547,607832.92
2024-02-28,1.2105880843419874,1.2073475043839017,1.2267909841324154,1.1906816645994611,785906.26
2024-02-29,1.200403404473718,1.2124398443180362,1.2133657243060607,1.1966998845216203,591821.57
2024-03-01,1.2073475043839017,1.2286427441084642,1.2374386039946967,1.2073475043839017,833324.53
2024-03-04,1.2230874641803176,1.256419143749198,1.256419143749198,1.222161584192293,751318.08
2024-03-05,1.252252683803088,1.2508638638210512,1.264289123647406,1.2406791839527824,907267.84
2024-03-06,1.2531785637911126,1.260585603695308,1.2791032034557974,1.2462344638809293,764421.79
2024-03-07,1.251789743809076,1.2726220435396265,1.2809549634318464,1.251789743809076,790554.48
2024-03-08,1.2684555835935163,1.2591967837132716,1.2684555835935163,1.2425309439288315,1257641.0
2024-03-11,1.2573450237372228,1.222161584192293,1.2573450237372228,1.208273384371926,1002487.04
2024-03-12,1.2179951242461828,1.18420050468329,1.2207727642102562,1.174941704803045,1490471.27
2024-03-13,1.178645224755143,1.176793464779094,1.178645224755143,1.1568870450365685,1416770.77
2024-03-14,1.1698493648689108,1.1832746246952655,1.1874410846413754,1.1647570249347763,1327431.82
2024-03-15,1.180496984731192,1.1666087849108253,1.180496984731192,1.1457764851802748,1693629.38
2024-03-18,1.156424105042556,1.1508688251144092,1.156424105042556,1.142535905222189,1997734.55
2024-03-19,1.146702365168299,1.1647570249347763,1.1814228647192166,1.146702365168299,1869864.81
2024-03-20,1.1615164449766906,1.1675346648988496,1.1758675847910698,1.1531835250844704,1160526.79
2024-03-21,1.1573499850305804,1.1638311449467518,1.1707752448569353,1.144387665198238,1224665.76
2024-03-22,1.1633682049527394,1.1675346648988496,1.172164064838972,1.1615164449766906,1093305.0
2024-03-25,1.1573499850305804,1.158275865018605,1.1809599247252043,1.1471653051623116,1350582.47
2024-03-26,1.1573499850305804,1.1309624053718832,1.1624423249647151,1.1217036054916387,2049467.03
2024-03-27,1.1286477054018222,1.1249441854497244,1.1416100252341648,1.1235553654676875,824126.48
2024-03-28,1.1254071254437363,1.130499465377871,1.136054745306018,1.1152224455754673,892204.47
2024-03-29,1.1286477054018222,1.1508688251144092,1.1527205850904583,1.1212406654976264,828927.18
2024-04-01,1.146702365168299,1.1429988452162012,1.146702365168299,1.1240183054616997,893763.69
2024-04-02,1.1379065052820667,1.1471653051623116,1.1578129250245928,1.1342029853299689,945558.24
2024-04-03,1.1457764851802748,1.1777193447671186,1.1791081647491555,1.142535905222189,1395473.16
2024-04-08,1.1698493648689108,1.1740158248150208,1.1957740045335958,1.158275865018605,1298291.73
2024-04-09,1.172164064838972,1.174941704803045,1.1828116847012533,1.1615164449766906,986277.48
2024-04-10,1.1744787648090331,1.1925334245755101,1.200403404473718,1.170312304862923,1620995.63
2024-04-11,1.1855893246653266,1.2091992643599505,1.2216986441982807,1.178645224755143,1109146.85
2024-04-12,1.2036439844318039,1.2008663444677303,1.2129027843120483,1.194385184551559,1483570.62
2024-04-15,1.1990145844916813,1.2267909841324154,1.2267909841324154,1.198088704503657,2181031.0
2024-04-16,1.2267909841324154,1.2193839442282195,1.2406791839527824,1.2045698644198282,3013290.16
2024-04-17,1.2175321842521707,1.2351239040246356,1.2369756640006846,1.2054957444078527,1748955.0
2024-04-18,1.2332721440485865,1.234198024036611,1.258270903725247,1.2267909841324154,3868629.66
2024-04-19,1.2267909841324154,1.2351239040246356,1.2490121038450024,1.2249392241563664,2288069.68
2024-04-22,1.2267909841324154,1.178645224755143,1.239753303964758,1.176793464779094,2347089.02
2024-04-23,1.1610535049826785,1.146239425174287,1.1684605448868741,1.1379065052820667,1989827.3
2024-04-24,1.1453135451862626,1.1397582652581157,1.149942945126385,1.1295735853898465,1639588.99
2024-04-25,1.1369806252940422,1.1527205850904583,1.1573499850305804,1.1332771053419444,1734318.61
2024-04-26,1.1453135451862626,1.1416100252341648,1.158275865018605,1.1342029853299689,2004238.61
2024-04-29,1.1369806252940422,1.144387665198238,1.1471653051623116,1.1212406654976264,2758737.48
2024-04-30,1.1397582652581157,1.1517947051024338,1.1592017450066294,1.1369806252940422,1766193.0
2024-05-06,1.1527205850904583,1.1629052649587273,1.1638311449467518,1.136054745306018,2845987.78
2024-05-07,1.1601276249946537,1.172164064838972,1.1730899448269962,1.156424105042556,1466871.78
2024-05-08,1.170312304862923,1.1999404644797058,1.208273384371926,1.170312304862923,2803101.72
2024-05-09,1.194385184551559,1.1999404644797058,1.208273384371926,1.1879040246353878,1455955.0
2024-05-10,1.1990145844916813,1.2027181044437791,1.2064216243958772,1.1925334245755101,1251121.0
2024-05-13,1.198088704503657,1.1888299046234123,1.1990145844916813,1.1758675847910698,2107861.64
2024-05-14,1.18420050468329,1.1693864248748984,1.1916075445874856,1.1554982250545316,1546779.96
2024-05-15,1.1647570249347763,1.1740158248150208,1.18420050468329,1.1610535049826785,1278968.03
2024-05-16,1.1740158248150208,1.170312304862923,1.1832746246952655,1.1656829049228006,1077835.03
2024-05-17,1.1684605448868741,1.178645224755143,1.1795711047431676,1.1619793849707027,775755.0
2024-05-20,1.1777193447671186,1.2193839442282195,1.224013344168342,1.1777193447671186,2013643.53
2024-05-21,1.2156804242761217,1.225865104144391,1.2267909841324154,1.2073475043839017,1231798.83
2024-05-22,1.22771686412044,1.225865104144391,1.248086223856978,1.2230874641803176,1433039.38
2024-05-23,1.2184580642401952,1.2054957444078527,1.222161584192293,1.2017922244557548,1138439.05
2024-05-24,1.1990145844916813,1.2027181044437791,1.224013344168342,1.1990145844916813,856581.59
2024-05-27,1.2091992643599505,1.2295686240964887,1.2443827039048803,1.2036439844318039,2036601.42
2024-05-28,1.2230874641803176,1.2332721440485865,1.2434568239168557,1.222161584192293,1078170.03
2024-05-29,1.2295686240964887,1.2471603438689536,1.253641503785125,1.224013344168342,1384926.21
2024-05-30,1.2406791839527824,1.2193839442282195,1.2490121038450024,1.2156804242761217,1124962.14
2024-05-31,1.2267909841324154,1.22771686412044,1.2351239040246356,1.2212357042042685,902194.73
2024-06-03,1.2267909841324154,1.2203098242162442,1.2267909841324154,1.2101251443479748,1230833.28
2024-06-04,1.2156804242761217,1.2008663444677303,1.2156804242761217,1.1897557846114368,1087609.4
2024-06-05,1.1990145844916813,1.1879040246353878,1.2091992643599505,1.1869781446473635,835021.4
2024-06-06,1.1869781446473635,1.2017922244557548,1.2129027843120483,1.1860522646593388,1164962.85
2024-06-07,1.2017922244557548,1.2119769043240238,1.2119769043240238,1.198088704503657,890617.0
2024-06-11,1.2129027843120483,1.1934593045635344,1.2147545442880974,1.182348744707241,778219.0
2024-06-12,1.1916075445874856,1.2360497840126599,1.2388274239767334,1.1879040246353878,1631581.72
2024-06-13,1.2286427441084642,1.2203098242162442,1.2369756640006846,1.2101251443479748,927602.85
2024-06-14,1.2203098242162442,1.2101251443479748,1.2249392241563664,1.2054957444078527,1147279.91
2024-06-17,1.2027181044437791,1.182348744707241,1.2110510243359993,1.176793464779094,1177653.0
2024-06-18,1.180496984731192,1.1832746246952655,1.1860522646593388,1.1693864248748984,804032.0
2024-06-19,1.1795711047431676,1.1795711047431676,1.196236944527608,1.176793464779094,1217934.0
2024-06-20,1.178645224755143,1.1879040246353878,1.194385184551559,1.174941704803045,1246289.0
2024-06-21,1.1814228647192166,1.176793464779094,1.1897557846114368,1.1684605448868741,635390.0
2024-06-24,1.1740158248150208,1.148091185150336,1.176793464779094,1.1416100252341648,844508.88
2024-06-25,1.148091185150336,1.1453135451862626,1.1536464650784826,1.1388323852700912,1427506.0
2024-06-26,1.14068414524614,1.146239425174287,1.148091185150336,1.1277218254137977,787971.0
2024-06-27,1.1453135451862626,1.1342029853299689,1.1517947051024338,1.1342029853299689,754385.48
2024-06-28,1.130499465377871,1.144387665198238,1.1517947051024338,1.1295735853898465,842122.0
2024-07-01,1.144387665198238,1.1832746246952655,1.1888299046234123,1.1434617852102136,1342376.0
2024-07-02,1.1814228647192166,1.176793464779094,1.1906816645994611,1.1629052649587273,854488.0
2024-07-03,1.1740158248150208,1.1592017450066294,1.180496984731192,1.1554982250545316,772160.08
2024-07-04,1.156424105042556,1.148091185150336,1.1675346648988496,1.144387665198238,730808.0
2024-07-05,1.142535905222189,1.144387665198238,1.1508688251144092,1.130499465377871,888222.0
2024-07-08,1.142535905222189,1.130499465377871,1.142535905222189,1.1277218254137977,654232.0
2024-07-09,1.1295735853898465,1.1388323852700912,1.14068414524614,1.1175371455455285,762293.0
2024-07-10,1.1323512253539199,1.0869831059407211,1.1323512253539199,1.0851313459646723,2213351.0
2024-07-11,1.0879089859287459,1.0962419058209658,1.0971677858089903,1.0832795859886233,1208759.0
2024-07-12,1.092538385868868,1.0721690261323298,1.1017971857491125,1.0656878662161586,2647626.34
2024-07-15,1.0656878662161586,1.0906866258928192,1.0962419058209658,1.0601325862880118,1427476.93
2024-07-16,1.0851313459646723,1.0897607459047947,1.0906866258928192,1.0814278260125743,652814.93
2024-07-17,1.0888348659167701,1.0721690261323298,1.0897607459047947,1.066613746204183,1211000.0
2024-07-18,1.0656878662161586,1.0730949061203543,1.0730949061203543,1.0564290663359137,987047.22
2024-07-19,1.0693913861682565,1.0712431461443055,1.074946666096403,1.0638361062401096,713110.44
2024-07-22,1.068465506180232,1.0601325862880118,1.068465506180232,1.0379114665754245,1596036.2
2024-07-23,1.0517996663957916,1.040689106539498,1.0582808263119627,1.038837346563449,811117.47
2024-07-24,1.0369855865874003,1.0332820666353024,1.040689106539498,1.0184679868269109,1244755.0
2024-07-25,1.026800906719131,1.02031974680296,1.0295785466832046,1.0138385868867885,836635.0
2024-07-26,1.0193938668149352,1.0295785466832046,1.038837346563449,1.0184679868269109,933488.46
2024-07-29,1.024949146743082,1.02031974680296,1.0305044266712289,1.0156903468628375,969335.0
2024-07-30,1.02031974680296,1.0055056669945683,1.0212456267909842,1.000876267054446,1967054.06
2024-07-31,1.0036539070185195,1.038837346563449,1.0397632265514734,1.0018021470424705,1660538.0
2024-08-01,1.0425408665155467,1.0295785466832046,1.052725546383816,1.0277267867071556,1149324.0
2024-08-02,1.0240232667550577,1.0221715067790087,1.0295785466832046,1.014764466874813,681693.0
2024-08-05,1.0166162268508618,1.0129127068987642,1.0258750267311068,1.0064315469825929,806613.32
2024-08-06,1.0129127068987642,1.0184679868269109,1.0258750267311068,1.0101350669346907,881495.97
2024-08-07,1.0184679868269109,1.032356186647278,1.038837346563449,1.0110609469227152,1085027.99
2024-08-08,1.0332820666353024,1.0305044266712289,1.0397632265514734,1.0258750267311068,993062.0
2024-08-09,1.032356186647278,1.032356186647278,1.0434667465035714,1.0277267867071556,1201811.0
2024-08-12,1.026800906719131,1.0397632265514734,1.0443926264915957,1.0212456267909842,954377.0
2024-08-13,1.0379114665754245,1.0342079466233267,1.0425408665155467,1.0258750267311068,668138.0
2024-08-14,1.032356186647278,1.0193938668149352,1.032356186647278,1.0184679868269109,623034.02
2024-08-15,1.0184679868269109,1.0425408665155467,1.0499479064197426,1.0166162268508618,1308258.0
2024-08-16,1.038837346563449,1.0434667465035714,1.0480961464436935,1.0379114665754245,737443.0
2024-08-19,1.0425408665155467,1.0397632265514734,1.0573549463239382,1.0369855865874003,914598.0
2024-08-20,1.0397632265514734,1.0055056669945683,1.040689106539498,0.9999503870664216,1493461.0
2024-08-21,1.000876267054446,1.000876267054446,1.0110609469227152,0.9842104272700056,1125360.0
2024-08-22,0.9980986270903728,0.9934692271502502,1.0018021470424705,0.990691587186177,743244.6
2024-08-23,0.9925433471622259,0.9990245070783971,1.0119868269107397,0.9897657071981525,876555.0
2024-08-26,0.9980986270903728,0.9999503870664216,1.0018021470424705,0.9860621872460544,665931.02
2024-08-27,0.9990245070783971,1.0156903468628375,1.0156903468628375,0.9934692271502502,1129847.0
2024-08-28,1.0138385868867885,1.014764466874813,1.0258750267311068,1.0101350669346907,999393.0
2024-08-29,1.0138385868867885,1.014764466874813,1.02031974680296,1.0027280270304948,710607.6
2024-08-30,1.0110609469227152,1.024949146743082,1.0369855865874003,1.0064315469825929,1115112.0
2024-09-02,1.0184679868269109,1.0360597065993755,1.0471702664556692,1.014764466874813,1632546.0
2024-09-03,1.0305044266712289,1.024949146743082,1.0453185064796202,1.0175421068388864,1246174.0
2024-09-04,1.02031974680296,1.0101350669346907,1.02031974680296,1.0027280270304948,861990.55
2024-09-05,1.0064315469825929,0.9980986270903728,1.0212456267909842,0.9934692271502502,1136453.0
2024-09-06,0.9943951071382747,0.9786551473418589,0.9962468671143238,0.9777292673538344,1035355.0
2024-09-09,0.9758775073777856,0.9545822676532226,0.9758775073777856,0.9471752277490271,1066009.0
2024-09-10,0.9518046276891494,0.9545822676532226,0.9656928275095162,0.9462493477610026,982718.0
2024-09-11,0.9379164278687823,0.9406940678328558,0.9490269877250759,0.9295835079765622,1167258.0
2024-09-12,0.9425458278089048,0.9499528677131006,0.9564340276292717,0.9416199478208803,1203199.8
2024-09-13,0.9508787477011249,0.9416199478208803,0.9573599076172962,0.9406940678328558,1098144.0
2024-09-18,0.936990547880758,0.964766947521492,0.9666187074975408,0.936990547880758,1086069.0
2024-09-19,0.9666187074975408,0.973099867413712,0.9777292673538344,0.9508787477011249,1067302.0
2024-09-20,0.9712481074376631,0.9777292673538344,0.9832845472819811,0.9656928275095162,957565.0
2024-09-23,0.9721739874256876,0.9962468671143238,1.0018021470424705,0.9703222274496388,905194.0
2024-09-24,0.9980986270903728,1.0499479064197426,1.050873786407767,0.9980986270903728,1665853.38
2024-09-25,1.0693913861682565,1.0555031863478894,1.0842054659766478,1.052725546383816,2027918.58
2024-09-26,1.0517996663957916,1.1008713057610882,1.1027230657371372,1.0499479064197426,1357652.0
2024-09-27,1.1203147855096018,1.1471653051623116,1.148091185150336,1.1027230657371372,1099618.0
2024-09-30,1.1925334245755101,1.2166063042641462,1.2193839442282195,1.1388323852700912,4269135.16
2024-10-08,1.3332671827552287,1.1971628245156323,1.3332671827552287,1.146239425174287,5684045.12
2024-10-09,1.1573499850305804,1.0934642658568925,1.1629052649587273,1.0842054659766478,2735395.24
2024-10-10,1.0934642658568925,1.1619793849707027,1.1888299046234123,1.0934642658568925,4531241.95
2024-10-11,1.1629052649587273,1.1230924254736754,1.1629052649587273,1.1101301056413329,2454892.35
2024-10-14,1.1240183054616997,1.1453135451862626,1.1536464650784826,1.1138336255934307,1931438.0
2024-10-15,1.1342029853299689,1.1119818656173819,1.1416100252341648,1.1110559856293574,1522101.0
2024-10-16,1.106426585689235,1.106426585689235,1.1203147855096018,1.0962419058209658,1128726.0
2024-10-17,1.1110559856293574,1.0934642658568925,1.1267959454257732,1.092538385868868,1105225.0
2024-10-18,1.0906866258928192,1.1110559856293574,1.1249441854497244,1.0842054659766478,2667293.0
2024-10-21,1.1110559856293574,1.1101301056413329,1.1212406654976264,1.0999454257730636,2157600.0
2024-10-22,1.1129077456054062,1.1156853855694795,1.116611265557504,1.1008713057610882,2144868.0
2024-10-23,1.1156853855694795,1.1212406654976264,1.1240183054616997,1.1073524656772593,2897745.0
2024-10-24,1.1193889055215775,1.1119818656173819,1.1193889055215775,1.1073524656772593,1879642.0
2024-10-25,1.1138336255934307,1.116611265557504,1.1203147855096018,1.1101301056413329,2327241.0
2024-10-28,1.116611265557504,1.1416100252341648,1.142535905222189,1.1156853855694795,3376226.0
2024-10-29,1.1397582652581157,1.1055007057012105,1.1397582652581157,1.1045748257131862,3319735.0
2024-10-30,1.1008713057610882,1.0962419058209658,1.1101301056413329,1.0897607459047947,1985208.9
2024-10-31,1.092538385868868,1.0943901458449168,1.1036489457251615,1.0851313459646723,1882096.16
2024-11-01,1.0943901458449168,1.1073524656772593,1.1156853855694795,1.0934642658568925,2619987.98
2024-11-04,1.1073524656772593,1.1101301056413329,1.1110559856293574,1.0943901458449168,1656137.0
2024-11-05,1.1101301056413329,1.130499465377871,1.1314253453658956,1.1017971857491125,3005759.0
2024-11-06,1.130499465377871,1.1277218254137977,1.1388323852700912,1.1212406654976264,2318684.22
2024-11-07,1.1212406654976264,1.158275865018605,1.1592017450066294,1.1184630255335528,3455987.0
2024-11-08,1.178645224755143,1.149942945126385,1.1795711047431676,1.1388323852700912,4415085.14
2024-11-11,1.144387665198238,1.1369806252940422,1.1453135451862626,1.1212406654976264,2182204.0
2024-11-12,1.1332771053419444,1.1184630255335528,1.1397582652581157,1.1138336255934307,2196184.0
2024-11-13,1.1119818656173819,1.1240183054616997,1.1258700654377487,1.1110559856293574,1525623.0
2024-11-14,1.1184630255335528,1.1045748257131862,1.1258700654377487,1.1027230657371372,1529257.0
2024-11-15,1.1036489457251615,1.1027230657371372,1.1156853855694795,1.0962419058209658,3324007.65
2024-11-18,1.106426585689235,1.1323512253539199,1.144387665198238,1.106426585689235,3536342.56
2024-11-19,1.1323512253539199,1.1258700654377487,1.1323512253539199,1.106426585689235,2671676.0
2024-11-20,1.1221665454856509,1.1314253453658956,1.1314253453658956,1.1138336255934307,1854738.0
2024-11-21,1.1267959454257732,1.130499465377871,1.136054745306018,1.1240183054616997,1755235.0
2024-11-22,1.1314253453658956,1.092538385868868,1.1351288653179932,1.0906866258928192,1909769.0
2024-11-25,1.092538385868868,1.0860572259526968,1.0980936657970146,1.0777243060604764,1422973.0
2024-11-26,1.0869831059407211,1.082353706000599,1.0906866258928192,1.078650186048501,1104186.0
2024-11-27,1.0795760660365255,1.0916125058808437,1.092538385868868,1.062910226252085,1492402.0
2024-11-28,1.0879089859287459,1.082353706000599,1.0906866258928192,1.0795760660365255,1111848.0
2024-11-29,1.08050194602455,1.0879089859287459,1.092538385868868,1.074946666096403,1205403.0
2024-12-02,1.0869831059407211,1.1008713057610882,1.1027230657371372,1.08050194602455,1290969.0
2024-12-03,1.1008713057610882,1.1092042256533083,1.1101301056413329,1.0934642658568925,1396428.0
2024-12-04,1.1027230657371372,1.1286477054018222,1.1332771053419444,1.1027230657371372,2194580.0
2024-12-05,1.1258700654377487,1.1286477054018222,1.1323512253539199,1.1212406654976264,1131136.0
2024-12-06,1.1277218254137977,1.148091185150336,1.1527205850904583,1.1277218254137977,1942719.0
2024-12-09,1.154572345066507,1.1508688251144092,1.1638311449467518,1.1434617852102136,1635825.0
2024-12-10,1.1666087849108253,1.1490170651383604,1.1712381848509474,1.1453135451862626,2183027.2
2024-12-11,1.144387665198238,1.1675346648988496,1.1684605448868741,1.142535905222189,1401548.4
2024-12-12,1.1675346648988496,1.1610535049826785,1.1684605448868741,1.154572345066507,1083904.0
2024-12-13,1.1517947051024338,1.130499465377871,1.154572345066507,1.1258700654377487,1356135.4
2024-12-16,1.1249441854497244,1.1369806252940422,1.1434617852102136,1.1249441854497244,944889.4
2024-12-17,1.1351288653179932,1.1277218254137977,1.146239425174287,1.1249441854497244,771072.26
2024-12-18,1.1295735853898465,1.144387665198238,1.1536464650784826,1.1286477054018222,1202524.0
2024-12-19,1.136054745306018,1.1193889055215775,1.1379065052820667,1.1129077456054062,1089198.0
2024-12-20,1.1193889055215775,1.092538385868868,1.1193889055215775,1.092538385868868,1621345.0
2024-12-23,1.0888348659167701,1.0795760660365255,1.0943901458449168,1.0795760660365255,1419413.0
2024-12-24,1.0805386424874899,1.086316923998118,1.0872799709165561,1.0757234078952997,2122499.0
2024-12-25,1.086316923998118,1.0930582524271846,1.0949843462640607,1.0776495017321759,1567551.0
2024-12-26,1.0911321585903084,1.0843908301612422,1.0920952055087463,1.0805386424874899,1101660.0
2024-12-27,1.0853538770796802,1.0843908301612422,1.0853538770796802,1.0757234078952997,1013168.77
2024-12-30,1.086316923998118,1.0949843462640607,1.0969104401009366,1.083427783242804,1264664.0
2024-12-31,1.0930582524271846,1.0911321585903084,1.1046148154484412,1.086316923998118,1506080.0
2025-01-02,1.0892060647534325,1.059351610281853,1.0930582524271846,1.0535733287712246,1559577.28
2025-01-03,1.0564624695265388,1.059351610281853,1.0766864548137378,1.0554994226081007,1789300.0
2025-01-06,1.0574255164449768,1.0583885633634147,1.0680190325477954,1.0439428595868443,1368545.0
2025-01-07,1.0583885633634147,1.0497211410974725,1.0603146572002908,1.0372015311577776,1098677.0
2025-01-08,1.0468320003421583,1.0372015311577776,1.0477950472605964,1.024681921218083,1195653.0
2025-01-09,1.0362384842393397,1.0266080150549592,1.0362384842393397,1.020829733544331,985962.0
2025-01-10,1.024681921218083,1.0073470766861985,1.0304602027287113,1.0073470766861985,902643.0
2025-01-13,1.003494889012446,1.004457935930884,1.0121623112783884,1.00156879517557,794016.02
2025-01-14,1.0063840297677602,1.025644968136521,1.025644968136521,1.00156879517557,1066796.0
2025-01-15,1.021792780462769,1.018903639707455,1.0266080150549592,1.0160144989521407,746073.0
2025-01-16,1.023718874299645,1.0352754373209017,1.0439428595868443,1.0227558273812072,1394666.0
2025-01-17,1.0314232496471494,1.0314232496471494,1.0362384842393397,1.0275710619733973,827645.0
2025-01-20,1.0323862965655877,1.018903639707455,1.0323862965655877,1.0160144989521407,1051273.0
2025-01-21,1.020829733544331,1.004457935930884,1.021792780462769,1.0006057482571318,1095669.0
2025-01-22,1.0025318420940081,0.9938644198280655,1.003494889012446,0.9919383259911895,1244639.0
2025-01-23,0.9996427013386939,1.00156879517557,1.0121623112783884,0.9986796544202557,1296040.52
2025-01-24,1.0025318420940081,1.0083101236046363,1.0121623112783884,0.9938644198280655,1431510.52
2025-01-27,1.0073470766861985,1.0160144989521407,1.020829733544331,1.0073470766861985,984856.0
2025-02-05,1.021792780462769,0.9996427013386939,1.021792780462769,0.9948274667465036,943818.0
2025-02-06,1.0006057482571318,1.004457935930884,1.0054209828493221,0.9900122321543134,1231897.0
2025-02-07,1.00156879517557,1.0169775458705788,1.0198666866258927,0.9967535605833796,1346776.99
2025-02-10,1.0131253581968267,1.0150514520337026,1.0198666866258927,1.0111992643599506,1148640.0
2025-02-11,1.0150514520337026,1.0092731705230744,1.0160144989521407,1.003494889012446,922828.0
2025-02-12,1.0083101236046363,1.0054209828493221,1.0083101236046363,0.9996427013386939,873524.0
2025-02-13,1.0054209828493221,1.0083101236046363,1.0131253581968267,1.0025318420940081,2229037.86
2025-02-14,1.003494889012446,1.0025318420940081,1.0083101236046363,0.9986796544202557,1416658.86
2025-02-17,1.00156879517557,0.9919383259911895,1.0025318420940081,0.9900122321543134,1774308.79
2025-02-18,0.9919383259911895,0.9784556691330568,0.9919383259911895,0.9755665283777425,2691994.0
2025-02-19,0.9784556691330568,0.9736404345408665,0.9794187160514949,0.9688251999486762,1659113.44
2025-02-20,0.9726773876224286,0.9746034814593046,0.9774926222146187,0.9678621530302383,1718769.0
2025-02-21,0.9774926222146187,0.9688251999486762,0.9774926222146187,0.9668991061118002,2832978.0
2025-02-24,0.9668991061118002,0.9707512937855526,0.9717143407039903,0.961120824601172,2943739.96
2025-02-25,0.9678621530302383,0.9668991061118002,0.9794187160514949,0.961120824601172,2897760.0
2025-02-26,0.9659360591933621,0.9765295752961808,0.9774926222146187,0.9640099653564861,3620686.0
2025-02-27,0.9765295752961808,0.9688251999486762,0.9765295752961808,0.9640099653564861,2768484.86
2025-02-28,0.9678621530302383,0.9563055900089816,0.9707512937855526,0.9553425430905436,3636995.0
2025-03-03,0.9563055900089816,0.961120824601172,0.9659360591933621,0.9563055900089816,1858751.0
2025-03-04,0.9582316838458579,0.9486012146614774,0.9582316838458579,0.9466751208246013,1949217.0
2025-03-05,0.9466751208246013,0.942822933150849,0.9476381677430393,0.9360816047217827,2032522.0
2025-03-06,0.9418598862324109,0.9486012146614774,0.9495642615799154,0.9380076985586588,1797258.0
2025-03-07,0.9476381677430393,0.9572686369274198,0.9620838715196101,0.9457120739061633,3055250.62
2025-03-10,0.9582316838458579,0.9717143407039903,0.9726773876224286,0.9553425430905436,3186056.0
2025-03-11,0.9668991061118002,0.9697882468671143,0.9717143407039903,0.961120824601172,1917382.01
2025-03-12,0.9697882468671143,0.9649730122749242,0.9707512937855526,0.963046918438048,1973987.0
2025-03-13,0.9649730122749242,1.0073470766861985,1.0083101236046363,0.9640099653564861,6498145.16
2025-03-14,1.00156879517557,1.004457935930884,1.0054209828493221,0.9938644198280655,4724929.0
2025-03-17,1.003494889012446,1.00156879517557,1.0102362174415123,0.9996427013386939,1863307.0
2025-03-18,1.00156879517557,0.9948274667465036,1.0025318420940081,0.9900122321543134,2861945.0
2025-03-19,0.9919383259911895,0.9929013729096275,0.9996427013386939,0.9871230913989991,2020112.0
2025-03-20,0.9929013729096275,0.9986796544202557,1.0111992643599506,0.9919383259911895,2881923.0
2025-03-21,0.9919383259911895,0.9948274667465036,1.003494889012446,0.9890491852358754,4439600.0
2025-03-24,0.9929013729096275,0.9957905136649418,1.0054209828493221,0.9871230913989991,2831330.0
2025-03-25,0.9967535605833796,1.0179405927890168,1.018903639707455,0.9919383259911895,4420390.0
2025-03-26,1.0179405927890168,1.0160144989521407,1.018903639707455,1.0073470766861985,2613576.0
2025-03-27,1.0140884051152645,1.004457935930884,1.0179405927890168,1.003494889012446,2546918.0
2025-03-28,1.003494889012446,0.9880861383174373,1.003494889012446,0.9842339506436852,3095559.99
2025-03-31,0.9851969975621231,0.9755665283777425,0.9890491852358754,0.9726773876224286,2964007.0
2025-04-01,0.9755665283777425,0.9900122321543134,0.9909752790727514,0.9755665283777425,2246199.0
2025-04-02,0.9861600444805613,0.9861600444805613,0.9938644198280655,0.983270903725247,1782143.0
2025-04-03,0.9813448098883709,0.9871230913989991,0.9871230913989991,0.9794187160514949,1289543.0
2025-04-07,0.961120824601172,0.8985227749026988,0.961120824601172,0.8888923057183185,3620704.99
2025-04-08,0.9023749625764511,0.9312663701295923,0.9331924639664686,0.9023749625764511,2901065.0
2025-04-09,0.921635900945212,0.9322294170480306,0.9331924639664686,0.9052641033317651,1801797.72
2025-04-10,0.9360816047217827,0.9380076985586588,0.943785980069287,0.9303033232111544,1645425.0
2025-04-11,0.9370446516402208,0.9322294170480306,0.9370446516402208,0.9283772293742782,1631505.0
2025-04-14,0.9331924639664686,0.9553425430905436,0.9563055900089816,0.9322294170480306,2055261.0
2025-04-15,0.9514903554167915,0.9543794961721056,0.9563055900089816,0.9466751208246013,1229225.0
2025-04-16,0.9534164492536675,0.9543794961721056,0.9563055900089816,0.9457120739061633,1119649.0
2025-04-17,0.9524534023352295,0.9534164492536675,0.9563055900089816,0.9476381677430393,1001336.42
2025-04-18,0.9524534023352295,0.9486012146614774,0.9524534023352295,0.9447490269877252,943119.13
2025-04-21,0.9466751208246013,0.9495642615799154,0.9514903554167915,0.9447490269877252,1209383.0
2025-04-22,0.9457120739061633,0.9476381677430393,0.9553425430905436,0.9457120739061633,1152284.75
2025-04-23,0.9495642615799154,0.9466751208246013,0.9514903554167915,0.943785980069287,1092802.0
2025-04-24,0.9466751208246013,0.9486012146614774,0.9553425430905436,0.9447490269877252,1425218.46
2025-04-25,0.9505273084983534,0.9466751208246013,0.9505273084983534,0.9380076985586588,1310565.0
2025-04-28,0.9408968393139729,0.9351185578033447,0.9418598862324109,0.9254880886189641,1681714.0
2025-04-29,0.9303033232111544,0.9274141824558403,0.9331924639664686,0.92259894786365,1275414.97
2025-04-30,0.9254880886189641,0.92259894786365,0.9283772293742782,0.92259894786365,961965.0
2025-05-06,0.9264511355374022,0.9322294170480306,0.9322294170480306,0.92259894786365,1333043.0
2025-05-07,0.9341555108849067,0.9380076985586588,0.9399337923955349,0.9312663701295923,2024589.0
2025-05-08,0.9351185578033447,0.9389707454770968,0.9408968393139729,0.9322294170480306,1283503.31
2025-05-09,0.9389707454770968,0.9351185578033447,0.9399337923955349,0.9322294170480306,1097326.0
2025-05-12,0.9380076985586588,0.9370446516402208,0.9389707454770968,0.9312663701295923,989360.0
2025-05-13,0.9380076985586588,0.943785980069287,0.9466751208246013,0.9380076985586588,2136246.0
2025-05-14,0.943785980069287,0.9543794961721056,0.9543794961721056,0.9399337923955349,2307909.08
2025-05-15,0.9505273084983534,0.9543794961721056,0.9688251999486762,0.9505273084983534,1928194.9
2025-05-16,0.9495642615799154,0.9495642615799154,0.9553425430905436,0.9457120739061633,1436202.08
2025-05-19,0.9486012146614774,0.9514903554167915,0.9524534023352295,0.9476381677430393,907266.6
2025-05-20,0.9514903554167915,0.9495642615799154,0.9524534023352295,0.9466751208246013,1130649.41
2025-05-21,0.9495642615799154,0.9726773876224286,0.9765295752961808,0.9486012146614774,3383181.91
2025-05-22,0.9678621530302383,0.9649730122749242,0.9717143407039903,0.963046918438048,1525491.01
2025-05-23,0.9640099653564861,0.9563055900089816,0.9746034814593046,0.9553425430905436,2220490.33
2025-05-26,0.9543794961721056,0.9524534023352295,0.9572686369274198,0.9486012146614774,1271053.0
2025-05-27,0.9534164492536675,0.943785980069287,0.9553425430905436,0.9399337923955349,1515796.0
2025-05-28,0.943785980069287,0.9495642615799154,0.9524534023352295,0.9408968393139729,1036789.0
2025-05-29,0.9486012146614774,0.9553425430905436,0.9582316838458579,0.9476381677430393,1083784.21
2025-05-30,0.9543794961721056,0.9495642615799154,0.9553425430905436,0.9486012146614774,1067999.0
2025-06-03,0.9486012146614774,0.942822933150849,0.9486012146614774,0.9380076985586588,1479058.0
2025-06-04,0.9457120739061633,0.9524534023352295,0.9534164492536675,0.9389707454770968,2135363.0
2025-06-05,0.9524534023352295,0.9466751208246013,0.9572686369274198,0.943785980069287,1470058.0
2025-06-06,0.9495642615799154,0.9505273084983534,0.9572686369274198,0.9486012146614774,1880775.0
2025-06-09,0.9466751208246013,0.9543794961721056,0.9553425430905436,0.9457120739061633,1287446.0
2025-06-10,0.9534164492536675,0.9495642615799154,0.9572686369274198,0.943785980069287,1578985.0
2025-06-11,0.9495642615799154,0.9582316838458579,0.9620838715196101,0.9486012146614774,1620572.79
2025-06-12,0.9563055900089816,0.9505273084983534,0.9572686369274198,0.9486012146614774,1087136.09
2025-06-13,0.9524534023352295,0.9486012146614774,0.9534164492536675,0.9466751208246013,1147555.75
2025-06-16,0.9514903554167915,0.9495642615799154,0.9543794961721056,0.9476381677430393,2062512.38
2025-06-17,0.9495642615799154,0.9572686369274198,0.9582316838458579,0.942822933150849,1727719.0
2025-06-18,0.9553425430905436,0.9495642615799154,0.9572686369274198,0.9457120739061633,1739982.0
2025-06-19,0.9486012146614774,0.9360816047217827,0.9486012146614774,0.9331924639664686,1957471.0
2025-06-20,0.9360816047217827,0.9370446516402208,0.9466751208246013,0.9360816047217827,1226150.0
2025-06-23,0.9380076985586588,0.9534164492536675,0.9543794961721056,0.9341555108849067,2086090.62
2025-06-24,0.9476381677430393,0.9486012146614774,0.9505273084983534,0.9399337923955349,1672456.43
2025-06-25,0.9486012146614774,0.9486012146614774,0.9495642615799154,0.9408968393139729,1963228.1
2025-06-26,0.9486012146614774,0.943785980069287,0.9543794961721056,0.942822933150849,1450671.22
2025-06-27,0.9486012146614774,0.9534164492536675,0.9563055900089816,0.9447490269877252,2071551.0
2025-06-30,0.9553425430905436,0.9543794961721056,0.9563055900089816,0.9505273084983534,1667021.26
2025-07-01,0.9514903554167915,0.9543794961721056,0.9543794961721056,0.9476381677430393,1240185.07
2025-07-02,0.9524534023352295,0.9717143407039903,0.9717143407039903,0.9505273084983534,2634931.26
2025-07-03,0.9717143407039903,0.9659360591933621,0.9803817629699328,0.961120824601172,3856266.66
2025-07-04,0.9659360591933621,0.9659360591933621,0.9774926222146187,0.9649730122749242,3537722.98
2025-07-07,0.9668991061118002,0.9659360591933621,0.9688251999486762,0.959194730764296,1813347.29
2025-07-08,0.9659360591933621,0.9697882468671143,0.9707512937855526,0.961120824601172,1680653.0
2025-07-09,0.9697882468671143,0.9774926222146187,0.9794187160514949,0.9697882468671143,2337128.07
2025-07-10,0.9765295752961808,0.9948274667465036,0.9967535605833796,0.9755665283777425,9617115.02
2025-07-11,0.9977166075018179,0.9909752790727514,0.9986796544202557,0.9880861383174373,8169143.96
2025-07-14,0.9890491852358754,0.9929013729096275,1.00156879517557,0.9861600444805613,4830504.19
2025-07-15,0.9909752790727514,0.9697882468671143,0.9909752790727514,0.9668991061118002,4991492.0
2025-07-16,0.9697882468671143,0.9659360591933621,0.9697882468671143,0.9620838715196101,2541829.7
2025-07-17,0.9659360591933621,0.9678621530302383,0.9678621530302383,0.9620838715196101,2561057.52
2025-07-18,0.9707512937855526,0.9784556691330568,0.9842339506436852,0.9707512937855526,4609030.77
2025-07-21,0.9823078568068091,1.004457935930884,1.004457935930884,0.9813448098883709,5519179.52
2025-07-22,1.0092731705230744,1.0872799709165561,1.0892060647534325,0.9986796544202557,14724893.61
2025-07-23,1.1171344253881357,1.0709081733031096,1.1171344253881357,1.0651298917924812,12202956.87
2025-07-24,1.0651298917924812,1.0882430178349942,1.0920952055087463,1.0516472349343486,6978278.26
2025-07-25,1.086316923998118,1.0737973140584236,1.105577862366879,1.0709081733031096,5669810.91
2025-07-28,1.0497211410974725,1.042979812668406,1.059351610281853,1.0352754373209017,7466798.82
2025-07-29,1.039127624994654,1.0526102818527865,1.0526102818527865,1.0304602027287113,3979175.02
2025-07-30,1.0574255164449768,1.0497211410974725,1.0680190325477954,1.0468320003421583,4984976.0
2025-07-31,1.0352754373209017,1.0179405927890168,1.042016765749968,1.0111992643599506,7967903.83
2025-08-01,1.0198666866258927,1.018903639707455,1.025644968136521,1.0160144989521407,4367559.51
2025-08-04,1.0131253581968267,1.025644968136521,1.025644968136521,1.0102362174415123,3196958.46
2025-08-05,1.0266080150549592,1.0381645780762159,1.040090671913092,1.023718874299645,4969977.54
2025-08-06,1.0381645780762159,1.0603146572002908,1.063203797955605,1.0362384842393397,6825691.2
2025-08-07,1.0564624695265388,1.0612777041187291,1.0680190325477954,1.0458689534237204,5754623.43
2025-08-08,1.0564624695265388,1.0574255164449768,1.0651298917924812,1.0526102818527865,4607798.47
2025-08-11,1.0583885633634147,1.0574255164449768,1.0641668448740431,1.0535733287712246,4370296.0
2025-08-12,1.0612777041187291,1.0709081733031096,1.0766864548137378,1.0583885633634147,5680421.35
2025-08-13,1.0689820794662335,1.059351610281853,1.0689820794662335,1.0583885633634147,6084182.71
2025-08-14,1.0564624695265388,1.042979812668406,1.0574255164449768,1.040090671913092,7106206.9
2025-08-15,1.039127624994654,1.0526102818527865,1.0535733287712246,1.0381645780762159,5452386.81
2025-08-18,1.059351610281853,1.0468320003421583,1.0660929387109193,1.042979812668406,8390673.73
2025-08-19,1.0449059065052821,1.042016765749968,1.0458689534237204,1.039127624994654,4656354.0
2025-08-20,1.039127624994654,1.0458689534237204,1.0458689534237204,1.0343123904024638,3207024.0
2025-08-21,1.0477950472605964,1.0545363756896626,1.0574255164449768,1.042979812668406,4951089.21
2025-08-22,1.0535733287712246,1.0535733287712246,1.0545363756896626,1.042016765749968,9900651.2
2025-08-25,1.0603146572002908,1.0680190325477954,1.0709081733031096,1.0554994226081007,8427789.21
2025-08-26,1.0689820794662335,1.059351610281853,1.0689820794662335,1.0574255164449768,6573861.23
2025-08-27,1.0564624695265388,1.0294971558102735,1.0574255164449768,1.0285341088918354,9127732.29
2025-08-28,1.024681921218083,1.0227558273812072,1.0285341088918354,1.0083101236046363,7741674.1
2025-08-29,1.021792780462769,1.021792780462769,1.0333493434840255,1.0169775458705788,4857451.97
2025-09-01,1.0198666866258927,1.023718874299645,1.0294971558102735,1.0131253581968267,4327794.42
2025-09-02,1.0227558273812072,1.0169775458705788,1.023718874299645,1.0131253581968267,5175413.49
2025-09-03,1.018903639707455,0.9996427013386939,1.021792780462769,0.9967535605833796,5336061.79
2025-09-04,0.9957905136649418,1.004457935930884,1.0054209828493221,0.9919383259911895,3666044.0
2025-09-05,1.0054209828493221,1.0169775458705788,1.018903639707455,0.9996427013386939,5435370.67
2025-09-08,1.0169775458705788,1.023718874299645,1.023718874299645,1.0102362174415123,3565155.02
2025-09-09,1.024681921218083,1.021792780462769,1.0275710619733973,1.0160144989521407,4199259.48
2025-09-10,1.0179405927890168,1.0131253581968267,1.020829733544331,1.0111992643599506,4188045.66
2025-09-11,1.0140884051152645,1.0169775458705788,1.0169775458705788,1.0063840297677602,5969645.3
2025-09-12,1.0169775458705788,1.020829733544331,1.025644968136521,1.0102362174415123,5792537.25
2025-09-15,1.018903639707455,1.0333493434840255,1.0343123904024638,1.0140884051152645,6965164.8
2025-09-16,1.042979812668406,1.0372015311577776,1.0487580941790342,1.0314232496471494,11432785.86
2025-09-17,1.0314232496471494,1.059351610281853,1.062240751037167,1.0294971558102735,9838122.84
2025-09-18,1.0516472349343486,1.0333493434840255,1.0545363756896626,1.023718874299645,8686375.22
2025-09-19,1.0333493434840255,1.059351610281853,1.0603146572002908,1.0323862965655877,8849265.01
2025-09-22,1.0583885633634147,1.0497211410974725,1.0680190325477954,1.0458689534237204,8386435.92
2025-09-23,1.0468320003421583,1.0545363756896626,1.0612777041187291,1.040090671913092,7681549.61
2025-09-24,1.0487580941790342,1.0545363756896626,1.0583885633634147,1.04105371883153,6708189.51
2025-09-25,1.0516472349343486,1.0468320003421583,1.0526102818527865,1.042016765749968,9434963.0
2025-09-26,1.0468320003421583,1.042016765749968,1.0535733287712246,1.04105371883153,4957895.45
2025-09-29,1.0343123904024638,1.0314232496471494,1.0352754373209017,1.018903639707455,6330627.58
2025-09-30,1.0266080150549592,1.0294971558102735,1.0333493434840255,1.021792780462769,3744229.69
2025-10-09,1.0294971558102735,1.0583885633634147,1.059351610281853,1.0266080150549592,7021411.28
2025-10-10,1.0535733287712246,1.078612548650614,1.0882430178349942,1.0487580941790342,11674968.04
2025-10-13,1.0535733287712246,1.0757234078952997,1.0766864548137378,1.0535733287712246,7042332.8
2025-10-14,1.0766864548137378,1.103651768530003,1.1075039562037552,1.0728342671399858,11871906.73
2025-10-15,1.1065409092853173,1.102688721611565,1.1113561438775075,1.0911321585903084,9401413.28
2025-10-16,1.102688721611565,1.1354323168384586,1.1373584106753347,1.1007626277746891,13386385.08
2025-10-17,1.1335062230015827,1.1258018476540783,1.1527671613703436,1.123875753817202,12122503.17
2025-10-20,1.1296540353278304,1.1729911466575427,1.1749172404944186,1.1286909884093923,14816327.17
2025-10-21,1.161434583636286,1.1585454428809718,1.161434583636286,1.1373584106753347,17551285.61
2025-10-22,1.1460258329412771,1.1373584106753347,1.1566193490440957,1.1344692699200207,10437676.68
2025-10-23,1.1363953637568966,1.165286771310038,1.1739541935759805,1.1363953637568966,13493690.62
2025-10-24,1.1498780206150294,1.144099739104401,1.1537302082887815,1.1354323168384586,12179344.36
2025-10-27,1.1335062230015827,1.1527671613703436,1.1672128651469142,1.1142452846328217,15195378.71
2025-10-28,1.144099739104401,1.140247551430649,1.1498780206150294,1.1315801291647065,9362645.97
2025-10-29,1.1363953637568966,1.1556563021256576,1.162397630554724,1.1277279414909545,10699001.24
2025-10-30,1.1479519267781533,1.1498780206150294,1.1643237243916003,1.1460258329412771,9588412.69
2025-10-31,1.1421736452675249,1.1383214575937728,1.1489149736965913,1.1344692699200207,7187892.15
2025-11-03,1.140247551430649,1.1672128651469142,1.1758802874128569,1.139284504512211,12193493.15
2025-11-04,1.162397630554724,1.165286771310038,1.1806955220050468,1.1585454428809718,7206097.95
2025-11-05,1.1585454428809718,1.1855107565972371,1.19899341345537,1.1566193490440957,9351627.38
2025-11-06,1.1835846627603612,1.1941781788631796,1.2047716949659981,1.1749172404944186,7721042.24
2025-11-07,1.1922520850263034,1.1941781788631796,1.2086238826397502,1.184547709678799,5300272.9
2025-11-10,1.1970673196184938,1.201882554210684,1.2134391172319405,1.1855107565972371,6447582.87
2025-11-11,1.1951412257816176,1.1864738035156752,1.1980303665369318,1.1662498182284764,9929212.55
2025-11-12,1.177806381249733,1.1720280997391046,1.1855107565972371,1.1691389589837902,6701288.19
2025-11-13,1.1681759120653523,1.1835846627603612,1.1864738035156752,1.161434583636286,6926032.8
2025-11-14,1.1787694281681709,1.1701020059022285,1.1932151319447417,1.1662498182284764,6132664.33
2025-11-17,1.1701020059022285,1.1903259911894273,1.1961042727000557,1.161434583636286,9074012.49
2025-11-18,1.1826216158419232,1.1489149736965913,1.1835846627603612,1.1450627860228393,7576361.98
2025-11-19,1.141210598349087,1.1479519267781533,1.1537302082887815,1.1363953637568966,4160683.36
2025-11-20,1.140247551430649,1.122912706898764,1.1489149736965913,1.12002356614345,6782856.65
2025-11-21,1.1171344253881357,1.0901691116718704,1.12002356614345,1.0892060647534325,7606426.62
2025-11-24,1.0901691116718704,1.0805386424874899,1.0978734870193747,1.0718712202215475,5580641.95
2025-11-25,1.0795755955690518,1.0882430178349942,1.0892060647534325,1.0766864548137378,4308353.22
2025-11-26,1.081501689405928,1.0805386424874899,1.0892060647534325,1.078612548650614,3352861.47
2025-11-27,1.0805386424874899,1.0872799709165561,1.0892060647534325,1.0737973140584236,4009697.94
2025-11-28,1.0824647363243662,1.086316923998118,1.0901691116718704,1.078612548650614,2909600.08
2025-12-01,1.086316923998118,1.0969104401009366,1.0969104401009366,1.086316923998118,3517295.17
2025-12-02,1.0978734870193747,1.0959473931824988,1.0997995808562508,1.083427783242804,4424802.4
2025-12-03,1.0911321585903084,1.102688721611565,1.1123191907959455,1.0901691116718704,4670657.43
2025-12-04,1.102688721611565,1.0930582524271846,1.102688721611565,1.0882430178349942,3401662.0
2025-12-05,1.0892060647534325,1.0882430178349942,1.0911321585903084,1.0805386424874899,3116972.29
2025-12-08,1.081501689405928,1.0718712202215475,1.0824647363243662,1.063203797955605,6413911.58
2025-12-09,1.0680190325477954,1.0564624695265388,1.0689820794662335,1.0545363756896626,3946672.28
2025-12-10,1.0564624695265388,1.059351610281853,1.0612777041187291,1.0535733287712246,2492583.22
2025-12-11,1.0574255164449768,1.0487580941790342,1.0641668448740431,1.0468320003421583,2753256.0
2025-12-12,1.0487580941790342,1.0449059065052821,1.0583885633634147,1.042979812668406,3700446.26
2025-12-15,1.0468320003421583,1.0526102818527865,1.059351610281853,1.0449059065052821,3684918.81
2025-12-16,1.0497211410974725,1.0352754373209017,1.0506841880159103,1.0323862965655877,2937135.95
2025-12-17,1.0333493434840255,1.0352754373209017,1.0362384842393397,1.024681921218083,3160369.05
2025-12-18,1.040090671913092,1.0545363756896626,1.0554994226081007,1.039127624994654,4266837.0
2025-12-19,1.0449059065052821,1.0506841880159103,1.0516472349343486,1.04105371883153,4248107.94
2025-12-22,1.0497211410974725,1.0487580941790342,1.0526102818527865,1.04105371883153,3474282.01
2025-12-23,1.0487580941790342,1.042979812668406,1.0516472349343486,1.039127624994654,3599858.0
2025-12-24,1.045,1.038,1.045,1.028,3611951.0
2025-12-25,1.037,1.036,1.038,1.032,3881062.57
2025-12-26,1.033,1.039,1.042,1.032,3657875.6
2025-12-29,1.039,1.043,1.052,1.038,4062990.17
2025-12-30,1.04,1.035,1.041,1.03,2330527.83
2025-12-31,1.033,1.028,1.036,1.024,2295563.1
2026-01-05,1.028,1.034,1.037,1.028,2924239.89
2026-01-06,1.033,1.053,1.053,1.031,7049917.52
2026-01-07,1.059,1.093,1.094,1.053,12688260.08
2026-01-08,1.1,1.092,1.104,1.082,9476354.44
2026-01-09,1.08,1.096,1.098,1.08,6447283.82
2026-01-12,1.096,1.094,1.104,1.086,5117990.89
2026-01-13,1.092,1.081,1.094,1.079,5172851.4
2026-01-14,1.08,1.072,1.085,1.065,6020646.63
2026-01-15,1.072,1.067,1.077,1.064,3665123.27
2026-01-16,1.067,1.054,1.074,1.05,4163412.1
2026-01-19,1.054,1.069,1.069,1.054,3892983.64
2026-01-20,1.068,1.083,1.084,1.06,3905804.63
2026-01-21,1.08,1.07,1.08,1.061,4196712.0
2026-01-22,1.067,1.089,1.09,1.063,5199280.27
2026-01-23,1.087,1.079,1.087,1.076,4903815.43
2026-01-26,1.077,1.101,1.103,1.075,6666090.92
2026-01-27,1.101,1.073,1.103,1.072,5871822.77
2026-01-28,1.075,1.124,1.129,1.071,10633101.4
2026-01-29,1.122,1.129,1.14,1.111,9733302.73
2026-01-30,1.135,1.13,1.168,1.116,10368466.51
2026-02-02,1.101,1.063,1.113,1.06,8801501.41
2026-02-03,1.066,1.069,1.077,1.054,5276698.0
2026-02-04,1.073,1.166,1.175,1.072,21437546.76
2026-02-05,1.139,1.133,1.145,1.122,9912790.09
2026-02-06,1.115,1.128,1.137,1.108,6384347.47
2026-02-09,1.122,1.134,1.14,1.122,5379468.43
2026-02-10,1.131,1.144,1.15,1.118,4809936.22
2026-02-11,1.14,1.16,1.165,1.128,6912048.49
2026-02-12,1.158,1.164,1.177,1.151,5069725.99
2026-02-13,1.156,1.144,1.168,1.143,5096941.63
2026-02-24,1.148,1.18,1.187,1.148,5417641.1
2026-02-25,1.175,1.177,1.2,1.172,5859714.17
2026-02-26,1.176,1.169,1.193,1.163,4717958.0
2026-02-27,1.166,1.202,1.207,1.164,5695303.76
2026-03-02,1.233,1.243,1.247,1.209,14015492.69
2026-03-03,1.247,1.283,1.31,1.223,14852624.28
2026-03-04,1.27,1.255,1.27,1.207,9976981.15
2026-03-05,1.231,1.252,1.266,1.218,8763229.76
2026-03-06,1.235,1.237,1.245,1.217,6945625.44
2026-03-09,1.3,1.276,1.33,1.268,17697389.89
2026-03-10,1.205,1.234,1.254,1.204,9543747.51
2026-03-11,1.229,1.268,1.273,1.215,8666177.71
2026-03-12,1.282,1.335,1.342,1.269,13970095.44
2026-03-13,1.336,1.319,1.36,1.317,10759747.06
2026-03-16,1.324,1.288,1.335,1.28,9674463.78
2026-03-17,1.277,1.26,1.295,1.253,9024760.82
2026-03-18,1.254,1.251,1.283,1.234,7089735.16
2026-03-19,1.276,1.279,1.29,1.264,10834106.56
2026-03-20,1.256,1.283,1.293,1.25,9620528.77
2026-03-23,1.308,1.293,1.33,1.28,9344455.12
2026-03-24,1.262,1.286,1.292,1.262,7037288.84
2026-03-25,1.255,1.266,1.272,1.234,8412091.72
2026-03-26,1.267,1.281,1.286,1.258,6235888.88
2026-03-27,1.268,1.277,1.289,1.262,4500052.9
2026-03-30,1.278,1.268,1.298,1.257,5037985.73
2026-03-31,1.253,1.22,1.272,1.217,7619346.35
2026-04-01,1.205,1.213,1.232,1.196,5900057.22
2026-04-02,1.214,1.225,1.238,1.214,4136011.22
2026-04-03,1.222,1.192,1.223,1.186,3335667.16
2026-04-07,1.192,1.226,1.227,1.185,4361391.43
2026-04-08,1.187,1.202,1.202,1.178,8740503.0
2026-04-09,1.202,1.193,1.205,1.19,3390144.86
2026-04-10,1.185,1.195,1.205,1.183,5953187.38
2026-04-13,1.207,1.206,1.217,1.195,4903932.91
2026-04-14,1.196,1.193,1.202,1.185,6509272.0
2026-04-15,1.187,1.195,1.199,1.166,5608636.01
2026-04-16,1.191,1.198,1.199,1.187,3713387.7
2026-04-17,1.198,1.179,1.2,1.176,4102551.0
2026-04-20,1.179,1.177,1.188,1.165,5032075.11
2026-04-21,1.172,1.206,1.21,1.172,5157123.17
2026-04-22,1.207,1.21,1.224,1.205,4331408.0
2026-04-23,1.204,1.246,1.254,1.204,6735580.5
2026-04-24,1.244,1.247,1.263,1.24,5326391.25
2026-04-27,1.233,1.254,1.259,1.221,6151853.09
2026-04-28,1.243,1.298,1.305,1.243,6390467.09
2026-04-29,1.291,1.32,1.333,1.288,5901613.16
2026-04-30,1.316,1.315,1.328,1.302,8818984.14
2026-05-06,1.307,1.322,1.325,1.292,6762756.89
2026-05-07,1.305,1.257,1.306,1.255,8460766.53
2026-05-08,1.259,1.246,1.272,1.243,4812871.79
2026-05-11,1.246,1.252,1.273,1.246,8086164.57
2026-05-12,1.249,1.239,1.26,1.233,4235094.07
2026-05-13,1.237,1.228,1.245,1.22,6295848.1
2026-05-14,1.227,1.212,1.239,1.211,4027714.86
2026-05-15,1.211,1.231,1.247,1.201,8385955.73
2026-05-18,1.237,1.252,1.256,1.22,8904235.85
2026-05-19,1.245,1.249,1.263,1.24,5287656.18
2026-05-20,1.248,1.229,1.257,1.226,4901432.0
2026-05-21,1.212,1.19,1.224,1.187,5317690.18
2026-05-22,1.186,1.18,1.192,1.168,4052668.02
2026-05-25,1.217,1.218,1.252,1.213,9602177.03
2026-05-26,1.205,1.206,1.228,1.197,4772594.64
2026-05-27,1.202,1.23,1.236,1.192,5355778.61
2026-05-28,1.227,1.251,1.276,1.223,7464524.9
2026-05-29,1.243,1.284,1.29,1.24,7004623.0
2026-06-01,1.292,1.369,1.371,1.273,13695451.59
2026-06-02,1.37,1.347,1.41,1.336,12464264.59
2026-06-03,1.325,1.4,1.412,1.321,14781749.93
2026-06-04,1.39,1.43,1.459,1.366,17084186.26
2026-06-05,1.406,1.395,1.439,1.39,11993638.23
2026-06-08,1.383,1.389,1.423,1.362,14289104.2
2026-06-09,1.343,1.36,1.376,1.332,8704657.93
2026-06-10,1.35,1.305,1.353,1.298,7565568.75
2026-06-11,1.314,1.31,1.331,1.293,6370576.2
2026-06-12,1.28,1.318,1.336,1.28,7077252.58
2026-06-15,1.292,1.258,1.292,1.247,11997709.76
2026-06-16,1.248,1.225,1.249,1.214,12665229.03
2026-06-17,1.223,1.195,1.225,1.19,7340958.4
2026-06-18,1.188,1.156,1.19,1.155,7711903.74
2026-06-22,1.152,1.181,1.182,1.142,11836340.24
2026-06-23,1.173,1.165,1.196,1.16,6624354.54
2026-06-24,1.166,1.129,1.167,1.125,8334394.74
2026-06-25,1.119,1.11,1.136,1.102,6720535.32
2026-06-26,1.115,1.081,1.118,1.08,5009211.93
2026-06-29,1.082,1.098,1.103,1.062,5879230.83
2026-06-30,1.094,1.067,1.098,1.059,6716147.41
2026-07-01,1.062,1.096,1.109,1.059,8183390.6
2026-07-02,1.095,1.103,1.121,1.092,12776215.1
2026-07-03,1.107,1.115,1.125,1.105,6896606.0
2026-07-06,1.106,1.162,1.163,1.102,12513047.0
2026-07-07,1.159,1.128,1.163,1.119,8735998.0
2026-07-08,1.132,1.141,1.166,1.126,8098442.02
2026-07-09,1.13,1.119,1.145,1.114,6844891.98
2026-07-10,1.101,1.119,1.129,1.089,6097825.82
2026-07-13,1.122,1.12,1.134,1.104,5569189.82
2026-07-14,1.123,1.166,1.172,1.117,11581250.09
2026-07-15,1.15,1.186,1.189,1.146,8477975.0
2026-07-16,1.187,1.159,1.192,1.15,6098533.15
2026-07-17,1.155,1.138,1.17,1.137,14918060.16
