date,open,close,high,low,volume
2021-02-04,3.170494985441605,3.131672597864769,3.206082174053704,3.076674215464251,1587134.0
2021-02-05,3.154318990617923,3.0831446133937237,3.212552571983177,3.0702038175347783,1929955.0
2021-02-08,3.076674215464251,3.1122614040763508,3.115496603041087,2.976383047557425,1181278.0
2021-02-09,3.1122614040763508,3.2254933678421223,3.231963765771595,3.1122614040763508,1441479.0
2021-02-10,3.2351989647363313,3.283726949207376,3.299902944031058,3.199611776124232,2734521.64
2021-02-18,3.380782918149466,3.2513749595600125,3.387253316078939,3.2093173730184406,1812204.18
2021-02-19,3.212552571983177,3.202846975088968,3.2351989647363313,3.105791006146878,1857902.0
2021-02-22,3.1963765771594956,3.141378194758978,3.2675509543836947,3.141378194758978,1637359.0
2021-02-23,3.1381429957942415,3.12196700097056,3.154318990617923,3.066968618570042,1119688.0
2021-02-24,3.1090262051116144,2.969912649627952,3.1284373989000325,2.934325461015853,2682099.0
2021-02-25,3.0087350372047883,2.9407958589453256,3.0281462309932063,2.9213846651569075,1282909.0
2021-02-26,2.889032675509544,2.889032675509544,2.908443869297962,2.8146230993206083,1335074.0
2021-03-01,2.918149466192171,2.986088644451634,3.0022646392753156,2.918149466192171,1076167.0
2021-03-02,3.0087350372047883,2.976383047557425,3.02491103202847,2.9375606599805892,1075153.0
2021-03-03,2.960207052733743,2.9828534454868976,2.9828534454868976,2.908443869297962,902242.0
2021-03-04,2.960207052733743,2.7887415076027176,2.960207052733743,2.775800711743772,2884824.0
2021-03-05,2.724037528307991,2.785506308637981,2.8146230993206083,2.6981559365901004,1118466.0
2021-03-08,2.7952119055321902,2.6334519572953736,2.8146230993206083,2.6302167583306373,1383493.0
2021-03-09,2.6269815593659014,2.5784535748948563,2.6690391459074734,2.5072791976706568,1237786.0
2021-03-10,2.646392753154319,2.614040763506956,2.675509543836946,2.6010999676480107,930252.0
2021-03-11,2.6205111614364287,2.704626334519573,2.714331931413782,2.604335166612747,1249107.0
2021-03-12,2.7272727272727275,2.746683921061145,2.766095114849563,2.6884503396958914,1051160.0
2021-03-15,2.746683921061145,2.646392753154319,2.7499191200258815,2.614040763506956,965807.0
2021-03-16,2.6399223552248463,2.6528631510837917,2.6722743448722097,2.6010999676480107,645402.0
2021-03-17,2.6496279521190553,2.694920737625364,2.701391135554837,2.5978647686832743,746144.0
2021-03-18,2.694920737625364,2.7272727272727275,2.736978324166936,2.6916855386606278,637039.0
2021-03-19,2.6690391459074734,2.6431575541895826,2.6884503396958914,2.6205111614364287,822718.0
2021-03-22,2.63668715626011,2.6819799417664187,2.701391135554837,2.63668715626011,651115.0
2021-03-23,2.6819799417664187,2.604335166612747,2.6819799417664187,2.5816887738595926,1254544.0
2021-03-24,2.5881591717890653,2.5525719831769655,2.6172759624716924,2.536395988353284,891716.0
2021-03-25,2.526690391459075,2.555807182141702,2.5687479780006472,2.4975736007764477,643425.0
2021-03-26,2.5687479780006472,2.6722743448722097,2.6819799417664187,2.5590423811064382,1727207.0
2021-03-29,2.665803946942737,2.6496279521190553,2.675509543836946,2.6334519572953736,663494.0
2021-03-30,2.6399223552248463,2.701391135554837,2.7078615334843095,2.623746360401165,895985.0
2021-03-31,2.701391135554837,2.694920737625364,2.7078615334843095,2.6593335490132644,734341.0
2021-04-01,2.6981559365901004,2.720802329343255,2.756389517955354,2.6981559365901004,817085.0
2021-04-02,2.724037528307991,2.730507926237464,2.7499191200258815,2.694920737625364,544446.0
2021-04-06,2.7402135231316724,2.7693303138142995,2.7952119055321902,2.7337431252021998,764276.0
2021-04-07,2.782271109673245,2.7272727272727275,2.782271109673245,2.6981559365901004,595353.0
2021-04-08,2.704626334519573,2.7078615334843095,2.7175671303785185,2.6787447428016824,430094.0
2021-04-09,2.714331931413782,2.656098350048528,2.714331931413782,2.646392753154319,617503.0
2021-04-12,2.656098350048528,2.5881591717890653,2.6690391459074734,2.5687479780006472,870928.0
2021-04-13,2.5881591717890653,2.594629569718538,2.6205111614364287,2.5687479780006472,589671.0
2021-04-14,2.6075703655774833,2.6722743448722097,2.675509543836946,2.5978647686832743,834002.0
2021-04-15,2.656098350048528,2.6722743448722097,2.685215140731155,2.6334519572953736,511330.0
2021-04-16,2.6722743448722097,2.6625687479780007,2.6787447428016824,2.6108055645422197,685631.0
2021-04-19,2.6625687479780007,2.785506308637981,2.791976706567454,2.646392753154319,1719438.0
2021-04-20,2.782271109673245,2.7952119055321902,2.840504691038499,2.756389517955354,1192140.0
2021-04-21,2.7790359107085085,2.785506308637981,2.811387900355872,2.7499191200258815,597482.0
2021-04-22,2.8081527013911356,2.7952119055321902,2.8275638951795536,2.762859915884827,592952.0
2021-04-23,2.7984471044969266,2.8437398900032353,2.8534454868974444,2.785506308637981,746914.0
2021-04-26,2.8437398900032353,2.801682303461663,2.898738272403753,2.7952119055321902,966115.0
2021-04-27,2.8049175024263993,2.785506308637981,2.8178582982853446,2.746683921061145,786643.0
2021-04-28,2.775800711743772,2.8469750889679717,2.859915884826917,2.775800711743772,876502.0
2021-04-29,2.850210287932708,2.8534454868974444,2.8631510837916534,2.8146230993206083,620870.0
2021-04-30,2.8534454868974444,2.9310902620511166,2.944031057910062,2.8372694920737627,1651119.0
2021-05-06,2.92785506308638,2.914914267227435,2.956971853769007,2.859915884826917,1170407.0
2021-05-07,2.905208670333226,2.850210287932708,2.944031057910062,2.840504691038499,896997.0
2021-05-10,2.8469750889679717,2.8760918796505988,2.885797476544808,2.801682303461663,715043.0
2021-05-11,2.850210287932708,2.8340342931090263,2.850210287932708,2.766095114849563,936885.0
2021-05-12,2.8146230993206083,2.83079909414429,2.8437398900032353,2.7984471044969266,730345.0
2021-05-13,2.7984471044969266,2.7693303138142995,2.801682303461663,2.762859915884827,853728.0
2021-05-14,2.7693303138142995,2.8243286962148173,2.83079909414429,2.7402135231316724,793513.0
2021-05-17,2.8275638951795536,2.918149466192171,2.92785506308638,2.8178582982853446,1481877.0
2021-05-18,2.918149466192171,2.914914267227435,2.944031057910062,2.9019734713684895,701376.0
2021-05-19,2.918149466192171,2.9796182465221612,2.9925590423811066,2.885797476544808,1288729.0
2021-05-20,2.9731478485926885,2.9731478485926885,3.0022646392753156,2.947266256874798,910636.0
2021-05-21,3.005499838240052,2.9828534454868976,3.037851827887415,2.9537366548042705,897927.0
2021-05-24,2.995794241345843,2.995794241345843,2.9990294403105793,2.950501455839534,788384.0
2021-05-25,2.995794241345843,3.02491103202847,3.0281462309932063,2.966677450663216,886633.0
2021-05-26,3.0216758330637337,2.9893238434163703,3.0281462309932063,2.9796182465221612,774609.0
2021-05-27,2.9990294403105793,2.995794241345843,3.005499838240052,2.9731478485926885,642113.0
2021-05-28,2.9990294403105793,3.08637981235846,3.141378194758978,2.9925590423811066,2281005.0
2021-05-31,3.105791006146878,3.2254933678421223,3.2384341637010676,3.1025558071821417,2112591.0
2021-06-01,3.222258168877386,3.206082174053704,3.2254933678421223,3.1478485926884505,1176352.0
2021-06-02,3.2190229699126496,3.1834357813005503,3.2546101585247493,3.160789388547396,1144245.0
2021-06-03,3.1834357813005503,3.131672597864769,3.1931413781947593,3.1090262051116144,826871.0
2021-06-04,3.1187318020058235,3.1769653833710776,3.2190229699126496,3.0928502102879327,1184664.66
2021-06-07,3.160789388547396,3.125202199935296,3.170494985441605,3.0896150113231964,1046124.9
2021-06-08,3.1187318020058235,3.096085409252669,3.1866709802652866,3.0702038175347783,1040211.0
2021-06-09,3.0928502102879327,3.1122614040763508,3.1187318020058235,3.0734390164995147,563369.34
2021-06-10,3.12196700097056,3.24490456163054,3.2675509543836947,3.115496603041087,2626035.01
2021-06-11,3.2707861533484306,3.303138142995794,3.3354901326431574,3.2351989647363313,2211018.0
2021-06-15,3.3128437398900035,3.2707861533484306,3.34196053057263,3.231963765771595,1057481.0
2021-06-16,3.241669362665804,3.1025558071821417,3.24490456163054,3.0799094144289874,1802612.0
2021-06-17,3.1025558071821417,3.1575541895826595,3.160789388547396,3.0896150113231964,703940.0
2021-06-18,3.1737301844063412,3.2707861533484306,3.2966677450663213,3.1640245875121322,1573653.0
2021-06-21,3.2707861533484306,3.3160789388547394,3.3581365253963122,3.2351989647363313,1732652.0
2021-06-22,3.325784535748949,3.325784535748949,3.3516661274668396,3.2675509543836947,998746.0
2021-06-23,3.3354901326431574,3.4001941119378842,3.4325461015852476,3.3354901326431574,1922348.33
2021-06-24,3.4325461015852476,3.426075703655775,3.4519572953736657,3.367842122290521,1164272.33
2021-06-25,3.4325461015852476,3.47460368812682,3.4875444839857654,3.416370106761566,1299250.0
2021-06-28,3.47460368812682,3.5296020705273374,3.558718861209965,3.47460368812682,1351689.02
2021-06-29,3.5651892591394376,3.578130054998383,3.616952442575219,3.5490132643157555,1488610.0
2021-06-30,3.574894856033646,3.6525396311873184,3.6557748301520543,3.5263668715626015,1493194.0
2021-07-01,3.6557748301520543,3.561954060174701,3.6687156260109997,3.5457780653510196,1357264.0
2021-07-02,3.53607246845681,3.53607246845681,3.600776447751537,3.500485279844711,1184612.0
2021-07-05,3.519896473633129,3.6104820446457464,3.6234228405046918,3.513426075703656,1076675.0
2021-07-06,3.616952442575219,3.5716596570689103,3.6848916208346814,3.5069556777741835,1427824.0
2021-07-07,3.53607246845681,3.79165318667098,3.794888385635717,3.5069556777741835,2144906.0
2021-07-08,3.817534778388871,3.8919443545778067,3.930766742154643,3.817534778388871,1777196.2
2021-07-09,3.833710773212553,3.9372371400841155,3.9631187318020062,3.7851827887415075,1750340.69
2021-07-12,3.9825299255904243,4.08282109349725,4.124878680038822,3.9825299255904243,1838936.0
2021-07-13,4.086056292461986,4.092526690391459,4.105467486250404,4.014881915237788,1381304.8
2021-07-14,4.066645098673568,3.9566483338725336,4.066645098673568,3.930766742154643,1730093.09
2021-07-15,3.904885150436752,4.089291491426723,4.092526690391459,3.904885150436752,1700419.09
2021-07-16,4.079585894532514,3.972824328696215,4.128113879003559,3.9566483338725336,1477978.0
2021-07-19,3.943707538013588,3.904885150436752,4.043998705920414,3.872533160789389,1429719.0
2021-07-20,3.872533160789389,3.9598835328372695,3.969589129731479,3.8498867680362343,1019058.34
2021-07-21,3.9792947266256875,4.1539954707214495,4.170171465545131,3.9792947266256875,1827859.24
2021-07-22,4.17987706243934,4.228405046910385,4.228405046910385,4.124878680038822,1582811.0
2021-07-23,4.21546425105144,4.196053057263022,4.331931413781947,4.166936266580395,1550836.0
2021-07-26,4.192817858298286,4.1734066645098675,4.234875444839858,4.011646716273051,1654195.32
2021-07-27,4.1734066645098675,3.911355548366225,4.254286638628276,3.8919443545778067,2601740.8
2021-07-28,3.8628275638951797,3.895179553542543,3.98576512455516,3.7431252021999355,2042312.25
2021-07-29,4.024587512131997,4.176641863474604,4.189582659333549,3.9792947266256875,2152286.77
2021-07-30,4.17987706243934,4.234875444839858,4.293109026205111,4.1442898738272405,2548219.23
2021-08-02,4.263992235522485,4.260757036557749,4.373989000323521,4.134584276933031,2955786.0
2021-08-03,4.244581041734067,4.076350695567777,4.25105143966354,4.034293109026206,2320138.31
2021-08-04,4.037528307990941,4.357813005499838,4.364283403429311,4.037528307990941,3108816.29
2021-08-05,4.361048204464575,4.377224199288256,4.4095761889356195,4.267227434487221,1582283.52
2021-08-06,4.441928178582983,4.451633775477192,4.542219346489809,4.386929796182466,1791430.59
2021-08-09,4.432222581688775,4.3157554189582665,4.432222581688775,4.196053057263022,2558623.01
2021-08-10,4.2963442251698485,4.286638628275639,4.393400194111939,4.17987706243934,2128277.0
2021-08-11,4.289873827240376,4.328696214817212,4.361048204464575,4.218699450016176,1870096.0
2021-08-12,4.312520219993529,4.322225816887739,4.344872209640893,4.231640245875122,1306602.0
2021-08-13,4.238110643804594,4.27693303138143,4.4192817858298294,4.234875444839858,1431738.33
2021-08-16,4.21546425105144,4.1442898738272405,4.25105143966354,4.11840828210935,1615945.33
2021-08-17,4.124878680038822,4.137819475897768,4.225169847945649,4.079585894532514,1593643.0
2021-08-18,4.124878680038822,4.092526690391459,4.196053057263022,4.060174700744096,1481541.0
2021-08-19,4.115173083144613,4.192817858298286,4.247816240698803,4.024587512131997,1839878.0
2021-08-20,4.1734066645098675,4.192817858298286,4.257521837593012,4.121643481074086,1256409.0
2021-08-23,4.218699450016176,4.306049822064057,4.312520219993529,4.157230669686186,2472041.88
2021-08-24,4.309285021028794,4.396635393076674,4.477515367195083,4.299579424134584,2549220.96
2021-08-25,4.399870592041411,4.493691362018764,4.503396958912973,4.335166612746685,1716415.61
2021-08-26,4.500161759948237,4.43545778065351,4.558395341313491,4.428987382724038,1368788.91
2021-08-27,4.416046586865092,4.516337754771919,4.542219346489809,4.403105791006147,1159585.72
2021-08-30,4.519572953736655,4.6748625040439995,4.76221287609188,4.519572953736655,1793715.0
2021-08-31,4.658686509220317,4.613393723714008,4.668392106114527,4.555160142348754,1440937.13
2021-09-01,4.616628922678745,4.370753801358783,4.632804917502426,4.293109026205111,2346172.01
2021-09-02,4.344872209640893,4.500161759948237,4.509867356842446,4.341637010676157,1365721.49
2021-09-03,4.503396958912973,4.34810740860563,4.574571336137172,4.302814623099321,1696879.88
2021-09-06,4.341637010676157,4.396635393076674,4.399870592041411,4.205758654157231,1928921.0
2021-09-07,4.383694597217729,4.50663215787771,4.516337754771919,4.354577806535103,1615795.38
2021-09-08,4.503396958912973,4.432222581688775,4.561630540278227,4.406340989970884,1210239.51
2021-09-09,4.432222581688775,4.43545778065351,4.474280168230346,4.341637010676157,1402584.62
2021-09-10,4.428987382724038,4.480750566159819,4.493691362018764,4.373989000323521,1310921.0
2021-09-13,4.474280168230346,4.403105791006147,4.500161759948237,4.367518602394048,1275273.74
2021-09-14,4.4095761889356195,4.467809770300874,4.535748948560336,4.318990617923002,1480129.67
2021-09-15,4.480750566159819,4.571336137172437,4.577806535101909,4.451633775477192,1490183.86
2021-09-16,4.571336137172437,4.354577806535103,4.6263345195729535,4.335166612746685,2162916.0
2021-09-17,4.309285021028794,4.354577806535103,4.406340989970884,4.231640245875122,1528923.0
2021-09-22,4.2963442251698485,4.383694597217729,4.412811387900357,4.270462633451958,874252.0
2021-09-23,4.416046586865092,4.386929796182466,4.454868974441928,4.377224199288256,963567.0
2021-09-24,4.377224199288256,4.43545778065351,4.516337754771919,4.309285021028794,1120278.0
2021-09-27,4.451633775477192,4.351342607570365,4.490456163054028,4.260757036557749,1094152.0
2021-09-28,4.3157554189582665,4.2963442251698485,4.393400194111939,4.273697832416694,944425.0
2021-09-29,4.254286638628276,4.228405046910385,4.328696214817212,4.199288256227758,1004200.0
2021-09-30,4.244581041734067,4.361048204464575,4.367518602394048,4.225169847945649,949172.47
2021-10-08,4.4192817858298294,4.257521837593012,4.448398576512456,4.218699450016176,1261724.0
2021-10-11,4.254286638628276,4.212229052086704,4.280168230346166,4.157230669686186,918582.0
2021-10-12,4.199288256227758,4.124878680038822,4.225169847945649,4.069880297638305,1073352.99
2021-10-13,4.124878680038822,4.273697832416694,4.283403429310903,4.124878680038822,1204066.37
2021-10-14,4.270462633451958,4.335166612746685,4.383694597217729,4.238110643804594,1044099.0
2021-10-15,4.335166612746685,4.44516337754772,4.461339372371401,4.286638628275639,1172168.0
2021-10-18,4.467809770300874,4.564865739242964,4.568100938207699,4.448398576512456,1260714.0
2021-10-19,4.568100938207699,4.571336137172437,4.616628922678745,4.529278550630864,905387.0
2021-10-20,4.558395341313491,4.6457457133613715,4.713684891620835,4.5325137495956005,1192607.19
2021-10-21,4.629569718537691,4.584276933031382,4.6457457133613715,4.545454545454546,839129.99
2021-10-22,4.587512131996117,4.5131025558071824,4.6069233257845355,4.500161759948237,908718.37
2021-10-25,4.561630540278227,4.697508896797153,4.703979294726626,4.5325137495956005,1275595.37
2021-10-26,4.765448075056616,4.6748625040439995,4.775153671950825,4.661921708185054,1137843.61
2021-10-27,4.697508896797153,4.791329666774507,4.79780006470398,4.6748625040439995,1582891.9
2021-10-28,4.781624069880298,4.72662568747978,4.846328049175025,4.70074409576189,1328771.0
2021-10-29,4.713684891620835,4.820446457457134,4.836622452280816,4.590747330960855,1636066.1
2021-11-01,4.813976059527661,4.781624069880298,4.885150436751861,4.723390488515044,1687572.0
2021-11-02,4.7686832740213525,4.752507279197671,4.833387253316079,4.6942736978324175,1465869.0
2021-11-03,4.707214493691362,4.639275315431899,4.739566483338725,4.577806535101909,1501157.38
2021-11-04,4.661921708185054,4.729860886444516,4.771918472986089,4.658686509220317,1351052.98
2021-11-05,4.70074409576189,4.6457457133613715,4.742801682303462,4.639275315431899,1102232.99
2021-11-08,4.632804917502426,4.781624069880298,4.794564865739243,4.6263345195729535,1421976.0
2021-11-09,4.839857651245552,4.817211258492398,4.868974441928178,4.771918472986089,1056513.39
2021-11-10,4.7686832740213525,4.742801682303462,4.784859268845034,4.6457457133613715,1711341.0
2021-11-11,4.746036881268198,4.746036881268198,4.794564865739243,4.697508896797153,1163638.39
2021-11-12,4.7589776771271435,4.755742478162407,4.7783888709155615,4.716920090585571,907822.0
2021-11-15,4.755742478162407,4.59398252992559,4.755742478162407,4.564865739242964,1996344.0
2021-11-16,4.574571336137172,4.516337754771919,4.600452927855063,4.500161759948237,1418320.0
2021-11-17,4.529278550630864,4.629569718537691,4.639275315431899,4.529278550630864,1290210.0
2021-11-18,4.629569718537691,4.629569718537691,4.66515690714979,4.5519249433840185,1131218.58
2021-11-19,4.616628922678745,4.681332901973472,4.69103849886768,4.600452927855063,1031016.11
2021-11-22,4.70074409576189,4.849563248139761,4.852798447104497,4.70074409576189,1735855.08
2021-11-23,4.852798447104497,4.833387253316079,4.85926884503397,4.804270462633452,789200.66
2021-11-24,4.817211258492398,4.720155289550307,4.839857651245552,4.710449692656098,1581762.0
2021-11-25,4.716920090585571,4.668392106114527,4.720155289550307,4.6457457133613715,1168032.0
2021-11-26,4.6457457133613715,4.723390488515044,4.752507279197671,4.6457457133613715,1059332.89
2021-11-29,4.6457457133613715,4.804270462633452,4.830152054351343,4.636040116467163,1257271.0
2021-11-30,4.826916855386607,4.807505661598189,4.846328049175025,4.7686832740213525,867857.51
2021-12-01,4.7880944678097705,4.7686832740213525,4.830152054351343,4.716920090585571,883684.98
2021-12-02,4.7492720802329345,4.7492720802329345,4.781624069880298,4.713684891620835,803824.28
2021-12-03,4.746036881268198,4.7492720802329345,4.752507279197671,4.69103849886768,893229.0
2021-12-06,4.723390488515044,4.648980912326109,4.765448075056616,4.642510514396636,1537436.0
2021-12-07,4.661921708185054,4.561630540278227,4.684568100938208,4.503396958912973,1747375.0
2021-12-08,4.574571336137172,4.639275315431899,4.648980912326109,4.571336137172437,1008508.91
2021-12-09,4.636040116467163,4.623099320608218,4.6457457133613715,4.587512131996117,798880.0
2021-12-10,4.59398252992559,4.697508896797153,4.710449692656098,4.581041734066645,1166931.11
2021-12-13,4.687803299902945,4.69103849886768,4.710449692656098,4.6457457133613715,821625.49
2021-12-14,4.668392106114527,4.639275315431899,4.687803299902945,4.6263345195729535,784024.0
2021-12-15,4.629569718537691,4.619864121643481,4.678097703008735,4.6069233257845355,717400.0
2021-12-16,4.632804917502426,4.642510514396636,4.652216111290844,4.59398252992559,529579.5
2021-12-17,4.6263345195729535,4.529278550630864,4.629569718537691,4.516337754771919,1263059.26
2021-12-20,4.5131025558071824,4.318990617923002,4.516337754771919,4.306049822064057,1795848.15
2021-12-21,4.3157554189582665,4.33840181171142,4.361048204464575,4.25105143966354,1030966.61
2021-12-22,4.344872209640893,4.344872209640893,4.367518602394048,4.322225816887739,609331.98
2021-12-23,4.367518602394048,4.370753801358783,4.393400194111939,4.328696214817212,670935.0
2021-12-24,4.373989000323521,4.205758654157231,4.383694597217729,4.1734066645098675,1781994.1
2021-12-27,4.186347460368813,4.196053057263022,4.260757036557749,4.157230669686186,1051830.0
2021-12-28,4.199288256227758,4.2963442251698485,4.302814623099321,4.17987706243934,1057215.53
2021-12-29,4.286638628275639,4.283403429310903,4.335166612746685,4.260757036557749,595144.53
2021-12-30,4.283403429310903,4.293109026205111,4.335166612746685,4.273697832416694,626032.0
2021-12-31,4.335166612746685,4.3901649951472015,4.4192817858298294,4.335166612746685,1413125.62
2022-01-04,4.4386929796182475,4.247816240698803,4.458104173406665,4.225169847945649,1138234.0
2022-01-05,4.238110643804594,4.073115496603041,4.244581041734067,4.066645098673568,2239370.0
2022-01-06,4.043998705920414,4.089291491426723,4.111937884179877,3.9825299255904243,1597585.76
2022-01-07,4.089291491426723,3.9954707214493697,4.108702685215141,3.966353930766742,1149767.0
2022-01-10,3.969589129731479,3.969589129731479,4.014881915237788,3.930766742154643,1032122.0
2022-01-11,3.9631187318020062,3.92429634422517,4.011646716273051,3.911355548366225,911963.68
2022-01-12,3.9760595276609516,4.079585894532514,4.08282109349725,3.9760595276609516,1454556.0
2022-01-13,4.08282109349725,4.011646716273051,4.092526690391459,3.9825299255904243,1018919.0
2022-01-14,3.9792947266256875,4.056939501779359,4.08282109349725,3.969589129731479,1003066.0
2022-01-17,4.056939501779359,4.111937884179877,4.1539954707214495,4.050469103849887,921944.0
2022-01-18,4.098997088320932,4.092526690391459,4.124878680038822,4.060174700744096,739458.0
2022-01-19,4.073115496603041,3.972824328696215,4.086056292461986,3.9340019411193787,1261817.0
2022-01-20,3.9631187318020062,3.943707538013588,3.9987059204141056,3.930766742154643,778745.0
2022-01-21,3.930766742154643,3.950177935943061,3.9954707214493697,3.895179553542543,811617.0
2022-01-24,3.9178259462956975,4.040763506955678,4.066645098673568,3.8984147525072794,1231173.0
2022-01-25,4.0310579100614685,3.9566483338725336,4.073115496603041,3.950177935943061,1191560.31
2022-01-26,3.9825299255904243,4.02135231316726,4.027822711096733,3.946942736978324,997800.0
2022-01-27,3.9954707214493697,3.904885150436752,4.037528307990941,3.895179553542543,1108836.5
2022-01-28,3.946942736978324,3.8660627628599165,3.969589129731479,3.7851827887415075,1133922.0
2022-02-07,3.946942736978324,3.911355548366225,4.008411517308315,3.885473956648334,1015339.0
2022-02-08,3.9016499514720158,3.772241992882562,3.911355548366225,3.6784212229052087,1373831.64
2022-02-09,3.756065998058881,3.79165318667098,3.8045939825299255,3.691362018764154,1130783.0
2022-02-10,3.794888385635717,3.6848916208346814,3.8045939825299255,3.639598835328373,1435639.01
2022-02-11,3.6493044322225816,3.6040116467162737,3.7075380135878353,3.5943060498220643,1183981.0
2022-02-14,3.5651892591394376,3.6104820446457464,3.6654804270462638,3.542542866386283,1051839.91
2022-02-15,3.6234228405046918,3.7625363959883535,3.7657715949530894,3.6137172436104823,1637430.9
2022-02-16,3.817534778388871,3.756065998058881,3.817534778388871,3.7398900032351987,924962.0
2022-02-17,3.733419605305726,3.8595923649304438,3.895179553542543,3.73018440634099,1550345.0
2022-02-18,3.814299579424135,3.8240051763183436,3.853121967000971,3.794888385635717,946099.0
2022-02-21,3.8207699773536077,3.8045939825299255,3.836945972177289,3.7625363959883535,814034.0
2022-02-22,3.7851827887415075,3.833710773212553,3.8498867680362343,3.756065998058881,969894.0
2022-02-23,3.8272403752830804,3.9631187318020062,3.966353930766742,3.8272403752830804,1162283.0
2022-02-24,3.9210611452604334,3.943707538013588,4.034293109026206,3.875768359754125,1367629.0
2022-02-25,3.9954707214493697,4.02135231316726,4.066645098673568,3.9792947266256875,1085843.0
2022-02-28,4.0310579100614685,4.105467486250404,4.108702685215141,4.008411517308315,1511677.0
2022-03-01,4.157230669686186,4.105467486250404,4.189582659333549,4.060174700744096,1145526.95
2022-03-02,4.086056292461986,4.053704302814623,4.086056292461986,3.9792947266256875,1236562.0
2022-03-03,4.066645098673568,3.992235522484633,4.073115496603041,3.972824328696215,1243259.0
2022-03-04,3.914590747330961,3.9210611452604334,3.9987059204141056,3.8919443545778067,1279541.0
2022-03-07,3.8822387576835977,3.7884179877062443,3.8822387576835977,3.775477191847299,1417921.66
2022-03-08,3.775477191847299,3.7172436104820448,3.8272403752830804,3.681656421869945,1267299.18
2022-03-09,3.736654804270463,3.714008411517308,3.7593011970236168,3.539307667421547,1219668.8
2022-03-10,3.833710773212553,3.875768359754125,3.92429634422517,3.8078291814946623,1589121.0
2022-03-11,3.798123584600453,3.8466515690714984,3.8498867680362343,3.714008411517308,1296651.0
2022-03-14,3.79165318667098,3.7269492073762533,3.817534778388871,3.7204788094467807,1012745.25
2022-03-15,3.671950824975736,3.6557748301520543,3.8013587835651896,3.6331284373989003,1130153.05
2022-03-16,3.7204788094467807,3.836945972177289,3.8434163701067616,3.597541248786801,1452158.27
2022-03-17,3.879003558718862,3.8628275638951797,3.9404723390488514,3.8498867680362343,1369209.17
2022-03-18,3.8304755742478163,3.8434163701067616,3.8434163701067616,3.775477191847299,1079870.0
2022-03-21,3.8466515690714984,3.879003558718862,3.927531543189906,3.8304755742478163,950913.0
2022-03-22,3.856357165965707,3.8207699773536077,3.885473956648334,3.794888385635717,1094164.04
2022-03-23,3.8628275638951797,3.833710773212553,3.8822387576835977,3.8013587835651896,1100063.94
2022-03-24,3.79165318667098,3.775477191847299,3.8045939825299255,3.710773212552572,1268559.94
2022-03-25,3.772241992882562,3.6687156260109997,3.7851827887415075,3.662245228081527,1211456.0
2022-03-28,3.629893238434164,3.6040116467162737,3.659010029116791,3.578130054998383,1157635.0
2022-03-29,3.6331284373989003,3.616952442575219,3.6784212229052087,3.581365253963119,1249686.0
2022-03-30,3.639598835328373,3.749595600129408,3.752830799094144,3.6266580394694277,1442580.0
2022-03-31,3.749595600129408,3.6331284373989003,3.749595600129408,3.6104820446457464,1400620.0
2022-04-01,3.6040116467162737,3.6460692332578457,3.6945972177288904,3.5910708508573284,1131458.0
2022-04-06,3.6331284373989003,3.558718861209965,3.6331284373989003,3.5231316725978647,1612353.0
2022-04-07,3.519896473633129,3.497250080879974,3.5490132643157555,3.477838887091556,1316132.0
2022-04-08,3.497250080879974,3.47460368812682,3.53607246845681,3.4325461015852476,1905998.0
2022-04-11,3.4293109026205113,3.2740213523131674,3.4293109026205113,3.2707861533484306,1552665.0
2022-04-12,3.264315755418958,3.319314137819476,3.319314137819476,3.24490456163054,1254862.0
2022-04-13,3.2966677450663213,3.2869621481721127,3.345195729537367,3.2546101585247493,1108245.0
2022-04-14,3.3322549336784215,3.2578453574894852,3.338725331607894,3.222258168877386,1522270.0
2022-04-15,3.2254933678421223,3.2093173730184406,3.231963765771595,3.144613393723714,1500237.0
2022-04-18,3.170494985441605,3.2772565512779033,3.28049175024264,3.1381429957942415,1370276.32
2022-04-19,3.2772565512779033,3.28049175024264,3.345195729537367,3.261080556454222,1129019.0
2022-04-20,3.241669362665804,3.1478485926884505,3.24490456163054,3.141378194758978,1412356.0
2022-04-21,3.1090262051116144,3.005499838240052,3.154318990617923,2.9925590423811066,1510595.0
2022-04-22,2.9796182465221612,2.9796182465221612,3.0184406340989973,2.9537366548042705,1198526.0
2022-04-25,2.908443869297962,2.762859915884827,2.918149466192171,2.756389517955354,1402729.33
2022-04-26,2.762859915884827,2.701391135554837,2.7952119055321902,2.694920737625364,1501004.0
2022-04-27,2.6528631510837917,2.9731478485926885,2.9731478485926885,2.6528631510837917,2356730.0
2022-04-28,2.918149466192171,2.9634422516984795,3.0313814299579427,2.879327078615335,2037300.32
2022-04-29,2.9731478485926885,3.0993206082174054,3.1090262051116144,2.944031057910062,2073344.0
2022-05-05,3.0443222258168876,3.0928502102879327,3.1478485926884505,3.0313814299579427,1953581.42
2022-05-06,3.0087350372047883,3.0281462309932063,3.08637981235846,2.976383047557425,1437783.4
2022-05-09,3.0022646392753156,3.0637334196053057,3.08637981235846,3.0022646392753156,1094763.0
2022-05-10,3.0022646392753156,3.1478485926884505,3.1769653833710776,2.9925590423811066,1391023.9
2022-05-11,3.160789388547396,3.2772565512779033,3.364606923325785,3.151083791653187,2275707.0
2022-05-12,3.2481397605952766,3.264315755418958,3.283726949207376,3.2254933678421223,1358843.0
2022-05-13,3.2675509543836947,3.2675509543836947,3.2966677450663213,3.2351989647363313,1106143.0
2022-05-16,3.28049175024264,3.2351989647363313,3.34196053057263,3.2287285668068586,1166125.0
2022-05-17,3.2287285668068586,3.34196053057263,3.361371724361048,3.222258168877386,1696944.0
2022-05-18,3.3581365253963122,3.3743125202199935,3.4001941119378842,3.3322549336784215,2447195.0
2022-05-19,3.325784535748949,3.4843092850210287,3.494014881915238,3.3128437398900035,1714390.48
2022-05-20,3.519896473633129,3.5263668715626015,3.542542866386283,3.4519572953736657,1751365.71
2022-05-23,3.5263668715626015,3.519896473633129,3.532837269492074,3.455192494338402,1368035.0
2022-05-24,3.5037204788094467,3.3969589129731483,3.5263668715626015,3.380782918149466,1566691.13
2022-05-25,3.3743125202199935,3.4131349077968296,3.426075703655775,3.3484309285021028,1458391.0
2022-05-26,3.416370106761566,3.4196053057263023,3.4681332901973474,3.3516661274668396,1346312.0
2022-05-27,3.4519572953736657,3.403429310902621,3.497250080879974,3.384018117114203,1296638.0
2022-05-30,3.4228405046910386,3.4487220964089293,3.455192494338402,3.403429310902621,1481752.0
2022-05-31,3.4681332901973474,3.519896473633129,3.5263668715626015,3.4228405046910386,1600073.0
2022-06-01,3.516661274668392,3.532837269492074,3.558718861209965,3.4648980912326106,1467677.0
2022-06-02,3.519896473633129,3.6234228405046918,3.6331284373989003,3.500485279844711,1820023.68
2022-06-06,3.6266580394694277,3.814299579424135,3.853121967000971,3.6266580394694277,2256595.0
2022-06-07,3.8434163701067616,3.814299579424135,3.875768359754125,3.775477191847299,1535054.0
2022-06-08,3.814299579424135,3.8240051763183436,3.856357165965707,3.7237140084115175,1901860.0
2022-06-09,3.794888385635717,3.7657715949530894,3.833710773212553,3.7269492073762533,1542833.88
2022-06-10,3.7204788094467807,3.8660627628599165,3.872533160789389,3.7204788094467807,1825808.0
2022-06-13,3.8304755742478163,3.904885150436752,3.943707538013588,3.8207699773536077,1814675.12
2022-06-14,3.856357165965707,3.875768359754125,3.8822387576835977,3.7431252021999355,1596647.0
2022-06-15,3.8919443545778067,3.8434163701067616,3.9404723390488514,3.79165318667098,1842450.0
2022-06-16,3.8466515690714984,3.895179553542543,3.9404723390488514,3.8466515690714984,1568920.82
2022-06-17,3.853121967000971,4.040763506955678,4.043998705920414,3.8498867680362343,1956941.0
2022-06-20,4.08282109349725,4.11840828210935,4.176641863474604,4.063409899708832,2232502.98
2022-06-21,4.121643481074086,4.056939501779359,4.124878680038822,4.005176318343579,1958561.0
2022-06-22,4.053704302814623,4.089291491426723,4.170171465545131,4.053704302814623,1990160.0
2022-06-23,4.098997088320932,4.192817858298286,4.192817858298286,4.04723390488515,2199212.88
2022-06-24,4.208993853121967,4.283403429310903,4.2963442251698485,4.196053057263022,1845799.0
2022-06-27,4.318990617923002,4.302814623099321,4.354577806535103,4.270462633451958,1793944.06
2022-06-28,4.2963442251698485,4.380459398252993,4.383694597217729,4.244581041734067,1665809.0
2022-06-29,4.361048204464575,4.17987706243934,4.361048204464575,4.176641863474604,2328169.0
2022-06-30,4.17987706243934,4.289873827240376,4.331931413781947,4.176641863474604,2112475.0
2022-07-01,4.286638628275639,4.273697832416694,4.331931413781947,4.254286638628276,1723134.0
2022-07-04,4.270462633451958,4.357813005499838,4.364283403429311,4.208993853121967,1858154.07
2022-07-05,4.377224199288256,4.396635393076674,4.425752183759302,4.318990617923002,1468541.33
2022-07-06,4.370753801358783,4.377224199288256,4.43545778065351,4.309285021028794,1781946.42
2022-07-07,4.373989000323521,4.500161759948237,4.50663215787771,4.335166612746685,1958647.93
2022-07-08,4.526043351666128,4.370753801358783,4.545454545454546,4.367518602394048,2044596.85
2022-07-11,4.33840181171142,4.231640245875122,4.33840181171142,4.186347460368813,2150086.0
2022-07-12,4.231640245875122,4.1734066645098675,4.299579424134584,4.150760271756713,1802399.33
2022-07-13,4.176641863474604,4.286638628275639,4.318990617923002,4.115173083144613,2207259.0
2022-07-14,4.27693303138143,4.406340989970884,4.43545778065351,4.254286638628276,1866233.57
2022-07-15,4.386929796182466,4.344872209640893,4.454868974441928,4.341637010676157,1843567.0
2022-07-18,4.351342607570365,4.367518602394048,4.386929796182466,4.25105143966354,1425258.0
2022-07-19,4.367518602394048,4.267227434487221,4.367518602394048,4.25105143966354,1598876.0
2022-07-20,4.27693303138143,4.283403429310903,4.325461015852475,4.257521837593012,1316612.42
2022-07-21,4.270462633451958,4.21546425105144,4.312520219993529,4.208993853121967,1299897.0
2022-07-22,4.238110643804594,4.228405046910385,4.283403429310903,4.17987706243934,1442913.0
2022-07-25,4.205758654157231,4.147525072791977,4.225169847945649,4.131349077968295,1584518.0
2022-07-26,4.141054674862504,4.192817858298286,4.254286638628276,4.131349077968295,1438502.25
2022-07-27,4.192817858298286,4.257521837593012,4.263992235522485,4.1539954707214495,1386043.0
2022-07-28,4.283403429310903,4.221934648980913,4.299579424134584,4.202523455192495,1314786.0
2022-07-29,4.225169847945649,4.202523455192495,4.280168230346166,4.1831122614040765,1297169.0
2022-08-01,4.176641863474604,4.286638628275639,4.293109026205111,4.121643481074086,1497344.0
2022-08-02,4.254286638628276,4.1831122614040765,4.263992235522485,4.137819475897768,1687560.0
2022-08-03,4.186347460368813,4.060174700744096,4.257521837593012,4.034293109026206,1700262.79
2022-08-04,4.069880297638305,4.060174700744096,4.105467486250404,3.9954707214493697,1445473.0
2022-08-05,4.063409899708832,4.089291491426723,4.102232287285668,4.018117114202524,1351824.0
2022-08-08,4.063409899708832,4.124878680038822,4.128113879003559,4.02135231316726,1332286.0
2022-08-09,4.124878680038822,4.208993853121967,4.247816240698803,4.095761889356195,1600720.45
2022-08-10,4.199288256227758,4.166936266580395,4.218699450016176,4.141054674862504,1496335.0
2022-08-11,4.170171465545131,4.199288256227758,4.205758654157231,4.092526690391459,1443768.0
2022-08-12,4.1831122614040765,4.1442898738272405,4.218699450016176,4.141054674862504,1097561.0
2022-08-15,4.1442898738272405,4.270462633451958,4.309285021028794,4.1442898738272405,1766894.03
2022-08-16,4.293109026205111,4.2963442251698485,4.351342607570365,4.273697832416694,1421891.77
2022-08-17,4.299579424134584,4.318990617923002,4.335166612746685,4.270462633451958,1501945.0
2022-08-18,4.312520219993529,4.344872209640893,4.383694597217729,4.302814623099321,1340127.0
2022-08-19,4.341637010676157,4.218699450016176,4.34810740860563,4.212229052086704,1794615.0
2022-08-22,4.189582659333549,4.289873827240376,4.293109026205111,4.147525072791977,1704786.05
2022-08-23,4.270462633451958,4.322225816887739,4.361048204464575,4.263992235522485,1386829.0
2022-08-24,4.364283403429311,4.1734066645098675,4.367518602394048,4.150760271756713,1745698.0
2022-08-25,4.170171465545131,4.079585894532514,4.189582659333549,4.02135231316726,1739734.0
2022-08-26,4.08282109349725,4.060174700744096,4.131349077968295,4.043998705920414,1521455.0
2022-08-29,3.9954707214493697,4.056939501779359,4.076350695567777,3.9760595276609516,1386393.0
2022-08-30,4.053704302814623,4.005176318343579,4.069880297638305,3.9954707214493697,1236902.37
2022-08-31,3.9954707214493697,3.836945972177289,4.011646716273051,3.817534778388871,1870660.0
2022-09-01,3.8272403752830804,3.8013587835651896,3.872533160789389,3.79165318667098,1329061.0
2022-09-02,3.814299579424135,3.7657715949530894,3.8240051763183436,3.73018440634099,1364045.0
2022-09-05,3.7463604011646714,3.794888385635717,3.817534778388871,3.736654804270463,1155033.0
2022-09-06,3.8045939825299255,3.8984147525072794,3.911355548366225,3.73018440634099,1846184.0
2022-09-07,3.875768359754125,3.9598835328372695,3.9954707214493697,3.8628275638951797,1451790.0
2022-09-08,3.946942736978324,3.904885150436752,3.969589129731479,3.8919443545778067,1080209.91
2022-09-09,3.904885150436752,3.9016499514720158,3.914590747330961,3.8434163701067616,1222272.0
2022-09-13,3.9178259462956975,3.895179553542543,3.9340019411193787,3.8466515690714984,1012471.0
2022-09-14,3.8434163701067616,3.811064380459398,3.879003558718862,3.79165318667098,1441553.0
2022-09-15,3.8207699773536077,3.6234228405046918,3.8401811711420257,3.581365253963119,2053307.0
2022-09-16,3.5878356518925916,3.5522484632804923,3.6266580394694277,3.5457780653510196,1587492.0
2022-09-19,3.5263668715626015,3.5457780653510196,3.600776447751537,3.5231316725978647,1301010.0
2022-09-20,3.578130054998383,3.6493044322225816,3.7043028146230994,3.5716596570689103,1557100.0
2022-09-21,3.6234228405046918,3.6266580394694277,3.662245228081527,3.5878356518925916,1415882.0
2022-09-22,3.600776447751537,3.6266580394694277,3.6687156260109997,3.558718861209965,1194398.0
2022-09-23,3.6137172436104823,3.5878356518925916,3.6654804270462638,3.539307667421547,1290740.0
2022-09-26,3.542542866386283,3.629893238434164,3.6881268197994177,3.542542866386283,1598249.0
2022-09-27,3.629893238434164,3.6493044322225816,3.671950824975736,3.5878356518925916,1448473.0
2022-09-28,3.629893238434164,3.5037204788094467,3.6525396311873184,3.494014881915238,1498135.0
2022-09-29,3.5263668715626015,3.5522484632804923,3.5846004529278557,3.494014881915238,1489866.68
2022-09-30,3.5231316725978647,3.435781300549984,3.5490132643157555,3.4325461015852476,1580695.68
2022-10-10,3.4196053057263023,3.3581365253963122,3.4713684891620833,3.345195729537367,1259316.0
2022-10-11,3.384018117114203,3.445486897444193,3.4648980912326106,3.3775477191847303,1308425.0
2022-10-12,3.445486897444193,3.574894856033646,3.574894856033646,3.364606923325785,1689037.99
2022-10-13,3.5457780653510196,3.542542866386283,3.616952442575219,3.532837269492074,1804216.0
2022-10-14,3.5910708508573284,3.662245228081527,3.6945972177288904,3.5263668715626015,1806850.0
2022-10-17,3.6234228405046918,3.6234228405046918,3.642834034293109,3.5522484632804923,1591751.05
2022-10-18,3.6460692332578457,3.629893238434164,3.6751860239404723,3.6040116467162737,1302193.0
2022-10-19,3.616952442575219,3.597541248786801,3.6848916208346814,3.597541248786801,1299049.05
2022-10-20,3.555483662245228,3.5037204788094467,3.5716596570689103,3.4648980912326106,1576210.01
2022-10-21,3.494014881915238,3.4907796829505013,3.5490132643157555,3.47460368812682,1197189.99
2022-10-24,3.5069556777741835,3.4519572953736657,3.5457780653510196,3.4098997088320937,1464247.0
2022-10-25,3.4293109026205113,3.5101908767389194,3.542542866386283,3.3969589129731483,1436523.0
2022-10-26,3.5263668715626015,3.5522484632804923,3.5846004529278557,3.4810740860562928,1565767.0
2022-10-27,3.5910708508573284,3.5263668715626015,3.6460692332578457,3.5069556777741835,1399938.0
2022-10-28,3.4875444839857654,3.384018117114203,3.497250080879974,3.364606923325785,1671083.36
2022-10-31,3.3516661274668396,3.3516661274668396,3.416370106761566,3.3290197347136847,1359129.0
2022-11-01,3.3516661274668396,3.4907796829505013,3.494014881915238,3.3516661274668396,1927523.0
2022-11-02,3.4648980912326106,3.53607246845681,3.558718861209965,3.4487220964089293,1452309.0
2022-11-03,3.5037204788094467,3.5457780653510196,3.5943060498220643,3.5037204788094467,1667565.0
2022-11-04,3.5457780653510196,3.7204788094467807,3.7269492073762533,3.532837269492074,2259045.0
2022-11-07,3.7204788094467807,3.7204788094467807,3.7593011970236168,3.691362018764154,1420718.0
2022-11-08,3.714008411517308,3.7075380135878353,3.7463604011646714,3.659010029116791,1027984.0
2022-11-09,3.7075380135878353,3.629893238434164,3.714008411517308,3.6234228405046918,1244115.0
2022-11-10,3.6137172436104823,3.542542866386283,3.6137172436104823,3.5231316725978647,1556450.17
2022-11-11,3.671950824975736,3.581365253963119,3.6848916208346814,3.558718861209965,1738680.83
2022-11-14,3.5684244581041735,3.4713684891620833,3.600776447751537,3.455192494338402,2180337.0
2022-11-15,3.4681332901973474,3.5522484632804923,3.555483662245228,3.455192494338402,1922027.0
2022-11-16,3.5522484632804923,3.4648980912326106,3.558718861209965,3.4616628922678747,1888586.0
2022-11-17,3.445486897444193,3.416370106761566,3.458427693303138,3.3743125202199935,2036922.0
2022-11-18,3.426075703655775,3.4098997088320937,3.4616628922678747,3.3710773212552576,1746716.0
2022-11-21,3.3937237140084116,3.445486897444193,3.455192494338402,3.380782918149466,1551224.0
2022-11-22,3.4325461015852476,3.367842122290521,3.4325461015852476,3.3516661274668396,1754438.45
2022-11-23,3.3581365253963122,3.4325461015852476,3.4390164995147203,3.3322549336784215,1840056.45
2022-11-24,3.4390164995147203,3.4293109026205113,3.4681332901973474,3.4098997088320937,1682460.0
2022-11-25,3.4131349077968296,3.3484309285021028,3.4131349077968296,3.34196053057263,1694501.0
2022-11-28,3.2901973471368486,3.319314137819476,3.322549336784212,3.261080556454222,1516298.0
2022-11-29,3.3128437398900035,3.3290197347136847,3.3516661274668396,3.2934325461015854,1955928.0
2022-11-30,3.3354901326431574,3.3516661274668396,3.3743125202199935,3.319314137819476,1748282.0
2022-12-01,3.403429310902621,3.416370106761566,3.445486897444193,3.3969589129731483,1979369.0
2022-12-02,3.406664509867357,3.4196053057263023,3.458427693303138,3.3969589129731483,1237194.0
2022-12-05,3.426075703655775,3.367842122290521,3.4293109026205113,3.3484309285021028,2017991.0
2022-12-06,3.364606923325785,3.3775477191847303,3.4098997088320937,3.319314137819476,1737572.7
2022-12-07,3.3581365253963122,3.4196053057263023,3.458427693303138,3.3516661274668396,2016915.86
2022-12-08,3.4131349077968296,3.4293109026205113,3.4713684891620833,3.387253316078939,1382130.0
2022-12-09,3.426075703655775,3.416370106761566,3.4390164995147203,3.3969589129731483,1043724.33
2022-12-12,3.4098997088320937,3.3581365253963122,3.4098997088320937,3.3516661274668396,1203296.1
2022-12-13,3.3549013264315755,3.299902944031058,3.3775477191847303,3.2934325461015854,1722852.1
2022-12-14,3.299902944031058,3.2707861533484306,3.319314137819476,3.261080556454222,1275373.0
2022-12-15,3.264315755418958,3.338725331607894,3.34196053057263,3.2513749595600125,1457514.91
2022-12-16,3.3096085409252667,3.2546101585247493,3.325784535748949,3.24490456163054,1392463.0
2022-12-19,3.2578453574894852,3.2740213523131674,3.338725331607894,3.2578453574894852,1549021.7
2022-12-20,3.261080556454222,3.2384341637010676,3.2740213523131674,3.2254933678421223,1242613.0
2022-12-21,3.2481397605952766,3.189906179230023,3.2513749595600125,3.1737301844063412,1274886.0
2022-12-22,3.1931413781947593,3.1187318020058235,3.206082174053704,3.0993206082174054,1682758.0
2022-12-23,3.0896150113231964,3.066968618570042,3.1090262051116144,3.047557424781624,1182181.0
2022-12-26,3.057263021675833,3.202846975088968,3.212552571983177,3.057263021675833,1923511.3
2022-12-27,3.206082174053704,3.2384341637010676,3.241669362665804,3.189906179230023,1064337.0
2022-12-28,3.206082174053704,3.2190229699126496,3.2351989647363313,3.1672597864768686,1180539.0
2022-12-29,3.1866709802652866,3.2093173730184406,3.2481397605952766,3.1866709802652866,847651.0
2022-12-30,3.2287285668068586,3.1931413781947593,3.2481397605952766,3.1866709802652866,923283.93
2023-01-03,3.189906179230023,3.2351989647363313,3.2384341637010676,3.131672597864769,1222284.0
2023-01-04,3.2157877709479132,3.1640245875121322,3.2190229699126496,3.144613393723714,1396122.66
2023-01-05,3.1769653833710776,3.241669362665804,3.264315755418958,3.1640245875121322,2183245.0
2023-01-06,3.2351989647363313,3.3516661274668396,3.3969589129731483,3.2351989647363313,2585028.09
2023-01-09,3.3775477191847303,3.367842122290521,3.4131349077968296,3.3484309285021028,1560308.0
2023-01-10,3.3710773212552576,3.384018117114203,3.406664509867357,3.338725331607894,1305744.78
2023-01-11,3.387253316078939,3.3484309285021028,3.406664509867357,3.34196053057263,1131353.78
2023-01-12,3.3484309285021028,3.387253316078939,3.4228405046910386,3.3484309285021028,1198268.0
2023-01-13,3.403429310902621,3.380782918149466,3.4293109026205113,3.34196053057263,1390595.88
2023-01-16,3.364606923325785,3.403429310902621,3.435781300549984,3.3484309285021028,1789761.6
2023-01-17,3.406664509867357,3.4228405046910386,3.445486897444193,3.403429310902621,1353741.0
2023-01-18,3.4293109026205113,3.4422516984794567,3.458427693303138,3.4131349077968296,1233209.0
2023-01-19,3.4422516984794567,3.4325461015852476,3.4422516984794567,3.4001941119378842,1317127.0
2023-01-20,3.4422516984794567,3.497250080879974,3.500485279844711,3.435781300549984,1989782.88
2023-01-30,3.600776447751537,3.555483662245228,3.6234228405046918,3.5490132643157555,2492115.21
2023-01-31,3.5490132643157555,3.5651892591394376,3.5943060498220643,3.542542866386283,1359852.94
2023-02-01,3.578130054998383,3.597541248786801,3.6104820446457464,3.539307667421547,1573644.12
2023-02-02,3.5943060498220643,3.555483662245228,3.597541248786801,3.5457780653510196,1275380.94
2023-02-03,3.542542866386283,3.494014881915238,3.555483662245228,3.4519572953736657,1714480.81
2023-02-06,3.477838887091556,3.4519572953736657,3.477838887091556,3.426075703655775,1204636.96
2023-02-07,3.455192494338402,3.455192494338402,3.4810740860562928,3.426075703655775,905208.04
2023-02-08,3.458427693303138,3.4422516984794567,3.4843092850210287,3.4390164995147203,1064441.21
2023-02-09,3.4422516984794567,3.4843092850210287,3.4843092850210287,3.4131349077968296,1306576.17
2023-02-10,3.4810740860562928,3.4228405046910386,3.4810740860562928,3.406664509867357,1348783.96
2023-02-13,3.4196053057263023,3.435781300549984,3.455192494338402,3.4098997088320937,972891.93
2023-02-14,3.435781300549984,3.4196053057263023,3.4519572953736657,3.403429310902621,1011966.53
2023-02-15,3.4228405046910386,3.4001941119378842,3.455192494338402,3.3937237140084116,1338118.86
2023-02-16,3.3969589129731483,3.3354901326431574,3.4228405046910386,3.3128437398900035,1801450.47
2023-02-17,3.325784535748949,3.2578453574894852,3.345195729537367,3.2513749595600125,2176829.16
2023-02-20,3.2513749595600125,3.2934325461015854,3.2934325461015854,3.2093173730184406,1464495.6
2023-02-21,3.2901973471368486,3.3160789388547394,3.3290197347136847,3.2707861533484306,1535287.0
2023-02-22,3.2966677450663213,3.2869621481721127,3.3160789388547394,3.2740213523131674,937128.0
2023-02-23,3.283726949207376,3.3290197347136847,3.3354901326431574,3.2772565512779033,1542820.84
2023-02-24,3.3354901326431574,3.2740213523131674,3.338725331607894,3.2675509543836947,1226012.0
2023-02-27,3.261080556454222,3.2707861533484306,3.3128437398900035,3.2481397605952766,1372723.0
2023-02-28,3.2772565512779033,3.2772565512779033,3.28049175024264,3.2384341637010676,1175627.0
2023-03-01,3.2740213523131674,3.2707861533484306,3.2772565512779033,3.2513749595600125,1397985.9
2023-03-02,3.2675509543836947,3.2190229699126496,3.2740213523131674,3.212552571983177,1923919.73
2023-03-03,3.2254933678421223,3.2254933678421223,3.2384341637010676,3.2093173730184406,1411361.83
2023-03-06,3.2254933678421223,3.28049175024264,3.2869621481721127,3.180200582335814,3183669.06
2023-03-07,3.2707861533484306,3.24490456163054,3.28049175024264,3.2384341637010676,1715836.0
2023-03-08,3.231963765771595,3.222258168877386,3.261080556454222,3.199611776124232,1400872.0
2023-03-09,3.2254933678421223,3.206082174053704,3.2351989647363313,3.199611776124232,1189150.0
2023-03-10,3.1963765771594956,3.1737301844063412,3.206082174053704,3.154318990617923,1560186.0
2023-03-13,3.1575541895826595,3.1381429957942415,3.1866709802652866,3.1284373989000325,1882517.0
2023-03-14,3.134907796829505,3.1025558071821417,3.1381429957942415,3.0346166289226786,2752913.0
2023-03-15,3.1090262051116144,3.1025558071821417,3.1640245875121322,3.0928502102879327,1628193.0
2023-03-16,3.0734390164995147,3.0022646392753156,3.0896150113231964,2.9925590423811066,2802033.01
2023-03-17,3.015205435134261,2.9796182465221612,3.02491103202847,2.969912649627952,2172487.0
2023-03-20,2.966677450663216,2.9990294403105793,3.0346166289226786,2.934325461015853,2917771.0
2023-03-21,2.9990294403105793,3.0443222258168876,3.047557424781624,2.9796182465221612,2380279.01
2023-03-22,3.0540278227110966,3.0540278227110966,3.1025558071821417,3.037851827887415,2285102.0
2023-03-23,3.037851827887415,3.0443222258168876,3.057263021675833,3.02491103202847,1926638.0
2023-03-24,3.0507926237463603,3.0507926237463603,3.076674215464251,3.0119702361695246,2168838.0
2023-03-27,3.0507926237463603,3.076674215464251,3.0831446133937237,3.0184406340989973,2367732.5
2023-03-28,3.076674215464251,3.0346166289226786,3.0799094144289874,3.0313814299579427,1865249.0
2023-03-29,3.0410870268521513,3.0507926237463603,3.0799094144289874,3.0281462309932063,2404556.0
2023-03-30,3.0507926237463603,3.0702038175347783,3.0702038175347783,3.02491103202847,1975387.0
2023-03-31,3.0734390164995147,3.0831446133937237,3.125202199935296,3.0702038175347783,2679731.0
2023-04-03,3.08637981235846,3.0993206082174054,3.1187318020058235,3.0604982206405693,3564636.91
2023-04-04,3.0993206082174054,3.0281462309932063,3.0993206082174054,3.0022646392753156,4327347.09
2023-04-06,3.0087350372047883,3.0346166289226786,3.037851827887415,2.9925590423811066,3483957.4
2023-04-07,3.0346166289226786,3.037851827887415,3.0637334196053057,3.02491103202847,3269219.0
2023-04-10,3.0637334196053057,3.0993206082174054,3.0993206082174054,3.0346166289226786,5292335.0
2023-04-11,3.0993206082174054,3.0928502102879327,3.1122614040763508,3.0702038175347783,4012909.0
2023-04-12,3.08637981235846,3.037851827887415,3.0896150113231964,3.0281462309932063,4461623.0
2023-04-13,3.037851827887415,3.0216758330637337,3.0540278227110966,3.0087350372047883,3205551.33
2023-04-14,3.0216758330637337,3.0637334196053057,3.0896150113231964,3.005499838240052,6201703.0
2023-04-17,3.0637334196053057,3.0928502102879327,3.1090262051116144,3.057263021675833,4741610.0
2023-04-18,3.1025558071821417,3.1090262051116144,3.134907796829505,3.0928502102879327,5164536.0
2023-04-19,3.1122614040763508,3.0734390164995147,3.115496603041087,3.066968618570042,4240010.0
2023-04-20,3.076674215464251,2.9893238434163703,3.0799094144289874,2.9796182465221612,6746904.0
2023-04-21,2.9893238434163703,2.956971853769007,3.0346166289226786,2.950501455839534,5384148.08
2023-04-24,2.956971853769007,2.895503073439017,2.9634422516984795,2.8760918796505988,4778014.0
2023-04-25,2.889032675509544,2.7887415076027176,2.908443869297962,2.775800711743772,7253798.55
2023-04-26,2.7887415076027176,2.9375606599805892,2.9828534454868976,2.772565512779036,9488915.28
2023-04-27,2.934325461015853,2.950501455839534,2.966677450663216,2.908443869297962,5442635.35
2023-04-28,2.950501455839534,2.934325461015853,2.9731478485926885,2.9116790682626985,3541496.78
2023-05-04,2.918149466192171,2.908443869297962,2.966677450663216,2.905208670333226,2920922.0
2023-05-05,2.905208670333226,2.869621481721126,2.908443869297962,2.8340342931090263,5040461.76
2023-05-08,2.8825622775800714,2.889032675509544,2.905208670333226,2.8566806858621807,2935656.0
2023-05-09,2.885797476544808,2.8372694920737627,2.898738272403753,2.8340342931090263,2870836.41
2023-05-10,2.8372694920737627,2.8922678744742805,2.914914267227435,2.811387900355872,3731057.0
2023-05-11,2.895503073439017,2.92785506308638,2.960207052733743,2.879327078615335,3740891.0
2023-05-12,2.918149466192171,2.879327078615335,2.947266256874798,2.8760918796505988,2356151.42
2023-05-15,2.889032675509544,2.9893238434163703,2.9925590423811066,2.889032675509544,4930014.97
2023-05-16,2.9990294403105793,2.9828534454868976,3.015205435134261,2.969912649627952,3155195.57
2023-05-17,2.9893238434163703,2.9796182465221612,3.0119702361695246,2.9537366548042705,2623184.77
2023-05-18,2.9828534454868976,2.9310902620511166,2.986088644451634,2.908443869297962,3864285.2
2023-05-19,2.9213846651569075,2.9116790682626985,2.934325461015853,2.898738272403753,2253081.05
2023-05-22,2.9019734713684895,2.9310902620511166,2.944031057910062,2.895503073439017,2099407.35
2023-05-23,2.9310902620511166,2.905208670333226,2.956971853769007,2.9019734713684895,2488651.59
2023-05-24,2.9019734713684895,2.918149466192171,2.950501455839534,2.8825622775800714,2582070.0
2023-05-25,2.908443869297962,2.9310902620511166,2.9537366548042705,2.885797476544808,2983020.54
2023-05-26,2.924619864121644,2.8663862827563897,2.924619864121644,2.8340342931090263,4191197.0
2023-05-29,2.869621481721126,2.7952119055321902,2.8760918796505988,2.782271109673245,4003980.54
2023-05-30,2.782271109673245,2.791976706567454,2.8243286962148173,2.753154318990618,3376648.97
2023-05-31,2.7952119055321902,2.753154318990618,2.7984471044969266,2.746683921061145,2421769.0
2023-06-01,2.753154318990618,2.756389517955354,2.7984471044969266,2.746683921061145,2572181.0
2023-06-02,2.762859915884827,2.8081527013911356,2.821093497250081,2.7596247169200905,3023399.51
2023-06-05,2.8081527013911356,2.756389517955354,2.811387900355872,2.7434487220964088,3355017.0
2023-06-06,2.7434487220964088,2.720802329343255,2.753154318990618,2.711096732449046,3025115.0
2023-06-07,2.724037528307991,2.675509543836946,2.730507926237464,2.656098350048528,4014844.83
2023-06-08,2.6722743448722097,2.675509543836946,2.711096732449046,2.6722743448722097,2907589.0
2023-06-09,2.6819799417664187,2.6981559365901004,2.7078615334843095,2.665803946942737,2284847.0
2023-06-12,2.685215140731155,2.704626334519573,2.724037528307991,2.665803946942737,2388658.2
2023-06-13,2.694920737625364,2.704626334519573,2.720802329343255,2.6884503396958914,1659903.2
2023-06-14,2.7078615334843095,2.6722743448722097,2.714331931413782,2.6690391459074734,2701978.0
2023-06-15,2.675509543836946,2.801682303461663,2.8049175024263993,2.6625687479780007,6412068.37
2023-06-16,2.811387900355872,2.83079909414429,2.8372694920737627,2.791976706567454,3910578.0
2023-06-19,2.83079909414429,2.8081527013911356,2.8340342931090263,2.7952119055321902,3018116.37
2023-06-20,2.8081527013911356,2.8049175024263993,2.8372694920737627,2.7887415076027176,3012210.0
2023-06-21,2.8146230993206083,2.7693303138142995,2.8372694920737627,2.766095114849563,2421380.0
2023-06-26,2.746683921061145,2.7790359107085085,2.8146230993206083,2.7337431252021998,2468103.16
2023-06-27,2.782271109673245,2.7887415076027176,2.8178582982853446,2.762859915884827,2009176.0
2023-06-28,2.7790359107085085,2.8049175024263993,2.8146230993206083,2.775800711743772,2921107.0
2023-06-29,2.7952119055321902,2.7952119055321902,2.840504691038499,2.7887415076027176,2113130.0
2023-06-30,2.7952119055321902,2.8437398900032353,2.8631510837916534,2.782271109673245,3739339.0
2023-07-03,2.8566806858621807,2.859915884826917,2.885797476544808,2.8469750889679717,2853539.0
2023-07-04,2.859915884826917,2.840504691038499,2.859915884826917,2.8275638951795536,2083867.52
2023-07-05,2.8372694920737627,2.811387900355872,2.8469750889679717,2.8049175024263993,1690446.0
2023-07-06,2.8049175024263993,2.7952119055321902,2.811387900355872,2.775800711743772,1900380.0
2023-07-07,2.782271109673245,2.7499191200258815,2.785506308637981,2.746683921061145,2475511.0
2023-07-10,2.766095114849563,2.83079909414429,2.8534454868974444,2.7596247169200905,4114243.0
2023-07-11,2.83079909414429,2.821093497250081,2.8372694920737627,2.791976706567454,2065038.0
2023-07-12,2.8178582982853446,2.8275638951795536,2.8566806858621807,2.791976706567454,2518927.0
2023-07-13,2.83079909414429,2.850210287932708,2.8825622775800714,2.83079909414429,2659085.85
2023-07-14,2.8469750889679717,2.8049175024263993,2.850210287932708,2.801682303461663,2574385.0
2023-07-17,2.801682303461663,2.785506308637981,2.8049175024263993,2.7693303138142995,1908686.0
2023-07-18,2.7887415076027176,2.7693303138142995,2.791976706567454,2.7499191200258815,2409795.0
2023-07-19,2.7693303138142995,2.730507926237464,2.7693303138142995,2.720802329343255,3262346.0
2023-07-20,2.730507926237464,2.7272727272727275,2.766095114849563,2.7272727272727275,2332384.0
2023-07-21,2.724037528307991,2.704626334519573,2.7272727272727275,2.6916855386606278,2384306.0
2023-07-24,2.6916855386606278,2.665803946942737,2.694920737625364,2.6593335490132644,2954677.0
2023-07-25,2.6916855386606278,2.724037528307991,2.724037528307991,2.6884503396958914,2674431.0
2023-07-26,2.720802329343255,2.730507926237464,2.7434487220964088,2.711096732449046,1490563.0
2023-07-27,2.736978324166936,2.711096732449046,2.7499191200258815,2.704626334519573,2091821.0
2023-07-28,2.694920737625364,2.736978324166936,2.7434487220964088,2.685215140731155,2504166.0
2023-07-31,2.7499191200258815,2.766095114849563,2.7952119055321902,2.7499191200258815,3194532.0
2023-08-01,2.7596247169200905,2.7499191200258815,2.775800711743772,2.736978324166936,2554922.0
2023-08-02,2.7499191200258815,2.7337431252021998,2.762859915884827,2.7337431252021998,1632010.0
2023-08-03,2.730507926237464,2.775800711743772,2.775800711743772,2.730507926237464,2599679.17
2023-08-04,2.791976706567454,2.7952119055321902,2.8146230993206083,2.7693303138142995,3134376.0
2023-08-07,2.7887415076027176,2.7790359107085085,2.7952119055321902,2.7693303138142995,1895246.0
2023-08-08,2.782271109673245,2.766095114849563,2.7887415076027176,2.756389517955354,1355237.84
2023-08-09,2.756389517955354,2.756389517955354,2.766095114849563,2.746683921061145,1296278.0
2023-08-10,2.762859915884827,2.775800711743772,2.7887415076027176,2.7596247169200905,2297616.0
2023-08-11,2.775800711743772,2.711096732449046,2.7790359107085085,2.7078615334843095,3041936.99
2023-08-14,2.6916855386606278,2.6787447428016824,2.6916855386606278,2.646392753154319,2900936.0
2023-08-15,2.6787447428016824,2.63668715626011,2.685215140731155,2.6172759624716924,3170506.9
2023-08-16,2.6172759624716924,2.6075703655774833,2.6528631510837917,2.604335166612747,2191216.35
2023-08-17,2.604335166612747,2.614040763506956,2.6172759624716924,2.57521837593012,2022701.0
2023-08-18,2.6108055645422197,2.584923972824329,2.63668715626011,2.584923972824329,1775357.0
2023-08-21,2.584923972824329,2.5331607893885475,2.584923972824329,2.529925590423811,2310921.83
2023-08-22,2.5428663862827565,2.500808799741184,2.549336784212229,2.4522808152701394,3532761.0
2023-08-23,2.481397605952766,2.4263992235522487,2.4878680038822387,2.4231640245875123,2651615.83
2023-08-24,2.4328696214817214,2.4555160142348758,2.47816240698803,2.419928825622776,2321508.0
2023-08-25,2.4425752183759304,2.4425752183759304,2.4619864121643484,2.4231640245875123,2106027.0
2023-08-28,2.565512779035911,2.458751213199612,2.5784535748948563,2.4425752183759304,2899421.0
2023-08-29,2.4458104173406667,2.5072791976706568,2.516984794564866,2.4458104173406667,2406672.0
2023-08-30,2.5072791976706568,2.5040439987059204,2.5331607893885475,2.491103202846975,2086495.0
2023-08-31,2.4975736007764477,2.474927208023294,2.4975736007764477,2.4619864121643484,2559053.0
2023-09-01,2.47816240698803,2.4716920090585575,2.4878680038822387,2.4619864121643484,1269162.0
2023-09-04,2.481397605952766,2.4975736007764477,2.500808799741184,2.449045616305403,2383811.0
2023-09-05,2.4878680038822387,2.5040439987059204,2.5137495956001294,2.4716920090585575,2839047.22
2023-09-06,2.4975736007764477,2.481397605952766,2.4975736007764477,2.4652216111290848,1843592.46
2023-09-07,2.4716920090585575,2.419928825622776,2.474927208023294,2.4166936266580397,2745193.0
2023-09-08,2.410223228728567,2.3843416370106763,2.4166936266580397,2.371400841151731,2221460.0
2023-09-11,2.3875768359754126,2.4037528307990943,2.4166936266580397,2.3681656421869945,2047762.7
2023-09-12,2.3940472339048853,2.4069880297638306,2.429634422516985,2.390812034940149,1954499.0
2023-09-13,2.400517631834358,2.3746360401164672,2.410223228728567,2.364930443222258,1913006.12
2023-09-14,2.361695244257522,2.351989647363313,2.3746360401164672,2.342284050469104,1645942.8
2023-09-15,2.355224846328049,2.3293432546101585,2.3584600452927855,2.316402458751213,2609609.0
2023-09-18,2.3196376577159494,2.355224846328049,2.3746360401164672,2.3099320608217404,2669123.0
2023-09-19,2.351989647363313,2.326108055645422,2.351989647363313,2.316402458751213,1456129.0
2023-09-20,2.3228728566806858,2.3002264639275314,2.3228728566806858,2.296991264962795,1590744.0
2023-09-21,2.2937560659980587,2.2743448722096407,2.3034616628922677,2.2711096732449043,1734154.0
2023-09-22,2.2711096732449043,2.3131672597864767,2.316402458751213,2.264639275315432,2882266.3
2023-09-25,2.306696861857004,2.3034616628922677,2.3131672597864767,2.2840504691038497,1573048.3
2023-09-26,2.296991264962795,2.277580071174377,2.306696861857004,2.2743448722096407,1466356.17
2023-09-27,2.2743448722096407,2.326108055645422,2.355224846328049,2.2711096732449043,2824776.0
2023-09-28,2.3228728566806858,2.326108055645422,2.34551924943384,2.316402458751213,1568216.0
2023-10-09,2.326108055645422,2.3034616628922677,2.326108055645422,2.287285668068586,1770978.0
2023-10-10,2.3002264639275314,2.287285668068586,2.326108055645422,2.287285668068586,1687163.0
2023-10-11,2.2937560659980587,2.287285668068586,2.3196376577159494,2.277580071174377,2248970.0
2023-10-12,2.296991264962795,2.34551924943384,2.34551924943384,2.2905208670333224,3758960.28
2023-10-13,2.3293432546101585,2.296991264962795,2.3293432546101585,2.2840504691038497,3126212.0
2023-10-16,2.3002264639275314,2.2419928825622777,2.3002264639275314,2.2322872856680687,3452118.0
2023-10-17,2.2484632804917504,2.2614040763506957,2.277580071174377,2.2387576835975413,2374848.24
2023-10-18,2.2581688773859594,2.22258168877386,2.2581688773859594,2.2161112908443874,2161245.81
2023-10-19,2.2096408929149147,2.1902296991264967,2.2193464898091237,2.1902296991264967,2581745.51
2023-10-20,2.1805241022322877,2.2193464898091237,2.2419928825622777,2.174053704302815,2884044.21
2023-10-23,2.2064056939501784,2.1481721125849242,2.212876091879651,2.135231316725979,3614617.07
2023-10-24,2.1578777094791333,2.1578777094791333,2.1708185053380786,2.138466515690715,2875373.0
2023-10-25,2.174053704302815,2.154642510514397,2.193464898091233,2.1481721125849242,2351737.97
2023-10-26,2.1319961177612425,2.12552571983177,2.135231316725979,2.080232934325461,4375497.29
2023-10-27,2.1222905208670335,2.212876091879651,2.22258168877386,2.109349725008088,5225779.37
2023-10-30,2.203170494985442,2.2387576835975413,2.2419928825622777,2.1999352960207057,3426754.0
2023-10-31,2.22258168877386,2.1999352960207057,2.225816887738596,2.1902296991264967,2575481.0
2023-11-01,2.212876091879651,2.1869945001617603,2.212876091879651,2.1708185053380786,2198228.0
2023-11-02,2.183759301197024,2.144936913620188,2.193464898091233,2.1417017146554516,3259776.0
2023-11-03,2.1417017146554516,2.1708185053380786,2.1805241022322877,2.1417017146554516,2422221.0
2023-11-06,2.1869945001617603,2.245228081527014,2.2484632804917504,2.1805241022322877,4136167.0
2023-11-07,2.2322872856680687,2.2290520867033323,2.2387576835975413,2.212876091879651,2562339.0
2023-11-08,2.22258168877386,2.235522484632805,2.2516984794564867,2.2161112908443874,2909022.91
2023-11-09,2.2290520867033323,2.2614040763506957,2.2743448722096407,2.225816887738596,4240825.91
2023-11-10,2.2484632804917504,2.2290520867033323,2.2516984794564867,2.22258168877386,1851804.48
2023-11-13,2.2387576835975413,2.2387576835975413,2.254933678421223,2.22258168877386,2180182.0
2023-11-14,2.2387576835975413,2.2290520867033323,2.2516984794564867,2.212876091879651,2689961.78
2023-11-15,2.2516984794564867,2.2614040763506957,2.277580071174377,2.2484632804917504,3850582.55
2023-11-16,2.2581688773859594,2.2064056939501784,2.2581688773859594,2.203170494985442,3816140.22
2023-11-17,2.1967000970559694,2.2064056939501784,2.2096408929149147,2.1902296991264967,2125721.0
2023-11-20,2.2096408929149147,2.2064056939501784,2.2161112908443874,2.1805241022322877,2232301.0
2023-11-21,2.2096408929149147,2.193464898091233,2.225816887738596,2.1902296991264967,2351148.41
2023-11-22,2.183759301197024,2.1417017146554516,2.1869945001617603,2.1417017146554516,2902998.94
2023-11-23,2.138466515690715,2.1481721125849242,2.1514073115496606,2.1319961177612425,2375681.0
2023-11-24,2.144936913620188,2.119055321902297,2.1481721125849242,2.115820122937561,2561787.0
2023-11-27,2.1125849239728245,2.0834681332901974,2.115820122937561,2.0737625363959884,3273285.93
2023-11-28,2.080232934325461,2.0931737301844064,2.0931737301844064,2.0672921384665157,2035501.93
2023-11-29,2.0867033322549338,2.0575865415723067,2.08993853121967,2.0543513426075704,2379126.0
2023-11-30,2.0575865415723067,2.0478809446780977,2.070527337431252,2.0381753477838886,3197261.61
2023-12-01,2.0446457457133613,2.0349401488191523,2.0478809446780977,2.0155289550307343,2608273.0
2023-12-04,2.031704949854416,2.0187641539954706,2.0381753477838886,2.0155289550307343,1901375.0
2023-12-05,2.0122937560659984,1.9961177612423164,2.041410546748625,1.99288256227758,2480540.0
2023-12-06,1.99288256227758,2.0381753477838886,2.0640569395017794,1.9896473633128438,4151344.0
2023-12-07,2.031704949854416,2.021999352960207,2.0381753477838886,2.0025881591717893,2097824.0
2023-12-08,2.0349401488191523,2.0155289550307343,2.041410546748625,2.0122937560659984,1750892.0
2023-12-11,1.9993529602070528,2.0187641539954706,2.021999352960207,1.9702361695244257,3180293.0
2023-12-12,2.0058233581365257,2.009058557101262,2.0252345519249433,1.9993529602070528,1614129.87
2023-12-13,2.0058233581365257,1.9540601747007442,2.009058557101262,1.9508249757360079,3062311.41
2023-12-14,1.9702361695244257,1.9443545778065352,1.9896473633128438,1.9443545778065352,2185650.79
2023-12-15,1.9540601747007442,1.9540601747007442,1.9864121643481074,1.9475897767712715,2715185.0
2023-12-18,1.9411193788417989,1.905532190229699,1.9540601747007442,1.9022969912649628,2658684.21
2023-12-19,1.905532190229699,1.9184729860886445,1.9346489809123262,1.8990617923002264,2665087.0
2023-12-20,1.9249433840181172,1.8990617923002264,1.9281785829828535,1.89582659333549,1598482.0
2023-12-21,1.886120996441281,1.9540601747007442,1.963765771594953,1.8828857974765447,4195599.0
2023-12-22,1.9411193788417989,1.9799417664186347,2.009058557101262,1.9217081850533808,4867023.53
2023-12-25,1.9767065674538984,1.9896473633128438,1.9993529602070528,1.9670009705596894,2309489.0
2023-12-26,1.9864121643481074,1.983176965383371,1.9896473633128438,1.973471368489162,2107140.0
2023-12-27,1.9896473633128438,1.9670009705596894,1.9896473633128438,1.9508249757360079,2032308.74
2023-12-28,1.963765771594953,2.1028793270786155,2.1028793270786155,1.9572953736654806,7407434.83
2023-12-29,2.096408929149143,2.0867033322549338,2.1028793270786155,2.0769977353607247,3621681.74
2024-01-02,2.08993853121967,2.041410546748625,2.08993853121967,2.041410546748625,2586681.0
2024-01-03,2.0381753477838886,2.051116143642834,2.060821740537043,2.0349401488191523,2551796.0
2024-01-04,2.0478809446780977,2.009058557101262,2.0478809446780977,1.9993529602070528,2490903.0
2024-01-05,2.0058233581365257,1.9896473633128438,2.0478809446780977,1.973471368489162,3070179.0
2024-01-08,1.9799417664186347,1.9605305726302167,2.0122937560659984,1.9605305726302167,2459949.0
2024-01-09,1.9670009705596894,1.9961177612423164,2.0252345519249433,1.9378841798770625,3716518.61
2024-01-10,1.9799417664186347,2.009058557101262,2.0446457457133613,1.9605305726302167,3621355.0
2024-01-11,2.0025881591717893,2.0640569395017794,2.080232934325461,1.9993529602070528,4241531.9
2024-01-12,2.0543513426075704,2.0575865415723067,2.099644128113879,2.0446457457133613,4132033.0
2024-01-15,2.0381753477838886,2.0252345519249433,2.060821740537043,2.0187641539954706,2651846.0
2024-01-16,2.021999352960207,2.0575865415723067,2.070527337431252,2.009058557101262,3247562.0
2024-01-17,2.051116143642834,1.9864121643481074,2.051116143642834,1.983176965383371,3132700.12
2024-01-18,1.973471368489162,2.0446457457133613,2.0478809446780977,1.973471368489162,3938197.98
2024-01-19,2.0349401488191523,2.021999352960207,2.080232934325461,2.0187641539954706,2971671.0
2024-01-22,1.99288256227758,1.9572953736654806,2.0187641539954706,1.9411193788417989,4355407.0
2024-01-23,1.9540601747007442,1.9767065674538984,2.009058557101262,1.9346489809123262,3845936.02
2024-01-24,1.983176965383371,1.963765771594953,1.9896473633128438,1.905532190229699,3589647.28
2024-01-25,1.9540601747007442,1.9961177612423164,1.9961177612423164,1.9281785829828535,3882830.98
2024-01-26,1.9799417664186347,1.9572953736654806,1.9993529602070528,1.9540601747007442,3516619.28
2024-01-29,1.9540601747007442,1.8634746036881267,1.9572953736654806,1.8634746036881267,4229574.28
2024-01-30,1.8440634098997088,1.8181818181818183,1.8796505985118084,1.814946619217082,2778724.25
2024-01-31,1.8117114202523459,1.7825946295697188,1.8472986088644452,1.7793594306049825,3623332.0
2024-02-01,1.7728890326755098,1.7890650274991915,1.8278874150760271,1.766418634746037,2900114.68
2024-02-02,1.7890650274991915,1.727596247169201,1.7955354254286642,1.6758330637334198,3540684.99
2024-02-05,1.7017146554513105,1.6920090585571015,1.7340666450986737,1.620834681332902,3946718.37
2024-02-06,1.6855386606276288,1.7955354254286642,1.7987706243934005,1.6790682626981561,4271440.0
2024-02-07,1.7923002264639278,1.8343578130054998,1.8505338078291815,1.7923002264639278,3370479.0
2024-02-08,1.857004205758654,1.876415399547072,1.8990617923002264,1.8472986088644452,2850182.32
2024-02-19,1.8925913943707537,1.866709802652863,1.8925913943707537,1.8537690067939177,1856986.14
2024-02-20,1.866709802652863,1.8602394047233903,1.866709802652863,1.8375930119702362,1700380.32
2024-02-21,1.8505338078291815,1.886120996441281,1.9249433840181172,1.8375930119702362,2889487.0
2024-02-22,1.8828857974765447,1.8990617923002264,1.9120025881591718,1.876415399547072,1757528.0
2024-02-23,1.8990617923002264,1.9184729860886445,1.9249433840181172,1.8925913943707537,1965153.0
2024-02-26,1.9184729860886445,1.8990617923002264,1.9249433840181172,1.886120996441281,2134744.0
2024-02-27,1.8990617923002264,1.9314137819475898,1.9346489809123262,1.886120996441281,1943378.0
2024-02-28,1.9378841798770625,1.9022969912649628,2.0058233581365257,1.9022969912649628,5404650.99
2024-02-29,1.8925913943707537,1.973471368489162,1.9799417664186347,1.8893561954060174,4122899.99
2024-03-01,1.9767065674538984,1.9864121643481074,1.9993529602070528,1.9572953736654806,3577194.32
2024-03-04,1.9864121643481074,1.99288256227758,2.0122937560659984,1.9767065674538984,2683301.0
2024-03-05,1.9767065674538984,1.963765771594953,1.9767065674538984,1.9475897767712715,2599094.0
2024-03-06,1.9572953736654806,1.9993529602070528,2.0252345519249433,1.9475897767712715,2987131.5
2024-03-07,1.9993529602070528,1.9508249757360079,2.0025881591717893,1.9475897767712715,2578057.0
2024-03-08,1.9508249757360079,1.99288256227758,1.9993529602070528,1.9508249757360079,2460774.0
2024-03-11,2.0187641539954706,2.1028793270786155,2.106114526043352,2.0187641539954706,6370383.69
2024-03-12,2.119055321902297,2.1028793270786155,2.128760918796506,2.08993853121967,3803397.89
2024-03-13,2.0931737301844064,2.08993853121967,2.106114526043352,2.0769977353607247,2605495.0
2024-03-14,2.080232934325461,2.060821740537043,2.1028793270786155,2.0478809446780977,3150097.0
2024-03-15,2.0543513426075704,2.060821740537043,2.0672921384665157,2.0187641539954706,3395152.0
2024-03-18,2.0737625363959884,2.106114526043352,2.106114526043352,2.070527337431252,3902182.0
2024-03-19,2.099644128113879,2.0769977353607247,2.115820122937561,2.0737625363959884,1776519.89
2024-03-20,2.070527337431252,2.080232934325461,2.096408929149143,2.0672921384665157,1623694.0
2024-03-21,2.0834681332901974,2.0543513426075704,2.0867033322549338,2.0478809446780977,2009731.0
2024-03-22,2.0478809446780977,1.9993529602070528,2.0543513426075704,1.9961177612423164,2586500.0
2024-03-25,1.9961177612423164,1.9670009705596894,2.0122937560659984,1.9670009705596894,2957612.0
2024-03-26,1.9670009705596894,2.0122937560659984,2.021999352960207,1.9670009705596894,2622715.0
2024-03-27,2.009058557101262,1.9475897767712715,2.009058557101262,1.9443545778065352,2270041.19
2024-03-28,1.9475897767712715,1.9605305726302167,1.9864121643481074,1.9475897767712715,1791236.69
2024-03-29,1.9670009705596894,1.983176965383371,1.9993529602070528,1.963765771594953,1603184.0
2024-04-01,1.99288256227758,2.0478809446780977,2.0478809446780977,1.9864121643481074,3288194.0
2024-04-02,2.051116143642834,2.0640569395017794,2.070527337431252,2.031704949854416,2419176.0
2024-04-03,2.051116143642834,2.051116143642834,2.070527337431252,2.0381753477838886,2097211.0
2024-04-08,2.0478809446780977,2.009058557101262,2.0543513426075704,2.0058233581365257,2000211.0
2024-04-09,2.0058233581365257,2.0543513426075704,2.0543513426075704,2.0025881591717893,2517370.19
2024-04-10,2.051116143642834,2.0155289550307343,2.0543513426075704,2.0025881591717893,2178456.0
2024-04-11,1.9993529602070528,2.0058233581365257,2.0252345519249433,1.9767065674538984,2058716.0
2024-04-12,2.0058233581365257,1.9540601747007442,2.0122937560659984,1.9508249757360079,2472861.0
2024-04-15,1.9540601747007442,1.9864121643481074,2.0058233581365257,1.9540601747007442,1865993.19
2024-04-16,1.973471368489162,1.9217081850533808,1.9799417664186347,1.9217081850533808,2071613.48
2024-04-17,1.9217081850533808,1.9670009705596894,1.9670009705596894,1.9217081850533808,1918035.0
2024-04-18,1.9540601747007442,1.9605305726302167,1.9799417664186347,1.9314137819475898,1484072.0
2024-04-19,1.9475897767712715,1.905532190229699,1.9475897767712715,1.8990617923002264,1962603.0
2024-04-22,1.905532190229699,1.8990617923002264,1.9378841798770625,1.8990617923002264,1286437.0
2024-04-23,1.9022969912649628,1.876415399547072,1.9184729860886445,1.8731802005823357,1691095.0
2024-04-24,1.8699450016175994,1.8602394047233903,1.8796505985118084,1.8375930119702362,2222622.0
2024-04-25,1.8505338078291815,1.8602394047233903,1.8796505985118084,1.8343578130054998,2285715.0
2024-04-26,1.8537690067939177,1.89582659333549,1.8990617923002264,1.8505338078291815,2330649.0
2024-04-29,1.8990617923002264,1.983176965383371,1.9961177612423164,1.8990617923002264,3724493.0
2024-04-30,1.9767065674538984,1.9443545778065352,1.9799417664186347,1.9411193788417989,2071077.0
2024-05-06,1.9799417664186347,1.9799417664186347,1.9961177612423164,1.973471368489162,2053741.0
2024-05-07,1.9799417664186347,1.9896473633128438,1.9896473633128438,1.9605305726302167,1552743.0
2024-05-08,1.9864121643481074,1.9508249757360079,1.9864121643481074,1.9508249757360079,1667150.0
2024-05-09,1.9702361695244257,2.0122937560659984,2.0252345519249433,1.9670009705596894,3179772.97
2024-05-10,2.009058557101262,1.9896473633128438,2.0122937560659984,1.973471368489162,2377777.0
2024-05-13,1.963765771594953,1.9670009705596894,1.9864121643481074,1.9443545778065352,2619927.6
2024-05-14,1.9670009705596894,1.9605305726302167,1.9799417664186347,1.9508249757360079,1524562.12
2024-05-15,1.9605305726302167,1.9378841798770625,1.9864121643481074,1.9346489809123262,1811277.0
2024-05-16,1.9378841798770625,1.9281785829828535,1.9540601747007442,1.9249433840181172,1910584.0
2024-05-17,1.9249433840181172,1.9443545778065352,1.9475897767712715,1.9087673891944354,1914626.0
2024-05-20,1.9475897767712715,1.9540601747007442,1.9670009705596894,1.9443545778065352,1506398.0
2024-05-21,1.9540601747007442,1.9314137819475898,1.9540601747007442,1.9249433840181172,1396770.74
2024-05-22,1.9411193788417989,2.009058557101262,2.0122937560659984,1.9378841798770625,4412389.91
2024-05-23,1.9961177612423164,1.9540601747007442,1.9993529602070528,1.9508249757360079,2667056.0
2024-05-24,1.9475897767712715,1.9378841798770625,1.973471368489162,1.9314137819475898,2062521.0
2024-05-27,1.9346489809123262,1.9346489809123262,1.9475897767712715,1.9087673891944354,1733110.0
2024-05-28,1.9346489809123262,1.9217081850533808,1.9475897767712715,1.9184729860886445,1750529.0
2024-05-29,1.9314137819475898,1.9572953736654806,1.9864121643481074,1.9281785829828535,2771642.0
2024-05-30,1.9702361695244257,1.9572953736654806,1.983176965383371,1.9508249757360079,1985257.0
2024-05-31,1.9540601747007442,1.9346489809123262,1.963765771594953,1.9346489809123262,1463574.0
2024-06-03,1.9346489809123262,1.9346489809123262,1.9346489809123262,1.9120025881591718,1776285.0
2024-06-04,1.9281785829828535,1.9605305726302167,1.963765771594953,1.9217081850533808,1851191.0
2024-06-05,1.9540601747007442,1.9411193788417989,1.973471368489162,1.9411193788417989,1621818.0
2024-06-06,1.9475897767712715,1.9152377871239081,1.9572953736654806,1.9022969912649628,2429115.0
2024-06-07,1.9120025881591718,1.8796505985118084,1.9120025881591718,1.8505338078291815,2838592.38
2024-06-11,1.866709802652863,1.876415399547072,1.8796505985118084,1.8472986088644452,1440894.0
2024-06-12,1.8699450016175994,1.8634746036881267,1.8699450016175994,1.8537690067939177,1472822.0
2024-06-13,1.8634746036881267,1.8602394047233903,1.8796505985118084,1.857004205758654,1648925.0
2024-06-14,1.8602394047233903,1.857004205758654,1.8634746036881267,1.8375930119702362,1617839.0
2024-06-17,1.8472986088644452,1.866709802652863,1.8796505985118084,1.8343578130054998,1596501.0
2024-06-18,1.866709802652863,1.8634746036881267,1.8796505985118084,1.857004205758654,1562352.0
2024-06-19,1.8634746036881267,1.8343578130054998,1.8699450016175994,1.8343578130054998,1686447.0
2024-06-20,1.8343578130054998,1.7955354254286642,1.8375930119702362,1.7923002264639278,2471717.0
2024-06-21,1.7955354254286642,1.7890650274991915,1.8117114202523459,1.7761242316402461,1643997.0
2024-06-24,1.7728890326755098,1.7534778388870917,1.7793594306049825,1.7502426399223554,1509209.0
2024-06-25,1.7534778388870917,1.727596247169201,1.7631834357813008,1.7146554513102557,1646698.0
2024-06-26,1.727596247169201,1.756713037851828,1.756713037851828,1.7049498544160469,1703273.0
2024-06-27,1.7502426399223554,1.717890650274992,1.7502426399223554,1.7146554513102557,1404552.0
2024-06-28,1.717890650274992,1.7017146554513105,1.7340666450986737,1.6984794564865742,1795164.0
2024-07-01,1.7017146554513105,1.7146554513102557,1.7211258492397283,1.6823034616628925,1558282.0
2024-07-02,1.7146554513102557,1.6887738595923651,1.7146554513102557,1.6887738595923651,1658482.0
2024-07-03,1.6887738595923651,1.6920090585571015,1.7049498544160469,1.6758330637334198,1751735.0
2024-07-04,1.6920090585571015,1.6628922678744744,1.6984794564865742,1.659657068909738,1581789.0
2024-07-05,1.6628922678744744,1.669362665803947,1.6725978647686834,1.6531866709802654,1626496.0
2024-07-08,1.6564218699450017,1.6337754771918473,1.6661274668392108,1.630540278227111,1532378.0
2024-07-09,1.6273050792623747,1.6434810740860564,1.6531866709802654,1.6078938854739566,1648471.0
2024-07-10,1.6337754771918473,1.6434810740860564,1.6790682626981561,1.6240698802976383,1651762.0
2024-07-11,1.659657068909738,1.7017146554513105,1.708185053380783,1.6564218699450017,2591255.68
2024-07-12,1.7017146554513105,1.7049498544160469,1.7211258492397283,1.6887738595923651,1752284.0
2024-07-15,1.6887738595923651,1.6855386606276288,1.6984794564865742,1.6823034616628925,1132304.0
2024-07-16,1.6823034616628925,1.717890650274992,1.7211258492397283,1.6823034616628925,1764855.0
2024-07-17,1.7211258492397283,1.717890650274992,1.7308314461339374,1.7114202523455193,1306503.0
2024-07-18,1.708185053380783,1.73730184406341,1.7437722419928827,1.6952442575218378,1933846.0
2024-07-19,1.7243610482044647,1.7534778388870917,1.756713037851828,1.7211258492397283,1493633.0
2024-07-22,1.747007440957619,1.7502426399223554,1.766418634746037,1.73730184406341,1404710.0
2024-07-23,1.7502426399223554,1.7114202523455193,1.7502426399223554,1.708185053380783,1326886.0
2024-07-24,1.7049498544160469,1.6984794564865742,1.7211258492397283,1.6920090585571015,1397480.0
2024-07-25,1.6887738595923651,1.7308314461339374,1.747007440957619,1.6887738595923651,2569323.0
2024-07-26,1.7243610482044647,1.747007440957619,1.756713037851828,1.7243610482044647,1534063.0
2024-07-29,1.747007440957619,1.7114202523455193,1.747007440957619,1.708185053380783,1253801.0
2024-07-30,1.7114202523455193,1.7017146554513105,1.717890650274992,1.6920090585571015,1173664.5
2024-07-31,1.6984794564865742,1.747007440957619,1.7502426399223554,1.6823034616628925,2525416.0
2024-08-01,1.7437722419928827,1.727596247169201,1.7502426399223554,1.7211258492397283,1306667.0
2024-08-02,1.717890650274992,1.6984794564865742,1.727596247169201,1.6952442575218378,1442736.0
2024-08-05,1.6920090585571015,1.6823034616628925,1.7308314461339374,1.6823034616628925,1768555.97
2024-08-06,1.6984794564865742,1.7146554513102557,1.727596247169201,1.6952442575218378,1517871.0
2024-08-07,1.7146554513102557,1.717890650274992,1.727596247169201,1.7049498544160469,1374695.0
2024-08-08,1.7114202523455193,1.7049498544160469,1.717890650274992,1.6952442575218378,1222822.0
2024-08-09,1.7114202523455193,1.6855386606276288,1.717890650274992,1.6823034616628925,1451270.0
2024-08-12,1.7017146554513105,1.6758330637334198,1.7049498544160469,1.669362665803947,1855371.0
2024-08-13,1.6661274668392108,1.6887738595923651,1.6952442575218378,1.6564218699450017,1486685.06
2024-08-14,1.6920090585571015,1.6661274668392108,1.6984794564865742,1.6628922678744744,1616263.52
2024-08-15,1.6564218699450017,1.6790682626981561,1.6952442575218378,1.6564218699450017,1214778.0
2024-08-16,1.6790682626981561,1.6628922678744744,1.6823034616628925,1.659657068909738,1009757.0
2024-08-19,1.659657068909738,1.6564218699450017,1.6758330637334198,1.6564218699450017,821769.0
2024-08-20,1.659657068909738,1.6434810740860564,1.6661274668392108,1.6370106761565837,1083456.0
2024-08-21,1.6337754771918473,1.6370106761565837,1.6467162730507927,1.6240698802976383,835324.0
2024-08-22,1.64024587512132,1.6240698802976383,1.6467162730507927,1.620834681332902,996290.0
2024-08-23,1.6175994823681656,1.6143642834034293,1.6240698802976383,1.6078938854739566,1024661.0
2024-08-26,1.6143642834034293,1.6370106761565837,1.659657068909738,1.6143642834034293,1271377.0
2024-08-27,1.6337754771918473,1.6240698802976383,1.6370106761565837,1.6078938854739566,1198102.89
2024-08-28,1.620834681332902,1.6240698802976383,1.630540278227111,1.611129084438693,879556.0
2024-08-29,1.6175994823681656,1.6564218699450017,1.6725978647686834,1.6143642834034293,1494963.0
2024-08-30,1.649951472015529,1.6823034616628925,1.7017146554513105,1.6467162730507927,1789687.0
2024-09-02,1.6725978647686834,1.64024587512132,1.6823034616628925,1.64024587512132,1438601.0
2024-09-03,1.6370106761565837,1.6564218699450017,1.6725978647686834,1.6337754771918473,1263185.0
2024-09-04,1.6467162730507927,1.6661274668392108,1.6855386606276288,1.6467162730507927,1355314.0
2024-09-05,1.659657068909738,1.669362665803947,1.6855386606276288,1.659657068909738,1086279.0
2024-09-06,1.6661274668392108,1.6337754771918473,1.6661274668392108,1.630540278227111,1493878.34
2024-09-09,1.6240698802976383,1.6240698802976383,1.6434810740860564,1.611129084438693,1086108.0
2024-09-10,1.6240698802976383,1.6175994823681656,1.630540278227111,1.5949530896150115,1458487.0
2024-09-11,1.6078938854739566,1.64024587512132,1.649951472015529,1.6078938854739566,1736308.0
2024-09-12,1.64024587512132,1.6467162730507927,1.6790682626981561,1.64024587512132,1484219.0
2024-09-13,1.6434810740860564,1.6078938854739566,1.6467162730507927,1.6046586865092203,1534518.0
2024-09-18,1.6,1.597,1.606,1.585,428032.94
2024-09-19,1.6,1.614,1.6339999999999997,1.587,520767.94
2024-09-20,1.612,1.594,1.612,1.583,422999.05
2024-09-23,1.59,1.586,1.599,1.585,292371.51
2024-09-24,1.594,1.662,1.664,1.59,997106.67
2024-09-25,1.6990000000000003,1.6830000000000003,1.727,1.68,862254.09
2024-09-26,1.6810000000000003,1.7369999999999999,1.7369999999999999,1.6680000000000001,792948.24
2024-09-27,1.77,1.854,1.8600000000000003,1.77,753160.94
2024-09-30,1.959,2.039,2.039,1.9360000000000002,2250448.97
2024-10-08,2.243,2.243,2.243,2.15,2499735.3
2024-10-09,2.245,2.089,2.245,2.081,2184645.44
2024-10-10,2.077,2.082,2.148,2.049,1165974.8
2024-10-11,2.077,1.9759999999999998,2.077,1.952,1143882.66
2024-10-14,1.999,2.01,2.02,1.9579999999999997,747117.72
2024-10-15,2.008,1.957,2.01,1.9549999999999998,644016.39
2024-10-16,1.9360000000000002,1.9150000000000003,1.942,1.9020000000000001,656320.0
2024-10-17,1.9200000000000002,1.889,1.934,1.8879999999999997,573839.57
2024-10-18,1.88,1.9880000000000002,2.031,1.88,1211037.72
2024-10-21,2.028,2.026,2.072,1.996,1284262.98
2024-10-22,2.037,2.066,2.07,1.995,819172.32
2024-10-23,2.069,2.133,2.194,2.051,1842695.58
2024-10-24,2.125,2.072,2.125,2.066,894114.93
2024-10-25,2.074,2.198,2.241,2.074,2494888.71
2024-10-28,2.202,2.192,2.202,2.15,959016.11
2024-10-29,2.214,2.142,2.246,2.14,1061916.29
2024-10-30,2.117,2.12,2.148,2.104,908562.06
2024-10-31,2.145,2.164,2.189,2.13,1294877.88
2024-11-01,2.154,2.14,2.17,2.113,753853.53
2024-11-04,2.13,2.156,2.167,2.124,547284.49
2024-11-05,2.157,2.217,2.219,2.139,1182004.61
2024-11-06,2.224,2.216,2.303,2.207,1839653.22
2024-11-07,2.198,2.232,2.235,2.161,1214481.6
2024-11-08,2.25,2.23,2.293,2.221,1056368.59
2024-11-11,2.21,2.306,2.308,2.185,1182130.32
2024-11-12,2.33,2.299,2.381,2.273,1466140.35
2024-11-13,2.28,2.318,2.323,2.261,1246940.48
2024-11-14,2.331,2.245,2.334,2.24,810292.9
2024-11-15,2.236,2.168,2.24,2.166,775765.53
2024-11-18,2.16,2.138,2.195,2.127,608987.26
2024-11-19,2.141,2.216,2.218,2.121,672248.04
2024-11-20,2.207,2.21,2.225,2.187,778236.51
2024-11-21,2.216,2.209,2.234,2.198,587340.05
2024-11-22,2.207,2.13,2.209,2.128,547337.72
2024-11-25,2.131,2.152,2.172,2.126,547957.1
2024-11-26,2.156,2.112,2.16,2.109,586659.47
2024-11-27,2.101,2.153,2.157,2.077,610858.73
2024-11-28,2.157,2.135,2.169,2.133,387638.29
2024-11-29,2.128,2.16,2.187,2.126,593396.5
2024-12-02,2.152,2.176,2.177,2.123,454987.72
2024-12-03,2.18,2.174,2.185,2.155,416536.09
2024-12-04,2.172,2.129,2.172,2.12,486142.83
2024-12-05,2.129,2.128,2.13,2.112,310617.55
2024-12-06,2.128,2.15,2.157,2.091,585926.06
2024-12-09,2.145,2.134,2.15,2.12,352064.62
2024-12-10,2.201,2.132,2.205,2.125,897937.45
2024-12-11,2.132,2.122,2.136,2.116,353533.67
2024-12-12,2.121,2.14,2.147,2.109,465270.99
2024-12-13,2.133,2.09,2.133,2.086,598326.02
2024-12-16,2.09,2.055,2.094,2.049,467036.43
2024-12-17,2.063,2.052,2.08,2.05,359514.93
2024-12-18,2.052,2.046,2.06,2.042,309136.79
2024-12-19,2.038,2.033,2.038,2.014,424991.12
2024-12-20,2.033,2.024,2.04,2.021,415302.92
2024-12-23,2.043,2.018,2.048,2.014,574772.58
2024-12-24,2.019,2.047,2.054,2.018,467010.51
2024-12-25,2.053,2.027,2.056,2.017,447041.43
2024-12-26,2.03,2.017,2.032,2.012,382304.4
2024-12-27,2.018,2.014,2.032,2.003,451481.31
2024-12-30,2.012,2.018,2.024,2.004,381217.77
2024-12-31,2.018,1.978,2.028,1.9759999999999998,494049.74
2025-01-02,1.98,1.9200000000000002,1.981,1.911,875597.53
2025-01-03,1.927,1.8829999999999998,1.9330000000000003,1.882,496798.13
2025-01-06,1.8829999999999998,1.8879999999999997,1.9059999999999997,1.873,368792.33
2025-01-07,1.88,1.891,1.893,1.866,318738.37
2025-01-08,1.89,1.879,1.896,1.85,452445.77
2025-01-09,1.871,1.877,1.895,1.869,269683.2
2025-01-10,1.876,1.8329999999999997,1.88,1.8309999999999997,515469.22
2025-01-13,1.819,1.84,1.853,1.8149999999999997,340392.57
2025-01-14,1.841,1.8990000000000002,1.9039999999999997,1.838,549628.1
2025-01-15,1.8990000000000002,1.8970000000000002,1.9189999999999998,1.878,369983.23
2025-01-16,1.8970000000000002,1.91,1.93,1.8879999999999997,416911.25
2025-01-17,1.8990000000000002,1.908,1.9239999999999997,1.894,373070.98
2025-01-20,1.913,1.928,1.941,1.913,400122.45
2025-01-21,1.9350000000000003,1.9009999999999998,1.9350000000000003,1.894,370974.2
2025-01-22,1.9009999999999998,1.874,1.9009999999999998,1.866,347939.16
2025-01-23,1.8879999999999997,1.87,1.908,1.869,461085.15
2025-01-24,1.8650000000000002,1.892,1.9020000000000001,1.8619999999999999,481631.05
2025-01-27,1.89,1.875,1.909,1.874,302435.54
2025-02-05,1.892,1.866,1.892,1.857,384521.71
2025-02-06,1.869,1.908,1.909,1.851,703147.22
2025-02-07,1.909,1.963,1.975,1.907,808851.86
2025-02-10,1.9690000000000003,1.95,1.9709999999999999,1.926,785392.59
2025-02-11,1.9510000000000003,1.913,1.9510000000000003,1.905,655938.63
2025-02-12,1.912,1.9369999999999998,1.9380000000000002,1.9029999999999998,621084.54
2025-02-13,1.9369999999999998,1.931,1.9529999999999998,1.928,795825.05
2025-02-14,1.93,1.947,1.959,1.928,749098.09
2025-02-17,1.9529999999999998,1.949,1.9529999999999998,1.929,655487.74
2025-02-18,1.9549999999999998,1.9380000000000002,1.979,1.931,918375.62
2025-02-19,1.93,1.962,1.964,1.9239999999999997,657645.46
2025-02-20,1.96,1.944,1.96,1.93,783656.64
2025-02-21,1.939,1.963,1.965,1.939,816608.52
2025-02-24,1.964,1.9709999999999999,1.978,1.949,694864.03
2025-02-25,1.962,1.9690000000000003,1.98,1.95,635021.32
2025-02-26,1.97,2.011,2.012,1.97,997213.64
2025-02-27,2.012,2.011,2.018,1.9889999999999999,782892.53
2025-02-28,2.005,1.97,2.026,1.9690000000000003,800933.92
2025-03-03,1.979,2.02,2.052,1.9759999999999998,1237409.96
2025-03-04,2.011,1.993,2.011,1.9709999999999999,734747.64
2025-03-05,1.9900000000000002,1.97,1.9900000000000002,1.9549999999999998,741904.76
2025-03-06,1.9729999999999999,1.998,1.999,1.964,721357.77
2025-03-07,1.9880000000000002,1.98,1.995,1.9709999999999999,577890.71
2025-03-10,1.981,1.982,1.996,1.965,452381.19
2025-03-11,1.9690000000000003,1.9850000000000003,1.986,1.962,446640.58
2025-03-12,1.986,1.98,1.995,1.9739999999999998,493272.95
2025-03-13,1.978,1.966,1.9919999999999998,1.9579999999999997,469060.35
2025-03-14,1.9729999999999999,2.002,2.005,1.963,818481.76
2025-03-17,2.01,2.005,2.021,2.0,516111.3
2025-03-18,2.01,2.009,2.02,2.002,569593.9
2025-03-19,2.007,2.007,2.022,1.9900000000000002,560296.62
2025-03-20,2.003,1.9909999999999999,2.007,1.9880000000000002,454628.8
2025-03-21,1.9900000000000002,1.961,1.999,1.9560000000000002,674040.8
2025-03-24,1.961,1.9529999999999998,1.9690000000000003,1.93,593178.36
2025-03-25,1.95,1.9690000000000003,1.978,1.948,509856.93
2025-03-26,1.968,1.977,1.9939999999999998,1.967,485370.33
2025-03-27,1.975,1.959,1.977,1.947,367521.51
2025-03-28,1.96,1.942,1.9709999999999999,1.9399999999999997,315030.07
2025-03-31,1.9399999999999997,1.898,1.9399999999999997,1.887,573842.9
2025-04-01,1.898,1.9059999999999997,1.9189999999999998,1.892,395770.41
2025-04-02,1.909,1.9029999999999998,1.916,1.896,227179.01
2025-04-03,1.8849999999999998,1.874,1.898,1.872,426274.7
2025-04-07,1.8270000000000002,1.687,1.8279999999999998,1.687,877731.14
2025-04-08,1.68,1.6840000000000002,1.7039999999999997,1.658,660368.91
2025-04-09,1.6650000000000003,1.687,1.692,1.617,719608.28
2025-04-10,1.7209999999999999,1.7209999999999999,1.747,1.714,546471.28
2025-04-11,1.7039999999999997,1.732,1.741,1.7020000000000002,355949.43
2025-04-14,1.749,1.745,1.7570000000000001,1.741,302456.24
2025-04-15,1.752,1.744,1.753,1.7369999999999999,363171.59
2025-04-16,1.741,1.727,1.741,1.7059999999999997,434056.67
2025-04-17,1.7239999999999998,1.7239999999999998,1.7360000000000002,1.7209999999999999,339929.79
2025-04-18,1.725,1.729,1.731,1.716,221008.01
2025-04-21,1.732,1.747,1.749,1.7170000000000003,328977.41
2025-04-22,1.75,1.7419999999999998,1.751,1.7389999999999999,190501.33
2025-04-23,1.755,1.752,1.764,1.743,290238.77
2025-04-24,1.7570000000000001,1.746,1.769,1.745,256965.29
2025-04-25,1.748,1.755,1.762,1.744,254642.76
2025-04-28,1.7579999999999998,1.751,1.765,1.75,216530.51
2025-04-29,1.746,1.743,1.753,1.741,166210.5
2025-04-30,1.7399999999999998,1.745,1.7540000000000002,1.7389999999999999,254833.64
2025-05-06,1.755,1.7770000000000001,1.778,1.751,346939.87
2025-05-07,1.791,1.782,1.805,1.7720000000000002,313983.55
2025-05-08,1.7789999999999997,1.8119999999999998,1.818,1.7759999999999998,543702.79
2025-05-09,1.8149999999999997,1.799,1.8149999999999997,1.788,282440.42
2025-05-12,1.8129999999999997,1.8440000000000003,1.8450000000000002,1.8129999999999997,604535.3
2025-05-13,1.8600000000000003,1.856,1.8829999999999998,1.85,506604.47
2025-05-14,1.851,1.8600000000000003,1.8650000000000002,1.84,409021.02
2025-05-15,1.859,1.8279999999999998,1.859,1.8270000000000002,391961.74
2025-05-16,1.8260000000000003,1.8290000000000002,1.838,1.8240000000000003,224730.13
2025-05-19,1.8299999999999998,1.8279999999999998,1.838,1.8099999999999998,271967.29
2025-05-20,1.8329999999999997,1.835,1.84,1.819,232454.7
2025-05-21,1.835,1.853,1.8669999999999998,1.835,448058.51
2025-05-22,1.854,1.8299999999999998,1.855,1.8299999999999998,340076.5
2025-05-23,1.8299999999999998,1.816,1.8470000000000002,1.8110000000000002,383452.2
2025-05-26,1.8110000000000002,1.801,1.817,1.7939999999999998,290118.59
2025-05-27,1.802,1.7919999999999998,1.805,1.781,272441.29
2025-05-28,1.791,1.7789999999999997,1.796,1.7759999999999998,263931.93
2025-05-29,1.78,1.791,1.7930000000000001,1.7740000000000002,248327.42
2025-05-30,1.7900000000000003,1.7740000000000002,1.791,1.771,192504.32
2025-06-03,1.773,1.7740000000000002,1.7789999999999997,1.766,276547.8
2025-06-04,1.7750000000000001,1.7919999999999998,1.798,1.7750000000000001,303702.92
2025-06-05,1.7939999999999998,1.796,1.7969999999999997,1.782,226700.7
2025-06-06,1.796,1.7930000000000001,1.801,1.789,181153.21
2025-06-09,1.796,1.8080000000000003,1.8110000000000002,1.7900000000000003,249081.53
2025-06-10,1.807,1.7919999999999998,1.818,1.781,386980.95
2025-06-11,1.7919999999999998,1.818,1.825,1.7919999999999998,453569.98
2025-06-12,1.8099999999999998,1.809,1.814,1.802,221864.75
2025-06-13,1.809,1.7939999999999998,1.8129999999999997,1.7900000000000003,277541.25
2025-06-16,1.791,1.7949999999999997,1.801,1.788,295675.75
2025-06-17,1.796,1.8,1.8099999999999998,1.789,536820.39
2025-06-18,1.799,1.8060000000000003,1.8080000000000003,1.7949999999999997,248584.53
2025-06-19,1.804,1.785,1.819,1.78,364656.28
2025-06-20,1.787,1.78,1.8110000000000002,1.7770000000000001,298060.23
2025-06-23,1.7759999999999998,1.802,1.803,1.7740000000000002,281928.05
2025-06-24,1.802,1.8440000000000003,1.8440000000000003,1.802,587239.38
2025-06-25,1.8450000000000002,1.869,1.874,1.8450000000000002,933754.41
2025-06-26,1.869,1.858,1.8849999999999998,1.857,432407.44
2025-06-27,1.858,1.8650000000000002,1.89,1.857,414164.89
2025-06-30,1.869,1.891,1.891,1.869,937191.33
2025-07-01,1.891,1.8849999999999998,1.891,1.8669999999999998,437156.57
2025-07-02,1.8840000000000001,1.907,1.91,1.875,574271.84
2025-07-03,1.91,1.929,1.9350000000000003,1.895,541658.3
2025-07-04,1.929,1.913,1.9369999999999998,1.907,461185.57
2025-07-07,1.908,1.905,1.9189999999999998,1.8990000000000002,337824.8
2025-07-08,1.9020000000000001,1.967,1.9729999999999999,1.9020000000000001,854137.25
2025-07-09,1.967,1.962,1.978,1.9560000000000002,454390.75
2025-07-10,1.961,1.978,1.9870000000000003,1.96,407224.42
2025-07-11,1.978,1.97,1.9870000000000003,1.965,460250.92
2025-07-14,1.97,1.9739999999999998,1.9919999999999998,1.967,372374.35
2025-07-15,1.9690000000000003,1.952,1.98,1.9399999999999997,404598.17
2025-07-16,1.949,1.948,1.9510000000000003,1.9380000000000002,283063.88
2025-07-17,1.952,1.968,1.9690000000000003,1.948,338646.84
2025-07-18,1.9690000000000003,1.98,1.997,1.967,380889.3
2025-07-21,1.982,2.006,2.007,1.982,449602.96
2025-07-22,2.006,2.051,2.054,2.002,815695.99
2025-07-23,2.062,2.033,2.073,2.031,671762.81
2025-07-24,2.029,2.086,2.088,2.027,639288.8
2025-07-25,2.09,2.077,2.092,2.07,476294.25
2025-07-28,2.073,2.07,2.08,2.049,485259.59
2025-07-29,2.07,2.088,2.088,2.06,340379.45
2025-07-30,2.089,2.048,2.092,2.038,443695.77
2025-07-31,2.044,1.9880000000000002,2.045,1.98,893609.69
2025-08-01,1.9870000000000003,2.0,2.02,1.9850000000000003,502796.01
2025-08-04,1.9880000000000002,1.9939999999999998,1.995,1.975,277163.15
2025-08-05,1.995,2.007,2.007,1.993,321091.64
2025-08-06,2.005,2.013,2.015,1.998,242079.94
2025-08-07,2.018,2.003,2.019,1.9880000000000002,334863.92
2025-08-08,2.0,2.024,2.043,1.999,500143.94
2025-08-11,2.042,2.077,2.079,2.038,643947.21
2025-08-12,2.077,2.069,2.077,2.043,458433.43
2025-08-13,2.071,2.092,2.097,2.065,711837.14
2025-08-14,2.092,2.063,2.098,2.051,590683.28
2025-08-15,2.055,2.123,2.127,2.053,752943.01
2025-08-18,2.14,2.146,2.167,2.131,631013.96
2025-08-19,2.144,2.139,2.155,2.13,468763.69
2025-08-20,2.14,2.153,2.154,2.112,438719.73
2025-08-21,2.155,2.143,2.163,2.135,1537139.39
2025-08-22,2.142,2.192,2.194,2.138,917529.71
2025-08-25,2.194,2.242,2.256,2.194,822015.22
2025-08-26,2.238,2.232,2.245,2.208,613051.9
2025-08-27,2.228,2.184,2.259,2.181,867871.98
2025-08-28,2.183,2.227,2.228,2.166,745079.85
2025-08-29,2.232,2.296,2.319,2.228,1300063.89
2025-09-01,2.3,2.319,2.319,2.279,1443820.79
2025-09-02,2.316,2.289,2.356,2.265,1354409.84
2025-09-03,2.287,2.33,2.341,2.287,1414133.87
2025-09-04,2.335,2.338,2.428,2.3,2278574.12
2025-09-05,2.336,2.552,2.555,2.334,2798300.57
2025-09-08,2.579,2.567,2.593,2.522,2847072.99
2025-09-09,2.549,2.532,2.576,2.511,1582285.22
2025-09-10,2.503,2.49,2.509,2.455,1608956.98
2025-09-11,2.472,2.546,2.547,2.46,1309906.83
2025-09-12,2.549,2.528,2.56,2.511,1311038.12
2025-09-15,2.528,2.566,2.637,2.528,1348749.15
2025-09-16,2.571,2.567,2.591,2.51,1138326.71
2025-09-17,2.562,2.606,2.624,2.538,1092705.65
2025-09-18,2.604,2.569,2.616,2.526,1350817.79
2025-09-19,2.562,2.57,2.61,2.555,929005.35
2025-09-22,2.569,2.557,2.585,2.524,843881.55
2025-09-23,2.555,2.574,2.609,2.513,1192588.54
2025-09-24,2.564,2.664,2.665,2.552,1268150.62
2025-09-25,2.666,2.709,2.74,2.661,972555.61
2025-09-26,2.694,2.69,2.746,2.677,943845.31
2025-09-29,2.71,2.779,2.795,2.71,1119731.66
2025-09-30,2.79,2.841,2.849,2.776,866666.32
2025-10-09,2.86,2.949,2.955,2.86,1075460.83
2025-10-10,2.93,2.77,2.93,2.751,1993490.49
2025-10-13,2.651,2.789,2.796,2.638,2147901.31
2025-10-14,2.816,2.73,2.881,2.703,1427689.87
2025-10-15,2.725,2.779,2.78,2.692,943153.01
2025-10-16,2.764,2.791,2.814,2.748,711733.87
2025-10-17,2.78,2.658,2.804,2.65,1078798.3
2025-10-20,2.682,2.667,2.713,2.65,791917.23
2025-10-21,2.682,2.711,2.723,2.659,833783.72
2025-10-22,2.7,2.671,2.704,2.652,498725.0
2025-10-23,2.65,2.712,2.715,2.627,662253.6
2025-10-24,2.73,2.763,2.77,2.723,927240.64
2025-10-27,2.793,2.789,2.809,2.754,720197.35
2025-10-28,2.785,2.767,2.806,2.755,600912.89
2025-10-29,2.768,2.94,2.943,2.768,1600409.79
2025-10-30,2.945,2.966,3.006,2.936,1326247.56
2025-10-31,2.949,2.927,3.045,2.924,1324996.93
2025-11-03,2.924,2.963,2.965,2.865,1096861.83
2025-11-04,2.972,2.877,2.973,2.86,814245.93
2025-11-05,2.816,2.979,2.993,2.814,1156110.03
2025-11-06,2.981,3.027,3.06,2.981,1130708.9
2025-11-07,3.019,3.083,3.103,2.993,1094339.57
2025-11-10,3.11,3.063,3.135,3.034,1490454.06
2025-11-11,3.068,3.039,3.106,3.031,975523.76
2025-11-12,3.011,2.961,3.019,2.914,1416668.91
2025-11-13,2.954,3.099,3.128,2.954,1626103.07
2025-11-14,3.045,3.051,3.113,3.04,859486.95
2025-11-17,3.043,3.064,3.091,3.01,726959.58
2025-11-18,3.064,2.972,3.086,2.946,1277889.6
2025-11-19,2.963,2.988,3.013,2.954,861385.6
2025-11-20,3.002,2.941,3.035,2.934,1020448.01
2025-11-21,2.881,2.76,2.883,2.756,1131799.9
2025-11-24,2.773,2.73,2.777,2.703,839110.6
2025-11-25,2.764,2.783,2.807,2.732,928379.26
2025-11-26,2.792,2.789,2.831,2.765,684676.77
2025-11-27,2.787,2.785,2.852,2.78,749170.73
2025-11-28,2.769,2.829,2.84,2.769,681944.17
2025-12-01,2.837,2.834,2.858,2.808,444920.63
2025-12-02,2.834,2.798,2.834,2.787,375738.67
2025-12-03,2.798,2.763,2.814,2.751,414779.13
2025-12-04,2.753,2.766,2.773,2.738,372412.04
2025-12-05,2.766,2.793,2.799,2.741,459418.96
2025-12-08,2.79,2.844,2.858,2.79,640484.98
2025-12-09,2.844,2.831,2.858,2.807,400263.95
2025-12-10,2.825,2.813,2.833,2.772,411246.83
2025-12-11,2.811,2.808,2.871,2.802,753437.2
2025-12-12,2.817,2.815,2.826,2.765,749323.28
2025-12-15,2.808,2.766,2.824,2.758,469888.56
2025-12-16,2.762,2.702,2.762,2.675,620682.35
2025-12-17,2.709,2.777,2.78,2.708,808341.83
2025-12-18,2.758,2.722,2.772,2.721,372119.05
2025-12-19,2.73,2.744,2.759,2.714,425951.6
2025-12-22,2.751,2.785,2.793,2.751,787231.06
2025-12-23,2.795,2.831,2.854,2.786,671154.3
2025-12-24,2.841,2.855,2.859,2.809,3508403.03
2025-12-25,2.842,2.861,2.87,2.82,540145.44
2025-12-26,2.883,2.927,2.967,2.883,3299344.56
2025-12-29,2.926,2.881,2.935,2.878,1755439.96
2025-12-30,2.85,2.888,2.903,2.849,864617.9
2025-12-31,2.889,2.859,2.899,2.846,700212.91
2026-01-05,2.866,2.917,2.921,2.866,1349432.84
2026-01-06,2.925,2.966,2.978,2.924,1060684.23
2026-01-07,2.975,2.984,3.014,2.954,659354.07
2026-01-08,2.971,2.982,3.007,2.953,848362.38
2026-01-09,2.978,2.999,3.035,2.966,1028320.7
2026-01-12,2.98,3.021,3.036,2.97,1096204.59
2026-01-13,3.025,3.009,3.046,2.977,981005.65
2026-01-14,3.015,3.004,3.086,2.97,1168745.93
2026-01-15,2.988,3.027,3.051,2.983,745233.4
2026-01-16,3.055,3.036,3.074,3.024,620770.53
2026-01-19,3.018,3.06,3.074,3.005,566841.54
2026-01-20,3.07,2.992,3.073,2.969,736982.92
2026-01-21,2.962,3.019,3.045,2.962,673372.5
2026-01-22,3.018,3.015,3.056,2.998,643796.3
2026-01-23,3.033,3.164,3.165,3.033,1659391.56
2026-01-26,3.209,3.123,3.209,3.119,1072020.95
2026-01-27,3.107,3.11,3.13,3.02,933387.12
2026-01-28,3.09,3.083,3.098,3.037,780313.37
2026-01-29,3.056,3.028,3.084,3.024,503105.05
2026-01-30,3.017,2.97,3.017,2.893,982015.81
2026-02-02,2.94,2.924,3.004,2.912,836324.11
2026-02-03,2.93,3.026,3.028,2.93,1035700.65
2026-02-04,3.027,3.084,3.088,3.008,876127.99
2026-02-05,3.06,2.958,3.06,2.941,947794.5
2026-02-06,2.914,3.0,3.037,2.903,839836.63
2026-02-09,3.052,3.069,3.084,3.036,646889.96
2026-02-10,3.067,3.038,3.071,3.032,533957.6
2026-02-11,3.031,3.062,3.075,3.031,459269.92
2026-02-12,3.063,3.103,3.111,3.061,645830.66
2026-02-13,3.075,3.038,3.083,3.037,570778.08
2026-02-24,3.064,3.079,3.096,3.064,475341.53
2026-02-25,3.073,3.132,3.158,3.073,786162.91
2026-02-26,3.143,3.093,3.143,3.083,747043.16
2026-02-27,3.063,3.12,3.12,3.063,587580.0
2026-03-02,3.118,3.117,3.152,3.08,728213.88
2026-03-03,3.124,3.033,3.157,3.025,890837.07
2026-03-04,2.987,3.024,3.07,2.982,782420.89
2026-03-05,3.062,3.051,3.072,3.026,602642.92
2026-03-06,3.055,3.048,3.071,3.013,633561.98
2026-03-09,3.029,3.087,3.099,2.971,1095631.02
2026-03-10,3.111,3.142,3.145,3.089,883443.08
2026-03-11,3.162,3.229,3.2580000000000005,3.133,1180061.96
2026-03-12,3.236,3.25,3.252,3.187,1040177.05
2026-03-13,3.26,3.239,3.3029999999999995,3.228,1742924.89
2026-03-16,3.274,3.188,3.285,3.174,1742057.24
2026-03-17,3.183,3.116,3.226,3.113,1537744.01
2026-03-18,3.107,3.102,3.124,3.05,1258613.89
2026-03-19,3.059,3.037,3.102,3.02,903898.57
2026-03-20,3.036,3.114,3.202,3.036,1240511.27
2026-03-23,3.105,3.061,3.165,3.034,3486764.77
2026-03-24,3.108,3.082,3.108,2.946,1966284.95
2026-03-25,3.084,3.13,3.149,3.08,1770896.4
2026-03-26,3.133,3.112,3.18,3.09,1711598.47
2026-03-27,3.068,3.168,3.19,3.066,1149408.11
2026-03-30,3.14,3.11,3.177,3.057,1130690.96
2026-03-31,3.091,2.999,3.104,2.998,1086977.49
2026-04-01,3.009,2.988,3.025,2.954,1326967.1
2026-04-02,2.971,2.928,2.998,2.91,970301.43
2026-04-03,2.913,2.856,2.934,2.852,693945.42
2026-04-07,2.846,2.865,2.9,2.844,562411.36
2026-04-08,2.907,2.976,2.978,2.905,1103108.46
2026-04-09,2.976,2.953,2.98,2.917,805035.63
2026-04-10,2.96,3.051,3.082,2.96,1075482.01
2026-04-13,3.041,3.117,3.135,3.035,1050668.52
2026-04-14,3.126,3.167,3.168,3.085,1042971.4
2026-04-15,3.198,3.113,3.2,3.1,1187551.7
2026-04-16,3.13,3.189,3.198,3.12,1835551.84
2026-04-17,3.182,3.194,3.219,3.175,821857.33
2026-04-20,3.185,3.201,3.213,3.155,914249.65
2026-04-21,3.213,3.24,3.255,3.177,1224255.03
2026-04-22,3.209,3.245,3.2619999999999996,3.209,769218.18
2026-04-23,3.255,3.197,3.256,3.171,1112600.14
2026-04-24,3.189,3.236,3.256,3.176,831921.49
2026-04-27,3.223,3.224,3.249,3.209,718153.01
2026-04-28,3.2,3.171,3.208,3.16,659235.96
2026-04-29,3.153,3.2990000000000004,3.3039999999999994,3.132,1073606.82
2026-04-30,3.2890000000000006,3.286,3.3039999999999994,3.26,938286.3
2026-05-06,3.309,3.383,3.384,3.288,1103232.5
2026-05-07,3.39,3.359,3.39,3.3260000000000005,765678.83
2026-05-08,3.3349999999999995,3.2990000000000004,3.373,3.2929999999999997,984124.88
2026-05-11,3.3349999999999995,3.345,3.3649999999999998,3.3039999999999994,738950.93
2026-05-12,3.3439999999999994,3.2969999999999997,3.39,3.273,1162419.85
2026-05-13,3.28,3.328,3.3300000000000005,3.278,1051173.81
2026-05-14,3.343,3.223,3.349,3.222,922453.1
2026-05-15,3.221,3.199,3.2640000000000002,3.151,1143433.97
2026-05-18,3.157,3.196,3.228,3.148,1430935.09
2026-05-19,3.177,3.196,3.2,3.132,728237.77
2026-05-20,3.189,3.231,3.256,3.155,824522.5
2026-05-21,3.246,3.146,3.28,3.14,895943.81
2026-05-22,3.149,3.196,3.201,3.146,1057819.93
2026-05-25,3.196,3.174,3.205,3.139,822215.79
2026-05-26,3.159,3.18,3.202,3.125,729843.02
2026-05-27,3.18,3.18,3.269,3.158,729230.08
2026-05-28,3.183,3.201,3.206,3.126,697819.72
2026-05-29,3.201,3.117,3.207,3.097,1004862.57
2026-06-01,3.119,3.085,3.175,3.079,954182.25
2026-06-02,3.08,3.075,3.106,2.999,703739.14
2026-06-03,3.07,3.06,3.104,3.036,609637.13
2026-06-04,3.034,3.009,3.034,2.996,701866.78
2026-06-05,3.001,2.938,3.012,2.93,759039.55
2026-06-08,2.886,2.811,2.902,2.783,788080.85
2026-06-09,2.824,2.902,2.91,2.799,901213.84
2026-06-10,2.868,2.849,2.883,2.8,1355918.82
2026-06-11,2.806,2.859,2.886,2.806,538155.83
2026-06-12,2.879,2.908,2.966,2.879,663932.77
2026-06-15,2.927,2.968,2.968,2.916,1416714.45
2026-06-16,2.982,3.039,3.058,2.967,1251375.45
2026-06-17,3.022,3.033,3.05,3.001,551088.53
2026-06-18,3.022,3.0,3.036,2.969,557074.13
2026-06-22,2.995,3.118,3.12,2.96,684798.54
2026-06-23,3.112,2.97,3.112,2.944,958348.49
2026-06-24,2.94,2.996,3.011,2.9,863168.81
2026-06-25,2.986,2.99,3.003,2.961,846664.74
2026-06-26,2.989,2.889,3.024,2.885,2123401.79
2026-06-29,2.864,2.912,2.919,2.849,660706.07
2026-06-30,2.908,2.991,2.995,2.907,745666.29
2026-07-01,2.988,2.955,2.991,2.886,977177.17
2026-07-02,2.921,2.868,2.946,2.856,669042.95
2026-07-03,2.868,2.854,2.889,2.848,597933.92
2026-07-06,2.861,2.799,2.891,2.797,668089.26
2026-07-07,2.798,2.76,2.827,2.75,616082.62
2026-07-08,2.765,2.635,2.765,2.632,824579.54
2026-07-09,2.633,2.648,2.649,2.534,920872.94
2026-07-10,2.649,2.572,2.65,2.569,1075477.34
2026-07-13,2.556,2.459,2.564,2.458,722294.86
2026-07-14,2.465,2.502,2.506,2.414,735612.37
2026-07-15,2.501,2.491,2.544,2.485,598789.73
2026-07-16,2.47,2.426,2.478,2.414,723050.79
2026-07-17,2.412,2.35,2.429,2.334,953303.66
2026-07-20,2.334,2.311,2.369,2.273,725052.54
2026-07-21,2.299,2.403,2.406,2.299,1010733.4
2026-07-22,2.403,2.388,2.427,2.374,970554.76
2026-07-23,2.386,2.486,2.486,2.386,948153.77
2026-07-24,2.466,2.409,2.471,2.406,811799.72
2026-07-27,2.443,2.477,2.48,2.417,1006727.0
2026-07-28,2.448,2.414,2.468,2.406,761173.21
2026-07-29,2.412,2.436,2.458,2.352,811344.19
2026-07-30,2.404,2.415,2.453,2.39,769491.91
2026-07-31,2.43,2.436,2.477,2.429,1022660.88
