date,open,high,low,close,volume,amount
1993-01-03,3.10,3.30,3.10,3.30,14639100.00,317112800.00
1993-01-04,10.10,10.40,9.90,10.10,39052600.00,714883904.00
1993-01-05,16.10,16.80,16.00,16.50,43881900.00,727783680.00
1993-01-06,22.00,22.50,21.30,21.80,43533100.00,716964288.00
1993-01-07,25.30,25.90,25.00,25.80,34719600.00,580859840.00
1993-01-08,31.80,32.90,31.40,32.40,50104900.00,932122944.00
1993-01-11,41.20,44.20,40.80,43.60,75105296.00,1361538304.00
1993-01-12,51.10,52.60,49.10,50.10,69856096.00,1320057088.00
1993-01-13,52.50,54.70,51.70,54.20,46414600.00,871586560.00
1993-01-14,59.20,61.20,57.70,59.90,64409300.00,1198466432.00
1993-01-15,61.90,62.90,59.30,60.90,47344700.00,918612928.00
1993-01-18,63.00,65.00,61.90,63.60,40539200.00,864689856.00
1993-01-19,66.80,68.20,63.40,64.40,45752200.00,1017079488.00
1993-01-20,63.00,66.70,62.60,65.60,19483900.00,366491136.00
1993-01-21,65.70,67.50,65.10,66.60,24211600.00,448706272.00
1993-01-22,66.50,68.70,65.90,67.40,24898300.00,471406464.00
1993-01-27,69.40,72.50,68.80,71.30,36867600.00,726383872.00
1993-01-28,73.20,75.00,70.80,72.20,37784600.00,748144064.00
1993-01-29,72.90,76.30,72.30,75.30,37250500.00,709970304.00
1993-02-01,82.50,89.00,81.70,87.80,81037600.00,1809180672.00
1993-02-02,94.20,98.20,93.10,96.80,81500304.00,1870953984.00
1993-02-03,101.10,103.20,97.30,100.20,72611600.00,1668296448.00
1993-02-04,104.90,109.20,103.20,108.30,75045504.00,1757051392.00
1993-02-05,114.80,117.50,109.50,112.10,85902200.00,2116953600.00
1993-02-08,117.00,123.20,115.20,121.60,77539904.00,2034457856.00
1993-02-09,128.10,133.60,125.10,129.80,88361200.00,2303973632.00
1993-02-10,136.00,139.10,128.50,131.20,88806200.00,2309390080.00
1993-02-11,134.40,138.40,125.40,128.80,79262496.00,2014210048.00
1993-02-12,130.60,135.10,124.30,132.70,44768500.00,1130298752.00
1993-02-15,138.80,145.60,136.90,142.10,93010304.00,2331483904.00
1993-02-16,143.50,145.70,137.60,139.40,67947000.00,1852122496.00
1993-02-17,138.30,142.70,134.90,139.60,53378800.00,1538408960.00
1993-02-18,140.70,144.60,136.90,140.60,62362100.00,1773350272.00
1993-02-19,149.80,155.10,143.70,152.10,87126200.00,2708779008.00
1993-02-22,156.20,160.60,149.40,152.00,76353296.00,2159402240.00
1993-02-23,150.50,154.40,143.50,146.60,68467904.00,1847765120.00
1993-02-24,149.60,152.10,135.20,141.10,94738096.00,2434531584.00
1993-02-25,143.40,157.00,140.70,155.00,82022496.00,2268717824.00
1993-02-26,157.90,160.90,147.90,150.50,81640096.00,2256047872.00
1993-03-01,148.40,151.20,137.10,139.80,56229500.00,1508262400.00
1993-03-02,136.40,142.40,131.50,136.70,48623000.00,1230159232.00
1993-03-03,131.80,134.30,127.30,128.50,30730000.00,817349312.00
1993-03-04,127.50,130.40,118.30,123.30,46186200.00,1208989440.00
1993-03-05,123.10,127.00,111.60,117.90,64427800.00,1446716928.00
1993-03-08,131.60,143.20,127.00,130.60,94744096.00,2468952576.00
1993-03-09,127.40,129.80,119.80,123.50,48727400.00,1224413312.00
1993-03-10,121.60,130.10,118.10,129.60,49721900.00,1342980096.00
1993-03-11,132.80,136.90,130.30,135.40,70919504.00,1896664704.00
1993-03-12,136.60,138.60,131.70,134.90,63457800.00,1658833152.00
1993-03-15,133.80,134.80,123.70,125.80,45666400.00,1145028480.00
1993-03-16,120.80,125.20,119.00,124.10,34846900.00,781295424.00
1993-03-17,120.00,120.80,115.00,116.30,28905700.00,676539968.00
1993-03-18,111.40,113.70,109.30,111.30,26066300.00,613615104.00
1993-03-19,107.60,109.50,105.40,106.80,32641900.00,678027008.00
1993-03-22,102.00,103.60,94.50,95.90,44572900.00,901395904.00
1993-03-23,94.20,96.50,89.80,91.50,42912600.00,840020352.00
1993-03-24,88.30,90.40,85.70,86.60,28336500.00,577136384.00
1993-03-25,85.40,89.20,82.70,87.70,34016800.00,701182272.00
1993-03-26,91.40,96.10,89.10,94.40,67824096.00,1300408704.00
1993-03-29,92.10,93.40,87.30,89.10,33101200.00,619757888.00
1993-03-30,86.00,88.10,84.00,86.20,28650200.00,526228576.00
1993-03-31,85.30,86.30,82.40,84.20,35471488.00,723683392.00
1993-04-01,81.60,83.30,80.50,82.60,24658300.00,518099104.00
1993-04-02,81.10,82.50,79.80,80.50,30681200.00,636514048.00
1993-04-05,78.80,80.10,77.10,78.90,22198700.00,434052512.00
1993-04-06,79.80,86.80,79.00,85.20,58988000.00,974920704.00
1993-04-07,94.90,103.40,93.20,98.90,111744600.00,2198539776.00
1993-04-08,109.60,119.80,108.20,117.10,124545200.00,2558077440.00
1993-04-09,128.00,133.00,121.80,124.70,121976800.00,2649312512.00
1993-04-12,130.70,136.20,125.60,129.60,87715768.00,2000461824.00
1993-04-13,133.20,141.00,131.00,139.40,94551296.00,2094328832.00
1993-04-14,144.50,148.00,138.10,140.40,104254000.00,2409387264.00
1993-04-15,140.30,144.60,136.20,140.20,81216600.00,1740843008.00
1993-04-16,140.90,143.90,133.40,136.00,90524400.00,2001824512.00
1993-04-19,133.30,138.40,130.50,134.90,66606900.00,1375647872.00
1993-04-20,132.90,136.20,131.00,133.40,57126500.00,1280942336.00
1993-04-21,128.40,129.70,126.00,127.30,36547800.00,774112256.00
1993-04-22,123.10,126.60,121.70,125.40,42794500.00,956322624.00
1993-04-23,125.80,127.50,122.50,123.90,65607500.00,1486624768.00
1993-04-26,130.80,135.30,127.80,133.40,86750000.00,2181308928.00
1993-04-27,137.80,141.20,134.30,137.00,95054896.00,2200023296.00
1993-04-28,136.20,139.20,133.70,136.70,67286896.00,1482734976.00
1993-04-29,134.50,135.90,130.00,131.10,50247000.00,1193209600.00
1993-04-30,128.10,131.30,126.60,129.40,45485700.00,1060682816.00
1993-05-03,128.10,130.00,124.30,126.50,52570300.00,1191673600.00
1993-05-04,128.80,131.90,118.50,121.30,74437296.00,1838426624.00
1993-05-05,118.60,122.80,115.20,118.90,54589100.00,1208224512.00
1993-05-06,120.60,121.30,109.90,113.50,67267000.00,1440953600.00
1993-05-07,114.10,118.20,111.60,116.30,60495900.00,1301463808.00
1993-05-10,115.10,117.20,106.80,108.60,52607700.00,1092556032.00
1993-05-11,105.60,108.00,102.80,106.50,40508200.00,841537600.00
1993-05-12,104.80,107.90,103.70,106.00,41558600.00,878119808.00
1993-05-13,104.40,107.90,103.70,107.30,39179200.00,827170240.00
1993-05-14,106.10,107.50,102.90,104.70,41342600.00,884351680.00
1993-05-17,99.60,101.30,95.00,98.10,30766500.00,599572224.00
1993-05-18,95.10,97.50,92.90,95.10,28800800.00,557213696.00
1993-05-19,90.50,91.60,89.00,90.60,17144100.00,341941056.00
1993-05-20,88.40,89.90,87.40,88.70,27479700.00,580344640.00
1993-05-21,86.20,86.50,83.10,84.20,22877200.00,440542368.00
1993-05-24,85.20,86.10,78.20,79.20,43327200.00,816345600.00
1993-05-25,78.40,80.50,75.80,78.80,42413900.00,755438528.00
1993-05-26,77.60,78.90,75.90,76.60,33554800.00,614445120.00
1993-05-27,75.00,75.70,71.80,73.30,29987300.00,529325408.00
1993-05-28,71.70,73.20,70.80,72.10,28044400.00,490021728.00
1993-05-31,71.30,73.00,69.00,70.60,27606700.00,477578752.00
1993-06-01,69.50,70.80,65.20,69.20,31993200.00,535760256.00
1993-06-02,77.20,86.40,73.90,85.50,102208200.00,1804973312.00
1993-06-03,96.40,102.50,86.00,92.70,130214704.00,2612494592.00
1993-06-04,92.70,94.80,88.70,90.60,61885300.00,1185491072.00
1993-06-07,91.30,96.70,88.50,95.00,47185100.00,952542400.00
1993-06-08,101.20,104.70,97.30,99.70,104779400.00,2050920448.00
1993-06-09,97.20,98.90,93.90,95.60,42277800.00,735779584.00
1993-06-10,93.10,94.50,89.90,91.00,35678800.00,684547200.00
1993-06-11,87.70,89.40,85.10,87.70,33538100.00,636922112.00
1993-06-14,89.10,90.20,83.30,85.30,47448400.00,963076864.00
1993-06-15,81.40,83.40,79.70,82.20,28802100.00,511741376.00
1993-06-16,78.50,79.60,77.00,78.00,18870400.00,326830528.00
1993-06-17,74.50,75.40,73.30,73.80,16930600.00,297062848.00
1993-06-18,71.60,74.00,71.00,73.50,28471200.00,487349440.00
1993-06-21,71.00,72.30,68.50,69.50,36373300.00,572081600.00
1993-06-22,66.20,67.40,65.40,66.30,15952400.00,251656720.00
1993-06-23,63.20,64.10,62.60,63.50,15684000.00,240630688.00
1993-06-24,61.50,62.30,60.30,61.40,23236900.00,359054784.00
1993-06-25,60.50,63.30,59.30,60.60,30440100.00,496065344.00
1993-06-28,60.80,62.20,59.40,61.10,35659800.00,583613888.00
1993-06-29,69.60,72.50,68.20,71.40,84203000.00,1542342784.00
1993-06-30,73.50,75.10,70.30,71.00,61694700.00,1205558016.00
1993-07-01,70.40,71.40,67.80,69.30,51513100.00,819176000.00
1993-07-02,68.60,70.00,66.90,68.60,41031200.00,607191104.00
1993-07-05,68.80,70.50,65.80,66.90,56768900.00,872370368.00
1993-07-06,65.80,66.20,62.60,63.20,43305800.00,638696640.00
1993-07-07,60.90,63.20,59.90,62.30,33307000.00,482945376.00
1993-07-08,59.60,60.50,58.70,59.50,17456200.00,252577440.00
1993-07-09,57.90,58.10,55.40,56.10,26133100.00,372837824.00
1993-07-12,56.50,58.20,54.80,56.60,56409500.00,724716864.00
1993-07-13,56.60,58.00,55.30,56.70,35909900.00,480327136.00
1993-07-14,56.10,56.70,53.20,53.60,37351700.00,562287488.00
1993-07-15,51.70,52.60,50.60,51.30,24285900.00,334369024.00
1993-07-16,50.40,51.10,49.50,50.10,29963300.00,415665024.00
1993-07-19,49.10,49.60,47.10,47.70,31987400.00,389293152.00
1993-07-20,48.10,48.60,45.10,47.10,40275200.00,476299872.00
1993-07-21,47.20,48.00,45.40,46.50,34523400.00,396419424.00
1993-07-22,44.90,45.80,44.00,45.50,20524300.00,233384912.00
1993-07-23,45.30,46.40,44.60,45.80,31157400.00,376013312.00
1993-07-26,46.20,46.60,44.30,45.00,31989400.00,420076096.00
1993-07-27,45.20,47.10,44.50,46.40,34642500.00,449815424.00
1993-07-28,52.30,55.00,51.60,52.80,81592096.00,1026378752.00
1993-07-29,54.80,56.30,53.10,55.40,54524000.00,653956032.00
1993-07-30,67.10,73.10,66.40,71.00,175882704.00,2158663680.00
1993-08-02,84.10,87.00,79.20,80.10,158115104.00,2039491200.00
1993-08-03,79.10,81.40,77.00,77.80,57992100.00,733287744.00
1993-08-04,75.20,78.10,74.30,77.10,41060000.00,526358272.00
1993-08-05,77.80,79.70,76.30,78.30,66861800.00,887047168.00
1993-08-06,79.80,81.40,78.40,79.70,74611800.00,938839232.00
1993-08-09,86.30,91.10,85.40,90.40,137263392.00,1836548096.00
1993-08-10,102.20,105.40,98.10,99.40,208898800.00,2654961152.00
1993-08-11,100.10,104.80,99.40,104.40,97313800.00,1258284160.00
1993-08-12,115.00,118.60,113.30,117.80,180995104.00,2420393472.00
1993-08-13,130.10,134.20,127.80,132.60,199114096.00,2861820672.00
1993-08-16,149.70,161.50,148.50,160.60,246810096.00,3807411968.00
1993-08-17,176.70,182.10,156.20,158.60,250104304.00,3940798464.00
1993-08-18,160.10,170.10,155.40,159.90,144944304.00,2197789696.00
1993-08-19,157.20,161.50,152.10,155.80,96082200.00,1435862784.00
1993-08-20,152.40,153.50,145.00,148.10,90546496.00,1313806848.00
1993-08-23,140.50,141.60,132.10,133.20,94452600.00,1310116096.00
1993-08-24,131.00,143.00,128.10,141.90,107860896.00,1522597504.00
1993-08-25,140.80,142.20,135.10,137.10,91676096.00,1329164160.00
1993-08-26,130.10,133.00,127.50,129.60,42263700.00,598563712.00
1993-08-27,127.00,128.80,122.90,124.40,69029400.00,968127168.00
1993-08-30,118.50,123.40,114.90,120.80,47404860.00,649717632.00
1993-08-31,115.60,118.30,114.50,115.80,38049000.00,535813632.00
1993-09-01,110.50,111.20,107.40,108.00,31041900.00,420575872.00
1993-09-02,101.70,103.50,101.00,102.40,24183500.00,323829792.00
1993-09-03,100.10,103.50,99.20,102.60,48784020.00,672156864.00
1993-09-06,102.80,105.20,100.30,102.20,64573100.00,907960832.00
1993-09-07,98.40,99.50,95.40,96.30,40081600.00,564091200.00
1993-09-08,93.50,94.50,90.20,92.90,44300500.00,563909696.00
1993-09-09,89.30,90.50,87.80,88.70,30972900.00,441307552.00
1993-09-10,85.60,86.40,83.90,84.70,33387300.00,435330272.00
1993-09-13,82.40,82.70,79.80,80.50,49080500.00,631582464.00
1993-09-14,76.70,78.60,75.80,77.60,29069800.00,368440416.00
1993-09-15,74.20,75.00,73.10,73.50,24212600.00,305384608.00
1993-09-16,70.40,71.40,69.30,69.80,25308500.00,316278144.00
1993-09-17,69.00,70.30,67.90,68.80,13425200.00,165461392.00
1993-09-20,68.70,72.00,67.90,71.40,56073260.00,696020544.00
1993-09-21,72.80,74.90,71.60,72.50,66439900.00,837255360.00
1993-09-22,69.60,70.70,68.90,70.00,26513030.00,326430688.00
1993-09-23,69.30,70.10,68.50,68.80,41631400.00,522539264.00
1993-09-24,70.40,73.10,67.20,69.80,73871600.00,943408832.00
1993-09-27,65.30,66.60,64.80,65.80,28808100.00,369450592.00
1993-09-28,66.00,67.00,65.50,66.70,50226800.00,592329152.00
1993-09-29,67.70,69.10,66.40,67.50,60034700.00,690765568.00
1993-09-30,68.50,71.00,66.40,68.90,61876800.00,766798080.00
1993-10-04,72.00,73.40,71.00,72.20,70530000.00,906083520.00
1993-10-05,74.40,75.40,72.50,73.40,72866200.00,921645440.00
1993-10-06,73.00,75.60,71.80,74.00,54638200.00,788126976.00
1993-10-07,86.90,102.10,85.60,92.30,174568096.00,3605932288.00
1993-10-08,99.80,102.20,90.00,91.50,132086296.00,2451143168.00
1993-10-11,90.20,92.40,87.40,89.40,69011304.00,1178394752.00
1993-10-12,87.00,88.90,85.20,86.50,53659124.00,861177024.00
1993-10-13,85.90,86.90,81.40,82.50,70611096.00,945925504.00
1993-10-14,79.60,81.10,78.20,79.80,49018508.00,685860800.00
1993-10-15,77.00,78.10,75.90,76.70,34968300.00,478167040.00
1993-10-18,75.20,75.70,72.60,73.20,58701448.00,697360320.00
1993-10-19,73.00,75.30,71.90,73.80,62201680.00,724319360.00
1993-10-20,73.70,74.80,72.20,73.40,69311656.00,854178688.00
1993-10-21,72.80,75.10,71.20,73.60,77136072.00,1171195008.00
1993-10-22,74.50,77.60,70.50,71.70,118163952.00,2167997440.00
1993-10-25,71.10,74.00,68.20,72.10,93389984.00,1366640640.00
1993-10-26,75.00,79.40,72.10,76.60,111657832.00,2014907520.00
1993-10-27,82.70,84.70,77.40,79.10,112977864.00,2008787584.00
1993-10-28,86.00,91.30,83.70,89.10,138679936.00,1867022080.00
1993-10-29,94.00,95.60,89.40,91.40,126907792.00,1730587008.00
1993-11-01,90.60,93.60,89.60,91.80,68373472.00,1135816832.00
1993-11-02,90.40,92.00,88.40,89.90,60659148.00,955878656.00
1993-11-03,87.20,88.10,85.00,85.80,51265312.00,786384128.00
1993-11-04,83.10,84.30,80.80,82.50,48088784.00,750887872.00
1993-11-05,80.70,82.10,79.50,81.30,49678780.00,667558016.00
1993-11-08,88.20,91.40,86.60,90.00,134370800.00,1683526144.00
1993-11-09,91.70,92.70,88.80,90.40,102726736.00,1254722304.00
1993-11-10,103.40,119.90,98.50,108.70,199567168.00,3243600640.00
1993-11-11,120.20,124.70,117.20,120.40,201135792.00,3208051456.00
1993-11-12,131.40,135.20,124.20,132.70,195285056.00,2811586816.00
1993-11-15,147.30,154.00,146.00,149.20,258139296.00,3473192192.00
1993-11-16,153.40,156.50,148.90,151.60,184051984.00,2454191104.00
1993-11-17,153.40,158.30,151.70,154.70,158877920.00,2055274880.00
1993-11-18,166.30,170.60,163.20,167.00,225168592.00,3152165632.00
1993-11-19,177.60,182.30,174.30,179.80,110090704.00,1539762944.00
1993-11-22,194.10,201.50,187.90,194.90,287826752.00,4013675264.00
1993-11-23,204.30,210.00,198.00,201.60,262091792.00,3838615808.00
1993-11-24,206.20,214.10,199.40,206.70,266543568.00,3806659072.00
1993-11-25,214.20,224.50,210.90,217.80,293471424.00,4124533248.00
1993-11-26,224.60,228.70,213.60,216.90,235256336.00,4018347008.00
1993-11-29,214.90,219.20,209.70,215.30,161407536.00,2356609024.00
1993-11-30,216.70,223.20,213.10,217.20,193715344.00,2792005376.00
1993-12-01,216.50,218.90,208.60,210.70,165945248.00,2381759744.00
1993-12-02,203.80,206.70,199.90,203.00,115865720.00,1592356480.00
1993-12-03,197.20,201.10,193.60,198.20,108968288.00,1595379200.00
1993-12-06,208.00,215.70,204.50,212.00,253237616.00,3529519872.00
1993-12-07,224.80,234.30,219.00,226.00,283448224.00,4524281856.00
1993-12-08,233.30,237.70,223.10,228.80,237744464.00,3798215680.00
1993-12-09,226.40,228.60,216.20,220.70,158233648.00,2512411904.00
1993-12-10,222.60,228.80,216.90,224.20,204992608.00,2975299328.00
1993-12-13,229.80,232.70,217.00,220.00,212053184.00,3048559360.00
1993-12-14,214.40,220.50,209.00,213.00,135108576.00,2015453568.00
1993-12-15,209.20,214.20,203.60,212.80,140132128.00,1941392000.00
1993-12-16,212.00,214.50,203.80,205.10,153202544.00,2275269632.00
1993-12-17,197.10,202.20,194.30,197.40,118800912.00,1624230784.00
1993-12-20,191.60,194.90,171.40,181.30,220553760.00,2736630272.00
1993-12-21,180.10,190.50,175.60,189.30,163545104.00,2022444800.00
1993-12-22,192.30,200.60,185.40,188.70,231210752.00,3255035136.00
1993-12-23,181.30,186.20,178.90,181.50,110356088.00,1317435392.00
1993-12-24,177.20,182.20,173.20,179.00,132080176.00,1483076608.00
1993-12-27,177.90,181.00,174.30,177.70,148016800.00,1725092480.00
1993-12-28,176.00,179.30,171.30,174.30,147088176.00,2073370368.00
1993-12-29,167.70,169.60,162.80,164.30,96229336.00,1272740992.00
1993-12-30,163.90,167.90,161.90,164.60,98595808.00,1286438528.00
1993-12-31,161.10,163.40,157.90,160.30,88072064.00,1156048128.00
1994-01-03,160.10,162.00,156.30,158.20,125657544.00,1361544704.00
1994-01-04,152.60,154.70,149.50,150.80,84113112.00,941338688.00
1994-01-05,146.80,150.00,143.90,149.10,98642320.00,1142077952.00
1994-01-06,158.70,165.00,156.20,163.10,258806480.00,2676552192.00
1994-01-07,172.60,175.50,168.30,172.70,292803328.00,2928995328.00
1994-01-10,181.70,186.10,178.80,183.20,296426400.00,2962197248.00
1994-01-11,183.30,185.10,177.50,179.50,183251792.00,2072148736.00
1994-01-12,175.50,179.40,173.50,175.80,154525952.00,1613045376.00
1994-01-13,173.20,177.30,171.30,174.40,178082416.00,1624986368.00
1994-01-14,183.60,185.00,169.30,173.90,298251808.00,3098898688.00
1994-01-17,171.00,173.30,168.10,169.80,131754640.00,1323374080.00
1994-01-18,166.60,169.30,159.30,164.30,125569552.00,1400849152.00
1994-01-19,159.30,159.80,151.50,154.40,112880696.00,1108747392.00
1994-01-20,147.40,150.40,143.50,148.50,106836576.00,1050398912.00
1994-01-21,143.00,146.20,141.60,144.50,102474232.00,944504512.00
1994-01-24,144.70,147.20,142.40,145.00,144628544.00,1228264576.00
1994-01-25,141.50,142.80,136.90,137.80,155148288.00,1094695680.00
1994-01-26,141.20,143.10,130.80,132.10,104138528.00,859303936.00
1994-01-27,126.80,129.00,125.50,128.00,60547088.00,565585600.00
1994-01-28,128.20,128.80,122.70,124.10,116829024.00,1128028032.00
1994-01-31,119.40,120.70,115.20,117.10,99731752.00,905624832.00
1994-02-01,112.40,116.30,110.80,112.70,85455664.00,766320448.00
1994-02-02,109.60,114.00,109.30,113.40,92578880.00,753712960.00
1994-02-03,120.10,125.90,119.20,124.10,209361776.00,1890749952.00
1994-02-04,139.70,145.30,137.90,144.10,296056224.00,2957853184.00
1994-02-14,150.80,153.00,138.90,140.60,197427968.00,2038418560.00
1994-02-15,136.00,139.20,132.70,136.60,114594576.00,1089679616.00
1994-02-16,133.70,135.50,131.20,132.30,104460256.00,927873344.00
1994-02-17,126.10,127.10,123.90,125.20,67186432.00,573544064.00
1994-02-18,118.70,120.40,117.50,119.10,54951920.00,506167520.00
1994-02-21,113.80,114.30,110.40,111.00,59671392.00,534334016.00
1994-02-22,115.00,122.70,114.20,118.10,171891008.00,1628717568.00
1994-02-23,115.50,116.50,112.40,113.90,86066248.00,777783680.00
1994-02-24,125.10,128.60,121.80,127.50,218764736.00,2218262272.00
1994-02-25,144.70,150.50,141.80,147.20,393572768.00,4128965888.00
1994-02-28,157.80,163.20,152.10,154.80,340588576.00,4124467200.00
1994-03-01,153.50,157.00,148.80,150.50,156980016.00,1718209152.00
1994-03-02,146.80,149.50,143.10,144.80,150345824.00,1637575936.00
1994-03-03,141.20,145.40,138.50,141.40,137863184.00,1447718656.00
1994-03-04,137.80,140.90,136.00,138.10,143872608.00,1510602240.00
1994-03-07,132.10,134.20,129.60,132.70,59909356.00,577548032.00
1994-03-08,135.00,138.40,131.10,134.70,187175136.00,2095126912.00
1994-03-09,143.20,149.60,139.80,145.70,283806016.00,3469210368.00
1994-03-10,153.80,158.70,142.30,145.60,315749088.00,4139772416.00
1994-03-11,161.90,174.40,158.10,169.20,353276928.00,4481475072.00
1994-03-14,200.00,209.20,191.90,202.80,565020992.00,6077166080.00
1994-03-15,216.80,221.90,203.10,208.60,490786208.00,4762252288.00
1994-03-16,212.20,224.10,208.70,219.20,388696864.00,4509180416.00
1994-03-17,225.00,229.10,213.00,217.20,355345280.00,3851750400.00
1994-03-18,220.50,226.70,213.00,218.50,326443616.00,3543453696.00
1994-03-21,212.80,216.60,204.80,207.10,232144240.00,2378112768.00
1994-03-22,198.60,205.00,196.20,202.90,146530368.00,1570504448.00
1994-03-23,197.50,201.30,190.20,193.90,220520304.00,2011976576.00
1994-03-24,204.40,212.60,197.30,201.70,300925120.00,3913414912.00
1994-03-25,202.40,207.40,194.60,199.20,260185312.00,2973859840.00
1994-03-28,192.50,198.50,186.80,192.80,221343600.00,2150003968.00
1994-03-29,192.10,199.00,187.70,194.30,248342496.00,2462173440.00
1994-03-30,193.80,197.50,187.30,191.10,246325344.00,2304790016.00
1994-03-31,190.60,195.80,185.40,188.30,275171840.00,2336310272.00
1994-04-01,183.90,187.10,178.20,182.30,194277936.00,1676087168.00
1994-04-04,187.20,192.30,181.40,184.20,232097376.00,2352741120.00
1994-04-05,179.50,183.30,173.10,175.90,179124496.00,1710094848.00
1994-04-06,169.60,172.30,166.30,168.80,127290104.00,1180372480.00
1994-04-07,165.60,169.30,162.50,164.40,174291792.00,1480906368.00
1994-04-08,162.00,164.60,158.20,160.60,144598944.00,1321263744.00
1994-04-11,155.50,157.90,151.00,152.80,137174240.00,1240881024.00
1994-04-12,148.40,152.80,146.20,150.00,135727456.00,1131941504.00
1994-04-13,149.20,150.80,143.70,144.90,156967120.00,1298481024.00
1994-04-14,141.10,142.40,134.90,136.50,152463424.00,1189719936.00
1994-04-15,138.30,143.00,128.30,140.60,267060112.00,1926827776.00
1994-04-18,140.60,142.80,132.60,136.40,234552736.00,1774621440.00
1994-04-19,134.30,137.60,127.00,128.40,211920464.00,1588482816.00
1994-04-20,128.60,132.40,120.80,123.10,252699120.00,1756541056.00
1994-04-21,130.70,146.30,129.30,142.80,355434656.00,2466144768.00
1994-04-22,155.20,160.20,145.80,148.70,434215808.00,3304617472.00
1994-04-25,150.80,155.50,145.20,149.50,239614272.00,1758597632.00
1994-04-26,151.40,157.40,148.40,155.70,233586176.00,1704588160.00
1994-04-27,168.00,175.10,164.30,172.60,453191616.00,3552882176.00
1994-04-28,186.00,191.70,175.70,180.30,555796096.00,4009382144.00
1994-04-29,181.30,188.40,174.80,182.20,373092320.00,2548287744.00
1994-05-03,186.20,195.30,182.10,192.80,338911136.00,2448301568.00
1994-05-04,207.80,213.70,199.80,204.20,505304384.00,3838054400.00
1994-05-05,198.30,202.40,189.90,195.00,291751648.00,2316394496.00
1994-05-06,197.70,202.80,189.70,196.30,300304992.00,2333346048.00
1994-05-09,199.90,206.00,194.60,202.50,317641536.00,2483573504.00
1994-05-10,208.50,214.10,203.00,211.90,406788576.00,3060558080.00
1994-05-11,220.10,224.40,209.70,212.50,484624384.00,3724092160.00
1994-05-12,205.70,211.60,201.10,203.30,298188512.00,2258631680.00
1994-05-13,199.20,207.80,195.60,206.30,266055344.00,1953365632.00
1994-05-16,211.70,214.70,205.10,209.20,353995520.00,2673224448.00
1994-05-17,202.90,205.40,197.30,199.40,212063744.00,1552404608.00
1994-05-18,191.70,194.80,187.70,189.70,168558144.00,1225633792.00
1994-05-19,181.40,187.10,179.50,185.50,136735568.00,1056368640.00
1994-05-20,185.90,188.20,181.90,184.30,159073648.00,1304942848.00
1994-05-23,176.80,178.50,172.80,174.20,125743760.00,998969792.00
1994-05-24,165.30,168.00,164.20,166.50,87394960.00,670847424.00
1994-05-25,161.50,162.90,157.70,159.10,130907056.00,1030499392.00
1994-05-26,153.40,154.30,149.20,149.90,124518024.00,906669184.00
1994-05-27,144.20,147.20,141.70,143.20,126437792.00,925252864.00
1994-05-30,137.10,137.70,129.70,130.70,129412432.00,868051328.00
1994-05-31,125.10,130.90,123.90,129.50,119268064.00,759210368.00
1994-06-01,124.50,125.70,119.90,121.00,120068808.00,751534784.00
1994-06-02,115.00,117.40,114.20,115.50,81453368.00,526179232.00
1994-06-03,113.10,115.80,112.10,113.20,109747384.00,761123776.00
1994-06-06,108.10,108.90,105.30,106.30,66437104.00,432602496.00
1994-06-07,101.30,102.40,98.80,99.70,67152024.00,438246720.00
1994-06-08,96.40,99.60,95.10,98.40,103078312.00,667223488.00
1994-06-09,97.70,99.30,94.20,95.20,113491800.00,850512192.00
1994-06-10,92.10,93.50,90.50,91.30,85717152.00,577721536.00
1994-06-13,86.90,87.90,84.20,84.80,89968232.00,514786272.00
1994-06-14,82.80,84.90,80.90,82.10,108538520.00,600879552.00
1994-06-15,80.10,81.70,78.90,80.10,100244776.00,496020448.00
1994-06-16,79.60,82.30,78.40,81.50,125636680.00,650811008.00
1994-06-17,88.40,92.50,86.30,91.80,273270080.00,1533217920.00
1994-06-20,96.20,98.20,90.90,91.80,276447936.00,1565796608.00
1994-06-21,87.90,89.30,86.80,87.90,92888400.00,505944640.00
1994-06-22,84.90,87.20,84.30,85.80,80110240.00,440260512.00
1994-06-23,83.20,83.90,81.30,82.00,77183200.00,460555200.00
1994-06-24,79.30,79.80,77.50,78.10,83333016.00,468558016.00
1994-06-27,74.90,75.50,72.30,73.20,95552880.00,511452416.00
1994-06-28,69.40,70.30,68.60,69.40,54381644.00,274330592.00
1994-06-29,66.70,67.60,65.20,65.70,49635988.00,259580816.00
1994-06-30,63.40,65.00,62.10,64.00,71544440.00,368931712.00
1994-07-01,63.20,63.60,60.50,61.10,90060072.00,463882400.00
1994-07-04,58.70,59.50,57.30,57.90,78121064.00,384171712.00
1994-07-05,56.90,58.10,56.00,57.20,35503596.00,200034720.00
1994-07-06,56.90,57.40,54.90,55.50,52648704.00,258614528.00
1994-07-07,54.60,55.40,53.60,54.30,39907020.00,224739360.00
1994-07-08,53.90,56.00,53.30,55.50,98225200.00,491768448.00
1994-07-11,55.50,56.00,53.60,54.20,92813888.00,513982432.00
1994-07-12,51.60,52.40,51.20,51.70,46286960.00,217108336.00
1994-07-13,50.60,51.70,50.30,51.50,61912476.00,318570912.00
1994-07-14,52.30,53.30,51.00,51.70,100605216.00,587257984.00
1994-07-15,51.60,52.00,49.10,49.50,97210128.00,478540608.00
1994-07-18,47.30,47.60,45.90,46.40,64414864.00,280698048.00
1994-07-19,45.00,45.90,43.90,45.20,56772860.00,244590816.00
1994-07-20,43.90,44.20,42.60,42.80,53138980.00,235052992.00
1994-07-21,41.90,42.40,40.90,41.30,76472288.00,324120096.00
1994-07-22,41.70,42.40,40.00,40.50,102289136.00,441834304.00
1994-07-25,41.80,44.60,41.30,44.40,143765872.00,594815872.00
1994-07-26,51.60,53.90,50.50,53.60,290761824.00,1230388864.00
1994-07-27,59.90,61.00,55.70,56.60,297024736.00,1252540160.00
1994-07-28,58.00,58.90,53.40,53.90,191686160.00,762366080.00
1994-07-29,54.00,55.50,52.30,54.10,160729920.00,606536640.00
1994-08-01,93.60,110.50,88.80,107.10,924515776.00,4334906880.00
1994-08-02,150.60,171.00,140.90,144.40,1328407424.00,7281024512.00
1994-08-03,171.40,210.50,170.00,207.30,1241609728.00,6480819712.00
1994-08-04,292.10,313.50,270.90,289.30,2327650048.00,14083635200.00
1994-08-05,339.80,396.80,333.40,393.10,2285940224.00,13227380736.00
1994-08-08,453.90,483.90,407.00,442.50,2183432192.00,14998275072.00
1994-08-09,449.60,454.40,386.00,397.30,1248274304.00,8355462656.00
1994-08-10,413.70,494.50,398.90,488.20,1895974912.00,12108116992.00
1994-08-11,540.10,552.00,477.00,489.10,2385838080.00,16678745088.00
1994-08-12,466.30,509.00,459.70,475.80,1004719872.00,6560743424.00
1994-08-15,445.50,460.90,430.20,440.50,642442368.00,4134213376.00
1994-08-16,428.50,461.00,425.30,444.10,861161088.00,5644950528.00
1994-08-17,439.00,451.40,429.90,448.30,690598400.00,5470374912.00
1994-08-18,484.00,511.30,473.00,491.30,1751009536.00,13650324480.00
1994-08-19,491.10,501.80,460.80,470.30,1163813376.00,8773640192.00
1994-08-22,434.90,450.30,423.80,435.90,696315200.00,4789231104.00
1994-08-23,424.80,438.80,409.30,435.50,533969312.00,3956772352.00
1994-08-24,430.70,438.80,414.20,420.80,692679488.00,5936709632.00
1994-08-25,405.10,417.60,398.20,408.30,543207744.00,4189929472.00
1994-08-26,401.70,411.80,386.50,391.30,645552576.00,5014075392.00
1994-08-29,381.60,393.40,370.20,380.20,517850080.00,4608026112.00
1994-08-30,395.60,427.50,390.90,412.30,1018049792.00,9045741568.00
1994-08-31,443.30,461.00,432.30,453.10,1419224448.00,11449879552.00
1994-09-01,481.20,497.20,466.40,477.20,1387308416.00,11226277888.00
1994-09-02,486.00,511.50,479.10,508.50,1116197888.00,9362413568.00
1994-09-05,592.20,658.00,583.10,650.50,2425716480.00,21245882368.00
1994-09-06,721.80,772.20,685.90,750.50,2316108800.00,22903226368.00
1994-09-07,761.70,798.90,689.60,713.90,1962118912.00,19453403136.00
1994-09-08,729.50,782.80,712.30,761.90,1551426176.00,16115161088.00
1994-09-09,771.80,791.80,720.60,737.60,1578564224.00,15693295616.00
1994-09-12,759.60,789.50,739.60,777.50,1389840896.00,13965332480.00
1994-09-13,799.20,825.50,766.40,788.80,1660267392.00,16811999232.00
1994-09-14,776.20,785.20,717.40,734.90,1165253120.00,10845325312.00
1994-09-15,703.40,719.40,668.90,696.40,699283200.00,6980232192.00
1994-09-16,688.10,701.90,663.60,686.00,810413568.00,7602608640.00
1994-09-19,640.70,659.30,622.00,631.00,601782656.00,5335485440.00
1994-09-20,598.70,612.60,580.50,594.70,536732512.00,4901518848.00
1994-09-21,582.70,611.50,578.10,608.10,612990528.00,5869119488.00
1994-09-22,599.50,605.50,560.50,569.60,696153728.00,6722264064.00
1994-09-23,550.10,558.70,526.00,534.40,629180864.00,5873515008.00
1994-09-26,507.40,526.50,498.90,521.00,420884800.00,3939279616.00
1994-09-27,509.30,523.60,494.80,510.40,633105664.00,5599588352.00
1994-09-28,523.50,552.30,514.00,541.20,1124646272.00,9589228544.00
1994-09-29,551.60,558.50,456.90,495.50,987366144.00,8363153920.00
1994-09-30,479.90,490.60,446.90,454.50,767921088.00,6143895552.00
1994-10-05,432.30,441.10,376.30,392.40,364295456.00,2473703168.00
1994-10-06,390.90,408.10,353.10,359.20,549566400.00,3901612032.00
1994-10-07,364.10,444.70,313.00,418.80,1110756736.00,7755852800.00
1994-10-10,402.70,426.60,375.70,402.70,945133312.00,7365218304.00
1994-10-11,391.20,403.70,383.30,391.30,433076800.00,3228740352.00
1994-10-12,379.80,390.00,372.90,380.20,425544192.00,3101769728.00
1994-10-13,371.30,373.80,332.00,335.20,519971776.00,3681407744.00
1994-10-14,319.30,352.10,307.00,345.40,600180992.00,4241325568.00
1994-10-17,308.80,316.60,300.10,305.00,226751760.00,1546988800.00
1994-10-18,290.10,298.90,285.80,292.00,165121152.00,1104257024.00
1994-10-19,285.50,297.60,281.90,294.00,368205120.00,2453771264.00
1994-10-20,306.30,330.80,303.10,328.60,733845504.00,5527688192.00
1994-10-21,357.90,368.60,338.00,344.40,996636416.00,8680736768.00
1994-10-24,364.00,389.20,358.90,387.30,831871232.00,7053786624.00
1994-10-25,405.20,410.00,373.30,380.70,1011465088.00,7681774080.00
1994-10-26,363.90,370.30,344.70,350.10,488976416.00,3825511936.00
1994-10-27,331.60,343.90,327.90,341.80,271999488.00,1932601216.00
1994-10-28,326.10,331.20,313.50,317.00,332201568.00,2213613824.00
1994-10-31,291.80,298.00,282.60,289.60,241677136.00,1554230528.00
1994-11-01,278.60,285.40,273.20,281.40,178603408.00,1265251456.00
1994-11-02,263.70,268.10,259.10,263.10,136349632.00,874772928.00
1994-11-03,266.10,285.00,264.50,280.70,445416576.00,3609827072.00
1994-11-04,277.90,279.80,257.20,260.10,349449472.00,2813706752.00
1994-11-07,241.70,252.30,239.00,249.30,161377984.00,1237293184.00
1994-11-08,269.20,283.40,264.80,271.40,556315904.00,5192811008.00
1994-11-09,264.10,276.50,260.40,274.50,355966528.00,3219854592.00
1994-11-10,281.70,285.90,269.60,271.80,421756512.00,3947682048.00
1994-11-11,267.60,273.00,262.00,271.70,230743056.00,2204781056.00
1994-11-14,270.30,273.90,264.10,269.90,326849888.00,2865781248.00
1994-11-15,257.10,260.40,251.70,253.30,242916224.00,2092693504.00
1994-11-16,240.90,245.20,237.00,242.00,143585744.00,1321468800.00
1994-11-17,230.10,232.10,225.30,226.40,116563448.00,1089212416.00
1994-11-18,212.10,215.70,209.80,214.50,99088888.00,774818944.00
1994-11-21,199.40,202.60,197.70,200.40,48988684.00,371115072.00
1994-11-22,189.00,190.80,185.40,186.70,54718796.00,480979616.00
1994-11-23,176.00,177.10,172.40,173.90,70751296.00,561690496.00
1994-11-24,162.90,165.30,161.60,163.20,60041432.00,464219712.00
1994-11-25,159.60,162.10,156.60,157.60,86972576.00,736885184.00
1994-11-28,147.20,148.20,145.30,147.00,38900864.00,281189184.00
1994-11-29,136.60,140.80,135.90,140.40,53230260.00,401114848.00
1994-11-30,133.30,134.50,131.40,132.60,58651952.00,471986144.00
1994-12-01,124.60,125.70,123.30,124.40,36622696.00,276757632.00
1994-12-02,117.80,118.50,116.20,116.60,44566816.00,307543680.00
1994-12-05,110.40,111.00,107.90,108.40,57910952.00,400487712.00
1994-12-06,103.20,103.90,101.30,102.40,68210896.00,456161984.00
1994-12-07,96.80,98.00,95.70,96.50,36645492.00,250725488.00
1994-12-08,91.60,92.00,89.60,90.00,41015576.00,265047824.00
1994-12-09,85.70,87.30,84.60,85.80,59287700.00,375869664.00
1994-12-12,81.20,81.90,79.30,79.70,55010092.00,339758880.00
1994-12-13,80.00,82.40,78.20,80.90,95656248.00,589963520.00
1994-12-14,78.30,79.10,76.50,77.30,80800224.00,456530848.00
1994-12-15,86.30,94.90,85.60,93.60,290504448.00,1805413504.00
1994-12-16,117.60,123.60,114.20,118.80,556615744.00,3864041472.00
1994-12-19,122.90,125.20,117.20,118.10,242224464.00,1685187968.00
1994-12-20,122.10,127.50,120.60,125.00,216336640.00,1811391104.00
1994-12-21,136.60,143.60,134.30,137.30,361743296.00,3173795584.00
1994-12-22,138.60,142.10,133.70,139.00,213881216.00,2028889728.00
1994-12-23,151.50,157.70,148.40,151.50,343311392.00,3570424320.00
1994-12-26,150.70,153.50,145.90,147.70,202441104.00,1735064832.00
1994-12-27,147.50,150.60,142.30,144.10,200771024.00,1648857984.00
1994-12-28,139.80,141.50,135.70,137.20,126261376.00,958512576.00
1994-12-29,133.30,136.20,130.20,131.90,114239352.00,956467968.00
1994-12-30,128.20,130.60,125.90,127.90,129318960.00,872329024.00
1995-01-03,117.90,120.80,115.40,118.90,42848288.00,284170176.00
1995-01-04,114.10,117.90,113.00,117.00,81887912.00,525658048.00
1995-01-05,113.20,114.50,110.90,111.80,95473080.00,602649472.00
1995-01-06,106.30,107.90,104.90,106.90,79647520.00,518047776.00
1995-01-09,101.90,102.70,99.30,100.00,74374792.00,519167712.00
1995-01-10,96.30,97.40,93.60,95.00,110495168.00,693565760.00
1995-01-11,90.60,92.20,89.50,91.00,56500604.00,352191712.00
1995-01-12,87.00,87.80,84.60,85.30,56324988.00,352426592.00
1995-01-13,81.40,82.50,80.20,81.40,64292856.00,398924832.00
1995-01-16,75.30,76.40,73.90,75.20,67227424.00,410025760.00
1995-01-17,72.10,73.20,70.90,71.60,50070608.00,282938656.00
1995-01-18,68.50,69.60,67.70,69.30,45592500.00,262139392.00
1995-01-19,66.90,67.20,63.80,64.30,60368844.00,344274016.00
1995-01-20,62.00,64.00,60.80,62.70,66707116.00,384994880.00
1995-01-23,58.90,59.70,57.80,58.50,42565884.00,239723760.00
1995-01-24,56.80,57.80,55.70,56.30,45484388.00,292221824.00
1995-01-25,55.30,56.40,54.70,55.80,54419236.00,331383712.00
1995-01-26,53.30,53.80,52.70,53.20,41648432.00,239007344.00
1995-01-27,52.00,53.10,51.80,52.70,62686704.00,327681344.00
1995-02-06,51.00,51.60,49.10,49.70,22938812.00,150620176.00
1995-02-07,47.90,48.70,47.20,48.10,17586186.00,107836160.00
1995-02-08,46.50,47.20,46.10,46.70,17985648.00,89217808.00
1995-02-09,45.90,47.40,45.70,47.00,33754108.00,177890272.00
1995-02-10,46.60,47.70,45.90,46.40,40820028.00,251535968.00
1995-02-13,43.80,45.00,43.30,44.70,32517020.00,177007552.00
1995-02-14,42.50,43.00,41.80,42.40,25372232.00,139046016.00
1995-02-15,40.30,40.60,39.80,40.00,23877556.00,127084008.00
1995-02-16,38.00,38.30,37.60,37.90,24211916.00,127636576.00
1995-02-17,36.70,37.10,36.30,36.70,35178980.00,194274752.00
1995-02-20,35.10,35.60,34.80,35.10,26371674.00,140029728.00
1995-02-21,33.50,33.90,33.20,33.80,25707188.00,122046760.00
1995-02-22,42.50,48.30,42.30,47.70,222801280.00,1367716992.00
1995-02-23,59.20,61.90,57.00,59.70,285825248.00,1879472640.00
1995-02-24,64.10,64.90,59.40,60.40,164475744.00,1094422912.00
1995-02-27,66.20,68.20,63.30,63.90,149564608.00,1003677120.00
1995-02-28,61.90,62.60,60.10,61.20,69501032.00,434198048.00
1995-03-01,59.80,61.40,59.20,60.80,63317756.00,417117216.00
1995-03-02,60.20,61.20,59.40,60.50,70608792.00,486414912.00
1995-03-03,66.20,69.20,65.80,68.30,186892464.00,1298172928.00
1995-03-06,80.80,86.10,80.00,85.50,319280960.00,2199056896.00
1995-03-07,109.00,113.50,104.80,112.00,554192448.00,3744043264.00
1995-03-08,126.50,130.00,123.10,125.90,471456192.00,3084795136.00
1995-03-09,128.10,130.90,124.80,126.00,251778656.00,1797385216.00
1995-03-10,124.70,125.90,121.00,122.10,189715216.00,1282173440.00
1995-03-13,120.30,121.70,116.90,118.20,112032960.00,774092800.00
1995-03-14,115.10,117.50,113.70,115.00,105148648.00,762993408.00
1995-03-15,112.50,113.50,107.50,109.20,114656088.00,779443264.00
1995-03-16,103.90,106.30,102.80,105.90,73655616.00,495825376.00
1995-03-17,103.60,106.70,102.70,106.00,112890072.00,812095808.00
1995-03-20,107.70,109.50,104.50,105.00,155923840.00,1180326912.00
1995-03-21,100.50,103.00,99.70,102.20,85150888.00,544699328.00
1995-03-22,104.60,108.10,103.80,107.70,184080512.00,1300939008.00
1995-03-23,112.70,114.10,110.00,111.10,246960480.00,1675547520.00
1995-03-24,109.30,110.90,107.50,110.10,133010744.00,912180736.00
1995-03-27,114.50,117.20,113.30,116.10,235911648.00,1819110400.00
1995-03-28,115.70,117.20,114.20,115.60,147696832.00,1172400128.00
1995-03-29,113.90,116.60,112.00,116.10,130296384.00,1010186816.00
1995-03-30,122.70,124.70,119.70,120.70,224214912.00,1977179136.00
1995-03-31,121.90,125.80,120.70,125.00,168079152.00,1430690432.00
1995-04-03,132.10,134.80,130.10,133.10,261698240.00,2213389824.00
1995-04-04,132.80,135.20,131.20,134.20,185843648.00,1523568640.00
1995-04-05,134.80,136.90,132.10,133.00,173404832.00,1573960960.00
1995-04-06,131.50,134.90,130.00,134.10,208388064.00,1345837952.00
1995-04-07,144.30,148.90,142.60,146.70,445567104.00,2793903360.00
1995-04-10,152.00,154.40,148.40,150.30,380063328.00,2113531392.00
1995-04-11,154.10,157.10,148.90,150.40,419682048.00,2246404352.00
1995-04-12,145.50,150.10,144.40,148.10,203455104.00,1272230528.00
1995-04-13,145.40,147.30,141.70,142.40,172182816.00,1246960640.00
1995-04-14,137.10,140.10,135.90,139.30,136782320.00,914888000.00
1995-04-17,133.60,134.80,130.80,131.90,102244168.00,703485696.00
1995-04-18,126.20,127.70,124.60,125.40,81861344.00,568285824.00
1995-04-19,120.60,122.60,119.90,121.80,89161304.00,670519424.00
1995-04-20,121.00,123.30,120.00,122.60,147779664.00,1055653696.00
1995-04-21,121.80,122.90,119.00,119.70,180509680.00,1099340416.00
1995-04-24,114.10,115.40,111.70,112.70,136089088.00,915255424.00
1995-04-25,107.80,109.70,106.80,108.60,88844552.00,580975104.00
1995-04-26,107.30,108.20,102.90,103.50,134646192.00,830520640.00
1995-04-27,105.50,110.90,96.10,104.60,285913504.00,1706086144.00
1995-04-28,104.30,107.00,102.20,105.30,141935904.00,829644032.00
1995-05-02,99.80,101.10,98.50,100.10,61697392.00,961658304.00
1995-05-03,96.10,97.30,95.10,95.60,64132656.00,682229440.00
1995-05-04,91.20,91.70,88.80,89.90,61398568.00,364557088.00
1995-05-05,85.50,87.10,84.90,86.10,54803704.00,324688640.00
1995-05-08,81.70,82.60,80.60,81.50,44072496.00,261609408.00
1995-05-09,78.20,79.30,77.70,78.80,50624500.00,319720640.00
1995-05-10,76.30,77.00,73.80,74.30,76824000.00,435530272.00
1995-05-11,71.40,72.20,70.40,71.20,48125748.00,254082672.00
1995-05-12,72.80,76.40,72.40,74.70,128226424.00,889300480.00
1995-05-15,71.80,72.50,70.80,71.80,48557220.00,344448320.00
1995-05-16,68.40,69.00,67.50,67.90,37779332.00,255986480.00
1995-05-17,64.10,64.90,63.70,64.70,29690544.00,181068768.00
1995-05-18,172.60,192.50,159.90,183.00,1505007104.00,11493755904.00
1995-05-19,258.30,293.40,252.10,289.50,1533144704.00,12663671808.00
1995-05-22,388.30,408.00,365.20,382.70,1830939392.00,15579362304.00
1995-05-23,371.00,394.20,343.10,349.10,1235611392.00,9926991872.00
1995-05-24,349.00,361.20,329.90,344.60,572939520.00,4295872000.00
1995-05-25,337.80,343.30,310.70,315.20,422424800.00,3171908096.00
1995-05-26,306.20,368.60,298.00,326.00,526452832.00,3970439936.00
1995-05-29,307.20,311.80,295.70,303.90,201256784.00,1462119936.00
1995-05-30,288.10,294.40,282.10,287.30,163274384.00,1204974208.00
1995-05-31,267.30,270.90,261.50,266.30,136327600.00,983555392.00
1995-06-01,252.00,255.90,248.80,253.90,113679528.00,800160128.00
1995-06-02,243.50,248.20,241.40,244.80,179876880.00,1372291328.00
1995-06-05,233.70,235.30,223.90,225.30,150073952.00,1096011904.00
1995-06-06,210.50,215.20,207.80,213.70,127277104.00,887465792.00
1995-06-07,204.60,213.50,202.00,212.50,150630240.00,1012135424.00
1995-06-08,207.10,211.40,200.30,202.50,262663120.00,1785330944.00
1995-06-09,193.60,198.00,192.20,195.20,159465456.00,929767744.00
1995-06-12,184.90,188.30,182.30,185.70,215699696.00,947256832.00
1995-06-13,175.80,178.50,174.30,176.40,136496240.00,645428608.00
1995-06-14,168.40,169.90,164.20,165.80,131138112.00,758768192.00
1995-06-15,167.80,168.60,155.30,158.30,302668224.00,1940962432.00
1995-06-16,150.50,157.00,148.90,153.40,146810896.00,875921216.00
1995-06-19,141.60,144.00,140.10,142.60,100743456.00,615810752.00
1995-06-20,136.80,138.70,135.10,136.10,101221720.00,553084032.00
1995-06-21,130.50,133.80,129.40,133.00,116406088.00,603011968.00
1995-06-22,127.60,129.00,125.40,126.60,130091088.00,662240704.00
1995-06-23,122.10,124.10,121.30,123.10,119827800.00,663284928.00
1995-06-26,119.20,120.90,117.90,120.10,134805888.00,658352000.00
1995-06-27,118.50,119.90,116.10,116.90,190524816.00,922432128.00
1995-06-28,111.80,113.00,110.40,112.00,99102016.00,512246752.00
1995-06-29,107.70,108.60,105.90,107.00,104467784.00,557242240.00
1995-06-30,106.90,108.50,103.80,106.00,216140592.00,1061263680.00
1995-07-03,102.30,103.30,100.00,100.90,150809088.00,778034240.00
1995-07-04,97.40,99.80,96.70,99.10,112749872.00,592722944.00
1995-07-05,98.00,100.70,96.80,99.80,140093776.00,806087552.00
1995-07-06,102.90,106.50,101.00,103.80,242634992.00,1448413440.00
1995-07-07,111.80,119.20,110.40,118.30,377665728.00,2191537920.00
1995-07-10,127.10,129.90,123.80,127.10,426888992.00,2303588608.00
1995-07-11,128.80,130.10,123.20,124.10,279513376.00,1500417408.00
1995-07-12,119.60,122.60,118.80,120.90,149445136.00,845846912.00
1995-07-13,120.70,123.30,119.30,122.00,228917632.00,1177052928.00
1995-07-14,121.50,122.80,118.90,119.90,232489536.00,1106193280.00
1995-07-17,133.20,143.80,132.50,141.40,577508864.00,3181605632.00
1995-07-18,153.40,160.00,148.90,157.00,743004288.00,3235369728.00
1995-07-19,170.60,174.40,161.00,163.10,766924608.00,3508382208.00
1995-07-20,161.50,167.30,159.10,163.90,401478016.00,1833364736.00
1995-07-21,163.90,167.70,160.80,164.10,431473920.00,1879549184.00
1995-07-24,173.80,183.20,170.60,178.00,972544128.00,3945899264.00
1995-07-25,177.10,180.30,171.90,175.00,519910528.00,2087143168.00
1995-07-26,174.00,178.30,168.50,170.10,410773376.00,1935469568.00
1995-07-27,163.40,167.40,162.10,166.50,242247936.00,1115228160.00
1995-07-28,166.10,168.90,162.90,165.10,347485504.00,1746569088.00
1995-07-31,161.90,164.10,158.80,160.70,245674416.00,1248104448.00
1995-08-01,161.10,167.50,158.10,165.90,347280928.00,1911565568.00
1995-08-02,176.20,179.80,169.60,170.80,483641728.00,3070361344.00
1995-08-03,165.20,168.90,164.20,167.10,214713392.00,1186346624.00
1995-08-04,164.50,167.40,163.00,165.30,246167744.00,1129760512.00
1995-08-07,163.50,167.40,161.90,166.30,360818976.00,1568841344.00
1995-08-08,172.50,174.90,167.40,169.60,556573632.00,2286754816.00
1995-08-09,170.00,174.70,166.60,172.70,449856640.00,1980443264.00
1995-08-10,188.50,199.80,185.00,195.80,984026944.00,4482441216.00
1995-08-11,214.90,226.80,209.60,219.20,1170288384.00,5450356736.00
1995-08-14,257.80,279.40,251.00,263.60,1563942784.00,8120932352.00
1995-08-15,274.30,283.20,262.00,270.00,958519104.00,5369535488.00
1995-08-16,278.00,290.90,273.50,287.10,954192640.00,5299177472.00
1995-08-17,303.50,312.20,293.00,301.10,1109051904.00,6107960320.00
1995-08-18,311.90,322.40,299.70,310.50,1044926592.00,5676667904.00
1995-08-21,304.10,311.70,291.20,296.70,799416256.00,4108393472.00
1995-08-22,287.30,293.50,278.00,283.40,429595328.00,2308976896.00
1995-08-23,275.00,278.60,261.30,265.80,394679648.00,2071685120.00
1995-08-24,255.60,260.90,247.40,257.50,381218432.00,1878345984.00
1995-08-25,246.70,250.30,240.30,244.10,304496608.00,1560448640.00
1995-08-28,230.90,236.00,227.50,232.50,205213504.00,982438336.00
1995-08-29,226.40,230.90,221.30,223.50,328763072.00,1481427968.00
1995-08-30,214.50,217.60,210.20,212.80,249035104.00,1098378240.00
1995-08-31,203.90,210.70,201.40,209.20,276356672.00,1286999680.00
1995-09-01,203.70,208.00,200.50,206.10,197344736.00,1035966912.00
1995-09-04,205.60,210.00,202.30,207.30,355272736.00,2023847808.00
1995-09-05,207.00,211.10,202.00,205.90,337714496.00,2119430400.00
1995-09-06,207.00,214.30,204.50,212.30,443621696.00,2482914560.00
1995-09-07,222.70,228.70,217.80,220.70,718773184.00,3722950912.00
1995-09-08,217.00,220.80,213.20,216.50,358454368.00,2033403904.00
1995-09-11,218.30,224.60,215.70,222.90,483201408.00,2508040960.00
1995-09-12,230.90,234.50,221.50,224.40,566070208.00,3040134912.00
1995-09-13,222.40,227.30,218.40,223.90,441689952.00,2220125184.00
1995-09-14,226.40,230.40,221.70,225.20,591354496.00,2787824896.00
1995-09-15,220.90,224.00,216.70,220.40,379248768.00,1935925120.00
1995-09-18,211.30,215.10,208.10,212.20,325430208.00,1602953088.00
1995-09-19,209.50,211.60,200.70,202.40,397576736.00,1864435712.00
1995-09-20,194.60,196.70,190.60,193.80,263702832.00,1240206464.00
1995-09-21,186.00,189.40,184.40,187.60,177210816.00,905313728.00
1995-09-22,180.80,182.90,177.90,180.30,190662832.00,925912640.00
1995-09-25,172.70,174.10,168.50,171.20,163334912.00,792621184.00
1995-09-26,163.50,166.10,161.90,164.80,133572280.00,661433728.00
1995-09-27,164.20,167.00,159.50,161.30,318931776.00,1617810432.00
1995-09-28,157.30,160.80,155.10,159.40,246147200.00,1193741184.00
1995-09-29,157.40,160.90,155.60,159.40,248385040.00,1238633216.00
1995-10-04,153.70,155.20,150.50,152.70,147958144.00,769429568.00
1995-10-05,146.20,148.50,144.60,147.60,121036552.00,645761536.00
1995-10-06,147.00,149.50,143.70,146.10,264154656.00,1379647360.00
1995-10-09,144.20,146.00,140.70,142.40,269214528.00,1316609408.00
1995-10-10,151.40,160.90,149.20,155.60,449331296.00,2876195328.00
1995-10-11,159.70,165.70,157.50,164.00,469073056.00,2807374848.00
1995-10-12,172.90,176.60,168.40,170.50,631459840.00,3254073856.00
1995-10-13,179.70,184.00,172.10,177.10,441661792.00,3148331008.00
1995-10-16,175.20,178.40,170.50,173.60,300876512.00,1811602432.00
1995-10-17,168.40,172.20,166.50,170.10,232972224.00,1306691584.00
1995-10-18,175.60,181.60,173.30,179.50,499905984.00,2617065728.00
1995-10-19,185.60,188.50,177.00,178.70,520867424.00,2912576768.00
1995-10-20,183.90,192.50,180.60,190.20,548020224.00,2808931584.00
1995-10-23,199.90,203.70,194.30,199.20,665844096.00,3496621312.00
1995-10-24,202.40,206.90,199.40,203.40,429203488.00,2369854208.00
1995-10-25,241.30,248.70,231.80,240.30,1099795072.00,6078421504.00
1995-10-26,247.00,251.50,237.70,241.20,811991040.00,3914059264.00
1995-10-27,241.50,245.70,235.00,238.00,489911776.00,2679738368.00
1995-10-30,230.30,234.10,226.50,230.20,339827936.00,1735347968.00
1995-10-31,228.00,231.50,222.90,225.50,345938496.00,2115366656.00
1995-11-01,221.80,227.30,217.90,223.60,384610592.00,2068764288.00
1995-11-02,216.20,219.10,212.70,215.50,257534736.00,1431302784.00
1995-11-03,210.20,214.30,208.20,212.30,274272960.00,1634058240.00
1995-11-06,209.60,213.10,207.00,211.20,335395040.00,1845830016.00
1995-11-07,205.70,207.50,202.20,204.40,267225488.00,1514309632.00
1995-11-08,199.40,200.70,193.60,195.90,323107008.00,1646932992.00
1995-11-09,188.70,192.80,184.90,190.10,246273728.00,1459839872.00
1995-11-10,182.10,184.10,179.60,181.10,170919280.00,1002012352.00
1995-11-13,173.90,175.20,168.00,169.60,211352096.00,1107967232.00
1995-11-14,161.90,164.40,160.20,162.50,159918448.00,827061696.00
1995-11-15,160.10,162.50,156.00,161.30,200310128.00,1250785792.00
1995-11-16,156.50,159.10,153.60,155.00,184506688.00,1238353408.00
1995-11-17,149.00,151.50,147.00,148.80,159464016.00,961833792.00
1995-11-20,141.50,144.20,140.10,142.70,117440720.00,735165184.00
1995-11-21,137.30,139.30,136.20,138.00,120850904.00,704986816.00
1995-11-22,133.40,134.30,128.80,129.50,138956976.00,787013632.00
1995-11-23,124.80,126.70,123.10,124.20,134107600.00,762483200.00
1995-11-24,119.20,120.90,117.80,119.40,101647744.00,581290112.00
1995-11-27,114.70,115.80,111.10,111.90,114608688.00,626660736.00
1995-11-28,109.50,111.80,107.30,110.90,148404720.00,807491008.00
1995-11-29,106.70,107.20,103.80,104.60,106939000.00,567083968.00
1995-11-30,101.30,104.10,99.20,101.40,128125992.00,678218048.00
1995-12-01,96.50,98.80,94.70,97.20,122370304.00,591688576.00
1995-12-04,91.90,93.20,91.10,92.40,63977092.00,314089504.00
1995-12-05,88.10,89.10,87.20,88.20,62759496.00,310496096.00
1995-12-06,85.70,86.30,83.80,84.50,83063160.00,499651584.00
1995-12-07,80.90,82.30,80.20,81.70,71644480.00,397707104.00
1995-12-08,83.50,85.90,82.80,84.50,170395376.00,1007032064.00
1995-12-11,83.80,84.80,80.30,80.90,139103568.00,829796416.00
1995-12-12,82.70,86.50,80.70,85.00,184895600.00,1099990656.00
1995-12-13,89.00,90.50,85.40,86.20,197522000.00,1227003776.00
1995-12-14,83.80,85.70,82.90,84.30,107173040.00,606145984.00
1995-12-15,83.00,83.90,80.70,81.60,136386960.00,712818944.00
1995-12-18,78.90,80.10,77.10,78.30,117794152.00,594488000.00
1995-12-19,76.00,77.60,75.10,76.20,94760880.00,490133696.00
1995-12-20,74.50,75.90,73.60,75.40,94219312.00,487451936.00
1995-12-21,74.50,75.60,73.20,73.80,121302976.00,621295168.00
1995-12-22,71.40,72.50,70.40,71.30,88805320.00,448642240.00
1995-12-25,69.00,70.00,67.60,68.30,101023904.00,505857568.00
1995-12-26,66.30,67.40,65.20,65.90,87992600.00,420810016.00
1995-12-27,64.80,66.10,63.60,65.10,107743456.00,496664448.00
1995-12-28,63.80,64.50,61.70,62.40,104022416.00,499133792.00
1995-12-29,61.90,63.30,60.80,61.60,118148768.00,545830784.00
1996-01-02,58.30,58.90,56.80,57.30,65943624.00,295757504.00
1996-01-03,55.00,56.40,54.30,56.00,70280048.00,310164992.00
1996-01-04,55.90,58.40,55.30,58.00,125558112.00,523825056.00
1996-01-05,59.20,60.00,56.20,56.60,152985776.00,668067264.00
1996-01-08,54.40,56.20,53.60,55.60,85379768.00,342174656.00
1996-01-09,58.90,61.70,58.40,61.40,219968768.00,927532736.00
1996-01-10,61.40,62.10,59.40,61.20,170647632.00,721700928.00
1996-01-11,60.80,62.10,59.70,60.60,135534304.00,570532480.00
1996-01-12,59.60,60.90,58.80,60.00,110375760.00,478213824.00
1996-01-15,58.70,60.20,58.20,59.60,103542176.00,468587168.00
1996-01-16,58.50,59.10,57.20,57.80,95014672.00,402176992.00
1996-01-17,56.70,57.30,55.00,55.70,109795936.00,449236224.00
1996-01-18,56.20,56.50,54.20,54.60,147119840.00,631693248.00
1996-01-19,53.80,55.60,53.20,55.20,105126408.00,459062144.00
1996-01-22,53.40,53.90,52.40,53.10,80372248.00,361714816.00
1996-01-23,51.70,52.90,51.30,52.30,66678568.00,298689760.00
1996-01-24,51.60,52.40,51.20,51.80,83401528.00,371910784.00
1996-01-25,57.20,59.80,56.20,56.80,267227248.00,1079287552.00
1996-01-26,55.60,58.30,55.20,57.50,125520008.00,526832640.00
1996-01-29,57.60,59.00,56.80,57.90,128236672.00,565442688.00
1996-01-30,58.60,59.50,57.30,59.00,132934576.00,609681792.00
1996-01-31,61.70,63.40,61.10,62.80,237210656.00,978325760.00
1996-02-01,61.90,62.70,61.10,62.10,123638528.00,550834304.00
1996-02-02,61.00,61.70,59.90,61.00,116327600.00,553535488.00
1996-02-05,62.90,63.80,60.10,60.80,143166448.00,763589824.00
1996-02-06,58.50,59.60,57.80,58.70,92746872.00,454189696.00
1996-02-07,56.70,57.90,56.30,57.20,77953320.00,375178560.00
1996-02-08,54.70,55.10,53.90,54.20,53910120.00,249081264.00
1996-02-09,51.80,52.60,51.50,52.20,46582988.00,208931024.00
1996-02-12,49.90,50.40,49.40,50.10,49497092.00,235341952.00
1996-02-13,49.10,50.10,48.90,49.80,81313032.00,348330240.00
1996-02-14,49.10,49.90,48.50,48.80,82341800.00,353645344.00
1996-02-15,49.30,50.40,49.00,50.10,104192416.00,481403808.00
1996-02-16,56.40,58.30,56.20,57.90,244391008.00,1169026432.00
1996-03-04,80.00,83.90,77.20,82.90,545781760.00,2805316608.00
1996-03-05,96.70,99.40,93.20,95.10,514081280.00,2577668608.00
1996-03-06,97.80,99.10,93.20,94.10,295161248.00,1458576768.00
1996-03-07,91.70,94.60,91.30,94.20,143383840.00,728405504.00
1996-03-08,95.90,97.40,93.80,96.40,208607152.00,1124635392.00
1996-03-11,95.30,96.30,93.10,94.30,168936832.00,855806080.00
1996-03-12,93.00,94.00,90.50,92.60,161674192.00,821684928.00
1996-03-13,88.40,89.90,87.60,88.90,96738368.00,471177312.00
1996-03-14,86.90,88.10,86.00,86.50,115399776.00,590183744.00
1996-03-15,83.00,84.00,82.10,83.40,84805432.00,421404448.00
1996-03-18,82.20,84.10,81.80,83.60,127089864.00,675354560.00
1996-03-19,81.70,82.60,80.70,81.30,108871976.00,564957568.00
1996-03-20,80.60,81.90,80.20,81.30,122978040.00,702932480.00
1996-03-21,81.70,82.90,81.00,81.70,164819264.00,912683136.00
1996-03-22,80.50,81.60,79.70,81.10,136170048.00,723788928.00
1996-03-25,82.10,83.40,81.30,82.40,157209248.00,909873984.00
1996-03-26,82.10,82.90,80.50,81.10,157186624.00,848763840.00
1996-03-27,79.50,80.60,78.40,79.90,128400192.00,670642752.00
1996-03-28,79.60,80.30,78.10,78.40,136480032.00,735107968.00
1996-03-29,76.60,77.70,75.70,77.10,124235680.00,621803712.00
1996-04-01,81.50,83.10,79.70,80.40,197366800.00,1121254528.00
1996-04-02,77.60,78.30,76.60,77.00,94607632.00,484619424.00
1996-04-03,73.70,75.00,73.40,74.40,72507432.00,371605408.00
1996-04-04,73.00,73.90,72.20,73.20,92745752.00,515680032.00
1996-04-05,77.20,80.00,76.80,79.40,210928144.00,1119053824.00
1996-04-08,88.40,89.70,86.70,88.30,315609120.00,1700909824.00
1996-04-09,88.30,89.40,87.30,88.20,187304960.00,893124992.00
1996-04-10,88.20,90.10,87.60,89.20,172380432.00,936439104.00
1996-04-11,89.60,91.00,88.70,90.40,182974352.00,977681216.00
1996-04-12,98.60,101.00,97.90,99.00,368663168.00,1836642432.00
1996-04-15,101.40,103.40,100.50,102.00,257402144.00,1239665792.00
1996-04-16,106.30,108.60,105.50,107.90,325248576.00,1446614784.00
1996-04-17,115.30,117.10,113.70,114.80,390782016.00,1849992320.00
1996-04-18,121.30,125.50,120.20,125.10,385353920.00,1924630912.00
1996-04-19,147.60,153.70,146.00,151.20,729120192.00,4025009408.00
1996-04-22,180.20,187.20,175.20,179.80,878102784.00,5136250880.00
1996-04-23,188.20,196.40,186.50,195.10,605593088.00,3213099264.00
1996-04-24,235.80,252.10,233.80,249.40,1270847872.00,7201189376.00
1996-04-25,287.00,297.00,267.70,273.20,1213842304.00,7363310080.00
1996-04-26,329.40,371.10,327.00,359.10,1779030912.00,11164311552.00
1996-04-29,408.90,437.10,393.10,426.00,1687233280.00,10883579904.00
1996-04-30,453.50,466.70,406.50,422.60,1455284864.00,9339618304.00
1996-05-02,458.10,471.50,406.20,416.50,1133410944.00,7112691712.00
1996-05-03,410.20,423.20,395.70,408.30,639840192.00,3972237312.00
1996-05-06,409.10,433.60,403.80,426.90,961980160.00,5145626624.00
1996-05-07,430.70,440.00,410.90,420.80,934926656.00,5292624896.00
1996-05-08,404.60,412.70,394.10,403.80,559032128.00,3199022080.00
1996-05-09,387.70,398.00,379.30,383.70,488199840.00,2932357120.00
1996-05-10,367.90,374.20,357.20,369.90,409844448.00,2324617984.00
1996-05-13,367.50,380.80,361.30,372.80,676847744.00,3806634752.00
1996-05-14,369.90,377.70,361.10,365.70,620298176.00,3746398976.00
1996-05-15,360.30,377.50,357.80,376.20,607839040.00,3867731200.00
1996-05-16,403.20,416.20,393.80,402.60,1324294400.00,7921790976.00
1996-05-17,410.10,425.90,402.70,421.80,947296960.00,6018407936.00
1996-05-20,455.10,469.60,435.30,445.50,1433615488.00,9186909184.00
1996-05-21,442.20,450.20,409.60,414.50,860836032.00,5334252544.00
1996-05-22,400.70,418.50,394.70,413.10,644334208.00,3977988864.00
1996-05-23,408.30,412.80,381.70,387.90,638188992.00,3908181760.00
1996-05-24,374.60,387.80,367.40,378.50,498817216.00,3109996800.00
1996-05-27,361.80,366.70,353.00,357.80,282102464.00,1713578240.00
1996-05-28,346.00,353.20,341.00,348.10,297447072.00,1773136512.00
1996-05-29,336.40,345.60,332.90,343.20,327476640.00,2108366976.00
1996-05-30,337.50,341.90,324.80,331.80,444549984.00,3063772416.00
1996-05-31,336.70,361.20,331.80,352.10,669665472.00,4998567936.00
1996-06-03,371.10,391.70,360.90,378.40,945213184.00,7553173504.00
1996-06-04,386.40,402.40,380.20,395.10,880406528.00,6390991360.00
1996-06-05,415.90,435.10,405.30,424.50,1099461248.00,8140636160.00
1996-06-06,453.00,469.10,431.50,454.50,1155510656.00,8813918208.00
1996-06-07,499.40,521.40,485.50,501.20,1638404224.00,11783969792.00
1996-06-10,526.40,547.20,510.10,533.80,1443860736.00,9934537728.00
1996-06-11,542.40,560.80,522.10,545.80,1161567232.00,8635480064.00
1996-06-12,564.30,585.90,550.90,566.20,1277610368.00,9634083840.00
1996-06-13,576.50,598.50,562.60,587.30,1401964544.00,9219108864.00
1996-06-14,609.60,624.80,583.60,596.40,1620572032.00,10716399616.00
1996-06-17,587.10,599.40,563.90,573.00,977698880.00,6761006592.00
1996-06-18,565.70,599.20,557.50,592.40,796380032.00,6564243968.00
1996-06-19,610.60,627.80,591.10,607.50,1245241728.00,9838126080.00
1996-06-20,601.20,623.20,591.00,610.80,1041945920.00,7844739072.00
1996-06-21,606.50,621.90,593.90,603.80,958232640.00,6854324224.00
1996-06-24,596.60,612.10,585.60,602.10,960369088.00,6616598016.00
1996-06-25,581.80,604.10,567.30,588.30,1035902784.00,7024396800.00
1996-06-26,579.20,597.30,573.20,590.70,836479552.00,5935964160.00
1996-06-27,594.90,609.90,578.70,590.40,983918848.00,7716917248.00
1996-06-28,587.50,599.30,568.30,579.00,818313472.00,6588423168.00
1996-07-01,569.10,579.70,538.60,549.20,881059840.00,6945652736.00
1996-07-02,533.30,549.80,525.30,540.10,580669952.00,4703238144.00
1996-07-03,543.50,568.50,536.80,563.10,860199360.00,7651115008.00
1996-07-04,575.30,592.30,560.80,581.80,1045565376.00,9088878592.00
1996-07-05,601.70,624.10,587.70,604.30,1356797056.00,10861964288.00
1996-07-08,632.30,657.60,617.90,645.10,1390324992.00,11626227712.00
1996-07-09,666.70,687.80,647.50,672.80,1497888896.00,11932988416.00
1996-07-10,688.10,707.70,667.70,693.70,1567192448.00,11562770432.00
1996-07-11,700.20,711.80,664.70,672.60,1464985856.00,10625682432.00
1996-07-12,657.10,694.90,645.90,688.90,1171501440.00,8805997568.00
1996-07-15,701.20,721.60,676.80,701.80,1651847424.00,11132331008.00
1996-07-16,726.20,756.20,707.90,745.60,1771412992.00,12495774720.00
1996-07-17,763.70,787.20,728.70,741.00,1886293760.00,13283777536.00
1996-07-18,725.60,763.60,720.30,757.10,1285047680.00,9105524736.00
1996-07-19,782.00,811.70,761.10,795.30,2038435328.00,14112523264.00
1996-07-22,825.20,863.00,805.80,845.00,2228067328.00,16004799488.00
1996-07-23,853.40,881.40,815.40,851.50,1838535552.00,13947429888.00
1996-07-24,860.50,892.60,840.30,871.50,1704330880.00,14000565248.00
1996-07-25,864.30,884.30,829.70,845.40,1524010496.00,12105091072.00
1996-07-26,829.30,851.80,799.10,815.10,1140675840.00,9575678976.00
1996-07-29,801.10,839.70,790.00,831.80,1158875008.00,9523532800.00
1996-07-30,828.00,844.20,793.90,806.20,1325346048.00,10489789440.00
1996-07-31,778.10,791.90,749.20,761.90,889268352.00,6925837824.00
1996-08-01,734.10,754.00,720.00,742.70,750733696.00,5956236288.00
1996-08-02,730.60,743.90,698.40,713.50,817500096.00,6645414912.00
1996-08-05,690.70,709.60,673.40,704.10,690286400.00,5464187392.00
1996-08-06,691.50,708.20,676.10,698.10,845627712.00,6979191296.00
1996-08-07,711.70,734.00,700.30,721.10,1240017536.00,10845024256.00
1996-08-08,723.80,738.70,709.40,724.50,1086619008.00,8929224704.00
1996-08-09,720.20,734.80,702.30,720.50,1134456576.00,9023947776.00
1996-08-12,724.00,744.80,714.00,731.10,1171237504.00,9329473536.00
1996-08-13,714.00,723.10,697.80,708.10,806472832.00,6579337216.00
1996-08-14,692.60,703.40,678.40,687.00,742974720.00,6256376832.00
1996-08-15,670.80,683.50,657.70,663.60,694389376.00,5907087872.00
1996-08-16,652.70,662.40,629.70,650.20,812669504.00,6922305024.00
1996-08-19,625.30,635.00,607.50,615.70,533170464.00,4498385920.00
1996-08-20,593.90,603.10,573.40,580.70,575604416.00,4683279872.00
1996-08-21,581.40,608.60,575.90,598.80,806241536.00,7096852992.00
1996-08-22,593.20,600.90,567.10,574.40,688762304.00,5771635712.00
1996-08-23,574.40,582.60,543.00,561.20,750118976.00,6224615936.00
1996-08-26,542.90,555.30,520.70,530.60,602464832.00,4985461760.00
1996-08-27,515.10,534.90,508.20,530.20,550064512.00,4390308864.00
1996-08-28,540.50,562.10,530.60,553.00,902680384.00,7301977600.00
1996-08-29,553.10,567.80,537.70,559.40,859648832.00,7115877888.00
1996-08-30,595.90,625.10,587.60,615.10,1477023744.00,12009161728.00
1996-09-02,645.50,672.70,630.10,658.20,1666998528.00,12840190976.00
1996-09-03,674.00,694.90,650.00,668.50,1453933824.00,11421043712.00
1996-09-04,674.90,704.40,664.30,693.60,1330302336.00,11076057088.00
1996-09-05,721.60,742.00,684.90,694.50,1527016704.00,12824268800.00
1996-09-06,678.90,699.50,662.50,678.60,944050176.00,7636028416.00
1996-09-09,662.80,676.70,646.20,660.00,750059456.00,6477940736.00
1996-09-10,633.00,647.80,606.80,613.60,709248064.00,5883510272.00
1996-09-11,595.40,616.20,580.60,603.40,619769600.00,4869490688.00
1996-09-12,589.50,599.70,559.90,569.90,647675072.00,5051592192.00
1996-09-13,553.50,574.20,543.60,570.70,633750976.00,4918061056.00
1996-09-16,568.50,585.90,553.00,577.50,866344448.00,6847701504.00
1996-09-17,582.10,600.20,569.20,586.50,994283008.00,7904457728.00
1996-09-18,585.00,595.60,552.20,560.60,915358720.00,7097721344.00
1996-09-19,541.70,561.50,533.20,555.00,643025792.00,4931760640.00
1996-09-20,555.30,576.80,545.70,569.40,809325824.00,6444184064.00
1996-09-23,604.20,629.20,591.30,619.10,1279585664.00,11337886720.00
1996-09-24,641.60,661.20,627.00,646.50,1207371520.00,11020784640.00
1996-09-25,660.30,673.70,635.00,650.20,1033961728.00,9369621504.00
1996-09-26,657.80,680.40,649.50,668.70,1018255360.00,9338286080.00
1996-09-27,698.10,722.90,684.80,710.60,1332943744.00,12418471936.00
1996-10-03,738.40,759.60,715.30,730.00,1445731840.00,11876818944.00
1996-10-04,727.40,746.00,711.40,733.30,1292673536.00,9536435200.00
1996-10-07,751.60,775.10,734.10,762.00,1692619648.00,12358667264.00
1996-10-08,786.40,812.10,768.40,798.60,1711885696.00,13757963264.00
1996-10-09,819.50,842.30,788.40,807.70,1784206848.00,14377723904.00
1996-10-10,830.10,867.50,820.90,856.80,1947754112.00,15017883648.00
1996-10-11,895.40,921.40,868.40,897.60,2300162816.00,17640527872.00
1996-10-14,954.30,996.60,930.50,975.10,2756141056.00,21532178432.00
1996-10-15,998.70,1033.70,967.90,1010.00,2264093440.00,18522712064.00
1996-10-16,1037.60,1073.30,998.50,1033.90,2243190016.00,19733811200.00
1996-10-17,1049.40,1104.10,1030.30,1084.00,2301257472.00,20596324352.00
1996-10-18,1103.50,1138.90,1034.40,1056.00,2311223552.00,20057483264.00
1996-10-21,1057.40,1127.90,1044.60,1113.60,2225001472.00,18896543744.00
1996-10-22,1079.10,1139.10,1038.40,1100.90,2243165696.00,18757679104.00
1996-10-23,1125.60,1174.90,1101.60,1151.60,2295582720.00,19835232256.00
1996-10-24,1169.90,1202.50,1134.10,1164.00,2122306944.00,19343542272.00
1996-10-25,1165.30,1207.70,1138.80,1181.00,2115918464.00,19288532992.00
1996-10-28,1192.90,1267.10,1177.30,1245.10,2409299200.00,22851606528.00
1996-10-29,1295.40,1337.30,1247.10,1280.60,2497092608.00,25412030464.00
1996-10-30,1272.70,1302.50,1199.00,1230.70,1965092224.00,18615656448.00
1996-10-31,1231.70,1280.70,1198.70,1259.90,1959253888.00,18510874624.00
1996-11-01,1191.50,1237.00,1136.10,1187.40,1817545728.00,16801200128.00
1996-11-04,1149.30,1188.00,1131.90,1171.40,1199202944.00,11744124928.00
1996-11-05,1151.20,1176.80,1108.60,1131.70,1290418816.00,13078784000.00
1996-11-06,1090.90,1106.90,1039.20,1068.00,994638208.00,9560532992.00
1996-11-07,1030.10,1051.30,1003.30,1025.70,783492608.00,7855731712.00
1996-11-08,994.40,1018.50,972.60,998.70,854943040.00,8927316992.00
1996-11-11,1007.80,1046.80,991.50,1034.40,1347736064.00,14098772992.00
1996-11-12,1039.90,1068.90,1014.70,1051.40,1471655808.00,14558095360.00
1996-11-13,1064.50,1094.20,1041.50,1073.80,1659927936.00,17127371776.00
1996-11-14,1103.00,1138.60,1084.50,1122.10,1867373952.00,20136163328.00
1996-11-15,1141.80,1187.30,1121.20,1164.90,1931440640.00,21082046464.00
1996-11-18,1221.20,1277.90,1190.40,1255.10,2336108032.00,25109622784.00
1996-11-19,1308.40,1353.10,1270.90,1317.70,2625281792.00,26822318080.00
1996-11-20,1333.20,1395.30,1302.50,1369.80,2269987072.00,25383989248.00
1996-11-21,1392.40,1428.70,1261.90,1283.90,2196823552.00,24789133312.00
1996-11-22,1243.30,1312.70,1203.10,1304.20,1526581248.00,16838000640.00
1996-11-25,1306.70,1353.90,1270.30,1339.60,1812052224.00,20649355264.00
1996-11-26,1348.10,1373.10,1288.00,1324.90,1744072448.00,20531986432.00
1996-11-27,1294.10,1327.30,1259.20,1288.30,1358948096.00,15444648960.00
1996-11-28,1262.90,1302.00,1235.40,1274.20,1406628736.00,15440892928.00
1996-11-29,1282.00,1330.00,1257.50,1303.00,1841165568.00,18634665984.00
1996-12-02,1359.40,1421.10,1326.10,1388.90,2552478976.00,24714745856.00
1996-12-03,1447.00,1506.70,1398.60,1455.80,2724000768.00,27900475392.00
1996-12-04,1496.40,1560.30,1466.90,1534.70,2608743168.00,28658493440.00
1996-12-05,1603.00,1655.40,1562.60,1622.10,2842466304.00,32528779264.00
1996-12-06,1644.80,1686.80,1603.00,1653.80,2445777664.00,28931407872.00
1996-12-09,1696.90,1752.70,1666.70,1721.80,2489829376.00,30528700416.00
1996-12-10,1720.00,1750.50,1639.40,1701.80,2061309440.00,26316197888.00
1996-12-11,1707.30,1778.80,1679.50,1740.00,2072942592.00,28185522176.00
1996-12-12,1746.30,1778.90,1630.10,1674.90,1932940928.00,25728776192.00
1996-12-13,1629.30,1665.00,1541.90,1556.60,1481642496.00,18678018048.00
1996-12-16,1305.60,1308.50,1305.00,1305.50,182153440.00,2009428608.00
1996-12-17,1130.10,1179.20,1129.60,1131.70,733734208.00,7785452544.00
1996-12-18,1072.70,1232.00,1062.60,1211.70,1693464960.00,16793237504.00
1996-12-19,1200.80,1227.10,1100.50,1113.20,1351741824.00,14848288768.00
1996-12-20,1023.80,1065.80,1002.00,1027.20,911900288.00,8824100864.00
1996-12-23,995.50,1039.40,975.20,1001.10,925315776.00,8441885696.00
1996-12-24,975.00,991.90,906.70,912.50,766565248.00,7334769152.00
1996-12-25,895.10,938.50,861.60,924.00,947787136.00,8464456704.00
1996-12-26,907.60,933.30,886.60,918.80,821389120.00,7128791552.00
1996-12-27,938.30,959.10,909.20,948.80,1338180480.00,12082495488.00
1996-12-30,970.70,1009.50,953.00,1000.60,1407106304.00,13796282368.00
1996-12-31,990.40,1000.50,940.10,955.90,1097414272.00,10695543808.00
1997-01-02,922.80,954.50,909.80,940.00,771275968.00,7532931584.00
1997-01-03,919.20,933.60,883.60,894.80,871670528.00,8077245952.00
1997-01-06,849.70,861.60,816.50,821.50,574002816.00,5282787840.00
1997-01-07,783.60,837.50,772.50,825.20,654626112.00,6093532672.00
1997-01-08,793.80,807.50,772.70,790.80,544898048.00,5030376960.00
1997-01-09,762.20,782.10,757.10,770.80,516494272.00,4881698816.00
1997-01-10,754.50,769.80,743.00,762.50,637023872.00,6162424832.00
1997-01-13,762.70,781.60,753.40,772.00,910473472.00,8073781760.00
1997-01-14,755.70,762.70,726.20,737.10,733922304.00,6625009664.00
1997-01-15,707.80,727.20,703.00,718.30,502588064.00,4785647104.00
1997-01-16,693.00,704.10,682.00,693.80,460323712.00,4510825984.00
1997-01-17,681.70,695.10,673.40,688.20,575308224.00,5972433408.00
1997-01-20,685.80,700.60,677.80,693.40,723098880.00,6982490624.00
1997-01-21,692.60,702.30,679.90,687.40,743849216.00,7081019904.00
1997-01-22,701.00,721.90,693.30,714.10,898928256.00,9199677440.00
1997-01-23,739.60,758.60,728.40,747.50,1063428288.00,11215885312.00
1997-01-24,759.30,774.30,743.80,764.90,1006539520.00,9925310464.00
1997-01-27,785.30,802.90,774.50,791.40,1115278976.00,11048273920.00
1997-01-28,788.80,802.30,773.70,789.60,907850432.00,8758153216.00
1997-01-29,785.90,800.90,775.70,789.00,862870592.00,8529169408.00
1997-01-30,796.00,809.90,784.40,798.60,967337920.00,9394075648.00
1997-01-31,808.80,823.90,799.80,810.30,997579136.00,10263228416.00
1997-02-17,798.90,821.70,781.90,809.40,742740480.00,7611753984.00
1997-02-18,848.50,862.30,770.00,774.10,1421364736.00,14351865856.00
1997-02-19,799.40,847.00,794.10,840.60,1121798528.00,11293872128.00
1997-02-20,811.00,912.80,810.40,893.40,1857640320.00,17724620800.00
1997-02-21,939.10,979.10,929.10,971.40,1923560448.00,16907502592.00
1997-02-24,1004.90,1025.40,980.10,997.50,1665607808.00,15264116736.00
1997-02-25,1001.40,1033.60,991.80,1014.20,1231241344.00,12509865984.00
1997-02-26,1026.60,1051.90,1013.60,1041.50,1243551872.00,12933873664.00
1997-02-27,1064.80,1087.60,1044.60,1059.60,1470633984.00,15357623296.00
1997-02-28,1067.30,1094.80,1044.10,1085.30,1375378816.00,14165976064.00
1997-03-03,1129.00,1166.90,1118.70,1155.70,1834502784.00,19404869632.00
1997-03-04,1183.60,1207.60,1154.00,1186.80,1797160448.00,19052974080.00
1997-03-05,1186.20,1207.30,1154.10,1164.30,1430294912.00,14859021312.00
1997-03-06,1151.30,1193.30,1142.30,1183.60,1369499392.00,13973071872.00
1997-03-07,1188.30,1211.80,1162.00,1180.80,1376388224.00,14898864128.00
1997-03-10,1197.60,1229.30,1184.60,1211.40,1351318912.00,15835089920.00
1997-03-11,1232.70,1263.10,1213.10,1249.10,1524294912.00,17941776384.00
1997-03-12,1284.60,1316.60,1262.30,1295.90,1756363136.00,20628670464.00
1997-03-13,1305.20,1324.70,1268.00,1291.70,1538763136.00,17676099584.00
1997-03-14,1288.20,1321.80,1260.40,1307.20,1395152768.00,16650246144.00
1997-03-17,1369.50,1413.00,1348.40,1387.00,1958168320.00,24326543360.00
1997-03-18,1433.70,1472.90,1394.40,1434.40,1888190720.00,24283627520.00
1997-03-19,1439.80,1476.00,1411.30,1444.50,1499283456.00,19539904512.00
1997-03-20,1437.90,1469.30,1383.10,1394.40,1422752384.00,17874847744.00
1997-03-21,1379.10,1445.20,1368.20,1434.80,1354340096.00,17139189760.00
1997-03-24,1505.30,1551.00,1472.10,1516.30,2136306176.00,26733889536.00
1997-03-25,1551.10,1590.30,1505.40,1553.00,1853585664.00,23985934336.00
1997-03-26,1579.20,1624.20,1549.10,1595.10,1831927552.00,22773266432.00
1997-03-27,1610.30,1646.70,1570.00,1599.10,1901272704.00,23037313024.00
1997-03-28,1586.60,1623.00,1554.90,1578.20,1469467392.00,18723006464.00
1997-03-31,1578.90,1630.50,1564.40,1607.40,1641237504.00,19688656896.00
1997-04-01,1599.90,1627.40,1567.60,1594.90,1565348096.00,18337677312.00
1997-04-02,1579.60,1610.60,1546.80,1566.60,1475791616.00,17572659200.00
1997-04-03,1535.20,1568.10,1506.30,1548.00,1223194368.00,15288137728.00
1997-04-04,1588.00,1629.90,1558.40,1592.60,1815195392.00,24527851520.00
1997-04-07,1620.30,1666.20,1587.00,1637.10,1805153664.00,25003556864.00
1997-04-08,1639.60,1664.30,1580.40,1604.20,1481225984.00,21322866688.00
1997-04-09,1607.00,1672.00,1597.50,1651.60,1578715520.00,22136315904.00
1997-04-10,1669.20,1706.60,1627.60,1649.90,1728354432.00,23537420288.00
1997-04-11,1633.60,1661.10,1583.40,1630.80,1493334656.00,20384483328.00
1997-04-14,1656.00,1708.70,1634.20,1669.70,1922847360.00,23705384960.00
1997-04-15,1661.80,1696.40,1629.00,1669.10,1462940416.00,19136079872.00
1997-04-16,1672.80,1704.60,1638.00,1666.50,1508714112.00,19919147008.00
1997-04-17,1634.90,1669.30,1610.20,1635.70,1266766720.00,16971396096.00
1997-04-18,1627.90,1658.50,1593.50,1635.10,1363883008.00,18010990592.00
1997-04-21,1683.80,1730.90,1657.70,1695.90,1989760768.00,25373700096.00
1997-04-22,1703.20,1740.50,1672.10,1710.70,1707873664.00,22300563456.00
1997-04-23,1737.50,1786.30,1705.10,1750.50,1780589312.00,25538940928.00
1997-04-24,1761.20,1819.70,1718.20,1786.60,1813425024.00,26931660800.00
1997-04-25,1834.70,1894.10,1789.50,1832.10,2075094784.00,31432734720.00
1997-04-28,1881.80,1953.10,1819.20,1876.10,1951050496.00,29521352704.00
1997-04-29,1884.70,1947.30,1786.10,1872.80,1702599808.00,24822882304.00
1997-04-30,1860.20,1918.30,1822.00,1885.40,1544107648.00,21865062400.00
1997-05-05,1918.70,2011.30,1901.10,1981.50,2029708544.00,29472258048.00
1997-05-06,2059.50,2140.90,2021.50,2100.00,2276498176.00,35379699712.00
1997-05-07,2165.60,2230.20,2091.10,2174.00,2310542848.00,36631363584.00
1997-05-08,2217.10,2267.40,2053.70,2084.80,2143037184.00,35442843648.00
1997-05-09,2095.70,2213.30,2061.40,2194.70,1889234944.00,30346254336.00
1997-05-12,2267.80,2356.30,2212.40,2289.40,2470779392.00,36430049280.00
1997-05-13,2284.20,2310.80,2151.60,2220.30,2016631168.00,29128058880.00
1997-05-14,2154.00,2186.00,2025.30,2048.90,1529369088.00,22993762304.00
1997-05-15,1986.70,2087.50,1948.50,2064.80,1306385024.00,20323876864.00
1997-05-16,1888.60,2027.50,1855.40,1883.80,1631936768.00,23787345920.00
1997-05-19,1820.80,1887.20,1776.00,1836.80,986025216.00,13469829120.00
1997-05-20,1806.10,1878.70,1782.80,1851.20,1052307456.00,16535409664.00
1997-05-21,1809.30,1832.80,1716.60,1750.60,998539776.00,15780829184.00
1997-05-22,1568.60,1664.90,1559.20,1570.20,1123690368.00,16684816384.00
1997-05-23,1527.30,1601.00,1497.60,1563.30,957719040.00,14434066432.00
1997-05-26,1544.80,1586.00,1458.00,1539.10,928228032.00,13931560960.00
1997-05-27,1512.90,1566.20,1484.20,1543.10,973000192.00,14264981504.00
1997-05-28,1517.10,1551.40,1478.90,1507.10,887322176.00,13476082688.00
1997-05-29,1456.50,1497.40,1427.60,1448.10,795803136.00,11951367168.00
1997-05-30,1403.00,1450.60,1380.10,1437.60,707318208.00,10788898816.00
1997-06-02,1456.10,1511.70,1438.50,1494.80,1140612480.00,16627349504.00
1997-06-03,1510.10,1551.00,1466.70,1512.40,1312548224.00,19467972608.00
1997-06-04,1517.00,1559.50,1489.70,1525.80,1233075328.00,18226714624.00
1997-06-05,1510.20,1543.80,1477.70,1513.70,1044845312.00,16375585792.00
1997-06-06,1461.10,1543.10,1439.10,1480.10,1695842560.00,25563179008.00
1997-06-09,1440.50,1472.90,1400.40,1442.20,843106176.00,11796291584.00
1997-06-10,1395.20,1414.00,1322.40,1337.90,689599616.00,9452782592.00
1997-06-11,1309.90,1334.40,1213.70,1294.50,892813888.00,11724316672.00
1997-06-12,1250.80,1275.00,1216.50,1237.00,638239680.00,8195624960.00
1997-06-13,1165.30,1283.00,1154.10,1271.30,955637440.00,12431182848.00
1997-06-16,1291.90,1330.60,1270.40,1297.00,1061710336.00,14229412864.00
1997-06-17,1269.00,1293.00,1235.40,1252.80,761406272.00,10507539456.00
1997-06-18,1252.50,1276.00,1215.10,1231.10,800026688.00,10956942336.00
1997-06-19,1202.70,1226.50,1171.80,1185.40,660144320.00,9048550400.00
1997-06-20,1219.00,1280.80,1204.80,1270.90,1064574272.00,15711016960.00
1997-06-23,1360.20,1392.50,1286.10,1331.70,1509540352.00,23432022016.00
1997-06-24,1338.70,1378.30,1321.00,1363.80,1039169856.00,15602127872.00
1997-06-25,1369.80,1392.60,1337.70,1359.90,1023054400.00,15212688384.00
1997-06-26,1358.40,1386.50,1328.70,1356.80,983020096.00,14475883520.00
1997-06-27,1392.00,1427.80,1337.80,1360.70,1243202560.00,19735982080.00
1997-07-02,1352.60,1377.90,1224.70,1297.00,853019904.00,13336301568.00
1997-07-03,1265.40,1277.30,1195.40,1211.70,804758784.00,11173304320.00
1997-07-04,1172.00,1221.20,1142.40,1196.30,821455232.00,10637867008.00
1997-07-07,1164.60,1177.50,1069.00,1083.40,690795072.00,8910957568.00
1997-07-08,1052.60,1106.30,1017.10,1082.40,747001344.00,9550800896.00
1997-07-09,1057.70,1083.10,1028.60,1065.90,657679744.00,8106702848.00
1997-07-10,1034.90,1062.20,1011.30,1023.50,648038720.00,7927037440.00
1997-07-11,1003.30,1061.30,994.30,1056.60,795878720.00,10193691648.00
1997-07-14,1079.70,1115.90,1060.50,1098.80,1126028672.00,14284978176.00
1997-07-15,1106.60,1132.50,1073.80,1107.80,1064746496.00,13361421312.00
1997-07-16,1117.00,1144.60,1085.20,1109.70,1001103104.00,13295104000.00
1997-07-17,1106.70,1143.30,1085.60,1118.50,920527296.00,12290119680.00
1997-07-18,1132.80,1160.40,1112.00,1143.30,976629504.00,13672074240.00
1997-07-21,1157.00,1178.90,1115.20,1133.40,1014763456.00,13316059136.00
1997-07-22,1120.00,1154.10,1086.80,1140.80,868137856.00,10816282624.00
1997-07-23,1161.00,1182.10,1117.40,1134.70,1052148608.00,13102086144.00
1997-07-24,1105.30,1125.60,1073.80,1084.40,710563840.00,8994903040.00
1997-07-25,1058.50,1087.60,1039.90,1065.40,724633920.00,9227203584.00
1997-07-28,1041.00,1054.70,999.70,1010.90,690058880.00,8293734400.00
1997-07-29,976.60,1008.30,960.10,990.50,633589824.00,7066062336.00
1997-07-30,975.50,1001.90,962.30,993.60,747387328.00,8067032576.00
1997-07-31,979.70,997.20,961.50,976.70,734180864.00,7997434880.00
1997-08-01,952.40,967.80,934.60,952.20,637806784.00,6840652800.00
1997-08-04,950.80,971.10,932.80,955.70,857711936.00,9321678848.00
1997-08-05,939.30,956.80,922.10,935.80,688458304.00,7529139200.00
1997-08-06,912.20,924.10,884.60,892.50,617278784.00,6747825152.00
1997-08-07,872.10,898.50,856.60,891.50,710682560.00,7445839360.00
1997-08-08,918.70,938.20,890.60,909.10,1182206464.00,11959549952.00
1997-08-11,915.80,931.50,883.40,896.40,963305984.00,10212294656.00
1997-08-12,882.70,900.60,849.70,858.20,745924096.00,8027936256.00
1997-08-13,834.90,856.70,810.90,819.60,597844928.00,6320983552.00
1997-08-14,806.80,843.30,799.60,837.40,626504832.00,6761093632.00
1997-08-15,829.40,839.30,793.70,807.40,640600704.00,6715253248.00
1997-08-18,788.40,800.90,760.70,778.40,579647680.00,5994012160.00
1997-08-19,753.50,771.20,740.40,752.80,443292736.00,4589912064.00
1997-08-20,733.00,749.20,721.20,739.40,442515424.00,4537452544.00
1997-08-21,743.70,763.30,732.50,753.60,706777536.00,7487350784.00
1997-08-22,761.80,783.90,750.60,771.20,822373504.00,8709164032.00
1997-08-25,788.20,810.00,774.90,798.60,935329792.00,9690268672.00
1997-08-26,824.90,844.50,809.20,830.00,1033606400.00,10949464064.00
1997-08-27,839.00,857.70,824.10,843.50,950356416.00,9377518592.00
1997-08-28,864.10,884.40,845.90,866.90,1131733888.00,10949910528.00
1997-08-29,890.80,909.90,871.90,891.50,1239805440.00,12131924992.00
1997-09-01,906.50,929.60,890.20,911.60,1163447680.00,11233885184.00
1997-09-02,908.80,927.00,891.90,911.30,934540864.00,9073960960.00
1997-09-03,918.70,940.60,907.20,929.30,990563328.00,10258648064.00
1997-09-04,941.90,959.30,928.40,944.20,1023577792.00,10711197696.00
1997-09-05,932.90,946.10,917.60,933.50,825347136.00,8399042560.00
1997-09-08,933.00,950.20,917.20,936.10,1011539008.00,9581448192.00
1997-09-09,924.30,936.40,898.80,904.50,854517376.00,8107733504.00
1997-09-10,898.80,925.40,888.90,917.00,988696320.00,8813099008.00
1997-09-11,934.20,954.80,901.30,915.90,1220939776.00,11198381056.00
1997-09-12,893.40,907.70,865.40,871.80,737586112.00,6778527232.00
1997-09-15,851.80,863.20,824.30,831.60,680957568.00,6356648448.00
1997-09-16,802.50,819.60,793.30,805.20,472729792.00,4295585792.00
1997-09-17,772.20,778.60,749.00,756.40,411137280.00,3644909312.00
1997-09-18,729.20,742.80,718.70,731.60,414779648.00,3789091328.00
1997-09-19,706.20,719.70,697.10,711.60,377746656.00,3614706688.00
1997-09-22,698.20,702.70,643.40,647.90,542466944.00,5026011648.00
1997-09-23,639.40,652.70,593.20,605.40,669225664.00,5833375232.00
1997-09-24,632.30,663.10,624.00,658.80,813936256.00,7444520960.00
1997-09-25,669.30,685.30,656.10,671.90,795523712.00,7259122688.00
1997-09-26,656.60,664.10,636.20,651.30,522519360.00,4685041152.00
1997-09-29,631.60,638.10,610.00,618.60,452072352.00,4311616512.00
1997-09-30,595.80,613.00,590.80,605.70,337332320.00,3415484160.00
1997-10-06,580.40,589.40,568.80,578.00,250900688.00,2436056576.00
1997-10-07,549.90,558.30,540.40,553.30,241111168.00,2252315904.00
1997-10-08,562.00,575.40,552.50,567.90,509796096.00,4980146176.00
1997-10-09,553.80,561.80,543.00,549.50,405532256.00,3743143424.00
1997-10-10,533.50,544.60,528.80,539.40,373963328.00,3428271872.00
1997-10-13,527.80,534.30,516.10,521.00,363501824.00,3390512896.00
1997-10-14,502.50,508.70,493.40,504.50,326073696.00,2962444800.00
1997-10-15,502.30,512.90,495.10,506.10,430045568.00,4214900736.00
1997-10-16,541.80,558.60,533.40,552.00,750417408.00,8620947456.00
1997-10-17,617.60,639.90,608.80,629.80,1092922112.00,12721231872.00
1997-10-20,692.40,713.40,680.70,701.90,1139961984.00,13174197248.00
1997-10-21,747.80,766.90,732.50,757.30,1057906496.00,12105143296.00
1997-10-22,863.80,891.10,831.60,847.70,1601758464.00,20726441984.00
1997-10-23,883.20,915.70,865.70,896.40,1155910528.00,14035056640.00
1997-10-24,927.90,953.90,912.00,942.10,1162694272.00,13497106432.00
1997-10-27,1016.10,1055.90,1000.20,1031.00,1578348032.00,18491346944.00
1997-10-28,1063.70,1077.10,1001.00,1022.30,1235072000.00,14811309056.00
1997-10-29,1025.60,1072.00,1012.30,1062.60,1069517760.00,13064301568.00
1997-10-30,1121.40,1157.10,1087.20,1099.30,1474900096.00,18828691456.00
1997-10-31,1082.00,1120.60,1061.50,1105.70,948079488.00,11890854912.00
1997-11-03,1085.40,1108.40,1065.10,1082.00,773958144.00,8912991232.00
1997-11-04,1054.60,1080.40,1040.30,1065.10,705970112.00,8084332032.00
1997-11-05,1083.80,1111.50,1065.70,1093.70,1141937792.00,13069752320.00
1997-11-06,1103.50,1123.90,1074.70,1085.00,1049223616.00,12403896320.00
1997-11-07,1073.90,1102.80,1060.90,1087.10,911786432.00,10211516416.00
1997-11-10,1090.50,1108.50,1051.70,1068.30,1003358208.00,11469478912.00
1997-11-11,1039.80,1059.10,1013.90,1043.70,727630720.00,8120772096.00
1997-11-12,1019.90,1037.20,992.70,1000.70,659649984.00,7518086656.00
1997-11-13,975.60,1006.10,956.30,1000.40,699412160.00,8047624192.00
1997-11-14,986.70,1006.00,967.40,983.30,746721152.00,8693888000.00
1997-11-17,966.80,978.70,940.80,949.70,549230592.00,6442045952.00
1997-11-18,924.40,941.50,908.70,917.20,502643072.00,6311578624.00
1997-11-19,885.10,901.70,870.30,882.60,458303552.00,5297121280.00
1997-11-20,860.20,874.10,843.10,852.80,534168704.00,6066769408.00
1997-11-21,831.90,842.40,812.60,822.00,556635328.00,6430981120.00
1997-11-24,794.20,805.50,773.40,781.30,507177120.00,5513883136.00
1997-11-25,767.00,785.70,756.30,773.60,511629024.00,5841818624.00
1997-11-26,752.60,764.80,741.40,758.70,413446496.00,4459187200.00
1997-11-27,737.80,745.30,714.70,720.30,460305312.00,5052336128.00
1997-11-28,699.20,725.90,691.90,722.70,481914880.00,5328099328.00
1997-12-01,699.60,708.80,684.90,694.50,406698528.00,4564237824.00
1997-12-02,669.70,681.10,659.80,666.90,340873888.00,3730845184.00
1997-12-03,645.10,653.80,634.10,642.40,340565984.00,3782082304.00
1997-12-04,639.30,662.00,632.50,654.30,505179136.00,6010738176.00
1997-12-05,656.60,669.30,645.10,651.10,535179488.00,6219425280.00
1997-12-08,639.20,650.40,630.40,638.50,410728832.00,4554957312.00
1997-12-09,628.00,640.10,621.60,634.40,414244960.00,4717563392.00
1997-12-10,627.10,637.60,619.20,627.90,426372992.00,4853058560.00
1997-12-11,624.50,632.50,611.30,624.50,441264032.00,5356992512.00
1997-12-12,625.90,635.30,615.30,621.10,475156576.00,5811616256.00
1997-12-15,627.40,642.00,620.10,635.80,559463360.00,6572861440.00
1997-12-16,649.70,661.90,640.90,653.70,596062336.00,7514744320.00
1997-12-17,660.20,665.80,640.20,645.70,603205504.00,7375113216.00
1997-12-18,640.70,657.80,634.50,648.00,534114592.00,5997279744.00
1997-12-19,651.00,664.80,641.90,655.50,574211648.00,6563205120.00
1997-12-22,689.80,709.70,674.50,697.70,847302720.00,10331212800.00
1997-12-23,710.20,727.20,696.40,711.50,673798464.00,8091598336.00
1997-12-24,716.10,730.40,703.90,716.20,627623168.00,7440110592.00
1997-12-25,736.10,755.20,727.30,745.40,851269824.00,9377837056.00
1997-12-26,777.50,796.10,764.40,779.10,917344000.00,10569068544.00
1997-12-29,798.60,814.50,781.20,791.10,830108544.00,9256807424.00
1997-12-30,785.90,799.70,772.10,782.60,613253184.00,6889542144.00
1997-12-31,783.80,803.80,774.40,791.80,647619200.00,7734888448.00
1998-01-05,832.10,862.20,819.90,850.90,942237312.00,12271368192.00
1998-01-06,890.20,913.90,873.40,898.80,1028705216.00,13115164672.00
1998-01-07,930.70,956.10,916.40,940.60,1080920320.00,12865003520.00
1998-01-08,963.40,988.60,945.30,961.90,1031998144.00,12305885184.00
1998-01-09,990.40,1017.00,967.40,995.70,1099883264.00,13695407104.00
1998-01-12,1030.80,1058.90,1006.90,1020.60,1172849920.00,14397198336.00
1998-01-13,1069.60,1081.00,978.30,1030.20,1462515328.00,18191046656.00
1998-01-14,1049.20,1097.70,1041.50,1081.80,1196139648.00,13567711232.00
1998-01-15,1101.00,1129.80,1074.60,1106.20,1173709696.00,12504337408.00
1998-01-16,1090.30,1114.90,1063.80,1082.00,803970176.00,9437895680.00
1998-01-19,1061.90,1084.90,1038.90,1058.70,667507840.00,8133981184.00
1998-01-20,1022.20,1039.00,994.40,1010.90,539189312.00,6628449792.00
1998-01-21,973.50,989.80,955.40,964.90,459540704.00,5757484032.00
1998-01-22,948.50,972.70,936.00,957.80,662537856.00,7321802752.00
1998-01-23,940.90,961.50,931.70,950.00,589115776.00,6946647552.00
1998-02-09,968.50,986.60,942.60,959.50,741021952.00,8676118528.00
1998-02-10,952.10,966.90,927.30,941.90,794433984.00,8873339904.00
1998-02-11,926.90,951.60,917.00,936.50,741128000.00,7828792832.00
1998-02-12,939.50,956.00,920.20,934.80,858629184.00,9305985024.00
1998-02-13,925.60,944.50,911.70,926.70,722485824.00,8260926976.00
1998-02-16,929.70,945.90,909.30,925.50,820866816.00,9402050560.00
1998-02-17,908.90,924.70,894.50,910.70,637606080.00,7188236800.00
1998-02-18,910.70,922.40,889.10,901.40,778317824.00,8271352320.00
1998-02-19,880.90,895.50,866.10,881.90,576976128.00,6294921728.00
1998-02-20,869.30,881.10,851.00,861.40,622710144.00,6716073472.00
1998-02-23,845.90,857.70,824.10,842.30,655291776.00,7231321600.00
1998-02-24,823.80,837.90,810.40,819.80,541089152.00,6072100352.00
1998-02-25,805.10,816.60,786.90,796.00,551368704.00,6266850304.00
1998-02-26,779.70,800.90,769.70,792.20,519699456.00,5969163264.00
1998-02-27,784.60,797.30,768.00,778.80,559252480.00,6357785600.00
1998-03-02,776.90,793.20,751.30,763.50,784615168.00,8330040832.00
1998-03-03,748.50,770.30,738.80,762.50,567956544.00,5940833280.00
1998-03-04,756.40,771.80,743.00,759.80,563572800.00,6467631104.00
1998-03-05,750.20,763.00,736.70,747.20,508457504.00,5894160384.00
1998-03-06,733.20,745.10,721.30,733.50,499232640.00,5564780544.00
1998-03-09,723.50,735.00,710.40,720.70,509105248.00,5778657792.00
1998-03-10,709.90,722.50,695.60,711.40,488221280.00,5744398336.00
1998-03-11,720.30,734.10,705.20,712.60,609500288.00,7481720320.00
1998-03-12,695.70,706.60,683.50,693.10,473428960.00,5227995648.00
1998-03-13,678.60,692.80,670.20,685.60,446068032.00,5050320896.00
1998-03-16,686.90,701.90,675.70,693.50,573805888.00,6693326848.00
1998-03-17,704.20,719.60,695.70,710.70,665246144.00,7834195968.00
1998-03-18,717.20,728.20,701.00,709.40,654487616.00,7617521152.00
1998-03-19,702.10,714.90,689.90,699.00,570110976.00,6255251456.00
1998-03-20,691.50,703.00,679.40,690.20,517979520.00,5675436032.00
1998-03-23,690.00,703.70,678.30,690.00,586392640.00,6792091648.00
1998-03-24,687.60,704.70,679.10,697.00,563442560.00,6471799808.00
1998-03-25,722.40,734.70,700.90,712.60,743579776.00,8827452416.00
1998-03-26,722.00,737.50,708.10,719.80,765231808.00,8238319616.00
1998-03-27,764.10,799.80,754.80,786.20,1105310080.00,12682618880.00
1998-03-30,842.00,872.60,826.30,857.10,1261481472.00,14475801600.00
1998-03-31,885.20,901.70,862.70,878.50,1045721600.00,11927926784.00
1998-04-01,903.90,933.20,889.90,918.10,1093645440.00,12306265088.00
1998-04-02,1010.30,1045.40,991.40,1011.50,1873109888.00,20671660032.00
1998-04-03,1046.30,1078.20,1028.60,1063.10,1390255872.00,15491081216.00
1998-04-06,1125.70,1163.20,1103.20,1140.70,1773727488.00,18777257984.00
1998-04-07,1162.90,1188.60,1136.60,1161.40,1355051136.00,14874878976.00
1998-04-08,1215.90,1258.10,1198.30,1235.30,1897231360.00,19527241728.00
1998-04-09,1292.80,1321.90,1238.50,1263.20,1996319232.00,20898164736.00
1998-04-10,1283.10,1328.40,1262.30,1306.60,1525475200.00,17491441664.00
1998-04-13,1355.10,1393.60,1326.70,1357.00,1645851008.00,20137191424.00
1998-04-14,1342.20,1368.00,1313.00,1338.90,1104288896.00,12945884160.00
1998-04-15,1336.20,1374.00,1319.60,1350.50,1233955328.00,13797251072.00
1998-04-16,1360.30,1399.40,1332.00,1354.70,1348219008.00,15752543232.00
1998-04-17,1340.90,1365.70,1302.40,1325.20,1241628544.00,13689511936.00
1998-04-20,1312.00,1347.70,1285.80,1316.40,1158643712.00,12799048704.00
1998-04-21,1289.60,1328.30,1271.80,1301.80,974224128.00,10430896128.00
1998-04-22,1305.00,1348.30,1289.40,1327.90,1318963968.00,14062157824.00
1998-04-23,1329.10,1353.90,1295.10,1317.20,1196534016.00,13926554624.00
1998-04-24,1320.30,1355.50,1289.80,1309.00,1227682816.00,14507469824.00
1998-04-27,1316.30,1358.70,1284.80,1321.10,1194534656.00,15596581888.00
1998-04-28,1331.90,1372.10,1311.30,1347.50,1176400768.00,14487355392.00
1998-04-29,1341.20,1368.20,1314.00,1340.00,1023387200.00,12699960320.00
1998-04-30,1344.70,1375.20,1323.70,1353.80,1151472000.00,14081757184.00
1998-05-04,1385.80,1422.10,1360.70,1394.00,1365780864.00,17342095360.00
1998-05-05,1390.00,1419.30,1364.20,1394.00,1128729984.00,13928747008.00
1998-05-06,1392.60,1423.30,1364.20,1395.00,1181871360.00,14551031808.00
1998-05-07,1412.00,1443.60,1369.20,1384.00,1425716480.00,17138622464.00
1998-05-08,1395.80,1449.10,1380.10,1435.90,1461835264.00,17110603776.00
1998-05-11,1488.50,1520.10,1442.50,1469.60,1856636160.00,20923598848.00
1998-05-12,1468.40,1501.30,1427.90,1460.60,1420104448.00,14795584512.00
1998-05-13,1464.30,1516.40,1446.70,1488.10,1524770048.00,16902589440.00
1998-05-14,1494.50,1527.40,1456.70,1482.80,1466621568.00,16856627200.00
1998-05-15,1483.90,1518.80,1449.90,1472.60,1319581952.00,15166971904.00
1998-05-18,1450.30,1478.20,1421.30,1448.40,989872768.00,11616814080.00
1998-05-19,1419.60,1445.20,1389.90,1417.30,891151360.00,10877074432.00
1998-05-20,1395.00,1422.70,1365.00,1387.80,952879616.00,11418603520.00
1998-05-21,1361.00,1394.70,1338.50,1375.90,978470656.00,11475121152.00
1998-05-22,1381.80,1417.40,1362.50,1388.40,1275997056.00,14929138688.00
1998-05-25,1422.20,1461.90,1397.10,1434.40,1624892416.00,18587240448.00
1998-05-26,1450.20,1484.20,1416.20,1447.60,1412743040.00,16383531008.00
1998-05-27,1465.10,1501.50,1437.20,1471.60,1513706368.00,17326073856.00
1998-05-28,1475.10,1503.70,1441.20,1466.20,1378140288.00,15241998336.00
1998-05-29,1480.30,1517.20,1454.10,1485.80,1408782848.00,16516868096.00
1998-06-01,1513.60,1548.10,1482.00,1514.10,1558072192.00,18499702784.00
1998-06-02,1511.30,1537.70,1476.60,1506.50,1215441024.00,14308347904.00
1998-06-03,1492.60,1525.40,1468.80,1497.60,1172250624.00,13564269568.00
1998-06-04,1482.90,1508.80,1446.00,1467.20,1161175040.00,13670437888.00
1998-06-05,1459.80,1491.80,1425.80,1460.30,1218272896.00,14646885376.00
1998-06-08,1446.70,1475.50,1416.50,1438.20,1070448960.00,13067982848.00
1998-06-09,1424.30,1439.60,1362.80,1387.90,1162921344.00,13312913408.00
1998-06-10,1353.60,1387.50,1329.10,1357.50,845421376.00,10269535232.00
1998-06-11,1308.50,1326.20,1274.30,1286.50,676240640.00,7749516800.00
1998-06-12,1297.40,1324.10,1276.00,1307.50,875168768.00,10343212032.00
1998-06-15,1290.50,1307.20,1251.30,1267.60,850299200.00,10377998336.00
1998-06-16,1247.50,1264.20,1204.40,1243.30,867467904.00,10191471616.00
1998-06-17,1209.80,1235.10,1187.80,1206.90,672320448.00,8089467904.00
1998-06-18,1182.40,1213.30,1169.00,1193.70,689796608.00,8243047424.00
1998-06-19,1187.70,1215.90,1171.80,1201.20,821711936.00,10393058304.00
1998-06-22,1216.00,1241.80,1193.40,1218.60,1024187904.00,12985848832.00
1998-06-23,1225.80,1248.60,1200.70,1228.30,995451648.00,12743550976.00
1998-06-24,1222.30,1246.40,1199.80,1223.80,930552192.00,11676584960.00
1998-06-25,1203.20,1220.10,1170.50,1185.70,766609920.00,9496673280.00
1998-06-26,1173.30,1195.90,1153.50,1173.10,769242560.00,9611953152.00
1998-06-29,1150.90,1162.70,1113.70,1129.30,695218816.00,8481064448.00
1998-06-30,1099.50,1114.40,1066.60,1081.80,563293440.00,6901372416.00
1998-07-01,1089.30,1101.10,1036.40,1046.50,722595456.00,8513489920.00
1998-07-02,1025.00,1054.80,1002.60,1043.80,695173312.00,7993552384.00
1998-07-03,1038.40,1058.80,1017.50,1035.10,793009792.00,8894513152.00
1998-07-06,1013.50,1026.00,983.30,993.80,657356992.00,7009942528.00
1998-07-07,958.20,979.20,943.00,967.10,491901248.00,5515180544.00
1998-07-08,940.60,960.80,931.00,949.10,505234880.00,5788802048.00
1998-07-09,924.90,940.40,910.40,925.70,524568576.00,5895304704.00
1998-07-10,919.30,943.10,909.10,933.70,673152832.00,7869513728.00
1998-07-13,931.70,946.40,913.70,930.80,734840320.00,8413554688.00
1998-07-14,936.30,949.00,907.60,917.40,794240576.00,9232552960.00
1998-07-15,904.40,925.50,890.50,910.90,646345088.00,7675998720.00
1998-07-16,905.00,919.20,883.70,898.80,650322560.00,7820434944.00
1998-07-17,896.20,912.10,876.60,889.00,696474752.00,8247438336.00
1998-07-20,878.60,891.10,850.40,866.30,663031744.00,7556047360.00
1998-07-21,854.20,885.60,843.00,871.00,583542848.00,6781107712.00
1998-07-22,856.30,869.90,834.40,847.40,548409920.00,6461960704.00
1998-07-23,833.90,854.60,824.10,845.10,543241152.00,6373089792.00
1998-07-24,848.40,868.10,837.00,853.80,674702016.00,8162153472.00
1998-07-27,847.20,859.70,829.00,845.20,621668160.00,7115802112.00
1998-07-28,829.50,842.80,815.70,828.10,544721280.00,6098022400.00
1998-07-29,815.90,828.20,800.10,809.70,566540608.00,6303609344.00
1998-07-30,800.10,813.70,787.90,800.00,544099968.00,6359350272.00
1998-07-31,792.80,807.50,781.20,794.60,440336160.00,4937225216.00
1998-08-03,784.10,793.80,766.90,776.80,570686784.00,6152981504.00
1998-08-04,761.50,771.00,745.60,758.40,525403840.00,5531862528.00
1998-08-05,744.40,760.10,735.60,752.60,493392896.00,5342600192.00
1998-08-06,741.70,752.60,727.20,734.30,512845088.00,5552037376.00
1998-08-07,741.10,749.70,719.70,728.20,665943040.00,7556464128.00
1998-08-10,716.60,725.80,691.40,702.70,569651392.00,6038285824.00
1998-08-11,687.10,700.90,668.60,676.00,457990848.00,4926365696.00
1998-08-12,680.90,694.80,651.70,676.90,666231232.00,6943612416.00
1998-08-13,681.00,699.20,668.30,688.90,601249664.00,6615761920.00
1998-08-14,687.80,695.10,660.30,668.20,625004032.00,6524948992.00
1998-08-17,665.30,671.50,616.70,622.20,682547264.00,6607581696.00
1998-08-18,616.00,651.20,602.30,626.90,643177664.00,6123138048.00
1998-08-19,637.60,673.90,632.00,668.50,715561792.00,6986627072.00
1998-08-20,686.80,707.90,671.60,701.10,831557568.00,8167140352.00
1998-08-21,725.40,746.60,710.90,737.70,902895616.00,9369291776.00
1998-08-24,759.60,781.20,744.70,763.70,923816640.00,9695056896.00
1998-08-25,770.10,785.50,752.10,775.10,794478336.00,8117584896.00
1998-08-26,769.50,785.40,753.00,762.00,668560064.00,6994841088.00
1998-08-27,745.10,758.30,730.10,741.20,585561216.00,5979716096.00
1998-08-28,723.10,737.60,708.30,719.00,552159936.00,5498978304.00
1998-08-31,706.60,734.30,675.50,731.00,658964352.00,6196856832.00
1998-09-01,725.40,743.90,706.80,722.20,773441024.00,6809070080.00
1998-09-02,701.10,718.10,691.40,703.60,511954144.00,4807661568.00
1998-09-03,685.40,702.50,680.40,692.70,447120224.00,4491102208.00
1998-09-04,691.10,707.90,685.60,698.10,591076032.00,5921898496.00
1998-09-07,699.20,713.70,689.70,706.80,644777024.00,6308585472.00
1998-09-08,711.40,723.50,697.80,705.30,697684032.00,6891113984.00
1998-09-09,720.00,744.90,713.60,740.50,810436544.00,8707755008.00
1998-09-10,798.80,823.00,789.60,810.00,1249705728.00,13869485056.00
1998-09-11,844.90,865.60,830.90,850.40,1116390144.00,12049917952.00
1998-09-14,892.50,922.10,880.10,909.20,1284606080.00,13561157632.00
1998-09-15,943.40,963.90,921.10,933.70,1234237056.00,12954251264.00
1998-09-16,951.10,981.70,938.10,971.70,1148928256.00,12060546048.00
1998-09-17,1024.50,1047.00,987.50,1002.10,1493223424.00,15988268032.00
1998-09-18,1014.00,1034.70,983.90,998.10,1182958080.00,12313259008.00
1998-09-21,975.90,1008.90,963.70,999.40,811098304.00,8376300544.00
1998-09-22,984.90,1001.40,964.20,980.50,764432832.00,7880087040.00
1998-09-23,964.40,983.50,949.20,966.70,739035648.00,7528894976.00
1998-09-24,972.70,984.70,939.30,948.10,926047424.00,9650459648.00
1998-09-25,924.40,952.70,914.60,944.30,707786688.00,7191900672.00
1998-09-28,946.80,968.10,929.00,946.20,973387712.00,9248291840.00
1998-09-29,931.00,950.60,916.90,931.80,764422144.00,7386273280.00
1998-09-30,914.30,933.10,904.30,921.00,657484800.00,6896471040.00
1998-10-05,899.80,912.60,882.90,895.20,598284416.00,6099653632.00
1998-10-06,875.00,886.30,853.20,861.20,623218176.00,6327141376.00
1998-10-07,842.40,857.30,829.40,841.10,619706496.00,6205291008.00
1998-10-08,831.10,848.90,821.60,840.10,669838272.00,6707137024.00
1998-10-09,842.20,857.40,828.50,842.70,814322944.00,8135435776.00
1998-10-12,852.50,870.70,836.50,858.50,927280896.00,9293001728.00
1998-10-13,868.20,887.90,852.90,866.10,915081280.00,9508935680.00
1998-10-14,856.50,871.50,842.00,857.20,699923968.00,7321196032.00
1998-10-15,867.60,886.70,855.40,875.00,890291200.00,9516199936.00
1998-10-16,897.60,914.50,881.40,894.50,1013259648.00,10982257664.00
1998-10-19,907.50,925.00,892.80,907.90,948606848.00,9958715392.00
1998-10-20,906.50,920.00,888.70,900.70,794546496.00,8363320832.00
1998-10-21,921.70,931.60,887.30,896.30,1094670720.00,11158685696.00
1998-10-22,895.40,919.60,879.80,910.90,938339136.00,9685581824.00
1998-10-23,919.70,941.30,903.30,918.90,949215168.00,10225811456.00
1998-10-26,928.60,947.20,904.90,930.00,1037267136.00,10865501184.00
1998-10-27,925.80,949.90,913.00,935.40,838107136.00,9096090624.00
1998-10-28,935.70,958.20,921.20,942.50,865776192.00,9317308416.00
1998-10-29,941.70,958.70,922.70,935.70,870346624.00,9033556992.00
1998-10-30,934.50,955.80,920.80,934.30,858276928.00,9277107200.00
1998-11-02,929.90,951.00,914.60,938.10,794442048.00,8718495744.00
1998-11-03,940.30,962.20,927.90,948.30,833350912.00,9395338240.00
1998-11-04,950.40,966.30,933.60,948.00,853360640.00,9191493632.00
1998-11-05,964.50,990.00,951.80,977.90,1040590144.00,11664497664.00
1998-11-06,1031.10,1056.60,1013.30,1031.10,1380469504.00,16374063104.00
1998-11-09,1063.70,1092.20,1050.00,1078.80,1272080640.00,14397329408.00
1998-11-10,1099.20,1119.40,1078.70,1102.40,1215078272.00,13302545408.00
1998-11-11,1112.80,1135.20,1094.10,1117.00,1144595840.00,12503911424.00
1998-11-12,1128.60,1150.40,1107.90,1123.10,1156776448.00,12759821312.00
1998-11-13,1118.60,1139.10,1099.60,1120.70,990239296.00,11045187584.00
1998-11-16,1126.80,1153.00,1111.30,1136.20,1041486144.00,11975689216.00
1998-11-17,1138.60,1156.90,1116.20,1132.80,979037888.00,11289678848.00
1998-11-18,1122.70,1140.40,1102.50,1117.80,905341184.00,9971650560.00
1998-11-19,1108.30,1125.60,1090.20,1103.00,841618176.00,9898198016.00
1998-11-20,1080.00,1100.40,1066.70,1082.20,763537792.00,8749899776.00
1998-11-23,1060.80,1077.20,1042.80,1058.20,714834752.00,8034537472.00
1998-11-24,1034.00,1052.30,1022.30,1036.40,629297216.00,7207238656.00
1998-11-25,1013.20,1024.80,989.70,997.60,616301056.00,6937953792.00
1998-11-26,977.00,991.20,959.30,971.10,662040704.00,7401160192.00
1998-11-27,949.80,964.80,931.80,942.10,620917056.00,6803824128.00
1998-11-30,916.70,931.20,902.50,919.40,544981376.00,5962612736.00
1998-12-01,895.00,905.30,874.60,882.90,520992672.00,5657170944.00
1998-12-02,858.70,871.90,842.20,862.50,536974720.00,5662798848.00
1998-12-03,843.40,853.80,827.30,836.30,517480800.00,5611717632.00
1998-12-04,815.20,825.60,796.40,805.70,524206336.00,5470050304.00
1998-12-07,795.10,803.60,769.70,776.80,461018848.00,4908052992.00
1998-12-08,748.60,763.00,741.50,756.10,381008832.00,3893593856.00
1998-12-09,727.90,736.00,717.20,726.10,345090720.00,3439208960.00
1998-12-10,709.20,714.90,690.50,696.10,443802944.00,4503625216.00
1998-12-11,671.30,685.60,661.80,681.40,410652576.00,3925475584.00
1998-12-14,658.20,664.00,641.90,647.30,358829248.00,3536334336.00
1998-12-15,630.20,640.20,616.40,635.10,422991968.00,4257357568.00
1998-12-16,614.60,621.70,602.30,609.10,340960416.00,3425234944.00
1998-12-17,596.40,602.90,583.00,588.50,447937056.00,4312810496.00
1998-12-18,574.40,588.60,566.90,576.40,409729824.00,4038723328.00
1998-12-21,558.10,569.30,551.80,560.70,340809632.00,3213497856.00
1998-12-22,560.50,579.60,555.80,575.90,501586208.00,5003632640.00
1998-12-23,569.30,575.40,556.50,563.00,442057216.00,4488430080.00
1998-12-24,553.50,561.20,544.60,553.70,417396288.00,4120005120.00
1998-12-25,542.60,551.80,536.10,542.50,359100864.00,3647987456.00
1998-12-28,534.50,540.60,521.20,525.60,385143296.00,3782067200.00
1998-12-29,518.90,525.10,505.80,511.00,416087680.00,4030951424.00
1998-12-30,509.00,520.60,497.60,513.20,456685376.00,4439609344.00
1998-12-31,501.80,509.30,493.10,500.30,309083744.00,3156045056.00
1999-01-04,479.10,484.00,468.40,472.40,237760016.00,2203521280.00
1999-01-05,460.20,467.30,450.70,461.20,335884288.00,2982919424.00
1999-01-06,455.30,466.40,451.30,460.60,374798720.00,3402793984.00
1999-01-07,460.00,467.70,452.60,461.80,413507904.00,3958295552.00
1999-01-08,476.60,493.00,473.70,489.20,583585152.00,5885314048.00
1999-01-11,499.40,507.60,490.40,501.70,565935296.00,5596865024.00
1999-01-12,511.00,519.10,500.60,505.90,573268928.00,5791029248.00
1999-01-13,508.30,519.10,500.10,508.30,561632960.00,5362399744.00
1999-01-14,505.30,515.10,498.00,506.00,461977952.00,4465127424.00
1999-01-15,516.20,523.80,504.30,510.20,602747840.00,5647099392.00
1999-01-18,521.90,538.30,512.40,534.00,650706560.00,6282224128.00
1999-01-19,550.10,561.00,541.60,551.80,662624768.00,6581852160.00
1999-01-20,548.40,557.20,539.20,546.10,484855072.00,4701353984.00
1999-01-21,544.90,556.30,538.30,551.40,519666560.00,4972403200.00
1999-01-22,564.60,574.90,554.60,562.70,691205888.00,6455245312.00
1999-01-25,566.80,574.40,554.10,559.50,628100992.00,5562534400.00
1999-01-26,553.30,562.10,543.40,552.00,496017632.00,4560840192.00
1999-01-27,550.20,563.20,543.40,556.10,563419328.00,4923940864.00
1999-01-28,565.70,575.80,553.80,562.30,643758592.00,6115406336.00
1999-01-29,561.70,571.30,550.50,559.20,579062144.00,5258458624.00
1999-02-01,557.90,568.70,545.90,554.50,581924032.00,5214406656.00
1999-02-02,546.30,557.90,537.20,550.60,469923872.00,4319549952.00
1999-02-03,544.30,551.50,532.60,538.70,441870464.00,4188888320.00
1999-02-04,528.90,536.00,517.70,522.70,426686656.00,3919908352.00
1999-02-05,517.30,524.00,502.70,508.30,470731488.00,4319515136.00
1999-02-08,497.20,507.80,486.90,493.00,406054528.00,3631057664.00
1999-02-09,486.00,500.60,482.50,496.30,373216288.00,3472841472.00
1999-03-01,485.70,496.70,476.30,490.10,348728864.00,3033683200.00
1999-03-02,484.70,494.10,475.90,486.80,439652320.00,3773702144.00
1999-03-03,496.40,513.60,490.20,508.50,624572800.00,5512911872.00
1999-03-04,517.70,527.10,507.80,518.60,633110784.00,5626634240.00
1999-03-05,529.50,542.80,521.40,532.10,701105344.00,6015780352.00
1999-03-08,544.00,556.40,535.00,549.80,693725312.00,6093635584.00
1999-03-09,569.10,580.40,557.90,566.10,743917376.00,7140652032.00
1999-03-10,570.50,581.20,560.50,571.60,612466688.00,5859046400.00
1999-03-11,592.40,610.20,587.70,601.90,804175360.00,7720126464.00
1999-03-12,627.90,639.60,617.30,628.50,943154304.00,8281991168.00
1999-03-15,661.50,677.30,651.10,663.40,1043759296.00,9497157632.00
1999-03-16,673.80,685.50,661.30,676.10,814743168.00,7477190144.00
1999-03-17,699.80,712.70,685.40,692.00,1032096448.00,9104017408.00
1999-03-18,693.50,707.00,682.10,692.60,744235968.00,7059907584.00
1999-03-19,718.60,742.00,710.40,735.10,944869952.00,9629702144.00
1999-03-22,762.60,777.40,747.80,759.60,1095836416.00,10323835904.00
1999-03-23,757.90,770.10,744.70,759.10,730979072.00,7100730368.00
1999-03-24,760.10,772.40,747.90,756.60,743571712.00,7214045696.00
1999-03-25,757.20,767.10,742.70,750.70,724427840.00,7304258048.00
1999-03-26,743.40,758.90,735.40,748.10,651366336.00,6542466048.00
1999-03-29,749.40,765.40,740.10,757.20,753229312.00,7336811008.00
1999-03-30,753.10,762.50,736.40,742.70,670901824.00,6461106688.00
1999-03-31,736.60,751.60,727.20,742.40,674403200.00,6611054080.00
1999-04-01,760.20,777.50,748.50,764.50,939538624.00,9091603456.00
1999-04-02,788.30,806.70,776.60,795.80,1100168576.00,10315401216.00
1999-04-05,823.40,841.70,811.10,828.40,1161117440.00,10933408768.00
1999-04-06,838.10,853.40,823.50,839.90,977565376.00,9120168960.00
1999-04-07,857.40,874.20,841.10,857.90,1186396288.00,10246922240.00
1999-04-08,873.60,888.10,856.00,871.50,1094057472.00,9859133440.00
1999-04-09,895.00,914.90,878.20,894.60,1252176256.00,11565127680.00
1999-04-12,918.80,935.20,893.30,907.90,1366507264.00,11717114880.00
1999-04-13,902.50,918.80,881.50,894.20,990200832.00,8620200960.00
1999-04-14,880.20,899.90,867.70,885.40,792409472.00,7095792128.00
1999-04-15,884.60,898.30,862.00,873.20,926701760.00,8238227968.00
1999-04-16,865.70,883.10,849.80,862.50,880291264.00,7880992768.00
1999-04-19,852.20,869.30,836.00,852.10,802268160.00,7146102784.00
1999-04-20,840.20,862.40,829.80,850.30,773539776.00,6790608896.00
1999-04-21,846.70,858.30,819.50,827.00,882563392.00,7639878144.00
1999-04-22,828.60,846.80,802.50,833.00,1065489024.00,8749770752.00
1999-04-23,831.30,852.20,818.50,835.60,998019968.00,7928933888.00
1999-04-26,834.20,846.90,806.90,815.70,976062720.00,7607106560.00
1999-04-27,798.20,813.70,775.20,787.60,830154816.00,6475568128.00
1999-04-28,777.80,803.80,761.20,773.40,720139712.00,6247854592.00
1999-04-29,760.40,786.40,752.10,779.70,706188864.00,5900351488.00
1999-04-30,759.50,774.10,748.10,762.90,607296192.00,5125715968.00
1999-05-04,740.50,752.30,726.10,736.40,544449664.00,4564194816.00
1999-05-05,711.30,724.60,699.40,713.70,489566528.00,4076169728.00
1999-05-06,701.50,716.80,693.00,707.70,579633920.00,5222759936.00
1999-05-07,700.70,710.30,685.60,693.40,675346688.00,5528035840.00
1999-05-10,685.10,694.70,655.00,665.60,852512832.00,6611354112.00
1999-05-11,651.20,673.10,646.00,665.80,563518784.00,4473492480.00
1999-05-12,650.40,661.30,638.80,650.60,497459552.00,4264864000.00
1999-05-13,630.60,638.10,616.90,623.90,445249920.00,3669792512.00
1999-05-14,615.80,621.30,594.00,600.50,610202688.00,4842764800.00
1999-05-17,582.70,599.30,572.40,588.20,463024800.00,3866389248.00
1999-05-18,575.40,587.50,564.50,570.70,408538720.00,3567787776.00
1999-05-19,585.10,618.10,580.00,614.00,784307584.00,7237625856.00
1999-05-20,670.70,696.70,661.40,689.10,1307425408.00,12443553792.00
1999-05-21,770.30,795.10,754.80,778.60,1671191552.00,16293276672.00
1999-05-24,910.80,960.60,890.70,946.50,2472231680.00,24068618240.00
1999-05-25,1090.90,1131.50,1050.50,1072.20,2677641984.00,27055486976.00
1999-05-26,1146.90,1200.70,1127.50,1178.30,2040937856.00,21205772288.00
1999-05-27,1330.20,1388.10,1303.80,1355.70,2984671744.00,30353018880.00
1999-05-28,1461.10,1502.20,1406.80,1453.40,2618021120.00,26322898944.00
1999-05-31,1575.70,1634.20,1516.10,1573.40,2898879744.00,30823065600.00
1999-06-01,1633.90,1693.90,1598.20,1668.70,2430610944.00,25458847744.00
1999-06-02,1764.00,1824.10,1696.90,1725.10,2860856832.00,30649126912.00
1999-06-03,1730.60,1775.40,1677.40,1718.80,2039221632.00,21718687744.00
1999-06-04,1730.90,1796.50,1703.50,1754.60,1879682048.00,21152294912.00
1999-06-07,1791.00,1864.80,1758.80,1838.90,2221023488.00,24470206464.00
1999-06-08,1888.80,1941.10,1837.50,1885.50,2399894016.00,25392252928.00
1999-06-09,1901.30,1955.60,1859.10,1918.90,2288077312.00,23140638720.00
1999-06-10,2033.80,2085.60,1966.50,2012.50,3377649152.00,32909064192.00
1999-06-11,2038.10,2100.20,2001.30,2054.20,2591283456.00,26116950016.00
1999-06-14,2128.40,2219.00,2099.80,2188.90,3261559552.00,32246237184.00
1999-06-15,2387.20,2467.40,2206.30,2264.60,4625174016.00,47857700864.00
1999-06-16,2338.10,2459.60,2309.00,2441.50,3202816256.00,34793836544.00
1999-06-17,2609.70,2702.80,2529.00,2648.50,4303904256.00,48913776640.00
1999-06-18,2780.30,2857.60,2679.40,2766.40,4218740224.00,48137527296.00
1999-06-21,2843.90,2958.60,2795.80,2917.70,3893587200.00,43163922432.00
1999-06-22,2961.70,3041.60,2868.80,2993.40,3654297600.00,40888586240.00
1999-06-23,3078.70,3203.50,3021.10,3146.60,4125652736.00,48087945216.00
1999-06-24,3277.70,3423.80,3209.30,3363.60,4653003776.00,57838637056.00
1999-06-25,3601.40,3760.40,3374.70,3439.20,5811543552.00,75135860736.00
1999-06-28,3549.40,3777.10,3509.30,3736.80,4303947776.00,55899783168.00
1999-06-29,3899.70,4005.90,3740.60,3900.30,4577741824.00,59315580928.00
1999-06-30,4026.60,4104.90,3743.10,3859.20,4862104064.00,60904837120.00
1999-07-01,3802.30,3848.90,3477.90,3542.60,3635745536.00,45334953984.00
1999-07-02,3517.70,3705.00,3388.20,3618.60,3313933824.00,40523403264.00
1999-07-05,3550.10,3638.80,3376.40,3443.10,2718736384.00,32453408768.00
1999-07-06,3278.80,3358.70,3110.60,3174.70,1982647296.00,23125153792.00
1999-07-07,3056.40,3202.70,3010.10,3175.50,1811000448.00,21994074112.00
1999-07-08,3085.90,3165.30,3009.90,3087.00,1845110144.00,22923190272.00
1999-07-09,2985.00,3067.00,2916.90,3001.70,1800247168.00,22183524352.00
1999-07-12,2956.50,3017.30,2824.10,2892.00,1991549440.00,25757751296.00
1999-07-13,2768.80,2814.40,2658.70,2717.60,1512168192.00,18567249920.00
1999-07-14,2633.50,2734.60,2600.20,2695.80,1496127488.00,17935710208.00
1999-07-15,2612.70,2662.50,2541.50,2587.80,1416635776.00,17886943232.00
1999-07-16,2503.50,2538.40,2415.40,2449.50,1519448576.00,17669087232.00
1999-07-19,2334.50,2385.50,2255.10,2298.50,1403551872.00,16114511872.00
1999-07-20,2265.70,2442.40,2237.80,2430.00,1767243520.00,22295437312.00
1999-07-21,2525.80,2612.00,2463.50,2551.80,2735645440.00,37550518272.00
1999-07-22,2516.80,2550.30,2394.50,2422.10,1898047744.00,24373499904.00
1999-07-23,2367.90,2475.50,2349.70,2415.20,1500066560.00,19687143424.00
1999-07-26,2371.10,2432.80,2324.80,2383.70,1549538432.00,18694789120.00
1999-07-27,2327.70,2370.20,2268.70,2313.30,1495344000.00,17200785408.00
1999-07-28,2265.30,2325.60,2230.60,2276.00,1437333376.00,17542281216.00
1999-07-29,2225.80,2262.50,2169.90,2205.70,1218558592.00,15095742464.00
1999-07-30,2149.40,2189.60,2106.90,2148.30,1240600832.00,14902471680.00
1999-08-02,2123.70,2179.60,2087.50,2137.40,1539430272.00,18097960960.00
1999-08-03,2114.30,2156.10,2072.50,2116.80,1653514880.00,17945673728.00
1999-08-04,2111.00,2168.50,2082.80,2131.90,1807210624.00,21110104064.00
1999-08-05,2138.40,2184.50,2093.90,2138.50,1893938048.00,22051540992.00
1999-08-06,2162.00,2204.00,2076.10,2153.00,2281939968.00,25702885376.00
1999-08-09,2134.00,2172.30,2077.10,2109.10,1779615232.00,19653425152.00
1999-08-10,2063.60,2097.90,2009.20,2040.80,1521657344.00,16861441024.00
1999-08-11,1971.70,2007.70,1929.80,1953.80,1137230336.00,13151847424.00
1999-08-12,1893.30,1927.50,1857.30,1881.70,946548032.00,10603088896.00
1999-08-13,1809.80,1840.40,1778.30,1798.80,853796608.00,9271083008.00
1999-08-16,1734.20,1761.40,1691.10,1723.60,894932544.00,9635134464.00
1999-08-17,1694.10,1747.40,1677.30,1705.10,1123881088.00,12577504256.00
1999-08-18,1650.10,1674.60,1611.00,1652.10,868189888.00,9592938496.00
1999-08-19,1709.10,1786.80,1691.50,1763.60,1883441024.00,22969651200.00
1999-08-20,1777.80,1810.90,1738.60,1761.60,1552711552.00,18332112896.00
1999-08-23,1761.20,1804.00,1731.50,1773.90,1502088192.00,17094927360.00
1999-08-24,1791.10,1827.00,1757.70,1787.10,1594701696.00,18535813120.00
1999-08-25,1763.10,1786.00,1717.80,1739.80,1289515008.00,14787781632.00
1999-08-26,1691.60,1728.70,1670.20,1710.60,1024055104.00,11793127424.00
1999-08-27,1683.20,1709.30,1653.80,1677.40,1124584320.00,12837614592.00
1999-08-30,1659.50,1685.00,1623.60,1644.10,1219508224.00,13863107584.00
1999-08-31,1609.90,1634.70,1582.50,1613.20,939525760.00,10895181824.00
1999-09-01,1573.30,1587.40,1532.20,1544.00,900035968.00,10379004928.00
1999-09-02,1503.50,1538.80,1475.70,1525.80,927626304.00,10818444288.00
1999-09-03,1485.30,1501.20,1449.50,1463.80,779756160.00,9313906688.00
1999-09-06,1399.70,1416.80,1373.30,1390.50,642287808.00,7265875968.00
1999-09-07,1342.10,1369.40,1328.70,1345.40,621931840.00,7337636864.00
1999-09-08,1298.60,1324.70,1286.60,1306.40,593942016.00,6986447360.00
1999-09-09,1438.40,1517.60,1428.30,1507.90,2077350656.00,26684755968.00
1999-09-10,1653.70,1691.10,1606.30,1631.30,2369307392.00,31055962112.00
1999-09-13,1658.70,1696.70,1633.00,1669.70,1571899136.00,19212226560.00
1999-09-14,1687.70,1718.30,1659.00,1682.90,1482573056.00,17881178112.00
1999-09-15,1672.00,1694.40,1639.00,1658.90,1204993792.00,15009868800.00
1999-09-16,1630.50,1650.50,1599.20,1613.80,1015971456.00,12536759296.00
1999-09-17,1576.90,1605.10,1557.00,1579.10,920762432.00,11485160448.00
1999-09-20,1532.60,1549.20,1503.40,1518.60,745098624.00,9135129600.00
1999-09-21,1459.20,1478.50,1436.80,1457.60,605026752.00,7615343104.00
1999-09-22,1404.80,1424.80,1385.00,1398.50,581158080.00,7353328640.00
1999-09-23,1363.80,1380.10,1337.30,1351.60,689553344.00,8516283904.00
1999-09-24,1311.00,1337.50,1297.80,1315.00,557466304.00,7020420096.00
1999-09-27,1290.50,1304.70,1259.70,1272.30,693789888.00,8244231680.00
1999-09-28,1233.70,1247.70,1210.80,1224.00,564854016.00,6983878144.00
1999-09-29,1191.90,1210.40,1175.00,1185.40,600068864.00,7244246016.00
1999-09-30,1156.60,1170.40,1134.20,1144.30,586151360.00,7100323840.00
1999-10-08,1097.90,1107.70,1068.10,1078.50,426612960.00,4841694720.00
1999-10-11,1034.60,1053.10,1016.60,1033.60,434791552.00,5035614720.00
1999-10-12,994.30,1010.00,982.40,998.80,349222368.00,4174376192.00
1999-10-13,963.20,970.10,933.70,941.70,389825568.00,4468583424.00
1999-10-14,913.10,937.40,900.90,915.70,449938304.00,5445319680.00
1999-10-15,914.40,940.00,906.30,929.60,618827072.00,7672826880.00
1999-10-18,916.60,924.00,881.50,888.70,552455040.00,6557551104.00
1999-10-19,864.40,874.60,842.60,852.40,506279456.00,5803317248.00
1999-10-20,831.60,850.90,821.10,839.50,433767680.00,4983906304.00
1999-10-21,829.10,835.70,804.00,813.70,551526720.00,6183283200.00
1999-10-22,826.90,867.90,820.70,851.10,758422784.00,9427338240.00
1999-10-25,834.90,841.20,810.20,818.60,493856992.00,5781769216.00
1999-10-26,806.60,829.60,800.50,816.40,501312640.00,6295257600.00
1999-10-27,873.60,897.60,862.60,887.40,1082529152.00,12669605888.00
1999-10-28,898.90,907.20,873.00,884.50,801589696.00,9208976384.00
1999-10-29,881.90,895.80,863.60,877.40,659815744.00,7715404288.00
1999-11-01,856.70,868.80,841.30,851.90,482167008.00,5738595840.00
1999-11-02,829.30,843.00,817.20,827.50,422442688.00,5116748288.00
1999-11-03,807.70,816.50,792.20,800.60,416660352.00,4941837312.00
1999-11-04,794.10,812.80,778.00,796.90,510912768.00,7130878464.00
1999-11-05,783.70,799.30,774.50,783.90,476040704.00,5813417984.00
1999-11-08,769.70,784.80,760.60,775.80,468582176.00,5559577088.00
1999-11-09,763.20,772.80,750.20,756.90,454621664.00,5318751744.00
1999-11-10,812.50,822.70,789.70,806.00,844770048.00,11991430144.00
1999-11-11,791.00,803.80,779.00,788.60,517414848.00,6116552192.00
1999-11-12,771.10,782.80,762.60,773.20,418061312.00,5012572160.00
1999-11-15,762.10,772.60,747.50,761.50,484895168.00,5584297984.00
1999-11-16,780.70,791.10,754.10,763.20,749565696.00,8391516672.00
1999-11-17,762.10,784.60,754.00,779.70,623604224.00,7058418688.00
1999-11-18,834.10,859.80,819.90,844.00,1089840000.00,12970556416.00
1999-11-19,847.00,858.30,829.90,838.40,679589888.00,7959915008.00
1999-11-22,829.10,840.70,815.50,827.60,577179584.00,6526469632.00
1999-11-23,809.40,821.80,799.40,811.10,446243904.00,5278050304.00
1999-11-24,788.80,796.10,775.20,783.00,403475584.00,4616092672.00
1999-11-25,765.80,773.70,753.50,763.50,502206016.00,5123024384.00
1999-11-26,747.90,759.50,740.20,749.60,457496736.00,5179009024.00
1999-11-29,740.00,750.10,727.50,734.80,503500000.00,5487783936.00
1999-11-30,718.50,728.30,710.10,719.10,408525216.00,4689165824.00
1999-12-01,709.80,725.20,703.40,717.30,456516704.00,5423560704.00
1999-12-02,717.50,725.80,703.90,711.00,558542208.00,6274853888.00
1999-12-03,703.10,714.20,694.40,705.10,500938656.00,5595462656.00
1999-12-06,700.40,708.90,688.10,696.70,499098176.00,5609019904.00
1999-12-07,689.30,701.80,680.80,690.10,452287968.00,5359029760.00
1999-12-08,685.90,695.70,675.40,684.10,484988416.00,5616683008.00
1999-12-09,678.80,687.60,667.90,677.00,469681408.00,5359605760.00
1999-12-10,681.30,696.50,673.20,689.30,550520768.00,6716148736.00
1999-12-13,699.40,710.00,684.80,692.90,570746112.00,7158019072.00
1999-12-14,690.50,703.50,682.10,696.10,511718464.00,5900761088.00
1999-12-15,751.50,778.90,742.60,764.90,1025551680.00,12563169280.00
1999-12-16,777.30,787.80,761.20,771.90,725638464.00,8082328576.00
1999-12-17,774.70,785.30,757.00,765.40,640429568.00,7356462592.00
1999-12-21,756.80,765.80,738.00,749.80,560171456.00,6125436416.00
1999-12-22,748.50,763.50,736.30,748.10,593158016.00,6639292928.00
1999-12-23,748.00,756.00,729.00,737.90,624407936.00,6653075456.00
1999-12-24,726.10,738.10,711.00,719.60,498278976.00,5460641280.00
1999-12-27,728.30,744.80,714.40,727.90,606946752.00,6925318144.00
1999-12-28,725.60,742.50,714.70,725.50,551866752.00,6152266240.00
1999-12-29,724.40,739.00,711.40,726.90,554718016.00,6087422464.00
1999-12-30,714.60,727.50,705.70,717.80,416565472.00,4763814400.00
2000-01-04,747.80,781.00,738.20,773.70,816736896.00,9960107008.00
2000-01-05,842.60,872.50,827.80,846.60,1254709248.00,15046311936.00
2000-01-06,927.50,978.70,916.80,971.70,1506007552.00,18075322368.00
2000-01-07,1210.80,1262.70,1193.20,1241.80,2967103232.00,36506157056.00
2000-01-10,1451.10,1497.70,1415.00,1470.70,2861601024.00,35712561152.00
2000-01-11,1587.30,1613.20,1496.90,1524.60,2355205888.00,28488681472.00
2000-01-12,1568.10,1609.40,1503.80,1526.40,1800405760.00,22065229824.00
2000-01-13,1506.10,1537.30,1466.00,1492.10,1121764480.00,13101977600.00
2000-01-14,1463.60,1493.70,1426.30,1448.00,941735040.00,11145183232.00
2000-01-17,1421.90,1470.30,1400.40,1457.30,991497344.00,11541175296.00
2000-01-18,1454.60,1482.80,1415.40,1439.30,1131550464.00,13596588032.00
2000-01-19,1427.30,1472.70,1410.20,1448.90,1053311616.00,13079069696.00
2000-01-20,1487.90,1543.70,1469.70,1525.20,1444066944.00,19012343808.00
2000-01-21,1620.80,1681.60,1586.80,1631.20,2057427072.00,27046645760.00
2000-01-24,1727.80,1797.50,1688.10,1764.80,2212160256.00,29191286784.00
2000-01-25,1831.80,1879.40,1764.70,1805.70,2006421376.00,25596379136.00
2000-01-26,1808.40,1855.10,1768.30,1816.60,1488519680.00,18922715136.00
2000-01-27,1918.70,1994.20,1879.00,1956.10,2230340864.00,30492667904.00
2000-01-28,2097.80,2181.00,2048.70,2129.70,2767416576.00,38202200064.00
2000-02-14,2362.70,2486.80,2326.60,2480.90,3237388032.00,42893070336.00
2000-02-15,2858.00,2965.30,2728.90,2804.50,4716512768.00,66466848768.00
2000-02-16,3059.50,3188.20,2951.60,3119.00,4625122816.00,64806055936.00
2000-02-17,3564.90,3703.00,3223.50,3311.20,6169633792.00,87897063424.00
2000-02-18,3331.30,3523.40,3178.10,3466.00,3573348608.00,50769412096.00
2000-02-21,3604.40,3726.30,3425.70,3556.70,4198474496.00,59388522496.00
2000-02-22,3593.20,3712.50,3392.50,3456.70,3460216576.00,47958384640.00
2000-02-23,3369.10,3464.60,3242.80,3304.70,2703570688.00,36557418496.00
2000-02-24,3227.90,3384.20,3189.20,3347.00,2171030016.00,30356559872.00
2000-02-25,3323.80,3412.20,3224.20,3314.90,2539860480.00,36224495616.00
2000-02-28,3371.10,3567.10,3310.40,3525.10,3289343744.00,47047528448.00
2000-02-29,3664.40,3756.90,3474.30,3602.30,3866073088.00,55524847616.00
2000-03-01,3620.60,3723.10,3492.20,3576.00,3298285312.00,44604239872.00
2000-03-02,3540.70,3680.10,3462.30,3583.50,2913119232.00,39201726464.00
2000-03-03,3651.60,3768.40,3559.30,3654.80,3560214272.00,47943565312.00
2000-03-06,3716.30,3793.80,3486.00,3520.70,3653518336.00,48708218880.00
2000-03-07,3397.30,3525.20,3331.60,3475.40,2455440640.00,30777022464.00
2000-03-08,3424.80,3541.80,3350.00,3481.90,2375341824.00,31833092096.00
2000-03-09,3479.90,3567.40,3380.80,3464.00,2615801600.00,36668354560.00
2000-03-10,3407.20,3488.90,3301.20,3356.00,2355154944.00,31694403584.00
2000-03-13,3277.20,3379.00,3224.90,3324.00,2112334208.00,27246233600.00
2000-03-14,3234.70,3325.10,3103.30,3249.40,2922066944.00,36809388032.00
2000-03-15,3194.90,3289.70,3129.70,3194.60,2492300800.00,30032879616.00
2000-03-16,3119.60,3149.30,2944.90,2988.10,2308078336.00,27285428224.00
2000-03-17,2923.80,3081.60,2906.40,3047.60,2093344896.00,27201763328.00
2000-03-20,3005.90,3168.60,2957.40,3129.00,2718302208.00,33687607296.00
2000-03-21,3141.60,3220.60,3061.30,3143.60,2886814464.00,35616206848.00
2000-03-22,3136.60,3240.40,3072.20,3156.70,2569504768.00,34280554496.00
2000-03-23,3171.80,3264.40,3112.30,3222.80,2825031936.00,36246212608.00
2000-03-24,3311.10,3399.00,3207.00,3251.70,3527815424.00,45378965504.00
2000-03-27,3295.80,3437.20,3247.80,3382.20,3301678080.00,41881284608.00
2000-03-28,3469.90,3555.70,3366.60,3454.10,3869188096.00,45882855424.00
2000-03-29,3463.60,3537.00,3347.20,3438.60,3118128128.00,38617235456.00
2000-03-30,3424.30,3519.60,3363.70,3460.50,2765539584.00,35668017152.00
2000-03-31,3444.50,3516.10,3349.50,3420.30,2981934080.00,37279125504.00
2000-04-03,3420.00,3511.90,3348.80,3405.50,2678839040.00,34764771328.00
2000-04-04,3328.70,3372.80,3215.70,3265.00,2302863872.00,29138958336.00
2000-04-05,3168.50,3260.50,3119.20,3201.50,1894349568.00,24212543488.00
2000-04-06,3173.70,3267.80,3138.30,3231.70,2373459712.00,29732669440.00
2000-04-07,3236.40,3305.70,3169.30,3236.80,2829030656.00,34247307264.00
2000-04-10,3238.20,3313.20,3175.80,3245.20,2851090176.00,33956827136.00
2000-04-11,3224.00,3295.40,3139.50,3207.80,2413207296.00,31165079552.00
2000-04-12,3146.70,3202.50,3059.40,3121.80,2094626816.00,26467188736.00
2000-04-13,3100.10,3184.80,3058.30,3131.00,2580230912.00,30706305024.00
2000-04-14,3136.30,3195.50,3066.10,3124.70,2886098432.00,33501638656.00
2000-04-17,3128.60,3175.60,3008.50,3072.70,2913020416.00,35154575360.00
2000-04-18,3016.30,3096.90,2962.20,3047.50,2023970816.00,24910489600.00
2000-04-19,3003.50,3076.20,2959.00,3020.80,2056356096.00,25972076544.00
2000-04-20,3014.80,3097.30,2969.30,3038.90,2405961216.00,30902886400.00
2000-04-21,3036.80,3101.70,2967.10,3012.10,2446610176.00,31119233024.00
2000-04-24,2992.60,3055.70,2921.10,2975.20,2280292608.00,28195008512.00
2000-04-25,2903.40,2959.50,2841.00,2897.40,1731338240.00,21286778880.00
2000-04-26,2829.50,2888.40,2784.30,2822.30,1624448768.00,20328779776.00
2000-04-27,2789.70,2834.60,2710.90,2743.20,1859736704.00,23665614848.00
2000-04-28,2717.90,2798.30,2679.20,2769.40,1754516480.00,24541665280.00
2000-05-08,2738.40,2797.30,2674.40,2735.50,1487743488.00,20528916480.00
2000-05-09,2670.90,2710.70,2591.90,2630.40,1460876544.00,19597469696.00
2000-05-10,2551.30,2577.90,2456.00,2480.90,1392131456.00,17154578432.00
2000-05-11,2403.40,2453.40,2338.40,2368.50,1272078464.00,16178682880.00
2000-05-12,2300.30,2351.20,2260.30,2294.90,1132282112.00,13939145728.00
2000-05-15,2222.90,2256.20,2157.00,2198.60,1031037440.00,12851223552.00
2000-05-16,2121.00,2173.60,2099.50,2144.50,846446144.00,10562270208.00
2000-05-17,2071.60,2109.60,2037.70,2065.30,880557376.00,11093294080.00
2000-05-18,2036.90,2098.20,2011.80,2082.70,1268242688.00,15862566912.00
2000-05-19,2094.30,2144.10,2062.70,2118.30,1719465344.00,21644132352.00
2000-05-22,2196.30,2276.00,2167.20,2241.90,2298856960.00,29738100736.00
2000-05-23,2273.80,2318.20,2214.80,2268.00,2002363776.00,24965838848.00
2000-05-24,2339.30,2413.40,2302.50,2361.80,2436264192.00,31590144000.00
2000-05-25,2457.40,2521.60,2417.20,2479.10,2671622912.00,34430603264.00
2000-05-26,2569.20,2626.80,2505.50,2560.50,2727648768.00,34887086080.00
2000-05-29,2656.30,2730.40,2610.50,2676.70,2812864256.00,37480579072.00
2000-05-30,2732.00,2788.90,2653.70,2697.30,2547616512.00,32433262592.00
2000-05-31,2712.10,2789.50,2663.20,2738.10,2364337664.00,29778823168.00
2000-06-01,2746.30,2810.10,2697.20,2752.10,2300222464.00,28591927296.00
2000-06-02,2795.90,2860.50,2739.40,2806.40,2899981312.00,33933459456.00
2000-06-05,2902.10,2973.10,2804.20,2853.90,3650558976.00,40991182848.00
2000-06-06,2876.60,2957.00,2830.40,2922.80,2642572544.00,32959072256.00
2000-06-07,2942.00,2998.50,2884.40,2939.00,2494531840.00,31265558528.00
2000-06-08,2954.00,3008.20,2884.20,2941.10,2445861888.00,32168462336.00
2000-06-09,2913.40,2963.80,2840.60,2874.90,2241842688.00,27456909312.00
2000-06-12,2813.30,2881.50,2758.30,2841.70,1888360320.00,23316539392.00
2000-06-13,2815.40,2881.50,2775.00,2845.40,2044923904.00,25128253440.00
2000-06-14,2854.20,2905.90,2797.10,2838.20,2504221952.00,29963284480.00
2000-06-15,2820.30,2875.20,2774.70,2831.80,2107711232.00,26091014144.00
2000-06-16,2833.20,2883.50,2768.90,2806.60,2284740352.00,28574154752.00
2000-06-19,2763.70,2816.10,2711.50,2755.50,1883808000.00,23647406080.00
2000-06-20,2688.90,2733.00,2631.10,2670.50,1547904768.00,19367628800.00
2000-06-21,2600.60,2663.20,2571.50,2632.50,1328178816.00,18096893952.00
2000-06-22,2595.00,2640.50,2553.90,2594.60,1529157888.00,20311648256.00
2000-06-23,2596.50,2661.80,2563.90,2628.50,1988042368.00,26289012736.00
2000-06-26,2663.20,2723.40,2624.40,2676.10,2229565952.00,28504983552.00
2000-06-27,2676.30,2724.70,2625.80,2671.00,2171651328.00,26439675904.00
2000-06-28,2674.10,2728.60,2634.00,2676.10,1961977088.00,25422098432.00
2000-06-29,2685.30,2726.60,2624.10,2671.10,2046890752.00,26763945984.00
2000-06-30,2682.10,2729.60,2627.50,2663.50,2032898304.00,26344906752.00
2000-07-03,2638.60,2680.30,2568.10,2610.50,1915053056.00,23999164416.00
2000-07-04,2527.00,2580.40,2496.00,2557.30,1277713280.00,16524316672.00
2000-07-05,2492.60,2536.20,2458.80,2490.40,1276509184.00,16777959424.00
2000-07-06,2441.40,2477.20,2400.10,2433.70,1327720192.00,17912229888.00
2000-07-07,2400.20,2465.50,2380.50,2438.30,1622622080.00,20382828544.00
2000-07-10,2468.50,2526.50,2429.50,2489.40,2255736832.00,27332089856.00
2000-07-11,2512.50,2566.50,2465.10,2518.40,2181165568.00,27173099520.00
2000-07-12,2541.50,2597.20,2503.40,2553.70,2188152832.00,27170988032.00
2000-07-13,2647.00,2710.60,2588.90,2639.50,2847680256.00,37327314944.00
2000-07-14,2668.60,2727.60,2620.30,2679.40,2339127552.00,30266789888.00
2000-07-17,2695.80,2743.10,2642.60,2675.60,2353863936.00,28513808384.00
2000-07-18,2638.40,2691.80,2605.20,2656.00,1664527616.00,21727377408.00
2000-07-19,2638.40,2677.60,2596.30,2632.70,1708707584.00,22757013504.00
2000-07-20,2615.60,2654.10,2567.10,2607.80,1708691072.00,23379808256.00
2000-07-21,2573.00,2620.00,2541.00,2578.30,1635655552.00,21227614208.00
2000-07-24,2563.30,2598.70,2514.50,2552.60,1826331264.00,22848651264.00
2000-07-25,2517.60,2563.40,2485.00,2528.10,1532625920.00,20310171648.00
2000-07-26,2513.20,2562.10,2484.80,2528.90,1765178624.00,22601426944.00
2000-07-27,2565.50,2609.10,2521.00,2554.40,2219562752.00,28487821312.00
2000-07-28,2561.30,2604.20,2522.60,2562.50,2007637376.00,25331757056.00
2000-07-31,2595.30,2642.40,2553.30,2605.40,2182801664.00,28428658688.00
2000-08-01,2578.10,2620.40,2544.40,2579.40,1668590976.00,21654487040.00
2000-08-02,2552.60,2590.20,2513.80,2555.00,1673256960.00,21733025792.00
2000-08-03,2572.90,2621.30,2539.00,2578.70,2098137344.00,27021494272.00
2000-08-04,2601.00,2639.70,2545.50,2580.30,2103832832.00,28029974528.00
2000-08-07,2586.80,2639.00,2548.70,2609.90,1910977024.00,25954572288.00
2000-08-08,2615.30,2664.80,2582.50,2628.10,1904005120.00,26163460096.00
2000-08-09,2659.10,2707.00,2621.40,2665.90,2115782656.00,29545103360.00
2000-08-10,2718.30,2760.40,2671.60,2712.80,2245432832.00,31865724928.00
2000-08-11,2722.60,2765.30,2679.10,2716.00,1887752576.00,27501074432.00
2000-08-14,2708.80,2758.40,2678.10,2724.20,1807800448.00,25272748032.00
2000-08-15,2694.50,2735.30,2655.70,2693.00,1611512320.00,22567258112.00
2000-08-16,2676.40,2717.30,2640.10,2679.20,1739092736.00,23800131584.00
2000-08-17,2665.10,2707.30,2632.00,2666.40,1758282880.00,23892899840.00
2000-08-18,2649.60,2689.00,2615.80,2651.10,1740643968.00,23457089536.00
2000-08-21,2695.90,2748.30,2661.00,2713.50,2343400192.00,30950248448.00
2000-08-22,2733.60,2772.00,2661.30,2677.90,2140002048.00,28453715968.00
2000-08-23,2777.60,2834.70,2645.20,2781.90,3129189632.00,40913502208.00
2000-08-24,2801.60,2859.00,2757.00,2821.40,2239036928.00,30504984576.00
2000-08-25,2793.80,2841.60,2760.50,2813.90,1719848576.00,24101660672.00
2000-08-28,2810.30,2861.30,2776.90,2830.70,1959899904.00,26356492288.00
2000-08-29,2810.80,2853.60,2769.40,2812.20,1811548032.00,24857131008.00
2000-08-30,2797.50,2828.20,2732.30,2757.20,1839002368.00,25794127872.00
2000-08-31,2736.80,2766.80,2660.80,2679.90,2064253184.00,27111868416.00
2000-09-01,2628.40,2680.00,2593.30,2620.50,1613000448.00,21929656320.00
2000-09-04,2568.00,2622.10,2531.20,2599.50,1425693696.00,18919866368.00
2000-09-05,2547.30,2580.70,2463.10,2486.20,1346217984.00,18008532992.00
2000-09-06,2434.80,2476.40,2375.30,2402.10,1439188480.00,19062331392.00
2000-09-07,2339.70,2405.70,2324.60,2367.70,1172285696.00,15466443776.00
2000-09-08,2307.10,2342.00,2272.50,2309.50,1067566656.00,14491644928.00
2000-09-11,2253.20,2292.80,2219.10,2264.50,1110719744.00,14532999168.00
2000-09-12,2207.90,2244.80,2176.10,2218.90,1067763072.00,14300300288.00
2000-09-13,2189.70,2228.70,2160.90,2198.10,1342327680.00,17600382976.00
2000-09-14,2147.30,2174.60,2111.30,2137.60,1096409088.00,14587606016.00
2000-09-15,2079.50,2109.10,2050.80,2083.80,963369088.00,13300501504.00
2000-09-18,2035.00,2057.80,1985.10,2000.40,977748288.00,13226919936.00
2000-09-19,1967.30,1985.70,1909.20,1934.00,1287929984.00,15992697856.00
2000-09-20,1898.80,1942.70,1872.70,1919.50,1059951168.00,14267932672.00
2000-09-21,1876.20,1900.00,1839.30,1856.20,921929728.00,12423103488.00
2000-09-22,1806.90,1829.70,1774.00,1793.60,871871872.00,11720335360.00
2000-09-25,1729.40,1754.00,1698.20,1715.10,707205824.00,9235749888.00
2000-09-26,1679.50,1710.10,1658.00,1686.20,773269760.00,10805242880.00
2000-09-27,1633.80,1665.50,1616.70,1653.50,682105792.00,9466502144.00
2000-09-28,1612.20,1628.00,1575.20,1589.70,727532608.00,10106802176.00
2000-09-29,1558.10,1594.30,1548.10,1578.50,708800384.00,10248910848.00
2000-10-09,1556.60,1582.50,1527.50,1564.20,790113088.00,10884339712.00
2000-10-10,1563.50,1597.30,1546.10,1583.40,999982912.00,13787128832.00
2000-10-11,1587.30,1609.60,1559.50,1580.00,1073131008.00,14722028544.00
2000-10-12,1588.40,1616.20,1561.10,1589.10,1160670592.00,15620104192.00
2000-10-13,1593.10,1620.60,1564.30,1582.70,1107485056.00,15153951744.00
2000-10-16,1567.10,1590.90,1535.90,1557.50,959333504.00,12676720640.00
2000-10-17,1521.40,1547.00,1500.60,1526.40,742162560.00,9957918720.00
2000-10-18,1533.40,1562.40,1514.10,1542.50,931812736.00,14159275008.00
2000-10-19,1523.90,1541.70,1496.10,1510.80,842893760.00,11785125888.00
2000-10-20,1559.00,1600.10,1537.90,1580.70,1274855296.00,19656411136.00
2000-10-23,1627.10,1659.60,1604.20,1638.20,1328615808.00,19008094208.00
2000-10-24,1639.60,1662.90,1613.40,1640.40,1032632000.00,14949533696.00
2000-10-25,1693.90,1729.70,1672.70,1703.90,1442720896.00,21516595200.00
2000-10-26,1707.40,1728.90,1679.40,1697.20,1126515840.00,15942086656.00
2000-10-27,1692.20,1718.60,1671.50,1698.00,1081495936.00,15008772096.00
2000-10-30,1719.30,1749.80,1693.90,1724.20,1268222080.00,17791182848.00
2000-10-31,1723.80,1748.30,1691.00,1708.40,1140542464.00,15654292480.00
2000-11-01,1700.00,1735.00,1683.50,1718.90,1037346240.00,14997492736.00
2000-11-02,1734.10,1764.10,1714.50,1735.30,1281602816.00,17554626560.00
2000-11-03,1727.20,1750.20,1702.50,1722.20,1070828928.00,14896801792.00
2000-11-06,1735.30,1767.20,1714.50,1742.50,1192713856.00,16940277760.00
2000-11-07,1730.60,1755.00,1709.20,1733.30,1041121088.00,14636755968.00
2000-11-08,1735.60,1763.50,1716.40,1745.00,1110733696.00,16074518528.00
2000-11-09,1814.60,1849.20,1793.70,1830.30,1637632256.00,23879796736.00
2000-11-10,1946.60,1983.50,1919.60,1952.60,2070285568.00,30001731584.00
2000-11-13,2060.70,2106.60,2037.00,2079.60,2086332288.00,30185304064.00
2000-11-14,2150.50,2189.80,2115.90,2165.20,1877638656.00,27263139840.00
2000-11-15,2229.10,2266.80,2194.70,2225.60,1943231872.00,27582457856.00
2000-11-16,2283.40,2329.70,2259.60,2299.90,1924464384.00,27899891712.00
2000-11-17,2330.80,2365.50,2293.20,2323.30,1841822336.00,25305622528.00
2000-11-20,2364.40,2409.10,2328.70,2381.10,1827785344.00,25890344960.00
2000-11-21,2390.00,2430.40,2357.00,2381.00,1666557952.00,23340761088.00
2000-11-22,2390.20,2437.70,2366.20,2414.90,1620279040.00,23496241152.00
2000-11-23,2460.00,2500.30,2425.20,2459.10,1903866368.00,27236284416.00
2000-11-24,2529.00,2559.10,2416.40,2442.70,2248157952.00,31643951104.00
2000-11-27,2417.00,2472.00,2384.00,2434.30,1515787264.00,21718169600.00
2000-11-28,2397.90,2449.20,2382.50,2427.70,1260693760.00,18009907200.00
2000-11-29,2408.40,2433.10,2359.30,2390.50,1348795136.00,19998521344.00
2000-11-30,2344.00,2377.00,2313.70,2345.90,1143585664.00,16786390016.00
2000-12-01,2306.70,2346.10,2284.10,2318.40,1202363904.00,17041362944.00
2000-12-04,2294.70,2332.40,2268.00,2307.30,1324724352.00,18436255744.00
2000-12-05,2274.70,2301.40,2240.70,2266.30,1207017344.00,17237272576.00
2000-12-06,2266.00,2293.30,2219.00,2240.90,1410729984.00,20350828544.00
2000-12-07,2212.00,2243.80,2178.20,2211.30,1271037568.00,18181095424.00
2000-12-08,2190.00,2226.30,2163.70,2190.20,1183069184.00,17249445888.00
2000-12-11,2162.30,2187.20,2111.30,2134.60,1155958784.00,16911690752.00
2000-12-12,2104.80,2150.10,2081.70,2127.20,1305752320.00,16003795968.00
2000-12-13,2086.90,2115.20,2060.30,2087.10,1049088704.00,14881321984.00
2000-12-14,2032.30,2056.70,2005.30,2025.30,880129728.00,12513276928.00
2000-12-15,1989.70,2011.90,1955.00,1976.90,931015360.00,13843045376.00
2000-12-18,1962.40,1991.20,1926.30,1966.40,1063245184.00,16100194304.00
2000-12-19,1965.50,1996.20,1940.60,1964.10,1035240256.00,16734350336.00
2000-12-20,1965.50,2004.10,1945.40,1984.80,1186488576.00,18094211072.00
2000-12-21,2004.40,2037.40,1979.70,2002.70,1311364864.00,19932053504.00
2000-12-22,2024.40,2051.10,1991.20,2016.30,1269262976.00,20179519488.00
2000-12-25,2034.80,2064.40,2002.80,2030.10,1326569472.00,20052918272.00
2000-12-26,2035.00,2067.80,2009.20,2042.50,1215887232.00,18558425088.00
2000-12-27,2041.80,2063.70,2000.90,2020.30,1204448640.00,18330228736.00
2000-12-28,2012.60,2041.80,1985.00,2011.40,1136392960.00,17743255552.00
2000-12-29,2009.90,2050.20,1992.80,2029.70,1175857536.00,17683306496.00
2001-01-02,2055.30,2100.50,2032.60,2082.30,1418510080.00,21374531584.00
2001-01-03,2167.00,2210.70,2141.90,2184.20,1915979264.00,28946808832.00
2001-01-04,2218.60,2247.00,2184.70,2211.70,1666057088.00,24241127424.00
2001-01-05,2247.80,2286.90,2221.40,2259.50,1688180736.00,24604966912.00
2001-01-08,2320.50,2345.60,2257.30,2288.20,1922571904.00,27029727232.00
2001-01-09,2270.40,2303.30,2233.60,2269.20,1373370240.00,19118192640.00
2001-01-10,2278.90,2330.20,2260.10,2308.10,1564135936.00,22275411968.00
2001-01-11,2344.10,2373.30,2306.00,2329.70,1741177344.00,25497974784.00
2001-01-12,2323.70,2350.30,2281.90,2309.40,1424708992.00,20564715520.00
2001-01-15,2314.10,2326.90,2225.40,2242.30,1570582784.00,22846164992.00
2001-01-16,2196.70,2251.20,2163.70,2228.10,1278255616.00,17360222208.00
2001-01-17,2163.20,2186.10,2129.90,2149.50,911583680.00,12604403712.00
2001-01-18,2110.50,2144.30,2093.00,2117.00,1028477440.00,14535142400.00
2001-01-19,2086.50,2124.50,2075.00,2106.70,1122192256.00,15443144704.00
2001-02-05,2061.90,2076.60,1982.40,1998.00,964225024.00,13212157952.00
2001-02-06,1948.10,1968.30,1894.50,1945.80,983795712.00,13129388032.00
2001-02-07,1870.20,1887.00,1837.60,1853.90,708468352.00,8841564160.00
2001-02-08,1818.90,1839.00,1759.40,1772.70,878976640.00,12455436288.00
2001-02-09,1749.20,1791.70,1736.60,1770.80,950250496.00,12642991104.00
2001-02-12,1732.90,1751.30,1699.00,1734.70,859075328.00,11172483072.00
2001-02-13,1681.70,1703.80,1665.30,1682.10,695114048.00,9164697600.00
2001-02-14,1616.20,1632.50,1599.60,1618.10,548731456.00,7236623872.00
2001-02-15,1557.40,1570.40,1531.70,1541.60,551973248.00,7341613568.00
2001-02-16,1505.60,1521.70,1475.40,1509.90,769630592.00,9949585408.00
2001-02-19,1472.90,1499.40,1456.70,1489.10,651101184.00,8912206848.00
2001-02-20,1476.50,1496.80,1453.30,1466.00,815741376.00,11238008832.00
2001-02-21,1469.50,1478.20,1424.60,1441.10,1066508736.00,13624582144.00
2001-02-22,1407.40,1435.50,1391.30,1412.50,744337728.00,9649575936.00
2001-02-23,1391.00,1419.20,1377.40,1411.40,800649088.00,10090071040.00
2001-02-26,1412.00,1434.80,1397.00,1424.60,959723904.00,12210795520.00
2001-02-27,1417.00,1434.70,1399.10,1422.50,897698176.00,11602707456.00
2001-02-28,1409.40,1423.00,1387.50,1404.70,755992768.00,10525298688.00
2001-03-01,1414.80,1434.00,1400.00,1419.40,1137248000.00,12263061504.00
2001-03-02,1434.70,1457.00,1425.60,1443.80,1102628480.00,13974836224.00
2001-03-05,1441.90,1456.00,1423.50,1438.00,901613056.00,11931604992.00
2001-03-06,1439.10,1455.90,1422.20,1443.40,954561088.00,12820855808.00
2001-03-07,1442.20,1459.20,1428.80,1443.50,965143872.00,12393816064.00
2001-03-08,1449.70,1469.70,1437.00,1456.40,982514432.00,13276723200.00
2001-03-09,1504.30,1526.60,1487.40,1508.00,1360348032.00,17649121280.00
2001-03-12,1518.30,1537.80,1499.60,1521.20,996068736.00,13956472832.00
2001-03-13,1511.60,1525.50,1487.60,1502.50,892584576.00,12522712064.00
2001-03-14,1494.40,1521.40,1485.10,1512.00,901976448.00,12681442304.00
2001-03-15,1537.60,1558.10,1523.40,1541.20,1154275072.00,15970652160.00
2001-03-16,1560.90,1578.70,1542.00,1560.10,1131856896.00,15807525888.00
2001-03-19,1593.90,1618.70,1577.40,1604.70,1259491328.00,17500221440.00
2001-03-20,1625.30,1648.40,1609.60,1632.00,1171572096.00,16308219904.00
2001-03-21,1672.40,1697.30,1657.10,1682.80,1383985408.00,18856730624.00
2001-03-22,1767.50,1795.80,1750.90,1776.40,1815487872.00,24223293440.00
2001-03-23,1850.10,1867.80,1808.50,1819.20,1753320704.00,23747846144.00
2001-03-26,1842.00,1887.30,1833.30,1876.50,1362526592.00,19087947776.00
2001-03-27,1933.20,1961.70,1913.00,1942.30,1562507904.00,22599892992.00
2001-03-28,1983.60,2005.40,1958.00,1984.00,1499578368.00,21686611968.00
2001-03-29,2015.30,2039.60,1992.30,2011.80,1468311936.00,21308809216.00
2001-03-30,2022.70,2050.80,2004.70,2035.30,1341012480.00,19627544576.00
2001-04-02,2076.20,2105.80,2057.00,2082.90,1568509312.00,22591885312.00
2001-04-03,2083.70,2103.00,2053.30,2078.40,1310927232.00,18630959104.00
2001-04-04,2100.50,2120.30,2049.90,2065.80,1537662336.00,21392596992.00
2001-04-05,2043.50,2083.30,2030.30,2075.40,1186704256.00,16729460736.00
2001-04-06,2059.30,2080.60,2035.10,2052.60,1113516032.00,16039146496.00
2001-04-09,2044.00,2071.90,2021.60,2055.10,1234986112.00,17069467648.00
2001-04-10,2040.80,2068.50,2023.50,2048.90,1126787712.00,16045300736.00
2001-04-11,2037.80,2058.50,2014.40,2037.80,1169324800.00,16640801792.00
2001-04-12,2101.00,2133.00,2075.30,2102.70,1638864640.00,25167644672.00
2001-04-13,2117.60,2146.10,2098.60,2128.40,1359322496.00,20546961408.00
2001-04-16,2230.70,2271.80,2210.00,2250.20,1998516480.00,30367604736.00
2001-04-17,2333.70,2365.70,2301.10,2335.70,1934989440.00,29642358784.00
2001-04-18,2384.40,2413.10,2347.40,2374.60,1780249216.00,26265243648.00
2001-04-19,2405.40,2439.10,2366.00,2410.70,1688717696.00,25846159360.00
2001-04-20,2475.80,2514.40,2427.50,2445.60,1978279168.00,29945407488.00
2001-04-23,2459.90,2497.30,2423.20,2462.00,1679270400.00,24853315584.00
2001-04-24,2431.90,2473.10,2411.80,2445.00,1291282688.00,19223560192.00
2001-04-25,2452.00,2474.10,2379.70,2398.30,1563371392.00,23155791872.00
2001-04-26,2360.60,2395.40,2329.50,2351.40,1200369024.00,18044624896.00
2001-04-27,2296.10,2335.10,2281.70,2309.30,1017536128.00,14848063488.00
2001-04-30,2254.20,2285.80,2231.40,2258.20,909006912.00,13899758592.00
2001-05-08,2185.10,2221.80,2167.00,2202.70,709331456.00,11045122048.00
2001-05-09,2155.40,2181.90,2125.80,2150.00,918057472.00,14142006272.00
2001-05-10,2114.00,2147.10,2095.70,2125.50,970523200.00,14804379648.00
2001-05-11,2095.30,2121.50,2072.90,2100.80,984554688.00,14532358144.00
2001-05-14,2131.20,2167.30,2110.00,2148.30,1454258304.00,22064134144.00
2001-05-15,2185.40,2217.90,2158.00,2190.50,1496348672.00,22658801664.00
2001-05-16,2222.30,2252.00,2193.80,2224.10,1473766144.00,23242201088.00
2001-05-17,2250.70,2276.90,2218.60,2243.20,1484453632.00,23187730432.00
2001-05-18,2294.70,2336.30,2267.90,2312.20,1483482368.00,25057712128.00
2001-05-21,2377.90,2414.70,2347.10,2382.50,1864669440.00,28398546944.00
2001-05-22,2377.20,2405.50,2345.60,2373.30,1369537152.00,20844324864.00
2001-05-23,2380.30,2406.30,2333.00,2369.60,1517366272.00,22685431808.00
2001-05-24,2372.70,2407.00,2344.60,2372.50,1411759232.00,21709508608.00
2001-05-25,2354.40,2381.50,2317.80,2346.40,1282925824.00,19093667840.00
2001-05-28,2345.70,2373.80,2302.20,2330.90,1367777408.00,20268068864.00
2001-05-29,2289.10,2324.90,2265.20,2293.50,1091379072.00,16101383168.00
2001-05-30,2271.90,2314.40,2254.80,2298.30,1194875392.00,18075897856.00
2001-05-31,2305.30,2334.90,2275.30,2303.00,1394842240.00,20643352576.00
2001-06-01,2318.40,2352.30,2290.20,2321.10,1525598080.00,22587160576.00
2001-06-04,2357.10,2393.80,2328.50,2362.10,1715407232.00,25417889792.00
2001-06-05,2379.70,2412.40,2353.70,2383.90,1599667328.00,23701133312.00
2001-06-06,2414.30,2445.30,2380.90,2416.00,1676983552.00,25530920960.00
2001-06-07,2413.20,2438.90,2378.90,2401.70,1465294976.00,21969567744.00
2001-06-08,2396.40,2422.30,2360.20,2390.40,1332237312.00,20864550912.00
2001-06-11,2372.20,2403.30,2341.50,2369.10,1322265600.00,19594969088.00
2001-06-12,2357.20,2396.60,2337.10,2372.40,1298050816.00,20192663552.00
2001-06-13,2390.60,2430.20,2368.20,2407.60,1575926016.00,24041877504.00
2001-06-14,2447.70,2471.00,2385.70,2399.80,1787896704.00,27146174464.00
2001-06-15,2397.80,2443.30,2373.50,2418.70,1442075520.00,22244106240.00
2001-06-18,2442.80,2463.80,2367.90,2392.30,1581317376.00,24069746688.00
2001-06-19,2334.80,2372.00,2309.30,2344.60,1046914304.00,15768386560.00
2001-06-20,2280.40,2308.30,2251.40,2270.30,921759616.00,13622273024.00
2001-06-21,2206.60,2246.00,2194.10,2232.20,878674560.00,12915852288.00
2001-06-22,2198.40,2230.60,2179.60,2211.30,1167164672.00,15991695360.00
2001-06-25,2229.80,2267.50,2210.00,2247.10,1638156544.00,21422886912.00
2001-06-26,2271.80,2299.20,2244.80,2273.80,1564325760.00,22404839424.00
2001-06-27,2261.30,2285.50,2233.30,2257.80,1341624576.00,19187877888.00
2001-06-28,2248.40,2274.30,2217.90,2236.70,1291160448.00,18619256832.00
2001-06-29,2196.00,2221.00,2174.20,2192.20,964970304.00,14253961216.00
2001-07-02,2151.20,2170.90,2120.10,2136.50,921980096.00,14069497856.00
2001-07-03,2076.40,2098.70,2050.70,2080.40,839177536.00,12350695424.00
2001-07-04,2014.60,2032.90,1991.10,2005.80,737238272.00,10901594112.00
2001-07-05,1966.80,1981.50,1932.50,1946.90,918592256.00,13484293120.00
2001-07-06,1901.30,1920.50,1878.70,1891.80,844735808.00,12235550720.00
2001-07-09,1841.00,1865.80,1822.60,1847.10,774276096.00,11389539328.00
2001-07-10,1807.60,1834.60,1796.90,1822.30,808441472.00,11878963200.00
2001-07-11,1784.80,1797.10,1754.60,1766.40,767682240.00,11301683200.00
2001-07-12,1727.00,1745.20,1707.80,1729.20,770784064.00,11265260544.00
2001-07-13,1695.90,1716.30,1677.20,1688.40,725846336.00,11213021184.00
2001-07-16,1715.60,1735.60,1675.10,1690.60,1102474112.00,16652177408.00
2001-07-17,1667.70,1684.40,1635.60,1664.00,863179776.00,12552629248.00
2001-07-18,1619.80,1637.50,1601.10,1620.10,613002112.00,9299930112.00
2001-07-19,1573.10,1591.10,1555.40,1577.90,594228288.00,8817160192.00
2001-07-20,1609.00,1643.70,1596.30,1629.10,1158549376.00,17219520512.00
2001-07-23,1649.80,1667.40,1625.50,1643.20,1118628480.00,16516669440.00
2001-07-24,1643.90,1655.90,1610.40,1627.60,1033624256.00,15339804672.00
2001-07-25,1603.30,1620.80,1577.40,1590.80,835478464.00,12234288128.00
2001-07-26,1572.80,1589.10,1543.60,1559.00,812665536.00,11715147776.00
2001-07-27,1544.20,1561.50,1507.40,1519.80,831928896.00,12016970752.00
2001-07-30,1536.90,1544.60,1451.20,1463.70,1176592256.00,15392230400.00
2001-07-31,1452.00,1498.60,1421.70,1445.10,988667264.00,12977120256.00
2001-08-01,1451.60,1506.50,1444.30,1497.90,975329216.00,12943311872.00
2001-08-02,1486.10,1495.40,1421.70,1464.60,877293696.00,11485769728.00
2001-08-03,1421.70,1442.70,1403.70,1425.20,608007104.00,8061136896.00
2001-08-06,1420.70,1427.90,1354.80,1374.30,911460864.00,11759038464.00
2001-08-07,1362.50,1402.10,1341.80,1386.50,832944512.00,11005974528.00
2001-08-08,1370.30,1387.50,1346.80,1365.10,1207922816.00,9908017152.00
2001-08-09,1343.40,1374.70,1335.20,1366.10,824194688.00,9600776192.00
2001-08-10,1378.00,1405.60,1367.50,1391.60,1004657984.00,12811360256.00
2001-08-13,1374.90,1391.00,1357.40,1375.50,758876480.00,10009479168.00
2001-08-14,1358.20,1372.00,1329.40,1347.00,751640704.00,9971015680.00
2001-08-15,1308.80,1325.90,1296.60,1315.40,545726976.00,7285724672.00
2001-08-16,1285.70,1295.30,1260.30,1267.10,598413440.00,7879861248.00
2001-08-17,1228.20,1244.40,1214.90,1232.80,521175648.00,6786091008.00
2001-08-20,1203.40,1221.00,1192.00,1211.50,533996000.00,6884449280.00
2001-08-21,1187.80,1203.40,1178.00,1189.60,565960704.00,7513629696.00
2001-08-22,1188.60,1195.00,1158.30,1173.30,827090496.00,10296915968.00
2001-08-23,1159.90,1178.90,1141.60,1169.00,657544448.00,9144711168.00
2001-08-24,1157.20,1171.40,1136.70,1144.90,636788160.00,8593504256.00
2001-08-27,1160.20,1168.90,1121.00,1131.10,908518016.00,12060118016.00
2001-08-28,1123.10,1151.30,1104.40,1144.10,735611136.00,9686064128.00
2001-08-29,1141.40,1159.60,1126.00,1139.40,690513728.00,9244697600.00
2001-08-30,1102.20,1114.30,1086.90,1098.10,467326496.00,5951917056.00
2001-08-31,1059.70,1072.10,1047.90,1056.40,383356544.00,4990377984.00
2001-09-03,1034.70,1045.30,1015.60,1025.80,532668800.00,6629292032.00
2001-09-04,1032.40,1065.40,1026.80,1060.00,739712000.00,9977609216.00
2001-09-05,1078.30,1096.00,1066.00,1076.80,800353664.00,10744954880.00
2001-09-06,1061.90,1074.40,1047.50,1058.90,560060288.00,7524025344.00
2001-09-07,1063.20,1070.70,1027.20,1032.60,787780800.00,9880706048.00
2001-09-10,1035.60,1089.60,1021.10,1079.40,851335872.00,10826099712.00
2001-09-11,1080.30,1096.80,1066.30,1081.90,730976128.00,9471642624.00
2001-09-12,1092.90,1125.40,1072.90,1111.70,1186792832.00,13642802176.00
2001-09-13,1090.00,1105.30,1076.50,1084.40,563781568.00,7096117760.00
2001-09-14,1072.60,1086.10,1050.40,1059.10,695081024.00,8236007936.00
2001-09-17,1052.80,1065.20,1030.20,1040.50,750676352.00,8721003520.00
2001-09-18,1018.80,1045.40,1009.50,1028.20,517940608.00,6374078976.00
2001-09-19,1016.60,1035.20,999.80,1028.20,564494592.00,7291784704.00
2001-09-20,1028.30,1042.30,1012.30,1022.90,676187200.00,8458158080.00
2001-09-21,995.60,1006.50,982.80,991.70,491403296.00,5951985152.00
2001-09-24,961.50,973.10,948.70,957.20,403974880.00,4982692864.00
2001-09-25,936.50,948.50,921.90,929.80,433112992.00,5337401344.00
2001-09-26,920.20,927.90,900.40,907.00,576102080.00,6592558080.00
2001-09-27,892.70,908.60,879.20,894.10,542416768.00,6336816640.00
2001-09-28,882.00,893.30,865.80,878.30,508000256.00,6016203264.00
2001-10-08,858.10,867.40,831.10,840.00,426673760.00,4875342336.00
2001-10-09,818.10,840.20,811.60,831.20,434638720.00,4908518400.00
2001-10-10,833.90,839.20,797.90,806.60,604993600.00,7130123776.00
2001-10-11,818.00,831.50,789.00,800.40,696081664.00,7834249728.00
2001-10-12,846.60,885.60,818.30,872.10,1057550016.00,11936661504.00
2001-10-15,875.10,888.80,855.80,873.40,666939200.00,7637655552.00
2001-10-16,860.80,868.50,834.30,844.40,514068096.00,5800631296.00
2001-10-17,822.20,834.50,806.80,817.70,435757920.00,4891582464.00
2001-10-18,804.70,815.00,782.80,790.80,501640640.00,5473025024.00
2001-10-19,813.00,821.70,776.50,792.80,860578560.00,9169625088.00
2001-10-22,787.70,802.00,762.70,773.00,678664640.00,6762392576.00
2001-10-23,978.30,994.40,959.30,993.40,2082203520.00,22712473600.00
2001-10-24,1264.10,1291.60,1218.50,1257.40,2967021056.00,34390839296.00
2001-10-25,1300.60,1321.60,1258.40,1280.60,1410748416.00,16901725184.00
2001-10-26,1269.50,1295.30,1246.30,1276.60,930374464.00,10604518400.00
2001-10-29,1260.50,1287.60,1248.80,1274.70,811106240.00,9145997312.00
2001-10-30,1241.10,1250.90,1216.10,1226.10,623092352.00,6933597696.00
2001-10-31,1187.60,1205.90,1166.70,1198.40,626730560.00,6841056768.00
2001-11-01,1198.40,1221.90,1185.90,1206.80,918682496.00,10046116864.00
2001-11-02,1173.10,1185.30,1155.10,1164.80,651946560.00,6921457152.00
2001-11-05,1125.10,1135.40,1104.80,1117.80,546118528.00,5800821248.00
2001-11-06,1079.40,1093.80,1067.00,1076.70,533435520.00,5481027584.00
2001-11-07,1077.40,1083.90,1018.00,1026.10,888697344.00,9299641344.00
2001-11-08,998.10,1036.80,981.70,1027.00,742329408.00,7447149056.00
2001-11-09,1020.80,1050.80,1001.50,1039.40,748711808.00,8204107264.00
2001-11-12,1012.30,1025.90,992.70,1003.90,559938112.00,5909741056.00
2001-11-13,965.90,984.10,953.20,970.00,521137184.00,5295858688.00
2001-11-14,937.40,951.90,927.90,936.80,417202816.00,4422544896.00
2001-11-15,903.90,915.00,892.80,904.40,377046912.00,4043663872.00
2001-11-16,1054.00,1068.60,996.00,1002.90,1524605440.00,17603684352.00
2001-11-19,992.30,1013.40,983.50,1007.30,684571264.00,7405304320.00
2001-11-20,1059.20,1088.50,1051.50,1077.50,1317273216.00,14283656192.00
2001-11-21,1100.80,1117.20,1087.00,1107.60,1094799488.00,11793242112.00
2001-11-22,1128.00,1146.60,1115.90,1138.10,1128818560.00,11956232192.00
2001-11-23,1145.70,1159.20,1130.30,1143.60,1031244608.00,10824446976.00
2001-11-26,1125.50,1138.00,1111.10,1126.50,766177024.00,8054499328.00
2001-11-27,1114.80,1133.60,1107.90,1127.80,779106304.00,8474648064.00
2001-11-28,1162.50,1180.80,1154.30,1168.30,1185394176.00,13267265536.00
2001-11-29,1185.50,1200.40,1171.40,1184.80,1077650304.00,11917263872.00
2001-11-30,1190.10,1208.30,1182.50,1200.80,989197760.00,11001268224.00
2001-12-03,1235.50,1255.90,1226.90,1243.70,1233918336.00,13998268416.00
2001-12-04,1260.60,1274.90,1245.60,1266.50,1124557568.00,12485749760.00
2001-12-05,1310.20,1326.80,1283.80,1292.00,1472916864.00,16302602240.00
2001-12-06,1300.60,1326.60,1291.00,1316.30,1126561664.00,12808509440.00
2001-12-07,1305.60,1322.00,1288.60,1300.70,995261312.00,10544931840.00
2001-12-10,1271.30,1285.00,1254.20,1274.70,775240064.00,8077444096.00
2001-12-11,1250.40,1261.50,1229.20,1236.70,784683904.00,8404884480.00
2001-12-12,1218.60,1232.00,1200.80,1209.60,812429376.00,9029351424.00
2001-12-13,1193.10,1206.30,1169.70,1176.10,845845824.00,8853274624.00
2001-12-14,1149.50,1165.30,1133.30,1143.90,733602496.00,7608624128.00
2001-12-17,1110.50,1124.60,1094.50,1105.40,568411904.00,6157987328.00
2001-12-18,1091.10,1112.10,1079.20,1105.90,694847104.00,7553030656.00
2001-12-19,1089.10,1099.70,1069.90,1077.50,668362304.00,7439632896.00
2001-12-20,1073.80,1078.70,1041.80,1051.10,836324544.00,9028591616.00
2001-12-21,1025.40,1043.30,1016.20,1035.40,577633536.00,6297420800.00
2001-12-24,1020.40,1027.40,991.00,1000.10,626995584.00,6881155072.00
2001-12-25,982.90,997.90,969.00,987.40,649199168.00,6656190464.00
2001-12-26,975.20,993.50,965.30,987.90,668238784.00,7164556288.00
2001-12-27,989.50,1001.90,973.90,983.70,800103744.00,8555648000.00
2001-12-28,983.00,997.90,969.50,987.30,764795008.00,8386311680.00
2001-12-31,987.50,1003.00,973.80,989.00,731484672.00,8248579584.00
2002-01-04,951.40,958.10,928.00,935.70,461063168.00,4693999104.00
2002-01-07,899.10,906.70,882.00,895.60,448390304.00,4434331648.00
2002-01-08,867.70,879.40,855.60,860.90,412589056.00,4571971072.00
2002-01-09,841.20,848.30,821.50,830.20,558971712.00,5523149312.00
2002-01-10,833.80,853.70,811.80,845.80,776135808.00,7826876416.00
2002-01-11,835.50,840.00,810.20,814.50,738583552.00,6272960000.00
2002-01-14,811.80,820.90,786.70,794.60,836732224.00,7741621248.00
2002-01-15,791.50,809.80,775.10,784.10,772153728.00,7157479936.00
2002-01-16,793.80,814.60,775.50,803.10,866522944.00,7895177216.00
2002-01-17,801.60,806.90,760.80,768.00,807772992.00,7109524992.00
2002-01-18,784.00,811.90,762.00,792.70,1114951296.00,9693849600.00
2002-01-21,788.70,799.20,759.00,768.40,851562560.00,7017754112.00
2002-01-22,777.40,809.90,764.80,781.40,983404224.00,8239433728.00
2002-01-23,820.40,882.20,808.00,879.00,1470072320.00,11850172416.00
2002-01-24,951.90,992.40,923.50,968.90,2076648832.00,17248606208.00
2002-01-25,976.60,1003.50,964.60,984.20,1258680576.00,10302786560.00
2002-01-28,1015.50,1027.80,945.90,952.30,1559239040.00,12497125376.00
2002-01-29,939.70,994.60,928.30,981.90,1098632576.00,8673584128.00
2002-01-30,970.20,992.90,954.70,977.70,970534016.00,7356012032.00
2002-01-31,1125.70,1203.30,1118.00,1188.80,2729924352.00,24916361216.00
2002-02-01,1249.90,1279.80,1227.00,1245.80,1956240512.00,18085961728.00
2002-02-04,1248.10,1285.60,1233.20,1277.10,1348224640.00,11907493888.00
2002-02-05,1295.60,1318.40,1276.20,1300.30,1534884096.00,13489732608.00
2002-02-06,1298.70,1311.60,1258.80,1267.40,1308333056.00,11624626176.00
2002-02-07,1278.40,1327.30,1271.70,1310.10,1480382976.00,13043758080.00
2002-02-08,1305.80,1322.80,1283.90,1291.70,1130222336.00,10401569792.00
2002-02-25,1326.30,1343.30,1299.30,1319.40,1248476544.00,11960931328.00
2002-02-26,1303.30,1321.10,1277.70,1310.30,1133435776.00,10243037184.00
2002-02-27,1295.50,1315.20,1281.10,1298.90,1167336576.00,10306955264.00
2002-02-28,1280.70,1298.20,1260.80,1271.70,1049012992.00,9703568384.00
2002-03-01,1245.40,1256.00,1219.30,1227.00,997661824.00,8655083520.00
2002-03-04,1198.30,1235.20,1189.00,1229.90,985473024.00,8619209728.00
2002-03-05,1291.70,1333.70,1285.00,1319.90,1885430912.00,18128386048.00
2002-03-06,1445.00,1489.30,1431.90,1452.80,2839805184.00,26343034880.00
2002-03-07,1560.80,1619.50,1551.90,1611.60,2857220864.00,26570833920.00
2002-03-08,1813.80,1864.90,1780.20,1838.10,3988031744.00,37904240640.00
2002-03-11,1970.20,2021.90,1939.00,2007.10,3338915840.00,32649986048.00
2002-03-12,2139.50,2178.90,2083.50,2108.40,3446027008.00,34470653952.00
2002-03-13,2137.40,2187.60,2088.50,2110.80,2622775552.00,25531064320.00
2002-03-14,2111.00,2193.00,2095.00,2180.30,2169118720.00,21461159936.00
2002-03-15,2222.20,2254.90,2133.30,2146.20,2450385408.00,25243310080.00
2002-03-18,2154.60,2200.00,2099.70,2134.90,2057363200.00,18537097216.00
2002-03-19,2137.00,2204.10,2115.30,2189.00,2118673408.00,21715955712.00
2002-03-20,2255.70,2305.40,2224.90,2274.90,2825790720.00,29500164096.00
2002-03-21,2286.90,2323.80,2249.60,2283.80,2284728064.00,23203174400.00
2002-03-22,2248.60,2270.50,2200.10,2229.30,1779863168.00,18087802880.00
2002-03-25,2174.80,2210.30,2151.70,2189.40,1450569472.00,15052936192.00
2002-03-26,2145.30,2161.80,2091.50,2113.30,1538592896.00,15810159616.00
2002-03-27,2051.20,2084.10,2027.50,2067.80,1333297152.00,13215362048.00
2002-03-28,2026.00,2056.20,2000.90,2022.80,1348576640.00,14399501312.00
2002-03-29,2012.70,2025.70,1936.10,1956.20,1891878912.00,18262216704.00
2002-04-01,1889.10,1929.00,1866.40,1909.90,1188958848.00,11499683840.00
2002-04-02,1870.10,1889.00,1817.10,1838.10,1371628672.00,13205618688.00
2002-04-03,1788.70,1823.10,1770.00,1794.90,1180166144.00,11469612032.00
2002-04-04,1777.30,1839.60,1753.20,1827.90,1545050496.00,15063705600.00
2002-04-05,1829.10,1853.90,1794.20,1813.80,1699050624.00,16214356992.00
2002-04-08,1765.60,1793.30,1745.30,1772.80,1111897728.00,10943454208.00
2002-04-09,1845.50,1897.90,1830.80,1879.00,2401986048.00,24455796736.00
2002-04-10,1900.00,1930.70,1876.80,1907.00,1974521600.00,19880282112.00
2002-04-11,1901.50,1920.70,1856.90,1869.20,1669682944.00,16742461440.00
2002-04-12,1838.70,1876.80,1826.80,1851.90,1371871616.00,14073011200.00
2002-04-15,1807.00,1826.20,1775.40,1798.90,1156043136.00,11669735424.00
2002-04-16,1749.70,1774.50,1728.10,1746.70,1057855168.00,10834844672.00
2002-04-17,1698.30,1718.50,1674.40,1697.00,995676544.00,10116355072.00
2002-04-18,1668.20,1684.10,1638.90,1648.80,1161963904.00,11663992832.00
2002-04-19,1630.30,1652.80,1593.30,1639.30,1390263552.00,13359939584.00
2002-04-22,1592.50,1610.90,1568.10,1587.50,961565568.00,9552064512.00
2002-04-23,1542.40,1562.30,1524.80,1538.30,880709376.00,8779743232.00
2002-04-24,1492.80,1508.30,1468.00,1480.00,873714944.00,8641754112.00
2002-04-25,1438.80,1459.30,1422.60,1444.60,828942848.00,8294215168.00
2002-04-26,1439.60,1476.20,1431.50,1462.80,1175857280.00,11779033088.00
2002-04-29,1507.40,1543.70,1494.40,1531.70,1691307392.00,17453731840.00
2002-04-30,1568.10,1591.50,1544.70,1564.90,1625022976.00,17347190784.00
2002-05-08,1524.50,1537.10,1497.70,1509.50,860942336.00,8871199744.00
2002-05-09,1484.50,1511.10,1472.60,1491.30,1038112384.00,10495092736.00
2002-05-10,1480.40,1493.70,1455.10,1467.10,1140858752.00,11324366848.00
2002-05-13,1437.30,1450.70,1415.20,1431.30,983299776.00,10012026880.00
2002-05-14,1405.20,1426.30,1389.60,1401.40,921605376.00,9884767232.00
2002-05-15,1386.00,1400.70,1362.80,1371.50,954424256.00,10264457216.00
2002-05-16,1377.60,1387.30,1329.60,1339.80,1312775168.00,13020713984.00
2002-05-17,1342.00,1375.30,1324.80,1360.40,1188906496.00,12305491968.00
2002-05-20,1333.20,1343.20,1297.30,1321.00,877749056.00,8763261952.00
2002-05-21,1403.20,1441.40,1385.10,1421.30,1783867136.00,18475128832.00
2002-05-22,1414.20,1427.00,1381.00,1391.50,1113354496.00,11462335488.00
2002-05-23,1390.90,1416.80,1376.20,1390.00,1245433728.00,11306915840.00
2002-05-24,1365.20,1376.70,1331.90,1346.10,1011433792.00,9389264896.00
2002-05-27,1311.80,1329.10,1291.50,1312.80,683341760.00,6682304000.00
2002-05-28,1284.40,1302.30,1272.50,1283.90,739048320.00,7385333760.00
2002-05-29,1263.30,1269.20,1226.80,1237.70,897019648.00,8672311296.00
2002-05-30,1222.90,1238.60,1201.00,1224.70,909216640.00,8713867264.00
2002-05-31,1196.60,1209.40,1180.10,1189.10,728171520.00,6966432256.00
2002-06-03,1168.30,1174.60,1137.50,1148.60,857634240.00,8198356992.00
2002-06-04,1130.30,1149.70,1114.40,1135.30,807061824.00,7564023296.00
2002-06-05,1113.60,1119.50,1080.90,1089.10,792436800.00,7191783424.00
2002-06-06,1122.70,1194.40,1111.30,1177.70,1481604736.00,13932170240.00
2002-06-07,1225.00,1255.40,1207.20,1235.90,1754449280.00,16099585024.00
2002-06-10,1211.40,1223.40,1191.30,1204.70,882675456.00,8081372160.00
2002-06-11,1183.60,1208.80,1176.20,1197.40,909780224.00,8432204800.00
2002-06-12,1169.10,1177.70,1149.30,1163.70,735228608.00,7045646336.00
2002-06-13,1139.40,1152.50,1122.20,1127.70,736144512.00,7286354432.00
2002-06-14,1095.50,1106.00,1078.00,1084.60,717414464.00,6597938176.00
2002-06-17,1043.80,1060.20,1034.20,1054.20,530468800.00,4944861184.00
2002-06-18,1063.60,1093.50,1059.50,1083.80,1013812096.00,9577656320.00
2002-06-19,1053.70,1059.40,1036.10,1041.60,618230400.00,5725135360.00
2002-06-20,1028.90,1049.60,1024.30,1035.40,801207232.00,7271517696.00
2002-06-21,1162.10,1213.50,1158.10,1202.50,2548142080.00,23722129408.00
2002-06-24,1928.10,1938.40,1854.30,1931.70,7794502144.00,79568748544.00
2002-06-25,2352.00,2418.10,2275.70,2316.30,6861903872.00,66273894400.00
2002-06-26,2445.70,2518.00,2403.30,2475.90,4082672128.00,39817699328.00
2002-06-27,2525.90,2576.80,2485.90,2534.10,3353209344.00,31077435392.00
2002-06-28,2661.40,2716.20,2605.00,2659.00,4185660928.00,39707627520.00
2002-07-01,2640.20,2672.60,2592.20,2610.70,2265427456.00,21572943872.00
2002-07-02,2546.20,2597.20,2519.50,2581.70,1953590784.00,18996930560.00
2002-07-03,2532.20,2565.40,2501.90,2534.30,1887464960.00,18716229632.00
2002-07-04,2487.10,2512.80,2443.30,2461.00,1923474432.00,18847025152.00
2002-07-05,2374.90,2407.40,2349.20,2390.20,1399674240.00,13847901184.00
2002-07-08,2340.30,2377.70,2322.20,2356.40,1582909440.00,16412732416.00
2002-07-09,2299.70,2324.10,2272.50,2291.30,1567817344.00,15673090048.00
2002-07-10,2258.80,2274.90,2211.10,2223.40,1800950912.00,17971922944.00
2002-07-11,2162.60,2195.90,2144.00,2166.30,1376004736.00,14069395456.00
2002-07-12,2098.90,2124.90,2081.50,2099.70,1186523776.00,12214114304.00
2002-07-15,2034.90,2054.30,2004.70,2022.00,1208141696.00,12021278720.00
2002-07-16,1955.20,1986.10,1940.80,1956.90,1043606528.00,10387224576.00
2002-07-17,1892.10,1914.40,1870.00,1904.80,976736832.00,9911018496.00
2002-07-18,1871.50,1891.80,1853.00,1872.70,1258299648.00,12772649984.00
2002-07-19,1830.90,1850.50,1815.80,1837.40,1094664448.00,11500039168.00
2002-07-22,1807.90,1817.40,1766.60,1776.80,1268608768.00,12865696768.00
2002-07-23,1730.30,1752.90,1713.70,1728.30,1055030272.00,10953966592.00
2002-07-24,1671.50,1688.40,1655.00,1668.30,849208832.00,8784147456.00
2002-07-25,1617.50,1631.50,1593.50,1604.90,840818944.00,8428636672.00
2002-07-26,1549.70,1563.60,1532.90,1542.50,767717696.00,7618519040.00
2002-07-29,1490.00,1507.90,1474.60,1501.30,746783488.00,7572610560.00
2002-07-30,1467.90,1483.10,1451.90,1470.50,866146560.00,8948453376.00
2002-07-31,1436.10,1447.30,1413.90,1421.60,830445888.00,8854216704.00
2002-08-01,1377.10,1394.30,1363.80,1382.50,763692672.00,7665600000.00
2002-08-02,1338.20,1351.80,1329.00,1342.60,651509760.00,6805745152.00
2002-08-05,1298.80,1307.00,1283.80,1293.00,607765568.00,6440566272.00
2002-08-06,1283.90,1313.00,1275.90,1299.40,1076754304.00,10435446784.00
2002-08-07,1254.50,1262.90,1243.00,1252.40,601194752.00,6198179840.00
2002-08-08,1217.70,1228.00,1204.70,1210.70,661081088.00,6701716480.00
2002-08-09,1189.90,1197.90,1174.20,1182.40,758232320.00,7905097728.00
2002-08-12,1153.70,1163.20,1141.80,1150.80,682947456.00,7037629440.00
2002-08-13,1110.80,1123.20,1103.80,1111.90,506085216.00,5361281024.00
2002-08-14,1074.60,1085.80,1067.80,1081.50,503685088.00,5208813056.00
2002-08-15,1048.40,1053.50,1035.50,1040.90,524341984.00,5377414144.00
2002-08-16,1035.80,1055.90,1025.20,1045.20,871107712.00,8413189120.00
2002-08-19,1016.30,1025.20,1007.60,1015.70,575899840.00,5829586944.00
2002-08-20,1045.00,1067.90,1041.10,1061.50,1237895808.00,12032228352.00
2002-08-21,1072.80,1083.70,1063.10,1073.30,1018003840.00,10195597312.00
2002-08-22,1132.10,1153.30,1124.50,1141.20,1455075456.00,15780741120.00
2002-08-23,1147.00,1157.20,1136.80,1145.20,914948544.00,10258450432.00
2002-08-26,1142.50,1151.80,1127.90,1136.50,862969344.00,9531598848.00
2002-08-27,1160.30,1178.60,1151.80,1166.90,1086143744.00,12572477440.00
2002-08-28,1174.90,1186.20,1163.20,1171.80,931242304.00,10662663168.00
2002-08-29,1157.20,1166.60,1142.90,1148.90,808689856.00,8446254592.00
2002-08-30,1122.40,1132.70,1114.70,1123.30,657171136.00,7001979392.00
2002-09-02,1095.60,1106.60,1088.30,1098.80,594594304.00,6378253824.00
2002-09-03,1083.40,1096.80,1077.70,1086.70,671376704.00,7332435968.00
2002-09-04,1070.20,1076.70,1056.90,1062.70,695921536.00,7325912064.00
2002-09-05,1073.40,1079.30,1054.70,1061.80,990953472.00,10185205760.00
2002-09-06,1057.30,1067.70,1046.50,1052.90,863562176.00,8588725248.00
2002-09-09,1034.40,1042.00,1020.90,1030.10,715025536.00,7155383296.00
2002-09-10,1007.30,1018.20,1000.20,1010.10,570518080.00,6018239488.00
2002-09-11,997.80,1004.20,981.90,995.40,692834688.00,7037012992.00
2002-09-12,973.80,986.00,966.50,978.20,569839744.00,6114479616.00
2002-09-13,951.10,958.60,943.30,950.70,485555264.00,5231413760.00
2002-09-16,943.50,948.30,924.80,931.80,693465280.00,7128184832.00
2002-09-17,918.50,929.60,906.50,918.80,709841152.00,6946027008.00
2002-09-18,899.20,906.10,889.20,894.80,534772448.00,5600207360.00
2002-09-19,907.60,931.60,899.40,924.60,910594752.00,9226880000.00
2002-09-20,913.30,920.50,901.10,907.30,615146432.00,6592665088.00
2002-09-23,879.70,888.90,872.90,881.80,432522144.00,4684486144.00
2002-09-24,865.00,871.20,856.00,861.40,529538080.00,5504871936.00
2002-09-25,856.70,867.50,848.90,857.50,646338496.00,6804018688.00
2002-09-26,863.60,870.90,852.10,857.40,755827008.00,7704941056.00
2002-09-27,854.60,861.90,841.80,848.70,648895296.00,6736244224.00
2002-10-08,819.90,825.70,806.40,815.70,419801344.00,4224698368.00
2002-10-09,845.30,851.30,819.00,827.40,1915497088.00,9596598272.00
2002-10-10,807.40,820.00,799.70,807.50,679048256.00,5123161600.00
2002-10-11,803.50,812.90,792.00,799.00,780263040.00,6201613824.00
2002-10-14,791.70,804.60,780.70,798.80,796906240.00,6223378944.00
2002-10-15,780.60,787.90,772.00,778.50,586831424.00,4832236032.00
2002-10-16,777.40,793.60,773.80,783.30,765182656.00,6380710912.00
2002-10-17,773.00,776.90,756.40,760.80,633418752.00,5356624384.00
2002-10-18,753.80,767.00,746.40,760.70,652368000.00,5744409088.00
2002-10-21,745.00,753.80,737.30,749.40,540775104.00,4679436800.00
2002-10-22,771.10,787.50,766.70,781.50,992962496.00,8698688512.00
2002-10-23,783.20,791.00,774.20,784.90,761852096.00,6774846976.00
2002-10-24,788.30,794.10,776.60,781.70,745088576.00,7004695552.00
2002-10-25,782.20,790.00,767.70,772.50,758659072.00,6667021824.00
2002-10-28,769.60,776.20,755.20,761.60,734451712.00,6232675840.00
2002-10-29,761.80,774.60,750.60,769.10,717834496.00,6545421312.00
2002-10-30,761.10,768.80,750.80,760.70,632207872.00,5704019456.00
2002-10-31,751.40,760.80,744.30,749.50,589037056.00,5299994624.00
2002-11-01,738.10,745.90,729.70,739.30,565420224.00,5079806464.00
2002-11-04,751.40,764.70,745.40,759.60,797929024.00,7300587520.00
2002-11-05,843.70,867.10,837.40,858.30,1794744576.00,16195580928.00
2002-11-06,873.40,881.40,863.30,870.90,992495488.00,9451248640.00
2002-11-07,880.70,889.30,871.70,880.10,962707136.00,8638999552.00
2002-11-08,922.10,928.30,883.30,889.30,1336049536.00,11259978752.00
2002-11-11,873.50,884.00,859.90,866.10,674234624.00,6036857344.00
2002-11-12,884.30,895.40,860.50,868.60,1167648640.00,9430597632.00
2002-11-13,872.80,885.40,855.50,879.60,970055424.00,8254102528.00
2002-11-14,877.20,885.70,855.20,861.10,848441408.00,7761966592.00
2002-11-15,862.30,886.50,855.70,871.30,924823424.00,8275949056.00
2002-11-18,857.40,865.20,839.60,848.50,661517952.00,5855131136.00
2002-11-19,836.10,849.90,825.30,843.80,679060416.00,5984813568.00
2002-11-20,840.50,843.60,815.00,820.70,840153152.00,7143228416.00
2002-11-21,830.20,838.20,806.40,813.10,1049862464.00,8443435520.00
2002-11-22,826.10,843.90,806.40,825.20,1054018368.00,8349545472.00
2002-11-25,806.90,821.50,796.60,812.60,691430464.00,5276456448.00
2002-11-26,806.80,817.40,783.80,787.60,799841408.00,6282358272.00
2002-11-27,790.60,810.10,777.50,802.10,1051965312.00,7730725888.00
2002-11-28,821.50,852.40,813.50,849.40,1216107392.00,9406833664.00
2002-11-29,942.90,974.60,931.70,955.60,2235628800.00,18123307008.00
2002-12-02,955.30,960.80,924.50,928.90,1010180736.00,8311685120.00
2002-12-03,908.40,930.20,901.90,924.30,785372096.00,6246523904.00
2002-12-04,935.80,953.90,924.20,935.00,1089439616.00,9055267840.00
2002-12-05,912.50,920.30,897.00,910.00,742022784.00,5957792256.00
2002-12-06,886.80,899.40,877.10,886.10,622197248.00,5187276288.00
2002-12-09,856.50,867.20,848.10,855.80,515580864.00,4266520320.00
2002-12-10,849.40,858.50,833.20,837.20,766773376.00,6307540992.00
2002-12-11,819.70,828.40,807.30,820.20,682693184.00,5509904896.00
2002-12-12,811.20,829.60,806.00,816.70,706163328.00,5947590656.00
2002-12-13,812.30,836.00,802.50,829.50,899472320.00,7249801728.00
2002-12-16,844.60,860.30,836.00,850.80,1105923584.00,8660995072.00
2002-12-17,859.30,873.60,852.00,867.20,1044316096.00,8400658944.00
2002-12-18,882.30,895.10,870.80,877.00,1139680384.00,9307077632.00
2002-12-19,870.40,881.70,861.90,875.30,835603584.00,6989574656.00
2002-12-20,891.80,908.10,884.10,900.10,1130386944.00,9240496128.00
2002-12-23,919.90,933.50,911.80,919.00,1169163008.00,9567112192.00
2002-12-24,915.50,925.00,905.50,918.70,879335424.00,7551730176.00
2002-12-25,921.20,930.20,908.20,913.90,973199232.00,8132167168.00
2002-12-26,940.70,947.80,907.90,913.50,1372768640.00,11046733824.00
2002-12-27,922.50,941.20,909.40,928.10,1152627840.00,9382892544.00
2002-12-30,932.10,942.90,912.90,924.90,1004950464.00,8349544960.00
2002-12-31,933.00,949.30,914.00,926.90,1018228608.00,8876336128.00
2003-01-02,902.50,916.80,881.40,891.30,814281024.00,6228199424.00
2003-01-03,861.70,875.70,852.70,866.10,632323328.00,4645021696.00
2003-01-06,854.90,873.80,845.10,867.70,874788992.00,6180187136.00
2003-01-07,860.90,875.00,848.10,858.50,970770752.00,6829432832.00
2003-01-08,864.60,896.40,858.50,891.40,1263611904.00,8799889408.00
2003-01-09,969.10,999.00,956.30,988.20,2399637248.00,17292355584.00
2003-01-10,1043.40,1064.40,1025.30,1033.30,2182011648.00,16211758080.00
2003-01-13,1024.40,1045.30,1014.70,1033.40,1206118784.00,9266934784.00
2003-01-14,1228.50,1312.00,1220.90,1292.10,4474661376.00,33535803392.00
2003-01-15,1448.50,1481.20,1413.10,1435.60,4394196992.00,30809423872.00
2003-01-16,1499.40,1545.50,1486.30,1531.50,2918538752.00,22409457664.00
2003-01-17,1574.40,1596.70,1545.00,1562.60,2641401088.00,19890698240.00
2003-01-20,1570.10,1596.90,1544.70,1581.70,2015043456.00,15817992192.00
2003-01-21,1587.30,1606.10,1542.70,1550.90,1964229632.00,15397029888.00
2003-01-22,1526.00,1558.10,1512.20,1541.20,1629007872.00,12672777216.00
2003-01-23,1518.50,1543.70,1493.60,1505.60,1586993280.00,12106831872.00
2003-01-24,1493.70,1535.30,1481.40,1522.20,1896168192.00,13777593344.00
2003-01-27,1529.70,1560.70,1518.20,1545.60,1899914624.00,14812602368.00
2003-01-28,1523.00,1540.20,1506.50,1527.70,1390844288.00,11449488384.00
2003-01-29,1516.50,1535.50,1501.40,1512.70,1548873600.00,12963986432.00
2003-02-10,1461.20,1471.60,1431.80,1443.70,1015886656.00,7956768256.00
2003-02-11,1391.60,1416.10,1384.70,1410.50,892461120.00,7358900224.00
2003-02-12,1403.70,1432.10,1391.50,1424.60,1494797312.00,12208088064.00
2003-02-13,1443.40,1464.10,1425.00,1434.90,1777244928.00,15165028352.00
2003-02-14,1417.40,1438.60,1407.80,1424.80,1307992832.00,11215964160.00
2003-02-17,1422.70,1438.50,1398.40,1410.60,1489352576.00,12306081792.00
2003-02-18,1377.40,1392.30,1364.70,1380.20,1075848960.00,8907961344.00
2003-02-19,1359.10,1377.50,1347.10,1371.80,1233122048.00,9968784384.00
2003-02-20,1361.50,1374.50,1347.80,1357.40,1250274944.00,10761807872.00
2003-02-21,1360.00,1366.40,1325.00,1331.60,1533321088.00,12558811136.00
2003-02-24,1300.80,1321.20,1293.10,1306.60,998673984.00,8713647104.00
2003-02-25,1320.40,1355.80,1316.00,1347.30,1516681472.00,13353022464.00
2003-02-26,1333.20,1344.20,1318.70,1331.40,1088637184.00,9914469376.00
2003-02-27,1319.30,1334.00,1306.70,1317.90,1163229184.00,10256500736.00
2003-02-28,1297.80,1308.40,1282.80,1297.50,996099008.00,9121568768.00
2003-03-03,1301.70,1319.80,1291.00,1311.90,1307665536.00,11957016576.00
2003-03-04,1308.70,1320.50,1294.90,1306.90,1182266496.00,11054849024.00
2003-03-05,1293.40,1301.90,1274.00,1288.00,1111738368.00,10093206528.00
2003-03-06,1285.70,1293.90,1261.40,1269.30,1308544768.00,11191388160.00
2003-03-07,1251.50,1265.80,1240.20,1249.30,1117220864.00,9385396224.00
2003-03-10,1239.10,1247.70,1210.90,1217.10,1180675328.00,9876624384.00
2003-03-11,1187.00,1200.30,1177.60,1189.70,818934528.00,7284833280.00
2003-03-12,1163.80,1176.40,1149.40,1169.80,859821888.00,7602447360.00
2003-03-13,1145.50,1155.60,1131.50,1138.70,855369088.00,7507022848.00
2003-03-14,1115.60,1130.00,1107.60,1118.80,841580480.00,7457086464.00
2003-03-17,1110.40,1121.70,1093.70,1112.00,1069390272.00,8874969088.00
2003-03-18,1104.70,1119.70,1090.70,1096.30,1008760064.00,8917353472.00
2003-03-19,1088.10,1105.20,1076.90,1094.30,1016659264.00,8753217536.00
2003-03-20,1088.60,1101.20,1074.80,1084.00,1042142784.00,8843332608.00
2003-03-21,1070.30,1087.50,1063.70,1081.30,867315520.00,7884915712.00
2003-03-24,1058.60,1069.40,1049.20,1061.30,741944832.00,6792249856.00
2003-03-25,1046.80,1053.10,1030.10,1036.40,857292864.00,7507261952.00
2003-03-26,1023.70,1034.30,1011.40,1020.50,857717312.00,7618755072.00
2003-03-27,1078.60,1120.80,1067.20,1109.10,1917632128.00,15857837056.00
2003-03-28,1168.80,1185.30,1153.60,1164.10,1933466752.00,16481669120.00
2003-03-31,1197.50,1221.30,1189.10,1212.50,1656989440.00,14113464320.00
2003-04-01,1273.30,1294.00,1262.00,1280.00,2027539328.00,17555689472.00
2003-04-02,1288.30,1301.70,1275.30,1287.80,1511088000.00,12396687360.00
2003-04-03,1288.80,1301.20,1273.20,1283.40,1323307648.00,11478191104.00
2003-04-04,1286.80,1307.60,1277.30,1296.50,1425020672.00,12181188608.00
2003-04-07,1323.20,1341.60,1303.40,1316.90,1763986048.00,14667708416.00
2003-04-08,1362.60,1385.70,1345.90,1364.20,2195014656.00,17045386240.00
2003-04-09,1484.60,1528.70,1464.10,1512.40,3797845760.00,25972946944.00
2003-04-10,1700.40,1744.80,1674.30,1709.90,4414649856.00,35065061376.00
2003-04-11,1841.80,1894.20,1821.40,1871.20,4227738112.00,32705390592.00
2003-04-14,2085.00,2161.40,2060.50,2132.20,5350352896.00,44439224320.00
2003-04-15,2289.90,2350.00,2253.80,2316.50,4609870848.00,40258236416.00
2003-04-16,2531.80,2607.40,2458.80,2500.50,5761027072.00,50646392832.00
2003-04-17,2565.80,2627.80,2515.00,2575.10,4053747712.00,34400186368.00
2003-04-18,2600.90,2650.40,2537.00,2579.10,3560021760.00,29734670336.00
2003-04-21,2573.50,2598.30,2485.20,2530.70,3116005632.00,26166116352.00
2003-04-22,2459.60,2500.30,2427.20,2462.70,1770378112.00,15828327424.00
2003-04-23,2432.70,2466.10,2369.20,2393.70,2463972352.00,20911798272.00
2003-04-24,2395.60,2422.20,2300.60,2333.30,2991062016.00,24802682880.00
2003-04-25,2278.70,2319.00,2230.60,2256.50,1927662848.00,16066647040.00
2003-04-28,2294.40,2407.60,2247.60,2387.10,3397904896.00,27995117568.00
2003-04-29,2384.00,2420.30,2317.50,2351.00,2818827264.00,24277946368.00
2003-04-30,2346.00,2404.80,2309.40,2348.20,2742458368.00,22728749056.00
2003-05-12,2324.90,2385.90,2278.00,2345.80,2288688384.00,19291572224.00
2003-05-13,2372.40,2407.90,2267.10,2299.30,3316806912.00,26767613952.00
2003-05-14,2274.00,2358.40,2249.40,2338.30,2820647936.00,21776105472.00
2003-05-15,2378.30,2462.90,2345.70,2431.30,3520900608.00,28962265088.00
2003-05-16,2417.00,2459.30,2379.90,2419.70,2549897728.00,22124627968.00
2003-05-19,2385.00,2426.70,2350.80,2385.40,2180288512.00,18643040256.00
2003-05-20,2321.80,2342.20,2274.60,2300.60,1850606208.00,15549554688.00
2003-05-21,2225.20,2266.30,2204.30,2224.40,1517738240.00,13142106112.00
2003-05-22,2158.40,2199.20,2133.50,2184.00,1593417216.00,13822487552.00
2003-05-23,2212.10,2270.00,2193.70,2231.80,2934912512.00,25180211200.00
2003-05-26,2227.50,2267.80,2204.90,2237.50,2423437312.00,20050804736.00
2003-05-27,2220.20,2249.60,2187.50,2219.30,2265635072.00,19029276672.00
2003-05-28,2213.40,2243.40,2168.80,2187.70,2382338560.00,20005048320.00
2003-05-29,2191.30,2238.00,2162.00,2222.90,2435557120.00,22168010752.00
2003-05-30,2245.60,2282.90,2217.80,2250.80,2577856512.00,23098699776.00
2003-06-02,2217.60,2246.00,2183.60,2220.90,1912736384.00,16956005376.00
2003-06-03,2181.60,2206.60,2143.30,2157.50,1817513088.00,15837116416.00
2003-06-04,2135.00,2173.10,2100.80,2148.60,2307940864.00,18119763968.00
2003-06-05,2102.20,2123.30,2062.20,2076.10,1808764800.00,14546814976.00
2003-06-06,2023.70,2046.00,1988.50,2001.90,1611314560.00,13724628992.00
2003-06-09,1937.20,1961.50,1906.80,1922.90,1452328576.00,11680517120.00
2003-06-10,1851.70,1882.30,1841.00,1863.50,1060746368.00,8942635008.00
2003-06-11,1841.60,1882.40,1831.30,1871.00,1919277440.00,14269037568.00
2003-06-12,1821.10,1836.70,1796.50,1815.30,1320062208.00,10812283904.00
2003-06-13,1778.30,1804.10,1762.70,1782.90,1516955776.00,12028017664.00
2003-06-16,1738.90,1754.70,1714.30,1732.10,1252247552.00,10402844672.00
2003-06-17,1682.00,1698.60,1662.20,1676.80,1138104960.00,9654607872.00
2003-06-18,1640.40,1662.50,1626.00,1638.30,1287627648.00,10532636672.00
2003-06-19,1615.30,1628.00,1580.30,1597.30,1511237376.00,11966567424.00
2003-06-20,1549.80,1566.30,1530.30,1540.20,1072664192.00,8838194176.00
2003-06-23,1499.90,1511.00,1474.00,1485.20,1165355008.00,9289248768.00
2003-06-24,1438.40,1456.80,1425.30,1443.30,968743744.00,7889738752.00
2003-06-25,1410.00,1423.50,1388.00,1397.60,1050901568.00,8488369152.00
2003-06-26,1393.80,1423.00,1373.00,1408.90,1425763584.00,11938289664.00
2003-06-27,1389.70,1400.20,1360.70,1369.00,1192983040.00,9654755328.00
2003-06-30,1332.40,1349.80,1316.80,1329.20,888287296.00,7163180544.00
2003-07-01,1299.20,1323.80,1287.00,1297.20,1065319872.00,8473233920.00
2003-07-02,1272.60,1294.90,1256.30,1285.40,1088323328.00,8735104000.00
2003-07-03,1265.40,1279.90,1252.20,1268.70,1004621312.00,8679723008.00
2003-07-04,1244.10,1258.10,1229.90,1242.90,967160832.00,8289671680.00
2003-07-07,1218.00,1232.30,1203.40,1220.90,925632384.00,7964779520.00
2003-07-08,1205.00,1224.80,1196.60,1213.60,1057988672.00,8827419648.00
2003-07-09,1187.40,1196.20,1170.60,1179.90,870602432.00,7405618176.00
2003-07-10,1227.60,1261.90,1219.40,1252.60,1900726912.00,16039955456.00
2003-07-11,1256.80,1269.30,1242.20,1254.30,1273673984.00,11344188416.00
2003-07-14,1234.40,1245.80,1220.30,1231.00,985324224.00,8606358528.00
2003-07-15,1221.90,1237.60,1208.50,1223.20,1129343616.00,9760160768.00
2003-07-16,1209.80,1223.90,1198.50,1215.00,1085194880.00,9131456512.00
2003-07-17,1260.60,1281.70,1249.20,1266.80,1870238720.00,16005666816.00
2003-07-18,1298.50,1310.20,1262.50,1269.40,1716786944.00,14401245184.00
2003-07-21,1273.50,1290.20,1250.50,1271.60,1533892096.00,12321837056.00
2003-07-22,1274.00,1292.50,1252.20,1272.30,1291674880.00,10852731904.00
2003-07-23,1250.20,1264.20,1235.60,1253.40,1020233920.00,8595089408.00
2003-07-24,1226.50,1235.40,1208.20,1217.30,955276352.00,7869484032.00
2003-07-25,1235.90,1252.70,1210.50,1222.70,1870130176.00,12677417984.00
2003-07-28,1188.60,1201.90,1174.00,1188.70,951450112.00,7288545792.00
2003-07-29,1155.60,1171.40,1147.90,1161.80,813052864.00,6503657472.00
2003-07-30,1133.00,1145.10,1120.00,1133.90,912071936.00,6942307328.00
2003-07-31,1109.40,1121.50,1098.70,1109.40,836505728.00,7000168448.00
2003-08-01,1095.80,1108.70,1081.90,1099.60,978982144.00,8151464448.00
2003-08-04,1100.40,1121.20,1089.80,1114.70,1178353280.00,9843981312.00
2003-08-05,1098.80,1109.50,1087.40,1098.90,966169664.00,7764532736.00
2003-08-06,1083.00,1093.30,1070.10,1079.50,943939392.00,7724752384.00
2003-08-07,1060.40,1075.10,1051.80,1061.60,888389760.00,7238654976.00
2003-08-08,1058.50,1066.20,1040.00,1046.30,1094368384.00,8575680512.00
2003-08-11,1009.90,1023.80,1000.90,1017.40,695917824.00,5654228992.00
2003-08-12,988.10,1000.50,980.90,992.40,688313984.00,5561569792.00
2003-08-13,970.30,976.80,952.90,958.40,758166912.00,6232973824.00
2003-08-14,961.80,980.10,949.50,959.90,1048919296.00,8914606080.00
2003-08-15,953.80,966.80,943.80,954.30,958767424.00,7927453184.00
2003-08-18,928.20,937.90,918.50,926.90,679412096.00,5417820160.00
2003-08-19,905.20,917.40,899.10,908.40,685259584.00,5564112384.00
2003-08-20,894.00,899.90,879.80,890.50,768689344.00,6157227520.00
2003-08-21,879.80,888.60,870.40,879.50,795479680.00,6296827904.00
2003-08-22,870.60,881.90,861.60,869.80,798599936.00,6548969472.00
2003-08-25,860.00,867.70,844.60,853.70,854330816.00,6807730688.00
2003-08-26,840.40,854.10,833.10,846.00,764013568.00,6042864128.00
2003-08-27,831.20,841.10,821.70,829.30,707203200.00,5566958592.00
2003-08-28,821.80,830.20,809.70,815.00,753893888.00,6241230336.00
2003-08-29,812.60,825.90,802.50,820.10,870710080.00,6917542912.00
2003-09-01,847.30,869.90,839.70,865.60,1266497152.00,10392401920.00
2003-09-02,896.80,912.20,884.70,896.90,1316672384.00,11674664960.00
2003-09-03,905.90,918.90,895.20,908.30,1096483072.00,9199285248.00
2003-09-04,914.80,927.90,905.20,913.20,1094950144.00,8792339456.00
2003-09-05,925.60,936.20,905.90,917.50,1173026560.00,9613997056.00
2003-09-08,909.00,920.00,897.00,908.50,929322624.00,7344674816.00
2003-09-09,900.10,910.20,888.10,897.40,913228992.00,7061761536.00
2003-09-10,880.30,892.00,871.60,882.90,745014720.00,6000685568.00
2003-09-11,863.00,872.90,853.90,861.40,664134272.00,5411959808.00
2003-09-12,885.00,891.00,866.00,872.10,1265900416.00,9603705856.00
2003-09-15,866.70,880.10,852.80,861.70,967222272.00,7341206528.00
2003-09-16,857.60,872.50,847.80,866.30,966223424.00,7305884160.00
2003-09-17,857.70,863.90,840.40,847.60,920998272.00,6833508864.00
2003-09-18,836.10,847.90,827.60,838.00,844867200.00,6349667840.00
2003-09-19,824.90,834.90,814.00,826.00,798235648.00,5985076736.00
2003-09-22,812.90,820.70,800.90,808.80,717084992.00,5573191680.00
2003-09-23,803.40,814.20,793.90,809.30,835982784.00,6426082304.00
2003-09-24,805.70,815.50,797.20,806.50,845049088.00,6521346560.00
2003-09-25,796.20,800.90,780.10,785.40,744510080.00,5777131520.00
2003-09-26,773.30,781.90,763.70,770.20,725476544.00,5573095424.00
2003-09-29,763.50,768.80,746.70,752.80,763774400.00,5682511872.00
2003-09-30,754.20,768.40,741.80,760.10,920489664.00,6732745728.00
2003-10-08,742.40,754.30,733.40,747.40,697784320.00,4797577728.00
2003-10-09,737.70,748.10,730.30,736.20,775344064.00,5237549056.00
2003-10-10,779.30,806.90,773.60,800.40,1633021440.00,11510487040.00
2003-10-13,814.80,825.30,804.30,812.10,1190398848.00,8646478848.00
2003-10-14,805.60,813.10,792.50,800.00,896589120.00,6463863808.00
2003-10-15,800.40,814.50,789.90,796.10,985537856.00,7026970624.00
2003-10-16,795.10,802.00,778.90,785.10,881554048.00,6565075456.00
2003-10-17,771.70,783.20,764.60,773.80,754470144.00,5511035392.00
2003-10-20,760.90,767.60,747.90,755.30,768175424.00,5351647232.00
2003-10-21,755.70,765.80,744.10,758.30,980131904.00,6606948864.00
2003-10-22,823.60,851.50,816.70,842.50,2059962240.00,14230402048.00
2003-10-23,864.80,876.40,851.10,857.20,1413822720.00,9969487872.00
2003-10-24,867.30,878.40,852.10,861.90,1263341440.00,8862830592.00
2003-10-27,860.30,869.00,839.30,851.50,1203219200.00,8580544512.00
2003-10-28,868.50,885.60,853.20,869.80,1448692224.00,9719995392.00
2003-10-29,921.90,933.00,891.50,909.60,1854865280.00,12968529920.00
2003-10-30,908.90,919.20,888.90,900.30,1212976128.00,8247524352.00
2003-10-31,899.40,924.70,890.00,906.30,1299867008.00,8624934912.00
2003-11-03,909.30,930.10,898.90,922.00,1329390208.00,8775747584.00
2003-11-04,1031.60,1077.30,1023.80,1052.00,3206214144.00,21613217792.00
2003-11-05,1080.40,1097.40,1061.50,1076.60,2003834496.00,13081774080.00
2003-11-06,1125.20,1136.70,1086.30,1103.00,2304612352.00,15124154368.00
2003-11-07,1123.50,1140.60,1090.10,1109.70,2018523264.00,13132211200.00
2003-11-10,1082.60,1103.60,1066.30,1094.10,1142631296.00,7572963328.00
2003-11-11,1080.70,1097.90,1062.90,1083.10,1283783680.00,8385576448.00
2003-11-12,1066.90,1075.30,1039.30,1048.00,1283807872.00,8346283520.00
2003-11-13,1030.20,1053.70,1018.90,1038.50,1214348416.00,7886301696.00
2003-11-14,1018.50,1037.20,1008.50,1028.60,1101298560.00,7182694912.00
2003-11-17,999.70,1010.60,985.90,996.50,880381760.00,5810799104.00
2003-11-18,1022.30,1032.10,1000.00,1009.90,1789065984.00,11378100224.00
2003-11-19,1008.90,1040.00,1003.10,1030.60,1461082624.00,9629611008.00
2003-11-20,1111.50,1159.20,1102.20,1150.00,2919338752.00,19029026816.00
2003-11-21,1226.50,1257.50,1196.00,1208.90,2932566016.00,19188967424.00
2003-11-24,1260.90,1312.90,1251.60,1304.40,2692477952.00,17860698112.00
2003-11-25,1420.30,1458.10,1396.50,1422.60,3764338432.00,25660131328.00
2003-11-26,1453.00,1484.60,1431.60,1464.50,2603002880.00,17588533248.00
2003-11-27,1476.60,1494.50,1436.80,1448.70,2270783744.00,15229563904.00
2003-11-28,1434.50,1463.40,1417.60,1442.30,1757784832.00,12173867008.00
2003-12-01,1476.50,1524.50,1467.80,1512.80,2579623680.00,17861513216.00
2003-12-02,1557.90,1583.50,1535.50,1552.70,2781443840.00,19114915840.00
2003-12-03,1600.20,1640.00,1578.30,1609.70,3023853568.00,20882540544.00
2003-12-04,1640.10,1671.90,1620.40,1651.30,2644183552.00,19060922368.00
2003-12-05,1660.60,1682.00,1635.30,1658.20,2198497280.00,15851553792.00
2003-12-08,1642.30,1662.10,1610.30,1622.80,1924622592.00,13430092800.00
2003-12-09,1586.10,1609.00,1568.30,1598.50,1562806016.00,11181982720.00
2003-12-10,1636.20,1668.60,1618.60,1654.50,2702280960.00,19178665984.00
2003-12-11,1684.20,1708.00,1656.50,1681.20,2585032704.00,18947590144.00
2003-12-12,1671.10,1690.50,1648.40,1669.50,2056950912.00,14841506816.00
2003-12-15,1640.50,1661.20,1622.10,1640.80,1639393024.00,12003821568.00
2003-12-16,1644.20,1659.20,1601.90,1636.80,2257204992.00,15784560640.00
2003-12-17,1649.30,1680.30,1624.60,1636.40,2408954624.00,17336840192.00
2003-12-18,1632.80,1664.10,1606.10,1637.20,2103873024.00,15243031552.00
2003-12-19,1718.30,1750.80,1656.90,1690.60,3495140608.00,24847837184.00
2003-12-22,1783.40,1862.00,1750.50,1842.80,3871141632.00,28226232320.00
2003-12-23,1898.90,1937.40,1867.50,1906.50,3385283072.00,24340002816.00
2003-12-24,1936.70,1976.90,1912.00,1953.00,2939316480.00,22144288768.00
2003-12-25,1975.80,2012.40,1941.90,1972.40,2911689984.00,21610450944.00
2003-12-26,1960.00,1988.50,1930.60,1960.00,2207849472.00,16979428352.00
2003-12-29,1928.80,1954.50,1897.40,1917.00,2050471168.00,15162579968.00
2003-12-30,1896.50,1933.50,1877.80,1911.40,2144988416.00,16012869632.00
2003-12-31,1892.20,1914.70,1849.40,1869.10,2063308416.00,15555113984.00
2004-01-02,1849.40,1905.30,1833.20,1873.80,2189978368.00,16397883392.00
2004-01-05,1955.90,2035.60,1934.20,2013.20,3877763328.00,29199042560.00
2004-01-06,2112.10,2166.70,2074.20,2126.10,4324509696.00,32066107392.00
2004-01-07,2212.90,2278.70,2180.80,2239.40,4230903296.00,31811600384.00
2004-01-08,2303.70,2370.90,2274.50,2337.80,3874715136.00,30215153664.00
2004-01-09,2425.10,2482.40,2358.90,2384.20,4409118720.00,34348120064.00
2004-01-12,2388.10,2463.80,2361.10,2444.50,3145089792.00,25145751552.00
2004-01-13,2475.70,2523.50,2422.30,2471.40,3640404736.00,28439017472.00
2004-01-14,2452.40,2481.10,2393.30,2427.10,2920527872.00,22267211776.00
2004-01-15,2407.60,2455.30,2368.30,2399.00,2779556864.00,21326399488.00
2004-01-16,2403.50,2459.10,2367.50,2421.80,3016215296.00,23850727424.00
2004-01-29,2417.80,2491.40,2391.20,2468.70,2806249472.00,22228367360.00
2004-01-30,2543.50,2585.00,2461.40,2487.10,4142539264.00,31906936832.00
2004-02-02,2660.60,2730.70,2574.00,2654.30,5126684672.00,40004120576.00
2004-02-03,2690.70,2754.90,2647.90,2725.30,4114175488.00,32083697664.00
2004-02-04,2826.10,2909.00,2800.20,2882.20,5052006912.00,40456138752.00
2004-02-05,2969.20,3032.60,2916.00,2987.80,5109711872.00,40318320640.00
2004-02-06,3064.00,3126.40,2990.00,3034.20,5281666560.00,41274224640.00
2004-02-09,3056.40,3144.30,3033.20,3116.60,4177403392.00,33612482560.00
2004-02-10,3166.30,3223.00,3102.10,3145.70,4634153984.00,37126930432.00
2004-02-11,3150.20,3197.90,3082.40,3145.90,4252664832.00,32994867200.00
2004-02-12,3160.00,3221.70,3104.60,3145.70,4349330944.00,34012497920.00
2004-02-13,3125.50,3177.20,3063.20,3099.80,3725495552.00,29490051072.00
2004-02-16,3087.20,3177.70,3070.20,3158.90,3552392960.00,29597892608.00
2004-02-17,3215.70,3281.10,3173.50,3233.50,4587057152.00,39036801024.00
2004-02-18,3291.30,3363.40,3245.10,3315.90,4696509440.00,40320700416.00
2004-02-19,3340.70,3400.90,3289.10,3337.10,4385544192.00,37180289024.00
2004-02-20,3322.10,3372.10,3269.40,3335.50,3884266496.00,32574550016.00
2004-02-23,3369.20,3419.10,3265.60,3288.70,4636570624.00,38064476160.00
2004-02-24,3275.00,3325.90,3186.00,3271.30,4241840640.00,34037624832.00
2004-02-25,3260.40,3322.70,3159.20,3184.30,3881842432.00,31645077504.00
2004-02-26,3142.10,3205.20,3079.10,3153.20,3694553344.00,29164206080.00
2004-02-27,3106.60,3176.60,3072.80,3144.60,3156805120.00,26109669376.00
2004-03-01,3111.40,3179.90,3060.10,3152.50,3330629376.00,28047687680.00
2004-03-02,3126.10,3173.70,3066.10,3112.20,3396465920.00,28476182528.00
2004-03-03,3060.40,3098.40,2980.00,3013.10,3039791872.00,25102155776.00
2004-03-04,2948.20,3004.60,2904.60,2977.10,2844672000.00,23436101632.00
2004-03-05,2914.90,2955.50,2863.30,2889.20,2641181952.00,21735636992.00
2004-03-08,2818.30,2849.30,2735.30,2757.20,2480765952.00,20210870272.00
2004-03-09,2686.20,2740.50,2649.30,2674.30,2461759232.00,19285182464.00
2004-03-10,2621.60,2697.30,2605.80,2686.10,2471268864.00,19866435584.00
2004-03-11,2680.70,2736.50,2652.00,2705.40,3065151744.00,25579857920.00
2004-03-12,2663.80,2698.30,2623.60,2661.70,2561368832.00,21279418368.00
2004-03-15,2719.40,2802.30,2699.70,2775.60,3950712576.00,33672071168.00
2004-03-16,2800.40,2845.00,2765.80,2811.10,3488629248.00,29752453120.00
2004-03-17,2805.40,2843.70,2762.10,2807.30,3163681536.00,26871865344.00
2004-03-18,2817.70,2849.90,2744.40,2763.40,3385445632.00,28498374656.00
2004-03-19,2736.10,2802.40,2715.80,2787.10,2900214528.00,24039348224.00
2004-03-22,2769.50,2812.40,2734.70,2780.20,2959569920.00,24831854592.00
2004-03-23,2761.10,2787.90,2709.00,2749.50,2967725824.00,24818069504.00
2004-03-24,2728.60,2768.00,2689.90,2722.90,2872190720.00,24352053248.00
2004-03-25,2683.20,2726.20,2652.70,2687.80,2572075008.00,21774198784.00
2004-03-26,2671.90,2708.50,2635.20,2672.20,2651177216.00,23500210176.00
2004-03-29,2656.70,2692.10,2612.60,2633.20,2676147456.00,23187589120.00
2004-03-30,2590.00,2626.20,2555.90,2598.20,2243863040.00,19838590976.00
2004-03-31,2592.30,2641.10,2568.20,2616.50,2749185280.00,23877208064.00
2004-04-01,2630.80,2673.50,2603.70,2648.80,3035856384.00,26316054528.00
2004-04-02,2691.70,2736.30,2665.10,2706.10,3479393280.00,30204743680.00
2004-04-05,2775.60,2820.50,2729.40,2782.40,3845847552.00,33875779584.00
2004-04-06,2831.00,2879.40,2790.70,2851.90,3755176448.00,32912379904.00
2004-04-07,2894.40,2938.40,2853.40,2889.80,3729442816.00,32917114880.00
2004-04-08,2921.90,2967.20,2878.10,2919.30,3597656320.00,32329148416.00
2004-04-09,2969.20,3006.40,2871.70,2896.30,3871743744.00,34428649472.00
2004-04-12,2861.00,2918.70,2817.50,2879.60,2953613312.00,25628456960.00
2004-04-13,2869.80,2921.30,2819.10,2850.30,3096119296.00,26774106112.00
2004-04-14,2842.30,2872.10,2751.20,2797.80,3170499328.00,26942339072.00
2004-04-15,2744.30,2785.60,2682.30,2707.00,2481718528.00,20708173824.00
2004-04-16,2679.80,2732.20,2611.40,2696.20,2792903680.00,22789978112.00
2004-04-19,2646.40,2678.50,2583.30,2611.30,2233847296.00,18723033088.00
2004-04-20,2551.70,2589.80,2500.40,2537.00,2081282048.00,17544267776.00
2004-04-21,2498.60,2542.10,2445.00,2481.20,2436181760.00,19615248384.00
2004-04-22,2414.00,2456.80,2377.60,2429.40,1995673728.00,16057210880.00
2004-04-23,2364.20,2388.30,2305.90,2327.20,1996555648.00,15608966144.00
2004-04-26,2255.60,2295.60,2217.40,2256.40,1663852416.00,13225706496.00
2004-04-27,2220.10,2251.20,2166.00,2190.90,2054614528.00,16513401856.00
2004-04-28,2151.60,2191.10,2108.30,2156.70,1974622592.00,15880000512.00
2004-04-29,2127.00,2154.40,2066.20,2085.20,2046958208.00,16591179776.00
2004-04-30,2055.60,2099.30,2017.10,2060.30,1989429760.00,15563139072.00
2004-05-10,1990.30,2006.90,1921.70,1939.20,1289800576.00,9723973632.00
2004-05-11,1867.60,1904.40,1841.00,1881.60,1232216064.00,9473972224.00
2004-05-12,1848.50,1905.40,1835.00,1897.30,1765868288.00,13371772928.00
2004-05-13,1845.80,1861.80,1813.40,1839.00,1427660160.00,11210337280.00
2004-05-14,1789.30,1800.70,1734.50,1751.00,1521424768.00,11389848576.00
2004-05-17,1692.10,1719.80,1663.30,1688.60,1287435648.00,9762806784.00
2004-05-18,1696.40,1736.00,1668.70,1721.30,1784870912.00,14118915072.00
2004-05-19,1712.90,1743.10,1687.60,1710.30,1985979520.00,14808824832.00
2004-05-20,1669.00,1692.30,1640.20,1657.00,1453927040.00,10882743296.00
2004-05-21,1609.90,1635.10,1590.30,1618.10,1290473472.00,9464315904.00
2004-05-24,1573.40,1589.40,1543.90,1558.80,1194281216.00,9155822592.00
2004-05-25,1532.30,1542.80,1485.90,1497.20,1459485312.00,10795984896.00
2004-05-26,1454.90,1482.80,1438.10,1466.40,1197232640.00,8648270848.00
2004-05-27,1469.40,1517.80,1454.00,1505.10,1927649792.00,14413985792.00
2004-05-28,1482.00,1498.50,1460.30,1472.90,1425780864.00,10653915136.00
2004-05-31,1435.80,1456.40,1421.00,1444.60,1152818816.00,8602224640.00
2004-06-01,1468.50,1506.10,1456.40,1497.70,2011918336.00,16473971712.00
2004-06-02,1522.70,1542.50,1495.20,1514.50,2122956160.00,17284311040.00
2004-06-03,1507.40,1522.70,1471.00,1487.90,1804658432.00,14032208896.00
2004-06-04,1466.90,1496.10,1448.10,1470.50,1708416512.00,12737240064.00
2004-06-07,1441.40,1453.40,1404.90,1425.00,1452442240.00,10848868352.00
2004-06-08,1404.70,1422.20,1375.70,1389.60,1494745984.00,11250876416.00
2004-06-09,1386.90,1404.70,1337.30,1351.30,1771395456.00,13009350656.00
2004-06-10,1335.60,1362.40,1309.10,1333.50,1566984576.00,11448295424.00
2004-06-11,1326.90,1366.10,1312.00,1326.80,1571656192.00,11527658496.00
2004-06-14,1315.10,1325.20,1264.90,1283.80,1498594048.00,10762871808.00
2004-06-15,1268.40,1307.00,1251.10,1294.70,1470975104.00,10409410560.00
2004-06-16,1289.80,1318.00,1270.60,1296.60,1632338432.00,11377482752.00
2004-06-17,1277.20,1293.20,1243.70,1254.20,1400621696.00,9901380608.00
2004-06-18,1246.40,1264.60,1215.60,1239.10,1489107456.00,10691428352.00
2004-06-21,1207.10,1234.80,1191.70,1224.90,1120792320.00,8238017536.00
2004-06-22,1231.90,1260.00,1217.50,1244.80,1596239744.00,12158404608.00
2004-06-23,1223.50,1233.00,1195.20,1214.90,1203827456.00,9182635008.00
2004-06-24,1202.80,1220.50,1182.20,1192.00,1384311808.00,10196708352.00
2004-06-25,1220.60,1244.10,1177.90,1189.70,1566615808.00,13770929152.00
2004-06-28,1166.40,1182.50,1133.90,1149.90,1290313728.00,9043144704.00
2004-06-29,1155.30,1182.20,1127.00,1168.00,1639066112.00,11348008960.00
2004-06-30,1156.80,1173.10,1135.00,1146.00,1327853184.00,9624096768.00
2004-07-01,1174.20,1229.50,1166.00,1217.90,2151732224.00,14868283392.00
2004-07-02,1217.90,1236.30,1195.80,1218.20,1688019072.00,11724777472.00
2004-07-05,1205.80,1221.00,1187.00,1210.50,1251507456.00,8855895040.00
2004-07-06,1221.90,1249.30,1211.60,1228.10,1823854464.00,12756533248.00
2004-07-07,1206.00,1215.60,1183.00,1195.70,1219912192.00,8472801792.00
2004-07-08,1167.90,1183.40,1153.40,1172.90,1141854464.00,8010907648.00
2004-07-09,1147.90,1162.90,1130.50,1137.80,1112792576.00,7942850560.00
2004-07-12,1119.80,1125.30,1081.20,1092.10,1307212160.00,8951780352.00
2004-07-13,1067.80,1086.40,1053.10,1073.20,1083135872.00,7587643904.00
2004-07-14,1079.40,1095.40,1049.30,1077.90,1559743360.00,10403025920.00
2004-07-15,1106.80,1133.40,1090.80,1119.30,1885225088.00,13145086976.00
2004-07-16,1219.50,1268.30,1209.70,1254.40,3264494592.00,22615760896.00
2004-07-19,1274.20,1294.70,1256.30,1277.90,1988352256.00,14214287360.00
2004-07-20,1284.30,1298.60,1259.30,1276.70,1847182464.00,12906542080.00
2004-07-21,1274.20,1293.40,1254.90,1274.80,1572682880.00,11730492416.00
2004-07-22,1293.30,1308.90,1250.10,1261.30,1988992768.00,13804253184.00
2004-07-23,1250.60,1273.50,1228.40,1263.40,1630165376.00,11040647168.00
2004-07-26,1237.70,1249.50,1208.00,1223.30,1319876736.00,9092008960.00
2004-07-27,1207.40,1224.90,1181.50,1200.30,1450237952.00,9671790592.00
2004-07-28,1190.50,1212.40,1170.70,1198.70,1507889792.00,9866783744.00
2004-07-29,1201.90,1227.50,1188.20,1219.50,1704883200.00,11647312896.00
2004-07-30,1204.70,1215.10,1174.90,1183.20,1397430784.00,9548066816.00
2004-08-02,1151.10,1167.10,1130.50,1147.40,1098321536.00,7723969024.00
2004-08-03,1131.10,1151.00,1115.10,1130.40,1178680960.00,8784216064.00
2004-08-04,1175.30,1228.50,1164.30,1208.60,2416661504.00,15964900352.00
2004-08-05,1202.90,1218.50,1180.40,1189.30,1603312896.00,10745973760.00
2004-08-06,1177.70,1196.70,1157.20,1174.40,1425348992.00,9834730496.00
2004-08-09,1153.20,1170.20,1135.70,1156.00,1224063488.00,8437012992.00
2004-08-10,1128.40,1144.40,1117.30,1133.60,1037804736.00,7100865024.00
2004-08-11,1112.30,1120.40,1087.90,1097.00,1160378368.00,7722774016.00
2004-08-12,1081.00,1090.10,1056.20,1073.00,1341373696.00,8487346688.00
2004-08-13,1053.90,1077.00,1043.70,1059.60,1236448256.00,8197438464.00
2004-08-16,1047.50,1060.40,1021.60,1034.10,1272086272.00,8295052800.00
2004-08-17,1016.90,1034.50,1002.60,1021.60,1104722176.00,7423354368.00
2004-08-18,1012.70,1028.60,998.90,1008.10,1186190336.00,8131955200.00
2004-08-19,1000.70,1011.00,974.40,989.40,1325281920.00,8290755584.00
2004-08-20,980.30,998.00,962.40,982.60,1285609088.00,7885879296.00
2004-08-23,958.20,968.40,936.90,949.80,999296896.00,6247895552.00
2004-08-24,950.70,978.60,939.80,966.50,1545152640.00,8735940608.00
2004-08-25,947.30,958.30,931.80,943.20,1117829888.00,6427170304.00
2004-08-26,920.40,931.10,904.70,915.10,983095296.00,5856795136.00
2004-08-27,901.70,911.80,882.60,892.60,1097407232.00,6507938816.00
2004-08-30,869.80,885.20,856.50,875.50,934910592.00,5490511360.00
2004-08-31,918.30,941.00,905.20,918.50,1860173696.00,11016049664.00
2004-09-01,897.80,903.10,878.80,886.00,1025197952.00,5994209792.00
2004-09-02,879.70,898.20,867.90,892.50,1306422912.00,7480560128.00
2004-09-03,881.20,891.50,869.40,879.20,1209511552.00,6636150272.00
2004-09-06,856.20,864.30,845.20,855.70,898298240.00,5018618368.00
2004-09-07,831.70,840.70,821.80,834.40,869854336.00,4839241728.00
2004-09-08,825.50,832.10,811.20,819.60,1191498624.00,6230534144.00
2004-09-09,816.90,822.20,796.60,803.00,1267146624.00,7075879936.00
2004-09-10,787.30,798.60,776.90,792.10,980208512.00,5511087104.00
2004-09-13,785.10,790.90,761.60,768.30,1123847040.00,6300439552.00
2004-09-14,806.20,839.00,803.50,829.20,1956495360.00,10884620288.00
2004-09-15,989.30,1056.30,982.30,1035.50,4548929536.00,26459475968.00
2004-09-16,1145.10,1173.40,1128.40,1158.10,3747190528.00,22175082496.00
2004-09-17,1322.00,1372.40,1306.40,1364.20,4900168192.00,30161293312.00
2004-09-20,1603.90,1669.10,1585.80,1657.90,6390540288.00,40752914432.00
2004-09-21,1830.10,1868.30,1777.20,1821.50,5585362432.00,36575592448.00
2004-09-22,1915.20,1958.40,1863.00,1886.90,4716376576.00,30966167552.00
2004-09-23,1915.60,1989.70,1888.00,1978.90,3470303232.00,23218960384.00
2004-09-24,2205.80,2268.70,2121.80,2136.80,6433519104.00,46417707008.00
2004-09-27,2157.80,2202.70,2089.60,2114.60,3125778176.00,21013768192.00
2004-09-28,2082.40,2120.80,2045.10,2092.90,2336161280.00,15965840384.00
2004-09-29,2043.50,2065.80,2000.50,2017.00,2069510912.00,14013081600.00
2004-09-30,1968.40,1991.10,1918.50,1938.00,2063399424.00,13866521600.00
2004-10-08,1905.80,1975.80,1868.30,1965.80,2136196096.00,15564534784.00
2004-10-11,2032.80,2089.10,1992.30,2028.50,3692979968.00,27684069376.00
2004-10-12,2015.30,2042.10,1963.00,1986.00,2740707840.00,19049228288.00
2004-10-13,1956.70,1996.90,1921.30,1963.10,2341018368.00,16368299008.00
2004-10-14,1963.50,1978.00,1848.10,1862.10,2790791680.00,19321344000.00
2004-10-15,1824.40,1869.10,1781.80,1831.90,2180904448.00,14931351552.00
2004-10-18,1789.60,1825.10,1753.20,1796.90,1727302912.00,12011046912.00
2004-10-19,1776.10,1820.80,1748.10,1768.80,2118291712.00,14094151680.00
2004-10-20,1729.40,1754.30,1681.40,1729.00,1924417536.00,12550324224.00
2004-10-21,1737.80,1771.10,1689.30,1713.90,2628117248.00,17320445952.00
2004-10-22,1728.70,1774.10,1678.90,1746.80,2851093248.00,18543360000.00
2004-10-25,1779.80,1812.60,1721.90,1744.90,2778146048.00,18816784384.00
2004-10-26,1743.70,1786.90,1699.00,1769.00,2647356416.00,17189775360.00
2004-10-27,1797.90,1843.50,1758.90,1821.60,3216878336.00,20730128384.00
2004-10-28,1843.60,1880.40,1803.60,1831.40,3117857280.00,19991480320.00
2004-10-29,1793.30,1855.70,1753.10,1809.10,2966351360.00,18581993472.00
2004-11-01,1756.80,1787.90,1720.60,1742.50,1868671616.00,11651573760.00
2004-11-02,1691.80,1720.40,1660.40,1693.30,1782292992.00,11057348608.00
2004-11-03,1674.30,1716.70,1654.50,1704.50,2104658432.00,13479823360.00
2004-11-04,1689.00,1709.00,1633.50,1645.90,2197943552.00,14087149568.00
2004-11-05,1607.30,1632.60,1578.90,1601.50,1597941376.00,10207376384.00
2004-11-08,1533.50,1555.30,1509.70,1540.30,1189716352.00,7331151360.00
2004-11-09,1480.10,1501.50,1462.70,1484.90,1174496384.00,7165184512.00
2004-11-10,1553.40,1629.00,1536.30,1614.80,3609711872.00,22368647168.00
2004-11-11,1715.10,1759.30,1685.50,1700.60,4348121088.00,27458627584.00
2004-11-12,1692.70,1727.20,1670.90,1698.40,2514724352.00,15602859008.00
2004-11-15,1687.30,1719.50,1670.00,1705.20,2228004096.00,14296689664.00
2004-11-16,1690.90,1710.40,1661.90,1684.70,2222642432.00,14066294784.00
2004-11-17,1655.00,1671.50,1623.60,1642.70,1960025728.00,12478828544.00
2004-11-18,1612.60,1645.00,1601.10,1635.70,1867515136.00,12086356992.00
2004-11-19,1626.60,1648.90,1603.70,1631.30,2261527296.00,14054624256.00
2004-11-22,1643.80,1672.40,1624.60,1652.10,2661187328.00,16392734720.00
2004-11-23,1660.10,1681.00,1629.20,1651.10,2695032320.00,16190992384.00
2004-11-24,1653.90,1676.80,1617.40,1630.90,2626820864.00,15853117440.00
2004-11-25,1607.20,1631.00,1579.70,1603.00,2172956416.00,12789982208.00
2004-11-26,1563.10,1588.70,1545.90,1564.20,1684185728.00,9832534016.00
2004-11-29,1523.70,1541.30,1490.80,1505.20,1603003776.00,9688798208.00
2004-11-30,1460.40,1487.10,1445.50,1470.30,1503198592.00,9026594816.00
2004-12-01,1436.70,1457.40,1415.20,1433.10,1587195904.00,9735507968.00
2004-12-02,1426.20,1451.80,1404.40,1434.20,2097516672.00,12750568448.00
2004-12-03,1435.70,1465.90,1418.80,1442.60,2205997056.00,13559092224.00
2004-12-06,1417.30,1438.00,1395.40,1418.80,1786857728.00,10420785152.00
2004-12-07,1393.50,1407.10,1358.90,1368.90,1799851904.00,10309037056.00
2004-12-08,1341.20,1361.00,1321.60,1337.00,1595195648.00,8788338688.00
2004-12-09,1347.00,1380.60,1325.10,1355.40,2438815488.00,13558341632.00
2004-12-10,1336.50,1350.30,1299.10,1309.40,1882062336.00,10608029696.00
2004-12-13,1269.30,1287.30,1246.20,1268.80,1410985984.00,8142676992.00
2004-12-14,1230.10,1247.00,1213.60,1226.70,1198177152.00,7068129792.00
2004-12-15,1220.50,1238.80,1190.40,1216.90,1800712320.00,10479003648.00
2004-12-16,1189.10,1204.00,1169.40,1181.00,1371809664.00,7890253312.00
2004-12-17,1143.20,1157.40,1124.50,1135.20,1158168320.00,6543013888.00
2004-12-20,1103.10,1118.10,1081.70,1097.60,1224550784.00,7082739712.00
2004-12-21,1063.50,1082.50,1052.70,1065.90,1071941952.00,5793974784.00
2004-12-22,1083.70,1123.00,1074.40,1116.90,1990957568.00,11397899264.00
2004-12-23,1101.50,1107.60,1069.00,1075.60,1366952960.00,7940984832.00
2004-12-24,1046.80,1066.70,1037.70,1052.00,1088274048.00,6503798784.00
2004-12-27,1024.30,1037.50,1010.50,1022.20,1028106176.00,5959419904.00
2004-12-28,1003.90,1017.50,987.80,1002.90,1204866304.00,6867910656.00
2004-12-29,990.10,1003.10,973.40,983.10,1321622656.00,7412001792.00
2004-12-30,974.40,987.40,957.90,973.10,1318820352.00,7505532928.00
2004-12-31,966.70,978.70,946.30,955.80,1325532800.00,7471225344.00
2005-01-04,934.80,946.20,911.80,927.90,1208181120.00,6706556928.00
2005-01-05,922.00,950.20,913.70,939.10,1373131520.00,7817342976.00
2005-01-06,927.60,935.40,907.70,918.90,1204627456.00,6827005440.00
2005-01-07,917.20,938.70,905.60,920.30,1389347200.00,8091371520.00
2005-01-10,907.30,923.70,897.00,918.10,1178484224.00,6748191232.00
2005-01-11,907.70,919.50,896.10,910.10,1215646976.00,6881539584.00
2005-01-12,895.10,905.10,882.50,897.50,1166542592.00,6435316224.00
2005-01-13,898.50,914.30,888.30,902.50,1439130624.00,8360641536.00
2005-01-14,903.60,918.00,887.30,893.30,1505530624.00,8199001600.00
2005-01-17,892.10,905.40,871.70,886.10,1637452288.00,8754718720.00
2005-01-18,890.60,910.70,878.70,902.50,1616051072.00,8488002560.00
2005-01-19,896.20,906.40,879.90,890.90,1480886272.00,7546688512.00
2005-01-20,893.00,906.10,874.50,889.30,1644512512.00,8766216192.00
2005-01-21,938.70,972.00,913.80,958.30,2583178496.00,13900655616.00
2005-01-24,1035.80,1053.60,1013.30,1034.60,2778139904.00,15277603840.00
2005-01-25,1043.90,1056.70,1021.90,1044.10,1911010304.00,10890766336.00
2005-01-26,1035.60,1047.90,1017.50,1027.30,1568463360.00,8774589440.00
2005-01-27,1013.50,1024.20,990.20,998.60,1498860160.00,8072893440.00
2005-01-28,979.20,991.70,957.40,968.70,1368337920.00,7043185664.00
2005-01-31,954.30,965.40,926.70,939.90,1462839552.00,7506534400.00
2005-02-01,932.60,954.70,917.20,930.20,1537109504.00,7945161216.00
2005-02-02,996.00,1059.40,989.60,1052.80,2939466496.00,16220192768.00
2005-02-03,1113.40,1135.70,1083.20,1098.60,3062268416.00,16579790848.00
2005-02-04,1133.90,1173.90,1121.70,1161.30,2538601216.00,14414184448.00
2005-02-16,1179.90,1204.40,1165.10,1183.10,2192186880.00,12147911680.00
2005-02-17,1170.10,1186.30,1150.40,1174.60,1785118464.00,9614016512.00
2005-02-18,1158.20,1169.20,1134.70,1141.90,1657756672.00,8809120768.00
2005-02-21,1144.10,1173.40,1136.50,1167.00,1919229952.00,10639407104.00
2005-02-22,1247.50,1288.30,1236.40,1277.10,3601957120.00,20230420480.00
2005-02-23,1357.00,1384.80,1334.70,1362.50,3822272256.00,21494446080.00
2005-02-24,1400.60,1426.70,1379.70,1409.50,3131049216.00,17660319744.00
2005-02-25,1478.00,1511.60,1463.10,1479.00,3710222592.00,21579923456.00
2005-02-28,1497.80,1521.00,1472.70,1493.40,2791716608.00,16145015808.00
2005-03-01,1486.80,1507.30,1462.20,1483.90,2419792384.00,13474941952.00
2005-03-02,1508.30,1531.10,1469.70,1480.80,2934665728.00,16795090944.00
2005-03-03,1458.20,1483.90,1439.60,1472.50,2035923840.00,11341746176.00
2005-03-04,1445.70,1461.90,1423.90,1436.80,1797642752.00,10453128192.00
2005-03-07,1413.50,1436.80,1398.20,1419.70,1763667584.00,10377725952.00
2005-03-08,1461.00,1497.90,1448.50,1489.30,2796984320.00,17816025088.00
2005-03-09,1532.40,1554.40,1509.10,1530.00,3071909888.00,18570303488.00
2005-03-10,1546.90,1559.10,1496.50,1508.90,2711758592.00,16117279744.00
2005-03-11,1506.70,1538.40,1488.60,1519.10,2310709760.00,14289299456.00
2005-03-14,1554.10,1587.80,1516.60,1556.80,2868400128.00,18658486272.00
2005-03-15,1560.60,1579.90,1522.80,1538.60,2454245376.00,15234825216.00
2005-03-16,1523.60,1542.20,1486.80,1509.20,2139217280.00,13059212288.00
2005-03-17,1491.30,1512.40,1458.00,1473.20,2047623552.00,12321189888.00
2005-03-18,1453.90,1474.20,1412.00,1430.00,1999539712.00,11764748288.00
2005-03-21,1390.40,1416.90,1367.50,1397.30,1533139072.00,9004954624.00
2005-03-22,1395.60,1415.60,1343.10,1368.30,2269972480.00,12855775232.00
2005-03-23,1363.90,1398.60,1336.00,1362.20,2137126912.00,12675666944.00
2005-03-24,1344.50,1372.00,1316.30,1357.20,1789398912.00,11016933376.00
2005-03-25,1323.40,1340.40,1302.70,1320.30,1545485440.00,8558389760.00
2005-03-28,1285.30,1300.40,1253.40,1283.20,1483400704.00,8162603008.00
2005-03-29,1255.00,1276.30,1235.80,1246.60,1491817344.00,8520739328.00
2005-03-30,1230.30,1241.50,1189.50,1203.10,1826519680.00,9955002368.00
2005-03-31,1176.90,1202.40,1158.10,1192.30,1621299712.00,8368724480.00
2005-04-01,1237.80,1312.30,1217.90,1289.50,2997316096.00,16801835008.00
2005-04-04,1284.70,1307.10,1255.40,1277.40,2221089536.00,12701234176.00
2005-04-05,1262.50,1286.70,1241.00,1256.30,1863140096.00,10428983296.00
2005-04-06,1294.60,1338.10,1272.20,1322.10,2720016896.00,16485472256.00
2005-04-07,1407.50,1462.30,1391.10,1422.10,3876246272.00,22586523648.00
2005-04-08,1451.60,1489.50,1434.10,1479.50,2957944832.00,16647692288.00
2005-04-11,1518.90,1545.80,1484.60,1509.10,3180120576.00,18481416192.00
2005-04-12,1495.50,1513.10,1458.80,1472.10,2214592768.00,12813277184.00
2005-04-13,1514.30,1562.50,1502.00,1537.00,3132272128.00,17913452544.00
2005-04-14,1543.40,1562.00,1501.60,1516.00,2631290624.00,14726649856.00
2005-04-15,1496.40,1514.80,1459.20,1479.80,2333703936.00,12922299392.00
2005-04-18,1448.50,1467.70,1414.80,1438.40,1894519168.00,10347480064.00
2005-04-19,1410.20,1434.50,1386.20,1412.10,1837066112.00,10243540992.00
2005-04-20,1386.20,1399.60,1345.80,1366.50,1891913472.00,10094385152.00
2005-04-21,1356.90,1382.00,1321.60,1346.90,2157801984.00,11661472768.00
2005-04-22,1342.00,1367.80,1309.60,1333.00,2239889664.00,11850923008.00
2005-04-25,1323.50,1342.70,1277.20,1310.90,2229738752.00,11605580800.00
2005-04-26,1310.40,1349.20,1289.50,1329.20,2326998016.00,12245412864.00
2005-04-27,1326.40,1343.80,1288.10,1303.90,2179870464.00,11510255616.00
2005-04-28,1321.00,1371.90,1292.90,1354.60,2856704512.00,14918814720.00
2005-04-29,1349.80,1371.40,1316.20,1334.40,2291267328.00,12026356736.00
2005-05-09,1336.20,1355.00,1281.00,1294.00,1697052672.00,8692229120.00
2005-05-10,1277.80,1306.10,1241.00,1289.80,2091617536.00,10541609984.00
2005-05-11,1265.50,1288.90,1234.20,1253.90,1829748096.00,9249994752.00
2005-05-12,1243.40,1264.50,1209.60,1231.90,1955556480.00,10279288832.00
2005-05-13,1221.90,1255.40,1201.00,1232.70,2144163200.00,10542477312.00
2005-05-16,1203.80,1219.00,1170.80,1193.40,1728714880.00,8350380544.00
2005-05-17,1174.10,1207.10,1160.00,1189.30,1888502784.00,8722765824.00
2005-05-18,1174.00,1195.50,1153.10,1180.20,1756668672.00,8516155904.00
2005-05-19,1157.10,1172.50,1133.60,1158.30,1723408512.00,8079597568.00
2005-05-20,1130.40,1148.10,1114.60,1128.20,1574735104.00,7359945728.00
2005-05-23,1100.20,1107.80,1066.80,1078.50,1610011264.00,7247783424.00
2005-05-24,1062.00,1094.20,1046.30,1079.60,1848396928.00,8479214592.00
2005-05-25,1060.60,1080.40,1045.20,1061.70,1731772288.00,7665104384.00
2005-05-26,1043.70,1058.50,1021.40,1032.50,1586794496.00,7350691840.00
2005-05-27,1016.90,1037.00,998.30,1009.90,1628384896.00,7734160896.00
2005-05-30,988.70,1011.00,974.60,1001.50,1468661760.00,6781646336.00
2005-05-31,988.10,1002.80,974.50,985.70,1553092480.00,6989937152.00
2005-06-01,974.80,985.30,942.30,954.70,1686583552.00,7796855808.00
2005-06-02,956.00,969.00,927.30,943.10,1832330496.00,8898497536.00
2005-06-03,933.70,952.30,912.10,933.40,1682741120.00,7682739200.00
2005-06-06,930.50,962.00,911.60,956.70,1811488512.00,8350643200.00
2005-06-07,993.80,1024.40,978.30,991.40,2621860864.00,12833180672.00
2005-06-08,1166.20,1261.30,1152.50,1252.30,6237496320.00,29805684736.00
2005-06-09,1412.10,1461.20,1380.80,1431.40,6360843776.00,31259348992.00
2005-06-10,1491.40,1509.70,1439.10,1460.10,4398169600.00,21258313728.00
2005-06-13,1457.70,1486.10,1420.60,1457.90,3043313664.00,14216107008.00
2005-06-14,1458.80,1482.90,1417.70,1428.00,2905735424.00,13775863808.00
2005-06-15,1402.30,1417.60,1360.00,1377.30,2374686720.00,11321279488.00
2005-06-16,1356.00,1387.10,1333.00,1374.70,2219240448.00,10905587712.00
2005-06-17,1381.20,1401.90,1345.20,1365.60,2570629632.00,13077712896.00
2005-06-20,1408.80,1463.40,1376.60,1453.70,3448315392.00,17340979200.00
2005-06-21,1454.00,1470.30,1423.50,1440.00,2608030208.00,13031288832.00
2005-06-22,1421.20,1444.60,1400.70,1430.40,2166555648.00,10909150208.00
2005-06-23,1408.60,1430.20,1385.90,1398.60,2057508096.00,10414048256.00
2005-06-24,1366.80,1388.20,1351.80,1379.40,1877249664.00,8815060992.00
2005-06-27,1435.20,1478.50,1429.40,1458.50,3593712384.00,17830258688.00
2005-06-28,1446.70,1456.40,1415.00,1430.00,2301098496.00,11228054528.00
2005-06-29,1415.60,1434.10,1394.30,1405.90,2157478400.00,10728816640.00
2005-06-30,1389.70,1400.20,1349.30,1358.20,2261465856.00,10750509056.00
2005-07-01,1338.70,1352.90,1293.40,1307.40,2339345920.00,10347815936.00
2005-07-04,1272.60,1292.30,1235.70,1276.50,2068176896.00,8488375296.00
2005-07-05,1240.70,1258.20,1218.50,1235.10,1698935680.00,8077145088.00
2005-07-06,1199.40,1217.20,1175.50,1190.00,1556100224.00,6968860160.00
2005-07-07,1146.40,1165.80,1133.20,1152.30,1418465792.00,6029930496.00
2005-07-08,1120.50,1128.20,1084.60,1097.00,1725706752.00,7108716544.00
2005-07-11,1089.40,1119.00,1060.10,1068.60,1850135424.00,7868717056.00
2005-07-12,1085.20,1142.00,1070.40,1130.80,2907141632.00,12904855552.00
2005-07-13,1115.30,1130.00,1093.70,1110.50,2094388480.00,9219391488.00
2005-07-14,1094.00,1117.50,1081.10,1098.90,1980661888.00,8674741248.00
2005-07-15,1085.00,1098.80,1055.90,1067.50,2057200768.00,8421816832.00
2005-07-18,1040.90,1054.90,1015.90,1031.70,1792229120.00,7022361600.00
2005-07-19,1004.60,1025.30,991.90,1012.80,1614316544.00,6521635840.00
2005-07-20,994.40,1013.10,982.60,1002.10,1722278912.00,7134589952.00
2005-07-21,989.20,1001.60,970.00,989.00,1754911232.00,7488643584.00
2005-07-22,1061.90,1097.80,1046.80,1078.60,3926814976.00,16846429184.00
2005-07-25,1083.80,1100.20,1065.40,1082.10,2315366144.00,10079065088.00
2005-07-26,1145.70,1186.90,1138.60,1173.50,3918314752.00,17097559040.00
2005-07-27,1224.70,1258.20,1210.30,1251.40,3875489792.00,16611879936.00
2005-07-28,1312.40,1337.50,1293.60,1310.10,4190894336.00,18280640512.00
2005-07-29,1310.30,1329.60,1292.10,1310.20,2880184832.00,11875047424.00
2005-08-01,1299.30,1324.20,1286.20,1308.70,2418885888.00,10212970496.00
2005-08-02,1319.80,1345.60,1304.10,1339.50,3129665536.00,12699517952.00
2005-08-03,1422.70,1460.80,1409.50,1430.60,5254737408.00,21674366976.00
2005-08-04,1432.30,1451.80,1410.10,1429.20,3236466944.00,13467351040.00
2005-08-05,1487.30,1534.00,1478.50,1525.70,4365515264.00,20044300288.00
2005-08-08,1605.70,1642.30,1586.10,1614.50,5018973696.00,23183669248.00
2005-08-09,1654.90,1688.40,1628.30,1675.50,4545884672.00,20152358912.00
2005-08-10,1725.80,1758.10,1696.00,1742.10,5072769024.00,21891993600.00
2005-08-11,1828.30,1870.00,1804.50,1850.00,5860808192.00,27166599168.00
2005-08-12,1943.60,1980.50,1885.50,1910.70,6484017152.00,29274116096.00
2005-08-15,1946.70,2006.60,1922.30,1992.60,4822531072.00,23521615872.00
2005-08-16,2040.30,2075.30,1991.20,2023.10,5363040256.00,25515739136.00
2005-08-17,2049.90,2100.90,2002.90,2084.10,5390559232.00,24782721024.00
2005-08-18,2198.70,2251.00,2094.80,2114.40,7807032832.00,35408957440.00
2005-08-19,2106.20,2164.40,2060.30,2119.00,5029412352.00,22281336832.00
2005-08-22,2073.00,2122.10,2041.20,2096.20,3745335552.00,16319939584.00
2005-08-23,2044.90,2066.30,1986.70,2019.10,3426093312.00,14833211392.00
2005-08-24,1978.30,2023.70,1958.20,2000.00,3499478272.00,15266536448.00
2005-08-25,1967.60,2004.60,1935.00,1981.60,3872923648.00,16311172096.00
2005-08-26,1957.70,1990.10,1921.60,1958.70,4020558336.00,16872685568.00
2005-08-29,1930.30,1955.90,1880.50,1909.20,4059854080.00,16134220800.00
2005-08-30,1857.10,1889.00,1826.30,1849.70,3102903296.00,13227165696.00
2005-08-31,1825.40,1871.70,1801.00,1859.70,3688766208.00,15929459712.00
2005-09-01,1898.00,1955.50,1877.80,1936.70,5469592576.00,23734620160.00
2005-09-02,1949.30,1985.00,1922.20,1957.50,4766961152.00,21038329856.00
2005-09-05,1952.00,1990.20,1928.80,1972.30,4288533760.00,18752696320.00
2005-09-06,2010.80,2042.00,1945.40,1962.80,5529212928.00,24541804544.00
2005-09-07,1968.40,2033.20,1945.50,2021.80,4773433344.00,21695873024.00
2005-09-08,2052.40,2089.80,2012.60,2051.90,5147947008.00,24158281728.00
2005-09-09,2021.40,2048.70,1983.90,2005.40,3745298688.00,17165184000.00
2005-09-12,1954.80,1983.40,1929.60,1961.30,2843529984.00,12427030528.00
2005-09-13,1960.50,2006.10,1944.10,1998.30,4171643136.00,18618914816.00
2005-09-14,2035.90,2070.90,2009.60,2050.40,5297363456.00,23929827328.00
2005-09-15,2051.60,2082.30,2025.30,2057.10,4388998656.00,20135622656.00
2005-09-16,2035.60,2061.10,2008.20,2036.00,3806223104.00,17132142592.00
2005-09-19,2030.40,2067.60,2010.70,2053.30,4089085952.00,18273228800.00
2005-09-20,2088.90,2115.80,2042.20,2075.30,5157722624.00,23406309376.00
2005-09-21,2093.60,2120.40,2040.50,2062.50,5260561408.00,22681432064.00
2005-09-22,2063.20,2085.20,1968.00,2005.10,4706510336.00,21058641920.00
2005-09-23,1950.60,1986.20,1912.10,1934.00,3198629888.00,14106059776.00
2005-09-26,1869.10,1902.60,1842.20,1881.10,2351368192.00,10770723840.00
2005-09-27,1846.80,1869.10,1791.50,1808.30,2997442048.00,13491519488.00
2005-09-28,1757.90,1788.90,1730.40,1752.80,2472086272.00,10982146048.00
2005-09-29,1727.20,1773.80,1713.80,1759.50,3082233600.00,13826072576.00
2005-09-30,1718.90,1744.20,1692.30,1716.40,2474662912.00,11411287040.00
2005-10-10,1664.10,1682.80,1622.20,1641.80,1946134784.00,8997014528.00
2005-10-11,1603.50,1648.50,1587.50,1641.00,2266836992.00,10559088640.00
2005-10-12,1642.30,1675.00,1619.80,1655.30,3001787392.00,14823309312.00
2005-10-13,1645.60,1668.70,1618.60,1636.90,2772351488.00,13708759040.00
2005-10-14,1619.70,1642.20,1589.40,1606.90,2500576768.00,12397356032.00
2005-10-17,1592.80,1618.30,1562.70,1595.70,2475203328.00,11949460480.00
2005-10-18,1599.70,1636.30,1582.60,1619.40,2986936576.00,14299068416.00
2005-10-19,1621.10,1647.30,1593.60,1610.10,3021054464.00,14021746688.00
2005-10-20,1610.90,1634.00,1575.20,1613.00,3022863360.00,14161902592.00
2005-10-21,1612.10,1644.80,1594.50,1622.90,2958200320.00,13909810176.00
2005-10-24,1615.70,1641.50,1590.60,1618.70,2767060224.00,12826331136.00
2005-10-25,1611.80,1627.60,1573.20,1587.40,2794709248.00,12878414848.00
2005-10-26,1586.20,1604.30,1537.40,1551.80,3107355648.00,13871080448.00
2005-10-27,1538.00,1567.00,1506.60,1536.20,2753520896.00,12409620480.00
2005-10-28,1529.70,1549.80,1472.90,1500.70,2891611904.00,12475170816.00
2005-10-31,1475.30,1510.80,1455.20,1490.60,2436959232.00,10383153152.00
2005-11-01,1468.10,1485.90,1428.70,1462.80,2374375680.00,10268058624.00
2005-11-02,1464.90,1506.90,1455.00,1489.80,3066466560.00,13215068160.00
2005-11-03,1478.10,1498.90,1447.70,1466.10,2722415360.00,11952248832.00
2005-11-04,1437.00,1460.20,1416.20,1447.20,2210416640.00,9822326784.00
2005-11-07,1418.60,1441.20,1396.70,1428.70,2045057792.00,9167921152.00
2005-11-08,1410.00,1434.20,1392.50,1421.50,2458973440.00,10547714048.00
2005-11-09,1419.10,1443.00,1400.10,1416.30,2730456064.00,12249627648.00
2005-11-10,1410.40,1425.20,1370.40,1382.30,2767859456.00,12260819968.00
2005-11-11,1353.80,1381.00,1335.20,1362.60,2211182848.00,9418161152.00
2005-11-14,1319.40,1337.10,1300.70,1322.70,1592593280.00,6750294528.00
2005-11-15,1306.40,1324.60,1280.20,1294.50,2040230016.00,9060857856.00
2005-11-16,1273.20,1293.30,1249.70,1285.40,2027467264.00,8543438336.00
2005-11-17,1265.10,1282.70,1249.70,1265.30,1978101888.00,8370833408.00
2005-11-18,1307.50,1356.10,1299.50,1340.80,3677497600.00,16221802496.00
2005-11-21,1336.10,1354.90,1322.00,1338.90,2506259712.00,10691939328.00
2005-11-22,1324.40,1334.10,1293.20,1300.10,2291747584.00,9492247552.00
2005-11-23,1269.30,1295.20,1260.80,1284.80,1954509696.00,7935625728.00
2005-11-24,1280.20,1304.70,1270.40,1288.20,2592212992.00,10782056448.00
2005-11-25,1272.70,1286.90,1257.80,1275.50,2311437056.00,9272262656.00
2005-11-28,1254.60,1268.20,1236.10,1249.50,1955088896.00,8333302272.00
2005-11-29,1225.40,1235.10,1204.60,1212.50,1841156352.00,7698192384.00
2005-11-30,1195.70,1212.80,1181.50,1203.30,1918185344.00,8561575424.00
2005-12-01,1177.00,1191.10,1163.10,1176.80,1564315776.00,7066975232.00
2005-12-02,1167.20,1181.30,1147.80,1160.00,2077296256.00,8842404864.00
2005-12-05,1149.50,1157.90,1119.40,1128.30,2057247488.00,8643993600.00
2005-12-06,1112.10,1133.60,1100.30,1121.20,1839500800.00,7891486720.00
2005-12-07,1105.00,1124.20,1096.00,1116.20,1750124544.00,7434477056.00
2005-12-08,1107.50,1121.70,1092.30,1106.90,1856536192.00,8245953024.00
2005-12-09,1113.90,1140.80,1105.20,1133.80,2350527744.00,10216967168.00
2005-12-12,1134.70,1151.50,1123.50,1140.60,2127073152.00,9386907648.00
2005-12-13,1134.80,1147.80,1118.90,1138.40,1981692160.00,8932317184.00
2005-12-14,1156.30,1177.20,1144.00,1168.50,2546201088.00,11480792064.00
2005-12-15,1193.30,1208.70,1176.40,1186.60,2820243200.00,12550720512.00
2005-12-16,1185.30,1204.50,1176.50,1196.90,2186478336.00,9862220800.00
2005-12-19,1187.20,1199.40,1175.30,1188.50,1997574144.00,8418734592.00
2005-12-20,1181.90,1195.30,1170.30,1187.60,1996895104.00,8663383040.00
2005-12-21,1183.60,1194.70,1168.50,1176.40,2033928704.00,8863310848.00
2005-12-22,1168.40,1184.60,1159.30,1177.90,1849565184.00,8378632192.00
2005-12-23,1192.20,1210.60,1185.00,1203.70,2387584768.00,10732104704.00
2005-12-26,1244.90,1265.50,1236.50,1254.10,3053621248.00,13817018368.00
2005-12-27,1265.70,1277.50,1250.60,1264.00,2558426880.00,11217946624.00
2005-12-28,1268.90,1282.30,1256.90,1272.60,2353529856.00,10578084864.00
2005-12-29,1334.70,1360.50,1325.90,1349.80,3465584384.00,17167002624.00
2005-12-30,1394.50,1407.80,1366.80,1379.30,3116480768.00,15757573120.00
2006-01-04,1433.20,1466.90,1421.10,1455.90,3458637312.00,17656793088.00
2006-01-05,1547.00,1580.50,1530.40,1567.70,4620528640.00,23047995392.00
2006-01-06,1676.00,1713.00,1654.90,1689.60,5297405440.00,26430173184.00
2006-01-09,1752.80,1785.40,1731.60,1767.90,4562653184.00,22252441600.00
2006-01-10,1811.50,1836.80,1783.60,1821.60,4183631360.00,20796338176.00
2006-01-11,1878.30,1907.90,1844.00,1869.60,4829432320.00,23194005504.00
2006-01-12,1904.50,1948.50,1887.20,1936.70,4426231808.00,20959793152.00
2006-01-13,1979.60,2008.60,1947.90,1974.20,4590503936.00,21546997760.00
2006-01-16,1993.10,2018.30,1951.60,1964.60,4121277952.00,19288868864.00
2006-01-17,1946.70,1978.50,1926.10,1955.30,3201225728.00,15128809472.00
2006-01-18,1975.10,2029.90,1963.70,2015.20,4086819328.00,19272185856.00
2006-01-19,2063.30,2101.10,2036.40,2078.30,4945553920.00,22979993600.00
2006-01-20,2127.70,2166.40,2094.30,2135.20,5046682112.00,24323018752.00
2006-01-23,2171.40,2213.30,2139.40,2185.20,4622773760.00,22123833344.00
2006-01-24,2235.90,2280.10,2198.80,2233.00,4725255168.00,24629221376.00
2006-01-25,2247.20,2293.10,2210.20,2259.40,4279128320.00,21345316864.00
2006-02-06,2295.90,2360.10,2273.10,2343.40,4574436352.00,23151570944.00
2006-02-07,2422.50,2470.00,2369.30,2417.50,5998898176.00,30478436352.00
2006-02-08,2439.00,2478.70,2397.80,2447.40,4958749696.00,24042964992.00
2006-02-09,2450.10,2476.90,2397.90,2421.00,4437255168.00,21394821120.00
2006-02-10,2417.00,2469.00,2395.00,2445.50,4188200704.00,20484460544.00
2006-02-13,2444.20,2472.30,2392.30,2435.60,4145394432.00,20295987200.00
2006-02-14,2414.20,2454.80,2389.00,2433.00,3664901632.00,17844518912.00
2006-02-15,2448.80,2487.70,2420.00,2449.30,4624344064.00,22295519232.00
2006-02-16,2476.90,2497.30,2394.90,2419.50,5123091456.00,24477710336.00
2006-02-17,2404.80,2448.10,2367.90,2396.40,4087124992.00,19572736000.00
2006-02-20,2377.80,2418.20,2346.00,2372.70,3552683008.00,17686978560.00
2006-02-21,2378.80,2431.50,2346.00,2420.80,4148933888.00,20754061312.00
2006-02-22,2426.50,2464.60,2399.70,2425.90,4336539648.00,21113184256.00
2006-02-23,2399.80,2431.20,2363.40,2404.60,3717384448.00,17260961792.00
2006-02-24,2391.60,2428.20,2372.10,2408.20,3707798016.00,17842931712.00
2006-02-27,2442.00,2467.10,2404.10,2425.80,3974761216.00,19456243712.00
2006-02-28,2402.70,2433.80,2360.40,2418.50,3603372800.00,17158928384.00
2006-03-01,2406.50,2442.20,2385.70,2421.00,3689851648.00,17960220672.00
2006-03-02,2438.50,2463.80,2376.80,2398.10,4561207808.00,22582804480.00
2006-03-03,2388.90,2427.80,2355.50,2398.40,3882539264.00,18861948928.00
2006-03-06,2363.00,2391.20,2329.70,2353.60,3193938432.00,14927460352.00
2006-03-07,2330.50,2343.30,2264.40,2277.40,3517104384.00,16152563712.00
2006-03-08,2239.30,2265.40,2200.90,2237.10,3085258240.00,14301027328.00
2006-03-09,2177.40,2202.00,2148.70,2168.90,2392937472.00,11274797056.00
2006-03-10,2114.40,2145.40,2097.70,2123.10,2271265792.00,10828398592.00
2006-03-13,2075.00,2108.00,2060.90,2095.50,2235791104.00,10503315456.00
2006-03-14,2053.00,2073.10,2028.00,2053.80,2285701888.00,10677917696.00
2006-03-15,2038.10,2073.70,2024.50,2062.00,2864323072.00,14057231360.00
2006-03-16,2046.90,2070.90,2025.30,2048.10,2895536128.00,14102378496.00
2006-03-17,2034.40,2055.60,2008.00,2028.90,3001910016.00,14487401472.00
2006-03-20,2023.70,2059.10,2005.30,2048.80,3065698560.00,14689030144.00
2006-03-21,2072.00,2106.70,2054.60,2080.80,3803597312.00,18439987200.00
2006-03-22,2094.10,2129.30,2073.90,2115.80,3737485824.00,18013155328.00
2006-03-23,2147.60,2181.30,2123.50,2157.00,4289652736.00,20617691136.00
2006-03-24,2184.70,2214.10,2151.60,2171.50,4101911808.00,20194594816.00
2006-03-27,2176.30,2211.10,2153.00,2196.30,3505672448.00,16812851200.00
2006-03-28,2226.60,2262.10,2205.30,2239.30,4386258432.00,19898353664.00
2006-03-29,2322.90,2372.60,2299.60,2331.90,5647207936.00,27591979008.00
2006-03-30,2357.80,2389.30,2316.80,2337.80,4396538368.00,22075940864.00
2006-03-31,2361.80,2409.70,2332.70,2386.70,4361797632.00,22330787840.00
2006-04-03,2454.50,2524.30,2434.10,2505.00,5495172608.00,28657504256.00
2006-04-04,2592.40,2644.30,2554.50,2614.90,6115011072.00,31911213056.00
2006-04-05,2693.70,2752.30,2662.10,2719.40,6242225664.00,32649197568.00
2006-04-06,2809.30,2876.10,2767.30,2817.80,6975163904.00,35741716480.00
2006-04-07,2884.00,2942.80,2835.80,2900.50,6661579776.00,33722589184.00
2006-04-10,2967.90,3039.00,2927.00,3011.80,6846604288.00,33521850368.00
2006-04-11,3096.10,3152.70,3039.30,3095.80,7247699456.00,36641685504.00
2006-04-12,3115.90,3166.00,3059.60,3105.60,6332160512.00,31095756800.00
2006-04-13,3145.30,3189.80,3038.00,3060.20,7038908928.00,33722494976.00
2006-04-14,3060.10,3162.00,3026.60,3142.30,6096401408.00,29312034816.00
2006-04-17,3179.40,3252.20,3133.40,3197.40,6736205312.00,33142032384.00
2006-04-18,3212.30,3276.20,3161.90,3228.30,6049682432.00,30672590848.00
2006-04-19,3266.40,3328.70,3201.20,3277.30,6478038528.00,34018902016.00
2006-04-20,3331.20,3398.80,3250.70,3318.70,6986036736.00,37495279616.00
2006-04-21,3364.70,3467.10,3302.70,3411.10,7434329088.00,39436595200.00
2006-04-24,3510.40,3588.60,3400.60,3480.10,8204379136.00,44274515968.00
2006-04-25,3501.50,3609.10,3404.80,3530.90,7069103616.00,39140499456.00
2006-04-26,3595.80,3722.80,3514.40,3617.40,7747113984.00,44139958272.00
2006-04-27,3610.10,3693.10,3537.10,3617.60,6200820224.00,33740775424.00
2006-04-28,3622.50,3767.40,3549.10,3717.20,7331151872.00,40541646848.00
2006-05-08,3814.40,3970.80,3782.30,3937.20,8064808448.00,44778438656.00
2006-05-09,4097.60,4252.60,4039.20,4188.80,10398858240.00,57420943360.00
2006-05-10,4328.20,4459.30,4226.20,4369.00,10566047744.00,58856210432.00
2006-05-11,4543.20,4715.20,4425.30,4503.60,12048020480.00,68404428800.00
2006-05-12,4621.10,4824.90,4563.80,4781.90,10815260672.00,62528438272.00
2006-05-15,5052.70,5254.50,4950.90,5210.90,13911588864.00,80848101376.00
2006-05-16,5449.70,5594.40,5164.80,5272.20,14363147264.00,86251118592.00
2006-05-17,5326.00,5528.90,5162.80,5362.80,11341510656.00,67585851392.00
2006-05-18,5298.30,5452.80,5140.90,5346.20,9865324544.00,56558694400.00
2006-05-19,5391.40,5608.80,5312.90,5526.30,11781908480.00,64370155520.00
2006-05-22,5571.60,5765.20,5460.50,5622.90,11915899904.00,67102908416.00
2006-05-23,5586.30,5660.60,5315.50,5385.30,10870233088.00,60284575744.00
2006-05-24,5392.50,5558.30,5137.60,5301.40,9496027136.00,54316175360.00
2006-05-25,5134.50,5266.90,5022.80,5177.20,6575520768.00,36866646016.00
2006-05-26,5108.30,5247.00,5046.80,5186.20,6983898624.00,39552200704.00
2006-05-29,5171.70,5323.50,5085.40,5272.20,8224820224.00,47170150400.00
2006-05-30,5285.40,5416.90,5183.00,5331.20,8599465984.00,51994746880.00
2006-05-31,5306.80,5430.70,5165.40,5270.90,9367166976.00,54424793088.00
2006-06-01,5286.40,5515.40,5231.90,5458.70,10776914944.00,60854128640.00
2006-06-02,5566.00,5703.20,5395.90,5516.60,12485249024.00,71202242560.00
2006-06-05,5510.50,5665.50,5365.20,5580.60,10472379392.00,56936419328.00
2006-06-06,5517.90,5641.40,5394.10,5495.30,8959929344.00,50005520384.00
2006-06-07,5489.70,5554.80,5106.80,5152.80,9999621120.00,56623972352.00
2006-06-08,5043.00,5190.70,4885.80,5107.90,8566270464.00,46767763456.00
2006-06-09,4999.40,5103.40,4837.10,4895.00,7587777024.00,41382318080.00
2006-06-12,4706.10,4842.60,4620.70,4751.20,4966043648.00,28264308736.00
2006-06-13,4621.10,4739.90,4537.20,4641.80,5277274112.00,29853341696.00
2006-06-14,4488.50,4558.90,4357.00,4471.90,5247531520.00,28279433216.00
2006-06-15,4337.20,4438.90,4281.80,4347.70,4616742400.00,25301657600.00
2006-06-16,4279.50,4401.40,4249.20,4362.50,5520771072.00,30624376832.00
2006-06-19,4278.00,4439.80,4214.20,4372.80,5992368128.00,35379388416.00
2006-06-20,4299.30,4392.70,4236.80,4336.20,5739109376.00,32935542784.00
2006-06-21,4292.60,4376.60,4208.70,4287.60,6500436480.00,36832174080.00
2006-06-22,4195.40,4278.20,4135.00,4203.30,5406456320.00,30149144576.00
2006-06-23,4144.10,4241.10,4084.80,4191.50,5564808192.00,32509440000.00
2006-06-26,4182.70,4297.00,4139.60,4243.60,6265274368.00,37341761536.00
2006-06-27,4223.00,4299.00,4151.70,4225.80,5985736704.00,35668901888.00
2006-06-28,4157.80,4227.90,4093.20,4160.50,5534461952.00,31394942976.00
2006-06-29,4220.70,4351.80,4193.30,4300.30,8378206720.00,47741440000.00
2006-06-30,4368.70,4441.40,4278.60,4342.60,7912018432.00,45950644224.00
2006-07-03,4389.50,4503.90,4333.00,4460.50,7900992512.00,46772244480.00
2006-07-04,4533.10,4611.90,4424.40,4503.60,8777213952.00,52952457216.00
2006-07-05,4475.60,4532.50,4338.60,4435.60,8691734528.00,47861751808.00
2006-07-06,4497.00,4651.50,4461.00,4602.20,7810649600.00,46834941952.00
2006-07-07,4619.30,4700.20,4529.70,4594.80,7734880256.00,46615097344.00
2006-07-10,4520.30,4603.10,4432.40,4535.20,6390121472.00,38859657216.00
2006-07-11,4500.70,4589.20,4427.20,4530.90,6705446400.00,40609988608.00
2006-07-12,4561.80,4664.10,4484.70,4560.10,8123979776.00,50293518336.00
2006-07-13,4685.20,4737.30,4373.30,4412.30,10965658624.00,64351907840.00
2006-07-14,4321.50,4488.20,4267.00,4409.30,6988313600.00,40763424768.00
2006-07-17,4319.30,4440.80,4262.90,4393.60,5444565504.00,32505147392.00
2006-07-18,4295.50,4368.60,4216.00,4318.90,5334390784.00,31034253312.00
2006-07-19,4236.10,4279.30,4077.40,4137.20,5783731712.00,33423974400.00
2006-07-20,4020.20,4112.10,3967.80,4052.00,4624664576.00,25855508480.00
2006-07-21,3950.60,4034.60,3902.50,3975.80,4781732864.00,26354087936.00
2006-07-24,3845.50,3937.50,3772.70,3898.70,4836334592.00,27008698368.00
2006-07-25,3853.20,3953.30,3824.90,3902.60,5329994240.00,30656614400.00
2006-07-26,3839.60,3896.50,3779.90,3833.00,5056304640.00,28094949376.00
2006-07-27,3795.20,3851.00,3699.70,3755.70,5731887616.00,32098910208.00
2006-07-28,3710.60,3761.50,3608.20,3678.90,5361847808.00,30162233344.00
2006-07-31,3644.50,3676.00,3481.20,3511.00,5390727680.00,30357356544.00
2006-08-01,3460.60,3526.10,3382.40,3422.30,4823602176.00,26151960576.00
2006-08-02,3357.20,3410.90,3266.00,3341.90,4427151872.00,24074588160.00
2006-08-03,3248.30,3294.50,3184.80,3237.60,3334684928.00,18817667072.00
2006-08-04,3178.20,3219.70,3062.20,3086.30,4077919232.00,22106148864.00
2006-08-07,3003.80,3058.30,2928.40,2975.00,3822288128.00,19701055488.00
2006-08-08,2914.20,3007.40,2895.30,2989.40,3743845888.00,19178403840.00
2006-08-09,2920.30,2962.90,2869.10,2916.90,3498119424.00,18029363200.00
2006-08-10,2879.70,2949.40,2857.50,2926.10,4119393536.00,21490563072.00
2006-08-11,2877.40,2923.70,2835.60,2888.20,3784234752.00,19906936832.00
2006-08-14,2850.10,2883.20,2747.40,2776.40,4061874432.00,21337245696.00
2006-08-15,2748.60,2823.80,2720.60,2808.30,3317220864.00,17656045568.00
2006-08-16,2804.90,2873.10,2776.90,2846.90,4557068288.00,24762284032.00
2006-08-17,2791.80,2819.20,2731.30,2778.40,3810265600.00,19703414784.00
2006-08-18,2717.20,2763.10,2683.30,2710.10,3619672064.00,17969750016.00
2006-08-21,2594.60,2703.60,2564.90,2690.20,3729038848.00,19121254400.00
2006-08-22,2683.80,2747.00,2659.70,2713.20,4151975936.00,23336083456.00
2006-08-23,2720.40,2768.40,2684.30,2715.90,4351920128.00,24942833664.00
2006-08-24,2682.80,2730.60,2649.90,2710.70,3905100800.00,21439637504.00
2006-08-25,2716.00,2763.60,2685.40,2718.70,4523324416.00,25429800960.00
2006-08-28,2801.50,2885.20,2776.30,2862.60,6124969984.00,34270461952.00
2006-08-29,2995.10,3068.10,2957.40,2992.40,7470451712.00,42445758464.00
2006-08-30,2981.80,3043.50,2949.10,3015.10,5083950592.00,27948945408.00
2006-08-31,3038.90,3095.90,3001.20,3053.60,5729041920.00,30836916224.00
2006-09-01,3077.80,3115.70,2992.90,3022.00,5793227776.00,31675867136.00
2006-09-04,3010.40,3096.60,2989.60,3074.30,5195446784.00,27986567168.00
2006-09-05,3112.40,3170.10,3065.00,3114.90,6136650752.00,33401358336.00
2006-09-06,3119.00,3167.40,3068.90,3131.10,5456304128.00,29721421824.00
2006-09-07,3113.90,3139.80,3033.20,3065.50,4878287872.00,26889422848.00
2006-09-08,3006.40,3063.20,2978.50,3019.10,4095401472.00,22129770496.00
2006-09-11,3007.30,3060.00,2950.10,3024.80,4768542720.00,26424446976.00
2006-09-12,3038.90,3093.30,3005.60,3053.30,5613199360.00,30135549952.00
2006-09-13,3094.30,3139.00,3032.40,3057.70,6233828864.00,33358424064.00
2006-09-14,3047.80,3097.50,2994.00,3054.80,5096880128.00,28120799232.00
2006-09-15,3106.00,3182.70,3079.60,3151.60,6565236736.00,34621935616.00
2006-09-18,3201.10,3267.60,3164.70,3232.70,6447990272.00,34681241600.00
2006-09-19,3266.10,3319.90,3218.80,3263.60,6248954368.00,34143025152.00
2006-09-20,3263.90,3320.20,3220.40,3279.30,5792656896.00,31907895296.00
2006-09-21,3293.40,3353.70,3256.40,3306.90,5837878784.00,32489574400.00
2006-09-22,3359.70,3411.60,3287.60,3325.50,6313822208.00,36936192000.00
2006-09-25,3331.00,3399.70,3274.60,3336.50,5577572864.00,32670982144.00
2006-09-26,3307.10,3352.10,3239.60,3287.60,4846023168.00,27364091904.00
2006-09-27,3242.80,3306.60,3205.80,3275.40,4385658368.00,24984768512.00
2006-09-28,3284.00,3354.00,3250.70,3312.40,5083701760.00,31013367808.00
2006-09-29,3359.60,3433.10,3333.30,3390.80,6146523648.00,36147453952.00
2006-10-09,3525.50,3606.90,3474.30,3559.40,7694304768.00,44077010944.00
2006-10-10,3665.90,3740.90,3600.80,3675.20,8191316480.00,46851485696.00
2006-10-11,3698.30,3761.20,3632.00,3705.90,6993842176.00,38536290304.00
2006-10-12,3763.60,3827.80,3677.30,3723.50,7893996032.00,42606604288.00
2006-10-13,3709.10,3787.10,3665.80,3731.70,6280590336.00,35027865600.00
2006-10-16,3753.20,3814.90,3679.10,3731.10,6881170944.00,37137776640.00
2006-10-17,3702.10,3764.40,3642.10,3692.70,5966648320.00,33636208640.00
2006-10-18,3662.20,3747.10,3628.00,3718.10,5629744640.00,32390766592.00
2006-10-19,3706.40,3773.50,3659.80,3719.90,6225775104.00,35170156544.00
2006-10-20,3728.50,3795.10,3664.00,3714.00,6509312000.00,37233238016.00
2006-10-23,3734.10,3785.20,3591.70,3633.50,6855409664.00,38374412288.00
2006-10-24,3623.30,3741.00,3602.90,3712.50,6069878784.00,34529656832.00
2006-10-25,3765.30,3833.30,3684.60,3752.50,7030430720.00,41704591360.00
2006-10-26,3781.80,3850.00,3710.80,3781.50,6870973440.00,37951864832.00
2006-10-27,3878.70,3938.60,3771.10,3820.90,9404566528.00,46845227008.00
2006-10-30,3799.40,3873.70,3716.90,3814.60,6514289664.00,34907881472.00
2006-10-31,3814.30,3906.90,3767.00,3864.30,6607136768.00,36568666112.00
2006-11-01,3894.20,3975.90,3835.70,3926.30,6986565632.00,40470646784.00
2006-11-02,3950.30,4013.20,3868.00,3948.80,7382209536.00,41295884288.00
2006-11-03,3958.00,4045.40,3908.30,3972.60,7054231552.00,39304900608.00
2006-11-06,3959.40,4072.10,3908.10,4015.60,7233103360.00,41056071680.00
2006-11-07,4076.20,4144.50,3974.10,4067.90,7893215232.00,46594801664.00
2006-11-08,4009.20,4065.10,3930.90,3978.20,5445568000.00,32770850816.00
2006-11-09,3946.10,4058.70,3908.90,4019.60,6189560832.00,37296328704.00
2006-11-10,4091.90,4161.60,3959.60,4009.90,8436207104.00,47927685120.00
2006-11-13,3995.90,4079.70,3853.10,3913.20,7006187008.00,40069095424.00
2006-11-14,3878.00,3967.00,3787.60,3926.30,6011911168.00,34218762240.00
2006-11-15,3926.50,4048.90,3872.40,4016.30,6522946048.00,39252742144.00
2006-11-16,4118.20,4217.00,4033.40,4083.40,8757583872.00,51459567616.00
2006-11-17,4069.30,4193.00,4023.40,4150.10,7025484288.00,40948109312.00
2006-11-20,4234.90,4341.30,4160.00,4274.10,8301369856.00,49513865216.00
2006-11-21,4307.60,4410.70,4215.70,4364.20,7728650752.00,48330067968.00
2006-11-22,4451.50,4592.10,4375.10,4494.70,9182039040.00,56962691072.00
2006-11-23,4509.00,4618.80,4448.40,4547.20,8432677888.00,50253385728.00
2006-11-24,4605.10,4711.80,4524.40,4643.10,8658203648.00,53144305664.00
2006-11-27,4667.90,4796.70,4602.80,4739.80,8272455680.00,52286877696.00
2006-11-28,4756.10,4844.20,4668.10,4751.90,8059250688.00,50588409856.00
2006-11-29,4705.60,4891.30,4636.00,4836.20,8228361216.00,51998580736.00
2006-11-30,4980.00,5155.00,4940.50,5084.40,10878746624.00,67853123584.00
2006-12-01,5253.90,5401.70,5172.30,5284.80,11363968000.00,73650216960.00
2006-12-04,5449.90,5662.60,5396.90,5588.20,12604004352.00,78635737088.00
2006-12-05,5766.60,5935.80,5665.20,5799.20,13031463936.00,82910584832.00
2006-12-06,6036.50,6161.90,5741.60,5979.60,14972906496.00,91883642880.00
2006-12-07,6092.40,6317.00,5978.20,6071.40,14087507968.00,85835513856.00
2006-12-08,5967.20,6097.40,5751.80,5811.50,11531198464.00,69679521792.00
2006-12-11,5760.60,6054.60,5729.10,6021.60,8974706688.00,54491967488.00
2006-12-12,6008.60,6149.10,5856.30,6011.50,9941898240.00,61997756416.00
2006-12-13,5937.50,6055.00,5805.20,5946.30,8337326080.00,53802176512.00
2006-12-14,5898.40,6055.50,5826.40,5981.20,8692573184.00,56237400064.00
2006-12-15,6011.90,6168.10,5928.50,6079.80,9558333440.00,65122930688.00
2006-12-18,6199.40,6400.30,6119.50,6310.20,11766466560.00,79922528256.00
2006-12-19,6440.80,6590.00,6261.70,6457.90,12599382016.00,83822002176.00
2006-12-20,6474.50,6664.20,6353.30,6577.10,11732596736.00,75563425792.00
2006-12-21,6657.10,6801.60,6497.00,6570.90,12467855360.00,80124649472.00
2006-12-22,6540.90,6689.20,6416.40,6535.70,10366743552.00,67682328576.00
2006-12-25,6541.90,6787.60,6486.40,6642.50,10596358144.00,70134104064.00
2006-12-26,6613.10,6753.40,6439.10,6574.20,10267300864.00,65271205888.00
2006-12-27,6532.50,6733.40,6445.70,6639.20,9808190464.00,63285608448.00
2006-12-28,6664.00,6824.60,6464.90,6593.60,11026195456.00,72349466624.00
2006-12-29,6714.90,6963.10,6659.00,6843.20,12042759168.00,83341901824.00
2007-01-04,7198.00,7492.80,7007.30,7174.50,16353332224.00,115558973440.00
2007-01-05,7263.60,7551.20,7102.30,7390.60,14436789248.00,97269301248.00
2007-01-08,7528.20,7887.60,7433.70,7789.70,15179602944.00,104268824576.00
2007-01-09,8066.30,8365.90,7944.50,8247.10,15811857408.00,119445471232.00
2007-01-10,8433.80,8709.60,8256.50,8596.10,16468592640.00,116469055488.00
2007-01-11,8772.50,9048.80,8543.50,8708.70,18104086528.00,124103794688.00
2007-01-12,8730.40,8978.20,8358.90,8508.70,15667935232.00,109129965568.00
2007-01-15,8513.00,9015.90,8435.20,8967.00,13504451584.00,99709132800.00
2007-01-16,9171.20,9476.90,8966.30,9328.40,16141729792.00,121649455104.00
2007-01-17,9600.10,9891.90,9161.20,9422.20,19010779136.00,144960061440.00
2007-01-18,9473.30,9820.10,9159.10,9630.70,16684197888.00,125283295232.00
2007-01-19,9817.20,10236.70,9694.60,10098.00,18335350784.00,136093769728.00
2007-01-22,10405.40,10821.70,10275.90,10712.10,20445941760.00,152387403776.00
2007-01-23,10981.10,11252.00,10476.10,10979.80,20964608000.00,160431276032.00
2007-01-24,11016.50,11407.10,10768.30,11126.40,17810776064.00,140946456576.00
2007-01-25,11044.30,11261.00,10518.90,10693.90,17292417024.00,136244297728.00
2007-01-26,10514.20,10984.40,10106.50,10835.10,16147917824.00,125300695040.00
2007-01-29,10952.60,11366.30,10788.60,11204.50,16450243584.00,131375357952.00
2007-01-30,11192.90,11440.20,10833.20,11057.60,16235558912.00,128357548032.00
2007-01-31,10985.00,11184.10,10250.20,10389.90,16604817408.00,127161671680.00
2007-02-01,10136.40,10530.20,9874.10,10335.20,13750786048.00,103477485568.00
2007-02-02,10181.70,10366.70,9727.80,9854.30,12449642496.00,95465594880.00
2007-02-05,9602.30,9883.90,9381.90,9622.90,9999473664.00,78805770240.00
2007-02-06,9566.90,9870.90,9273.70,9767.50,12083115008.00,96808976384.00
2007-02-07,9805.50,10136.60,9659.40,9941.70,13570487296.00,110401200128.00
2007-02-08,9889.80,10189.40,9694.30,10034.10,13115179008.00,103986733056.00
2007-02-09,9898.00,10111.50,9655.50,9871.90,11957983232.00,92607291392.00
2007-02-12,9758.20,10133.60,9659.20,10035.30,11865591808.00,94609809408.00
2007-02-13,9947.80,10203.20,9792.30,10058.60,11875662848.00,93629693952.00
2007-02-14,10047.90,10406.20,9934.90,10264.10,14007464960.00,110884184064.00
2007-02-15,10417.50,10789.20,10308.00,10667.90,16253721600.00,130784059392.00
2007-02-16,10880.00,11195.70,10642.50,10872.60,17402830848.00,140847906816.00
2007-02-26,10975.20,11387.40,10719.80,11253.20,16316435456.00,133977440256.00
2007-02-27,11754.50,11977.60,10631.60,10668.10,24053481472.00,193740636160.00
2007-02-28,10628.30,11381.60,10506.20,11278.20,18109353984.00,144182542336.00
2007-03-01,11506.50,11677.90,10881.40,11189.50,19002683392.00,156225961984.00
2007-03-02,11034.80,11413.00,10868.60,11196.80,14155191296.00,113985118208.00
2007-03-05,11171.40,11447.50,10667.90,11096.20,16000308224.00,128721494016.00
2007-03-06,10849.70,11162.20,10636.40,10980.60,11784058880.00,97330610176.00
2007-03-07,10909.60,11256.80,10817.40,11138.30,13159566336.00,111364587520.00
2007-03-08,11061.60,11345.10,10878.80,11225.00,13712510976.00,114073485312.00
2007-03-09,11283.20,11507.80,10994.20,11239.90,16037187584.00,135633559552.00
2007-03-12,11248.10,11548.10,10996.20,11392.40,15648358400.00,131145588736.00
2007-03-13,11417.60,11710.40,11234.00,11522.50,16306542592.00,135399047168.00
2007-03-14,11468.70,11732.40,11057.50,11469.60,17246066688.00,144282992640.00
2007-03-15,11443.50,11840.90,11357.20,11661.30,15414087680.00,133591072768.00
2007-03-16,11833.70,12042.70,11354.30,11579.90,18079539200.00,155629420544.00
2007-03-19,11275.70,12019.30,11152.30,11824.70,16087654400.00,140544638976.00
2007-03-20,11783.30,12093.50,11607.40,11923.40,13911770112.00,124589105152.00
2007-03-21,11983.50,12275.90,11790.10,12098.20,15169900544.00,138720018432.00
2007-03-22,12360.70,12671.20,12149.70,12336.80,18712389632.00,170739105792.00
2007-03-23,12426.00,12725.90,12121.20,12542.80,17790154752.00,159986647040.00
2007-03-26,12726.60,13108.90,12570.40,12955.70,18393196544.00,166616563712.00
2007-03-27,13086.40,13426.30,12876.80,13228.10,18821306368.00,174487158784.00
2007-03-28,13663.80,13949.10,12961.90,13607.00,23733551104.00,219918401536.00
2007-03-29,13889.90,14219.50,13406.80,13585.10,21111846912.00,202244734976.00
2007-03-30,13273.40,13660.40,13067.20,13428.50,13262121984.00,124739313664.00
2007-04-02,13353.20,13749.90,13222.90,13622.80,14172175360.00,139670568960.00
2007-04-03,13698.70,14013.10,13494.20,13823.00,16252238848.00,164009213952.00
2007-04-04,13890.10,14211.60,13651.80,13974.10,16876557312.00,172497059840.00
2007-04-05,14010.40,14396.40,13806.60,14229.70,16934607872.00,170737434624.00
2007-04-06,14228.80,14751.40,14082.70,14519.10,18194542592.00,186862321664.00
2007-04-09,14844.10,15312.70,14671.10,15063.40,20557756416.00,212560150528.00
2007-04-10,15461.00,15847.80,14980.10,15588.80,21695444992.00,228459200512.00
2007-04-11,15920.00,16367.50,15575.30,16079.70,22056370176.00,237378551808.00
2007-04-12,16324.20,16832.20,16087.90,16614.20,20916836352.00,231192772608.00
2007-04-13,16950.70,17400.10,16514.40,16832.70,22777575424.00,255888621568.00
2007-04-16,16960.20,17588.20,16815.10,17398.90,19712636928.00,221449224192.00
2007-04-17,17831.70,18337.60,17273.60,18052.30,24451725312.00,273734320128.00
2007-04-18,18356.40,18931.80,17940.90,18585.00,23066546176.00,264713617408.00
2007-04-19,19003.10,19262.60,17557.40,18112.40,26082361344.00,290468986880.00
2007-04-20,18263.20,19223.00,18190.40,19011.50,20988796928.00,239373942784.00
2007-04-23,19460.10,20260.40,19232.10,20020.10,24690958336.00,284635693056.00
2007-04-24,20473.50,21031.50,19929.10,20429.20,26187257856.00,312509497344.00
2007-04-25,20329.20,20820.00,19648.60,20386.70,21953970176.00,258693758976.00
2007-04-26,20249.20,20781.70,19915.70,20430.20,17829443584.00,218910687232.00
2007-04-27,20374.40,20844.80,19824.20,20278.70,19149045760.00,238779432960.00
2007-04-30,20346.10,21082.80,19950.40,20726.20,21070036992.00,272304291840.00
2007-05-08,21470.00,22143.10,21039.30,21776.10,23474008064.00,305098227712.00
2007-05-09,22352.80,22951.90,21245.00,22370.30,29070317568.00,367551578112.00
2007-05-10,22434.50,23096.40,21934.00,22607.70,24073869312.00,300692766720.00
2007-05-11,22369.20,22865.30,21745.90,22446.40,20107157504.00,266578477056.00
2007-05-14,22132.40,23073.90,21787.10,22591.10,19958974464.00,269205585920.00
2007-05-15,22751.90,23174.90,21704.90,21935.70,21778839552.00,290306228224.00
2007-05-16,21710.70,22550.90,21241.90,22355.30,18742636544.00,248569806848.00
2007-05-17,22402.00,23151.80,22134.00,22763.50,20188950528.00,274930073600.00
2007-05-18,22607.10,23112.70,22195.90,22672.00,18705676288.00,252472852480.00
2007-05-21,21980.50,23564.90,21783.80,23231.50,22365423616.00,303902195712.00
2007-05-22,23654.70,24426.70,23330.20,23841.20,24825051136.00,342404825088.00
2007-05-23,23978.20,24697.10,23608.20,24395.40,22952339456.00,320543784960.00
2007-05-24,24820.90,25339.60,23871.20,24616.90,26499012608.00,372924121088.00
2007-05-25,24548.00,25451.00,24199.10,25007.50,22171068416.00,323425107968.00
2007-05-28,25559.20,26357.70,25175.50,25760.90,25673408512.00,380443885568.00
2007-05-29,26003.70,26767.10,25529.50,26390.10,24755752960.00,367554887680.00
2007-05-30,25066.00,26683.30,24562.90,24876.10,27017048064.00,401224007680.00
2007-05-31,24477.80,25582.30,23218.90,24602.40,24979615744.00,354626338816.00
2007-06-01,24669.00,25534.50,23094.00,23373.10,23035756544.00,335384084480.00
2007-06-04,22722.50,23147.30,20939.80,21067.80,16258108416.00,215640801280.00
2007-06-05,20182.90,21745.40,19353.30,21576.00,22760456192.00,266417356800.00
2007-06-06,21593.40,22373.40,20737.30,21812.00,22053941248.00,267174182912.00
2007-06-07,21728.00,22810.90,21447.50,22559.90,21121785856.00,266069049344.00
2007-06-08,22529.10,23235.90,22058.70,22724.10,20453533696.00,271013969920.00
2007-06-11,22830.50,23588.70,22388.20,23048.60,20224186368.00,273525391360.00
2007-06-12,23298.80,24093.00,22255.10,23753.10,22881857536.00,314899759104.00
2007-06-13,24088.10,25047.70,23729.80,24508.30,24700874752.00,333986955264.00
2007-06-14,24226.60,24841.20,23439.40,24004.50,20713803776.00,281508020224.00
2007-06-15,23358.30,24188.70,22970.70,23649.00,16328271872.00,229405212672.00
2007-06-18,23906.90,24640.60,23576.80,24122.00,18994436096.00,274665570304.00
2007-06-19,23906.70,24597.90,23330.70,24187.80,18907017216.00,271341109248.00
2007-06-20,24211.30,24843.20,23166.00,23524.10,20610285568.00,297336504320.00
2007-06-21,23127.50,23924.50,22529.60,23267.00,16879049728.00,244607762432.00
2007-06-22,23073.30,23487.30,21439.60,21945.00,17832177664.00,251716993024.00
2007-06-25,21696.00,22218.80,20147.90,20420.60,15122627584.00,211781746688.00
2007-06-26,19559.20,20564.00,19050.80,20385.70,13690943488.00,178436603904.00
2007-06-27,20170.70,20922.00,19717.80,20643.00,14470209536.00,195567239168.00
2007-06-28,20323.60,20720.60,19095.60,19237.00,14323129344.00,189942972416.00
2007-06-29,18346.40,19021.30,17813.10,18235.50,12696581120.00,162188165120.00
2007-07-02,17620.10,18243.50,17048.60,17817.40,10691124224.00,131561414656.00
2007-07-03,17445.60,17888.80,16957.60,17594.00,10262464512.00,128241025024.00
2007-07-04,17032.20,17334.70,16396.50,16611.10,8658030592.00,111100813312.00
2007-07-05,15882.50,16174.80,15071.40,15194.20,9520819200.00,113170792448.00
2007-07-06,14859.40,15889.20,14537.70,15770.40,12044742656.00,139812339712.00
2007-07-09,15749.90,16334.20,15496.60,16075.70,12691473408.00,154160594944.00
2007-07-10,15888.30,16186.20,15306.00,15558.10,11534990336.00,144039854080.00
2007-07-11,14945.90,15411.50,14718.50,15171.50,7828529152.00,97756520448.00
2007-07-12,14774.40,15090.30,14510.70,14807.00,7629771264.00,98355986432.00
2007-07-13,14278.40,14515.80,13929.80,14253.40,6547666944.00,81052647424.00
2007-07-16,13827.00,14025.30,13252.20,13366.10,6979838976.00,88058732544.00
2007-07-17,12948.40,13486.90,12744.10,13286.30,7235727872.00,92711788544.00
2007-07-18,13122.80,13531.80,12891.00,13212.70,9041101824.00,119023108096.00
2007-07-19,12906.40,13223.90,12709.00,12973.40,7165359104.00,94129004544.00
2007-07-20,13121.00,13760.20,13040.70,13629.80,11997413376.00,154823737344.00
2007-07-23,14325.80,15104.50,14235.20,14908.90,17436164096.00,227394011136.00
2007-07-24,15439.30,15895.90,15127.70,15372.00,16471729152.00,214731063296.00
2007-07-25,15588.50,16171.00,15429.00,16000.50,13812656128.00,189524393984.00
2007-07-26,16319.80,16777.40,16027.80,16480.90,14815267840.00,202948689920.00
2007-07-27,16636.90,17151.60,16297.50,16911.90,15085541376.00,208152510464.00
2007-07-30,17294.00,18007.40,17133.60,17670.40,16729801728.00,234494525440.00
2007-07-31,17923.80,18471.30,17528.40,18159.50,16072979456.00,229660033024.00
2007-08-01,18709.80,19073.90,17550.10,17773.20,18647238656.00,260219453440.00
2007-08-02,17945.90,18759.10,17714.40,18519.50,14619104256.00,215734157312.00
2007-08-03,19083.90,19729.00,18716.30,19375.10,17031292928.00,264094679040.00
2007-08-06,19824.90,20447.90,19410.10,20098.60,16790779904.00,256643596288.00
2007-08-07,20464.30,21032.50,19852.40,20440.30,17326280704.00,274369642496.00
2007-08-08,20371.80,20877.60,19668.00,20274.90,16760806400.00,239648669696.00
2007-08-09,20158.70,20881.30,19909.50,20475.40,13887966208.00,206647803904.00
2007-08-10,20485.80,20866.20,19614.10,20230.30,14885591040.00,222617075712.00
2007-08-13,20311.20,20917.60,19726.60,20266.90,15678688256.00,230464323584.00
2007-08-14,20058.40,20742.60,19769.80,20436.80,12562847744.00,188884336640.00
2007-08-15,20350.20,20752.70,19653.90,20242.90,12980177920.00,194846408704.00
2007-08-16,20067.20,20528.80,19508.70,20054.90,13309477888.00,199796260864.00
2007-08-17,19881.60,20423.20,19421.70,19674.20,13244889088.00,199444529152.00
2007-08-20,20178.20,20832.90,19959.00,20635.80,14536334336.00,217862914048.00
2007-08-21,20883.60,21436.20,20522.20,21015.40,15659176960.00,240343318528.00
2007-08-22,20926.30,21885.10,20727.00,21487.20,16596797440.00,256219119616.00
2007-08-23,21726.40,22262.10,21300.40,21839.00,15298457600.00,243254886400.00
2007-08-24,22041.80,22652.80,21655.70,22166.50,16109429760.00,248899993600.00
2007-08-27,22627.60,23172.70,21992.30,22488.90,17326172160.00,270095663104.00
2007-08-28,22560.60,23208.00,21941.30,22736.50,16003567616.00,257300971520.00
2007-08-29,22604.30,23224.90,21966.20,22449.70,15123064832.00,247497850880.00
2007-08-30,22453.60,23219.30,22095.30,22799.20,15444719616.00,237681311744.00
2007-08-31,22817.70,23426.30,22408.40,22949.80,15877761024.00,240750362624.00
2007-09-03,23404.30,24167.80,23082.30,23685.80,18933084160.00,291148005376.00
2007-09-04,23912.90,24426.40,23218.80,23626.80,17970016256.00,280689246208.00
2007-09-05,23468.50,24097.50,22906.60,23594.40,14597185536.00,232036941824.00
2007-09-06,23634.80,24266.80,23254.60,23754.90,15875318784.00,248844910592.00
2007-09-07,23799.10,24337.60,23079.00,23440.00,17910603776.00,284611346432.00
2007-09-10,22985.70,23933.00,22486.50,23672.30,15137524736.00,232908685312.00
2007-09-11,23696.10,24198.70,22154.90,22354.40,16337015808.00,257367080960.00
2007-09-12,22100.60,22969.10,21537.80,22493.80,14412248064.00,224074268672.00
2007-09-13,22363.50,23103.00,21921.40,22739.00,12772395008.00,212395311104.00
2007-09-14,22642.70,23275.60,22065.90,22858.90,13775272960.00,226714714112.00
2007-09-17,22773.30,23743.20,22511.70,23338.60,15547145216.00,249936150528.00
2007-09-18,23430.30,24054.70,22732.60,23427.10,15463189504.00,256115982336.00
2007-09-19,23300.70,23797.70,22549.70,22961.40,13405428736.00,223285936128.00
2007-09-20,22777.80,23477.00,22402.50,22997.90,12807479296.00,214002253824.00
2007-09-21,22900.70,23386.00,22002.90,22692.00,13767934976.00,228539695104.00
2007-09-24,22572.30,23225.20,21939.30,22624.10,12420467712.00,215550246912.00
2007-09-25,22415.40,22884.80,21714.90,22119.90,13103021056.00,203433279488.00
2007-09-26,21531.30,22040.70,20914.30,21207.30,9226117120.00,156325609472.00
2007-09-27,20727.00,21271.10,20359.20,20943.30,8485710848.00,144564224000.00
2007-09-28,21064.50,21750.00,20841.60,21398.90,11558892544.00,205030686720.00
2007-10-08,21939.20,22372.10,21207.40,21636.80,13531931648.00,232766963712.00
2007-10-09,21738.70,22323.50,21239.50,21937.90,12062929920.00,230786088960.00
2007-10-10,22124.60,22789.30,21648.30,22080.70,13289890816.00,239801991168.00
2007-10-11,22297.70,22919.30,21718.00,22323.90,13412045824.00,249357123584.00
2007-10-12,22967.20,23519.90,21559.70,22750.30,16618992640.00,305330126848.00
2007-10-15,23051.00,23840.40,22312.10,23230.50,13665356800.00,266685562880.00
2007-10-16,23671.30,24342.00,23057.70,23758.90,11980597248.00,224938885120.00
2007-10-17,23348.40,23919.30,22772.80,23267.10,10193480704.00,193141194752.00
2007-10-18,22921.70,23250.20,21953.00,22246.30,10224712704.00,191780962304.00
2007-10-19,21845.80,22376.30,21274.20,21690.10,8131901440.00,155092467712.00
2007-10-22,20904.90,21362.40,20204.70,20531.30,7928560640.00,141361430528.00
2007-10-23,20150.90,20704.70,19504.10,20297.10,8510098944.00,151033888768.00
2007-10-24,20111.50,20644.90,19574.50,19977.40,8695844864.00,160706772992.00
2007-10-25,19746.50,20021.70,18554.20,18789.70,10476450816.00,176791732224.00
2007-10-26,18362.20,19066.20,17948.10,18589.60,7686650880.00,131834757120.00
2007-10-29,18491.40,19076.30,18061.20,18729.50,7079531008.00,119255105536.00
2007-10-30,18450.50,19004.20,18052.60,18758.40,7505341952.00,128653918208.00
2007-10-31,18920.90,19499.20,18533.10,19126.50,10086703104.00,174322974720.00
2007-11-01,19017.90,19359.60,18389.40,18634.50,9206858752.00,162204991488.00
2007-11-02,18184.60,18634.40,17657.90,18004.00,8485407232.00,152423809024.00
2007-11-05,18293.00,18834.20,17672.10,18149.30,8439967232.00,192615104512.00
2007-11-06,17593.50,18042.60,17232.80,17541.00,6266392064.00,114526486528.00
2007-11-07,17167.10,17513.10,16653.10,17141.60,6193032192.00,108671418368.00
2007-11-08,16762.60,16950.00,15971.10,16080.10,7117316096.00,123620483072.00
2007-11-09,15642.20,16067.20,15197.00,15605.70,6728628736.00,114445279232.00
2007-11-12,15117.50,15588.60,14577.40,15176.70,7381327360.00,123141144576.00
2007-11-13,15159.20,15562.00,14700.20,14990.20,7116345856.00,121835315200.00
2007-11-14,15065.30,15579.60,14764.00,15486.80,7349147136.00,126115635200.00
2007-11-15,15269.10,15577.10,14928.00,15131.40,6990697984.00,118917128192.00
2007-11-16,14566.50,14921.80,14286.10,14696.70,5583161344.00,91568668672.00
2007-11-19,14406.10,14748.10,14137.90,14458.30,6139232768.00,93933371392.00
2007-11-20,14273.90,14735.40,14035.60,14538.50,7188259328.00,117969534976.00
2007-11-21,14317.20,14570.90,13975.30,14093.00,6177463296.00,100110917632.00
2007-11-22,13619.10,13856.30,13115.30,13238.20,5926294528.00,97268039680.00
2007-11-23,12763.60,13182.40,12588.00,13081.00,4429273088.00,73250840576.00
2007-11-26,13017.40,13205.90,12615.40,12694.70,5295796736.00,87276355584.00
2007-11-27,12304.50,12572.30,12048.80,12220.60,4590229504.00,78574706688.00
2007-11-28,11996.20,12209.20,11684.10,11840.90,4653788672.00,76543049728.00
2007-11-29,12063.30,12431.00,11813.70,12332.00,7021106176.00,115346571264.00
2007-11-30,12261.70,12409.70,11883.50,12011.80,6044260864.00,98280308736.00
2007-12-03,11891.40,12226.40,11711.50,12027.00,6821660160.00,93535215616.00
2007-12-04,11850.70,12137.70,11731.70,11917.50,5776645632.00,84694949888.00
2007-12-05,11954.70,12363.90,11839.90,12254.50,7481569792.00,114578628608.00
2007-12-06,12143.00,12323.10,11925.00,12129.10,6071752704.00,93038411776.00
2007-12-07,12114.20,12408.80,11987.60,12277.90,7086334976.00,105615286272.00
2007-12-10,12502.00,13105.50,12398.20,12987.20,9927581696.00,158196023296.00
2007-12-11,13367.80,13608.60,13081.40,13384.70,9712302080.00,156346990592.00
2007-12-12,13705.80,13985.60,13431.30,13710.30,10166321152.00,163493347328.00
2007-12-13,13922.90,14162.70,13425.60,13506.80,9654651904.00,155946975232.00
2007-12-14,13332.20,13798.20,13123.90,13725.30,7743209472.00,121484509184.00
2007-12-17,13961.30,14228.30,13563.00,13747.20,9233462272.00,150511206400.00
2007-12-18,13437.50,13754.20,13193.30,13431.10,5910645760.00,95770624000.00
2007-12-19,13574.00,13931.50,13446.30,13764.10,7982546432.00,124880125952.00
2007-12-20,13916.20,14256.00,13748.20,14082.50,8160431616.00,127922438144.00
2007-12-21,14210.50,14649.80,14115.40,14481.50,9476101120.00,152251875328.00
2007-12-24,15161.90,15608.30,14979.50,15334.50,12204256256.00,205263421440.00
2007-12-25,15741.60,16042.90,15489.30,15777.00,10249322496.00,180508262400.00
2007-12-26,16103.80,16488.50,15880.10,16299.50,10820854784.00,184893079552.00
2007-12-27,16931.50,17382.40,16693.30,17108.60,12796497920.00,223471960064.00
2007-12-28,17434.50,17708.10,17089.20,17327.80,11054204928.00,193554038784.00
2008-01-02,17625.00,18169.00,17325.50,17924.10,11211807744.00,197661671424.00
2008-01-03,18550.90,19091.70,18169.90,18786.40,14487495680.00,254091870208.00
2008-01-04,19105.10,19542.90,18771.20,19226.70,11925501952.00,220512993280.00
2008-01-07,19637.80,20237.80,19361.20,19941.40,13452062720.00,243991429120.00
2008-01-08,20635.30,21047.50,19937.90,20245.10,14998752256.00,275375390720.00
2008-01-09,20322.40,21017.80,20113.40,20856.40,11373499392.00,208427778048.00
2008-01-10,21332.20,21894.70,20981.90,21429.20,14197832704.00,261828886528.00
2008-01-11,21595.00,21992.70,21070.90,21566.60,12538805248.00,227550904320.00
2008-01-14,21617.20,22111.00,21250.90,21764.20,11670699008.00,212610301952.00
2008-01-15,21909.00,22354.50,21464.60,21888.90,12307043328.00,230616973312.00
2008-01-16,21990.30,22324.80,21340.50,21659.60,13502537728.00,246387343360.00
2008-01-17,21861.40,22425.70,20725.20,21478.10,14714584064.00,263550091264.00
2008-01-18,21257.00,21793.00,20819.30,21454.90,10447238144.00,182754721792.00
2008-01-21,21441.80,21743.50,20186.10,20413.00,11396106240.00,198781321216.00
2008-01-22,20200.50,20529.50,18877.00,19096.60,13471936512.00,230316212224.00
2008-01-23,19255.20,20309.70,18894.10,20112.80,12965151744.00,214025895936.00
2008-01-24,20428.80,21110.60,19867.30,20645.30,13310947328.00,225277165568.00
2008-01-25,20545.30,21222.90,20030.20,20641.10,11579942912.00,198928711680.00
2008-01-28,20263.30,20442.30,18762.80,18980.60,10326850560.00,166384402432.00
2008-01-29,18469.00,19117.40,18042.70,18637.40,7316992000.00,118190555136.00
2008-01-30,18495.40,18893.00,17676.30,18216.30,8081829888.00,137901129728.00
2008-01-31,17680.60,18021.40,17021.50,17224.40,6606187520.00,112979083264.00
2008-02-01,17094.40,17427.60,16001.70,16619.50,8501245952.00,139165073408.00
2008-02-04,16959.20,17917.00,16823.20,17846.00,8777908224.00,154548256768.00
2008-02-05,17824.50,18250.00,17395.10,17848.40,7501086720.00,132896088064.00
2008-02-13,17001.40,17369.60,16598.70,16950.80,5261350400.00,87838449664.00
2008-02-14,16463.40,16842.30,16282.60,16589.50,5070468608.00,84021485568.00
2008-02-15,16008.60,16235.40,15577.00,15990.50,5960786432.00,98294734848.00
2008-02-18,16107.20,16527.70,15911.40,16282.60,8185116672.00,138878926848.00
2008-02-19,16312.20,16755.80,16066.30,16589.10,8941861888.00,155015610368.00
2008-02-20,16784.50,17093.20,16313.00,16512.80,9844748288.00,174139949056.00
2008-02-21,16361.20,16790.70,16013.00,16501.70,9083633664.00,151314284544.00
2008-02-22,16502.80,16711.70,15758.60,16093.70,9801382912.00,162441216000.00
2008-02-25,16001.50,16244.50,15241.10,15425.90,8343593472.00,135593656320.00
2008-02-26,15726.10,15962.90,14815.50,15346.00,8028215296.00,134924394496.00
2008-02-27,15289.20,15795.50,15056.00,15605.50,7279216128.00,121372475392.00
2008-02-28,15362.40,15651.80,15032.70,15328.00,7004247040.00,115365928960.00
2008-02-29,15057.80,15455.80,14904.30,15267.60,7009645568.00,114333523968.00
2008-03-03,15904.50,16598.80,15634.40,16429.70,11193071616.00,183406870528.00
2008-03-04,16813.40,17133.40,16285.10,16473.50,12521446400.00,200804106240.00
2008-03-05,16526.50,16938.50,16044.30,16613.60,10918191104.00,171170529280.00
2008-03-06,16928.00,17487.00,16546.50,16971.70,12508273664.00,197238882304.00
2008-03-07,16613.30,16933.00,16184.80,16462.70,8384211968.00,137314279424.00
2008-03-10,16245.30,16452.00,15607.10,15811.60,9016195072.00,138575609856.00
2008-03-11,15368.50,15813.20,15014.10,15653.70,7224122368.00,115821191168.00
2008-03-12,15766.20,15935.20,14943.20,15051.10,7951629312.00,126420541440.00
2008-03-13,14861.80,15157.50,14178.40,14570.70,8959339520.00,138644537344.00
2008-03-14,14149.50,14466.20,13774.70,14117.20,5874473472.00,92575932416.00
2008-03-17,13886.50,14083.20,12992.50,13117.20,7078201856.00,106891091968.00
2008-03-18,12903.70,13270.30,12107.10,12352.20,8223536640.00,115214704640.00
2008-03-19,12708.80,13215.00,12366.90,12938.50,8970676224.00,132034002944.00
2008-03-20,12911.80,13884.40,12377.90,13643.30,10549362688.00,156305489920.00
2008-03-21,13713.80,14213.40,13455.00,13850.00,9357533184.00,141713031168.00
2008-03-24,14014.70,14244.50,13289.20,13373.30,8502749184.00,129090609152.00
2008-03-25,12987.30,13622.30,12695.80,13418.00,7584167936.00,113628233728.00
2008-03-26,13329.90,13681.50,13013.10,13232.50,6677659648.00,104309800960.00
2008-03-27,12911.90,13157.80,12346.70,12492.30,7759176192.00,111627632640.00
2008-03-28,12441.40,13195.30,12091.60,13084.90,8987705344.00,130341543936.00
2008-03-31,12515.00,12895.80,12205.70,12393.20,6767163904.00,97010958336.00
2008-04-01,12323.40,12587.50,11489.70,11613.80,7962646016.00,108679053312.00
2008-04-02,11856.60,12195.30,11157.80,11441.10,9069777920.00,121005490176.00
2008-04-03,11227.50,11832.30,10907.30,11663.60,7208164352.00,95079161856.00
2008-04-07,11611.80,12526.10,11432.40,12418.60,8651969536.00,121684041728.00
2008-04-08,12585.70,13041.30,12359.70,12768.20,9392277504.00,135684530176.00
2008-04-09,12681.10,12994.80,12014.20,12088.00,8758991872.00,120598528000.00
2008-04-10,11761.20,12322.50,11568.00,12243.00,6802985472.00,91645927424.00
2008-04-11,12143.10,12417.70,11916.60,12145.20,6378452480.00,88225382400.00
2008-04-14,11784.20,11957.50,11175.90,11291.90,7332933632.00,99069804544.00
2008-04-15,11091.90,11511.00,10765.90,11425.50,6551366656.00,88179023872.00
2008-04-16,11180.20,11361.50,10794.50,10930.70,5825854976.00,78838464512.00
2008-04-17,10872.10,11170.60,10358.20,10571.20,6585936384.00,89818955776.00
2008-04-18,10347.60,10539.70,9874.00,10036.80,6205726208.00,78014054400.00
2008-04-21,10936.30,11012.10,9964.90,10172.80,8663202816.00,114990776320.00
2008-04-22,9925.10,10289.40,9507.80,10128.50,7060193280.00,86148808704.00
2008-04-23,10233.60,10919.50,10075.30,10804.30,9248579584.00,119327825920.00
2008-04-24,12758.50,12888.70,12360.30,12858.40,19528488960.00,261066424320.00
2008-04-25,14092.00,14859.70,13799.20,14265.40,18085650432.00,259188523008.00
2008-04-28,14213.00,14677.30,13937.50,14280.20,10865433600.00,156966436864.00
2008-04-29,14162.70,14678.90,13998.80,14427.30,9679245312.00,141948485632.00
2008-04-30,15022.20,15774.80,14892.30,15595.10,15008757760.00,218630471680.00
2008-05-05,16145.70,16616.10,15772.60,16396.50,14368250880.00,211131252736.00
2008-05-06,16652.20,17178.30,16256.60,16693.50,14111716352.00,209401937920.00
2008-05-07,16724.80,17156.90,15963.30,16067.50,13059898368.00,192006766592.00
2008-05-08,15762.20,16544.20,15574.30,16432.90,10648885248.00,153226625024.00
2008-05-09,16743.40,17063.70,16037.80,16475.80,12687900672.00,187562278912.00
2008-05-12,16177.30,17035.00,15857.30,16685.40,11690116096.00,171122802688.00
2008-05-13,16342.60,17139.30,16144.20,16685.20,13702606848.00,187018723328.00
2008-05-14,16697.50,17444.30,16480.80,17180.90,13226659840.00,185448169472.00
2008-05-15,17278.20,17653.60,16871.10,17024.40,12466291712.00,171836178432.00
2008-05-16,17120.80,17488.70,16643.50,17011.10,9796774912.00,138992631808.00
2008-05-19,16478.90,16800.10,16119.60,16482.40,7425537536.00,104744894464.00
2008-05-20,16277.00,16557.10,15221.20,15372.90,10038764544.00,137703751680.00
2008-05-21,15056.40,15806.20,14554.70,15611.80,10984026112.00,144645095424.00
2008-05-22,15275.40,15743.40,14954.60,15244.20,10232717312.00,139624529920.00
2008-05-23,14900.80,15255.60,14455.10,14778.60,8910029824.00,115046711296.00
2008-05-26,14339.40,14581.00,13838.80,14009.60,7886489088.00,102176718848.00
2008-05-27,13553.80,13907.70,13326.70,13675.10,6260263936.00,81844240384.00
2008-05-28,13490.60,14002.90,13301.50,13846.00,7663117312.00,103533469696.00
2008-05-29,13545.40,13783.40,13145.60,13239.30,7571450368.00,100441661440.00
2008-05-30,12997.40,13328.00,12746.30,13074.10,7110195200.00,95629279232.00
2008-06-02,12761.70,13103.60,12567.30,12908.30,7140038144.00,90928758784.00
2008-06-03,12688.30,12921.70,12376.50,12598.20,7863770624.00,98229010432.00
2008-06-04,12305.90,12473.60,11918.00,12127.10,6921741312.00,86760177664.00
2008-06-05,11765.00,11993.20,11513.90,11707.60,5904527360.00,75411300352.00
2008-06-06,11408.40,11580.70,11149.70,11300.90,5202857472.00,65233408000.00
2008-06-10,10744.20,10920.30,10222.80,10304.20,7343453184.00,88360124416.00
2008-06-11,9979.00,10265.70,9686.60,9969.30,6883008000.00,80024748032.00
2008-06-12,9849.00,10079.90,9472.60,9780.00,7212836864.00,84334477312.00
2008-06-13,9606.90,9755.40,9103.30,9168.60,6051034624.00,67353710592.00
2008-06-16,9003.80,9224.30,8623.60,8871.30,6034150400.00,65055567872.00
2008-06-17,8750.20,8921.80,8255.20,8365.10,6509059584.00,67041415168.00
2008-06-18,8463.40,9122.70,8182.10,9023.90,9771967488.00,102249644032.00
2008-06-19,9006.10,9146.20,8358.30,8399.20,8449284608.00,89988186112.00
2008-06-20,8719.90,9255.50,8296.90,8891.60,10662107136.00,113190821888.00
2008-06-23,8579.70,8850.00,8358.20,8553.50,6073113088.00,62860353536.00
2008-06-24,8418.20,8827.50,8299.30,8700.60,7105133056.00,73412214784.00
2008-06-25,8786.50,9320.10,8701.80,9231.00,9679960064.00,100975575040.00
2008-06-26,9383.40,9694.20,9200.60,9490.90,9988184064.00,105814351872.00
2008-06-27,9249.20,9417.20,8844.40,8982.90,9153454080.00,94629814272.00
2008-06-30,8694.20,8998.90,8511.90,8800.80,5749521920.00,61269217280.00
2008-07-01,8654.30,8793.40,8290.40,8419.80,6026749440.00,63856521216.00
2008-07-02,8296.90,8557.60,8143.10,8370.40,6039799808.00,65217622016.00
2008-07-03,8425.70,9070.60,8246.90,8877.90,10227123200.00,111080079360.00
2008-07-04,8885.50,9151.10,8673.60,8889.60,8620744704.00,93526401024.00
2008-07-07,9140.00,9715.90,9068.00,9582.60,11515488256.00,122276159488.00
2008-07-08,9901.40,10185.10,9643.10,9986.90,12131162112.00,131942612992.00
2008-07-09,10469.30,10885.40,10332.90,10746.60,14592039936.00,157294460928.00
2008-07-10,10927.00,11361.50,10697.10,10853.00,13887749120.00,151201038336.00
2008-07-11,10784.70,11046.00,10497.80,10784.50,9996040192.00,107262099456.00
2008-07-14,10553.60,10949.80,10434.40,10809.00,8442360320.00,91663097856.00
2008-07-15,10931.50,11110.00,10371.70,10520.20,10889294848.00,115334782976.00
2008-07-16,10322.30,10483.30,9755.90,9981.40,9289932800.00,93475790848.00
2008-07-17,9999.60,10194.10,9584.30,9699.80,7819653120.00,79964250112.00
2008-07-18,9727.60,10086.60,9391.40,9977.80,8572524032.00,88678940672.00
2008-07-21,9957.90,10501.30,9823.20,10410.90,10012444672.00,105190891520.00
2008-07-22,10349.70,10609.70,10205.50,10362.50,9387102208.00,98061246464.00
2008-07-23,10371.40,10560.30,10117.60,10236.10,9283019776.00,96853319680.00
2008-07-24,10389.70,10723.40,10279.60,10615.80,10703264768.00,113794514944.00
2008-07-25,10461.80,10675.30,10294.00,10463.20,9539155968.00,98076270592.00
2008-07-28,10487.70,10745.20,10357.50,10530.30,9480108032.00,98026831872.00
2008-07-29,10306.40,10462.60,10053.00,10229.60,8867898368.00,89399443456.00
2008-07-30,10159.70,10280.20,9843.60,9974.80,7539896320.00,75472232448.00
2008-07-31,9803.40,9891.60,9391.00,9460.70,6942864896.00,68113965056.00
2008-08-01,9278.50,9631.60,9069.30,9480.20,7544686592.00,76471762944.00
2008-08-04,9145.40,9300.00,8899.50,8987.60,5709400064.00,58274963456.00
2008-08-05,8865.30,9004.90,8494.90,8585.40,6616348672.00,66467975168.00
2008-08-06,8505.80,8670.80,8241.40,8474.10,6226060288.00,63305412608.00
2008-08-07,8265.70,8444.70,8082.40,8299.60,5726974464.00,56612298752.00
2008-08-08,8245.60,8344.90,7668.40,7732.60,7225651200.00,69287231488.00
2008-08-11,7637.20,7742.50,7100.40,7171.90,6947301888.00,61312225280.00
2008-08-12,6916.00,7119.50,6750.60,6936.10,5589923840.00,47831199744.00
2008-08-13,6786.40,6991.20,6532.50,6862.80,6205917696.00,53907148800.00
2008-08-14,6625.50,6822.40,6512.00,6693.70,4791223808.00,42898092032.00
2008-08-15,6535.70,6703.30,6407.10,6542.90,4713981952.00,41663483904.00
2008-08-18,6525.80,6585.10,6042.20,6075.10,7196791296.00,51016863744.00
2008-08-19,5910.60,6193.70,5829.80,6115.40,5408034304.00,40469700608.00
2008-08-20,6257.00,6856.70,6150.10,6814.00,10437215232.00,84894474240.00
2008-08-21,6814.60,7027.80,6594.60,6687.10,8909392896.00,76400713728.00
2008-08-22,6533.50,6687.60,6296.30,6485.70,6496385024.00,52474081280.00
2008-08-25,6309.10,6465.30,6161.30,6288.80,4837587968.00,39485767680.00
2008-08-26,6106.30,6214.20,5810.80,5928.80,5899445760.00,46004703232.00
2008-08-27,5819.90,6022.70,5669.60,5859.40,5729879552.00,46047551488.00
2008-08-28,5746.20,5908.80,5650.20,5776.50,4961366528.00,42041532416.00
2008-08-29,5805.40,6049.70,5739.80,5943.70,6735274496.00,54697996288.00
2008-09-01,5804.80,5870.00,5591.10,5673.20,5245162496.00,42061316096.00
2008-09-02,5513.40,5666.90,5410.50,5554.30,4930702848.00,37856043008.00
2008-09-03,5514.70,5630.20,5336.30,5463.80,6191080960.00,47682052096.00
2008-09-04,5342.60,5487.80,5257.10,5395.40,5007309824.00,37928644608.00
2008-09-05,5195.30,5308.50,5063.10,5135.80,5610364416.00,41149906944.00
2008-09-08,5102.70,5180.10,4837.60,4894.10,5462868992.00,39793967104.00
2008-09-09,4813.10,4913.90,4706.00,4833.20,4442711552.00,31702474752.00
2008-09-10,4765.70,4973.70,4681.80,4837.80,5477874176.00,40548315136.00
2008-09-11,4777.60,4866.30,4617.10,4688.30,5125237760.00,38035148800.00
2008-09-12,4602.20,4717.70,4536.10,4609.10,4337212416.00,32083572736.00
2008-09-16,4662.50,4729.80,4464.20,4557.00,6493847552.00,47138099200.00
2008-09-17,4582.20,4687.40,4421.00,4496.10,6328762368.00,44301373440.00
2008-09-18,4583.70,4759.90,4345.10,4612.00,9204385792.00,60762832896.00
2008-09-19,5228.20,5261.10,5127.70,5260.50,8804554752.00,64780533760.00
2008-09-22,6559.50,6707.10,6211.60,6500.70,19748179968.00,159272239104.00
2008-09-23,6649.50,6864.60,6444.20,6569.80,13322604544.00,104152064000.00
2008-09-24,6467.60,6762.30,6333.90,6727.20,8803249152.00,67256188928.00
2008-09-25,7144.30,7546.00,7061.40,7371.70,14155358208.00,115630997504.00
2008-09-26,7585.50,7767.90,7347.80,7596.90,11213237248.00,92930056192.00
2008-10-06,7464.60,7604.50,7163.00,7294.20,8796729344.00,68978925568.00
2008-10-07,6972.50,7334.70,6829.30,7156.70,8001013760.00,64844402688.00
2008-10-08,6864.50,7064.90,6681.80,6822.10,7111995392.00,55774711808.00
2008-10-09,6841.00,6931.60,6542.60,6623.10,6585679360.00,51448320000.00
2008-10-10,6292.70,6467.30,6095.50,6223.30,7630958080.00,53813944320.00
2008-10-13,6148.80,6493.40,5924.70,6463.30,7916089856.00,57366622208.00
2008-10-14,6780.50,6879.60,6303.50,6345.60,9783173120.00,73916211200.00
2008-10-15,6127.80,6292.40,5988.70,6151.10,6040838656.00,42211721216.00
2008-10-16,5871.10,6057.80,5706.90,5810.70,7645948928.00,51061977088.00
2008-10-17,5736.30,5857.10,5596.80,5738.80,5802050048.00,38025883648.00
2008-10-20,5656.50,5952.30,5528.20,5901.80,6730969088.00,46255759360.00
2008-10-21,5918.70,6070.50,5787.70,5858.90,8194793984.00,56299528192.00
2008-10-22,5708.90,5869.70,5584.10,5645.20,7034829312.00,45648416768.00
2008-10-23,5476.40,5706.30,5374.40,5645.50,6900047360.00,46222741504.00
2008-10-24,5586.50,5681.90,5370.80,5463.10,6584297984.00,44082696192.00
2008-10-27,5353.90,5424.70,5036.70,5071.00,7506624000.00,46899146752.00
2008-10-28,5003.20,5379.00,4920.20,5308.00,8764950528.00,56278687744.00
2008-10-29,5369.90,5445.20,5079.70,5122.80,7697628672.00,49820835840.00
2008-10-30,5175.70,5376.30,5057.70,5243.70,7662511616.00,49064062976.00
2008-10-31,5112.00,5202.20,4966.00,5034.70,5770544640.00,35067338752.00
2008-11-03,4876.40,5020.10,4774.30,4879.40,5167580160.00,31947984896.00
2008-11-04,4764.40,4847.00,4597.30,4706.30,5726925312.00,33667751936.00
2008-11-05,4798.80,5042.00,4768.20,4934.80,8463789568.00,51080036352.00
2008-11-06,4748.10,4872.20,4661.40,4776.90,6533530624.00,37431885824.00
2008-11-07,4653.10,4909.20,4609.80,4838.10,6768458240.00,40031637504.00
2008-11-10,5206.30,5504.90,5163.30,5477.70,12963869696.00,78233100288.00
2008-11-11,5718.80,5896.70,5592.70,5680.90,13532124160.00,82847309824.00
2008-11-12,5660.90,5912.20,5606.60,5853.70,9841208320.00,60164689920.00
2008-11-13,6201.90,6688.90,6126.00,6567.80,17788674048.00,112575438848.00
2008-11-14,7133.80,7432.80,7000.60,7367.50,19504015360.00,127470600192.00
2008-11-17,7781.40,8140.60,7641.30,8070.00,20204898304.00,131409592320.00
2008-11-18,8517.00,8728.70,7866.90,7955.40,22656139264.00,144491544576.00
2008-11-19,8153.30,8817.50,8020.40,8740.70,18760931328.00,120350113792.00
2008-11-20,8868.10,9283.80,8690.40,8963.30,19649511424.00,126875918336.00
2008-11-21,8985.10,9532.30,8689.70,9211.70,18681176064.00,120945369088.00
2008-11-24,9062.70,9220.60,8621.30,8685.10,12349342720.00,79140323328.00
2008-11-25,8629.00,8771.30,8215.40,8456.60,10093701120.00,65412153344.00
2008-11-26,8208.10,8443.70,8052.00,8268.20,9292727296.00,59393515520.00
2008-11-27,9062.90,9153.70,8563.60,8619.70,18133022720.00,122003038208.00
2008-11-28,8424.70,8642.60,8193.10,8373.50,11325148160.00,72783495168.00
2008-12-01,8282.00,8640.90,8113.00,8571.90,12341960704.00,78148091904.00
2008-12-02,8465.70,8944.30,8374.40,8751.70,16121270272.00,103272251392.00
2008-12-03,9102.40,9519.40,9023.10,9438.00,20096122880.00,132179771392.00
2008-12-04,10133.40,10542.40,9942.70,10085.90,25996369920.00,179276120064.00
2008-12-05,10126.60,10543.80,10006.90,10437.40,17860665344.00,121278226432.00
2008-12-08,10978.10,11407.90,10829.40,11294.10,24235143168.00,169287630848.00
2008-12-09,11537.80,11708.20,11065.20,11203.20,21280055296.00,150697934848.00
2008-12-10,11187.00,11688.70,11018.20,11590.10,18757363712.00,133615108096.00
2008-12-11,11561.00,11780.00,11155.60,11250.50,17881630720.00,127301787648.00
2008-12-12,11055.10,11237.10,10441.40,10655.60,15907292160.00,107350548480.00
2008-12-15,10587.00,10778.10,10238.20,10539.20,12061565952.00,81638113280.00
2008-12-16,10201.60,10524.30,9908.10,10452.20,11843182592.00,79505711104.00
2008-12-17,10403.10,10705.40,10253.40,10441.90,14653718528.00,102499786752.00
2008-12-18,10327.00,10631.10,10128.10,10539.40,13979350016.00,97000775680.00
2008-12-19,10499.20,10822.30,10387.70,10588.80,15553036288.00,110010482688.00
2008-12-22,10491.70,10679.50,10174.80,10411.50,13681203200.00,95755411456.00
2008-12-23,10410.80,10494.20,9721.80,9794.70,15530243072.00,105780346880.00
2008-12-24,9426.30,9654.60,9180.00,9387.80,11349637120.00,73743515648.00
2008-12-25,9209.60,9393.70,8934.50,9140.30,9840297984.00,64651493376.00
2008-12-26,8917.20,9089.30,8726.30,8869.40,8263887872.00,57058926592.00
2008-12-29,8778.70,8947.50,8503.90,8795.90,8196765696.00,55840870400.00
2008-12-30,8610.30,8796.70,8426.80,8551.60,8527928832.00,58497536000.00
2008-12-31,8316.30,8455.30,8108.70,8196.50,7957484544.00,53891502080.00
2009-01-05,8283.40,8553.40,8183.20,8503.00,10052324352.00,70412066816.00
2009-01-06,8634.20,9060.00,8544.90,8972.90,14712552448.00,104779595776.00
2009-01-07,9010.50,9235.70,8868.90,9018.20,13768148992.00,97295646720.00
2009-01-08,8826.40,9028.10,8637.00,8813.70,12004808704.00,87327752192.00
2009-01-09,8730.20,9042.70,8678.20,8941.10,11038994432.00,81404264448.00
2009-01-12,8944.10,9231.70,8828.40,9028.90,12956622848.00,94602559488.00
2009-01-13,8834.80,8999.70,8615.20,8716.10,11506451456.00,80050872320.00
2009-01-14,8746.10,9210.40,8694.40,9163.80,13126728704.00,96922681344.00
2009-01-15,9320.90,9678.00,9220.80,9473.00,17229230080.00,124556664832.00
2009-01-16,9897.90,10270.50,9780.60,9971.20,19454892032.00,145976770560.00
2009-01-19,10171.90,10431.00,9926.40,10129.00,15711484928.00,117542338560.00
2009-01-20,9947.00,10179.30,9781.80,10090.50,11269480448.00,83485941760.00
2009-01-21,9963.40,10303.80,9841.60,10096.20,13389572096.00,104269479936.00
2009-01-22,10137.90,10369.50,9961.70,10225.10,13479355392.00,101656772608.00
2009-01-23,10148.50,10335.70,9963.60,10105.50,12942727168.00,94952611840.00
2009-02-02,10157.90,10400.90,9979.50,10280.80,13048583168.00,94670102528.00
2009-02-03,10582.50,10989.50,10469.70,10865.40,20444116992.00,147460521984.00
2009-02-04,11301.80,11652.80,11153.80,11522.10,22708838400.00,166355861504.00
2009-02-05,12007.30,12364.00,11691.30,11896.40,24986271744.00,188835643392.00
2009-02-06,12341.00,12940.10,12297.70,12829.00,24515940352.00,185935216640.00
2009-02-09,13688.40,14138.90,13433.40,13926.80,29284171776.00,231058702336.00
2009-02-10,14262.00,14786.60,13955.10,14657.60,26502326272.00,210485821440.00
2009-02-11,15101.90,15931.80,14829.10,15375.50,31723515904.00,263788609536.00
2009-02-12,15753.90,16137.90,15093.10,15801.40,26455181312.00,217071255552.00
2009-02-13,16280.10,17014.00,16055.20,16832.80,30124945408.00,250416021504.00
2009-02-16,17517.40,18034.60,17079.60,17730.60,31608778752.00,268612567040.00
2009-02-17,18045.20,18381.70,17219.10,17443.00,29506494464.00,253140303872.00
2009-02-18,17076.00,17603.90,16512.10,16720.00,24236617728.00,204521455616.00
2009-02-19,16686.10,17124.30,16280.70,16779.00,19679963136.00,166282608640.00
2009-02-20,16624.20,17213.80,16319.40,17063.90,19731646464.00,169858875392.00
2009-02-23,17086.70,17876.80,16800.20,17679.30,24280332288.00,211149291520.00
2009-02-24,17717.30,18224.70,16941.70,17175.90,28260450304.00,245109309440.00
2009-02-25,17382.70,17773.10,16540.10,17243.00,23359709184.00,204445319168.00
2009-02-26,17201.20,17594.20,15877.70,16156.40,22592081920.00,193854586880.00
2009-02-27,15705.00,16020.70,14929.10,15253.10,18593067008.00,148180746240.00
2009-03-02,14891.80,15540.70,14641.70,15358.20,13507325952.00,111263498240.00
2009-03-03,14631.60,15315.50,14411.40,15006.00,15091893248.00,124253519872.00
2009-03-04,15156.60,16212.20,15090.00,16081.00,22714118144.00,190987976704.00
2009-03-05,16558.20,16977.20,16024.60,16507.80,26334085120.00,225737834496.00
2009-03-06,15989.40,16547.70,15766.00,16187.70,18277095424.00,156138192896.00
2009-03-09,16137.00,16459.20,15218.90,15371.50,18362730496.00,154326024192.00
2009-03-10,14704.70,15310.90,14504.90,15233.30,12510109696.00,103645822976.00
2009-03-11,15268.20,15469.70,14708.70,14853.50,15465945088.00,131238092800.00
2009-03-12,14379.30,14670.60,13944.60,14483.40,13185424384.00,107970215936.00
2009-03-13,14191.80,14439.60,13871.20,14009.70,12578267136.00,106675183616.00
2009-03-16,13566.00,13953.30,13350.60,13842.20,11097979904.00,92975644672.00
2009-03-17,13982.80,14615.30,13843.30,14485.10,19608766464.00,169924050944.00
2009-03-18,14816.10,15251.10,14643.10,14881.90,22492956672.00,194694381568.00
2009-03-19,15107.20,15585.50,14948.00,15434.20,21722114048.00,191015714816.00
2009-03-20,15712.90,16019.00,15285.20,15686.40,22822479872.00,204613697536.00
2009-03-23,16042.40,16682.10,15855.10,16418.40,24232964096.00,226524954624.00
2009-03-24,16867.40,17172.80,16474.90,16751.10,24249094144.00,223716622336.00
2009-03-25,16699.80,17124.10,16278.90,16433.00,21551071232.00,197723389952.00
2009-03-26,16579.90,17186.40,16260.20,17086.00,22378373120.00,203737956352.00
2009-03-27,17528.60,17925.20,17203.50,17542.80,26670606336.00,236824821760.00
2009-03-30,17542.90,17894.70,17200.20,17497.80,20594659328.00,188103753728.00
2009-03-31,17139.10,17847.10,16886.20,17690.50,20849569792.00,195640672256.00
2009-04-01,18065.10,18643.80,17865.70,18304.10,26757582848.00,249905905664.00
2009-04-02,18688.90,19172.60,18399.90,18725.90,27593930752.00,257377779712.00
2009-04-03,19016.70,19372.50,18455.30,18746.30,25122549760.00,236781912064.00
2009-04-07,18532.70,18994.40,18234.50,18691.80,18609014784.00,178346622976.00
2009-04-08,18555.70,18845.70,17832.00,17952.40,21771380736.00,204240814080.00
2009-04-09,17624.90,18107.10,17342.90,17968.90,17151904768.00,162648850432.00
2009-04-10,18288.30,18942.10,18059.60,18769.90,23878901760.00,235505172480.00
2009-04-13,19373.10,19934.60,19097.80,19609.90,28338300928.00,279585947648.00
2009-04-14,19749.30,20309.30,19445.10,20027.40,25447499776.00,251548581888.00
2009-04-15,20133.50,20761.60,19724.90,20450.70,27391375360.00,267949686784.00
2009-04-16,20679.60,21181.20,20171.60,20678.20,28325040128.00,269249265664.00
2009-04-17,20686.50,21092.20,20070.00,20456.70,24509079552.00,240263151616.00
2009-04-20,20336.90,21076.90,20145.40,20867.80,23044421632.00,217732464640.00
2009-04-21,20612.90,21117.90,20179.00,20729.40,25320370176.00,238863695872.00
2009-04-22,20997.20,21383.10,19745.50,19980.30,28424464384.00,264894808064.00
2009-04-23,19399.50,19987.80,19064.70,19737.40,18693814272.00,171653955584.00
2009-04-24,19468.30,19810.10,19002.10,19221.90,17200381952.00,165305991168.00
2009-04-27,19034.30,19294.80,18245.60,18481.60,16871265280.00,154758250496.00
2009-04-28,17919.50,18437.20,17684.80,18196.70,14313049088.00,136974180352.00
2009-04-29,18012.90,18742.80,17800.30,18524.20,18638286848.00,177631199232.00
2009-04-30,18511.80,18960.80,18222.40,18618.50,19817873408.00,190590926848.00
2009-05-04,18755.20,19506.30,18602.10,19335.30,22638761984.00,217576341504.00
2009-05-05,19544.10,19945.40,19210.20,19567.50,23459319808.00,226230124544.00
2009-05-06,19617.30,20210.80,19386.90,19961.80,24053723136.00,235479203840.00
2009-05-07,20396.20,20788.50,19742.80,20226.50,27287078912.00,268430573568.00
2009-05-08,20278.50,20847.30,19888.50,20471.00,24692234240.00,239930638336.00
2009-05-11,20897.70,21314.70,20014.80,20132.60,26761349120.00,259098329088.00
2009-05-12,19651.30,20431.80,19468.00,20337.90,18341070848.00,171956125696.00
2009-05-13,20305.70,20814.40,20005.50,20479.30,21866037248.00,218285817856.00
2009-05-14,19991.80,20446.40,19708.70,20176.30,19091656704.00,186843037696.00
2009-05-15,19942.00,20289.40,19639.70,19967.40,17213097984.00,166455083008.00
2009-05-18,19661.00,20080.20,19212.30,19874.10,17879291904.00,176891133952.00
2009-05-19,20244.90,20676.80,19927.60,20304.90,22478891008.00,227066281984.00
2009-05-20,20295.70,20678.80,19904.80,20140.70,21303437312.00,213731016704.00
2009-05-21,19895.40,20252.20,19343.60,19620.30,20927438848.00,209242357760.00
2009-05-22,19180.10,19577.00,18910.40,19237.10,14994231296.00,151430168576.00
2009-05-25,18737.20,19473.60,18446.60,19302.50,17363294208.00,177874993152.00
2009-05-26,19175.00,19589.70,18823.90,19038.20,18022619136.00,187429453824.00
2009-05-27,18766.20,19126.70,18435.60,18790.20,15652361216.00,157262823424.00
2009-06-01,19154.70,19692.80,18975.40,19465.90,21098207232.00,223971491840.00
2009-06-02,19737.10,20143.20,19409.00,19711.90,22604539904.00,235532009472.00
2009-06-03,19890.80,20459.90,19660.50,20225.50,22962714624.00,237719814144.00
2009-06-04,20470.40,20986.60,20048.70,20596.20,24970639360.00,262374080512.00
2009-06-05,20683.20,21103.40,20274.90,20520.30,21911025664.00,233359802368.00
2009-06-08,20508.80,20967.50,20084.00,20496.00,19720087552.00,207251554304.00
2009-06-09,20315.90,20718.40,19792.80,20443.00,19880656896.00,202022600704.00
2009-06-10,20563.40,21007.20,20258.40,20695.40,21735157760.00,215638179840.00
2009-06-11,20515.70,20869.90,20130.30,20372.80,19892230144.00,197936971776.00
2009-06-12,20147.10,20453.80,19519.80,19787.30,19065051136.00,186473873408.00
2009-06-15,19434.70,19906.90,19155.30,19741.70,15735601152.00,163633233920.00
2009-06-16,19220.20,19704.20,18997.10,19408.70,15343489024.00,163247849472.00
2009-06-17,19214.70,19725.00,18926.60,19535.20,17099170816.00,181829435392.00
2009-06-18,19700.80,20175.40,19486.20,19888.40,20526227456.00,220745482240.00
2009-06-19,20099.80,20528.70,19773.20,20152.90,22478925824.00,228536320000.00
2009-06-22,20356.70,20688.90,19898.20,20155.60,21364957184.00,219828994048.00
2009-06-23,19923.90,20541.80,19678.50,20169.80,20692611072.00,209544855552.00
2009-06-24,20143.90,20695.90,19907.30,20456.50,20402012160.00,217099796480.00
2009-06-25,20359.90,20718.40,20013.00,20304.50,18138566656.00,196150427648.00
2009-06-26,20118.70,20464.10,19831.80,20146.90,16566989824.00,174739488768.00
2009-06-29,20253.50,20754.00,20000.10,20449.80,19209222144.00,204998672384.00
2009-06-30,20479.20,20831.60,20035.60,20348.60,18612918272.00,209459888128.00
2009-07-01,20299.70,20986.60,20114.20,20729.90,20461500416.00,226497757184.00
2009-07-02,21106.10,21615.70,20831.50,21299.80,23790974976.00,265248636928.00
2009-07-03,21329.70,22041.60,21101.90,21760.50,24022249472.00,266070589440.00
2009-07-06,24464.90,25174.80,24059.70,24679.90,26654498816.00,297858826240.00
2009-07-07,24745.90,25237.60,24259.90,24639.30,25991372800.00,278418915328.00
2009-07-08,24356.70,25056.80,23986.60,24767.80,22671261696.00,251376517120.00
2009-07-09,24856.20,25497.60,24550.20,25240.10,25135550464.00,279658496000.00
2009-07-10,25270.10,25798.30,24902.40,25292.90,24731176960.00,274905628672.00
2009-07-13,25140.50,25723.60,24776.90,25168.80,23768070144.00,264851210240.00
2009-07-14,25259.30,25945.20,25076.50,25714.40,24543815680.00,275356254208.00
2009-07-15,26124.50,26799.00,25785.20,26352.60,28856989696.00,328668872704.00
2009-07-16,26757.80,27332.70,26184.10,26566.90,28296022016.00,331252301824.00
2009-07-17,26443.30,27088.90,26057.10,26668.20,24426139648.00,282577371136.00
2009-07-20,27128.50,27926.30,26794.90,27612.10,29329641472.00,349461315584.00
2009-07-21,27930.00,28369.60,27040.20,27320.90,29114374144.00,344598249472.00
2009-07-22,27191.90,28160.10,26995.60,27776.20,25014147072.00,305679859712.00
2009-07-23,27713.30,28405.20,27307.20,27955.70,25009152000.00,295058702336.00
2009-07-24,28198.80,28787.50,27303.40,28090.10,27684089856.00,331030167552.00
2009-07-27,28413.50,29311.20,28045.70,28958.30,28437387264.00,351370149888.00
2009-07-28,29235.30,29970.30,28614.20,29470.10,30474395648.00,373015576576.00
2009-07-29,30150.50,30713.60,27611.90,28497.00,38025138176.00,427144413184.00
2009-07-30,28596.60,29467.40,27637.60,28910.00,28274001920.00,326447923200.00
2009-07-31,29188.00,30125.80,28745.40,29865.80,27812196352.00,329268756480.00
2009-08-03,30371.50,31226.10,29833.50,30794.20,29672382464.00,357804441600.00
2009-08-04,31021.10,31764.10,30196.20,31138.00,31341268992.00,379302445056.00
2009-08-05,31112.60,31798.70,30233.30,31026.00,29760124928.00,361872097280.00
2009-08-06,30659.20,31281.20,29638.60,30366.90,26207352832.00,327790034944.00
2009-08-07,29878.30,30408.30,28729.00,28990.10,22693654528.00,277844885504.00
2009-08-10,28689.80,29202.30,27812.70,28515.70,18632740864.00,229765152768.00
2009-08-11,27707.80,28123.30,27157.10,27708.20,15364382720.00,187420999680.00
2009-08-12,27200.40,27462.80,25770.10,26013.60,19735963648.00,236488638464.00
2009-08-13,25493.40,26071.30,24845.70,25670.60,17023112192.00,205931675648.00
2009-08-14,25278.00,25631.10,24128.40,24380.90,18523203584.00,219936604160.00
2009-08-17,23679.40,24046.10,22364.80,22532.70,18356258816.00,204591120384.00
2009-08-18,21963.40,22809.30,21554.80,22514.10,15362644992.00,171932418048.00
2009-08-19,22160.70,22450.80,20671.70,20987.80,16828684288.00,183193468928.00
2009-08-20,20689.80,21674.20,20481.10,21518.60,16399590400.00,183935647744.00
2009-08-21,21278.50,22084.60,20977.50,21847.90,18797021184.00,209501536256.00
2009-08-24,21842.70,22386.90,21448.20,22095.10,18572906496.00,213847195648.00
2009-08-25,22051.70,22326.10,20781.00,21598.20,21477025792.00,241686593536.00
2009-08-26,21339.10,22428.90,21080.20,22039.80,19694479360.00,221654695936.00
2009-08-27,21815.60,22477.80,21412.30,21963.10,20562522112.00,223982239744.00
2009-08-28,21703.30,22002.40,20805.90,21102.60,17931382784.00,201061875712.00
2009-08-31,20661.70,20824.70,19356.80,19499.90,17453225984.00,188771827712.00
2009-09-01,18889.90,19611.40,18507.90,19002.80,14569860096.00,154589069312.00
2009-09-02,18385.50,18972.80,18082.50,18685.50,12365084672.00,131881320448.00
2009-09-03,18763.10,19900.00,18623.40,19748.00,18916182016.00,206884126720.00
2009-09-04,19750.40,20371.50,19503.60,20011.90,18980552704.00,213295874048.00
2009-09-07,20203.50,20792.40,19911.80,20322.80,19589941248.00,224217006080.00
2009-09-08,20233.30,20967.90,19880.10,20787.90,19168872448.00,225977761792.00
2009-09-09,21002.90,21455.90,20579.10,21102.10,19909922816.00,242429591552.00
2009-09-10,20721.40,21149.60,20342.50,20629.80,16203388928.00,189980950528.00
2009-09-11,20474.50,21267.00,20354.50,20972.90,18437165056.00,214494429184.00
2009-09-14,21195.80,21835.30,20991.80,21590.20,21913659392.00,250969145344.00
2009-09-15,21795.40,22329.60,21464.00,21942.00,22084911104.00,253186998272.00
2009-09-16,22014.60,22460.50,21448.60,21990.70,22379534336.00,261453348864.00
2009-09-17,22262.30,22941.10,22109.00,22626.60,23989231616.00,274365595648.00
2009-09-18,22986.80,23294.80,21833.00,22157.50,25639663616.00,287494012928.00
2009-09-21,21846.00,22474.90,21200.00,22264.80,20169781248.00,225187545088.00
2009-09-22,21997.30,22464.40,21341.00,21517.20,18785527808.00,216907186176.00
2009-09-23,21235.60,21647.00,20414.80,20672.50,16469009408.00,186305101824.00
2009-09-24,20171.70,20727.80,19552.80,20264.60,15337499648.00,171426562048.00
2009-09-25,19511.70,19875.10,19148.70,19438.50,11359646720.00,125380345856.00
2009-09-28,18912.10,19233.10,18110.00,18286.90,10852293632.00,118037995520.00
2009-09-29,17765.80,18050.20,17117.80,17556.70,11239998464.00,117108850688.00
2009-09-30,17130.30,17525.90,16945.30,17177.20,9903869952.00,107827232768.00
2009-10-09,17311.40,17923.40,17165.30,17837.10,12781750272.00,144851173376.00
2009-10-12,17711.70,18028.80,17361.80,17634.50,13322213376.00,155110637568.00
2009-10-13,17263.90,17716.60,17113.30,17588.90,12112780288.00,137949773824.00
2009-10-14,17905.80,18434.50,17729.70,18051.30,18993217536.00,216182292480.00
2009-10-15,18130.00,18435.40,17829.30,18052.90,15104095232.00,174429569024.00
2009-10-16,18360.20,18638.50,17938.50,18380.50,14224485376.00,165942706176.00
2009-10-19,18731.90,19373.10,18543.80,19236.40,18808473600.00,225974681600.00
2009-10-20,19839.50,20242.30,19569.90,19994.70,21914994688.00,263351648256.00
2009-10-21,20241.50,20662.20,19920.00,20187.50,20991612928.00,246984081408.00
2009-10-22,20040.60,20448.00,19779.00,20071.50,16916428800.00,198531137536.00
2009-10-23,20422.90,21025.00,20307.00,20715.70,21827565568.00,253823549440.00
2009-10-26,20778.30,21090.90,20399.80,20763.10,18438039552.00,218126761984.00
2009-10-27,22176.30,22441.80,21549.80,21735.70,19131701248.00,228281679872.00
2009-10-28,21365.80,21834.20,20983.80,21591.10,16013889536.00,186879836160.00
2009-10-29,21065.30,21447.70,20678.30,20948.60,16914665472.00,190164959232.00
2009-10-30,21255.20,21760.90,20887.20,21204.00,16947265536.00,216258166784.00
2009-11-02,20916.30,22184.30,20685.30,22043.80,21242923008.00,253179805696.00
2009-11-03,22473.50,23091.20,22235.50,22753.30,24290048000.00,288886587392.00
2009-11-04,23031.80,23531.80,22684.80,23153.40,23670697984.00,279897899008.00
2009-11-05,23200.60,23669.00,22903.80,23365.80,22379137024.00,253119184896.00
2009-11-06,23849.70,24283.30,23508.30,23811.40,25533419520.00,296682586112.00
2009-11-09,23863.70,24280.20,23482.70,23994.10,21670500352.00,254775427072.00
2009-11-10,24183.50,24571.10,23821.20,24085.10,22163851264.00,263905132544.00
2009-11-11,23889.10,24287.30,23524.40,23966.10,19626358784.00,232121565184.00
2009-11-12,23973.40,24425.70,23695.00,23975.90,21315110912.00,247733272576.00
2009-11-13,24090.40,24567.20,23698.50,24374.50,22419501056.00,265794928640.00
2009-11-16,25281.40,26060.50,25107.20,25782.80,29815484416.00,362071326720.00
2009-11-17,26164.40,26565.90,25726.50,26129.90,25372518400.00,312209965056.00
2009-11-18,26184.30,26694.80,25824.50,26288.70,24527648768.00,293584437248.00
2009-11-19,26490.20,27061.70,26162.60,26767.90,26870673408.00,318497751040.00
2009-11-20,26906.30,27483.10,26523.90,27048.10,27193589760.00,323920429056.00
2009-11-23,27260.30,27885.70,26970.00,27644.80,26104576000.00,326414565376.00
2009-11-24,28882.70,29400.70,27264.40,27530.00,38111064064.00,466112020480.00
2009-11-25,27703.50,28834.10,27311.30,28668.70,29080117248.00,352468926464.00
2009-11-26,29392.80,29896.80,27921.60,28212.70,33784555520.00,414017880064.00
2009-11-27,27672.50,28295.30,26868.40,27251.10,23462209536.00,286243192832.00
2009-11-30,27231.20,28274.80,27046.10,28116.40,21320943616.00,263110803456.00
2009-12-01,28161.50,29023.40,27794.00,28777.90,25254191104.00,309535080448.00
2009-12-02,28947.10,29629.90,28604.10,29212.80,27030704128.00,335308881920.00
2009-12-03,29049.20,29603.10,28528.50,29199.00,24754501632.00,313912098816.00
2009-12-04,29686.80,30410.80,28514.80,29481.80,32187752448.00,404951367680.00
2009-12-07,29182.10,29888.00,28842.90,29552.90,21038329856.00,270700986368.00
2009-12-08,29173.80,29559.00,28502.10,28974.40,21439188992.00,268519981056.00
2009-12-09,27991.90,28471.50,27489.40,27820.60,17869365248.00,226374402048.00
2009-12-10,27151.90,27596.30,26773.10,27202.50,14819294208.00,188608004096.00
2009-12-11,26496.30,26869.50,26142.40,26395.40,14759286784.00,186691289088.00
2009-12-14,26002.10,26424.50,25216.60,26072.30,17821261824.00,223521701888.00
2009-12-15,25563.10,26019.50,25223.90,25564.40,16113923072.00,208543842304.00
2009-12-16,24997.60,25445.60,24666.40,24933.90,15473947648.00,196394205184.00
2009-12-17,24521.10,24773.90,23658.90,23826.60,15925582848.00,198273007616.00
2009-12-18,23229.90,23516.30,22449.50,22720.00,15526800384.00,189930831872.00
2009-12-21,22057.60,22492.70,21737.30,22273.40,11281773568.00,142405206016.00
2009-12-22,21892.10,22106.40,21054.20,21247.40,12946545664.00,161955135488.00
2009-12-23,20735.40,21234.60,20544.40,21043.90,11973454848.00,147137839104.00
2009-12-24,20985.40,21745.20,20827.30,21602.20,15610643456.00,201350561792.00
2009-12-25,21274.60,21640.30,21004.80,21320.80,13283745792.00,172626493440.00
2009-12-28,21193.00,21707.40,21078.10,21486.20,14201200640.00,181533523968.00
2009-12-29,21394.20,21691.90,21035.80,21475.60,15721441280.00,193829535744.00
2009-12-30,21721.00,22133.00,21383.50,21836.50,19019227136.00,246502506496.00
2009-12-31,21820.50,22202.20,21578.90,21976.30,16940090368.00,215114514432.00
2010-01-04,22021.70,22345.30,21632.30,21864.60,16579817472.00,215399677952.00
2010-01-05,22228.60,22711.50,21833.00,22424.40,19625406464.00,263323222016.00
2010-01-06,22650.00,23102.30,22331.70,22592.60,19221723136.00,259969368064.00
2010-01-07,22823.80,23156.50,22153.40,22405.90,19994224640.00,260572905472.00
2010-01-08,22132.10,22587.20,21808.20,22416.70,15537231872.00,204078432256.00
2010-01-11,24059.40,24450.60,23258.70,23683.60,20474439680.00,276812365824.00
2010-01-12,23981.80,24652.90,23608.90,24441.70,21616261120.00,287441944576.00
2010-01-13,24486.60,25156.40,24083.70,24521.90,24081612800.00,321740931072.00
2010-01-14,24769.60,25453.80,24502.30,25209.80,21619722240.00,286000807936.00
2010-01-15,25231.80,25685.10,24888.60,25337.10,19259701248.00,256644726784.00
2010-01-18,25362.00,25913.60,25036.20,25670.30,20861263872.00,275856556032.00
2010-01-19,25696.10,26123.40,25313.60,25694.10,20364955648.00,268540739584.00
2010-01-20,26119.70,26415.20,24944.60,25192.00,24640919552.00,320279969792.00
2010-01-21,24908.50,25432.80,24483.30,25011.70,17264082944.00,224612515840.00
2010-01-22,24739.80,25156.60,23882.70,24507.40,20410777600.00,257419231232.00
2010-01-25,23682.30,24172.10,23296.70,23544.90,12230257664.00,153101254656.00
2010-01-26,23119.80,23382.30,22053.30,22344.60,14418080768.00,179145719808.00
2010-01-27,21728.30,22117.20,21222.90,21537.10,11801794560.00,148562018304.00
2010-01-28,20955.40,21402.20,20666.70,21175.60,11441725440.00,143917137920.00
2010-01-29,20650.80,21288.30,20462.20,20863.80,12947359744.00,163135766528.00
2010-02-01,20571.40,20870.80,19899.20,20337.40,13979972608.00,175823912960.00
2010-02-02,20111.20,20545.80,19763.90,19938.10,12795332608.00,159943065600.00
2010-02-03,19940.00,20486.50,19284.10,20317.40,16024817664.00,197986435072.00
2010-02-04,20055.60,20625.00,19808.60,20312.50,16242562048.00,194904244224.00
2010-02-05,19773.80,20262.30,19394.90,19775.30,16125499392.00,192691027968.00
2010-02-08,19141.50,19538.00,18861.10,19203.30,10405515264.00,125902094336.00
2010-02-09,18546.70,18912.30,18322.20,18618.90,9864278016.00,114434883584.00
2010-02-10,18183.70,18455.00,17975.40,18298.70,8881412096.00,114253135872.00
2010-02-11,17775.60,18014.60,17559.10,17736.80,8878448640.00,111143501824.00
2010-02-12,17303.00,17600.30,17157.40,17457.70,8684658688.00,112828162048.00
2010-02-22,17087.60,17396.20,16864.00,17093.80,10519514112.00,130039414784.00
2010-02-23,16991.50,17282.70,16599.10,17072.40,12517855232.00,159093489664.00
2010-02-24,17050.90,17574.60,16890.40,17456.40,15152140288.00,184679448576.00
2010-02-25,17949.50,18400.40,17813.80,18206.70,18968172544.00,235919966208.00
2010-02-26,18408.10,18737.30,18195.20,18443.40,16471987200.00,211004882944.00
2010-03-01,18801.20,19239.60,18641.60,19035.20,17899294720.00,226016755712.00
2010-03-02,19274.30,19559.50,18956.90,19226.00,17557319680.00,221309255680.00
2010-03-03,19594.30,20018.80,19361.40,19816.00,19043325952.00,238528757760.00
2010-03-04,20264.70,20522.90,19446.00,19594.60,20844619776.00,258332409856.00
2010-03-05,19451.80,19828.90,19184.40,19507.90,14612274176.00,181855682560.00
2010-03-08,19250.90,19613.50,19076.70,19400.20,12961604608.00,161648312320.00
2010-03-09,19293.60,19615.40,18985.90,19354.90,14845890560.00,185076973568.00
2010-03-10,19155.60,19408.70,18767.80,18976.30,13565684736.00,170131324928.00
2010-03-11,18763.50,19038.50,18428.50,18719.60,12604251136.00,163200909312.00
2010-03-12,18445.80,18657.50,18075.60,18184.80,11625198592.00,152767561728.00
2010-03-15,17758.70,17957.60,17380.80,17613.10,10094590976.00,129879678976.00
2010-03-16,17174.00,17450.40,16971.80,17313.10,9417493504.00,121043394560.00
2010-03-17,17345.70,17822.80,17229.60,17735.70,13832922112.00,177709137920.00
2010-03-18,17831.60,18111.30,17626.60,17829.60,14587175936.00,187275837440.00
2010-03-19,17867.10,18172.80,17667.60,18003.20,14347666432.00,181533147136.00
2010-03-22,18096.70,18387.30,17890.20,18180.00,15284048896.00,192395329536.00
2010-03-23,18245.50,18472.40,17947.20,18135.10,14776987648.00,190537482240.00
2010-03-24,18170.40,18487.50,17985.30,18219.70,14716008448.00,191940165632.00
2010-03-25,18264.70,18477.70,17884.40,18081.00,14983498752.00,195846520832.00
2010-03-26,18064.30,18517.80,17901.20,18335.80,14247916544.00,185438519296.00
2010-03-29,18944.90,19345.30,18725.60,19117.80,19166007296.00,248633507840.00
2010-03-30,19323.40,19634.70,19129.20,19436.60,15775305728.00,213235138560.00
2010-03-31,19618.20,19915.20,19363.40,19635.60,15930172416.00,218130661376.00
2010-04-01,20128.00,20621.80,20010.00,20414.90,20232378368.00,272997466112.00
2010-04-02,20862.60,21201.00,20632.20,20932.60,19669819392.00,263466467328.00
2010-04-06,21291.30,21614.60,20965.10,21286.90,18733735936.00,252424880128.00
2010-04-07,21326.80,21614.00,21020.20,21366.50,16691982336.00,229341151232.00
2010-04-08,21593.20,21931.20,21250.90,21522.30,18463027200.00,256381566976.00
2010-04-09,21676.20,22138.10,21510.00,21970.10,17195214848.00,243483803648.00
2010-04-12,22676.40,23103.90,22251.10,22692.10,22327136256.00,310798385152.00
2010-04-13,23457.50,23870.70,22533.70,23265.20,23557019648.00,337954963456.00
2010-04-14,23224.70,23720.30,22934.80,23469.30,17663928320.00,246437969920.00
2010-04-15,23553.80,23854.80,23008.80,23321.30,17822736384.00,247134257152.00
2010-04-16,22899.00,23255.50,22490.10,22865.50,13597616128.00,186517258240.00
2010-04-19,23043.00,23373.90,22065.50,22225.60,20797480960.00,271649783808.00
2010-04-20,22263.90,22806.60,21702.70,22471.40,17078301696.00,225820786688.00
2010-04-21,22773.80,23559.00,22544.60,23369.40,19481247744.00,270380400640.00
2010-04-22,23601.80,24123.40,23174.50,23669.30,20137672704.00,278913089536.00
2010-04-23,23703.50,24199.80,23262.40,23590.90,17605466112.00,252134604800.00
2010-04-26,23431.70,23867.00,22998.10,23343.00,15039972352.00,214173810688.00
2010-04-27,23262.70,23471.90,22219.70,22796.90,17494833152.00,233534406656.00
2010-04-28,22507.80,23098.80,22116.70,22644.70,13555675136.00,185848840192.00
2010-04-29,22475.80,22842.30,21692.20,21811.50,14587342848.00,198699057152.00
2010-04-30,21531.90,21837.60,20622.80,21231.70,14346402816.00,188945367040.00
2010-05-04,20155.80,20873.80,19858.90,20458.50,10626284544.00,138192617472.00
2010-05-05,20156.20,20968.90,19839.90,20836.30,14753950720.00,191755501568.00
2010-05-06,20701.80,21006.10,19893.30,20030.20,14826178560.00,201523462144.00
2010-05-07,19473.80,20171.30,19096.00,19579.10,14369244160.00,187744763904.00
2010-05-10,19394.90,19816.90,18633.90,19166.50,13089341440.00,166196379648.00
2010-05-11,19405.40,19598.20,18345.50,18540.10,13826634752.00,173275709440.00
2010-05-12,18126.50,18573.50,17537.10,18048.30,12778998784.00,151442489344.00
2010-05-13,17840.50,18417.60,17478.80,18314.20,12940468224.00,151945428992.00
2010-05-14,17882.40,18323.30,17641.60,18044.00,11608835072.00,141670187008.00
2010-05-17,17573.20,17790.50,16683.60,16785.30,12716093440.00,146082136064.00
2010-05-18,16674.00,17249.30,16243.30,17022.10,13190738944.00,146626330624.00
2010-05-19,16654.10,17167.20,16397.80,16813.20,11525081088.00,137433374720.00
2010-05-20,16390.90,16842.10,16085.30,16254.10,10779022336.00,129070743552.00
2010-05-21,15763.10,16679.40,15578.10,16575.20,13472878592.00,154083803136.00
2010-05-24,17082.60,17890.30,17010.60,17683.30,18148726784.00,216813830144.00
2010-05-25,17586.50,17899.50,17230.90,17525.10,15022643200.00,181134508032.00
2010-05-26,17226.30,17575.90,16999.60,17287.20,11227008000.00,137563701248.00
2010-05-27,17213.70,17747.50,16919.10,17606.60,14266105856.00,172609699840.00
2010-05-28,17826.90,18069.40,17440.40,17677.80,14478640128.00,182624337920.00
2010-05-31,17478.40,17761.90,16939.00,17026.20,13138857984.00,161837744128.00
2010-06-01,16693.90,17011.70,16177.40,16608.50,12437536768.00,148420853760.00
2010-06-02,16172.70,16573.50,15879.90,16470.50,10569747456.00,125798162432.00
2010-06-03,16408.60,16688.70,16091.60,16201.40,11844755456.00,148083752960.00
2010-06-04,15734.30,16124.40,15549.90,15967.70,9804695552.00,119127908352.00
2010-06-07,15475.00,15931.80,15291.00,15718.90,11245669376.00,141262733312.00
2010-06-08,15516.50,15868.00,15322.00,15655.40,10948336640.00,139836997632.00
2010-06-09,16001.20,16493.00,15795.50,16347.40,15874776064.00,191524929536.00
2010-06-10,16261.20,16611.50,16100.90,16350.50,13845889024.00,165757878272.00
2010-06-11,16298.80,16529.60,16029.60,16190.00,11948112896.00,150038659072.00
2010-06-17,16069.80,16269.30,15688.60,15776.30,9698370560.00,125860372480.00
2010-06-18,15667.70,15858.40,15006.40,15176.20,11688998912.00,142748139520.00
2010-06-21,15135.30,15727.30,14898.80,15621.50,12857802752.00,146062426112.00
2010-06-22,15391.80,15718.60,15259.70,15502.80,11098171392.00,126340366336.00
2010-06-23,15217.80,15489.80,14958.50,15238.50,10369449984.00,123244339200.00
2010-06-24,14770.60,15003.90,14588.80,14790.50,8519257088.00,100858298368.00
2010-06-25,14477.10,14640.20,14141.20,14340.20,8911425536.00,105146122240.00
2010-06-28,13968.90,14138.20,13659.30,13791.40,7506687488.00,88946147328.00
2010-06-29,13865.10,13995.40,13018.90,13122.00,12152099840.00,132570062848.00
2010-06-30,12804.50,13020.30,12459.90,12746.00,9239482368.00,97095737344.00
2010-07-01,12460.80,12693.90,12185.70,12314.00,8512206336.00,89837641728.00
2010-07-02,12282.20,12505.60,11723.00,12264.30,11254256640.00,116158578688.00
2010-07-05,11866.60,12122.90,11613.00,11937.60,8152602624.00,83038969856.00
2010-07-06,11850.90,12301.80,11783.70,12203.60,10307916800.00,107308146688.00
2010-07-07,12113.30,12363.30,11972.00,12251.60,9749460992.00,103432273920.00
2010-07-08,12175.30,12339.80,11929.80,12091.40,9493058560.00,101963382784.00
2010-07-09,12410.10,12916.30,12254.50,12767.30,14304230400.00,153741869056.00
2010-07-12,13015.00,13357.60,12881.50,13159.70,14052028416.00,152369299456.00
2010-07-13,13064.60,13238.80,12781.10,13009.30,11629641728.00,126739955712.00
2010-07-14,13079.30,13408.80,12965.90,13153.60,12085410816.00,131371794432.00
2010-07-15,13152.00,13362.60,12812.60,12888.80,14987778048.00,126847475712.00
2010-07-16,12679.30,12933.90,12467.50,12826.30,10864299008.00,104558223360.00
2010-07-19,12919.00,13483.60,12826.50,13388.40,13706802176.00,141127385088.00
2010-07-20,13976.00,14458.50,13898.10,14329.70,18996695040.00,203033722880.00
2010-07-21,14797.90,15105.10,14617.10,14813.40,18302633984.00,194794586112.00
2010-07-22,14966.80,15358.90,14857.40,15246.70,16683253760.00,172115673088.00
2010-07-23,15536.80,15765.70,15270.70,15550.00,17605332992.00,182200369152.00
2010-07-26,15679.50,15973.90,15490.90,15821.20,15388162048.00,166750011392.00
2010-07-27,15858.10,16095.90,15650.60,15852.10,14312608768.00,160601931776.00
2010-07-28,16367.30,16903.20,16240.80,16780.30,20611035136.00,220723806208.00
2010-07-29,17347.00,17686.20,17114.40,17436.80,22165006336.00,232954347520.00
2010-07-30,17436.00,17674.90,17155.50,17452.00,16078358528.00,178407342080.00
2010-08-02,17714.50,18172.60,17600.80,18033.00,18654480384.00,206994259968.00
2010-08-03,18510.30,18780.10,18076.00,18169.70,20848041984.00,236901335040.00
2010-08-04,18271.50,18645.10,17945.20,18517.40,18368772096.00,206666678272.00
2010-08-05,18700.40,19030.90,18399.00,18693.30,18562557952.00,212382695424.00
2010-08-06,18972.10,19485.40,18693.60,19369.60,20054597632.00,232203927552.00
2010-08-09,19660.40,20110.40,19478.60,19901.50,19894886400.00,237557039104.00
2010-08-10,20241.10,20456.30,19455.30,19542.50,20768221184.00,244260438016.00
2010-08-11,19262.20,19746.70,19115.10,19547.30,14471457792.00,171046977536.00
2010-08-12,19250.50,19692.10,18990.20,19235.40,15779223552.00,188428992512.00
2010-08-13,19074.20,19510.00,18835.40,19400.50,14773194752.00,173238812672.00
2010-08-16,19748.60,20394.10,19597.90,20218.30,20519761920.00,240428515328.00
2010-08-17,20507.00,20889.20,20257.40,20636.20,20067426304.00,238229929984.00
2010-08-18,20904.30,21248.80,20554.90,20897.00,21380071424.00,240166141952.00
2010-08-19,21123.80,21535.80,20837.00,21200.70,20906287104.00,249099206656.00
2010-08-20,21310.20,21588.60,20746.80,20967.30,19647924224.00,235172478976.00
2010-08-23,20705.60,21162.40,20485.40,20829.90,15199554560.00,183110418432.00
2010-08-24,20683.10,21174.50,20405.10,20910.10,17576740864.00,201988603904.00
2010-08-25,20725.20,21028.60,20240.00,20406.50,17764960256.00,204258770944.00
2010-08-26,20200.40,20566.30,19926.70,20260.60,14097220608.00,165732646912.00
2010-08-27,19841.50,20173.90,19591.20,19978.60,12234150912.00,153704333312.00
2010-08-30,20301.90,20864.80,20152.60,20705.40,18438789120.00,233995698176.00
2010-08-31,20922.50,21418.40,20661.90,21133.20,19400308736.00,255437864960.00
2010-09-01,21555.90,21942.70,20898.10,21297.80,21840031744.00,277202305024.00
2010-09-02,21824.60,22345.00,21528.00,22053.10,21018525696.00,273850220544.00
2010-09-03,22444.30,22940.80,22052.40,22562.20,21876205568.00,286170513408.00
2010-09-06,23105.10,23591.40,22602.40,23034.00,23563798528.00,297781526528.00
2010-09-07,22942.30,23370.20,22609.70,23115.40,18696929280.00,229356994560.00
2010-09-08,23067.80,23605.90,22783.90,23365.70,19212328960.00,250265731072.00
2010-09-09,23721.90,24102.50,23069.10,23344.20,22644692992.00,294022152192.00
2010-09-10,23363.90,23879.20,22864.10,23512.20,19321200640.00,254489706496.00
2010-09-13,23624.90,24261.20,23377.00,23962.10,19713878016.00,261308809216.00
2010-09-14,24039.50,24488.80,23671.30,24065.20,20266643456.00,263571947520.00
2010-09-15,24088.50,24417.30,23390.90,23640.60,20145489920.00,259055239168.00
2010-09-16,23525.20,23846.70,22605.60,23059.30,19433162752.00,238963654656.00
2010-09-17,22648.90,23051.60,22227.40,22574.40,14063058944.00,179257671680.00
2010-09-20,22133.30,22469.10,21576.30,21863.70,13349658624.00,165448564736.00
2010-09-21,21225.80,21535.90,20839.30,21139.30,9956282368.00,129279475712.00
2010-09-27,21052.10,21623.70,20854.00,21473.10,12554609664.00,162339618816.00
2010-09-28,21297.80,21707.80,20885.50,21224.70,14972017664.00,200748646400.00
2010-09-29,20999.50,21410.70,20573.30,20851.70,14143190016.00,187211857920.00
2010-09-30,20483.20,21157.60,20311.60,20992.10,13907558400.00,180773732352.00
2010-10-08,21699.50,22440.40,21492.70,22146.90,20946294784.00,279414669312.00
2010-10-11,24262.90,25136.20,23844.40,24516.20,31592396800.00,420213522432.00
2010-10-12,25206.90,26104.20,24838.10,25676.00,26353842176.00,357624840192.00
2010-10-13,26698.30,27446.30,26106.40,26888.60,29972471808.00,396875104256.00
2010-10-14,28183.10,28831.50,27223.50,27727.30,33955850240.00,434207948800.00
2010-10-15,28654.00,29993.80,28155.20,29358.90,34413727744.00,442604716032.00
2010-10-18,30679.10,31515.90,29365.90,30135.30,38531182592.00,476924182528.00
2010-10-19,30237.50,31395.20,29831.40,31117.20,26190753792.00,336541843456.00
2010-10-20,31138.50,32828.80,30711.40,32088.00,31935342592.00,438139486208.00
2010-10-21,32209.40,32942.80,31513.10,32242.30,25734930432.00,352840581120.00
2010-10-22,32022.60,32961.50,31505.40,32294.40,24783478784.00,346381418496.00
2010-10-25,33018.50,34331.40,32547.60,33976.00,30978981888.00,436931821568.00
2010-10-26,34581.40,35393.10,33748.00,34567.20,31817533440.00,450617442304.00
2010-10-27,34583.20,35460.30,33728.70,34204.40,28849586176.00,404892909568.00
2010-10-28,33724.00,34612.50,33213.90,33889.30,23226107904.00,329508061184.00
2010-10-29,33727.60,34524.10,33102.60,33891.00,23842639872.00,347812102144.00
2010-11-01,34514.30,35860.60,34198.00,35504.20,30018142208.00,444889432064.00
2010-11-02,36583.70,37667.70,35681.70,36313.70,35933913088.00,535473291264.00
2010-11-03,36266.30,37089.50,35090.20,35576.70,28943548416.00,410881556480.00
2010-11-04,35431.50,36628.00,35014.60,36217.50,27182630912.00,383911854080.00
2010-11-05,37103.90,37904.30,36278.50,37046.50,32039071744.00,453744361472.00
2010-11-08,40046.80,41033.90,39389.60,40461.90,32142952448.00,445254631424.00
2010-11-09,40368.90,41161.80,39504.00,40395.00,31243915264.00,439889100800.00
2010-11-10,40157.80,41100.80,39382.10,40323.00,29784807424.00,440916115456.00
2010-11-11,40437.60,41977.60,39884.40,40552.00,33475733504.00,501011939328.00
2010-11-12,40832.80,41676.70,38185.30,38620.30,36974125056.00,523973820416.00
2010-11-15,38063.10,39184.20,37116.10,38600.70,24287309824.00,349159391232.00
2010-11-16,38313.30,38918.40,36190.60,36733.20,27068022784.00,391639236608.00
2010-11-17,35367.50,36357.30,34296.90,34824.70,19648102400.00,283001094144.00
2010-11-18,34040.70,34792.50,33361.40,34284.70,16199326720.00,231530496000.00
2010-11-19,33820.20,34611.30,32881.10,34331.60,20056766464.00,291475947520.00
2010-11-22,33623.30,34806.10,33255.70,34167.00,21607493632.00,323857743872.00
2010-11-23,33381.50,33817.70,32088.20,32962.40,19553959936.00,285336928256.00
2010-11-24,32159.70,33532.10,31976.90,33232.60,19305035776.00,289924743168.00
2010-11-25,33062.90,33783.50,32496.40,33220.00,21837776896.00,319099142144.00
2010-11-26,32442.60,32962.70,31777.80,32333.70,17958664192.00,267113349120.00
2010-11-29,31725.60,32354.50,31171.60,31851.00,16902122496.00,257338982400.00
2010-11-30,31710.60,32215.30,29986.20,31087.20,22514896896.00,325285937152.00
2010-12-01,29961.60,30560.70,29510.30,30067.90,13546518528.00,197850054656.00
2010-12-02,29906.60,30378.80,29378.30,29663.80,16796384256.00,245724413952.00
2010-12-03,28906.70,29298.90,28258.40,28750.50,13714052096.00,202547085312.00
2010-12-06,28184.10,28601.20,27472.30,27915.00,14049369088.00,201378267136.00
2010-12-07,27162.40,27886.90,26602.70,27655.10,13926289408.00,203950063616.00
2010-12-08,26994.10,27529.50,26631.90,26921.80,13881950208.00,205934886912.00
2010-12-09,26264.50,26659.90,25663.30,25915.30,14840600576.00,201687564288.00
2010-12-10,25157.40,25930.80,24926.80,25685.40,12703830016.00,183218569216.00
2010-12-13,26024.60,26928.90,25872.10,26742.70,19728635904.00,286526832640.00
2010-12-14,26858.20,27369.40,26515.70,27036.00,19329949696.00,281553764352.00
2010-12-15,27042.80,27519.80,26613.80,26920.30,17879339008.00,271256748032.00
2010-12-16,26388.30,26864.10,26100.70,26384.30,14396023808.00,212377223168.00
2010-12-17,25709.80,26092.70,25404.00,25779.60,11965223936.00,181170913280.00
2010-12-20,26036.00,26399.30,24866.10,25627.60,18264676352.00,276113162240.00
2010-12-21,25653.40,26292.50,25307.50,26032.20,17676310528.00,256515932160.00
2010-12-22,25896.20,26288.40,25383.20,25657.10,16182793216.00,237089996800.00
2010-12-23,25236.90,25593.80,24670.90,24871.70,14419977216.00,206893547520.00
2010-12-24,24257.90,24584.20,23654.00,24031.90,13104355328.00,182036742144.00
2010-12-27,24202.70,24767.40,23343.90,23563.00,15390686208.00,218839302144.00
2010-12-28,23051.40,23384.20,22391.80,22725.60,13086765056.00,173870792704.00
2010-12-29,22227.50,22687.50,21930.10,22497.00,10153048064.00,142120681472.00
2010-12-30,22041.80,22436.50,21678.70,22142.00,11386044416.00,158289346560.00
2010-12-31,22015.30,22688.60,21860.90,22534.30,13000682496.00,196666392576.00
2011-01-04,23052.60,23621.40,22715.70,23316.80,17113340928.00,257763295232.00
2011-01-05,23283.80,23819.20,22979.90,23436.70,15981101056.00,240491806720.00
2011-01-06,23227.00,23602.50,22834.20,23125.10,13378007040.00,202639540224.00
2011-01-07,23200.10,23691.20,22762.00,23130.70,16755184640.00,231679213568.00
2011-01-10,22872.60,23215.40,22219.10,22405.40,13825476608.00,194640609280.00
2011-01-11,21924.70,22297.60,21494.90,21976.10,12209681408.00,166077005824.00
2011-01-12,21660.50,22011.20,21274.50,21713.70,11870998528.00,152517656576.00
2011-01-13,21370.00,21637.00,20998.30,21255.90,11037208576.00,149949071360.00
2011-01-14,20849.30,21043.10,20261.60,20489.80,11678166016.00,159165251584.00
2011-01-17,20240.30,20506.90,19354.20,19578.70,13727600640.00,179287441408.00
2011-01-18,18969.50,19317.00,18674.50,19090.10,8924653568.00,116175708160.00
2011-01-19,18829.40,19458.40,18644.60,19346.00,11499757568.00,151791992832.00
2011-01-20,19175.80,19374.60,18429.70,18558.70,12764894208.00,165016616960.00
2011-01-21,18400.60,19094.70,18190.10,18708.20,13721943040.00,170340024320.00
2011-01-24,18596.10,18900.00,18020.80,18238.60,12518106112.00,157927079936.00
2011-01-25,17827.20,18058.90,17312.80,17619.20,10062897152.00,126698930176.00
2011-01-26,17179.90,17651.90,17066.00,17504.00,8890787840.00,113159421952.00
2011-01-27,17476.60,18175.00,17254.80,17956.00,14776474624.00,181492744192.00
2011-01-28,17855.50,18286.90,17662.20,18055.50,12379879424.00,160300302336.00
2011-01-31,18029.90,18505.70,17847.30,18346.80,13056207872.00,170554179584.00
2011-02-01,18195.40,18476.60,17919.00,18198.30,10631217152.00,146420039680.00
2011-02-09,17979.70,18470.30,17689.90,18015.90,12503876608.00,168247148544.00
2011-02-10,18119.40,18725.20,17917.40,18598.70,14576355328.00,196589780992.00
2011-02-11,18936.10,19402.90,18741.40,19100.70,16440835072.00,222321131520.00
2011-02-14,20078.50,20765.40,19920.50,20537.70,22734526464.00,302776811520.00
2011-02-15,21452.90,22001.80,21213.60,21501.80,22436784128.00,309673099264.00
2011-02-16,21957.50,22546.50,21750.50,22376.80,19455639552.00,275775619072.00
2011-02-17,22983.20,23434.40,22568.10,23031.10,20314382336.00,294844661760.00
2011-02-18,23201.20,23548.50,22721.70,23006.40,17644308480.00,254455840768.00
2011-02-21,23305.90,24080.20,23155.10,23917.00,18641651712.00,263139278848.00
2011-02-22,24803.10,25096.10,23802.60,24016.50,23488897024.00,336354672640.00
2011-02-23,23922.50,24533.40,23653.80,24228.80,16985253888.00,241978359808.00
2011-02-24,24175.50,24712.60,23842.10,24360.10,17127694336.00,241790173184.00
2011-02-25,24208.60,24608.30,23782.90,24269.10,15664069632.00,223038504960.00
2011-02-28,24486.30,25058.20,24159.50,24826.60,18542067712.00,260854022144.00
2011-03-01,25233.40,25740.30,24915.30,25330.20,21166569472.00,297064660992.00
2011-03-02,25408.00,25801.30,24885.00,25445.20,20026388480.00,276977483776.00
2011-03-03,25788.60,26222.20,25181.90,25401.90,21844129792.00,291273146368.00
2011-03-04,25339.50,25906.50,25076.70,25707.40,17536811008.00,235585257472.00
2011-03-07,26575.90,27231.60,26327.10,26914.30,24287567872.00,341042331648.00
2011-03-08,27054.90,27498.10,26680.50,27185.00,19849003008.00,286597808128.00
2011-03-09,27257.80,27724.40,26907.10,27314.20,19346239488.00,280389025792.00
2011-03-10,27503.40,27861.10,26954.40,27242.90,19344545792.00,287413993472.00
2011-03-11,27056.50,27667.80,26770.80,27087.70,18379335680.00,271130198016.00
2011-03-14,27016.70,27615.30,26690.80,27291.40,18321424384.00,267912314880.00
2011-03-15,27631.70,27953.80,26602.00,27360.10,23632060416.00,324182147072.00
2011-03-16,27400.80,28105.50,27150.30,27820.10,20403460096.00,286599249920.00
2011-03-17,27630.70,28113.70,27027.40,27365.20,21007118336.00,289462747136.00
2011-03-18,27174.40,27609.00,26796.60,27145.60,15734129664.00,220804677632.00
2011-03-21,26733.30,27133.90,26281.60,26620.30,15268449280.00,215481958400.00
2011-03-22,26218.10,26560.90,25692.40,26211.60,14587268096.00,206639579136.00
2011-03-23,26002.90,26577.40,25779.60,26370.80,17271031808.00,236710445056.00
2011-03-24,26171.20,26589.00,25846.50,26151.90,17197402112.00,239431483392.00
2011-03-25,26400.10,27007.00,26177.10,26688.10,21210388480.00,293145509888.00
2011-03-28,27389.50,27939.50,26930.80,27306.90,24387092480.00,339670532096.00
2011-03-29,27690.30,28181.00,27010.00,27316.50,25751998464.00,332723879936.00
2011-03-30,27138.80,27644.70,26632.00,27059.70,19486521344.00,255707217920.00
2011-03-31,26718.50,27082.70,26095.70,26382.90,16796707840.00,220679471104.00
2011-04-01,25924.20,26491.80,25591.00,26271.00,15041191936.00,201102475264.00
2011-04-06,26350.10,26976.70,25987.50,26580.80,20604284928.00,276928200704.00
2011-04-07,26498.20,26977.00,26143.80,26657.70,18860931072.00,250424950784.00
2011-04-08,26557.30,27112.00,26318.90,26871.90,17738014720.00,246448373760.00
2011-04-11,27248.10,27732.60,26750.20,27034.40,22764353536.00,303473033216.00
2011-04-12,27010.60,27547.70,26602.10,27015.10,22252730368.00,271773253632.00
2011-04-13,26741.30,27306.50,26385.20,27131.30,19638192128.00,243907543040.00
2011-04-14,26994.10,27403.80,26588.00,26915.00,19987687424.00,249290194944.00
2011-04-15,26792.60,27262.80,26373.10,26901.10,19911174144.00,249095045120.00
2011-04-18,26874.50,27445.10,26519.50,27067.90,21550186496.00,270678081536.00
2011-04-19,27272.40,27684.80,26663.20,27034.40,22947360768.00,285496246272.00
2011-04-20,26944.00,27459.10,26574.80,27009.80,18985807872.00,246480928768.00
2011-04-21,27075.00,27575.70,26715.10,27176.60,19538423808.00,259049406464.00
2011-04-22,26941.00,27321.00,26475.20,26803.90,18595682304.00,235625693184.00
2011-04-25,26731.40,27016.90,25950.80,26218.50,18611662848.00,241747574784.00
2011-04-26,25643.00,25996.40,25078.30,25412.40,15070208000.00,192528302080.00
2011-04-27,25072.70,25440.90,24415.40,24755.00,16007401472.00,194445983744.00
2011-04-28,24533.80,24828.40,23619.00,23797.20,15925911552.00,193156513792.00
2011-04-29,23202.00,23761.20,22922.30,23589.40,12869640192.00,151981604864.00
2011-05-03,23103.30,23574.70,22748.90,23407.70,14014928896.00,166076743680.00
2011-05-04,23089.00,23394.70,22442.30,22697.50,16087062528.00,197462228992.00
2011-05-05,22118.50,22573.00,21843.80,22265.50,13193555968.00,157263003648.00
2011-05-06,21648.90,22231.40,21367.70,21953.00,13895762944.00,171921391616.00
2011-05-09,21635.80,22061.50,21434.30,21754.30,12498101248.00,155832074240.00
2011-05-10,21372.30,21733.40,21122.90,21545.60,12480425984.00,158910824448.00
2011-05-11,21286.80,21618.90,20979.50,21308.10,14332631040.00,178220105728.00
2011-05-12,20959.40,21355.40,20608.20,20808.90,15505347584.00,189127802880.00
2011-05-13,20670.20,21054.50,20339.00,20848.10,14234174464.00,172894928896.00
2011-05-16,20535.20,20871.00,20246.70,20486.10,13688962048.00,164578492416.00
2011-05-17,20370.50,20773.70,19932.40,20322.30,15368892416.00,188773810176.00
2011-05-18,20012.10,20433.10,19823.50,20210.80,12373823488.00,152185716736.00
2011-05-19,19930.20,20224.60,19620.30,19811.70,12702221312.00,155614609408.00
2011-05-20,19498.20,19777.40,19226.90,19492.70,11315966976.00,141724762112.00
2011-05-23,19471.60,19647.60,18665.80,18812.80,15497959424.00,183861084160.00
2011-05-24,18468.20,18857.20,18109.90,18627.20,12281460736.00,151728275456.00
2011-05-25,18302.00,18614.10,17926.20,18152.30,12019156992.00,144617422848.00
2011-05-26,18039.40,18356.60,17647.10,17798.20,12419217408.00,151033085952.00
2011-05-27,17614.00,17832.40,17010.50,17188.20,12888135680.00,149340094464.00
2011-05-30,16778.50,17089.30,16393.20,16650.90,10298662912.00,119635058688.00
2011-05-31,16405.90,16870.10,16211.00,16765.70,10849470464.00,129741938688.00
2011-06-01,16480.70,16830.30,16314.40,16662.90,11130167296.00,133962891264.00
2011-06-02,16386.60,16695.60,16033.40,16409.50,13178851328.00,153509560320.00
2011-06-03,16167.00,16604.50,16069.20,16430.90,10849761280.00,133839249408.00
2011-06-07,16175.20,16547.70,16035.70,16400.80,10467269632.00,132057366528.00
2011-06-08,16317.90,16598.40,16041.10,16436.70,12203380736.00,147199410176.00
2011-06-09,16348.10,16583.30,15931.70,16038.80,13096144896.00,155064762368.00
2011-06-10,15867.20,16161.10,15545.20,15948.00,11487421440.00,136222203904.00
2011-06-13,15518.10,15829.40,15267.60,15654.10,9869365248.00,119091609600.00
2011-06-14,15697.80,16141.50,15583.30,15946.60,13107094528.00,155953610752.00
2011-06-15,15833.70,16098.00,15606.70,15727.00,11903471616.00,142319484928.00
2011-06-16,15383.60,15586.20,15067.80,15211.40,11190293504.00,127820644352.00
2011-06-17,15004.90,15245.50,14671.60,14775.00,9987943424.00,119675944960.00
2011-06-20,14523.50,14743.10,14215.50,14451.10,9266734080.00,107872542720.00
2011-06-21,14377.20,14660.20,14171.30,14526.60,10274342912.00,121298452480.00
2011-06-22,14327.80,14538.90,14123.70,14312.50,9508097024.00,111787958272.00
2011-06-23,14339.70,14776.80,14154.50,14664.00,12102318080.00,145773297664.00
2011-06-24,15433.30,16116.20,15332.20,15864.80,19691796480.00,240432005120.00
2011-06-27,16317.10,16721.90,16177.00,16503.20,16583400448.00,205182320640.00
2011-06-28,16649.20,16915.80,16402.60,16715.70,14167508992.00,178507710464.00
2011-06-29,16994.10,17217.10,16665.70,16767.20,13982627840.00,169477390336.00
2011-06-30,16924.80,17406.70,16844.20,17202.30,14643072000.00,178366185472.00
2011-07-01,17441.10,17759.30,17252.80,17475.40,15079443456.00,186838810624.00
2011-07-04,18175.80,18711.50,18073.20,18549.80,19780677632.00,248976441344.00
2011-07-05,18982.30,19319.90,18748.40,19092.00,18302386176.00,230350503936.00
2011-07-06,19276.10,19580.90,18981.30,19366.50,17028073472.00,217452789760.00
2011-07-07,19867.80,20269.60,19595.60,19802.90,19282608128.00,253882335232.00
2011-07-08,19704.10,20006.10,19425.20,19717.40,14304296960.00,184532205568.00
2011-07-11,19584.60,19986.90,19382.80,19784.90,14330458112.00,184755945472.00
2011-07-12,19730.10,20003.20,19371.20,19579.10,16335448064.00,206909128704.00
2011-07-13,19664.10,20203.60,19579.40,20059.80,15360129024.00,199961329664.00
2011-07-14,20374.90,20753.40,20131.50,20496.20,17625128960.00,235040800768.00
2011-07-15,20785.70,21218.20,20554.60,20967.80,18603282432.00,246903324672.00
2011-07-18,21295.60,21646.40,20983.70,21260.00,17811587072.00,235026087936.00
2011-07-19,21112.60,21381.80,20745.30,21019.20,15358530560.00,201635004416.00
2011-07-20,20926.50,21173.70,20525.00,20823.10,13928546304.00,181593751552.00
2011-07-21,20604.80,20824.70,20181.50,20341.50,13572832256.00,175853977600.00
2011-07-22,20050.60,20365.70,19844.40,20095.00,11881724928.00,155993423872.00
2011-07-25,20209.60,20412.30,19326.00,19518.00,17651161088.00,215390912512.00
2011-07-26,19109.70,19446.10,18835.60,19246.50,11649234944.00,142032732160.00
2011-07-27,19004.70,19530.80,18809.90,19376.50,13034824704.00,167379386368.00
2011-07-28,19063.70,19402.20,18780.40,19156.90,12845626368.00,168408743936.00
2011-07-29,18897.30,19176.30,18519.00,18717.60,12129767424.00,153866551296.00
2011-08-01,18257.30,18612.40,18061.60,18380.60,9827101696.00,128200818688.00
2011-08-02,18081.10,18280.10,17638.50,18070.00,11663729664.00,149789753344.00
2011-08-03,17707.90,18165.80,17562.10,17928.60,11083201536.00,148639367168.00
2011-08-04,17641.20,17944.90,17468.70,17671.80,10335447040.00,136871026688.00
2011-08-05,17126.30,17586.10,16888.00,17303.20,13076435968.00,165975539712.00
2011-08-08,17523.70,17805.60,16506.00,16957.50,17647806464.00,211525746688.00
2011-08-09,16718.80,17501.80,16311.60,17248.10,16655036416.00,195717529600.00
2011-08-10,17741.30,18100.40,17475.70,17685.20,16133065728.00,194662957056.00
2011-08-11,17471.70,18280.30,17330.80,18143.90,15752676352.00,191247286272.00
2011-08-12,18355.30,18719.30,18146.70,18387.60,16231351296.00,191976357888.00
2011-08-15,18449.50,18845.50,18255.50,18679.00,15363776512.00,179445628928.00
2011-08-16,18613.60,18853.80,18284.00,18474.40,14195805184.00,172383797248.00
2011-08-17,18104.30,18401.90,17887.20,18092.20,11929955328.00,141549125632.00
2011-08-18,17945.70,18156.70,17513.90,17633.40,12135804928.00,148106493952.00
2011-08-19,17071.40,17449.40,16866.40,17256.20,11607154688.00,140682526720.00
2011-08-22,16925.40,17221.10,16609.10,16785.40,10109336576.00,125852786688.00
2011-08-23,16535.70,16868.70,16366.50,16764.30,10298388480.00,127062261760.00
2011-08-24,16682.30,16922.40,16414.00,16554.10,11322574848.00,145669455872.00
2011-08-25,16803.70,17276.00,16628.50,17162.70,16283836416.00,187720990720.00
2011-08-26,17033.60,17332.20,16874.50,17156.70,12899075072.00,158945607680.00
2011-08-29,17007.60,17232.50,16736.80,16932.20,12419342336.00,154064699392.00
2011-08-30,16972.60,17209.90,16629.20,16724.10,12644165632.00,154973732864.00
2011-08-31,16429.20,16638.30,16124.60,16388.50,9946552320.00,123256201216.00
2011-09-01,16050.30,16245.40,15778.30,15924.20,9442241536.00,113183973376.00
2011-09-02,15520.10,15678.40,15206.90,15379.40,8827407360.00,103979982848.00
2011-09-05,14932.50,15069.20,14580.80,14711.90,8856885248.00,104580489216.00
2011-09-06,14245.90,14478.20,14037.90,14246.10,7922914816.00,94485438464.00
2011-09-07,14151.70,14507.20,14040.00,14427.80,9820487680.00,115518111744.00
2011-09-08,14284.90,14441.90,14004.10,14087.60,9151191040.00,111497854976.00
2011-09-09,13820.20,14051.50,13596.20,13737.80,8229513728.00,97664335872.00
2011-09-13,13258.60,13448.50,13022.10,13254.90,8015577600.00,93368492032.00
2011-09-14,13092.90,13282.20,12823.70,13196.40,8660714496.00,99099418624.00
2011-09-15,13052.70,13258.60,12928.10,13043.60,9117461504.00,103856177152.00
2011-09-16,12883.00,13051.20,12722.70,12831.20,8101671936.00,94355259392.00
2011-09-19,12542.40,12642.50,12252.60,12341.50,8163510784.00,90252894208.00
2011-09-20,12082.30,12333.00,11951.70,12208.00,7777817600.00,88594841600.00
2011-09-21,12545.60,13043.40,12425.90,12938.70,13934748672.00,157259137024.00
2011-09-22,12955.70,13137.50,12620.50,12686.70,12266520576.00,136427528192.00
2011-09-23,12478.20,12784.50,12299.80,12621.10,10879508480.00,121128345600.00
2011-09-26,12444.30,12679.60,12201.10,12313.90,9488246784.00,104131821568.00
2011-09-27,12313.40,12476.80,12077.60,12273.10,9160664064.00,102613213184.00
2011-09-28,12244.00,12361.70,11862.30,11955.80,9185606656.00,102273433600.00
2011-09-29,11832.20,11976.60,11475.40,11594.00,9786817536.00,103733592064.00
2011-09-30,11413.30,11559.20,11144.70,11333.60,7781126656.00,81209671680.00
2011-10-10,11118.90,11258.50,10897.50,11017.70,6714929152.00,70425264128.00
2011-10-11,11386.40,11518.40,10887.30,11067.00,10172233728.00,110535491584.00
2011-10-12,11341.10,11932.80,11185.50,11860.90,14377401344.00,147606306816.00
2011-10-13,12187.50,12521.00,12085.90,12368.60,14323989504.00,150206988288.00
2011-10-14,12261.30,12428.30,12067.10,12264.90,10071936000.00,109003792384.00
2011-10-17,12261.80,12479.20,12113.00,12298.90,9836527616.00,113055498240.00
2011-10-18,12307.90,12453.60,11911.40,11993.90,12277623808.00,127302443008.00
2011-10-19,11886.10,12076.90,11653.10,11808.60,9429692416.00,99952345088.00
2011-10-20,11733.60,11844.30,11297.40,11486.20,10571277312.00,108749815808.00
2011-10-21,11252.80,11398.60,10961.30,11077.70,7931528192.00,81944469504.00
2011-10-24,11163.30,11495.00,10885.60,11398.40,11213282304.00,112756342784.00
2011-10-25,11735.30,12200.40,11599.70,12069.90,14763235328.00,153642893312.00
2011-10-26,12520.40,12967.30,12431.10,12725.90,17336274944.00,180635648000.00
2011-10-27,12889.50,13125.50,12722.10,12875.70,13388504064.00,140199624704.00
2011-10-28,13585.90,13899.00,13426.60,13715.20,17735915520.00,189414096896.00
2011-10-31,13919.70,14180.50,13725.20,13996.70,14338298880.00,161243217920.00
2011-11-01,14062.90,14443.90,13933.40,14212.70,14837110784.00,164883890176.00
2011-11-02,14459.10,15058.10,14286.60,14990.60,17685272576.00,198692847616.00
2011-11-03,15994.80,16434.00,15794.10,15973.60,23333109760.00,269135233024.00
2011-11-04,16314.90,16602.10,16078.90,16338.00,17093437440.00,191876136960.00
2011-11-07,16208.20,16475.00,15995.40,16181.00,13233359872.00,149501558784.00
2011-11-08,16079.20,16287.80,15775.70,15910.80,13137517568.00,145135943680.00
2011-11-09,15923.60,16228.40,15671.10,16132.50,13447353344.00,154938753024.00
2011-11-10,16056.80,16340.30,15829.10,15976.60,15050795008.00,173665386496.00
2011-11-11,15822.80,16081.20,15597.80,15785.30,11867753472.00,136292237312.00
2011-11-14,16033.40,16393.60,15927.60,16276.40,14469543936.00,170773069824.00
2011-11-15,16343.50,16609.60,16167.80,16435.20,13951401984.00,164265902080.00
2011-11-16,16608.20,16752.10,16021.40,16168.10,16161060864.00,180627865600.00
2011-11-17,15961.60,16231.90,15761.80,15947.50,11579611136.00,135001047040.00
2011-11-18,15736.80,15886.70,15272.10,15413.60,12518155264.00,140599820288.00
2011-11-21,15031.10,15227.60,14758.80,15053.80,8742282240.00,100229996544.00
2011-11-22,14559.40,14819.70,14371.20,14686.80,8871180288.00,101064376320.00
2011-11-23,14372.00,14539.10,14121.50,14242.70,8616620032.00,99894026240.00
2011-11-24,13825.70,14120.10,13643.20,13956.10,9161178112.00,103467794432.00
2011-11-25,13641.90,13840.80,13432.40,13559.30,8159122432.00,96859348992.00
2011-11-28,13312.00,13497.40,13103.90,13291.00,8057038336.00,95087058944.00
2011-11-29,13306.80,13499.60,13135.60,13403.10,9655347200.00,115049472000.00
2011-11-30,13523.70,13618.30,12784.70,12982.00,12921815040.00,141077561344.00
2011-12-01,13756.60,14013.00,13511.90,13660.30,15892212736.00,175326117888.00
2011-12-02,13415.90,13560.90,13063.80,13236.70,10022924288.00,109909188608.00
2011-12-05,12988.80,13096.10,12518.60,12633.50,8813444096.00,95213961216.00
2011-12-06,12282.90,12507.10,12087.40,12351.40,7658324992.00,82300198912.00
2011-12-07,11988.60,12184.60,11864.40,12053.50,6851678208.00,75401977856.00
2011-12-08,11844.70,12093.30,11605.10,11895.10,8696374272.00,95937331200.00
2011-12-09,11494.30,11690.60,11347.00,11486.00,6893618176.00,76788113408.00
2011-12-12,11169.00,11297.10,10956.90,11040.60,6592509952.00,69366054912.00
2011-12-13,10919.70,11019.10,10520.10,10649.70,9631091712.00,95703646208.00
2011-12-14,10382.90,10551.10,10140.90,10248.90,7363616256.00,74679828480.00
2011-12-15,10156.40,10305.30,9851.80,9974.70,9500469248.00,90432299008.00
2011-12-16,9992.30,10334.80,9854.10,10285.20,9618239488.00,95909781504.00
2011-12-19,10210.90,10412.90,9958.50,10325.70,9814427648.00,98210537472.00
2011-12-20,10251.10,10493.60,10123.50,10245.90,9203913728.00,93664321536.00
2011-12-21,10274.60,10393.20,9886.50,9942.50,8642202624.00,89439854592.00
2011-12-22,9890.50,10102.30,9544.30,9910.40,10232985600.00,97691590656.00
2011-12-23,9804.10,10106.00,9706.70,9936.10,8991476736.00,86829514752.00
2011-12-26,9735.60,9925.10,9577.30,9677.00,7375860224.00,71025508352.00
2011-12-27,9534.50,9658.50,9241.60,9330.50,7966316032.00,76412682240.00
2011-12-28,9228.70,9402.00,8991.90,9288.20,8576214528.00,79457509376.00
2011-12-29,9128.80,9338.90,9042.90,9192.90,7646190080.00,70574219264.00
2011-12-30,9220.10,9447.20,9162.20,9350.80,8658094080.00,82403524608.00
2012-01-04,9384.30,9485.90,9036.20,9080.40,8297290752.00,79524954112.00
2012-01-05,9078.20,9224.60,8748.50,8857.30,9692261376.00,87923113984.00
2012-01-06,8808.90,9015.90,8597.60,8916.50,8410342400.00,75452317696.00
2012-01-09,9179.70,9616.00,9043.00,9569.90,12365362176.00,113293770752.00
2012-01-10,10211.80,10718.20,10133.40,10625.80,18220210176.00,166580633600.00
2012-01-11,10941.20,11186.30,10777.20,10976.20,14646621184.00,139183423488.00
2012-01-12,11065.80,11360.30,10950.00,11111.50,12244974592.00,119161241600.00
2012-01-13,11263.00,11395.60,10785.50,10935.60,12115118080.00,119297015808.00
2012-01-16,10673.50,10853.80,10375.30,10446.60,7903244800.00,79591292928.00
2012-01-17,10747.40,11445.90,10618.80,11375.50,14076645376.00,134958768128.00
2012-01-18,11752.20,12003.30,11372.00,11480.00,14445067264.00,142640644096.00
2012-01-19,11515.10,11858.50,11364.30,11695.90,11629329408.00,113405288448.00
2012-01-20,11768.80,12018.80,11618.20,11880.00,11245905920.00,112095100928.00
2012-01-30,11811.70,11956.60,11556.90,11675.30,9400016896.00,93105307648.00
2012-01-31,11408.70,11582.20,11233.10,11456.40,7989903360.00,77934379008.00
2012-02-01,11314.90,11508.00,11110.20,11225.30,8807710720.00,88223621120.00
2012-02-02,11232.50,11505.90,11125.30,11457.20,10250224640.00,102075719680.00
2012-02-03,11627.60,11913.20,11523.30,11807.60,13211261952.00,128875298816.00
2012-02-06,11981.50,12187.20,11827.30,12028.70,12866313216.00,126848335872.00
2012-02-07,11946.90,12039.90,11658.70,11814.10,11311126528.00,108269682688.00
2012-02-08,12065.50,12550.30,11980.00,12466.80,14317863936.00,144602660864.00
2012-02-09,12842.70,13150.30,12725.80,12927.10,16873565184.00,166770671616.00
2012-02-10,13127.00,13434.40,13006.20,13225.80,15951628288.00,151148756992.00
2012-02-13,13280.60,13691.00,13161.70,13524.30,15101074432.00,150949527552.00
2012-02-14,13503.90,13687.10,13310.10,13506.00,12990541824.00,128366133248.00
2012-02-15,13775.30,14146.10,13665.00,14015.40,17191944192.00,166662963200.00
2012-02-16,14221.70,14452.60,13995.60,14206.00,16833637376.00,163238903808.00
2012-02-17,14171.50,14340.00,13917.00,14107.50,12746918912.00,126986600448.00
2012-02-20,14497.80,14669.60,14239.40,14339.90,15799314432.00,158028054528.00
2012-02-21,14355.30,14628.30,14145.70,14558.20,14402622464.00,147982729216.00
2012-02-22,15112.80,15513.30,15001.00,15404.20,20961126400.00,214081748992.00
2012-02-23,15794.40,16090.10,15611.60,15863.00,19649292288.00,204210110464.00
2012-02-24,16389.40,16792.40,16233.10,16621.50,22407831552.00,222697390080.00
2012-02-27,17498.60,17924.60,17324.80,17495.30,26432591872.00,268425216000.00
2012-02-28,17707.00,17989.70,17400.00,17706.70,20491548672.00,208438919168.00
2012-02-29,17623.30,17870.70,17311.50,17471.80,16158718976.00,171574329344.00
2012-03-01,17140.10,17514.40,17038.40,17296.30,13009241088.00,138757980160.00
2012-03-02,17398.20,17825.30,17321.90,17716.70,17532760064.00,180445724672.00
2012-03-05,18007.30,18323.20,17766.40,17962.00,19249838080.00,204422004736.00
2012-03-06,17989.90,18207.70,17603.70,17853.00,17798608896.00,189860823040.00
2012-03-07,17608.40,18042.00,17438.40,17692.00,16434085888.00,174930591744.00
2012-03-08,17724.70,18122.50,17618.10,17928.70,16345524224.00,173825769472.00
2012-03-09,18107.20,18443.20,17936.40,18312.20,17284831232.00,191929401344.00
2012-03-12,18519.10,18812.60,18245.70,18562.80,18005395456.00,204832276480.00
2012-03-13,18609.80,18946.00,18410.10,18800.30,17901920256.00,199280951296.00
2012-03-14,19947.10,20275.80,18801.50,19057.60,30068035584.00,323824877568.00
2012-03-15,19166.10,19518.10,18601.80,18994.90,20175304704.00,212836663296.00
2012-03-16,19017.60,19545.40,18794.50,19416.50,17404166144.00,193876115456.00
2012-03-19,19369.10,19791.10,19103.00,19609.30,17059743744.00,194085830656.00
2012-03-20,19409.10,19618.30,18894.00,19057.30,16438631424.00,178662948864.00
2012-03-21,19001.00,19342.40,18565.60,18998.70,15916019712.00,178525077504.00
2012-03-22,18589.90,18865.40,18286.50,18544.50,13222059008.00,143338274816.00
2012-03-23,18092.90,18301.00,17654.20,17847.90,12809389056.00,138406739968.00
2012-03-26,17256.30,17513.90,16979.00,17262.90,9675102208.00,106168426496.00
2012-03-27,16973.90,17213.70,16705.00,16857.90,10567230464.00,123570454528.00
2012-03-28,16664.40,16791.00,15907.70,16044.00,14351160320.00,149875474432.00
2012-03-29,15715.60,15962.90,15266.20,15535.60,12655649792.00,127496552448.00
2012-03-30,15181.70,15432.00,14844.60,15115.30,10465459200.00,105286180864.00
2012-04-05,14995.50,15607.70,14868.50,15505.00,13042764800.00,134059606016.00
2012-04-06,15319.30,15638.40,15152.30,15436.20,12141403136.00,127763210240.00
2012-04-09,15058.90,15284.60,14789.60,14944.80,10365126656.00,106010443776.00
2012-04-10,14706.50,15032.10,14348.00,14948.90,12010701824.00,121373769728.00
2012-04-11,14614.70,15038.70,14488.60,14846.80,12984915968.00,125592223744.00
2012-04-12,15073.50,15460.60,14924.60,15363.80,16804838400.00,163151331328.00
2012-04-13,15641.40,15956.30,15470.70,15711.00,17475692544.00,176372973568.00
2012-04-16,15537.40,15870.00,15374.00,15659.30,15088475136.00,141538230272.00
2012-04-17,15570.30,15790.50,15243.40,15365.40,14921346048.00,138829365248.00
2012-04-18,15615.80,16078.40,15473.60,15957.00,18084880384.00,173406748672.00
2012-04-19,16015.80,16269.10,15790.60,16001.70,15701337088.00,162449145856.00
2012-04-20,16176.60,16562.60,16029.60,16392.80,18487205888.00,179303989248.00
2012-04-23,16694.10,16963.10,16271.50,16482.90,19893891072.00,195181854720.00
2012-04-24,16662.00,17076.10,16144.90,16731.60,21382965248.00,202573692928.00
2012-04-25,16904.70,17402.80,16702.20,17184.70,21088813056.00,193120239616.00
2012-04-26,17341.10,17645.60,17019.80,17260.20,18950848512.00,182290808832.00
2012-04-27,17071.50,17338.70,16794.00,16994.10,14833897472.00,145415553024.00
2012-05-02,17516.00,17884.00,17217.50,17599.00,19878952960.00,205124812800.00
2012-05-03,17598.50,17961.70,17402.40,17745.20,16690267136.00,178604474368.00
2012-05-04,17673.50,18025.80,17479.80,17851.20,17125348352.00,182959882240.00
2012-05-07,18054.00,18448.70,17854.10,18271.70,17788401664.00,197062737920.00
2012-05-08,18342.70,18631.10,18049.00,18356.30,17142966272.00,187487338496.00
2012-05-09,18165.20,18401.70,17823.00,18003.60,16278290432.00,176540090368.00
2012-05-10,17702.30,18052.50,17531.70,17799.40,13451006976.00,146298781696.00
2012-05-11,17573.30,17856.40,17319.80,17478.30,13063680000.00,144314974208.00
2012-05-14,17522.20,17740.80,17141.00,17299.90,15164147712.00,162319859712.00
2012-05-15,16926.10,17221.30,16662.10,17063.00,13494511616.00,141470384128.00
2012-05-16,16766.00,17007.20,16467.00,16604.50,12828012544.00,132895522816.00
2012-05-17,16427.10,16831.30,16274.10,16686.20,14188166144.00,143573090304.00
2012-05-18,16450.70,16683.50,16131.50,16293.90,14538127360.00,142372143104.00
2012-05-21,15988.70,16314.20,15744.30,16033.60,12370754560.00,127149809664.00
2012-05-22,15919.50,16222.30,15790.30,16094.80,12739170304.00,133930074112.00
2012-05-23,16007.80,16285.90,15738.20,16037.60,14204407808.00,152411160576.00
2012-05-24,15879.70,16153.40,15640.70,15808.50,13526075392.00,143007776768.00
2012-05-25,15611.70,15816.80,15286.80,15451.60,12750960640.00,126928412672.00
2012-05-28,15461.20,15865.60,15141.10,15773.30,15916960768.00,154662682624.00
2012-05-29,16127.70,16593.90,15981.00,16396.60,19218284544.00,198224986112.00
2012-05-30,16365.70,16647.60,16192.90,16406.80,15387184128.00,159163940864.00
2012-05-31,16219.90,16539.40,16064.90,16320.40,14089254912.00,149458518016.00
2012-06-01,16164.20,16449.40,15965.70,16152.30,13392041984.00,145094541312.00
2012-06-04,15935.30,16190.20,15575.20,15690.10,15066902528.00,157269819392.00
2012-06-05,15449.70,15678.70,15195.20,15388.80,11201935360.00,117801394176.00
2012-06-06,15106.40,15307.50,14866.80,15039.20,10031637504.00,106675691520.00
2012-06-07,14927.90,15070.90,14575.50,14685.50,10685985792.00,111826386944.00
2012-06-08,14659.80,14794.40,14325.60,14454.20,11695870976.00,118748823552.00
2012-06-11,14298.60,14645.20,14140.20,14542.50,11513706496.00,119137083392.00
2012-06-12,14209.20,14418.20,14032.80,14205.50,10930438144.00,110482210816.00
2012-06-13,14275.30,14605.30,14140.90,14500.90,13530251264.00,140508250112.00
2012-06-14,14428.70,14641.70,14223.70,14344.60,12678590464.00,135107190784.00
2012-06-15,14334.50,14538.50,14051.70,14315.20,12222030848.00,130649333760.00
2012-06-18,14256.30,14499.00,14138.20,14347.10,11322176512.00,123427110912.00
2012-06-19,14200.20,14372.20,13975.40,14118.10,11416141824.00,122165157888.00
2012-06-20,13939.20,14103.60,13734.00,13854.80,10242007040.00,108254265344.00
2012-06-21,13669.60,13782.20,13346.00,13511.50,10832738304.00,112332234752.00
2012-06-25,13333.20,13477.70,12937.10,13039.90,10938309632.00,110598914048.00
2012-06-26,12752.20,12976.40,12525.10,12824.40,9906030592.00,98485960704.00
2012-06-27,12629.10,12871.30,12469.00,12618.30,9708867584.00,99807084544.00
2012-06-28,12518.40,12700.90,12243.30,12341.50,10140905472.00,104988164096.00
2012-06-29,12242.10,12596.80,12078.80,12506.10,10957440000.00,111582666752.00
2012-07-02,12638.60,12888.30,12459.40,12696.20,11319783424.00,125479346176.00
2012-07-03,12741.70,13007.10,12573.40,12782.90,11857087488.00,130410389504.00
2012-07-04,12711.00,12894.90,12491.20,12657.70,10526227456.00,113674354688.00
2012-07-05,12503.80,12622.40,12169.20,12325.50,10620752896.00,109507051520.00
2012-07-06,12605.80,12932.20,12352.60,12821.80,13496142848.00,144081797120.00
2012-07-09,12890.90,13128.40,12562.40,12682.20,13204877312.00,141625540608.00
2012-07-10,12526.30,12738.90,12281.60,12456.00,10426584064.00,109088677888.00
2012-07-11,12296.60,12596.30,12134.50,12468.90,10080346112.00,106360070144.00
2012-07-12,12712.00,13113.40,12518.40,12926.20,14063559680.00,154332921856.00
2012-07-13,12801.90,13072.10,12630.30,12831.40,10804461568.00,118801326080.00
2012-07-16,12883.40,13034.30,12374.30,12485.20,12668436480.00,131723132928.00
2012-07-17,12284.00,12586.90,12090.70,12433.10,9928213504.00,103929274368.00
2012-07-18,12381.40,12619.10,12098.70,12473.40,11744637952.00,116832100352.00
2012-07-19,12518.70,12873.10,12395.60,12660.40,13822760960.00,132488929280.00
2012-07-20,12497.60,12710.80,12289.40,12428.20,11363197952.00,107734073344.00
2012-07-23,12137.20,12328.20,11894.40,12108.90,9938026496.00,96126722048.00
2012-07-24,11819.80,12147.10,11731.60,11998.90,9527908352.00,92572852224.00
2012-07-25,11723.70,11913.10,11554.80,11676.00,9110949888.00,88936824832.00
2012-07-26,11510.60,11708.50,11318.90,11421.40,9677445120.00,94127161344.00
2012-07-27,11343.60,11487.70,11088.10,11240.20,9085193216.00,92310773760.00
2012-07-30,11078.70,11234.30,10778.90,10894.70,9114889216.00,84482015232.00
2012-07-31,10719.10,10886.60,10433.10,10605.20,9161493504.00,84578648064.00
2012-08-01,10462.50,10799.30,10404.20,10664.10,9364167680.00,86959161344.00
2012-08-02,10503.00,10672.60,10295.90,10463.30,9442331648.00,85202526208.00
2012-08-03,10433.90,10666.10,10307.30,10601.80,9891593216.00,93900013568.00
2012-08-06,10735.00,11108.70,10654.80,11033.10,12851517440.00,124948619264.00
2012-08-07,11187.60,11422.20,11069.70,11284.50,13446979584.00,127414902784.00
2012-08-08,11396.40,11589.10,11215.90,11374.10,12862289920.00,123549401088.00
2012-08-09,11512.30,11812.00,11375.80,11710.50,13414747136.00,133673508864.00
2012-08-10,11780.80,11964.60,11599.20,11745.00,12557187072.00,122703216640.00
2012-08-13,11805.30,11963.40,11487.70,11586.60,12877333504.00,123370037248.00
2012-08-14,11639.00,11864.20,11355.90,11732.80,12518894592.00,121453821952.00
2012-08-15,11539.00,11698.70,11335.40,11450.70,10280331264.00,96204242944.00
2012-08-16,11192.90,11365.50,11024.10,11133.00,8757559296.00,83577970688.00
2012-08-17,10921.00,11070.10,10733.80,10933.60,8312289792.00,82156077056.00
2012-08-20,10700.10,10908.60,10536.80,10817.10,8793760768.00,82595495936.00
2012-08-21,10869.20,11162.20,10785.00,11018.30,11608945664.00,112997507072.00
2012-08-22,11038.50,11186.10,10821.90,10953.70,11396879360.00,109259022336.00
2012-08-23,10969.60,11183.80,10840.50,11050.40,11348539392.00,110337540096.00
2012-08-24,11013.00,11141.50,10739.60,10827.70,11503794176.00,107452071936.00
2012-08-27,10764.80,10892.20,10450.90,10569.30,11019120640.00,99838746624.00
2012-08-28,10462.40,10707.70,10335.70,10550.60,9857438720.00,88665276416.00
2012-08-29,10415.60,10594.30,10240.00,10361.30,9748208640.00,89922183168.00
2012-08-30,10444.60,10639.80,10084.60,10319.80,11695469568.00,109015490560.00
2012-08-31,10076.60,10277.90,9962.40,10144.90,8407329792.00,73993920512.00
2012-09-03,10148.30,10469.30,10069.10,10366.20,10903216128.00,99224322048.00
2012-09-04,10365.80,10525.80,10179.20,10275.60,10638946304.00,99583967232.00
2012-09-05,10201.40,10422.90,10075.70,10279.50,10500368384.00,94473445376.00
2012-09-06,10236.50,10427.50,10141.20,10330.30,10440640512.00,93237608448.00
2012-09-07,11344.40,11887.10,11270.40,11696.00,24138346496.00,215983783936.00
2012-09-10,12257.20,12543.50,12101.60,12360.80,19099985920.00,178943082496.00
2012-09-11,12458.40,12631.50,12247.60,12465.60,15023092736.00,139792531456.00
2012-09-12,12678.10,12895.60,12473.20,12710.10,15427760128.00,142133411840.00
2012-09-13,12758.10,12935.30,12485.00,12572.60,14469881856.00,132748926976.00
2012-09-14,12899.70,13080.40,12611.30,12804.70,16026729472.00,145869455360.00
2012-09-17,12777.30,12908.30,12351.10,12426.80,13495980032.00,120638267392.00
2012-09-18,12096.30,12288.60,11914.50,12084.20,9618792448.00,87033962496.00
2012-09-19,11868.70,12085.30,11738.40,11966.50,9497635840.00,87221624832.00
2012-09-20,11886.60,11990.70,11475.50,11556.40,12162245632.00,107880054784.00
2012-09-21,11381.30,11623.00,11187.20,11355.10,10588375040.00,94123130880.00
2012-09-24,11101.30,11414.40,10932.60,11291.70,9854791680.00,86793543680.00
2012-09-25,10997.80,11182.20,10829.50,10958.80,8518140928.00,76265496576.00
2012-09-26,10709.10,10834.80,10404.20,10499.00,8904733696.00,75896774656.00
2012-09-27,10584.80,11038.80,10496.80,10890.30,12784064512.00,111242477568.00
2012-09-28,10958.70,11314.50,10885.40,11239.20,13137615872.00,118112370688.00
2012-10-08,11071.70,11229.30,10881.80,11024.80,9425616896.00,84614660096.00
2012-10-09,11238.60,11603.70,11190.80,11510.30,14502095872.00,129005191168.00
2012-10-10,11564.10,11806.20,11448.80,11701.70,14598947840.00,123934556160.00
2012-10-11,11709.60,11876.90,11479.40,11572.80,13863622656.00,119276126208.00
2012-10-12,11537.80,11732.40,11308.70,11485.50,12186684416.00,103033389056.00
2012-10-15,11357.50,11480.40,11105.40,11294.90,10258846720.00,91157045248.00
2012-10-16,11190.70,11408.90,11079.30,11237.90,10479475712.00,95936577536.00
2012-10-17,11149.80,11300.80,10970.00,11154.30,10700748800.00,92054388736.00
2012-10-18,11342.50,11624.60,11269.50,11523.50,15417287680.00,127393579008.00
2012-10-19,11475.40,11632.90,11333.90,11443.40,12351181824.00,103601315840.00
2012-10-22,11308.00,11521.60,11192.00,11439.20,11177610240.00,97016684544.00
2012-10-23,11455.40,11603.30,11239.00,11323.50,13063593984.00,109009592320.00
2012-10-24,11181.80,11388.10,11063.10,11222.20,12879618048.00,97195950080.00
2012-10-25,11229.20,11400.20,11003.60,11097.50,14531850240.00,105466036224.00
2012-10-26,11086.90,11198.80,10734.50,10875.10,13142671360.00,101621047296.00
2012-10-29,10631.60,10796.70,10468.60,10640.90,9084606464.00,73041477632.00
2012-10-30,10497.30,10681.20,10371.70,10500.70,10101758976.00,79953534976.00
2012-10-31,10363.90,10519.50,10219.50,10415.00,10047833088.00,79783600128.00
2012-11-01,10589.90,10895.70,10535.40,10792.30,14151768064.00,116337934336.00
2012-11-02,10825.50,10990.70,10701.90,10876.60,13000992768.00,103374913536.00
2012-11-05,10874.60,11033.70,10720.10,10867.40,12299866112.00,100434460672.00
2012-11-06,10905.10,11023.90,10622.60,10857.00,12681508864.00,103353606144.00
2012-11-07,10733.30,10893.20,10589.20,10737.50,10385656832.00,88473632768.00
2012-11-08,10592.70,10725.00,10357.10,10428.60,11626509312.00,93665140736.00
2012-11-09,10213.60,10377.10,10091.60,10220.80,9250763776.00,73792495616.00
2012-11-12,10110.50,10286.60,9995.40,10176.40,9707425792.00,79134777344.00
2012-11-13,10102.50,10176.90,9804.90,9882.40,10530960384.00,84309549056.00
2012-11-14,9696.80,9846.10,9548.70,9742.80,8579340288.00,70756335616.00
2012-11-15,9525.80,9661.90,9340.90,9420.90,8916883456.00,71416176640.00
2012-11-16,9262.60,9376.40,9080.30,9234.00,8573283328.00,69750726656.00
2012-11-19,9103.20,9240.90,8940.90,9152.10,7905904640.00,68101660672.00
2012-11-20,9016.50,9130.30,8878.30,8958.90,7709072896.00,65594068992.00
2012-11-21,8912.20,9092.10,8760.10,9030.60,9569417216.00,77645733888.00
2012-11-22,8828.40,8920.90,8687.00,8784.70,8087241728.00,65934643200.00
2012-11-23,8691.00,8845.10,8614.20,8722.00,8441541120.00,69487501312.00
2012-11-26,8569.30,8659.30,8411.20,8483.40,7611961856.00,62546423808.00
2012-11-27,8456.70,8529.70,8166.70,8230.80,9910809600.00,75821228032.00
2012-11-28,8111.40,8199.60,7900.90,8009.50,8634457088.00,65317531648.00
2012-11-29,7923.60,8056.70,7757.20,7836.60,8331350016.00,63126188032.00
2012-11-30,7801.90,8008.80,7718.80,7927.30,9299747840.00,67959824384.00
2012-12-03,7977.00,8105.10,7736.50,7805.80,10008697856.00,76533047296.00
2012-12-04,7846.00,8065.60,7687.70,7995.90,10447206400.00,78875312128.00
2012-12-05,7961.30,8944.60,7958.60,8944.60,19105677312.00,146595381248.00
2012-12-06,8937.10,9103.00,8922.70,9103.00,13169262592.00,101961875456.00
2012-12-07,9095.60,9829.30,9086.90,9829.30,18832173056.00,144231104512.00
2012-12-10,10328.00,10615.50,10217.20,10495.90,19227291648.00,148874706944.00
2012-12-11,10663.60,10858.00,10510.40,10631.70,15764492288.00,123316723712.00
2012-12-12,10663.90,10856.40,10506.60,10724.30,13256782848.00,104495759360.00
2012-12-13,10651.20,10800.70,10454.90,10544.80,12380359680.00,95972548608.00
2012-12-14,11366.70,12019.80,11311.60,11906.80,25831702528.00,203117592576.00
2012-12-17,12729.50,13092.60,12545.80,12811.70,23427246080.00,193812185088.00
2012-12-18,13226.80,13566.10,13038.00,13262.30,20895012864.00,175049637888.00
2012-12-19,13329.00,13602.20,13186.40,13415.70,16158204928.00,138326474752.00
2012-12-20,13510.70,13805.70,13307.20,13666.70,16885758976.00,147140722688.00
2012-12-21,13907.70,14193.70,13673.40,13857.80,17883580416.00,161756413952.00
2012-12-24,13872.90,14192.50,13728.70,13993.50,14198468608.00,133824716800.00
2012-12-25,14567.90,15171.70,14437.10,14990.60,24587393024.00,214657646592.00
2012-12-26,15310.50,15680.60,15169.80,15502.90,21678000128.00,191377555456.00
2012-12-27,15872.50,16143.90,15526.80,15698.00,22420627456.00,195069902848.00
2012-12-28,15818.20,16201.60,15662.80,16048.80,19434942464.00,172125831168.00
2012-12-31,16443.70,16826.00,16250.40,16614.00,21100482560.00,192208551936.00
2013-01-04,17165.20,17426.10,16711.10,16993.40,22745772032.00,206965342208.00
2013-01-07,17135.10,17521.60,16922.60,17337.80,20003717120.00,181632548864.00
2013-01-08,17648.80,18027.30,17357.00,17762.10,22138726400.00,208991436800.00
2013-01-09,17959.90,18328.40,17692.10,18030.10,22243878912.00,206730526720.00
2013-01-10,18097.90,18483.40,17905.80,18206.70,20836337664.00,187547828224.00
2013-01-11,18394.00,18633.00,17820.50,17991.00,22276444160.00,202621566976.00
2013-01-14,18402.00,19283.80,18272.10,19154.70,25408552960.00,242028085248.00
2013-01-15,19820.00,20398.20,19616.40,20084.70,29461614592.00,278350331904.00
2013-01-16,20455.20,20828.60,19956.60,20433.00,27097163776.00,254477303808.00
2013-01-17,20300.30,20607.30,19858.70,20094.10,20725473280.00,196380999680.00
2013-01-18,20181.50,20669.50,19951.10,20434.50,21947576320.00,203113611264.00
2013-01-21,20589.90,20983.50,20273.20,20688.80,23295965184.00,215936221184.00
2013-01-22,20926.50,21246.40,20348.30,20665.70,25435865088.00,235275845632.00
2013-01-23,20411.00,20833.80,20066.50,20566.60,20249264128.00,184780865536.00
2013-01-24,20896.20,21370.80,20242.60,20530.60,26767605760.00,247379181568.00
2013-01-25,20075.20,20422.10,19742.50,20029.40,15902434304.00,151050567680.00
2013-01-28,20139.70,20840.60,20007.80,20692.50,21042618368.00,206699298816.00
2013-01-29,20912.10,21416.60,20659.30,21110.70,23499825152.00,228934205440.00
2013-01-30,21264.30,21675.50,20905.70,21325.90,24521517056.00,225974845440.00
2013-01-31,21324.40,21667.20,20903.90,21257.80,22722719744.00,208943595520.00
2013-02-01,21300.20,21897.00,21049.70,21640.50,22990561280.00,221700784128.00
2013-02-04,22160.20,22630.90,21632.40,22020.20,26828189696.00,261653708800.00
2013-02-05,21910.10,22522.70,21637.70,22269.00,23558504448.00,216769478656.00
2013-02-06,22030.70,22472.90,21766.50,22112.70,18984257536.00,186343800832.00
2013-02-07,21912.30,22257.70,21493.60,21928.60,18973853696.00,189081567232.00
2013-02-08,21795.70,22293.00,21575.10,21988.70,18267564032.00,184310906880.00
2013-02-18,22012.40,22332.90,21579.30,21863.20,20046845952.00,197280563200.00
2013-02-19,21774.00,22024.40,21168.50,21397.10,21081827328.00,200022294528.00
2013-02-20,21227.20,21703.70,20956.60,21537.40,19292325888.00,189208297472.00
2013-02-21,21796.10,22039.10,21054.10,21389.20,24562421760.00,239191982080.00
2013-02-22,21054.00,21463.60,20769.60,21035.30,16862532608.00,170906206208.00
2013-02-25,20734.00,21136.90,20495.90,20852.70,15670464512.00,156499623936.00
2013-02-26,20838.30,21341.50,20446.50,20679.90,20233439232.00,203459248128.00
2013-02-27,20460.30,20901.50,20183.10,20559.20,17019695104.00,169543106560.00
2013-02-28,20738.20,21309.80,20479.50,21174.90,21486350336.00,214072655872.00
2013-03-01,21233.40,21658.90,20906.20,21416.80,21451329536.00,219451293696.00
2013-03-04,21701.30,22021.00,20839.00,21139.20,28242864128.00,272405413888.00
2013-03-05,21203.70,21947.60,20980.20,21799.70,22364385280.00,219804909568.00
2013-03-06,22118.60,22661.80,21835.40,22334.30,25730455552.00,250515996672.00
2013-03-07,22505.80,22911.80,21868.60,22279.70,25253408768.00,248396496896.00
2013-03-08,21926.10,22268.30,21494.00,21720.80,17645731840.00,173342851072.00
2013-03-11,21135.30,21466.50,20772.90,21120.80,15020339200.00,143408365568.00
2013-03-12,21025.00,21349.00,20220.60,20603.80,20549816320.00,194136752128.00
2013-03-13,20109.10,20379.10,19635.30,19965.90,15529162752.00,145520951296.00
2013-03-14,19378.90,19797.50,19184.60,19494.60,13366807552.00,128672677888.00
2013-03-15,19447.90,20001.00,19091.60,19479.70,18771382272.00,181777448960.00
2013-03-18,19139.80,19473.60,18740.40,18974.00,15413697536.00,150650880000.00
2013-03-19,18643.90,19002.30,18288.90,18740.40,14869005312.00,141659127808.00
2013-03-20,18890.40,19582.80,18766.40,19476.60,20988979200.00,198864404480.00
2013-03-21,19517.70,19936.00,19310.70,19684.20,20215433216.00,195846455296.00
2013-03-22,19432.10,19755.90,19197.50,19504.30,17409587200.00,163987226624.00
2013-03-25,19330.60,19642.90,19007.20,19276.80,16752491520.00,162019966976.00
2013-03-26,19079.60,19335.60,18647.20,18974.20,17460498432.00,168694906880.00
2013-03-27,18788.50,19183.80,18557.60,18851.10,16271490048.00,159335022592.00
2013-03-28,18749.20,18922.30,18122.50,18373.80,20358283264.00,189645783040.00
2013-03-29,18057.90,18373.20,17760.20,18015.00,14131818496.00,134161342464.00
2013-04-01,17780.80,18172.70,17571.30,17894.70,13620045824.00,130987352064.00
2013-04-02,17773.70,18096.00,17378.80,17594.40,15829443584.00,153389694976.00
2013-04-03,17353.60,17600.80,16963.10,17203.60,14365797376.00,134348447744.00
2013-04-08,16814.90,17256.90,16480.80,17109.00,15040031744.00,144257728512.00
2013-04-09,16930.70,17316.80,16776.90,17073.90,14282878976.00,138677993472.00
2013-04-10,16862.90,17119.80,16547.60,16833.70,13828384768.00,136827265024.00
2013-04-11,16577.00,16797.70,16313.90,16460.20,12655671296.00,118300016640.00
2013-04-12,16074.30,16305.60,15813.00,15967.00,11749608448.00,110350958592.00
2013-04-15,15622.40,15827.20,15292.10,15493.90,12187287552.00,110220771328.00
2013-04-16,15169.90,15581.60,14968.20,15473.50,13164094464.00,121139560448.00
2013-04-17,15255.80,15524.70,15057.20,15369.70,11925793792.00,118214311936.00
2013-04-18,15118.60,15469.30,14969.60,15273.80,12544444416.00,124372697088.00
2013-04-19,15606.90,16112.50,15530.00,15974.00,18640037888.00,180957855744.00
2013-04-22,16084.30,16420.80,15881.90,16224.10,17517015040.00,170941956096.00
2013-04-23,16419.50,16547.90,15796.90,15935.40,17414582272.00,169344303104.00
2013-04-24,16076.60,16606.80,15908.10,16443.30,17056161792.00,169552756736.00
2013-04-25,16588.00,16876.50,16176.20,16360.60,18301444096.00,183494508544.00
2013-04-26,16229.40,16468.80,15797.60,15963.40,14265110528.00,138261086208.00
2013-05-02,15657.80,16015.40,15410.40,15812.30,12045012992.00,120101060608.00
2013-05-03,15937.70,16453.70,15854.60,16206.30,16053975040.00,160109051904.00
2013-05-06,16431.90,16855.80,16289.40,16680.20,17276360704.00,175298461696.00
2013-05-07,16706.70,17017.60,16467.70,16788.40,16127635456.00,165562351616.00
2013-05-08,16919.00,17255.00,16698.40,17025.60,17290639360.00,174928773120.00
2013-05-09,17284.40,17594.70,16928.00,17307.70,19015081984.00,199262355456.00
2013-05-10,17337.00,17716.70,17093.50,17465.80,17381586944.00,178820202496.00
2013-05-13,17502.30,17811.00,17210.80,17542.40,16634949632.00,168680030208.00
2013-05-14,17467.30,17655.30,17025.80,17263.80,16065552384.00,162922954752.00
2013-05-15,17136.30,17516.50,16960.50,17358.90,14662004736.00,153783336960.00
2013-05-16,17752.50,18271.70,17500.80,18004.20,21300000768.00,222692802560.00
2013-05-17,18439.00,18935.00,18242.50,18739.30,23440773120.00,230434471936.00
2013-05-20,19543.00,20084.30,19272.40,19781.90,26206464000.00,273410392064.00
2013-05-21,20209.40,20702.10,19951.30,20480.30,24723032064.00,254218010624.00
2013-05-22,20799.40,21173.50,20359.80,20676.00,24758374400.00,251293859840.00
2013-05-23,20858.80,21340.50,20517.30,20792.40,23837442048.00,231694483456.00
2013-05-24,20723.50,21211.80,20510.60,20993.50,19561097216.00,198900432896.00
2013-05-27,21094.30,21566.80,20828.40,21272.70,21235857408.00,221214703616.00
2013-05-28,21684.30,22100.10,21204.30,21724.80,24491210752.00,246228844544.00
2013-05-29,21870.30,22308.10,21600.60,21981.30,23295404032.00,231096008704.00
2013-05-30,21891.50,22325.80,21624.20,21986.70,21531928576.00,217576669184.00
2013-05-31,21967.40,22337.50,21549.50,21755.40,20929658880.00,215623303168.00
2013-06-03,21640.50,22048.50,21268.50,21546.10,19003521024.00,198435586048.00
2013-06-04,21446.30,21667.50,20750.10,21066.20,19955761152.00,196257153024.00
2013-06-05,20593.10,20950.20,20303.10,20687.20,14610422784.00,149204746240.00
2013-06-06,20267.60,20546.10,19845.70,20025.00,15828622336.00,158415912960.00
2013-06-07,19887.80,20167.60,19245.00,19524.30,17138983936.00,169472491520.00
2013-06-13,19179.80,19380.40,18298.10,18872.90,17106641920.00,160030261248.00
2013-06-14,18664.40,19173.40,18486.60,18987.80,15039808512.00,152385847296.00
2013-06-17,18843.70,19215.40,18483.00,18825.40,15148804096.00,160549060608.00
2013-06-18,18552.60,18876.30,18232.40,18613.70,13821777920.00,141691518976.00
2013-06-19,18254.40,18524.30,17813.40,18276.10,14633271296.00,145715576832.00
2013-06-20,17952.90,18181.80,17325.80,17452.60,14693340160.00,144941613056.00
2013-06-21,16949.90,17465.10,16556.70,17212.80,14905295872.00,141023559680.00
2013-06-24,17334.60,17478.50,16082.20,16317.40,19723143168.00,175897706496.00
2013-06-25,16628.90,17159.00,15489.80,16834.00,24590247936.00,209217241088.00
2013-06-26,16952.90,17491.80,16599.40,17294.00,19171354624.00,178596118528.00
2013-06-27,17443.30,17868.00,16921.30,17131.50,20001353728.00,185515229184.00
2013-06-28,16938.00,17588.10,16583.60,17125.50,17973504000.00,157663772672.00
2013-07-01,16826.50,17363.30,16559.50,17232.00,14818693120.00,139802918912.00
2013-07-02,17228.60,17704.20,16986.10,17496.80,16975464448.00,170265493504.00
2013-07-03,17393.60,17757.90,16956.60,17498.30,18066425856.00,175936421888.00
2013-07-04,17565.60,18170.60,17298.00,17796.90,19524642816.00,186561331200.00
2013-07-05,17756.50,18174.30,17431.30,17628.80,17628542976.00,167141883904.00
2013-07-08,17195.50,17492.10,16617.80,16861.10,16179237888.00,147379355648.00
2013-07-09,16430.10,16823.50,16187.10,16553.80,12211736576.00,114763792384.00
2013-07-10,16515.80,17147.00,16356.80,17013.20,16934206464.00,156021129216.00
2013-07-11,17712.60,18531.40,17539.70,18259.20,27937427456.00,250170703872.00
2013-07-12,18503.60,18956.90,18141.30,18363.50,22264920064.00,213732016128.00
2013-07-15,18577.40,19162.30,18383.30,18904.20,19926138880.00,199821148160.00
2013-07-16,19279.60,19702.70,18990.60,19485.20,19753254912.00,194903162880.00
2013-07-17,19490.90,19861.10,19027.40,19266.90,20376600576.00,199182172160.00
2013-07-18,19066.90,19480.80,18715.70,19073.80,18155237376.00,175990358016.00
2013-07-19,19193.40,19606.50,18565.00,18725.20,21037836288.00,206186479616.00
2013-07-22,18393.50,19032.00,18160.00,18887.90,16538421248.00,163841196032.00
2013-07-23,19131.30,19805.10,18941.10,19582.50,21801721856.00,216362598400.00
2013-07-24,19703.50,20184.80,19320.50,19878.90,21857501184.00,225078231040.00
2013-07-25,19945.00,20279.30,19331.70,19556.50,20610791424.00,209269096448.00
2013-07-26,19166.20,19569.20,18788.60,19219.90,15831746560.00,158778327040.00
2013-07-29,18842.70,19127.20,18348.40,18593.10,16141694976.00,156823388160.00
2013-07-30,18378.50,18779.40,17838.70,18300.50,15804751872.00,154964197376.00
2013-07-31,18089.50,18506.30,17814.80,18055.40,14535154688.00,141923368960.00
2013-08-01,18116.50,18745.10,17976.50,18626.00,18752100352.00,184167694336.00
2013-08-02,18782.80,19163.20,18501.40,18721.50,19710609408.00,195735781376.00
2013-08-05,18631.10,19087.90,18440.50,18924.30,17598003200.00,174238924800.00
2013-08-06,19077.60,19534.50,18847.30,19309.10,21416755200.00,208400891904.00
2013-08-07,19471.50,19806.80,19047.20,19267.80,21718251520.00,210947801088.00
2013-08-08,19079.60,19495.60,18841.70,19176.30,17116006400.00,169344286720.00
2013-08-09,19232.00,19592.50,18816.50,19226.60,19019794432.00,188719841280.00
2013-08-12,19717.90,20243.70,19422.70,19985.60,24815357952.00,238857420800.00
2013-08-13,20082.90,20466.30,19827.70,20204.30,21961101312.00,200305917952.00
2013-08-14,20301.00,20677.20,19952.60,20259.80,22164869120.00,208387129344.00
2013-08-15,20150.70,20483.50,19778.10,19959.40,19100895232.00,186552713216.00
2013-08-16,20278.80,21129.90,19800.90,19990.00,26780166144.00,244404371456.00
2013-08-19,19724.50,20398.00,19553.10,20254.60,18160898048.00,173790691328.00
2013-08-20,20163.00,20584.30,19852.00,20171.10,19858503680.00,191287672832.00
2013-08-21,19945.00,20292.10,19646.10,20043.80,17548269568.00,167624556544.00
2013-08-22,19837.60,20250.10,19615.40,19905.40,18453577728.00,179096027136.00
2013-08-23,20104.80,20452.10,19505.80,20006.30,21957285888.00,217485721600.00
2013-08-26,20127.60,20681.70,19947.80,20520.10,21774626816.00,210632572928.00
2013-08-27,20593.80,21015.00,20317.70,20775.00,22444937216.00,213835415552.00
2013-08-28,21060.20,21526.90,20671.30,21032.10,27677181952.00,259743924224.00
2013-08-29,21069.90,21449.00,20689.00,21021.10,23185926144.00,208719052800.00
2013-08-30,21391.00,21833.40,20738.70,21087.20,29111683072.00,256863895552.00
2013-09-02,21243.40,21781.70,20760.60,21346.40,24299253760.00,215865032704.00
2013-09-03,21409.90,21937.50,21157.80,21731.20,23970582528.00,215195992064.00
2013-09-04,21802.10,22256.80,21463.00,21846.80,24571047936.00,221909827584.00
2013-09-05,21732.20,22200.70,21394.50,21833.80,22411941888.00,213014593536.00
2013-09-06,21877.10,22451.60,21631.00,22135.80,23629975552.00,222377656320.00
2013-09-09,22960.60,23627.40,22613.50,23243.80,34124787712.00,310033121280.00
2013-09-10,24001.60,24661.00,23607.80,24276.10,36479008768.00,324692410368.00
2013-09-11,25148.10,25682.50,24424.20,24890.00,39348629504.00,343119626240.00
2013-09-12,25082.90,25790.90,24728.70,25287.40,32033120256.00,277563080704.00
2013-09-13,25238.70,25768.70,24748.30,25254.20,27335131136.00,245224177664.00
2013-09-16,25288.60,25827.50,24816.20,25281.40,25280931840.00,241328455680.00
2013-09-17,25180.70,25560.30,24450.70,24694.20,25171259392.00,237027950592.00
2013-09-18,24229.50,24787.80,23903.60,24461.30,19392288768.00,191529205760.00
2013-09-23,24458.40,25146.90,24204.60,24930.30,23236634624.00,235754471424.00
2013-09-24,25077.40,25624.30,24529.70,25130.30,27217152000.00,272079863808.00
2013-09-25,25202.70,25823.10,24741.10,25138.60,27296466944.00,271157624832.00
2013-09-26,24974.10,25385.20,24195.60,24467.00,24249894912.00,240749314048.00
2013-09-27,24009.60,24569.60,23617.20,24088.80,18757349376.00,193393983488.00
2013-09-30,23785.90,24370.90,23473.00,24064.30,16701095936.00,178566660096.00
2013-10-08,24024.10,24745.40,23625.30,24404.30,22704066560.00,236558385152.00
2013-10-09,24305.80,24978.90,24022.60,24710.10,23605073920.00,244856995840.00
2013-10-10,24960.50,25433.40,24300.10,24675.00,27199791104.00,278432153600.00
2013-10-11,24973.00,25661.30,24602.10,25268.10,27543820288.00,277692645376.00
2013-10-14,25646.00,26306.20,25194.50,25838.90,29424175104.00,298998792192.00
2013-10-15,26063.60,26568.40,25494.50,26030.10,28193628160.00,284671049728.00
2013-10-16,26046.60,26359.20,24943.10,25357.30,27870382080.00,275668434944.00
2013-10-17,25278.20,25817.40,24704.50,25067.10,23617044480.00,234887069696.00
2013-10-18,24590.80,25166.30,24235.20,24798.10,19231451136.00,193121976320.00
2013-10-21,24923.70,25745.70,24613.10,25510.00,25586073600.00,261214076928.00
2013-10-22,25743.10,26240.20,25026.70,25388.50,28538347520.00,293083152384.00
2013-10-23,25405.20,25846.90,24437.10,24826.80,27005671424.00,262443286528.00
2013-10-24,24257.40,24730.10,23792.10,24166.40,18720178176.00,184326406144.00
2013-10-25,23945.80,24326.10,23102.10,23480.30,20969631744.00,207785492480.00
2013-10-28,23034.90,23499.00,22530.90,23021.40,17102345216.00,167659241472.00
2013-10-29,23151.90,23616.70,21902.10,22750.50,26467063808.00,243687407616.00
2013-10-30,22410.80,23077.70,22111.80,22830.70,21043916800.00,192511574016.00
2013-10-31,22442.20,22781.50,21870.20,22138.70,19940657152.00,183312826368.00
2013-11-01,21570.50,21974.50,21089.40,21583.90,16245289984.00,155229224960.00
2013-11-04,21102.40,21546.30,20836.30,21183.70,14142938112.00,138255482880.00
2013-11-05,20756.00,21297.80,20413.40,21154.30,17154253824.00,163928997888.00
2013-11-06,20900.40,21353.10,20542.90,20738.60,19146893312.00,185167249408.00
2013-11-07,20259.20,20603.20,19859.40,20125.60,15497259008.00,149123940352.00
2013-11-08,19610.30,19954.90,19177.90,19461.40,15235536896.00,144063823872.00
2013-11-11,18962.70,19349.50,18614.30,19046.50,12838594560.00,124798509056.00
2013-11-12,18736.50,19149.00,18499.70,18927.20,14693975040.00,143678570496.00
2013-11-13,18590.20,18865.20,18146.90,18299.90,15751648256.00,148586774528.00
2013-11-14,18074.60,18575.80,17809.70,18393.50,15726273536.00,156923674624.00
2013-11-15,18766.10,19533.90,18660.50,19166.10,22566219776.00,228689281024.00
2013-11-18,19963.70,20581.00,19747.60,20391.70,26815576064.00,268265127936.00
2013-11-19,20645.10,21028.90,20329.60,20671.20,22698409984.00,230819069952.00
2013-11-20,20771.30,21167.80,20464.70,20935.00,21683109888.00,211433521152.00
2013-11-21,21087.20,21499.80,20692.60,21133.40,24514521088.00,238713159680.00
2013-11-22,21129.80,21483.90,20728.70,21004.30,21197494272.00,207021277184.00
2013-11-25,20882.40,21376.50,20593.50,20936.60,19827451904.00,198055936000.00
2013-11-26,20716.40,21135.90,20438.60,20781.40,18542077952.00,185206996992.00
2013-11-27,20851.80,21425.20,20644.00,21197.40,21190017024.00,220522496000.00
2013-11-28,21532.50,22038.60,21325.10,21659.60,24643409920.00,249023496192.00
2013-11-29,21720.30,22176.80,21484.40,21889.40,21023789056.00,227551936512.00
2013-12-02,22178.60,22670.00,21356.80,21692.60,30886553600.00,303939223552.00
2013-12-03,21466.00,22214.40,21166.60,22027.30,20849596416.00,211971883008.00
2013-12-04,22368.80,23165.30,22174.00,22717.90,27335553024.00,267888640000.00
2013-12-05,22683.80,23092.10,22302.00,22602.90,22373005312.00,220996796416.00
2013-12-06,22314.80,22677.70,21957.50,22272.60,18909673472.00,187317207040.00
2013-12-09,22053.50,22475.50,21808.20,22177.40,17529344000.00,180686372864.00
2013-12-10,22058.50,22417.80,21718.40,22041.20,20069117952.00,196812587008.00
2013-12-11,21773.50,22039.50,21295.80,21614.00,19447928832.00,188206333952.00
2013-12-12,21210.50,21665.10,21020.80,21354.60,16276791296.00,167386660864.00
2013-12-13,20881.60,21308.30,20674.30,21044.80,16217543680.00,163311026176.00
2013-12-16,20946.40,21226.20,20378.00,20591.80,18745458688.00,186977157120.00
2013-12-17,20177.00,20467.90,19777.40,20053.80,14903261184.00,149387919360.00
2013-12-18,19557.70,19840.40,19250.00,19509.20,12606958592.00,128607232000.00
2013-12-19,19171.50,19446.00,18796.80,18942.60,13801393152.00,138045947904.00
2013-12-20,18744.40,18992.90,18248.70,18489.10,15526804480.00,150491774976.00
2013-12-23,18170.40,18458.50,17721.80,18130.00,12863322112.00,129686126592.00
2013-12-24,17906.70,18289.10,17676.30,18006.60,13338117120.00,138753130496.00
2013-12-25,17781.90,18168.50,17595.40,18032.60,13466753024.00,144554131456.00
2013-12-26,17928.70,18147.50,17452.20,17611.70,15475002368.00,160668876800.00
2013-12-27,17506.20,18018.90,17378.40,17847.60,15439967232.00,159774212096.00
2013-12-30,17873.10,18162.80,17604.00,17860.50,15328768000.00,158639259648.00
2013-12-31,17797.70,18173.60,17552.20,17924.30,15482814464.00,161436499968.00
2014-01-02,17803.60,18178.70,17592.80,17976.00,14461926400.00,157721444352.00
2014-01-03,18030.60,18317.60,17686.50,17974.40,17263837184.00,182657122304.00
2014-01-06,18014.50,18189.70,17376.20,17582.40,17908193280.00,178123522048.00
2014-01-07,17330.90,17777.50,17130.50,17557.70,13373905920.00,139248353280.00
2014-01-08,17605.10,18041.30,17372.00,17725.20,15739784192.00,173636452352.00
2014-01-09,17747.50,18133.10,17371.00,17549.50,16434079744.00,179794640896.00
2014-01-10,17390.90,17690.00,16968.70,17216.90,14983308288.00,146867552256.00
2014-01-13,17030.50,17350.70,16685.20,16974.40,13400381440.00,134725697536.00
2014-01-14,16835.90,17276.60,16613.90,17158.50,14712543232.00,144556113920.00
2014-01-15,17047.20,17411.40,16823.30,17196.80,14490812416.00,153521963008.00
2014-01-16,17157.60,17493.10,16893.60,17142.70,15141192704.00,160770572288.00
2014-01-17,16925.80,17184.70,16599.30,16815.30,13660713984.00,143363325952.00
2014-01-20,16581.00,16874.90,16231.90,16492.50,12432158720.00,134432210944.00
2014-01-21,16354.10,16817.70,16223.80,16648.10,13360359424.00,147167182848.00
2014-01-22,17034.20,17609.00,16881.00,17427.40,20168734720.00,212723531776.00
2014-01-23,17680.60,18093.90,17473.80,17818.90,18439086080.00,209317167104.00
2014-01-24,18119.30,18662.90,17959.80,18393.70,20142753792.00,224429047808.00
2014-01-27,18574.40,19000.70,18243.60,18576.40,19798489088.00,217262620672.00
2014-01-28,18541.00,18873.30,18159.60,18494.20,15735710720.00,175055683584.00
2014-01-29,18471.80,18893.60,18236.00,18651.00,15722899456.00,178658770944.00
2014-01-30,18386.80,18714.20,18029.10,18293.80,13419631616.00,156505604096.00
2014-02-07,18215.40,18825.40,17993.60,18696.00,15790964736.00,179974733824.00
2014-02-10,19535.90,20233.30,19354.60,19991.10,25840158720.00,287273746432.00
2014-02-11,20844.20,21336.60,20377.50,20862.60,28094830592.00,306310643712.00
2014-02-12,21385.90,21904.90,21039.20,21603.70,25451474944.00,277718302720.00
2014-02-13,22215.50,22659.80,21608.50,21845.20,28134903808.00,299732992000.00
2014-02-14,21991.60,22595.50,21766.00,22384.10,22272448512.00,243390316544.00
2014-02-17,23104.70,23731.90,22804.70,23472.30,27871582208.00,307558744064.00
2014-02-18,24103.10,24561.80,23586.50,24039.40,28406792192.00,315624947712.00
2014-02-19,24453.50,25003.70,23978.70,24506.70,29074810880.00,301860454400.00
2014-02-20,24925.30,25372.10,24194.70,24529.30,29384108032.00,295327531008.00
2014-02-21,24374.50,24818.60,23861.70,24318.20,22322518016.00,230494781440.00
2014-02-24,24381.30,24893.60,23789.80,24484.50,24041293824.00,253957226496.00
2014-02-25,25149.50,25674.90,23802.60,24136.60,29341652992.00,330258415616.00
2014-02-26,23899.60,24515.20,23255.70,24210.50,22499233792.00,236441845760.00
2014-02-27,24443.00,25101.40,23712.40,24052.70,25595316224.00,271296495616.00
2014-02-28,23851.00,24505.50,23287.50,24199.80,21636626432.00,227750461440.00
2014-03-03,24181.80,24930.60,23892.50,24649.90,23452794880.00,239232647168.00
2014-03-04,24431.80,24921.50,23936.10,24503.90,22529781760.00,239199453184.00
2014-03-05,24302.90,24743.50,23822.50,24159.10,20868538368.00,217917849600.00
2014-03-06,23910.00,24389.70,23370.90,23997.70,21069918208.00,219442053120.00
2014-03-07,23745.80,24257.90,23323.70,23686.40,20244154368.00,214210265088.00
2014-03-10,23392.80,23676.20,22463.60,22706.30,21856393216.00,217035292672.00
2014-03-11,22280.50,22785.10,21852.30,22350.70,17822873600.00,179837255680.00
2014-03-12,22035.50,22499.00,21489.90,22051.30,19249125376.00,184687542272.00
2014-03-13,21734.50,22273.40,21511.70,22008.70,18145978368.00,171475189760.00
2014-03-14,21500.70,21899.20,21153.20,21511.40,16604981248.00,159464800256.00
2014-03-17,21295.70,21872.40,21074.60,21703.60,17005254656.00,173048004608.00
2014-03-18,21647.40,22107.70,21382.10,21724.20,18886811648.00,200359706624.00
2014-03-19,21545.30,21883.30,21107.40,21554.10,19140210688.00,190723719168.00
2014-03-20,21519.90,21900.00,20855.50,20997.00,21367965696.00,207001206784.00
2014-03-21,21112.50,21903.00,20743.00,21713.80,25125287936.00,225209532416.00
2014-03-24,21914.30,22394.00,21579.20,22027.50,25750046720.00,224442957824.00
2014-03-25,21985.90,22433.90,21655.90,22039.80,23775211520.00,205201948672.00
2014-03-26,21847.10,22227.60,21539.60,21871.80,18969415680.00,176450666496.00
2014-03-27,21826.20,22145.70,21281.40,21493.00,21631389696.00,200408285184.00
2014-03-28,21470.10,21835.80,20818.00,21094.70,22328143872.00,202534977536.00
2014-03-31,20724.10,21073.60,20267.80,20594.00,16437771264.00,147660488704.00
2014-04-01,20152.70,20636.70,19987.90,20485.60,14843079680.00,137755836416.00
2014-04-02,20310.70,20672.00,19998.00,20323.80,18282559488.00,163614834688.00
2014-04-03,20167.60,20497.60,19839.10,20108.70,18789607424.00,164685086720.00
2014-04-04,19714.50,20141.40,19547.40,19994.10,15319915520.00,144291905536.00
2014-04-08,20080.70,20613.70,19892.40,20435.60,21868548096.00,201937731584.00
2014-04-09,20444.70,20834.20,20262.80,20600.80,19040350208.00,187861581824.00
2014-04-10,21111.40,21600.30,20861.50,21253.10,26198908928.00,250268975104.00
2014-04-11,21317.40,21657.70,21008.10,21338.50,21913759744.00,210759696384.00
2014-04-14,21182.30,21569.30,20942.70,21327.60,18276055040.00,178262523904.00
2014-04-15,21288.80,21544.00,20903.00,21106.70,19633129472.00,188044181504.00
2014-04-16,20774.80,21130.00,20549.80,20855.60,16377268224.00,157756112896.00
2014-04-17,20620.20,20894.20,20339.50,20546.20,16233099264.00,157000957952.00
2014-04-18,20166.90,20486.20,19953.50,20287.10,15386516480.00,148547371008.00
2014-04-21,20096.70,20450.00,19742.40,19906.80,17604931584.00,173714030592.00
2014-04-22,19819.80,20023.10,19530.70,19823.00,17884737536.00,173770424320.00
2014-04-23,19437.10,19710.80,19157.60,19403.80,14192861184.00,139130912768.00
2014-04-24,19117.70,19382.30,18773.30,18989.20,14531823616.00,140941279232.00
2014-04-25,18893.90,19129.10,18391.80,18546.00,17025146880.00,154913767424.00
2014-04-28,18433.10,18624.60,17785.70,17988.80,16960928768.00,150487236608.00
2014-04-29,17648.20,18066.80,17459.80,17931.80,13532930048.00,121157885952.00
2014-04-30,17588.40,17915.10,17404.20,17707.00,12885048320.00,117644713984.00
2014-05-05,17431.10,17750.80,17189.10,17609.80,13725131776.00,124528082944.00
2014-05-06,17605.30,17788.90,17512.60,17573.40,14295197696.00,136944336896.00
2014-05-07,17476.60,17534.80,17086.30,17111.40,13960286208.00,131479715840.00
2014-05-08,17040.70,17313.50,16903.10,16922.30,14255216640.00,129113604096.00
2014-05-09,16910.00,16950.80,16577.40,16612.70,13975576576.00,126139645952.00
2014-05-12,16777.50,17256.40,16759.00,17256.40,20095162368.00,173191610368.00
2014-05-13,17250.50,17493.00,17166.10,17233.40,17302353920.00,151688904704.00
2014-05-14,17219.10,17313.90,16975.70,16989.50,13678745600.00,123914715136.00
2014-05-15,16959.60,16976.00,16516.90,16553.00,14251682816.00,135032700928.00
2014-05-16,16508.10,16559.10,16182.90,16284.10,12515802112.00,117771558912.00
2014-05-19,16224.90,16233.10,15832.40,15910.10,11875535872.00,111201189888.00
2014-05-20,16035.80,16153.60,15703.80,15744.90,11865958400.00,117607481344.00
2014-05-21,15717.00,15838.40,15551.60,15671.80,11729669120.00,111358386176.00
2014-05-22,15650.50,15965.90,15632.30,15650.10,14601774080.00,140855148544.00
2014-05-23,15653.10,15732.90,15530.20,15720.50,12707723264.00,126232764416.00
2014-05-26,15825.50,16031.20,15825.50,15990.60,14395044864.00,152464883712.00
2014-05-27,15956.70,16071.50,15819.40,15866.10,13503376384.00,137464774656.00
2014-05-28,15853.60,16303.20,15852.50,16303.20,16618194944.00,168980529152.00
2014-05-29,16306.00,16462.40,16221.70,16283.40,16319398912.00,168260075520.00
2014-05-30,16270.60,16399.00,16269.10,16331.60,14815751168.00,148047069184.00
2014-06-03,16358.60,16498.40,16226.90,16237.90,13959960576.00,138910613504.00
2014-06-04,16203.20,16214.60,15941.10,16037.40,14049452032.00,136234582016.00
2014-06-05,16016.90,16204.70,16006.20,16204.70,13588185088.00,137999958016.00
2014-06-06,16195.40,16289.60,15989.60,16078.20,13759215616.00,141003063296.00
2014-06-09,16040.50,16195.30,15883.90,15911.60,13102289920.00,133145149440.00
2014-06-10,15941.40,16232.50,15917.80,16232.50,15526294528.00,157650698240.00
2014-06-11,16184.70,16423.30,16184.70,16379.30,15399362560.00,160020316160.00
2014-06-12,16329.60,16477.90,16324.60,16467.90,16172978176.00,163876470784.00
2014-06-13,16434.00,16973.80,16434.00,16973.80,19008303104.00,193221591040.00
2014-06-16,16968.50,17396.90,16968.50,17396.90,18997254144.00,194106556416.00
2014-06-17,17399.60,17512.70,17322.30,17376.00,17712269312.00,176112304128.00
2014-06-18,17373.70,17478.50,17269.80,17302.90,17380917248.00,166852608000.00
2014-06-19,17273.80,17332.60,16758.70,16914.90,18351542272.00,173933002752.00
2014-06-20,16914.30,17038.70,16735.00,16840.90,13376442368.00,124865961984.00
2014-06-23,16888.30,17118.70,16864.00,16908.20,14305273856.00,142594916352.00
2014-06-24,16904.70,17034.60,16891.50,16974.80,14667141120.00,148936278016.00
2014-06-25,16934.30,16957.50,16681.30,16731.40,13965154304.00,140101582848.00
2014-06-26,16763.10,17127.00,16763.10,17127.00,17281826816.00,175933194240.00
2014-06-27,17108.00,17500.30,17092.90,17489.30,20399972352.00,196007084032.00
2014-06-30,17569.40,18013.70,17569.40,18013.70,20595564544.00,202933551104.00
2014-07-01,18073.10,18428.70,18070.00,18428.70,20801517568.00,208489136128.00
2014-07-02,18416.20,18854.70,18416.20,18854.70,22342576128.00,219192901632.00
2014-07-03,18840.50,19410.90,18833.30,19410.90,24868175872.00,234591207424.00
2014-07-04,19420.60,19639.80,19420.60,19587.40,21779021824.00,211954040832.00
2014-07-07,19615.50,19830.60,19615.50,19772.50,20161026048.00,202598940672.00
2014-07-08,19751.20,20066.20,19742.90,20066.20,20289650688.00,208376348672.00
2014-07-09,20056.40,20274.20,19999.50,20126.80,23704731648.00,244221820928.00
2014-07-10,20131.90,20366.00,20119.50,20188.70,20147666944.00,205192855552.00
2014-07-11,20161.60,20551.60,20161.60,20427.40,21181911040.00,205996556288.00
2014-07-14,20489.40,21009.00,20489.40,21009.00,23395098624.00,232957018112.00
2014-07-15,21018.90,21354.60,21015.70,21354.60,25531332608.00,247380393984.00
2014-07-16,21294.80,21486.90,21207.80,21297.60,25123641344.00,225458634752.00
2014-07-17,21245.00,21349.30,20858.20,20981.20,19528296448.00,176071557120.00
2014-07-18,20903.00,21194.70,20833.80,20874.10,19592898560.00,177319624704.00
2014-07-21,20852.90,20945.70,20626.70,20670.90,17948194816.00,169679880192.00
2014-07-22,20679.20,21149.10,20679.20,21148.20,22624968704.00,209008836608.00
2014-07-23,21140.60,21426.10,21095.20,21221.30,25043572736.00,226125021184.00
2014-07-24,21206.30,21709.00,21206.30,21709.00,29012795392.00,254821580800.00
2014-07-25,21736.60,22084.30,21736.60,22084.30,24995948544.00,217521438720.00
2014-07-28,22223.30,23625.60,22223.30,23625.60,38624571392.00,329619210240.00
2014-07-29,23646.50,24629.80,23646.50,24629.80,34933420032.00,315980578816.00
2014-07-30,24620.90,25233.60,24575.10,25233.60,32652156928.00,301662961664.00
2014-07-31,25226.30,25712.00,25206.10,25712.00,29733595136.00,274475302912.00
2014-08-01,25610.70,26066.40,25592.60,25942.10,34500415488.00,312426135552.00
2014-08-04,26071.80,26667.70,26071.80,26667.70,30478866432.00,278090809344.00
2014-08-05,26710.70,27120.10,26699.10,27120.10,32088504320.00,297946316800.00
2014-08-06,26965.40,27447.20,26946.70,27443.00,32453529600.00,291526082560.00
2014-08-07,27446.70,27746.00,27254.20,27319.70,31844820992.00,286697259008.00
2014-08-08,27391.00,27527.00,27180.00,27280.10,25315829760.00,239323119616.00
2014-08-11,27507.10,27901.70,27507.10,27901.70,28272254976.00,274842697728.00
2014-08-12,27888.50,28177.60,27867.30,28141.30,29142632448.00,287624986624.00
2014-08-13,28129.40,28442.90,28109.90,28442.90,32530708480.00,308768505856.00
2014-08-14,28398.60,28718.10,28349.20,28411.40,31854665728.00,303745564672.00
2014-08-15,28432.20,28791.10,28432.20,28753.50,29203963904.00,284096528384.00
2014-08-18,28904.60,29461.30,28904.60,29461.30,32511322112.00,321227358208.00
2014-08-19,29527.00,30037.30,29520.20,30037.30,35501371392.00,356411572224.00
2014-08-20,30012.40,30307.70,29974.30,30132.80,32720265216.00,317984899072.00
2014-08-21,30142.10,30285.70,29911.60,30241.00,31591380992.00,311653302272.00
2014-08-22,30226.20,30556.30,30226.20,30490.80,30185541632.00,310349201408.00
2014-08-25,30511.50,30606.20,30174.40,30207.50,29895796736.00,297466527744.00
2014-08-26,30100.10,30309.20,29546.90,29698.30,30274449408.00,294141788160.00
2014-08-27,29694.80,29932.30,29282.80,29315.60,23090710528.00,232132132864.00
2014-08-28,29317.90,29479.30,28631.60,28633.40,23563577344.00,236350373888.00
2014-08-29,28668.90,28763.20,28186.90,28348.10,19573454848.00,200245264384.00
2014-09-01,28449.40,28801.20,28449.40,28718.40,24591325184.00,259012968448.00
2014-09-02,28814.90,29805.80,28802.80,29805.80,34993627136.00,362324459520.00
2014-09-03,29887.80,30833.60,29887.80,30833.60,38714912768.00,397922205696.00
2014-09-04,30934.70,31845.50,30934.70,31845.50,37479702528.00,391781679104.00
2014-09-05,31931.60,32593.70,31931.60,32593.70,38749724672.00,390150258688.00
2014-09-09,32668.80,33153.90,32668.80,33141.50,36653940736.00,369639948288.00
2014-09-10,32963.20,33487.50,32898.20,33419.30,35857514496.00,359450935296.00
2014-09-11,33392.60,34263.40,33388.30,34097.00,41868443648.00,430777171968.00
2014-09-12,34050.00,34522.50,34042.60,34522.50,35290681344.00,346212696064.00
2014-09-15,34538.30,35311.10,34531.00,35310.90,39998181376.00,404167819264.00
2014-09-16,35352.60,35795.20,35152.80,35236.10,53665366016.00,494158839808.00
2014-09-17,35358.80,35757.00,34998.90,35364.40,37203275776.00,335240232960.00
2014-09-18,35263.50,35639.80,35065.00,35200.30,33519005696.00,300824166400.00
2014-09-19,35180.20,35426.40,35053.40,35184.10,31119642624.00,302920335360.00
2014-09-22,35151.30,35289.80,34535.10,34594.00,32119801856.00,316726247424.00
2014-09-23,34602.70,34915.80,34569.20,34694.70,29262075904.00,296903049216.00
2014-09-24,34576.40,35553.30,34543.30,35553.30,39329804288.00,384239566848.00
2014-09-25,35728.10,36188.60,35728.10,35969.00,40666533888.00,404462108672.00
2014-09-26,35844.50,36186.90,35708.60,35800.00,32266305536.00,321883930624.00
2014-09-29,36169.00,36540.80,36169.00,36431.70,36392103936.00,370919473152.00
2014-09-30,36689.50,36903.30,36497.60,36652.90,34211149824.00,347182989312.00
2014-10-08,36797.70,37381.70,36783.50,37381.70,36956471296.00,386875555840.00
2014-10-09,37407.60,38077.80,37392.90,38077.80,43945168896.00,446221287424.00
2014-10-10,37864.90,38521.20,37817.30,38248.50,41959096320.00,416389169152.00
2014-10-13,38074.30,38366.30,38036.50,38352.60,37575999488.00,377383157760.00
2014-10-14,38268.90,38785.10,37953.60,38175.70,36880199680.00,368012361728.00
2014-10-15,38169.00,38507.20,38032.60,38310.50,36859719680.00,364535054336.00
2014-10-16,38259.20,38792.50,37943.10,38050.20,42241683456.00,411099725824.00
2014-10-17,37940.20,38254.40,37452.90,37761.60,38064398336.00,376991580160.00
2014-10-20,37889.90,38236.80,37630.60,37706.60,28847083520.00,301306478592.00
2014-10-21,37641.30,37888.50,36865.20,36875.00,30049953792.00,307166674944.00
2014-10-22,36873.10,36961.50,35914.30,35955.10,27447896064.00,289244446720.00
2014-10-23,35882.10,36013.50,34972.80,35053.70,29510152192.00,292554539008.00
2014-10-24,35010.00,35175.90,34132.00,34220.90,23114690560.00,235243618304.00
2014-10-27,34079.30,34384.80,33647.20,33727.30,23129954304.00,238479638528.00
2014-10-28,33862.60,34644.30,33862.60,34644.30,31709050880.00,329020014592.00
2014-10-29,34783.20,36097.30,34783.20,36097.30,45285945344.00,451236397056.00
2014-10-30,36057.10,36854.50,36035.80,36854.50,46764937216.00,432618536960.00
2014-10-31,36943.10,37793.90,36943.10,37793.90,50002354176.00,452822106112.00
2014-11-03,37842.10,38635.90,37842.10,38635.90,47133118464.00,421831639040.00
2014-11-04,38619.00,39159.00,38596.30,38981.10,48135761920.00,425278111744.00
2014-11-05,38989.50,39368.90,38917.10,38957.30,42205425664.00,379639955456.00
2014-11-06,38937.60,39170.50,38728.50,39015.60,36599877632.00,354580561920.00
2014-11-07,39095.20,39771.00,39095.20,39417.90,46969294848.00,466233524224.00
2014-11-10,39714.90,40461.80,39687.60,40461.80,45821440000.00,435273924608.00
2014-11-11,40618.10,41235.30,40449.40,40931.40,61576044544.00,574040309760.00
2014-11-12,40695.60,41467.50,40669.20,41423.80,38082392064.00,374387703808.00
2014-11-13,41382.40,41666.90,41215.70,41328.00,45484457984.00,450984476672.00
2014-11-14,41062.10,41388.20,40479.40,40685.60,34341201920.00,338595807232.00
2014-11-17,40973.10,41265.80,40600.20,40630.60,33913671680.00,349690593280.00
2014-11-18,40558.40,40812.40,40013.80,40092.20,31516743680.00,314673725440.00
2014-11-19,40039.20,40232.80,39650.10,39724.10,30655934464.00,322326560768.00
2014-11-20,39532.80,39852.30,39045.40,39083.70,27446435840.00,291384295424.00
2014-11-21,39075.00,39571.40,39053.10,39571.40,34408452096.00,365260734464.00
2014-11-24,40183.70,41901.80,40113.30,41883.50,56612978688.00,574289739776.00
2014-11-25,41844.20,43388.30,41844.20,43388.30,50306699264.00,523195088896.00
2014-11-26,43551.30,44922.00,43551.30,44921.90,53205590016.00,565592653824.00
2014-11-27,45153.90,46723.50,45121.60,46723.50,57808801792.00,608913129472.00
2014-11-28,46677.20,48922.10,46666.00,48922.00,70239379456.00,699477655552.00
2014-12-01,49108.20,50485.90,49108.20,50248.30,66956750848.00,679371735040.00
2014-12-02,50191.40,52674.80,50041.00,52674.80,64130105344.00,662439854080.00
2014-12-03,52873.40,55998.10,52873.40,55998.10,84934557696.00,896781451264.00
2014-12-04,56042.00,60025.40,56042.00,60025.40,80457105408.00,868261888000.00
2014-12-05,60583.60,63170.80,59957.10,62829.40,95145484288.00,1049502023680.00
2014-12-08,62636.60,66717.30,62050.50,66666.20,85951381504.00,959775113216.00
2014-12-09,66575.20,70512.70,66131.90,67064.80,111490842624.00,1242406715392.00
2014-12-10,67101.70,69994.90,66581.10,69953.10,74199580672.00,838673301504.00
2014-12-11,69790.50,71447.00,69277.60,70044.60,71686496256.00,774882394112.00
2014-12-12,70278.90,71362.20,69766.70,69986.20,61159419904.00,682482466816.00
2014-12-15,69624.00,70534.10,69557.70,70410.50,60968435712.00,695658414080.00
2014-12-16,70668.60,72077.60,70516.00,71791.30,66632433664.00,776111849472.00
2014-12-17,72106.00,73234.00,71315.80,72816.00,76995821568.00,889208176640.00
2014-12-18,72545.80,73268.90,71851.00,71869.60,61687275520.00,720208199680.00
2014-12-19,71826.10,72533.50,70428.20,72153.40,73143820288.00,784380264448.00
2014-12-22,72372.00,73535.70,71403.50,71882.10,92101525504.00,916685979648.00
2014-12-23,71850.90,72179.80,69217.00,69332.00,60466085888.00,625055563776.00
2014-12-24,69491.00,69893.30,66949.70,67477.10,52988334080.00,570060636160.00
2014-12-25,67522.20,68656.50,67199.10,68237.90,52495630336.00,567319003136.00
2014-12-26,68243.40,69682.00,68187.50,69640.80,63191109632.00,709472157696.00
2014-12-29,70503.80,71249.60,69118.00,69973.90,71063445504.00,816696918016.00
2014-12-30,69715.50,70286.70,68505.40,68840.80,56244662272.00,655005384704.00
2014-12-31,68887.10,69460.40,68621.80,69232.30,56433176576.00,639885639680.00
2015-01-05,69714.20,71674.70,69674.80,71447.30,74831503360.00,826771832832.00
2015-01-06,71237.20,72700.70,70525.30,72322.40,71203815424.00,819208781824.00
2015-01-07,72245.30,73236.10,71437.90,71839.30,55909765120.00,664679219200.00
2015-01-08,71824.70,71968.80,69454.80,69578.10,53429235712.00,620777766912.00
2015-01-09,69471.50,70636.30,68801.00,68892.90,57081786368.00,683823071232.00
2015-01-12,68738.30,69122.40,66371.50,66894.80,46066954240.00,556781993984.00
2015-01-13,66885.40,67323.30,65304.30,65528.40,35416395776.00,459509235712.00
2015-01-14,65535.90,66008.00,63305.40,63760.00,36150001664.00,446862098432.00
2015-01-15,63769.00,64353.40,63504.00,64353.40,40751034368.00,516543873024.00
2015-01-16,64384.40,65426.60,64384.40,64739.70,48637014016.00,611737534464.00
2015-01-19,61511.60,63675.80,60795.10,61290.00,59473674240.00,685123567616.00
2015-01-20,61608.70,63309.70,61516.10,63065.60,53697527808.00,691642564608.00
2015-01-21,63558.90,66409.70,63482.00,66409.70,62169239552.00,790803447808.00
2015-01-22,66406.20,67248.60,66368.40,67209.80,54520197120.00,695721721856.00
2015-01-23,67329.20,68275.70,66679.30,67113.80,54999216128.00,696320589824.00
2015-01-26,67165.60,67749.90,67017.90,67423.00,49900933120.00,628140933120.00
2015-01-27,67600.90,68034.90,66528.50,67582.10,57740976128.00,712498937856.00
2015-01-28,67085.80,67608.10,66035.90,66265.50,46902779904.00,593280892928.00
2015-01-29,65395.50,66278.50,64382.70,64572.60,43080916992.00,515756785664.00
2015-01-30,64904.60,65094.40,62532.10,62537.40,41302110208.00,497374756864.00
2015-02-02,60922.50,61703.50,59904.00,60035.60,38396424192.00,456027373568.00
2015-02-03,60566.50,60843.70,60020.50,60642.20,39385366528.00,505713065984.00
2015-02-04,60783.60,61345.90,59680.10,59711.00,40482873344.00,522486775808.00
2015-02-05,60772.10,61018.30,59470.90,59485.20,48176402432.00,618864181248.00
2015-02-06,59202.70,59634.50,57283.10,57666.30,39674269696.00,490821222400.00
2015-02-09,57481.90,57859.20,56478.20,56657.00,32611579904.00,425752723456.00
2015-02-10,56572.90,57113.90,55944.30,56369.80,30165938176.00,391156662272.00
2015-02-11,56494.10,56858.70,55629.40,55769.70,30041143296.00,403999195136.00
2015-02-12,55793.20,55976.00,55148.20,55207.60,32770646016.00,430827765760.00
2015-02-13,55353.80,56393.30,55353.80,55953.40,42755571712.00,552612069376.00
2015-02-16,56138.60,56698.50,56138.60,56674.70,38964391936.00,531916947456.00
2015-02-17,56960.50,57368.70,56548.90,56701.20,37689823232.00,503529635840.00
2015-02-25,56748.90,57133.10,55815.40,56030.00,38524194816.00,508774940672.00
2015-02-26,55905.80,57302.80,55904.80,57302.80,46578982912.00,586685218816.00
2015-02-27,57254.00,58308.60,57254.00,58114.80,48027738112.00,611817422848.00
2015-03-02,58713.40,60648.00,58655.60,60648.00,58720063488.00,783256322048.00
2015-03-03,60281.70,61799.50,60189.00,61509.90,63416164352.00,833027244032.00
2015-03-04,61608.40,62643.60,61608.40,62643.60,51084312576.00,682300342272.00
2015-03-05,62517.30,63300.10,62491.20,63300.10,54377111552.00,728799838208.00
2015-03-06,63370.20,63821.90,62399.70,62541.60,48399798272.00,642720595968.00
2015-03-09,61996.40,63604.00,61914.00,63604.00,50562547712.00,645686493184.00
2015-03-10,63529.60,64463.00,63529.60,63967.40,48017297408.00,641848442880.00
2015-03-11,64883.90,65622.20,64274.90,64498.00,47551463424.00,634147438592.00
2015-03-12,64868.80,65396.80,64859.50,65365.90,55469363200.00,721565908992.00
2015-03-13,65653.50,66611.00,65653.50,66224.70,50665480192.00,660798373888.00
2015-03-16,66785.60,69887.10,66785.60,69887.10,65189859328.00,897148911616.00
2015-03-17,70451.00,73673.60,70451.00,73673.60,83451961344.00,1098024026112.00
2015-03-18,73883.90,77738.30,73880.10,77738.30,86576439296.00,1103090679808.00
2015-03-19,77765.10,80185.80,77553.70,80185.80,84783824896.00,1087507398656.00
2015-03-20,80360.20,83259.70,80360.20,83257.50,81332740096.00,1145781092352.00
2015-03-23,83552.20,87509.50,83552.20,87509.10,85726117888.00,1206751592448.00
2015-03-24,87767.40,91317.30,87373.30,91317.30,102859800576.00,1415308771328.00
2015-03-25,91193.50,93627.40,90752.30,93146.80,85368872960.00,1236362592256.00
2015-03-26,92817.20,94946.00,92055.30,93463.40,79488344064.00,1179523219456.00
2015-03-27,93420.60,94235.70,93420.60,93622.60,64462680064.00,931258171392.00
2015-03-30,94284.20,96875.00,94284.20,96833.00,86122659840.00,1198243053568.00
2015-03-31,97690.80,99548.60,97687.90,98226.80,87789666304.00,1274039500800.00
2015-04-01,98338.50,100523.70,98338.50,100523.40,73405882368.00,1109216067584.00
2015-04-02,101151.00,102472.50,100961.30,102472.50,79965323264.00,1214342758400.00
2015-04-03,101842.40,104731.60,101728.80,104731.60,79774228480.00,1237093187584.00
2015-04-07,105776.00,108466.40,105776.00,108466.40,91340734464.00,1384880144384.00
2015-04-08,109163.60,110884.70,108309.40,110705.20,97774419968.00,1523869548544.00
2015-04-09,111012.30,111624.90,109194.40,111386.80,92889128960.00,1464058904576.00
2015-04-10,110599.80,113541.10,110369.40,113530.50,77563068416.00,1231274639360.00
2015-04-13,114713.80,117037.20,114713.80,116835.20,92136357888.00,1419221532672.00
2015-04-14,116726.50,119151.00,116167.50,117896.80,92816760832.00,1422476836864.00
2015-04-15,117783.70,118553.40,115068.30,115070.00,91986075648.00,1327812444160.00
2015-04-16,113504.60,117995.70,113047.70,116728.00,80716873728.00,1190764478464.00
2015-04-17,118345.40,120513.70,118345.40,120074.20,103223156736.00,1501449814016.00
2015-04-20,120127.50,123935.20,119004.20,121470.70,122323279872.00,1772150718464.00
2015-04-21,121541.90,124782.10,121541.90,124782.10,94140145664.00,1409506607104.00
2015-04-22,125389.40,129491.30,125389.40,129491.30,104163909632.00,1626725154816.00
2015-04-23,130243.40,132017.91,130011.30,131550.00,104354177024.00,1649037410304.00
2015-04-24,129687.50,133014.30,129543.90,131989.41,97926144000.00,1555147390976.00
2015-04-27,134035.50,136155.50,134035.50,135165.80,101345697792.00,1609521430528.00
2015-04-28,135105.70,136410.91,132308.70,133526.30,109893246976.00,1672859353088.00
2015-04-29,133274.41,134805.80,132430.70,133432.11,78999601152.00,1277381836800.00
2015-04-30,133817.80,134993.11,131971.00,132005.00,80017096704.00,1318925238272.00
2015-05-04,132373.41,133680.80,131034.10,131534.11,75529265152.00,1214561779712.00
2015-05-05,131389.11,131882.11,125470.60,126128.60,87045988352.00,1339481653248.00
2015-05-06,127111.20,128150.40,122192.10,123404.20,74562117632.00,1231502704640.00
2015-05-07,122233.70,123196.00,117978.80,118097.10,61787439104.00,965016027136.00
2015-05-08,120004.70,120758.50,117763.30,120426.50,64913313792.00,1070688239616.00
2015-05-11,121709.80,125539.60,121412.20,125539.60,80275881984.00,1381401755648.00
2015-05-12,125983.00,128933.60,125785.60,128933.60,85255569408.00,1511523090432.00
2015-05-13,128498.70,130919.80,127945.30,129737.20,85438881792.00,1509975392256.00
2015-05-14,129818.40,131147.91,129013.70,129552.70,78322425856.00,1363762610176.00
2015-05-15,128845.70,129334.60,127244.20,127564.90,74606280704.00,1302420520960.00
2015-05-18,127495.10,129661.70,126710.90,127402.70,67077046272.00,1226869178368.00
2015-05-19,127822.00,130848.70,127822.00,130781.30,75074412544.00,1389572653056.00
2015-05-20,131737.11,135496.00,131737.11,133609.30,88966815744.00,1618431180800.00
2015-05-21,134027.11,137549.80,134027.11,137547.91,81681670144.00,1518461386752.00
2015-05-22,138859.20,141574.20,138668.41,141573.50,108713975808.00,1956140941312.00
2015-05-25,140544.70,148013.30,140405.11,148013.30,110081392640.00,1988647976960.00
2015-05-26,149410.61,155261.41,149410.61,155261.41,114816712704.00,2108386443264.00
2015-05-27,156081.70,158890.41,154442.30,158549.70,112251944960.00,2104139972608.00
2015-05-28,158236.20,162028.00,151484.30,151653.91,130044854272.00,2357614084096.00
2015-05-29,152220.70,156523.80,146262.11,153560.70,101982248960.00,1852509782016.00
2015-06-01,155275.50,160997.61,155063.50,160997.61,95469109248.00,1760964247552.00
2015-06-02,162315.00,166331.41,162040.11,166329.50,101666430976.00,1925542707200.00
2015-06-03,167423.20,169518.41,164436.70,167140.00,101557690368.00,1972993916928.00
2015-06-04,166843.41,168351.41,157549.70,167684.11,107246813184.00,1982114562048.00
2015-06-05,170981.91,173920.00,168594.41,172241.80,121303121920.00,2250617651200.00
2015-06-08,172126.80,175704.00,172126.80,175526.41,127195447296.00,2259308511232.00
2015-06-09,175312.00,178008.00,172909.70,175077.61,107460157440.00,1931118247936.00
2015-06-10,174333.70,177044.30,171763.00,175410.30,95354626048.00,1815008903168.00
2015-06-11,175106.00,177147.00,174042.00,175637.91,91318919168.00,1794201878528.00
2015-06-12,176705.41,178474.91,176661.61,177385.00,100828954624.00,1962576052224.00
2015-06-15,178557.30,179877.91,174236.20,174811.80,104185774080.00,1992975974400.00
2015-06-16,171677.30,173554.30,165363.61,167018.00,90138591232.00,1698573713408.00
2015-06-17,167389.00,169211.91,162585.70,168624.20,84678000640.00,1534113742848.00
2015-06-18,167188.41,169407.41,159973.80,160306.30,79444328448.00,1459248824320.00
2015-06-19,155942.61,158890.00,147560.20,147615.80,73940443136.00,1284149608448.00
2015-06-23,147607.20,148973.50,139060.80,148012.61,76347334656.00,1295696658432.00
2015-06-24,148390.00,152424.70,147175.11,150831.80,87280427008.00,1488227663872.00
2015-06-25,151145.50,151839.91,142888.30,144884.11,90225410048.00,1548001869824.00
2015-06-26,139082.41,142003.30,132250.30,132823.70,85616607232.00,1340035563520.00
2015-06-29,135204.30,135943.30,123767.30,127238.90,102889906176.00,1532465250304.00
2015-06-30,124947.10,136434.30,120476.20,136417.11,110482604032.00,1659938930688.00
2015-07-01,135500.00,139983.61,129039.60,129604.60,94476173312.00,1527003742208.00
2015-07-02,129371.90,130454.50,120540.60,122360.00,90364993536.00,1285932449792.00
2015-07-03,119329.00,124147.50,114120.40,114948.30,85962448896.00,1150193631232.00
2015-07-06,122966.20,122966.20,112461.60,116585.00,122313785344.00,1549445627904.00
2015-07-07,111864.10,113958.80,109663.80,112429.00,92394979328.00,1075949142016.00
2015-07-08,106158.20,110022.90,105840.20,109861.60,98644508672.00,1113517326336.00
2015-07-09,108607.50,117792.10,107849.20,116728.70,86098345984.00,948918419456.00
2015-07-10,118326.60,125430.90,118193.30,122624.50,74304749568.00,926172315648.00
2015-07-13,122623.90,130153.30,122623.90,128164.50,87363518464.00,1171486015488.00
2015-07-14,128660.00,133222.00,127063.70,128492.90,95269732352.00,1319548616704.00
2015-07-15,127121.40,128856.80,121963.10,122651.00,94354612224.00,1244070150144.00
2015-07-16,119657.80,127592.30,117965.50,122993.10,81417265152.00,1076491845632.00
2015-07-17,124363.30,128717.20,123638.70,127752.00,78643355648.00,1099402182656.00
2015-07-20,128200.10,132398.61,127908.80,129447.20,89527533568.00,1318563741696.00
2015-07-21,127981.50,131404.91,126853.70,129935.10,81521262592.00,1205986131968.00
2015-07-22,129603.50,131885.50,127626.70,130249.70,85375492096.00,1282759327744.00
2015-07-23,130337.20,134072.61,130337.20,133867.61,92838748160.00,1396616462336.00
2015-07-24,133902.50,136979.30,131341.20,132649.50,102603857920.00,1585722949632.00
2015-07-27,128897.70,133154.20,121741.50,121757.50,91776155648.00,1387292655616.00
2015-07-28,116579.10,125317.80,115762.60,119799.80,93455982592.00,1301999386624.00
2015-07-29,122065.70,123684.10,116370.60,123674.60,72863653888.00,1079170957312.00
2015-07-30,122568.20,125340.20,118379.30,119013.80,75555520512.00,1155459842048.00
2015-07-31,117623.30,119249.60,113169.80,114891.00,58475311104.00,877128646656.00
2015-08-03,112746.70,113895.00,107992.80,109646.30,60595036160.00,847184986112.00
2015-08-04,110176.50,113382.20,109383.50,113382.20,62285869056.00,905380233216.00
2015-08-05,113081.40,115206.90,110273.00,110607.10,63621681152.00,959200034816.00
2015-08-06,107905.40,110831.70,106553.80,107040.70,47541477376.00,706513600512.00
2015-08-07,108777.30,110417.50,107460.70,108719.70,59116408832.00,893337075712.00
2015-08-10,110599.10,115295.90,110317.10,114910.20,81815764992.00,1225939877888.00
2015-08-11,114911.00,117595.00,114788.40,116296.80,88875343872.00,1334052257792.00
2015-08-12,114989.20,117707.50,114272.40,114357.70,72590376960.00,1102373322752.00
2015-08-13,113838.20,116554.60,112970.40,116554.60,71539884032.00,1075208716288.00
2015-08-14,117794.00,118838.30,116399.70,117294.90,79309922304.00,1220271931392.00
2015-08-17,116725.10,118832.20,116725.10,118796.30,78577500160.00,1185690812416.00
2015-08-18,119157.10,119678.40,111388.90,111703.40,93057925120.00,1388203606016.00
2015-08-19,108364.30,114787.60,105991.20,114152.00,80521633792.00,1145277775872.00
2015-08-20,112626.20,114145.50,108787.20,108919.40,67256889344.00,981173796864.00
2015-08-21,106994.60,108516.30,101670.60,102039.50,62840008704.00,868215422976.00
2015-08-24,97601.50,98218.40,92317.20,92324.70,52610592768.00,630222487552.00
2015-08-25,86394.20,88968.70,84596.20,84701.70,56817180672.00,644963827712.00
2015-08-26,84930.60,88448.00,81395.00,82702.70,79076917248.00,892502671360.00
2015-08-27,85185.10,85979.00,80722.60,85979.00,67048534016.00,764263137280.00
2015-08-28,87436.00,91351.20,86841.50,91351.20,75710758912.00,898390360064.00
2015-08-31,91155.00,91155.00,88126.60,89088.20,66279763968.00,795625717760.00
2015-09-01,88919.90,88919.90,83721.20,85047.70,67734454272.00,724820819968.00
2015-09-02,84825.20,85772.50,80949.30,83293.50,69588254720.00,747963154432.00
2015-09-07,84259.20,86572.50,81452.50,81965.40,52380733440.00,601952681984.00
2015-09-08,81071.60,83307.20,78885.40,83247.80,45449568256.00,523390615552.00
2015-09-09,83798.40,86943.00,83555.50,86020.70,68540551168.00,843713544192.00
2015-09-10,84548.40,86278.70,83216.00,83512.80,49737801728.00,609913339904.00
2015-09-11,83628.80,84284.60,81114.70,82170.00,41394520064.00,515338731520.00
2015-09-14,82963.30,82973.00,76403.50,77481.40,58572238848.00,679972634624.00
2015-09-15,76757.60,76757.60,71909.70,72258.20,44630134784.00,476981755904.00
2015-09-16,72291.50,76114.20,71022.30,75859.00,51083517952.00,565916794880.00
2015-09-17,75853.60,77386.90,74430.60,74467.50,58994962432.00,697190645760.00
2015-09-18,75376.70,75410.70,72771.00,73681.90,39579889664.00,471857627136.00
2015-09-21,72578.40,75087.80,72578.40,75087.80,46594826240.00,572501721088.00
2015-09-22,75270.30,76410.30,75062.50,75295.30,53763993600.00,671887982592.00
2015-09-23,73823.50,75360.50,73216.30,73443.20,46705836032.00,578396225536.00
2015-09-24,74104.40,74750.00,72566.20,73246.60,43338268672.00,549827510272.00
2015-09-25,72743.30,73503.30,69593.10,70186.40,46203994112.00,561072177152.00
2015-09-28,70381.30,70416.80,68885.60,69627.40,32015060992.00,403961020416.00
2015-09-29,68408.10,69179.60,66788.70,67003.50,33692055552.00,420371103744.00
2015-09-30,67673.70,67737.60,65574.80,65617.60,29570443264.00,370713165824.00
2015-10-08,67863.50,68915.90,67543.70,67991.60,46357499904.00,586627678208.00
2015-10-09,67913.60,68992.40,67840.20,68836.30,47563288576.00,595745112064.00
2015-10-12,69345.90,73607.70,69282.60,73518.50,72519180288.00,923592359936.00
2015-10-13,72771.90,74779.80,72745.80,74779.80,59082809344.00,765408182272.00
2015-10-14,74575.80,75872.20,74060.10,74376.10,58998648832.00,768325255168.00
2015-10-15,74138.10,77349.80,74138.10,77349.80,62322659328.00,824817942528.00
2015-10-16,78146.80,80355.20,78056.10,80355.20,75080433664.00,993022115840.00
2015-10-19,80815.20,82393.80,80604.10,81893.10,73066766336.00,995540795392.00
2015-10-20,81647.70,83769.80,81616.90,83769.80,64637923328.00,903996833792.00
2015-10-21,83731.80,84833.00,80261.10,81120.00,87796752384.00,1170505072640.00
2015-10-22,81276.90,84254.50,80841.10,84254.50,64883654656.00,891975041024.00
2015-10-23,85031.20,87452.20,84973.80,87356.80,72398233600.00,1039348269056.00
2015-10-26,88521.80,89725.70,87682.60,88918.00,75516862464.00,1105398464512.00
2015-10-27,87831.70,90119.60,86139.20,89842.80,69258764288.00,991777062912.00
2015-10-28,89066.00,90799.50,86898.50,87343.40,63364530176.00,915528089600.00
2015-10-29,88302.50,88350.00,86431.70,86763.60,51597012992.00,748571328512.00
2015-10-30,86322.90,87259.90,85494.40,85704.30,53760626688.00,800893370368.00
2015-11-02,83553.20,85930.90,82415.90,82677.80,50349936640.00,742187532288.00
2015-11-03,83271.80,83528.10,80361.10,80952.00,41593204736.00,625264099328.00
2015-11-04,81707.50,85984.80,81529.60,85984.80,67654516736.00,992667172864.00
2015-11-05,86138.10,90328.70,86138.10,89925.30,98037088256.00,1372182151168.00
2015-11-06,90173.40,93836.70,90173.40,93836.70,80500801536.00,1173065302016.00
2015-11-09,93570.40,98013.20,93570.40,97743.50,92323012608.00,1366746857472.00
2015-11-10,97052.50,99905.80,97000.20,99466.60,82910396416.00,1253903564800.00
2015-11-11,99590.60,101111.40,99308.10,101111.40,74160209920.00,1140229537792.00
2015-11-12,101541.80,102221.70,100596.60,101608.00,76376809472.00,1230505508864.00
2015-11-13,100175.60,101669.80,99415.30,99569.90,70679330816.00,1136452567040.00
2015-11-16,97723.40,100182.50,97723.40,100053.80,56715718656.00,907683037184.00
2015-11-17,101411.60,102999.90,99964.70,100232.00,78532378624.00,1271118036992.00
2015-11-18,100268.30,100844.70,96931.80,97296.00,60253986816.00,942235254784.00
2015-11-19,97610.80,98343.50,96603.30,98305.30,54099820544.00,858781122560.00
2015-11-20,98551.90,99886.70,98508.30,99316.80,67407065088.00,1078467428352.00
2015-11-23,99533.60,100663.50,97742.50,98202.30,67668381696.00,1071877652480.00
2015-11-24,98103.80,98290.80,96734.00,97605.60,53167202304.00,857744998400.00
2015-11-25,97615.90,98706.00,97589.20,98705.00,59679367168.00,1018678738944.00
2015-11-26,99331.90,99878.70,97796.70,98054.10,65520975872.00,1105427955712.00
2015-11-27,97584.30,97977.60,91593.00,92496.50,72351358976.00,1141123579904.00
2015-11-30,92821.30,93826.20,88162.10,92763.00,62597193728.00,981329182720.00
2015-12-01,92413.80,93380.90,90400.00,91348.70,51990269952.00,840502280192.00
2015-12-02,90983.30,91389.90,88899.90,90471.60,56366301184.00,837072912384.00
2015-12-03,90570.60,91928.40,90548.00,91339.40,52892516352.00,794023493632.00
2015-12-04,90772.40,91907.20,89228.60,89684.00,51802550272.00,821316812800.00
2015-12-07,90107.30,90458.10,88583.90,89313.80,45356171264.00,748670353408.00
2015-12-08,88692.80,89100.50,86517.00,86641.30,48368480256.00,787210436608.00
2015-12-09,86145.90,86767.90,84758.00,85058.50,42628091904.00,716303171584.00
2015-12-10,85086.70,85931.60,83372.60,83608.50,42712403968.00,727136206848.00
2015-12-11,83105.10,83462.30,81217.40,81330.70,38562820096.00,631313924096.00
2015-12-14,80392.70,81951.70,80019.40,81951.70,42829471744.00,670698897408.00
2015-12-15,82085.60,83095.40,81535.10,81739.20,42678751232.00,713092431872.00
2015-12-16,81864.00,82529.90,81032.60,81236.70,42732650496.00,726762520576.00
2015-12-17,82026.00,84356.10,81995.80,84356.10,61000601600.00,994451783680.00
2015-12-18,84305.40,85489.60,84237.10,84758.20,57752518656.00,957265674240.00
2015-12-21,84581.60,86294.40,84581.60,86248.30,59576446976.00,940697124864.00
2015-12-22,86553.70,87205.60,86301.70,86958.50,54694006784.00,872208007168.00
2015-12-23,87008.00,87809.00,86407.90,86757.90,60781412352.00,994548580352.00
2015-12-24,86449.50,86762.40,84996.40,85529.10,45805731840.00,747691638784.00
2015-12-25,85742.20,86160.90,84160.20,84626.80,41054937088.00,682470735872.00
2015-12-28,85086.50,85460.50,82832.20,82855.70,54407589888.00,892788604928.00
2015-12-29,82884.00,83331.40,81581.20,82444.40,39411105792.00,656852582400.00
2015-12-30,82726.90,83174.10,81714.20,82309.80,41162719232.00,709442666496.00
2015-12-31,82158.80,82545.00,79814.80,79876.60,39770292224.00,685321682944.00
2016-01-04,79724.30,79836.30,72946.40,72946.40,38707511296.00,594496847872.00
2016-01-05,69817.60,73827.70,69671.60,72545.00,55832158208.00,809313304576.00
2016-01-06,73133.70,74160.10,72591.60,74160.10,49023967232.00,697916522496.00
2016-01-07,72493.30,72681.30,66112.20,66112.20,14160490496.00,187467169792.00
2016-01-08,68270.10,69405.50,64511.10,67672.40,56875393024.00,759427301376.00
2016-01-11,65812.30,67374.10,63384.10,63483.70,52991475712.00,661964128256.00
2016-01-12,63835.60,64366.60,62372.40,62990.50,42358050816.00,549486886912.00
2016-01-13,63101.40,63987.40,60078.20,60144.20,40160968704.00,517697830912.00
2016-01-14,58125.50,62002.90,58125.50,61956.00,43959250944.00,550902759424.00
2016-01-15,61253.20,62254.10,58913.00,59345.90,41813344256.00,537109954560.00
2016-01-18,58964.50,60578.30,58284.90,59619.70,35668688896.00,471590862848.00
2016-01-19,59475.30,61745.20,59337.70,61735.30,43489939456.00,581988581376.00
2016-01-20,61214.40,62595.60,60920.60,61135.60,44441817088.00,594779176960.00
2016-01-21,60312.40,61452.40,58184.50,58203.40,40003670016.00,535016505344.00
2016-01-22,59343.10,59351.30,57242.80,58350.70,33653663744.00,445526507520.00
2016-01-25,58945.80,59311.50,57304.60,57840.30,31698509824.00,422088179712.00
2016-01-26,57024.00,57245.30,53394.40,53669.80,42296938496.00,521843081216.00
2016-01-27,53980.00,53980.00,50886.30,53344.90,43521183744.00,509068705792.00
2016-01-28,52513.70,53293.40,50031.30,50329.50,33868849152.00,398529429504.00
2016-01-29,50317.20,52166.10,50045.70,51745.70,36607254528.00,427762417664.00
2016-02-01,51471.20,52004.40,49458.10,50202.90,30897911808.00,369735860224.00
2016-02-02,50339.10,52044.10,50315.00,51336.30,32460814336.00,402541248512.00
2016-02-03,50636.50,51171.60,49819.10,50755.30,30621386752.00,375330144256.00
2016-02-04,50994.70,52258.80,50994.70,51501.40,34888077312.00,441108103168.00
2016-02-05,51641.30,51841.70,50041.60,50078.40,28753672192.00,362741989376.00
2016-02-15,48614.00,49663.90,48614.00,49204.50,26557693952.00,328229355520.00
2016-02-16,49609.40,51478.50,49590.50,51449.10,39479443456.00,499315671040.00
2016-02-17,51375.10,52854.10,51358.90,52854.10,44635717632.00,568766300160.00
2016-02-18,53317.40,53911.60,53135.90,53373.90,45483651072.00,589551173632.00
2016-02-19,53226.10,53908.20,52867.20,53357.60,35261571072.00,480571326464.00
2016-02-22,53767.10,55205.10,53767.10,55204.70,46663032832.00,601013813248.00
2016-02-23,55150.20,55596.80,54355.90,55204.10,42674548736.00,572165193728.00
2016-02-24,54923.30,55882.70,54453.00,55804.70,43445178368.00,579649404928.00
2016-02-25,55642.70,55698.90,52536.50,52789.30,53815242752.00,664841355264.00
2016-02-26,53452.60,53657.60,51558.70,52619.50,39828385792.00,485526339584.00
2016-02-29,52111.80,52218.80,49248.80,49771.60,41452965888.00,460777422848.00
2016-03-01,49661.30,51147.50,48768.90,50820.90,39625646080.00,461863256064.00
2016-03-02,50719.90,54255.10,50719.90,54253.60,53912555520.00,612395057152.00
2016-03-03,54266.20,56273.90,54259.10,55399.00,57493598208.00,662690922496.00
2016-03-04,55078.10,55841.60,53703.10,54805.90,57186451456.00,639864274944.00
2016-03-07,55699.20,56809.20,55012.90,55575.30,41528967168.00,478019846144.00
2016-03-08,55374.60,55844.90,53702.50,55844.90,46344835072.00,532048576512.00
2016-03-09,54215.70,55501.00,53501.30,53838.90,36293955584.00,426104520704.00
2016-03-10,53823.30,54253.80,51637.20,51740.60,28935350272.00,354591277056.00
2016-03-11,51077.60,51598.20,49902.60,50293.40,25370703872.00,303734947840.00
2016-03-14,51054.30,52735.90,50912.70,52088.40,40028880896.00,503191404544.00
2016-03-15,51858.90,52333.00,50927.80,51219.30,33422743552.00,427430674432.00
2016-03-16,51643.90,51738.40,50377.10,50423.70,34443685888.00,422935101440.00
2016-03-17,50733.50,52646.70,50455.80,52646.70,43231670272.00,571394097152.00
2016-03-18,52862.00,56738.90,52862.00,56738.90,62952181760.00,815803596800.00
2016-03-21,57669.80,60932.80,57645.20,60932.80,68886593536.00,902426132480.00
2016-03-22,60170.50,62056.00,60140.80,61727.50,54835785728.00,756261191680.00
2016-03-23,61526.00,62822.20,61498.40,62822.20,46395322368.00,669558833152.00
2016-03-24,62018.20,63404.20,61841.20,62375.50,50641408000.00,737017724928.00
2016-03-25,62402.50,63169.30,61283.40,62105.50,38426955776.00,552847081472.00
2016-03-28,62592.30,63437.30,61271.00,61629.30,44087013376.00,625219534848.00
2016-03-29,61472.80,61706.00,59434.60,59939.60,38909865984.00,536819859456.00
2016-03-30,60467.90,62117.70,60467.90,62117.70,43986845696.00,627542720512.00
2016-03-31,62552.60,63393.00,62454.10,62661.50,47014559744.00,696125751296.00
2016-04-01,62576.80,62706.70,61207.60,61975.90,42132594688.00,582277201920.00
2016-04-05,62068.50,64174.30,62063.50,64173.00,51856494592.00,712791818240.00
2016-04-06,63794.70,64988.10,63794.70,64704.10,49224032256.00,700636790784.00
2016-04-07,64715.90,65056.70,63881.10,63932.50,48601968640.00,697827262464.00
2016-04-08,63264.40,63815.90,61950.90,62885.80,40907116544.00,584267595776.00
2016-04-11,63290.40,65046.40,63290.40,64286.90,46482018304.00,666665811968.00
2016-04-12,64085.20,64466.00,62538.30,63270.80,39919730688.00,581893881856.00
2016-04-13,63878.40,65938.80,63816.50,65484.10,61923557376.00,822642606080.00
2016-04-14,65907.30,66240.10,65032.40,65801.10,44808568832.00,624045588480.00
2016-04-15,65811.80,66089.50,64658.50,65115.10,40722923520.00,584876097536.00
2016-04-18,64417.90,64543.30,63381.50,63491.80,39120977920.00,556468207616.00
2016-04-19,63496.30,64104.00,62411.20,62810.80,34442805248.00,505322078208.00
2016-04-20,63074.20,63103.90,59707.50,61440.20,58603421696.00,799423725568.00
2016-04-21,61238.80,61677.80,59924.10,60073.70,40222588928.00,541391912960.00
2016-04-22,59509.00,60348.70,58844.60,59222.60,30731425792.00,421920735232.00
2016-04-25,58923.90,58951.30,57525.00,57559.40,27940286464.00,390582272000.00
2016-04-26,57569.30,58032.30,56256.90,56951.50,26855231488.00,381548691456.00
2016-04-27,57031.80,57315.20,55669.60,55809.30,29977296896.00,427491786752.00
2016-04-28,55892.10,55902.50,54170.80,54929.40,30787336192.00,430931673088.00
2016-04-29,54641.70,55150.10,53692.80,53721.90,24922849280.00,366107328512.00
2016-05-03,53730.70,55377.40,53538.60,55377.40,37141987328.00,536801771520.00
2016-05-04,55137.10,55953.40,55136.00,55376.90,37041295360.00,534911418368.00
2016-05-05,55244.70,55710.90,54744.40,55237.90,32510054400.00,473756106752.00
2016-05-06,55243.40,55542.30,53850.40,53970.80,46505459712.00,660925054976.00
2016-05-09,53327.60,53384.90,51553.30,51876.70,38118563840.00,498771230720.00
2016-05-10,51790.10,52101.80,50314.80,50599.20,25708972032.00,346037583872.00
2016-05-11,50981.70,50997.10,49577.70,49591.70,28909264896.00,392483995648.00
2016-05-12,48655.70,49355.60,48260.50,48980.80,29165262848.00,379781939200.00
2016-05-13,48738.30,49517.30,47702.70,48022.80,25629390848.00,347084554240.00
2016-05-16,48029.10,48423.00,47783.00,48314.10,26326396928.00,361618669568.00
2016-05-17,48398.80,48574.50,47861.70,47992.60,30055086080.00,430614446080.00
2016-05-18,47927.70,47927.70,45915.60,46613.60,31724572672.00,415875465216.00
2016-05-19,46554.90,47550.60,46251.90,46367.90,26749874176.00,375250911232.00
2016-05-20,45857.60,46666.30,45611.80,46251.00,25806964736.00,365423329280.00
2016-05-23,46493.60,47240.60,46395.90,46760.50,28899809280.00,418844311552.00
2016-05-24,46631.50,46713.70,45520.60,45772.60,26684135424.00,371174113280.00
2016-05-25,46259.20,46535.60,45046.00,45112.40,25489842176.00,371216515072.00
2016-05-26,45062.30,45236.30,44044.60,45062.50,28030830592.00,391085129728.00
2016-05-27,44907.40,45345.50,44481.10,44529.30,26911039488.00,378105430016.00
2016-05-30,44176.30,44684.00,43655.70,43714.80,24457529344.00,333229195264.00
2016-05-31,43833.80,47162.20,43833.80,47162.20,46969909248.00,630389211136.00
2016-06-01,47318.90,48945.60,47318.90,48901.00,45314646016.00,653515620352.00
2016-06-02,48767.00,49893.90,48766.10,49893.90,39092768768.00,560154214400.00
2016-06-03,49961.00,51043.70,49939.90,51002.80,42294140928.00,644210950144.00
2016-06-06,51307.10,51756.80,50856.00,51299.70,34992934912.00,527595798528.00
2016-06-07,51304.30,51590.80,50910.70,51237.20,33216190464.00,508757114880.00
2016-06-08,51084.50,51353.00,50912.20,51128.70,35072061440.00,545524350976.00
2016-06-13,50299.40,51079.20,49090.50,49108.70,40174477312.00,588520751104.00
2016-06-14,48909.70,49609.10,48167.40,48634.30,28849016832.00,412324757504.00
2016-06-15,47991.90,50856.50,47991.90,50668.40,39571034112.00,572635283456.00
2016-06-16,50714.60,51553.10,50714.60,51190.80,40816177152.00,593571938304.00
2016-06-17,51438.40,52339.80,51161.60,51677.30,39746572288.00,570127548416.00
2016-06-20,51696.90,51793.40,51221.90,51525.40,33576728576.00,499701940224.00
2016-06-21,51986.60,52597.20,50892.90,51268.70,39868792832.00,592357228544.00
2016-06-22,51080.60,51729.30,50889.10,51729.30,32716468224.00,485632933888.00
2016-06-23,51678.10,52149.40,51228.80,51335.20,35280093184.00,523259904000.00
2016-06-24,51198.10,52296.50,49889.20,51763.60,46094921728.00,646251806720.00
2016-06-27,51713.50,53339.80,51622.20,53339.80,39102337024.00,582540197888.00
2016-06-28,53115.50,54556.00,53115.50,54556.00,44149932032.00,664495915008.00
2016-06-29,54937.00,55539.10,54863.40,55218.60,44220805120.00,643854958592.00
2016-06-30,55355.40,55776.20,54797.50,55114.10,37716942848.00,574820057088.00
2016-07-01,55357.70,55764.00,54608.40,54661.70,34552979456.00,519954825216.00
2016-07-04,54292.40,56341.30,54292.40,56341.30,47527759872.00,658087608320.00
2016-07-05,56424.50,57391.10,56424.50,57391.10,49828126720.00,707377561600.00
2016-07-06,57158.80,58068.50,57157.80,58068.50,46156107776.00,663050846208.00
2016-07-07,57957.00,59005.50,57944.50,58928.90,50297249792.00,732967141376.00
2016-07-08,58781.10,59324.00,58389.10,58473.40,39537811456.00,589843333120.00
2016-07-11,58680.80,59530.60,58629.40,58848.70,48614924288.00,699270758400.00
2016-07-12,58792.50,60444.50,58633.30,60444.50,54221869056.00,734190370816.00
2016-07-13,60530.50,61622.30,60530.50,61614.30,53825015808.00,728590581760.00
2016-07-14,61463.20,61896.90,60753.30,61258.30,41472413696.00,587522310144.00
2016-07-15,61322.50,61514.80,60445.10,60488.70,39715422208.00,567682793472.00
2016-07-18,60275.00,60534.20,59500.20,59705.80,39567077376.00,557279608832.00
2016-07-19,59619.20,59896.60,58696.10,59226.10,35502985216.00,516232642560.00
2016-07-20,59217.70,59584.50,58341.80,58364.30,33859420160.00,504856018944.00
2016-07-21,58310.10,58741.60,57966.70,58103.80,37885345792.00,556290736128.00
2016-07-22,58072.70,58285.30,57016.60,57227.60,37137383424.00,539423637504.00
2016-07-25,57066.00,57452.30,56215.10,56518.30,33706455040.00,491208114176.00
2016-07-26,56503.00,57103.70,56191.90,56585.30,34551152640.00,484662476800.00
2016-07-27,56655.40,56880.60,54532.40,56039.20,59758129152.00,805781241856.00
2016-07-28,55923.40,56418.60,55313.50,55885.40,40780357632.00,556366561280.00
2016-07-29,55841.90,56016.70,54368.10,54515.80,31734773760.00,430973288448.00
2016-08-01,54222.70,54222.70,52730.90,52780.90,31833968640.00,416934035456.00
2016-08-02,52730.40,53012.40,51542.60,51769.20,24315486208.00,322178482176.00
2016-08-03,51632.70,51988.00,50889.30,51055.00,29035108352.00,381375512576.00
2016-08-04,50979.00,51106.20,50454.40,50618.80,29965324288.00,404432977920.00
2016-08-05,50566.80,50761.90,49656.30,49687.40,30037518336.00,401908105216.00
2016-08-08,49646.90,50072.30,49452.10,49826.20,32308910080.00,413819240448.00
2016-08-09,49773.30,50186.30,49770.20,50172.60,35430256640.00,462907310080.00
2016-08-10,50106.50,50523.20,49743.70,49774.70,35182600192.00,468113227776.00
2016-08-11,49522.00,49791.90,48622.70,48674.80,34156951552.00,450014248960.00
2016-08-12,48587.30,48884.00,47956.70,48884.00,33765634048.00,426331242496.00
2016-08-15,49099.10,52318.80,49087.20,52318.80,58175799296.00,750301216768.00
2016-08-16,52423.20,54096.50,52423.20,54096.50,53860810752.00,708931092480.00
2016-08-17,53979.60,54734.40,53971.60,54705.90,45275119616.00,618095116288.00
2016-08-18,54595.60,55417.00,54595.60,55263.40,48274923520.00,634726121472.00
2016-08-19,55145.40,55419.40,54754.80,55088.10,40894832640.00,536180031488.00
2016-08-22,55120.70,55430.90,54120.70,54185.70,39872933888.00,533870968832.00
2016-08-23,54116.30,54612.80,53139.90,53622.50,34989907968.00,459785175040.00
2016-08-24,53699.40,53923.10,52793.50,52964.90,32809324544.00,448631668736.00
2016-08-25,52481.40,53000.40,52101.20,52509.30,37406224384.00,510663393280.00
2016-08-26,52669.80,53077.40,51972.70,52149.90,33671768064.00,474914095104.00
2016-08-29,52111.60,52486.30,51455.10,51617.40,31189520384.00,431562489856.00
2016-08-30,51677.30,51820.10,50773.20,50949.80,30529552384.00,422077595648.00
2016-08-31,50968.20,51190.60,50524.00,50670.50,31399370752.00,440794087424.00
2016-09-01,50612.00,50824.00,49729.60,49833.80,33423251456.00,454552420352.00
2016-09-02,49738.00,50151.90,48958.00,49261.70,31465259008.00,430628306944.00
2016-09-05,49449.70,49852.10,48674.70,48846.30,30770477056.00,409685950464.00
2016-09-06,48831.20,49926.00,48722.90,49926.00,38909083648.00,532017086464.00
2016-09-07,49951.40,50752.70,49951.40,50375.80,41895960576.00,560133832704.00
2016-09-08,50324.10,50690.50,49717.50,50142.10,32859805696.00,448725712896.00
2016-09-09,50134.30,50442.40,49538.00,49659.90,35557650432.00,480715833344.00
2016-09-12,48656.10,49477.00,48562.60,48881.60,42403749888.00,539436711936.00
2016-09-13,49224.40,49332.50,48279.10,48553.00,29809696768.00,396541526016.00
2016-09-14,48214.60,48642.90,47312.50,47535.70,28550305792.00,374491086848.00
2016-09-19,47809.20,48195.90,47082.70,47230.30,26114215936.00,345280184320.00
2016-09-20,47284.60,47367.60,46358.20,46488.10,26484418560.00,355783966720.00
2016-09-21,46439.80,46675.40,45710.50,45834.60,25929172992.00,351352782848.00
2016-09-22,46192.20,46520.00,45853.80,45994.10,31000664064.00,416848707584.00
2016-09-23,46039.80,46166.00,45262.00,45341.20,29051172864.00,395437998080.00
2016-09-26,45203.60,45301.20,44191.40,44299.80,32344885248.00,424689467392.00
2016-09-27,44181.90,44490.60,43320.60,44019.90,26957588480.00,350043406336.00
2016-09-28,44047.10,44155.50,43006.30,43124.40,23297978368.00,304952016896.00
2016-09-29,43211.80,43361.40,42536.70,42618.60,25020184576.00,323000795136.00
2016-09-30,42547.30,42727.90,41865.20,42010.80,22888009728.00,298293788672.00
2016-10-10,42388.70,43382.40,42388.70,43382.40,34445332480.00,453801836544.00
2016-10-11,43372.80,44123.60,43367.60,44123.60,36048654336.00,462937784320.00
2016-10-12,43950.00,44473.00,43882.50,44166.90,32415911936.00,425013116928.00
2016-10-13,44156.10,44474.10,44141.60,44320.80,34220429312.00,431783903232.00
2016-10-14,44263.20,44464.30,43958.70,44279.00,33376546816.00,423223132160.00
2016-10-17,44331.60,44642.20,43853.90,44221.40,35328172032.00,463304949760.00
2016-10-18,44265.40,45467.70,44265.40,45467.70,37148770304.00,482381987840.00
2016-10-19,45544.10,46104.20,45544.10,45889.60,38259802112.00,494729822208.00
2016-10-20,45890.40,46257.20,45873.20,46138.50,35551662080.00,474539098112.00
2016-10-21,46117.70,46611.50,46079.30,46478.70,38748794880.00,505538838528.00
2016-10-24,46525.40,47826.60,46525.40,47826.60,44991721472.00,563222413312.00
2016-10-25,47841.10,48486.20,47841.10,48486.20,40875208704.00,538118324224.00
2016-10-26,48437.00,48977.30,48433.30,48734.50,40919957504.00,546756460544.00
2016-10-27,48670.20,48928.20,48226.50,48488.30,33554862080.00,453469601792.00
2016-10-28,48444.10,48872.50,48086.30,48162.30,37362266112.00,510739021824.00
2016-10-31,47979.10,48246.00,47672.50,47806.00,31552331776.00,434837618688.00
2016-11-01,47864.30,48336.20,47857.90,48336.20,33730170880.00,483410378752.00
2016-11-02,48361.20,48881.90,48344.70,48572.60,38994108416.00,547889872896.00
2016-11-03,48418.70,49926.50,48418.70,49850.00,45583736832.00,639992791040.00
2016-11-04,49853.40,50488.60,49776.40,50003.70,40136888320.00,566027419648.00
2016-11-07,50019.10,50338.90,49777.20,49970.40,38456393728.00,511043567616.00
2016-11-08,50165.90,50478.00,50082.70,50267.80,39044648960.00,525599211520.00
2016-11-09,50257.60,51274.60,50114.30,51043.60,48731979776.00,653140164608.00
2016-11-10,51372.90,52509.70,51372.90,52509.70,48557105152.00,654628945920.00
2016-11-11,52474.80,54374.40,52470.30,54374.40,59188224000.00,759797121024.00
2016-11-14,54257.70,56112.10,54257.70,56112.10,61406679040.00,767409455104.00
2016-11-15,56116.60,56653.90,56066.20,56602.00,48085716992.00,630184411136.00
2016-11-16,56729.60,57206.60,56707.00,56846.50,47134068736.00,626936578048.00
2016-11-17,56682.10,56983.10,56213.40,56515.30,42561404928.00,545083129856.00
2016-11-18,56572.30,56999.10,55824.70,56016.70,40808026112.00,543795445760.00
2016-11-21,55947.40,56799.10,55947.40,56415.20,43147751424.00,592698343424.00
2016-11-22,56539.50,57554.80,56539.50,57554.80,48505745408.00,663258464256.00
2016-11-23,57582.10,58182.80,57571.70,57871.60,49414397952.00,679488389120.00
2016-11-24,57846.90,58327.30,57685.60,57975.00,45953159168.00,633311330304.00
2016-11-25,57934.60,58374.60,57547.50,58374.60,45384830976.00,611992666112.00
2016-11-28,58626.90,59242.70,58614.00,58987.10,50047426560.00,641535836160.00
2016-11-29,58764.70,59621.10,58746.30,59491.20,54771998720.00,689253908480.00
2016-11-30,59250.40,59965.20,58812.00,59064.80,43708895232.00,563008634880.00
2016-12-01,59137.50,59678.90,58927.70,59245.80,42569216000.00,559131066368.00
2016-12-02,59153.50,59463.80,58182.60,58326.80,46569189376.00,596900904960.00
2016-12-05,57466.30,58474.90,57039.90,57191.20,40504639488.00,510577410048.00
2016-12-06,57271.40,57526.80,56026.60,56090.40,31044485120.00,419606790144.00
2016-12-07,56088.40,56173.70,55566.20,55808.30,33391663104.00,437269987328.00
2016-12-08,55829.30,56047.30,54674.90,54783.40,33914005504.00,454268944384.00
2016-12-09,54682.20,54900.20,54169.20,54407.00,36884238336.00,486400327680.00
2016-12-12,54389.20,54512.70,52885.40,53118.10,51673694208.00,651132469248.00
2016-12-13,52873.80,53274.90,52561.80,52924.30,36151717888.00,457565569024.00
2016-12-14,52781.10,53063.50,52096.20,52185.30,37339172864.00,468467908608.00
2016-12-15,51953.90,52893.20,51768.20,52092.60,35794075648.00,458013671424.00
2016-12-16,52071.00,52652.70,51685.90,51785.70,33085497344.00,433277665280.00
2016-12-19,51844.50,52069.70,50810.90,50932.00,31192692736.00,399135244288.00
2016-12-20,50842.50,50935.30,49675.40,49934.10,30821210112.00,384045580288.00
2016-12-21,50050.70,50378.00,49672.40,49896.10,34047154176.00,429299695616.00
2016-12-22,49815.10,49971.80,49102.50,49216.00,31310630912.00,396727156736.00
2016-12-23,49167.10,49243.40,48031.70,48094.50,31354828800.00,404342800384.00
2016-12-26,47894.60,47953.60,47298.80,47786.00,29485621248.00,378009550848.00
2016-12-27,47736.70,47984.30,47026.70,47059.70,27707473920.00,362717282304.00
2016-12-28,47041.70,47203.50,45950.50,46112.10,27382048768.00,351296552960.00
2016-12-29,46098.50,46230.80,45244.30,45325.70,26224279552.00,342196027392.00
2016-12-30,45402.10,45544.80,44292.80,44563.40,26390290432.00,342959226880.00
2017-01-03,44745.30,45234.80,44506.30,44623.90,28374876160.00,359042285568.00
2017-01-04,44634.10,45366.00,44612.20,45366.00,34348597248.00,450335113216.00
2017-01-05,45325.40,45756.30,45315.00,45503.30,34629857280.00,449640529920.00
2017-01-06,45466.00,45802.80,45143.20,45271.90,35113869312.00,454373572608.00
2017-01-09,45169.90,45603.70,45169.90,45434.50,32529920000.00,415066554368.00
2017-01-10,45389.60,45676.70,45054.10,45188.50,33787672576.00,417137262592.00
2017-01-11,45072.10,45406.90,44438.00,44472.80,32923607040.00,404252131328.00
2017-01-12,44412.50,44647.10,43539.40,43626.50,29533435904.00,363443552256.00
2017-01-13,43622.80,43694.30,42540.40,42783.20,30158712832.00,383398510592.00
2017-01-16,42623.20,42729.60,40974.00,42678.00,45014589440.00,521338191872.00
2017-01-17,42429.90,42751.40,41709.10,42749.90,27688429568.00,355269050368.00
2017-01-18,42604.10,42911.20,41938.80,41970.30,25063254016.00,316460531712.00
2017-01-19,41766.00,42018.60,40890.30,40991.30,23811196928.00,297683419136.00
2017-01-20,40912.50,41534.20,40895.40,40996.00,24840863744.00,322694545408.00
2017-01-23,41146.40,41658.80,40807.80,40927.90,26554898432.00,331535876096.00
2017-01-24,40902.90,40960.90,40151.80,40207.40,25038997504.00,305815486464.00
2017-01-25,40120.00,40315.80,39490.00,39574.30,22258944000.00,283201142784.00
2017-01-26,39635.80,39782.90,38876.20,39007.00,21717067776.00,269617823744.00
2017-02-03,39164.70,39169.70,38035.90,38068.10,19033227264.00,239762276352.00
2017-02-06,38086.90,38444.00,38067.70,38263.70,25254000640.00,328927477760.00
2017-02-07,38197.40,38550.40,38125.70,38299.90,26828175360.00,350857101312.00
2017-02-08,38184.30,38820.20,38171.90,38820.20,29576921088.00,386132574208.00
2017-02-09,38781.30,39809.50,38781.30,39809.50,36545024000.00,458257661952.00
2017-02-10,39807.30,40762.60,39799.50,40762.60,42757451776.00,498064883712.00
2017-02-13,40830.50,41897.80,40830.50,41897.80,40142696448.00,484086972416.00
2017-02-14,41881.50,42299.50,41872.30,42193.80,35014795264.00,430812233728.00
2017-02-15,42100.00,42708.90,42100.00,42656.20,42522226688.00,519132872704.00
2017-02-16,42597.70,43240.00,42597.70,43218.30,38092828672.00,450962653184.00
2017-02-17,43237.40,43823.10,43237.40,43412.50,40639176704.00,498878316544.00
2017-02-20,43412.30,44517.50,43412.30,44517.50,41024557056.00,498112299008.00
2017-02-21,44496.00,45371.10,44496.00,45371.10,40008257536.00,498387320832.00
2017-02-22,45365.50,46048.00,45362.70,46048.00,40036605952.00,501574336512.00
2017-02-23,45991.80,46450.10,45980.90,46450.10,40802406400.00,517570494464.00
2017-02-24,46351.30,46753.60,46345.40,46678.20,36138233856.00,475939373056.00
2017-02-27,46657.80,47036.80,46290.70,46435.40,35479138304.00,466807029760.00
2017-02-28,46447.10,46743.50,46086.90,46369.80,30596583424.00,418804432896.00
2017-03-01,46336.00,47009.40,46304.80,46792.30,37007831040.00,495893970944.00
2017-03-02,46869.20,47138.60,46489.30,46624.10,35721097216.00,486331875328.00
2017-03-03,46400.90,46882.10,46312.70,46487.90,32121780224.00,449148846080.00
2017-03-06,46481.00,47138.50,46481.00,47044.90,33278873600.00,478565859328.00
2017-03-07,47085.80,47524.40,47073.60,47327.00,34094721024.00,495154626560.00
2017-03-08,47290.70,47583.50,46862.80,47045.60,32102914048.00,455318011904.00
2017-03-09,46913.10,47106.00,46362.20,46567.30,32745400320.00,450007302144.00
2017-03-10,46527.50,46742.90,46087.00,46207.80,28346593280.00,417562689536.00
2017-03-13,46175.70,46746.90,46086.40,46746.90,32867940352.00,474231504896.00
2017-03-14,46741.00,47175.30,46434.00,46613.40,30774398976.00,459636768768.00
2017-03-15,46489.90,46806.70,46262.80,46410.10,30010243072.00,442279002112.00
2017-03-16,46580.40,47518.60,46580.40,47518.60,37487276032.00,550044827648.00
2017-03-17,47579.40,48110.60,47578.90,47813.30,40366804992.00,599876632576.00
2017-03-20,47861.30,48313.80,47606.90,48042.70,33942568960.00,495433482240.00
2017-03-21,48005.10,48354.80,47906.00,48216.50,32179650560.00,496080322560.00
2017-03-22,47881.80,48512.50,47854.50,48451.40,37110509568.00,545495678976.00
2017-03-23,48535.10,49041.00,48280.70,49028.80,37857079296.00,578413789184.00
2017-03-24,48997.80,49714.30,48996.60,49714.30,40381374464.00,562080972800.00
2017-03-27,49752.60,50381.30,49752.60,49877.70,38028009472.00,536852332544.00
2017-03-28,49807.20,50094.20,49284.10,49339.90,31969185792.00,465572691968.00
2017-03-29,49342.90,49658.30,49186.20,49223.50,40026578944.00,539523383296.00
2017-03-30,49049.20,49459.50,48789.60,48957.50,45574152192.00,581675450368.00
2017-03-31,48946.10,49341.70,48412.80,48739.80,35533029376.00,463296790528.00
2017-04-05,48997.10,50495.70,48997.10,50495.70,44891734016.00,575635783680.00
2017-04-06,50595.90,51263.90,50578.30,51187.80,43573764096.00,552738488320.00
2017-04-07,51124.70,51760.00,51124.00,51649.20,44063596544.00,565991309312.00
2017-04-10,51630.50,52501.80,51630.50,52209.60,47158706176.00,625176805376.00
2017-04-11,52148.50,54190.60,52148.50,54190.60,54783778816.00,709653692416.00
2017-04-12,54101.30,55030.50,54101.30,54385.60,52482109440.00,652689342464.00
2017-04-13,54196.40,54913.60,54099.00,54262.90,41175339008.00,492766068736.00
2017-04-14,54330.00,54485.10,53188.00,53352.70,43244630016.00,510686756864.00
2017-04-17,52931.80,53525.30,52014.00,52356.30,40643252224.00,499987251200.00
2017-04-18,52339.10,52666.30,51432.10,51549.10,37249826816.00,467491946496.00
2017-04-19,51253.90,51442.10,50638.50,51060.60,41117356032.00,493102432256.00
2017-04-20,51070.50,51419.10,50175.30,50591.30,36382806016.00,464559046656.00
2017-04-21,50547.70,50786.30,49241.40,49366.60,30885126144.00,382248714240.00
2017-04-24,49220.80,49220.80,47629.70,47714.10,34578907136.00,411530559488.00
2017-04-25,47791.10,48268.00,47287.10,47384.70,30703237120.00,386603581440.00
2017-04-26,47264.20,47820.60,47202.60,47427.50,33448452096.00,430302494720.00
2017-04-27,47190.30,48071.50,47030.90,47991.00,41560387584.00,520506638336.00
2017-04-28,47828.30,48498.90,47647.90,47771.60,32686096384.00,416126468096.00
2017-05-02,47695.10,48092.50,47201.30,47355.60,31162550272.00,401313464320.00
2017-05-03,47281.40,47538.20,46563.00,46681.80,33133895680.00,431024046080.00
2017-05-04,46422.60,46966.30,46225.90,46345.70,35359019008.00,452836360192.00
2017-05-05,46097.70,46438.60,45391.00,45464.70,34164301824.00,436197621760.00
2017-05-08,45234.50,45434.00,44071.30,44148.90,34417733632.00,418893037568.00
2017-05-09,43855.60,44310.20,43554.80,43768.20,27340795904.00,347894251520.00
2017-05-10,43743.60,44092.20,42610.40,42686.70,31651356672.00,402168283136.00
2017-05-11,42407.80,43010.70,41812.80,43010.70,36408606720.00,426629758976.00
2017-05-12,42913.30,43119.30,42486.00,42666.30,30023258112.00,373342601216.00
2017-05-15,42799.10,43077.30,42141.00,42193.40,26834513920.00,349309206528.00
2017-05-16,42005.80,43360.90,41970.60,43360.90,36099964928.00,460372738048.00
2017-05-17,43403.80,44271.90,43403.80,43727.80,36023562240.00,473133645824.00
2017-05-18,43240.20,43849.20,42733.60,42918.30,30850607104.00,399830810624.00
2017-05-19,42941.80,43155.60,42156.40,42285.00,27281436672.00,353654145024.00
2017-05-22,42135.20,42481.70,41125.70,41373.60,31090653184.00,386825879552.00
2017-05-23,41243.50,41527.80,40461.30,40642.00,34745135104.00,420409802752.00
2017-05-24,40287.30,41076.50,40043.80,40556.70,28413270016.00,342084943872.00
2017-05-25,40398.40,41235.80,40096.20,41235.80,36511064064.00,428462080000.00
2017-05-26,41280.10,41862.10,40965.00,41057.70,31131457536.00,379314962432.00
2017-05-31,41547.80,41876.10,40803.90,40892.50,30923638784.00,388731305984.00
2017-06-01,40673.60,40853.80,39840.20,39999.10,31783342080.00,381755097088.00
2017-06-02,39786.10,40160.10,39562.90,40105.30,29049425920.00,341020868608.00
2017-06-05,40128.60,40584.60,39751.50,39829.30,26697916416.00,321814134784.00
2017-06-06,39654.20,39918.90,39073.20,39367.20,24132073472.00,297662021632.00
2017-06-07,39409.20,40871.60,39397.70,40871.60,36773859328.00,455444299776.00
2017-06-08,40789.60,41344.20,40789.60,41130.60,33338640384.00,426209280000.00
2017-06-09,41100.80,41532.90,41100.80,41388.70,32334860288.00,405131231232.00
2017-06-12,41150.60,41668.10,40858.80,40978.80,30360344576.00,386933129216.00
2017-06-13,40883.10,41339.20,40883.10,41195.80,28256991232.00,356786208768.00
2017-06-14,41103.90,41495.60,40819.40,40936.50,29938331648.00,382165319680.00
2017-06-15,40876.70,41562.40,40876.70,41462.80,32513083392.00,412862971904.00
2017-06-16,41410.20,41684.10,41047.80,41121.40,28682272768.00,362968809472.00
2017-06-19,41113.20,41466.00,40925.00,41151.10,28242339840.00,350737694720.00
2017-06-20,41271.90,41516.10,41096.90,41267.20,31613487104.00,398241169408.00
2017-06-21,41380.00,41759.30,41071.20,41461.40,30200621056.00,392011251712.00
2017-06-22,41386.00,41912.20,41382.50,41582.70,38074744832.00,477707534336.00
2017-06-23,41479.60,41856.00,41108.80,41856.00,32563605504.00,405070282752.00
2017-06-26,41906.90,42938.00,41906.90,42938.00,35036749824.00,438835314688.00
2017-06-27,42899.60,43327.90,42699.10,42896.60,30846392320.00,382672306176.00
2017-06-28,42803.40,42995.50,42326.50,42446.80,30014572544.00,371458932736.00
2017-06-29,42499.70,42748.30,42205.00,42353.80,27796856832.00,351231574016.00
2017-06-30,42164.40,42402.10,41835.50,41983.40,26528978944.00,337622106112.00
2017-07-03,42085.20,42291.50,41956.40,42170.30,29648076800.00,369479680000.00
2017-07-04,42139.80,42430.60,41851.60,42022.90,30166804480.00,383792054272.00
2017-07-05,41951.80,42601.50,41951.80,42601.50,31738112000.00,409642926080.00
2017-07-06,42560.10,43331.00,42560.10,43331.00,37669765120.00,476124643328.00
2017-07-07,43245.40,43957.00,43245.40,43957.00,37093539840.00,465997266944.00
2017-07-10,43895.30,44642.90,43895.30,44464.10,41086185472.00,500297728000.00
2017-07-11,44371.00,44838.60,44233.60,44376.00,37518675968.00,456986001408.00
2017-07-12,44400.90,44731.10,44155.20,44731.10,37511983104.00,448226197504.00
2017-07-13,44693.40,45090.20,44669.20,44958.90,36706828288.00,437722447872.00
2017-07-14,44849.00,45205.00,44352.90,44615.80,32059011072.00,385209303040.00
2017-07-17,44467.40,44861.60,43219.00,44289.50,50972848128.00,568984862720.00
2017-07-18,44076.10,44780.00,44076.10,44780.00,36604137472.00,411959492608.00
2017-07-19,44701.70,46579.30,44701.70,46579.30,48585297920.00,524105547776.00
2017-07-20,46489.50,47517.50,46489.50,47328.20,43600781312.00,502896558080.00
2017-07-21,47190.70,47792.30,47099.80,47303.50,38405128192.00,443732590592.00
2017-07-24,47229.70,48069.10,47229.70,47892.30,42956050432.00,492487376896.00
2017-07-25,47812.80,48242.50,47283.40,47595.30,38505582592.00,434024087552.00
2017-07-26,47708.00,47939.50,47319.30,47685.40,40655020032.00,460432080896.00
2017-07-27,47616.60,48593.20,47506.30,48593.20,47845167104.00,552080441344.00
2017-07-28,48433.40,48994.70,48433.40,48646.20,38804217856.00,458542874624.00
2017-07-31,48673.20,49817.30,48673.20,49817.30,48185778176.00,540017524736.00
2017-08-01,49800.80,50554.30,49800.80,50334.30,46955708416.00,541536550912.00
2017-08-02,50482.90,51227.60,50482.90,50945.50,51460710400.00,584180695040.00
2017-08-03,50796.60,51690.30,50767.30,51100.20,45797822464.00,521810673664.00
2017-08-04,51109.20,51844.30,51056.70,51128.60,51274981376.00,566551511040.00
2017-08-07,51134.90,51700.30,51066.80,51348.00,42405527552.00,459264688128.00
2017-08-08,51384.30,52005.30,51254.60,51553.60,48052359168.00,526693007360.00
2017-08-09,51543.10,51896.80,51326.60,51724.00,44832083968.00,496948477952.00
2017-08-10,51485.60,52020.40,51237.10,51423.60,45890269184.00,523513659392.00
2017-08-11,50861.10,51469.70,50085.90,50357.30,48549163008.00,535478992896.00
2017-08-14,50529.90,51136.20,50490.40,51136.20,39235088384.00,471761944576.00
2017-08-15,51124.60,51692.80,50797.20,50979.40,37202821120.00,454906642432.00
2017-08-16,50922.80,51097.90,50642.40,50841.60,39347163136.00,490804248576.00
2017-08-17,51054.50,51475.30,51054.50,51416.80,42685489152.00,525031505920.00
2017-08-18,50988.70,51609.90,50856.60,50996.00,38863757312.00,479577899008.00
2017-08-21,51186.50,51656.80,50989.20,51162.60,37237252096.00,455278034944.00
2017-08-22,51105.80,51390.80,50581.80,50792.00,37767987200.00,484376707072.00
2017-08-23,50617.30,50961.70,49767.30,49868.60,35049271296.00,430708883456.00
2017-08-24,49895.90,49970.30,48696.00,48858.20,32525885440.00,407398219776.00
2017-08-25,48886.90,49413.60,48886.90,49413.60,37981663232.00,465830281216.00
2017-08-28,49684.60,51393.30,49684.60,51393.30,48968671232.00,640363659264.00
2017-08-29,51319.80,52124.90,51293.50,51520.70,42783285248.00,564890959872.00
2017-08-30,51521.60,52191.00,51521.60,52085.50,45160415232.00,560703406080.00
2017-08-31,52099.80,52522.60,52099.80,52400.00,42749304832.00,545435844608.00
2017-09-01,52346.80,53505.00,52346.80,53505.00,51836981248.00,640298254336.00
2017-09-04,53609.40,54508.00,53609.40,54508.00,52052324352.00,645909118976.00
2017-09-05,54436.70,54903.10,54388.80,54550.30,44203417600.00,562153783296.00
2017-09-06,54373.10,55090.00,54261.80,55079.10,46526853120.00,600722112512.00
2017-09-07,55090.80,55698.70,54966.10,55103.50,47189745664.00,628231962624.00
2017-09-08,55164.60,55669.80,54689.60,55058.60,41607368704.00,552126906368.00
2017-09-11,55137.80,55916.80,55137.80,55875.60,44616921088.00,589100417024.00
2017-09-12,56033.70,57248.80,56033.70,57062.20,56948174848.00,756392919040.00
2017-09-13,56984.70,57491.90,56772.80,57018.50,41112604672.00,539021213696.00
2017-09-14,57012.20,57567.10,56584.40,56821.50,45776347136.00,585614098432.00
2017-09-15,56695.70,57011.80,55999.10,56201.80,44650029056.00,564811202560.00
2017-09-18,56184.50,56975.90,55933.20,56242.10,39576522752.00,515795353600.00
2017-09-19,56282.80,56554.40,55357.30,55667.20,40359579648.00,523402903552.00
2017-09-20,55597.30,56052.40,55594.80,55978.00,41209507840.00,541181247488.00
2017-09-21,55968.60,56315.10,55133.70,55154.50,41820438528.00,552040529920.00
2017-09-22,54877.20,55259.30,54177.30,54334.60,37285429248.00,486869696512.00
2017-09-25,54203.20,54492.10,52880.20,53025.10,35250728960.00,467914096640.00
2017-09-26,53047.10,53308.30,51901.60,52235.20,29978451968.00,401072848896.00
2017-09-27,52225.00,52640.60,51809.40,51893.40,31270699008.00,417688649728.00
2017-09-28,51806.90,52018.20,51051.20,51108.90,33148884992.00,441014812672.00
2017-09-29,51252.80,51615.40,50626.10,50835.40,32518717440.00,433911037952.00
2017-10-09,51905.80,52399.40,51776.20,51952.40,40712130560.00,537610420224.00
2017-10-10,51932.40,52456.90,51931.90,52406.50,39306379264.00,541763829760.00
2017-10-11,52336.90,52927.00,52333.90,52485.90,41043550208.00,567881564160.00
2017-10-12,52428.00,52756.70,51695.40,52172.40,35958784000.00,480860569600.00
2017-10-13,52181.40,52405.50,51830.60,52012.20,33430941696.00,458283646976.00
2017-10-16,51986.70,52416.30,51546.90,51568.70,40971030528.00,545349468160.00
2017-10-17,51453.90,51678.70,50520.90,50661.20,28201293824.00,389108596736.00
2017-10-18,50715.40,50842.80,49611.40,49927.40,33520128000.00,441597624320.00
2017-10-19,49835.30,50023.40,48958.50,49155.50,34023340032.00,432937762816.00
2017-10-20,49064.00,49467.10,48626.60,48771.50,27073529856.00,362210066432.00
2017-10-23,48806.10,49097.20,48301.20,48396.30,28466610176.00,383333892096.00
2017-10-24,48282.90,48600.20,47682.00,47916.60,29568860160.00,406828482560.00
2017-10-25,47880.80,48243.20,47464.20,47724.10,28242499584.00,388967530496.00
2017-10-26,47680.40,48585.10,47665.70,48460.30,36670271488.00,511659606016.00
2017-10-27,48408.20,48858.50,48168.40,48342.80,34643025920.00,462693793792.00
2017-10-30,48261.10,48710.70,47890.50,48406.40,43048566784.00,561753686016.00
2017-10-31,48314.50,48776.30,48210.10,48585.70,30875795456.00,431463006208.00
2017-11-01,48574.10,49263.20,48568.60,48752.60,34282264576.00,481382367232.00
2017-11-02,48641.50,49039.00,48213.00,48351.90,34723725312.00,469586477056.00
2017-11-03,48277.90,48667.50,47590.30,48091.60,35167285248.00,464927391744.00
2017-11-06,48092.70,48797.30,48092.70,48797.30,33242347520.00,464461299712.00
2017-11-07,48825.80,49654.90,48825.80,49650.20,38335160320.00,525270908928.00
2017-11-08,49548.10,50472.30,49547.70,50259.00,39466713088.00,557823361024.00
2017-11-09,50257.50,50688.10,50053.00,50538.00,34389098496.00,481616101376.00
2017-11-10,50440.20,51391.20,50440.20,51391.20,39287009280.00,567477731328.00
2017-11-13,51415.90,52473.80,51415.90,52473.80,41735827456.00,595891191808.00
2017-11-14,52412.50,53044.10,52333.10,52694.00,41346387968.00,603044380672.00
2017-11-15,52433.90,52908.40,52017.30,52185.10,34742181888.00,523872993280.00
2017-11-16,52104.80,52665.40,51977.40,52166.10,33603672064.00,490340352000.00
2017-11-17,52059.40,52552.10,51558.60,52024.10,48515153920.00,645498863616.00
2017-11-20,51732.20,52601.10,51353.00,52588.80,35945582592.00,488886632448.00
2017-11-21,52426.70,53542.30,52426.70,53488.10,39738814464.00,562115575808.00
2017-11-22,53543.20,54394.40,53400.80,53925.70,40967294976.00,565548351488.00
2017-11-23,53669.00,54099.70,52453.90,52686.30,41088409600.00,554006478848.00
2017-11-24,52485.50,53152.40,52042.40,52124.00,31864109056.00,439792631808.00
2017-11-27,51967.70,52136.20,50575.80,50769.40,33021716480.00,431002648576.00
2017-11-28,50694.70,51215.10,50117.90,50629.40,28373661696.00,371104219136.00
2017-11-29,50673.60,50870.60,50172.40,50558.70,35643383808.00,456684240896.00
2017-11-30,50325.50,50847.30,49334.70,49560.50,30614077440.00,402230345728.00
2017-12-01,49533.90,50126.10,49127.60,49210.70,28706506752.00,387337289728.00
2017-12-04,49145.30,49553.60,48411.70,48514.80,30487238656.00,406974169088.00
2017-12-05,48390.00,48661.10,47614.60,48048.50,38516477952.00,482251964416.00
2017-12-06,47885.40,48313.00,46925.70,47966.20,30985379840.00,393068150784.00
2017-12-07,47749.40,48058.00,46649.70,46791.10,26721718272.00,349735059456.00
2017-12-08,46676.20,47258.10,46652.40,46736.10,27906199552.00,372641529856.00
2017-12-11,46888.20,47440.70,46886.30,47181.20,29010149376.00,401742495744.00
2017-12-12,47144.40,47375.10,46144.90,46168.70,27529334784.00,378380550144.00
2017-12-13,46073.30,46327.10,45519.60,45832.90,24543524864.00,335850471424.00
2017-12-14,45779.70,45975.90,45089.70,45267.30,26626600960.00,357885673472.00
2017-12-15,45129.10,45317.10,44245.10,44439.00,28764547072.00,376313446400.00
2017-12-18,44438.30,44714.50,43462.00,43629.70,25644886016.00,342345744384.00
2017-12-19,43645.00,44025.50,43314.60,43522.50,24514627584.00,332674400256.00
2017-12-20,43473.90,43611.80,42839.70,42984.50,27755954176.00,362348347392.00
2017-12-21,42907.20,43434.70,42859.00,43311.60,29261803520.00,384834797568.00
2017-12-22,43259.40,43629.80,42656.80,42759.30,25292654592.00,337099784192.00
2017-12-25,42790.50,43101.40,42192.40,42372.80,29461268480.00,381083844608.00
2017-12-26,42288.40,42560.00,42049.60,42369.70,28210980864.00,364322684928.00
2017-12-27,42284.50,42739.50,41953.50,42105.40,31709274112.00,409831473152.00
2017-12-28,42053.60,42675.70,42053.60,42606.80,33484607488.00,424071659520.00
2017-12-29,42677.50,43081.80,42393.90,42619.40,28105422848.00,365624950784.00
2018-01-02,42740.50,43777.90,42740.50,43777.90,36554072064.00,445202825216.00
2018-01-03,43842.10,45263.10,43827.50,45263.10,41170300928.00,531327778816.00
2018-01-04,45230.10,46140.90,45227.00,46140.90,38688759808.00,496082452480.00
2018-01-05,46160.90,46718.30,46160.90,46649.80,40046411776.00,498659360768.00
2018-01-08,46704.80,47959.80,46704.80,47959.80,43906629632.00,558126923776.00
2018-01-09,47904.50,48450.70,47887.90,48347.00,37509738496.00,482144157696.00
2018-01-10,48319.00,48896.70,48300.50,48741.50,40490721280.00,515994583040.00
2018-01-11,48565.30,49091.90,48543.90,48945.50,36329299968.00,476954525696.00
2018-01-12,48882.70,49390.20,48638.20,48771.00,35964993536.00,460945129472.00
2018-01-15,48705.20,49406.30,48589.40,48970.80,45578170368.00,585290547200.00
2018-01-16,48849.40,50030.20,48849.40,50030.20,40382582784.00,534915645440.00
2018-01-17,49981.80,51144.00,49981.80,50891.50,47404400640.00,609607352320.00
2018-01-18,50904.40,51590.60,50904.40,51134.90,37512884224.00,484496113664.00
2018-01-19,51234.00,52078.60,51221.50,51586.30,43039236096.00,541048995840.00
2018-01-22,51533.80,52560.30,51533.80,52451.00,39792754688.00,516827807744.00
2018-01-23,52588.90,53210.00,52588.90,53123.80,41224781824.00,521071788032.00
2018-01-24,53171.10,54315.60,53171.10,54315.60,46313615360.00,600405770240.00
2018-01-25,54194.50,55074.20,54181.80,54600.30,45651361792.00,580927291392.00
2018-01-26,54403.10,54902.10,54309.10,54502.60,39774347264.00,501571125248.00
2018-01-29,54709.30,55248.00,54052.10,54304.80,43487735808.00,554819780608.00
2018-01-30,54188.00,54531.30,53183.10,53309.30,34387628032.00,437370224640.00
2018-01-31,52927.10,53371.60,52401.80,52660.90,40132149248.00,493639663616.00
2018-02-01,52648.30,52943.30,51728.10,52038.60,48437465088.00,566550003712.00
2018-02-02,51505.00,52520.60,51069.30,52116.40,39205212160.00,462380793856.00
2018-02-05,51587.90,52373.40,51263.10,51931.90,36586905600.00,447098421248.00
2018-02-06,50782.10,51655.30,50446.90,50571.40,47644049408.00,559019327488.00
2018-02-07,51694.30,51905.90,50330.50,50578.40,44563677184.00,526107475968.00
2018-02-08,50300.50,51323.40,49893.20,50269.50,35517632512.00,411592327168.00
2018-02-09,48854.40,49483.50,47829.10,48665.90,44890644480.00,493595590656.00
2018-02-12,49002.50,49599.80,48837.40,48903.90,29783111680.00,349411278848.00
2018-02-13,49334.30,49988.40,48354.60,48392.60,29323300864.00,346871463936.00
2018-02-14,48490.80,48566.10,47002.40,47033.20,20010414080.00,236684165120.00
2018-02-22,47751.40,48255.60,47257.70,47349.10,27444338688.00,324980768768.00
2018-02-23,47370.90,47812.30,46701.50,46801.70,28589127680.00,332379160576.00
2018-02-26,47294.20,47992.70,47253.90,47989.00,38825844736.00,466924437504.00
2018-02-27,47763.70,48236.60,47509.80,47618.90,36967059456.00,460741246976.00
2018-02-28,47054.00,47928.00,47019.20,47397.60,33718059008.00,424555511808.00
2018-03-01,46993.40,47834.50,46993.40,47785.80,34871021568.00,432196517888.00
2018-03-02,47389.80,48177.00,47110.60,47144.10,33510291456.00,416570900480.00
2018-03-05,47368.10,47598.70,46614.90,46855.80,30398730240.00,386109964288.00
2018-03-06,47027.60,47908.60,47022.50,47908.60,40130600960.00,498059444224.00
2018-03-07,47797.30,48346.30,47170.40,47283.60,34740748288.00,428251643904.00
2018-03-08,47278.80,47602.10,46933.80,47197.60,31468965888.00,402793234432.00
2018-03-09,47269.30,48202.10,47269.30,48202.10,40246624256.00,511721308160.00
2018-03-12,48665.60,49972.80,48665.60,49972.80,46745919488.00,606640668672.00
2018-03-13,49838.70,50398.80,49625.10,49734.00,40451289088.00,502088990720.00
2018-03-14,49526.30,50003.60,48984.40,49055.60,35316502528.00,445540368384.00
2018-03-15,48952.80,49340.60,48239.70,48661.00,33573392384.00,434979897344.00
2018-03-16,48693.50,49029.80,47713.30,47741.10,31018893312.00,395787862016.00
2018-03-19,47674.30,48175.50,47212.30,47355.00,30338875392.00,396647497728.00
2018-03-20,46897.80,47474.10,46897.80,47060.10,31682086912.00,401950277632.00
2018-03-21,47260.50,47844.60,46619.10,46833.50,37044178944.00,481281376256.00
2018-03-22,46907.10,47183.40,46238.80,46397.50,32588517376.00,423579549696.00
2018-03-23,44783.50,46179.50,44722.80,45812.30,55693488128.00,634733723648.00
2018-03-26,45274.30,46693.20,45142.30,46693.20,38171033600.00,470652256256.00
2018-03-27,47386.40,48388.10,47386.40,48321.40,41151447040.00,540130836480.00
2018-03-28,47884.90,48818.90,47653.60,47917.50,36797235200.00,499610910720.00
2018-03-29,48230.80,48516.00,48095.60,48504.00,36253515776.00,478688313344.00
2018-03-30,48772.50,49350.60,48754.10,49307.40,36339703808.00,496542711808.00
2018-04-02,49530.10,50547.80,49530.10,50043.20,41608683520.00,574277681152.00
2018-04-03,49255.80,50001.20,49046.30,49476.00,36001751040.00,482760818688.00
2018-04-04,49800.80,50077.10,48800.50,48914.40,33975572480.00,471741595648.00
2018-04-09,48903.50,49334.90,48431.00,48658.60,32495661056.00,436566753280.00
2018-04-10,48789.70,49186.00,48396.50,48890.10,36751093760.00,485003132928.00
2018-04-11,49083.50,49629.10,48851.60,49002.30,36644433920.00,481399767040.00
2018-04-12,48885.60,49206.70,48004.20,48086.60,31961856000.00,428510052352.00
2018-04-13,48421.60,48569.90,47112.30,47173.70,28906983424.00,396150308864.00
2018-04-16,47073.50,47570.50,46534.70,46875.60,34212159488.00,450431844352.00
2018-04-17,47022.30,47236.90,45672.50,45759.70,34909650944.00,466136858624.00
2018-04-18,45856.10,46708.10,45620.40,46664.60,37453803520.00,494192787456.00
2018-04-19,46647.60,47485.40,46638.30,46991.50,36367204352.00,482890842112.00
2018-04-20,46678.00,47213.70,45718.50,45860.80,35152240640.00,447085346816.00
2018-04-23,45893.00,46456.20,44708.60,45212.50,31081771008.00,393570910208.00
2018-04-24,45303.40,46475.10,45303.40,46357.60,35281444864.00,452150558720.00
2018-04-25,46094.80,46812.30,45938.70,46072.00,31038394368.00,419331309568.00
2018-04-26,46016.30,46203.80,44866.20,44963.60,32001044480.00,424805695488.00
2018-04-27,45313.60,45578.00,44717.80,44792.90,29560483840.00,411860860928.00
2018-05-02,44946.20,45384.50,44129.40,44369.70,29439934464.00,384978550784.00
2018-05-03,44251.20,44713.70,43996.20,44713.70,31735820288.00,407233232896.00
2018-05-04,44547.70,44987.40,43946.00,43978.30,26908780544.00,360249917440.00
2018-05-07,44130.10,44906.30,44111.90,44835.20,31271471104.00,421675892736.00
2018-05-08,44866.30,45461.90,44866.30,45251.40,32921952256.00,443497119744.00
2018-05-09,45178.20,45491.60,44514.20,44736.80,29182861312.00,382391255040.00
2018-05-10,44899.10,45145.40,44331.70,44716.70,31355164672.00,412479029248.00
2018-05-11,44804.30,45045.40,44076.70,44122.10,31052781568.00,413944184832.00
2018-05-14,44208.20,44687.20,43708.90,43925.20,29852665856.00,406899949568.00
2018-05-15,44040.60,44274.90,43550.20,44025.40,28208896000.00,377871761408.00
2018-05-16,43837.40,44296.00,43516.90,43603.10,29567787008.00,401651040256.00
2018-05-17,43576.90,43752.30,42683.60,42776.50,26430783488.00,356912988160.00
2018-05-18,42749.40,42920.10,42154.50,42656.90,29072701440.00,375972134912.00
2018-05-21,43053.80,43676.20,43053.80,43494.30,35502727168.00,460956041216.00
2018-05-22,43453.70,43781.30,43264.10,43635.00,32359211008.00,438045114368.00
2018-05-23,43461.70,43928.10,43137.60,43210.00,34386341888.00,460487524352.00
2018-05-24,43196.90,43478.20,42579.30,42704.00,28211912704.00,381970677760.00
2018-05-25,42682.10,42881.10,41960.90,42101.60,30074421248.00,398285963264.00
2018-05-28,42193.50,42553.90,41715.70,41826.70,29789392896.00,397773504512.00
2018-05-29,41723.10,42198.70,41298.90,41389.20,30372859904.00,407386652672.00
2018-05-30,40611.00,41335.30,40292.80,40442.80,35195404288.00,437750267904.00
2018-05-31,40993.60,41377.60,40805.90,41377.60,31306373120.00,406950739968.00
2018-06-01,41132.10,41640.20,40405.40,40642.60,29213040640.00,375217061888.00
2018-06-04,40883.70,41097.60,40260.30,40329.40,25994530816.00,345450807296.00
2018-06-05,40351.90,40889.30,40351.90,40889.30,27118862336.00,370513379328.00
2018-06-06,40816.60,41241.60,40546.10,40657.80,26536181760.00,359742668800.00
2018-06-07,40666.20,41083.40,40131.00,40196.80,27503708160.00,359894908928.00
2018-06-08,40043.70,40227.00,39261.60,39571.20,28608741376.00,353877557248.00
2018-06-11,39477.30,39810.90,38802.70,38929.40,23946639360.00,320691503104.00
2018-06-12,39037.60,39182.90,38770.30,39177.50,25543958528.00,350827577344.00
2018-06-13,39033.50,39415.20,38274.00,38362.10,26211379200.00,342681878528.00
2018-06-14,38135.30,38750.40,37618.90,37759.00,24581085184.00,317157769216.00
2018-06-15,37703.90,37888.20,36937.80,37099.10,30385694720.00,355751165952.00
2018-06-19,36353.90,36819.70,35641.60,36274.20,44375232512.00,473115951104.00
2018-06-20,36031.50,36968.80,35999.90,36711.00,31383312384.00,347951104000.00
2018-06-21,36632.20,37256.00,35930.70,35978.90,32729450496.00,356098146304.00
2018-06-22,35537.40,36512.10,35516.60,36091.80,27830941696.00,299114070016.00
2018-06-25,36475.70,36706.20,35539.80,35582.40,27161456640.00,307709444096.00
2018-06-26,35035.10,36173.40,35035.10,35675.30,28895762432.00,325623382016.00
2018-06-27,35742.60,36047.00,34964.10,35178.30,28809631744.00,326021644288.00
2018-06-28,35017.70,35558.30,34326.10,34428.20,27182907392.00,305933090816.00
2018-06-29,34614.20,35546.40,34511.40,35546.40,30679545856.00,342887071744.00
2018-07-02,35688.10,36049.40,34839.60,35213.50,31804325888.00,357417943040.00
2018-07-03,35322.10,35975.00,34820.60,35975.00,33573529600.00,393677045760.00
2018-07-04,35751.90,36054.50,34898.60,35064.10,29443420160.00,329513959424.00
2018-07-05,35007.50,35319.50,34003.50,34133.60,29266249728.00,315310669824.00
2018-07-06,34137.60,35003.90,33664.90,34481.50,32233275392.00,356207755264.00
2018-07-09,34701.90,35354.00,34660.90,35253.50,28320937984.00,325753733120.00
2018-07-10,35290.10,35747.90,34948.70,35288.30,28065177600.00,325833949184.00
2018-07-11,34542.40,35223.80,34122.60,34601.00,30558703616.00,340917649408.00
2018-07-12,34654.40,36084.10,34654.40,36061.90,35808374784.00,415534022656.00
2018-07-13,36071.80,36519.70,36028.80,36185.20,30445260800.00,365868744704.00
2018-07-16,36210.30,36512.20,35821.10,35931.90,27486570496.00,325223907328.00
2018-07-17,35833.00,35972.70,35091.90,35545.20,26518218752.00,308511211520.00
2018-07-18,35661.00,35930.10,35081.50,35105.50,29597849600.00,337239900160.00
2018-07-19,35132.80,35483.20,34417.60,34549.70,27588155392.00,310777643008.00
2018-07-20,34484.20,35120.30,34379.80,35113.70,31552749568.00,348182052864.00
2018-07-23,34859.60,35997.10,34859.20,35997.10,37277941760.00,410778828800.00
2018-07-24,36107.50,37782.20,36107.50,37782.20,47364653056.00,492530597888.00
2018-07-25,37840.70,38416.20,37828.80,38000.40,38055333888.00,397095337984.00
2018-07-26,38013.60,38323.60,37528.40,37673.10,39717576704.00,380072656896.00
2018-07-27,37641.00,37889.50,36973.90,37023.50,33495089152.00,310520414208.00
2018-07-30,37000.10,37401.10,36168.10,36430.90,32960360448.00,326485540864.00
2018-07-31,36368.50,36626.10,35618.20,35811.90,26660175872.00,272943923200.00
2018-08-01,36021.10,36376.70,35083.70,35152.60,32235403264.00,328280145920.00
2018-08-02,34989.30,35097.30,34044.10,34845.90,38467997696.00,378917421056.00
2018-08-03,34726.80,34990.20,33818.20,33825.70,27949805568.00,284558196736.00
2018-08-06,33667.80,34162.90,32702.60,32931.30,28825305088.00,290711961600.00
2018-08-07,33107.90,33932.00,32871.80,33932.00,32111486976.00,316434317312.00
2018-08-08,33772.80,34123.60,33112.80,33161.90,31892647936.00,305055498240.00
2018-08-09,33080.30,34466.50,32972.20,34277.90,35113226240.00,346826473472.00
2018-08-10,34278.30,34855.50,34038.80,34200.10,28087562240.00,288010928128.00
2018-08-13,33707.30,34290.70,33707.30,34218.90,28802752512.00,300345720832.00
2018-08-14,34139.10,34436.70,33515.90,33588.50,26136416256.00,268244074496.00
2018-08-15,33581.40,33633.40,32489.70,32550.20,27909449728.00,277724856320.00
2018-08-16,32218.60,32986.30,31885.80,31938.30,27680126976.00,270448820224.00
2018-08-17,32289.30,32410.60,30973.10,31084.30,26482239488.00,265282650112.00
2018-08-20,31165.50,31453.70,30507.10,31206.70,26023290880.00,264508784640.00
2018-08-21,31208.80,31851.10,31195.40,31553.50,26175152128.00,280640094208.00
2018-08-22,31472.10,31721.90,30687.60,30712.50,22686629888.00,229129732096.00
2018-08-23,30761.20,31088.00,30410.40,30625.70,23827927040.00,252031614976.00
2018-08-24,30521.10,30730.50,30089.80,30153.70,24074639360.00,239022473216.00
2018-08-27,30257.80,31232.20,30257.80,31232.20,31075551232.00,323041755136.00
2018-08-28,31283.30,31705.30,31097.10,31253.50,28089417728.00,291222913024.00
2018-08-29,31181.80,31387.90,30619.00,30708.20,25412274176.00,246151872512.00
2018-08-30,30719.80,30857.90,29903.00,29967.80,26307078144.00,253277650944.00
2018-08-31,29788.80,30045.10,29298.40,29355.90,24830373888.00,248347459584.00
2018-09-03,29304.40,29373.00,28866.40,29189.20,24716675072.00,242857295872.00
2018-09-04,29145.90,29530.20,28968.90,29517.30,27012831232.00,267733254144.00
2018-09-05,29383.50,29719.20,28873.90,28891.10,27107676160.00,258568536064.00
2018-09-06,28779.40,29253.50,28427.30,28557.10,24322041856.00,249369296896.00
2018-09-07,28560.40,29254.20,28434.20,28578.20,26761717760.00,271902277632.00
2018-09-10,28590.60,28712.00,27890.50,27920.90,25868756992.00,247658774528.00
2018-09-11,27923.40,28149.50,27495.20,27622.00,23550713856.00,220950380544.00
2018-09-12,27594.20,27921.90,27127.10,27192.00,21786009600.00,217626853376.00
2018-09-13,27614.40,27735.50,27074.60,27450.30,26312337408.00,260714954752.00
2018-09-14,27457.20,27704.10,27050.40,27098.20,25979574272.00,250638106624.00
2018-09-17,26857.90,27088.20,26345.30,26356.40,22994475008.00,206667005952.00
2018-09-18,26269.40,26976.40,26176.60,26976.40,27600949248.00,253498114048.00
2018-09-19,26908.40,28054.20,26908.40,27916.40,34170814464.00,319652331520.00
2018-09-20,27918.20,28349.30,27715.70,27785.50,28897359872.00,250283851776.00
2018-09-21,27912.70,28871.20,27830.00,28871.20,35517796352.00,321242136576.00
2018-09-25,28629.90,29241.40,28545.30,28595.00,26171840512.00,242238652416.00
2018-09-26,28689.90,29379.90,28674.60,29229.60,32213987328.00,310139387904.00
2018-09-27,29155.30,29501.40,28941.10,28971.50,31508523008.00,285859971072.00
2018-09-28,29066.90,29315.10,29016.00,29198.30,28935788544.00,262969065472.00
2018-10-08,28591.90,29036.20,28237.20,28307.30,31358486528.00,288624607232.00
2018-10-09,28415.20,28743.90,27951.90,28090.90,25112123392.00,231654588416.00
2018-10-10,28185.60,28440.20,27760.80,27859.50,25243424768.00,235807571968.00
2018-10-11,26859.80,27589.30,26789.90,27063.40,43120300032.00,358114197504.00
2018-10-12,26944.90,27787.60,26693.10,27674.10,37966389248.00,308606435328.00
2018-10-15,27764.60,28185.50,27074.50,27134.10,27577917440.00,238564261888.00
2018-10-16,27162.90,27496.40,26344.70,26522.00,27659630592.00,235807932416.00
2018-10-17,26999.00,27003.00,26155.10,26759.00,30077372416.00,258322333696.00
2018-10-18,26462.80,26737.80,25827.20,25905.80,28741134336.00,239469281280.00
2018-10-19,25485.40,27007.80,25485.40,27007.80,33149519872.00,286734909440.00
2018-10-22,27450.20,29902.70,27450.20,29760.80,46878572544.00,421582602240.00
2018-10-23,29733.20,30314.00,29582.80,29816.10,39897559040.00,357304664064.00
2018-10-24,29746.50,30603.90,29746.50,29967.20,34273949696.00,296929918976.00
2018-10-25,29028.30,30001.20,29016.60,30001.20,35320467456.00,292352360448.00
2018-10-26,30288.60,30727.40,29781.20,29906.80,34291179520.00,282429718528.00
2018-10-29,29795.20,30030.90,29014.70,29142.90,28903239680.00,255230853120.00
2018-10-30,29119.50,30173.60,29036.90,29808.10,35512049664.00,310720462848.00
2018-10-31,29844.10,30771.50,29844.10,30542.70,37457862656.00,314646298624.00
2018-11-01,30919.30,31970.50,30919.30,31565.60,43625172992.00,383072862208.00
2018-11-02,32425.50,33873.40,32425.50,33873.40,49270931456.00,450948530176.00
2018-11-05,33819.50,34739.80,33819.50,34464.10,45291274240.00,393320726528.00
2018-11-06,34285.80,34492.20,33876.00,34116.10,37348716544.00,313702383616.00
2018-11-07,34220.60,34733.80,34017.10,34045.20,39939133440.00,338714296320.00
2018-11-08,34361.00,34438.80,33483.80,33534.40,36840255488.00,296402681856.00
2018-11-09,33300.70,33773.40,32899.20,32912.80,34579845120.00,274105401344.00
2018-11-12,32914.50,33811.90,32869.80,33811.90,42418384896.00,339006554112.00
2018-11-13,33400.90,35365.00,33400.90,35324.50,60226248704.00,455241695232.00
2018-11-14,35294.90,36015.60,35294.90,35634.70,55246184448.00,410658340864.00
2018-11-15,35659.60,36533.80,35659.60,36533.80,48896000000.00,403599720448.00
2018-11-16,36533.40,37783.70,36533.40,37668.20,55887638528.00,475315896320.00
2018-11-19,37703.40,38391.00,37703.40,38343.80,52629139456.00,439775756288.00
2018-11-20,37932.60,38547.60,37491.60,37592.40,50045698048.00,421598429184.00
2018-11-21,37145.30,38091.00,37145.30,37522.70,42326683648.00,346966130688.00
2018-11-22,37689.30,37863.50,36834.30,36861.50,37391024128.00,305145610240.00
2018-11-23,36724.70,36798.30,35356.50,35365.80,45433192448.00,358191661056.00
2018-11-26,35351.30,35705.40,34365.20,34445.50,31867344896.00,254767529984.00
2018-11-27,34740.80,34857.20,33692.50,33831.10,30657593344.00,250857537536.00
2018-11-28,33803.40,34063.90,33501.50,33801.50,36476887040.00,292113154048.00
2018-11-29,34036.60,34279.30,32779.60,32779.60,37935398912.00,310399631360.00
2018-11-30,32722.10,32996.00,32045.70,32576.40,32783980544.00,266917478400.00
2018-12-03,33693.00,34725.10,33632.40,34426.50,47470850048.00,424684158976.00
2018-12-04,34338.00,34863.40,34290.60,34571.80,39337725952.00,330075897856.00
2018-12-05,33933.90,34791.40,33933.90,34234.00,38000201728.00,322039840768.00
2018-12-06,33942.30,34329.30,33328.80,33340.10,35029073920.00,310735831040.00
2018-12-07,33479.60,33618.10,32605.60,32653.70,27628265472.00,240790388736.00
2018-12-10,32428.60,32717.20,31732.90,31748.30,28143644672.00,240541564928.00
2018-12-11,31893.20,32055.40,31137.70,31262.20,26127671296.00,218321616896.00
2018-12-12,31415.70,31578.30,30604.10,30618.30,26564018176.00,222550360064.00
2018-12-13,30709.60,31426.90,30602.20,31050.20,34773094400.00,304663265280.00
2018-12-14,30929.80,31080.70,30162.90,30243.70,34512863232.00,291826073600.00
2018-12-17,30171.80,30452.30,29714.00,29878.60,27660466176.00,238124105728.00
2018-12-18,29696.20,30014.10,29102.80,29219.10,27339091968.00,229839519744.00
2018-12-19,29270.70,29323.10,28281.80,28349.40,25379432448.00,217063145472.00
2018-12-20,28311.00,28650.80,27993.10,28098.30,27363741696.00,231021953024.00
2018-12-21,27981.20,28102.60,27366.90,27570.80,27661633536.00,236103172096.00
2018-12-24,27557.40,27982.90,27257.90,27377.10,24096964608.00,213208793088.00
2018-12-25,27019.60,27350.80,26764.10,27281.50,33687214080.00,275758940160.00
2018-12-26,27259.20,27489.40,26833.40,26859.20,26988087296.00,231240351744.00
2018-12-27,27302.20,27398.40,26463.40,26475.90,31313047552.00,263797211136.00
2018-12-28,26557.20,26902.80,26257.10,26399.80,27478880256.00,239674654720.00
2019-01-02,26701.10,26792.20,26189.10,26202.20,25643390976.00,226129772544.00
2019-01-03,26165.00,26658.80,25918.60,25970.40,29687093248.00,251884142592.00
2019-01-04,25679.80,27252.80,25679.80,27252.80,39998726144.00,322026700800.00
2019-01-07,27498.70,28391.70,27489.00,28391.70,42540306432.00,347059847168.00
2019-01-08,28315.40,28842.20,28314.50,28501.60,38702624768.00,299554242560.00
2019-01-09,28610.00,29682.80,28606.30,29448.90,45801234432.00,378970701824.00
2019-01-10,29433.60,29895.20,29373.90,29493.20,38689828864.00,313204015104.00
2019-01-11,29495.50,29945.40,29495.50,29657.00,36607094784.00,295955595264.00
2019-01-14,29695.60,29951.10,29222.20,29303.40,36046057472.00,283028815872.00
2019-01-15,29224.50,29890.20,29202.40,29890.20,38295941120.00,319383175168.00
2019-01-16,29874.90,30300.10,29821.50,29855.70,36491513856.00,304443949056.00
2019-01-17,29831.20,30064.80,29535.40,29611.80,37224230912.00,293969035264.00
2019-01-18,29689.80,30137.50,29689.80,30107.00,41091964928.00,326431342592.00
2019-01-21,30165.00,30841.90,30165.00,30452.80,36801388544.00,312965693440.00
2019-01-22,30395.10,30585.40,29856.30,29933.20,34070202368.00,278502408192.00
2019-01-23,29815.20,30093.80,29438.90,29510.10,29964259328.00,243855425536.00
2019-01-24,29558.90,29986.20,29533.90,29652.10,35561779200.00,300372066304.00
2019-01-25,29686.20,30020.60,29608.30,29659.60,37095010304.00,312713117696.00
2019-01-28,29881.70,30358.60,29525.10,29563.50,34915422208.00,299639144448.00
2019-01-29,29424.40,29546.30,29110.50,29246.10,36406022144.00,293605769216.00
2019-01-30,29041.80,29395.40,28422.60,28444.00,28345614336.00,237100154880.00
2019-01-31,28507.20,28887.30,28084.10,28313.70,36013846528.00,285585014784.00
2019-02-01,28579.20,28947.40,28536.80,28947.40,31258302464.00,261551308800.00
2019-02-11,29153.10,30185.60,29153.10,30185.60,36600512512.00,319604326400.00
2019-02-12,30176.00,31177.60,30176.00,31158.40,44227276800.00,364894748672.00
2019-02-13,31156.80,33120.10,31144.50,33120.10,56104554496.00,473748275200.00
2019-02-14,33119.20,34098.10,33119.10,34055.50,50632507392.00,417098366976.00
2019-02-15,33948.60,34731.30,33948.60,34479.60,50246553600.00,418036383744.00
2019-02-18,34893.70,37386.50,34893.70,37386.50,65622933504.00,547282124800.00
2019-02-19,37595.80,39311.90,37595.80,39311.90,72444362752.00,605403152384.00
2019-02-20,39336.40,40240.50,39336.40,40149.40,61098385408.00,499013156864.00
2019-02-21,40074.50,41923.00,40059.40,41645.30,72903647232.00,618152198144.00
2019-02-22,41570.70,44234.00,41570.70,44234.00,71743021056.00,621799538688.00
2019-02-25,45412.40,51408.80,45412.40,51408.80,117042790400.00,1039572336640.00
2019-02-26,51694.20,55985.50,51466.50,55295.60,125298130944.00,1096803876864.00
2019-02-27,55142.80,57405.80,55142.80,57195.40,102379675648.00,890591444992.00
2019-02-28,57061.90,58326.40,56931.50,57313.00,77083885568.00,661846360064.00
2019-03-01,57630.20,58506.10,57411.90,58453.80,74492502016.00,664030740480.00
2019-03-04,59365.50,63006.90,59307.60,62606.50,113040580608.00,1045766602752.00
2019-03-05,62280.50,65548.80,62229.80,65548.80,98633383936.00,895916179456.00
2019-03-06,66060.10,69463.80,66060.10,69450.50,124591136768.00,1105579999232.00
2019-03-07,69386.40,73389.30,69278.20,72908.80,126769119232.00,1165905362944.00
2019-03-08,70633.50,74808.70,70433.50,72005.10,128569065472.00,1183357468672.00
2019-03-11,73057.90,75060.40,72895.40,75054.10,98365546496.00,943974318080.00
2019-03-12,75765.70,78478.80,75765.70,78178.70,117348106240.00,1136475373568.00
2019-03-13,78194.80,79154.30,76717.60,77295.20,106796646400.00,1050620526592.00
2019-03-14,76478.90,77728.10,73990.50,74802.90,85420195840.00,812001263616.00
2019-03-15,75552.10,76617.90,74439.00,74879.20,76234244096.00,750021967872.00
2019-03-18,75209.00,76672.70,74673.30,76672.70,83664945152.00,832140476416.00
2019-03-19,76651.60,78133.40,75867.20,76233.90,78188961792.00,775293566976.00
2019-03-20,76023.50,76750.40,74701.80,75671.90,80894926848.00,779560091648.00
2019-03-21,75874.60,77335.20,75797.60,76445.90,92918890496.00,885473804288.00
2019-03-22,76384.00,76883.30,75561.80,76128.70,83167674368.00,801433845760.00
2019-03-25,74687.60,76867.60,74687.60,74868.10,84016234496.00,818941001728.00
2019-03-26,75470.30,75573.10,72337.50,72566.10,80146874368.00,767965986816.00
2019-03-27,73336.40,73439.50,71637.90,72110.70,66777116672.00,664504303616.00
2019-03-28,71650.00,73099.00,70113.20,70153.00,65290653696.00,663436656640.00
2019-03-29,70296.30,72913.10,70195.90,72913.10,80978354176.00,835853418496.00
2019-04-01,73832.20,77377.60,73832.20,77257.70,100447936512.00,1043182321664.00
2019-04-02,77705.20,79492.80,77705.20,78723.00,100316987392.00,1037943439360.00
2019-04-03,78114.40,80041.80,78102.60,80038.40,92072026112.00,932817403904.00
2019-04-04,80577.90,82018.40,80577.90,81344.50,98196529152.00,1004205047808.00
2019-04-08,82251.70,83308.30,81322.30,82304.70,104826724352.00,1066348314624.00
2019-04-09,82011.90,83086.70,81157.70,81857.90,80356081664.00,839788003328.00
2019-04-10,81251.50,82356.40,81088.70,81586.40,85389041664.00,898436497408.00
2019-04-11,81538.00,82134.60,79227.50,79334.60,79657852928.00,816912269312.00
2019-04-12,79324.00,79962.30,77290.50,77632.00,66019094528.00,656874012672.00
2019-04-15,79127.20,80148.00,76469.00,76513.90,75149221888.00,775310475264.00
2019-04-16,75840.60,77971.20,75779.80,77971.20,76907823104.00,790674669568.00
2019-04-17,77975.00,79193.00,77957.00,78249.20,81051336704.00,829807198208.00
2019-04-18,78169.10,78960.20,76790.90,76943.30,74790043648.00,753088266240.00
2019-04-19,76808.30,77667.70,76016.30,76556.60,72413044736.00,720098361344.00
2019-04-22,76843.30,77394.10,74902.00,75151.40,78979375104.00,803874209792.00
2019-04-23,74929.70,75503.30,73172.80,73386.50,73148481536.00,732690972672.00
2019-04-24,73638.80,73905.00,72277.20,72879.50,64511819776.00,651998855168.00
2019-04-25,72376.00,72957.10,69631.90,69719.00,75532361728.00,733039427584.00
2019-04-26,69275.60,70051.70,67784.70,67823.40,62012309504.00,623705063424.00
2019-04-29,67982.10,68028.80,65208.00,65327.90,64802582528.00,645424611328.00
2019-04-30,65016.20,66210.50,64009.20,64323.60,48569315328.00,496305143808.00
2019-05-06,61808.50,62965.20,59697.90,59939.00,68113698816.00,657286627328.00
2019-05-07,60552.40,61444.50,58977.80,59969.60,54951940096.00,537754861568.00
2019-05-08,58629.10,60752.10,58543.00,58647.60,52067627008.00,488542076928.00
2019-05-09,58036.00,58840.80,56536.50,56572.50,44462907392.00,433813127168.00
2019-05-10,57661.80,58884.50,56224.30,58861.00,62852349952.00,609894400000.00
2019-05-13,58642.40,59190.50,57115.80,57214.10,48019197952.00,466044780544.00
2019-05-14,56605.50,57789.30,55707.90,55753.30,46668021760.00,455380369408.00
2019-05-15,56434.10,56804.80,56097.50,56403.20,51904917504.00,512602767360.00
2019-05-16,56366.10,57114.90,55921.80,56043.80,55831191552.00,522031529984.00
2019-05-17,56136.10,56291.50,53795.70,54081.90,61496922112.00,573470146560.00
2019-05-20,54016.40,54458.60,52776.40,53012.90,48404430848.00,462514618368.00
2019-05-21,52985.60,54286.80,52853.70,53367.80,49855512576.00,479310348288.00
2019-05-22,53271.50,54020.60,52120.50,52354.30,48176525312.00,469158559744.00
2019-05-23,52054.10,52329.50,50299.80,50475.00,47601115136.00,464464445440.00
2019-05-24,50369.00,50900.00,48883.00,48901.20,39565352960.00,380759703552.00
2019-05-27,49029.00,49871.70,48527.90,49706.00,46721568768.00,452504059904.00
2019-05-28,49705.60,50467.80,49219.00,49684.70,49944199168.00,499228934144.00
2019-05-29,49465.10,50074.10,49114.00,49173.60,44675604480.00,445801431040.00
2019-05-30,48902.70,49122.50,47870.20,48255.50,46975819776.00,453415763968.00
2019-05-31,48236.50,48957.40,47504.10,47533.70,44373450752.00,437339521024.00
2019-06-03,47790.50,48235.20,46718.10,46760.40,48910802944.00,479023857664.00
2019-06-04,46688.60,46894.60,45178.20,45473.40,42703687680.00,422310117376.00
2019-06-05,46011.30,46017.10,44736.30,44837.90,40566317056.00,407643586560.00
2019-06-06,44695.80,44891.10,43079.80,43226.40,40738738176.00,386545713152.00
2019-06-10,43308.10,43957.80,43072.70,43148.80,37163941888.00,366598619136.00
2019-06-11,43381.40,45783.40,43375.00,45783.40,57650524160.00,565165883392.00
2019-06-12,45577.70,46505.40,45535.50,45574.50,53569802240.00,513251704832.00
2019-06-13,45604.40,46019.40,45417.80,45465.40,48131768320.00,449653473280.00
2019-06-14,45534.20,45834.80,44106.40,44265.80,48881487872.00,448748912640.00
2019-06-17,44263.20,44764.90,43181.80,43264.40,35895304192.00,335588950016.00
2019-06-18,43323.30,43409.00,42175.10,42248.90,34116311040.00,321672314880.00
2019-06-19,43477.60,44270.40,43274.50,43336.40,50574823424.00,503834279936.00
2019-06-20,43308.50,45525.40,43296.20,45515.60,60821995520.00,602739113984.00
2019-06-21,45907.80,47438.50,45907.80,47263.40,63837732864.00,621455933440.00
2019-06-24,47341.80,48008.60,47007.30,47223.20,49670901760.00,494858043392.00
2019-06-25,47081.30,47336.50,46639.70,46956.70,52447072256.00,513137016832.00
2019-06-26,46466.70,47255.90,45929.40,45977.00,39874846720.00,391565836288.00
2019-06-27,46214.60,47133.40,46178.00,46415.40,45418409984.00,475605434368.00
2019-06-28,46289.60,46542.20,45198.30,45387.20,42440040448.00,415313559552.00
2019-07-01,46593.00,47989.00,46489.10,47968.50,58817626112.00,613764300800.00
2019-07-02,47938.60,48888.30,47894.80,48272.80,52084928512.00,538460520448.00
2019-07-03,48142.20,48454.30,47535.70,47775.10,47270457344.00,487926792192.00
2019-07-04,47893.00,48304.10,46879.80,47103.50,42718797824.00,438334619648.00
2019-07-05,47113.60,47275.30,46453.20,46514.70,35572465664.00,374072639488.00
2019-07-08,46244.50,46252.50,45093.50,45115.80,47208665088.00,467895058432.00
2019-07-09,45117.70,45382.00,44273.60,44366.10,33295130624.00,351639568384.00
2019-07-10,44471.40,44546.50,42973.40,43167.80,32248233984.00,331400871936.00
2019-07-11,43471.90,43962.00,42349.20,42459.60,33375733760.00,348292841472.00
2019-07-12,42462.20,42954.50,41801.90,41844.90,32366133248.00,329858973696.00
2019-07-15,41565.10,42901.60,41460.20,42365.60,40898146304.00,422270926848.00
2019-07-16,42253.10,42704.30,41746.50,41816.00,34283900928.00,352301252608.00
2019-07-17,41713.50,42264.20,41456.00,41525.70,38433161216.00,381370433536.00
2019-07-18,41366.90,41550.20,40412.00,40429.70,37205262336.00,362925654016.00
2019-07-19,40703.80,41380.10,40159.30,40241.00,34970542080.00,349816586240.00
2019-07-22,40272.60,40289.70,39049.70,39093.50,38309314560.00,365468876800.00
2019-07-23,39125.30,39526.70,38701.10,38783.10,29017307136.00,300348833792.00
2019-07-24,38948.10,39825.90,38948.10,39147.60,36274364416.00,377422184448.00
2019-07-25,39139.20,39584.20,39008.70,39230.00,35085889536.00,370120687616.00
2019-07-26,39054.90,39476.40,38729.00,38806.40,31979593728.00,332120653824.00
2019-07-29,38812.00,39156.40,38296.70,38386.50,30955362304.00,322879913984.00
2019-07-30,38445.40,39118.40,38258.80,38347.20,34984341504.00,359520043008.00
2019-07-31,38302.30,38567.60,37777.30,37836.40,32081498112.00,333009846272.00
2019-08-01,37582.50,38152.30,37344.40,37472.50,32478849024.00,344709791744.00
2019-08-02,36743.00,37692.90,36732.00,37374.20,40266805248.00,411766063104.00
2019-08-05,37247.10,38038.30,36962.90,37036.60,36321148928.00,381713842176.00
2019-08-06,36354.60,37603.60,36354.60,37393.60,49512251392.00,480931807232.00
2019-08-07,37726.90,38008.70,36954.60,36958.40,34038444032.00,350422663168.00
2019-08-08,37192.00,37628.70,36950.10,37007.10,32105152512.00,338347655168.00
2019-08-09,37273.60,37559.60,36356.70,36454.20,33881372672.00,357797298176.00
2019-08-12,36628.20,37021.30,36472.50,37021.30,31108909056.00,341093711872.00
2019-08-13,36679.40,37164.90,36330.10,36400.70,29766162432.00,319887966208.00
2019-08-14,36892.30,37462.80,36576.10,36667.90,34771488768.00,382125539328.00
2019-08-15,35842.70,36979.00,35842.70,36979.00,36209979392.00,375824842752.00
2019-08-16,36997.90,37818.70,36997.90,37462.00,36609875968.00,412703358976.00
2019-08-19,37950.00,40096.90,37950.00,40096.90,51446566912.00,563572965376.00
2019-08-20,40060.50,41114.70,40060.50,40827.40,48061349888.00,509771677696.00
2019-08-21,40767.00,41320.80,40767.00,41007.10,40430931968.00,437077049344.00
2019-08-22,41167.30,41672.20,41030.00,41201.60,40396013568.00,428905005056.00
2019-08-23,41266.10,41820.60,41235.50,41498.30,41766756352.00,454326845440.00
2019-08-26,41387.00,41995.50,40823.00,41463.10,42491379712.00,451186163712.00
2019-08-27,41778.00,43311.10,41775.70,43163.20,51783884800.00,549000019968.00
2019-08-28,43119.00,43719.30,43119.00,43377.60,46678765568.00,483929063424.00
2019-08-29,43456.60,44114.60,43456.60,43580.40,44856049664.00,467704348672.00
2019-08-30,43846.30,44497.10,43513.20,43865.50,50426908672.00,545293336576.00
2019-09-02,44002.30,45619.50,43982.80,45619.50,50236067840.00,546076786688.00
2019-09-03,45724.20,46500.00,45704.40,46495.10,49520623616.00,547245883392.00
2019-09-04,46399.30,47668.30,46399.30,47668.30,55345475584.00,593926553600.00
2019-09-05,48151.20,50615.80,48151.20,50331.90,73343107072.00,787245301760.00
2019-09-06,50616.20,51499.40,50522.30,51086.20,54600830976.00,622770454528.00
2019-09-09,51707.30,53420.30,51631.90,53420.30,62881472512.00,708621697024.00
2019-09-10,53418.40,54309.70,53389.60,54049.80,62014214144.00,688050536448.00
2019-09-11,54169.60,54878.40,53807.20,53965.30,58002599936.00,635845607424.00
2019-09-12,54189.60,54533.10,53720.10,53935.80,48458174464.00,529382277120.00
2019-09-16,54195.40,54926.20,53836.10,54116.00,53906771968.00,576428441600.00
2019-09-17,53863.50,54174.80,52716.70,52981.80,55025254400.00,580025843712.00
2019-09-18,53382.10,53643.80,52430.50,52530.40,42297839616.00,480378388480.00
2019-09-19,52651.90,53064.10,52189.90,52514.00,42631360512.00,484249862144.00
2019-09-20,52638.20,53239.70,52153.20,52463.20,46191718400.00,541472620544.00
2019-09-23,52208.50,52628.60,51394.00,51793.60,43847446528.00,502666330112.00
2019-09-24,51811.90,52616.30,51712.60,51801.50,44626264064.00,538234519552.00
2019-09-25,51364.40,51778.40,50479.50,50518.90,45215440896.00,516532731904.00
2019-09-26,50524.70,50747.60,48936.40,48971.10,47525048320.00,528479911936.00
2019-09-27,49026.40,49659.10,48333.90,48435.50,34704924672.00,391681802240.00
2019-09-30,48481.80,48807.20,46600.60,46609.60,29861634048.00,340916436992.00
2019-10-08,46854.30,47359.40,45766.00,45800.30,31322728448.00,366447001600.00
2019-10-09,45555.30,46166.20,45260.80,45368.10,31824234496.00,360876277760.00
2019-10-10,45332.70,46057.40,45328.20,45633.50,35605090304.00,415128092672.00
2019-10-11,45744.20,45992.80,45584.70,45644.90,40426864640.00,451466428416.00
2019-10-14,46261.20,47532.70,46259.60,46887.00,49336266752.00,528250929152.00
2019-10-15,46619.50,46965.60,45979.60,46029.70,42154602496.00,453975277568.00
2019-10-16,46234.10,46778.40,45483.90,45527.60,38171066368.00,417102790656.00
2019-10-17,45662.80,46000.60,44655.30,44762.20,32805369856.00,355676487680.00
2019-10-18,44822.90,45112.70,43748.10,43817.70,38640611328.00,408564072448.00
2019-10-21,43837.10,44125.40,42979.10,43246.20,34087720960.00,363951620096.00
2019-10-22,43333.00,43818.00,42815.80,43073.90,32384284672.00,351985434624.00
2019-10-23,43034.30,43316.00,42035.50,42156.70,33738121216.00,358333218816.00
2019-10-24,42121.10,42498.30,41468.80,41558.40,33217351680.00,352301809664.00
2019-10-25,41531.80,41917.30,41494.80,41823.40,36029509632.00,398708703232.00
2019-10-28,42431.70,43647.00,42431.70,43511.20,47048454144.00,510954897408.00
2019-10-29,43503.70,44336.90,43503.70,43628.40,48557760512.00,529689083904.00
2019-10-30,43423.50,44205.90,43235.00,43385.30,42855645184.00,457859301376.00
2019-10-31,43453.30,43931.30,42889.50,42973.10,40265363456.00,441751928832.00
2019-11-01,42806.60,43600.60,42803.10,43498.70,38489530368.00,428556517376.00
2019-11-04,43519.50,44557.70,43519.50,44001.10,40510042112.00,463088451584.00
2019-11-05,44026.10,44752.30,44020.10,44474.60,41574875136.00,470139797504.00
2019-11-06,44414.40,44818.10,43771.70,43982.80,39490424832.00,440402411520.00
2019-11-07,44010.20,44700.30,43776.10,43899.90,35072819200.00,387305766912.00
2019-11-08,44238.90,44534.90,43573.30,43636.90,38113140736.00,438202204160.00
2019-11-11,43254.80,43709.00,42476.60,42600.20,38681751552.00,413083533312.00
2019-11-12,42599.10,42807.20,41921.80,42114.40,33379837952.00,357963038720.00
2019-11-13,42005.30,42275.30,41369.40,41544.70,31171758080.00,351463309312.00
2019-11-14,41547.20,41887.50,41460.90,41524.80,33236676608.00,379032305664.00
2019-11-15,41451.60,41897.60,40797.90,40812.10,34622767104.00,391577337856.00
2019-11-18,40886.50,41444.10,40647.90,40783.50,31405834240.00,351585206272.00
2019-11-19,40770.80,41614.20,40770.80,41471.70,35959492608.00,410167541760.00
2019-11-20,41424.20,42006.10,41021.40,41128.90,36619640832.00,416708558848.00
2019-11-21,40909.80,41464.50,40394.80,40584.60,32386560000.00,352423444480.00
2019-11-22,40687.50,41303.70,40256.10,40460.40,40711925760.00,462852816896.00
2019-11-25,40500.40,41017.80,40165.20,40338.60,40268881920.00,413369368576.00
2019-11-26,40447.90,40842.90,39989.50,40432.10,38579068928.00,388864835584.00
2019-11-27,40279.70,40753.40,39989.40,40062.00,33504940032.00,350479089664.00
2019-11-28,40028.40,40368.00,39158.30,39289.40,30090700800.00,311889461248.00
2019-11-29,39271.90,39612.30,38658.10,38803.10,30539218944.00,336163536896.00
2019-12-02,38911.90,39444.10,38519.30,38606.80,31257667584.00,337178951680.00
2019-12-03,38509.10,38735.50,38277.50,38524.40,31486703616.00,340802207744.00
2019-12-04,38323.60,38971.80,38241.90,38344.90,32581279744.00,349424189440.00
2019-12-05,38488.00,39151.30,38488.00,39094.60,37081694208.00,417438597120.00
2019-12-06,39119.00,39619.30,39119.00,39524.60,36079132672.00,403928088576.00
2019-12-09,39712.20,40459.40,39712.20,40074.00,41340932096.00,450998108160.00
2019-12-10,39937.80,40721.60,39915.10,40721.60,42453635072.00,448839876608.00
2019-12-11,40676.10,41271.10,40676.10,40814.80,43180953600.00,453521047552.00
2019-12-12,40839.90,41332.90,40803.90,40934.90,40537268224.00,438966255616.00
2019-12-13,41390.80,42728.10,41390.80,42728.10,50365501440.00,557519142912.00
2019-12-16,42923.00,44907.10,42923.00,44902.40,56200544256.00,614184714240.00
2019-12-17,44925.00,47724.30,44925.00,47724.30,71491059712.00,741211308032.00
2019-12-18,47712.10,48967.30,47712.10,48916.70,61999808512.00,652959285248.00
2019-12-19,48910.20,49568.30,48910.20,49265.10,55338688512.00,567021731840.00
2019-12-20,49345.80,49862.60,49007.60,49102.20,55801090048.00,561163075584.00
2019-12-23,48809.90,49654.80,48161.60,48225.30,51191345152.00,526202404864.00
2019-12-24,48428.00,48744.40,48281.60,48514.00,42565705728.00,435207667712.00
2019-12-25,48435.60,49237.50,48428.60,48687.40,46415818752.00,492362465280.00
2019-12-26,48667.00,49304.30,48487.60,48938.70,47323590656.00,492813910016.00
2019-12-27,49127.30,50090.60,49127.30,49388.80,59684982784.00,622056964096.00
2019-12-30,49098.80,50653.30,49089.10,50628.80,56891744256.00,602598801408.00
2019-12-31,50583.00,51490.80,50583.00,51001.40,49818243072.00,525638828032.00
2020-01-02,51531.30,53802.30,51531.30,53802.30,68300898304.00,741950357504.00
2020-01-03,54080.50,55269.80,54080.50,55070.80,63313883136.00,685537886208.00
2020-01-06,54786.50,57290.50,54786.50,57276.80,74908229632.00,791898685440.00
2020-01-07,57474.10,58835.70,57474.10,58835.70,68802412544.00,720159768576.00
2020-01-08,58555.90,59804.90,58555.90,59106.00,75665268736.00,765523984384.00
2020-01-09,59757.80,60898.80,59757.80,60515.20,63678787584.00,693503131648.00
2020-01-10,60810.10,61233.00,60259.30,60325.00,56328794112.00,629222866944.00
2020-01-13,60360.70,61427.40,60360.70,61427.40,55301746688.00,656123166720.00
2020-01-14,61693.10,62553.90,61419.80,61501.20,60356366336.00,686414036992.00
2020-01-15,61330.60,61821.20,60856.00,61008.30,53075505152.00,599341400064.00
2020-01-16,61100.90,61669.00,60468.80,60555.20,51793985536.00,596479311872.00
2020-01-17,60740.00,61267.60,59829.70,59925.50,48896262144.00,581177114624.00
2020-01-20,60295.90,61342.60,60295.90,61147.40,53563101184.00,653078495232.00
2020-01-21,61003.40,61884.80,60671.80,60735.30,56877965312.00,669474947072.00
2020-01-22,60339.10,61863.60,60215.50,61657.50,57065209856.00,684627460096.00
2020-01-23,61179.80,62472.10,60108.70,60942.50,67043155968.00,784715350016.00
2020-02-03,56017.40,57499.60,55619.90,55712.10,40495149056.00,496507518976.00
2020-02-04,54701.60,59137.60,54701.60,59061.50,86933250048.00,884408057856.00
2020-02-05,59411.70,62641.80,59411.70,62096.00,75783987200.00,840678506496.00
2020-02-06,62106.20,65553.70,62001.50,65553.70,79114469376.00,884188250112.00
2020-02-07,65503.30,67457.80,65494.40,67315.40,79284125696.00,896905641984.00
2020-02-10,67120.30,69100.70,67120.30,68670.60,75922333696.00,855416045568.00
2020-02-11,68793.70,69499.10,68366.70,68438.40,68153503744.00,759190388736.00
2020-02-12,68170.00,69636.40,68170.00,69633.00,66368270336.00,762266583040.00
2020-02-13,69683.30,70955.50,69455.30,69480.00,72349368320.00,835835527168.00
2020-02-14,69483.80,70863.50,69068.40,69655.50,66209357824.00,782309457920.00
2020-02-17,70305.00,72839.50,70305.00,72839.50,78874968064.00,908975800320.00
2020-02-18,72973.90,74884.50,72973.90,74884.50,83429777408.00,968271593472.00
2020-02-19,74757.30,76455.00,74750.60,75175.60,84757127168.00,1009158782976.00
2020-02-20,75600.60,78167.30,75600.60,78167.30,89247080448.00,1042609405952.00
2020-02-21,78205.50,81349.00,78205.50,80806.30,95977013248.00,1137942200320.00
2020-02-24,80886.80,84008.10,80886.80,83884.60,98601549824.00,1194488233984.00
2020-02-25,82070.60,87280.30,82070.60,87248.20,116644691968.00,1385670377472.00
2020-02-26,85953.70,88583.10,85708.40,86180.10,114975834112.00,1283521511424.00
2020-02-27,86851.20,88076.10,85942.50,86119.50,89674555392.00,1021913530368.00
2020-02-28,83105.20,85271.60,82145.50,82353.00,100610277376.00,1101537345536.00
2020-03-02,84082.90,86455.60,83837.50,85766.40,89416613888.00,1004766363648.00
2020-03-03,87320.40,89999.00,86882.60,87530.20,100602478592.00,1148159393792.00
2020-03-04,86907.00,88521.60,85947.00,87406.10,86246899712.00,970288791552.00
2020-03-05,88985.20,90216.90,88721.90,89745.20,103351910400.00,1150891589632.00
2020-03-06,88580.00,90504.70,88339.00,88388.80,89719431168.00,940409356288.00
2020-03-09,86875.80,88397.50,85380.30,85422.80,99478323200.00,1067054202880.00
2020-03-10,85257.90,88464.60,84584.50,88088.40,96996835328.00,1060593205248.00
2020-03-11,88370.10,89602.00,86169.30,86171.30,87736082432.00,954500579328.00
2020-03-12,84717.90,85971.50,82662.70,83424.20,77012738048.00,824142266368.00
2020-03-13,79311.40,84251.00,79311.40,82702.50,89131597824.00,948531691520.00
2020-03-16,83342.20,83625.20,78446.50,78721.60,86859988992.00,946101747712.00
2020-03-17,80222.70,80304.40,76983.60,78081.70,75173904384.00,802345123840.00
2020-03-18,78804.90,80068.90,76116.30,76116.30,74030260224.00,820869464064.00
2020-03-19,76297.30,76919.30,74750.80,76297.80,73115148288.00,807720452096.00
2020-03-20,77361.90,77768.90,75285.20,75876.50,62924222464.00,703649284096.00
2020-03-23,73611.80,74714.70,71129.20,71381.40,63464505344.00,673201979392.00
2020-03-24,73049.40,73497.40,70108.60,71983.80,65262891008.00,700149923840.00
2020-03-25,73793.70,74708.00,73256.10,73330.40,68708937728.00,738702262272.00
2020-03-26,72895.80,73778.80,71240.90,71306.60,60467003392.00,631342759936.00
2020-03-27,72305.60,72348.00,69662.30,69711.10,58316382208.00,623118843904.00
2020-03-30,68659.10,68929.20,67279.00,67502.30,59370729472.00,621899415552.00
2020-03-31,68236.80,68429.30,66223.10,66283.40,53191630848.00,552892956672.00
2020-04-01,66269.10,67334.40,64797.30,64931.90,54827933696.00,575902842880.00
2020-04-02,64743.30,65649.30,64445.60,65649.30,54366228480.00,586471309312.00
2020-04-03,65442.00,66296.30,63990.20,64075.40,51868426240.00,562917605376.00
2020-04-07,65570.50,66778.40,65497.70,66314.50,66949861376.00,722093211648.00
2020-04-08,65918.50,67049.10,65576.50,65771.80,63832813568.00,665458835456.00
2020-04-09,66180.30,66702.30,65506.30,65627.30,61327147008.00,643473670144.00
2020-04-10,65534.40,66161.80,63631.80,63727.50,62563618816.00,661026570240.00
2020-04-13,63570.30,63749.00,61637.80,61748.50,47336321024.00,491779260416.00
2020-04-14,62241.80,62793.40,62107.30,62590.80,53084880896.00,582260621312.00
2020-04-15,62572.10,63535.40,61962.00,61999.30,58284449792.00,631922819072.00
2020-04-16,61633.40,62768.20,61633.40,61807.10,54966579200.00,586159161344.00
2020-04-17,62446.50,63542.90,62248.50,62356.70,64426795008.00,727988305920.00
2020-04-20,62550.20,63490.90,62449.80,62699.20,54670348288.00,605358391296.00
2020-04-21,62331.40,62926.10,61798.90,62015.60,58838069248.00,638500012032.00
2020-04-22,61406.20,62498.30,61389.30,61992.90,55789223936.00,594007031808.00
2020-04-23,62222.00,62708.60,61365.90,61455.60,62709018624.00,656111894528.00
2020-04-24,61443.20,61806.10,59690.00,59934.80,60401463296.00,611524214784.00
2020-04-27,60236.20,60773.40,59119.30,59159.00,52702326784.00,542987026432.00
2020-04-28,59201.50,59995.00,57881.10,59044.10,63337648128.00,655875571712.00
2020-04-29,58743.10,59866.40,58134.90,58208.00,48882094080.00,520328151040.00
2020-04-30,58768.20,60303.10,58767.70,59934.60,58582339584.00,661699493888.00
2020-05-06,59567.90,61739.30,59567.90,61739.30,59389722624.00,696723439616.00
2020-05-07,61768.40,62611.20,61369.10,61448.60,56678227968.00,644528406528.00
2020-05-08,61940.60,62848.20,61850.40,62208.50,57605767168.00,666268598272.00
2020-05-11,62700.70,63513.30,61946.00,62302.80,56995004416.00,665295716352.00
2020-05-12,62198.40,62720.30,61475.30,61878.20,50148384768.00,581578915840.00
2020-05-13,61528.30,62245.30,61379.10,61456.20,47890640896.00,562230525952.00
2020-05-14,61063.40,61669.00,60293.70,60386.30,51756040192.00,589288701952.00
2020-05-15,60864.90,61256.20,60319.30,60410.30,50138013696.00,605290758144.00
2020-05-18,60602.90,61571.90,60226.10,60437.60,58215591936.00,704788627456.00
2020-05-19,60978.80,61668.10,60713.10,60968.10,50199220224.00,615923318784.00
2020-05-20,60930.50,61750.20,60130.30,60396.70,54986117120.00,657830510592.00
2020-05-21,60618.60,60822.50,59110.90,59275.60,51940036608.00,601296601088.00
2020-05-22,59142.20,59525.60,57737.70,57750.20,50415378432.00,571912159232.00
2020-05-25,57627.70,58201.90,56442.40,56573.30,41055543296.00,473958449152.00
2020-05-26,56907.70,57801.80,56875.30,57159.80,44029845504.00,509113794560.00
2020-05-27,57186.50,57525.70,56117.90,56283.00,48661696512.00,551443759104.00
2020-05-28,56255.00,56865.10,55361.80,55847.90,50001809408.00,556875120640.00
2020-05-29,55612.50,56781.80,55558.30,55981.60,49646096384.00,549187977216.00
2020-06-01,56697.50,58988.30,56697.50,58970.10,64491339776.00,735214108672.00
2020-06-02,59226.90,60316.30,59226.90,59948.20,67026608128.00,745568141312.00
2020-06-03,60207.90,61333.80,60159.20,60837.80,66917568512.00,750995111936.00
2020-06-04,60960.40,61590.20,60397.70,60543.90,57947017216.00,623788687360.00
2020-06-05,60670.30,61264.20,60165.10,60378.20,55472492544.00,607372050432.00
2020-06-08,60927.60,61883.60,60484.00,60613.90,58297487360.00,659526057984.00
2020-06-09,60711.00,61442.00,60509.80,60713.70,53439811584.00,598327558144.00
2020-06-10,60631.50,61213.50,60327.20,60497.90,52123656192.00,592233234432.00
2020-06-11,60434.00,61566.10,60433.80,60745.00,58480807936.00,696260886528.00
2020-06-12,59470.40,61399.40,59470.40,61222.50,58549010432.00,676948279296.00
2020-06-15,61263.60,62815.90,61263.60,61701.80,62735171584.00,736341590016.00
2020-06-16,62439.80,63360.50,62388.40,63066.50,57663660032.00,686472626176.00
2020-06-17,63136.90,64040.10,63115.90,63540.80,61159899136.00,712596979712.00
2020-06-18,63552.30,64558.80,63531.10,64064.00,63238475776.00,734159372288.00
2020-06-19,64080.40,65310.80,64073.80,65310.80,61919297536.00,755535839232.00
2020-06-22,65626.10,67080.90,65626.10,66463.00,63954026496.00,794510295040.00
2020-06-23,66393.40,67291.60,66282.90,66898.90,56849981440.00,729306890240.00
2020-06-24,67051.30,67804.20,66741.00,66787.30,52756852736.00,697085919232.00
2020-06-29,66704.60,67731.20,66260.30,66511.10,54227677184.00,690670993408.00
2020-06-30,67028.50,68137.90,66977.10,67898.50,53652656128.00,717553598464.00
2020-07-01,68125.30,69690.80,68125.30,69690.80,66138849280.00,873854074880.00
2020-07-02,69684.70,73316.90,69684.70,73316.90,86736576512.00,1047364108288.00
2020-07-03,73786.40,77307.80,73776.00,77307.80,96669188096.00,1139543769088.00
2020-07-06,78626.50,86584.30,78626.50,86571.80,132676354048.00,1519285698560.00
2020-07-07,87982.50,93906.90,87982.50,93303.80,140374065152.00,1683555221504.00
2020-07-08,93480.00,99065.70,93480.00,99065.70,124996132864.00,1497093111808.00
2020-07-09,99094.10,105573.10,99094.10,105573.10,137039044608.00,1668036952064.00
2020-07-10,104899.80,108462.00,104817.60,107453.20,124627615744.00,1561377767424.00
2020-07-13,108271.30,113727.80,108271.30,113727.80,125960708096.00,1619114196992.00
2020-07-14,113416.90,115928.30,112797.10,115044.00,127095840768.00,1642031874048.00
2020-07-15,115363.60,116328.30,113121.30,113305.00,115346071552.00,1503004196864.00
2020-07-16,113312.90,114929.30,107965.40,108386.60,109852606464.00,1408275447808.00
2020-07-17,108917.00,111326.30,107030.10,107440.80,82697674752.00,1059767910400.00
2020-07-20,109078.20,111194.40,108733.50,110517.40,90344136704.00,1134768029696.00
2020-07-21,110878.30,112625.20,109545.10,109706.30,82399428608.00,1052796059648.00
2020-07-22,109470.20,112638.30,109338.30,109921.70,88374083584.00,1133692059648.00
2020-07-23,108830.80,111005.60,108452.40,109905.60,92537872384.00,1188091920384.00
2020-07-24,109160.10,110189.70,104744.30,105080.30,98246189056.00,1275812642816.00
2020-07-27,106029.50,106867.70,102789.70,103454.60,69102592000.00,888750145536.00
2020-07-28,104683.50,105389.20,101841.40,102515.80,67341852672.00,863891095552.00
2020-07-29,101971.70,105121.90,101971.70,104492.30,75490344960.00,998047023104.00
2020-07-30,104819.30,106126.10,103239.10,103433.10,80339730432.00,1042914672640.00
2020-07-31,103525.10,106509.30,103525.10,104642.70,83095928832.00,1086493818880.00
2020-08-03,104669.00,108786.60,104669.00,108241.70,96593338368.00,1266900271104.00
2020-08-04,108308.80,110158.60,107649.00,108038.00,100153606144.00,1317452906496.00
2020-08-05,108071.60,109905.70,107871.00,108729.80,88119025664.00,1144723996672.00
2020-08-06,108783.40,109754.40,108079.30,108896.40,94215454720.00,1240817991680.00
2020-08-07,108369.40,109368.40,106355.30,107634.60,90688413696.00,1211936145408.00
2020-08-10,106995.20,109005.10,106995.20,107066.50,82762735616.00,1113741197312.00
2020-08-11,107092.30,108727.90,104309.00,104519.10,86166298624.00,1095466221568.00
2020-08-12,104095.90,104419.50,101435.40,102571.70,82191654912.00,1040827613184.00
2020-08-13,103064.40,103591.30,100474.80,100521.80,72292704256.00,843603378176.00
2020-08-14,100093.90,101701.80,98826.60,99468.90,69005664256.00,819711115264.00
2020-08-17,99989.70,102786.30,99989.70,102125.30,91553570816.00,1115142094848.00
2020-08-18,102220.20,103761.90,101762.00,102223.20,84722761728.00,1044259340288.00
2020-08-19,101861.90,102427.10,99449.50,99614.50,87698989056.00,1045371486208.00
2020-08-20,98568.00,100150.90,96284.60,96612.90,71832911872.00,839410188288.00
2020-08-21,97475.10,98490.70,94848.40,95559.80,66611159040.00,816349315072.00
2020-08-24,96167.60,96993.60,95255.60,95444.20,67133800448.00,866806267904.00
2020-08-25,95605.80,96699.30,93943.40,94280.20,72818835456.00,913497522176.00
2020-08-26,94108.10,95014.40,91609.60,91845.50,75261362176.00,942754758656.00
2020-08-27,92089.40,92656.00,90877.60,91317.80,64557088768.00,805002412032.00
2020-08-28,91030.00,92369.00,91030.00,92369.00,70623109120.00,913307992064.00
2020-08-31,93570.00,95321.50,92804.30,92850.80,76914442240.00,1002539188224.00
2020-09-01,92647.50,93500.00,91687.00,92297.50,64124243968.00,826337918976.00
2020-09-02,92551.50,93164.00,91907.00,92123.80,77332209664.00,940255150080.00
2020-09-03,91881.30,93016.80,90329.70,90723.90,73240813568.00,910916321280.00
2020-09-04,88932.70,90836.50,88932.70,89298.50,65326665728.00,808763719680.00
2020-09-07,89424.50,90536.80,87240.10,87811.10,79550726144.00,984369594368.00
2020-09-08,88089.70,88679.30,87136.20,87942.80,79996461056.00,897185284096.00
2020-09-09,86775.10,87935.80,85417.10,85477.60,98170331136.00,1006567751680.00
2020-09-10,86261.20,86511.10,82376.20,82644.60,83711279104.00,849606934528.00
2020-09-11,82274.90,83678.20,82017.90,82300.50,60128325632.00,663988535296.00
2020-09-14,82870.90,84398.90,81906.90,82384.00,62839488512.00,744789114880.00
2020-09-15,82312.10,83106.40,81320.10,81372.00,58448048128.00,702794366976.00
2020-09-16,81080.80,81569.50,79087.00,79209.30,54912454656.00,663369678848.00
2020-09-17,78888.80,79281.80,77991.50,78254.00,54804066304.00,716861341696.00
2020-09-18,78269.30,79353.10,78191.30,79353.10,64168656896.00,805201641472.00
2020-09-21,79799.00,80793.50,78279.10,78298.60,57759711232.00,727281958912.00
2020-09-22,77574.40,78761.60,75937.10,76189.50,55866302464.00,674853945344.00
2020-09-23,76304.70,76843.30,75245.80,75392.90,48093458432.00,629885698048.00
2020-09-24,74732.30,75036.10,72477.20,72492.20,54543134720.00,654207746048.00
2020-09-25,72889.20,73183.80,70581.30,70707.90,43348021248.00,549245747200.00
2020-09-28,71009.40,71245.60,68528.50,68551.60,40254050304.00,517510627328.00
2020-09-29,69027.40,69766.00,67688.60,67720.40,39999721472.00,523653873664.00
2020-09-30,67934.90,68310.40,66194.70,66358.70,40144175104.00,519597555712.00
2020-10-09,67857.50,69335.00,67734.50,68449.00,50100097024.00,686270251008.00
2020-10-12,69180.60,72596.20,69152.80,72596.20,68670275584.00,935770652672.00
2020-10-13,72295.80,73578.30,72263.60,73310.00,58085969920.00,806879690752.00
2020-10-14,73066.90,74202.50,72816.80,73029.30,57694015488.00,801740619776.00
2020-10-15,73117.00,73922.60,72142.30,72192.80,54189957120.00,736939999232.00
2020-10-16,72281.20,72856.00,71284.10,71526.70,51452981248.00,685784236032.00
2020-10-19,72158.20,73053.40,70658.90,70800.50,53759893504.00,713357918208.00
2020-10-20,70570.60,71170.40,70474.00,70865.70,47754121216.00,645062262784.00
2020-10-21,70789.20,71231.10,69400.90,69504.70,49130209280.00,682986569728.00
2020-10-22,69026.30,69568.50,68419.10,68460.40,46405943296.00,642002583552.00
2020-10-23,68501.60,69123.60,66614.20,66818.10,47258972160.00,663588503552.00
2020-10-26,66549.50,67907.20,66245.70,66475.00,44045750272.00,614964723712.00
2020-10-27,66261.50,67265.50,65920.50,66046.50,43368189952.00,611887742976.00
2020-10-28,66009.20,66848.80,66009.20,66607.90,49262063616.00,708651450368.00
2020-10-29,65578.90,67725.40,65578.90,67244.30,51375706112.00,753302175744.00
2020-10-30,67485.40,68370.80,66940.20,67223.00,59922395136.00,835300687872.00
2020-11-02,67496.60,69037.30,67431.70,68831.00,56033091584.00,783204679680.00
2020-11-03,69228.00,71226.60,69107.10,70493.40,55046115328.00,755848249344.00
2020-11-04,70512.10,71519.00,70424.20,70538.50,49706848256.00,705447460864.00
2020-11-05,71518.40,72853.90,71461.70,72853.90,58737135616.00,832148996096.00
2020-11-06,73062.20,73958.80,72783.40,73267.20,59624235008.00,852069842944.00
2020-11-09,74031.50,77760.50,74031.50,77632.80,73910697984.00,1037662945280.00
2020-11-10,77644.00,79364.00,77524.10,78118.50,66679238656.00,947070697472.00
2020-11-11,77678.40,78690.20,77029.80,77105.20,61575024640.00,836740972544.00
2020-11-12,77428.10,78175.60,76373.20,76634.70,51434283008.00,684517228544.00
2020-11-13,76363.00,77249.70,75646.70,75939.20,51983613952.00,703368331264.00
2020-11-16,76010.90,77349.30,76010.90,76856.20,61044559872.00,774514278400.00
2020-11-17,76811.00,77457.90,76179.20,76768.40,63934349312.00,826455752704.00
2020-11-18,76721.20,77930.50,76675.90,77137.90,62925651968.00,795087994880.00
2020-11-19,76869.90,78138.50,76820.00,77240.30,59511140352.00,751059206144.00
2020-11-20,77139.40,78297.60,77139.40,77455.20,58545164288.00,727298539520.00
2020-11-23,77655.20,79988.10,77595.00,79490.70,76948987904.00,927791382528.00
2020-11-24,79322.20,80581.70,79246.40,79408.40,65086750720.00,802447360000.00
2020-11-25,79602.90,80344.70,78414.70,78448.80,68532613120.00,836556619776.00
2020-11-26,78382.40,78874.40,77294.50,77585.90,56914026496.00,711362412544.00
2020-11-27,77601.30,78271.90,76622.20,77305.20,58611953664.00,704347242496.00
2020-11-30,77527.90,79791.30,77471.50,78453.40,75083644928.00,925003481088.00
2020-12-01,78303.50,80282.00,78289.20,80282.00,68158857216.00,842280665088.00
2020-12-02,80322.60,81677.60,80312.90,80754.80,69412880384.00,849879105536.00
2020-12-03,80620.30,81434.20,80352.90,80391.30,66757095424.00,801312145408.00
2020-12-04,80138.20,80918.80,79873.30,80056.30,57053827072.00,725210103808.00
2020-12-07,80202.40,81191.10,79335.60,79408.40,56716492800.00,741321080832.00
2020-12-08,79553.90,80234.50,78565.70,78635.80,51503112192.00,677351718912.00
2020-12-09,78737.50,79240.40,77070.90,77169.10,59201331200.00,765471031296.00
2020-12-10,76930.90,77929.00,76585.70,76662.00,53272723456.00,679427768320.00
2020-12-11,76810.60,77242.70,75413.40,76244.90,63764185088.00,798281891840.00
2020-12-14,76513.30,77548.90,76398.60,76831.30,52582219776.00,683559616512.00
2020-12-15,76597.50,77711.20,76350.40,76425.00,50534100992.00,682320396288.00
2020-12-16,76484.20,76891.40,75373.30,75475.20,51272658944.00,667223785472.00
2020-12-17,75410.60,76760.00,75410.60,76583.10,60037001216.00,763430633472.00
2020-12-18,76610.70,77773.10,76267.30,76417.60,58863202304.00,744403632128.00
2020-12-21,76544.70,78769.40,76544.70,78474.70,62192660480.00,833499889664.00
2020-12-22,78095.20,79541.90,77849.10,78053.30,70269779968.00,926925848576.00
2020-12-23,78301.50,80322.00,78301.50,79892.10,66235461632.00,899387752448.00
2020-12-24,79651.30,80939.90,78884.20,78937.20,62579146752.00,795806138368.00
2020-12-25,78510.50,79966.70,78510.50,79519.60,62733635584.00,766950768640.00
2020-12-28,79664.80,81223.60,79664.80,79999.30,68376506368.00,852057128960.00
2020-12-29,79985.20,81107.80,79083.40,79121.70,67804569600.00,833678934016.00
2020-12-30,79149.00,81211.90,79149.00,80441.90,63725740032.00,813908557824.00
2020-12-31,80799.00,83248.50,80799.00,82864.20,70193815552.00,925201203200.00
2021-01-04,83335.60,87329.00,83335.60,87262.30,80954957824.00,1125011947520.00
2021-01-05,86844.80,90883.40,86844.80,90883.40,85994979328.00,1227574214656.00
2021-01-06,91219.10,93064.00,91219.10,92445.30,79675736064.00,1130788028416.00
2021-01-07,92283.50,94717.70,92283.50,94717.70,86722822144.00,1174628990976.00
2021-01-08,94956.90,96952.90,94739.90,95593.80,75933278208.00,1096632762368.00
2021-01-11,95771.30,98061.10,95158.40,95634.60,79536062464.00,1174162112512.00
2021-01-12,95269.50,98398.40,95269.50,98397.60,70482427904.00,1060658675712.00
2021-01-13,98463.80,100704.20,98463.80,99184.30,81420304384.00,1200188555264.00
2021-01-14,98567.30,100604.90,98033.50,98233.50,73546620928.00,1080374067200.00
2021-01-15,98129.80,99948.30,97668.20,98474.40,68249698304.00,999954448384.00
2021-01-18,98199.30,100867.70,98199.30,99987.10,65883770880.00,957862313984.00
2021-01-19,100101.20,101390.20,98505.00,98860.00,71226359808.00,1004740476928.00
2021-01-20,98953.10,100796.90,98879.70,99148.10,60705705984.00,883627327488.00
2021-01-21,99398.60,101991.80,99398.60,101078.00,73229910016.00,1051710652416.00
2021-01-22,101097.50,102428.10,101097.50,101841.10,71430127616.00,1072675946496.00
2021-01-25,101825.10,104562.60,101825.10,103129.20,72398127104.00,1165010010112.00
2021-01-26,102353.30,103808.80,100556.50,100605.80,62295150592.00,979780960256.00
2021-01-27,100672.10,101365.30,99646.30,99912.50,59734290432.00,892496969728.00
2021-01-28,98324.80,99962.50,96005.20,96216.70,62016831488.00,887167647744.00
2021-01-29,96227.60,97429.00,93315.70,94705.20,65693339648.00,921812205568.00
2021-02-01,94684.60,96380.00,94428.10,94540.10,60928397312.00,827835088896.00
2021-02-02,95055.00,96306.70,94933.70,95405.20,58900647936.00,873254617088.00
2021-02-03,95253.80,96574.40,94140.80,94258.70,63954956288.00,923247050752.00
2021-02-04,93593.60,95048.80,92365.50,92932.10,64686837760.00,914237489152.00
2021-02-05,93451.90,94417.70,91098.10,91141.50,60520038400.00,864558841856.00
2021-02-08,91696.20,93234.90,91267.00,91428.30,52861833216.00,782250803200.00
2021-02-09,91990.80,93998.50,91990.80,93308.50,54337748992.00,811258478592.00
2021-02-10,93593.00,94931.00,93593.00,94145.00,53590765568.00,847391817728.00
2021-02-18,96546.50,97626.40,95663.80,95855.00,70323314688.00,1053789913088.00
2021-02-19,95366.70,97435.70,95366.70,97340.80,74592018432.00,1015776477184.00
2021-02-22,97636.40,100505.30,97576.80,98327.20,98123595776.00,1261259456512.00
2021-02-23,97548.80,99915.90,97548.80,98064.10,79450169344.00,995321380864.00
2021-02-24,98143.10,99132.50,95720.70,96647.20,74709139456.00,1035525881856.00
2021-02-25,97879.70,98396.40,95802.50,96076.40,72005410816.00,908211126272.00
2021-02-26,93766.80,96533.00,93660.00,93788.60,67268120576.00,878647115776.00
2021-03-01,94882.40,96638.10,94882.40,95473.60,65500061696.00,844972752896.00
2021-03-02,95999.40,96823.20,93915.30,94225.70,69086003200.00,889057443840.00
2021-03-03,93918.90,95591.90,93918.90,95048.50,69761777664.00,834797305856.00
2021-03-04,93985.20,95053.20,92129.40,92561.80,78198759424.00,941848526848.00
2021-03-05,91223.80,93848.60,91223.80,91876.00,73256951808.00,853136637952.00
2021-03-08,92793.80,94047.70,89480.00,89547.50,78472478720.00,949951922176.00
2021-03-09,89360.20,90956.80,87356.40,87810.50,82547998720.00,959936659456.00
2021-03-10,89122.40,89775.10,86629.60,86767.90,62086225920.00,729953861632.00
2021-03-11,86994.50,89548.40,86935.10,88421.60,66362155008.00,778727325696.00
2021-03-12,88740.40,89178.00,87719.40,88029.00,71992401920.00,794327646208.00
2021-03-15,87365.80,88736.40,85459.30,86061.40,71499481088.00,785961189376.00
2021-03-16,86225.70,87225.00,85163.40,85477.40,66849746944.00,717617954816.00
2021-03-17,84905.40,86904.50,84780.90,84878.40,62335799296.00,693721759744.00
2021-03-18,85073.60,86265.10,84372.90,84408.70,62578896896.00,718532837376.00
2021-03-19,82963.20,84421.70,82052.20,82365.10,65657057280.00,752453681152.00
2021-03-22,82581.90,84329.70,82505.10,82885.60,67166744576.00,741979062272.00
2021-03-23,82870.80,83330.20,80747.10,81094.90,69975097344.00,769149960192.00
2021-03-24,80466.70,81497.90,79213.30,79284.10,67031486464.00,743786610688.00
2021-03-25,78942.40,80419.00,78073.60,78090.90,60403163136.00,658444845056.00
2021-03-26,78502.30,79977.50,78502.30,79388.00,61046423552.00,729391693824.00
2021-03-29,79697.60,81143.90,79090.30,79175.90,62794850304.00,739516809216.00
2021-03-30,78886.00,80269.20,78813.30,79015.10,62639919104.00,730992607232.00
2021-03-31,78989.70,79380.80,77666.10,77714.40,58719965184.00,669554376704.00
2021-04-01,77735.90,78819.40,77357.00,77391.20,57425924096.00,636131409920.00
2021-04-02,77654.60,78837.00,77225.50,77406.90,57320919040.00,688724508672.00
2021-04-06,77800.60,78650.50,76682.00,76719.30,53678260224.00,638935236608.00
2021-04-07,76747.20,77337.60,76310.10,76483.10,64475406336.00,718726103040.00
2021-04-08,76130.40,77309.70,76013.80,76065.20,69841567744.00,743557693440.00
2021-04-09,75811.10,76532.80,74813.20,74905.90,60621000704.00,673271054336.00
2021-04-12,74855.70,75648.40,73368.20,73670.70,66337128448.00,753695784960.00
2021-04-13,73588.70,74790.50,72578.50,72761.70,59798360064.00,653058441216.00
2021-04-14,72866.80,73968.40,72865.30,73039.50,55872069632.00,635539292160.00
2021-04-15,72754.90,73367.90,72021.80,72133.10,56472121344.00,642090598400.00
2021-04-16,72314.20,73128.20,72314.20,72424.90,60382658560.00,669797449728.00
2021-04-19,72438.20,75136.30,72398.60,75070.70,68160954368.00,831513952256.00
2021-04-20,74829.10,76646.40,74829.10,75547.70,65574076416.00,813101678592.00
2021-04-21,75173.80,76383.00,75173.80,75398.60,58320244736.00,717132857344.00
2021-04-22,75873.10,76693.60,75349.70,75531.80,56967544832.00,713493774336.00
2021-04-23,75481.70,76926.00,75481.20,75812.10,58421104640.00,751559639040.00
2021-04-26,76144.50,78165.50,76144.50,76509.70,64506638336.00,870658932736.00
2021-04-27,76442.10,77102.40,76089.60,76302.30,58025000960.00,736035864576.00
2021-04-28,76133.80,77869.60,76071.60,77156.10,55767519232.00,754816778240.00
2021-04-29,77217.70,78534.50,77177.20,77478.30,59207413760.00,790613196800.00
2021-04-30,77409.30,78930.90,77409.30,78159.90,64092114944.00,831542853632.00
2021-05-06,78315.00,79947.60,78315.00,78749.00,64595554304.00,845735854080.00
2021-05-07,79053.70,80098.70,78360.90,78408.10,72284430336.00,855687233536.00
2021-05-10,78718.00,80326.90,78675.50,79594.50,74019422208.00,830221320192.00
2021-05-11,79034.00,80423.90,79034.00,79842.60,73072459776.00,820389871616.00
2021-05-12,79555.40,80971.50,79555.40,80319.50,65701326848.00,741061885952.00
2021-05-13,79423.00,80968.70,79046.30,79206.90,68885323776.00,776418689024.00
2021-05-14,79661.40,81265.20,79640.50,81196.10,72481169408.00,874823680000.00
2021-05-17,81225.50,83674.20,81225.50,82559.70,68411228160.00,896392364032.00
2021-05-18,82573.20,83517.90,82007.80,82127.40,58360721408.00,723788693504.00
2021-05-19,81759.90,83233.90,81726.00,81782.40,60357947392.00,761020612608.00
2021-05-20,81542.70,82657.80,81404.10,81535.80,68206874624.00,832836599808.00
2021-05-21,81710.70,82387.30,80905.90,81034.20,61093748736.00,777963044864.00
2021-05-24,81107.70,82203.20,81050.50,81402.80,63038976000.00,813015564288.00
2021-05-25,81666.70,84346.50,81666.70,84346.50,71543422976.00,973018300416.00
2021-05-26,84404.40,86430.60,84404.40,85244.30,72645099520.00,935624245248.00
2021-05-27,84927.20,86930.30,84927.20,86102.20,68424781824.00,899749314560.00
2021-05-28,86466.90,88102.10,86427.80,87066.50,73561153536.00,971689492480.00
2021-05-31,87500.00,89387.00,87500.00,89169.60,70081069056.00,961509720064.00
2021-06-01,88910.40,90647.20,88836.30,90331.50,74472914944.00,994129412096.00
2021-06-02,90403.10,91582.80,89552.30,89614.70,74593271808.00,961441169408.00
2021-06-03,89433.90,90852.60,89080.30,89120.00,72336809984.00,914248433664.00
2021-06-04,88817.70,90800.90,88817.70,89629.20,68553973760.00,898264137728.00
2021-06-07,89996.80,91467.30,89983.10,90257.50,66133176320.00,906344923136.00
2021-06-08,90136.70,91602.00,89454.90,89661.90,67922231296.00,940518014976.00
2021-06-09,89567.30,90721.20,89123.70,89349.90,66379472896.00,841978478592.00
2021-06-10,89341.80,91469.70,89341.80,90757.50,72455282688.00,957834788864.00
2021-06-11,90958.80,92325.70,90946.70,91561.10,80207224832.00,1070569750528.00
2021-06-15,92236.30,93383.90,91586.90,91732.30,74659561472.00,955137130496.00
2021-06-16,91593.50,92443.40,89357.80,89483.70,68160688128.00,891192410112.00
2021-06-17,89394.50,91382.20,89394.50,90363.30,62954246144.00,841091514368.00
2021-06-18,90421.00,92405.30,90323.30,91806.10,68794892288.00,960475234304.00
2021-06-21,91559.00,94299.90,91559.00,93033.60,67947503616.00,962753789952.00
2021-06-22,93706.30,94834.40,93529.20,93961.00,71243489280.00,958432935936.00
2021-06-23,93867.20,95873.70,93830.40,95104.80,70868598784.00,1012569800704.00
2021-06-24,95048.00,96119.70,94038.50,94188.50,72107253760.00,960354320384.00
2021-06-25,94602.90,96211.20,94602.90,95775.10,73510494208.00,1004233752576.00
2021-06-28,95772.30,97832.00,95772.30,96478.90,69313617920.00,962187427840.00
2021-06-29,96589.60,97571.90,95384.40,95518.70,67424481280.00,945939873792.00
2021-06-30,95728.40,97270.20,95728.40,96002.80,61387276288.00,880396271616.00
2021-07-01,96228.60,96870.50,94215.70,94514.50,67097411584.00,960582123520.00
2021-07-02,94139.80,95471.60,93305.50,93524.50,63963525120.00,946166956032.00
2021-07-05,93741.10,95526.50,93735.70,94836.00,64588001280.00,946581340160.00
2021-07-06,95005.70,96697.30,94044.10,95314.90,70316171264.00,1055234392064.00
2021-07-07,95282.00,97470.90,94429.10,97158.90,69365489664.00,993496465408.00
2021-07-08,97531.60,99721.20,97531.60,98242.50,77909999616.00,1130697195520.00
2021-07-09,97696.80,99625.30,97696.80,99241.10,76270821376.00,1070481342464.00
2021-07-12,100263.90,103712.90,100180.30,102921.80,87830528000.00,1255861125120.00
2021-07-13,102776.50,105040.70,102776.50,103986.70,82686164992.00,1160751218688.00
2021-07-14,103977.20,104823.00,103030.20,103078.50,84584816640.00,1165022199808.00
2021-07-15,102612.30,104365.00,102612.30,104171.70,81477517312.00,1121307328512.00
2021-07-16,104244.60,106599.90,104068.00,104176.10,79990259712.00,1129387261952.00
2021-07-19,104136.90,106040.30,103743.80,103938.40,75645263872.00,1074828017664.00
2021-07-20,103074.00,105102.20,103074.00,103468.20,66769862656.00,924849930240.00
2021-07-21,104157.90,106786.80,104157.90,106214.90,78228668416.00,1155739418624.00
2021-07-22,106597.40,108425.80,106597.40,108083.80,86039379968.00,1226931830784.00
2021-07-23,108197.60,110438.40,108152.40,108727.40,96337371136.00,1311891390464.00
2021-07-26,108490.30,110123.50,106584.70,108787.60,94160543744.00,1344791511040.00
2021-07-27,108922.40,111476.40,107315.30,107722.90,97855266816.00,1432877006848.00
2021-07-28,106762.90,110046.50,104781.10,106868.50,86058549248.00,1196894584832.00
2021-07-29,109284.70,111609.20,109199.80,111161.50,77039697920.00,1173252603904.00
2021-07-30,110963.50,113738.60,110898.90,112466.10,84333920256.00,1255411023872.00
2021-08-02,112625.30,116572.00,112483.70,116518.40,92481667072.00,1427592839168.00
2021-08-03,116494.30,118006.90,115056.70,115523.10,89464389632.00,1335249469440.00
2021-08-04,115467.40,118780.90,115467.40,118324.10,78240251904.00,1215265767424.00
2021-08-05,117546.30,119815.20,117307.80,117422.30,80683237376.00,1214955913216.00
2021-08-06,118043.00,119571.20,116581.40,117051.00,76651692032.00,1148948316160.00
2021-08-09,116300.90,118187.60,116195.30,117013.50,78637391872.00,1183836667904.00
2021-08-10,116962.20,119013.50,116645.50,118148.00,80739606528.00,1277246570496.00
2021-08-11,118194.90,120001.90,117977.20,118607.20,86167085056.00,1216002129920.00
2021-08-12,118166.40,120447.40,118140.40,118648.40,87101718528.00,1238075047936.00
2021-08-13,118075.00,120895.50,117835.40,117942.20,85530542080.00,1228021301248.00
2021-08-16,117959.80,119442.50,116472.10,116545.80,85171101696.00,1191155859456.00
2021-08-17,116453.50,117667.20,113204.30,113673.10,92070731776.00,1249704148992.00
2021-08-18,114044.90,116167.10,113796.10,114309.50,82534514688.00,1142623174656.00
2021-08-19,114141.00,115971.40,114021.20,114456.00,82554691584.00,1158634799104.00
2021-08-20,113615.30,115795.40,112815.90,113928.70,82085691392.00,1194838196224.00
2021-08-23,114592.30,117798.20,114592.30,116993.30,85401387008.00,1254867468288.00
2021-08-24,117093.40,120191.10,117093.40,118815.30,92634251264.00,1338531905536.00
2021-08-25,118865.00,120338.30,118865.00,119767.60,91363713024.00,1246751096832.00
2021-08-26,119669.70,121363.80,118613.40,118787.90,100990550016.00,1307937734656.00
2021-08-27,118593.90,121026.30,118593.90,119706.30,95585230848.00,1285788663808.00
2021-08-30,120241.70,123833.90,120241.70,122302.10,105175932928.00,1508781981696.00
2021-08-31,121996.40,123812.00,121885.70,123495.80,104262057984.00,1419544887296.00
2021-09-01,123926.60,126192.00,123225.20,124446.10,125545447424.00,1648553099264.00
2021-09-02,124265.40,127489.60,124265.40,126626.50,108270469120.00,1380563681280.00
2021-09-03,126700.00,129612.70,125654.00,126282.10,120019681280.00,1518463614976.00
2021-09-06,126524.40,129012.50,126478.10,128113.80,104287559680.00,1375551619072.00
2021-09-07,128066.40,130666.10,127980.20,130425.70,106955235328.00,1350900645888.00
2021-09-08,130331.30,132900.91,130331.30,130831.80,118646202368.00,1424270557184.00
2021-09-09,130629.50,132644.61,130620.00,131227.50,116586012672.00,1384817098752.00
2021-09-10,131101.70,133991.61,131068.20,132400.80,119784251392.00,1488024371200.00
2021-09-13,132540.11,134321.41,132540.11,132929.70,109686931456.00,1412259905536.00
2021-09-14,132500.50,135224.00,131726.41,132008.50,113192968192.00,1461174796288.00
2021-09-15,131716.30,133745.91,131348.91,131617.00,98149801984.00,1310748966912.00
2021-09-16,131867.61,133358.91,128437.80,128536.10,110826848256.00,1430318612480.00
2021-09-17,128292.00,130253.80,126697.60,127706.90,101629460480.00,1296894918656.00
2021-09-22,126040.30,128788.20,126040.30,126643.00,89955950592.00,1111659905024.00
2021-09-23,128091.60,129457.60,126348.40,126480.90,104201756672.00,1283022389248.00
2021-09-24,126187.30,127529.20,123597.80,123795.40,98782363648.00,1243844444160.00
2021-09-27,123822.90,124722.90,120776.70,120781.00,101383053312.00,1321633841152.00
2021-09-28,120534.50,122123.00,118995.70,119075.60,81911963648.00,1011274678272.00
2021-09-29,117817.20,118728.90,114085.90,114085.90,85763547136.00,1041841389568.00
2021-09-30,115105.70,116813.90,114625.60,114707.80,74227179520.00,918454075392.00
2021-10-08,116451.80,116799.10,113493.10,113586.60,80248963072.00,1028729405440.00
2021-10-11,113774.80,114893.10,111271.00,111507.50,76248014848.00,960630489088.00
2021-10-12,110825.70,111573.90,107186.50,108040.00,79265087488.00,963138748416.00
2021-10-13,107629.70,108251.60,106964.70,107004.00,65891835904.00,858330628096.00
2021-10-14,106972.10,107837.60,105397.80,105399.20,63018074112.00,829767745536.00
2021-10-15,105233.50,106497.80,104735.90,104785.30,69661409280.00,950749102080.00
2021-10-18,104695.00,106268.70,104695.00,105064.90,69533097984.00,964000088064.00
2021-10-19,105250.30,107188.70,105195.90,105303.00,68575711232.00,937345548288.00
2021-10-20,104682.60,106670.00,104682.60,104811.10,71421591552.00,980268089344.00
2021-10-21,104905.30,106209.20,103708.20,103911.60,71762108416.00,957227008000.00
2021-10-22,104048.40,105221.70,102346.80,102402.90,72814731264.00,977022681088.00
2021-10-25,102381.20,104490.50,102376.90,103478.80,67656142848.00,972444532736.00
2021-10-26,103855.60,105631.60,103044.50,103124.80,71595933696.00,1035757158400.00
2021-10-27,102712.70,104186.70,102145.00,102393.40,73955557376.00,1030289358848.00
2021-10-28,101898.20,103023.60,100218.50,100607.80,76023046144.00,1059856384000.00
2021-10-29,100756.60,102728.30,100756.60,102687.00,73012953088.00,1087162548224.00
2021-11-01,102306.30,105422.10,102306.30,104158.80,78226980864.00,1167503917056.00
2021-11-02,104194.10,106037.00,103452.30,104173.30,85095038976.00,1202704482304.00
2021-11-03,104070.00,105540.00,103166.10,103401.30,65958469632.00,956872523776.00
2021-11-04,103884.70,105729.00,103839.10,104588.60,69544304640.00,1031697989632.00
2021-11-05,104326.40,106087.60,103291.10,103339.00,79037538304.00,1102318272512.00
2021-11-08,103223.50,105261.30,103223.50,103574.20,69071626240.00,993095319552.00
2021-11-09,103864.20,105046.60,103518.20,103671.60,66701152256.00,962376040448.00
2021-11-10,103101.00,104193.50,102699.10,103263.60,72445501440.00,1031176585216.00
2021-11-11,103051.80,105022.20,103051.80,104310.50,76527132672.00,1065633251328.00
2021-11-12,104400.00,106061.20,104400.00,104794.60,74590527488.00,1039813771264.00
2021-11-15,104924.80,106132.70,104182.90,104322.10,76686458880.00,1096328282112.00
2021-11-16,104027.20,105577.70,103168.20,103388.70,75784052736.00,1060898275328.00
2021-11-17,103690.40,105626.00,103690.40,104369.50,70442156032.00,985323732992.00
2021-11-18,104167.00,105332.20,103820.50,103860.30,78103937024.00,1067113775104.00
2021-11-19,103791.00,105284.50,103791.00,104973.20,77022625792.00,1060186095616.00
2021-11-22,105078.00,108081.00,105078.00,107553.90,79540256768.00,1187025780736.00
2021-11-23,107474.70,109468.60,107474.70,108005.90,82961809408.00,1165818986496.00
2021-11-24,108009.50,109433.20,107928.20,108091.00,80413032448.00,1142382395392.00
2021-11-25,108125.40,109250.90,107156.40,107246.40,74329251840.00,1057236320256.00
2021-11-26,106930.10,108717.10,106707.30,106736.60,73274277888.00,1046305439744.00
2021-11-29,105339.10,108762.90,105339.10,107544.00,75815428096.00,1111609442304.00
2021-11-30,108196.70,109684.80,107440.10,108158.00,81094000640.00,1158820528128.00
2021-12-01,108005.90,109484.70,107985.80,108180.10,78081654784.00,1088169639936.00
2021-12-02,107979.00,109375.20,107149.50,107252.80,82321195008.00,1099901960192.00
2021-12-03,107457.50,108920.00,107457.50,108037.90,80247480320.00,1085789831168.00
2021-12-06,108149.00,109929.00,107115.90,107278.20,87665532928.00,1150586060800.00
2021-12-07,108043.80,108549.30,106343.50,106916.80,84483350528.00,1149770792960.00
2021-12-08,107375.00,109469.10,107312.40,108631.80,76162064384.00,1057838989312.00
2021-12-09,108844.70,111149.90,108844.70,110407.60,89391529984.00,1213097181184.00
2021-12-10,109737.20,111993.00,109737.20,111277.50,86312910848.00,1170030723072.00
2021-12-13,111985.60,114343.20,111981.30,112898.70,89023414272.00,1217820098560.00
2021-12-14,112457.30,113995.60,111969.90,112161.90,81537212416.00,1093986877440.00
2021-12-15,112001.10,113508.90,111084.70,111308.60,84394295296.00,1082932461568.00
2021-12-16,111666.60,113041.70,111377.20,111606.00,84794818560.00,1067773263872.00
2021-12-17,111500.70,112459.10,109844.10,109963.80,90404446208.00,1111888625664.00
2021-12-20,109633.00,110893.90,107790.70,107884.60,92015951872.00,1108552974336.00
2021-12-21,107990.60,109462.20,107791.50,107926.60,88127225856.00,960751730688.00
2021-12-22,108288.60,109709.40,107605.70,107670.50,91842969600.00,1021153378304.00
2021-12-23,107818.70,109073.80,107404.30,107518.60,86792880128.00,1037855293440.00
2021-12-24,107633.00,108284.50,105709.40,105731.30,88961630208.00,1087672483840.00
2021-12-27,105787.60,107390.40,104567.20,104758.30,75858558976.00,937326673920.00
2021-12-28,105022.90,106075.90,104450.40,104751.80,74135314432.00,963806232576.00
2021-12-29,104692.70,105819.90,103430.70,103461.50,72278990848.00,960150241280.00
2021-12-30,103603.60,105563.70,103603.60,103848.70,75514585088.00,972851445760.00
2021-12-31,104374.90,105759.80,104119.50,104224.40,79008153600.00,1013604155392.00
2022-01-04,104845.80,106152.10,104845.80,105566.90,96568918016.00,1212798992384.00
2022-01-05,105385.40,106302.20,104919.40,105196.60,99813834752.00,1253631066112.00
2022-01-06,104475.40,106632.80,104475.40,105759.20,87659847680.00,1090982510592.00
2022-01-07,105828.20,107051.30,104764.90,104910.10,98863882240.00,1159012286464.00
2022-01-10,104886.30,107006.50,104636.10,105097.90,81047805952.00,1001835003904.00
2022-01-11,105090.80,106230.10,103538.90,103752.20,82681135104.00,1006838087680.00
2022-01-12,104293.60,105971.90,104293.60,104956.10,79996018688.00,1006176567296.00
2022-01-13,105045.20,106029.50,103236.90,103265.60,85588590592.00,1041827102720.00
2022-01-14,102865.20,105106.40,102865.20,103500.10,87301046272.00,1045995716608.00
2022-01-17,103485.10,105963.00,103485.10,104904.20,80731201536.00,1052430434304.00
2022-01-18,104886.60,106622.20,104655.80,104839.40,91451465728.00,1133279707136.00
2022-01-19,104571.30,106196.60,103568.20,103817.80,80752803840.00,1016448483328.00
2022-01-20,103898.80,104838.40,102570.00,102696.50,88720498688.00,1079358128128.00
2022-01-21,102273.80,103522.30,100351.20,100459.70,75625529344.00,938315218944.00
2022-01-24,99734.90,101369.00,99281.60,99373.90,64474533888.00,822399074304.00
2022-01-25,98980.20,99631.60,95235.90,95282.50,76463464448.00,894573543424.00
2022-01-26,96029.70,96726.90,94115.10,94374.20,61098934272.00,750153236480.00
2022-01-27,94301.50,94634.20,90572.70,90653.20,64223907840.00,780815171584.00
2022-01-28,91471.00,91826.80,89528.50,89683.00,64010960896.00,781524336640.00
2022-02-07,91376.40,92608.20,89989.30,90234.70,68347838464.00,789043544064.00
2022-02-08,89975.50,91181.40,89201.40,90473.60,75159044096.00,843644076032.00
2022-02-09,90384.40,92426.20,90363.20,92008.80,77160669184.00,895151374336.00
2022-02-10,91998.70,93259.00,91332.30,91690.40,75514847232.00,895530958848.00
2022-02-11,91046.00,92772.60,90425.50,90612.40,79367569408.00,953460195328.00
2022-02-14,89984.40,92254.80,89221.70,89633.90,70010585088.00,833209171968.00
2022-02-15,89799.40,91262.00,89487.50,89849.70,63917367296.00,792754257920.00
2022-02-16,90579.90,91842.80,89389.10,89554.80,64291708928.00,774714490880.00
2022-02-17,89193.60,90802.40,89193.60,89472.20,71884070912.00,874572611584.00
2022-02-18,88786.40,90512.10,88786.40,89012.50,67670925312.00,777496756224.00
2022-02-21,89190.40,90414.70,89190.40,89516.60,74153435136.00,867249946624.00
2022-02-22,88949.00,90257.90,88746.00,89124.60,77503684608.00,943272099840.00
2022-02-23,89440.10,91576.80,89440.10,91320.60,77016678400.00,994781888512.00
2022-02-24,90644.90,92806.10,90638.40,92364.60,110539235328.00,1311038504960.00
2022-02-25,93513.40,95834.20,93399.40,93561.40,80302374912.00,972235407360.00
2022-02-28,93586.00,95064.40,93490.40,93823.20,73339600896.00,898735144960.00
2022-03-01,93874.60,95505.90,93874.60,94102.30,71617314816.00,926331371520.00
2022-03-02,93627.60,94802.80,93246.70,93284.00,72214601728.00,861576495104.00
2022-03-03,93720.60,94615.00,92809.40,92933.10,85571223552.00,970555392000.00
2022-03-04,92175.40,94186.10,91555.20,91884.60,83366199296.00,966136365056.00
2022-03-07,91603.10,92835.00,90218.30,90745.30,81529675776.00,982369173504.00
2022-03-08,90734.10,91726.90,89056.10,89295.90,89135194112.00,1062270599168.00
2022-03-09,89758.50,90801.90,86054.80,90398.50,97589714944.00,1112661032960.00
2022-03-10,92575.60,94673.70,92458.80,92886.00,82505392128.00,1028469293056.00
2022-03-11,91364.60,93997.10,91321.20,93869.80,81958322176.00,997420957696.00
2022-03-14,92912.90,94931.80,91033.80,91042.00,73964306432.00,920630722560.00
2022-03-15,89790.60,92561.40,88249.60,88266.30,94470184960.00,1073989615616.00
2022-03-16,89926.00,93576.30,88019.40,93421.50,94301552640.00,1137560256512.00
2022-03-17,94817.40,98785.70,94749.40,96820.70,93880819712.00,1216374505472.00
2022-03-18,96141.00,97870.80,96141.00,97144.10,81589960704.00,947723239424.00
2022-03-21,97295.40,99522.60,97295.40,97661.20,81705000960.00,968434647040.00
2022-03-22,97360.00,98515.60,96078.70,96388.20,81522614272.00,922971078656.00
2022-03-23,96629.20,97800.40,95701.80,95767.10,79124267008.00,905146793984.00
2022-03-24,95261.80,96150.00,94124.20,94238.20,76123332608.00,883519586304.00
2022-03-25,94238.50,95249.50,92048.60,92057.80,76947070976.00,884536901632.00
2022-03-28,91425.50,93156.20,90394.00,90754.80,76110782464.00,840278736896.00
2022-03-29,91090.60,92056.00,89128.60,89390.50,73395011584.00,832309624832.00
2022-03-30,89816.30,91402.30,89800.60,91196.90,80974012416.00,923150516224.00
2022-03-31,90956.40,92305.10,90287.60,90349.20,88903557120.00,975071150080.00
2022-04-01,89618.30,91776.60,89618.30,90240.00,84146683904.00,904112308224.00
2022-04-06,90294.60,91445.70,89964.20,90349.20,90571358208.00,930365505536.00
2022-04-07,89719.70,90986.90,88208.80,88237.00,87336886272.00,892208676864.00
2022-04-08,88435.40,89359.90,87732.80,87913.90,86858227712.00,894798266368.00
2022-04-11,87220.40,87840.50,85116.60,85557.80,87943380992.00,932566925312.00
2022-04-12,85537.40,86867.30,84927.60,86867.30,86077702144.00,886061203456.00
2022-04-13,86088.80,86974.60,85000.80,85000.80,82348482560.00,846960263168.00
2022-04-14,85578.30,87062.50,85536.80,85954.00,77071384576.00,836591353856.00
2022-04-15,85387.00,86550.30,84625.70,84877.90,83871678464.00,880102277120.00
2022-04-18,83980.50,86050.50,83865.10,84165.80,70443073536.00,747459051520.00
2022-04-19,84207.30,85456.40,83327.90,83634.50,69049925632.00,750951333888.00
2022-04-20,83388.50,83948.60,81284.10,81547.50,75453923328.00,792387518464.00
2022-04-21,81228.80,82240.10,78714.60,79082.30,81376903168.00,826798571520.00
2022-04-22,78444.90,80177.40,77892.80,78050.10,70744039424.00,723558727680.00
2022-04-25,76440.30,77335.20,74042.10,74068.30,88129921024.00,862904713216.00
2022-04-26,74444.60,76002.30,72771.50,73087.80,82662555648.00,806881263616.00
2022-04-27,72302.80,77167.50,72295.10,77163.20,89003679744.00,881211080704.00
2022-04-28,76583.30,79019.70,76583.30,77269.40,77613981696.00,804409966592.00
2022-04-29,77919.90,81394.80,77821.50,81370.90,87927152640.00,924593487872.00
2022-05-05,81233.40,83996.10,81233.40,82728.30,78398177280.00,862827053056.00
2022-05-06,80730.20,82856.80,80441.90,80483.40,71113031680.00,728646549504.00
2022-05-09,80355.10,82026.20,79655.90,79745.30,62435360768.00,643062562816.00
2022-05-10,78606.40,81887.00,78584.70,81092.80,77366427648.00,809818587136.00
2022-05-11,81410.10,85102.10,81410.10,83471.20,91993980928.00,1031796228096.00
2022-05-12,83344.60,84815.40,82597.20,82938.60,74063175680.00,785276993536.00
2022-05-13,83562.30,84244.00,82357.20,82505.30,70962962432.00,726840442880.00
2022-05-16,83271.70,84205.50,81710.10,81804.30,73889431552.00,754074583040.00
2022-05-17,81783.70,82515.40,81507.40,81679.70,70993289216.00,756271022080.00
2022-05-18,81766.80,82922.70,80977.30,81063.80,70192857088.00,739821223936.00
2022-05-19,79762.80,81820.80,79762.80,81411.90,74279673856.00,770953379840.00
2022-05-20,81993.30,83400.00,81993.30,83069.20,81044348928.00,881943511040.00
2022-05-23,83405.10,84555.50,83405.10,83715.20,76585181184.00,823577673728.00
2022-05-24,83675.40,84545.20,81490.30,81509.50,89610985472.00,949486354432.00
2022-05-25,81469.10,82975.10,81469.10,81953.70,71066132480.00,733259956224.00
2022-05-26,81890.40,83309.40,81651.50,82072.00,76410068992.00,792532746240.00
2022-05-27,82653.60,83861.20,81468.30,81866.60,75022852096.00,785860067328.00
2022-05-30,82284.50,83378.50,81921.50,82195.30,71640563712.00,778941693952.00
2022-05-31,82179.50,83723.10,82139.90,83723.10,78430355456.00,890207469568.00
2022-06-01,83338.00,85103.50,83338.00,83952.40,76354609152.00,836395532288.00
2022-06-02,83866.60,85229.60,83466.60,84632.20,74988265472.00,825612697600.00
2022-06-06,84691.60,88412.80,84691.60,88278.80,86612369408.00,1026050949120.00
2022-06-07,88411.00,90165.20,88411.00,89333.30,84531257344.00,974670856192.00
2022-06-08,89380.20,91221.70,89380.20,91162.00,89879175168.00,1034112270336.00
2022-06-09,90944.90,92101.00,90040.50,90162.50,84817690624.00,927330729984.00
2022-06-10,89511.30,92883.80,89511.30,92883.80,87065698304.00,990371184640.00
2022-06-13,92067.80,94985.50,92067.80,93971.50,89564495872.00,1039792013312.00
2022-06-14,92877.30,95359.40,92590.90,95359.40,93076996096.00,1048956305408.00
2022-06-15,95593.90,99352.20,95593.90,97684.40,110302912512.00,1251046064128.00
2022-06-16,97889.90,99976.60,97889.90,98226.50,91444174848.00,1035135025152.00
2022-06-17,97511.10,100034.80,97511.10,99828.70,85133828096.00,1042949996544.00
2022-06-20,100346.10,102856.30,100346.10,101517.30,88008712192.00,1110348005376.00
2022-06-21,101343.70,102698.20,100018.30,100834.80,87743365120.00,1030885408768.00
2022-06-22,100995.20,102238.20,99249.80,99304.80,80615563264.00,945646796800.00
2022-06-23,99695.20,101581.00,99681.50,101540.80,86322610176.00,1023812698112.00
2022-06-24,101857.40,104319.30,101808.60,103339.50,88315527168.00,1099017682944.00
2022-06-27,104233.10,106903.30,104210.30,105668.30,91843117056.00,1170006867968.00
2022-06-28,105653.30,107884.30,105580.50,107884.30,93540327424.00,1161795207168.00
2022-06-29,107516.80,109541.40,106277.00,106434.20,100707139584.00,1251726721024.00
2022-06-30,106825.10,109186.80,106825.10,107955.60,87209271296.00,1102352220160.00
2022-07-01,108087.90,109418.20,106878.60,107124.60,79553708032.00,999404797952.00
2022-07-04,106912.00,109158.30,106666.70,108098.50,80341827584.00,1069770014720.00
2022-07-05,108545.30,109747.80,107202.30,108149.10,89415647232.00,1127239254016.00
2022-07-06,107619.90,109267.60,105655.80,106463.30,82409422848.00,1030537019392.00
2022-07-07,106467.80,108290.90,106349.80,106927.10,77662543872.00,996973477888.00
2022-07-08,107733.20,108720.70,105349.00,105407.50,77616676864.00,976967827456.00
2022-07-11,104729.70,105504.40,102633.00,103109.20,78350802944.00,958420811776.00
2022-07-12,103149.80,104470.20,100774.50,100805.90,76849070080.00,925575151616.00
2022-07-13,100861.40,102089.00,100425.90,100654.50,76746162176.00,895760203776.00
2022-07-14,100291.10,102707.10,100291.10,101065.90,81442676736.00,975999139840.00
2022-07-15,100723.70,103037.30,99890.40,99903.90,87493025792.00,1037761511424.00
2022-07-18,100667.00,102404.00,100515.30,101343.90,81019117568.00,968225062912.00
2022-07-19,101269.40,103002.70,100620.60,100749.30,79009505280.00,946602311680.00
2022-07-20,101199.60,102463.60,100462.80,100658.00,75064934400.00,904247640064.00
2022-07-21,100356.00,101846.10,99266.20,99316.50,80630611968.00,960052330496.00
2022-07-22,100022.70,100943.20,97896.40,98433.60,75357675520.00,888170872832.00
2022-07-25,98396.10,99070.60,95792.00,95812.50,69362393088.00,811271847936.00
2022-07-26,95968.60,97244.60,95314.10,95411.40,67236507648.00,787303694336.00
2022-07-27,95225.30,96665.70,94656.60,94830.20,68158779392.00,815654240256.00
2022-07-28,95488.20,97081.10,95100.30,95167.20,77924089856.00,945421025280.00
2022-07-29,95333.70,96654.20,94428.20,94670.50,77999005696.00,956043821056.00
2022-08-01,94620.80,96221.80,94231.30,95435.70,73443975168.00,935874920448.00
2022-08-02,94026.70,95742.10,93086.50,93982.70,97455423488.00,1113313509376.00
2022-08-03,95074.10,96675.70,93238.20,93725.60,83386605568.00,1036834373632.00
2022-08-04,94560.30,95643.00,93130.60,93678.60,67550298112.00,838452051968.00
2022-08-05,93906.50,95007.30,93723.00,94752.90,71086850048.00,909720092672.00
2022-08-08,94621.20,96668.90,94494.50,95369.00,66161143808.00,872394129408.00
2022-08-09,95138.00,96842.30,95062.50,95318.60,66942599168.00,882490998784.00
2022-08-10,95067.10,96519.60,94551.40,94786.30,67058315264.00,894953586688.00
2022-08-11,95329.50,96693.60,95227.60,96337.00,77402333184.00,995746578432.00
2022-08-12,96155.10,97677.10,95277.40,95341.90,77491904512.00,928353878016.00
2022-08-15,95186.60,97359.00,95186.60,95782.50,73150652416.00,915733479424.00
2022-08-16,95941.60,97850.10,95941.60,96195.90,78070718464.00,957212131328.00
2022-08-17,96336.00,97713.50,96220.30,96815.10,82467291136.00,1010458099712.00
2022-08-18,96534.00,98056.00,96534.00,97080.70,78845968384.00,979885948928.00
2022-08-19,97120.50,98081.00,95937.00,95983.50,83489333248.00,1041998741504.00
2022-08-22,96017.60,97881.60,95766.80,96796.10,76414713856.00,956508602368.00
2022-08-23,96565.40,98299.00,96565.40,96907.20,76400803840.00,940067651584.00
2022-08-24,97106.90,97480.20,94383.20,94550.80,89257795584.00,1057587920896.00
2022-08-25,95055.20,95386.00,93171.20,94099.20,79154905088.00,929087946752.00
2022-08-26,94280.90,96158.00,92789.60,92980.40,72121589760.00,872880930816.00
2022-08-29,91745.60,94278.70,91745.60,92587.10,68106326016.00,791328587776.00
2022-08-30,92524.50,93411.50,90784.60,90854.40,69336506368.00,789349072896.00
2022-08-31,90502.00,91054.10,88627.50,89009.10,79162949632.00,944074391552.00
2022-09-01,88987.90,90429.00,87378.00,87552.10,65711161344.00,744842526720.00
2022-09-02,87801.90,89131.40,86667.30,86892.60,61140963328.00,696869847040.00
2022-09-05,86712.80,88407.10,85995.00,86260.40,63542579200.00,719593275392.00
2022-09-06,86406.60,88229.30,86406.60,87716.10,71080820736.00,819708035072.00
2022-09-07,87648.40,89649.60,87414.60,87950.80,70731513856.00,816960307200.00
2022-09-08,87797.10,88887.10,86120.40,86199.00,66703867904.00,743963033600.00
2022-09-09,86316.10,87211.60,85609.70,85660.80,65087389696.00,734863425536.00
2022-09-13,86052.10,86854.60,84905.30,84997.20,63231344640.00,728458788864.00
2022-09-14,83794.50,85306.40,83100.60,83157.70,60144791552.00,679663370240.00
2022-09-15,83173.40,83600.80,80839.00,81616.90,75619221504.00,863415762944.00
2022-09-16,81494.90,82439.20,79569.30,79655.40,69907341312.00,752693215232.00
2022-09-19,79512.10,80825.70,78022.50,78078.60,56907902976.00,620135251968.00
2022-09-20,78758.00,80220.10,77804.90,77901.80,53222404096.00,612180033536.00
2022-09-21,77313.20,78378.60,76626.70,76677.80,55781265408.00,598532554752.00
2022-09-22,76182.40,78027.70,75427.80,75461.20,53432025088.00,600290295808.00
2022-09-23,75464.70,76052.00,73480.90,73509.90,57408200704.00,626019794944.00
2022-09-26,73028.60,74860.40,72223.10,72366.60,57772281856.00,626622529536.00
2022-09-27,72785.60,73516.60,72361.90,73144.80,54276046848.00,623797141504.00
2022-09-28,72911.90,73289.40,70493.10,70508.60,54416883712.00,608851525632.00
2022-09-29,71296.10,71974.30,69542.20,69876.40,53531058176.00,585081552896.00
2022-09-30,69911.50,70388.20,67848.40,67888.00,47882911744.00,525682081792.00
2022-10-10,68064.50,68885.20,66063.40,66292.30,53186113536.00,583058194432.00
2022-10-11,66470.60,67283.10,65926.20,66084.40,47760220160.00,525354860544.00
2022-10-12,65957.90,68295.90,65026.10,68295.90,58383003648.00,662060007424.00
2022-10-13,67737.50,69876.50,67737.50,68804.30,59052281856.00,679107297280.00
2022-10-14,69474.00,72265.40,69474.00,71971.80,65333837824.00,797991370752.00
2022-10-17,71796.30,73750.70,71796.30,73375.60,63040356352.00,740793974784.00
2022-10-18,73675.20,75068.80,73675.20,74051.30,62013054976.00,734524604416.00
2022-10-19,73747.30,75180.90,73369.00,73391.60,58430353408.00,704828735488.00
2022-10-20,72867.80,75019.70,72867.80,73414.70,60621291520.00,730207289344.00
2022-10-21,73421.90,74458.60,73058.30,73205.00,57641742336.00,655149891584.00
2022-10-24,73312.70,75020.40,72855.30,73374.40,69139111936.00,817873223680.00
2022-10-25,72991.30,75114.90,72891.90,73807.90,63493431296.00,743542489088.00
2022-10-26,73915.20,77198.20,73915.20,76302.60,69164007424.00,842227253248.00
2022-10-27,76577.90,78303.00,76577.90,76928.50,67664138240.00,850927616000.00
2022-10-28,76236.00,77697.10,75324.40,75683.70,71759446016.00,838501728256.00
2022-10-31,75269.00,78386.50,75269.00,77042.60,67974275072.00,805303812096.00
2022-11-01,77281.80,80776.40,77281.80,80776.40,72920383488.00,905669115904.00
2022-11-02,80552.00,84117.80,80552.00,83685.90,77407076352.00,970104700928.00
2022-11-03,82832.00,85302.80,82832.00,83919.00,64532746240.00,810243391488.00
2022-11-04,84177.70,87904.00,84177.70,87723.90,77977083904.00,1000822145024.00
2022-11-07,87748.80,89834.30,87748.80,88721.80,76020662272.00,931697852416.00
2022-11-08,88686.70,89344.40,87323.70,87718.10,64318685184.00,775153057792.00
2022-11-09,87753.60,88952.00,86266.30,86315.80,61749075968.00,725009694720.00
2022-11-10,85702.20,86868.70,84961.70,85077.60,68166885376.00,778680205312.00
2022-11-11,87463.50,89033.30,87463.50,88273.60,98963005440.00,1143630856192.00
2022-11-14,88609.60,90616.70,88392.00,89231.00,86593314816.00,1003168071680.00
2022-11-15,89191.00,92237.40,89094.10,92094.20,81862926336.00,982701572096.00
2022-11-16,92051.20,93716.80,91074.20,91203.30,75580563456.00,881007788032.00
2022-11-17,90727.80,91599.10,90203.30,90975.50,71167737856.00,848688316416.00
2022-11-18,91206.40,92659.40,90382.90,90571.10,77733117952.00,912804478976.00
2022-11-21,89789.80,91400.30,89690.60,89865.80,66403786752.00,792858263552.00
2022-11-22,89699.50,90325.00,87889.50,88212.20,74663600128.00,826937245696.00
2022-11-23,87931.40,88398.00,87125.10,87196.50,71730290688.00,773168496640.00
2022-11-24,87617.20,88298.10,85995.50,86066.90,63187296256.00,698922303488.00
2022-11-25,85651.70,86371.00,84180.50,84207.80,66867732480.00,693458829312.00
2022-11-28,82864.80,84782.70,82814.00,83098.60,66932682752.00,711359201280.00
2022-11-29,83827.80,86244.80,83827.80,85800.90,84788797440.00,910942732288.00
2022-11-30,85796.50,87333.50,85574.90,86239.70,83706363904.00,877797638144.00
2022-12-01,87557.60,89394.20,87557.60,88200.40,86804316160.00,997232017408.00
2022-12-02,87917.30,89624.50,87684.10,87739.30,72357945344.00,809476751360.00
2022-12-05,88550.30,90220.20,88483.60,89798.90,92107169792.00,995052683264.00
2022-12-06,89520.40,91527.80,89497.90,90237.40,81578590208.00,939440013312.00
2022-12-07,90073.20,91359.20,90057.70,90418.70,78688608256.00,896205914112.00
2022-12-08,90418.40,91314.40,89493.30,89572.30,74809376768.00,818153455616.00
2022-12-09,89560.70,90603.00,89541.10,90528.50,82039611392.00,934255263744.00
2022-12-12,90505.00,91396.80,89852.60,89919.50,74927652864.00,848587915264.00
2022-12-13,89914.40,90561.80,88381.50,88447.30,68323946496.00,767054053376.00
2022-12-14,88432.10,89243.30,87098.60,87231.10,66007564288.00,759314710528.00
2022-12-15,87201.00,88136.90,86164.00,86267.10,62583549952.00,723714375680.00
2022-12-16,85830.00,86608.50,84413.80,84641.60,65240809472.00,717667631104.00
2022-12-19,84613.20,84991.20,81698.50,82015.90,66899607552.00,717596459008.00
2022-12-20,81718.10,82024.50,79475.70,79491.20,53874950144.00,607514918912.00
2022-12-21,79494.10,79840.60,77079.60,77154.10,49633726464.00,543622266880.00
2022-12-22,77282.00,77995.60,75089.50,75269.80,56263372800.00,624699572224.00
2022-12-23,74810.50,75864.90,73166.10,73422.80,49878638592.00,549996068864.00
2022-12-26,73535.80,74898.30,73391.10,73500.50,51528531968.00,584274804736.00
2022-12-27,73714.40,74193.40,73171.20,73208.60,56036188160.00,627889799168.00
2022-12-28,72865.80,73550.20,71856.10,71883.80,56181489664.00,615046447104.00
2022-12-29,71575.60,72415.50,70614.00,70643.30,53018628096.00,580094394368.00
2022-12-30,70987.90,71508.40,69868.50,69917.10,53195227136.00,570862075904.00
2023-01-03,69846.70,71846.60,69846.70,71836.80,66764713984.00,741520572416.00
2023-01-04,71917.10,73135.50,71857.40,72258.20,67518685184.00,740202512384.00
2023-01-05,72423.40,74318.80,72402.80,73949.80,65705324544.00,795859288064.00
2023-01-06,73973.30,75519.70,73973.30,74681.00,65269907456.00,786339004416.00
2023-01-09,75031.70,76664.90,75031.70,75677.90,60770877440.00,759102767104.00
2023-01-10,75651.30,76677.50,75593.00,75681.90,56504180736.00,703551242240.00
2023-01-11,75656.60,76713.00,74827.30,74944.80,57649692672.00,695573676032.00
2023-01-12,75242.30,76216.90,74345.50,74434.90,54724558848.00,640338624512.00
2023-01-13,74653.60,75251.60,74032.40,74463.20,54227415040.00,660745617408.00
2023-01-16,74666.30,77601.40,74666.30,76897.00,68580265984.00,856662212608.00
2023-01-17,76980.10,77888.40,76230.60,76380.20,54718713856.00,657703108608.00
2023-01-18,76486.50,77300.00,75389.40,75462.60,51680890880.00,595422806016.00
2023-01-19,75250.10,76023.00,75202.50,75445.40,54222553088.00,638877630464.00
2023-01-20,75477.00,76858.20,75477.00,76218.90,60638552064.00,702944313344.00
2023-01-30,77875.40,80150.60,77875.40,79626.20,82391121920.00,995894951936.00
2023-01-31,79560.30,81113.60,79537.00,80391.40,73313337344.00,845537148928.00
2023-02-01,80590.00,83237.20,80580.90,83237.20,82440060928.00,945262297088.00
2023-02-02,83288.70,85306.00,83288.70,84674.80,80867319808.00,956827566080.00
2023-02-03,84393.40,85228.90,84223.40,84883.40,72753070080.00,856563777536.00
2023-02-06,84568.70,85989.90,84352.00,84508.20,67739025408.00,814911782912.00
2023-02-07,84632.00,85452.40,84389.50,84580.20,67802300416.00,786697814016.00
2023-02-08,84704.10,85345.20,83407.10,83464.50,65014054912.00,752051683328.00
2023-02-09,83171.50,85097.50,83171.50,85024.20,68152016896.00,834801238016.00
2023-02-10,85040.40,86226.90,84608.50,84698.40,70290096128.00,826655309824.00
2023-02-13,84787.60,86719.50,84786.80,86517.70,74864664576.00,912497836032.00
2023-02-14,86653.40,87921.60,86442.30,86654.30,70545760256.00,855124344832.00
2023-02-15,86660.00,87686.10,86660.00,87073.80,71933190144.00,873910697984.00
2023-02-16,87021.10,88640.70,86592.00,87593.50,96480288768.00,1117439131648.00
2023-02-17,87627.10,88622.50,86469.40,86526.90,71726653440.00,857846972416.00
2023-02-20,86741.10,88580.00,86681.30,88580.00,75015643136.00,894991925248.00
2023-02-21,88560.70,90385.50,88541.90,88952.10,74160955392.00,868653924352.00
2023-02-22,88332.40,89573.30,87592.60,87737.30,61319974912.00,736405422080.00
2023-02-23,87777.10,88658.20,86446.70,86649.00,63314452480.00,758712565760.00
2023-02-24,86714.90,87274.00,85000.00,85021.80,54996770816.00,680461402112.00
2023-02-27,84892.10,85854.60,83484.00,83582.70,56717369344.00,701470212096.00
2023-02-28,84011.80,84794.20,82898.10,83559.30,58482720768.00,704062554112.00
2023-03-01,83437.70,85352.90,83437.70,84951.70,71632805888.00,859312947200.00
2023-03-02,84913.20,86243.80,84908.90,85098.90,74221936640.00,872846196736.00
2023-03-03,85047.30,86170.10,84967.10,85058.60,71485440000.00,810306568192.00
2023-03-06,85147.60,86446.00,85127.10,85802.50,70918127616.00,883222642688.00
2023-03-07,85660.50,86605.80,84599.30,84702.90,78192599040.00,873568534528.00
2023-03-08,84462.40,85779.00,83582.70,83979.90,56074223616.00,666868711424.00
2023-03-09,83985.30,84650.30,82997.40,83066.20,57755717632.00,697363136512.00
2023-03-10,82674.20,83545.80,81570.30,81599.30,62618697728.00,748068012032.00
2023-03-13,81580.00,82796.30,81580.00,82402.20,64237883392.00,779661803520.00
2023-03-14,82237.10,83033.80,82090.60,82446.90,69821554688.00,858069336064.00
2023-03-15,82900.30,84241.50,82400.40,82485.90,63822815232.00,748510707712.00
2023-03-16,81985.90,83075.20,81255.50,81363.40,66857148416.00,781999013888.00
2023-03-17,82026.40,83973.10,81996.80,83273.10,72878104576.00,889660440576.00
2023-03-20,83566.80,85934.20,83562.70,84542.50,81020395520.00,968488452096.00
2023-03-21,84691.00,86098.00,84674.60,85719.50,67251613696.00,824524013568.00
2023-03-22,85977.40,87574.80,85977.40,86804.80,71939235840.00,881828954112.00
2023-03-23,86552.10,88356.00,86552.10,88356.00,72353300480.00,927984975872.00
2023-03-24,88382.00,89898.20,88382.00,89517.70,78271258624.00,983220027392.00
2023-03-27,89532.60,91529.60,89532.60,91008.20,81112334336.00,1044618739712.00
2023-03-28,90808.70,91880.50,89950.80,90121.80,72373633024.00,924188672000.00
2023-03-29,90179.90,91196.80,89944.60,90105.90,69216788480.00,893616062464.00
2023-03-30,90194.60,91018.00,89659.40,89942.10,67528622080.00,865454850048.00
2023-03-31,90011.70,91337.10,89933.30,90988.50,66673733632.00,873085140992.00
2023-04-03,91192.30,94836.50,91192.30,94836.50,83274620928.00,1140090077184.00
2023-04-04,94747.90,97411.50,94747.90,96929.40,86682918912.00,1190586744832.00
2023-04-06,96316.30,98806.10,96316.30,97901.70,75487076352.00,1055770083328.00
2023-04-07,98012.70,99721.20,97939.80,98551.30,68796465152.00,941180780544.00
2023-04-10,98926.30,100526.40,97736.10,97975.10,79273795584.00,1092731797504.00
2023-04-11,98081.30,99707.10,97970.50,98331.50,72211685376.00,973319372800.00
2023-04-12,98296.90,100545.50,98252.40,99621.60,77359595520.00,1024549781504.00
2023-04-13,99277.10,100818.70,98388.00,98554.70,79611355136.00,1031995981824.00
2023-04-14,98922.20,100204.00,98922.20,99385.20,75424776192.00,998516129792.00
2023-04-17,99207.70,101265.00,99207.70,99861.50,80387268608.00,1014516744192.00
2023-04-18,99529.90,101044.00,99529.90,99762.90,72660656128.00,963589832704.00
2023-04-19,99682.70,101135.80,99199.30,99404.40,74052796416.00,978322063360.00
2023-04-20,99424.30,101000.00,99424.30,100578.70,75669053440.00,1012707688448.00
2023-04-21,100589.20,101660.80,98358.40,98400.50,83764461568.00,1094193512448.00
2023-04-24,98511.00,99845.80,97514.10,98044.30,75797422080.00,981889712128.00
2023-04-25,97924.60,98586.90,96376.30,97144.90,82172575744.00,1031870742528.00
2023-04-26,96851.00,98631.90,96851.00,97209.00,77340655616.00,1020664479744.00
2023-04-27,96653.60,98655.20,96229.60,96653.10,73800802304.00,955771650048.00
2023-04-28,96667.00,99667.50,96667.00,99288.60,83419504640.00,1021326000128.00
2023-05-04,99243.20,101415.80,99243.20,100550.90,94471815168.00,1087127289856.00
2023-05-05,100376.50,101555.70,99419.70,99559.90,85852856320.00,991676006400.00
2023-05-08,99848.50,102099.70,99807.90,101199.90,95504130048.00,1064816934912.00
2023-05-09,101088.60,103368.70,100858.90,100948.70,103497031680.00,1143425073152.00
2023-05-10,100731.20,102088.80,99639.00,100179.80,82317123584.00,948384038912.00
2023-05-11,100562.10,101244.30,98584.80,98616.70,72162181120.00,834245033984.00
2023-05-12,98328.60,99441.70,95678.30,95726.30,69872492544.00,788802306048.00
2023-05-15,95917.40,96632.80,95017.10,96165.80,75557691392.00,874149314560.00
2023-05-16,96028.50,96694.90,93656.40,93849.00,65841209344.00,801472708608.00
2023-05-17,93450.60,94985.90,92395.60,92601.20,59491745792.00,720315416576.00
2023-05-18,92670.00,94217.50,92315.30,92386.90,66233298944.00,808199847936.00
2023-05-19,92192.40,93060.60,90970.20,91007.10,62028877824.00,769031602176.00
2023-05-22,90965.20,91896.70,89621.90,89665.10,60279754752.00,732205088768.00
2023-05-23,89496.90,89957.50,87072.00,87073.70,59989823488.00,709035884544.00
2023-05-24,87046.70,87905.80,85782.50,85800.80,61673881600.00,735979831296.00
2023-05-25,85823.00,86778.60,84475.60,85340.40,64405323776.00,790160277504.00
2023-05-26,85199.10,86301.30,85078.90,85113.40,60327477248.00,754563022848.00
2023-05-29,85575.70,86888.30,85023.80,85134.70,67394412544.00,842078027776.00
2023-05-30,84830.40,86125.60,84783.00,86054.70,68307181568.00,863808978944.00
2023-05-31,85839.30,87128.50,85559.30,85948.60,66307883008.00,860689858560.00
2023-06-01,85946.10,87967.50,85567.40,86569.40,71061086208.00,905053077504.00
2023-06-02,86584.10,88242.40,86584.10,86978.70,68271353856.00,867918872576.00
2023-06-05,87069.30,88605.10,86665.20,86779.30,63614689280.00,799874547712.00
2023-06-06,86476.70,87638.20,84827.10,85144.00,70454083584.00,862955175936.00
2023-06-07,85134.30,86315.50,84275.10,84560.40,59058200576.00,750686175232.00
2023-06-08,84380.80,85164.00,83651.50,83711.30,64518438912.00,791755161600.00
2023-06-09,83795.30,85167.80,83795.30,85151.50,69764915200.00,896592052224.00
2023-06-12,85537.30,87164.80,85537.30,86303.50,69870403584.00,886143713280.00
2023-06-13,86141.90,87729.90,86141.90,86855.60,66308263936.00,865695039488.00
2023-06-14,86884.70,88322.00,86884.70,87327.50,71109623808.00,924115206144.00
2023-06-15,87390.30,89014.20,87390.30,88660.80,72506195968.00,986248970240.00
2023-06-16,88611.90,90611.50,88611.90,90515.60,73088598016.00,981751693312.00
2023-06-19,90526.60,92377.10,90526.60,91728.70,73451667456.00,1009038196736.00
2023-06-20,91649.30,92874.60,91496.80,92095.60,70243319808.00,991655624704.00
2023-06-21,91655.40,92415.50,89555.90,89591.10,69177589760.00,935296040960.00
2023-06-26,88923.70,90193.90,87292.20,87550.40,71194337280.00,898631925760.00
2023-06-27,87771.40,88963.80,87697.10,87807.80,63987720192.00,773892800512.00
2023-06-28,87469.90,87567.30,86422.40,86552.20,65715847168.00,814137344000.00
2023-06-29,86584.70,87614.30,86363.90,86380.50,61291261952.00,794420772864.00
2023-06-30,86361.00,87711.10,86110.30,86996.30,65089077248.00,843308007424.00
2023-07-03,87428.40,88962.40,87428.40,87898.90,73275637760.00,939410653184.00
2023-07-04,87772.20,89105.10,87772.20,88192.90,65834831872.00,850961039360.00
2023-07-05,88018.60,89018.50,86511.00,86668.00,63247724544.00,798172774400.00
2023-07-06,86417.10,88149.30,85633.90,85750.60,60909355008.00,755422134272.00
2023-07-07,85564.00,85940.00,83996.40,84034.10,62415155200.00,739411886080.00
2023-07-10,84543.80,85375.70,83114.30,83168.80,56629587968.00,706902360064.00
2023-07-11,83168.20,84155.50,82815.50,82914.60,56307236864.00,712145371136.00
2023-07-12,82827.80,83763.80,81575.90,81742.20,67029381120.00,844587139072.00
2023-07-13,82054.60,83454.50,82054.60,83157.20,65639112704.00,855985553408.00
2023-07-14,83356.90,84706.10,83271.60,83359.90,65787543552.00,854403514368.00
2023-07-17,83052.00,84228.40,82127.80,82340.60,59924791296.00,746214785024.00
2023-07-18,82350.00,82891.30,81052.50,81114.00,58307239936.00,720024829952.00
2023-07-19,81134.40,81768.00,79564.90,79658.70,53216464896.00,647591493632.00
2023-07-20,79746.50,80253.60,77728.60,77894.70,61038800896.00,732769812480.00
2023-07-21,77846.40,78757.80,76563.00,76627.40,58443431936.00,662740467712.00
2023-07-24,76413.50,78012.30,75427.70,75488.20,55839518720.00,614411534336.00
2023-07-25,76633.50,78651.80,76544.10,78342.70,77329350656.00,896613941248.00
2023-07-26,78068.00,79155.50,77320.30,77542.40,71979704320.00,743230930944.00
2023-07-27,77533.00,78753.60,76697.00,76862.90,73424117760.00,732371615744.00
2023-07-28,76582.20,79169.00,76582.20,79169.00,86624296960.00,895193907200.00
2023-07-31,79678.20,83048.20,79678.20,82603.50,97808687104.00,1045630943232.00
2023-08-01,82369.10,84169.30,82369.10,83271.50,92727148544.00,905032368128.00
2023-08-02,83010.20,84468.80,82754.10,82906.40,82104696832.00,785451778048.00
2023-08-03,82692.30,83749.50,82692.30,82992.20,78832607232.00,786534825984.00
2023-08-04,83640.00,85379.30,83640.00,84878.80,94298365952.00,997087117312.00
2023-08-07,84653.20,86160.60,84312.00,84613.60,76227633152.00,835475210240.00
2023-08-08,84533.10,85228.90,83347.40,83390.90,68372377600.00,753033019392.00
2023-08-09,83061.00,83811.80,81430.00,81566.10,61851246592.00,691701284864.00
2023-08-10,81436.40,82328.00,80301.10,80420.10,59886985216.00,652232032256.00
2023-08-11,80326.80,80691.30,78127.20,78220.50,68981800960.00,720839901184.00
2023-08-14,78065.70,78820.00,77700.30,77977.80,63282343936.00,698087178240.00
2023-08-15,77938.00,78569.60,76386.40,76622.00,59117391872.00,660099629056.00
2023-08-16,76260.00,76866.30,74943.30,74966.50,60267995136.00,659412418560.00
2023-08-17,74622.50,75994.20,74570.00,75159.00,63041978368.00,692966457344.00
2023-08-18,75355.30,75967.50,73355.50,73362.30,64117702656.00,690192384000.00
2023-08-21,73267.00,74465.90,71927.00,71933.60,57337950208.00,633786859520.00
2023-08-22,72612.30,73190.40,71462.50,73184.70,67962613760.00,764402270208.00
2023-08-23,72810.80,73175.60,71038.20,71076.70,59615457280.00,663991812096.00
2023-08-24,71139.40,72655.60,71139.40,71484.60,65223663616.00,738414034944.00
2023-08-25,70923.40,72173.20,69931.00,70265.00,66492678144.00,716559941632.00
2023-08-28,74805.60,75891.00,73629.60,73986.60,99424509952.00,1059686514688.00
2023-08-29,73780.90,78046.80,73780.90,77903.70,88234106880.00,959084822528.00
2023-08-30,78017.90,80226.20,78017.90,79274.50,79524847616.00,892905848832.00
2023-08-31,78951.10,80264.90,78420.30,78578.50,68970307584.00,747846828032.00
2023-09-01,78986.50,79918.90,77752.80,77884.70,63391625216.00,683835981824.00
2023-09-04,78390.10,80167.90,78378.90,79590.00,76401025024.00,821677391872.00
2023-09-05,79321.30,80234.50,78559.70,78647.10,66298015744.00,740631969792.00
2023-09-06,78576.40,79154.10,78133.90,78364.50,62234341376.00,704467435520.00
2023-09-07,78212.60,78821.50,76557.40,76586.40,63945211904.00,703172182016.00
2023-09-08,76303.00,77028.20,75530.60,75549.90,55375482880.00,623473393664.00
2023-09-11,75704.90,77435.50,75584.90,76650.20,66329063424.00,771744858112.00
2023-09-12,76527.80,77398.50,75622.30,75659.80,56255340544.00,655560671232.00
2023-09-13,75443.80,75990.70,73787.30,74030.30,59106545664.00,648004435968.00
2023-09-14,73965.60,74497.00,72604.90,72735.40,58623447040.00,622231879680.00
2023-09-15,72947.60,73801.70,72055.60,72407.30,60787630080.00,667851292672.00
2023-09-18,72104.90,73929.80,72070.60,72257.90,58011664384.00,650024714240.00
2023-09-19,72059.40,72422.10,70767.10,70785.70,55766376448.00,593166204928.00
2023-09-20,70583.10,71268.10,69012.10,69027.50,51126722560.00,536399216640.00
2023-09-21,68829.30,69639.80,67614.00,67631.40,51472420864.00,544760070144.00
2023-09-22,67569.80,69523.80,67569.80,69523.80,63797641216.00,714122985472.00
2023-09-25,69512.20,70486.40,69141.80,69173.40,58757394432.00,668981395456.00
2023-09-26,69087.50,70095.50,68391.20,68399.10,52397543424.00,617546973184.00
2023-09-27,68417.50,69808.40,68417.50,68640.10,56976240640.00,664278859776.00
2023-09-28,68957.30,69903.00,68907.60,69096.90,57397821440.00,666243891200.00
2023-10-09,69109.70,70417.70,69081.20,69512.10,63598768128.00,720916709376.00
2023-10-10,69905.70,70854.20,69554.10,69661.80,63729070080.00,725860155392.00
2023-10-11,69837.30,71627.40,69837.30,70613.50,65041575936.00,778043785216.00
2023-10-12,71155.10,72145.50,71038.80,71653.00,66226487296.00,774607405056.00
2023-10-13,71230.30,72594.40,71230.30,71667.40,64602628096.00,754821890048.00
2023-10-16,71678.90,72642.90,71011.80,71383.60,67214548992.00,757597405184.00
2023-10-17,71393.40,72001.00,70872.60,71062.40,62171041792.00,687912255488.00
2023-10-18,70760.70,71567.60,70097.00,70161.30,64673300480.00,716571148288.00
2023-10-19,69678.00,71447.80,69454.50,69533.10,68131983360.00,754058133504.00
2023-10-20,69178.30,70248.30,68431.90,68582.40,61968109568.00,677341298688.00
2023-10-23,68262.10,68874.20,66860.30,67303.90,64652505088.00,670158290944.00
2023-10-24,67778.70,69805.00,67642.10,68847.90,69658550272.00,751208693760.00
2023-10-25,69499.50,71587.80,69469.20,70553.20,75657363456.00,821315305472.00
2023-10-26,70205.10,71776.30,70205.10,71321.40,71187030016.00,792075304960.00
2023-10-27,71032.70,73769.10,71032.70,73680.40,77883465728.00,898722037760.00
2023-10-30,73629.50,76695.10,73629.50,76680.10,82729377792.00,954698039296.00
2023-10-31,76681.60,77956.00,76469.00,76810.20,75350933504.00,851650936832.00
2023-11-01,76941.10,77974.70,76486.80,76548.60,67148226560.00,756927299584.00
2023-11-02,76673.50,77290.20,75185.80,75221.40,65693769728.00,717488259072.00
2023-11-03,75398.80,77279.30,75398.80,76172.80,66046386176.00,749757136896.00
2023-11-06,76890.20,79875.50,76890.20,79829.50,86473990144.00,985388810240.00
2023-11-07,79643.10,81348.50,79643.10,81072.80,79642402816.00,923137212416.00
2023-11-08,80929.60,82881.40,80929.60,82196.50,82955313152.00,959086919680.00
2023-11-09,82061.40,83273.50,81617.40,81735.20,76144017408.00,894700290048.00
2023-11-10,81232.10,82384.40,80546.80,80588.40,66116337664.00,767815516160.00
2023-11-13,81000.80,82360.90,80838.50,81086.60,69627920384.00,807819476992.00
2023-11-14,81031.80,82533.20,80994.10,81533.80,71792402432.00,821994848256.00
2023-11-15,82387.60,83430.70,82216.10,82423.50,75856723968.00,911518990336.00
2023-11-16,82029.10,83218.80,81091.20,81107.30,67881209856.00,788056768512.00
2023-11-17,81049.80,81822.10,80641.90,80845.50,66660749312.00,766406950912.00
2023-11-20,80996.90,82310.10,80996.90,81627.80,72961499136.00,851688882176.00
2023-11-21,81787.90,83164.10,81372.60,81612.80,84147150848.00,931003367424.00
2023-11-22,81269.40,82219.80,80159.80,80171.90,75399659520.00,819651936256.00
2023-11-23,80083.50,81312.60,80020.90,80142.30,70940467200.00,774404308992.00
2023-11-24,80091.00,80522.30,78429.90,78485.90,72101208064.00,763855372288.00
2023-11-27,78346.10,79286.20,78119.00,78154.70,70941106176.00,771777757184.00
2023-11-28,77987.60,79302.10,77711.00,77947.60,63592620032.00,716280758272.00
2023-11-29,77843.80,78738.20,76840.60,76878.50,64798126080.00,716465831936.00
2023-11-30,76992.00,77803.50,75895.50,76387.40,64935505920.00,718078017536.00
2023-12-01,76255.90,77205.40,76235.80,77008.80,68749197312.00,778389618688.00
2023-12-04,77234.70,78606.10,77078.80,77091.00,68817649664.00,791557242880.00
2023-12-05,77081.10,77474.60,75481.30,75498.80,68161630208.00,769196294144.00
2023-12-06,75446.90,76939.00,75358.60,75748.50,68053176320.00,760970215424.00
2023-12-07,75624.00,76519.20,75624.00,75662.80,67158536192.00,755472269312.00
2023-12-08,75697.20,77099.00,75697.20,76772.60,78075551744.00,867370532864.00
2023-12-11,76330.90,78439.80,76260.20,78439.80,76061245440.00,838523944960.00
2023-12-12,78442.90,79451.70,77949.90,78137.50,64786665472.00,730108329984.00
2023-12-13,77921.10,78675.00,76730.80,76778.70,63521767424.00,715065458688.00
2023-12-14,77227.90,77895.80,75521.50,75590.80,62419472384.00,689175658496.00
2023-12-15,75880.80,76674.30,74568.30,74723.40,63546269696.00,688337584128.00
2023-12-18,74437.80,75408.30,72998.50,73175.90,63378411520.00,650321133568.00
2023-12-19,73070.20,73948.80,71698.00,72202.70,57140408320.00,602070384640.00
2023-12-20,72307.60,72704.00,70268.50,70299.90,57719537664.00,623449210880.00
2023-12-21,70007.50,71765.70,70007.50,70872.90,62962835456.00,685241991168.00
2023-12-22,70838.00,71334.60,69821.40,70106.60,67787812864.00,731506278400.00
2023-12-25,70104.00,70845.60,69079.80,69133.20,52978495488.00,566996893696.00
2023-12-26,69100.00,69265.80,67259.30,67349.30,52985147392.00,570677788672.00
2023-12-27,67575.50,67958.00,67079.20,67123.20,56365756416.00,595574784000.00
2023-12-28,66961.60,70154.20,66961.60,69908.20,73183010816.00,826229522432.00
2023-12-29,69988.50,72023.30,69988.50,71535.70,66724528128.00,764230631424.00
2024-01-02,71811.00,72985.80,71616.20,71649.20,67453407232.00,736274415616.00
2024-01-03,71647.20,72336.00,70939.60,71196.90,63750283264.00,686985576448.00
2024-01-04,71043.80,71469.60,70082.00,70221.30,58277277696.00,630456254464.00
2024-01-05,70035.50,71017.10,68757.30,69172.40,65270243328.00,690689409024.00
2024-01-08,68974.40,69624.80,67740.00,67754.10,59496378368.00,615677034496.00
2024-01-09,68012.40,69379.60,67523.20,67799.00,59807358976.00,629315010560.00
2024-01-10,67396.80,68962.10,66776.40,66776.40,57174478848.00,605541105664.00
2024-01-11,66660.90,68505.10,66660.90,68092.10,63298322432.00,667329691648.00
2024-01-12,67989.10,69210.90,67219.30,67258.40,62044479488.00,634569949184.00
2024-01-15,66913.00,68407.10,66559.80,66609.00,55382503424.00,569534119936.00
2024-01-16,66537.40,67354.10,65812.60,66639.60,64002506752.00,642818310144.00
2024-01-17,66374.10,66811.60,64687.50,64699.40,58466897920.00,599822696448.00
2024-01-18,64455.00,66937.20,64396.60,66937.20,81607524352.00,813373587456.00
2024-01-19,66810.50,68031.30,66020.40,66031.60,58758811648.00,626270076928.00
2024-01-22,65880.10,66247.10,63577.00,64293.40,75247067136.00,743862632448.00
2024-01-23,64128.80,66170.90,63675.20,65372.80,67035017216.00,657705402368.00
2024-01-24,65864.60,67070.10,64529.60,67070.10,75958648832.00,719690203136.00
2024-01-25,66887.50,70694.10,66881.90,70694.10,85684985856.00,839329447936.00
2024-01-26,70538.40,72410.90,70538.40,71081.50,81639604224.00,783733030912.00
2024-01-29,71186.10,71784.10,69895.80,69898.20,78602477568.00,757248032768.00
2024-01-30,69239.30,70599.30,67713.40,67816.60,65848233984.00,621629145088.00
2024-01-31,67440.10,68432.00,66162.80,66365.10,78896373760.00,711154794496.00
2024-02-01,66075.60,68706.40,65735.70,66415.30,73189244928.00,656848388096.00
2024-02-02,66677.80,67324.60,63455.80,65719.50,87317512192.00,754941493248.00
2024-02-05,64818.80,66809.30,63025.20,64839.10,98740715520.00,818189369344.00
2024-02-06,63595.20,70586.40,63353.10,69984.90,106674176000.00,865837187072.00
2024-02-07,70044.50,73872.20,69712.30,73418.90,113236516864.00,949416951808.00
2024-02-08,73749.00,78483.30,73749.00,78236.60,112566059008.00,944761012224.00
2024-02-19,79523.30,82076.00,79335.50,81443.30,98831122432.00,888350310400.00
2024-02-20,80959.60,82515.90,80575.00,81666.10,77170769920.00,737789018112.00
2024-02-21,80636.80,85216.50,80636.80,83433.30,96484089856.00,922882408448.00
2024-02-22,83521.10,85454.50,83521.10,84449.90,79327019008.00,772419158016.00
2024-02-23,84973.40,86250.00,84672.20,85917.90,87831134208.00,864128204800.00
2024-02-26,86050.10,87992.70,86050.10,86807.20,94035795968.00,918966763520.00
2024-02-27,86315.80,89416.00,86227.20,89416.00,88158068736.00,918357671936.00
2024-02-28,89644.10,92340.60,88263.30,88280.90,127661260800.00,1264137797632.00
2024-02-29,87753.30,92302.70,87753.30,91997.10,94840020992.00,976073850880.00
2024-03-01,92280.10,94424.20,92280.10,93492.00,89432121344.00,982530523136.00
2024-03-04,93898.90,95527.50,93696.60,94410.50,89418997760.00,1006026686464.00
2024-03-05,93470.20,95300.10,93338.40,93786.70,87168819200.00,997156388864.00
2024-03-06,93331.80,95128.00,93187.50,93285.10,78692753408.00,872736948224.00
2024-03-07,93644.70,94725.10,91592.50,91595.10,86646169600.00,920907808768.00
2024-03-08,92156.90,92915.40,91386.20,91711.30,73420939264.00,802534522880.00
2024-03-11,91595.60,93444.60,91595.60,93444.60,83111313408.00,940247285760.00
2024-03-12,93696.10,95471.30,93686.30,94777.90,95864233984.00,1078243360768.00
2024-03-13,94786.50,96085.70,94540.30,94829.50,87134830592.00,990715838464.00
2024-03-14,94832.70,96139.20,93264.70,93917.80,85100331008.00,942096973824.00
2024-03-15,93794.80,94515.90,93159.80,94197.60,81647542272.00,886272163840.00
2024-03-18,94772.50,96998.60,94772.50,96731.60,94485168128.00,1064521433088.00
2024-03-19,96367.00,98332.10,96070.70,96101.60,89666043904.00,1009224056832.00
2024-03-20,96017.90,97402.30,96017.90,96287.80,83931619328.00,934462816256.00
2024-03-21,96744.40,97936.00,96019.60,96108.60,90237509632.00,993259880448.00
2024-03-22,95859.20,96420.30,95206.00,95234.00,93732585472.00,1027103195136.00
2024-03-25,95182.50,96346.00,92981.00,93009.20,89357180928.00,976437772288.00
2024-03-26,93241.20,93938.70,91518.50,92065.50,81217241088.00,898118123520.00
2024-03-27,91780.00,91933.50,88323.10,88350.40,79284748288.00,837419204608.00
2024-03-28,88453.30,91476.30,88453.30,89862.10,81459478528.00,875832279040.00
2024-03-29,89814.10,90869.90,89246.40,89556.90,76837142528.00,809254191104.00
2024-04-01,89578.40,92733.20,89578.40,91558.90,87305732096.00,942088126464.00
2024-04-02,91562.10,92278.80,90140.20,90621.40,88010006528.00,915921567744.00
2024-04-03,90383.70,91000.60,89298.80,89369.00,83903660032.00,865824538624.00
2024-04-08,89225.20,90717.90,87981.60,88003.00,86580453376.00,882941820928.00
2024-04-09,87957.30,88984.90,87452.30,87609.50,73071550464.00,752195141632.00
2024-04-10,87318.10,87766.40,85180.70,85337.50,77605167104.00,784263675904.00
2024-04-11,85335.70,86669.50,84684.40,84768.50,74302038016.00,764211625984.00
2024-04-12,84887.80,85740.30,83472.50,83655.60,73454043136.00,764655828992.00
2024-04-15,83576.30,85721.20,82899.80,84031.40,98439077888.00,939976753152.00
2024-04-16,83269.40,83532.30,81243.80,81329.00,96102580224.00,893697851392.00
2024-04-17,82394.10,85535.40,82394.10,85249.70,90193027072.00,864090128384.00
2024-04-18,84794.60,87514.70,84786.50,85728.00,88051474432.00,895959760896.00
2024-04-19,85216.10,86840.80,84686.80,84913.50,79824445440.00,813795180544.00
2024-04-22,84449.00,86476.20,83786.80,83806.10,75769356288.00,777393668096.00
2024-04-23,83964.30,84651.90,82761.10,82804.30,70624419840.00,733691445248.00
2024-04-24,83079.00,84519.70,83019.90,83576.40,70822510592.00,748486393856.00
2024-04-25,83196.10,84928.80,82834.80,82886.30,69732057088.00,728009605120.00
2024-04-26,83299.50,86348.90,83299.50,86346.80,95904579584.00,1019831320576.00
2024-04-29,86635.90,90867.50,86635.90,90655.90,106372841472.00,1135038824448.00
2024-04-30,90817.00,92310.70,90580.40,90648.30,94488182784.00,969415000064.00
2024-05-06,92256.30,94440.60,92256.30,93664.00,95564718080.00,1038169079808.00
2024-05-07,93744.40,95232.50,93608.50,93778.90,85714960384.00,910451605504.00
2024-05-08,93181.00,94158.90,91621.10,91666.20,77971865600.00,812602163200.00
2024-05-09,91652.70,93494.90,91652.70,92391.00,79470542848.00,841319383040.00
2024-05-10,92510.00,93034.10,91427.80,91485.10,83813343232.00,857691127808.00
2024-05-13,90814.10,92443.10,90440.20,90626.80,82709831680.00,855524507648.00
2024-05-14,90970.60,91821.40,89917.20,90020.00,75712806912.00,779100094464.00
2024-05-15,89791.40,90706.40,87760.70,87858.20,72624586752.00,721422188544.00
2024-05-16,88090.40,89291.60,87305.50,87574.10,81180999680.00,804261986304.00
2024-05-17,87557.30,88876.50,87365.40,88490.60,85186142208.00,841690578944.00
2024-05-20,88733.00,90938.80,88733.00,89766.70,93392805888.00,940991053824.00
2024-05-21,89302.70,90173.60,87838.00,87949.60,76553756672.00,755294863360.00
2024-05-22,87924.00,88841.20,87369.60,87450.60,77514489856.00,783963848704.00
2024-05-23,87063.40,87557.50,85187.30,85331.90,80534020096.00,800230735872.00
2024-05-24,85107.10,86238.10,83186.10,83240.40,70380724224.00,715609669632.00
2024-05-27,83680.00,84193.90,82897.50,83414.60,71369859072.00,721906565120.00
2024-05-28,83103.60,84327.20,81591.90,81624.90,70145376256.00,695303340032.00
2024-05-29,81797.20,83005.60,80565.80,80705.80,67584933888.00,668100001792.00
2024-05-30,80280.60,81424.30,79111.40,79267.90,68162801664.00,678236717056.00
2024-05-31,79495.40,80556.30,78399.30,78577.50,65501650944.00,668452061184.00
2024-06-03,78534.00,79983.60,77854.80,78343.70,78033600512.00,769517027328.00
2024-06-04,78001.80,78949.80,77668.10,78225.60,70548692992.00,697328336896.00
2024-06-05,77898.20,78937.60,76313.00,76335.40,66597244928.00,642902654976.00
2024-06-06,76539.60,77365.10,75312.60,75518.50,84385939456.00,789743403008.00
2024-06-07,76222.50,77072.20,75256.80,75512.00,69122015232.00,671506563072.00
2024-06-11,75056.30,76262.00,75056.30,75460.70,64414732288.00,647393574912.00
2024-06-12,75423.20,76771.80,75407.70,75448.60,61860352000.00,637909925888.00
2024-06-13,75448.60,76558.00,74841.80,74977.80,64818241536.00,682400219136.00
2024-06-14,74767.50,76022.50,74536.90,75981.60,71200194560.00,770086862848.00
2024-06-17,75638.20,77315.50,75638.20,75935.20,63160782848.00,689237786624.00
2024-06-18,75952.90,77494.10,75952.90,76293.40,64005787648.00,681524199424.00
2024-06-19,76393.10,76874.30,75046.50,75063.50,60467601408.00,648561033216.00
2024-06-20,74901.90,75565.70,73462.20,73486.50,65432342528.00,650918887424.00
2024-06-21,73154.70,74374.50,72297.30,72395.70,55868858368.00,563888128000.00
2024-06-24,71887.80,72553.70,70335.50,70456.00,65062838272.00,634989248512.00
2024-06-25,70468.60,71312.70,69015.80,69361.00,60053323776.00,595719094272.00
2024-06-26,69300.00,70295.10,68965.10,70289.70,63429660672.00,596198359040.00
2024-06-27,69861.20,70538.50,68397.00,68427.80,60482740224.00,584010170368.00
2024-06-28,68293.70,70357.10,68293.70,69040.10,66752823296.00,655886974976.00
2024-07-01,69224.60,69876.60,69219.70,69501.90,62892265472.00,612501225472.00
2024-07-02,69461.80,70530.80,68584.20,68742.20,63714693120.00,605134258176.00
2024-07-03,68690.50,69114.00,67372.60,67409.70,57516269568.00,540027617280.00
2024-07-04,67614.00,68074.10,65614.90,65627.60,61234499584.00,546680897536.00
2024-07-05,65502.00,66022.60,65082.30,65399.30,57473511424.00,536532746240.00
2024-07-08,65399.30,65669.60,63703.90,63902.30,59309035520.00,542671241216.00
2024-07-09,63838.70,66082.30,63767.30,66003.10,69291319296.00,674995372032.00
2024-07-10,65657.20,67429.80,65657.20,65872.80,64186339328.00,635447148544.00
2024-07-11,66861.80,68738.30,66745.20,68225.80,73411379200.00,735488376832.00
2024-07-12,67952.10,69186.10,67933.30,68024.70,65556832256.00,644667604992.00
2024-07-15,67773.50,68606.30,66786.70,66919.50,58645626880.00,560714416128.00
2024-07-16,66724.40,67597.70,66724.40,67178.10,56932982784.00,591218343936.00
2024-07-17,67101.70,67613.30,66425.50,66432.50,60520062976.00,628815560704.00
2024-07-18,65740.10,67156.60,65740.10,66748.50,60128849920.00,619995267072.00
2024-07-19,66274.80,67910.70,66274.80,66970.30,57842659328.00,611666034688.00
2024-07-22,67090.30,68251.40,66898.30,67082.60,57886441472.00,604227043328.00
2024-07-23,66993.10,67374.20,65359.30,65394.20,63162556416.00,613600329728.00
2024-07-24,65256.70,66039.40,64228.90,64391.80,63394807808.00,583852949504.00
2024-07-25,63930.70,65272.80,63762.40,63835.60,57001472000.00,551148912640.00
2024-07-26,63836.00,65360.90,63836.00,64374.60,59359744000.00,569843384320.00
2024-07-29,64442.30,65264.60,63933.30,63958.60,56790237184.00,550980157440.00
2024-07-30,63641.00,64753.20,63426.90,63601.80,59094646784.00,564491976704.00
2024-07-31,63501.70,67631.30,63501.70,67631.30,88101011456.00,847032418304.00
2024-08-01,67939.20,69272.90,67939.20,68214.80,75618566144.00,731682242560.00
2024-08-02,67613.20,69075.20,67151.10,67267.90,71416946688.00,676675911680.00
2024-08-05,66702.10,68458.30,66338.70,66354.60,79357960192.00,740159324160.00
2024-08-06,67431.70,67997.40,66274.60,66874.60,68257054720.00,615203274752.00
2024-08-07,66684.90,67685.80,66043.20,66074.10,60511879168.00,557870350336.00
2024-08-08,65770.80,66904.30,65202.70,65247.70,66444673024.00,583814807552.00
2024-08-09,65802.20,66288.70,64066.00,64066.00,64197746688.00,528441868288.00
2024-08-12,64049.60,64565.50,62322.40,62504.60,57024688128.00,465808949248.00
2024-08-13,62566.30,63198.20,61135.70,61670.00,52985044992.00,450687336448.00
2024-08-14,61653.80,61960.70,60107.20,60109.70,51819413504.00,449695907840.00
2024-08-15,60056.50,61921.90,59915.80,60513.10,65973714944.00,557038698496.00
2024-08-16,60629.50,61451.70,59976.40,60062.40,64740077568.00,558381400064.00
2024-08-19,60010.20,61375.60,59644.50,59706.10,62239158272.00,538142015488.00
2024-08-20,59719.20,59957.90,58380.00,58536.90,63523995648.00,527200419840.00
2024-08-21,58260.00,59099.40,57618.40,57685.00,56245288960.00,481122222080.00
2024-08-22,57731.50,58125.00,56550.00,56672.10,59488530432.00,519054557184.00
2024-08-23,56535.40,57221.70,56128.20,56151.40,55843139584.00,479871172608.00
2024-08-26,56390.00,57374.70,56075.70,56162.70,55740080128.00,497101045760.00
2024-08-27,55868.20,56360.10,54906.50,55041.30,55551606784.00,484222173184.00
2024-08-28,54845.60,55829.10,54508.50,54586.90,54628433920.00,470680928256.00
2024-08-29,54278.40,56123.00,54278.40,55694.10,64002514944.00,574317920256.00
2024-08-30,55836.50,59736.80,55836.50,59490.70,89858129920.00,827995258880.00
2024-09-02,59440.10,60529.30,59226.90,59260.40,75617116160.00,664474943488.00
2024-09-03,59241.70,60768.60,59241.70,59681.90,63254274048.00,547903078400.00
2024-09-04,59389.60,60423.80,58843.90,58926.10,60751208448.00,530809257984.00
2024-09-05,59077.60,60152.80,58711.30,58799.70,57791954944.00,504982536192.00
2024-09-06,58802.40,59506.90,57546.10,57579.00,60479889408.00,513603567616.00
2024-09-09,57347.70,58378.70,56656.20,56817.80,58144231424.00,492455133184.00
2024-09-10,56811.30,57123.70,56248.60,56710.20,59806089216.00,500498661376.00
2024-09-11,56402.60,57306.70,55918.80,56087.10,54108311552.00,471369482240.00
2024-09-12,56331.10,57164.30,55485.70,55508.60,56516849664.00,487792705536.00
2024-09-13,55508.30,56286.90,54691.40,54743.80,58674872320.00,492316229632.00
2024-09-18,54755.50,55231.30,54050.70,54247.60,56917749760.00,451425566720.00
2024-09-19,54255.30,56789.20,54255.30,55867.10,71519485952.00,595926122496.00
2024-09-20,55841.00,56599.50,55561.80,56057.10,65703763968.00,547345956864.00
2024-09-23,56018.30,57290.70,55983.30,56108.00,61157330944.00,523420991488.00
2024-09-24,56604.80,61644.10,56604.80,61644.10,104376999936.00,923532263424.00
2024-09-25,62196.80,67172.30,62196.80,66632.40,126151655424.00,1104653975552.00
2024-09-26,66479.80,73206.00,66479.80,73206.00,125895598080.00,1108259504128.00
2024-09-27,75077.30,82601.90,75077.30,82601.90,141965950976.00,1395252920320.00
2024-09-30,87276.50,105609.20,87276.50,105609.20,236376899584.00,2429411393536.00
2024-10-08,119150.30,132256.91,118610.10,132256.91,281649479680.00,3197361979392.00
2024-10-09,127424.20,140071.41,125674.30,133169.70,219096547328.00,2661894586368.00
2024-10-10,135332.11,141295.41,132716.91,136360.70,174773272576.00,1971840483328.00
2024-10-11,134701.61,136193.91,130079.60,131699.80,133478195200.00,1450760339456.00
2024-10-14,132799.50,137509.61,132041.20,136502.41,136230748160.00,1516459130880.00
2024-10-15,134694.70,140110.20,133625.20,133626.91,133287182336.00,1522860163072.00
2024-10-16,131857.50,135883.30,131201.11,131918.70,119070752768.00,1295470034944.00
2024-10-17,133425.70,135476.91,130336.40,130428.10,125863313408.00,1397996388352.00
2024-10-18,130348.50,141578.41,130146.50,139167.41,159595986944.00,1923829989376.00
2024-10-21,140184.91,146970.91,140121.11,144396.70,157375332352.00,1965173899264.00
2024-10-22,143993.20,147690.30,143993.20,145463.91,145563254784.00,1754573570048.00
2024-10-23,145424.70,149137.20,144766.00,146161.70,152676958208.00,1785358974976.00
2024-10-24,145714.70,147095.80,142973.70,143162.11,123614617600.00,1411351576576.00
2024-10-25,143997.11,147893.80,143866.00,145305.91,141967081472.00,1640112324608.00
2024-10-28,145710.70,149562.11,145648.11,148145.20,159244926976.00,1746877284352.00
2024-10-29,149048.20,152171.50,147558.61,147626.41,171559272448.00,1925001904128.00
2024-10-30,147011.30,150516.70,147011.30,148013.50,156353052672.00,1726862327808.00
2024-10-31,148663.91,154032.20,148506.11,152218.41,184371085312.00,2075968405504.00
2024-11-01,151785.00,154772.20,149604.11,149611.70,199538442240.00,2106145636352.00
2024-11-04,149339.91,153579.20,149339.91,151049.20,146115739648.00,1598115676160.00
2024-11-05,151102.50,159146.00,151076.50,158826.00,185267978240.00,2152146534400.00
2024-11-06,159836.50,165100.91,159836.50,162712.80,206124564480.00,2399409012736.00
2024-11-07,160920.41,169428.41,160920.41,169428.41,213685698560.00,2359880056832.00
2024-11-08,172197.50,176576.50,171741.50,172519.50,215920377856.00,2486064119808.00
2024-11-11,171857.41,178330.50,171857.41,177874.11,187349843968.00,2285227474944.00
2024-11-12,178237.00,181610.30,175508.80,177343.50,189586407424.00,2345923248128.00
2024-11-13,177328.80,179150.70,174770.00,175899.00,153957302272.00,1852084584448.00
2024-11-14,175716.80,176694.50,168059.11,168309.30,142951055360.00,1696804372480.00
2024-11-15,168270.30,170430.70,162011.91,162051.61,143357673472.00,1693411311616.00
2024-11-18,163496.00,164884.41,156269.30,157165.91,157874552832.00,1640983298048.00
2024-11-19,157496.80,159695.00,153311.61,157935.61,136299757568.00,1452299124736.00
2024-11-20,157209.61,160375.41,157209.61,157938.30,134659629056.00,1499596324864.00
2024-11-21,157488.41,159568.11,154849.61,155565.20,131475832832.00,1494492381184.00
2024-11-22,155109.00,156811.41,149106.80,149170.11,151966040064.00,1666691235840.00
2024-11-25,150115.50,150684.11,145005.91,147162.00,127952248832.00,1391437545472.00
2024-11-26,146566.50,148822.41,142089.50,142163.41,115893501952.00,1226811375616.00
2024-11-27,142057.61,143796.70,140367.50,143200.30,127654969344.00,1357610745856.00
2024-11-28,143318.61,145241.30,140482.80,140673.11,133373460480.00,1390976958464.00
2024-11-29,140639.30,145092.30,140398.70,142783.41,143786999808.00,1589003550720.00
2024-12-02,142989.00,147605.91,142989.00,145709.20,156850274304.00,1666613903360.00
2024-12-03,145932.61,147401.50,144438.70,144954.11,156888662016.00,1611044487168.00
2024-12-04,144943.61,146181.41,141577.91,142268.70,151701438464.00,1552053960704.00
2024-12-05,141775.70,144542.30,141509.50,141868.00,135725137920.00,1398217113600.00
2024-12-06,142097.61,145423.11,142097.61,143317.61,168956379136.00,1671266697216.00
2024-12-09,143310.70,145567.20,141568.80,141818.50,161726955520.00,1530678738944.00
2024-12-10,147003.11,149857.30,145480.20,145857.91,192342917120.00,2055813070848.00
2024-12-11,145312.30,148440.41,145312.30,146748.41,165554159616.00,1651228409856.00
2024-12-12,146737.70,149118.50,146737.70,148199.00,170504404992.00,1746198200320.00
2024-12-13,146944.70,149205.20,146723.80,147010.50,180856389632.00,1918803771392.00
2024-12-16,147302.50,148476.50,144051.30,144681.80,151655841792.00,1589210120192.00
2024-12-17,144256.50,145281.00,139376.41,139505.50,139882643456.00,1421040680960.00
2024-12-18,139520.70,141243.20,137756.30,138170.61,122616365056.00,1264251961344.00
2024-12-19,136580.91,138799.20,136580.91,136743.11,124566487040.00,1337848627200.00
2024-12-20,136453.80,139120.80,136398.30,136637.61,118611795968.00,1368797609984.00
2024-12-23,136574.80,137540.11,132086.30,132127.11,131654230016.00,1397173780480.00
2024-12-24,132886.91,134145.11,130642.30,131643.00,110865989632.00,1203331268608.00
2024-12-25,131452.91,131667.70,127742.20,128136.40,111156346880.00,1175893180416.00
2024-12-26,128003.80,130347.10,127775.30,127977.60,98793332736.00,1157216731136.00
2024-12-27,128048.90,130530.00,127331.20,127434.20,114999705600.00,1311180587008.00
2024-12-30,127435.50,129072.00,125361.40,125551.00,103846289408.00,1175864737792.00
2024-12-31,125712.10,126018.20,121367.50,121405.90,112108666880.00,1246816501760.00
2025-01-02,121246.40,122712.80,117546.90,118723.80,121365856256.00,1295843459072.00
2025-01-03,119194.20,119681.20,114169.70,114395.90,117584101376.00,1181972692992.00
2025-01-06,114169.70,116288.90,111313.60,112041.50,99407224832.00,982548742144.00
2025-01-07,112150.80,113921.80,111270.30,112919.90,97522638848.00,991996280832.00
2025-01-08,112072.60,113621.90,109918.60,112561.10,112900489216.00,1144719278080.00
2025-01-09,112264.90,114320.00,111432.50,111432.50,96482287616.00,1027664969728.00
2025-01-10,111318.50,112715.60,107812.70,107813.60,99419832320.00,1050746880000.00
2025-01-13,106390.90,109204.40,105256.00,105852.20,85537529856.00,885039628288.00
2025-01-14,106520.20,111580.50,106191.90,111580.50,112996646912.00,1240262770688.00
2025-01-15,111334.00,113174.90,109966.40,110204.20,100602044416.00,1094782877696.00
2025-01-16,111055.70,113638.60,110252.20,110469.80,108375670784.00,1166272626688.00
2025-01-17,109906.90,111472.60,109515.40,109633.40,93379551232.00,1033290579968.00
2025-01-20,110761.30,112896.20,109507.90,109932.80,96600965120.00,1090463072256.00
2025-01-21,110596.00,111228.30,109488.60,110001.90,95563948032.00,1099354341376.00
2025-01-22,109356.70,110668.70,107872.80,108216.90,87406100480.00,1041695506432.00
2025-01-23,108367.20,112579.70,108367.20,108390.30,107774509056.00,1246291165184.00
2025-01-24,108234.90,110702.40,108234.90,109924.70,96141688832.00,1122137276416.00
2025-01-27,110298.60,111312.80,107063.50,107063.50,89518252032.00,1023526436864.00
2025-02-05,108270.80,110094.70,108211.90,108426.50,95759278080.00,1158929711104.00
2025-02-06,108167.40,113249.30,108167.40,113249.30,113426268160.00,1388547932160.00
2025-02-07,113409.70,119626.50,113409.70,119402.50,144359260160.00,1791408603136.00
2025-02-10,120073.10,123248.30,119972.70,123248.30,132142194688.00,1574640287744.00
2025-02-11,123183.70,125351.70,122996.60,123740.90,124366389248.00,1496962695168.00
2025-02-12,123426.10,126761.10,123426.10,126761.10,123749679104.00,1533437804544.00
2025-02-13,126657.60,128914.20,126657.60,127117.20,137017901056.00,1674684268544.00
2025-02-14,127212.10,129482.90,127212.10,128676.80,128058195968.00,1573267439616.00
2025-02-17,129886.70,133417.11,129873.00,132186.41,141500235776.00,1785829523456.00
2025-02-18,131659.50,133437.00,129451.20,130077.30,136558731264.00,1656354111488.00
2025-02-19,130198.40,134103.91,130198.40,133697.00,121114411008.00,1563688435712.00
2025-02-20,134298.91,136947.41,134298.91,135330.30,124628860928.00,1607890501632.00
2025-02-21,136189.30,141436.91,136189.30,141183.20,146295963648.00,1977867436032.00
2025-02-24,141048.20,145256.00,140867.80,143052.00,143256256512.00,1890518695936.00
2025-02-25,140524.50,144885.80,140524.50,142605.80,129562566656.00,1714983665664.00
2025-02-26,143292.50,146011.20,142993.50,145079.70,134735519744.00,1744614981632.00
2025-02-27,145084.20,146914.61,143614.20,145414.00,146974392320.00,2004242792448.00
2025-02-28,144389.61,145185.30,139826.61,140370.70,139310333952.00,1866642882560.00
2025-03-03,141296.30,144425.11,138658.70,139580.30,122686128128.00,1624429953024.00
2025-03-04,138223.80,141015.80,138223.80,139091.50,106448461824.00,1435348631552.00
2025-03-05,139290.00,140621.20,138271.61,138593.41,112875118592.00,1493602795520.00
2025-03-06,139178.11,143704.50,139178.11,142652.91,135984144384.00,1906152177664.00
2025-03-07,142008.70,144802.50,140906.11,141813.11,133739552768.00,1817966280704.00
2025-03-10,142095.00,143423.50,140153.80,140342.41,112474284032.00,1505389707264.00
2025-03-11,138622.70,141553.61,138272.91,139409.30,111811854336.00,1481633038336.00
2025-03-12,140288.11,142001.80,139358.61,139404.61,125845520384.00,1683510263808.00
2025-03-13,139175.41,139853.61,136012.11,136728.00,124862930944.00,1606397984768.00
2025-03-14,136639.80,140859.80,136501.00,140625.50,134016802816.00,1791501402112.00
2025-03-17,141248.11,143707.41,140242.30,140498.11,121657810944.00,1572730044416.00
2025-03-18,141074.11,142952.30,139781.61,140014.20,112461438976.00,1519439446016.00
2025-03-19,139388.91,140625.00,137235.20,137734.41,109813350400.00,1466232864768.00
2025-03-20,137442.41,138845.00,135430.30,135613.11,111133990912.00,1441304805376.00
2025-03-21,134990.41,136429.70,132295.11,132520.50,125791084544.00,1550423293952.00
2025-03-24,132647.30,133364.41,128733.00,130974.20,124423864320.00,1450380230656.00
2025-03-25,130722.20,132032.30,127414.80,127798.80,105850691584.00,1258000613376.00
2025-03-26,127579.70,130115.60,126175.40,126229.30,99046449152.00,1154075852800.00
2025-03-27,125761.80,127886.70,123891.80,123981.60,98774065152.00,1190381355008.00
2025-03-28,123982.50,125092.20,120870.50,120881.80,96239517696.00,1118771216384.00
2025-03-31,120675.80,121468.90,118195.10,119045.00,103871963136.00,1221300322304.00
2025-04-01,119548.30,121327.40,118027.40,118092.50,92796190720.00,1131944738816.00
2025-04-02,118071.60,119733.30,115663.80,115880.20,80880590848.00,974301036544.00
2025-04-03,115028.40,117151.60,113728.20,113744.50,92271427584.00,1137459593216.00
2025-04-07,107519.10,109446.90,104364.90,105722.20,139040096256.00,1587079544832.00
2025-04-08,105292.30,109957.00,105292.30,109957.00,148031094784.00,1625285591040.00
2025-04-09,107776.80,116588.70,106100.90,116313.40,155645919232.00,1699274293248.00
2025-04-10,119199.60,123984.40,119178.30,121111.20,138842341376.00,1609186541568.00
2025-04-11,120405.70,123650.50,120405.70,122032.20,111300599808.00,1348480794624.00
2025-04-14,123694.60,125999.10,122765.50,122889.10,110090240000.00,1277280518144.00
2025-04-15,122795.50,123307.70,120003.30,120345.60,94086569984.00,1077039202304.00
2025-04-16,120000.70,120683.50,116502.70,117571.50,98462449664.00,1111714955264.00
2025-04-17,116867.30,119318.10,115368.30,115458.70,87558561792.00,999336312832.00
2025-04-18,115258.30,115866.60,112343.70,112518.50,84492886016.00,914518310912.00
2025-04-21,112389.20,114587.10,112290.80,112996.80,91292073984.00,1041175347200.00
2025-04-22,113016.50,114386.00,111564.60,111599.60,97251344384.00,1089829208064.00
2025-04-23,112536.20,113815.50,111956.10,112011.20,103248830464.00,1229580664832.00
2025-04-24,111828.30,113433.00,109877.20,110013.10,97177419776.00,1108858241024.00
2025-04-25,110358.70,111857.10,109441.40,109493.00,99267338240.00,1113407356928.00
2025-04-28,109456.20,110542.60,107467.30,107479.50,96690298880.00,1056155107328.00
2025-04-29,107175.30,109380.20,106671.70,106803.10,89689849856.00,1021926178816.00
2025-04-30,106985.40,109207.60,106985.40,107598.30,99433988096.00,1169124884480.00
2025-05-06,108702.20,111778.70,108702.20,111401.50,110789533696.00,1335983472640.00
2025-05-07,113307.60,114854.80,112505.10,113464.00,122049814528.00,1468097626112.00
2025-05-08,113002.40,115721.40,113002.40,114388.30,106697867264.00,1293258457088.00
2025-05-09,114134.20,115118.60,112275.20,112382.40,99894640640.00,1191885668352.00
2025-05-12,113466.50,116043.30,113414.80,114623.10,101293195264.00,1308275638272.00
2025-05-13,115724.10,117160.50,114100.40,114321.00,103921786880.00,1291365253120.00
2025-05-14,114321.90,116001.40,114270.10,115190.50,108716032000.00,1316599234560.00
2025-05-15,114739.20,115733.60,112458.70,112517.80,99508862976.00,1152244645888.00
2025-05-16,112204.70,114041.60,111462.60,111555.70,93634338816.00,1089431273472.00
2025-05-19,111559.50,112510.80,110605.40,110729.10,95656673280.00,1086305206272.00
2025-05-20,110888.60,112299.60,110731.10,110875.60,100462157824.00,1169533042688.00
2025-05-21,110622.20,111992.90,109984.20,110080.50,99182682112.00,1173260730368.00
2025-05-22,109677.10,111253.20,107942.30,108079.60,95114928128.00,1102519992320.00
2025-05-23,107812.00,109451.50,106511.00,106633.90,96184401920.00,1155386179584.00
2025-05-26,106633.50,108236.90,105774.90,106018.80,83163611136.00,1009772593152.00
2025-05-27,105826.30,106493.70,104198.50,104325.40,84178829312.00,998754222080.00
2025-05-28,104421.90,105233.50,102646.90,102745.90,87676551168.00,1009750769664.00
2025-05-29,102748.00,105631.50,102748.00,104462.40,100534943744.00,1185231142912.00
2025-05-30,104114.80,105050.60,102749.90,102945.50,98101706752.00,1138815926272.00
2025-06-03,102669.20,105374.20,102669.20,103736.60,95833505792.00,1141194883072.00
2025-06-04,103912.80,105865.70,103912.80,104614.90,97419501568.00,1152852688896.00
2025-06-05,104704.60,106110.50,104703.00,106062.50,103531798528.00,1290192027648.00
2025-06-06,105989.50,107404.30,105369.70,105562.40,94324736000.00,1151842123776.00
2025-06-09,105950.30,108799.70,105950.30,107672.90,104249229312.00,1286224871424.00
2025-06-10,107700.50,109005.50,107511.70,108323.20,119258816512.00,1415179796480.00
2025-06-11,108485.90,110783.40,108485.90,109049.10,103964770304.00,1255274184704.00
2025-06-12,108656.50,110801.20,108656.50,109630.30,101495095296.00,1271629873152.00
2025-06-13,109319.80,110668.40,109319.80,109980.10,120848048128.00,1467064778752.00
2025-06-16,109758.00,112614.00,109758.00,110794.00,97373224960.00,1214911217664.00
2025-06-17,110977.00,112218.60,109735.90,110031.90,98675892224.00,1207077437440.00
2025-06-18,109758.90,110828.20,109350.90,109404.60,96631840768.00,1190925828096.00
2025-06-19,109193.50,110189.90,107339.20,107661.60,102540173312.00,1250504343552.00
2025-06-20,107569.60,108515.10,105553.60,105763.70,86673186816.00,1067586945024.00
2025-06-23,105466.10,107714.00,105466.10,106710.60,92274876416.00,1122456961024.00
2025-06-24,106701.40,110672.90,106701.40,109877.50,112782385152.00,1414273302528.00
2025-06-25,110190.60,113897.40,110190.60,113817.60,123121451008.00,1602535161856.00
2025-06-26,113777.60,116708.20,113777.60,115398.40,121785925632.00,1582954708992.00
2025-06-27,115786.60,118636.20,115786.60,117183.50,122193092608.00,1540935647232.00
2025-06-30,117814.10,120454.50,117814.10,119755.20,113336754176.00,1486636843008.00
2025-07-01,119850.80,121602.90,119802.40,120338.80,113965604864.00,1465804652544.00
2025-07-02,120006.50,121273.80,118914.50,119171.70,117616369664.00,1376726679552.00
2025-07-03,119369.20,120958.20,119369.20,119579.70,107736391680.00,1309586751488.00
2025-07-04,119573.30,121302.50,119233.80,119434.00,116722237440.00,1428364853248.00
2025-07-07,119216.80,121054.90,118358.70,118530.80,101500633088.00,1208496816128.00
2025-07-08,118516.60,121124.10,118516.60,120810.40,115925204992.00,1453764116480.00
2025-07-09,120923.20,123228.50,120850.80,121306.80,122674561024.00,1504976175104.00
2025-07-10,121265.80,123194.70,121265.80,122261.20,126580482048.00,1493936111616.00
2025-07-11,122262.00,125967.20,122262.00,125426.90,140670074880.00,1711843966976.00
2025-07-14,125629.20,127860.00,125629.20,125918.60,121830907904.00,1458457673728.00
2025-07-15,126008.90,128253.60,126008.90,127144.30,129782792192.00,1611801296896.00
2025-07-16,127133.60,129515.50,127123.30,127335.60,108705316864.00,1441853734912.00
2025-07-17,127348.30,129699.30,127348.30,129536.60,110722998272.00,1539116367872.00
2025-07-18,129895.40,132236.91,129895.40,130529.70,113773477888.00,1570855976960.00
2025-07-21,130832.10,134131.80,130832.10,133520.61,136549138432.00,1699687038976.00
2025-07-22,133527.30,136944.61,133527.30,136936.50,150159065088.00,1892724899840.00
2025-07-23,136959.11,140095.80,136900.50,138722.11,153990840320.00,1864274673664.00
2025-07-24,138979.11,142706.20,138979.11,142630.50,151477420032.00,1844401799168.00
2025-07-25,142961.00,145385.80,142961.00,144062.11,142083620864.00,1786982170624.00
2025-07-28,144425.80,147464.20,144378.50,145981.11,127721046016.00,1741913980928.00
2025-07-29,145850.91,148306.30,145850.91,148110.91,129778089984.00,1802887757824.00
2025-07-30,147726.41,150148.11,147191.80,148188.70,135043317760.00,1843965067264.00
2025-07-31,148146.11,150709.11,147698.41,148448.80,139516116992.00,1935750332416.00
2025-08-01,148448.50,150568.80,147179.11,147273.91,113339318272.00,1598153687040.00
2025-08-04,146602.91,149088.50,146602.91,147321.41,104642650112.00,1498392166400.00
2025-08-05,147959.80,149809.61,147314.20,147676.80,113704804352.00,1595846426624.00
2025-08-06,147475.61,149930.00,147475.61,148912.00,120765423616.00,1733773623296.00
2025-08-07,149265.61,151103.41,149265.61,149519.20,124619726848.00,1825228849152.00
2025-08-08,149262.30,151495.91,148814.00,148938.00,120761171968.00,1709998473216.00
2025-08-11,149440.91,152857.91,149440.91,151689.20,126439792640.00,1826691219456.00
2025-08-12,152191.61,154513.20,152191.61,153339.30,124512092160.00,1881105760256.00
2025-08-13,153638.61,158018.70,153638.61,158018.70,140796133376.00,2150523994112.00
2025-08-14,158191.91,161501.70,158190.30,158891.30,151494328320.00,2278897483776.00
2025-08-15,158855.20,164300.20,158855.20,164299.00,147650641920.00,2244262494208.00
2025-08-18,165633.61,173341.20,165633.61,172964.00,177686953984.00,2763666489344.00
2025-08-19,172907.70,177819.50,172879.61,176210.80,163768713216.00,2587785691136.00
2025-08-20,175060.50,179231.70,174756.91,179231.70,157251616768.00,2407727628288.00
2025-08-21,180000.80,183042.30,178849.41,179874.80,160582418432.00,2423516561408.00
2025-08-22,180047.11,185830.20,180047.11,185830.20,158850777088.00,2546202574848.00
2025-08-25,188271.11,195632.80,188271.11,195554.11,195436363776.00,3140392845312.00
2025-08-26,194437.00,199144.80,194437.00,196921.80,170050338816.00,2677586264064.00
2025-08-27,197541.91,202471.91,197541.91,198303.20,200077230080.00,3164916678656.00
2025-08-28,198300.80,205870.20,198300.80,205816.91,184797741056.00,2970359955456.00
2025-08-29,205720.20,211089.30,205291.70,207932.50,163888398336.00,2797901709312.00
2025-09-01,209425.61,213327.50,209425.61,211616.41,165305401344.00,2749602725888.00
2025-09-02,211441.61,213128.41,207467.70,208625.80,175280111616.00,2874648035328.00
2025-09-03,209339.91,210996.91,203383.30,204390.30,150159769600.00,2363666202624.00
2025-09-04,205002.30,206840.41,196348.30,199234.61,160883965952.00,2543932669952.00
2025-09-05,199511.70,204187.50,198721.80,204177.50,144185311232.00,2304300810240.00
2025-09-08,204713.61,208435.91,204566.61,204945.80,148151664640.00,2418422841344.00
2025-09-09,203789.91,206700.30,199950.11,200049.50,135768686592.00,2118143180800.00
2025-09-10,200425.50,203600.20,197820.61,197825.00,125067476992.00,1977839386624.00
2025-09-11,197809.11,204477.00,197248.30,203437.80,145188110336.00,2437371396096.00
2025-09-12,203508.61,207995.61,203340.80,203862.80,156816932864.00,2520597659648.00
2025-09-15,204519.00,207707.50,202427.20,202576.30,144305111040.00,2277167333376.00
2025-09-16,203319.00,205996.91,203275.20,203742.80,156271034368.00,2341166645248.00
2025-09-17,203337.30,207128.11,203337.30,204472.91,151656022016.00,2376475869184.00
2025-09-18,204396.30,210104.00,204028.11,206921.20,194885550080.00,3134769594368.00
2025-09-19,207098.11,209853.00,203894.70,204085.20,150127394816.00,2323481100288.00
2025-09-22,204797.80,207472.00,202910.70,203763.50,129010106368.00,2121245917184.00
2025-09-23,204575.41,205831.91,198777.00,202295.20,156182020096.00,2494066327552.00
2025-09-24,202229.11,205546.70,200529.30,204139.50,132919484416.00,2326466658304.00
2025-09-25,204052.20,208432.61,203628.50,203665.50,132993507328.00,2370850521088.00
2025-09-26,202750.20,205280.80,198120.00,198137.30,124524609536.00,2146650816512.00
2025-09-29,198898.70,202273.41,198898.70,200086.20,128383074304.00,2161209769984.00
2025-09-30,201068.50,204161.20,200109.41,200276.91,122770997248.00,2181107023872.00
2025-10-09,202089.00,208166.80,202089.00,205121.00,152136187904.00,2652688089088.00
2025-10-10,204035.70,207384.30,200619.70,201434.61,149836201984.00,2515268796416.00
2025-10-13,194712.30,203680.20,194712.30,201365.00,145160732672.00,2354428510208.00
2025-10-14,203405.30,206259.80,197005.91,197984.00,158148034560.00,2575902703616.00
2025-10-15,198620.61,201573.00,197855.61,199405.61,130937167872.00,2072590155776.00
2025-10-16,198510.80,201565.20,194749.80,195391.91,122534207488.00,1930913382400.00
2025-10-17,195139.30,196219.11,187114.41,187406.41,128437329920.00,1937843683328.00
2025-10-20,190111.61,193147.30,185493.50,186208.41,113161404416.00,1737408643072.00
2025-10-21,186973.30,190574.50,186847.70,187849.20,123453726720.00,1873700847616.00
2025-10-22,186343.20,189260.30,183309.80,183473.00,113586651136.00,1667605987328.00
2025-10-23,182817.50,183173.00,178920.30,180214.11,117926100992.00,1643684036608.00
2025-10-24,181464.41,184907.30,181464.41,182580.50,121995378688.00,1974020997120.00
2025-10-27,184935.20,188918.11,184935.20,187237.50,136113332224.00,2339921461248.00
2025-10-28,187237.11,190402.91,186206.30,186641.70,125944225792.00,2147638444032.00
2025-10-29,186737.91,190770.61,186737.91,189960.30,134313066496.00,2255773761536.00
2025-10-30,189302.41,193183.61,189031.30,189107.80,144116023296.00,2421395030016.00
2025-10-31,189302.20,193761.00,188634.80,188737.30,142083899392.00,2317490061312.00
2025-11-03,188766.70,190514.91,188703.11,189120.41,135769022464.00,2106875838464.00
2025-11-04,188807.80,190481.91,184122.00,185029.91,129790926848.00,1915447279616.00
2025-11-05,182057.80,185836.30,182057.80,184053.80,131676127232.00,1872125755392.00
2025-11-06,184743.00,188303.41,184743.00,185820.50,133584502784.00,2054992297984.00
2025-11-07,184997.11,187764.50,183995.11,184095.00,129638678528.00,1998714961920.00
2025-11-10,184104.91,187347.11,184104.91,184696.20,139055824896.00,2174194941952.00
2025-11-11,184916.61,187066.70,182082.61,182412.00,131515359232.00,1993405890560.00
2025-11-12,181749.00,184265.20,179849.30,180087.80,131687186432.00,1944898633728.00
2025-11-13,180073.41,184135.61,180059.20,182342.00,136074919936.00,2041814974464.00
2025-11-14,180768.80,183927.00,178449.30,178453.11,139106942976.00,1957919981568.00
2025-11-17,179038.91,181255.41,177643.50,177823.00,134035488768.00,1910643228672.00
2025-11-18,177336.61,179232.50,173961.80,174498.80,138276929536.00,1925856493568.00
2025-11-19,174443.91,175689.80,171395.61,171411.30,122593976320.00,1725727899648.00
2025-11-20,172954.11,173966.80,167900.20,168003.50,120751505408.00,1708025184256.00
2025-11-21,165675.50,166996.91,162022.50,162064.70,144245194752.00,1965354123264.00
2025-11-24,163258.70,164083.20,161632.20,162328.61,119405133824.00,1727549931520.00
2025-11-25,163772.80,168184.30,163772.80,164198.91,117823127552.00,1811996213248.00
2025-11-26,163822.11,166821.00,163230.41,163538.20,114398724096.00,1783181737984.00
2025-11-27,163749.61,167365.61,161788.00,161991.20,108126429184.00,1709648642048.00
2025-11-28,161899.80,164089.91,161154.50,161474.41,106105479168.00,1585666981888.00
2025-12-01,162233.11,165170.61,162216.20,163157.30,123174486016.00,1873843716096.00
2025-12-02,162579.80,164092.30,159863.70,160062.50,109915545600.00,1593321979904.00
2025-12-03,160080.41,161281.11,156958.00,157172.70,117698748416.00,1669825298432.00
2025-12-04,157271.50,159022.30,154947.91,155070.80,107899043840.00,1548857114624.00
2025-12-05,155097.61,157131.50,154921.70,156805.00,116937244672.00,1725658955776.00
2025-12-08,157404.00,162248.50,157404.00,160928.61,127613411328.00,2036514029568.00
2025-12-09,160352.91,163732.30,160335.50,160605.30,121223036928.00,1903773089792.00
2025-12-10,160265.11,162122.50,159912.80,160266.30,117327855616.00,1778357895168.00
2025-12-11,160574.11,162251.61,157646.00,157748.11,123074953216.00,1856982745088.00
2025-12-12,157886.70,160993.11,157886.70,160851.20,127459860480.00,2092063916032.00
2025-12-15,159599.50,163197.80,158719.30,158842.50,112793485312.00,1773326565376.00
2025-12-16,158433.11,158757.00,155209.41,155265.11,117657960448.00,1723990540288.00
2025-12-17,155405.00,158181.50,155168.00,157985.80,116550615040.00,1811002294272.00
2025-12-18,157983.80,160265.80,155753.50,155759.30,105088294912.00,1655274078208.00
2025-12-19,155935.50,159382.30,155935.50,156424.70,117022351360.00,1725718462464.00
2025-12-22,157714.70,161286.91,157714.70,159089.80,117598584832.00,1861722963968.00
2025-12-23,159315.30,161786.00,158554.41,159261.80,119571161088.00,1899687182336.00
2025-12-24,159346.30,162193.00,159346.30,161397.11,111500238848.00,1880129011712.00
2025-12-25,161316.11,163898.80,161316.11,162665.50,112977092608.00,1924380753920.00
2025-12-26,162878.00,166635.11,162872.00,164975.20,129643970560.00,2160030646272.00
2025-12-29,165100.80,168614.00,165044.41,165964.50,127724347392.00,2139207237632.00
2025-12-30,164976.11,168891.20,164976.11,167177.30,124404375552.00,2142446813184.00
2025-12-31,167646.00,169940.11,167110.50,167340.61,120454266880.00,2045100294144.00
2026-01-05,169063.11,174667.00,169063.11,174652.11,142734426112.00,2546101387264.00
2026-01-06,174845.30,182654.00,174845.30,182540.91,163410493440.00,2806288744448.00
2026-01-07,182539.70,188619.70,182539.70,187754.70,159699353600.00,2854018088960.00
2026-01-08,187164.30,193156.80,187164.30,192139.00,158664589312.00,2800153788416.00
2026-01-09,192211.91,200126.00,192211.91,200107.61,174325481472.00,3122538479616.00
2026-01-12,202464.41,212766.91,202464.41,212766.91,199169146880.00,3601093361664.00
2026-01-13,213403.00,218406.00,211577.61,214982.70,206318649344.00,3650766503936.00
2026-01-14,215964.30,225099.41,215964.30,223771.80,226430582784.00,3941126111232.00
2026-01-15,221702.70,226432.80,221432.50,222956.11,165144477696.00,2905274843136.00
2026-01-16,224261.00,226991.80,223829.30,224082.00,167041384448.00,3026091245568.00
2026-01-19,223359.41,229016.50,223359.41,224590.30,152092000256.00,2708185284608.00
2026-01-20,225169.91,226451.20,220981.30,222259.00,161651195904.00,2777606520832.00
2026-01-21,221606.80,227238.91,221606.80,223259.50,146032263168.00,2600447770624.00
2026-01-22,224388.70,228052.11,223932.11,224712.50,153153748992.00,2691489071104.00
2026-01-23,225578.20,230545.30,225578.20,230257.41,176417275904.00,3084972457984.00
2026-01-26,231358.00,234848.00,229867.00,230492.50,190995857408.00,3247830728704.00
2026-01-27,229809.30,233810.20,229809.30,231990.80,166409093120.00,2894728003584.00
2026-01-28,232714.30,235834.50,232714.30,233316.80,170540482560.00,2965088501760.00
2026-01-29,233219.91,238379.80,233094.61,234283.91,189917528064.00,3229714219008.00
2026-01-30,232223.41,235301.41,231176.91,232085.80,170597761024.00,2835214499840.00
2026-02-02,230396.70,234066.41,224113.41,224140.30,154344734720.00,2584482938880.00
2026-02-03,227355.70,230038.00,227068.50,228628.50,142017773568.00,2544062693376.00
2026-02-04,228024.00,230914.61,225110.11,226406.70,148901380096.00,2480754393088.00
2026-02-05,223813.11,225950.70,219222.91,219222.91,132232511488.00,2175983550464.00
2026-02-06,216813.00,222443.80,215632.91,215632.91,128651583488.00,2145564884992.00
2026-02-09,219237.20,222542.11,217704.41,217965.30,129847386112.00,2249285959680.00
2026-02-10,218050.91,220458.80,214342.11,214350.30,125727916032.00,2105412288512.00
2026-02-11,213948.80,216431.50,209695.91,209747.61,118222757888.00,1984093224960.00
2026-02-12,210152.30,212931.70,208675.11,208858.00,122511081472.00,2141507289088.00
2026-02-13,207656.41,210511.80,202851.61,203140.20,114099486720.00,1982504894464.00
2026-02-24,206165.50,209579.80,204357.30,204400.41,127822045184.00,2201781272576.00
2026-02-25,204843.11,209105.91,204828.50,207305.20,151780294656.00,2462235754496.00
2026-02-26,207690.41,211341.80,207636.70,209349.50,144430465024.00,2538236805120.00
2026-02-27,207773.11,212595.00,207773.11,210796.41,146228772864.00,2487093035008.00
2026-03-02,209495.91,215928.50,209495.91,214151.41,179464339456.00,3020261425152.00
2026-03-03,214776.11,217220.70,210207.30,210566.30,189086924800.00,3129077399552.00
2026-03-04,208356.30,215985.30,208356.30,209324.70,150512336896.00,2365503569920.00
2026-03-05,212925.61,215802.91,210011.70,210648.50,144825401344.00,2389842591744.00
2026-03-06,209627.11,213941.11,209575.80,209867.20,137562800128.00,2199973003264.00
2026-03-09,207041.80,211129.41,206797.30,209943.20,163442458624.00,2647244406784.00
2026-03-10,212029.50,216465.70,212029.50,212473.00,141067501568.00,2397692755968.00
2026-03-11,212926.00,216735.80,212243.50,212401.91,147818037248.00,2508199034880.00
2026-03-12,212200.50,214839.91,210372.80,210470.70,155427160064.00,2441671344128.00
2026-03-13,209690.91,213639.00,206363.61,206959.00,156559867904.00,2400085606400.00
2026-03-16,206955.91,209061.20,205649.11,206155.80,148469121024.00,2325121859584.00
2026-03-17,206631.00,208785.00,200154.20,200231.30,143149252608.00,2207702843392.00
2026-03-18,201281.11,202732.70,199311.91,200538.30,128937107456.00,2045874012160.00
2026-03-19,198044.41,200584.91,193929.00,194819.30,134601555968.00,2110758453248.00
2026-03-20,196100.11,198394.41,191743.50,191989.91,140027101184.00,2286594293760.00
2026-03-23,188681.91,194448.50,185076.11,186349.41,165621153792.00,2431159631872.00
2026-03-24,189075.41,190823.80,186657.50,190154.41,141163692032.00,2082712190976.00
2026-03-25,191987.61,197757.61,191987.61,193470.80,141118734336.00,2179631939584.00
2026-03-26,192776.41,195394.11,187588.50,188101.20,128250044416.00,1943452647424.00
2026-03-27,185796.61,191012.91,185796.61,187771.91,119141941248.00,1853070639104.00
2026-03-30,186257.30,189356.11,186121.70,186232.30,124839624704.00,1915658698752.00
2026-03-31,185575.61,189066.70,181580.00,181580.00,127068495872.00,1992432812032.00
2026-04-01,185284.30,187131.91,183615.80,184112.41,121959899136.00,2012230975488.00
2026-04-02,183075.70,185431.80,178695.00,179076.20,117976170496.00,1842796822528.00
2026-04-03,180094.11,180260.80,174278.30,174307.91,107881365504.00,1656325406720.00
2026-04-07,174961.20,178342.30,173036.30,173175.20,101373460480.00,1614196375552.00
2026-04-08,177187.30,183799.00,177187.30,183799.00,139173871616.00,2434169307136.00
2026-04-09,183295.50,186944.11,182223.00,183185.61,119420321792.00,2133919531008.00
2026-04-10,184523.70,189920.11,184523.70,186570.11,121474236416.00,2322709872640.00
2026-04-13,185749.70,190508.50,185749.70,187557.20,116896358400.00,2150173245440.00
2026-04-14,189168.00,192994.30,189168.00,191521.91,125319700480.00,2383550349312.00
2026-04-15,192539.11,195940.11,190563.11,191378.70,126638227456.00,2415059271680.00
2026-04-16,191803.70,196482.41,191790.11,195227.61,123182243840.00,2341504548864.00
2026-04-17,195074.91,199701.80,195074.91,197356.80,124415754240.00,2425370705920.00
2026-04-20,197745.41,203401.41,197745.41,200954.11,131277053952.00,2578602786816.00
2026-04-21,200023.41,203039.80,200023.41,201082.80,127735275520.00,2408352055296.00
2026-04-22,200316.61,205291.00,200316.61,205068.80,128090218496.00,2559540461568.00
2026-04-23,205803.70,208992.20,204612.30,205117.91,143160983552.00,2804250312704.00
2026-04-24,204616.20,207393.20,204616.20,204924.30,131408904192.00,2641492705280.00
2026-04-27,205308.70,210666.80,205308.70,207510.00,129924726784.00,2589110829056.00
2026-04-28,206823.70,210302.80,205189.00,206021.91,132335296512.00,2535946715136.00
2026-04-29,204959.50,211512.61,204959.50,210190.20,135014981632.00,2589918494720.00
2026-04-30,210824.61,214974.20,210824.61,212999.61,139389927424.00,2740577370112.00
2026-05-06,216529.20,224888.30,216529.20,223319.50,152661295104.00,3226459701248.00
2026-05-07,224357.00,230062.20,224004.11,229806.11,152928960512.00,3143614857216.00
2026-05-08,228104.30,234048.11,228104.30,231888.80,152260935680.00,3048331280384.00
2026-05-11,234866.91,241930.41,234866.91,240907.00,167373471744.00,3538610028544.00
2026-05-12,241363.61,245412.80,241130.20,241855.80,156615114752.00,3242389667840.00
2026-05-13,240400.00,248181.50,240400.00,247893.41,153149374464.00,3239703740416.00
2026-05-14,249490.91,251217.11,244054.91,244054.91,163683844096.00,3361921826816.00
2026-05-15,244865.80,249909.00,241547.30,243432.50,158225907712.00,3344257515520.00
2026-05-18,242912.50,249632.80,242509.50,243671.61,136472805376.00,2893603930112.00
2026-05-19,242270.20,245531.80,241865.11,244889.11,134822273024.00,2886309511168.00
2026-05-20,243543.80,247967.91,243543.80,244977.11,134950150144.00,2953417850880.00
2026-05-21,247077.91,252137.30,239455.91,240032.91,160514637824.00,3481228804096.00
2026-05-22,242683.50,247036.70,241833.30,245398.41,135174250496.00,2903048192000.00
2026-05-25,247496.20,251840.80,247147.30,250198.91,139635736576.00,3205448335360.00
2026-05-26,248552.00,252828.91,246148.20,249161.41,147727286272.00,3243410456576.00
2026-05-27,249074.80,254482.00,245373.30,246159.00,147555467264.00,3238216335360.00
2026-05-28,245356.61,250047.20,244939.70,248334.80,136830156800.00,2967879548928.00
2026-05-29,248987.00,251308.41,241401.80,243320.61,157953916928.00,3318637920256.00
2026-06-01,243802.80,249250.00,238702.11,239004.11,143572811776.00,2877238804480.00
2026-06-02,239890.80,244290.30,238373.61,240689.61,137867165696.00,2792614526976.00
2026-06-03,241052.80,248764.00,240887.11,243557.91,146043076608.00,3129983631360.00
2026-06-04,240732.30,247141.20,240732.30,242038.70,133947523072.00,2757415665664.00
2026-06-05,241258.50,246046.91,237121.20,238320.50,148015497216.00,3068810231808.00
2026-06-08,231157.70,238755.50,228921.41,229676.00,144736124928.00,2792523038720.00
2026-06-09,232892.50,235787.91,232221.00,235268.61,129413496832.00,2640107798528.00
2026-06-10,234111.11,236857.41,228240.70,229199.70,130859458560.00,2619010711552.00
2026-06-11,228239.70,232612.30,225152.11,226709.91,123794407424.00,2551812456448.00
2026-06-12,231247.11,235684.00,229064.11,229923.11,153500729344.00,3214761787392.00
2026-06-15,230165.20,241775.50,230165.20,240715.70,143550545920.00,3031014834176.00
2026-06-16,241379.30,248273.30,241379.30,244787.20,137005170688.00,3064533876736.00
2026-06-17,243651.41,250501.80,243651.41,248337.61,135339302912.00,3091518455808.00
2026-06-18,247492.20,255311.20,247492.20,252152.41,142227963904.00,3309673906176.00
2026-06-22,254056.11,261214.11,254056.11,261160.61,161973321728.00,3736878710784.00
2026-06-23,259849.30,265890.31,254359.70,256098.11,151693197312.00,3440492150784.00
2026-06-24,254687.30,262363.81,254687.30,260574.50,143460188160.00,3284086816768.00
2026-06-25,261624.30,267975.09,261523.00,265669.41,150079569920.00,3594003677184.00
2026-06-26,265534.09,267381.00,259259.50,259330.20,149636186112.00,3552080822272.00
2026-06-29,259372.11,265697.41,258199.11,261596.91,146708119552.00,3517515825152.00
2026-06-30,261055.61,270005.59,261055.61,267415.50,134284550144.00,3273458450432.00
2026-07-01,267757.72,274672.41,266249.81,268357.22,154526597120.00,3659715051520.00
2026-07-02,261653.00,270391.00,258058.20,258917.70,151289774080.00,3450310230016.00
2026-07-03,258868.91,265303.22,258049.30,258190.30,138744348672.00,3182238629888.00
2026-07-06,259978.80,263669.41,252993.80,253007.00,135801430016.00,3090906087424.00
2026-07-07,250894.91,255374.70,244684.61,245033.80,119257112576.00,2580999831552.00
2026-07-08,246761.61,247103.30,237412.80,237470.20,115064504320.00,2563357278208.00
2026-07-09,239608.30,245141.80,235945.61,244980.41,126919155712.00,2913539457024.00
2026-07-10,246157.61,253419.41,242119.00,242119.00,145583194112.00,3388364292096.00
2026-07-13,240102.50,242699.80,229093.11,229804.20,132431699968.00,2817577713664.00
2026-07-14,230308.91,235705.70,225926.61,233909.91,125439361024.00,2703781527552.00
2026-07-15,234948.50,237771.20,227726.50,227997.20,126465810432.00,2570931142656.00
2026-07-16,223763.41,230882.11,218609.00,220020.91,120076763136.00,2403386785792.00
2026-07-17,218362.91,219250.00,206427.50,207162.61,141370638336.00,2654743298048.00
2026-07-20,210800.00,213465.50,200091.50,204361.91,148162592768.00,2701921091584.00
2026-07-21,205213.70,218028.41,200038.61,217907.61,157037641728.00,2956903579648.00
2026-07-22,216599.91,224217.91,215060.70,215562.20,129516068864.00,2653166239744.00
2026-07-23,216370.41,219975.70,212334.61,212881.30,118701760512.00,2194997510144.00
2026-07-24,209495.91,213829.50,203804.41,203868.50,107645403136.00,1930921639936.00
2026-07-27,203507.30,210488.20,202766.00,207273.30,107592048640.00,2076474867712.00
2026-07-28,203547.70,206596.61,195673.80,196522.41,106800005120.00,2025613950976.00
2026-07-29,196755.11,200050.41,194191.30,197053.61,124571967488.00,2296338710528.00
2026-07-30,195964.11,198128.80,189919.80,190831.80,127867871232.00,2342574882816.00
