date,open,high,low,close,volume,amount,涨幅,振幅,区间
2013-01-04,17165.20,17426.10,16711.10,16993.40,22745772032.00,206965342208.00,2.28%,4.30%,多头区间
2013-01-07,17135.10,17521.60,16922.60,17337.80,20003717120.00,181632548864.00,2.03%,3.52%,多头区间
2013-01-08,17648.80,18027.30,17357.00,17762.10,22138726400.00,208991436800.00,2.45%,3.87%,多头区间
2013-01-09,17959.90,18328.40,17692.10,18030.10,22243878912.00,206730526720.00,1.51%,3.58%,多头区间
2013-01-10,18097.90,18483.40,17905.80,18206.70,20836337664.00,187547828224.00,0.98%,3.20%,多头区间
2013-01-11,18394.00,18633.00,17820.50,17991.00,22276444160.00,202621566976.00,-1.18%,4.46%,多头区间
2013-01-14,18402.00,19283.80,18272.10,19154.70,25408552960.00,242028085248.00,6.47%,5.62%,多头区间
2013-01-15,19820.00,20398.20,19616.40,20084.70,29461614592.00,278350331904.00,4.86%,4.08%,多头区间
2013-01-16,20455.20,20828.60,19956.60,20433.00,27097163776.00,254477303808.00,1.73%,4.34%,多头区间
2013-01-17,20300.30,20607.30,19858.70,20094.10,20725473280.00,196380999680.00,-1.66%,3.66%,多头区间
2013-01-18,20181.50,20669.50,19951.10,20434.50,21947576320.00,203113611264.00,1.69%,3.58%,多头区间
2013-01-21,20589.90,20983.50,20273.20,20688.80,23295965184.00,215936221184.00,1.24%,3.48%,多头区间
2013-01-22,20926.50,21246.40,20348.30,20665.70,25435865088.00,235275845632.00,-0.11%,4.34%,多头区间
2013-01-23,20411.00,20833.80,20066.50,20566.60,20249264128.00,184780865536.00,-0.48%,3.71%,多头区间
2013-01-24,20896.20,21370.80,20242.60,20530.60,26767605760.00,247379181568.00,-0.18%,5.49%,多头区间
2013-01-25,20075.20,20422.10,19742.50,20029.40,15902434304.00,151050567680.00,-2.44%,3.31%,空头区间
2013-01-28,20139.70,20840.60,20007.80,20692.50,21042618368.00,206699298816.00,3.31%,4.16%,空头区间
2013-01-29,20912.10,21416.60,20659.30,21110.70,23499825152.00,228934205440.00,2.02%,3.66%,多头区间
2013-01-30,21264.30,21675.50,20905.70,21325.90,24521517056.00,225974845440.00,1.02%,3.65%,多头区间
2013-01-31,21324.40,21667.20,20903.90,21257.80,22722719744.00,208943595520.00,-0.32%,3.58%,多头区间
2013-02-01,21300.20,21897.00,21049.70,21640.50,22990561280.00,221700784128.00,1.80%,3.99%,多头区间
2013-02-04,22160.20,22630.90,21632.40,22020.20,26828189696.00,261653708800.00,1.75%,4.61%,多头区间
2013-02-05,21910.10,22522.70,21637.70,22269.00,23558504448.00,216769478656.00,1.13%,4.02%,多头区间
2013-02-06,22030.70,22472.90,21766.50,22112.70,18984257536.00,186343800832.00,-0.70%,3.17%,多头区间
2013-02-07,21912.30,22257.70,21493.60,21928.60,18973853696.00,189081567232.00,-0.83%,3.46%,多头区间
2013-02-08,21795.70,22293.00,21575.10,21988.70,18267564032.00,184310906880.00,0.27%,3.27%,多头区间
2013-02-18,22012.40,22332.90,21579.30,21863.20,20046845952.00,197280563200.00,-0.57%,3.43%,多头区间
2013-02-19,21774.00,22024.40,21168.50,21397.10,21081827328.00,200022294528.00,-2.13%,3.91%,多头区间
2013-02-20,21227.20,21703.70,20956.60,21537.40,19292325888.00,189208297472.00,0.66%,3.49%,多头区间
2013-02-21,21796.10,22039.10,21054.10,21389.20,24562421760.00,239191982080.00,-0.69%,4.57%,多头区间
2013-02-22,21054.00,21463.60,20769.60,21035.30,16862532608.00,170906206208.00,-1.65%,3.24%,多头区间
2013-02-25,20734.00,21136.90,20495.90,20852.70,15670464512.00,156499623936.00,-0.87%,3.05%,多头区间
2013-02-26,20838.30,21341.50,20446.50,20679.90,20233439232.00,203459248128.00,-0.83%,4.29%,多头区间
2013-02-27,20460.30,20901.50,20183.10,20559.20,17019695104.00,169543106560.00,-0.58%,3.47%,多头区间
2013-02-28,20738.20,21309.80,20479.50,21174.90,21486350336.00,214072655872.00,2.99%,4.04%,多头区间
2013-03-01,21233.40,21658.90,20906.20,21416.80,21451329536.00,219451293696.00,1.14%,3.55%,多头区间
2013-03-04,21701.30,22021.00,20839.00,21139.20,28242864128.00,272405413888.00,-1.30%,5.52%,多头区间
2013-03-05,21203.70,21947.60,20980.20,21799.70,22364385280.00,219804909568.00,3.12%,4.58%,多头区间
2013-03-06,22118.60,22661.80,21835.40,22334.30,25730455552.00,250515996672.00,2.45%,3.79%,多头区间
2013-03-07,22505.80,22911.80,21868.60,22279.70,25253408768.00,248396496896.00,-0.24%,4.67%,多头区间
2013-03-08,21926.10,22268.30,21494.00,21720.80,17645731840.00,173342851072.00,-2.51%,3.48%,空头区间
2013-03-11,21135.30,21466.50,20772.90,21120.80,15020339200.00,143408365568.00,-2.76%,3.19%,空头区间
2013-03-12,21025.00,21349.00,20220.60,20603.80,20549816320.00,194136752128.00,-2.45%,5.34%,空头区间
2013-03-13,20109.10,20379.10,19635.30,19965.90,15529162752.00,145520951296.00,-3.10%,3.61%,空头区间
2013-03-14,19378.90,19797.50,19184.60,19494.60,13366807552.00,128672677888.00,-2.36%,3.07%,空头区间
2013-03-15,19447.90,20001.00,19091.60,19479.70,18771382272.00,181777448960.00,-0.08%,4.66%,空头区间
2013-03-18,19139.80,19473.60,18740.40,18974.00,15413697536.00,150650880000.00,-2.60%,3.76%,空头区间
2013-03-19,18643.90,19002.30,18288.90,18740.40,14869005312.00,141659127808.00,-1.23%,3.76%,空头区间
2013-03-20,18890.40,19582.80,18766.40,19476.60,20988979200.00,198864404480.00,3.93%,4.36%,空头区间
2013-03-21,19517.70,19936.00,19310.70,19684.20,20215433216.00,195846455296.00,1.07%,3.21%,多头区间
2013-03-22,19432.10,19755.90,19197.50,19504.30,17409587200.00,163987226624.00,-0.91%,2.84%,多头区间
2013-03-25,19330.60,19642.90,19007.20,19276.80,16752491520.00,162019966976.00,-1.17%,3.26%,多头区间
2013-03-26,19079.60,19335.60,18647.20,18974.20,17460498432.00,168694906880.00,-1.57%,3.57%,多头区间
2013-03-27,18788.50,19183.80,18557.60,18851.10,16271490048.00,159335022592.00,-0.65%,3.30%,多头区间
2013-03-28,18749.20,18922.30,18122.50,18373.80,20358283264.00,189645783040.00,-2.53%,4.24%,空头区间
2013-03-29,18057.90,18373.20,17760.20,18015.00,14131818496.00,134161342464.00,-1.95%,3.34%,空头区间
2013-04-01,17780.80,18172.70,17571.30,17894.70,13620045824.00,130987352064.00,-0.67%,3.34%,空头区间
2013-04-02,17773.70,18096.00,17378.80,17594.40,15829443584.00,153389694976.00,-1.68%,4.01%,空头区间
2013-04-03,17353.60,17600.80,16963.10,17203.60,14365797376.00,134348447744.00,-2.22%,3.62%,空头区间
2013-04-08,16814.90,17256.90,16480.80,17109.00,15040031744.00,144257728512.00,-0.55%,4.51%,空头区间
2013-04-09,16930.70,17316.80,16776.90,17073.90,14282878976.00,138677993472.00,-0.21%,3.16%,空头区间
2013-04-10,16862.90,17119.80,16547.60,16833.70,13828384768.00,136827265024.00,-1.41%,3.35%,空头区间
2013-04-11,16577.00,16797.70,16313.90,16460.20,12655671296.00,118300016640.00,-2.22%,2.87%,空头区间
2013-04-12,16074.30,16305.60,15813.00,15967.00,11749608448.00,110350958592.00,-3.00%,2.99%,空头区间
2013-04-15,15622.40,15827.20,15292.10,15493.90,12187287552.00,110220771328.00,-2.96%,3.35%,空头区间
2013-04-16,15169.90,15581.60,14968.20,15473.50,13164094464.00,121139560448.00,-0.13%,3.96%,空头区间
2013-04-17,15255.80,15524.70,15057.20,15369.70,11925793792.00,118214311936.00,-0.67%,3.02%,空头区间
2013-04-18,15118.60,15469.30,14969.60,15273.80,12544444416.00,124372697088.00,-0.62%,3.25%,空头区间
2013-04-19,15606.90,16112.50,15530.00,15974.00,18640037888.00,180957855744.00,4.58%,3.81%,多头区间
2013-04-22,16084.30,16420.80,15881.90,16224.10,17517015040.00,170941956096.00,1.57%,3.37%,多头区间
2013-04-23,16419.50,16547.90,15796.90,15935.40,17414582272.00,169344303104.00,-1.78%,4.63%,多头区间
2013-04-24,16076.60,16606.80,15908.10,16443.30,17056161792.00,169552756736.00,3.19%,4.38%,多头区间
2013-04-25,16588.00,16876.50,16176.20,16360.60,18301444096.00,183494508544.00,-0.50%,4.26%,多头区间
2013-04-26,16229.40,16468.80,15797.60,15963.40,14265110528.00,138261086208.00,-2.43%,4.10%,空头区间
2013-05-02,15657.80,16015.40,15410.40,15812.30,12045012992.00,120101060608.00,-0.95%,3.79%,空头区间
2013-05-03,15937.70,16453.70,15854.60,16206.30,16053975040.00,160109051904.00,2.49%,3.79%,空头区间
2013-05-06,16431.90,16855.80,16289.40,16680.20,17276360704.00,175298461696.00,2.92%,3.49%,多头区间
2013-05-07,16706.70,17017.60,16467.70,16788.40,16127635456.00,165562351616.00,0.65%,3.30%,多头区间
2013-05-08,16919.00,17255.00,16698.40,17025.60,17290639360.00,174928773120.00,1.41%,3.32%,多头区间
2013-05-09,17284.40,17594.70,16928.00,17307.70,19015081984.00,199262355456.00,1.66%,3.92%,多头区间
2013-05-10,17337.00,17716.70,17093.50,17465.80,17381586944.00,178820202496.00,0.91%,3.60%,多头区间
2013-05-13,17502.30,17811.00,17210.80,17542.40,16634949632.00,168680030208.00,0.44%,3.44%,多头区间
2013-05-14,17467.30,17655.30,17025.80,17263.80,16065552384.00,162922954752.00,-1.59%,3.59%,多头区间
2013-05-15,17136.30,17516.50,16960.50,17358.90,14662004736.00,153783336960.00,0.55%,3.22%,多头区间
2013-05-16,17752.50,18271.70,17500.80,18004.20,21300000768.00,222692802560.00,3.72%,4.44%,多头区间
2013-05-17,18439.00,18935.00,18242.50,18739.30,23440773120.00,230434471936.00,4.08%,3.85%,多头区间
2013-05-20,19543.00,20084.30,19272.40,19781.90,26206464000.00,273410392064.00,5.56%,4.33%,多头区间
2013-05-21,20209.40,20702.10,19951.30,20480.30,24723032064.00,254218010624.00,3.53%,3.80%,多头区间
2013-05-22,20799.40,21173.50,20359.80,20676.00,24758374400.00,251293859840.00,0.96%,3.97%,多头区间
2013-05-23,20858.80,21340.50,20517.30,20792.40,23837442048.00,231694483456.00,0.56%,3.98%,多头区间
2013-05-24,20723.50,21211.80,20510.60,20993.50,19561097216.00,198900432896.00,0.97%,3.37%,多头区间
2013-05-27,21094.30,21566.80,20828.40,21272.70,21235857408.00,221214703616.00,1.33%,3.52%,多头区间
2013-05-28,21684.30,22100.10,21204.30,21724.80,24491210752.00,246228844544.00,2.13%,4.21%,多头区间
2013-05-29,21870.30,22308.10,21600.60,21981.30,23295404032.00,231096008704.00,1.18%,3.26%,多头区间
2013-05-30,21891.50,22325.80,21624.20,21986.70,21531928576.00,217576669184.00,0.02%,3.19%,多头区间
2013-05-31,21967.40,22337.50,21549.50,21755.40,20929658880.00,215623303168.00,-1.05%,3.58%,多头区间
2013-06-03,21640.50,22048.50,21268.50,21546.10,19003521024.00,198435586048.00,-0.96%,3.59%,多头区间
2013-06-04,21446.30,21667.50,20750.10,21066.20,19955761152.00,196257153024.00,-2.23%,4.26%,多头区间
2013-06-05,20593.10,20950.20,20303.10,20687.20,14610422784.00,149204746240.00,-1.80%,3.07%,多头区间
2013-06-06,20267.60,20546.10,19845.70,20025.00,15828622336.00,158415912960.00,-3.20%,3.39%,空头区间
2013-06-07,19887.80,20167.60,19245.00,19524.30,17138983936.00,169472491520.00,-2.50%,4.61%,空头区间
2013-06-13,19179.80,19380.40,18298.10,18872.90,17106641920.00,160030261248.00,-3.34%,5.54%,空头区间
2013-06-14,18664.40,19173.40,18486.60,18987.80,15039808512.00,152385847296.00,0.61%,3.64%,空头区间
2013-06-17,18843.70,19215.40,18483.00,18825.40,15148804096.00,160549060608.00,-0.86%,3.86%,空头区间
2013-06-18,18552.60,18876.30,18232.40,18613.70,13821777920.00,141691518976.00,-1.12%,3.42%,空头区间
2013-06-19,18254.40,18524.30,17813.40,18276.10,14633271296.00,145715576832.00,-1.81%,3.82%,空头区间
2013-06-20,17952.90,18181.80,17325.80,17452.60,14693340160.00,144941613056.00,-4.51%,4.68%,空头区间
2013-06-21,16949.90,17465.10,16556.70,17212.80,14905295872.00,141023559680.00,-1.37%,5.20%,空头区间
2013-06-24,17334.60,17478.50,16082.20,16317.40,19723143168.00,175897706496.00,-5.20%,8.11%,空头区间
2013-06-25,16628.90,17159.00,15489.80,16834.00,24590247936.00,209217241088.00,3.17%,10.23%,空头区间
2013-06-26,16952.90,17491.80,16599.40,17294.00,19171354624.00,178596118528.00,2.73%,5.30%,多头区间
2013-06-27,17443.30,17868.00,16921.30,17131.50,20001353728.00,185515229184.00,-0.94%,5.47%,多头区间
2013-06-28,16938.00,17588.10,16583.60,17125.50,17973504000.00,157663772672.00,-0.04%,5.86%,多头区间
2013-07-01,16826.50,17363.30,16559.50,17232.00,14818693120.00,139802918912.00,0.62%,4.69%,多头区间
2013-07-02,17228.60,17704.20,16986.10,17496.80,16975464448.00,170265493504.00,1.54%,4.17%,多头区间
2013-07-03,17393.60,17757.90,16956.60,17498.30,18066425856.00,175936421888.00,0.01%,4.58%,多头区间
2013-07-04,17565.60,18170.60,17298.00,17796.90,19524642816.00,186561331200.00,1.71%,4.99%,多头区间
2013-07-05,17756.50,18174.30,17431.30,17628.80,17628542976.00,167141883904.00,-0.94%,4.17%,多头区间
2013-07-08,17195.50,17492.10,16617.80,16861.10,16179237888.00,147379355648.00,-4.35%,4.96%,空头区间
2013-07-09,16430.10,16823.50,16187.10,16553.80,12211736576.00,114763792384.00,-1.82%,3.77%,空头区间
2013-07-10,16515.80,17147.00,16356.80,17013.20,16934206464.00,156021129216.00,2.78%,4.77%,空头区间
2013-07-11,17712.60,18531.40,17539.70,18259.20,27937427456.00,250170703872.00,7.32%,5.83%,多头区间
2013-07-12,18503.60,18956.90,18141.30,18363.50,22264920064.00,213732016128.00,0.57%,4.47%,多头区间
2013-07-15,18577.40,19162.30,18383.30,18904.20,19926138880.00,199821148160.00,2.94%,4.24%,多头区间
2013-07-16,19279.60,19702.70,18990.60,19485.20,19753254912.00,194903162880.00,3.07%,3.77%,多头区间
2013-07-17,19490.90,19861.10,19027.40,19266.90,20376600576.00,199182172160.00,-1.12%,4.28%,多头区间
2013-07-18,19066.90,19480.80,18715.70,19073.80,18155237376.00,175990358016.00,-1.00%,3.97%,多头区间
2013-07-19,19193.40,19606.50,18565.00,18725.20,21037836288.00,206186479616.00,-1.83%,5.46%,多头区间
2013-07-22,18393.50,19032.00,18160.00,18887.90,16538421248.00,163841196032.00,0.87%,4.66%,多头区间
2013-07-23,19131.30,19805.10,18941.10,19582.50,21801721856.00,216362598400.00,3.68%,4.57%,多头区间
2013-07-24,19703.50,20184.80,19320.50,19878.90,21857501184.00,225078231040.00,1.51%,4.41%,多头区间
2013-07-25,19945.00,20279.30,19331.70,19556.50,20610791424.00,209269096448.00,-1.62%,4.77%,多头区间
2013-07-26,19166.20,19569.20,18788.60,19219.90,15831746560.00,158778327040.00,-1.72%,3.99%,多头区间
2013-07-29,18842.70,19127.20,18348.40,18593.10,16141694976.00,156823388160.00,-3.26%,4.05%,空头区间
2013-07-30,18378.50,18779.40,17838.70,18300.50,15804751872.00,154964197376.00,-1.57%,5.06%,空头区间
2013-07-31,18089.50,18506.30,17814.80,18055.40,14535154688.00,141923368960.00,-1.34%,3.78%,空头区间
2013-08-01,18116.50,18745.10,17976.50,18626.00,18752100352.00,184167694336.00,3.16%,4.26%,空头区间
2013-08-02,18782.80,19163.20,18501.40,18721.50,19710609408.00,195735781376.00,0.51%,3.55%,空头区间
2013-08-05,18631.10,19087.90,18440.50,18924.30,17598003200.00,174238924800.00,1.08%,3.46%,空头区间
2013-08-06,19077.60,19534.50,18847.30,19309.10,21416755200.00,208400891904.00,2.03%,3.63%,空头区间
2013-08-07,19471.50,19806.80,19047.20,19267.80,21718251520.00,210947801088.00,-0.21%,3.93%,空头区间
2013-08-08,19079.60,19495.60,18841.70,19176.30,17116006400.00,169344286720.00,-0.47%,3.39%,空头区间
2013-08-09,19232.00,19592.50,18816.50,19226.60,19019794432.00,188719841280.00,0.26%,4.05%,空头区间
2013-08-12,19717.90,20243.70,19422.70,19985.60,24815357952.00,238857420800.00,3.95%,4.27%,多头区间
2013-08-13,20082.90,20466.30,19827.70,20204.30,21961101312.00,200305917952.00,1.09%,3.20%,多头区间
2013-08-14,20301.00,20677.20,19952.60,20259.80,22164869120.00,208387129344.00,0.27%,3.59%,多头区间
2013-08-15,20150.70,20483.50,19778.10,19959.40,19100895232.00,186552713216.00,-1.48%,3.48%,多头区间
2013-08-16,20278.80,21129.90,19800.90,19990.00,26780166144.00,244404371456.00,0.15%,6.66%,多头区间
2013-08-19,19724.50,20398.00,19553.10,20254.60,18160898048.00,173790691328.00,1.32%,4.23%,多头区间
2013-08-20,20163.00,20584.30,19852.00,20171.10,19858503680.00,191287672832.00,-0.41%,3.62%,多头区间
2013-08-21,19945.00,20292.10,19646.10,20043.80,17548269568.00,167624556544.00,-0.63%,3.20%,多头区间
2013-08-22,19837.60,20250.10,19615.40,19905.40,18453577728.00,179096027136.00,-0.69%,3.17%,多头区间
2013-08-23,20104.80,20452.10,19505.80,20006.30,21957285888.00,217485721600.00,0.51%,4.75%,多头区间
2013-08-26,20127.60,20681.70,19947.80,20520.10,21774626816.00,210632572928.00,2.57%,3.67%,多头区间
2013-08-27,20593.80,21015.00,20317.70,20775.00,22444937216.00,213835415552.00,1.24%,3.40%,多头区间
2013-08-28,21060.20,21526.90,20671.30,21032.10,27677181952.00,259743924224.00,1.24%,4.12%,多头区间
2013-08-29,21069.90,21449.00,20689.00,21021.10,23185926144.00,208719052800.00,-0.05%,3.61%,多头区间
2013-08-30,21391.00,21833.40,20738.70,21087.20,29111683072.00,256863895552.00,0.31%,5.21%,多头区间
2013-09-02,21243.40,21781.70,20760.60,21346.40,24299253760.00,215865032704.00,1.23%,4.84%,多头区间
2013-09-03,21409.90,21937.50,21157.80,21731.20,23970582528.00,215195992064.00,1.80%,3.65%,多头区间
2013-09-04,21802.10,22256.80,21463.00,21846.80,24571047936.00,221909827584.00,0.53%,3.65%,多头区间
2013-09-05,21732.20,22200.70,21394.50,21833.80,22411941888.00,213014593536.00,-0.06%,3.69%,多头区间
2013-09-06,21877.10,22451.60,21631.00,22135.80,23629975552.00,222377656320.00,1.38%,3.76%,多头区间
2013-09-09,22960.60,23627.40,22613.50,23243.80,34124787712.00,310033121280.00,5.01%,4.58%,多头区间
2013-09-10,24001.60,24661.00,23607.80,24276.10,36479008768.00,324692410368.00,4.44%,4.53%,多头区间
2013-09-11,25148.10,25682.50,24424.20,24890.00,39348629504.00,343119626240.00,2.53%,5.18%,多头区间
2013-09-12,25082.90,25790.90,24728.70,25287.40,32033120256.00,277563080704.00,1.60%,4.27%,多头区间
2013-09-13,25238.70,25768.70,24748.30,25254.20,27335131136.00,245224177664.00,-0.13%,4.04%,多头区间
2013-09-16,25288.60,25827.50,24816.20,25281.40,25280931840.00,241328455680.00,0.11%,4.00%,多头区间
2013-09-17,25180.70,25560.30,24450.70,24694.20,25171259392.00,237027950592.00,-2.32%,4.39%,空头区间
2013-09-18,24229.50,24787.80,23903.60,24461.30,19392288768.00,191529205760.00,-0.94%,3.58%,空头区间
2013-09-23,24458.40,25146.90,24204.60,24930.30,23236634624.00,235754471424.00,1.92%,3.85%,空头区间
2013-09-24,25077.40,25624.30,24529.70,25130.30,27217152000.00,272079863808.00,0.80%,4.39%,空头区间
2013-09-25,25202.70,25823.10,24741.10,25138.60,27296466944.00,271157624832.00,0.03%,4.31%,空头区间
2013-09-26,24974.10,25385.20,24195.60,24467.00,24249894912.00,240749314048.00,-2.67%,4.73%,空头区间
2013-09-27,24009.60,24569.60,23617.20,24088.80,18757349376.00,193393983488.00,-1.55%,3.89%,空头区间
2013-09-30,23785.90,24370.90,23473.00,24064.30,16701095936.00,178566660096.00,-0.10%,3.73%,空头区间
2013-10-08,24024.10,24745.40,23625.30,24404.30,22704066560.00,236558385152.00,1.41%,4.65%,空头区间
2013-10-09,24305.80,24978.90,24022.60,24710.10,23605073920.00,244856995840.00,1.25%,3.92%,空头区间
2013-10-10,24960.50,25433.40,24300.10,24675.00,27199791104.00,278432153600.00,-0.14%,4.59%,空头区间
2013-10-11,24973.00,25661.30,24602.10,25268.10,27543820288.00,277692645376.00,2.40%,4.29%,空头区间
2013-10-14,25646.00,26306.20,25194.50,25838.90,29424175104.00,298998792192.00,2.26%,4.40%,多头区间
2013-10-15,26063.60,26568.40,25494.50,26030.10,28193628160.00,284671049728.00,0.74%,4.16%,多头区间
2013-10-16,26046.60,26359.20,24943.10,25357.30,27870382080.00,275668434944.00,-2.58%,5.44%,空头区间
2013-10-17,25278.20,25817.40,24704.50,25067.10,23617044480.00,234887069696.00,-1.14%,4.39%,空头区间
2013-10-18,24590.80,25166.30,24235.20,24798.10,19231451136.00,193121976320.00,-1.07%,3.71%,空头区间
2013-10-21,24923.70,25745.70,24613.10,25510.00,25586073600.00,261214076928.00,2.87%,4.57%,空头区间
2013-10-22,25743.10,26240.20,25026.70,25388.50,28538347520.00,293083152384.00,-0.48%,4.76%,空头区间
2013-10-23,25405.20,25846.90,24437.10,24826.80,27005671424.00,262443286528.00,-2.21%,5.55%,空头区间
2013-10-24,24257.40,24730.10,23792.10,24166.40,18720178176.00,184326406144.00,-2.66%,3.78%,空头区间
2013-10-25,23945.80,24326.10,23102.10,23480.30,20969631744.00,207785492480.00,-2.84%,5.06%,空头区间
2013-10-28,23034.90,23499.00,22530.90,23021.40,17102345216.00,167659241472.00,-1.95%,4.12%,空头区间
2013-10-29,23151.90,23616.70,21902.10,22750.50,26467063808.00,243687407616.00,-1.18%,7.45%,空头区间
2013-10-30,22410.80,23077.70,22111.80,22830.70,21043916800.00,192511574016.00,0.35%,4.25%,空头区间
2013-10-31,22442.20,22781.50,21870.20,22138.70,19940657152.00,183312826368.00,-3.03%,3.99%,空头区间
2013-11-01,21570.50,21974.50,21089.40,21583.90,16245289984.00,155229224960.00,-2.51%,4.00%,空头区间
2013-11-04,21102.40,21546.30,20836.30,21183.70,14142938112.00,138255482880.00,-1.85%,3.29%,空头区间
2013-11-05,20756.00,21297.80,20413.40,21154.30,17154253824.00,163928997888.00,-0.14%,4.17%,空头区间
2013-11-06,20900.40,21353.10,20542.90,20738.60,19146893312.00,185167249408.00,-1.97%,3.83%,空头区间
2013-11-07,20259.20,20603.20,19859.40,20125.60,15497259008.00,149123940352.00,-2.96%,3.59%,空头区间
2013-11-08,19610.30,19954.90,19177.90,19461.40,15235536896.00,144063823872.00,-3.30%,3.86%,空头区间
2013-11-11,18962.70,19349.50,18614.30,19046.50,12838594560.00,124798509056.00,-2.13%,3.78%,空头区间
2013-11-12,18736.50,19149.00,18499.70,18927.20,14693975040.00,143678570496.00,-0.63%,3.41%,空头区间
2013-11-13,18590.20,18865.20,18146.90,18299.90,15751648256.00,148586774528.00,-3.31%,3.80%,空头区间
2013-11-14,18074.60,18575.80,17809.70,18393.50,15726273536.00,156923674624.00,0.51%,4.19%,空头区间
2013-11-15,18766.10,19533.90,18660.50,19166.10,22566219776.00,228689281024.00,4.20%,4.75%,多头区间
2013-11-18,19963.70,20581.00,19747.60,20391.70,26815576064.00,268265127936.00,6.39%,4.35%,多头区间
2013-11-19,20645.10,21028.90,20329.60,20671.20,22698409984.00,230819069952.00,1.37%,3.43%,多头区间
2013-11-20,20771.30,21167.80,20464.70,20935.00,21683109888.00,211433521152.00,1.28%,3.40%,多头区间
2013-11-21,21087.20,21499.80,20692.60,21133.40,24514521088.00,238713159680.00,0.95%,3.86%,多头区间
2013-11-22,21129.80,21483.90,20728.70,21004.30,21197494272.00,207021277184.00,-0.61%,3.57%,多头区间
2013-11-25,20882.40,21376.50,20593.50,20936.60,19827451904.00,198055936000.00,-0.32%,3.73%,多头区间
2013-11-26,20716.40,21135.90,20438.60,20781.40,18542077952.00,185206996992.00,-0.74%,3.33%,多头区间
2013-11-27,20851.80,21425.20,20644.00,21197.40,21190017024.00,220522496000.00,2.00%,3.76%,多头区间
2013-11-28,21532.50,22038.60,21325.10,21659.60,24643409920.00,249023496192.00,2.18%,3.37%,多头区间
2013-11-29,21720.30,22176.80,21484.40,21889.40,21023789056.00,227551936512.00,1.06%,3.20%,多头区间
2013-12-02,22178.60,22670.00,21356.80,21692.60,30886553600.00,303939223552.00,-0.90%,6.00%,多头区间
2013-12-03,21466.00,22214.40,21166.60,22027.30,20849596416.00,211971883008.00,1.54%,4.83%,多头区间
2013-12-04,22368.80,23165.30,22174.00,22717.90,27335553024.00,267888640000.00,3.14%,4.50%,多头区间
2013-12-05,22683.80,23092.10,22302.00,22602.90,22373005312.00,220996796416.00,-0.51%,3.48%,多头区间
2013-12-06,22314.80,22677.70,21957.50,22272.60,18909673472.00,187317207040.00,-1.46%,3.19%,多头区间
2013-12-09,22053.50,22475.50,21808.20,22177.40,17529344000.00,180686372864.00,-0.43%,3.00%,多头区间
2013-12-10,22058.50,22417.80,21718.40,22041.20,20069117952.00,196812587008.00,-0.61%,3.15%,多头区间
2013-12-11,21773.50,22039.50,21295.80,21614.00,19447928832.00,188206333952.00,-1.94%,3.37%,多头区间
2013-12-12,21210.50,21665.10,21020.80,21354.60,16276791296.00,167386660864.00,-1.20%,2.98%,多头区间
2013-12-13,20881.60,21308.30,20674.30,21044.80,16217543680.00,163311026176.00,-1.45%,2.97%,多头区间
2013-12-16,20946.40,21226.20,20378.00,20591.80,18745458688.00,186977157120.00,-2.15%,4.03%,多头区间
2013-12-17,20177.00,20467.90,19777.40,20053.80,14903261184.00,149387919360.00,-2.61%,3.35%,空头区间
2013-12-18,19557.70,19840.40,19250.00,19509.20,12606958592.00,128607232000.00,-2.72%,2.94%,空头区间
2013-12-19,19171.50,19446.00,18796.80,18942.60,13801393152.00,138045947904.00,-2.90%,3.33%,空头区间
2013-12-20,18744.40,18992.90,18248.70,18489.10,15526804480.00,150491774976.00,-2.39%,3.93%,空头区间
2013-12-23,18170.40,18458.50,17721.80,18130.00,12863322112.00,129686126592.00,-1.94%,3.98%,空头区间
2013-12-24,17906.70,18289.10,17676.30,18006.60,13338117120.00,138753130496.00,-0.68%,3.38%,空头区间
2013-12-25,17781.90,18168.50,17595.40,18032.60,13466753024.00,144554131456.00,0.14%,3.18%,空头区间
2013-12-26,17928.70,18147.50,17452.20,17611.70,15475002368.00,160668876800.00,-2.33%,3.86%,空头区间
2013-12-27,17506.20,18018.90,17378.40,17847.60,15439967232.00,159774212096.00,1.34%,3.64%,空头区间
2013-12-30,17873.10,18162.80,17604.00,17860.50,15328768000.00,158639259648.00,0.07%,3.13%,空头区间
2013-12-31,17797.70,18173.60,17552.20,17924.30,15482814464.00,161436499968.00,0.36%,3.48%,空头区间
2014-01-02,17803.60,18178.70,17592.80,17976.00,14461926400.00,157721444352.00,0.29%,3.27%,空头区间
2014-01-03,18030.60,18317.60,17686.50,17974.40,17263837184.00,182657122304.00,-0.01%,3.51%,空头区间
2014-01-06,18014.50,18189.70,17376.20,17582.40,17908193280.00,178123522048.00,-2.18%,4.53%,空头区间
2014-01-07,17330.90,17777.50,17130.50,17557.70,13373905920.00,139248353280.00,-0.14%,3.68%,空头区间
2014-01-08,17605.10,18041.30,17372.00,17725.20,15739784192.00,173636452352.00,0.95%,3.81%,空头区间
2014-01-09,17747.50,18133.10,17371.00,17549.50,16434079744.00,179794640896.00,-0.99%,4.30%,空头区间
2014-01-10,17390.90,17690.00,16968.70,17216.90,14983308288.00,146867552256.00,-1.90%,4.11%,空头区间
2014-01-13,17030.50,17350.70,16685.20,16974.40,13400381440.00,134725697536.00,-1.41%,3.87%,空头区间
2014-01-14,16835.90,17276.60,16613.90,17158.50,14712543232.00,144556113920.00,1.08%,3.90%,空头区间
2014-01-15,17047.20,17411.40,16823.30,17196.80,14490812416.00,153521963008.00,0.22%,3.43%,空头区间
2014-01-16,17157.60,17493.10,16893.60,17142.70,15141192704.00,160770572288.00,-0.31%,3.49%,空头区间
2014-01-17,16925.80,17184.70,16599.30,16815.30,13660713984.00,143363325952.00,-1.91%,3.41%,空头区间
2014-01-20,16581.00,16874.90,16231.90,16492.50,12432158720.00,134432210944.00,-1.92%,3.82%,空头区间
2014-01-21,16354.10,16817.70,16223.80,16648.10,13360359424.00,147167182848.00,0.94%,3.60%,空头区间
2014-01-22,17034.20,17609.00,16881.00,17427.40,20168734720.00,212723531776.00,4.68%,4.37%,多头区间
2014-01-23,17680.60,18093.90,17473.80,17818.90,18439086080.00,209317167104.00,2.25%,3.56%,多头区间
2014-01-24,18119.30,18662.90,17959.80,18393.70,20142753792.00,224429047808.00,3.23%,3.95%,多头区间
2014-01-27,18574.40,19000.70,18243.60,18576.40,19798489088.00,217262620672.00,0.99%,4.12%,多头区间
2014-01-28,18541.00,18873.30,18159.60,18494.20,15735710720.00,175055683584.00,-0.44%,3.84%,多头区间
2014-01-29,18471.80,18893.60,18236.00,18651.00,15722899456.00,178658770944.00,0.85%,3.56%,多头区间
2014-01-30,18386.80,18714.20,18029.10,18293.80,13419631616.00,156505604096.00,-1.92%,3.67%,多头区间
2014-02-07,18215.40,18825.40,17993.60,18696.00,15790964736.00,179974733824.00,2.20%,4.55%,多头区间
2014-02-10,19535.90,20233.30,19354.60,19991.10,25840158720.00,287273746432.00,6.93%,4.70%,多头区间
2014-02-11,20844.20,21336.60,20377.50,20862.60,28094830592.00,306310643712.00,4.36%,4.80%,多头区间
2014-02-12,21385.90,21904.90,21039.20,21603.70,25451474944.00,277718302720.00,3.55%,4.15%,多头区间
2014-02-13,22215.50,22659.80,21608.50,21845.20,28134903808.00,299732992000.00,1.12%,4.87%,多头区间
2014-02-14,21991.60,22595.50,21766.00,22384.10,22272448512.00,243390316544.00,2.47%,3.80%,多头区间
2014-02-17,23104.70,23731.90,22804.70,23472.30,27871582208.00,307558744064.00,4.86%,4.14%,多头区间
2014-02-18,24103.10,24561.80,23586.50,24039.40,28406792192.00,315624947712.00,2.42%,4.16%,多头区间
2014-02-19,24453.50,25003.70,23978.70,24506.70,29074810880.00,301860454400.00,1.94%,4.26%,多头区间
2014-02-20,24925.30,25372.10,24194.70,24529.30,29384108032.00,295327531008.00,0.09%,4.80%,多头区间
2014-02-21,24374.50,24818.60,23861.70,24318.20,22322518016.00,230494781440.00,-0.86%,3.90%,多头区间
2014-02-24,24381.30,24893.60,23789.80,24484.50,24041293824.00,253957226496.00,0.68%,4.54%,多头区间
2014-02-25,25149.50,25674.90,23802.60,24136.60,29341652992.00,330258415616.00,-1.42%,7.65%,多头区间
2014-02-26,23899.60,24515.20,23255.70,24210.50,22499233792.00,236441845760.00,0.31%,5.22%,多头区间
2014-02-27,24443.00,25101.40,23712.40,24052.70,25595316224.00,271296495616.00,-0.65%,5.74%,多头区间
2014-02-28,23851.00,24505.50,23287.50,24199.80,21636626432.00,227750461440.00,0.61%,5.06%,多头区间
2014-03-03,24181.80,24930.60,23892.50,24649.90,23452794880.00,239232647168.00,1.86%,4.29%,多头区间
2014-03-04,24431.80,24921.50,23936.10,24503.90,22529781760.00,239199453184.00,-0.59%,4.00%,多头区间
2014-03-05,24302.90,24743.50,23822.50,24159.10,20868538368.00,217917849600.00,-1.41%,3.76%,多头区间
2014-03-06,23910.00,24389.70,23370.90,23997.70,21069918208.00,219442053120.00,-0.67%,4.22%,多头区间
2014-03-07,23745.80,24257.90,23323.70,23686.40,20244154368.00,214210265088.00,-1.30%,3.89%,多头区间
2014-03-10,23392.80,23676.20,22463.60,22706.30,21856393216.00,217035292672.00,-4.14%,5.12%,空头区间
2014-03-11,22280.50,22785.10,21852.30,22350.70,17822873600.00,179837255680.00,-1.57%,4.11%,空头区间
2014-03-12,22035.50,22499.00,21489.90,22051.30,19249125376.00,184687542272.00,-1.34%,4.51%,空头区间
2014-03-13,21734.50,22273.40,21511.70,22008.70,18145978368.00,171475189760.00,-0.19%,3.45%,空头区间
2014-03-14,21500.70,21899.20,21153.20,21511.40,16604981248.00,159464800256.00,-2.26%,3.39%,空头区间
2014-03-17,21295.70,21872.40,21074.60,21703.60,17005254656.00,173048004608.00,0.89%,3.71%,空头区间
2014-03-18,21647.40,22107.70,21382.10,21724.20,18886811648.00,200359706624.00,0.09%,3.34%,空头区间
2014-03-19,21545.30,21883.30,21107.40,21554.10,19140210688.00,190723719168.00,-0.78%,3.57%,空头区间
2014-03-20,21519.90,21900.00,20855.50,20997.00,21367965696.00,207001206784.00,-2.58%,4.85%,空头区间
2014-03-21,21112.50,21903.00,20743.00,21713.80,25125287936.00,225209532416.00,3.41%,5.52%,空头区间
2014-03-24,21914.30,22394.00,21579.20,22027.50,25750046720.00,224442957824.00,1.44%,3.75%,多头区间
2014-03-25,21985.90,22433.90,21655.90,22039.80,23775211520.00,205201948672.00,0.06%,3.53%,多头区间
2014-03-26,21847.10,22227.60,21539.60,21871.80,18969415680.00,176450666496.00,-0.76%,3.12%,多头区间
2014-03-27,21826.20,22145.70,21281.40,21493.00,21631389696.00,200408285184.00,-1.73%,3.95%,多头区间
2014-03-28,21470.10,21835.80,20818.00,21094.70,22328143872.00,202534977536.00,-1.85%,4.74%,多头区间
2014-03-31,20724.10,21073.60,20267.80,20594.00,16437771264.00,147660488704.00,-2.37%,3.82%,空头区间
2014-04-01,20152.70,20636.70,19987.90,20485.60,14843079680.00,137755836416.00,-0.53%,3.15%,空头区间
2014-04-02,20310.70,20672.00,19998.00,20323.80,18282559488.00,163614834688.00,-0.79%,3.29%,空头区间
2014-04-03,20167.60,20497.60,19839.10,20108.70,18789607424.00,164685086720.00,-1.06%,3.24%,空头区间
2014-04-04,19714.50,20141.40,19547.40,19994.10,15319915520.00,144291905536.00,-0.57%,2.95%,空头区间
2014-04-08,20080.70,20613.70,19892.40,20435.60,21868548096.00,201937731584.00,2.21%,3.61%,空头区间
2014-04-09,20444.70,20834.20,20262.80,20600.80,19040350208.00,187861581824.00,0.81%,2.80%,空头区间
2014-04-10,21111.40,21600.30,20861.50,21253.10,26198908928.00,250268975104.00,3.17%,3.59%,空头区间
2014-04-11,21317.40,21657.70,21008.10,21338.50,21913759744.00,210759696384.00,0.40%,3.06%,空头区间
2014-04-14,21182.30,21569.30,20942.70,21327.60,18276055040.00,178262523904.00,-0.05%,2.94%,空头区间
2014-04-15,21288.80,21544.00,20903.00,21106.70,19633129472.00,188044181504.00,-1.04%,3.01%,空头区间
2014-04-16,20774.80,21130.00,20549.80,20855.60,16377268224.00,157756112896.00,-1.19%,2.75%,空头区间
2014-04-17,20620.20,20894.20,20339.50,20546.20,16233099264.00,157000957952.00,-1.48%,2.66%,空头区间
2014-04-18,20166.90,20486.20,19953.50,20287.10,15386516480.00,148547371008.00,-1.26%,2.59%,空头区间
2014-04-21,20096.70,20450.00,19742.40,19906.80,17604931584.00,173714030592.00,-1.87%,3.49%,空头区间
2014-04-22,19819.80,20023.10,19530.70,19823.00,17884737536.00,173770424320.00,-0.42%,2.47%,空头区间
2014-04-23,19437.10,19710.80,19157.60,19403.80,14192861184.00,139130912768.00,-2.11%,2.79%,空头区间
2014-04-24,19117.70,19382.30,18773.30,18989.20,14531823616.00,140941279232.00,-2.14%,3.14%,空头区间
2014-04-25,18893.90,19129.10,18391.80,18546.00,17025146880.00,154913767424.00,-2.33%,3.88%,空头区间
2014-04-28,18433.10,18624.60,17785.70,17988.80,16960928768.00,150487236608.00,-3.00%,4.52%,空头区间
2014-04-29,17648.20,18066.80,17459.80,17931.80,13532930048.00,121157885952.00,-0.32%,3.37%,空头区间
2014-04-30,17588.40,17915.10,17404.20,17707.00,12885048320.00,117644713984.00,-1.25%,2.85%,空头区间
2014-05-05,17431.10,17750.80,17189.10,17609.80,13725131776.00,124528082944.00,-0.55%,3.17%,空头区间
2014-05-06,17605.30,17788.90,17512.60,17573.40,14295197696.00,136944336896.00,-0.21%,1.57%,空头区间
2014-05-07,17476.60,17534.80,17086.30,17111.40,13960286208.00,131479715840.00,-2.63%,2.55%,空头区间
2014-05-08,17040.70,17313.50,16903.10,16922.30,14255216640.00,129113604096.00,-1.11%,2.40%,空头区间
2014-05-09,16910.00,16950.80,16577.40,16612.70,13975576576.00,126139645952.00,-1.83%,2.21%,空头区间
2014-05-12,16777.50,17256.40,16759.00,17256.40,20095162368.00,173191610368.00,3.87%,2.99%,空头区间
2014-05-13,17250.50,17493.00,17166.10,17233.40,17302353920.00,151688904704.00,-0.13%,1.89%,空头区间
2014-05-14,17219.10,17313.90,16975.70,16989.50,13678745600.00,123914715136.00,-1.42%,1.96%,空头区间
2014-05-15,16959.60,16976.00,16516.90,16553.00,14251682816.00,135032700928.00,-2.57%,2.70%,空头区间
2014-05-16,16508.10,16559.10,16182.90,16284.10,12515802112.00,117771558912.00,-1.62%,2.27%,空头区间
2014-05-19,16224.90,16233.10,15832.40,15910.10,11875535872.00,111201189888.00,-2.30%,2.46%,空头区间
2014-05-20,16035.80,16153.60,15703.80,15744.90,11865958400.00,117607481344.00,-1.04%,2.83%,空头区间
2014-05-21,15717.00,15838.40,15551.60,15671.80,11729669120.00,111358386176.00,-0.46%,1.82%,空头区间
2014-05-22,15650.50,15965.90,15632.30,15650.10,14601774080.00,140855148544.00,-0.14%,2.13%,空头区间
2014-05-23,15653.10,15732.90,15530.20,15720.50,12707723264.00,126232764416.00,0.45%,1.30%,空头区间
2014-05-26,15825.50,16031.20,15825.50,15990.60,14395044864.00,152464883712.00,1.72%,1.31%,空头区间
2014-05-27,15956.70,16071.50,15819.40,15866.10,13503376384.00,137464774656.00,-0.78%,1.58%,空头区间
2014-05-28,15853.60,16303.20,15852.50,16303.20,16618194944.00,168980529152.00,2.75%,2.84%,空头区间
2014-05-29,16306.00,16462.40,16221.70,16283.40,16319398912.00,168260075520.00,-0.12%,1.48%,空头区间
2014-05-30,16270.60,16399.00,16269.10,16331.60,14815751168.00,148047069184.00,0.30%,0.80%,空头区间
2014-06-03,16358.60,16498.40,16226.90,16237.90,13959960576.00,138910613504.00,-0.57%,1.66%,空头区间
2014-06-04,16203.20,16214.60,15941.10,16037.40,14049452032.00,136234582016.00,-1.23%,1.68%,空头区间
2014-06-05,16016.90,16204.70,16006.20,16204.70,13588185088.00,137999958016.00,1.04%,1.24%,空头区间
2014-06-06,16195.40,16289.60,15989.60,16078.20,13759215616.00,141003063296.00,-0.78%,1.85%,空头区间
2014-06-09,16040.50,16195.30,15883.90,15911.60,13102289920.00,133145149440.00,-1.04%,1.94%,空头区间
2014-06-10,15941.40,16232.50,15917.80,16232.50,15526294528.00,157650698240.00,2.02%,1.98%,空头区间
2014-06-11,16184.70,16423.30,16184.70,16379.30,15399362560.00,160020316160.00,0.90%,1.47%,空头区间
2014-06-12,16329.60,16477.90,16324.60,16467.90,16172978176.00,163876470784.00,0.54%,0.94%,空头区间
2014-06-13,16434.00,16973.80,16434.00,16973.80,19008303104.00,193221591040.00,3.07%,3.28%,空头区间
2014-06-16,16968.50,17396.90,16968.50,17396.90,18997254144.00,194106556416.00,2.49%,2.52%,多头区间
2014-06-17,17399.60,17512.70,17322.30,17376.00,17712269312.00,176112304128.00,-0.12%,1.09%,多头区间
2014-06-18,17373.70,17478.50,17269.80,17302.90,17380917248.00,166852608000.00,-0.42%,1.20%,多头区间
2014-06-19,17273.80,17332.60,16758.70,16914.90,18351542272.00,173933002752.00,-2.24%,3.32%,多头区间
2014-06-20,16914.30,17038.70,16735.00,16840.90,13376442368.00,124865961984.00,-0.44%,1.80%,多头区间
2014-06-23,16888.30,17118.70,16864.00,16908.20,14305273856.00,142594916352.00,0.40%,1.51%,多头区间
2014-06-24,16904.70,17034.60,16891.50,16974.80,14667141120.00,148936278016.00,0.39%,0.85%,多头区间
2014-06-25,16934.30,16957.50,16681.30,16731.40,13965154304.00,140101582848.00,-1.43%,1.63%,多头区间
2014-06-26,16763.10,17127.00,16763.10,17127.00,17281826816.00,175933194240.00,2.36%,2.17%,多头区间
2014-06-27,17108.00,17500.30,17092.90,17489.30,20399972352.00,196007084032.00,2.12%,2.38%,多头区间
2014-06-30,17569.40,18013.70,17569.40,18013.70,20595564544.00,202933551104.00,3.00%,2.54%,多头区间
2014-07-01,18073.10,18428.70,18070.00,18428.70,20801517568.00,208489136128.00,2.30%,1.99%,多头区间
2014-07-02,18416.20,18854.70,18416.20,18854.70,22342576128.00,219192901632.00,2.31%,2.38%,多头区间
2014-07-03,18840.50,19410.90,18833.30,19410.90,24868175872.00,234591207424.00,2.95%,3.06%,多头区间
2014-07-04,19420.60,19639.80,19420.60,19587.40,21779021824.00,211954040832.00,0.91%,1.13%,多头区间
2014-07-07,19615.50,19830.60,19615.50,19772.50,20161026048.00,202598940672.00,0.94%,1.10%,多头区间
2014-07-08,19751.20,20066.20,19742.90,20066.20,20289650688.00,208376348672.00,1.49%,1.64%,多头区间
2014-07-09,20056.40,20274.20,19999.50,20126.80,23704731648.00,244221820928.00,0.30%,1.37%,多头区间
2014-07-10,20131.90,20366.00,20119.50,20188.70,20147666944.00,205192855552.00,0.31%,1.22%,多头区间
2014-07-11,20161.60,20551.60,20161.60,20427.40,21181911040.00,205996556288.00,1.18%,1.93%,多头区间
2014-07-14,20489.40,21009.00,20489.40,21009.00,23395098624.00,232957018112.00,2.85%,2.54%,多头区间
2014-07-15,21018.90,21354.60,21015.70,21354.60,25531332608.00,247380393984.00,1.65%,1.61%,多头区间
2014-07-16,21294.80,21486.90,21207.80,21297.60,25123641344.00,225458634752.00,-0.27%,1.31%,多头区间
2014-07-17,21245.00,21349.30,20858.20,20981.20,19528296448.00,176071557120.00,-1.49%,2.31%,多头区间
2014-07-18,20903.00,21194.70,20833.80,20874.10,19592898560.00,177319624704.00,-0.51%,1.72%,多头区间
2014-07-21,20852.90,20945.70,20626.70,20670.90,17948194816.00,169679880192.00,-0.97%,1.53%,多头区间
2014-07-22,20679.20,21149.10,20679.20,21148.20,22624968704.00,209008836608.00,2.31%,2.27%,多头区间
2014-07-23,21140.60,21426.10,21095.20,21221.30,25043572736.00,226125021184.00,0.35%,1.56%,多头区间
2014-07-24,21206.30,21709.00,21206.30,21709.00,29012795392.00,254821580800.00,2.30%,2.37%,多头区间
2014-07-25,21736.60,22084.30,21736.60,22084.30,24995948544.00,217521438720.00,1.73%,1.60%,多头区间
2014-07-28,22223.30,23625.60,22223.30,23625.60,38624571392.00,329619210240.00,6.98%,6.35%,多头区间
2014-07-29,23646.50,24629.80,23646.50,24629.80,34933420032.00,315980578816.00,4.25%,4.16%,多头区间
2014-07-30,24620.90,25233.60,24575.10,25233.60,32652156928.00,301662961664.00,2.45%,2.67%,多头区间
2014-07-31,25226.30,25712.00,25206.10,25712.00,29733595136.00,274475302912.00,1.90%,2.00%,多头区间
2014-08-01,25610.70,26066.40,25592.60,25942.10,34500415488.00,312426135552.00,0.89%,1.84%,多头区间
2014-08-04,26071.80,26667.70,26071.80,26667.70,30478866432.00,278090809344.00,2.80%,2.30%,多头区间
2014-08-05,26710.70,27120.10,26699.10,27120.10,32088504320.00,297946316800.00,1.70%,1.58%,多头区间
2014-08-06,26965.40,27447.20,26946.70,27443.00,32453529600.00,291526082560.00,1.19%,1.85%,多头区间
2014-08-07,27446.70,27746.00,27254.20,27319.70,31844820992.00,286697259008.00,-0.45%,1.79%,多头区间
2014-08-08,27391.00,27527.00,27180.00,27280.10,25315829760.00,239323119616.00,-0.14%,1.27%,多头区间
2014-08-11,27507.10,27901.70,27507.10,27901.70,28272254976.00,274842697728.00,2.28%,1.45%,多头区间
2014-08-12,27888.50,28177.60,27867.30,28141.30,29142632448.00,287624986624.00,0.86%,1.11%,多头区间
2014-08-13,28129.40,28442.90,28109.90,28442.90,32530708480.00,308768505856.00,1.07%,1.18%,多头区间
2014-08-14,28398.60,28718.10,28349.20,28411.40,31854665728.00,303745564672.00,-0.11%,1.30%,多头区间
2014-08-15,28432.20,28791.10,28432.20,28753.50,29203963904.00,284096528384.00,1.20%,1.26%,多头区间
2014-08-18,28904.60,29461.30,28904.60,29461.30,32511322112.00,321227358208.00,2.46%,1.94%,多头区间
2014-08-19,29527.00,30037.30,29520.20,30037.30,35501371392.00,356411572224.00,1.96%,1.76%,多头区间
2014-08-20,30012.40,30307.70,29974.30,30132.80,32720265216.00,317984899072.00,0.32%,1.11%,多头区间
2014-08-21,30142.10,30285.70,29911.60,30241.00,31591380992.00,311653302272.00,0.36%,1.24%,多头区间
2014-08-22,30226.20,30556.30,30226.20,30490.80,30185541632.00,310349201408.00,0.83%,1.09%,多头区间
2014-08-25,30511.50,30606.20,30174.40,30207.50,29895796736.00,297466527744.00,-0.93%,1.42%,多头区间
2014-08-26,30100.10,30309.20,29546.90,29698.30,30274449408.00,294141788160.00,-1.69%,2.52%,多头区间
2014-08-27,29694.80,29932.30,29282.80,29315.60,23090710528.00,232132132864.00,-1.29%,2.19%,多头区间
2014-08-28,29317.90,29479.30,28631.60,28633.40,23563577344.00,236350373888.00,-2.33%,2.89%,空头区间
2014-08-29,28668.90,28763.20,28186.90,28348.10,19573454848.00,200245264384.00,-1.00%,2.01%,空头区间
2014-09-01,28449.40,28801.20,28449.40,28718.40,24591325184.00,259012968448.00,1.31%,1.24%,空头区间
2014-09-02,28814.90,29805.80,28802.80,29805.80,34993627136.00,362324459520.00,3.79%,3.49%,多头区间
2014-09-03,29887.80,30833.60,29887.80,30833.60,38714912768.00,397922205696.00,3.45%,3.17%,多头区间
2014-09-04,30934.70,31845.50,30934.70,31845.50,37479702528.00,391781679104.00,3.28%,2.95%,多头区间
2014-09-05,31931.60,32593.70,31931.60,32593.70,38749724672.00,390150258688.00,2.35%,2.08%,多头区间
2014-09-09,32668.80,33153.90,32668.80,33141.50,36653940736.00,369639948288.00,1.68%,1.49%,多头区间
2014-09-10,32963.20,33487.50,32898.20,33419.30,35857514496.00,359450935296.00,0.84%,1.78%,多头区间
2014-09-11,33392.60,34263.40,33388.30,34097.00,41868443648.00,430777171968.00,2.03%,2.62%,多头区间
2014-09-12,34050.00,34522.50,34042.60,34522.50,35290681344.00,346212696064.00,1.25%,1.41%,多头区间
2014-09-15,34538.30,35311.10,34531.00,35310.90,39998181376.00,404167819264.00,2.28%,2.26%,多头区间
2014-09-16,35352.60,35795.20,35152.80,35236.10,53665366016.00,494158839808.00,-0.21%,1.82%,多头区间
2014-09-17,35358.80,35757.00,34998.90,35364.40,37203275776.00,335240232960.00,0.36%,2.15%,多头区间
2014-09-18,35263.50,35639.80,35065.00,35200.30,33519005696.00,300824166400.00,-0.46%,1.63%,多头区间
2014-09-19,35180.20,35426.40,35053.40,35184.10,31119642624.00,302920335360.00,-0.05%,1.06%,多头区间
2014-09-22,35151.30,35289.80,34535.10,34594.00,32119801856.00,316726247424.00,-1.68%,2.15%,多头区间
2014-09-23,34602.70,34915.80,34569.20,34694.70,29262075904.00,296903049216.00,0.29%,1.00%,多头区间
2014-09-24,34576.40,35553.30,34543.30,35553.30,39329804288.00,384239566848.00,2.47%,2.91%,多头区间
2014-09-25,35728.10,36188.60,35728.10,35969.00,40666533888.00,404462108672.00,1.17%,1.30%,多头区间
2014-09-26,35844.50,36186.90,35708.60,35800.00,32266305536.00,321883930624.00,-0.47%,1.33%,多头区间
2014-09-29,36169.00,36540.80,36169.00,36431.70,36392103936.00,370919473152.00,1.76%,1.04%,多头区间
2014-09-30,36689.50,36903.30,36497.60,36652.90,34211149824.00,347182989312.00,0.61%,1.11%,多头区间
2014-10-08,36797.70,37381.70,36783.50,37381.70,36956471296.00,386875555840.00,1.99%,1.63%,多头区间
2014-10-09,37407.60,38077.80,37392.90,38077.80,43945168896.00,446221287424.00,1.86%,1.83%,多头区间
2014-10-10,37864.90,38521.20,37817.30,38248.50,41959096320.00,416389169152.00,0.45%,1.85%,多头区间
2014-10-13,38074.30,38366.30,38036.50,38352.60,37575999488.00,377383157760.00,0.27%,0.86%,多头区间
2014-10-14,38268.90,38785.10,37953.60,38175.70,36880199680.00,368012361728.00,-0.46%,2.17%,多头区间
2014-10-15,38169.00,38507.20,38032.60,38310.50,36859719680.00,364535054336.00,0.35%,1.24%,多头区间
2014-10-16,38259.20,38792.50,37943.10,38050.20,42241683456.00,411099725824.00,-0.68%,2.22%,多头区间
2014-10-17,37940.20,38254.40,37452.90,37761.60,38064398336.00,376991580160.00,-0.76%,2.11%,多头区间
2014-10-20,37889.90,38236.80,37630.60,37706.60,28847083520.00,301306478592.00,-0.15%,1.61%,多头区间
2014-10-21,37641.30,37888.50,36865.20,36875.00,30049953792.00,307166674944.00,-2.21%,2.71%,多头区间
2014-10-22,36873.10,36961.50,35914.30,35955.10,27447896064.00,289244446720.00,-2.49%,2.84%,空头区间
2014-10-23,35882.10,36013.50,34972.80,35053.70,29510152192.00,292554539008.00,-2.51%,2.89%,空头区间
2014-10-24,35010.00,35175.90,34132.00,34220.90,23114690560.00,235243618304.00,-2.38%,2.98%,空头区间
2014-10-27,34079.30,34384.80,33647.20,33727.30,23129954304.00,238479638528.00,-1.44%,2.16%,空头区间
2014-10-28,33862.60,34644.30,33862.60,34644.30,31709050880.00,329020014592.00,2.72%,2.32%,空头区间
2014-10-29,34783.20,36097.30,34783.20,36097.30,45285945344.00,451236397056.00,4.19%,3.79%,多头区间
2014-10-30,36057.10,36854.50,36035.80,36854.50,46764937216.00,432618536960.00,2.10%,2.27%,多头区间
2014-10-31,36943.10,37793.90,36943.10,37793.90,50002354176.00,452822106112.00,2.55%,2.31%,多头区间
2014-11-03,37842.10,38635.90,37842.10,38635.90,47133118464.00,421831639040.00,2.23%,2.10%,多头区间
2014-11-04,38619.00,39159.00,38596.30,38981.10,48135761920.00,425278111744.00,0.89%,1.46%,多头区间
2014-11-05,38989.50,39368.90,38917.10,38957.30,42205425664.00,379639955456.00,-0.06%,1.16%,多头区间
2014-11-06,38937.60,39170.50,38728.50,39015.60,36599877632.00,354580561920.00,0.15%,1.13%,多头区间
2014-11-07,39095.20,39771.00,39095.20,39417.90,46969294848.00,466233524224.00,1.03%,1.73%,多头区间
2014-11-10,39714.90,40461.80,39687.60,40461.80,45821440000.00,435273924608.00,2.65%,1.96%,多头区间
2014-11-11,40618.10,41235.30,40449.40,40931.40,61576044544.00,574040309760.00,1.16%,1.94%,多头区间
2014-11-12,40695.60,41467.50,40669.20,41423.80,38082392064.00,374387703808.00,1.20%,1.95%,多头区间
2014-11-13,41382.40,41666.90,41215.70,41328.00,45484457984.00,450984476672.00,-0.23%,1.09%,多头区间
2014-11-14,41062.10,41388.20,40479.40,40685.60,34341201920.00,338595807232.00,-1.55%,2.20%,多头区间
2014-11-17,40973.10,41265.80,40600.20,40630.60,33913671680.00,349690593280.00,-0.14%,1.64%,多头区间
2014-11-18,40558.40,40812.40,40013.80,40092.20,31516743680.00,314673725440.00,-1.33%,1.97%,多头区间
2014-11-19,40039.20,40232.80,39650.10,39724.10,30655934464.00,322326560768.00,-0.92%,1.45%,多头区间
2014-11-20,39532.80,39852.30,39045.40,39083.70,27446435840.00,291384295424.00,-1.61%,2.03%,多头区间
2014-11-21,39075.00,39571.40,39053.10,39571.40,34408452096.00,365260734464.00,1.25%,1.33%,多头区间
2014-11-24,40183.70,41901.80,40113.30,41883.50,56612978688.00,574289739776.00,5.84%,4.52%,多头区间
2014-11-25,41844.20,43388.30,41844.20,43388.30,50306699264.00,523195088896.00,3.59%,3.69%,多头区间
2014-11-26,43551.30,44922.00,43551.30,44921.90,53205590016.00,565592653824.00,3.53%,3.16%,多头区间
2014-11-27,45153.90,46723.50,45121.60,46723.50,57808801792.00,608913129472.00,4.01%,3.57%,多头区间
2014-11-28,46677.20,48922.10,46666.00,48922.00,70239379456.00,699477655552.00,4.71%,4.83%,多头区间
2014-12-01,49108.20,50485.90,49108.20,50248.30,66956750848.00,679371735040.00,2.71%,2.82%,多头区间
2014-12-02,50191.40,52674.80,50041.00,52674.80,64130105344.00,662439854080.00,4.83%,5.24%,多头区间
2014-12-03,52873.40,55998.10,52873.40,55998.10,84934557696.00,896781451264.00,6.31%,5.93%,多头区间
2014-12-04,56042.00,60025.40,56042.00,60025.40,80457105408.00,868261888000.00,7.19%,7.11%,多头区间
2014-12-05,60583.60,63170.80,59957.10,62829.40,95145484288.00,1049502023680.00,4.67%,5.35%,多头区间
2014-12-08,62636.60,66717.30,62050.50,66666.20,85951381504.00,959775113216.00,6.11%,7.43%,多头区间
2014-12-09,66575.20,70512.70,66131.90,67064.80,111490842624.00,1242406715392.00,0.60%,6.57%,多头区间
2014-12-10,67101.70,69994.90,66581.10,69953.10,74199580672.00,838673301504.00,4.31%,5.09%,多头区间
2014-12-11,69790.50,71447.00,69277.60,70044.60,71686496256.00,774882394112.00,0.13%,3.10%,多头区间
2014-12-12,70278.90,71362.20,69766.70,69986.20,61159419904.00,682482466816.00,-0.08%,2.28%,多头区间
2014-12-15,69624.00,70534.10,69557.70,70410.50,60968435712.00,695658414080.00,0.61%,1.40%,多头区间
2014-12-16,70668.60,72077.60,70516.00,71791.30,66632433664.00,776111849472.00,1.96%,2.22%,多头区间
2014-12-17,72106.00,73234.00,71315.80,72816.00,76995821568.00,889208176640.00,1.43%,2.67%,多头区间
2014-12-18,72545.80,73268.90,71851.00,71869.60,61687275520.00,720208199680.00,-1.30%,1.95%,多头区间
2014-12-19,71826.10,72533.50,70428.20,72153.40,73143820288.00,784380264448.00,0.39%,2.93%,多头区间
2014-12-22,72372.00,73535.70,71403.50,71882.10,92101525504.00,916685979648.00,-0.38%,2.96%,多头区间
2014-12-23,71850.90,72179.80,69217.00,69332.00,60466085888.00,625055563776.00,-3.55%,4.12%,空头区间
2014-12-24,69491.00,69893.30,66949.70,67477.10,52988334080.00,570060636160.00,-2.68%,4.25%,空头区间
2014-12-25,67522.20,68656.50,67199.10,68237.90,52495630336.00,567319003136.00,1.13%,2.16%,空头区间
2014-12-26,68243.40,69682.00,68187.50,69640.80,63191109632.00,709472157696.00,2.06%,2.19%,空头区间
2014-12-29,70503.80,71249.60,69118.00,69973.90,71063445504.00,816696918016.00,0.48%,3.06%,空头区间
2014-12-30,69715.50,70286.70,68505.40,68840.80,56244662272.00,655005384704.00,-1.62%,2.55%,空头区间
2014-12-31,68887.10,69460.40,68621.80,69232.30,56433176576.00,639885639680.00,0.57%,1.22%,空头区间
2015-01-05,69714.20,71674.70,69674.80,71447.30,74831503360.00,826771832832.00,3.20%,2.89%,空头区间
2015-01-06,71237.20,72700.70,70525.30,72322.40,71203815424.00,819208781824.00,1.22%,3.04%,多头区间
2015-01-07,72245.30,73236.10,71437.90,71839.30,55909765120.00,664679219200.00,-0.67%,2.49%,多头区间
2015-01-08,71824.70,71968.80,69454.80,69578.10,53429235712.00,620777766912.00,-3.15%,3.50%,空头区间
2015-01-09,69471.50,70636.30,68801.00,68892.90,57081786368.00,683823071232.00,-0.98%,2.64%,空头区间
2015-01-12,68738.30,69122.40,66371.50,66894.80,46066954240.00,556781993984.00,-2.90%,3.99%,空头区间
2015-01-13,66885.40,67323.30,65304.30,65528.40,35416395776.00,459509235712.00,-2.04%,3.02%,空头区间
2015-01-14,65535.90,66008.00,63305.40,63760.00,36150001664.00,446862098432.00,-2.70%,4.12%,空头区间
2015-01-15,63769.00,64353.40,63504.00,64353.40,40751034368.00,516543873024.00,0.93%,1.33%,空头区间
2015-01-16,64384.40,65426.60,64384.40,64739.70,48637014016.00,611737534464.00,0.60%,1.62%,空头区间
2015-01-19,61511.60,63675.80,60795.10,61290.00,59473674240.00,685123567616.00,-5.33%,4.45%,空头区间
2015-01-20,61608.70,63309.70,61516.10,63065.60,53697527808.00,691642564608.00,2.90%,2.93%,空头区间
2015-01-21,63558.90,66409.70,63482.00,66409.70,62169239552.00,790803447808.00,5.30%,4.64%,多头区间
2015-01-22,66406.20,67248.60,66368.40,67209.80,54520197120.00,695721721856.00,1.20%,1.33%,多头区间
2015-01-23,67329.20,68275.70,66679.30,67113.80,54999216128.00,696320589824.00,-0.14%,2.38%,多头区间
2015-01-26,67165.60,67749.90,67017.90,67423.00,49900933120.00,628140933120.00,0.46%,1.09%,多头区间
2015-01-27,67600.90,68034.90,66528.50,67582.10,57740976128.00,712498937856.00,0.24%,2.23%,多头区间
2015-01-28,67085.80,67608.10,66035.90,66265.50,46902779904.00,593280892928.00,-1.95%,2.33%,多头区间
2015-01-29,65395.50,66278.50,64382.70,64572.60,43080916992.00,515756785664.00,-2.55%,2.86%,空头区间
2015-01-30,64904.60,65094.40,62532.10,62537.40,41302110208.00,497374756864.00,-3.15%,3.97%,空头区间
2015-02-02,60922.50,61703.50,59904.00,60035.60,38396424192.00,456027373568.00,-4.00%,2.88%,空头区间
2015-02-03,60566.50,60843.70,60020.50,60642.20,39385366528.00,505713065984.00,1.01%,1.37%,空头区间
2015-02-04,60783.60,61345.90,59680.10,59711.00,40482873344.00,522486775808.00,-1.54%,2.75%,空头区间
2015-02-05,60772.10,61018.30,59470.90,59485.20,48176402432.00,618864181248.00,-0.38%,2.59%,空头区间
2015-02-06,59202.70,59634.50,57283.10,57666.30,39674269696.00,490821222400.00,-3.06%,3.95%,空头区间
2015-02-09,57481.90,57859.20,56478.20,56657.00,32611579904.00,425752723456.00,-1.75%,2.39%,空头区间
2015-02-10,56572.90,57113.90,55944.30,56369.80,30165938176.00,391156662272.00,-0.51%,2.06%,空头区间
2015-02-11,56494.10,56858.70,55629.40,55769.70,30041143296.00,403999195136.00,-1.06%,2.18%,空头区间
2015-02-12,55793.20,55976.00,55148.20,55207.60,32770646016.00,430827765760.00,-1.01%,1.48%,空头区间
2015-02-13,55353.80,56393.30,55353.80,55953.40,42755571712.00,552612069376.00,1.35%,1.88%,空头区间
2015-02-16,56138.60,56698.50,56138.60,56674.70,38964391936.00,531916947456.00,1.29%,1.00%,空头区间
2015-02-17,56960.50,57368.70,56548.90,56701.20,37689823232.00,503529635840.00,0.05%,1.45%,空头区间
2015-02-25,56748.90,57133.10,55815.40,56030.00,38524194816.00,508774940672.00,-1.18%,2.32%,空头区间
2015-02-26,55905.80,57302.80,55904.80,57302.80,46578982912.00,586685218816.00,2.27%,2.50%,空头区间
2015-02-27,57254.00,58308.60,57254.00,58114.80,48027738112.00,611817422848.00,1.42%,1.84%,空头区间
2015-03-02,58713.40,60648.00,58655.60,60648.00,58720063488.00,783256322048.00,4.36%,3.43%,多头区间
2015-03-03,60281.70,61799.50,60189.00,61509.90,63416164352.00,833027244032.00,1.42%,2.66%,多头区间
2015-03-04,61608.40,62643.60,61608.40,62643.60,51084312576.00,682300342272.00,1.84%,1.68%,多头区间
2015-03-05,62517.30,63300.10,62491.20,63300.10,54377111552.00,728799838208.00,1.05%,1.29%,多头区间
2015-03-06,63370.20,63821.90,62399.70,62541.60,48399798272.00,642720595968.00,-1.20%,2.25%,多头区间
2015-03-09,61996.40,63604.00,61914.00,63604.00,50562547712.00,645686493184.00,1.70%,2.70%,多头区间
2015-03-10,63529.60,64463.00,63529.60,63967.40,48017297408.00,641848442880.00,0.57%,1.47%,多头区间
2015-03-11,64883.90,65622.20,64274.90,64498.00,47551463424.00,634147438592.00,0.83%,2.11%,多头区间
2015-03-12,64868.80,65396.80,64859.50,65365.90,55469363200.00,721565908992.00,1.35%,0.83%,多头区间
2015-03-13,65653.50,66611.00,65653.50,66224.70,50665480192.00,660798373888.00,1.31%,1.46%,多头区间
2015-03-16,66785.60,69887.10,66785.60,69887.10,65189859328.00,897148911616.00,5.53%,4.68%,多头区间
2015-03-17,70451.00,73673.60,70451.00,73673.60,83451961344.00,1098024026112.00,5.42%,4.61%,多头区间
2015-03-18,73883.90,77738.30,73880.10,77738.30,86576439296.00,1103090679808.00,5.52%,5.24%,多头区间
2015-03-19,77765.10,80185.80,77553.70,80185.80,84783824896.00,1087507398656.00,3.15%,3.39%,多头区间
2015-03-20,80360.20,83259.70,80360.20,83257.50,81332740096.00,1145781092352.00,3.83%,3.62%,多头区间
2015-03-23,83552.20,87509.50,83552.20,87509.10,85726117888.00,1206751592448.00,5.11%,4.75%,多头区间
2015-03-24,87767.40,91317.30,87373.30,91317.30,102859800576.00,1415308771328.00,4.35%,4.51%,多头区间
2015-03-25,91193.50,93627.40,90752.30,93146.80,85368872960.00,1236362592256.00,2.00%,3.15%,多头区间
2015-03-26,92817.20,94946.00,92055.30,93463.40,79488344064.00,1179523219456.00,0.34%,3.10%,多头区间
2015-03-27,93420.60,94235.70,93420.60,93622.60,64462680064.00,931258171392.00,0.17%,0.87%,多头区间
2015-03-30,94284.20,96875.00,94284.20,96833.00,86122659840.00,1198243053568.00,3.43%,2.77%,多头区间
2015-03-31,97690.80,99548.60,97687.90,98226.80,87789666304.00,1274039500800.00,1.44%,1.92%,多头区间
2015-04-01,98338.50,100523.70,98338.50,100523.40,73405882368.00,1109216067584.00,2.34%,2.22%,多头区间
2015-04-02,101151.00,102472.50,100961.30,102472.50,79965323264.00,1214342758400.00,1.94%,1.50%,多头区间
2015-04-03,101842.40,104731.60,101728.80,104731.60,79774228480.00,1237093187584.00,2.20%,2.93%,多头区间
2015-04-07,105776.00,108466.40,105776.00,108466.40,91340734464.00,1384880144384.00,3.57%,2.57%,多头区间
2015-04-08,109163.60,110884.70,108309.40,110705.20,97774419968.00,1523869548544.00,2.06%,2.37%,多头区间
2015-04-09,111012.30,111624.90,109194.40,111386.80,92889128960.00,1464058904576.00,0.62%,2.20%,多头区间
2015-04-10,110599.80,113541.10,110369.40,113530.50,77563068416.00,1231274639360.00,1.92%,2.85%,多头区间
2015-04-13,114713.80,117037.20,114713.80,116835.20,92136357888.00,1419221532672.00,2.91%,2.05%,多头区间
2015-04-14,116726.50,119151.00,116167.50,117896.80,92816760832.00,1422476836864.00,0.91%,2.55%,多头区间
2015-04-15,117783.70,118553.40,115068.30,115070.00,91986075648.00,1327812444160.00,-2.40%,2.96%,空头区间
2015-04-16,113504.60,117995.70,113047.70,116728.00,80716873728.00,1190764478464.00,1.44%,4.30%,空头区间
2015-04-17,118345.40,120513.70,118345.40,120074.20,103223156736.00,1501449814016.00,2.87%,1.86%,多头区间
2015-04-20,120127.50,123935.20,119004.20,121470.70,122323279872.00,1772150718464.00,1.16%,4.11%,多头区间
2015-04-21,121541.90,124782.10,121541.90,124782.10,94140145664.00,1409506607104.00,2.73%,2.67%,多头区间
2015-04-22,125389.40,129491.30,125389.40,129491.30,104163909632.00,1626725154816.00,3.77%,3.29%,多头区间
2015-04-23,130243.40,132017.91,130011.30,131550.00,104354177024.00,1649037410304.00,1.59%,1.55%,多头区间
2015-04-24,129687.50,133014.30,129543.90,131989.41,97926144000.00,1555147390976.00,0.33%,2.64%,多头区间
2015-04-27,134035.50,136155.50,134035.50,135165.80,101345697792.00,1609521430528.00,2.41%,1.61%,多头区间
2015-04-28,135105.70,136410.91,132308.70,133526.30,109893246976.00,1672859353088.00,-1.21%,3.03%,多头区间
2015-04-29,133274.41,134805.80,132430.70,133432.11,78999601152.00,1277381836800.00,-0.07%,1.78%,多头区间
2015-04-30,133817.80,134993.11,131971.00,132005.00,80017096704.00,1318925238272.00,-1.07%,2.26%,多头区间
2015-05-04,132373.41,133680.80,131034.10,131534.11,75529265152.00,1214561779712.00,-0.36%,2.00%,多头区间
2015-05-05,131389.11,131882.11,125470.60,126128.60,87045988352.00,1339481653248.00,-4.11%,4.87%,空头区间
2015-05-06,127111.20,128150.40,122192.10,123404.20,74562117632.00,1231502704640.00,-2.16%,4.72%,空头区间
2015-05-07,122233.70,123196.00,117978.80,118097.10,61787439104.00,965016027136.00,-4.30%,4.23%,空头区间
2015-05-08,120004.70,120758.50,117763.30,120426.50,64913313792.00,1070688239616.00,1.97%,2.54%,空头区间
2015-05-11,121709.80,125539.60,121412.20,125539.60,80275881984.00,1381401755648.00,4.25%,3.43%,多头区间
2015-05-12,125983.00,128933.60,125785.60,128933.60,85255569408.00,1511523090432.00,2.70%,2.51%,多头区间
2015-05-13,128498.70,130919.80,127945.30,129737.20,85438881792.00,1509975392256.00,0.62%,2.31%,多头区间
2015-05-14,129818.40,131147.91,129013.70,129552.70,78322425856.00,1363762610176.00,-0.14%,1.65%,多头区间
2015-05-15,128845.70,129334.60,127244.20,127564.90,74606280704.00,1302420520960.00,-1.53%,1.61%,多头区间
2015-05-18,127495.10,129661.70,126710.90,127402.70,67077046272.00,1226869178368.00,-0.13%,2.31%,多头区间
2015-05-19,127822.00,130848.70,127822.00,130781.30,75074412544.00,1389572653056.00,2.65%,2.38%,多头区间
2015-05-20,131737.11,135496.00,131737.11,133609.30,88966815744.00,1618431180800.00,2.16%,2.87%,多头区间
2015-05-21,134027.11,137549.80,134027.11,137547.91,81681670144.00,1518461386752.00,2.95%,2.64%,多头区间
2015-05-22,138859.20,141574.20,138668.41,141573.50,108713975808.00,1956140941312.00,2.93%,2.11%,多头区间
2015-05-25,140544.70,148013.30,140405.11,148013.30,110081392640.00,1988647976960.00,4.55%,5.37%,多头区间
2015-05-26,149410.61,155261.41,149410.61,155261.41,114816712704.00,2108386443264.00,4.90%,3.95%,多头区间
2015-05-27,156081.70,158890.41,154442.30,158549.70,112251944960.00,2104139972608.00,2.12%,2.86%,多头区间
2015-05-28,158236.20,162028.00,151484.30,151653.91,130044854272.00,2357614084096.00,-4.35%,6.65%,空头区间
2015-05-29,152220.70,156523.80,146262.11,153560.70,101982248960.00,1852509782016.00,1.26%,6.77%,空头区间
2015-06-01,155275.50,160997.61,155063.50,160997.61,95469109248.00,1760964247552.00,4.84%,3.86%,多头区间
2015-06-02,162315.00,166331.41,162040.11,166329.50,101666430976.00,1925542707200.00,3.31%,2.67%,多头区间
2015-06-03,167423.20,169518.41,164436.70,167140.00,101557690368.00,1972993916928.00,0.49%,3.06%,多头区间
2015-06-04,166843.41,168351.41,157549.70,167684.11,107246813184.00,1982114562048.00,0.33%,6.46%,多头区间
2015-06-05,170981.91,173920.00,168594.41,172241.80,121303121920.00,2250617651200.00,2.72%,3.18%,多头区间
2015-06-08,172126.80,175704.00,172126.80,175526.41,127195447296.00,2259308511232.00,1.91%,2.08%,多头区间
2015-06-09,175312.00,178008.00,172909.70,175077.61,107460157440.00,1931118247936.00,-0.26%,2.90%,多头区间
2015-06-10,174333.70,177044.30,171763.00,175410.30,95354626048.00,1815008903168.00,0.19%,3.02%,多头区间
2015-06-11,175106.00,177147.00,174042.00,175637.91,91318919168.00,1794201878528.00,0.13%,1.77%,多头区间
2015-06-12,176705.41,178474.91,176661.61,177385.00,100828954624.00,1962576052224.00,0.99%,1.03%,多头区间
2015-06-15,178557.30,179877.91,174236.20,174811.80,104185774080.00,1992975974400.00,-1.45%,3.18%,多头区间
2015-06-16,171677.30,173554.30,165363.61,167018.00,90138591232.00,1698573713408.00,-4.46%,4.69%,空头区间
2015-06-17,167389.00,169211.91,162585.70,168624.20,84678000640.00,1534113742848.00,0.96%,3.97%,空头区间
2015-06-18,167188.41,169407.41,159973.80,160306.30,79444328448.00,1459248824320.00,-4.93%,5.59%,空头区间
2015-06-19,155942.61,158890.00,147560.20,147615.80,73940443136.00,1284149608448.00,-7.92%,7.07%,空头区间
2015-06-23,147607.20,148973.50,139060.80,148012.61,76347334656.00,1295696658432.00,0.27%,6.72%,空头区间
2015-06-24,148390.00,152424.70,147175.11,150831.80,87280427008.00,1488227663872.00,1.90%,3.55%,空头区间
2015-06-25,151145.50,151839.91,142888.30,144884.11,90225410048.00,1548001869824.00,-3.94%,5.93%,空头区间
2015-06-26,139082.41,142003.30,132250.30,132823.70,85616607232.00,1340035563520.00,-8.32%,6.73%,空头区间
2015-06-29,135204.30,135943.30,123767.30,127238.90,102889906176.00,1532465250304.00,-4.20%,9.17%,空头区间
2015-06-30,124947.10,136434.30,120476.20,136417.11,110482604032.00,1659938930688.00,7.21%,12.54%,多头区间
2015-07-01,135500.00,139983.61,129039.60,129604.60,94476173312.00,1527003742208.00,-4.99%,8.02%,空头区间
2015-07-02,129371.90,130454.50,120540.60,122360.00,90364993536.00,1285932449792.00,-5.59%,7.65%,空头区间
2015-07-03,119329.00,124147.50,114120.40,114948.30,85962448896.00,1150193631232.00,-6.06%,8.19%,空头区间
2015-07-06,122966.20,122966.20,112461.60,116585.00,122313785344.00,1549445627904.00,1.42%,9.14%,空头区间
2015-07-07,111864.10,113958.80,109663.80,112429.00,92394979328.00,1075949142016.00,-3.56%,3.68%,空头区间
2015-07-08,106158.20,110022.90,105840.20,109861.60,98644508672.00,1113517326336.00,-2.28%,3.72%,空头区间
2015-07-09,108607.50,117792.10,107849.20,116728.70,86098345984.00,948918419456.00,6.25%,9.05%,多头区间
2015-07-10,118326.60,125430.90,118193.30,122624.50,74304749568.00,926172315648.00,5.05%,6.20%,多头区间
2015-07-13,122623.90,130153.30,122623.90,128164.50,87363518464.00,1171486015488.00,4.52%,6.14%,多头区间
2015-07-14,128660.00,133222.00,127063.70,128492.90,95269732352.00,1319548616704.00,0.26%,4.80%,多头区间
2015-07-15,127121.40,128856.80,121963.10,122651.00,94354612224.00,1244070150144.00,-4.55%,5.37%,空头区间
2015-07-16,119657.80,127592.30,117965.50,122993.10,81417265152.00,1076491845632.00,0.28%,7.85%,空头区间
2015-07-17,124363.30,128717.20,123638.70,127752.00,78643355648.00,1099402182656.00,3.87%,4.13%,多头区间
2015-07-20,128200.10,132398.61,127908.80,129447.20,89527533568.00,1318563741696.00,1.33%,3.51%,多头区间
2015-07-21,127981.50,131404.91,126853.70,129935.10,81521262592.00,1205986131968.00,0.38%,3.52%,多头区间
2015-07-22,129603.50,131885.50,127626.70,130249.70,85375492096.00,1282759327744.00,0.24%,3.28%,多头区间
2015-07-23,130337.20,134072.61,130337.20,133867.61,92838748160.00,1396616462336.00,2.78%,2.87%,多头区间
2015-07-24,133902.50,136979.30,131341.20,132649.50,102603857920.00,1585722949632.00,-0.91%,4.21%,多头区间
2015-07-27,128897.70,133154.20,121741.50,121757.50,91776155648.00,1387292655616.00,-8.21%,8.60%,空头区间
2015-07-28,116579.10,125317.80,115762.60,119799.80,93455982592.00,1301999386624.00,-1.61%,7.85%,空头区间
2015-07-29,122065.70,123684.10,116370.60,123674.60,72863653888.00,1079170957312.00,3.23%,6.10%,空头区间
2015-07-30,122568.20,125340.20,118379.30,119013.80,75555520512.00,1155459842048.00,-3.77%,5.63%,空头区间
2015-07-31,117623.30,119249.60,113169.80,114891.00,58475311104.00,877128646656.00,-3.46%,5.11%,空头区间
2015-08-03,112746.70,113895.00,107992.80,109646.30,60595036160.00,847184986112.00,-4.56%,5.14%,空头区间
2015-08-04,110176.50,113382.20,109383.50,113382.20,62285869056.00,905380233216.00,3.41%,3.65%,空头区间
2015-08-05,113081.40,115206.90,110273.00,110607.10,63621681152.00,959200034816.00,-2.45%,4.35%,空头区间
2015-08-06,107905.40,110831.70,106553.80,107040.70,47541477376.00,706513600512.00,-3.22%,3.87%,空头区间
2015-08-07,108777.30,110417.50,107460.70,108719.70,59116408832.00,893337075712.00,1.57%,2.76%,空头区间
2015-08-10,110599.10,115295.90,110317.10,114910.20,81815764992.00,1225939877888.00,5.69%,4.58%,多头区间
2015-08-11,114911.00,117595.00,114788.40,116296.80,88875343872.00,1334052257792.00,1.21%,2.44%,多头区间
2015-08-12,114989.20,117707.50,114272.40,114357.70,72590376960.00,1102373322752.00,-1.67%,2.95%,多头区间
2015-08-13,113838.20,116554.60,112970.40,116554.60,71539884032.00,1075208716288.00,1.92%,3.13%,多头区间
2015-08-14,117794.00,118838.30,116399.70,117294.90,79309922304.00,1220271931392.00,0.64%,2.09%,多头区间
2015-08-17,116725.10,118832.20,116725.10,118796.30,78577500160.00,1185690812416.00,1.28%,1.80%,多头区间
2015-08-18,119157.10,119678.40,111388.90,111703.40,93057925120.00,1388203606016.00,-5.97%,6.98%,空头区间
2015-08-19,108364.30,114787.60,105991.20,114152.00,80521633792.00,1145277775872.00,2.19%,7.87%,空头区间
2015-08-20,112626.20,114145.50,108787.20,108919.40,67256889344.00,981173796864.00,-4.58%,4.69%,空头区间
2015-08-21,106994.60,108516.30,101670.60,102039.50,62840008704.00,868215422976.00,-6.32%,6.29%,空头区间
2015-08-24,97601.50,98218.40,92317.20,92324.70,52610592768.00,630222487552.00,-9.52%,5.78%,空头区间
2015-08-25,86394.20,88968.70,84596.20,84701.70,56817180672.00,644963827712.00,-8.26%,4.74%,空头区间
2015-08-26,84930.60,88448.00,81395.00,82702.70,79076917248.00,892502671360.00,-2.36%,8.33%,空头区间
2015-08-27,85185.10,85979.00,80722.60,85979.00,67048534016.00,764263137280.00,3.96%,6.36%,空头区间
2015-08-28,87436.00,91351.20,86841.50,91351.20,75710758912.00,898390360064.00,6.25%,5.25%,多头区间
2015-08-31,91155.00,91155.00,88126.60,89088.20,66279763968.00,795625717760.00,-2.48%,3.32%,空头区间
2015-09-01,88919.90,88919.90,83721.20,85047.70,67734454272.00,724820819968.00,-4.54%,5.84%,空头区间
2015-09-02,84825.20,85772.50,80949.30,83293.50,69588254720.00,747963154432.00,-2.06%,5.67%,空头区间
2015-09-07,84259.20,86572.50,81452.50,81965.40,52380733440.00,601952681984.00,-1.59%,6.15%,空头区间
2015-09-08,81071.60,83307.20,78885.40,83247.80,45449568256.00,523390615552.00,1.56%,5.39%,空头区间
2015-09-09,83798.40,86943.00,83555.50,86020.70,68540551168.00,843713544192.00,3.33%,4.07%,多头区间
2015-09-10,84548.40,86278.70,83216.00,83512.80,49737801728.00,609913339904.00,-2.92%,3.56%,空头区间
2015-09-11,83628.80,84284.60,81114.70,82170.00,41394520064.00,515338731520.00,-1.61%,3.80%,空头区间
2015-09-14,82963.30,82973.00,76403.50,77481.40,58572238848.00,679972634624.00,-5.71%,8.00%,空头区间
2015-09-15,76757.60,76757.60,71909.70,72258.20,44630134784.00,476981755904.00,-6.74%,6.26%,空头区间
2015-09-16,72291.50,76114.20,71022.30,75859.00,51083517952.00,565916794880.00,4.98%,7.05%,多头区间
2015-09-17,75853.60,77386.90,74430.60,74467.50,58994962432.00,697190645760.00,-1.83%,3.90%,多头区间
2015-09-18,75376.70,75410.70,72771.00,73681.90,39579889664.00,471857627136.00,-1.05%,3.54%,多头区间
2015-09-21,72578.40,75087.80,72578.40,75087.80,46594826240.00,572501721088.00,1.91%,3.41%,多头区间
2015-09-22,75270.30,76410.30,75062.50,75295.30,53763993600.00,671887982592.00,0.28%,1.79%,多头区间
2015-09-23,73823.50,75360.50,73216.30,73443.20,46705836032.00,578396225536.00,-2.46%,2.85%,空头区间
2015-09-24,74104.40,74750.00,72566.20,73246.60,43338268672.00,549827510272.00,-0.27%,2.97%,空头区间
2015-09-25,72743.30,73503.30,69593.10,70186.40,46203994112.00,561072177152.00,-4.18%,5.34%,空头区间
2015-09-28,70381.30,70416.80,68885.60,69627.40,32015060992.00,403961020416.00,-0.80%,2.18%,空头区间
2015-09-29,68408.10,69179.60,66788.70,67003.50,33692055552.00,420371103744.00,-3.77%,3.43%,空头区间
2015-09-30,67673.70,67737.60,65574.80,65617.60,29570443264.00,370713165824.00,-2.07%,3.23%,空头区间
2015-10-08,67863.50,68915.90,67543.70,67991.60,46357499904.00,586627678208.00,3.62%,2.09%,空头区间
2015-10-09,67913.60,68992.40,67840.20,68836.30,47563288576.00,595745112064.00,1.24%,1.69%,多头区间
2015-10-12,69345.90,73607.70,69282.60,73518.50,72519180288.00,923592359936.00,6.80%,6.28%,多头区间
2015-10-13,72771.90,74779.80,72745.80,74779.80,59082809344.00,765408182272.00,1.72%,2.77%,多头区间
2015-10-14,74575.80,75872.20,74060.10,74376.10,58998648832.00,768325255168.00,-0.54%,2.42%,多头区间
2015-10-15,74138.10,77349.80,74138.10,77349.80,62322659328.00,824817942528.00,4.00%,4.32%,多头区间
2015-10-16,78146.80,80355.20,78056.10,80355.20,75080433664.00,993022115840.00,3.89%,2.97%,多头区间
2015-10-19,80815.20,82393.80,80604.10,81893.10,73066766336.00,995540795392.00,1.91%,2.23%,多头区间
2015-10-20,81647.70,83769.80,81616.90,83769.80,64637923328.00,903996833792.00,2.29%,2.63%,多头区间
2015-10-21,83731.80,84833.00,80261.10,81120.00,87796752384.00,1170505072640.00,-3.16%,5.46%,空头区间
2015-10-22,81276.90,84254.50,80841.10,84254.50,64883654656.00,891975041024.00,3.86%,4.21%,空头区间
2015-10-23,85031.20,87452.20,84973.80,87356.80,72398233600.00,1039348269056.00,3.68%,2.94%,多头区间
2015-10-26,88521.80,89725.70,87682.60,88918.00,75516862464.00,1105398464512.00,1.79%,2.34%,多头区间
2015-10-27,87831.70,90119.60,86139.20,89842.80,69258764288.00,991777062912.00,1.04%,4.48%,多头区间
2015-10-28,89066.00,90799.50,86898.50,87343.40,63364530176.00,915528089600.00,-2.78%,4.34%,空头区间
2015-10-29,88302.50,88350.00,86431.70,86763.60,51597012992.00,748571328512.00,-0.66%,2.20%,空头区间
2015-10-30,86322.90,87259.90,85494.40,85704.30,53760626688.00,800893370368.00,-1.22%,2.03%,空头区间
2015-11-02,83553.20,85930.90,82415.90,82677.80,50349936640.00,742187532288.00,-3.53%,4.10%,空头区间
2015-11-03,83271.80,83528.10,80361.10,80952.00,41593204736.00,625264099328.00,-2.09%,3.83%,空头区间
2015-11-04,81707.50,85984.80,81529.60,85984.80,67654516736.00,992667172864.00,6.22%,5.50%,多头区间
2015-11-05,86138.10,90328.70,86138.10,89925.30,98037088256.00,1372182151168.00,4.58%,4.87%,多头区间
2015-11-06,90173.40,93836.70,90173.40,93836.70,80500801536.00,1173065302016.00,4.35%,4.07%,多头区间
2015-11-09,93570.40,98013.20,93570.40,97743.50,92323012608.00,1366746857472.00,4.16%,4.73%,多头区间
2015-11-10,97052.50,99905.80,97000.20,99466.60,82910396416.00,1253903564800.00,1.76%,2.97%,多头区间
2015-11-11,99590.60,101111.40,99308.10,101111.40,74160209920.00,1140229537792.00,1.65%,1.81%,多头区间
2015-11-12,101541.80,102221.70,100596.60,101608.00,76376809472.00,1230505508864.00,0.49%,1.61%,多头区间
2015-11-13,100175.60,101669.80,99415.30,99569.90,70679330816.00,1136452567040.00,-2.01%,2.22%,多头区间
2015-11-16,97723.40,100182.50,97723.40,100053.80,56715718656.00,907683037184.00,0.49%,2.47%,多头区间
2015-11-17,101411.60,102999.90,99964.70,100232.00,78532378624.00,1271118036992.00,0.18%,3.03%,多头区间
2015-11-18,100268.30,100844.70,96931.80,97296.00,60253986816.00,942235254784.00,-2.93%,3.90%,空头区间
2015-11-19,97610.80,98343.50,96603.30,98305.30,54099820544.00,858781122560.00,1.04%,1.79%,空头区间
2015-11-20,98551.90,99886.70,98508.30,99316.80,67407065088.00,1078467428352.00,1.03%,1.40%,空头区间
2015-11-23,99533.60,100663.50,97742.50,98202.30,67668381696.00,1071877652480.00,-1.12%,2.94%,空头区间
2015-11-24,98103.80,98290.80,96734.00,97605.60,53167202304.00,857744998400.00,-0.61%,1.59%,空头区间
2015-11-25,97615.90,98706.00,97589.20,98705.00,59679367168.00,1018678738944.00,1.13%,1.14%,空头区间
2015-11-26,99331.90,99878.70,97796.70,98054.10,65520975872.00,1105427955712.00,-0.66%,2.11%,空头区间
2015-11-27,97584.30,97977.60,91593.00,92496.50,72351358976.00,1141123579904.00,-5.67%,6.51%,空头区间
2015-11-30,92821.30,93826.20,88162.10,92763.00,62597193728.00,981329182720.00,0.29%,6.12%,空头区间
2015-12-01,92413.80,93380.90,90400.00,91348.70,51990269952.00,840502280192.00,-1.52%,3.21%,空头区间
2015-12-02,90983.30,91389.90,88899.90,90471.60,56366301184.00,837072912384.00,-0.96%,2.73%,空头区间
2015-12-03,90570.60,91928.40,90548.00,91339.40,52892516352.00,794023493632.00,0.96%,1.53%,空头区间
2015-12-04,90772.40,91907.20,89228.60,89684.00,51802550272.00,821316812800.00,-1.81%,2.93%,空头区间
2015-12-07,90107.30,90458.10,88583.90,89313.80,45356171264.00,748670353408.00,-0.41%,2.09%,空头区间
2015-12-08,88692.80,89100.50,86517.00,86641.30,48368480256.00,787210436608.00,-2.99%,2.89%,空头区间
2015-12-09,86145.90,86767.90,84758.00,85058.50,42628091904.00,716303171584.00,-1.83%,2.32%,空头区间
2015-12-10,85086.70,85931.60,83372.60,83608.50,42712403968.00,727136206848.00,-1.70%,3.01%,空头区间
2015-12-11,83105.10,83462.30,81217.40,81330.70,38562820096.00,631313924096.00,-2.72%,2.69%,空头区间
2015-12-14,80392.70,81951.70,80019.40,81951.70,42829471744.00,670698897408.00,0.76%,2.38%,空头区间
2015-12-15,82085.60,83095.40,81535.10,81739.20,42678751232.00,713092431872.00,-0.26%,1.90%,空头区间
2015-12-16,81864.00,82529.90,81032.60,81236.70,42732650496.00,726762520576.00,-0.61%,1.83%,空头区间
2015-12-17,82026.00,84356.10,81995.80,84356.10,61000601600.00,994451783680.00,3.84%,2.91%,空头区间
2015-12-18,84305.40,85489.60,84237.10,84758.20,57752518656.00,957265674240.00,0.48%,1.48%,多头区间
2015-12-21,84581.60,86294.40,84581.60,86248.30,59576446976.00,940697124864.00,1.76%,2.02%,多头区间
2015-12-22,86553.70,87205.60,86301.70,86958.50,54694006784.00,872208007168.00,0.82%,1.05%,多头区间
2015-12-23,87008.00,87809.00,86407.90,86757.90,60781412352.00,994548580352.00,-0.23%,1.61%,多头区间
2015-12-24,86449.50,86762.40,84996.40,85529.10,45805731840.00,747691638784.00,-1.42%,2.04%,多头区间
2015-12-25,85742.20,86160.90,84160.20,84626.80,41054937088.00,682470735872.00,-1.05%,2.34%,多头区间
2015-12-28,85086.50,85460.50,82832.20,82855.70,54407589888.00,892788604928.00,-2.09%,3.11%,多头区间
2015-12-29,82884.00,83331.40,81581.20,82444.40,39411105792.00,656852582400.00,-0.50%,2.11%,多头区间
2015-12-30,82726.90,83174.10,81714.20,82309.80,41162719232.00,709442666496.00,-0.16%,1.77%,多头区间
2015-12-31,82158.80,82545.00,79814.80,79876.60,39770292224.00,685321682944.00,-2.96%,3.32%,空头区间
2016-01-04,79724.30,79836.30,72946.40,72946.40,38707511296.00,594496847872.00,-8.68%,8.63%,空头区间
2016-01-05,69817.60,73827.70,69671.60,72545.00,55832158208.00,809313304576.00,-0.55%,5.70%,空头区间
2016-01-06,73133.70,74160.10,72591.60,74160.10,49023967232.00,697916522496.00,2.23%,2.16%,空头区间
2016-01-07,72493.30,72681.30,66112.20,66112.20,14160490496.00,187467169792.00,-10.85%,8.86%,空头区间
2016-01-08,68270.10,69405.50,64511.10,67672.40,56875393024.00,759427301376.00,2.36%,7.40%,空头区间
2016-01-11,65812.30,67374.10,63384.10,63483.70,52991475712.00,661964128256.00,-6.19%,5.90%,空头区间
2016-01-12,63835.60,64366.60,62372.40,62990.50,42358050816.00,549486886912.00,-0.78%,3.14%,空头区间
2016-01-13,63101.40,63987.40,60078.20,60144.20,40160968704.00,517697830912.00,-4.52%,6.21%,空头区间
2016-01-14,58125.50,62002.90,58125.50,61956.00,43959250944.00,550902759424.00,3.01%,6.45%,空头区间
2016-01-15,61253.20,62254.10,58913.00,59345.90,41813344256.00,537109954560.00,-4.21%,5.39%,空头区间
2016-01-18,58964.50,60578.30,58284.90,59619.70,35668688896.00,471590862848.00,0.46%,3.86%,空头区间
2016-01-19,59475.30,61745.20,59337.70,61735.30,43489939456.00,581988581376.00,3.55%,4.04%,多头区间
2016-01-20,61214.40,62595.60,60920.60,61135.60,44441817088.00,594779176960.00,-0.97%,2.71%,多头区间
2016-01-21,60312.40,61452.40,58184.50,58203.40,40003670016.00,535016505344.00,-4.80%,5.35%,空头区间
2016-01-22,59343.10,59351.30,57242.80,58350.70,33653663744.00,445526507520.00,0.25%,3.62%,空头区间
2016-01-25,58945.80,59311.50,57304.60,57840.30,31698509824.00,422088179712.00,-0.87%,3.44%,空头区间
2016-01-26,57024.00,57245.30,53394.40,53669.80,42296938496.00,521843081216.00,-7.21%,6.66%,空头区间
2016-01-27,53980.00,53980.00,50886.30,53344.90,43521183744.00,509068705792.00,-0.61%,5.76%,空头区间
2016-01-28,52513.70,53293.40,50031.30,50329.50,33868849152.00,398529429504.00,-5.65%,6.12%,空头区间
2016-01-29,50317.20,52166.10,50045.70,51745.70,36607254528.00,427762417664.00,2.81%,4.21%,空头区间
2016-02-01,51471.20,52004.40,49458.10,50202.90,30897911808.00,369735860224.00,-2.98%,4.92%,空头区间
2016-02-02,50339.10,52044.10,50315.00,51336.30,32460814336.00,402541248512.00,2.26%,3.44%,空头区间
2016-02-03,50636.50,51171.60,49819.10,50755.30,30621386752.00,375330144256.00,-1.13%,2.63%,空头区间
2016-02-04,50994.70,52258.80,50994.70,51501.40,34888077312.00,441108103168.00,1.47%,2.49%,空头区间
2016-02-05,51641.30,51841.70,50041.60,50078.40,28753672192.00,362741989376.00,-2.76%,3.50%,空头区间
2016-02-15,48614.00,49663.90,48614.00,49204.50,26557693952.00,328229355520.00,-1.75%,2.10%,空头区间
2016-02-16,49609.40,51478.50,49590.50,51449.10,39479443456.00,499315671040.00,4.56%,3.84%,多头区间
2016-02-17,51375.10,52854.10,51358.90,52854.10,44635717632.00,568766300160.00,2.73%,2.91%,多头区间
2016-02-18,53317.40,53911.60,53135.90,53373.90,45483651072.00,589551173632.00,0.98%,1.47%,多头区间
2016-02-19,53226.10,53908.20,52867.20,53357.60,35261571072.00,480571326464.00,-0.03%,1.95%,多头区间
2016-02-22,53767.10,55205.10,53767.10,55204.70,46663032832.00,601013813248.00,3.46%,2.70%,多头区间
2016-02-23,55150.20,55596.80,54355.90,55204.10,42674548736.00,572165193728.00,-0.00%,2.25%,多头区间
2016-02-24,54923.30,55882.70,54453.00,55804.70,43445178368.00,579649404928.00,1.09%,2.59%,多头区间
2016-02-25,55642.70,55698.90,52536.50,52789.30,53815242752.00,664841355264.00,-5.40%,5.67%,空头区间
2016-02-26,53452.60,53657.60,51558.70,52619.50,39828385792.00,485526339584.00,-0.32%,3.98%,空头区间
2016-02-29,52111.80,52218.80,49248.80,49771.60,41452965888.00,460777422848.00,-5.41%,5.64%,空头区间
2016-03-01,49661.30,51147.50,48768.90,50820.90,39625646080.00,461863256064.00,2.11%,4.78%,空头区间
2016-03-02,50719.90,54255.10,50719.90,54253.60,53912555520.00,612395057152.00,6.75%,6.96%,多头区间
2016-03-03,54266.20,56273.90,54259.10,55399.00,57493598208.00,662690922496.00,2.11%,3.71%,多头区间
2016-03-04,55078.10,55841.60,53703.10,54805.90,57186451456.00,639864274944.00,-1.07%,3.86%,多头区间
2016-03-07,55699.20,56809.20,55012.90,55575.30,41528967168.00,478019846144.00,1.40%,3.28%,多头区间
2016-03-08,55374.60,55844.90,53702.50,55844.90,46344835072.00,532048576512.00,0.49%,3.85%,多头区间
2016-03-09,54215.70,55501.00,53501.30,53838.90,36293955584.00,426104520704.00,-3.59%,3.58%,空头区间
2016-03-10,53823.30,54253.80,51637.20,51740.60,28935350272.00,354591277056.00,-3.90%,4.86%,空头区间
2016-03-11,51077.60,51598.20,49902.60,50293.40,25370703872.00,303734947840.00,-2.80%,3.28%,空头区间
2016-03-14,51054.30,52735.90,50912.70,52088.40,40028880896.00,503191404544.00,3.57%,3.63%,空头区间
2016-03-15,51858.90,52333.00,50927.80,51219.30,33422743552.00,427430674432.00,-1.67%,2.70%,空头区间
2016-03-16,51643.90,51738.40,50377.10,50423.70,34443685888.00,422935101440.00,-1.55%,2.66%,空头区间
2016-03-17,50733.50,52646.70,50455.80,52646.70,43231670272.00,571394097152.00,4.41%,4.34%,多头区间
2016-03-18,52862.00,56738.90,52862.00,56738.90,62952181760.00,815803596800.00,7.77%,7.36%,多头区间
2016-03-21,57669.80,60932.80,57645.20,60932.80,68886593536.00,902426132480.00,7.39%,5.79%,多头区间
2016-03-22,60170.50,62056.00,60140.80,61727.50,54835785728.00,756261191680.00,1.30%,3.14%,多头区间
2016-03-23,61526.00,62822.20,61498.40,62822.20,46395322368.00,669558833152.00,1.77%,2.14%,多头区间
2016-03-24,62018.20,63404.20,61841.20,62375.50,50641408000.00,737017724928.00,-0.71%,2.49%,多头区间
2016-03-25,62402.50,63169.30,61283.40,62105.50,38426955776.00,552847081472.00,-0.43%,3.02%,多头区间
2016-03-28,62592.30,63437.30,61271.00,61629.30,44087013376.00,625219534848.00,-0.77%,3.49%,多头区间
2016-03-29,61472.80,61706.00,59434.60,59939.60,38909865984.00,536819859456.00,-2.74%,3.69%,空头区间
2016-03-30,60467.90,62117.70,60467.90,62117.70,43986845696.00,627542720512.00,3.63%,2.75%,空头区间
2016-03-31,62552.60,63393.00,62454.10,62661.50,47014559744.00,696125751296.00,0.88%,1.51%,多头区间
2016-04-01,62576.80,62706.70,61207.60,61975.90,42132594688.00,582277201920.00,-1.09%,2.39%,多头区间
2016-04-05,62068.50,64174.30,62063.50,64173.00,51856494592.00,712791818240.00,3.55%,3.41%,多头区间
2016-04-06,63794.70,64988.10,63794.70,64704.10,49224032256.00,700636790784.00,0.83%,1.86%,多头区间
2016-04-07,64715.90,65056.70,63881.10,63932.50,48601968640.00,697827262464.00,-1.19%,1.82%,多头区间
2016-04-08,63264.40,63815.90,61950.90,62885.80,40907116544.00,584267595776.00,-1.64%,2.92%,多头区间
2016-04-11,63290.40,65046.40,63290.40,64286.90,46482018304.00,666665811968.00,2.23%,2.79%,多头区间
2016-04-12,64085.20,64466.00,62538.30,63270.80,39919730688.00,581893881856.00,-1.58%,3.00%,多头区间
2016-04-13,63878.40,65938.80,63816.50,65484.10,61923557376.00,822642606080.00,3.50%,3.35%,多头区间
2016-04-14,65907.30,66240.10,65032.40,65801.10,44808568832.00,624045588480.00,0.48%,1.84%,多头区间
2016-04-15,65811.80,66089.50,64658.50,65115.10,40722923520.00,584876097536.00,-1.04%,2.17%,多头区间
2016-04-18,64417.90,64543.30,63381.50,63491.80,39120977920.00,556468207616.00,-2.49%,1.78%,空头区间
2016-04-19,63496.30,64104.00,62411.20,62810.80,34442805248.00,505322078208.00,-1.07%,2.67%,空头区间
2016-04-20,63074.20,63103.90,59707.50,61440.20,58603421696.00,799423725568.00,-2.18%,5.41%,空头区间
2016-04-21,61238.80,61677.80,59924.10,60073.70,40222588928.00,541391912960.00,-2.22%,2.85%,空头区间
2016-04-22,59509.00,60348.70,58844.60,59222.60,30731425792.00,421920735232.00,-1.42%,2.50%,空头区间
2016-04-25,58923.90,58951.30,57525.00,57559.40,27940286464.00,390582272000.00,-2.81%,2.41%,空头区间
2016-04-26,57569.30,58032.30,56256.90,56951.50,26855231488.00,381548691456.00,-1.06%,3.08%,空头区间
2016-04-27,57031.80,57315.20,55669.60,55809.30,29977296896.00,427491786752.00,-2.01%,2.89%,空头区间
2016-04-28,55892.10,55902.50,54170.80,54929.40,30787336192.00,430931673088.00,-1.58%,3.10%,空头区间
2016-04-29,54641.70,55150.10,53692.80,53721.90,24922849280.00,366107328512.00,-2.20%,2.65%,空头区间
2016-05-03,53730.70,55377.40,53538.60,55377.40,37141987328.00,536801771520.00,3.08%,3.42%,空头区间
2016-05-04,55137.10,55953.40,55136.00,55376.90,37041295360.00,534911418368.00,-0.00%,1.48%,空头区间
2016-05-05,55244.70,55710.90,54744.40,55237.90,32510054400.00,473756106752.00,-0.25%,1.75%,空头区间
2016-05-06,55243.40,55542.30,53850.40,53970.80,46505459712.00,660925054976.00,-2.29%,3.06%,空头区间
2016-05-09,53327.60,53384.90,51553.30,51876.70,38118563840.00,498771230720.00,-3.88%,3.39%,空头区间
2016-05-10,51790.10,52101.80,50314.80,50599.20,25708972032.00,346037583872.00,-2.46%,3.44%,空头区间
2016-05-11,50981.70,50997.10,49577.70,49591.70,28909264896.00,392483995648.00,-1.99%,2.81%,空头区间
2016-05-12,48655.70,49355.60,48260.50,48980.80,29165262848.00,379781939200.00,-1.23%,2.21%,空头区间
2016-05-13,48738.30,49517.30,47702.70,48022.80,25629390848.00,347084554240.00,-1.96%,3.70%,空头区间
2016-05-16,48029.10,48423.00,47783.00,48314.10,26326396928.00,361618669568.00,0.61%,1.33%,空头区间
2016-05-17,48398.80,48574.50,47861.70,47992.60,30055086080.00,430614446080.00,-0.67%,1.48%,空头区间
2016-05-18,47927.70,47927.70,45915.60,46613.60,31724572672.00,415875465216.00,-2.87%,4.19%,空头区间
2016-05-19,46554.90,47550.60,46251.90,46367.90,26749874176.00,375250911232.00,-0.53%,2.79%,空头区间
2016-05-20,45857.60,46666.30,45611.80,46251.00,25806964736.00,365423329280.00,-0.25%,2.27%,空头区间
2016-05-23,46493.60,47240.60,46395.90,46760.50,28899809280.00,418844311552.00,1.10%,1.83%,空头区间
2016-05-24,46631.50,46713.70,45520.60,45772.60,26684135424.00,371174113280.00,-2.11%,2.55%,空头区间
2016-05-25,46259.20,46535.60,45046.00,45112.40,25489842176.00,371216515072.00,-1.44%,3.25%,空头区间
2016-05-26,45062.30,45236.30,44044.60,45062.50,28030830592.00,391085129728.00,-0.11%,2.64%,空头区间
2016-05-27,44907.40,45345.50,44481.10,44529.30,26911039488.00,378105430016.00,-1.18%,1.92%,空头区间
2016-05-30,44176.30,44684.00,43655.70,43714.80,24457529344.00,333229195264.00,-1.83%,2.31%,空头区间
2016-05-31,43833.80,47162.20,43833.80,47162.20,46969909248.00,630389211136.00,7.89%,7.61%,多头区间
2016-06-01,47318.90,48945.60,47318.90,48901.00,45314646016.00,653515620352.00,3.69%,3.45%,多头区间
2016-06-02,48767.00,49893.90,48766.10,49893.90,39092768768.00,560154214400.00,2.03%,2.31%,多头区间
2016-06-03,49961.00,51043.70,49939.90,51002.80,42294140928.00,644210950144.00,2.22%,2.21%,多头区间
2016-06-06,51307.10,51756.80,50856.00,51299.70,34992934912.00,527595798528.00,0.58%,1.77%,多头区间
2016-06-07,51304.30,51590.80,50910.70,51237.20,33216190464.00,508757114880.00,-0.12%,1.33%,多头区间
2016-06-08,51084.50,51353.00,50912.20,51128.70,35072061440.00,545524350976.00,-0.21%,0.86%,多头区间
2016-06-13,50299.40,51079.20,49090.50,49108.70,40174477312.00,588520751104.00,-3.95%,3.89%,空头区间
2016-06-14,48909.70,49609.10,48167.40,48634.30,28849016832.00,412324757504.00,-0.97%,2.94%,空头区间
2016-06-15,47991.90,50856.50,47991.90,50668.40,39571034112.00,572635283456.00,4.18%,5.89%,多头区间
2016-06-16,50714.60,51553.10,50714.60,51190.80,40816177152.00,593571938304.00,1.03%,1.65%,多头区间
2016-06-17,51438.40,52339.80,51161.60,51677.30,39746572288.00,570127548416.00,0.95%,2.30%,多头区间
2016-06-20,51696.90,51793.40,51221.90,51525.40,33576728576.00,499701940224.00,-0.29%,1.11%,多头区间
2016-06-21,51986.60,52597.20,50892.90,51268.70,39868792832.00,592357228544.00,-0.50%,3.31%,多头区间
2016-06-22,51080.60,51729.30,50889.10,51729.30,32716468224.00,485632933888.00,0.90%,1.64%,多头区间
2016-06-23,51678.10,52149.40,51228.80,51335.20,35280093184.00,523259904000.00,-0.76%,1.78%,多头区间
2016-06-24,51198.10,52296.50,49889.20,51763.60,46094921728.00,646251806720.00,0.83%,4.69%,多头区间
2016-06-27,51713.50,53339.80,51622.20,53339.80,39102337024.00,582540197888.00,3.04%,3.32%,多头区间
2016-06-28,53115.50,54556.00,53115.50,54556.00,44149932032.00,664495915008.00,2.28%,2.70%,多头区间
2016-06-29,54937.00,55539.10,54863.40,55218.60,44220805120.00,643854958592.00,1.21%,1.24%,多头区间
2016-06-30,55355.40,55776.20,54797.50,55114.10,37716942848.00,574820057088.00,-0.19%,1.77%,多头区间
2016-07-01,55357.70,55764.00,54608.40,54661.70,34552979456.00,519954825216.00,-0.82%,2.10%,多头区间
2016-07-04,54292.40,56341.30,54292.40,56341.30,47527759872.00,658087608320.00,3.07%,3.75%,多头区间
2016-07-05,56424.50,57391.10,56424.50,57391.10,49828126720.00,707377561600.00,1.86%,1.72%,多头区间
2016-07-06,57158.80,58068.50,57157.80,58068.50,46156107776.00,663050846208.00,1.18%,1.59%,多头区间
2016-07-07,57957.00,59005.50,57944.50,58928.90,50297249792.00,732967141376.00,1.48%,1.83%,多头区间
2016-07-08,58781.10,59324.00,58389.10,58473.40,39537811456.00,589843333120.00,-0.77%,1.59%,多头区间
2016-07-11,58680.80,59530.60,58629.40,58848.70,48614924288.00,699270758400.00,0.64%,1.54%,多头区间
2016-07-12,58792.50,60444.50,58633.30,60444.50,54221869056.00,734190370816.00,2.71%,3.08%,多头区间
2016-07-13,60530.50,61622.30,60530.50,61614.30,53825015808.00,728590581760.00,1.94%,1.81%,多头区间
2016-07-14,61463.20,61896.90,60753.30,61258.30,41472413696.00,587522310144.00,-0.58%,1.86%,多头区间
2016-07-15,61322.50,61514.80,60445.10,60488.70,39715422208.00,567682793472.00,-1.26%,1.75%,多头区间
2016-07-18,60275.00,60534.20,59500.20,59705.80,39567077376.00,557279608832.00,-1.29%,1.71%,多头区间
2016-07-19,59619.20,59896.60,58696.10,59226.10,35502985216.00,516232642560.00,-0.80%,2.01%,多头区间
2016-07-20,59217.70,59584.50,58341.80,58364.30,33859420160.00,504856018944.00,-1.46%,2.10%,多头区间
2016-07-21,58310.10,58741.60,57966.70,58103.80,37885345792.00,556290736128.00,-0.45%,1.33%,多头区间
2016-07-22,58072.70,58285.30,57016.60,57227.60,37137383424.00,539423637504.00,-1.51%,2.18%,多头区间
2016-07-25,57066.00,57452.30,56215.10,56518.30,33706455040.00,491208114176.00,-1.24%,2.16%,多头区间
2016-07-26,56503.00,57103.70,56191.90,56585.30,34551152640.00,484662476800.00,0.12%,1.61%,多头区间
2016-07-27,56655.40,56880.60,54532.40,56039.20,59758129152.00,805781241856.00,-0.97%,4.15%,多头区间
2016-07-28,55923.40,56418.60,55313.50,55885.40,40780357632.00,556366561280.00,-0.27%,1.97%,多头区间
2016-07-29,55841.90,56016.70,54368.10,54515.80,31734773760.00,430973288448.00,-2.45%,2.95%,空头区间
2016-08-01,54222.70,54222.70,52730.90,52780.90,31833968640.00,416934035456.00,-3.18%,2.74%,空头区间
2016-08-02,52730.40,53012.40,51542.60,51769.20,24315486208.00,322178482176.00,-1.92%,2.78%,空头区间
2016-08-03,51632.70,51988.00,50889.30,51055.00,29035108352.00,381375512576.00,-1.38%,2.12%,空头区间
2016-08-04,50979.00,51106.20,50454.40,50618.80,29965324288.00,404432977920.00,-0.85%,1.28%,空头区间
2016-08-05,50566.80,50761.90,49656.30,49687.40,30037518336.00,401908105216.00,-1.84%,2.18%,空头区间
2016-08-08,49646.90,50072.30,49452.10,49826.20,32308910080.00,413819240448.00,0.28%,1.25%,空头区间
2016-08-09,49773.30,50186.30,49770.20,50172.60,35430256640.00,462907310080.00,0.70%,0.84%,空头区间
2016-08-10,50106.50,50523.20,49743.70,49774.70,35182600192.00,468113227776.00,-0.79%,1.55%,空头区间
2016-08-11,49522.00,49791.90,48622.70,48674.80,34156951552.00,450014248960.00,-2.21%,2.35%,空头区间
2016-08-12,48587.30,48884.00,47956.70,48884.00,33765634048.00,426331242496.00,0.43%,1.91%,空头区间
2016-08-15,49099.10,52318.80,49087.20,52318.80,58175799296.00,750301216768.00,7.03%,6.61%,多头区间
2016-08-16,52423.20,54096.50,52423.20,54096.50,53860810752.00,708931092480.00,3.40%,3.20%,多头区间
2016-08-17,53979.60,54734.40,53971.60,54705.90,45275119616.00,618095116288.00,1.13%,1.41%,多头区间
2016-08-18,54595.60,55417.00,54595.60,55263.40,48274923520.00,634726121472.00,1.02%,1.50%,多头区间
2016-08-19,55145.40,55419.40,54754.80,55088.10,40894832640.00,536180031488.00,-0.32%,1.20%,多头区间
2016-08-22,55120.70,55430.90,54120.70,54185.70,39872933888.00,533870968832.00,-1.64%,2.38%,多头区间
2016-08-23,54116.30,54612.80,53139.90,53622.50,34989907968.00,459785175040.00,-1.04%,2.72%,多头区间
2016-08-24,53699.40,53923.10,52793.50,52964.90,32809324544.00,448631668736.00,-1.23%,2.11%,多头区间
2016-08-25,52481.40,53000.40,52101.20,52509.30,37406224384.00,510663393280.00,-0.86%,1.70%,多头区间
2016-08-26,52669.80,53077.40,51972.70,52149.90,33671768064.00,474914095104.00,-0.68%,2.10%,多头区间
2016-08-29,52111.60,52486.30,51455.10,51617.40,31189520384.00,431562489856.00,-1.02%,1.98%,多头区间
2016-08-30,51677.30,51820.10,50773.20,50949.80,30529552384.00,422077595648.00,-1.29%,2.03%,多头区间
2016-08-31,50968.20,51190.60,50524.00,50670.50,31399370752.00,440794087424.00,-0.55%,1.31%,多头区间
2016-09-01,50612.00,50824.00,49729.60,49833.80,33423251456.00,454552420352.00,-1.65%,2.16%,多头区间
2016-09-02,49738.00,50151.90,48958.00,49261.70,31465259008.00,430628306944.00,-1.15%,2.40%,多头区间
2016-09-05,49449.70,49852.10,48674.70,48846.30,30770477056.00,409685950464.00,-0.84%,2.39%,多头区间
2016-09-06,48831.20,49926.00,48722.90,49926.00,38909083648.00,532017086464.00,2.21%,2.46%,多头区间
2016-09-07,49951.40,50752.70,49951.40,50375.80,41895960576.00,560133832704.00,0.90%,1.60%,多头区间
2016-09-08,50324.10,50690.50,49717.50,50142.10,32859805696.00,448725712896.00,-0.46%,1.93%,多头区间
2016-09-09,50134.30,50442.40,49538.00,49659.90,35557650432.00,480715833344.00,-0.96%,1.80%,多头区间
2016-09-12,48656.10,49477.00,48562.60,48881.60,42403749888.00,539436711936.00,-1.57%,1.84%,多头区间
2016-09-13,49224.40,49332.50,48279.10,48553.00,29809696768.00,396541526016.00,-0.67%,2.16%,多头区间
2016-09-14,48214.60,48642.90,47312.50,47535.70,28550305792.00,374491086848.00,-2.10%,2.74%,多头区间
2016-09-19,47809.20,48195.90,47082.70,47230.30,26114215936.00,345280184320.00,-0.64%,2.34%,多头区间
2016-09-20,47284.60,47367.60,46358.20,46488.10,26484418560.00,355783966720.00,-1.57%,2.14%,多头区间
2016-09-21,46439.80,46675.40,45710.50,45834.60,25929172992.00,351352782848.00,-1.41%,2.08%,多头区间
2016-09-22,46192.20,46520.00,45853.80,45994.10,31000664064.00,416848707584.00,0.35%,1.45%,多头区间
2016-09-23,46039.80,46166.00,45262.00,45341.20,29051172864.00,395437998080.00,-1.42%,1.97%,多头区间
2016-09-26,45203.60,45301.20,44191.40,44299.80,32344885248.00,424689467392.00,-2.30%,2.45%,多头区间
2016-09-27,44181.90,44490.60,43320.60,44019.90,26957588480.00,350043406336.00,-0.63%,2.64%,多头区间
2016-09-28,44047.10,44155.50,43006.30,43124.40,23297978368.00,304952016896.00,-2.03%,2.61%,多头区间
2016-09-29,43211.80,43361.40,42536.70,42618.60,25020184576.00,323000795136.00,-1.17%,1.91%,多头区间
2016-09-30,42547.30,42727.90,41865.20,42010.80,22888009728.00,298293788672.00,-1.43%,2.02%,多头区间
2016-10-10,42388.70,43382.40,42388.70,43382.40,34445332480.00,453801836544.00,3.26%,2.37%,多头区间
2016-10-11,43372.80,44123.60,43367.60,44123.60,36048654336.00,462937784320.00,1.71%,1.74%,多头区间
2016-10-12,43950.00,44473.00,43882.50,44166.90,32415911936.00,425013116928.00,0.10%,1.34%,多头区间
2016-10-13,44156.10,44474.10,44141.60,44320.80,34220429312.00,431783903232.00,0.35%,0.75%,多头区间
2016-10-14,44263.20,44464.30,43958.70,44279.00,33376546816.00,423223132160.00,-0.09%,1.14%,多头区间
2016-10-17,44331.60,44642.20,43853.90,44221.40,35328172032.00,463304949760.00,-0.13%,1.78%,多头区间
2016-10-18,44265.40,45467.70,44265.40,45467.70,37148770304.00,482381987840.00,2.82%,2.72%,多头区间
2016-10-19,45544.10,46104.20,45544.10,45889.60,38259802112.00,494729822208.00,0.93%,1.23%,多头区间
2016-10-20,45890.40,46257.20,45873.20,46138.50,35551662080.00,474539098112.00,0.54%,0.84%,多头区间
2016-10-21,46117.70,46611.50,46079.30,46478.70,38748794880.00,505538838528.00,0.74%,1.15%,多头区间
2016-10-24,46525.40,47826.60,46525.40,47826.60,44991721472.00,563222413312.00,2.90%,2.80%,多头区间
2016-10-25,47841.10,48486.20,47841.10,48486.20,40875208704.00,538118324224.00,1.38%,1.35%,多头区间
2016-10-26,48437.00,48977.30,48433.30,48734.50,40919957504.00,546756460544.00,0.51%,1.12%,多头区间
2016-10-27,48670.20,48928.20,48226.50,48488.30,33554862080.00,453469601792.00,-0.51%,1.44%,多头区间
2016-10-28,48444.10,48872.50,48086.30,48162.30,37362266112.00,510739021824.00,-0.67%,1.62%,多头区间
2016-10-31,47979.10,48246.00,47672.50,47806.00,31552331776.00,434837618688.00,-0.74%,1.19%,多头区间
2016-11-01,47864.30,48336.20,47857.90,48336.20,33730170880.00,483410378752.00,1.11%,1.00%,多头区间
2016-11-02,48361.20,48881.90,48344.70,48572.60,38994108416.00,547889872896.00,0.49%,1.11%,多头区间
2016-11-03,48418.70,49926.50,48418.70,49850.00,45583736832.00,639992791040.00,2.63%,3.10%,多头区间
2016-11-04,49853.40,50488.60,49776.40,50003.70,40136888320.00,566027419648.00,0.31%,1.43%,多头区间
2016-11-07,50019.10,50338.90,49777.20,49970.40,38456393728.00,511043567616.00,-0.07%,1.12%,多头区间
2016-11-08,50165.90,50478.00,50082.70,50267.80,39044648960.00,525599211520.00,0.60%,0.79%,多头区间
2016-11-09,50257.60,51274.60,50114.30,51043.60,48731979776.00,653140164608.00,1.54%,2.31%,多头区间
2016-11-10,51372.90,52509.70,51372.90,52509.70,48557105152.00,654628945920.00,2.87%,2.23%,多头区间
2016-11-11,52474.80,54374.40,52470.30,54374.40,59188224000.00,759797121024.00,3.55%,3.63%,多头区间
2016-11-14,54257.70,56112.10,54257.70,56112.10,61406679040.00,767409455104.00,3.20%,3.41%,多头区间
2016-11-15,56116.60,56653.90,56066.20,56602.00,48085716992.00,630184411136.00,0.87%,1.05%,多头区间
2016-11-16,56729.60,57206.60,56707.00,56846.50,47134068736.00,626936578048.00,0.43%,0.88%,多头区间
2016-11-17,56682.10,56983.10,56213.40,56515.30,42561404928.00,545083129856.00,-0.58%,1.35%,多头区间
2016-11-18,56572.30,56999.10,55824.70,56016.70,40808026112.00,543795445760.00,-0.88%,2.08%,多头区间
2016-11-21,55947.40,56799.10,55947.40,56415.20,43147751424.00,592698343424.00,0.71%,1.52%,多头区间
2016-11-22,56539.50,57554.80,56539.50,57554.80,48505745408.00,663258464256.00,2.02%,1.80%,多头区间
2016-11-23,57582.10,58182.80,57571.70,57871.60,49414397952.00,679488389120.00,0.55%,1.06%,多头区间
2016-11-24,57846.90,58327.30,57685.60,57975.00,45953159168.00,633311330304.00,0.18%,1.11%,多头区间
2016-11-25,57934.60,58374.60,57547.50,58374.60,45384830976.00,611992666112.00,0.69%,1.43%,多头区间
2016-11-28,58626.90,59242.70,58614.00,58987.10,50047426560.00,641535836160.00,1.05%,1.08%,多头区间
2016-11-29,58764.70,59621.10,58746.30,59491.20,54771998720.00,689253908480.00,0.85%,1.48%,多头区间
2016-11-30,59250.40,59965.20,58812.00,59064.80,43708895232.00,563008634880.00,-0.72%,1.94%,多头区间
2016-12-01,59137.50,59678.90,58927.70,59245.80,42569216000.00,559131066368.00,0.31%,1.27%,多头区间
2016-12-02,59153.50,59463.80,58182.60,58326.80,46569189376.00,596900904960.00,-1.55%,2.16%,多头区间
2016-12-05,57466.30,58474.90,57039.90,57191.20,40504639488.00,510577410048.00,-1.95%,2.46%,多头区间
2016-12-06,57271.40,57526.80,56026.60,56090.40,31044485120.00,419606790144.00,-1.92%,2.62%,多头区间
2016-12-07,56088.40,56173.70,55566.20,55808.30,33391663104.00,437269987328.00,-0.50%,1.08%,多头区间
2016-12-08,55829.30,56047.30,54674.90,54783.40,33914005504.00,454268944384.00,-1.84%,2.46%,多头区间
2016-12-09,54682.20,54900.20,54169.20,54407.00,36884238336.00,486400327680.00,-0.69%,1.33%,多头区间
2016-12-12,54389.20,54512.70,52885.40,53118.10,51673694208.00,651132469248.00,-2.37%,2.99%,空头区间
2016-12-13,52873.80,53274.90,52561.80,52924.30,36151717888.00,457565569024.00,-0.36%,1.34%,空头区间
2016-12-14,52781.10,53063.50,52096.20,52185.30,37339172864.00,468467908608.00,-1.40%,1.83%,空头区间
2016-12-15,51953.90,52893.20,51768.20,52092.60,35794075648.00,458013671424.00,-0.18%,2.16%,空头区间
2016-12-16,52071.00,52652.70,51685.90,51785.70,33085497344.00,433277665280.00,-0.59%,1.86%,空头区间
2016-12-19,51844.50,52069.70,50810.90,50932.00,31192692736.00,399135244288.00,-1.65%,2.43%,空头区间
2016-12-20,50842.50,50935.30,49675.40,49934.10,30821210112.00,384045580288.00,-1.96%,2.47%,空头区间
2016-12-21,50050.70,50378.00,49672.40,49896.10,34047154176.00,429299695616.00,-0.08%,1.41%,空头区间
2016-12-22,49815.10,49971.80,49102.50,49216.00,31310630912.00,396727156736.00,-1.36%,1.74%,空头区间
2016-12-23,49167.10,49243.40,48031.70,48094.50,31354828800.00,404342800384.00,-2.28%,2.46%,空头区间
2016-12-26,47894.60,47953.60,47298.80,47786.00,29485621248.00,378009550848.00,-0.64%,1.36%,空头区间
2016-12-27,47736.70,47984.30,47026.70,47059.70,27707473920.00,362717282304.00,-1.52%,2.00%,空头区间
2016-12-28,47041.70,47203.50,45950.50,46112.10,27382048768.00,351296552960.00,-2.01%,2.66%,空头区间
2016-12-29,46098.50,46230.80,45244.30,45325.70,26224279552.00,342196027392.00,-1.71%,2.14%,空头区间
2016-12-30,45402.10,45544.80,44292.80,44563.40,26390290432.00,342959226880.00,-1.68%,2.76%,空头区间
2017-01-03,44745.30,45234.80,44506.30,44623.90,28374876160.00,359042285568.00,0.14%,1.63%,空头区间
2017-01-04,44634.10,45366.00,44612.20,45366.00,34348597248.00,450335113216.00,1.66%,1.69%,空头区间
2017-01-05,45325.40,45756.30,45315.00,45503.30,34629857280.00,449640529920.00,0.30%,0.97%,空头区间
2017-01-06,45466.00,45802.80,45143.20,45271.90,35113869312.00,454373572608.00,-0.51%,1.45%,空头区间
2017-01-09,45169.90,45603.70,45169.90,45434.50,32529920000.00,415066554368.00,0.36%,0.96%,空头区间
2017-01-10,45389.60,45676.70,45054.10,45188.50,33787672576.00,417137262592.00,-0.54%,1.37%,空头区间
2017-01-11,45072.10,45406.90,44438.00,44472.80,32923607040.00,404252131328.00,-1.58%,2.14%,空头区间
2017-01-12,44412.50,44647.10,43539.40,43626.50,29533435904.00,363443552256.00,-1.90%,2.49%,空头区间
2017-01-13,43622.80,43694.30,42540.40,42783.20,30158712832.00,383398510592.00,-1.93%,2.64%,空头区间
2017-01-16,42623.20,42729.60,40974.00,42678.00,45014589440.00,521338191872.00,-0.25%,4.10%,空头区间
2017-01-17,42429.90,42751.40,41709.10,42749.90,27688429568.00,355269050368.00,0.17%,2.44%,空头区间
2017-01-18,42604.10,42911.20,41938.80,41970.30,25063254016.00,316460531712.00,-1.82%,2.27%,空头区间
2017-01-19,41766.00,42018.60,40890.30,40991.30,23811196928.00,297683419136.00,-2.33%,2.69%,空头区间
2017-01-20,40912.50,41534.20,40895.40,40996.00,24840863744.00,322694545408.00,0.01%,1.56%,空头区间
2017-01-23,41146.40,41658.80,40807.80,40927.90,26554898432.00,331535876096.00,-0.17%,2.08%,空头区间
2017-01-24,40902.90,40960.90,40151.80,40207.40,25038997504.00,305815486464.00,-1.76%,1.98%,空头区间
2017-01-25,40120.00,40315.80,39490.00,39574.30,22258944000.00,283201142784.00,-1.57%,2.05%,空头区间
2017-01-26,39635.80,39782.90,38876.20,39007.00,21717067776.00,269617823744.00,-1.43%,2.29%,空头区间
2017-02-03,39164.70,39169.70,38035.90,38068.10,19033227264.00,239762276352.00,-2.41%,2.91%,空头区间
2017-02-06,38086.90,38444.00,38067.70,38263.70,25254000640.00,328927477760.00,0.51%,0.99%,空头区间
2017-02-07,38197.40,38550.40,38125.70,38299.90,26828175360.00,350857101312.00,0.09%,1.11%,空头区间
2017-02-08,38184.30,38820.20,38171.90,38820.20,29576921088.00,386132574208.00,1.36%,1.69%,空头区间
2017-02-09,38781.30,39809.50,38781.30,39809.50,36545024000.00,458257661952.00,2.55%,2.65%,空头区间
2017-02-10,39807.30,40762.60,39799.50,40762.60,42757451776.00,498064883712.00,2.39%,2.42%,多头区间
2017-02-13,40830.50,41897.80,40830.50,41897.80,40142696448.00,484086972416.00,2.78%,2.62%,多头区间
2017-02-14,41881.50,42299.50,41872.30,42193.80,35014795264.00,430812233728.00,0.71%,1.02%,多头区间
2017-02-15,42100.00,42708.90,42100.00,42656.20,42522226688.00,519132872704.00,1.10%,1.44%,多头区间
2017-02-16,42597.70,43240.00,42597.70,43218.30,38092828672.00,450962653184.00,1.32%,1.51%,多头区间
2017-02-17,43237.40,43823.10,43237.40,43412.50,40639176704.00,498878316544.00,0.45%,1.36%,多头区间
2017-02-20,43412.30,44517.50,43412.30,44517.50,41024557056.00,498112299008.00,2.55%,2.55%,多头区间
2017-02-21,44496.00,45371.10,44496.00,45371.10,40008257536.00,498387320832.00,1.92%,1.97%,多头区间
2017-02-22,45365.50,46048.00,45362.70,46048.00,40036605952.00,501574336512.00,1.49%,1.51%,多头区间
2017-02-23,45991.80,46450.10,45980.90,46450.10,40802406400.00,517570494464.00,0.87%,1.02%,多头区间
2017-02-24,46351.30,46753.60,46345.40,46678.20,36138233856.00,475939373056.00,0.49%,0.88%,多头区间
2017-02-27,46657.80,47036.80,46290.70,46435.40,35479138304.00,466807029760.00,-0.52%,1.60%,多头区间
2017-02-28,46447.10,46743.50,46086.90,46369.80,30596583424.00,418804432896.00,-0.14%,1.41%,多头区间
2017-03-01,46336.00,47009.40,46304.80,46792.30,37007831040.00,495893970944.00,0.91%,1.52%,多头区间
2017-03-02,46869.20,47138.60,46489.30,46624.10,35721097216.00,486331875328.00,-0.36%,1.39%,多头区间
2017-03-03,46400.90,46882.10,46312.70,46487.90,32121780224.00,449148846080.00,-0.29%,1.22%,多头区间
2017-03-06,46481.00,47138.50,46481.00,47044.90,33278873600.00,478565859328.00,1.20%,1.41%,多头区间
2017-03-07,47085.80,47524.40,47073.60,47327.00,34094721024.00,495154626560.00,0.60%,0.96%,多头区间
2017-03-08,47290.70,47583.50,46862.80,47045.60,32102914048.00,455318011904.00,-0.59%,1.52%,多头区间
2017-03-09,46913.10,47106.00,46362.20,46567.30,32745400320.00,450007302144.00,-1.02%,1.58%,多头区间
2017-03-10,46527.50,46742.90,46087.00,46207.80,28346593280.00,417562689536.00,-0.77%,1.41%,多头区间
2017-03-13,46175.70,46746.90,46086.40,46746.90,32867940352.00,474231504896.00,1.17%,1.43%,多头区间
2017-03-14,46741.00,47175.30,46434.00,46613.40,30774398976.00,459636768768.00,-0.29%,1.59%,多头区间
2017-03-15,46489.90,46806.70,46262.80,46410.10,30010243072.00,442279002112.00,-0.44%,1.17%,多头区间
2017-03-16,46580.40,47518.60,46580.40,47518.60,37487276032.00,550044827648.00,2.39%,2.02%,多头区间
2017-03-17,47579.40,48110.60,47578.90,47813.30,40366804992.00,599876632576.00,0.62%,1.12%,多头区间
2017-03-20,47861.30,48313.80,47606.90,48042.70,33942568960.00,495433482240.00,0.48%,1.48%,多头区间
2017-03-21,48005.10,48354.80,47906.00,48216.50,32179650560.00,496080322560.00,0.36%,0.93%,多头区间
2017-03-22,47881.80,48512.50,47854.50,48451.40,37110509568.00,545495678976.00,0.49%,1.36%,多头区间
2017-03-23,48535.10,49041.00,48280.70,49028.80,37857079296.00,578413789184.00,1.19%,1.57%,多头区间
2017-03-24,48997.80,49714.30,48996.60,49714.30,40381374464.00,562080972800.00,1.40%,1.46%,多头区间
2017-03-27,49752.60,50381.30,49752.60,49877.70,38028009472.00,536852332544.00,0.33%,1.26%,多头区间
2017-03-28,49807.20,50094.20,49284.10,49339.90,31969185792.00,465572691968.00,-1.08%,1.62%,多头区间
2017-03-29,49342.90,49658.30,49186.20,49223.50,40026578944.00,539523383296.00,-0.24%,0.96%,多头区间
2017-03-30,49049.20,49459.50,48789.60,48957.50,45574152192.00,581675450368.00,-0.54%,1.36%,多头区间
2017-03-31,48946.10,49341.70,48412.80,48739.80,35533029376.00,463296790528.00,-0.44%,1.90%,多头区间
2017-04-05,48997.10,50495.70,48997.10,50495.70,44891734016.00,575635783680.00,3.60%,3.07%,多头区间
2017-04-06,50595.90,51263.90,50578.30,51187.80,43573764096.00,552738488320.00,1.37%,1.36%,多头区间
2017-04-07,51124.70,51760.00,51124.00,51649.20,44063596544.00,565991309312.00,0.90%,1.24%,多头区间
2017-04-10,51630.50,52501.80,51630.50,52209.60,47158706176.00,625176805376.00,1.09%,1.69%,多头区间
2017-04-11,52148.50,54190.60,52148.50,54190.60,54783778816.00,709653692416.00,3.79%,3.91%,多头区间
2017-04-12,54101.30,55030.50,54101.30,54385.60,52482109440.00,652689342464.00,0.36%,1.71%,多头区间
2017-04-13,54196.40,54913.60,54099.00,54262.90,41175339008.00,492766068736.00,-0.23%,1.50%,多头区间
2017-04-14,54330.00,54485.10,53188.00,53352.70,43244630016.00,510686756864.00,-1.68%,2.39%,多头区间
2017-04-17,52931.80,53525.30,52014.00,52356.30,40643252224.00,499987251200.00,-1.87%,2.83%,多头区间
2017-04-18,52339.10,52666.30,51432.10,51549.10,37249826816.00,467491946496.00,-1.54%,2.36%,多头区间
2017-04-19,51253.90,51442.10,50638.50,51060.60,41117356032.00,493102432256.00,-0.95%,1.56%,多头区间
2017-04-20,51070.50,51419.10,50175.30,50591.30,36382806016.00,464559046656.00,-0.92%,2.44%,多头区间
2017-04-21,50547.70,50786.30,49241.40,49366.60,30885126144.00,382248714240.00,-2.42%,3.05%,空头区间
2017-04-24,49220.80,49220.80,47629.70,47714.10,34578907136.00,411530559488.00,-3.35%,3.22%,空头区间
2017-04-25,47791.10,48268.00,47287.10,47384.70,30703237120.00,386603581440.00,-0.69%,2.06%,空头区间
2017-04-26,47264.20,47820.60,47202.60,47427.50,33448452096.00,430302494720.00,0.09%,1.30%,空头区间
2017-04-27,47190.30,48071.50,47030.90,47991.00,41560387584.00,520506638336.00,1.19%,2.19%,空头区间
2017-04-28,47828.30,48498.90,47647.90,47771.60,32686096384.00,416126468096.00,-0.46%,1.77%,空头区间
2017-05-02,47695.10,48092.50,47201.30,47355.60,31162550272.00,401313464320.00,-0.87%,1.87%,空头区间
2017-05-03,47281.40,47538.20,46563.00,46681.80,33133895680.00,431024046080.00,-1.42%,2.06%,空头区间
2017-05-04,46422.60,46966.30,46225.90,46345.70,35359019008.00,452836360192.00,-0.72%,1.59%,空头区间
2017-05-05,46097.70,46438.60,45391.00,45464.70,34164301824.00,436197621760.00,-1.90%,2.26%,空头区间
2017-05-08,45234.50,45434.00,44071.30,44148.90,34417733632.00,418893037568.00,-2.89%,3.00%,空头区间
2017-05-09,43855.60,44310.20,43554.80,43768.20,27340795904.00,347894251520.00,-0.86%,1.71%,空头区间
2017-05-10,43743.60,44092.20,42610.40,42686.70,31651356672.00,402168283136.00,-2.47%,3.39%,空头区间
2017-05-11,42407.80,43010.70,41812.80,43010.70,36408606720.00,426629758976.00,0.76%,2.81%,空头区间
2017-05-12,42913.30,43119.30,42486.00,42666.30,30023258112.00,373342601216.00,-0.80%,1.47%,空头区间
2017-05-15,42799.10,43077.30,42141.00,42193.40,26834513920.00,349309206528.00,-1.11%,2.19%,空头区间
2017-05-16,42005.80,43360.90,41970.60,43360.90,36099964928.00,460372738048.00,2.77%,3.30%,空头区间
2017-05-17,43403.80,44271.90,43403.80,43727.80,36023562240.00,473133645824.00,0.85%,2.00%,空头区间
2017-05-18,43240.20,43849.20,42733.60,42918.30,30850607104.00,399830810624.00,-1.85%,2.55%,空头区间
2017-05-19,42941.80,43155.60,42156.40,42285.00,27281436672.00,353654145024.00,-1.48%,2.33%,空头区间
2017-05-22,42135.20,42481.70,41125.70,41373.60,31090653184.00,386825879552.00,-2.16%,3.21%,空头区间
2017-05-23,41243.50,41527.80,40461.30,40642.00,34745135104.00,420409802752.00,-1.77%,2.58%,空头区间
2017-05-24,40287.30,41076.50,40043.80,40556.70,28413270016.00,342084943872.00,-0.21%,2.54%,空头区间
2017-05-25,40398.40,41235.80,40096.20,41235.80,36511064064.00,428462080000.00,1.67%,2.81%,空头区间
2017-05-26,41280.10,41862.10,40965.00,41057.70,31131457536.00,379314962432.00,-0.43%,2.18%,空头区间
2017-05-31,41547.80,41876.10,40803.90,40892.50,30923638784.00,388731305984.00,-0.40%,2.61%,空头区间
2017-06-01,40673.60,40853.80,39840.20,39999.10,31783342080.00,381755097088.00,-2.18%,2.48%,空头区间
2017-06-02,39786.10,40160.10,39562.90,40105.30,29049425920.00,341020868608.00,0.27%,1.49%,空头区间
2017-06-05,40128.60,40584.60,39751.50,39829.30,26697916416.00,321814134784.00,-0.69%,2.08%,空头区间
2017-06-06,39654.20,39918.90,39073.20,39367.20,24132073472.00,297662021632.00,-1.16%,2.12%,空头区间
2017-06-07,39409.20,40871.60,39397.70,40871.60,36773859328.00,455444299776.00,3.82%,3.74%,空头区间
2017-06-08,40789.60,41344.20,40789.60,41130.60,33338640384.00,426209280000.00,0.63%,1.36%,多头区间
2017-06-09,41100.80,41532.90,41100.80,41388.70,32334860288.00,405131231232.00,0.63%,1.05%,多头区间
2017-06-12,41150.60,41668.10,40858.80,40978.80,30360344576.00,386933129216.00,-0.99%,1.96%,多头区间
2017-06-13,40883.10,41339.20,40883.10,41195.80,28256991232.00,356786208768.00,0.53%,1.11%,多头区间
2017-06-14,41103.90,41495.60,40819.40,40936.50,29938331648.00,382165319680.00,-0.63%,1.64%,多头区间
2017-06-15,40876.70,41562.40,40876.70,41462.80,32513083392.00,412862971904.00,1.29%,1.68%,多头区间
2017-06-16,41410.20,41684.10,41047.80,41121.40,28682272768.00,362968809472.00,-0.82%,1.53%,多头区间
2017-06-19,41113.20,41466.00,40925.00,41151.10,28242339840.00,350737694720.00,0.07%,1.32%,多头区间
2017-06-20,41271.90,41516.10,41096.90,41267.20,31613487104.00,398241169408.00,0.28%,1.02%,多头区间
2017-06-21,41380.00,41759.30,41071.20,41461.40,30200621056.00,392011251712.00,0.47%,1.67%,多头区间
2017-06-22,41386.00,41912.20,41382.50,41582.70,38074744832.00,477707534336.00,0.29%,1.28%,多头区间
2017-06-23,41479.60,41856.00,41108.80,41856.00,32563605504.00,405070282752.00,0.66%,1.80%,多头区间
2017-06-26,41906.90,42938.00,41906.90,42938.00,35036749824.00,438835314688.00,2.59%,2.46%,多头区间
2017-06-27,42899.60,43327.90,42699.10,42896.60,30846392320.00,382672306176.00,-0.10%,1.46%,多头区间
2017-06-28,42803.40,42995.50,42326.50,42446.80,30014572544.00,371458932736.00,-1.05%,1.56%,多头区间
2017-06-29,42499.70,42748.30,42205.00,42353.80,27796856832.00,351231574016.00,-0.22%,1.28%,多头区间
2017-06-30,42164.40,42402.10,41835.50,41983.40,26528978944.00,337622106112.00,-0.87%,1.34%,多头区间
2017-07-03,42085.20,42291.50,41956.40,42170.30,29648076800.00,369479680000.00,0.45%,0.80%,多头区间
2017-07-04,42139.80,42430.60,41851.60,42022.90,30166804480.00,383792054272.00,-0.35%,1.37%,多头区间
2017-07-05,41951.80,42601.50,41951.80,42601.50,31738112000.00,409642926080.00,1.38%,1.55%,多头区间
2017-07-06,42560.10,43331.00,42560.10,43331.00,37669765120.00,476124643328.00,1.71%,1.81%,多头区间
2017-07-07,43245.40,43957.00,43245.40,43957.00,37093539840.00,465997266944.00,1.44%,1.64%,多头区间
2017-07-10,43895.30,44642.90,43895.30,44464.10,41086185472.00,500297728000.00,1.15%,1.70%,多头区间
2017-07-11,44371.00,44838.60,44233.60,44376.00,37518675968.00,456986001408.00,-0.20%,1.36%,多头区间
2017-07-12,44400.90,44731.10,44155.20,44731.10,37511983104.00,448226197504.00,0.80%,1.30%,多头区间
2017-07-13,44693.40,45090.20,44669.20,44958.90,36706828288.00,437722447872.00,0.51%,0.94%,多头区间
2017-07-14,44849.00,45205.00,44352.90,44615.80,32059011072.00,385209303040.00,-0.76%,1.90%,多头区间
2017-07-17,44467.40,44861.60,43219.00,44289.50,50972848128.00,568984862720.00,-0.73%,3.68%,多头区间
2017-07-18,44076.10,44780.00,44076.10,44780.00,36604137472.00,411959492608.00,1.11%,1.59%,多头区间
2017-07-19,44701.70,46579.30,44701.70,46579.30,48585297920.00,524105547776.00,4.02%,4.19%,多头区间
2017-07-20,46489.50,47517.50,46489.50,47328.20,43600781312.00,502896558080.00,1.61%,2.21%,多头区间
2017-07-21,47190.70,47792.30,47099.80,47303.50,38405128192.00,443732590592.00,-0.05%,1.46%,多头区间
2017-07-24,47229.70,48069.10,47229.70,47892.30,42956050432.00,492487376896.00,1.24%,1.77%,多头区间
2017-07-25,47812.80,48242.50,47283.40,47595.30,38505582592.00,434024087552.00,-0.62%,2.00%,多头区间
2017-07-26,47708.00,47939.50,47319.30,47685.40,40655020032.00,460432080896.00,0.19%,1.30%,多头区间
2017-07-27,47616.60,48593.20,47506.30,48593.20,47845167104.00,552080441344.00,1.90%,2.28%,多头区间
2017-07-28,48433.40,48994.70,48433.40,48646.20,38804217856.00,458542874624.00,0.11%,1.16%,多头区间
2017-07-31,48673.20,49817.30,48673.20,49817.30,48185778176.00,540017524736.00,2.41%,2.35%,多头区间
2017-08-01,49800.80,50554.30,49800.80,50334.30,46955708416.00,541536550912.00,1.04%,1.51%,多头区间
2017-08-02,50482.90,51227.60,50482.90,50945.50,51460710400.00,584180695040.00,1.21%,1.48%,多头区间
2017-08-03,50796.60,51690.30,50767.30,51100.20,45797822464.00,521810673664.00,0.30%,1.81%,多头区间
2017-08-04,51109.20,51844.30,51056.70,51128.60,51274981376.00,566551511040.00,0.06%,1.54%,多头区间
2017-08-07,51134.90,51700.30,51066.80,51348.00,42405527552.00,459264688128.00,0.43%,1.24%,多头区间
2017-08-08,51384.30,52005.30,51254.60,51553.60,48052359168.00,526693007360.00,0.40%,1.46%,多头区间
2017-08-09,51543.10,51896.80,51326.60,51724.00,44832083968.00,496948477952.00,0.33%,1.11%,多头区间
2017-08-10,51485.60,52020.40,51237.10,51423.60,45890269184.00,523513659392.00,-0.58%,1.51%,多头区间
2017-08-11,50861.10,51469.70,50085.90,50357.30,48549163008.00,535478992896.00,-2.07%,2.69%,多头区间
2017-08-14,50529.90,51136.20,50490.40,51136.20,39235088384.00,471761944576.00,1.55%,1.28%,多头区间
2017-08-15,51124.60,51692.80,50797.20,50979.40,37202821120.00,454906642432.00,-0.31%,1.75%,多头区间
2017-08-16,50922.80,51097.90,50642.40,50841.60,39347163136.00,490804248576.00,-0.27%,0.89%,多头区间
2017-08-17,51054.50,51475.30,51054.50,51416.80,42685489152.00,525031505920.00,1.13%,0.83%,多头区间
2017-08-18,50988.70,51609.90,50856.60,50996.00,38863757312.00,479577899008.00,-0.82%,1.47%,多头区间
2017-08-21,51186.50,51656.80,50989.20,51162.60,37237252096.00,455278034944.00,0.33%,1.31%,多头区间
2017-08-22,51105.80,51390.80,50581.80,50792.00,37767987200.00,484376707072.00,-0.72%,1.58%,多头区间
2017-08-23,50617.30,50961.70,49767.30,49868.60,35049271296.00,430708883456.00,-1.82%,2.35%,多头区间
2017-08-24,49895.90,49970.30,48696.00,48858.20,32525885440.00,407398219776.00,-2.03%,2.56%,多头区间
2017-08-25,48886.90,49413.60,48886.90,49413.60,37981663232.00,465830281216.00,1.14%,1.08%,多头区间
2017-08-28,49684.60,51393.30,49684.60,51393.30,48968671232.00,640363659264.00,4.01%,3.46%,多头区间
2017-08-29,51319.80,52124.90,51293.50,51520.70,42783285248.00,564890959872.00,0.25%,1.62%,多头区间
2017-08-30,51521.60,52191.00,51521.60,52085.50,45160415232.00,560703406080.00,1.10%,1.30%,多头区间
2017-08-31,52099.80,52522.60,52099.80,52400.00,42749304832.00,545435844608.00,0.60%,0.81%,多头区间
2017-09-01,52346.80,53505.00,52346.80,53505.00,51836981248.00,640298254336.00,2.11%,2.21%,多头区间
2017-09-04,53609.40,54508.00,53609.40,54508.00,52052324352.00,645909118976.00,1.87%,1.68%,多头区间
2017-09-05,54436.70,54903.10,54388.80,54550.30,44203417600.00,562153783296.00,0.08%,0.94%,多头区间
2017-09-06,54373.10,55090.00,54261.80,55079.10,46526853120.00,600722112512.00,0.97%,1.52%,多头区间
2017-09-07,55090.80,55698.70,54966.10,55103.50,47189745664.00,628231962624.00,0.04%,1.33%,多头区间
2017-09-08,55164.60,55669.80,54689.60,55058.60,41607368704.00,552126906368.00,-0.08%,1.78%,多头区间
2017-09-11,55137.80,55916.80,55137.80,55875.60,44616921088.00,589100417024.00,1.48%,1.41%,多头区间
2017-09-12,56033.70,57248.80,56033.70,57062.20,56948174848.00,756392919040.00,2.12%,2.17%,多头区间
2017-09-13,56984.70,57491.90,56772.80,57018.50,41112604672.00,539021213696.00,-0.08%,1.26%,多头区间
2017-09-14,57012.20,57567.10,56584.40,56821.50,45776347136.00,585614098432.00,-0.35%,1.72%,多头区间
2017-09-15,56695.70,57011.80,55999.10,56201.80,44650029056.00,564811202560.00,-1.09%,1.78%,多头区间
2017-09-18,56184.50,56975.90,55933.20,56242.10,39576522752.00,515795353600.00,0.07%,1.86%,多头区间
2017-09-19,56282.80,56554.40,55357.30,55667.20,40359579648.00,523402903552.00,-1.02%,2.13%,多头区间
2017-09-20,55597.30,56052.40,55594.80,55978.00,41209507840.00,541181247488.00,0.56%,0.82%,多头区间
2017-09-21,55968.60,56315.10,55133.70,55154.50,41820438528.00,552040529920.00,-1.47%,2.11%,多头区间
2017-09-22,54877.20,55259.30,54177.30,54334.60,37285429248.00,486869696512.00,-1.49%,1.96%,多头区间
2017-09-25,54203.20,54492.10,52880.20,53025.10,35250728960.00,467914096640.00,-2.41%,2.97%,空头区间
2017-09-26,53047.10,53308.30,51901.60,52235.20,29978451968.00,401072848896.00,-1.49%,2.65%,空头区间
2017-09-27,52225.00,52640.60,51809.40,51893.40,31270699008.00,417688649728.00,-0.65%,1.59%,空头区间
2017-09-28,51806.90,52018.20,51051.20,51108.90,33148884992.00,441014812672.00,-1.51%,1.86%,空头区间
2017-09-29,51252.80,51615.40,50626.10,50835.40,32518717440.00,433911037952.00,-0.54%,1.94%,空头区间
2017-10-09,51905.80,52399.40,51776.20,51952.40,40712130560.00,537610420224.00,2.20%,1.23%,空头区间
2017-10-10,51932.40,52456.90,51931.90,52406.50,39306379264.00,541763829760.00,0.87%,1.01%,空头区间
2017-10-11,52336.90,52927.00,52333.90,52485.90,41043550208.00,567881564160.00,0.15%,1.13%,空头区间
2017-10-12,52428.00,52756.70,51695.40,52172.40,35958784000.00,480860569600.00,-0.60%,2.02%,空头区间
2017-10-13,52181.40,52405.50,51830.60,52012.20,33430941696.00,458283646976.00,-0.31%,1.10%,空头区间
2017-10-16,51986.70,52416.30,51546.90,51568.70,40971030528.00,545349468160.00,-0.85%,1.67%,空头区间
2017-10-17,51453.90,51678.70,50520.90,50661.20,28201293824.00,389108596736.00,-1.76%,2.25%,空头区间
2017-10-18,50715.40,50842.80,49611.40,49927.40,33520128000.00,441597624320.00,-1.45%,2.43%,空头区间
2017-10-19,49835.30,50023.40,48958.50,49155.50,34023340032.00,432937762816.00,-1.55%,2.13%,空头区间
2017-10-20,49064.00,49467.10,48626.60,48771.50,27073529856.00,362210066432.00,-0.78%,1.71%,空头区间
2017-10-23,48806.10,49097.20,48301.20,48396.30,28466610176.00,383333892096.00,-0.77%,1.63%,空头区间
2017-10-24,48282.90,48600.20,47682.00,47916.60,29568860160.00,406828482560.00,-0.99%,1.90%,空头区间
2017-10-25,47880.80,48243.20,47464.20,47724.10,28242499584.00,388967530496.00,-0.40%,1.63%,空头区间
2017-10-26,47680.40,48585.10,47665.70,48460.30,36670271488.00,511659606016.00,1.54%,1.93%,空头区间
2017-10-27,48408.20,48858.50,48168.40,48342.80,34643025920.00,462693793792.00,-0.24%,1.42%,空头区间
2017-10-30,48261.10,48710.70,47890.50,48406.40,43048566784.00,561753686016.00,0.13%,1.70%,空头区间
2017-10-31,48314.50,48776.30,48210.10,48585.70,30875795456.00,431463006208.00,0.37%,1.17%,空头区间
2017-11-01,48574.10,49263.20,48568.60,48752.60,34282264576.00,481382367232.00,0.34%,1.43%,空头区间
2017-11-02,48641.50,49039.00,48213.00,48351.90,34723725312.00,469586477056.00,-0.82%,1.69%,空头区间
2017-11-03,48277.90,48667.50,47590.30,48091.60,35167285248.00,464927391744.00,-0.54%,2.23%,空头区间
2017-11-06,48092.70,48797.30,48092.70,48797.30,33242347520.00,464461299712.00,1.47%,1.47%,空头区间
2017-11-07,48825.80,49654.90,48825.80,49650.20,38335160320.00,525270908928.00,1.75%,1.70%,空头区间
2017-11-08,49548.10,50472.30,49547.70,50259.00,39466713088.00,557823361024.00,1.23%,1.86%,空头区间
2017-11-09,50257.50,50688.10,50053.00,50538.00,34389098496.00,481616101376.00,0.56%,1.26%,空头区间
2017-11-10,50440.20,51391.20,50440.20,51391.20,39287009280.00,567477731328.00,1.69%,1.88%,空头区间
2017-11-13,51415.90,52473.80,51415.90,52473.80,41735827456.00,595891191808.00,2.11%,2.06%,空头区间
2017-11-14,52412.50,53044.10,52333.10,52694.00,41346387968.00,603044380672.00,0.42%,1.35%,空头区间
2017-11-15,52433.90,52908.40,52017.30,52185.10,34742181888.00,523872993280.00,-0.97%,1.69%,空头区间
2017-11-16,52104.80,52665.40,51977.40,52166.10,33603672064.00,490340352000.00,-0.04%,1.32%,空头区间
2017-11-17,52059.40,52552.10,51558.60,52024.10,48515153920.00,645498863616.00,-0.27%,1.90%,空头区间
2017-11-20,51732.20,52601.10,51353.00,52588.80,35945582592.00,488886632448.00,1.09%,2.40%,空头区间
2017-11-21,52426.70,53542.30,52426.70,53488.10,39738814464.00,562115575808.00,1.71%,2.12%,空头区间
2017-11-22,53543.20,54394.40,53400.80,53925.70,40967294976.00,565548351488.00,0.82%,1.86%,空头区间
2017-11-23,53669.00,54099.70,52453.90,52686.30,41088409600.00,554006478848.00,-2.30%,3.05%,空头区间
2017-11-24,52485.50,53152.40,52042.40,52124.00,31864109056.00,439792631808.00,-1.07%,2.11%,空头区间
2017-11-27,51967.70,52136.20,50575.80,50769.40,33021716480.00,431002648576.00,-2.60%,2.99%,空头区间
2017-11-28,50694.70,51215.10,50117.90,50629.40,28373661696.00,371104219136.00,-0.28%,2.16%,空头区间
2017-11-29,50673.60,50870.60,50172.40,50558.70,35643383808.00,456684240896.00,-0.14%,1.38%,空头区间
2017-11-30,50325.50,50847.30,49334.70,49560.50,30614077440.00,402230345728.00,-1.97%,2.99%,空头区间
2017-12-01,49533.90,50126.10,49127.60,49210.70,28706506752.00,387337289728.00,-0.71%,2.01%,空头区间
2017-12-04,49145.30,49553.60,48411.70,48514.80,30487238656.00,406974169088.00,-1.41%,2.32%,空头区间
2017-12-05,48390.00,48661.10,47614.60,48048.50,38516477952.00,482251964416.00,-0.96%,2.16%,空头区间
2017-12-06,47885.40,48313.00,46925.70,47966.20,30985379840.00,393068150784.00,-0.17%,2.89%,空头区间
2017-12-07,47749.40,48058.00,46649.70,46791.10,26721718272.00,349735059456.00,-2.45%,2.94%,空头区间
2017-12-08,46676.20,47258.10,46652.40,46736.10,27906199552.00,372641529856.00,-0.12%,1.29%,空头区间
2017-12-11,46888.20,47440.70,46886.30,47181.20,29010149376.00,401742495744.00,0.95%,1.19%,空头区间
2017-12-12,47144.40,47375.10,46144.90,46168.70,27529334784.00,378380550144.00,-2.15%,2.61%,空头区间
2017-12-13,46073.30,46327.10,45519.60,45832.90,24543524864.00,335850471424.00,-0.73%,1.75%,空头区间
2017-12-14,45779.70,45975.90,45089.70,45267.30,26626600960.00,357885673472.00,-1.23%,1.93%,空头区间
2017-12-15,45129.10,45317.10,44245.10,44439.00,28764547072.00,376313446400.00,-1.83%,2.37%,空头区间
2017-12-18,44438.30,44714.50,43462.00,43629.70,25644886016.00,342345744384.00,-1.82%,2.82%,空头区间
2017-12-19,43645.00,44025.50,43314.60,43522.50,24514627584.00,332674400256.00,-0.25%,1.63%,空头区间
2017-12-20,43473.90,43611.80,42839.70,42984.50,27755954176.00,362348347392.00,-1.24%,1.77%,空头区间
2017-12-21,42907.20,43434.70,42859.00,43311.60,29261803520.00,384834797568.00,0.76%,1.34%,空头区间
2017-12-22,43259.40,43629.80,42656.80,42759.30,25292654592.00,337099784192.00,-1.28%,2.25%,空头区间
2017-12-25,42790.50,43101.40,42192.40,42372.80,29461268480.00,381083844608.00,-0.90%,2.13%,空头区间
2017-12-26,42288.40,42560.00,42049.60,42369.70,28210980864.00,364322684928.00,-0.01%,1.20%,空头区间
2017-12-27,42284.50,42739.50,41953.50,42105.40,31709274112.00,409831473152.00,-0.62%,1.86%,空头区间
2017-12-28,42053.60,42675.70,42053.60,42606.80,33484607488.00,424071659520.00,1.19%,1.48%,空头区间
2017-12-29,42677.50,43081.80,42393.90,42619.40,28105422848.00,365624950784.00,0.03%,1.61%,空头区间
2018-01-02,42740.50,43777.90,42740.50,43777.90,36554072064.00,445202825216.00,2.72%,2.43%,空头区间
2018-01-03,43842.10,45263.10,43827.50,45263.10,41170300928.00,531327778816.00,3.39%,3.28%,多头区间
2018-01-04,45230.10,46140.90,45227.00,46140.90,38688759808.00,496082452480.00,1.94%,2.02%,多头区间
2018-01-05,46160.90,46718.30,46160.90,46649.80,40046411776.00,498659360768.00,1.10%,1.21%,多头区间
2018-01-08,46704.80,47959.80,46704.80,47959.80,43906629632.00,558126923776.00,2.81%,2.69%,多头区间
2018-01-09,47904.50,48450.70,47887.90,48347.00,37509738496.00,482144157696.00,0.81%,1.17%,多头区间
2018-01-10,48319.00,48896.70,48300.50,48741.50,40490721280.00,515994583040.00,0.82%,1.23%,多头区间
2018-01-11,48565.30,49091.90,48543.90,48945.50,36329299968.00,476954525696.00,0.42%,1.12%,多头区间
2018-01-12,48882.70,49390.20,48638.20,48771.00,35964993536.00,460945129472.00,-0.36%,1.54%,多头区间
2018-01-15,48705.20,49406.30,48589.40,48970.80,45578170368.00,585290547200.00,0.41%,1.67%,多头区间
2018-01-16,48849.40,50030.20,48849.40,50030.20,40382582784.00,534915645440.00,2.16%,2.41%,多头区间
2018-01-17,49981.80,51144.00,49981.80,50891.50,47404400640.00,609607352320.00,1.72%,2.32%,多头区间
2018-01-18,50904.40,51590.60,50904.40,51134.90,37512884224.00,484496113664.00,0.48%,1.35%,多头区间
2018-01-19,51234.00,52078.60,51221.50,51586.30,43039236096.00,541048995840.00,0.88%,1.68%,多头区间
2018-01-22,51533.80,52560.30,51533.80,52451.00,39792754688.00,516827807744.00,1.68%,1.99%,多头区间
2018-01-23,52588.90,53210.00,52588.90,53123.80,41224781824.00,521071788032.00,1.28%,1.18%,多头区间
2018-01-24,53171.10,54315.60,53171.10,54315.60,46313615360.00,600405770240.00,2.24%,2.15%,多头区间
2018-01-25,54194.50,55074.20,54181.80,54600.30,45651361792.00,580927291392.00,0.52%,1.64%,多头区间
2018-01-26,54403.10,54902.10,54309.10,54502.60,39774347264.00,501571125248.00,-0.18%,1.09%,多头区间
2018-01-29,54709.30,55248.00,54052.10,54304.80,43487735808.00,554819780608.00,-0.36%,2.19%,多头区间
2018-01-30,54188.00,54531.30,53183.10,53309.30,34387628032.00,437370224640.00,-1.83%,2.48%,多头区间
2018-01-31,52927.10,53371.60,52401.80,52660.90,40132149248.00,493639663616.00,-1.22%,1.82%,多头区间
2018-02-01,52648.30,52943.30,51728.10,52038.60,48437465088.00,566550003712.00,-1.18%,2.31%,多头区间
2018-02-02,51505.00,52520.60,51069.30,52116.40,39205212160.00,462380793856.00,0.15%,2.79%,多头区间
2018-02-05,51587.90,52373.40,51263.10,51931.90,36586905600.00,447098421248.00,-0.35%,2.13%,多头区间
2018-02-06,50782.10,51655.30,50446.90,50571.40,47644049408.00,559019327488.00,-2.62%,2.33%,空头区间
2018-02-07,51694.30,51905.90,50330.50,50578.40,44563677184.00,526107475968.00,0.01%,3.12%,空头区间
2018-02-08,50300.50,51323.40,49893.20,50269.50,35517632512.00,411592327168.00,-0.61%,2.83%,空头区间
2018-02-09,48854.40,49483.50,47829.10,48665.90,44890644480.00,493595590656.00,-3.19%,3.29%,空头区间
2018-02-12,49002.50,49599.80,48837.40,48903.90,29783111680.00,349411278848.00,0.49%,1.57%,空头区间
2018-02-13,49334.30,49988.40,48354.60,48392.60,29323300864.00,346871463936.00,-1.05%,3.34%,空头区间
2018-02-14,48490.80,48566.10,47002.40,47033.20,20010414080.00,236684165120.00,-2.81%,3.23%,空头区间
2018-02-22,47751.40,48255.60,47257.70,47349.10,27444338688.00,324980768768.00,0.67%,2.12%,空头区间
2018-02-23,47370.90,47812.30,46701.50,46801.70,28589127680.00,332379160576.00,-1.16%,2.35%,空头区间
2018-02-26,47294.20,47992.70,47253.90,47989.00,38825844736.00,466924437504.00,2.54%,1.58%,空头区间
2018-02-27,47763.70,48236.60,47509.80,47618.90,36967059456.00,460741246976.00,-0.77%,1.51%,空头区间
2018-02-28,47054.00,47928.00,47019.20,47397.60,33718059008.00,424555511808.00,-0.46%,1.91%,空头区间
2018-03-01,46993.40,47834.50,46993.40,47785.80,34871021568.00,432196517888.00,0.82%,1.77%,空头区间
2018-03-02,47389.80,48177.00,47110.60,47144.10,33510291456.00,416570900480.00,-1.34%,2.23%,空头区间
2018-03-05,47368.10,47598.70,46614.90,46855.80,30398730240.00,386109964288.00,-0.61%,2.09%,空头区间
2018-03-06,47027.60,47908.60,47022.50,47908.60,40130600960.00,498059444224.00,2.25%,1.89%,空头区间
2018-03-07,47797.30,48346.30,47170.40,47283.60,34740748288.00,428251643904.00,-1.30%,2.45%,空头区间
2018-03-08,47278.80,47602.10,46933.80,47197.60,31468965888.00,402793234432.00,-0.18%,1.41%,空头区间
2018-03-09,47269.30,48202.10,47269.30,48202.10,40246624256.00,511721308160.00,2.13%,1.98%,空头区间
2018-03-12,48665.60,49972.80,48665.60,49972.80,46745919488.00,606640668672.00,3.67%,2.71%,多头区间
2018-03-13,49838.70,50398.80,49625.10,49734.00,40451289088.00,502088990720.00,-0.48%,1.55%,多头区间
2018-03-14,49526.30,50003.60,48984.40,49055.60,35316502528.00,445540368384.00,-1.36%,2.05%,多头区间
2018-03-15,48952.80,49340.60,48239.70,48661.00,33573392384.00,434979897344.00,-0.80%,2.24%,多头区间
2018-03-16,48693.50,49029.80,47713.30,47741.10,31018893312.00,395787862016.00,-1.89%,2.71%,多头区间
2018-03-19,47674.30,48175.50,47212.30,47355.00,30338875392.00,396647497728.00,-0.81%,2.02%,多头区间
2018-03-20,46897.80,47474.10,46897.80,47060.10,31682086912.00,401950277632.00,-0.62%,1.22%,多头区间
2018-03-21,47260.50,47844.60,46619.10,46833.50,37044178944.00,481281376256.00,-0.48%,2.60%,多头区间
2018-03-22,46907.10,47183.40,46238.80,46397.50,32588517376.00,423579549696.00,-0.93%,2.02%,多头区间
2018-03-23,44783.50,46179.50,44722.80,45812.30,55693488128.00,634733723648.00,-1.26%,3.14%,多头区间
2018-03-26,45274.30,46693.20,45142.30,46693.20,38171033600.00,470652256256.00,1.92%,3.39%,多头区间
2018-03-27,47386.40,48388.10,47386.40,48321.40,41151447040.00,540130836480.00,3.49%,2.15%,多头区间
2018-03-28,47884.90,48818.90,47653.60,47917.50,36797235200.00,499610910720.00,-0.84%,2.41%,多头区间
2018-03-29,48230.80,48516.00,48095.60,48504.00,36253515776.00,478688313344.00,1.22%,0.88%,多头区间
2018-03-30,48772.50,49350.60,48754.10,49307.40,36339703808.00,496542711808.00,1.66%,1.23%,多头区间
2018-04-02,49530.10,50547.80,49530.10,50043.20,41608683520.00,574277681152.00,1.49%,2.06%,多头区间
2018-04-03,49255.80,50001.20,49046.30,49476.00,36001751040.00,482760818688.00,-1.13%,1.91%,多头区间
2018-04-04,49800.80,50077.10,48800.50,48914.40,33975572480.00,471741595648.00,-1.14%,2.58%,多头区间
2018-04-09,48903.50,49334.90,48431.00,48658.60,32495661056.00,436566753280.00,-0.52%,1.85%,多头区间
2018-04-10,48789.70,49186.00,48396.50,48890.10,36751093760.00,485003132928.00,0.48%,1.62%,多头区间
2018-04-11,49083.50,49629.10,48851.60,49002.30,36644433920.00,481399767040.00,0.23%,1.59%,多头区间
2018-04-12,48885.60,49206.70,48004.20,48086.60,31961856000.00,428510052352.00,-1.87%,2.45%,多头区间
2018-04-13,48421.60,48569.90,47112.30,47173.70,28906983424.00,396150308864.00,-1.90%,3.03%,多头区间
2018-04-16,47073.50,47570.50,46534.70,46875.60,34212159488.00,450431844352.00,-0.63%,2.20%,多头区间
2018-04-17,47022.30,47236.90,45672.50,45759.70,34909650944.00,466136858624.00,-2.38%,3.34%,空头区间
2018-04-18,45856.10,46708.10,45620.40,46664.60,37453803520.00,494192787456.00,1.98%,2.38%,空头区间
2018-04-19,46647.60,47485.40,46638.30,46991.50,36367204352.00,482890842112.00,0.70%,1.82%,空头区间
2018-04-20,46678.00,47213.70,45718.50,45860.80,35152240640.00,447085346816.00,-2.41%,3.18%,空头区间
2018-04-23,45893.00,46456.20,44708.60,45212.50,31081771008.00,393570910208.00,-1.41%,3.81%,空头区间
2018-04-24,45303.40,46475.10,45303.40,46357.60,35281444864.00,452150558720.00,2.53%,2.59%,空头区间
2018-04-25,46094.80,46812.30,45938.70,46072.00,31038394368.00,419331309568.00,-0.62%,1.88%,空头区间
2018-04-26,46016.30,46203.80,44866.20,44963.60,32001044480.00,424805695488.00,-2.41%,2.90%,空头区间
2018-04-27,45313.60,45578.00,44717.80,44792.90,29560483840.00,411860860928.00,-0.38%,1.91%,空头区间
2018-05-02,44946.20,45384.50,44129.40,44369.70,29439934464.00,384978550784.00,-0.94%,2.80%,空头区间
2018-05-03,44251.20,44713.70,43996.20,44713.70,31735820288.00,407233232896.00,0.78%,1.62%,空头区间
2018-05-04,44547.70,44987.40,43946.00,43978.30,26908780544.00,360249917440.00,-1.64%,2.33%,空头区间
2018-05-07,44130.10,44906.30,44111.90,44835.20,31271471104.00,421675892736.00,1.95%,1.81%,空头区间
2018-05-08,44866.30,45461.90,44866.30,45251.40,32921952256.00,443497119744.00,0.93%,1.33%,空头区间
2018-05-09,45178.20,45491.60,44514.20,44736.80,29182861312.00,382391255040.00,-1.14%,2.16%,空头区间
2018-05-10,44899.10,45145.40,44331.70,44716.70,31355164672.00,412479029248.00,-0.04%,1.82%,空头区间
2018-05-11,44804.30,45045.40,44076.70,44122.10,31052781568.00,413944184832.00,-1.33%,2.17%,空头区间
2018-05-14,44208.20,44687.20,43708.90,43925.20,29852665856.00,406899949568.00,-0.45%,2.22%,空头区间
2018-05-15,44040.60,44274.90,43550.20,44025.40,28208896000.00,377871761408.00,0.23%,1.65%,空头区间
2018-05-16,43837.40,44296.00,43516.90,43603.10,29567787008.00,401651040256.00,-0.96%,1.77%,空头区间
2018-05-17,43576.90,43752.30,42683.60,42776.50,26430783488.00,356912988160.00,-1.90%,2.45%,空头区间
2018-05-18,42749.40,42920.10,42154.50,42656.90,29072701440.00,375972134912.00,-0.28%,1.79%,空头区间
2018-05-21,43053.80,43676.20,43053.80,43494.30,35502727168.00,460956041216.00,1.96%,1.46%,空头区间
2018-05-22,43453.70,43781.30,43264.10,43635.00,32359211008.00,438045114368.00,0.32%,1.19%,空头区间
2018-05-23,43461.70,43928.10,43137.60,43210.00,34386341888.00,460487524352.00,-0.97%,1.81%,空头区间
2018-05-24,43196.90,43478.20,42579.30,42704.00,28211912704.00,381970677760.00,-1.17%,2.08%,空头区间
2018-05-25,42682.10,42881.10,41960.90,42101.60,30074421248.00,398285963264.00,-1.41%,2.15%,空头区间
2018-05-28,42193.50,42553.90,41715.70,41826.70,29789392896.00,397773504512.00,-0.65%,1.99%,空头区间
2018-05-29,41723.10,42198.70,41298.90,41389.20,30372859904.00,407386652672.00,-1.05%,2.15%,空头区间
2018-05-30,40611.00,41335.30,40292.80,40442.80,35195404288.00,437750267904.00,-2.29%,2.52%,空头区间
2018-05-31,40993.60,41377.60,40805.90,41377.60,31306373120.00,406950739968.00,2.31%,1.41%,空头区间
2018-06-01,41132.10,41640.20,40405.40,40642.60,29213040640.00,375217061888.00,-1.78%,2.98%,空头区间
2018-06-04,40883.70,41097.60,40260.30,40329.40,25994530816.00,345450807296.00,-0.77%,2.06%,空头区间
2018-06-05,40351.90,40889.30,40351.90,40889.30,27118862336.00,370513379328.00,1.39%,1.33%,空头区间
2018-06-06,40816.60,41241.60,40546.10,40657.80,26536181760.00,359742668800.00,-0.57%,1.70%,空头区间
2018-06-07,40666.20,41083.40,40131.00,40196.80,27503708160.00,359894908928.00,-1.13%,2.34%,空头区间
2018-06-08,40043.70,40227.00,39261.60,39571.20,28608741376.00,353877557248.00,-1.56%,2.40%,空头区间
2018-06-11,39477.30,39810.90,38802.70,38929.40,23946639360.00,320691503104.00,-1.62%,2.55%,空头区间
2018-06-12,39037.60,39182.90,38770.30,39177.50,25543958528.00,350827577344.00,0.64%,1.06%,空头区间
2018-06-13,39033.50,39415.20,38274.00,38362.10,26211379200.00,342681878528.00,-2.08%,2.91%,空头区间
2018-06-14,38135.30,38750.40,37618.90,37759.00,24581085184.00,317157769216.00,-1.57%,2.95%,空头区间
2018-06-15,37703.90,37888.20,36937.80,37099.10,30385694720.00,355751165952.00,-1.75%,2.52%,空头区间
2018-06-19,36353.90,36819.70,35641.60,36274.20,44375232512.00,473115951104.00,-2.22%,3.18%,空头区间
2018-06-20,36031.50,36968.80,35999.90,36711.00,31383312384.00,347951104000.00,1.20%,2.67%,空头区间
2018-06-21,36632.20,37256.00,35930.70,35978.90,32729450496.00,356098146304.00,-1.99%,3.61%,空头区间
2018-06-22,35537.40,36512.10,35516.60,36091.80,27830941696.00,299114070016.00,0.31%,2.77%,空头区间
2018-06-25,36475.70,36706.20,35539.80,35582.40,27161456640.00,307709444096.00,-1.41%,3.23%,空头区间
2018-06-26,35035.10,36173.40,35035.10,35675.30,28895762432.00,325623382016.00,0.26%,3.20%,空头区间
2018-06-27,35742.60,36047.00,34964.10,35178.30,28809631744.00,326021644288.00,-1.39%,3.04%,空头区间
2018-06-28,35017.70,35558.30,34326.10,34428.20,27182907392.00,305933090816.00,-2.13%,3.50%,空头区间
2018-06-29,34614.20,35546.40,34511.40,35546.40,30679545856.00,342887071744.00,3.25%,3.01%,空头区间
2018-07-02,35688.10,36049.40,34839.60,35213.50,31804325888.00,357417943040.00,-0.94%,3.40%,空头区间
2018-07-03,35322.10,35975.00,34820.60,35975.00,33573529600.00,393677045760.00,2.16%,3.28%,空头区间
2018-07-04,35751.90,36054.50,34898.60,35064.10,29443420160.00,329513959424.00,-2.53%,3.21%,空头区间
2018-07-05,35007.50,35319.50,34003.50,34133.60,29266249728.00,315310669824.00,-2.65%,3.75%,空头区间
2018-07-06,34137.60,35003.90,33664.90,34481.50,32233275392.00,356207755264.00,1.02%,3.92%,空头区间
2018-07-09,34701.90,35354.00,34660.90,35253.50,28320937984.00,325753733120.00,2.24%,2.01%,空头区间
2018-07-10,35290.10,35747.90,34948.70,35288.30,28065177600.00,325833949184.00,0.10%,2.27%,空头区间
2018-07-11,34542.40,35223.80,34122.60,34601.00,30558703616.00,340917649408.00,-1.95%,3.12%,空头区间
2018-07-12,34654.40,36084.10,34654.40,36061.90,35808374784.00,415534022656.00,4.22%,4.13%,多头区间
2018-07-13,36071.80,36519.70,36028.80,36185.20,30445260800.00,365868744704.00,0.34%,1.36%,多头区间
2018-07-16,36210.30,36512.20,35821.10,35931.90,27486570496.00,325223907328.00,-0.70%,1.91%,多头区间
2018-07-17,35833.00,35972.70,35091.90,35545.20,26518218752.00,308511211520.00,-1.08%,2.45%,多头区间
2018-07-18,35661.00,35930.10,35081.50,35105.50,29597849600.00,337239900160.00,-1.24%,2.39%,多头区间
2018-07-19,35132.80,35483.20,34417.60,34549.70,27588155392.00,310777643008.00,-1.58%,3.04%,多头区间
2018-07-20,34484.20,35120.30,34379.80,35113.70,31552749568.00,348182052864.00,1.63%,2.14%,多头区间
2018-07-23,34859.60,35997.10,34859.20,35997.10,37277941760.00,410778828800.00,2.52%,3.24%,多头区间
2018-07-24,36107.50,37782.20,36107.50,37782.20,47364653056.00,492530597888.00,4.96%,4.65%,多头区间
2018-07-25,37840.70,38416.20,37828.80,38000.40,38055333888.00,397095337984.00,0.58%,1.55%,多头区间
2018-07-26,38013.60,38323.60,37528.40,37673.10,39717576704.00,380072656896.00,-0.86%,2.09%,多头区间
2018-07-27,37641.00,37889.50,36973.90,37023.50,33495089152.00,310520414208.00,-1.72%,2.43%,多头区间
2018-07-30,37000.10,37401.10,36168.10,36430.90,32960360448.00,326485540864.00,-1.60%,3.33%,多头区间
2018-07-31,36368.50,36626.10,35618.20,35811.90,26660175872.00,272943923200.00,-1.70%,2.77%,多头区间
2018-08-01,36021.10,36376.70,35083.70,35152.60,32235403264.00,328280145920.00,-1.84%,3.61%,多头区间
2018-08-02,34989.30,35097.30,34044.10,34845.90,38467997696.00,378917421056.00,-0.87%,3.00%,多头区间
2018-08-03,34726.80,34990.20,33818.20,33825.70,27949805568.00,284558196736.00,-2.93%,3.36%,空头区间
2018-08-06,33667.80,34162.90,32702.60,32931.30,28825305088.00,290711961600.00,-2.64%,4.32%,空头区间
2018-08-07,33107.90,33932.00,32871.80,33932.00,32111486976.00,316434317312.00,3.04%,3.22%,空头区间
2018-08-08,33772.80,34123.60,33112.80,33161.90,31892647936.00,305055498240.00,-2.27%,2.98%,空头区间
2018-08-09,33080.30,34466.50,32972.20,34277.90,35113226240.00,346826473472.00,3.37%,4.51%,空头区间
2018-08-10,34278.30,34855.50,34038.80,34200.10,28087562240.00,288010928128.00,-0.23%,2.38%,空头区间
2018-08-13,33707.30,34290.70,33707.30,34218.90,28802752512.00,300345720832.00,0.05%,1.71%,空头区间
2018-08-14,34139.10,34436.70,33515.90,33588.50,26136416256.00,268244074496.00,-1.84%,2.69%,空头区间
2018-08-15,33581.40,33633.40,32489.70,32550.20,27909449728.00,277724856320.00,-3.09%,3.41%,空头区间
2018-08-16,32218.60,32986.30,31885.80,31938.30,27680126976.00,270448820224.00,-1.88%,3.38%,空头区间
2018-08-17,32289.30,32410.60,30973.10,31084.30,26482239488.00,265282650112.00,-2.67%,4.50%,空头区间
2018-08-20,31165.50,31453.70,30507.10,31206.70,26023290880.00,264508784640.00,0.39%,3.05%,空头区间
2018-08-21,31208.80,31851.10,31195.40,31553.50,26175152128.00,280640094208.00,1.11%,2.10%,空头区间
2018-08-22,31472.10,31721.90,30687.60,30712.50,22686629888.00,229129732096.00,-2.67%,3.28%,空头区间
2018-08-23,30761.20,31088.00,30410.40,30625.70,23827927040.00,252031614976.00,-0.28%,2.21%,空头区间
2018-08-24,30521.10,30730.50,30089.80,30153.70,24074639360.00,239022473216.00,-1.54%,2.09%,空头区间
2018-08-27,30257.80,31232.20,30257.80,31232.20,31075551232.00,323041755136.00,3.58%,3.23%,空头区间
2018-08-28,31283.30,31705.30,31097.10,31253.50,28089417728.00,291222913024.00,0.07%,1.95%,空头区间
2018-08-29,31181.80,31387.90,30619.00,30708.20,25412274176.00,246151872512.00,-1.74%,2.46%,空头区间
2018-08-30,30719.80,30857.90,29903.00,29967.80,26307078144.00,253277650944.00,-2.41%,3.11%,空头区间
2018-08-31,29788.80,30045.10,29298.40,29355.90,24830373888.00,248347459584.00,-2.04%,2.49%,空头区间
2018-09-03,29304.40,29373.00,28866.40,29189.20,24716675072.00,242857295872.00,-0.57%,1.73%,空头区间
2018-09-04,29145.90,29530.20,28968.90,29517.30,27012831232.00,267733254144.00,1.12%,1.92%,空头区间
2018-09-05,29383.50,29719.20,28873.90,28891.10,27107676160.00,258568536064.00,-2.12%,2.86%,空头区间
2018-09-06,28779.40,29253.50,28427.30,28557.10,24322041856.00,249369296896.00,-1.16%,2.86%,空头区间
2018-09-07,28560.40,29254.20,28434.20,28578.20,26761717760.00,271902277632.00,0.07%,2.87%,空头区间
2018-09-10,28590.60,28712.00,27890.50,27920.90,25868756992.00,247658774528.00,-2.30%,2.87%,空头区间
2018-09-11,27923.40,28149.50,27495.20,27622.00,23550713856.00,220950380544.00,-1.07%,2.34%,空头区间
2018-09-12,27594.20,27921.90,27127.10,27192.00,21786009600.00,217626853376.00,-1.56%,2.88%,空头区间
2018-09-13,27614.40,27735.50,27074.60,27450.30,26312337408.00,260714954752.00,0.95%,2.43%,空头区间
2018-09-14,27457.20,27704.10,27050.40,27098.20,25979574272.00,250638106624.00,-1.28%,2.38%,空头区间
2018-09-17,26857.90,27088.20,26345.30,26356.40,22994475008.00,206667005952.00,-2.74%,2.74%,空头区间
2018-09-18,26269.40,26976.40,26176.60,26976.40,27600949248.00,253498114048.00,2.35%,3.03%,空头区间
2018-09-19,26908.40,28054.20,26908.40,27916.40,34170814464.00,319652331520.00,3.48%,4.25%,多头区间
2018-09-20,27918.20,28349.30,27715.70,27785.50,28897359872.00,250283851776.00,-0.47%,2.27%,多头区间
2018-09-21,27912.70,28871.20,27830.00,28871.20,35517796352.00,321242136576.00,3.91%,3.75%,多头区间
2018-09-25,28629.90,29241.40,28545.30,28595.00,26171840512.00,242238652416.00,-0.96%,2.41%,多头区间
2018-09-26,28689.90,29379.90,28674.60,29229.60,32213987328.00,310139387904.00,2.22%,2.47%,多头区间
2018-09-27,29155.30,29501.40,28941.10,28971.50,31508523008.00,285859971072.00,-0.88%,1.92%,多头区间
2018-09-28,29066.90,29315.10,29016.00,29198.30,28935788544.00,262969065472.00,0.78%,1.03%,多头区间
2018-10-08,28591.90,29036.20,28237.20,28307.30,31358486528.00,288624607232.00,-3.05%,2.74%,空头区间
2018-10-09,28415.20,28743.90,27951.90,28090.90,25112123392.00,231654588416.00,-0.76%,2.80%,空头区间
2018-10-10,28185.60,28440.20,27760.80,27859.50,25243424768.00,235807571968.00,-0.82%,2.42%,空头区间
2018-10-11,26859.80,27589.30,26789.90,27063.40,43120300032.00,358114197504.00,-2.86%,2.87%,空头区间
2018-10-12,26944.90,27787.60,26693.10,27674.10,37966389248.00,308606435328.00,2.26%,4.04%,空头区间
2018-10-15,27764.60,28185.50,27074.50,27134.10,27577917440.00,238564261888.00,-1.95%,4.01%,空头区间
2018-10-16,27162.90,27496.40,26344.70,26522.00,27659630592.00,235807932416.00,-2.26%,4.24%,空头区间
2018-10-17,26999.00,27003.00,26155.10,26759.00,30077372416.00,258322333696.00,0.89%,3.20%,空头区间
2018-10-18,26462.80,26737.80,25827.20,25905.80,28741134336.00,239469281280.00,-3.19%,3.40%,空头区间
2018-10-19,25485.40,27007.80,25485.40,27007.80,33149519872.00,286734909440.00,4.25%,5.88%,多头区间
2018-10-22,27450.20,29902.70,27450.20,29760.80,46878572544.00,421582602240.00,10.19%,9.08%,多头区间
2018-10-23,29733.20,30314.00,29582.80,29816.10,39897559040.00,357304664064.00,0.19%,2.46%,多头区间
2018-10-24,29746.50,30603.90,29746.50,29967.20,34273949696.00,296929918976.00,0.51%,2.88%,多头区间
2018-10-25,29028.30,30001.20,29016.60,30001.20,35320467456.00,292352360448.00,0.11%,3.29%,多头区间
2018-10-26,30288.60,30727.40,29781.20,29906.80,34291179520.00,282429718528.00,-0.31%,3.15%,多头区间
2018-10-29,29795.20,30030.90,29014.70,29142.90,28903239680.00,255230853120.00,-2.55%,3.40%,空头区间
2018-10-30,29119.50,30173.60,29036.90,29808.10,35512049664.00,310720462848.00,2.28%,3.90%,空头区间
2018-10-31,29844.10,30771.50,29844.10,30542.70,37457862656.00,314646298624.00,2.46%,3.11%,多头区间
2018-11-01,30919.30,31970.50,30919.30,31565.60,43625172992.00,383072862208.00,3.35%,3.44%,多头区间
2018-11-02,32425.50,33873.40,32425.50,33873.40,49270931456.00,450948530176.00,7.31%,4.59%,多头区间
2018-11-05,33819.50,34739.80,33819.50,34464.10,45291274240.00,393320726528.00,1.74%,2.72%,多头区间
2018-11-06,34285.80,34492.20,33876.00,34116.10,37348716544.00,313702383616.00,-1.01%,1.79%,多头区间
2018-11-07,34220.60,34733.80,34017.10,34045.20,39939133440.00,338714296320.00,-0.21%,2.10%,多头区间
2018-11-08,34361.00,34438.80,33483.80,33534.40,36840255488.00,296402681856.00,-1.50%,2.81%,多头区间
2018-11-09,33300.70,33773.40,32899.20,32912.80,34579845120.00,274105401344.00,-1.85%,2.61%,多头区间
2018-11-12,32914.50,33811.90,32869.80,33811.90,42418384896.00,339006554112.00,2.73%,2.86%,多头区间
2018-11-13,33400.90,35365.00,33400.90,35324.50,60226248704.00,455241695232.00,4.47%,5.81%,多头区间
2018-11-14,35294.90,36015.60,35294.90,35634.70,55246184448.00,410658340864.00,0.88%,2.04%,多头区间
2018-11-15,35659.60,36533.80,35659.60,36533.80,48896000000.00,403599720448.00,2.52%,2.45%,多头区间
2018-11-16,36533.40,37783.70,36533.40,37668.20,55887638528.00,475315896320.00,3.11%,3.42%,多头区间
2018-11-19,37703.40,38391.00,37703.40,38343.80,52629139456.00,439775756288.00,1.79%,1.83%,多头区间
2018-11-20,37932.60,38547.60,37491.60,37592.40,50045698048.00,421598429184.00,-1.96%,2.75%,多头区间
2018-11-21,37145.30,38091.00,37145.30,37522.70,42326683648.00,346966130688.00,-0.19%,2.52%,多头区间
2018-11-22,37689.30,37863.50,36834.30,36861.50,37391024128.00,305145610240.00,-1.76%,2.74%,多头区间
2018-11-23,36724.70,36798.30,35356.50,35365.80,45433192448.00,358191661056.00,-4.06%,3.91%,空头区间
2018-11-26,35351.30,35705.40,34365.20,34445.50,31867344896.00,254767529984.00,-2.60%,3.79%,空头区间
2018-11-27,34740.80,34857.20,33692.50,33831.10,30657593344.00,250857537536.00,-1.78%,3.38%,空头区间
2018-11-28,33803.40,34063.90,33501.50,33801.50,36476887040.00,292113154048.00,-0.09%,1.66%,空头区间
2018-11-29,34036.60,34279.30,32779.60,32779.60,37935398912.00,310399631360.00,-3.02%,4.44%,空头区间
2018-11-30,32722.10,32996.00,32045.70,32576.40,32783980544.00,266917478400.00,-0.62%,2.90%,空头区间
2018-12-03,33693.00,34725.10,33632.40,34426.50,47470850048.00,424684158976.00,5.68%,3.35%,多头区间
2018-12-04,34338.00,34863.40,34290.60,34571.80,39337725952.00,330075897856.00,0.42%,1.66%,多头区间
2018-12-05,33933.90,34791.40,33933.90,34234.00,38000201728.00,322039840768.00,-0.98%,2.48%,多头区间
2018-12-06,33942.30,34329.30,33328.80,33340.10,35029073920.00,310735831040.00,-2.61%,2.92%,空头区间
2018-12-07,33479.60,33618.10,32605.60,32653.70,27628265472.00,240790388736.00,-2.06%,3.04%,空头区间
2018-12-10,32428.60,32717.20,31732.90,31748.30,28143644672.00,240541564928.00,-2.77%,3.01%,空头区间
2018-12-11,31893.20,32055.40,31137.70,31262.20,26127671296.00,218321616896.00,-1.53%,2.89%,空头区间
2018-12-12,31415.70,31578.30,30604.10,30618.30,26564018176.00,222550360064.00,-2.06%,3.12%,空头区间
2018-12-13,30709.60,31426.90,30602.20,31050.20,34773094400.00,304663265280.00,1.41%,2.69%,空头区间
2018-12-14,30929.80,31080.70,30162.90,30243.70,34512863232.00,291826073600.00,-2.60%,2.96%,空头区间
2018-12-17,30171.80,30452.30,29714.00,29878.60,27660466176.00,238124105728.00,-1.21%,2.44%,空头区间
2018-12-18,29696.20,30014.10,29102.80,29219.10,27339091968.00,229839519744.00,-2.21%,3.05%,空头区间
2018-12-19,29270.70,29323.10,28281.80,28349.40,25379432448.00,217063145472.00,-2.98%,3.56%,空头区间
2018-12-20,28311.00,28650.80,27993.10,28098.30,27363741696.00,231021953024.00,-0.89%,2.32%,空头区间
2018-12-21,27981.20,28102.60,27366.90,27570.80,27661633536.00,236103172096.00,-1.88%,2.62%,空头区间
2018-12-24,27557.40,27982.90,27257.90,27377.10,24096964608.00,213208793088.00,-0.70%,2.63%,空头区间
2018-12-25,27019.60,27350.80,26764.10,27281.50,33687214080.00,275758940160.00,-0.35%,2.14%,空头区间
2018-12-26,27259.20,27489.40,26833.40,26859.20,26988087296.00,231240351744.00,-1.55%,2.40%,空头区间
2018-12-27,27302.20,27398.40,26463.40,26475.90,31313047552.00,263797211136.00,-1.43%,3.48%,空头区间
2018-12-28,26557.20,26902.80,26257.10,26399.80,27478880256.00,239674654720.00,-0.29%,2.44%,空头区间
2019-01-02,26701.10,26792.20,26189.10,26202.20,25643390976.00,226129772544.00,-0.75%,2.28%,空头区间
2019-01-03,26165.00,26658.80,25918.60,25970.40,29687093248.00,251884142592.00,-0.88%,2.82%,空头区间
2019-01-04,25679.80,27252.80,25679.80,27252.80,39998726144.00,322026700800.00,4.94%,6.06%,多头区间
2019-01-07,27498.70,28391.70,27489.00,28391.70,42540306432.00,347059847168.00,4.18%,3.31%,多头区间
2019-01-08,28315.40,28842.20,28314.50,28501.60,38702624768.00,299554242560.00,0.39%,1.86%,多头区间
2019-01-09,28610.00,29682.80,28606.30,29448.90,45801234432.00,378970701824.00,3.32%,3.78%,多头区间
2019-01-10,29433.60,29895.20,29373.90,29493.20,38689828864.00,313204015104.00,0.15%,1.77%,多头区间
2019-01-11,29495.50,29945.40,29495.50,29657.00,36607094784.00,295955595264.00,0.56%,1.53%,多头区间
2019-01-14,29695.60,29951.10,29222.20,29303.40,36046057472.00,283028815872.00,-1.19%,2.46%,多头区间
2019-01-15,29224.50,29890.20,29202.40,29890.20,38295941120.00,319383175168.00,2.00%,2.35%,多头区间
2019-01-16,29874.90,30300.10,29821.50,29855.70,36491513856.00,304443949056.00,-0.12%,1.60%,多头区间
2019-01-17,29831.20,30064.80,29535.40,29611.80,37224230912.00,293969035264.00,-0.82%,1.77%,多头区间
2019-01-18,29689.80,30137.50,29689.80,30107.00,41091964928.00,326431342592.00,1.67%,1.51%,多头区间
2019-01-21,30165.00,30841.90,30165.00,30452.80,36801388544.00,312965693440.00,1.15%,2.25%,多头区间
2019-01-22,30395.10,30585.40,29856.30,29933.20,34070202368.00,278502408192.00,-1.71%,2.39%,多头区间
2019-01-23,29815.20,30093.80,29438.90,29510.10,29964259328.00,243855425536.00,-1.41%,2.19%,多头区间
2019-01-24,29558.90,29986.20,29533.90,29652.10,35561779200.00,300372066304.00,0.48%,1.53%,多头区间
2019-01-25,29686.20,30020.60,29608.30,29659.60,37095010304.00,312713117696.00,0.03%,1.39%,多头区间
2019-01-28,29881.70,30358.60,29525.10,29563.50,34915422208.00,299639144448.00,-0.32%,2.81%,多头区间
2019-01-29,29424.40,29546.30,29110.50,29246.10,36406022144.00,293605769216.00,-1.07%,1.47%,多头区间
2019-01-30,29041.80,29395.40,28422.60,28444.00,28345614336.00,237100154880.00,-2.74%,3.33%,空头区间
2019-01-31,28507.20,28887.30,28084.10,28313.70,36013846528.00,285585014784.00,-0.46%,2.82%,空头区间
2019-02-01,28579.20,28947.40,28536.80,28947.40,31258302464.00,261551308800.00,2.24%,1.45%,空头区间
2019-02-11,29153.10,30185.60,29153.10,30185.60,36600512512.00,319604326400.00,4.28%,3.57%,多头区间
2019-02-12,30176.00,31177.60,30176.00,31158.40,44227276800.00,364894748672.00,3.22%,3.32%,多头区间
2019-02-13,31156.80,33120.10,31144.50,33120.10,56104554496.00,473748275200.00,6.30%,6.34%,多头区间
2019-02-14,33119.20,34098.10,33119.10,34055.50,50632507392.00,417098366976.00,2.82%,2.96%,多头区间
2019-02-15,33948.60,34731.30,33948.60,34479.60,50246553600.00,418036383744.00,1.25%,2.30%,多头区间
2019-02-18,34893.70,37386.50,34893.70,37386.50,65622933504.00,547282124800.00,8.43%,7.23%,多头区间
2019-02-19,37595.80,39311.90,37595.80,39311.90,72444362752.00,605403152384.00,5.15%,4.59%,多头区间
2019-02-20,39336.40,40240.50,39336.40,40149.40,61098385408.00,499013156864.00,2.13%,2.30%,多头区间
2019-02-21,40074.50,41923.00,40059.40,41645.30,72903647232.00,618152198144.00,3.73%,4.64%,多头区间
2019-02-22,41570.70,44234.00,41570.70,44234.00,71743021056.00,621799538688.00,6.22%,6.40%,多头区间
2019-02-25,45412.40,51408.80,45412.40,51408.80,117042790400.00,1039572336640.00,16.22%,13.56%,多头区间
2019-02-26,51694.20,55985.50,51466.50,55295.60,125298130944.00,1096803876864.00,7.56%,8.79%,多头区间
2019-02-27,55142.80,57405.80,55142.80,57195.40,102379675648.00,890591444992.00,3.44%,4.09%,多头区间
2019-02-28,57061.90,58326.40,56931.50,57313.00,77083885568.00,661846360064.00,0.21%,2.44%,多头区间
2019-03-01,57630.20,58506.10,57411.90,58453.80,74492502016.00,664030740480.00,1.99%,1.91%,多头区间
2019-03-04,59365.50,63006.90,59307.60,62606.50,113040580608.00,1045766602752.00,7.10%,6.33%,多头区间
2019-03-05,62280.50,65548.80,62229.80,65548.80,98633383936.00,895916179456.00,4.70%,5.30%,多头区间
2019-03-06,66060.10,69463.80,66060.10,69450.50,124591136768.00,1105579999232.00,5.95%,5.19%,多头区间
2019-03-07,69386.40,73389.30,69278.20,72908.80,126769119232.00,1165905362944.00,4.98%,5.92%,多头区间
2019-03-08,70633.50,74808.70,70433.50,72005.10,128569065472.00,1183357468672.00,-1.24%,6.00%,多头区间
2019-03-11,73057.90,75060.40,72895.40,75054.10,98365546496.00,943974318080.00,4.23%,3.01%,多头区间
2019-03-12,75765.70,78478.80,75765.70,78178.70,117348106240.00,1136475373568.00,4.16%,3.61%,多头区间
2019-03-13,78194.80,79154.30,76717.60,77295.20,106796646400.00,1050620526592.00,-1.13%,3.12%,多头区间
2019-03-14,76478.90,77728.10,73990.50,74802.90,85420195840.00,812001263616.00,-3.22%,4.84%,空头区间
2019-03-15,75552.10,76617.90,74439.00,74879.20,76234244096.00,750021967872.00,0.10%,2.91%,空头区间
2019-03-18,75209.00,76672.70,74673.30,76672.70,83664945152.00,832140476416.00,2.40%,2.67%,空头区间
2019-03-19,76651.60,78133.40,75867.20,76233.90,78188961792.00,775293566976.00,-0.57%,2.96%,空头区间
2019-03-20,76023.50,76750.40,74701.80,75671.90,80894926848.00,779560091648.00,-0.74%,2.69%,空头区间
2019-03-21,75874.60,77335.20,75797.60,76445.90,92918890496.00,885473804288.00,1.02%,2.03%,空头区间
2019-03-22,76384.00,76883.30,75561.80,76128.70,83167674368.00,801433845760.00,-0.41%,1.73%,空头区间
2019-03-25,74687.60,76867.60,74687.60,74868.10,84016234496.00,818941001728.00,-1.66%,2.86%,空头区间
2019-03-26,75470.30,75573.10,72337.50,72566.10,80146874368.00,767965986816.00,-3.07%,4.32%,空头区间
2019-03-27,73336.40,73439.50,71637.90,72110.70,66777116672.00,664504303616.00,-0.63%,2.48%,空头区间
2019-03-28,71650.00,73099.00,70113.20,70153.00,65290653696.00,663436656640.00,-2.71%,4.14%,空头区间
2019-03-29,70296.30,72913.10,70195.90,72913.10,80978354176.00,835853418496.00,3.93%,3.87%,空头区间
2019-04-01,73832.20,77377.60,73832.20,77257.70,100447936512.00,1043182321664.00,5.96%,4.86%,多头区间
2019-04-02,77705.20,79492.80,77705.20,78723.00,100316987392.00,1037943439360.00,1.90%,2.31%,多头区间
2019-04-03,78114.40,80041.80,78102.60,80038.40,92072026112.00,932817403904.00,1.67%,2.46%,多头区间
2019-04-04,80577.90,82018.40,80577.90,81344.50,98196529152.00,1004205047808.00,1.63%,1.80%,多头区间
2019-04-08,82251.70,83308.30,81322.30,82304.70,104826724352.00,1066348314624.00,1.18%,2.44%,多头区间
2019-04-09,82011.90,83086.70,81157.70,81857.90,80356081664.00,839788003328.00,-0.54%,2.34%,多头区间
2019-04-10,81251.50,82356.40,81088.70,81586.40,85389041664.00,898436497408.00,-0.33%,1.55%,多头区间
2019-04-11,81538.00,82134.60,79227.50,79334.60,79657852928.00,816912269312.00,-2.76%,3.56%,空头区间
2019-04-12,79324.00,79962.30,77290.50,77632.00,66019094528.00,656874012672.00,-2.15%,3.37%,空头区间
2019-04-15,79127.20,80148.00,76469.00,76513.90,75149221888.00,775310475264.00,-1.44%,4.74%,空头区间
2019-04-16,75840.60,77971.20,75779.80,77971.20,76907823104.00,790674669568.00,1.90%,2.86%,空头区间
2019-04-17,77975.00,79193.00,77957.00,78249.20,81051336704.00,829807198208.00,0.36%,1.59%,空头区间
2019-04-18,78169.10,78960.20,76790.90,76943.30,74790043648.00,753088266240.00,-1.67%,2.77%,空头区间
2019-04-19,76808.30,77667.70,76016.30,76556.60,72413044736.00,720098361344.00,-0.50%,2.15%,空头区间
2019-04-22,76843.30,77394.10,74902.00,75151.40,78979375104.00,803874209792.00,-1.84%,3.26%,空头区间
2019-04-23,74929.70,75503.30,73172.80,73386.50,73148481536.00,732690972672.00,-2.35%,3.10%,空头区间
2019-04-24,73638.80,73905.00,72277.20,72879.50,64511819776.00,651998855168.00,-0.69%,2.22%,空头区间
2019-04-25,72376.00,72957.10,69631.90,69719.00,75532361728.00,733039427584.00,-4.34%,4.56%,空头区间
2019-04-26,69275.60,70051.70,67784.70,67823.40,62012309504.00,623705063424.00,-2.72%,3.25%,空头区间
2019-04-29,67982.10,68028.80,65208.00,65327.90,64802582528.00,645424611328.00,-3.68%,4.16%,空头区间
2019-04-30,65016.20,66210.50,64009.20,64323.60,48569315328.00,496305143808.00,-1.54%,3.37%,空头区间
2019-05-06,61808.50,62965.20,59697.90,59939.00,68113698816.00,657286627328.00,-6.82%,5.08%,空头区间
2019-05-07,60552.40,61444.50,58977.80,59969.60,54951940096.00,537754861568.00,0.05%,4.12%,空头区间
2019-05-08,58629.10,60752.10,58543.00,58647.60,52067627008.00,488542076928.00,-2.20%,3.68%,空头区间
2019-05-09,58036.00,58840.80,56536.50,56572.50,44462907392.00,433813127168.00,-3.54%,3.93%,空头区间
2019-05-10,57661.80,58884.50,56224.30,58861.00,62852349952.00,609894400000.00,4.05%,4.70%,多头区间
2019-05-13,58642.40,59190.50,57115.80,57214.10,48019197952.00,466044780544.00,-2.80%,3.52%,空头区间
2019-05-14,56605.50,57789.30,55707.90,55753.30,46668021760.00,455380369408.00,-2.55%,3.64%,空头区间
2019-05-15,56434.10,56804.80,56097.50,56403.20,51904917504.00,512602767360.00,1.17%,1.27%,空头区间
2019-05-16,56366.10,57114.90,55921.80,56043.80,55831191552.00,522031529984.00,-0.64%,2.12%,空头区间
2019-05-17,56136.10,56291.50,53795.70,54081.90,61496922112.00,573470146560.00,-3.50%,4.45%,空头区间
2019-05-20,54016.40,54458.60,52776.40,53012.90,48404430848.00,462514618368.00,-1.98%,3.11%,空头区间
2019-05-21,52985.60,54286.80,52853.70,53367.80,49855512576.00,479310348288.00,0.67%,2.70%,空头区间
2019-05-22,53271.50,54020.60,52120.50,52354.30,48176525312.00,469158559744.00,-1.90%,3.56%,空头区间
2019-05-23,52054.10,52329.50,50299.80,50475.00,47601115136.00,464464445440.00,-3.59%,3.88%,空头区间
2019-05-24,50369.00,50900.00,48883.00,48901.20,39565352960.00,380759703552.00,-3.12%,4.00%,空头区间
2019-05-27,49029.00,49871.70,48527.90,49706.00,46721568768.00,452504059904.00,1.65%,2.75%,空头区间
2019-05-28,49705.60,50467.80,49219.00,49684.70,49944199168.00,499228934144.00,-0.04%,2.51%,空头区间
2019-05-29,49465.10,50074.10,49114.00,49173.60,44675604480.00,445801431040.00,-1.03%,1.93%,空头区间
2019-05-30,48902.70,49122.50,47870.20,48255.50,46975819776.00,453415763968.00,-1.87%,2.55%,空头区间
2019-05-31,48236.50,48957.40,47504.10,47533.70,44373450752.00,437339521024.00,-1.50%,3.01%,空头区间
2019-06-03,47790.50,48235.20,46718.10,46760.40,48910802944.00,479023857664.00,-1.63%,3.19%,空头区间
2019-06-04,46688.60,46894.60,45178.20,45473.40,42703687680.00,422310117376.00,-2.75%,3.67%,空头区间
2019-06-05,46011.30,46017.10,44736.30,44837.90,40566317056.00,407643586560.00,-1.40%,2.82%,空头区间
2019-06-06,44695.80,44891.10,43079.80,43226.40,40738738176.00,386545713152.00,-3.59%,4.04%,空头区间
2019-06-10,43308.10,43957.80,43072.70,43148.80,37163941888.00,366598619136.00,-0.18%,2.05%,空头区间
2019-06-11,43381.40,45783.40,43375.00,45783.40,57650524160.00,565165883392.00,6.11%,5.58%,多头区间
2019-06-12,45577.70,46505.40,45535.50,45574.50,53569802240.00,513251704832.00,-0.46%,2.12%,多头区间
2019-06-13,45604.40,46019.40,45417.80,45465.40,48131768320.00,449653473280.00,-0.24%,1.32%,多头区间
2019-06-14,45534.20,45834.80,44106.40,44265.80,48881487872.00,448748912640.00,-2.64%,3.80%,空头区间
2019-06-17,44263.20,44764.90,43181.80,43264.40,35895304192.00,335588950016.00,-2.26%,3.58%,空头区间
2019-06-18,43323.30,43409.00,42175.10,42248.90,34116311040.00,321672314880.00,-2.35%,2.85%,空头区间
2019-06-19,43477.60,44270.40,43274.50,43336.40,50574823424.00,503834279936.00,2.57%,2.36%,空头区间
2019-06-20,43308.50,45525.40,43296.20,45515.60,60821995520.00,602739113984.00,5.03%,5.14%,多头区间
2019-06-21,45907.80,47438.50,45907.80,47263.40,63837732864.00,621455933440.00,3.84%,3.36%,多头区间
2019-06-24,47341.80,48008.60,47007.30,47223.20,49670901760.00,494858043392.00,-0.09%,2.12%,多头区间
2019-06-25,47081.30,47336.50,46639.70,46956.70,52447072256.00,513137016832.00,-0.56%,1.48%,多头区间
2019-06-26,46466.70,47255.90,45929.40,45977.00,39874846720.00,391565836288.00,-2.09%,2.82%,多头区间
2019-06-27,46214.60,47133.40,46178.00,46415.40,45418409984.00,475605434368.00,0.95%,2.08%,多头区间
2019-06-28,46289.60,46542.20,45198.30,45387.20,42440040448.00,415313559552.00,-2.22%,2.90%,多头区间
2019-07-01,46593.00,47989.00,46489.10,47968.50,58817626112.00,613764300800.00,5.69%,3.30%,多头区间
2019-07-02,47938.60,48888.30,47894.80,48272.80,52084928512.00,538460520448.00,0.63%,2.07%,多头区间
2019-07-03,48142.20,48454.30,47535.70,47775.10,47270457344.00,487926792192.00,-1.03%,1.90%,多头区间
2019-07-04,47893.00,48304.10,46879.80,47103.50,42718797824.00,438334619648.00,-1.41%,2.98%,多头区间
2019-07-05,47113.60,47275.30,46453.20,46514.70,35572465664.00,374072639488.00,-1.25%,1.75%,多头区间
2019-07-08,46244.50,46252.50,45093.50,45115.80,47208665088.00,467895058432.00,-3.01%,2.49%,空头区间
2019-07-09,45117.70,45382.00,44273.60,44366.10,33295130624.00,351639568384.00,-1.66%,2.46%,空头区间
2019-07-10,44471.40,44546.50,42973.40,43167.80,32248233984.00,331400871936.00,-2.70%,3.55%,空头区间
2019-07-11,43471.90,43962.00,42349.20,42459.60,33375733760.00,348292841472.00,-1.64%,3.74%,空头区间
2019-07-12,42462.20,42954.50,41801.90,41844.90,32366133248.00,329858973696.00,-1.45%,2.71%,空头区间
2019-07-15,41565.10,42901.60,41460.20,42365.60,40898146304.00,422270926848.00,1.24%,3.44%,空头区间
2019-07-16,42253.10,42704.30,41746.50,41816.00,34283900928.00,352301252608.00,-1.30%,2.26%,空头区间
2019-07-17,41713.50,42264.20,41456.00,41525.70,38433161216.00,381370433536.00,-0.69%,1.93%,空头区间
2019-07-18,41366.90,41550.20,40412.00,40429.70,37205262336.00,362925654016.00,-2.64%,2.74%,空头区间
2019-07-19,40703.80,41380.10,40159.30,40241.00,34970542080.00,349816586240.00,-0.47%,3.02%,空头区间
2019-07-22,40272.60,40289.70,39049.70,39093.50,38309314560.00,365468876800.00,-2.85%,3.08%,空头区间
2019-07-23,39125.30,39526.70,38701.10,38783.10,29017307136.00,300348833792.00,-0.79%,2.11%,空头区间
2019-07-24,38948.10,39825.90,38948.10,39147.60,36274364416.00,377422184448.00,0.94%,2.26%,空头区间
2019-07-25,39139.20,39584.20,39008.70,39230.00,35085889536.00,370120687616.00,0.21%,1.47%,空头区间
2019-07-26,39054.90,39476.40,38729.00,38806.40,31979593728.00,332120653824.00,-1.08%,1.91%,空头区间
2019-07-29,38812.00,39156.40,38296.70,38386.50,30955362304.00,322879913984.00,-1.08%,2.22%,空头区间
2019-07-30,38445.40,39118.40,38258.80,38347.20,34984341504.00,359520043008.00,-0.10%,2.24%,空头区间
2019-07-31,38302.30,38567.60,37777.30,37836.40,32081498112.00,333009846272.00,-1.33%,2.06%,空头区间
2019-08-01,37582.50,38152.30,37344.40,37472.50,32478849024.00,344709791744.00,-0.96%,2.14%,空头区间
2019-08-02,36743.00,37692.90,36732.00,37374.20,40266805248.00,411766063104.00,-0.26%,2.56%,空头区间
2019-08-05,37247.10,38038.30,36962.90,37036.60,36321148928.00,381713842176.00,-0.90%,2.88%,空头区间
2019-08-06,36354.60,37603.60,36354.60,37393.60,49512251392.00,480931807232.00,0.96%,3.37%,空头区间
2019-08-07,37726.90,38008.70,36954.60,36958.40,34038444032.00,350422663168.00,-1.16%,2.82%,空头区间
2019-08-08,37192.00,37628.70,36950.10,37007.10,32105152512.00,338347655168.00,0.13%,1.84%,空头区间
2019-08-09,37273.60,37559.60,36356.70,36454.20,33881372672.00,357797298176.00,-1.49%,3.25%,空头区间
2019-08-12,36628.20,37021.30,36472.50,37021.30,31108909056.00,341093711872.00,1.56%,1.51%,空头区间
2019-08-13,36679.40,37164.90,36330.10,36400.70,29766162432.00,319887966208.00,-1.68%,2.25%,空头区间
2019-08-14,36892.30,37462.80,36576.10,36667.90,34771488768.00,382125539328.00,0.73%,2.44%,空头区间
2019-08-15,35842.70,36979.00,35842.70,36979.00,36209979392.00,375824842752.00,0.85%,3.10%,空头区间
2019-08-16,36997.90,37818.70,36997.90,37462.00,36609875968.00,412703358976.00,1.31%,2.22%,空头区间
2019-08-19,37950.00,40096.90,37950.00,40096.90,51446566912.00,563572965376.00,7.03%,5.73%,多头区间
2019-08-20,40060.50,41114.70,40060.50,40827.40,48061349888.00,509771677696.00,1.82%,2.63%,多头区间
2019-08-21,40767.00,41320.80,40767.00,41007.10,40430931968.00,437077049344.00,0.44%,1.36%,多头区间
2019-08-22,41167.30,41672.20,41030.00,41201.60,40396013568.00,428905005056.00,0.47%,1.57%,多头区间
2019-08-23,41266.10,41820.60,41235.50,41498.30,41766756352.00,454326845440.00,0.72%,1.42%,多头区间
2019-08-26,41387.00,41995.50,40823.00,41463.10,42491379712.00,451186163712.00,-0.08%,2.83%,多头区间
2019-08-27,41778.00,43311.10,41775.70,43163.20,51783884800.00,549000019968.00,4.10%,3.70%,多头区间
2019-08-28,43119.00,43719.30,43119.00,43377.60,46678765568.00,483929063424.00,0.50%,1.39%,多头区间
2019-08-29,43456.60,44114.60,43456.60,43580.40,44856049664.00,467704348672.00,0.47%,1.52%,多头区间
2019-08-30,43846.30,44497.10,43513.20,43865.50,50426908672.00,545293336576.00,0.65%,2.26%,多头区间
2019-09-02,44002.30,45619.50,43982.80,45619.50,50236067840.00,546076786688.00,4.00%,3.73%,多头区间
2019-09-03,45724.20,46500.00,45704.40,46495.10,49520623616.00,547245883392.00,1.92%,1.74%,多头区间
2019-09-04,46399.30,47668.30,46399.30,47668.30,55345475584.00,593926553600.00,2.52%,2.73%,多头区间
2019-09-05,48151.20,50615.80,48151.20,50331.90,73343107072.00,787245301760.00,5.59%,5.17%,多头区间
2019-09-06,50616.20,51499.40,50522.30,51086.20,54600830976.00,622770454528.00,1.50%,1.94%,多头区间
2019-09-09,51707.30,53420.30,51631.90,53420.30,62881472512.00,708621697024.00,4.57%,3.50%,多头区间
2019-09-10,53418.40,54309.70,53389.60,54049.80,62014214144.00,688050536448.00,1.18%,1.72%,多头区间
2019-09-11,54169.60,54878.40,53807.20,53965.30,58002599936.00,635845607424.00,-0.16%,1.98%,多头区间
2019-09-12,54189.60,54533.10,53720.10,53935.80,48458174464.00,529382277120.00,-0.05%,1.51%,多头区间
2019-09-16,54195.40,54926.20,53836.10,54116.00,53906771968.00,576428441600.00,0.33%,2.02%,多头区间
2019-09-17,53863.50,54174.80,52716.70,52981.80,55025254400.00,580025843712.00,-2.10%,2.69%,多头区间
2019-09-18,53382.10,53643.80,52430.50,52530.40,42297839616.00,480378388480.00,-0.85%,2.29%,多头区间
2019-09-19,52651.90,53064.10,52189.90,52514.00,42631360512.00,484249862144.00,-0.03%,1.66%,多头区间
2019-09-20,52638.20,53239.70,52153.20,52463.20,46191718400.00,541472620544.00,-0.10%,2.07%,多头区间
2019-09-23,52208.50,52628.60,51394.00,51793.60,43847446528.00,502666330112.00,-1.28%,2.35%,多头区间
2019-09-24,51811.90,52616.30,51712.60,51801.50,44626264064.00,538234519552.00,0.02%,1.74%,多头区间
2019-09-25,51364.40,51778.40,50479.50,50518.90,45215440896.00,516532731904.00,-2.48%,2.51%,空头区间
2019-09-26,50524.70,50747.60,48936.40,48971.10,47525048320.00,528479911936.00,-3.06%,3.59%,空头区间
2019-09-27,49026.40,49659.10,48333.90,48435.50,34704924672.00,391681802240.00,-1.09%,2.71%,空头区间
2019-09-30,48481.80,48807.20,46600.60,46609.60,29861634048.00,340916436992.00,-3.77%,4.56%,空头区间
2019-10-08,46854.30,47359.40,45766.00,45800.30,31322728448.00,366447001600.00,-1.74%,3.42%,空头区间
2019-10-09,45555.30,46166.20,45260.80,45368.10,31824234496.00,360876277760.00,-0.94%,1.98%,空头区间
2019-10-10,45332.70,46057.40,45328.20,45633.50,35605090304.00,415128092672.00,0.58%,1.61%,空头区间
2019-10-11,45744.20,45992.80,45584.70,45644.90,40426864640.00,451466428416.00,0.02%,0.89%,空头区间
2019-10-14,46261.20,47532.70,46259.60,46887.00,49336266752.00,528250929152.00,2.72%,2.79%,空头区间
2019-10-15,46619.50,46965.60,45979.60,46029.70,42154602496.00,453975277568.00,-1.83%,2.10%,空头区间
2019-10-16,46234.10,46778.40,45483.90,45527.60,38171066368.00,417102790656.00,-1.09%,2.81%,空头区间
2019-10-17,45662.80,46000.60,44655.30,44762.20,32805369856.00,355676487680.00,-1.68%,2.95%,空头区间
2019-10-18,44822.90,45112.70,43748.10,43817.70,38640611328.00,408564072448.00,-2.11%,3.05%,空头区间
2019-10-21,43837.10,44125.40,42979.10,43246.20,34087720960.00,363951620096.00,-1.30%,2.62%,空头区间
2019-10-22,43333.00,43818.00,42815.80,43073.90,32384284672.00,351985434624.00,-0.40%,2.32%,空头区间
2019-10-23,43034.30,43316.00,42035.50,42156.70,33738121216.00,358333218816.00,-2.13%,2.97%,空头区间
2019-10-24,42121.10,42498.30,41468.80,41558.40,33217351680.00,352301809664.00,-1.42%,2.44%,空头区间
2019-10-25,41531.80,41917.30,41494.80,41823.40,36029509632.00,398708703232.00,0.64%,1.02%,空头区间
2019-10-28,42431.70,43647.00,42431.70,43511.20,47048454144.00,510954897408.00,4.04%,2.91%,多头区间
2019-10-29,43503.70,44336.90,43503.70,43628.40,48557760512.00,529689083904.00,0.27%,1.91%,多头区间
2019-10-30,43423.50,44205.90,43235.00,43385.30,42855645184.00,457859301376.00,-0.56%,2.23%,多头区间
2019-10-31,43453.30,43931.30,42889.50,42973.10,40265363456.00,441751928832.00,-0.95%,2.40%,多头区间
2019-11-01,42806.60,43600.60,42803.10,43498.70,38489530368.00,428556517376.00,1.22%,1.86%,多头区间
2019-11-04,43519.50,44557.70,43519.50,44001.10,40510042112.00,463088451584.00,1.15%,2.39%,多头区间
2019-11-05,44026.10,44752.30,44020.10,44474.60,41574875136.00,470139797504.00,1.08%,1.66%,多头区间
2019-11-06,44414.40,44818.10,43771.70,43982.80,39490424832.00,440402411520.00,-1.11%,2.35%,多头区间
2019-11-07,44010.20,44700.30,43776.10,43899.90,35072819200.00,387305766912.00,-0.19%,2.10%,多头区间
2019-11-08,44238.90,44534.90,43573.30,43636.90,38113140736.00,438202204160.00,-0.60%,2.19%,多头区间
2019-11-11,43254.80,43709.00,42476.60,42600.20,38681751552.00,413083533312.00,-2.38%,2.82%,空头区间
2019-11-12,42599.10,42807.20,41921.80,42114.40,33379837952.00,357963038720.00,-1.14%,2.08%,空头区间
2019-11-13,42005.30,42275.30,41369.40,41544.70,31171758080.00,351463309312.00,-1.35%,2.15%,空头区间
2019-11-14,41547.20,41887.50,41460.90,41524.80,33236676608.00,379032305664.00,-0.05%,1.03%,空头区间
2019-11-15,41451.60,41897.60,40797.90,40812.10,34622767104.00,391577337856.00,-1.72%,2.65%,空头区间
2019-11-18,40886.50,41444.10,40647.90,40783.50,31405834240.00,351585206272.00,-0.07%,1.95%,空头区间
2019-11-19,40770.80,41614.20,40770.80,41471.70,35959492608.00,410167541760.00,1.69%,2.07%,空头区间
2019-11-20,41424.20,42006.10,41021.40,41128.90,36619640832.00,416708558848.00,-0.83%,2.37%,空头区间
2019-11-21,40909.80,41464.50,40394.80,40584.60,32386560000.00,352423444480.00,-1.32%,2.60%,空头区间
2019-11-22,40687.50,41303.70,40256.10,40460.40,40711925760.00,462852816896.00,-0.31%,2.58%,空头区间
2019-11-25,40500.40,41017.80,40165.20,40338.60,40268881920.00,413369368576.00,-0.30%,2.11%,空头区间
2019-11-26,40447.90,40842.90,39989.50,40432.10,38579068928.00,388864835584.00,0.23%,2.12%,空头区间
2019-11-27,40279.70,40753.40,39989.40,40062.00,33504940032.00,350479089664.00,-0.92%,1.89%,空头区间
2019-11-28,40028.40,40368.00,39158.30,39289.40,30090700800.00,311889461248.00,-1.93%,3.02%,空头区间
2019-11-29,39271.90,39612.30,38658.10,38803.10,30539218944.00,336163536896.00,-1.24%,2.43%,空头区间
2019-12-02,38911.90,39444.10,38519.30,38606.80,31257667584.00,337178951680.00,-0.51%,2.38%,空头区间
2019-12-03,38509.10,38735.50,38277.50,38524.40,31486703616.00,340802207744.00,-0.21%,1.19%,空头区间
2019-12-04,38323.60,38971.80,38241.90,38344.90,32581279744.00,349424189440.00,-0.47%,1.89%,空头区间
2019-12-05,38488.00,39151.30,38488.00,39094.60,37081694208.00,417438597120.00,1.96%,1.73%,空头区间
2019-12-06,39119.00,39619.30,39119.00,39524.60,36079132672.00,403928088576.00,1.10%,1.28%,空头区间
2019-12-09,39712.20,40459.40,39712.20,40074.00,41340932096.00,450998108160.00,1.39%,1.89%,空头区间
2019-12-10,39937.80,40721.60,39915.10,40721.60,42453635072.00,448839876608.00,1.62%,2.01%,空头区间
2019-12-11,40676.10,41271.10,40676.10,40814.80,43180953600.00,453521047552.00,0.23%,1.46%,空头区间
2019-12-12,40839.90,41332.90,40803.90,40934.90,40537268224.00,438966255616.00,0.29%,1.30%,空头区间
2019-12-13,41390.80,42728.10,41390.80,42728.10,50365501440.00,557519142912.00,4.38%,3.27%,多头区间
2019-12-16,42923.00,44907.10,42923.00,44902.40,56200544256.00,614184714240.00,5.09%,4.64%,多头区间
2019-12-17,44925.00,47724.30,44925.00,47724.30,71491059712.00,741211308032.00,6.28%,6.23%,多头区间
2019-12-18,47712.10,48967.30,47712.10,48916.70,61999808512.00,652959285248.00,2.50%,2.63%,多头区间
2019-12-19,48910.20,49568.30,48910.20,49265.10,55338688512.00,567021731840.00,0.71%,1.35%,多头区间
2019-12-20,49345.80,49862.60,49007.60,49102.20,55801090048.00,561163075584.00,-0.33%,1.74%,多头区间
2019-12-23,48809.90,49654.80,48161.60,48225.30,51191345152.00,526202404864.00,-1.79%,3.04%,多头区间
2019-12-24,48428.00,48744.40,48281.60,48514.00,42565705728.00,435207667712.00,0.60%,0.96%,多头区间
2019-12-25,48435.60,49237.50,48428.60,48687.40,46415818752.00,492362465280.00,0.36%,1.67%,多头区间
2019-12-26,48667.00,49304.30,48487.60,48938.70,47323590656.00,492813910016.00,0.52%,1.68%,多头区间
2019-12-27,49127.30,50090.60,49127.30,49388.80,59684982784.00,622056964096.00,0.92%,1.97%,多头区间
2019-12-30,49098.80,50653.30,49089.10,50628.80,56891744256.00,602598801408.00,2.51%,3.17%,多头区间
2019-12-31,50583.00,51490.80,50583.00,51001.40,49818243072.00,525638828032.00,0.74%,1.79%,多头区间
2020-01-02,51531.30,53802.30,51531.30,53802.30,68300898304.00,741950357504.00,5.49%,4.45%,多头区间
2020-01-03,54080.50,55269.80,54080.50,55070.80,63313883136.00,685537886208.00,2.36%,2.21%,多头区间
2020-01-06,54786.50,57290.50,54786.50,57276.80,74908229632.00,791898685440.00,4.01%,4.55%,多头区间
2020-01-07,57474.10,58835.70,57474.10,58835.70,68802412544.00,720159768576.00,2.72%,2.38%,多头区间
2020-01-08,58555.90,59804.90,58555.90,59106.00,75665268736.00,765523984384.00,0.46%,2.12%,多头区间
2020-01-09,59757.80,60898.80,59757.80,60515.20,63678787584.00,693503131648.00,2.38%,1.93%,多头区间
2020-01-10,60810.10,61233.00,60259.30,60325.00,56328794112.00,629222866944.00,-0.31%,1.61%,多头区间
2020-01-13,60360.70,61427.40,60360.70,61427.40,55301746688.00,656123166720.00,1.83%,1.77%,多头区间
2020-01-14,61693.10,62553.90,61419.80,61501.20,60356366336.00,686414036992.00,0.12%,1.85%,多头区间
2020-01-15,61330.60,61821.20,60856.00,61008.30,53075505152.00,599341400064.00,-0.80%,1.57%,多头区间
2020-01-16,61100.90,61669.00,60468.80,60555.20,51793985536.00,596479311872.00,-0.74%,1.97%,多头区间
2020-01-17,60740.00,61267.60,59829.70,59925.50,48896262144.00,581177114624.00,-1.04%,2.37%,多头区间
2020-01-20,60295.90,61342.60,60295.90,61147.40,53563101184.00,653078495232.00,2.04%,1.75%,多头区间
2020-01-21,61003.40,61884.80,60671.80,60735.30,56877965312.00,669474947072.00,-0.67%,1.98%,多头区间
2020-01-22,60339.10,61863.60,60215.50,61657.50,57065209856.00,684627460096.00,1.52%,2.71%,多头区间
2020-01-23,61179.80,62472.10,60108.70,60942.50,67043155968.00,784715350016.00,-1.16%,3.83%,多头区间
2020-02-03,56017.40,57499.60,55619.90,55712.10,40495149056.00,496507518976.00,-8.58%,3.08%,空头区间
2020-02-04,54701.60,59137.60,54701.60,59061.50,86933250048.00,884408057856.00,6.01%,7.96%,多头区间
2020-02-05,59411.70,62641.80,59411.70,62096.00,75783987200.00,840678506496.00,5.14%,5.47%,多头区间
2020-02-06,62106.20,65553.70,62001.50,65553.70,79114469376.00,884188250112.00,5.57%,5.72%,多头区间
2020-02-07,65503.30,67457.80,65494.40,67315.40,79284125696.00,896905641984.00,2.69%,3.00%,多头区间
2020-02-10,67120.30,69100.70,67120.30,68670.60,75922333696.00,855416045568.00,2.01%,2.94%,多头区间
2020-02-11,68793.70,69499.10,68366.70,68438.40,68153503744.00,759190388736.00,-0.34%,1.65%,多头区间
2020-02-12,68170.00,69636.40,68170.00,69633.00,66368270336.00,762266583040.00,1.75%,2.14%,多头区间
2020-02-13,69683.30,70955.50,69455.30,69480.00,72349368320.00,835835527168.00,-0.22%,2.15%,多头区间
2020-02-14,69483.80,70863.50,69068.40,69655.50,66209357824.00,782309457920.00,0.25%,2.58%,多头区间
2020-02-17,70305.00,72839.50,70305.00,72839.50,78874968064.00,908975800320.00,4.57%,3.64%,多头区间
2020-02-18,72973.90,74884.50,72973.90,74884.50,83429777408.00,968271593472.00,2.81%,2.62%,多头区间
2020-02-19,74757.30,76455.00,74750.60,75175.60,84757127168.00,1009158782976.00,0.39%,2.28%,多头区间
2020-02-20,75600.60,78167.30,75600.60,78167.30,89247080448.00,1042609405952.00,3.98%,3.41%,多头区间
2020-02-21,78205.50,81349.00,78205.50,80806.30,95977013248.00,1137942200320.00,3.38%,4.02%,多头区间
2020-02-24,80886.80,84008.10,80886.80,83884.60,98601549824.00,1194488233984.00,3.81%,3.86%,多头区间
2020-02-25,82070.60,87280.30,82070.60,87248.20,116644691968.00,1385670377472.00,4.01%,6.21%,多头区间
2020-02-26,85953.70,88583.10,85708.40,86180.10,114975834112.00,1283521511424.00,-1.22%,3.29%,多头区间
2020-02-27,86851.20,88076.10,85942.50,86119.50,89674555392.00,1021913530368.00,-0.07%,2.48%,多头区间
2020-02-28,83105.20,85271.60,82145.50,82353.00,100610277376.00,1101537345536.00,-4.37%,3.63%,空头区间
2020-03-02,84082.90,86455.60,83837.50,85766.40,89416613888.00,1004766363648.00,4.14%,3.18%,多头区间
2020-03-03,87320.40,89999.00,86882.60,87530.20,100602478592.00,1148159393792.00,2.06%,3.63%,多头区间
2020-03-04,86907.00,88521.60,85947.00,87406.10,86246899712.00,970288791552.00,-0.14%,2.94%,多头区间
2020-03-05,88985.20,90216.90,88721.90,89745.20,103351910400.00,1150891589632.00,2.68%,1.71%,多头区间
2020-03-06,88580.00,90504.70,88339.00,88388.80,89719431168.00,940409356288.00,-1.51%,2.41%,多头区间
2020-03-09,86875.80,88397.50,85380.30,85422.80,99478323200.00,1067054202880.00,-3.36%,3.41%,空头区间
2020-03-10,85257.90,88464.60,84584.50,88088.40,96996835328.00,1060593205248.00,3.12%,4.54%,空头区间
2020-03-11,88370.10,89602.00,86169.30,86171.30,87736082432.00,954500579328.00,-2.18%,3.90%,空头区间
2020-03-12,84717.90,85971.50,82662.70,83424.20,77012738048.00,824142266368.00,-3.19%,3.84%,空头区间
2020-03-13,79311.40,84251.00,79311.40,82702.50,89131597824.00,948531691520.00,-0.87%,5.92%,空头区间
2020-03-16,83342.20,83625.20,78446.50,78721.60,86859988992.00,946101747712.00,-4.81%,6.26%,空头区间
2020-03-17,80222.70,80304.40,76983.60,78081.70,75173904384.00,802345123840.00,-0.81%,4.22%,空头区间
2020-03-18,78804.90,80068.90,76116.30,76116.30,74030260224.00,820869464064.00,-2.52%,5.06%,空头区间
2020-03-19,76297.30,76919.30,74750.80,76297.80,73115148288.00,807720452096.00,0.24%,2.85%,空头区间
2020-03-20,77361.90,77768.90,75285.20,75876.50,62924222464.00,703649284096.00,-0.55%,3.26%,空头区间
2020-03-23,73611.80,74714.70,71129.20,71381.40,63464505344.00,673201979392.00,-5.92%,4.73%,空头区间
2020-03-24,73049.40,73497.40,70108.60,71983.80,65262891008.00,700149923840.00,0.84%,4.75%,空头区间
2020-03-25,73793.70,74708.00,73256.10,73330.40,68708937728.00,738702262272.00,1.87%,2.02%,空头区间
2020-03-26,72895.80,73778.80,71240.90,71306.60,60467003392.00,631342759936.00,-2.76%,3.46%,空头区间
2020-03-27,72305.60,72348.00,69662.30,69711.10,58316382208.00,623118843904.00,-2.24%,3.77%,空头区间
2020-03-30,68659.10,68929.20,67279.00,67502.30,59370729472.00,621899415552.00,-3.17%,2.37%,空头区间
2020-03-31,68236.80,68429.30,66223.10,66283.40,53191630848.00,552892956672.00,-1.81%,3.27%,空头区间
2020-04-01,66269.10,67334.40,64797.30,64931.90,54827933696.00,575902842880.00,-2.04%,3.83%,空头区间
2020-04-02,64743.30,65649.30,64445.60,65649.30,54366228480.00,586471309312.00,1.10%,1.85%,空头区间
2020-04-03,65442.00,66296.30,63990.20,64075.40,51868426240.00,562917605376.00,-2.40%,3.51%,空头区间
2020-04-07,65570.50,66778.40,65497.70,66314.50,66949861376.00,722093211648.00,3.49%,2.00%,空头区间
2020-04-08,65918.50,67049.10,65576.50,65771.80,63832813568.00,665458835456.00,-0.82%,2.22%,空头区间
2020-04-09,66180.30,66702.30,65506.30,65627.30,61327147008.00,643473670144.00,-0.22%,1.82%,空头区间
2020-04-10,65534.40,66161.80,63631.80,63727.50,62563618816.00,661026570240.00,-2.89%,3.86%,空头区间
2020-04-13,63570.30,63749.00,61637.80,61748.50,47336321024.00,491779260416.00,-3.11%,3.31%,空头区间
2020-04-14,62241.80,62793.40,62107.30,62590.80,53084880896.00,582260621312.00,1.36%,1.11%,空头区间
2020-04-15,62572.10,63535.40,61962.00,61999.30,58284449792.00,631922819072.00,-0.95%,2.51%,空头区间
2020-04-16,61633.40,62768.20,61633.40,61807.10,54966579200.00,586159161344.00,-0.31%,1.83%,空头区间
2020-04-17,62446.50,63542.90,62248.50,62356.70,64426795008.00,727988305920.00,0.89%,2.09%,空头区间
2020-04-20,62550.20,63490.90,62449.80,62699.20,54670348288.00,605358391296.00,0.55%,1.67%,空头区间
2020-04-21,62331.40,62926.10,61798.90,62015.60,58838069248.00,638500012032.00,-1.09%,1.80%,空头区间
2020-04-22,61406.20,62498.30,61389.30,61992.90,55789223936.00,594007031808.00,-0.04%,1.79%,空头区间
2020-04-23,62222.00,62708.60,61365.90,61455.60,62709018624.00,656111894528.00,-0.87%,2.17%,空头区间
2020-04-24,61443.20,61806.10,59690.00,59934.80,60401463296.00,611524214784.00,-2.47%,3.44%,空头区间
2020-04-27,60236.20,60773.40,59119.30,59159.00,52702326784.00,542987026432.00,-1.29%,2.76%,空头区间
2020-04-28,59201.50,59995.00,57881.10,59044.10,63337648128.00,655875571712.00,-0.19%,3.57%,空头区间
2020-04-29,58743.10,59866.40,58134.90,58208.00,48882094080.00,520328151040.00,-1.42%,2.93%,空头区间
2020-04-30,58768.20,60303.10,58767.70,59934.60,58582339584.00,661699493888.00,2.97%,2.64%,空头区间
2020-05-06,59567.90,61739.30,59567.90,61739.30,59389722624.00,696723439616.00,3.01%,3.62%,多头区间
2020-05-07,61768.40,62611.20,61369.10,61448.60,56678227968.00,644528406528.00,-0.47%,2.01%,多头区间
2020-05-08,61940.60,62848.20,61850.40,62208.50,57605767168.00,666268598272.00,1.24%,1.62%,多头区间
2020-05-11,62700.70,63513.30,61946.00,62302.80,56995004416.00,665295716352.00,0.15%,2.52%,多头区间
2020-05-12,62198.40,62720.30,61475.30,61878.20,50148384768.00,581578915840.00,-0.68%,2.00%,多头区间
2020-05-13,61528.30,62245.30,61379.10,61456.20,47890640896.00,562230525952.00,-0.68%,1.40%,多头区间
2020-05-14,61063.40,61669.00,60293.70,60386.30,51756040192.00,589288701952.00,-1.74%,2.24%,多头区间
2020-05-15,60864.90,61256.20,60319.30,60410.30,50138013696.00,605290758144.00,0.04%,1.55%,多头区间
2020-05-18,60602.90,61571.90,60226.10,60437.60,58215591936.00,704788627456.00,0.05%,2.23%,多头区间
2020-05-19,60978.80,61668.10,60713.10,60968.10,50199220224.00,615923318784.00,0.88%,1.58%,多头区间
2020-05-20,60930.50,61750.20,60130.30,60396.70,54986117120.00,657830510592.00,-0.94%,2.66%,多头区间
2020-05-21,60618.60,60822.50,59110.90,59275.60,51940036608.00,601296601088.00,-1.86%,2.83%,多头区间
2020-05-22,59142.20,59525.60,57737.70,57750.20,50415378432.00,571912159232.00,-2.57%,3.02%,空头区间
2020-05-25,57627.70,58201.90,56442.40,56573.30,41055543296.00,473958449152.00,-2.04%,3.05%,空头区间
2020-05-26,56907.70,57801.80,56875.30,57159.80,44029845504.00,509113794560.00,1.04%,1.64%,空头区间
2020-05-27,57186.50,57525.70,56117.90,56283.00,48661696512.00,551443759104.00,-1.53%,2.46%,空头区间
2020-05-28,56255.00,56865.10,55361.80,55847.90,50001809408.00,556875120640.00,-0.77%,2.67%,空头区间
2020-05-29,55612.50,56781.80,55558.30,55981.60,49646096384.00,549187977216.00,0.24%,2.19%,空头区间
2020-06-01,56697.50,58988.30,56697.50,58970.10,64491339776.00,735214108672.00,5.34%,4.09%,多头区间
2020-06-02,59226.90,60316.30,59226.90,59948.20,67026608128.00,745568141312.00,1.66%,1.85%,多头区间
2020-06-03,60207.90,61333.80,60159.20,60837.80,66917568512.00,750995111936.00,1.48%,1.96%,多头区间
2020-06-04,60960.40,61590.20,60397.70,60543.90,57947017216.00,623788687360.00,-0.48%,1.96%,多头区间
2020-06-05,60670.30,61264.20,60165.10,60378.20,55472492544.00,607372050432.00,-0.27%,1.82%,多头区间
2020-06-08,60927.60,61883.60,60484.00,60613.90,58297487360.00,659526057984.00,0.39%,2.32%,多头区间
2020-06-09,60711.00,61442.00,60509.80,60713.70,53439811584.00,598327558144.00,0.16%,1.54%,多头区间
2020-06-10,60631.50,61213.50,60327.20,60497.90,52123656192.00,592233234432.00,-0.36%,1.46%,多头区间
2020-06-11,60434.00,61566.10,60433.80,60745.00,58480807936.00,696260886528.00,0.41%,1.87%,多头区间
2020-06-12,59470.40,61399.40,59470.40,61222.50,58549010432.00,676948279296.00,0.79%,3.18%,多头区间
2020-06-15,61263.60,62815.90,61263.60,61701.80,62735171584.00,736341590016.00,0.78%,2.54%,多头区间
2020-06-16,62439.80,63360.50,62388.40,63066.50,57663660032.00,686472626176.00,2.21%,1.58%,多头区间
2020-06-17,63136.90,64040.10,63115.90,63540.80,61159899136.00,712596979712.00,0.75%,1.47%,多头区间
2020-06-18,63552.30,64558.80,63531.10,64064.00,63238475776.00,734159372288.00,0.82%,1.62%,多头区间
2020-06-19,64080.40,65310.80,64073.80,65310.80,61919297536.00,755535839232.00,1.95%,1.93%,多头区间
2020-06-22,65626.10,67080.90,65626.10,66463.00,63954026496.00,794510295040.00,1.76%,2.23%,多头区间
2020-06-23,66393.40,67291.60,66282.90,66898.90,56849981440.00,729306890240.00,0.66%,1.52%,多头区间
2020-06-24,67051.30,67804.20,66741.00,66787.30,52756852736.00,697085919232.00,-0.17%,1.59%,多头区间
2020-06-29,66704.60,67731.20,66260.30,66511.10,54227677184.00,690670993408.00,-0.41%,2.20%,多头区间
2020-06-30,67028.50,68137.90,66977.10,67898.50,53652656128.00,717553598464.00,2.09%,1.75%,多头区间
2020-07-01,68125.30,69690.80,68125.30,69690.80,66138849280.00,873854074880.00,2.64%,2.31%,多头区间
2020-07-02,69684.70,73316.90,69684.70,73316.90,86736576512.00,1047364108288.00,5.20%,5.21%,多头区间
2020-07-03,73786.40,77307.80,73776.00,77307.80,96669188096.00,1139543769088.00,5.44%,4.82%,多头区间
2020-07-06,78626.50,86584.30,78626.50,86571.80,132676354048.00,1519285698560.00,11.98%,10.29%,多头区间
2020-07-07,87982.50,93906.90,87982.50,93303.80,140374065152.00,1683555221504.00,7.78%,6.84%,多头区间
2020-07-08,93480.00,99065.70,93480.00,99065.70,124996132864.00,1497093111808.00,6.18%,5.99%,多头区间
2020-07-09,99094.10,105573.10,99094.10,105573.10,137039044608.00,1668036952064.00,6.57%,6.54%,多头区间
2020-07-10,104899.80,108462.00,104817.60,107453.20,124627615744.00,1561377767424.00,1.78%,3.45%,多头区间
2020-07-13,108271.30,113727.80,108271.30,113727.80,125960708096.00,1619114196992.00,5.84%,5.08%,多头区间
2020-07-14,113416.90,115928.30,112797.10,115044.00,127095840768.00,1642031874048.00,1.16%,2.75%,多头区间
2020-07-15,115363.60,116328.30,113121.30,113305.00,115346071552.00,1503004196864.00,-1.51%,2.79%,多头区间
2020-07-16,113312.90,114929.30,107965.40,108386.60,109852606464.00,1408275447808.00,-4.34%,6.15%,空头区间
2020-07-17,108917.00,111326.30,107030.10,107440.80,82697674752.00,1059767910400.00,-0.87%,3.96%,空头区间
2020-07-20,109078.20,111194.40,108733.50,110517.40,90344136704.00,1134768029696.00,2.86%,2.29%,空头区间
2020-07-21,110878.30,112625.20,109545.10,109706.30,82399428608.00,1052796059648.00,-0.73%,2.79%,空头区间
2020-07-22,109470.20,112638.30,109338.30,109921.70,88374083584.00,1133692059648.00,0.20%,3.01%,空头区间
2020-07-23,108830.80,111005.60,108452.40,109905.60,92537872384.00,1188091920384.00,-0.01%,2.32%,空头区间
2020-07-24,109160.10,110189.70,104744.30,105080.30,98246189056.00,1275812642816.00,-4.39%,4.95%,空头区间
2020-07-27,106029.50,106867.70,102789.70,103454.60,69102592000.00,888750145536.00,-1.55%,3.88%,空头区间
2020-07-28,104683.50,105389.20,101841.40,102515.80,67341852672.00,863891095552.00,-0.91%,3.43%,空头区间
2020-07-29,101971.70,105121.90,101971.70,104492.30,75490344960.00,998047023104.00,1.93%,3.07%,空头区间
2020-07-30,104819.30,106126.10,103239.10,103433.10,80339730432.00,1042914672640.00,-1.01%,2.76%,空头区间
2020-07-31,103525.10,106509.30,103525.10,104642.70,83095928832.00,1086493818880.00,1.17%,2.89%,空头区间
2020-08-03,104669.00,108786.60,104669.00,108241.70,96593338368.00,1266900271104.00,3.44%,3.93%,多头区间
2020-08-04,108308.80,110158.60,107649.00,108038.00,100153606144.00,1317452906496.00,-0.19%,2.32%,多头区间
2020-08-05,108071.60,109905.70,107871.00,108729.80,88119025664.00,1144723996672.00,0.64%,1.88%,多头区间
2020-08-06,108783.40,109754.40,108079.30,108896.40,94215454720.00,1240817991680.00,0.15%,1.54%,多头区间
2020-08-07,108369.40,109368.40,106355.30,107634.60,90688413696.00,1211936145408.00,-1.16%,2.77%,多头区间
2020-08-10,106995.20,109005.10,106995.20,107066.50,82762735616.00,1113741197312.00,-0.53%,1.87%,多头区间
2020-08-11,107092.30,108727.90,104309.00,104519.10,86166298624.00,1095466221568.00,-2.38%,4.13%,空头区间
2020-08-12,104095.90,104419.50,101435.40,102571.70,82191654912.00,1040827613184.00,-1.86%,2.86%,空头区间
2020-08-13,103064.40,103591.30,100474.80,100521.80,72292704256.00,843603378176.00,-2.00%,3.04%,空头区间
2020-08-14,100093.90,101701.80,98826.60,99468.90,69005664256.00,819711115264.00,-1.05%,2.86%,空头区间
2020-08-17,99989.70,102786.30,99989.70,102125.30,91553570816.00,1115142094848.00,2.67%,2.81%,空头区间
2020-08-18,102220.20,103761.90,101762.00,102223.20,84722761728.00,1044259340288.00,0.10%,1.96%,空头区间
2020-08-19,101861.90,102427.10,99449.50,99614.50,87698989056.00,1045371486208.00,-2.55%,2.91%,空头区间
2020-08-20,98568.00,100150.90,96284.60,96612.90,71832911872.00,839410188288.00,-3.01%,3.88%,空头区间
2020-08-21,97475.10,98490.70,94848.40,95559.80,66611159040.00,816349315072.00,-1.09%,3.77%,空头区间
2020-08-24,96167.60,96993.60,95255.60,95444.20,67133800448.00,866806267904.00,-0.12%,1.82%,空头区间
2020-08-25,95605.80,96699.30,93943.40,94280.20,72818835456.00,913497522176.00,-1.22%,2.89%,空头区间
2020-08-26,94108.10,95014.40,91609.60,91845.50,75261362176.00,942754758656.00,-2.58%,3.61%,空头区间
2020-08-27,92089.40,92656.00,90877.60,91317.80,64557088768.00,805002412032.00,-0.57%,1.94%,空头区间
2020-08-28,91030.00,92369.00,91030.00,92369.00,70623109120.00,913307992064.00,1.15%,1.47%,空头区间
2020-08-31,93570.00,95321.50,92804.30,92850.80,76914442240.00,1002539188224.00,0.52%,2.73%,空头区间
2020-09-01,92647.50,93500.00,91687.00,92297.50,64124243968.00,826337918976.00,-0.60%,1.95%,空头区间
2020-09-02,92551.50,93164.00,91907.00,92123.80,77332209664.00,940255150080.00,-0.19%,1.36%,空头区间
2020-09-03,91881.30,93016.80,90329.70,90723.90,73240813568.00,910916321280.00,-1.52%,2.92%,空头区间
2020-09-04,88932.70,90836.50,88932.70,89298.50,65326665728.00,808763719680.00,-1.57%,2.10%,空头区间
2020-09-07,89424.50,90536.80,87240.10,87811.10,79550726144.00,984369594368.00,-1.67%,3.69%,空头区间
2020-09-08,88089.70,88679.30,87136.20,87942.80,79996461056.00,897185284096.00,0.15%,1.76%,空头区间
2020-09-09,86775.10,87935.80,85417.10,85477.60,98170331136.00,1006567751680.00,-2.80%,2.86%,空头区间
2020-09-10,86261.20,86511.10,82376.20,82644.60,83711279104.00,849606934528.00,-3.31%,4.84%,空头区间
2020-09-11,82274.90,83678.20,82017.90,82300.50,60128325632.00,663988535296.00,-0.42%,2.01%,空头区间
2020-09-14,82870.90,84398.90,81906.90,82384.00,62839488512.00,744789114880.00,0.10%,3.03%,空头区间
2020-09-15,82312.10,83106.40,81320.10,81372.00,58448048128.00,702794366976.00,-1.23%,2.17%,空头区间
2020-09-16,81080.80,81569.50,79087.00,79209.30,54912454656.00,663369678848.00,-2.66%,3.05%,空头区间
2020-09-17,78888.80,79281.80,77991.50,78254.00,54804066304.00,716861341696.00,-1.21%,1.63%,空头区间
2020-09-18,78269.30,79353.10,78191.30,79353.10,64168656896.00,805201641472.00,1.40%,1.48%,空头区间
2020-09-21,79799.00,80793.50,78279.10,78298.60,57759711232.00,727281958912.00,-1.33%,3.17%,空头区间
2020-09-22,77574.40,78761.60,75937.10,76189.50,55866302464.00,674853945344.00,-2.69%,3.61%,空头区间
2020-09-23,76304.70,76843.30,75245.80,75392.90,48093458432.00,629885698048.00,-1.05%,2.10%,空头区间
2020-09-24,74732.30,75036.10,72477.20,72492.20,54543134720.00,654207746048.00,-3.85%,3.39%,空头区间
2020-09-25,72889.20,73183.80,70581.30,70707.90,43348021248.00,549245747200.00,-2.46%,3.59%,空头区间
2020-09-28,71009.40,71245.60,68528.50,68551.60,40254050304.00,517510627328.00,-3.05%,3.84%,空头区间
2020-09-29,69027.40,69766.00,67688.60,67720.40,39999721472.00,523653873664.00,-1.21%,3.03%,空头区间
2020-09-30,67934.90,68310.40,66194.70,66358.70,40144175104.00,519597555712.00,-2.01%,3.12%,空头区间
2020-10-09,67857.50,69335.00,67734.50,68449.00,50100097024.00,686270251008.00,3.15%,2.41%,空头区间
2020-10-12,69180.60,72596.20,69152.80,72596.20,68670275584.00,935770652672.00,6.06%,5.03%,多头区间
2020-10-13,72295.80,73578.30,72263.60,73310.00,58085969920.00,806879690752.00,0.98%,1.81%,多头区间
2020-10-14,73066.90,74202.50,72816.80,73029.30,57694015488.00,801740619776.00,-0.38%,1.89%,多头区间
2020-10-15,73117.00,73922.60,72142.30,72192.80,54189957120.00,736939999232.00,-1.15%,2.44%,多头区间
2020-10-16,72281.20,72856.00,71284.10,71526.70,51452981248.00,685784236032.00,-0.92%,2.18%,多头区间
2020-10-19,72158.20,73053.40,70658.90,70800.50,53759893504.00,713357918208.00,-1.02%,3.35%,多头区间
2020-10-20,70570.60,71170.40,70474.00,70865.70,47754121216.00,645062262784.00,0.09%,0.98%,多头区间
2020-10-21,70789.20,71231.10,69400.90,69504.70,49130209280.00,682986569728.00,-1.92%,2.58%,多头区间
2020-10-22,69026.30,69568.50,68419.10,68460.40,46405943296.00,642002583552.00,-1.50%,1.65%,多头区间
2020-10-23,68501.60,69123.60,66614.20,66818.10,47258972160.00,663588503552.00,-2.40%,3.67%,空头区间
2020-10-26,66549.50,67907.20,66245.70,66475.00,44045750272.00,614964723712.00,-0.51%,2.49%,空头区间
2020-10-27,66261.50,67265.50,65920.50,66046.50,43368189952.00,611887742976.00,-0.64%,2.02%,空头区间
2020-10-28,66009.20,66848.80,66009.20,66607.90,49262063616.00,708651450368.00,0.85%,1.27%,空头区间
2020-10-29,65578.90,67725.40,65578.90,67244.30,51375706112.00,753302175744.00,0.96%,3.22%,空头区间
2020-10-30,67485.40,68370.80,66940.20,67223.00,59922395136.00,835300687872.00,-0.03%,2.13%,空头区间
2020-11-02,67496.60,69037.30,67431.70,68831.00,56033091584.00,783204679680.00,2.39%,2.39%,空头区间
2020-11-03,69228.00,71226.60,69107.10,70493.40,55046115328.00,755848249344.00,2.42%,3.08%,多头区间
2020-11-04,70512.10,71519.00,70424.20,70538.50,49706848256.00,705447460864.00,0.06%,1.55%,多头区间
2020-11-05,71518.40,72853.90,71461.70,72853.90,58737135616.00,832148996096.00,3.28%,1.97%,多头区间
2020-11-06,73062.20,73958.80,72783.40,73267.20,59624235008.00,852069842944.00,0.57%,1.61%,多头区间
2020-11-09,74031.50,77760.50,74031.50,77632.80,73910697984.00,1037662945280.00,5.96%,5.09%,多头区间
2020-11-10,77644.00,79364.00,77524.10,78118.50,66679238656.00,947070697472.00,0.63%,2.37%,多头区间
2020-11-11,77678.40,78690.20,77029.80,77105.20,61575024640.00,836740972544.00,-1.30%,2.13%,多头区间
2020-11-12,77428.10,78175.60,76373.20,76634.70,51434283008.00,684517228544.00,-0.61%,2.34%,多头区间
2020-11-13,76363.00,77249.70,75646.70,75939.20,51983613952.00,703368331264.00,-0.91%,2.09%,多头区间
2020-11-16,76010.90,77349.30,76010.90,76856.20,61044559872.00,774514278400.00,1.21%,1.76%,多头区间
2020-11-17,76811.00,77457.90,76179.20,76768.40,63934349312.00,826455752704.00,-0.11%,1.66%,多头区间
2020-11-18,76721.20,77930.50,76675.90,77137.90,62925651968.00,795087994880.00,0.48%,1.63%,多头区间
2020-11-19,76869.90,78138.50,76820.00,77240.30,59511140352.00,751059206144.00,0.13%,1.71%,多头区间
2020-11-20,77139.40,78297.60,77139.40,77455.20,58545164288.00,727298539520.00,0.28%,1.50%,多头区间
2020-11-23,77655.20,79988.10,77595.00,79490.70,76948987904.00,927791382528.00,2.63%,3.09%,多头区间
2020-11-24,79322.20,80581.70,79246.40,79408.40,65086750720.00,802447360000.00,-0.10%,1.68%,多头区间
2020-11-25,79602.90,80344.70,78414.70,78448.80,68532613120.00,836556619776.00,-1.21%,2.43%,多头区间
2020-11-26,78382.40,78874.40,77294.50,77585.90,56914026496.00,711362412544.00,-1.10%,2.01%,多头区间
2020-11-27,77601.30,78271.90,76622.20,77305.20,58611953664.00,704347242496.00,-0.36%,2.13%,多头区间
2020-11-30,77527.90,79791.30,77471.50,78453.40,75083644928.00,925003481088.00,1.49%,3.00%,多头区间
2020-12-01,78303.50,80282.00,78289.20,80282.00,68158857216.00,842280665088.00,2.33%,2.54%,多头区间
2020-12-02,80322.60,81677.60,80312.90,80754.80,69412880384.00,849879105536.00,0.59%,1.70%,多头区间
2020-12-03,80620.30,81434.20,80352.90,80391.30,66757095424.00,801312145408.00,-0.45%,1.34%,多头区间
2020-12-04,80138.20,80918.80,79873.30,80056.30,57053827072.00,725210103808.00,-0.42%,1.30%,多头区间
2020-12-07,80202.40,81191.10,79335.60,79408.40,56716492800.00,741321080832.00,-0.81%,2.32%,多头区间
2020-12-08,79553.90,80234.50,78565.70,78635.80,51503112192.00,677351718912.00,-0.97%,2.10%,多头区间
2020-12-09,78737.50,79240.40,77070.90,77169.10,59201331200.00,765471031296.00,-1.87%,2.76%,多头区间
2020-12-10,76930.90,77929.00,76585.70,76662.00,53272723456.00,679427768320.00,-0.66%,1.74%,多头区间
2020-12-11,76810.60,77242.70,75413.40,76244.90,63764185088.00,798281891840.00,-0.54%,2.39%,多头区间
2020-12-14,76513.30,77548.90,76398.60,76831.30,52582219776.00,683559616512.00,0.77%,1.51%,多头区间
2020-12-15,76597.50,77711.20,76350.40,76425.00,50534100992.00,682320396288.00,-0.53%,1.77%,多头区间
2020-12-16,76484.20,76891.40,75373.30,75475.20,51272658944.00,667223785472.00,-1.24%,1.99%,多头区间
2020-12-17,75410.60,76760.00,75410.60,76583.10,60037001216.00,763430633472.00,1.47%,1.79%,多头区间
2020-12-18,76610.70,77773.10,76267.30,76417.60,58863202304.00,744403632128.00,-0.22%,1.97%,多头区间
2020-12-21,76544.70,78769.40,76544.70,78474.70,62192660480.00,833499889664.00,2.69%,2.91%,多头区间
2020-12-22,78095.20,79541.90,77849.10,78053.30,70269779968.00,926925848576.00,-0.54%,2.16%,多头区间
2020-12-23,78301.50,80322.00,78301.50,79892.10,66235461632.00,899387752448.00,2.36%,2.59%,多头区间
2020-12-24,79651.30,80939.90,78884.20,78937.20,62579146752.00,795806138368.00,-1.20%,2.57%,多头区间
2020-12-25,78510.50,79966.70,78510.50,79519.60,62733635584.00,766950768640.00,0.74%,1.84%,多头区间
2020-12-28,79664.80,81223.60,79664.80,79999.30,68376506368.00,852057128960.00,0.60%,1.96%,多头区间
2020-12-29,79985.20,81107.80,79083.40,79121.70,67804569600.00,833678934016.00,-1.10%,2.53%,多头区间
2020-12-30,79149.00,81211.90,79149.00,80441.90,63725740032.00,813908557824.00,1.67%,2.61%,多头区间
2020-12-31,80799.00,83248.50,80799.00,82864.20,70193815552.00,925201203200.00,3.01%,3.05%,多头区间
2021-01-04,83335.60,87329.00,83335.60,87262.30,80954957824.00,1125011947520.00,5.31%,4.82%,多头区间
2021-01-05,86844.80,90883.40,86844.80,90883.40,85994979328.00,1227574214656.00,4.15%,4.63%,多头区间
2021-01-06,91219.10,93064.00,91219.10,92445.30,79675736064.00,1130788028416.00,1.72%,2.03%,多头区间
2021-01-07,92283.50,94717.70,92283.50,94717.70,86722822144.00,1174628990976.00,2.46%,2.63%,多头区间
2021-01-08,94956.90,96952.90,94739.90,95593.80,75933278208.00,1096632762368.00,0.92%,2.34%,多头区间
2021-01-11,95771.30,98061.10,95158.40,95634.60,79536062464.00,1174162112512.00,0.04%,3.04%,多头区间
2021-01-12,95269.50,98398.40,95269.50,98397.60,70482427904.00,1060658675712.00,2.89%,3.27%,多头区间
2021-01-13,98463.80,100704.20,98463.80,99184.30,81420304384.00,1200188555264.00,0.80%,2.28%,多头区间
2021-01-14,98567.30,100604.90,98033.50,98233.50,73546620928.00,1080374067200.00,-0.96%,2.59%,多头区间
2021-01-15,98129.80,99948.30,97668.20,98474.40,68249698304.00,999954448384.00,0.25%,2.32%,多头区间
2021-01-18,98199.30,100867.70,98199.30,99987.10,65883770880.00,957862313984.00,1.54%,2.71%,多头区间
2021-01-19,100101.20,101390.20,98505.00,98860.00,71226359808.00,1004740476928.00,-1.13%,2.89%,多头区间
2021-01-20,98953.10,100796.90,98879.70,99148.10,60705705984.00,883627327488.00,0.29%,1.94%,多头区间
2021-01-21,99398.60,101991.80,99398.60,101078.00,73229910016.00,1051710652416.00,1.95%,2.62%,多头区间
2021-01-22,101097.50,102428.10,101097.50,101841.10,71430127616.00,1072675946496.00,0.75%,1.32%,多头区间
2021-01-25,101825.10,104562.60,101825.10,103129.20,72398127104.00,1165010010112.00,1.26%,2.69%,多头区间
2021-01-26,102353.30,103808.80,100556.50,100605.80,62295150592.00,979780960256.00,-2.45%,3.15%,空头区间
2021-01-27,100672.10,101365.30,99646.30,99912.50,59734290432.00,892496969728.00,-0.69%,1.71%,空头区间
2021-01-28,98324.80,99962.50,96005.20,96216.70,62016831488.00,887167647744.00,-3.70%,3.96%,空头区间
2021-01-29,96227.60,97429.00,93315.70,94705.20,65693339648.00,921812205568.00,-1.57%,4.28%,空头区间
2021-02-01,94684.60,96380.00,94428.10,94540.10,60928397312.00,827835088896.00,-0.17%,2.06%,空头区间
2021-02-02,95055.00,96306.70,94933.70,95405.20,58900647936.00,873254617088.00,0.92%,1.45%,空头区间
2021-02-03,95253.80,96574.40,94140.80,94258.70,63954956288.00,923247050752.00,-1.20%,2.55%,空头区间
2021-02-04,93593.60,95048.80,92365.50,92932.10,64686837760.00,914237489152.00,-1.41%,2.85%,空头区间
2021-02-05,93451.90,94417.70,91098.10,91141.50,60520038400.00,864558841856.00,-1.93%,3.57%,空头区间
2021-02-08,91696.20,93234.90,91267.00,91428.30,52861833216.00,782250803200.00,0.31%,2.16%,空头区间
2021-02-09,91990.80,93998.50,91990.80,93308.50,54337748992.00,811258478592.00,2.06%,2.20%,空头区间
2021-02-10,93593.00,94931.00,93593.00,94145.00,53590765568.00,847391817728.00,0.90%,1.43%,空头区间
2021-02-18,96546.50,97626.40,95663.80,95855.00,70323314688.00,1053789913088.00,1.82%,2.08%,空头区间
2021-02-19,95366.70,97435.70,95366.70,97340.80,74592018432.00,1015776477184.00,1.55%,2.16%,空头区间
2021-02-22,97636.40,100505.30,97576.80,98327.20,98123595776.00,1261259456512.00,1.01%,3.01%,空头区间
2021-02-23,97548.80,99915.90,97548.80,98064.10,79450169344.00,995321380864.00,-0.27%,2.41%,空头区间
2021-02-24,98143.10,99132.50,95720.70,96647.20,74709139456.00,1035525881856.00,-1.44%,3.48%,空头区间
2021-02-25,97879.70,98396.40,95802.50,96076.40,72005410816.00,908211126272.00,-0.59%,2.68%,空头区间
2021-02-26,93766.80,96533.00,93660.00,93788.60,67268120576.00,878647115776.00,-2.38%,2.99%,空头区间
2021-03-01,94882.40,96638.10,94882.40,95473.60,65500061696.00,844972752896.00,1.80%,1.87%,空头区间
2021-03-02,95999.40,96823.20,93915.30,94225.70,69086003200.00,889057443840.00,-1.31%,3.05%,空头区间
2021-03-03,93918.90,95591.90,93918.90,95048.50,69761777664.00,834797305856.00,0.87%,1.78%,空头区间
2021-03-04,93985.20,95053.20,92129.40,92561.80,78198759424.00,941848526848.00,-2.62%,3.08%,空头区间
2021-03-05,91223.80,93848.60,91223.80,91876.00,73256951808.00,853136637952.00,-0.74%,2.84%,空头区间
2021-03-08,92793.80,94047.70,89480.00,89547.50,78472478720.00,949951922176.00,-2.53%,4.97%,空头区间
2021-03-09,89360.20,90956.80,87356.40,87810.50,82547998720.00,959936659456.00,-1.94%,4.02%,空头区间
2021-03-10,89122.40,89775.10,86629.60,86767.90,62086225920.00,729953861632.00,-1.19%,3.58%,空头区间
2021-03-11,86994.50,89548.40,86935.10,88421.60,66362155008.00,778727325696.00,1.91%,3.01%,空头区间
2021-03-12,88740.40,89178.00,87719.40,88029.00,71992401920.00,794327646208.00,-0.44%,1.65%,空头区间
2021-03-15,87365.80,88736.40,85459.30,86061.40,71499481088.00,785961189376.00,-2.24%,3.72%,空头区间
2021-03-16,86225.70,87225.00,85163.40,85477.40,66849746944.00,717617954816.00,-0.68%,2.40%,空头区间
2021-03-17,84905.40,86904.50,84780.90,84878.40,62335799296.00,693721759744.00,-0.70%,2.48%,空头区间
2021-03-18,85073.60,86265.10,84372.90,84408.70,62578896896.00,718532837376.00,-0.55%,2.23%,空头区间
2021-03-19,82963.20,84421.70,82052.20,82365.10,65657057280.00,752453681152.00,-2.42%,2.81%,空头区间
2021-03-22,82581.90,84329.70,82505.10,82885.60,67166744576.00,741979062272.00,0.63%,2.22%,空头区间
2021-03-23,82870.80,83330.20,80747.10,81094.90,69975097344.00,769149960192.00,-2.16%,3.12%,空头区间
2021-03-24,80466.70,81497.90,79213.30,79284.10,67031486464.00,743786610688.00,-2.23%,2.82%,空头区间
2021-03-25,78942.40,80419.00,78073.60,78090.90,60403163136.00,658444845056.00,-1.50%,2.96%,空头区间
2021-03-26,78502.30,79977.50,78502.30,79388.00,61046423552.00,729391693824.00,1.66%,1.89%,空头区间
2021-03-29,79697.60,81143.90,79090.30,79175.90,62794850304.00,739516809216.00,-0.27%,2.59%,空头区间
2021-03-30,78886.00,80269.20,78813.30,79015.10,62639919104.00,730992607232.00,-0.20%,1.84%,空头区间
2021-03-31,78989.70,79380.80,77666.10,77714.40,58719965184.00,669554376704.00,-1.65%,2.17%,空头区间
2021-04-01,77735.90,78819.40,77357.00,77391.20,57425924096.00,636131409920.00,-0.42%,1.88%,空头区间
2021-04-02,77654.60,78837.00,77225.50,77406.90,57320919040.00,688724508672.00,0.02%,2.08%,空头区间
2021-04-06,77800.60,78650.50,76682.00,76719.30,53678260224.00,638935236608.00,-0.89%,2.54%,空头区间
2021-04-07,76747.20,77337.60,76310.10,76483.10,64475406336.00,718726103040.00,-0.31%,1.34%,空头区间
2021-04-08,76130.40,77309.70,76013.80,76065.20,69841567744.00,743557693440.00,-0.55%,1.69%,空头区间
2021-04-09,75811.10,76532.80,74813.20,74905.90,60621000704.00,673271054336.00,-1.52%,2.26%,空头区间
2021-04-12,74855.70,75648.40,73368.20,73670.70,66337128448.00,753695784960.00,-1.65%,3.04%,空头区间
2021-04-13,73588.70,74790.50,72578.50,72761.70,59798360064.00,653058441216.00,-1.23%,3.00%,空头区间
2021-04-14,72866.80,73968.40,72865.30,73039.50,55872069632.00,635539292160.00,0.38%,1.52%,空头区间
2021-04-15,72754.90,73367.90,72021.80,72133.10,56472121344.00,642090598400.00,-1.24%,1.84%,空头区间
2021-04-16,72314.20,73128.20,72314.20,72424.90,60382658560.00,669797449728.00,0.40%,1.13%,空头区间
2021-04-19,72438.20,75136.30,72398.60,75070.70,68160954368.00,831513952256.00,3.65%,3.78%,多头区间
2021-04-20,74829.10,76646.40,74829.10,75547.70,65574076416.00,813101678592.00,0.64%,2.42%,多头区间
2021-04-21,75173.80,76383.00,75173.80,75398.60,58320244736.00,717132857344.00,-0.20%,1.60%,多头区间
2021-04-22,75873.10,76693.60,75349.70,75531.80,56967544832.00,713493774336.00,0.18%,1.78%,多头区间
2021-04-23,75481.70,76926.00,75481.20,75812.10,58421104640.00,751559639040.00,0.37%,1.91%,多头区间
2021-04-26,76144.50,78165.50,76144.50,76509.70,64506638336.00,870658932736.00,0.92%,2.67%,多头区间
2021-04-27,76442.10,77102.40,76089.60,76302.30,58025000960.00,736035864576.00,-0.27%,1.32%,多头区间
2021-04-28,76133.80,77869.60,76071.60,77156.10,55767519232.00,754816778240.00,1.12%,2.36%,多头区间
2021-04-29,77217.70,78534.50,77177.20,77478.30,59207413760.00,790613196800.00,0.42%,1.76%,多头区间
2021-04-30,77409.30,78930.90,77409.30,78159.90,64092114944.00,831542853632.00,0.88%,1.96%,多头区间
2021-05-06,78315.00,79947.60,78315.00,78749.00,64595554304.00,845735854080.00,0.75%,2.09%,多头区间
2021-05-07,79053.70,80098.70,78360.90,78408.10,72284430336.00,855687233536.00,-0.43%,2.21%,多头区间
2021-05-10,78718.00,80326.90,78675.50,79594.50,74019422208.00,830221320192.00,1.51%,2.11%,多头区间
2021-05-11,79034.00,80423.90,79034.00,79842.60,73072459776.00,820389871616.00,0.31%,1.75%,多头区间
2021-05-12,79555.40,80971.50,79555.40,80319.50,65701326848.00,741061885952.00,0.60%,1.77%,多头区间
2021-05-13,79423.00,80968.70,79046.30,79206.90,68885323776.00,776418689024.00,-1.39%,2.39%,多头区间
2021-05-14,79661.40,81265.20,79640.50,81196.10,72481169408.00,874823680000.00,2.51%,2.05%,多头区间
2021-05-17,81225.50,83674.20,81225.50,82559.70,68411228160.00,896392364032.00,1.68%,3.02%,多头区间
2021-05-18,82573.20,83517.90,82007.80,82127.40,58360721408.00,723788693504.00,-0.52%,1.83%,多头区间
2021-05-19,81759.90,83233.90,81726.00,81782.40,60357947392.00,761020612608.00,-0.42%,1.84%,多头区间
2021-05-20,81542.70,82657.80,81404.10,81535.80,68206874624.00,832836599808.00,-0.30%,1.53%,多头区间
2021-05-21,81710.70,82387.30,80905.90,81034.20,61093748736.00,777963044864.00,-0.62%,1.82%,多头区间
2021-05-24,81107.70,82203.20,81050.50,81402.80,63038976000.00,813015564288.00,0.45%,1.42%,多头区间
2021-05-25,81666.70,84346.50,81666.70,84346.50,71543422976.00,973018300416.00,3.62%,3.29%,多头区间
2021-05-26,84404.40,86430.60,84404.40,85244.30,72645099520.00,935624245248.00,1.06%,2.40%,多头区间
2021-05-27,84927.20,86930.30,84927.20,86102.20,68424781824.00,899749314560.00,1.01%,2.35%,多头区间
2021-05-28,86466.90,88102.10,86427.80,87066.50,73561153536.00,971689492480.00,1.12%,1.94%,多头区间
2021-05-31,87500.00,89387.00,87500.00,89169.60,70081069056.00,961509720064.00,2.42%,2.17%,多头区间
2021-06-01,88910.40,90647.20,88836.30,90331.50,74472914944.00,994129412096.00,1.30%,2.03%,多头区间
2021-06-02,90403.10,91582.80,89552.30,89614.70,74593271808.00,961441169408.00,-0.79%,2.25%,多头区间
2021-06-03,89433.90,90852.60,89080.30,89120.00,72336809984.00,914248433664.00,-0.55%,1.98%,多头区间
2021-06-04,88817.70,90800.90,88817.70,89629.20,68553973760.00,898264137728.00,0.57%,2.23%,多头区间
2021-06-07,89996.80,91467.30,89983.10,90257.50,66133176320.00,906344923136.00,0.70%,1.66%,多头区间
2021-06-08,90136.70,91602.00,89454.90,89661.90,67922231296.00,940518014976.00,-0.66%,2.38%,多头区间
2021-06-09,89567.30,90721.20,89123.70,89349.90,66379472896.00,841978478592.00,-0.35%,1.78%,多头区间
2021-06-10,89341.80,91469.70,89341.80,90757.50,72455282688.00,957834788864.00,1.58%,2.38%,多头区间
2021-06-11,90958.80,92325.70,90946.70,91561.10,80207224832.00,1070569750528.00,0.89%,1.52%,多头区间
2021-06-15,92236.30,93383.90,91586.90,91732.30,74659561472.00,955137130496.00,0.19%,1.96%,多头区间
2021-06-16,91593.50,92443.40,89357.80,89483.70,68160688128.00,891192410112.00,-2.45%,3.36%,空头区间
2021-06-17,89394.50,91382.20,89394.50,90363.30,62954246144.00,841091514368.00,0.98%,2.22%,空头区间
2021-06-18,90421.00,92405.30,90323.30,91806.10,68794892288.00,960475234304.00,1.60%,2.30%,空头区间
2021-06-21,91559.00,94299.90,91559.00,93033.60,67947503616.00,962753789952.00,1.34%,2.99%,空头区间
2021-06-22,93706.30,94834.40,93529.20,93961.00,71243489280.00,958432935936.00,1.00%,1.40%,空头区间
2021-06-23,93867.20,95873.70,93830.40,95104.80,70868598784.00,1012569800704.00,1.22%,2.17%,空头区间
2021-06-24,95048.00,96119.70,94038.50,94188.50,72107253760.00,960354320384.00,-0.96%,2.19%,空头区间
2021-06-25,94602.90,96211.20,94602.90,95775.10,73510494208.00,1004233752576.00,1.68%,1.71%,空头区间
2021-06-28,95772.30,97832.00,95772.30,96478.90,69313617920.00,962187427840.00,0.73%,2.15%,空头区间
2021-06-29,96589.60,97571.90,95384.40,95518.70,67424481280.00,945939873792.00,-1.00%,2.27%,空头区间
2021-06-30,95728.40,97270.20,95728.40,96002.80,61387276288.00,880396271616.00,0.51%,1.61%,空头区间
2021-07-01,96228.60,96870.50,94215.70,94514.50,67097411584.00,960582123520.00,-1.55%,2.77%,空头区间
2021-07-02,94139.80,95471.60,93305.50,93524.50,63963525120.00,946166956032.00,-1.05%,2.29%,空头区间
2021-07-05,93741.10,95526.50,93735.70,94836.00,64588001280.00,946581340160.00,1.40%,1.91%,空头区间
2021-07-06,95005.70,96697.30,94044.10,95314.90,70316171264.00,1055234392064.00,0.50%,2.80%,空头区间
2021-07-07,95282.00,97470.90,94429.10,97158.90,69365489664.00,993496465408.00,1.93%,3.19%,空头区间
2021-07-08,97531.60,99721.20,97531.60,98242.50,77909999616.00,1130697195520.00,1.12%,2.25%,空头区间
2021-07-09,97696.80,99625.30,97696.80,99241.10,76270821376.00,1070481342464.00,1.02%,1.96%,空头区间
2021-07-12,100263.90,103712.90,100180.30,102921.80,87830528000.00,1255861125120.00,3.71%,3.56%,多头区间
2021-07-13,102776.50,105040.70,102776.50,103986.70,82686164992.00,1160751218688.00,1.03%,2.20%,多头区间
2021-07-14,103977.20,104823.00,103030.20,103078.50,84584816640.00,1165022199808.00,-0.87%,1.72%,多头区间
2021-07-15,102612.30,104365.00,102612.30,104171.70,81477517312.00,1121307328512.00,1.06%,1.70%,多头区间
2021-07-16,104244.60,106599.90,104068.00,104176.10,79990259712.00,1129387261952.00,0.00%,2.43%,多头区间
2021-07-19,104136.90,106040.30,103743.80,103938.40,75645263872.00,1074828017664.00,-0.23%,2.20%,多头区间
2021-07-20,103074.00,105102.20,103074.00,103468.20,66769862656.00,924849930240.00,-0.45%,1.95%,多头区间
2021-07-21,104157.90,106786.80,104157.90,106214.90,78228668416.00,1155739418624.00,2.65%,2.54%,多头区间
2021-07-22,106597.40,108425.80,106597.40,108083.80,86039379968.00,1226931830784.00,1.76%,1.72%,多头区间
2021-07-23,108197.60,110438.40,108152.40,108727.40,96337371136.00,1311891390464.00,0.60%,2.12%,多头区间
2021-07-26,108490.30,110123.50,106584.70,108787.60,94160543744.00,1344791511040.00,0.06%,3.25%,多头区间
2021-07-27,108922.40,111476.40,107315.30,107722.90,97855266816.00,1432877006848.00,-0.98%,3.82%,多头区间
2021-07-28,106762.90,110046.50,104781.10,106868.50,86058549248.00,1196894584832.00,-0.79%,4.89%,多头区间
2021-07-29,109284.70,111609.20,109199.80,111161.50,77039697920.00,1173252603904.00,4.02%,2.25%,多头区间
2021-07-30,110963.50,113738.60,110898.90,112466.10,84333920256.00,1255411023872.00,1.17%,2.55%,多头区间
2021-08-02,112625.30,116572.00,112483.70,116518.40,92481667072.00,1427592839168.00,3.60%,3.64%,多头区间
2021-08-03,116494.30,118006.90,115056.70,115523.10,89464389632.00,1335249469440.00,-0.85%,2.53%,多头区间
2021-08-04,115467.40,118780.90,115467.40,118324.10,78240251904.00,1215265767424.00,2.42%,2.87%,多头区间
2021-08-05,117546.30,119815.20,117307.80,117422.30,80683237376.00,1214955913216.00,-0.76%,2.12%,多头区间
2021-08-06,118043.00,119571.20,116581.40,117051.00,76651692032.00,1148948316160.00,-0.32%,2.55%,多头区间
2021-08-09,116300.90,118187.60,116195.30,117013.50,78637391872.00,1183836667904.00,-0.03%,1.70%,多头区间
2021-08-10,116962.20,119013.50,116645.50,118148.00,80739606528.00,1277246570496.00,0.97%,2.02%,多头区间
2021-08-11,118194.90,120001.90,117977.20,118607.20,86167085056.00,1216002129920.00,0.39%,1.71%,多头区间
2021-08-12,118166.40,120447.40,118140.40,118648.40,87101718528.00,1238075047936.00,0.03%,1.95%,多头区间
2021-08-13,118075.00,120895.50,117835.40,117942.20,85530542080.00,1228021301248.00,-0.60%,2.58%,多头区间
2021-08-16,117959.80,119442.50,116472.10,116545.80,85171101696.00,1191155859456.00,-1.18%,2.52%,多头区间
2021-08-17,116453.50,117667.20,113204.30,113673.10,92070731776.00,1249704148992.00,-2.46%,3.83%,空头区间
2021-08-18,114044.90,116167.10,113796.10,114309.50,82534514688.00,1142623174656.00,0.56%,2.09%,空头区间
2021-08-19,114141.00,115971.40,114021.20,114456.00,82554691584.00,1158634799104.00,0.13%,1.71%,空头区间
2021-08-20,113615.30,115795.40,112815.90,113928.70,82085691392.00,1194838196224.00,-0.46%,2.60%,空头区间
2021-08-23,114592.30,117798.20,114592.30,116993.30,85401387008.00,1254867468288.00,2.69%,2.81%,空头区间
2021-08-24,117093.40,120191.10,117093.40,118815.30,92634251264.00,1338531905536.00,1.56%,2.65%,多头区间
2021-08-25,118865.00,120338.30,118865.00,119767.60,91363713024.00,1246751096832.00,0.80%,1.24%,多头区间
2021-08-26,119669.70,121363.80,118613.40,118787.90,100990550016.00,1307937734656.00,-0.82%,2.30%,多头区间
2021-08-27,118593.90,121026.30,118593.90,119706.30,95585230848.00,1285788663808.00,0.77%,2.05%,多头区间
2021-08-30,120241.70,123833.90,120241.70,122302.10,105175932928.00,1508781981696.00,2.17%,3.00%,多头区间
2021-08-31,121996.40,123812.00,121885.70,123495.80,104262057984.00,1419544887296.00,0.98%,1.58%,多头区间
2021-09-01,123926.60,126192.00,123225.20,124446.10,125545447424.00,1648553099264.00,0.77%,2.40%,多头区间
2021-09-02,124265.40,127489.60,124265.40,126626.50,108270469120.00,1380563681280.00,1.75%,2.59%,多头区间
2021-09-03,126700.00,129612.70,125654.00,126282.10,120019681280.00,1518463614976.00,-0.27%,3.13%,多头区间
2021-09-06,126524.40,129012.50,126478.10,128113.80,104287559680.00,1375551619072.00,1.45%,2.01%,多头区间
2021-09-07,128066.40,130666.10,127980.20,130425.70,106955235328.00,1350900645888.00,1.80%,2.10%,多头区间
2021-09-08,130331.30,132900.91,130331.30,130831.80,118646202368.00,1424270557184.00,0.31%,1.97%,多头区间
2021-09-09,130629.50,132644.61,130620.00,131227.50,116586012672.00,1384817098752.00,0.30%,1.55%,多头区间
2021-09-10,131101.70,133991.61,131068.20,132400.80,119784251392.00,1488024371200.00,0.89%,2.23%,多头区间
2021-09-13,132540.11,134321.41,132540.11,132929.70,109686931456.00,1412259905536.00,0.40%,1.35%,多头区间
2021-09-14,132500.50,135224.00,131726.41,132008.50,113192968192.00,1461174796288.00,-0.69%,2.63%,多头区间
2021-09-15,131716.30,133745.91,131348.91,131617.00,98149801984.00,1310748966912.00,-0.30%,1.82%,多头区间
2021-09-16,131867.61,133358.91,128437.80,128536.10,110826848256.00,1430318612480.00,-2.34%,3.74%,空头区间
2021-09-17,128292.00,130253.80,126697.60,127706.90,101629460480.00,1296894918656.00,-0.65%,2.77%,空头区间
2021-09-22,126040.30,128788.20,126040.30,126643.00,89955950592.00,1111659905024.00,-0.83%,2.15%,空头区间
2021-09-23,128091.60,129457.60,126348.40,126480.90,104201756672.00,1283022389248.00,-0.13%,2.46%,空头区间
2021-09-24,126187.30,127529.20,123597.80,123795.40,98782363648.00,1243844444160.00,-2.12%,3.11%,空头区间
2021-09-27,123822.90,124722.90,120776.70,120781.00,101383053312.00,1321633841152.00,-2.43%,3.19%,空头区间
2021-09-28,120534.50,122123.00,118995.70,119075.60,81911963648.00,1011274678272.00,-1.41%,2.59%,空头区间
2021-09-29,117817.20,118728.90,114085.90,114085.90,85763547136.00,1041841389568.00,-4.19%,3.90%,空头区间
2021-09-30,115105.70,116813.90,114625.60,114707.80,74227179520.00,918454075392.00,0.55%,1.92%,空头区间
2021-10-08,116451.80,116799.10,113493.10,113586.60,80248963072.00,1028729405440.00,-0.98%,2.88%,空头区间
2021-10-11,113774.80,114893.10,111271.00,111507.50,76248014848.00,960630489088.00,-1.83%,3.19%,空头区间
2021-10-12,110825.70,111573.90,107186.50,108040.00,79265087488.00,963138748416.00,-3.11%,3.93%,空头区间
2021-10-13,107629.70,108251.60,106964.70,107004.00,65891835904.00,858330628096.00,-0.96%,1.19%,空头区间
2021-10-14,106972.10,107837.60,105397.80,105399.20,63018074112.00,829767745536.00,-1.50%,2.28%,空头区间
2021-10-15,105233.50,106497.80,104735.90,104785.30,69661409280.00,950749102080.00,-0.58%,1.67%,空头区间
2021-10-18,104695.00,106268.70,104695.00,105064.90,69533097984.00,964000088064.00,0.27%,1.50%,空头区间
2021-10-19,105250.30,107188.70,105195.90,105303.00,68575711232.00,937345548288.00,0.23%,1.90%,空头区间
2021-10-20,104682.60,106670.00,104682.60,104811.10,71421591552.00,980268089344.00,-0.47%,1.89%,空头区间
2021-10-21,104905.30,106209.20,103708.20,103911.60,71762108416.00,957227008000.00,-0.86%,2.39%,空头区间
2021-10-22,104048.40,105221.70,102346.80,102402.90,72814731264.00,977022681088.00,-1.45%,2.77%,空头区间
2021-10-25,102381.20,104490.50,102376.90,103478.80,67656142848.00,972444532736.00,1.05%,2.06%,空头区间
2021-10-26,103855.60,105631.60,103044.50,103124.80,71595933696.00,1035757158400.00,-0.34%,2.50%,空头区间
2021-10-27,102712.70,104186.70,102145.00,102393.40,73955557376.00,1030289358848.00,-0.71%,1.98%,空头区间
2021-10-28,101898.20,103023.60,100218.50,100607.80,76023046144.00,1059856384000.00,-1.74%,2.74%,空头区间
2021-10-29,100756.60,102728.30,100756.60,102687.00,73012953088.00,1087162548224.00,2.07%,1.96%,空头区间
2021-11-01,102306.30,105422.10,102306.30,104158.80,78226980864.00,1167503917056.00,1.43%,3.03%,空头区间
2021-11-02,104194.10,106037.00,103452.30,104173.30,85095038976.00,1202704482304.00,0.01%,2.48%,空头区间
2021-11-03,104070.00,105540.00,103166.10,103401.30,65958469632.00,956872523776.00,-0.74%,2.28%,空头区间
2021-11-04,103884.70,105729.00,103839.10,104588.60,69544304640.00,1031697989632.00,1.15%,1.83%,空头区间
2021-11-05,104326.40,106087.60,103291.10,103339.00,79037538304.00,1102318272512.00,-1.19%,2.67%,空头区间
2021-11-08,103223.50,105261.30,103223.50,103574.20,69071626240.00,993095319552.00,0.23%,1.97%,空头区间
2021-11-09,103864.20,105046.60,103518.20,103671.60,66701152256.00,962376040448.00,0.09%,1.48%,空头区间
2021-11-10,103101.00,104193.50,102699.10,103263.60,72445501440.00,1031176585216.00,-0.39%,1.44%,空头区间
2021-11-11,103051.80,105022.20,103051.80,104310.50,76527132672.00,1065633251328.00,1.01%,1.91%,空头区间
2021-11-12,104400.00,106061.20,104400.00,104794.60,74590527488.00,1039813771264.00,0.46%,1.59%,空头区间
2021-11-15,104924.80,106132.70,104182.90,104322.10,76686458880.00,1096328282112.00,-0.45%,1.86%,空头区间
2021-11-16,104027.20,105577.70,103168.20,103388.70,75784052736.00,1060898275328.00,-0.89%,2.31%,空头区间
2021-11-17,103690.40,105626.00,103690.40,104369.50,70442156032.00,985323732992.00,0.95%,1.87%,空头区间
2021-11-18,104167.00,105332.20,103820.50,103860.30,78103937024.00,1067113775104.00,-0.49%,1.45%,空头区间
2021-11-19,103791.00,105284.50,103791.00,104973.20,77022625792.00,1060186095616.00,1.07%,1.44%,空头区间
2021-11-22,105078.00,108081.00,105078.00,107553.90,79540256768.00,1187025780736.00,2.46%,2.86%,空头区间
2021-11-23,107474.70,109468.60,107474.70,108005.90,82961809408.00,1165818986496.00,0.42%,1.85%,空头区间
2021-11-24,108009.50,109433.20,107928.20,108091.00,80413032448.00,1142382395392.00,0.08%,1.39%,空头区间
2021-11-25,108125.40,109250.90,107156.40,107246.40,74329251840.00,1057236320256.00,-0.78%,1.94%,空头区间
2021-11-26,106930.10,108717.10,106707.30,106736.60,73274277888.00,1046305439744.00,-0.48%,1.87%,空头区间
2021-11-29,105339.10,108762.90,105339.10,107544.00,75815428096.00,1111609442304.00,0.76%,3.21%,空头区间
2021-11-30,108196.70,109684.80,107440.10,108158.00,81094000640.00,1158820528128.00,0.57%,2.09%,空头区间
2021-12-01,108005.90,109484.70,107985.80,108180.10,78081654784.00,1088169639936.00,0.02%,1.39%,空头区间
2021-12-02,107979.00,109375.20,107149.50,107252.80,82321195008.00,1099901960192.00,-0.86%,2.06%,空头区间
2021-12-03,107457.50,108920.00,107457.50,108037.90,80247480320.00,1085789831168.00,0.73%,1.36%,空头区间
2021-12-06,108149.00,109929.00,107115.90,107278.20,87665532928.00,1150586060800.00,-0.70%,2.60%,空头区间
2021-12-07,108043.80,108549.30,106343.50,106916.80,84483350528.00,1149770792960.00,-0.34%,2.06%,空头区间
2021-12-08,107375.00,109469.10,107312.40,108631.80,76162064384.00,1057838989312.00,1.60%,2.02%,空头区间
2021-12-09,108844.70,111149.90,108844.70,110407.60,89391529984.00,1213097181184.00,1.63%,2.12%,空头区间
2021-12-10,109737.20,111993.00,109737.20,111277.50,86312910848.00,1170030723072.00,0.79%,2.04%,空头区间
2021-12-13,111985.60,114343.20,111981.30,112898.70,89023414272.00,1217820098560.00,1.46%,2.12%,空头区间
2021-12-14,112457.30,113995.60,111969.90,112161.90,81537212416.00,1093986877440.00,-0.65%,1.79%,空头区间
2021-12-15,112001.10,113508.90,111084.70,111308.60,84394295296.00,1082932461568.00,-0.76%,2.16%,空头区间
2021-12-16,111666.60,113041.70,111377.20,111606.00,84794818560.00,1067773263872.00,0.27%,1.50%,空头区间
2021-12-17,111500.70,112459.10,109844.10,109963.80,90404446208.00,1111888625664.00,-1.47%,2.34%,空头区间
2021-12-20,109633.00,110893.90,107790.70,107884.60,92015951872.00,1108552974336.00,-1.89%,2.82%,空头区间
2021-12-21,107990.60,109462.20,107791.50,107926.60,88127225856.00,960751730688.00,0.04%,1.55%,空头区间
2021-12-22,108288.60,109709.40,107605.70,107670.50,91842969600.00,1021153378304.00,-0.24%,1.95%,空头区间
2021-12-23,107818.70,109073.80,107404.30,107518.60,86792880128.00,1037855293440.00,-0.14%,1.55%,空头区间
2021-12-24,107633.00,108284.50,105709.40,105731.30,88961630208.00,1087672483840.00,-1.66%,2.40%,空头区间
2021-12-27,105787.60,107390.40,104567.20,104758.30,75858558976.00,937326673920.00,-0.92%,2.67%,空头区间
2021-12-28,105022.90,106075.90,104450.40,104751.80,74135314432.00,963806232576.00,-0.01%,1.55%,空头区间
2021-12-29,104692.70,105819.90,103430.70,103461.50,72278990848.00,960150241280.00,-1.23%,2.28%,空头区间
2021-12-30,103603.60,105563.70,103603.60,103848.70,75514585088.00,972851445760.00,0.37%,1.89%,空头区间
2021-12-31,104374.90,105759.80,104119.50,104224.40,79008153600.00,1013604155392.00,0.36%,1.58%,空头区间
2022-01-04,104845.80,106152.10,104845.80,105566.90,96568918016.00,1212798992384.00,1.29%,1.25%,空头区间
2022-01-05,105385.40,106302.20,104919.40,105196.60,99813834752.00,1253631066112.00,-0.35%,1.31%,空头区间
2022-01-06,104475.40,106632.80,104475.40,105759.20,87659847680.00,1090982510592.00,0.53%,2.05%,空头区间
2022-01-07,105828.20,107051.30,104764.90,104910.10,98863882240.00,1159012286464.00,-0.80%,2.16%,空头区间
2022-01-10,104886.30,107006.50,104636.10,105097.90,81047805952.00,1001835003904.00,0.18%,2.26%,空头区间
2022-01-11,105090.80,106230.10,103538.90,103752.20,82681135104.00,1006838087680.00,-1.28%,2.56%,空头区间
2022-01-12,104293.60,105971.90,104293.60,104956.10,79996018688.00,1006176567296.00,1.16%,1.62%,空头区间
2022-01-13,105045.20,106029.50,103236.90,103265.60,85588590592.00,1041827102720.00,-1.61%,2.66%,空头区间
2022-01-14,102865.20,105106.40,102865.20,103500.10,87301046272.00,1045995716608.00,0.23%,2.17%,空头区间
2022-01-17,103485.10,105963.00,103485.10,104904.20,80731201536.00,1052430434304.00,1.36%,2.39%,空头区间
2022-01-18,104886.60,106622.20,104655.80,104839.40,91451465728.00,1133279707136.00,-0.06%,1.87%,空头区间
2022-01-19,104571.30,106196.60,103568.20,103817.80,80752803840.00,1016448483328.00,-0.97%,2.51%,空头区间
2022-01-20,103898.80,104838.40,102570.00,102696.50,88720498688.00,1079358128128.00,-1.08%,2.18%,空头区间
2022-01-21,102273.80,103522.30,100351.20,100459.70,75625529344.00,938315218944.00,-2.18%,3.09%,空头区间
2022-01-24,99734.90,101369.00,99281.60,99373.90,64474533888.00,822399074304.00,-1.08%,2.08%,空头区间
2022-01-25,98980.20,99631.60,95235.90,95282.50,76463464448.00,894573543424.00,-4.12%,4.42%,空头区间
2022-01-26,96029.70,96726.90,94115.10,94374.20,61098934272.00,750153236480.00,-0.95%,2.74%,空头区间
2022-01-27,94301.50,94634.20,90572.70,90653.20,64223907840.00,780815171584.00,-3.94%,4.30%,空头区间
2022-01-28,91471.00,91826.80,89528.50,89683.00,64010960896.00,781524336640.00,-1.07%,2.54%,空头区间
2022-02-07,91376.40,92608.20,89989.30,90234.70,68347838464.00,789043544064.00,0.62%,2.92%,空头区间
2022-02-08,89975.50,91181.40,89201.40,90473.60,75159044096.00,843644076032.00,0.26%,2.19%,空头区间
2022-02-09,90384.40,92426.20,90363.20,92008.80,77160669184.00,895151374336.00,1.70%,2.28%,空头区间
2022-02-10,91998.70,93259.00,91332.30,91690.40,75514847232.00,895530958848.00,-0.35%,2.09%,空头区间
2022-02-11,91046.00,92772.60,90425.50,90612.40,79367569408.00,953460195328.00,-1.18%,2.56%,空头区间
2022-02-14,89984.40,92254.80,89221.70,89633.90,70010585088.00,833209171968.00,-1.08%,3.35%,空头区间
2022-02-15,89799.40,91262.00,89487.50,89849.70,63917367296.00,792754257920.00,0.24%,1.98%,空头区间
2022-02-16,90579.90,91842.80,89389.10,89554.80,64291708928.00,774714490880.00,-0.33%,2.73%,空头区间
2022-02-17,89193.60,90802.40,89193.60,89472.20,71884070912.00,874572611584.00,-0.09%,1.80%,空头区间
2022-02-18,88786.40,90512.10,88786.40,89012.50,67670925312.00,777496756224.00,-0.51%,1.93%,空头区间
2022-02-21,89190.40,90414.70,89190.40,89516.60,74153435136.00,867249946624.00,0.57%,1.38%,空头区间
2022-02-22,88949.00,90257.90,88746.00,89124.60,77503684608.00,943272099840.00,-0.44%,1.69%,空头区间
2022-02-23,89440.10,91576.80,89440.10,91320.60,77016678400.00,994781888512.00,2.46%,2.40%,空头区间
2022-02-24,90644.90,92806.10,90638.40,92364.60,110539235328.00,1311038504960.00,1.14%,2.37%,空头区间
2022-02-25,93513.40,95834.20,93399.40,93561.40,80302374912.00,972235407360.00,1.30%,2.64%,空头区间
2022-02-28,93586.00,95064.40,93490.40,93823.20,73339600896.00,898735144960.00,0.28%,1.68%,空头区间
2022-03-01,93874.60,95505.90,93874.60,94102.30,71617314816.00,926331371520.00,0.30%,1.74%,空头区间
2022-03-02,93627.60,94802.80,93246.70,93284.00,72214601728.00,861576495104.00,-0.87%,1.65%,空头区间
2022-03-03,93720.60,94615.00,92809.40,92933.10,85571223552.00,970555392000.00,-0.38%,1.94%,空头区间
2022-03-04,92175.40,94186.10,91555.20,91884.60,83366199296.00,966136365056.00,-1.13%,2.83%,空头区间
2022-03-07,91603.10,92835.00,90218.30,90745.30,81529675776.00,982369173504.00,-1.24%,2.85%,空头区间
2022-03-08,90734.10,91726.90,89056.10,89295.90,89135194112.00,1062270599168.00,-1.60%,2.94%,空头区间
2022-03-09,89758.50,90801.90,86054.80,90398.50,97589714944.00,1112661032960.00,1.23%,5.32%,空头区间
2022-03-10,92575.60,94673.70,92458.80,92886.00,82505392128.00,1028469293056.00,2.75%,2.45%,空头区间
2022-03-11,91364.60,93997.10,91321.20,93869.80,81958322176.00,997420957696.00,1.06%,2.88%,空头区间
2022-03-14,92912.90,94931.80,91033.80,91042.00,73964306432.00,920630722560.00,-3.01%,4.15%,空头区间
2022-03-15,89790.60,92561.40,88249.60,88266.30,94470184960.00,1073989615616.00,-3.05%,4.74%,空头区间
2022-03-16,89926.00,93576.30,88019.40,93421.50,94301552640.00,1137560256512.00,5.84%,6.30%,多头区间
2022-03-17,94817.40,98785.70,94749.40,96820.70,93880819712.00,1216374505472.00,3.64%,4.32%,多头区间
2022-03-18,96141.00,97870.80,96141.00,97144.10,81589960704.00,947723239424.00,0.33%,1.79%,多头区间
2022-03-21,97295.40,99522.60,97295.40,97661.20,81705000960.00,968434647040.00,0.53%,2.29%,多头区间
2022-03-22,97360.00,98515.60,96078.70,96388.20,81522614272.00,922971078656.00,-1.30%,2.50%,多头区间
2022-03-23,96629.20,97800.40,95701.80,95767.10,79124267008.00,905146793984.00,-0.64%,2.18%,多头区间
2022-03-24,95261.80,96150.00,94124.20,94238.20,76123332608.00,883519586304.00,-1.60%,2.12%,多头区间
2022-03-25,94238.50,95249.50,92048.60,92057.80,76947070976.00,884536901632.00,-2.31%,3.40%,空头区间
2022-03-28,91425.50,93156.20,90394.00,90754.80,76110782464.00,840278736896.00,-1.42%,3.00%,空头区间
2022-03-29,91090.60,92056.00,89128.60,89390.50,73395011584.00,832309624832.00,-1.50%,3.23%,空头区间
2022-03-30,89816.30,91402.30,89800.60,91196.90,80974012416.00,923150516224.00,2.02%,1.79%,空头区间
2022-03-31,90956.40,92305.10,90287.60,90349.20,88903557120.00,975071150080.00,-0.93%,2.21%,空头区间
2022-04-01,89618.30,91776.60,89618.30,90240.00,84146683904.00,904112308224.00,-0.12%,2.39%,空头区间
2022-04-06,90294.60,91445.70,89964.20,90349.20,90571358208.00,930365505536.00,0.12%,1.64%,空头区间
2022-04-07,89719.70,90986.90,88208.80,88237.00,87336886272.00,892208676864.00,-2.34%,3.07%,空头区间
2022-04-08,88435.40,89359.90,87732.80,87913.90,86858227712.00,894798266368.00,-0.37%,1.84%,空头区间
2022-04-11,87220.40,87840.50,85116.60,85557.80,87943380992.00,932566925312.00,-2.68%,3.10%,空头区间
2022-04-12,85537.40,86867.30,84927.60,86867.30,86077702144.00,886061203456.00,1.53%,2.27%,空头区间
2022-04-13,86088.80,86974.60,85000.80,85000.80,82348482560.00,846960263168.00,-2.15%,2.27%,空头区间
2022-04-14,85578.30,87062.50,85536.80,85954.00,77071384576.00,836591353856.00,1.12%,1.79%,空头区间
2022-04-15,85387.00,86550.30,84625.70,84877.90,83871678464.00,880102277120.00,-1.25%,2.24%,空头区间
2022-04-18,83980.50,86050.50,83865.10,84165.80,70443073536.00,747459051520.00,-0.84%,2.57%,空头区间
2022-04-19,84207.30,85456.40,83327.90,83634.50,69049925632.00,750951333888.00,-0.63%,2.53%,空头区间
2022-04-20,83388.50,83948.60,81284.10,81547.50,75453923328.00,792387518464.00,-2.50%,3.19%,空头区间
2022-04-21,81228.80,82240.10,78714.60,79082.30,81376903168.00,826798571520.00,-3.02%,4.32%,空头区间
2022-04-22,78444.90,80177.40,77892.80,78050.10,70744039424.00,723558727680.00,-1.31%,2.89%,空头区间
2022-04-25,76440.30,77335.20,74042.10,74068.30,88129921024.00,862904713216.00,-5.10%,4.22%,空头区间
2022-04-26,74444.60,76002.30,72771.50,73087.80,82662555648.00,806881263616.00,-1.32%,4.36%,空头区间
2022-04-27,72302.80,77167.50,72295.10,77163.20,89003679744.00,881211080704.00,5.58%,6.67%,多头区间
2022-04-28,76583.30,79019.70,76583.30,77269.40,77613981696.00,804409966592.00,0.14%,3.16%,多头区间
2022-04-29,77919.90,81394.80,77821.50,81370.90,87927152640.00,924593487872.00,5.31%,4.62%,多头区间
2022-05-05,81233.40,83996.10,81233.40,82728.30,78398177280.00,862827053056.00,1.67%,3.40%,多头区间
2022-05-06,80730.20,82856.80,80441.90,80483.40,71113031680.00,728646549504.00,-2.71%,2.92%,空头区间
2022-05-09,80355.10,82026.20,79655.90,79745.30,62435360768.00,643062562816.00,-0.92%,2.95%,空头区间
2022-05-10,78606.40,81887.00,78584.70,81092.80,77366427648.00,809818587136.00,1.69%,4.14%,空头区间
2022-05-11,81410.10,85102.10,81410.10,83471.20,91993980928.00,1031796228096.00,2.93%,4.55%,多头区间
2022-05-12,83344.60,84815.40,82597.20,82938.60,74063175680.00,785276993536.00,-0.64%,2.66%,多头区间
2022-05-13,83562.30,84244.00,82357.20,82505.30,70962962432.00,726840442880.00,-0.52%,2.27%,多头区间
2022-05-16,83271.70,84205.50,81710.10,81804.30,73889431552.00,754074583040.00,-0.85%,3.02%,多头区间
2022-05-17,81783.70,82515.40,81507.40,81679.70,70993289216.00,756271022080.00,-0.15%,1.23%,多头区间
2022-05-18,81766.80,82922.70,80977.30,81063.80,70192857088.00,739821223936.00,-0.75%,2.38%,多头区间
2022-05-19,79762.80,81820.80,79762.80,81411.90,74279673856.00,770953379840.00,0.43%,2.54%,多头区间
2022-05-20,81993.30,83400.00,81993.30,83069.20,81044348928.00,881943511040.00,2.04%,1.73%,多头区间
2022-05-23,83405.10,84555.50,83405.10,83715.20,76585181184.00,823577673728.00,0.78%,1.38%,多头区间
2022-05-24,83675.40,84545.20,81490.30,81509.50,89610985472.00,949486354432.00,-2.63%,3.65%,空头区间
2022-05-25,81469.10,82975.10,81469.10,81953.70,71066132480.00,733259956224.00,0.54%,1.85%,空头区间
2022-05-26,81890.40,83309.40,81651.50,82072.00,76410068992.00,792532746240.00,0.14%,2.02%,空头区间
2022-05-27,82653.60,83861.20,81468.30,81866.60,75022852096.00,785860067328.00,-0.25%,2.92%,空头区间
2022-05-30,82284.50,83378.50,81921.50,82195.30,71640563712.00,778941693952.00,0.40%,1.78%,空头区间
2022-05-31,82179.50,83723.10,82139.90,83723.10,78430355456.00,890207469568.00,1.86%,1.93%,空头区间
2022-06-01,83338.00,85103.50,83338.00,83952.40,76354609152.00,836395532288.00,0.27%,2.11%,空头区间
2022-06-02,83866.60,85229.60,83466.60,84632.20,74988265472.00,825612697600.00,0.81%,2.10%,空头区间
2022-06-06,84691.60,88412.80,84691.60,88278.80,86612369408.00,1026050949120.00,4.31%,4.40%,多头区间
2022-06-07,88411.00,90165.20,88411.00,89333.30,84531257344.00,974670856192.00,1.19%,1.99%,多头区间
2022-06-08,89380.20,91221.70,89380.20,91162.00,89879175168.00,1034112270336.00,2.05%,2.06%,多头区间
2022-06-09,90944.90,92101.00,90040.50,90162.50,84817690624.00,927330729984.00,-1.10%,2.26%,多头区间
2022-06-10,89511.30,92883.80,89511.30,92883.80,87065698304.00,990371184640.00,3.02%,3.74%,多头区间
2022-06-13,92067.80,94985.50,92067.80,93971.50,89564495872.00,1039792013312.00,1.17%,3.14%,多头区间
2022-06-14,92877.30,95359.40,92590.90,95359.40,93076996096.00,1048956305408.00,1.48%,2.95%,多头区间
2022-06-15,95593.90,99352.20,95593.90,97684.40,110302912512.00,1251046064128.00,2.44%,3.94%,多头区间
2022-06-16,97889.90,99976.60,97889.90,98226.50,91444174848.00,1035135025152.00,0.55%,2.14%,多头区间
2022-06-17,97511.10,100034.80,97511.10,99828.70,85133828096.00,1042949996544.00,1.63%,2.57%,多头区间
2022-06-20,100346.10,102856.30,100346.10,101517.30,88008712192.00,1110348005376.00,1.69%,2.51%,多头区间
2022-06-21,101343.70,102698.20,100018.30,100834.80,87743365120.00,1030885408768.00,-0.67%,2.64%,多头区间
2022-06-22,100995.20,102238.20,99249.80,99304.80,80615563264.00,945646796800.00,-1.52%,2.96%,多头区间
2022-06-23,99695.20,101581.00,99681.50,101540.80,86322610176.00,1023812698112.00,2.25%,1.91%,多头区间
2022-06-24,101857.40,104319.30,101808.60,103339.50,88315527168.00,1099017682944.00,1.77%,2.47%,多头区间
2022-06-27,104233.10,106903.30,104210.30,105668.30,91843117056.00,1170006867968.00,2.25%,2.61%,多头区间
2022-06-28,105653.30,107884.30,105580.50,107884.30,93540327424.00,1161795207168.00,2.10%,2.18%,多头区间
2022-06-29,107516.80,109541.40,106277.00,106434.20,100707139584.00,1251726721024.00,-1.34%,3.03%,多头区间
2022-06-30,106825.10,109186.80,106825.10,107955.60,87209271296.00,1102352220160.00,1.43%,2.22%,多头区间
2022-07-01,108087.90,109418.20,106878.60,107124.60,79553708032.00,999404797952.00,-0.77%,2.35%,多头区间
2022-07-04,106912.00,109158.30,106666.70,108098.50,80341827584.00,1069770014720.00,0.91%,2.33%,多头区间
2022-07-05,108545.30,109747.80,107202.30,108149.10,89415647232.00,1127239254016.00,0.05%,2.35%,多头区间
2022-07-06,107619.90,109267.60,105655.80,106463.30,82409422848.00,1030537019392.00,-1.56%,3.34%,多头区间
2022-07-07,106467.80,108290.90,106349.80,106927.10,77662543872.00,996973477888.00,0.44%,1.82%,多头区间
2022-07-08,107733.20,108720.70,105349.00,105407.50,77616676864.00,976967827456.00,-1.42%,3.15%,多头区间
2022-07-11,104729.70,105504.40,102633.00,103109.20,78350802944.00,958420811776.00,-2.18%,2.72%,多头区间
2022-07-12,103149.80,104470.20,100774.50,100805.90,76849070080.00,925575151616.00,-2.23%,3.58%,多头区间
2022-07-13,100861.40,102089.00,100425.90,100654.50,76746162176.00,895760203776.00,-0.15%,1.65%,多头区间
2022-07-14,100291.10,102707.10,100291.10,101065.90,81442676736.00,975999139840.00,0.41%,2.40%,多头区间
2022-07-15,100723.70,103037.30,99890.40,99903.90,87493025792.00,1037761511424.00,-1.15%,3.11%,多头区间
2022-07-18,100667.00,102404.00,100515.30,101343.90,81019117568.00,968225062912.00,1.44%,1.89%,多头区间
2022-07-19,101269.40,103002.70,100620.60,100749.30,79009505280.00,946602311680.00,-0.59%,2.35%,多头区间
2022-07-20,101199.60,102463.60,100462.80,100658.00,75064934400.00,904247640064.00,-0.09%,1.99%,多头区间
2022-07-21,100356.00,101846.10,99266.20,99316.50,80630611968.00,960052330496.00,-1.33%,2.56%,多头区间
2022-07-22,100022.70,100943.20,97896.40,98433.60,75357675520.00,888170872832.00,-0.89%,3.07%,多头区间
2022-07-25,98396.10,99070.60,95792.00,95812.50,69362393088.00,811271847936.00,-2.66%,3.33%,空头区间
2022-07-26,95968.60,97244.60,95314.10,95411.40,67236507648.00,787303694336.00,-0.42%,2.01%,空头区间
2022-07-27,95225.30,96665.70,94656.60,94830.20,68158779392.00,815654240256.00,-0.61%,2.11%,空头区间
2022-07-28,95488.20,97081.10,95100.30,95167.20,77924089856.00,945421025280.00,0.36%,2.09%,空头区间
2022-07-29,95333.70,96654.20,94428.20,94670.50,77999005696.00,956043821056.00,-0.52%,2.34%,空头区间
2022-08-01,94620.80,96221.80,94231.30,95435.70,73443975168.00,935874920448.00,0.81%,2.10%,空头区间
2022-08-02,94026.70,95742.10,93086.50,93982.70,97455423488.00,1113313509376.00,-1.52%,2.78%,空头区间
2022-08-03,95074.10,96675.70,93238.20,93725.60,83386605568.00,1036834373632.00,-0.27%,3.66%,空头区间
2022-08-04,94560.30,95643.00,93130.60,93678.60,67550298112.00,838452051968.00,-0.05%,2.68%,空头区间
2022-08-05,93906.50,95007.30,93723.00,94752.90,71086850048.00,909720092672.00,1.15%,1.37%,空头区间
2022-08-08,94621.20,96668.90,94494.50,95369.00,66161143808.00,872394129408.00,0.65%,2.29%,空头区间
2022-08-09,95138.00,96842.30,95062.50,95318.60,66942599168.00,882490998784.00,-0.05%,1.87%,空头区间
2022-08-10,95067.10,96519.60,94551.40,94786.30,67058315264.00,894953586688.00,-0.56%,2.06%,空头区间
2022-08-11,95329.50,96693.60,95227.60,96337.00,77402333184.00,995746578432.00,1.64%,1.55%,空头区间
2022-08-12,96155.10,97677.10,95277.40,95341.90,77491904512.00,928353878016.00,-1.03%,2.49%,空头区间
2022-08-15,95186.60,97359.00,95186.60,95782.50,73150652416.00,915733479424.00,0.46%,2.28%,空头区间
2022-08-16,95941.60,97850.10,95941.60,96195.90,78070718464.00,957212131328.00,0.43%,1.99%,空头区间
2022-08-17,96336.00,97713.50,96220.30,96815.10,82467291136.00,1010458099712.00,0.64%,1.55%,空头区间
2022-08-18,96534.00,98056.00,96534.00,97080.70,78845968384.00,979885948928.00,0.27%,1.57%,空头区间
2022-08-19,97120.50,98081.00,95937.00,95983.50,83489333248.00,1041998741504.00,-1.13%,2.21%,空头区间
2022-08-22,96017.60,97881.60,95766.80,96796.10,76414713856.00,956508602368.00,0.85%,2.20%,空头区间
2022-08-23,96565.40,98299.00,96565.40,96907.20,76400803840.00,940067651584.00,0.11%,1.79%,空头区间
2022-08-24,97106.90,97480.20,94383.20,94550.80,89257795584.00,1057587920896.00,-2.43%,3.20%,空头区间
2022-08-25,95055.20,95386.00,93171.20,94099.20,79154905088.00,929087946752.00,-0.48%,2.34%,空头区间
2022-08-26,94280.90,96158.00,92789.60,92980.40,72121589760.00,872880930816.00,-1.19%,3.58%,空头区间
2022-08-29,91745.60,94278.70,91745.60,92587.10,68106326016.00,791328587776.00,-0.42%,2.72%,空头区间
2022-08-30,92524.50,93411.50,90784.60,90854.40,69336506368.00,789349072896.00,-1.87%,2.84%,空头区间
2022-08-31,90502.00,91054.10,88627.50,89009.10,79162949632.00,944074391552.00,-2.03%,2.67%,空头区间
2022-09-01,88987.90,90429.00,87378.00,87552.10,65711161344.00,744842526720.00,-1.64%,3.43%,空头区间
2022-09-02,87801.90,89131.40,86667.30,86892.60,61140963328.00,696869847040.00,-0.75%,2.81%,空头区间
2022-09-05,86712.80,88407.10,85995.00,86260.40,63542579200.00,719593275392.00,-0.73%,2.78%,空头区间
2022-09-06,86406.60,88229.30,86406.60,87716.10,71080820736.00,819708035072.00,1.69%,2.11%,空头区间
2022-09-07,87648.40,89649.60,87414.60,87950.80,70731513856.00,816960307200.00,0.27%,2.55%,空头区间
2022-09-08,87797.10,88887.10,86120.40,86199.00,66703867904.00,743963033600.00,-1.99%,3.15%,空头区间
2022-09-09,86316.10,87211.60,85609.70,85660.80,65087389696.00,734863425536.00,-0.62%,1.86%,空头区间
2022-09-13,86052.10,86854.60,84905.30,84997.20,63231344640.00,728458788864.00,-0.77%,2.28%,空头区间
2022-09-14,83794.50,85306.40,83100.60,83157.70,60144791552.00,679663370240.00,-2.16%,2.60%,空头区间
2022-09-15,83173.40,83600.80,80839.00,81616.90,75619221504.00,863415762944.00,-1.85%,3.32%,空头区间
2022-09-16,81494.90,82439.20,79569.30,79655.40,69907341312.00,752693215232.00,-2.40%,3.52%,空头区间
2022-09-19,79512.10,80825.70,78022.50,78078.60,56907902976.00,620135251968.00,-1.98%,3.52%,空头区间
2022-09-20,78758.00,80220.10,77804.90,77901.80,53222404096.00,612180033536.00,-0.23%,3.09%,空头区间
2022-09-21,77313.20,78378.60,76626.70,76677.80,55781265408.00,598532554752.00,-1.57%,2.25%,空头区间
2022-09-22,76182.40,78027.70,75427.80,75461.20,53432025088.00,600290295808.00,-1.59%,3.39%,空头区间
2022-09-23,75464.70,76052.00,73480.90,73509.90,57408200704.00,626019794944.00,-2.59%,3.41%,空头区间
2022-09-26,73028.60,74860.40,72223.10,72366.60,57772281856.00,626622529536.00,-1.56%,3.59%,空头区间
2022-09-27,72785.60,73516.60,72361.90,73144.80,54276046848.00,623797141504.00,1.08%,1.60%,空头区间
2022-09-28,72911.90,73289.40,70493.10,70508.60,54416883712.00,608851525632.00,-3.60%,3.82%,空头区间
2022-09-29,71296.10,71974.30,69542.20,69876.40,53531058176.00,585081552896.00,-0.90%,3.45%,空头区间
2022-09-30,69911.50,70388.20,67848.40,67888.00,47882911744.00,525682081792.00,-2.85%,3.63%,空头区间
2022-10-10,68064.50,68885.20,66063.40,66292.30,53186113536.00,583058194432.00,-2.35%,4.16%,空头区间
2022-10-11,66470.60,67283.10,65926.20,66084.40,47760220160.00,525354860544.00,-0.31%,2.05%,空头区间
2022-10-12,65957.90,68295.90,65026.10,68295.90,58383003648.00,662060007424.00,3.35%,4.95%,空头区间
2022-10-13,67737.50,69876.50,67737.50,68804.30,59052281856.00,679107297280.00,0.74%,3.13%,多头区间
2022-10-14,69474.00,72265.40,69474.00,71971.80,65333837824.00,797991370752.00,4.60%,4.06%,多头区间
2022-10-17,71796.30,73750.70,71796.30,73375.60,63040356352.00,740793974784.00,1.95%,2.72%,多头区间
2022-10-18,73675.20,75068.80,73675.20,74051.30,62013054976.00,734524604416.00,0.92%,1.90%,多头区间
2022-10-19,73747.30,75180.90,73369.00,73391.60,58430353408.00,704828735488.00,-0.89%,2.45%,多头区间
2022-10-20,72867.80,75019.70,72867.80,73414.70,60621291520.00,730207289344.00,0.03%,2.93%,多头区间
2022-10-21,73421.90,74458.60,73058.30,73205.00,57641742336.00,655149891584.00,-0.29%,1.91%,多头区间
2022-10-24,73312.70,75020.40,72855.30,73374.40,69139111936.00,817873223680.00,0.23%,2.96%,多头区间
2022-10-25,72991.30,75114.90,72891.90,73807.90,63493431296.00,743542489088.00,0.59%,3.03%,多头区间
2022-10-26,73915.20,77198.20,73915.20,76302.60,69164007424.00,842227253248.00,3.38%,4.45%,多头区间
2022-10-27,76577.90,78303.00,76577.90,76928.50,67664138240.00,850927616000.00,0.82%,2.26%,多头区间
2022-10-28,76236.00,77697.10,75324.40,75683.70,71759446016.00,838501728256.00,-1.62%,3.08%,多头区间
2022-10-31,75269.00,78386.50,75269.00,77042.60,67974275072.00,805303812096.00,1.80%,4.12%,多头区间
2022-11-01,77281.80,80776.40,77281.80,80776.40,72920383488.00,905669115904.00,4.85%,4.54%,多头区间
2022-11-02,80552.00,84117.80,80552.00,83685.90,77407076352.00,970104700928.00,3.60%,4.41%,多头区间
2022-11-03,82832.00,85302.80,82832.00,83919.00,64532746240.00,810243391488.00,0.28%,2.95%,多头区间
2022-11-04,84177.70,87904.00,84177.70,87723.90,77977083904.00,1000822145024.00,4.53%,4.44%,多头区间
2022-11-07,87748.80,89834.30,87748.80,88721.80,76020662272.00,931697852416.00,1.14%,2.38%,多头区间
2022-11-08,88686.70,89344.40,87323.70,87718.10,64318685184.00,775153057792.00,-1.13%,2.28%,多头区间
2022-11-09,87753.60,88952.00,86266.30,86315.80,61749075968.00,725009694720.00,-1.60%,3.06%,多头区间
2022-11-10,85702.20,86868.70,84961.70,85077.60,68166885376.00,778680205312.00,-1.43%,2.21%,多头区间
2022-11-11,87463.50,89033.30,87463.50,88273.60,98963005440.00,1143630856192.00,3.76%,1.85%,多头区间
2022-11-14,88609.60,90616.70,88392.00,89231.00,86593314816.00,1003168071680.00,1.08%,2.52%,多头区间
2022-11-15,89191.00,92237.40,89094.10,92094.20,81862926336.00,982701572096.00,3.21%,3.52%,多头区间
2022-11-16,92051.20,93716.80,91074.20,91203.30,75580563456.00,881007788032.00,-0.97%,2.87%,多头区间
2022-11-17,90727.80,91599.10,90203.30,90975.50,71167737856.00,848688316416.00,-0.25%,1.53%,多头区间
2022-11-18,91206.40,92659.40,90382.90,90571.10,77733117952.00,912804478976.00,-0.44%,2.50%,多头区间
2022-11-21,89789.80,91400.30,89690.60,89865.80,66403786752.00,792858263552.00,-0.78%,1.89%,多头区间
2022-11-22,89699.50,90325.00,87889.50,88212.20,74663600128.00,826937245696.00,-1.84%,2.71%,多头区间
2022-11-23,87931.40,88398.00,87125.10,87196.50,71730290688.00,773168496640.00,-1.15%,1.44%,多头区间
2022-11-24,87617.20,88298.10,85995.50,86066.90,63187296256.00,698922303488.00,-1.30%,2.64%,多头区间
2022-11-25,85651.70,86371.00,84180.50,84207.80,66867732480.00,693458829312.00,-2.16%,2.55%,多头区间
2022-11-28,82864.80,84782.70,82814.00,83098.60,66932682752.00,711359201280.00,-1.32%,2.34%,多头区间
2022-11-29,83827.80,86244.80,83827.80,85800.90,84788797440.00,910942732288.00,3.25%,2.91%,多头区间
2022-11-30,85796.50,87333.50,85574.90,86239.70,83706363904.00,877797638144.00,0.51%,2.05%,多头区间
2022-12-01,87557.60,89394.20,87557.60,88200.40,86804316160.00,997232017408.00,2.27%,2.13%,多头区间
2022-12-02,87917.30,89624.50,87684.10,87739.30,72357945344.00,809476751360.00,-0.52%,2.20%,多头区间
2022-12-05,88550.30,90220.20,88483.60,89798.90,92107169792.00,995052683264.00,2.35%,1.98%,多头区间
2022-12-06,89520.40,91527.80,89497.90,90237.40,81578590208.00,939440013312.00,0.49%,2.26%,多头区间
2022-12-07,90073.20,91359.20,90057.70,90418.70,78688608256.00,896205914112.00,0.20%,1.44%,多头区间
2022-12-08,90418.40,91314.40,89493.30,89572.30,74809376768.00,818153455616.00,-0.94%,2.01%,多头区间
2022-12-09,89560.70,90603.00,89541.10,90528.50,82039611392.00,934255263744.00,1.07%,1.19%,多头区间
2022-12-12,90505.00,91396.80,89852.60,89919.50,74927652864.00,848587915264.00,-0.67%,1.71%,多头区间
2022-12-13,89914.40,90561.80,88381.50,88447.30,68323946496.00,767054053376.00,-1.64%,2.42%,多头区间
2022-12-14,88432.10,89243.30,87098.60,87231.10,66007564288.00,759314710528.00,-1.38%,2.42%,多头区间
2022-12-15,87201.00,88136.90,86164.00,86267.10,62583549952.00,723714375680.00,-1.11%,2.26%,多头区间
2022-12-16,85830.00,86608.50,84413.80,84641.60,65240809472.00,717667631104.00,-1.88%,2.54%,多头区间
2022-12-19,84613.20,84991.20,81698.50,82015.90,66899607552.00,717596459008.00,-3.10%,3.89%,空头区间
2022-12-20,81718.10,82024.50,79475.70,79491.20,53874950144.00,607514918912.00,-3.08%,3.11%,空头区间
2022-12-21,79494.10,79840.60,77079.60,77154.10,49633726464.00,543622266880.00,-2.94%,3.47%,空头区间
2022-12-22,77282.00,77995.60,75089.50,75269.80,56263372800.00,624699572224.00,-2.44%,3.77%,空头区间
2022-12-23,74810.50,75864.90,73166.10,73422.80,49878638592.00,549996068864.00,-2.45%,3.59%,空头区间
2022-12-26,73535.80,74898.30,73391.10,73500.50,51528531968.00,584274804736.00,0.11%,2.05%,空头区间
2022-12-27,73714.40,74193.40,73171.20,73208.60,56036188160.00,627889799168.00,-0.40%,1.39%,空头区间
2022-12-28,72865.80,73550.20,71856.10,71883.80,56181489664.00,615046447104.00,-1.81%,2.31%,空头区间
2022-12-29,71575.60,72415.50,70614.00,70643.30,53018628096.00,580094394368.00,-1.73%,2.51%,空头区间
2022-12-30,70987.90,71508.40,69868.50,69917.10,53195227136.00,570862075904.00,-1.03%,2.32%,空头区间
2023-01-03,69846.70,71846.60,69846.70,71836.80,66764713984.00,741520572416.00,2.75%,2.86%,空头区间
2023-01-04,71917.10,73135.50,71857.40,72258.20,67518685184.00,740202512384.00,0.59%,1.78%,空头区间
2023-01-05,72423.40,74318.80,72402.80,73949.80,65705324544.00,795859288064.00,2.34%,2.65%,空头区间
2023-01-06,73973.30,75519.70,73973.30,74681.00,65269907456.00,786339004416.00,0.99%,2.09%,空头区间
2023-01-09,75031.70,76664.90,75031.70,75677.90,60770877440.00,759102767104.00,1.33%,2.19%,空头区间
2023-01-10,75651.30,76677.50,75593.00,75681.90,56504180736.00,703551242240.00,0.01%,1.43%,空头区间
2023-01-11,75656.60,76713.00,74827.30,74944.80,57649692672.00,695573676032.00,-0.97%,2.49%,空头区间
2023-01-12,75242.30,76216.90,74345.50,74434.90,54724558848.00,640338624512.00,-0.68%,2.50%,空头区间
2023-01-13,74653.60,75251.60,74032.40,74463.20,54227415040.00,660745617408.00,0.04%,1.64%,空头区间
2023-01-16,74666.30,77601.40,74666.30,76897.00,68580265984.00,856662212608.00,3.27%,3.94%,空头区间
2023-01-17,76980.10,77888.40,76230.60,76380.20,54718713856.00,657703108608.00,-0.67%,2.16%,空头区间
2023-01-18,76486.50,77300.00,75389.40,75462.60,51680890880.00,595422806016.00,-1.20%,2.50%,空头区间
2023-01-19,75250.10,76023.00,75202.50,75445.40,54222553088.00,638877630464.00,-0.02%,1.09%,空头区间
2023-01-20,75477.00,76858.20,75477.00,76218.90,60638552064.00,702944313344.00,1.03%,1.83%,空头区间
2023-01-30,77875.40,80150.60,77875.40,79626.20,82391121920.00,995894951936.00,4.47%,2.99%,多头区间
2023-01-31,79560.30,81113.60,79537.00,80391.40,73313337344.00,845537148928.00,0.96%,1.98%,多头区间
2023-02-01,80590.00,83237.20,80580.90,83237.20,82440060928.00,945262297088.00,3.54%,3.30%,多头区间
2023-02-02,83288.70,85306.00,83288.70,84674.80,80867319808.00,956827566080.00,1.73%,2.42%,多头区间
2023-02-03,84393.40,85228.90,84223.40,84883.40,72753070080.00,856563777536.00,0.25%,1.19%,多头区间
2023-02-06,84568.70,85989.90,84352.00,84508.20,67739025408.00,814911782912.00,-0.44%,1.93%,多头区间
2023-02-07,84632.00,85452.40,84389.50,84580.20,67802300416.00,786697814016.00,0.09%,1.26%,多头区间
2023-02-08,84704.10,85345.20,83407.10,83464.50,65014054912.00,752051683328.00,-1.32%,2.29%,多头区间
2023-02-09,83171.50,85097.50,83171.50,85024.20,68152016896.00,834801238016.00,1.87%,2.31%,多头区间
2023-02-10,85040.40,86226.90,84608.50,84698.40,70290096128.00,826655309824.00,-0.38%,1.90%,多头区间
2023-02-13,84787.60,86719.50,84786.80,86517.70,74864664576.00,912497836032.00,2.15%,2.28%,多头区间
2023-02-14,86653.40,87921.60,86442.30,86654.30,70545760256.00,855124344832.00,0.16%,1.71%,多头区间
2023-02-15,86660.00,87686.10,86660.00,87073.80,71933190144.00,873910697984.00,0.48%,1.18%,多头区间
2023-02-16,87021.10,88640.70,86592.00,87593.50,96480288768.00,1117439131648.00,0.60%,2.35%,多头区间
2023-02-17,87627.10,88622.50,86469.40,86526.90,71726653440.00,857846972416.00,-1.22%,2.46%,多头区间
2023-02-20,86741.10,88580.00,86681.30,88580.00,75015643136.00,894991925248.00,2.37%,2.19%,多头区间
2023-02-21,88560.70,90385.50,88541.90,88952.10,74160955392.00,868653924352.00,0.42%,2.08%,多头区间
2023-02-22,88332.40,89573.30,87592.60,87737.30,61319974912.00,736405422080.00,-1.37%,2.23%,多头区间
2023-02-23,87777.10,88658.20,86446.70,86649.00,63314452480.00,758712565760.00,-1.24%,2.52%,多头区间
2023-02-24,86714.90,87274.00,85000.00,85021.80,54996770816.00,680461402112.00,-1.88%,2.62%,多头区间
2023-02-27,84892.10,85854.60,83484.00,83582.70,56717369344.00,701470212096.00,-1.69%,2.79%,多头区间
2023-02-28,84011.80,84794.20,82898.10,83559.30,58482720768.00,704062554112.00,-0.03%,2.27%,多头区间
2023-03-01,83437.70,85352.90,83437.70,84951.70,71632805888.00,859312947200.00,1.67%,2.29%,多头区间
2023-03-02,84913.20,86243.80,84908.90,85098.90,74221936640.00,872846196736.00,0.17%,1.57%,多头区间
2023-03-03,85047.30,86170.10,84967.10,85058.60,71485440000.00,810306568192.00,-0.05%,1.41%,多头区间
2023-03-06,85147.60,86446.00,85127.10,85802.50,70918127616.00,883222642688.00,0.87%,1.55%,多头区间
2023-03-07,85660.50,86605.80,84599.30,84702.90,78192599040.00,873568534528.00,-1.28%,2.34%,多头区间
2023-03-08,84462.40,85779.00,83582.70,83979.90,56074223616.00,666868711424.00,-0.85%,2.59%,多头区间
2023-03-09,83985.30,84650.30,82997.40,83066.20,57755717632.00,697363136512.00,-1.09%,1.97%,多头区间
2023-03-10,82674.20,83545.80,81570.30,81599.30,62618697728.00,748068012032.00,-1.77%,2.38%,多头区间
2023-03-13,81580.00,82796.30,81580.00,82402.20,64237883392.00,779661803520.00,0.98%,1.49%,多头区间
2023-03-14,82237.10,83033.80,82090.60,82446.90,69821554688.00,858069336064.00,0.05%,1.14%,多头区间
2023-03-15,82900.30,84241.50,82400.40,82485.90,63822815232.00,748510707712.00,0.05%,2.23%,多头区间
2023-03-16,81985.90,83075.20,81255.50,81363.40,66857148416.00,781999013888.00,-1.36%,2.21%,多头区间
2023-03-17,82026.40,83973.10,81996.80,83273.10,72878104576.00,889660440576.00,2.35%,2.43%,多头区间
2023-03-20,83566.80,85934.20,83562.70,84542.50,81020395520.00,968488452096.00,1.52%,2.85%,多头区间
2023-03-21,84691.00,86098.00,84674.60,85719.50,67251613696.00,824524013568.00,1.39%,1.68%,多头区间
2023-03-22,85977.40,87574.80,85977.40,86804.80,71939235840.00,881828954112.00,1.27%,1.86%,多头区间
2023-03-23,86552.10,88356.00,86552.10,88356.00,72353300480.00,927984975872.00,1.79%,2.08%,多头区间
2023-03-24,88382.00,89898.20,88382.00,89517.70,78271258624.00,983220027392.00,1.31%,1.72%,多头区间
2023-03-27,89532.60,91529.60,89532.60,91008.20,81112334336.00,1044618739712.00,1.67%,2.23%,多头区间
2023-03-28,90808.70,91880.50,89950.80,90121.80,72373633024.00,924188672000.00,-0.97%,2.12%,多头区间
2023-03-29,90179.90,91196.80,89944.60,90105.90,69216788480.00,893616062464.00,-0.02%,1.39%,多头区间
2023-03-30,90194.60,91018.00,89659.40,89942.10,67528622080.00,865454850048.00,-0.18%,1.51%,多头区间
2023-03-31,90011.70,91337.10,89933.30,90988.50,66673733632.00,873085140992.00,1.16%,1.56%,多头区间
2023-04-03,91192.30,94836.50,91192.30,94836.50,83274620928.00,1140090077184.00,4.23%,4.01%,多头区间
2023-04-04,94747.90,97411.50,94747.90,96929.40,86682918912.00,1190586744832.00,2.21%,2.81%,多头区间
2023-04-06,96316.30,98806.10,96316.30,97901.70,75487076352.00,1055770083328.00,1.00%,2.57%,多头区间
2023-04-07,98012.70,99721.20,97939.80,98551.30,68796465152.00,941180780544.00,0.66%,1.82%,多头区间
2023-04-10,98926.30,100526.40,97736.10,97975.10,79273795584.00,1092731797504.00,-0.58%,2.83%,多头区间
2023-04-11,98081.30,99707.10,97970.50,98331.50,72211685376.00,973319372800.00,0.36%,1.77%,多头区间
2023-04-12,98296.90,100545.50,98252.40,99621.60,77359595520.00,1024549781504.00,1.31%,2.33%,多头区间
2023-04-13,99277.10,100818.70,98388.00,98554.70,79611355136.00,1031995981824.00,-1.07%,2.44%,多头区间
2023-04-14,98922.20,100204.00,98922.20,99385.20,75424776192.00,998516129792.00,0.84%,1.30%,多头区间
2023-04-17,99207.70,101265.00,99207.70,99861.50,80387268608.00,1014516744192.00,0.48%,2.07%,多头区间
2023-04-18,99529.90,101044.00,99529.90,99762.90,72660656128.00,963589832704.00,-0.10%,1.52%,多头区间
2023-04-19,99682.70,101135.80,99199.30,99404.40,74052796416.00,978322063360.00,-0.36%,1.94%,多头区间
2023-04-20,99424.30,101000.00,99424.30,100578.70,75669053440.00,1012707688448.00,1.18%,1.59%,多头区间
2023-04-21,100589.20,101660.80,98358.40,98400.50,83764461568.00,1094193512448.00,-2.17%,3.28%,多头区间
2023-04-24,98511.00,99845.80,97514.10,98044.30,75797422080.00,981889712128.00,-0.36%,2.37%,多头区间
2023-04-25,97924.60,98586.90,96376.30,97144.90,82172575744.00,1031870742528.00,-0.92%,2.25%,多头区间
2023-04-26,96851.00,98631.90,96851.00,97209.00,77340655616.00,1020664479744.00,0.07%,1.83%,多头区间
2023-04-27,96653.60,98655.20,96229.60,96653.10,73800802304.00,955771650048.00,-0.57%,2.50%,多头区间
2023-04-28,96667.00,99667.50,96667.00,99288.60,83419504640.00,1021326000128.00,2.73%,3.10%,多头区间
2023-05-04,99243.20,101415.80,99243.20,100550.90,94471815168.00,1087127289856.00,1.27%,2.19%,多头区间
2023-05-05,100376.50,101555.70,99419.70,99559.90,85852856320.00,991676006400.00,-0.99%,2.12%,多头区间
2023-05-08,99848.50,102099.70,99807.90,101199.90,95504130048.00,1064816934912.00,1.65%,2.30%,多头区间
2023-05-09,101088.60,103368.70,100858.90,100948.70,103497031680.00,1143425073152.00,-0.25%,2.48%,多头区间
2023-05-10,100731.20,102088.80,99639.00,100179.80,82317123584.00,948384038912.00,-0.76%,2.43%,多头区间
2023-05-11,100562.10,101244.30,98584.80,98616.70,72162181120.00,834245033984.00,-1.56%,2.65%,多头区间
2023-05-12,98328.60,99441.70,95678.30,95726.30,69872492544.00,788802306048.00,-2.93%,3.82%,空头区间
2023-05-15,95917.40,96632.80,95017.10,96165.80,75557691392.00,874149314560.00,0.46%,1.69%,空头区间
2023-05-16,96028.50,96694.90,93656.40,93849.00,65841209344.00,801472708608.00,-2.41%,3.16%,空头区间
2023-05-17,93450.60,94985.90,92395.60,92601.20,59491745792.00,720315416576.00,-1.33%,2.76%,空头区间
2023-05-18,92670.00,94217.50,92315.30,92386.90,66233298944.00,808199847936.00,-0.23%,2.05%,空头区间
2023-05-19,92192.40,93060.60,90970.20,91007.10,62028877824.00,769031602176.00,-1.49%,2.26%,空头区间
2023-05-22,90965.20,91896.70,89621.90,89665.10,60279754752.00,732205088768.00,-1.47%,2.50%,空头区间
2023-05-23,89496.90,89957.50,87072.00,87073.70,59989823488.00,709035884544.00,-2.89%,3.22%,空头区间
2023-05-24,87046.70,87905.80,85782.50,85800.80,61673881600.00,735979831296.00,-1.46%,2.44%,空头区间
2023-05-25,85823.00,86778.60,84475.60,85340.40,64405323776.00,790160277504.00,-0.54%,2.68%,空头区间
2023-05-26,85199.10,86301.30,85078.90,85113.40,60327477248.00,754563022848.00,-0.27%,1.43%,空头区间
2023-05-29,85575.70,86888.30,85023.80,85134.70,67394412544.00,842078027776.00,0.03%,2.19%,空头区间
2023-05-30,84830.40,86125.60,84783.00,86054.70,68307181568.00,863808978944.00,1.08%,1.58%,空头区间
2023-05-31,85839.30,87128.50,85559.30,85948.60,66307883008.00,860689858560.00,-0.12%,1.82%,空头区间
2023-06-01,85946.10,87967.50,85567.40,86569.40,71061086208.00,905053077504.00,0.72%,2.79%,空头区间
2023-06-02,86584.10,88242.40,86584.10,86978.70,68271353856.00,867918872576.00,0.47%,1.92%,空头区间
2023-06-05,87069.30,88605.10,86665.20,86779.30,63614689280.00,799874547712.00,-0.23%,2.23%,空头区间
2023-06-06,86476.70,87638.20,84827.10,85144.00,70454083584.00,862955175936.00,-1.88%,3.24%,空头区间
2023-06-07,85134.30,86315.50,84275.10,84560.40,59058200576.00,750686175232.00,-0.69%,2.40%,空头区间
2023-06-08,84380.80,85164.00,83651.50,83711.30,64518438912.00,791755161600.00,-1.00%,1.79%,空头区间
2023-06-09,83795.30,85167.80,83795.30,85151.50,69764915200.00,896592052224.00,1.72%,1.64%,空头区间
2023-06-12,85537.30,87164.80,85537.30,86303.50,69870403584.00,886143713280.00,1.35%,1.91%,空头区间
2023-06-13,86141.90,87729.90,86141.90,86855.60,66308263936.00,865695039488.00,0.64%,1.84%,空头区间
2023-06-14,86884.70,88322.00,86884.70,87327.50,71109623808.00,924115206144.00,0.54%,1.65%,空头区间
2023-06-15,87390.30,89014.20,87390.30,88660.80,72506195968.00,986248970240.00,1.53%,1.86%,空头区间
2023-06-16,88611.90,90611.50,88611.90,90515.60,73088598016.00,981751693312.00,2.09%,2.26%,空头区间
2023-06-19,90526.60,92377.10,90526.60,91728.70,73451667456.00,1009038196736.00,1.34%,2.04%,空头区间
2023-06-20,91649.30,92874.60,91496.80,92095.60,70243319808.00,991655624704.00,0.40%,1.50%,空头区间
2023-06-21,91655.40,92415.50,89555.90,89591.10,69177589760.00,935296040960.00,-2.72%,3.11%,空头区间
2023-06-26,88923.70,90193.90,87292.20,87550.40,71194337280.00,898631925760.00,-2.28%,3.24%,空头区间
2023-06-27,87771.40,88963.80,87697.10,87807.80,63987720192.00,773892800512.00,0.29%,1.45%,空头区间
2023-06-28,87469.90,87567.30,86422.40,86552.20,65715847168.00,814137344000.00,-1.43%,1.30%,空头区间
2023-06-29,86584.70,87614.30,86363.90,86380.50,61291261952.00,794420772864.00,-0.20%,1.44%,空头区间
2023-06-30,86361.00,87711.10,86110.30,86996.30,65089077248.00,843308007424.00,0.71%,1.85%,空头区间
2023-07-03,87428.40,88962.40,87428.40,87898.90,73275637760.00,939410653184.00,1.04%,1.76%,空头区间
2023-07-04,87772.20,89105.10,87772.20,88192.90,65834831872.00,850961039360.00,0.33%,1.52%,空头区间
2023-07-05,88018.60,89018.50,86511.00,86668.00,63247724544.00,798172774400.00,-1.73%,2.84%,空头区间
2023-07-06,86417.10,88149.30,85633.90,85750.60,60909355008.00,755422134272.00,-1.06%,2.90%,空头区间
2023-07-07,85564.00,85940.00,83996.40,84034.10,62415155200.00,739411886080.00,-2.00%,2.27%,空头区间
2023-07-10,84543.80,85375.70,83114.30,83168.80,56629587968.00,706902360064.00,-1.03%,2.69%,空头区间
2023-07-11,83168.20,84155.50,82815.50,82914.60,56307236864.00,712145371136.00,-0.31%,1.61%,空头区间
2023-07-12,82827.80,83763.80,81575.90,81742.20,67029381120.00,844587139072.00,-1.41%,2.64%,空头区间
2023-07-13,82054.60,83454.50,82054.60,83157.20,65639112704.00,855985553408.00,1.73%,1.71%,空头区间
2023-07-14,83356.90,84706.10,83271.60,83359.90,65787543552.00,854403514368.00,0.24%,1.73%,空头区间
2023-07-17,83052.00,84228.40,82127.80,82340.60,59924791296.00,746214785024.00,-1.22%,2.52%,空头区间
2023-07-18,82350.00,82891.30,81052.50,81114.00,58307239936.00,720024829952.00,-1.49%,2.23%,空头区间
2023-07-19,81134.40,81768.00,79564.90,79658.70,53216464896.00,647591493632.00,-1.79%,2.72%,空头区间
2023-07-20,79746.50,80253.60,77728.60,77894.70,61038800896.00,732769812480.00,-2.21%,3.17%,空头区间
2023-07-21,77846.40,78757.80,76563.00,76627.40,58443431936.00,662740467712.00,-1.63%,2.82%,空头区间
2023-07-24,76413.50,78012.30,75427.70,75488.20,55839518720.00,614411534336.00,-1.49%,3.37%,空头区间
2023-07-25,76633.50,78651.80,76544.10,78342.70,77329350656.00,896613941248.00,3.78%,2.79%,空头区间
2023-07-26,78068.00,79155.50,77320.30,77542.40,71979704320.00,743230930944.00,-1.02%,2.34%,空头区间
2023-07-27,77533.00,78753.60,76697.00,76862.90,73424117760.00,732371615744.00,-0.88%,2.65%,空头区间
2023-07-28,76582.20,79169.00,76582.20,79169.00,86624296960.00,895193907200.00,3.00%,3.37%,空头区间
2023-07-31,79678.20,83048.20,79678.20,82603.50,97808687104.00,1045630943232.00,4.34%,4.26%,多头区间
2023-08-01,82369.10,84169.30,82369.10,83271.50,92727148544.00,905032368128.00,0.81%,2.18%,多头区间
2023-08-02,83010.20,84468.80,82754.10,82906.40,82104696832.00,785451778048.00,-0.44%,2.06%,多头区间
2023-08-03,82692.30,83749.50,82692.30,82992.20,78832607232.00,786534825984.00,0.10%,1.28%,多头区间
2023-08-04,83640.00,85379.30,83640.00,84878.80,94298365952.00,997087117312.00,2.27%,2.10%,多头区间
2023-08-07,84653.20,86160.60,84312.00,84613.60,76227633152.00,835475210240.00,-0.31%,2.18%,多头区间
2023-08-08,84533.10,85228.90,83347.40,83390.90,68372377600.00,753033019392.00,-1.45%,2.22%,多头区间
2023-08-09,83061.00,83811.80,81430.00,81566.10,61851246592.00,691701284864.00,-2.19%,2.86%,多头区间
2023-08-10,81436.40,82328.00,80301.10,80420.10,59886985216.00,652232032256.00,-1.40%,2.48%,多头区间
2023-08-11,80326.80,80691.30,78127.20,78220.50,68981800960.00,720839901184.00,-2.74%,3.19%,空头区间
2023-08-14,78065.70,78820.00,77700.30,77977.80,63282343936.00,698087178240.00,-0.31%,1.43%,空头区间
2023-08-15,77938.00,78569.60,76386.40,76622.00,59117391872.00,660099629056.00,-1.74%,2.80%,空头区间
2023-08-16,76260.00,76866.30,74943.30,74966.50,60267995136.00,659412418560.00,-2.16%,2.51%,空头区间
2023-08-17,74622.50,75994.20,74570.00,75159.00,63041978368.00,692966457344.00,0.26%,1.90%,空头区间
2023-08-18,75355.30,75967.50,73355.50,73362.30,64117702656.00,690192384000.00,-2.39%,3.48%,空头区间
2023-08-21,73267.00,74465.90,71927.00,71933.60,57337950208.00,633786859520.00,-1.95%,3.46%,空头区间
2023-08-22,72612.30,73190.40,71462.50,73184.70,67962613760.00,764402270208.00,1.74%,2.40%,空头区间
2023-08-23,72810.80,73175.60,71038.20,71076.70,59615457280.00,663991812096.00,-2.88%,2.92%,空头区间
2023-08-24,71139.40,72655.60,71139.40,71484.60,65223663616.00,738414034944.00,0.57%,2.13%,空头区间
2023-08-25,70923.40,72173.20,69931.00,70265.00,66492678144.00,716559941632.00,-1.71%,3.14%,空头区间
2023-08-28,74805.60,75891.00,73629.60,73986.60,99424509952.00,1059686514688.00,5.30%,3.22%,多头区间
2023-08-29,73780.90,78046.80,73780.90,77903.70,88234106880.00,959084822528.00,5.29%,5.77%,多头区间
2023-08-30,78017.90,80226.20,78017.90,79274.50,79524847616.00,892905848832.00,1.76%,2.83%,多头区间
2023-08-31,78951.10,80264.90,78420.30,78578.50,68970307584.00,747846828032.00,-0.88%,2.33%,多头区间
2023-09-01,78986.50,79918.90,77752.80,77884.70,63391625216.00,683835981824.00,-0.88%,2.76%,多头区间
2023-09-04,78390.10,80167.90,78378.90,79590.00,76401025024.00,821677391872.00,2.19%,2.30%,多头区间
2023-09-05,79321.30,80234.50,78559.70,78647.10,66298015744.00,740631969792.00,-1.18%,2.10%,多头区间
2023-09-06,78576.40,79154.10,78133.90,78364.50,62234341376.00,704467435520.00,-0.36%,1.30%,多头区间
2023-09-07,78212.60,78821.50,76557.40,76586.40,63945211904.00,703172182016.00,-2.27%,2.89%,多头区间
2023-09-08,76303.00,77028.20,75530.60,75549.90,55375482880.00,623473393664.00,-1.35%,1.96%,多头区间
2023-09-11,75704.90,77435.50,75584.90,76650.20,66329063424.00,771744858112.00,1.46%,2.45%,多头区间
2023-09-12,76527.80,77398.50,75622.30,75659.80,56255340544.00,655560671232.00,-1.29%,2.32%,多头区间
2023-09-13,75443.80,75990.70,73787.30,74030.30,59106545664.00,648004435968.00,-2.15%,2.91%,多头区间
2023-09-14,73965.60,74497.00,72604.90,72735.40,58623447040.00,622231879680.00,-1.75%,2.56%,多头区间
2023-09-15,72947.60,73801.70,72055.60,72407.30,60787630080.00,667851292672.00,-0.45%,2.40%,多头区间
2023-09-18,72104.90,73929.80,72070.60,72257.90,58011664384.00,650024714240.00,-0.21%,2.57%,多头区间
2023-09-19,72059.40,72422.10,70767.10,70785.70,55766376448.00,593166204928.00,-2.04%,2.29%,多头区间
2023-09-20,70583.10,71268.10,69012.10,69027.50,51126722560.00,536399216640.00,-2.48%,3.19%,空头区间
2023-09-21,68829.30,69639.80,67614.00,67631.40,51472420864.00,544760070144.00,-2.02%,2.93%,空头区间
2023-09-22,67569.80,69523.80,67569.80,69523.80,63797641216.00,714122985472.00,2.80%,2.89%,空头区间
2023-09-25,69512.20,70486.40,69141.80,69173.40,58757394432.00,668981395456.00,-0.50%,1.93%,空头区间
2023-09-26,69087.50,70095.50,68391.20,68399.10,52397543424.00,617546973184.00,-1.12%,2.46%,空头区间
2023-09-27,68417.50,69808.40,68417.50,68640.10,56976240640.00,664278859776.00,0.35%,2.03%,空头区间
2023-09-28,68957.30,69903.00,68907.60,69096.90,57397821440.00,666243891200.00,0.67%,1.45%,空头区间
2023-10-09,69109.70,70417.70,69081.20,69512.10,63598768128.00,720916709376.00,0.60%,1.93%,空头区间
2023-10-10,69905.70,70854.20,69554.10,69661.80,63729070080.00,725860155392.00,0.22%,1.87%,空头区间
2023-10-11,69837.30,71627.40,69837.30,70613.50,65041575936.00,778043785216.00,1.37%,2.57%,空头区间
2023-10-12,71155.10,72145.50,71038.80,71653.00,66226487296.00,774607405056.00,1.47%,1.57%,空头区间
2023-10-13,71230.30,72594.40,71230.30,71667.40,64602628096.00,754821890048.00,0.02%,1.90%,空头区间
2023-10-16,71678.90,72642.90,71011.80,71383.60,67214548992.00,757597405184.00,-0.40%,2.28%,空头区间
2023-10-17,71393.40,72001.00,70872.60,71062.40,62171041792.00,687912255488.00,-0.45%,1.58%,空头区间
2023-10-18,70760.70,71567.60,70097.00,70161.30,64673300480.00,716571148288.00,-1.27%,2.07%,空头区间
2023-10-19,69678.00,71447.80,69454.50,69533.10,68131983360.00,754058133504.00,-0.90%,2.84%,空头区间
2023-10-20,69178.30,70248.30,68431.90,68582.40,61968109568.00,677341298688.00,-1.37%,2.61%,空头区间
2023-10-23,68262.10,68874.20,66860.30,67303.90,64652505088.00,670158290944.00,-1.86%,2.94%,空头区间
2023-10-24,67778.70,69805.00,67642.10,68847.90,69658550272.00,751208693760.00,2.29%,3.21%,空头区间
2023-10-25,69499.50,71587.80,69469.20,70553.20,75657363456.00,821315305472.00,2.48%,3.08%,多头区间
2023-10-26,70205.10,71776.30,70205.10,71321.40,71187030016.00,792075304960.00,1.09%,2.23%,多头区间
2023-10-27,71032.70,73769.10,71032.70,73680.40,77883465728.00,898722037760.00,3.31%,3.84%,多头区间
2023-10-30,73629.50,76695.10,73629.50,76680.10,82729377792.00,954698039296.00,4.07%,4.16%,多头区间
2023-10-31,76681.60,77956.00,76469.00,76810.20,75350933504.00,851650936832.00,0.17%,1.94%,多头区间
2023-11-01,76941.10,77974.70,76486.80,76548.60,67148226560.00,756927299584.00,-0.34%,1.94%,多头区间
2023-11-02,76673.50,77290.20,75185.80,75221.40,65693769728.00,717488259072.00,-1.73%,2.75%,多头区间
2023-11-03,75398.80,77279.30,75398.80,76172.80,66046386176.00,749757136896.00,1.26%,2.50%,多头区间
2023-11-06,76890.20,79875.50,76890.20,79829.50,86473990144.00,985388810240.00,4.80%,3.92%,多头区间
2023-11-07,79643.10,81348.50,79643.10,81072.80,79642402816.00,923137212416.00,1.56%,2.14%,多头区间
2023-11-08,80929.60,82881.40,80929.60,82196.50,82955313152.00,959086919680.00,1.39%,2.41%,多头区间
2023-11-09,82061.40,83273.50,81617.40,81735.20,76144017408.00,894700290048.00,-0.56%,2.01%,多头区间
2023-11-10,81232.10,82384.40,80546.80,80588.40,66116337664.00,767815516160.00,-1.40%,2.25%,多头区间
2023-11-13,81000.80,82360.90,80838.50,81086.60,69627920384.00,807819476992.00,0.62%,1.89%,多头区间
2023-11-14,81031.80,82533.20,80994.10,81533.80,71792402432.00,821994848256.00,0.55%,1.90%,多头区间
2023-11-15,82387.60,83430.70,82216.10,82423.50,75856723968.00,911518990336.00,1.09%,1.49%,多头区间
2023-11-16,82029.10,83218.80,81091.20,81107.30,67881209856.00,788056768512.00,-1.60%,2.58%,多头区间
2023-11-17,81049.80,81822.10,80641.90,80845.50,66660749312.00,766406950912.00,-0.32%,1.46%,多头区间
2023-11-20,80996.90,82310.10,80996.90,81627.80,72961499136.00,851688882176.00,0.97%,1.62%,多头区间
2023-11-21,81787.90,83164.10,81372.60,81612.80,84147150848.00,931003367424.00,-0.02%,2.19%,多头区间
2023-11-22,81269.40,82219.80,80159.80,80171.90,75399659520.00,819651936256.00,-1.77%,2.52%,多头区间
2023-11-23,80083.50,81312.60,80020.90,80142.30,70940467200.00,774404308992.00,-0.04%,1.61%,多头区间
2023-11-24,80091.00,80522.30,78429.90,78485.90,72101208064.00,763855372288.00,-2.07%,2.61%,多头区间
2023-11-27,78346.10,79286.20,78119.00,78154.70,70941106176.00,771777757184.00,-0.42%,1.49%,多头区间
2023-11-28,77987.60,79302.10,77711.00,77947.60,63592620032.00,716280758272.00,-0.26%,2.04%,多头区间
2023-11-29,77843.80,78738.20,76840.60,76878.50,64798126080.00,716465831936.00,-1.37%,2.43%,多头区间
2023-11-30,76992.00,77803.50,75895.50,76387.40,64935505920.00,718078017536.00,-0.64%,2.48%,多头区间
2023-12-01,76255.90,77205.40,76235.80,77008.80,68749197312.00,778389618688.00,0.81%,1.27%,多头区间
2023-12-04,77234.70,78606.10,77078.80,77091.00,68817649664.00,791557242880.00,0.11%,1.98%,多头区间
2023-12-05,77081.10,77474.60,75481.30,75498.80,68161630208.00,769196294144.00,-2.07%,2.59%,多头区间
2023-12-06,75446.90,76939.00,75358.60,75748.50,68053176320.00,760970215424.00,0.33%,2.09%,多头区间
2023-12-07,75624.00,76519.20,75624.00,75662.80,67158536192.00,755472269312.00,-0.11%,1.18%,多头区间
2023-12-08,75697.20,77099.00,75697.20,76772.60,78075551744.00,867370532864.00,1.47%,1.85%,多头区间
2023-12-11,76330.90,78439.80,76260.20,78439.80,76061245440.00,838523944960.00,2.17%,2.84%,多头区间
2023-12-12,78442.90,79451.70,77949.90,78137.50,64786665472.00,730108329984.00,-0.39%,1.91%,多头区间
2023-12-13,77921.10,78675.00,76730.80,76778.70,63521767424.00,715065458688.00,-1.74%,2.49%,多头区间
2023-12-14,77227.90,77895.80,75521.50,75590.80,62419472384.00,689175658496.00,-1.55%,3.09%,多头区间
2023-12-15,75880.80,76674.30,74568.30,74723.40,63546269696.00,688337584128.00,-1.15%,2.79%,多头区间
2023-12-18,74437.80,75408.30,72998.50,73175.90,63378411520.00,650321133568.00,-2.07%,3.22%,多头区间
2023-12-19,73070.20,73948.80,71698.00,72202.70,57140408320.00,602070384640.00,-1.33%,3.08%,多头区间
2023-12-20,72307.60,72704.00,70268.50,70299.90,57719537664.00,623449210880.00,-2.64%,3.37%,空头区间
2023-12-21,70007.50,71765.70,70007.50,70872.90,62962835456.00,685241991168.00,0.82%,2.50%,空头区间
2023-12-22,70838.00,71334.60,69821.40,70106.60,67787812864.00,731506278400.00,-1.08%,2.14%,空头区间
2023-12-25,70104.00,70845.60,69079.80,69133.20,52978495488.00,566996893696.00,-1.39%,2.52%,空头区间
2023-12-26,69100.00,69265.80,67259.30,67349.30,52985147392.00,570677788672.00,-2.58%,2.90%,空头区间
2023-12-27,67575.50,67958.00,67079.20,67123.20,56365756416.00,595574784000.00,-0.34%,1.30%,空头区间
2023-12-28,66961.60,70154.20,66961.60,69908.20,73183010816.00,826229522432.00,4.15%,4.76%,多头区间
2023-12-29,69988.50,72023.30,69988.50,71535.70,66724528128.00,764230631424.00,2.33%,2.91%,多头区间
2024-01-02,71811.00,72985.80,71616.20,71649.20,67453407232.00,736274415616.00,0.16%,1.91%,多头区间
2024-01-03,71647.20,72336.00,70939.60,71196.90,63750283264.00,686985576448.00,-0.63%,1.95%,多头区间
2024-01-04,71043.80,71469.60,70082.00,70221.30,58277277696.00,630456254464.00,-1.37%,1.95%,多头区间
2024-01-05,70035.50,71017.10,68757.30,69172.40,65270243328.00,690689409024.00,-1.49%,3.22%,多头区间
2024-01-08,68974.40,69624.80,67740.00,67754.10,59496378368.00,615677034496.00,-2.05%,2.72%,多头区间
2024-01-09,68012.40,69379.60,67523.20,67799.00,59807358976.00,629315010560.00,0.07%,2.74%,多头区间
2024-01-10,67396.80,68962.10,66776.40,66776.40,57174478848.00,605541105664.00,-1.51%,3.22%,多头区间
2024-01-11,66660.90,68505.10,66660.90,68092.10,63298322432.00,667329691648.00,1.97%,2.76%,多头区间
2024-01-12,67989.10,69210.90,67219.30,67258.40,62044479488.00,634569949184.00,-1.22%,2.92%,多头区间
2024-01-15,66913.00,68407.10,66559.80,66609.00,55382503424.00,569534119936.00,-0.97%,2.75%,多头区间
2024-01-16,66537.40,67354.10,65812.60,66639.60,64002506752.00,642818310144.00,0.05%,2.31%,多头区间
2024-01-17,66374.10,66811.60,64687.50,64699.40,58466897920.00,599822696448.00,-2.91%,3.19%,空头区间
2024-01-18,64455.00,66937.20,64396.60,66937.20,81607524352.00,813373587456.00,3.46%,3.93%,空头区间
2024-01-19,66810.50,68031.30,66020.40,66031.60,58758811648.00,626270076928.00,-1.35%,3.00%,空头区间
2024-01-22,65880.10,66247.10,63577.00,64293.40,75247067136.00,743862632448.00,-2.63%,4.04%,空头区间
2024-01-23,64128.80,66170.90,63675.20,65372.80,67035017216.00,657705402368.00,1.68%,3.88%,空头区间
2024-01-24,65864.60,67070.10,64529.60,67070.10,75958648832.00,719690203136.00,2.60%,3.89%,多头区间
2024-01-25,66887.50,70694.10,66881.90,70694.10,85684985856.00,839329447936.00,5.40%,5.68%,多头区间
2024-01-26,70538.40,72410.90,70538.40,71081.50,81639604224.00,783733030912.00,0.55%,2.65%,多头区间
2024-01-29,71186.10,71784.10,69895.80,69898.20,78602477568.00,757248032768.00,-1.66%,2.66%,多头区间
2024-01-30,69239.30,70599.30,67713.40,67816.60,65848233984.00,621629145088.00,-2.98%,4.13%,空头区间
2024-01-31,67440.10,68432.00,66162.80,66365.10,78896373760.00,711154794496.00,-2.14%,3.35%,空头区间
2024-02-01,66075.60,68706.40,65735.70,66415.30,73189244928.00,656848388096.00,0.08%,4.48%,空头区间
2024-02-02,66677.80,67324.60,63455.80,65719.50,87317512192.00,754941493248.00,-1.05%,5.83%,空头区间
2024-02-05,64818.80,66809.30,63025.20,64839.10,98740715520.00,818189369344.00,-1.34%,5.76%,空头区间
2024-02-06,63595.20,70586.40,63353.10,69984.90,106674176000.00,865837187072.00,7.94%,11.16%,多头区间
2024-02-07,70044.50,73872.20,69712.30,73418.90,113236516864.00,949416951808.00,4.91%,5.94%,多头区间
2024-02-08,73749.00,78483.30,73749.00,78236.60,112566059008.00,944761012224.00,6.56%,6.45%,多头区间
2024-02-19,79523.30,82076.00,79335.50,81443.30,98831122432.00,888350310400.00,4.10%,3.50%,多头区间
2024-02-20,80959.60,82515.90,80575.00,81666.10,77170769920.00,737789018112.00,0.27%,2.38%,多头区间
2024-02-21,80636.80,85216.50,80636.80,83433.30,96484089856.00,922882408448.00,2.16%,5.61%,多头区间
2024-02-22,83521.10,85454.50,83521.10,84449.90,79327019008.00,772419158016.00,1.22%,2.32%,多头区间
2024-02-23,84973.40,86250.00,84672.20,85917.90,87831134208.00,864128204800.00,1.74%,1.87%,多头区间
2024-02-26,86050.10,87992.70,86050.10,86807.20,94035795968.00,918966763520.00,1.04%,2.26%,多头区间
2024-02-27,86315.80,89416.00,86227.20,89416.00,88158068736.00,918357671936.00,3.01%,3.67%,多头区间
2024-02-28,89644.10,92340.60,88263.30,88280.90,127661260800.00,1264137797632.00,-1.27%,4.56%,多头区间
2024-02-29,87753.30,92302.70,87753.30,91997.10,94840020992.00,976073850880.00,4.21%,5.15%,多头区间
2024-03-01,92280.10,94424.20,92280.10,93492.00,89432121344.00,982530523136.00,1.62%,2.33%,多头区间
2024-03-04,93898.90,95527.50,93696.60,94410.50,89418997760.00,1006026686464.00,0.98%,1.96%,多头区间
2024-03-05,93470.20,95300.10,93338.40,93786.70,87168819200.00,997156388864.00,-0.66%,2.08%,多头区间
2024-03-06,93331.80,95128.00,93187.50,93285.10,78692753408.00,872736948224.00,-0.53%,2.07%,多头区间
2024-03-07,93644.70,94725.10,91592.50,91595.10,86646169600.00,920907808768.00,-1.81%,3.36%,多头区间
2024-03-08,92156.90,92915.40,91386.20,91711.30,73420939264.00,802534522880.00,0.13%,1.67%,多头区间
2024-03-11,91595.60,93444.60,91595.60,93444.60,83111313408.00,940247285760.00,1.89%,2.02%,多头区间
2024-03-12,93696.10,95471.30,93686.30,94777.90,95864233984.00,1078243360768.00,1.43%,1.91%,多头区间
2024-03-13,94786.50,96085.70,94540.30,94829.50,87134830592.00,990715838464.00,0.05%,1.63%,多头区间
2024-03-14,94832.70,96139.20,93264.70,93917.80,85100331008.00,942096973824.00,-0.96%,3.03%,多头区间
2024-03-15,93794.80,94515.90,93159.80,94197.60,81647542272.00,886272163840.00,0.30%,1.44%,多头区间
2024-03-18,94772.50,96998.60,94772.50,96731.60,94485168128.00,1064521433088.00,2.69%,2.36%,多头区间
2024-03-19,96367.00,98332.10,96070.70,96101.60,89666043904.00,1009224056832.00,-0.65%,2.34%,多头区间
2024-03-20,96017.90,97402.30,96017.90,96287.80,83931619328.00,934462816256.00,0.19%,1.44%,多头区间
2024-03-21,96744.40,97936.00,96019.60,96108.60,90237509632.00,993259880448.00,-0.19%,1.99%,多头区间
2024-03-22,95859.20,96420.30,95206.00,95234.00,93732585472.00,1027103195136.00,-0.91%,1.26%,多头区间
2024-03-25,95182.50,96346.00,92981.00,93009.20,89357180928.00,976437772288.00,-2.34%,3.53%,空头区间
2024-03-26,93241.20,93938.70,91518.50,92065.50,81217241088.00,898118123520.00,-1.01%,2.60%,空头区间
2024-03-27,91780.00,91933.50,88323.10,88350.40,79284748288.00,837419204608.00,-4.04%,3.92%,空头区间
2024-03-28,88453.30,91476.30,88453.30,89862.10,81459478528.00,875832279040.00,1.71%,3.42%,空头区间
2024-03-29,89814.10,90869.90,89246.40,89556.90,76837142528.00,809254191104.00,-0.34%,1.81%,空头区间
2024-04-01,89578.40,92733.20,89578.40,91558.90,87305732096.00,942088126464.00,2.24%,3.52%,空头区间
2024-04-02,91562.10,92278.80,90140.20,90621.40,88010006528.00,915921567744.00,-1.02%,2.34%,空头区间
2024-04-03,90383.70,91000.60,89298.80,89369.00,83903660032.00,865824538624.00,-1.38%,1.88%,空头区间
2024-04-08,89225.20,90717.90,87981.60,88003.00,86580453376.00,882941820928.00,-1.53%,3.06%,空头区间
2024-04-09,87957.30,88984.90,87452.30,87609.50,73071550464.00,752195141632.00,-0.45%,1.74%,空头区间
2024-04-10,87318.10,87766.40,85180.70,85337.50,77605167104.00,784263675904.00,-2.59%,2.95%,空头区间
2024-04-11,85335.70,86669.50,84684.40,84768.50,74302038016.00,764211625984.00,-0.67%,2.33%,空头区间
2024-04-12,84887.80,85740.30,83472.50,83655.60,73454043136.00,764655828992.00,-1.31%,2.68%,空头区间
2024-04-15,83576.30,85721.20,82899.80,84031.40,98439077888.00,939976753152.00,0.45%,3.37%,空头区间
2024-04-16,83269.40,83532.30,81243.80,81329.00,96102580224.00,893697851392.00,-3.22%,2.72%,空头区间
2024-04-17,82394.10,85535.40,82394.10,85249.70,90193027072.00,864090128384.00,4.82%,3.86%,多头区间
2024-04-18,84794.60,87514.70,84786.50,85728.00,88051474432.00,895959760896.00,0.56%,3.20%,多头区间
2024-04-19,85216.10,86840.80,84686.80,84913.50,79824445440.00,813795180544.00,-0.95%,2.51%,多头区间
2024-04-22,84449.00,86476.20,83786.80,83806.10,75769356288.00,777393668096.00,-1.30%,3.17%,多头区间
2024-04-23,83964.30,84651.90,82761.10,82804.30,70624419840.00,733691445248.00,-1.20%,2.26%,多头区间
2024-04-24,83079.00,84519.70,83019.90,83576.40,70822510592.00,748486393856.00,0.93%,1.81%,多头区间
2024-04-25,83196.10,84928.80,82834.80,82886.30,69732057088.00,728009605120.00,-0.83%,2.51%,多头区间
2024-04-26,83299.50,86348.90,83299.50,86346.80,95904579584.00,1019831320576.00,4.17%,3.68%,多头区间
2024-04-29,86635.90,90867.50,86635.90,90655.90,106372841472.00,1135038824448.00,4.99%,4.90%,多头区间
2024-04-30,90817.00,92310.70,90580.40,90648.30,94488182784.00,969415000064.00,-0.01%,1.91%,多头区间
2024-05-06,92256.30,94440.60,92256.30,93664.00,95564718080.00,1038169079808.00,3.33%,2.41%,多头区间
2024-05-07,93744.40,95232.50,93608.50,93778.90,85714960384.00,910451605504.00,0.12%,1.73%,多头区间
2024-05-08,93181.00,94158.90,91621.10,91666.20,77971865600.00,812602163200.00,-2.25%,2.71%,多头区间
2024-05-09,91652.70,93494.90,91652.70,92391.00,79470542848.00,841319383040.00,0.79%,2.01%,多头区间
2024-05-10,92510.00,93034.10,91427.80,91485.10,83813343232.00,857691127808.00,-0.98%,1.74%,多头区间
2024-05-13,90814.10,92443.10,90440.20,90626.80,82709831680.00,855524507648.00,-0.94%,2.19%,多头区间
2024-05-14,90970.60,91821.40,89917.20,90020.00,75712806912.00,779100094464.00,-0.67%,2.10%,多头区间
2024-05-15,89791.40,90706.40,87760.70,87858.20,72624586752.00,721422188544.00,-2.40%,3.27%,空头区间
2024-05-16,88090.40,89291.60,87305.50,87574.10,81180999680.00,804261986304.00,-0.32%,2.26%,空头区间
2024-05-17,87557.30,88876.50,87365.40,88490.60,85186142208.00,841690578944.00,1.05%,1.73%,空头区间
2024-05-20,88733.00,90938.80,88733.00,89766.70,93392805888.00,940991053824.00,1.44%,2.49%,空头区间
2024-05-21,89302.70,90173.60,87838.00,87949.60,76553756672.00,755294863360.00,-2.02%,2.60%,空头区间
2024-05-22,87924.00,88841.20,87369.60,87450.60,77514489856.00,783963848704.00,-0.57%,1.67%,空头区间
2024-05-23,87063.40,87557.50,85187.30,85331.90,80534020096.00,800230735872.00,-2.42%,2.71%,空头区间
2024-05-24,85107.10,86238.10,83186.10,83240.40,70380724224.00,715609669632.00,-2.45%,3.58%,空头区间
2024-05-27,83680.00,84193.90,82897.50,83414.60,71369859072.00,721906565120.00,0.21%,1.56%,空头区间
2024-05-28,83103.60,84327.20,81591.90,81624.90,70145376256.00,695303340032.00,-2.15%,3.28%,空头区间
2024-05-29,81797.20,83005.60,80565.80,80705.80,67584933888.00,668100001792.00,-1.13%,2.99%,空头区间
2024-05-30,80280.60,81424.30,79111.40,79267.90,68162801664.00,678236717056.00,-1.78%,2.87%,空头区间
2024-05-31,79495.40,80556.30,78399.30,78577.50,65501650944.00,668452061184.00,-0.87%,2.72%,空头区间
2024-06-03,78534.00,79983.60,77854.80,78343.70,78033600512.00,769517027328.00,-0.30%,2.71%,空头区间
2024-06-04,78001.80,78949.80,77668.10,78225.60,70548692992.00,697328336896.00,-0.15%,1.64%,空头区间
2024-06-05,77898.20,78937.60,76313.00,76335.40,66597244928.00,642902654976.00,-2.42%,3.36%,空头区间
2024-06-06,76539.60,77365.10,75312.60,75518.50,84385939456.00,789743403008.00,-1.07%,2.69%,空头区间
2024-06-07,76222.50,77072.20,75256.80,75512.00,69122015232.00,671506563072.00,-0.01%,2.40%,空头区间
2024-06-11,75056.30,76262.00,75056.30,75460.70,64414732288.00,647393574912.00,-0.07%,1.60%,空头区间
2024-06-12,75423.20,76771.80,75407.70,75448.60,61860352000.00,637909925888.00,-0.02%,1.81%,空头区间
2024-06-13,75448.60,76558.00,74841.80,74977.80,64818241536.00,682400219136.00,-0.62%,2.27%,空头区间
2024-06-14,74767.50,76022.50,74536.90,75981.60,71200194560.00,770086862848.00,1.34%,1.98%,空头区间
2024-06-17,75638.20,77315.50,75638.20,75935.20,63160782848.00,689237786624.00,-0.06%,2.21%,空头区间
2024-06-18,75952.90,77494.10,75952.90,76293.40,64005787648.00,681524199424.00,0.47%,2.03%,空头区间
2024-06-19,76393.10,76874.30,75046.50,75063.50,60467601408.00,648561033216.00,-1.61%,2.40%,空头区间
2024-06-20,74901.90,75565.70,73462.20,73486.50,65432342528.00,650918887424.00,-2.10%,2.80%,空头区间
2024-06-21,73154.70,74374.50,72297.30,72395.70,55868858368.00,563888128000.00,-1.48%,2.83%,空头区间
2024-06-24,71887.80,72553.70,70335.50,70456.00,65062838272.00,634989248512.00,-2.68%,3.06%,空头区间
2024-06-25,70468.60,71312.70,69015.80,69361.00,60053323776.00,595719094272.00,-1.55%,3.26%,空头区间
2024-06-26,69300.00,70295.10,68965.10,70289.70,63429660672.00,596198359040.00,1.34%,1.92%,空头区间
2024-06-27,69861.20,70538.50,68397.00,68427.80,60482740224.00,584010170368.00,-2.65%,3.05%,空头区间
2024-06-28,68293.70,70357.10,68293.70,69040.10,66752823296.00,655886974976.00,0.89%,3.02%,空头区间
2024-07-01,69224.60,69876.60,69219.70,69501.90,62892265472.00,612501225472.00,0.67%,0.95%,空头区间
2024-07-02,69461.80,70530.80,68584.20,68742.20,63714693120.00,605134258176.00,-1.09%,2.80%,空头区间
2024-07-03,68690.50,69114.00,67372.60,67409.70,57516269568.00,540027617280.00,-1.94%,2.53%,空头区间
2024-07-04,67614.00,68074.10,65614.90,65627.60,61234499584.00,546680897536.00,-2.64%,3.65%,空头区间
2024-07-05,65502.00,66022.60,65082.30,65399.30,57473511424.00,536532746240.00,-0.35%,1.43%,空头区间
2024-07-08,65399.30,65669.60,63703.90,63902.30,59309035520.00,542671241216.00,-2.29%,3.01%,空头区间
2024-07-09,63838.70,66082.30,63767.30,66003.10,69291319296.00,674995372032.00,3.29%,3.62%,空头区间
2024-07-10,65657.20,67429.80,65657.20,65872.80,64186339328.00,635447148544.00,-0.20%,2.69%,空头区间
2024-07-11,66861.80,68738.30,66745.20,68225.80,73411379200.00,735488376832.00,3.57%,3.03%,空头区间
2024-07-12,67952.10,69186.10,67933.30,68024.70,65556832256.00,644667604992.00,-0.29%,1.84%,空头区间
2024-07-15,67773.50,68606.30,66786.70,66919.50,58645626880.00,560714416128.00,-1.62%,2.67%,空头区间
2024-07-16,66724.40,67597.70,66724.40,67178.10,56932982784.00,591218343936.00,0.39%,1.31%,空头区间
2024-07-17,67101.70,67613.30,66425.50,66432.50,60520062976.00,628815560704.00,-1.11%,1.77%,空头区间
2024-07-18,65740.10,67156.60,65740.10,66748.50,60128849920.00,619995267072.00,0.48%,2.13%,空头区间
2024-07-19,66274.80,67910.70,66274.80,66970.30,57842659328.00,611666034688.00,0.33%,2.45%,空头区间
2024-07-22,67090.30,68251.40,66898.30,67082.60,57886441472.00,604227043328.00,0.17%,2.02%,空头区间
2024-07-23,66993.10,67374.20,65359.30,65394.20,63162556416.00,613600329728.00,-2.52%,3.00%,空头区间
2024-07-24,65256.70,66039.40,64228.90,64391.80,63394807808.00,583852949504.00,-1.53%,2.77%,空头区间
2024-07-25,63930.70,65272.80,63762.40,63835.60,57001472000.00,551148912640.00,-0.86%,2.35%,空头区间
2024-07-26,63836.00,65360.90,63836.00,64374.60,59359744000.00,569843384320.00,0.84%,2.39%,空头区间
2024-07-29,64442.30,65264.60,63933.30,63958.60,56790237184.00,550980157440.00,-0.65%,2.07%,空头区间
2024-07-30,63641.00,64753.20,63426.90,63601.80,59094646784.00,564491976704.00,-0.56%,2.07%,空头区间
2024-07-31,63501.70,67631.30,63501.70,67631.30,88101011456.00,847032418304.00,6.34%,6.49%,多头区间
2024-08-01,67939.20,69272.90,67939.20,68214.80,75618566144.00,731682242560.00,0.86%,1.97%,多头区间
2024-08-02,67613.20,69075.20,67151.10,67267.90,71416946688.00,676675911680.00,-1.39%,2.82%,多头区间
2024-08-05,66702.10,68458.30,66338.70,66354.60,79357960192.00,740159324160.00,-1.36%,3.15%,多头区间
2024-08-06,67431.70,67997.40,66274.60,66874.60,68257054720.00,615203274752.00,0.78%,2.60%,多头区间
2024-08-07,66684.90,67685.80,66043.20,66074.10,60511879168.00,557870350336.00,-1.20%,2.46%,多头区间
2024-08-08,65770.80,66904.30,65202.70,65247.70,66444673024.00,583814807552.00,-1.25%,2.58%,多头区间
2024-08-09,65802.20,66288.70,64066.00,64066.00,64197746688.00,528441868288.00,-1.81%,3.41%,多头区间
2024-08-12,64049.60,64565.50,62322.40,62504.60,57024688128.00,465808949248.00,-2.44%,3.50%,空头区间
2024-08-13,62566.30,63198.20,61135.70,61670.00,52985044992.00,450687336448.00,-1.34%,3.30%,空头区间
2024-08-14,61653.80,61960.70,60107.20,60109.70,51819413504.00,449695907840.00,-2.53%,3.01%,空头区间
2024-08-15,60056.50,61921.90,59915.80,60513.10,65973714944.00,557038698496.00,0.67%,3.34%,空头区间
2024-08-16,60629.50,61451.70,59976.40,60062.40,64740077568.00,558381400064.00,-0.74%,2.44%,空头区间
2024-08-19,60010.20,61375.60,59644.50,59706.10,62239158272.00,538142015488.00,-0.59%,2.88%,空头区间
2024-08-20,59719.20,59957.90,58380.00,58536.90,63523995648.00,527200419840.00,-1.96%,2.64%,空头区间
2024-08-21,58260.00,59099.40,57618.40,57685.00,56245288960.00,481122222080.00,-1.46%,2.53%,空头区间
2024-08-22,57731.50,58125.00,56550.00,56672.10,59488530432.00,519054557184.00,-1.76%,2.73%,空头区间
2024-08-23,56535.40,57221.70,56128.20,56151.40,55843139584.00,479871172608.00,-0.92%,1.93%,空头区间
2024-08-26,56390.00,57374.70,56075.70,56162.70,55740080128.00,497101045760.00,0.02%,2.31%,空头区间
2024-08-27,55868.20,56360.10,54906.50,55041.30,55551606784.00,484222173184.00,-2.00%,2.59%,空头区间
2024-08-28,54845.60,55829.10,54508.50,54586.90,54628433920.00,470680928256.00,-0.83%,2.40%,空头区间
2024-08-29,54278.40,56123.00,54278.40,55694.10,64002514944.00,574317920256.00,2.03%,3.38%,空头区间
2024-08-30,55836.50,59736.80,55836.50,59490.70,89858129920.00,827995258880.00,6.82%,7.00%,多头区间
2024-09-02,59440.10,60529.30,59226.90,59260.40,75617116160.00,664474943488.00,-0.39%,2.19%,多头区间
2024-09-03,59241.70,60768.60,59241.70,59681.90,63254274048.00,547903078400.00,0.71%,2.58%,多头区间
2024-09-04,59389.60,60423.80,58843.90,58926.10,60751208448.00,530809257984.00,-1.27%,2.65%,多头区间
2024-09-05,59077.60,60152.80,58711.30,58799.70,57791954944.00,504982536192.00,-0.21%,2.45%,多头区间
2024-09-06,58802.40,59506.90,57546.10,57579.00,60479889408.00,513603567616.00,-2.08%,3.33%,多头区间
2024-09-09,57347.70,58378.70,56656.20,56817.80,58144231424.00,492455133184.00,-1.32%,2.99%,多头区间
2024-09-10,56811.30,57123.70,56248.60,56710.20,59806089216.00,500498661376.00,-0.19%,1.54%,多头区间
2024-09-11,56402.60,57306.70,55918.80,56087.10,54108311552.00,471369482240.00,-1.10%,2.45%,多头区间
2024-09-12,56331.10,57164.30,55485.70,55508.60,56516849664.00,487792705536.00,-1.03%,2.99%,多头区间
2024-09-13,55508.30,56286.90,54691.40,54743.80,58674872320.00,492316229632.00,-1.38%,2.87%,多头区间
2024-09-18,54755.50,55231.30,54050.70,54247.60,56917749760.00,451425566720.00,-0.91%,2.16%,多头区间
2024-09-19,54255.30,56789.20,54255.30,55867.10,71519485952.00,595926122496.00,2.99%,4.67%,多头区间
2024-09-20,55841.00,56599.50,55561.80,56057.10,65703763968.00,547345956864.00,0.34%,1.86%,多头区间
2024-09-23,56018.30,57290.70,55983.30,56108.00,61157330944.00,523420991488.00,0.09%,2.33%,多头区间
2024-09-24,56604.80,61644.10,56604.80,61644.10,104376999936.00,923532263424.00,9.87%,8.98%,多头区间
2024-09-25,62196.80,67172.30,62196.80,66632.40,126151655424.00,1104653975552.00,8.09%,8.07%,多头区间
2024-09-26,66479.80,73206.00,66479.80,73206.00,125895598080.00,1108259504128.00,9.87%,10.09%,多头区间
2024-09-27,75077.30,82601.90,75077.30,82601.90,141965950976.00,1395252920320.00,12.83%,10.28%,多头区间
2024-09-30,87276.50,105609.20,87276.50,105609.20,236376899584.00,2429411393536.00,27.85%,22.19%,多头区间
2024-10-08,119150.30,132256.91,118610.10,132256.91,281649479680.00,3197361979392.00,25.23%,12.92%,多头区间
2024-10-09,127424.20,140071.41,125674.30,133169.70,219096547328.00,2661894586368.00,0.69%,10.89%,多头区间
2024-10-10,135332.11,141295.41,132716.91,136360.70,174773272576.00,1971840483328.00,2.40%,6.44%,多头区间
2024-10-11,134701.61,136193.91,130079.60,131699.80,133478195200.00,1450760339456.00,-3.42%,4.48%,空头区间
2024-10-14,132799.50,137509.61,132041.20,136502.41,136230748160.00,1516459130880.00,3.65%,4.15%,空头区间
2024-10-15,134694.70,140110.20,133625.20,133626.91,133287182336.00,1522860163072.00,-2.11%,4.75%,空头区间
2024-10-16,131857.50,135883.30,131201.11,131918.70,119070752768.00,1295470034944.00,-1.28%,3.50%,空头区间
2024-10-17,133425.70,135476.91,130336.40,130428.10,125863313408.00,1397996388352.00,-1.13%,3.90%,空头区间
2024-10-18,130348.50,141578.41,130146.50,139167.41,159595986944.00,1923829989376.00,6.70%,8.76%,多头区间
2024-10-21,140184.91,146970.91,140121.11,144396.70,157375332352.00,1965173899264.00,3.76%,4.92%,多头区间
2024-10-22,143993.20,147690.30,143993.20,145463.91,145563254784.00,1754573570048.00,0.74%,2.56%,多头区间
2024-10-23,145424.70,149137.20,144766.00,146161.70,152676958208.00,1785358974976.00,0.48%,3.01%,多头区间
2024-10-24,145714.70,147095.80,142973.70,143162.11,123614617600.00,1411351576576.00,-2.05%,2.82%,多头区间
2024-10-25,143997.11,147893.80,143866.00,145305.91,141967081472.00,1640112324608.00,1.50%,2.81%,多头区间
2024-10-28,145710.70,149562.11,145648.11,148145.20,159244926976.00,1746877284352.00,1.95%,2.69%,多头区间
2024-10-29,149048.20,152171.50,147558.61,147626.41,171559272448.00,1925001904128.00,-0.35%,3.11%,多头区间
2024-10-30,147011.30,150516.70,147011.30,148013.50,156353052672.00,1726862327808.00,0.26%,2.37%,多头区间
2024-10-31,148663.91,154032.20,148506.11,152218.41,184371085312.00,2075968405504.00,2.84%,3.73%,多头区间
2024-11-01,151785.00,154772.20,149604.11,149611.70,199538442240.00,2106145636352.00,-1.71%,3.40%,多头区间
2024-11-04,149339.91,153579.20,149339.91,151049.20,146115739648.00,1598115676160.00,0.96%,2.83%,多头区间
2024-11-05,151102.50,159146.00,151076.50,158826.00,185267978240.00,2152146534400.00,5.15%,5.34%,多头区间
2024-11-06,159836.50,165100.91,159836.50,162712.80,206124564480.00,2399409012736.00,2.45%,3.31%,多头区间
2024-11-07,160920.41,169428.41,160920.41,169428.41,213685698560.00,2359880056832.00,4.13%,5.23%,多头区间
2024-11-08,172197.50,176576.50,171741.50,172519.50,215920377856.00,2486064119808.00,1.82%,2.85%,多头区间
2024-11-11,171857.41,178330.50,171857.41,177874.11,187349843968.00,2285227474944.00,3.10%,3.75%,多头区间
2024-11-12,178237.00,181610.30,175508.80,177343.50,189586407424.00,2345923248128.00,-0.30%,3.43%,多头区间
2024-11-13,177328.80,179150.70,174770.00,175899.00,153957302272.00,1852084584448.00,-0.81%,2.47%,多头区间
2024-11-14,175716.80,176694.50,168059.11,168309.30,142951055360.00,1696804372480.00,-4.31%,4.91%,空头区间
2024-11-15,168270.30,170430.70,162011.91,162051.61,143357673472.00,1693411311616.00,-3.72%,5.00%,空头区间
2024-11-18,163496.00,164884.41,156269.30,157165.91,157874552832.00,1640983298048.00,-3.01%,5.32%,空头区间
2024-11-19,157496.80,159695.00,153311.61,157935.61,136299757568.00,1452299124736.00,0.49%,4.06%,空头区间
2024-11-20,157209.61,160375.41,157209.61,157938.30,134659629056.00,1499596324864.00,0.00%,2.00%,空头区间
2024-11-21,157488.41,159568.11,154849.61,155565.20,131475832832.00,1494492381184.00,-1.50%,2.99%,空头区间
2024-11-22,155109.00,156811.41,149106.80,149170.11,151966040064.00,1666691235840.00,-4.11%,4.95%,空头区间
2024-11-25,150115.50,150684.11,145005.91,147162.00,127952248832.00,1391437545472.00,-1.35%,3.81%,空头区间
2024-11-26,146566.50,148822.41,142089.50,142163.41,115893501952.00,1226811375616.00,-3.40%,4.58%,空头区间
2024-11-27,142057.61,143796.70,140367.50,143200.30,127654969344.00,1357610745856.00,0.73%,2.41%,空头区间
2024-11-28,143318.61,145241.30,140482.80,140673.11,133373460480.00,1390976958464.00,-1.76%,3.32%,空头区间
2024-11-29,140639.30,145092.30,140398.70,142783.41,143786999808.00,1589003550720.00,1.50%,3.34%,空头区间
2024-12-02,142989.00,147605.91,142989.00,145709.20,156850274304.00,1666613903360.00,2.05%,3.23%,空头区间
2024-12-03,145932.61,147401.50,144438.70,144954.11,156888662016.00,1611044487168.00,-0.52%,2.03%,空头区间
2024-12-04,144943.61,146181.41,141577.91,142268.70,151701438464.00,1552053960704.00,-1.85%,3.18%,空头区间
2024-12-05,141775.70,144542.30,141509.50,141868.00,135725137920.00,1398217113600.00,-0.28%,2.13%,空头区间
2024-12-06,142097.61,145423.11,142097.61,143317.61,168956379136.00,1671266697216.00,1.02%,2.34%,空头区间
2024-12-09,143310.70,145567.20,141568.80,141818.50,161726955520.00,1530678738944.00,-1.05%,2.79%,空头区间
2024-12-10,147003.11,149857.30,145480.20,145857.91,192342917120.00,2055813070848.00,2.85%,3.09%,空头区间
2024-12-11,145312.30,148440.41,145312.30,146748.41,165554159616.00,1651228409856.00,0.61%,2.14%,空头区间
2024-12-12,146737.70,149118.50,146737.70,148199.00,170504404992.00,1746198200320.00,0.99%,1.62%,空头区间
2024-12-13,146944.70,149205.20,146723.80,147010.50,180856389632.00,1918803771392.00,-0.80%,1.67%,空头区间
2024-12-16,147302.50,148476.50,144051.30,144681.80,151655841792.00,1589210120192.00,-1.58%,3.01%,空头区间
2024-12-17,144256.50,145281.00,139376.41,139505.50,139882643456.00,1421040680960.00,-3.58%,4.08%,空头区间
2024-12-18,139520.70,141243.20,137756.30,138170.61,122616365056.00,1264251961344.00,-0.96%,2.50%,空头区间
2024-12-19,136580.91,138799.20,136580.91,136743.11,124566487040.00,1337848627200.00,-1.03%,1.61%,空头区间
2024-12-20,136453.80,139120.80,136398.30,136637.61,118611795968.00,1368797609984.00,-0.08%,1.99%,空头区间
2024-12-23,136574.80,137540.11,132086.30,132127.11,131654230016.00,1397173780480.00,-3.30%,3.99%,空头区间
2024-12-24,132886.91,134145.11,130642.30,131643.00,110865989632.00,1203331268608.00,-0.37%,2.65%,空头区间
2024-12-25,131452.91,131667.70,127742.20,128136.40,111156346880.00,1175893180416.00,-2.66%,2.98%,空头区间
2024-12-26,128003.80,130347.10,127775.30,127977.60,98793332736.00,1157216731136.00,-0.12%,2.01%,空头区间
2024-12-27,128048.90,130530.00,127331.20,127434.20,114999705600.00,1311180587008.00,-0.42%,2.50%,空头区间
2024-12-30,127435.50,129072.00,125361.40,125551.00,103846289408.00,1175864737792.00,-1.48%,2.91%,空头区间
2024-12-31,125712.10,126018.20,121367.50,121405.90,112108666880.00,1246816501760.00,-3.30%,3.70%,空头区间
2025-01-02,121246.40,122712.80,117546.90,118723.80,121365856256.00,1295843459072.00,-2.21%,4.26%,空头区间
2025-01-03,119194.20,119681.20,114169.70,114395.90,117584101376.00,1181972692992.00,-3.65%,4.64%,空头区间
2025-01-06,114169.70,116288.90,111313.60,112041.50,99407224832.00,982548742144.00,-2.06%,4.35%,空头区间
2025-01-07,112150.80,113921.80,111270.30,112919.90,97522638848.00,991996280832.00,0.78%,2.37%,空头区间
2025-01-08,112072.60,113621.90,109918.60,112561.10,112900489216.00,1144719278080.00,-0.32%,3.28%,空头区间
2025-01-09,112264.90,114320.00,111432.50,111432.50,96482287616.00,1027664969728.00,-1.00%,2.57%,空头区间
2025-01-10,111318.50,112715.60,107812.70,107813.60,99419832320.00,1050746880000.00,-3.25%,4.40%,空头区间
2025-01-13,106390.90,109204.40,105256.00,105852.20,85537529856.00,885039628288.00,-1.82%,3.66%,空头区间
2025-01-14,106520.20,111580.50,106191.90,111580.50,112996646912.00,1240262770688.00,5.41%,5.09%,多头区间
2025-01-15,111334.00,113174.90,109966.40,110204.20,100602044416.00,1094782877696.00,-1.23%,2.88%,多头区间
2025-01-16,111055.70,113638.60,110252.20,110469.80,108375670784.00,1166272626688.00,0.24%,3.07%,多头区间
2025-01-17,109906.90,111472.60,109515.40,109633.40,93379551232.00,1033290579968.00,-0.76%,1.77%,多头区间
2025-01-20,110761.30,112896.20,109507.90,109932.80,96600965120.00,1090463072256.00,0.27%,3.09%,多头区间
2025-01-21,110596.00,111228.30,109488.60,110001.90,95563948032.00,1099354341376.00,0.06%,1.58%,多头区间
2025-01-22,109356.70,110668.70,107872.80,108216.90,87406100480.00,1041695506432.00,-1.62%,2.54%,多头区间
2025-01-23,108367.20,112579.70,108367.20,108390.30,107774509056.00,1246291165184.00,0.16%,3.89%,多头区间
2025-01-24,108234.90,110702.40,108234.90,109924.70,96141688832.00,1122137276416.00,1.42%,2.28%,多头区间
2025-01-27,110298.60,111312.80,107063.50,107063.50,89518252032.00,1023526436864.00,-2.60%,3.87%,空头区间
2025-02-05,108270.80,110094.70,108211.90,108426.50,95759278080.00,1158929711104.00,1.27%,1.76%,空头区间
2025-02-06,108167.40,113249.30,108167.40,113249.30,113426268160.00,1388547932160.00,4.45%,4.69%,多头区间
2025-02-07,113409.70,119626.50,113409.70,119402.50,144359260160.00,1791408603136.00,5.43%,5.49%,多头区间
2025-02-10,120073.10,123248.30,119972.70,123248.30,132142194688.00,1574640287744.00,3.22%,2.74%,多头区间
2025-02-11,123183.70,125351.70,122996.60,123740.90,124366389248.00,1496962695168.00,0.40%,1.91%,多头区间
2025-02-12,123426.10,126761.10,123426.10,126761.10,123749679104.00,1533437804544.00,2.44%,2.70%,多头区间
2025-02-13,126657.60,128914.20,126657.60,127117.20,137017901056.00,1674684268544.00,0.28%,1.78%,多头区间
2025-02-14,127212.10,129482.90,127212.10,128676.80,128058195968.00,1573267439616.00,1.23%,1.79%,多头区间
2025-02-17,129886.70,133417.11,129873.00,132186.41,141500235776.00,1785829523456.00,2.73%,2.75%,多头区间
2025-02-18,131659.50,133437.00,129451.20,130077.30,136558731264.00,1656354111488.00,-1.60%,3.02%,多头区间
2025-02-19,130198.40,134103.91,130198.40,133697.00,121114411008.00,1563688435712.00,2.78%,3.00%,多头区间
2025-02-20,134298.91,136947.41,134298.91,135330.30,124628860928.00,1607890501632.00,1.22%,1.98%,多头区间
2025-02-21,136189.30,141436.91,136189.30,141183.20,146295963648.00,1977867436032.00,4.32%,3.88%,多头区间
2025-02-24,141048.20,145256.00,140867.80,143052.00,143256256512.00,1890518695936.00,1.32%,3.11%,多头区间
2025-02-25,140524.50,144885.80,140524.50,142605.80,129562566656.00,1714983665664.00,-0.31%,3.05%,多头区间
2025-02-26,143292.50,146011.20,142993.50,145079.70,134735519744.00,1744614981632.00,1.73%,2.12%,多头区间
2025-02-27,145084.20,146914.61,143614.20,145414.00,146974392320.00,2004242792448.00,0.23%,2.27%,多头区间
2025-02-28,144389.61,145185.30,139826.61,140370.70,139310333952.00,1866642882560.00,-3.47%,3.69%,空头区间
2025-03-03,141296.30,144425.11,138658.70,139580.30,122686128128.00,1624429953024.00,-0.56%,4.11%,空头区间
2025-03-04,138223.80,141015.80,138223.80,139091.50,106448461824.00,1435348631552.00,-0.35%,2.00%,空头区间
2025-03-05,139290.00,140621.20,138271.61,138593.41,112875118592.00,1493602795520.00,-0.36%,1.69%,空头区间
2025-03-06,139178.11,143704.50,139178.11,142652.91,135984144384.00,1906152177664.00,2.93%,3.27%,空头区间
2025-03-07,142008.70,144802.50,140906.11,141813.11,133739552768.00,1817966280704.00,-0.59%,2.73%,空头区间
2025-03-10,142095.00,143423.50,140153.80,140342.41,112474284032.00,1505389707264.00,-1.04%,2.31%,空头区间
2025-03-11,138622.70,141553.61,138272.91,139409.30,111811854336.00,1481633038336.00,-0.66%,2.34%,空头区间
2025-03-12,140288.11,142001.80,139358.61,139404.61,125845520384.00,1683510263808.00,-0.00%,1.90%,空头区间
2025-03-13,139175.41,139853.61,136012.11,136728.00,124862930944.00,1606397984768.00,-1.92%,2.76%,空头区间
2025-03-14,136639.80,140859.80,136501.00,140625.50,134016802816.00,1791501402112.00,2.85%,3.19%,空头区间
2025-03-17,141248.11,143707.41,140242.30,140498.11,121657810944.00,1572730044416.00,-0.09%,2.46%,空头区间
2025-03-18,141074.11,142952.30,139781.61,140014.20,112461438976.00,1519439446016.00,-0.34%,2.26%,空头区间
2025-03-19,139388.91,140625.00,137235.20,137734.41,109813350400.00,1466232864768.00,-1.63%,2.42%,空头区间
2025-03-20,137442.41,138845.00,135430.30,135613.11,111133990912.00,1441304805376.00,-1.54%,2.48%,空头区间
2025-03-21,134990.41,136429.70,132295.11,132520.50,125791084544.00,1550423293952.00,-2.28%,3.05%,空头区间
2025-03-24,132647.30,133364.41,128733.00,130974.20,124423864320.00,1450380230656.00,-1.17%,3.49%,空头区间
2025-03-25,130722.20,132032.30,127414.80,127798.80,105850691584.00,1258000613376.00,-2.42%,3.53%,空头区间
2025-03-26,127579.70,130115.60,126175.40,126229.30,99046449152.00,1154075852800.00,-1.23%,3.08%,空头区间
2025-03-27,125761.80,127886.70,123891.80,123981.60,98774065152.00,1190381355008.00,-1.78%,3.16%,空头区间
2025-03-28,123982.50,125092.20,120870.50,120881.80,96239517696.00,1118771216384.00,-2.50%,3.41%,空头区间
2025-03-31,120675.80,121468.90,118195.10,119045.00,103871963136.00,1221300322304.00,-1.52%,2.71%,空头区间
2025-04-01,119548.30,121327.40,118027.40,118092.50,92796190720.00,1131944738816.00,-0.80%,2.77%,空头区间
2025-04-02,118071.60,119733.30,115663.80,115880.20,80880590848.00,974301036544.00,-1.87%,3.45%,空头区间
2025-04-03,115028.40,117151.60,113728.20,113744.50,92271427584.00,1137459593216.00,-1.84%,2.95%,空头区间
2025-04-07,107519.10,109446.90,104364.90,105722.20,139040096256.00,1587079544832.00,-7.05%,4.47%,空头区间
2025-04-08,105292.30,109957.00,105292.30,109957.00,148031094784.00,1625285591040.00,4.01%,4.41%,多头区间
2025-04-09,107776.80,116588.70,106100.90,116313.40,155645919232.00,1699274293248.00,5.78%,9.54%,多头区间
2025-04-10,119199.60,123984.40,119178.30,121111.20,138842341376.00,1609186541568.00,4.12%,4.13%,多头区间
2025-04-11,120405.70,123650.50,120405.70,122032.20,111300599808.00,1348480794624.00,0.76%,2.68%,多头区间
2025-04-14,123694.60,125999.10,122765.50,122889.10,110090240000.00,1277280518144.00,0.70%,2.65%,多头区间
2025-04-15,122795.50,123307.70,120003.30,120345.60,94086569984.00,1077039202304.00,-2.07%,2.69%,多头区间
2025-04-16,120000.70,120683.50,116502.70,117571.50,98462449664.00,1111714955264.00,-2.31%,3.47%,空头区间
2025-04-17,116867.30,119318.10,115368.30,115458.70,87558561792.00,999336312832.00,-1.80%,3.36%,空头区间
2025-04-18,115258.30,115866.60,112343.70,112518.50,84492886016.00,914518310912.00,-2.55%,3.05%,空头区间
2025-04-21,112389.20,114587.10,112290.80,112996.80,91292073984.00,1041175347200.00,0.43%,2.04%,空头区间
2025-04-22,113016.50,114386.00,111564.60,111599.60,97251344384.00,1089829208064.00,-1.24%,2.50%,空头区间
2025-04-23,112536.20,113815.50,111956.10,112011.20,103248830464.00,1229580664832.00,0.37%,1.67%,空头区间
2025-04-24,111828.30,113433.00,109877.20,110013.10,97177419776.00,1108858241024.00,-1.78%,3.17%,空头区间
2025-04-25,110358.70,111857.10,109441.40,109493.00,99267338240.00,1113407356928.00,-0.47%,2.20%,空头区间
2025-04-28,109456.20,110542.60,107467.30,107479.50,96690298880.00,1056155107328.00,-1.84%,2.81%,空头区间
2025-04-29,107175.30,109380.20,106671.70,106803.10,89689849856.00,1021926178816.00,-0.63%,2.52%,空头区间
2025-04-30,106985.40,109207.60,106985.40,107598.30,99433988096.00,1169124884480.00,0.74%,2.08%,空头区间
2025-05-06,108702.20,111778.70,108702.20,111401.50,110789533696.00,1335983472640.00,3.53%,2.86%,多头区间
2025-05-07,113307.60,114854.80,112505.10,113464.00,122049814528.00,1468097626112.00,1.85%,2.11%,多头区间
2025-05-08,113002.40,115721.40,113002.40,114388.30,106697867264.00,1293258457088.00,0.81%,2.40%,多头区间
2025-05-09,114134.20,115118.60,112275.20,112382.40,99894640640.00,1191885668352.00,-1.75%,2.49%,多头区间
2025-05-12,113466.50,116043.30,113414.80,114623.10,101293195264.00,1308275638272.00,1.99%,2.34%,多头区间
2025-05-13,115724.10,117160.50,114100.40,114321.00,103921786880.00,1291365253120.00,-0.26%,2.67%,多头区间
2025-05-14,114321.90,116001.40,114270.10,115190.50,108716032000.00,1316599234560.00,0.76%,1.51%,多头区间
2025-05-15,114739.20,115733.60,112458.70,112517.80,99508862976.00,1152244645888.00,-2.32%,2.84%,空头区间
2025-05-16,112204.70,114041.60,111462.60,111555.70,93634338816.00,1089431273472.00,-0.86%,2.29%,空头区间
2025-05-19,111559.50,112510.80,110605.40,110729.10,95656673280.00,1086305206272.00,-0.74%,1.71%,空头区间
2025-05-20,110888.60,112299.60,110731.10,110875.60,100462157824.00,1169533042688.00,0.13%,1.42%,空头区间
2025-05-21,110622.20,111992.90,109984.20,110080.50,99182682112.00,1173260730368.00,-0.72%,1.81%,空头区间
2025-05-22,109677.10,111253.20,107942.30,108079.60,95114928128.00,1102519992320.00,-1.82%,3.01%,空头区间
2025-05-23,107812.00,109451.50,106511.00,106633.90,96184401920.00,1155386179584.00,-1.34%,2.72%,空头区间
2025-05-26,106633.50,108236.90,105774.90,106018.80,83163611136.00,1009772593152.00,-0.58%,2.31%,空头区间
2025-05-27,105826.30,106493.70,104198.50,104325.40,84178829312.00,998754222080.00,-1.60%,2.16%,空头区间
2025-05-28,104421.90,105233.50,102646.90,102745.90,87676551168.00,1009750769664.00,-1.51%,2.48%,空头区间
2025-05-29,102748.00,105631.50,102748.00,104462.40,100534943744.00,1185231142912.00,1.67%,2.81%,空头区间
2025-05-30,104114.80,105050.60,102749.90,102945.50,98101706752.00,1138815926272.00,-1.45%,2.20%,空头区间
2025-06-03,102669.20,105374.20,102669.20,103736.60,95833505792.00,1141194883072.00,0.77%,2.63%,空头区间
2025-06-04,103912.80,105865.70,103912.80,104614.90,97419501568.00,1152852688896.00,0.85%,1.88%,空头区间
2025-06-05,104704.60,106110.50,104703.00,106062.50,103531798528.00,1290192027648.00,1.38%,1.35%,空头区间
2025-06-06,105989.50,107404.30,105369.70,105562.40,94324736000.00,1151842123776.00,-0.47%,1.92%,空头区间
2025-06-09,105950.30,108799.70,105950.30,107672.90,104249229312.00,1286224871424.00,2.00%,2.70%,空头区间
2025-06-10,107700.50,109005.50,107511.70,108323.20,119258816512.00,1415179796480.00,0.60%,1.39%,空头区间
2025-06-11,108485.90,110783.40,108485.90,109049.10,103964770304.00,1255274184704.00,0.67%,2.12%,空头区间
2025-06-12,108656.50,110801.20,108656.50,109630.30,101495095296.00,1271629873152.00,0.53%,1.97%,空头区间
2025-06-13,109319.80,110668.40,109319.80,109980.10,120848048128.00,1467064778752.00,0.32%,1.23%,空头区间
2025-06-16,109758.00,112614.00,109758.00,110794.00,97373224960.00,1214911217664.00,0.74%,2.60%,空头区间
2025-06-17,110977.00,112218.60,109735.90,110031.90,98675892224.00,1207077437440.00,-0.69%,2.24%,空头区间
2025-06-18,109758.90,110828.20,109350.90,109404.60,96631840768.00,1190925828096.00,-0.57%,1.34%,空头区间
2025-06-19,109193.50,110189.90,107339.20,107661.60,102540173312.00,1250504343552.00,-1.59%,2.61%,空头区间
2025-06-20,107569.60,108515.10,105553.60,105763.70,86673186816.00,1067586945024.00,-1.76%,2.75%,空头区间
2025-06-23,105466.10,107714.00,105466.10,106710.60,92274876416.00,1122456961024.00,0.90%,2.13%,空头区间
2025-06-24,106701.40,110672.90,106701.40,109877.50,112782385152.00,1414273302528.00,2.97%,3.72%,空头区间
2025-06-25,110190.60,113897.40,110190.60,113817.60,123121451008.00,1602535161856.00,3.59%,3.37%,多头区间
2025-06-26,113777.60,116708.20,113777.60,115398.40,121785925632.00,1582954708992.00,1.39%,2.57%,多头区间
2025-06-27,115786.60,118636.20,115786.60,117183.50,122193092608.00,1540935647232.00,1.55%,2.47%,多头区间
2025-06-30,117814.10,120454.50,117814.10,119755.20,113336754176.00,1486636843008.00,2.19%,2.25%,多头区间
2025-07-01,119850.80,121602.90,119802.40,120338.80,113965604864.00,1465804652544.00,0.49%,1.50%,多头区间
2025-07-02,120006.50,121273.80,118914.50,119171.70,117616369664.00,1376726679552.00,-0.97%,1.96%,多头区间
2025-07-03,119369.20,120958.20,119369.20,119579.70,107736391680.00,1309586751488.00,0.34%,1.33%,多头区间
2025-07-04,119573.30,121302.50,119233.80,119434.00,116722237440.00,1428364853248.00,-0.12%,1.73%,多头区间
2025-07-07,119216.80,121054.90,118358.70,118530.80,101500633088.00,1208496816128.00,-0.76%,2.26%,多头区间
2025-07-08,118516.60,121124.10,118516.60,120810.40,115925204992.00,1453764116480.00,1.92%,2.20%,多头区间
2025-07-09,120923.20,123228.50,120850.80,121306.80,122674561024.00,1504976175104.00,0.41%,1.97%,多头区间
2025-07-10,121265.80,123194.70,121265.80,122261.20,126580482048.00,1493936111616.00,0.79%,1.59%,多头区间
2025-07-11,122262.00,125967.20,122262.00,125426.90,140670074880.00,1711843966976.00,2.59%,3.03%,多头区间
2025-07-14,125629.20,127860.00,125629.20,125918.60,121830907904.00,1458457673728.00,0.39%,1.78%,多头区间
2025-07-15,126008.90,128253.60,126008.90,127144.30,129782792192.00,1611801296896.00,0.97%,1.78%,多头区间
2025-07-16,127133.60,129515.50,127123.30,127335.60,108705316864.00,1441853734912.00,0.15%,1.88%,多头区间
2025-07-17,127348.30,129699.30,127348.30,129536.60,110722998272.00,1539116367872.00,1.73%,1.85%,多头区间
2025-07-18,129895.40,132236.91,129895.40,130529.70,113773477888.00,1570855976960.00,0.77%,1.81%,多头区间
2025-07-21,130832.10,134131.80,130832.10,133520.61,136549138432.00,1699687038976.00,2.29%,2.53%,多头区间
2025-07-22,133527.30,136944.61,133527.30,136936.50,150159065088.00,1892724899840.00,2.56%,2.56%,多头区间
2025-07-23,136959.11,140095.80,136900.50,138722.11,153990840320.00,1864274673664.00,1.30%,2.33%,多头区间
2025-07-24,138979.11,142706.20,138979.11,142630.50,151477420032.00,1844401799168.00,2.82%,2.69%,多头区间
2025-07-25,142961.00,145385.80,142961.00,144062.11,142083620864.00,1786982170624.00,1.00%,1.70%,多头区间
2025-07-28,144425.80,147464.20,144378.50,145981.11,127721046016.00,1741913980928.00,1.33%,2.14%,多头区间
2025-07-29,145850.91,148306.30,145850.91,148110.91,129778089984.00,1802887757824.00,1.46%,1.68%,多头区间
2025-07-30,147726.41,150148.11,147191.80,148188.70,135043317760.00,1843965067264.00,0.05%,2.00%,多头区间
2025-07-31,148146.11,150709.11,147698.41,148448.80,139516116992.00,1935750332416.00,0.18%,2.03%,多头区间
2025-08-01,148448.50,150568.80,147179.11,147273.91,113339318272.00,1598153687040.00,-0.79%,2.28%,多头区间
2025-08-04,146602.91,149088.50,146602.91,147321.41,104642650112.00,1498392166400.00,0.03%,1.69%,多头区间
2025-08-05,147959.80,149809.61,147314.20,147676.80,113704804352.00,1595846426624.00,0.24%,1.69%,多头区间
2025-08-06,147475.61,149930.00,147475.61,148912.00,120765423616.00,1733773623296.00,0.84%,1.66%,多头区间
2025-08-07,149265.61,151103.41,149265.61,149519.20,124619726848.00,1825228849152.00,0.41%,1.23%,多头区间
2025-08-08,149262.30,151495.91,148814.00,148938.00,120761171968.00,1709998473216.00,-0.39%,1.79%,多头区间
2025-08-11,149440.91,152857.91,149440.91,151689.20,126439792640.00,1826691219456.00,1.85%,2.29%,多头区间
2025-08-12,152191.61,154513.20,152191.61,153339.30,124512092160.00,1881105760256.00,1.09%,1.53%,多头区间
2025-08-13,153638.61,158018.70,153638.61,158018.70,140796133376.00,2150523994112.00,3.05%,2.86%,多头区间
2025-08-14,158191.91,161501.70,158190.30,158891.30,151494328320.00,2278897483776.00,0.55%,2.10%,多头区间
2025-08-15,158855.20,164300.20,158855.20,164299.00,147650641920.00,2244262494208.00,3.40%,3.43%,多头区间
2025-08-18,165633.61,173341.20,165633.61,172964.00,177686953984.00,2763666489344.00,5.27%,4.69%,多头区间
2025-08-19,172907.70,177819.50,172879.61,176210.80,163768713216.00,2587785691136.00,1.88%,2.86%,多头区间
2025-08-20,175060.50,179231.70,174756.91,179231.70,157251616768.00,2407727628288.00,1.71%,2.54%,多头区间
2025-08-21,180000.80,183042.30,178849.41,179874.80,160582418432.00,2423516561408.00,0.36%,2.34%,多头区间
2025-08-22,180047.11,185830.20,180047.11,185830.20,158850777088.00,2546202574848.00,3.31%,3.22%,多头区间
2025-08-25,188271.11,195632.80,188271.11,195554.11,195436363776.00,3140392845312.00,5.23%,3.96%,多头区间
2025-08-26,194437.00,199144.80,194437.00,196921.80,170050338816.00,2677586264064.00,0.70%,2.41%,多头区间
2025-08-27,197541.91,202471.91,197541.91,198303.20,200077230080.00,3164916678656.00,0.70%,2.50%,多头区间
2025-08-28,198300.80,205870.20,198300.80,205816.91,184797741056.00,2970359955456.00,3.79%,3.82%,多头区间
2025-08-29,205720.20,211089.30,205291.70,207932.50,163888398336.00,2797901709312.00,1.03%,2.82%,多头区间
2025-09-01,209425.61,213327.50,209425.61,211616.41,165305401344.00,2749602725888.00,1.77%,1.88%,多头区间
2025-09-02,211441.61,213128.41,207467.70,208625.80,175280111616.00,2874648035328.00,-1.41%,2.67%,多头区间
2025-09-03,209339.91,210996.91,203383.30,204390.30,150159769600.00,2363666202624.00,-2.03%,3.65%,多头区间
2025-09-04,205002.30,206840.41,196348.30,199234.61,160883965952.00,2543932669952.00,-2.52%,5.13%,空头区间
2025-09-05,199511.70,204187.50,198721.80,204177.50,144185311232.00,2304300810240.00,2.48%,2.74%,空头区间
2025-09-08,204713.61,208435.91,204566.61,204945.80,148151664640.00,2418422841344.00,0.38%,1.90%,空头区间
2025-09-09,203789.91,206700.30,199950.11,200049.50,135768686592.00,2118143180800.00,-2.39%,3.29%,空头区间
2025-09-10,200425.50,203600.20,197820.61,197825.00,125067476992.00,1977839386624.00,-1.11%,2.89%,空头区间
2025-09-11,197809.11,204477.00,197248.30,203437.80,145188110336.00,2437371396096.00,2.84%,3.65%,空头区间
2025-09-12,203508.61,207995.61,203340.80,203862.80,156816932864.00,2520597659648.00,0.21%,2.29%,空头区间
2025-09-15,204519.00,207707.50,202427.20,202576.30,144305111040.00,2277167333376.00,-0.63%,2.59%,空头区间
2025-09-16,203319.00,205996.91,203275.20,203742.80,156271034368.00,2341166645248.00,0.58%,1.34%,空头区间
2025-09-17,203337.30,207128.11,203337.30,204472.91,151656022016.00,2376475869184.00,0.36%,1.86%,空头区间
2025-09-18,204396.30,210104.00,204028.11,206921.20,194885550080.00,3134769594368.00,1.20%,2.97%,空头区间
2025-09-19,207098.11,209853.00,203894.70,204085.20,150127394816.00,2323481100288.00,-1.37%,2.88%,空头区间
2025-09-22,204797.80,207472.00,202910.70,203763.50,129010106368.00,2121245917184.00,-0.16%,2.23%,空头区间
2025-09-23,204575.41,205831.91,198777.00,202295.20,156182020096.00,2494066327552.00,-0.72%,3.46%,空头区间
2025-09-24,202229.11,205546.70,200529.30,204139.50,132919484416.00,2326466658304.00,0.91%,2.48%,空头区间
2025-09-25,204052.20,208432.61,203628.50,203665.50,132993507328.00,2370850521088.00,-0.23%,2.35%,空头区间
2025-09-26,202750.20,205280.80,198120.00,198137.30,124524609536.00,2146650816512.00,-2.71%,3.52%,空头区间
2025-09-29,198898.70,202273.41,198898.70,200086.20,128383074304.00,2161209769984.00,0.98%,1.70%,空头区间
2025-09-30,201068.50,204161.20,200109.41,200276.91,122770997248.00,2181107023872.00,0.10%,2.03%,空头区间
2025-10-09,202089.00,208166.80,202089.00,205121.00,152136187904.00,2652688089088.00,2.42%,3.03%,空头区间
2025-10-10,204035.70,207384.30,200619.70,201434.61,149836201984.00,2515268796416.00,-1.80%,3.30%,空头区间
2025-10-13,194712.30,203680.20,194712.30,201365.00,145160732672.00,2354428510208.00,-0.03%,4.45%,空头区间
2025-10-14,203405.30,206259.80,197005.91,197984.00,158148034560.00,2575902703616.00,-1.68%,4.60%,空头区间
2025-10-15,198620.61,201573.00,197855.61,199405.61,130937167872.00,2072590155776.00,0.72%,1.88%,空头区间
2025-10-16,198510.80,201565.20,194749.80,195391.91,122534207488.00,1930913382400.00,-2.01%,3.42%,空头区间
2025-10-17,195139.30,196219.11,187114.41,187406.41,128437329920.00,1937843683328.00,-4.09%,4.66%,空头区间
2025-10-20,190111.61,193147.30,185493.50,186208.41,113161404416.00,1737408643072.00,-0.64%,4.08%,空头区间
2025-10-21,186973.30,190574.50,186847.70,187849.20,123453726720.00,1873700847616.00,0.88%,2.00%,空头区间
2025-10-22,186343.20,189260.30,183309.80,183473.00,113586651136.00,1667605987328.00,-2.33%,3.17%,空头区间
2025-10-23,182817.50,183173.00,178920.30,180214.11,117926100992.00,1643684036608.00,-1.78%,2.32%,空头区间
2025-10-24,181464.41,184907.30,181464.41,182580.50,121995378688.00,1974020997120.00,1.31%,1.91%,空头区间
2025-10-27,184935.20,188918.11,184935.20,187237.50,136113332224.00,2339921461248.00,2.55%,2.18%,空头区间
2025-10-28,187237.11,190402.91,186206.30,186641.70,125944225792.00,2147638444032.00,-0.32%,2.24%,空头区间
2025-10-29,186737.91,190770.61,186737.91,189960.30,134313066496.00,2255773761536.00,1.78%,2.16%,空头区间
2025-10-30,189302.41,193183.61,189031.30,189107.80,144116023296.00,2421395030016.00,-0.45%,2.19%,空头区间
2025-10-31,189302.20,193761.00,188634.80,188737.30,142083899392.00,2317490061312.00,-0.20%,2.71%,空头区间
2025-11-03,188766.70,190514.91,188703.11,189120.41,135769022464.00,2106875838464.00,0.20%,0.96%,空头区间
2025-11-04,188807.80,190481.91,184122.00,185029.91,129790926848.00,1915447279616.00,-2.16%,3.36%,空头区间
2025-11-05,182057.80,185836.30,182057.80,184053.80,131676127232.00,1872125755392.00,-0.53%,2.04%,空头区间
2025-11-06,184743.00,188303.41,184743.00,185820.50,133584502784.00,2054992297984.00,0.96%,1.93%,空头区间
2025-11-07,184997.11,187764.50,183995.11,184095.00,129638678528.00,1998714961920.00,-0.93%,2.03%,空头区间
2025-11-10,184104.91,187347.11,184104.91,184696.20,139055824896.00,2174194941952.00,0.33%,1.76%,空头区间
2025-11-11,184916.61,187066.70,182082.61,182412.00,131515359232.00,1993405890560.00,-1.24%,2.70%,空头区间
2025-11-12,181749.00,184265.20,179849.30,180087.80,131687186432.00,1944898633728.00,-1.27%,2.42%,空头区间
2025-11-13,180073.41,184135.61,180059.20,182342.00,136074919936.00,2041814974464.00,1.25%,2.26%,空头区间
2025-11-14,180768.80,183927.00,178449.30,178453.11,139106942976.00,1957919981568.00,-2.13%,3.00%,空头区间
2025-11-17,179038.91,181255.41,177643.50,177823.00,134035488768.00,1910643228672.00,-0.35%,2.02%,空头区间
2025-11-18,177336.61,179232.50,173961.80,174498.80,138276929536.00,1925856493568.00,-1.87%,2.96%,空头区间
2025-11-19,174443.91,175689.80,171395.61,171411.30,122593976320.00,1725727899648.00,-1.77%,2.46%,空头区间
2025-11-20,172954.11,173966.80,167900.20,168003.50,120751505408.00,1708025184256.00,-1.99%,3.54%,空头区间
2025-11-21,165675.50,166996.91,162022.50,162064.70,144245194752.00,1965354123264.00,-3.53%,2.96%,空头区间
2025-11-24,163258.70,164083.20,161632.20,162328.61,119405133824.00,1727549931520.00,0.16%,1.51%,空头区间
2025-11-25,163772.80,168184.30,163772.80,164198.91,117823127552.00,1811996213248.00,1.15%,2.72%,空头区间
2025-11-26,163822.11,166821.00,163230.41,163538.20,114398724096.00,1783181737984.00,-0.40%,2.19%,空头区间
2025-11-27,163749.61,167365.61,161788.00,161991.20,108126429184.00,1709648642048.00,-0.95%,3.41%,空头区间
2025-11-28,161899.80,164089.91,161154.50,161474.41,106105479168.00,1585666981888.00,-0.32%,1.81%,空头区间
2025-12-01,162233.11,165170.61,162216.20,163157.30,123174486016.00,1873843716096.00,1.04%,1.83%,空头区间
2025-12-02,162579.80,164092.30,159863.70,160062.50,109915545600.00,1593321979904.00,-1.90%,2.59%,空头区间
2025-12-03,160080.41,161281.11,156958.00,157172.70,117698748416.00,1669825298432.00,-1.81%,2.70%,空头区间
2025-12-04,157271.50,159022.30,154947.91,155070.80,107899043840.00,1548857114624.00,-1.34%,2.59%,空头区间
2025-12-05,155097.61,157131.50,154921.70,156805.00,116937244672.00,1725658955776.00,1.12%,1.43%,空头区间
2025-12-08,157404.00,162248.50,157404.00,160928.61,127613411328.00,2036514029568.00,2.63%,3.09%,空头区间
2025-12-09,160352.91,163732.30,160335.50,160605.30,121223036928.00,1903773089792.00,-0.20%,2.11%,空头区间
2025-12-10,160265.11,162122.50,159912.80,160266.30,117327855616.00,1778357895168.00,-0.21%,1.38%,空头区间
2025-12-11,160574.11,162251.61,157646.00,157748.11,123074953216.00,1856982745088.00,-1.57%,2.87%,空头区间
2025-12-12,157886.70,160993.11,157886.70,160851.20,127459860480.00,2092063916032.00,1.97%,1.97%,空头区间
2025-12-15,159599.50,163197.80,158719.30,158842.50,112793485312.00,1773326565376.00,-1.25%,2.78%,空头区间
2025-12-16,158433.11,158757.00,155209.41,155265.11,117657960448.00,1723990540288.00,-2.25%,2.23%,空头区间
2025-12-17,155405.00,158181.50,155168.00,157985.80,116550615040.00,1811002294272.00,1.75%,1.94%,空头区间
2025-12-18,157983.80,160265.80,155753.50,155759.30,105088294912.00,1655274078208.00,-1.41%,2.86%,空头区间
2025-12-19,155935.50,159382.30,155935.50,156424.70,117022351360.00,1725718462464.00,0.43%,2.21%,空头区间
2025-12-22,157714.70,161286.91,157714.70,159089.80,117598584832.00,1861722963968.00,1.70%,2.28%,空头区间
2025-12-23,159315.30,161786.00,158554.41,159261.80,119571161088.00,1899687182336.00,0.11%,2.03%,空头区间
2025-12-24,159346.30,162193.00,159346.30,161397.11,111500238848.00,1880129011712.00,1.34%,1.79%,空头区间
2025-12-25,161316.11,163898.80,161316.11,162665.50,112977092608.00,1924380753920.00,0.79%,1.60%,空头区间
2025-12-26,162878.00,166635.11,162872.00,164975.20,129643970560.00,2160030646272.00,1.42%,2.31%,空头区间
2025-12-29,165100.80,168614.00,165044.41,165964.50,127724347392.00,2139207237632.00,0.60%,2.16%,空头区间
2025-12-30,164976.11,168891.20,164976.11,167177.30,124404375552.00,2142446813184.00,0.73%,2.36%,空头区间
2025-12-31,167646.00,169940.11,167110.50,167340.61,120454266880.00,2045100294144.00,0.10%,1.69%,空头区间
2026-01-05,169063.11,174667.00,169063.11,174652.11,142734426112.00,2546101387264.00,4.37%,3.35%,多头区间
2026-01-06,174845.30,182654.00,174845.30,182540.91,163410493440.00,2806288744448.00,4.52%,4.47%,多头区间
2026-01-07,182539.70,188619.70,182539.70,187754.70,159699353600.00,2854018088960.00,2.86%,3.33%,多头区间
2026-01-08,187164.30,193156.80,187164.30,192139.00,158664589312.00,2800153788416.00,2.34%,3.19%,多头区间
2026-01-09,192211.91,200126.00,192211.91,200107.61,174325481472.00,3122538479616.00,4.15%,4.12%,多头区间
2026-01-12,202464.41,212766.91,202464.41,212766.91,199169146880.00,3601093361664.00,6.33%,5.15%,多头区间
2026-01-13,213403.00,218406.00,211577.61,214982.70,206318649344.00,3650766503936.00,1.04%,3.21%,多头区间
2026-01-14,215964.30,225099.41,215964.30,223771.80,226430582784.00,3941126111232.00,4.09%,4.25%,多头区间
2026-01-15,221702.70,226432.80,221432.50,222956.11,165144477696.00,2905274843136.00,-0.36%,2.23%,多头区间
2026-01-16,224261.00,226991.80,223829.30,224082.00,167041384448.00,3026091245568.00,0.50%,1.42%,多头区间
2026-01-19,223359.41,229016.50,223359.41,224590.30,152092000256.00,2708185284608.00,0.23%,2.52%,多头区间
2026-01-20,225169.91,226451.20,220981.30,222259.00,161651195904.00,2777606520832.00,-1.04%,2.44%,多头区间
2026-01-21,221606.80,227238.91,221606.80,223259.50,146032263168.00,2600447770624.00,0.45%,2.53%,多头区间
2026-01-22,224388.70,228052.11,223932.11,224712.50,153153748992.00,2691489071104.00,0.65%,1.85%,多头区间
2026-01-23,225578.20,230545.30,225578.20,230257.41,176417275904.00,3084972457984.00,2.47%,2.21%,多头区间
2026-01-26,231358.00,234848.00,229867.00,230492.50,190995857408.00,3247830728704.00,0.10%,2.16%,多头区间
2026-01-27,229809.30,233810.20,229809.30,231990.80,166409093120.00,2894728003584.00,0.65%,1.74%,多头区间
2026-01-28,232714.30,235834.50,232714.30,233316.80,170540482560.00,2965088501760.00,0.57%,1.34%,多头区间
2026-01-29,233219.91,238379.80,233094.61,234283.91,189917528064.00,3229714219008.00,0.41%,2.27%,多头区间
2026-01-30,232223.41,235301.41,231176.91,232085.80,170597761024.00,2835214499840.00,-0.94%,1.76%,多头区间
2026-02-02,230396.70,234066.41,224113.41,224140.30,154344734720.00,2584482938880.00,-3.42%,4.29%,空头区间
2026-02-03,227355.70,230038.00,227068.50,228628.50,142017773568.00,2544062693376.00,2.00%,1.32%,空头区间
2026-02-04,228024.00,230914.61,225110.11,226406.70,148901380096.00,2480754393088.00,-0.97%,2.54%,空头区间
2026-02-05,223813.11,225950.70,219222.91,219222.91,132232511488.00,2175983550464.00,-3.17%,2.97%,空头区间
2026-02-06,216813.00,222443.80,215632.91,215632.91,128651583488.00,2145564884992.00,-1.64%,3.11%,空头区间
2026-02-09,219237.20,222542.11,217704.41,217965.30,129847386112.00,2249285959680.00,1.08%,2.24%,空头区间
2026-02-10,218050.91,220458.80,214342.11,214350.30,125727916032.00,2105412288512.00,-1.66%,2.81%,空头区间
2026-02-11,213948.80,216431.50,209695.91,209747.61,118222757888.00,1984093224960.00,-2.15%,3.14%,空头区间
2026-02-12,210152.30,212931.70,208675.11,208858.00,122511081472.00,2141507289088.00,-0.42%,2.03%,空头区间
2026-02-13,207656.41,210511.80,202851.61,203140.20,114099486720.00,1982504894464.00,-2.74%,3.67%,空头区间
2026-02-24,206165.50,209579.80,204357.30,204400.41,127822045184.00,2201781272576.00,0.62%,2.57%,空头区间
2026-02-25,204843.11,209105.91,204828.50,207305.20,151780294656.00,2462235754496.00,1.42%,2.09%,空头区间
2026-02-26,207690.41,211341.80,207636.70,209349.50,144430465024.00,2538236805120.00,0.99%,1.79%,空头区间
2026-02-27,207773.11,212595.00,207773.11,210796.41,146228772864.00,2487093035008.00,0.69%,2.30%,空头区间
2026-03-02,209495.91,215928.50,209495.91,214151.41,179464339456.00,3020261425152.00,1.59%,3.05%,空头区间
2026-03-03,214776.11,217220.70,210207.30,210566.30,189086924800.00,3129077399552.00,-1.67%,3.27%,空头区间
2026-03-04,208356.30,215985.30,208356.30,209324.70,150512336896.00,2365503569920.00,-0.59%,3.62%,空头区间
2026-03-05,212925.61,215802.91,210011.70,210648.50,144825401344.00,2389842591744.00,0.63%,2.77%,空头区间
2026-03-06,209627.11,213941.11,209575.80,209867.20,137562800128.00,2199973003264.00,-0.37%,2.07%,空头区间
2026-03-09,207041.80,211129.41,206797.30,209943.20,163442458624.00,2647244406784.00,0.04%,2.06%,空头区间
2026-03-10,212029.50,216465.70,212029.50,212473.00,141067501568.00,2397692755968.00,1.20%,2.11%,空头区间
2026-03-11,212926.00,216735.80,212243.50,212401.91,147818037248.00,2508199034880.00,-0.03%,2.11%,空头区间
2026-03-12,212200.50,214839.91,210372.80,210470.70,155427160064.00,2441671344128.00,-0.91%,2.10%,空头区间
2026-03-13,209690.91,213639.00,206363.61,206959.00,156559867904.00,2400085606400.00,-1.67%,3.46%,空头区间
2026-03-16,206955.91,209061.20,205649.11,206155.80,148469121024.00,2325121859584.00,-0.39%,1.65%,空头区间
2026-03-17,206631.00,208785.00,200154.20,200231.30,143149252608.00,2207702843392.00,-2.87%,4.19%,空头区间
2026-03-18,201281.11,202732.70,199311.91,200538.30,128937107456.00,2045874012160.00,0.15%,1.71%,空头区间
2026-03-19,198044.41,200584.91,193929.00,194819.30,134601555968.00,2110758453248.00,-2.85%,3.32%,空头区间
2026-03-20,196100.11,198394.41,191743.50,191989.91,140027101184.00,2286594293760.00,-1.45%,3.41%,空头区间
2026-03-23,188681.91,194448.50,185076.11,186349.41,165621153792.00,2431159631872.00,-2.94%,4.88%,空头区间
2026-03-24,189075.41,190823.80,186657.50,190154.41,141163692032.00,2082712190976.00,2.04%,2.24%,空头区间
2026-03-25,191987.61,197757.61,191987.61,193470.80,141118734336.00,2179631939584.00,1.74%,3.03%,空头区间
2026-03-26,192776.41,195394.11,187588.50,188101.20,128250044416.00,1943452647424.00,-2.78%,4.03%,空头区间
2026-03-27,185796.61,191012.91,185796.61,187771.91,119141941248.00,1853070639104.00,-0.18%,2.77%,空头区间
2026-03-30,186257.30,189356.11,186121.70,186232.30,124839624704.00,1915658698752.00,-0.82%,1.72%,空头区间
2026-03-31,185575.61,189066.70,181580.00,181580.00,127068495872.00,1992432812032.00,-2.50%,4.02%,空头区间
2026-04-01,185284.30,187131.91,183615.80,184112.41,121959899136.00,2012230975488.00,1.39%,1.94%,空头区间
2026-04-02,183075.70,185431.80,178695.00,179076.20,117976170496.00,1842796822528.00,-2.74%,3.66%,空头区间
2026-04-03,180094.11,180260.80,174278.30,174307.91,107881365504.00,1656325406720.00,-2.66%,3.34%,空头区间
2026-04-07,174961.20,178342.30,173036.30,173175.20,101373460480.00,1614196375552.00,-0.65%,3.04%,空头区间
2026-04-08,177187.30,183799.00,177187.30,183799.00,139173871616.00,2434169307136.00,6.13%,3.82%,多头区间
2026-04-09,183295.50,186944.11,182223.00,183185.61,119420321792.00,2133919531008.00,-0.33%,2.57%,多头区间
2026-04-10,184523.70,189920.11,184523.70,186570.11,121474236416.00,2322709872640.00,1.85%,2.95%,多头区间
2026-04-13,185749.70,190508.50,185749.70,187557.20,116896358400.00,2150173245440.00,0.53%,2.55%,多头区间
2026-04-14,189168.00,192994.30,189168.00,191521.91,125319700480.00,2383550349312.00,2.11%,2.04%,多头区间
2026-04-15,192539.11,195940.11,190563.11,191378.70,126638227456.00,2415059271680.00,-0.07%,2.81%,多头区间
2026-04-16,191803.70,196482.41,191790.11,195227.61,123182243840.00,2341504548864.00,2.01%,2.45%,多头区间
2026-04-17,195074.91,199701.80,195074.91,197356.80,124415754240.00,2425370705920.00,1.09%,2.37%,多头区间
2026-04-20,197745.41,203401.41,197745.41,200954.11,131277053952.00,2578602786816.00,1.82%,2.87%,多头区间
2026-04-21,200023.41,203039.80,200023.41,201082.80,127735275520.00,2408352055296.00,0.06%,1.50%,多头区间
2026-04-22,200316.61,205291.00,200316.61,205068.80,128090218496.00,2559540461568.00,1.98%,2.47%,多头区间
2026-04-23,205803.70,208992.20,204612.30,205117.91,143160983552.00,2804250312704.00,0.02%,2.14%,多头区间
2026-04-24,204616.20,207393.20,204616.20,204924.30,131408904192.00,2641492705280.00,-0.09%,1.35%,多头区间
2026-04-27,205308.70,210666.80,205308.70,207510.00,129924726784.00,2589110829056.00,1.26%,2.61%,多头区间
2026-04-28,206823.70,210302.80,205189.00,206021.91,132335296512.00,2535946715136.00,-0.72%,2.46%,多头区间
2026-04-29,204959.50,211512.61,204959.50,210190.20,135014981632.00,2589918494720.00,2.02%,3.18%,多头区间
2026-04-30,210824.61,214974.20,210824.61,212999.61,139389927424.00,2740577370112.00,1.34%,1.97%,多头区间
2026-05-06,216529.20,224888.30,216529.20,223319.50,152661295104.00,3226459701248.00,4.85%,3.92%,多头区间
2026-05-07,224357.00,230062.20,224004.11,229806.11,152928960512.00,3143614857216.00,2.90%,2.71%,多头区间
2026-05-08,228104.30,234048.11,228104.30,231888.80,152260935680.00,3048331280384.00,0.91%,2.59%,多头区间
2026-05-11,234866.91,241930.41,234866.91,240907.00,167373471744.00,3538610028544.00,3.89%,3.05%,多头区间
2026-05-12,241363.61,245412.80,241130.20,241855.80,156615114752.00,3242389667840.00,0.39%,1.78%,多头区间
2026-05-13,240400.00,248181.50,240400.00,247893.41,153149374464.00,3239703740416.00,2.50%,3.22%,多头区间
2026-05-14,249490.91,251217.11,244054.91,244054.91,163683844096.00,3361921826816.00,-1.55%,2.89%,多头区间
2026-05-15,244865.80,249909.00,241547.30,243432.50,158225907712.00,3344257515520.00,-0.26%,3.43%,多头区间
2026-05-18,242912.50,249632.80,242509.50,243671.61,136472805376.00,2893603930112.00,0.10%,2.93%,多头区间
2026-05-19,242270.20,245531.80,241865.11,244889.11,134822273024.00,2886309511168.00,0.50%,1.50%,多头区间
2026-05-20,243543.80,247967.91,243543.80,244977.11,134950150144.00,2953417850880.00,0.04%,1.81%,多头区间
2026-05-21,247077.91,252137.30,239455.91,240032.91,160514637824.00,3481228804096.00,-2.02%,5.18%,多头区间
2026-05-22,242683.50,247036.70,241833.30,245398.41,135174250496.00,2903048192000.00,2.24%,2.17%,多头区间
2026-05-25,247496.20,251840.80,247147.30,250198.91,139635736576.00,3205448335360.00,1.96%,1.91%,多头区间
2026-05-26,248552.00,252828.91,246148.20,249161.41,147727286272.00,3243410456576.00,-0.41%,2.67%,多头区间
2026-05-27,249074.80,254482.00,245373.30,246159.00,147555467264.00,3238216335360.00,-1.21%,3.66%,多头区间
2026-05-28,245356.61,250047.20,244939.70,248334.80,136830156800.00,2967879548928.00,0.88%,2.07%,多头区间
2026-05-29,248987.00,251308.41,241401.80,243320.61,157953916928.00,3318637920256.00,-2.02%,3.99%,多头区间
2026-06-01,243802.80,249250.00,238702.11,239004.11,143572811776.00,2877238804480.00,-1.77%,4.33%,多头区间
2026-06-02,239890.80,244290.30,238373.61,240689.61,137867165696.00,2792614526976.00,0.71%,2.48%,多头区间
2026-06-03,241052.80,248764.00,240887.11,243557.91,146043076608.00,3129983631360.00,1.19%,3.27%,多头区间
2026-06-04,240732.30,247141.20,240732.30,242038.70,133947523072.00,2757415665664.00,-0.62%,2.63%,多头区间
2026-06-05,241258.50,246046.91,237121.20,238320.50,148015497216.00,3068810231808.00,-1.54%,3.69%,多头区间
2026-06-08,231157.70,238755.50,228921.41,229676.00,144736124928.00,2792523038720.00,-3.63%,4.13%,空头区间
2026-06-09,232892.50,235787.91,232221.00,235268.61,129413496832.00,2640107798528.00,2.43%,1.55%,空头区间
2026-06-10,234111.11,236857.41,228240.70,229199.70,130859458560.00,2619010711552.00,-2.58%,3.66%,空头区间
2026-06-11,228239.70,232612.30,225152.11,226709.91,123794407424.00,2551812456448.00,-1.09%,3.25%,空头区间
2026-06-12,231247.11,235684.00,229064.11,229923.11,153500729344.00,3214761787392.00,1.42%,2.92%,空头区间
2026-06-15,230165.20,241775.50,230165.20,240715.70,143550545920.00,3031014834176.00,4.69%,5.05%,多头区间
2026-06-16,241379.30,248273.30,241379.30,244787.20,137005170688.00,3064533876736.00,1.69%,2.86%,多头区间
2026-06-17,243651.41,250501.80,243651.41,248337.61,135339302912.00,3091518455808.00,1.45%,2.80%,多头区间
2026-06-18,247492.20,255311.20,247492.20,252152.41,142227963904.00,3309673906176.00,1.54%,3.15%,多头区间
2026-06-22,254056.11,261214.11,254056.11,261160.61,161973321728.00,3736878710784.00,3.57%,2.84%,多头区间
2026-06-23,259849.30,265890.31,254359.70,256098.11,151693197312.00,3440492150784.00,-1.94%,4.42%,多头区间
2026-06-24,254687.30,262363.81,254687.30,260574.50,143460188160.00,3284086816768.00,1.75%,3.00%,多头区间
2026-06-25,261624.30,267975.09,261523.00,265669.41,150079569920.00,3594003677184.00,1.96%,2.48%,多头区间
2026-06-26,265534.09,267381.00,259259.50,259330.20,149636186112.00,3552080822272.00,-2.39%,3.06%,空头区间
2026-06-29,259372.11,265697.41,258199.11,261596.91,146708119552.00,3517515825152.00,0.87%,2.89%,空头区间
2026-06-30,261055.61,270005.59,261055.61,267415.50,134284550144.00,3273458450432.00,2.22%,3.42%,空头区间
2026-07-01,267757.72,274672.41,266249.81,268357.22,154526597120.00,3659715051520.00,0.35%,3.15%,空头区间
2026-07-02,261653.00,270391.00,258058.20,258917.70,151289774080.00,3450310230016.00,-3.52%,4.60%,空头区间
2026-07-03,258868.91,265303.22,258049.30,258190.30,138744348672.00,3182238629888.00,-0.28%,2.80%,空头区间
2026-07-06,259978.80,263669.41,252993.80,253007.00,135801430016.00,3090906087424.00,-2.01%,4.13%,空头区间
2026-07-07,250894.91,255374.70,244684.61,245033.80,119257112576.00,2580999831552.00,-3.15%,4.23%,空头区间
2026-07-08,246761.61,247103.30,237412.80,237470.20,115064504320.00,2563357278208.00,-3.09%,3.95%,空头区间
2026-07-09,239608.30,245141.80,235945.61,244980.41,126919155712.00,2913539457024.00,3.16%,3.87%,空头区间
