2026-08-01 18:23:21,632 [INFO] fetch_moneyflow_dc.py:282 准备拉取 80 个时间段的数据
2026-08-01 18:23:21,692 [WARNING] fetch_moneyflow_dc.py:166 20190101~20190131 无数据
2026-08-01 18:23:24,743 [WARNING] fetch_moneyflow_dc.py:166 20190201~20190228 无数据
2026-08-01 18:23:27,824 [WARNING] fetch_moneyflow_dc.py:166 20190301~20190331 无数据
2026-08-01 18:23:30,881 [WARNING] fetch_moneyflow_dc.py:166 20190401~20190430 无数据
2026-08-01 18:23:33,930 [WARNING] fetch_moneyflow_dc.py:166 20190501~20190531 无数据
2026-08-01 18:23:36,980 [WARNING] fetch_moneyflow_dc.py:166 20190601~20190630 无数据
2026-08-01 18:24:23,688 [INFO] fetch_moneyflow_dc.py:282 准备拉取 1 个时间段的数据
2026-08-01 18:24:23,755 [INFO] fetch_moneyflow_dc.py:211 已保存 20240701 资金流向数据: 40 个板块
2026-08-01 18:24:26,756 [INFO] fetch_moneyflow_dc.py:296 全部任务完成
2026-08-01 18:25:45,276 [INFO] fetch_moneyflow_dc.py:282 准备拉取 80 个时间段的数据
2026-08-01 18:25:45,330 [WARNING] fetch_moneyflow_dc.py:166 20190101~20190131 无数据
2026-08-01 18:25:48,386 [WARNING] fetch_moneyflow_dc.py:166 20190201~20190228 无数据
2026-08-01 18:25:51,446 [WARNING] fetch_moneyflow_dc.py:166 20190301~20190331 无数据
2026-08-01 18:25:54,498 [WARNING] fetch_moneyflow_dc.py:166 20190401~20190430 无数据
2026-08-01 18:25:57,549 [WARNING] fetch_moneyflow_dc.py:166 20190501~20190531 无数据
2026-08-01 18:26:08,417 [INFO] fetch_moneyflow_dc.py:282 准备拉取 1 个时间段的数据
2026-08-01 18:26:08,491 [INFO] fetch_moneyflow_dc.py:211 已保存 20250725 资金流向数据: 40 个板块
2026-08-01 18:26:11,491 [INFO] fetch_moneyflow_dc.py:296 全部任务完成
2026-08-01 18:26:30,999 [INFO] fetch_moneyflow_dc.py:282 准备拉取 1 个时间段的数据
2026-08-01 18:26:31,056 [WARNING] fetch_moneyflow_dc.py:166 20240101~20240101 无数据
2026-08-01 18:26:34,057 [INFO] fetch_moneyflow_dc.py:296 全部任务完成
2026-08-01 18:28:35,440 [INFO] fetch_moneyflow_dc.py:282 准备拉取 1 个时间段的数据
2026-08-01 18:28:35,510 [INFO] fetch_moneyflow_dc.py:211 已保存 20240701 资金流向数据: 40 个板块
2026-08-01 18:28:38,510 [INFO] fetch_moneyflow_dc.py:296 全部任务完成
2026-08-01 18:28:46,056 [INFO] fetch_moneyflow_dc.py:282 准备拉取 1 个时间段的数据
2026-08-01 18:28:46,111 [WARNING] fetch_moneyflow_dc.py:166 20240101~20240101 无数据
2026-08-01 18:28:46,756 [INFO] fetch_moneyflow_dc.py:282 准备拉取 1 个时间段的数据
2026-08-01 18:28:46,825 [INFO] fetch_moneyflow_dc.py:211 已保存 20240201 资金流向数据: 40 个板块
2026-08-01 18:28:49,111 [INFO] fetch_moneyflow_dc.py:296 全部任务完成
2026-08-01 18:28:49,825 [INFO] fetch_moneyflow_dc.py:296 全部任务完成
2026-08-01 18:28:58,514 [INFO] fetch_moneyflow_dc.py:282 准备拉取 1 个时间段的数据
2026-08-01 18:28:58,600 [INFO] fetch_moneyflow_dc.py:211 已保存 20240115 资金流向数据: 40 个板块
2026-08-01 18:28:58,995 [INFO] fetch_moneyflow_dc.py:282 准备拉取 1 个时间段的数据
2026-08-01 18:28:59,059 [INFO] fetch_moneyflow_dc.py:211 已保存 20240131 资金流向数据: 40 个板块
2026-08-01 18:29:01,601 [INFO] fetch_moneyflow_dc.py:296 全部任务完成
2026-08-01 18:29:02,061 [INFO] fetch_moneyflow_dc.py:296 全部任务完成
2026-08-01 18:29:08,163 [INFO] fetch_moneyflow_dc.py:282 准备拉取 1 个时间段的数据
2026-08-01 18:29:08,223 [INFO] fetch_moneyflow_dc.py:211 已保存 20240102 资金流向数据: 40 个板块
2026-08-01 18:29:08,595 [INFO] fetch_moneyflow_dc.py:282 准备拉取 1 个时间段的数据
2026-08-01 18:29:08,661 [INFO] fetch_moneyflow_dc.py:211 已保存 20240108 资金流向数据: 40 个板块
2026-08-01 18:29:11,224 [INFO] fetch_moneyflow_dc.py:296 全部任务完成
2026-08-01 18:29:11,661 [INFO] fetch_moneyflow_dc.py:296 全部任务完成
2026-08-01 18:29:17,793 [INFO] fetch_moneyflow_dc.py:282 准备拉取 1 个时间段的数据
2026-08-01 18:29:17,857 [INFO] fetch_moneyflow_dc.py:211 已保存 20231229 资金流向数据: 40 个板块
2026-08-01 18:29:18,336 [INFO] fetch_moneyflow_dc.py:282 准备拉取 1 个时间段的数据
2026-08-01 18:29:18,402 [INFO] fetch_moneyflow_dc.py:211 已保存 20231201 资金流向数据: 40 个板块
2026-08-01 18:29:20,858 [INFO] fetch_moneyflow_dc.py:296 全部任务完成
2026-08-01 18:29:21,403 [INFO] fetch_moneyflow_dc.py:296 全部任务完成
2026-08-01 18:29:29,111 [INFO] fetch_moneyflow_dc.py:282 准备拉取 1 个时间段的数据
2026-08-01 18:29:29,165 [WARNING] fetch_moneyflow_dc.py:166 20230101~20230101 无数据
2026-08-01 18:29:29,680 [INFO] fetch_moneyflow_dc.py:282 准备拉取 1 个时间段的数据
2026-08-01 18:29:29,739 [WARNING] fetch_moneyflow_dc.py:166 20230601~20230601 无数据
2026-08-01 18:29:32,166 [INFO] fetch_moneyflow_dc.py:296 全部任务完成
2026-08-01 18:29:32,740 [INFO] fetch_moneyflow_dc.py:296 全部任务完成
2026-08-01 18:29:41,104 [INFO] fetch_moneyflow_dc.py:282 准备拉取 1 个时间段的数据
2026-08-01 18:29:41,160 [WARNING] fetch_moneyflow_dc.py:166 20231001~20231001 无数据
2026-08-01 18:29:41,646 [INFO] fetch_moneyflow_dc.py:282 准备拉取 1 个时间段的数据
2026-08-01 18:29:41,700 [WARNING] fetch_moneyflow_dc.py:166 20230901~20230901 无数据
2026-08-01 18:29:44,160 [INFO] fetch_moneyflow_dc.py:296 全部任务完成
2026-08-01 18:29:44,701 [INFO] fetch_moneyflow_dc.py:296 全部任务完成
2026-08-01 18:29:50,523 [INFO] fetch_moneyflow_dc.py:282 准备拉取 1 个时间段的数据
2026-08-01 18:29:50,614 [INFO] fetch_moneyflow_dc.py:211 已保存 20231101 资金流向数据: 40 个板块
2026-08-01 18:29:51,049 [INFO] fetch_moneyflow_dc.py:282 准备拉取 1 个时间段的数据
2026-08-01 18:29:51,113 [INFO] fetch_moneyflow_dc.py:211 已保存 20231115 资金流向数据: 40 个板块
2026-08-01 18:29:53,614 [INFO] fetch_moneyflow_dc.py:296 全部任务完成
2026-08-01 18:29:54,114 [INFO] fetch_moneyflow_dc.py:296 全部任务完成
2026-08-01 18:30:00,027 [INFO] fetch_moneyflow_dc.py:282 准备拉取 1 个时间段的数据
2026-08-01 18:30:00,082 [WARNING] fetch_moneyflow_dc.py:166 20231015~20231015 无数据
2026-08-01 18:30:00,507 [INFO] fetch_moneyflow_dc.py:282 准备拉取 1 个时间段的数据
2026-08-01 18:30:00,571 [INFO] fetch_moneyflow_dc.py:211 已保存 20231030 资金流向数据: 40 个板块
2026-08-01 18:30:03,083 [INFO] fetch_moneyflow_dc.py:296 全部任务完成
2026-08-01 18:30:03,571 [INFO] fetch_moneyflow_dc.py:296 全部任务完成
2026-08-01 18:30:09,484 [INFO] fetch_moneyflow_dc.py:282 准备拉取 1 个时间段的数据
2026-08-01 18:30:09,548 [INFO] fetch_moneyflow_dc.py:211 已保存 20231023 资金流向数据: 40 个板块
2026-08-01 18:30:09,970 [INFO] fetch_moneyflow_dc.py:282 准备拉取 1 个时间段的数据
2026-08-01 18:30:10,033 [INFO] fetch_moneyflow_dc.py:211 已保存 20231027 资金流向数据: 40 个板块
2026-08-01 18:30:12,549 [INFO] fetch_moneyflow_dc.py:296 全部任务完成
2026-08-01 18:30:13,033 [INFO] fetch_moneyflow_dc.py:296 全部任务完成
2026-08-01 18:30:20,385 [INFO] fetch_moneyflow_dc.py:282 准备拉取 1 个时间段的数据
2026-08-01 18:30:20,452 [INFO] fetch_moneyflow_dc.py:211 已保存 20231016 资金流向数据: 40 个板块
2026-08-01 18:30:22,869 [INFO] fetch_moneyflow_dc.py:282 准备拉取 1 个时间段的数据
2026-08-01 18:30:22,934 [INFO] fetch_moneyflow_dc.py:211 已保存 20231020 资金流向数据: 40 个板块
2026-08-01 18:30:23,452 [INFO] fetch_moneyflow_dc.py:296 全部任务完成
2026-08-01 18:30:25,935 [INFO] fetch_moneyflow_dc.py:296 全部任务完成
2026-08-01 18:30:31,907 [INFO] fetch_moneyflow_dc.py:282 准备拉取 1 个时间段的数据
2026-08-01 18:30:31,966 [INFO] fetch_moneyflow_dc.py:211 已保存 20231009 资金流向数据: 40 个板块
2026-08-01 18:30:32,480 [INFO] fetch_moneyflow_dc.py:282 准备拉取 1 个时间段的数据
2026-08-01 18:30:32,541 [INFO] fetch_moneyflow_dc.py:211 已保存 20231013 资金流向数据: 40 个板块
2026-08-01 18:30:34,967 [INFO] fetch_moneyflow_dc.py:296 全部任务完成
2026-08-01 18:30:35,542 [INFO] fetch_moneyflow_dc.py:296 全部任务完成
2026-08-01 18:30:41,567 [INFO] fetch_moneyflow_dc.py:282 准备拉取 1 个时间段的数据
2026-08-01 18:30:41,648 [INFO] fetch_moneyflow_dc.py:211 已保存 20230928 资金流向数据: 40 个板块
2026-08-01 18:30:42,105 [INFO] fetch_moneyflow_dc.py:282 准备拉取 1 个时间段的数据
2026-08-01 18:30:42,170 [INFO] fetch_moneyflow_dc.py:211 已保存 20230927 资金流向数据: 40 个板块
2026-08-01 18:30:44,648 [INFO] fetch_moneyflow_dc.py:296 全部任务完成
2026-08-01 18:30:45,171 [INFO] fetch_moneyflow_dc.py:296 全部任务完成
2026-08-01 18:30:55,690 [INFO] fetch_moneyflow_dc.py:282 准备拉取 1 个时间段的数据
2026-08-01 18:30:55,765 [WARNING] fetch_moneyflow_dc.py:166 20230904~20230904 无数据
2026-08-01 18:30:56,065 [INFO] fetch_moneyflow_dc.py:282 准备拉取 1 个时间段的数据
2026-08-01 18:30:56,123 [WARNING] fetch_moneyflow_dc.py:166 20230911~20230911 无数据
2026-08-01 18:30:58,766 [INFO] fetch_moneyflow_dc.py:296 全部任务完成
2026-08-01 18:30:59,124 [INFO] fetch_moneyflow_dc.py:296 全部任务完成
2026-08-01 18:31:07,637 [INFO] fetch_moneyflow_dc.py:282 准备拉取 1 个时间段的数据
2026-08-01 18:31:07,703 [INFO] fetch_moneyflow_dc.py:211 已保存 20230918 资金流向数据: 40 个板块
2026-08-01 18:31:08,250 [INFO] fetch_moneyflow_dc.py:282 准备拉取 1 个时间段的数据
2026-08-01 18:31:08,314 [INFO] fetch_moneyflow_dc.py:211 已保存 20230920 资金流向数据: 40 个板块
2026-08-01 18:31:08,765 [INFO] fetch_moneyflow_dc.py:282 准备拉取 1 个时间段的数据
2026-08-01 18:31:08,828 [INFO] fetch_moneyflow_dc.py:211 已保存 20230925 资金流向数据: 40 个板块
2026-08-01 18:31:10,704 [INFO] fetch_moneyflow_dc.py:296 全部任务完成
2026-08-01 18:31:11,315 [INFO] fetch_moneyflow_dc.py:296 全部任务完成
2026-08-01 18:31:11,829 [INFO] fetch_moneyflow_dc.py:296 全部任务完成
2026-08-01 18:31:18,420 [INFO] fetch_moneyflow_dc.py:282 准备拉取 1 个时间段的数据
2026-08-01 18:31:18,480 [INFO] fetch_moneyflow_dc.py:211 已保存 20230914 资金流向数据: 40 个板块
2026-08-01 18:31:18,945 [INFO] fetch_moneyflow_dc.py:282 准备拉取 1 个时间段的数据
2026-08-01 18:31:19,009 [INFO] fetch_moneyflow_dc.py:211 已保存 20230915 资金流向数据: 40 个板块
2026-08-01 18:31:21,480 [INFO] fetch_moneyflow_dc.py:296 全部任务完成
2026-08-01 18:31:22,009 [INFO] fetch_moneyflow_dc.py:296 全部任务完成
2026-08-01 18:31:28,224 [INFO] fetch_moneyflow_dc.py:282 准备拉取 1 个时间段的数据
2026-08-01 18:32:37,257 [INFO] fetch_moneyflow_dc.py:282 准备拉取 35 个时间段的数据
2026-08-01 18:32:37,354 [INFO] fetch_moneyflow_dc.py:211 已保存 20230914 资金流向数据: 40 个板块
2026-08-01 18:32:37,355 [INFO] fetch_moneyflow_dc.py:211 已保存 20230915 资金流向数据: 40 个板块
2026-08-01 18:32:37,357 [INFO] fetch_moneyflow_dc.py:211 已保存 20230918 资金流向数据: 40 个板块
2026-08-01 18:32:37,359 [INFO] fetch_moneyflow_dc.py:211 已保存 20230919 资金流向数据: 40 个板块
2026-08-01 18:32:37,360 [INFO] fetch_moneyflow_dc.py:211 已保存 20230920 资金流向数据: 40 个板块
2026-08-01 18:32:37,361 [INFO] fetch_moneyflow_dc.py:211 已保存 20230921 资金流向数据: 40 个板块
2026-08-01 18:32:37,362 [INFO] fetch_moneyflow_dc.py:211 已保存 20230922 资金流向数据: 40 个板块
2026-08-01 18:32:37,363 [INFO] fetch_moneyflow_dc.py:211 已保存 20230925 资金流向数据: 40 个板块
2026-08-01 18:32:37,365 [INFO] fetch_moneyflow_dc.py:211 已保存 20230926 资金流向数据: 40 个板块
2026-08-01 18:32:37,366 [INFO] fetch_moneyflow_dc.py:211 已保存 20230927 资金流向数据: 40 个板块
2026-08-01 18:32:37,368 [INFO] fetch_moneyflow_dc.py:211 已保存 20230928 资金流向数据: 40 个板块
2026-08-01 18:32:40,477 [INFO] fetch_moneyflow_dc.py:211 已保存 20231009 资金流向数据: 40 个板块
2026-08-01 18:32:40,479 [INFO] fetch_moneyflow_dc.py:211 已保存 20231010 资金流向数据: 40 个板块
2026-08-01 18:32:40,480 [INFO] fetch_moneyflow_dc.py:211 已保存 20231011 资金流向数据: 40 个板块
2026-08-01 18:32:40,483 [INFO] fetch_moneyflow_dc.py:211 已保存 20231012 资金流向数据: 40 个板块
2026-08-01 18:32:40,485 [INFO] fetch_moneyflow_dc.py:211 已保存 20231013 资金流向数据: 40 个板块
2026-08-01 18:32:40,487 [INFO] fetch_moneyflow_dc.py:211 已保存 20231016 资金流向数据: 40 个板块
2026-08-01 18:32:40,490 [INFO] fetch_moneyflow_dc.py:211 已保存 20231017 资金流向数据: 40 个板块
2026-08-01 18:32:40,492 [INFO] fetch_moneyflow_dc.py:211 已保存 20231018 资金流向数据: 40 个板块
2026-08-01 18:32:40,494 [INFO] fetch_moneyflow_dc.py:211 已保存 20231019 资金流向数据: 40 个板块
2026-08-01 18:32:40,495 [INFO] fetch_moneyflow_dc.py:211 已保存 20231020 资金流向数据: 40 个板块
2026-08-01 18:32:40,497 [INFO] fetch_moneyflow_dc.py:211 已保存 20231023 资金流向数据: 40 个板块
2026-08-01 18:32:40,498 [INFO] fetch_moneyflow_dc.py:211 已保存 20231024 资金流向数据: 40 个板块
2026-08-01 18:32:40,500 [INFO] fetch_moneyflow_dc.py:211 已保存 20231025 资金流向数据: 40 个板块
2026-08-01 18:32:40,501 [INFO] fetch_moneyflow_dc.py:211 已保存 20231026 资金流向数据: 40 个板块
2026-08-01 18:32:40,502 [INFO] fetch_moneyflow_dc.py:211 已保存 20231027 资金流向数据: 40 个板块
2026-08-01 18:32:40,504 [INFO] fetch_moneyflow_dc.py:211 已保存 20231030 资金流向数据: 40 个板块
2026-08-01 18:32:40,506 [INFO] fetch_moneyflow_dc.py:211 已保存 20231031 资金流向数据: 40 个板块
2026-08-01 18:32:43,643 [INFO] fetch_moneyflow_dc.py:211 已保存 20231101 资金流向数据: 40 个板块
2026-08-01 18:32:43,645 [INFO] fetch_moneyflow_dc.py:211 已保存 20231102 资金流向数据: 40 个板块
2026-08-01 18:32:43,647 [INFO] fetch_moneyflow_dc.py:211 已保存 20231103 资金流向数据: 40 个板块
2026-08-01 18:32:43,649 [INFO] fetch_moneyflow_dc.py:211 已保存 20231106 资金流向数据: 40 个板块
2026-08-01 18:32:43,650 [INFO] fetch_moneyflow_dc.py:211 已保存 20231107 资金流向数据: 40 个板块
2026-08-01 18:32:43,651 [INFO] fetch_moneyflow_dc.py:211 已保存 20231108 资金流向数据: 40 个板块
2026-08-01 18:32:43,653 [INFO] fetch_moneyflow_dc.py:211 已保存 20231109 资金流向数据: 40 个板块
2026-08-01 18:32:43,654 [INFO] fetch_moneyflow_dc.py:211 已保存 20231110 资金流向数据: 40 个板块
2026-08-01 18:32:43,656 [INFO] fetch_moneyflow_dc.py:211 已保存 20231113 资金流向数据: 40 个板块
2026-08-01 18:32:43,657 [INFO] fetch_moneyflow_dc.py:211 已保存 20231114 资金流向数据: 40 个板块
2026-08-01 18:32:43,659 [INFO] fetch_moneyflow_dc.py:211 已保存 20231115 资金流向数据: 40 个板块
2026-08-01 18:32:43,660 [INFO] fetch_moneyflow_dc.py:211 已保存 20231116 资金流向数据: 40 个板块
2026-08-01 18:32:43,661 [INFO] fetch_moneyflow_dc.py:211 已保存 20231117 资金流向数据: 40 个板块
2026-08-01 18:32:43,663 [INFO] fetch_moneyflow_dc.py:211 已保存 20231120 资金流向数据: 40 个板块
2026-08-01 18:32:43,664 [INFO] fetch_moneyflow_dc.py:211 已保存 20231121 资金流向数据: 40 个板块
2026-08-01 18:32:43,665 [INFO] fetch_moneyflow_dc.py:211 已保存 20231122 资金流向数据: 40 个板块
2026-08-01 18:32:43,667 [INFO] fetch_moneyflow_dc.py:211 已保存 20231123 资金流向数据: 40 个板块
2026-08-01 18:32:43,668 [INFO] fetch_moneyflow_dc.py:211 已保存 20231124 资金流向数据: 40 个板块
2026-08-01 18:32:43,670 [INFO] fetch_moneyflow_dc.py:211 已保存 20231127 资金流向数据: 40 个板块
2026-08-01 18:32:43,671 [INFO] fetch_moneyflow_dc.py:211 已保存 20231128 资金流向数据: 40 个板块
2026-08-01 18:32:43,672 [INFO] fetch_moneyflow_dc.py:211 已保存 20231129 资金流向数据: 40 个板块
2026-08-01 18:32:43,674 [INFO] fetch_moneyflow_dc.py:211 已保存 20231130 资金流向数据: 40 个板块
2026-08-01 18:32:46,793 [INFO] fetch_moneyflow_dc.py:211 已保存 20231201 资金流向数据: 40 个板块
2026-08-01 18:32:46,795 [INFO] fetch_moneyflow_dc.py:211 已保存 20231204 资金流向数据: 40 个板块
2026-08-01 18:32:46,797 [INFO] fetch_moneyflow_dc.py:211 已保存 20231205 资金流向数据: 40 个板块
2026-08-01 18:32:46,798 [INFO] fetch_moneyflow_dc.py:211 已保存 20231206 资金流向数据: 40 个板块
2026-08-01 18:32:46,800 [INFO] fetch_moneyflow_dc.py:211 已保存 20231207 资金流向数据: 40 个板块
2026-08-01 18:32:46,802 [INFO] fetch_moneyflow_dc.py:211 已保存 20231208 资金流向数据: 40 个板块
2026-08-01 18:32:46,803 [INFO] fetch_moneyflow_dc.py:211 已保存 20231211 资金流向数据: 40 个板块
2026-08-01 18:32:46,805 [INFO] fetch_moneyflow_dc.py:211 已保存 20231212 资金流向数据: 40 个板块
2026-08-01 18:32:46,806 [INFO] fetch_moneyflow_dc.py:211 已保存 20231213 资金流向数据: 40 个板块
2026-08-01 18:32:46,808 [INFO] fetch_moneyflow_dc.py:211 已保存 20231214 资金流向数据: 40 个板块
2026-08-01 18:32:46,809 [INFO] fetch_moneyflow_dc.py:211 已保存 20231215 资金流向数据: 40 个板块
2026-08-01 18:32:46,810 [INFO] fetch_moneyflow_dc.py:211 已保存 20231218 资金流向数据: 40 个板块
2026-08-01 18:32:46,811 [INFO] fetch_moneyflow_dc.py:211 已保存 20231219 资金流向数据: 40 个板块
2026-08-01 18:32:46,813 [INFO] fetch_moneyflow_dc.py:211 已保存 20231220 资金流向数据: 40 个板块
2026-08-01 18:32:46,814 [INFO] fetch_moneyflow_dc.py:211 已保存 20231221 资金流向数据: 40 个板块
2026-08-01 18:32:46,816 [INFO] fetch_moneyflow_dc.py:211 已保存 20231222 资金流向数据: 40 个板块
2026-08-01 18:32:46,818 [INFO] fetch_moneyflow_dc.py:211 已保存 20231225 资金流向数据: 40 个板块
2026-08-01 18:32:46,819 [INFO] fetch_moneyflow_dc.py:211 已保存 20231226 资金流向数据: 40 个板块
2026-08-01 18:32:46,820 [INFO] fetch_moneyflow_dc.py:211 已保存 20231227 资金流向数据: 40 个板块
2026-08-01 18:32:46,822 [INFO] fetch_moneyflow_dc.py:211 已保存 20231228 资金流向数据: 40 个板块
2026-08-01 18:32:46,823 [INFO] fetch_moneyflow_dc.py:211 已保存 20231229 资金流向数据: 40 个板块
2026-08-01 18:32:49,944 [INFO] fetch_moneyflow_dc.py:211 已保存 20240102 资金流向数据: 40 个板块
2026-08-01 18:32:49,946 [INFO] fetch_moneyflow_dc.py:211 已保存 20240103 资金流向数据: 40 个板块
2026-08-01 18:32:49,948 [INFO] fetch_moneyflow_dc.py:211 已保存 20240104 资金流向数据: 40 个板块
2026-08-01 18:32:49,949 [INFO] fetch_moneyflow_dc.py:211 已保存 20240105 资金流向数据: 40 个板块
2026-08-01 18:32:49,950 [INFO] fetch_moneyflow_dc.py:211 已保存 20240108 资金流向数据: 40 个板块
2026-08-01 18:32:49,952 [INFO] fetch_moneyflow_dc.py:211 已保存 20240109 资金流向数据: 40 个板块
2026-08-01 18:32:49,953 [INFO] fetch_moneyflow_dc.py:211 已保存 20240110 资金流向数据: 40 个板块
2026-08-01 18:32:49,954 [INFO] fetch_moneyflow_dc.py:211 已保存 20240111 资金流向数据: 40 个板块
2026-08-01 18:32:49,955 [INFO] fetch_moneyflow_dc.py:211 已保存 20240112 资金流向数据: 40 个板块
2026-08-01 18:32:49,956 [INFO] fetch_moneyflow_dc.py:211 已保存 20240115 资金流向数据: 40 个板块
2026-08-01 18:32:49,958 [INFO] fetch_moneyflow_dc.py:211 已保存 20240116 资金流向数据: 40 个板块
2026-08-01 18:32:49,959 [INFO] fetch_moneyflow_dc.py:211 已保存 20240117 资金流向数据: 40 个板块
2026-08-01 18:32:49,961 [INFO] fetch_moneyflow_dc.py:211 已保存 20240118 资金流向数据: 40 个板块
2026-08-01 18:32:49,962 [INFO] fetch_moneyflow_dc.py:211 已保存 20240119 资金流向数据: 40 个板块
2026-08-01 18:32:49,963 [INFO] fetch_moneyflow_dc.py:211 已保存 20240122 资金流向数据: 40 个板块
2026-08-01 18:32:49,965 [INFO] fetch_moneyflow_dc.py:211 已保存 20240123 资金流向数据: 40 个板块
2026-08-01 18:32:49,966 [INFO] fetch_moneyflow_dc.py:211 已保存 20240124 资金流向数据: 40 个板块
2026-08-01 18:32:49,967 [INFO] fetch_moneyflow_dc.py:211 已保存 20240125 资金流向数据: 40 个板块
2026-08-01 18:32:49,968 [INFO] fetch_moneyflow_dc.py:211 已保存 20240126 资金流向数据: 40 个板块
2026-08-01 18:32:49,969 [INFO] fetch_moneyflow_dc.py:211 已保存 20240129 资金流向数据: 40 个板块
2026-08-01 18:32:49,970 [INFO] fetch_moneyflow_dc.py:211 已保存 20240130 资金流向数据: 40 个板块
2026-08-01 18:32:49,971 [INFO] fetch_moneyflow_dc.py:211 已保存 20240131 资金流向数据: 40 个板块
2026-08-01 18:32:53,066 [INFO] fetch_moneyflow_dc.py:211 已保存 20240201 资金流向数据: 40 个板块
2026-08-01 18:32:53,068 [INFO] fetch_moneyflow_dc.py:211 已保存 20240202 资金流向数据: 40 个板块
2026-08-01 18:32:53,069 [INFO] fetch_moneyflow_dc.py:211 已保存 20240205 资金流向数据: 40 个板块
2026-08-01 18:32:53,071 [INFO] fetch_moneyflow_dc.py:211 已保存 20240206 资金流向数据: 40 个板块
2026-08-01 18:32:53,072 [INFO] fetch_moneyflow_dc.py:211 已保存 20240207 资金流向数据: 40 个板块
2026-08-01 18:32:53,073 [INFO] fetch_moneyflow_dc.py:211 已保存 20240208 资金流向数据: 40 个板块
2026-08-01 18:32:53,085 [INFO] fetch_moneyflow_dc.py:211 已保存 20240219 资金流向数据: 40 个板块
2026-08-01 18:32:53,088 [INFO] fetch_moneyflow_dc.py:211 已保存 20240220 资金流向数据: 40 个板块
2026-08-01 18:32:53,090 [INFO] fetch_moneyflow_dc.py:211 已保存 20240221 资金流向数据: 40 个板块
2026-08-01 18:32:53,092 [INFO] fetch_moneyflow_dc.py:211 已保存 20240222 资金流向数据: 40 个板块
2026-08-01 18:32:53,094 [INFO] fetch_moneyflow_dc.py:211 已保存 20240223 资金流向数据: 40 个板块
2026-08-01 18:32:53,098 [INFO] fetch_moneyflow_dc.py:211 已保存 20240226 资金流向数据: 40 个板块
2026-08-01 18:32:53,101 [INFO] fetch_moneyflow_dc.py:211 已保存 20240227 资金流向数据: 40 个板块
2026-08-01 18:32:53,103 [INFO] fetch_moneyflow_dc.py:211 已保存 20240228 资金流向数据: 40 个板块
2026-08-01 18:32:53,105 [INFO] fetch_moneyflow_dc.py:211 已保存 20240229 资金流向数据: 40 个板块
2026-08-01 18:32:56,220 [INFO] fetch_moneyflow_dc.py:211 已保存 20240301 资金流向数据: 40 个板块
2026-08-01 18:32:56,221 [INFO] fetch_moneyflow_dc.py:211 已保存 20240304 资金流向数据: 40 个板块
2026-08-01 18:32:56,222 [INFO] fetch_moneyflow_dc.py:211 已保存 20240305 资金流向数据: 40 个板块
2026-08-01 18:32:56,224 [INFO] fetch_moneyflow_dc.py:211 已保存 20240306 资金流向数据: 40 个板块
2026-08-01 18:32:56,225 [INFO] fetch_moneyflow_dc.py:211 已保存 20240307 资金流向数据: 40 个板块
2026-08-01 18:32:56,236 [INFO] fetch_moneyflow_dc.py:211 已保存 20240308 资金流向数据: 40 个板块
2026-08-01 18:32:56,238 [INFO] fetch_moneyflow_dc.py:211 已保存 20240311 资金流向数据: 40 个板块
2026-08-01 18:32:56,241 [INFO] fetch_moneyflow_dc.py:211 已保存 20240312 资金流向数据: 40 个板块
2026-08-01 18:32:56,243 [INFO] fetch_moneyflow_dc.py:211 已保存 20240313 资金流向数据: 40 个板块
2026-08-01 18:32:56,245 [INFO] fetch_moneyflow_dc.py:211 已保存 20240314 资金流向数据: 40 个板块
2026-08-01 18:32:56,247 [INFO] fetch_moneyflow_dc.py:211 已保存 20240315 资金流向数据: 40 个板块
2026-08-01 18:32:56,248 [INFO] fetch_moneyflow_dc.py:211 已保存 20240318 资金流向数据: 40 个板块
2026-08-01 18:32:56,250 [INFO] fetch_moneyflow_dc.py:211 已保存 20240319 资金流向数据: 40 个板块
2026-08-01 18:32:56,251 [INFO] fetch_moneyflow_dc.py:211 已保存 20240320 资金流向数据: 40 个板块
2026-08-01 18:32:56,252 [INFO] fetch_moneyflow_dc.py:211 已保存 20240321 资金流向数据: 40 个板块
2026-08-01 18:32:56,254 [INFO] fetch_moneyflow_dc.py:211 已保存 20240322 资金流向数据: 40 个板块
2026-08-01 18:32:56,255 [INFO] fetch_moneyflow_dc.py:211 已保存 20240325 资金流向数据: 40 个板块
2026-08-01 18:32:56,257 [INFO] fetch_moneyflow_dc.py:211 已保存 20240326 资金流向数据: 40 个板块
2026-08-01 18:32:56,258 [INFO] fetch_moneyflow_dc.py:211 已保存 20240327 资金流向数据: 40 个板块
2026-08-01 18:32:56,259 [INFO] fetch_moneyflow_dc.py:211 已保存 20240328 资金流向数据: 40 个板块
2026-08-01 18:32:56,261 [INFO] fetch_moneyflow_dc.py:211 已保存 20240329 资金流向数据: 40 个板块
2026-08-01 18:32:59,372 [INFO] fetch_moneyflow_dc.py:211 已保存 20240401 资金流向数据: 40 个板块
2026-08-01 18:32:59,375 [INFO] fetch_moneyflow_dc.py:211 已保存 20240402 资金流向数据: 40 个板块
2026-08-01 18:32:59,378 [INFO] fetch_moneyflow_dc.py:211 已保存 20240403 资金流向数据: 40 个板块
2026-08-01 18:32:59,380 [INFO] fetch_moneyflow_dc.py:211 已保存 20240408 资金流向数据: 40 个板块
2026-08-01 18:32:59,381 [INFO] fetch_moneyflow_dc.py:211 已保存 20240409 资金流向数据: 40 个板块
2026-08-01 18:32:59,383 [INFO] fetch_moneyflow_dc.py:211 已保存 20240410 资金流向数据: 40 个板块
2026-08-01 18:32:59,385 [INFO] fetch_moneyflow_dc.py:211 已保存 20240411 资金流向数据: 40 个板块
2026-08-01 18:32:59,386 [INFO] fetch_moneyflow_dc.py:211 已保存 20240412 资金流向数据: 40 个板块
2026-08-01 18:32:59,388 [INFO] fetch_moneyflow_dc.py:211 已保存 20240415 资金流向数据: 40 个板块
2026-08-01 18:32:59,390 [INFO] fetch_moneyflow_dc.py:211 已保存 20240416 资金流向数据: 40 个板块
2026-08-01 18:32:59,391 [INFO] fetch_moneyflow_dc.py:211 已保存 20240417 资金流向数据: 40 个板块
2026-08-01 18:32:59,393 [INFO] fetch_moneyflow_dc.py:211 已保存 20240418 资金流向数据: 40 个板块
2026-08-01 18:32:59,394 [INFO] fetch_moneyflow_dc.py:211 已保存 20240419 资金流向数据: 40 个板块
2026-08-01 18:32:59,395 [INFO] fetch_moneyflow_dc.py:211 已保存 20240422 资金流向数据: 40 个板块
2026-08-01 18:32:59,397 [INFO] fetch_moneyflow_dc.py:211 已保存 20240423 资金流向数据: 40 个板块
2026-08-01 18:32:59,398 [INFO] fetch_moneyflow_dc.py:211 已保存 20240424 资金流向数据: 40 个板块
2026-08-01 18:32:59,399 [INFO] fetch_moneyflow_dc.py:211 已保存 20240425 资金流向数据: 40 个板块
2026-08-01 18:32:59,401 [INFO] fetch_moneyflow_dc.py:211 已保存 20240426 资金流向数据: 40 个板块
2026-08-01 18:32:59,402 [INFO] fetch_moneyflow_dc.py:211 已保存 20240429 资金流向数据: 40 个板块
2026-08-01 18:32:59,404 [INFO] fetch_moneyflow_dc.py:211 已保存 20240430 资金流向数据: 40 个板块
2026-08-01 18:33:02,521 [INFO] fetch_moneyflow_dc.py:211 已保存 20240506 资金流向数据: 40 个板块
2026-08-01 18:33:02,523 [INFO] fetch_moneyflow_dc.py:211 已保存 20240507 资金流向数据: 40 个板块
2026-08-01 18:33:02,524 [INFO] fetch_moneyflow_dc.py:211 已保存 20240508 资金流向数据: 40 个板块
2026-08-01 18:33:02,526 [INFO] fetch_moneyflow_dc.py:211 已保存 20240509 资金流向数据: 40 个板块
2026-08-01 18:33:02,527 [INFO] fetch_moneyflow_dc.py:211 已保存 20240510 资金流向数据: 40 个板块
2026-08-01 18:33:02,528 [INFO] fetch_moneyflow_dc.py:211 已保存 20240513 资金流向数据: 40 个板块
2026-08-01 18:33:02,529 [INFO] fetch_moneyflow_dc.py:211 已保存 20240514 资金流向数据: 40 个板块
2026-08-01 18:33:02,530 [INFO] fetch_moneyflow_dc.py:211 已保存 20240515 资金流向数据: 40 个板块
2026-08-01 18:33:02,531 [INFO] fetch_moneyflow_dc.py:211 已保存 20240516 资金流向数据: 40 个板块
2026-08-01 18:33:02,533 [INFO] fetch_moneyflow_dc.py:211 已保存 20240517 资金流向数据: 40 个板块
2026-08-01 18:33:02,534 [INFO] fetch_moneyflow_dc.py:211 已保存 20240520 资金流向数据: 40 个板块
2026-08-01 18:33:02,535 [INFO] fetch_moneyflow_dc.py:211 已保存 20240521 资金流向数据: 40 个板块
2026-08-01 18:33:02,536 [INFO] fetch_moneyflow_dc.py:211 已保存 20240522 资金流向数据: 40 个板块
2026-08-01 18:33:02,537 [INFO] fetch_moneyflow_dc.py:211 已保存 20240523 资金流向数据: 40 个板块
2026-08-01 18:33:02,538 [INFO] fetch_moneyflow_dc.py:211 已保存 20240524 资金流向数据: 40 个板块
2026-08-01 18:33:02,540 [INFO] fetch_moneyflow_dc.py:211 已保存 20240527 资金流向数据: 40 个板块
2026-08-01 18:33:02,541 [INFO] fetch_moneyflow_dc.py:211 已保存 20240528 资金流向数据: 40 个板块
2026-08-01 18:33:02,542 [INFO] fetch_moneyflow_dc.py:211 已保存 20240529 资金流向数据: 40 个板块
2026-08-01 18:33:02,543 [INFO] fetch_moneyflow_dc.py:211 已保存 20240530 资金流向数据: 40 个板块
2026-08-01 18:33:02,544 [INFO] fetch_moneyflow_dc.py:211 已保存 20240531 资金流向数据: 40 个板块
2026-08-01 18:33:05,668 [INFO] fetch_moneyflow_dc.py:211 已保存 20240603 资金流向数据: 40 个板块
2026-08-01 18:33:05,669 [INFO] fetch_moneyflow_dc.py:211 已保存 20240604 资金流向数据: 40 个板块
2026-08-01 18:33:05,671 [INFO] fetch_moneyflow_dc.py:211 已保存 20240605 资金流向数据: 40 个板块
2026-08-01 18:33:05,673 [INFO] fetch_moneyflow_dc.py:211 已保存 20240606 资金流向数据: 40 个板块
2026-08-01 18:33:05,674 [INFO] fetch_moneyflow_dc.py:211 已保存 20240607 资金流向数据: 40 个板块
2026-08-01 18:33:05,675 [INFO] fetch_moneyflow_dc.py:211 已保存 20240611 资金流向数据: 40 个板块
2026-08-01 18:33:05,676 [INFO] fetch_moneyflow_dc.py:211 已保存 20240612 资金流向数据: 40 个板块
2026-08-01 18:33:05,678 [INFO] fetch_moneyflow_dc.py:211 已保存 20240613 资金流向数据: 40 个板块
2026-08-01 18:33:05,679 [INFO] fetch_moneyflow_dc.py:211 已保存 20240614 资金流向数据: 40 个板块
2026-08-01 18:33:05,680 [INFO] fetch_moneyflow_dc.py:211 已保存 20240617 资金流向数据: 40 个板块
2026-08-01 18:33:05,681 [INFO] fetch_moneyflow_dc.py:211 已保存 20240618 资金流向数据: 40 个板块
2026-08-01 18:33:05,683 [INFO] fetch_moneyflow_dc.py:211 已保存 20240619 资金流向数据: 40 个板块
2026-08-01 18:33:05,684 [INFO] fetch_moneyflow_dc.py:211 已保存 20240620 资金流向数据: 40 个板块
2026-08-01 18:33:05,686 [INFO] fetch_moneyflow_dc.py:211 已保存 20240621 资金流向数据: 40 个板块
2026-08-01 18:33:05,687 [INFO] fetch_moneyflow_dc.py:211 已保存 20240624 资金流向数据: 40 个板块
2026-08-01 18:33:05,689 [INFO] fetch_moneyflow_dc.py:211 已保存 20240625 资金流向数据: 40 个板块
2026-08-01 18:33:05,690 [INFO] fetch_moneyflow_dc.py:211 已保存 20240626 资金流向数据: 40 个板块
2026-08-01 18:33:05,691 [INFO] fetch_moneyflow_dc.py:211 已保存 20240627 资金流向数据: 40 个板块
2026-08-01 18:33:05,693 [INFO] fetch_moneyflow_dc.py:211 已保存 20240628 资金流向数据: 40 个板块
2026-08-01 18:33:08,813 [INFO] fetch_moneyflow_dc.py:211 已保存 20240701 资金流向数据: 40 个板块
2026-08-01 18:33:08,814 [INFO] fetch_moneyflow_dc.py:211 已保存 20240702 资金流向数据: 40 个板块
2026-08-01 18:33:08,816 [INFO] fetch_moneyflow_dc.py:211 已保存 20240703 资金流向数据: 40 个板块
2026-08-01 18:33:08,817 [INFO] fetch_moneyflow_dc.py:211 已保存 20240704 资金流向数据: 40 个板块
2026-08-01 18:33:08,819 [INFO] fetch_moneyflow_dc.py:211 已保存 20240705 资金流向数据: 40 个板块
2026-08-01 18:33:08,820 [INFO] fetch_moneyflow_dc.py:211 已保存 20240708 资金流向数据: 40 个板块
2026-08-01 18:33:08,821 [INFO] fetch_moneyflow_dc.py:211 已保存 20240709 资金流向数据: 40 个板块
2026-08-01 18:33:08,822 [INFO] fetch_moneyflow_dc.py:211 已保存 20240710 资金流向数据: 40 个板块
2026-08-01 18:33:08,823 [INFO] fetch_moneyflow_dc.py:211 已保存 20240711 资金流向数据: 40 个板块
2026-08-01 18:33:08,824 [INFO] fetch_moneyflow_dc.py:211 已保存 20240712 资金流向数据: 40 个板块
2026-08-01 18:33:08,826 [INFO] fetch_moneyflow_dc.py:211 已保存 20240715 资金流向数据: 40 个板块
2026-08-01 18:33:08,827 [INFO] fetch_moneyflow_dc.py:211 已保存 20240716 资金流向数据: 40 个板块
2026-08-01 18:33:08,828 [INFO] fetch_moneyflow_dc.py:211 已保存 20240717 资金流向数据: 40 个板块
2026-08-01 18:33:08,830 [INFO] fetch_moneyflow_dc.py:211 已保存 20240718 资金流向数据: 40 个板块
2026-08-01 18:33:08,831 [INFO] fetch_moneyflow_dc.py:211 已保存 20240719 资金流向数据: 40 个板块
2026-08-01 18:33:08,832 [INFO] fetch_moneyflow_dc.py:211 已保存 20240722 资金流向数据: 40 个板块
2026-08-01 18:33:08,833 [INFO] fetch_moneyflow_dc.py:211 已保存 20240723 资金流向数据: 40 个板块
2026-08-01 18:33:08,834 [INFO] fetch_moneyflow_dc.py:211 已保存 20240724 资金流向数据: 40 个板块
2026-08-01 18:33:08,835 [INFO] fetch_moneyflow_dc.py:211 已保存 20240725 资金流向数据: 40 个板块
2026-08-01 18:33:08,837 [INFO] fetch_moneyflow_dc.py:211 已保存 20240726 资金流向数据: 40 个板块
2026-08-01 18:33:08,838 [INFO] fetch_moneyflow_dc.py:211 已保存 20240729 资金流向数据: 40 个板块
2026-08-01 18:33:08,839 [INFO] fetch_moneyflow_dc.py:211 已保存 20240730 资金流向数据: 40 个板块
2026-08-01 18:33:08,841 [INFO] fetch_moneyflow_dc.py:211 已保存 20240731 资金流向数据: 40 个板块
2026-08-01 18:33:11,961 [INFO] fetch_moneyflow_dc.py:211 已保存 20240801 资金流向数据: 40 个板块
2026-08-01 18:33:11,962 [INFO] fetch_moneyflow_dc.py:211 已保存 20240802 资金流向数据: 40 个板块
2026-08-01 18:33:11,963 [INFO] fetch_moneyflow_dc.py:211 已保存 20240805 资金流向数据: 40 个板块
2026-08-01 18:33:11,965 [INFO] fetch_moneyflow_dc.py:211 已保存 20240806 资金流向数据: 40 个板块
2026-08-01 18:33:11,967 [INFO] fetch_moneyflow_dc.py:211 已保存 20240807 资金流向数据: 40 个板块
2026-08-01 18:33:11,968 [INFO] fetch_moneyflow_dc.py:211 已保存 20240808 资金流向数据: 40 个板块
2026-08-01 18:33:11,969 [INFO] fetch_moneyflow_dc.py:211 已保存 20240809 资金流向数据: 40 个板块
2026-08-01 18:33:11,970 [INFO] fetch_moneyflow_dc.py:211 已保存 20240812 资金流向数据: 40 个板块
2026-08-01 18:33:11,972 [INFO] fetch_moneyflow_dc.py:211 已保存 20240813 资金流向数据: 40 个板块
2026-08-01 18:33:11,973 [INFO] fetch_moneyflow_dc.py:211 已保存 20240814 资金流向数据: 40 个板块
2026-08-01 18:33:11,974 [INFO] fetch_moneyflow_dc.py:211 已保存 20240815 资金流向数据: 40 个板块
2026-08-01 18:33:11,975 [INFO] fetch_moneyflow_dc.py:211 已保存 20240816 资金流向数据: 40 个板块
2026-08-01 18:33:11,977 [INFO] fetch_moneyflow_dc.py:211 已保存 20240819 资金流向数据: 40 个板块
2026-08-01 18:33:11,978 [INFO] fetch_moneyflow_dc.py:211 已保存 20240820 资金流向数据: 40 个板块
2026-08-01 18:33:11,979 [INFO] fetch_moneyflow_dc.py:211 已保存 20240821 资金流向数据: 40 个板块
2026-08-01 18:33:11,981 [INFO] fetch_moneyflow_dc.py:211 已保存 20240822 资金流向数据: 40 个板块
2026-08-01 18:33:11,982 [INFO] fetch_moneyflow_dc.py:211 已保存 20240823 资金流向数据: 40 个板块
2026-08-01 18:33:11,983 [INFO] fetch_moneyflow_dc.py:211 已保存 20240826 资金流向数据: 40 个板块
2026-08-01 18:33:11,985 [INFO] fetch_moneyflow_dc.py:211 已保存 20240827 资金流向数据: 40 个板块
2026-08-01 18:33:11,986 [INFO] fetch_moneyflow_dc.py:211 已保存 20240828 资金流向数据: 40 个板块
2026-08-01 18:33:11,987 [INFO] fetch_moneyflow_dc.py:211 已保存 20240829 资金流向数据: 40 个板块
2026-08-01 18:33:11,988 [INFO] fetch_moneyflow_dc.py:211 已保存 20240830 资金流向数据: 40 个板块
2026-08-01 18:33:15,112 [INFO] fetch_moneyflow_dc.py:211 已保存 20240902 资金流向数据: 40 个板块
2026-08-01 18:33:15,113 [INFO] fetch_moneyflow_dc.py:211 已保存 20240903 资金流向数据: 40 个板块
2026-08-01 18:33:15,114 [INFO] fetch_moneyflow_dc.py:211 已保存 20240904 资金流向数据: 40 个板块
2026-08-01 18:33:15,116 [INFO] fetch_moneyflow_dc.py:211 已保存 20240905 资金流向数据: 40 个板块
2026-08-01 18:33:15,117 [INFO] fetch_moneyflow_dc.py:211 已保存 20240906 资金流向数据: 40 个板块
2026-08-01 18:33:15,128 [INFO] fetch_moneyflow_dc.py:211 已保存 20240909 资金流向数据: 40 个板块
2026-08-01 18:33:15,130 [INFO] fetch_moneyflow_dc.py:211 已保存 20240910 资金流向数据: 40 个板块
2026-08-01 18:33:15,132 [INFO] fetch_moneyflow_dc.py:211 已保存 20240911 资金流向数据: 40 个板块
2026-08-01 18:33:15,133 [INFO] fetch_moneyflow_dc.py:211 已保存 20240912 资金流向数据: 40 个板块
2026-08-01 18:33:15,135 [INFO] fetch_moneyflow_dc.py:211 已保存 20240913 资金流向数据: 40 个板块
2026-08-01 18:33:15,136 [INFO] fetch_moneyflow_dc.py:211 已保存 20240918 资金流向数据: 40 个板块
2026-08-01 18:33:15,138 [INFO] fetch_moneyflow_dc.py:211 已保存 20240919 资金流向数据: 40 个板块
2026-08-01 18:33:15,139 [INFO] fetch_moneyflow_dc.py:211 已保存 20240920 资金流向数据: 40 个板块
2026-08-01 18:33:15,141 [INFO] fetch_moneyflow_dc.py:211 已保存 20240923 资金流向数据: 40 个板块
2026-08-01 18:33:15,143 [INFO] fetch_moneyflow_dc.py:211 已保存 20240924 资金流向数据: 40 个板块
2026-08-01 18:33:15,145 [INFO] fetch_moneyflow_dc.py:211 已保存 20240925 资金流向数据: 40 个板块
2026-08-01 18:33:15,148 [INFO] fetch_moneyflow_dc.py:211 已保存 20240926 资金流向数据: 40 个板块
2026-08-01 18:33:15,150 [INFO] fetch_moneyflow_dc.py:211 已保存 20240927 资金流向数据: 40 个板块
2026-08-01 18:33:15,152 [INFO] fetch_moneyflow_dc.py:211 已保存 20240930 资金流向数据: 40 个板块
2026-08-01 18:33:18,269 [INFO] fetch_moneyflow_dc.py:211 已保存 20241008 资金流向数据: 40 个板块
2026-08-01 18:33:18,270 [INFO] fetch_moneyflow_dc.py:211 已保存 20241009 资金流向数据: 40 个板块
2026-08-01 18:33:18,271 [INFO] fetch_moneyflow_dc.py:211 已保存 20241010 资金流向数据: 40 个板块
2026-08-01 18:33:18,273 [INFO] fetch_moneyflow_dc.py:211 已保存 20241011 资金流向数据: 40 个板块
2026-08-01 18:33:18,275 [INFO] fetch_moneyflow_dc.py:211 已保存 20241014 资金流向数据: 40 个板块
2026-08-01 18:33:18,276 [INFO] fetch_moneyflow_dc.py:211 已保存 20241015 资金流向数据: 40 个板块
2026-08-01 18:33:18,277 [INFO] fetch_moneyflow_dc.py:211 已保存 20241016 资金流向数据: 40 个板块
2026-08-01 18:33:18,279 [INFO] fetch_moneyflow_dc.py:211 已保存 20241017 资金流向数据: 40 个板块
2026-08-01 18:33:18,280 [INFO] fetch_moneyflow_dc.py:211 已保存 20241018 资金流向数据: 40 个板块
2026-08-01 18:33:18,281 [INFO] fetch_moneyflow_dc.py:211 已保存 20241021 资金流向数据: 40 个板块
2026-08-01 18:33:18,282 [INFO] fetch_moneyflow_dc.py:211 已保存 20241022 资金流向数据: 40 个板块
2026-08-01 18:33:18,283 [INFO] fetch_moneyflow_dc.py:211 已保存 20241023 资金流向数据: 40 个板块
2026-08-01 18:33:18,285 [INFO] fetch_moneyflow_dc.py:211 已保存 20241024 资金流向数据: 40 个板块
2026-08-01 18:33:18,286 [INFO] fetch_moneyflow_dc.py:211 已保存 20241025 资金流向数据: 40 个板块
2026-08-01 18:33:18,287 [INFO] fetch_moneyflow_dc.py:211 已保存 20241028 资金流向数据: 40 个板块
2026-08-01 18:33:18,288 [INFO] fetch_moneyflow_dc.py:211 已保存 20241029 资金流向数据: 40 个板块
2026-08-01 18:33:18,289 [INFO] fetch_moneyflow_dc.py:211 已保存 20241030 资金流向数据: 40 个板块
2026-08-01 18:33:18,291 [INFO] fetch_moneyflow_dc.py:211 已保存 20241031 资金流向数据: 40 个板块
2026-08-01 18:33:21,408 [INFO] fetch_moneyflow_dc.py:211 已保存 20241101 资金流向数据: 40 个板块
2026-08-01 18:33:21,409 [INFO] fetch_moneyflow_dc.py:211 已保存 20241104 资金流向数据: 40 个板块
2026-08-01 18:33:21,410 [INFO] fetch_moneyflow_dc.py:211 已保存 20241105 资金流向数据: 40 个板块
2026-08-01 18:33:21,413 [INFO] fetch_moneyflow_dc.py:211 已保存 20241106 资金流向数据: 40 个板块
2026-08-01 18:33:21,416 [INFO] fetch_moneyflow_dc.py:211 已保存 20241107 资金流向数据: 40 个板块
2026-08-01 18:33:21,417 [INFO] fetch_moneyflow_dc.py:211 已保存 20241108 资金流向数据: 40 个板块
2026-08-01 18:33:21,419 [INFO] fetch_moneyflow_dc.py:211 已保存 20241111 资金流向数据: 40 个板块
2026-08-01 18:33:21,421 [INFO] fetch_moneyflow_dc.py:211 已保存 20241112 资金流向数据: 40 个板块
2026-08-01 18:33:21,422 [INFO] fetch_moneyflow_dc.py:211 已保存 20241113 资金流向数据: 40 个板块
2026-08-01 18:33:21,424 [INFO] fetch_moneyflow_dc.py:211 已保存 20241114 资金流向数据: 40 个板块
2026-08-01 18:33:21,425 [INFO] fetch_moneyflow_dc.py:211 已保存 20241115 资金流向数据: 40 个板块
2026-08-01 18:33:21,426 [INFO] fetch_moneyflow_dc.py:211 已保存 20241118 资金流向数据: 40 个板块
2026-08-01 18:33:21,428 [INFO] fetch_moneyflow_dc.py:211 已保存 20241119 资金流向数据: 40 个板块
2026-08-01 18:33:21,429 [INFO] fetch_moneyflow_dc.py:211 已保存 20241120 资金流向数据: 40 个板块
2026-08-01 18:33:21,430 [INFO] fetch_moneyflow_dc.py:211 已保存 20241121 资金流向数据: 40 个板块
2026-08-01 18:33:21,432 [INFO] fetch_moneyflow_dc.py:211 已保存 20241122 资金流向数据: 40 个板块
2026-08-01 18:33:21,433 [INFO] fetch_moneyflow_dc.py:211 已保存 20241125 资金流向数据: 40 个板块
2026-08-01 18:33:21,435 [INFO] fetch_moneyflow_dc.py:211 已保存 20241126 资金流向数据: 40 个板块
2026-08-01 18:33:21,436 [INFO] fetch_moneyflow_dc.py:211 已保存 20241127 资金流向数据: 40 个板块
2026-08-01 18:33:21,437 [INFO] fetch_moneyflow_dc.py:211 已保存 20241128 资金流向数据: 40 个板块
2026-08-01 18:33:21,438 [INFO] fetch_moneyflow_dc.py:211 已保存 20241129 资金流向数据: 40 个板块
2026-08-01 18:33:24,561 [INFO] fetch_moneyflow_dc.py:211 已保存 20241202 资金流向数据: 40 个板块
2026-08-01 18:33:24,563 [INFO] fetch_moneyflow_dc.py:211 已保存 20241203 资金流向数据: 40 个板块
2026-08-01 18:33:24,565 [INFO] fetch_moneyflow_dc.py:211 已保存 20241204 资金流向数据: 40 个板块
2026-08-01 18:33:24,566 [INFO] fetch_moneyflow_dc.py:211 已保存 20241205 资金流向数据: 40 个板块
2026-08-01 18:33:24,568 [INFO] fetch_moneyflow_dc.py:211 已保存 20241206 资金流向数据: 40 个板块
2026-08-01 18:33:24,570 [INFO] fetch_moneyflow_dc.py:211 已保存 20241209 资金流向数据: 40 个板块
2026-08-01 18:33:24,571 [INFO] fetch_moneyflow_dc.py:211 已保存 20241210 资金流向数据: 40 个板块
2026-08-01 18:33:24,572 [INFO] fetch_moneyflow_dc.py:211 已保存 20241211 资金流向数据: 40 个板块
2026-08-01 18:33:24,574 [INFO] fetch_moneyflow_dc.py:211 已保存 20241212 资金流向数据: 40 个板块
2026-08-01 18:33:24,575 [INFO] fetch_moneyflow_dc.py:211 已保存 20241213 资金流向数据: 40 个板块
2026-08-01 18:33:24,577 [INFO] fetch_moneyflow_dc.py:211 已保存 20241216 资金流向数据: 40 个板块
2026-08-01 18:33:24,578 [INFO] fetch_moneyflow_dc.py:211 已保存 20241217 资金流向数据: 40 个板块
2026-08-01 18:33:24,579 [INFO] fetch_moneyflow_dc.py:211 已保存 20241218 资金流向数据: 40 个板块
2026-08-01 18:33:24,581 [INFO] fetch_moneyflow_dc.py:211 已保存 20241219 资金流向数据: 40 个板块
2026-08-01 18:33:24,582 [INFO] fetch_moneyflow_dc.py:211 已保存 20241220 资金流向数据: 40 个板块
2026-08-01 18:33:24,583 [INFO] fetch_moneyflow_dc.py:211 已保存 20241223 资金流向数据: 40 个板块
2026-08-01 18:33:24,585 [INFO] fetch_moneyflow_dc.py:211 已保存 20241224 资金流向数据: 40 个板块
2026-08-01 18:33:24,586 [INFO] fetch_moneyflow_dc.py:211 已保存 20241225 资金流向数据: 40 个板块
2026-08-01 18:33:24,587 [INFO] fetch_moneyflow_dc.py:211 已保存 20241226 资金流向数据: 40 个板块
2026-08-01 18:33:24,588 [INFO] fetch_moneyflow_dc.py:211 已保存 20241227 资金流向数据: 40 个板块
2026-08-01 18:33:24,590 [INFO] fetch_moneyflow_dc.py:211 已保存 20241230 资金流向数据: 40 个板块
2026-08-01 18:33:24,591 [INFO] fetch_moneyflow_dc.py:211 已保存 20241231 资金流向数据: 40 个板块
2026-08-01 18:33:27,711 [INFO] fetch_moneyflow_dc.py:211 已保存 20250102 资金流向数据: 40 个板块
2026-08-01 18:33:27,713 [INFO] fetch_moneyflow_dc.py:211 已保存 20250103 资金流向数据: 40 个板块
2026-08-01 18:33:27,715 [INFO] fetch_moneyflow_dc.py:211 已保存 20250106 资金流向数据: 40 个板块
2026-08-01 18:33:27,717 [INFO] fetch_moneyflow_dc.py:211 已保存 20250107 资金流向数据: 40 个板块
2026-08-01 18:33:27,719 [INFO] fetch_moneyflow_dc.py:211 已保存 20250108 资金流向数据: 40 个板块
2026-08-01 18:33:27,721 [INFO] fetch_moneyflow_dc.py:211 已保存 20250109 资金流向数据: 40 个板块
2026-08-01 18:33:27,723 [INFO] fetch_moneyflow_dc.py:211 已保存 20250110 资金流向数据: 40 个板块
2026-08-01 18:33:27,724 [INFO] fetch_moneyflow_dc.py:211 已保存 20250113 资金流向数据: 40 个板块
2026-08-01 18:33:27,725 [INFO] fetch_moneyflow_dc.py:211 已保存 20250114 资金流向数据: 40 个板块
2026-08-01 18:33:27,726 [INFO] fetch_moneyflow_dc.py:211 已保存 20250115 资金流向数据: 40 个板块
2026-08-01 18:33:27,728 [INFO] fetch_moneyflow_dc.py:211 已保存 20250116 资金流向数据: 40 个板块
2026-08-01 18:33:27,729 [INFO] fetch_moneyflow_dc.py:211 已保存 20250117 资金流向数据: 40 个板块
2026-08-01 18:33:27,730 [INFO] fetch_moneyflow_dc.py:211 已保存 20250120 资金流向数据: 40 个板块
2026-08-01 18:33:27,731 [INFO] fetch_moneyflow_dc.py:211 已保存 20250121 资金流向数据: 40 个板块
2026-08-01 18:33:27,733 [INFO] fetch_moneyflow_dc.py:211 已保存 20250122 资金流向数据: 40 个板块
2026-08-01 18:33:27,734 [INFO] fetch_moneyflow_dc.py:211 已保存 20250123 资金流向数据: 40 个板块
2026-08-01 18:33:27,735 [INFO] fetch_moneyflow_dc.py:211 已保存 20250124 资金流向数据: 40 个板块
2026-08-01 18:33:27,737 [INFO] fetch_moneyflow_dc.py:211 已保存 20250127 资金流向数据: 40 个板块
2026-08-01 18:33:30,860 [INFO] fetch_moneyflow_dc.py:211 已保存 20250205 资金流向数据: 40 个板块
2026-08-01 18:33:30,861 [INFO] fetch_moneyflow_dc.py:211 已保存 20250206 资金流向数据: 40 个板块
2026-08-01 18:33:30,863 [INFO] fetch_moneyflow_dc.py:211 已保存 20250207 资金流向数据: 40 个板块
2026-08-01 18:33:30,864 [INFO] fetch_moneyflow_dc.py:211 已保存 20250210 资金流向数据: 40 个板块
2026-08-01 18:33:30,866 [INFO] fetch_moneyflow_dc.py:211 已保存 20250211 资金流向数据: 40 个板块
2026-08-01 18:33:30,868 [INFO] fetch_moneyflow_dc.py:211 已保存 20250212 资金流向数据: 40 个板块
2026-08-01 18:33:30,870 [INFO] fetch_moneyflow_dc.py:211 已保存 20250213 资金流向数据: 40 个板块
2026-08-01 18:33:30,871 [INFO] fetch_moneyflow_dc.py:211 已保存 20250214 资金流向数据: 40 个板块
2026-08-01 18:33:30,873 [INFO] fetch_moneyflow_dc.py:211 已保存 20250217 资金流向数据: 40 个板块
2026-08-01 18:33:30,875 [INFO] fetch_moneyflow_dc.py:211 已保存 20250218 资金流向数据: 40 个板块
2026-08-01 18:33:30,876 [INFO] fetch_moneyflow_dc.py:211 已保存 20250219 资金流向数据: 40 个板块
2026-08-01 18:33:30,879 [INFO] fetch_moneyflow_dc.py:211 已保存 20250220 资金流向数据: 40 个板块
2026-08-01 18:33:30,882 [INFO] fetch_moneyflow_dc.py:211 已保存 20250221 资金流向数据: 40 个板块
2026-08-01 18:33:30,883 [INFO] fetch_moneyflow_dc.py:211 已保存 20250224 资金流向数据: 40 个板块
2026-08-01 18:33:30,885 [INFO] fetch_moneyflow_dc.py:211 已保存 20250225 资金流向数据: 40 个板块
2026-08-01 18:33:30,887 [INFO] fetch_moneyflow_dc.py:211 已保存 20250226 资金流向数据: 40 个板块
2026-08-01 18:33:30,888 [INFO] fetch_moneyflow_dc.py:211 已保存 20250227 资金流向数据: 40 个板块
2026-08-01 18:33:30,890 [INFO] fetch_moneyflow_dc.py:211 已保存 20250228 资金流向数据: 40 个板块
2026-08-01 18:33:34,120 [INFO] fetch_moneyflow_dc.py:211 已保存 20250303 资金流向数据: 40 个板块
2026-08-01 18:33:34,122 [INFO] fetch_moneyflow_dc.py:211 已保存 20250304 资金流向数据: 40 个板块
2026-08-01 18:33:34,124 [INFO] fetch_moneyflow_dc.py:211 已保存 20250305 资金流向数据: 40 个板块
2026-08-01 18:33:34,125 [INFO] fetch_moneyflow_dc.py:211 已保存 20250306 资金流向数据: 40 个板块
2026-08-01 18:33:34,127 [INFO] fetch_moneyflow_dc.py:211 已保存 20250307 资金流向数据: 40 个板块
2026-08-01 18:33:34,129 [INFO] fetch_moneyflow_dc.py:211 已保存 20250310 资金流向数据: 40 个板块
2026-08-01 18:33:34,130 [INFO] fetch_moneyflow_dc.py:211 已保存 20250311 资金流向数据: 40 个板块
2026-08-01 18:33:34,132 [INFO] fetch_moneyflow_dc.py:211 已保存 20250312 资金流向数据: 40 个板块
2026-08-01 18:33:34,135 [INFO] fetch_moneyflow_dc.py:211 已保存 20250313 资金流向数据: 40 个板块
2026-08-01 18:33:34,137 [INFO] fetch_moneyflow_dc.py:211 已保存 20250314 资金流向数据: 40 个板块
2026-08-01 18:33:34,139 [INFO] fetch_moneyflow_dc.py:211 已保存 20250317 资金流向数据: 40 个板块
2026-08-01 18:33:34,141 [INFO] fetch_moneyflow_dc.py:211 已保存 20250318 资金流向数据: 40 个板块
2026-08-01 18:33:34,143 [INFO] fetch_moneyflow_dc.py:211 已保存 20250319 资金流向数据: 40 个板块
2026-08-01 18:33:34,144 [INFO] fetch_moneyflow_dc.py:211 已保存 20250320 资金流向数据: 40 个板块
2026-08-01 18:33:34,146 [INFO] fetch_moneyflow_dc.py:211 已保存 20250321 资金流向数据: 40 个板块
2026-08-01 18:33:34,148 [INFO] fetch_moneyflow_dc.py:211 已保存 20250324 资金流向数据: 40 个板块
2026-08-01 18:33:34,149 [INFO] fetch_moneyflow_dc.py:211 已保存 20250325 资金流向数据: 40 个板块
2026-08-01 18:33:34,151 [INFO] fetch_moneyflow_dc.py:211 已保存 20250326 资金流向数据: 40 个板块
2026-08-01 18:33:34,153 [INFO] fetch_moneyflow_dc.py:211 已保存 20250327 资金流向数据: 40 个板块
2026-08-01 18:33:34,154 [INFO] fetch_moneyflow_dc.py:211 已保存 20250328 资金流向数据: 40 个板块
2026-08-01 18:33:34,155 [INFO] fetch_moneyflow_dc.py:211 已保存 20250331 资金流向数据: 40 个板块
2026-08-01 18:33:37,384 [INFO] fetch_moneyflow_dc.py:211 已保存 20250401 资金流向数据: 40 个板块
2026-08-01 18:33:37,385 [INFO] fetch_moneyflow_dc.py:211 已保存 20250402 资金流向数据: 40 个板块
2026-08-01 18:33:37,388 [INFO] fetch_moneyflow_dc.py:211 已保存 20250403 资金流向数据: 40 个板块
2026-08-01 18:33:37,390 [INFO] fetch_moneyflow_dc.py:211 已保存 20250407 资金流向数据: 40 个板块
2026-08-01 18:33:37,392 [INFO] fetch_moneyflow_dc.py:211 已保存 20250408 资金流向数据: 40 个板块
2026-08-01 18:33:37,394 [INFO] fetch_moneyflow_dc.py:211 已保存 20250409 资金流向数据: 40 个板块
2026-08-01 18:33:37,396 [INFO] fetch_moneyflow_dc.py:211 已保存 20250410 资金流向数据: 40 个板块
2026-08-01 18:33:37,398 [INFO] fetch_moneyflow_dc.py:211 已保存 20250411 资金流向数据: 40 个板块
2026-08-01 18:33:37,399 [INFO] fetch_moneyflow_dc.py:211 已保存 20250414 资金流向数据: 40 个板块
2026-08-01 18:33:37,401 [INFO] fetch_moneyflow_dc.py:211 已保存 20250415 资金流向数据: 40 个板块
2026-08-01 18:33:37,402 [INFO] fetch_moneyflow_dc.py:211 已保存 20250416 资金流向数据: 40 个板块
2026-08-01 18:33:37,403 [INFO] fetch_moneyflow_dc.py:211 已保存 20250417 资金流向数据: 40 个板块
2026-08-01 18:33:37,405 [INFO] fetch_moneyflow_dc.py:211 已保存 20250418 资金流向数据: 40 个板块
2026-08-01 18:33:37,406 [INFO] fetch_moneyflow_dc.py:211 已保存 20250421 资金流向数据: 40 个板块
2026-08-01 18:33:37,408 [INFO] fetch_moneyflow_dc.py:211 已保存 20250422 资金流向数据: 40 个板块
2026-08-01 18:33:37,410 [INFO] fetch_moneyflow_dc.py:211 已保存 20250423 资金流向数据: 40 个板块
2026-08-01 18:33:37,411 [INFO] fetch_moneyflow_dc.py:211 已保存 20250424 资金流向数据: 40 个板块
2026-08-01 18:33:37,413 [INFO] fetch_moneyflow_dc.py:211 已保存 20250425 资金流向数据: 40 个板块
2026-08-01 18:33:37,414 [INFO] fetch_moneyflow_dc.py:211 已保存 20250428 资金流向数据: 40 个板块
2026-08-01 18:33:37,416 [INFO] fetch_moneyflow_dc.py:211 已保存 20250429 资金流向数据: 40 个板块
2026-08-01 18:33:37,418 [INFO] fetch_moneyflow_dc.py:211 已保存 20250430 资金流向数据: 40 个板块
2026-08-01 18:33:40,649 [INFO] fetch_moneyflow_dc.py:211 已保存 20250506 资金流向数据: 40 个板块
2026-08-01 18:33:40,652 [INFO] fetch_moneyflow_dc.py:211 已保存 20250507 资金流向数据: 40 个板块
2026-08-01 18:33:40,655 [INFO] fetch_moneyflow_dc.py:211 已保存 20250508 资金流向数据: 40 个板块
2026-08-01 18:33:40,657 [INFO] fetch_moneyflow_dc.py:211 已保存 20250509 资金流向数据: 40 个板块
2026-08-01 18:33:40,660 [INFO] fetch_moneyflow_dc.py:211 已保存 20250512 资金流向数据: 40 个板块
2026-08-01 18:33:40,662 [INFO] fetch_moneyflow_dc.py:211 已保存 20250513 资金流向数据: 40 个板块
2026-08-01 18:33:40,664 [INFO] fetch_moneyflow_dc.py:211 已保存 20250514 资金流向数据: 40 个板块
2026-08-01 18:33:40,666 [INFO] fetch_moneyflow_dc.py:211 已保存 20250515 资金流向数据: 40 个板块
2026-08-01 18:33:40,668 [INFO] fetch_moneyflow_dc.py:211 已保存 20250516 资金流向数据: 40 个板块
2026-08-01 18:33:40,672 [INFO] fetch_moneyflow_dc.py:211 已保存 20250519 资金流向数据: 40 个板块
2026-08-01 18:33:40,675 [INFO] fetch_moneyflow_dc.py:211 已保存 20250520 资金流向数据: 40 个板块
2026-08-01 18:33:40,677 [INFO] fetch_moneyflow_dc.py:211 已保存 20250521 资金流向数据: 40 个板块
2026-08-01 18:33:40,678 [INFO] fetch_moneyflow_dc.py:211 已保存 20250522 资金流向数据: 40 个板块
2026-08-01 18:33:40,680 [INFO] fetch_moneyflow_dc.py:211 已保存 20250523 资金流向数据: 40 个板块
2026-08-01 18:33:40,681 [INFO] fetch_moneyflow_dc.py:211 已保存 20250526 资金流向数据: 40 个板块
2026-08-01 18:33:40,683 [INFO] fetch_moneyflow_dc.py:211 已保存 20250527 资金流向数据: 40 个板块
2026-08-01 18:33:40,684 [INFO] fetch_moneyflow_dc.py:211 已保存 20250528 资金流向数据: 40 个板块
2026-08-01 18:33:40,685 [INFO] fetch_moneyflow_dc.py:211 已保存 20250529 资金流向数据: 40 个板块
2026-08-01 18:33:40,687 [INFO] fetch_moneyflow_dc.py:211 已保存 20250530 资金流向数据: 40 个板块
2026-08-01 18:33:43,920 [INFO] fetch_moneyflow_dc.py:211 已保存 20250603 资金流向数据: 40 个板块
2026-08-01 18:33:43,921 [INFO] fetch_moneyflow_dc.py:211 已保存 20250604 资金流向数据: 40 个板块
2026-08-01 18:33:43,923 [INFO] fetch_moneyflow_dc.py:211 已保存 20250605 资金流向数据: 40 个板块
2026-08-01 18:33:43,934 [INFO] fetch_moneyflow_dc.py:211 已保存 20250606 资金流向数据: 40 个板块
2026-08-01 18:33:43,936 [INFO] fetch_moneyflow_dc.py:211 已保存 20250609 资金流向数据: 40 个板块
2026-08-01 18:33:43,938 [INFO] fetch_moneyflow_dc.py:211 已保存 20250610 资金流向数据: 40 个板块
2026-08-01 18:33:43,940 [INFO] fetch_moneyflow_dc.py:211 已保存 20250611 资金流向数据: 40 个板块
2026-08-01 18:33:43,941 [INFO] fetch_moneyflow_dc.py:211 已保存 20250612 资金流向数据: 40 个板块
2026-08-01 18:33:43,943 [INFO] fetch_moneyflow_dc.py:211 已保存 20250613 资金流向数据: 40 个板块
2026-08-01 18:33:43,944 [INFO] fetch_moneyflow_dc.py:211 已保存 20250616 资金流向数据: 40 个板块
2026-08-01 18:33:43,945 [INFO] fetch_moneyflow_dc.py:211 已保存 20250617 资金流向数据: 40 个板块
2026-08-01 18:33:43,947 [INFO] fetch_moneyflow_dc.py:211 已保存 20250618 资金流向数据: 40 个板块
2026-08-01 18:33:43,949 [INFO] fetch_moneyflow_dc.py:211 已保存 20250619 资金流向数据: 40 个板块
2026-08-01 18:33:43,950 [INFO] fetch_moneyflow_dc.py:211 已保存 20250620 资金流向数据: 40 个板块
2026-08-01 18:33:43,952 [INFO] fetch_moneyflow_dc.py:211 已保存 20250623 资金流向数据: 40 个板块
2026-08-01 18:33:43,954 [INFO] fetch_moneyflow_dc.py:211 已保存 20250624 资金流向数据: 40 个板块
2026-08-01 18:33:43,955 [INFO] fetch_moneyflow_dc.py:211 已保存 20250625 资金流向数据: 40 个板块
2026-08-01 18:33:43,956 [INFO] fetch_moneyflow_dc.py:211 已保存 20250626 资金流向数据: 40 个板块
2026-08-01 18:33:43,958 [INFO] fetch_moneyflow_dc.py:211 已保存 20250627 资金流向数据: 40 个板块
2026-08-01 18:33:43,960 [INFO] fetch_moneyflow_dc.py:211 已保存 20250630 资金流向数据: 40 个板块
2026-08-01 18:33:47,117 [INFO] fetch_moneyflow_dc.py:211 已保存 20250701 资金流向数据: 40 个板块
2026-08-01 18:33:47,120 [INFO] fetch_moneyflow_dc.py:211 已保存 20250702 资金流向数据: 40 个板块
2026-08-01 18:33:47,121 [INFO] fetch_moneyflow_dc.py:211 已保存 20250703 资金流向数据: 40 个板块
2026-08-01 18:33:47,124 [INFO] fetch_moneyflow_dc.py:211 已保存 20250704 资金流向数据: 40 个板块
2026-08-01 18:33:47,126 [INFO] fetch_moneyflow_dc.py:211 已保存 20250707 资金流向数据: 40 个板块
2026-08-01 18:33:47,128 [INFO] fetch_moneyflow_dc.py:211 已保存 20250708 资金流向数据: 40 个板块
2026-08-01 18:33:47,131 [INFO] fetch_moneyflow_dc.py:211 已保存 20250709 资金流向数据: 40 个板块
2026-08-01 18:33:47,135 [INFO] fetch_moneyflow_dc.py:211 已保存 20250710 资金流向数据: 40 个板块
2026-08-01 18:33:47,139 [INFO] fetch_moneyflow_dc.py:211 已保存 20250711 资金流向数据: 40 个板块
2026-08-01 18:33:47,143 [INFO] fetch_moneyflow_dc.py:211 已保存 20250714 资金流向数据: 40 个板块
2026-08-01 18:33:47,151 [INFO] fetch_moneyflow_dc.py:211 已保存 20250715 资金流向数据: 40 个板块
2026-08-01 18:33:47,156 [INFO] fetch_moneyflow_dc.py:211 已保存 20250716 资金流向数据: 40 个板块
2026-08-01 18:33:47,158 [INFO] fetch_moneyflow_dc.py:211 已保存 20250717 资金流向数据: 40 个板块
2026-08-01 18:33:47,164 [INFO] fetch_moneyflow_dc.py:211 已保存 20250718 资金流向数据: 40 个板块
2026-08-01 18:33:47,166 [INFO] fetch_moneyflow_dc.py:211 已保存 20250721 资金流向数据: 40 个板块
2026-08-01 18:33:47,168 [INFO] fetch_moneyflow_dc.py:211 已保存 20250722 资金流向数据: 40 个板块
2026-08-01 18:33:47,170 [INFO] fetch_moneyflow_dc.py:211 已保存 20250723 资金流向数据: 40 个板块
2026-08-01 18:33:47,172 [INFO] fetch_moneyflow_dc.py:211 已保存 20250724 资金流向数据: 40 个板块
2026-08-01 18:33:47,175 [INFO] fetch_moneyflow_dc.py:211 已保存 20250725 资金流向数据: 40 个板块
2026-08-01 18:33:47,177 [INFO] fetch_moneyflow_dc.py:211 已保存 20250728 资金流向数据: 40 个板块
2026-08-01 18:33:47,179 [INFO] fetch_moneyflow_dc.py:211 已保存 20250729 资金流向数据: 40 个板块
2026-08-01 18:33:47,188 [INFO] fetch_moneyflow_dc.py:211 已保存 20250730 资金流向数据: 40 个板块
2026-08-01 18:33:47,192 [INFO] fetch_moneyflow_dc.py:211 已保存 20250731 资金流向数据: 40 个板块
2026-08-01 18:33:50,322 [INFO] fetch_moneyflow_dc.py:211 已保存 20250801 资金流向数据: 40 个板块
2026-08-01 18:33:50,324 [INFO] fetch_moneyflow_dc.py:211 已保存 20250804 资金流向数据: 40 个板块
2026-08-01 18:33:50,325 [INFO] fetch_moneyflow_dc.py:211 已保存 20250805 资金流向数据: 40 个板块
2026-08-01 18:33:50,326 [INFO] fetch_moneyflow_dc.py:211 已保存 20250806 资金流向数据: 40 个板块
2026-08-01 18:33:50,327 [INFO] fetch_moneyflow_dc.py:211 已保存 20250807 资金流向数据: 40 个板块
2026-08-01 18:33:50,339 [INFO] fetch_moneyflow_dc.py:211 已保存 20250808 资金流向数据: 40 个板块
2026-08-01 18:33:50,341 [INFO] fetch_moneyflow_dc.py:211 已保存 20250811 资金流向数据: 40 个板块
2026-08-01 18:33:50,344 [INFO] fetch_moneyflow_dc.py:211 已保存 20250812 资金流向数据: 40 个板块
2026-08-01 18:33:50,346 [INFO] fetch_moneyflow_dc.py:211 已保存 20250813 资金流向数据: 40 个板块
2026-08-01 18:33:50,349 [INFO] fetch_moneyflow_dc.py:211 已保存 20250814 资金流向数据: 40 个板块
2026-08-01 18:33:50,351 [INFO] fetch_moneyflow_dc.py:211 已保存 20250815 资金流向数据: 40 个板块
2026-08-01 18:33:50,353 [INFO] fetch_moneyflow_dc.py:211 已保存 20250818 资金流向数据: 40 个板块
2026-08-01 18:33:50,354 [INFO] fetch_moneyflow_dc.py:211 已保存 20250819 资金流向数据: 40 个板块
2026-08-01 18:33:50,356 [INFO] fetch_moneyflow_dc.py:211 已保存 20250820 资金流向数据: 40 个板块
2026-08-01 18:33:50,357 [INFO] fetch_moneyflow_dc.py:211 已保存 20250821 资金流向数据: 40 个板块
2026-08-01 18:33:50,358 [INFO] fetch_moneyflow_dc.py:211 已保存 20250822 资金流向数据: 40 个板块
2026-08-01 18:33:50,360 [INFO] fetch_moneyflow_dc.py:211 已保存 20250825 资金流向数据: 40 个板块
2026-08-01 18:33:50,361 [INFO] fetch_moneyflow_dc.py:211 已保存 20250826 资金流向数据: 40 个板块
2026-08-01 18:33:50,362 [INFO] fetch_moneyflow_dc.py:211 已保存 20250827 资金流向数据: 40 个板块
2026-08-01 18:33:50,364 [INFO] fetch_moneyflow_dc.py:211 已保存 20250828 资金流向数据: 40 个板块
2026-08-01 18:33:50,365 [INFO] fetch_moneyflow_dc.py:211 已保存 20250829 资金流向数据: 40 个板块
2026-08-01 18:33:53,557 [INFO] fetch_moneyflow_dc.py:211 已保存 20250917 资金流向数据: 5 个板块
2026-08-01 18:33:53,559 [INFO] fetch_moneyflow_dc.py:211 已保存 20250918 资金流向数据: 45 个板块
2026-08-01 18:33:53,560 [INFO] fetch_moneyflow_dc.py:211 已保存 20250919 资金流向数据: 45 个板块
2026-08-01 18:33:53,561 [INFO] fetch_moneyflow_dc.py:211 已保存 20250922 资金流向数据: 45 个板块
2026-08-01 18:33:53,562 [INFO] fetch_moneyflow_dc.py:211 已保存 20250923 资金流向数据: 45 个板块
2026-08-01 18:33:53,564 [INFO] fetch_moneyflow_dc.py:211 已保存 20250924 资金流向数据: 45 个板块
2026-08-01 18:33:53,565 [INFO] fetch_moneyflow_dc.py:211 已保存 20250925 资金流向数据: 45 个板块
2026-08-01 18:33:53,567 [INFO] fetch_moneyflow_dc.py:211 已保存 20250926 资金流向数据: 45 个板块
2026-08-01 18:33:53,568 [INFO] fetch_moneyflow_dc.py:211 已保存 20250929 资金流向数据: 45 个板块
2026-08-01 18:33:53,569 [INFO] fetch_moneyflow_dc.py:211 已保存 20250930 资金流向数据: 45 个板块
2026-08-01 18:33:56,735 [INFO] fetch_moneyflow_dc.py:211 已保存 20251020 资金流向数据: 5 个板块
2026-08-01 18:33:56,737 [INFO] fetch_moneyflow_dc.py:211 已保存 20251021 资金流向数据: 45 个板块
2026-08-01 18:33:56,738 [INFO] fetch_moneyflow_dc.py:211 已保存 20251022 资金流向数据: 45 个板块
2026-08-01 18:33:56,741 [INFO] fetch_moneyflow_dc.py:211 已保存 20251023 资金流向数据: 45 个板块
2026-08-01 18:33:56,742 [INFO] fetch_moneyflow_dc.py:211 已保存 20251024 资金流向数据: 45 个板块
2026-08-01 18:33:56,744 [INFO] fetch_moneyflow_dc.py:211 已保存 20251027 资金流向数据: 45 个板块
2026-08-01 18:33:56,746 [INFO] fetch_moneyflow_dc.py:211 已保存 20251028 资金流向数据: 45 个板块
2026-08-01 18:33:56,748 [INFO] fetch_moneyflow_dc.py:211 已保存 20251029 资金流向数据: 45 个板块
2026-08-01 18:33:56,750 [INFO] fetch_moneyflow_dc.py:211 已保存 20251030 资金流向数据: 45 个板块
2026-08-01 18:33:56,751 [INFO] fetch_moneyflow_dc.py:211 已保存 20251031 资金流向数据: 45 个板块
2026-08-01 18:33:59,924 [INFO] fetch_moneyflow_dc.py:211 已保存 20251117 资金流向数据: 5 个板块
2026-08-01 18:33:59,925 [INFO] fetch_moneyflow_dc.py:211 已保存 20251118 资金流向数据: 45 个板块
2026-08-01 18:33:59,927 [INFO] fetch_moneyflow_dc.py:211 已保存 20251119 资金流向数据: 45 个板块
2026-08-01 18:33:59,928 [INFO] fetch_moneyflow_dc.py:211 已保存 20251120 资金流向数据: 45 个板块
2026-08-01 18:33:59,929 [INFO] fetch_moneyflow_dc.py:211 已保存 20251121 资金流向数据: 45 个板块
2026-08-01 18:33:59,930 [INFO] fetch_moneyflow_dc.py:211 已保存 20251124 资金流向数据: 45 个板块
2026-08-01 18:33:59,932 [INFO] fetch_moneyflow_dc.py:211 已保存 20251125 资金流向数据: 45 个板块
2026-08-01 18:33:59,934 [INFO] fetch_moneyflow_dc.py:211 已保存 20251126 资金流向数据: 45 个板块
2026-08-01 18:33:59,935 [INFO] fetch_moneyflow_dc.py:211 已保存 20251127 资金流向数据: 45 个板块
2026-08-01 18:33:59,936 [INFO] fetch_moneyflow_dc.py:211 已保存 20251128 资金流向数据: 45 个板块
2026-08-01 18:34:03,130 [INFO] fetch_moneyflow_dc.py:211 已保存 20251218 资金流向数据: 5 个板块
2026-08-01 18:34:03,131 [INFO] fetch_moneyflow_dc.py:211 已保存 20251219 资金流向数据: 45 个板块
2026-08-01 18:34:03,133 [INFO] fetch_moneyflow_dc.py:211 已保存 20251222 资金流向数据: 45 个板块
2026-08-01 18:34:03,134 [INFO] fetch_moneyflow_dc.py:211 已保存 20251223 资金流向数据: 45 个板块
2026-08-01 18:34:03,135 [INFO] fetch_moneyflow_dc.py:211 已保存 20251224 资金流向数据: 45 个板块
2026-08-01 18:34:03,137 [INFO] fetch_moneyflow_dc.py:211 已保存 20251225 资金流向数据: 45 个板块
2026-08-01 18:34:03,138 [INFO] fetch_moneyflow_dc.py:211 已保存 20251226 资金流向数据: 45 个板块
2026-08-01 18:34:03,140 [INFO] fetch_moneyflow_dc.py:211 已保存 20251229 资金流向数据: 45 个板块
2026-08-01 18:34:03,141 [INFO] fetch_moneyflow_dc.py:211 已保存 20251230 资金流向数据: 45 个板块
2026-08-01 18:34:03,143 [INFO] fetch_moneyflow_dc.py:211 已保存 20251231 资金流向数据: 45 个板块
2026-08-01 18:34:06,308 [INFO] fetch_moneyflow_dc.py:211 已保存 20260119 资金流向数据: 5 个板块
2026-08-01 18:34:06,310 [INFO] fetch_moneyflow_dc.py:211 已保存 20260120 资金流向数据: 45 个板块
2026-08-01 18:34:06,321 [INFO] fetch_moneyflow_dc.py:211 已保存 20260121 资金流向数据: 45 个板块
2026-08-01 18:34:06,324 [INFO] fetch_moneyflow_dc.py:211 已保存 20260122 资金流向数据: 45 个板块
2026-08-01 18:34:06,326 [INFO] fetch_moneyflow_dc.py:211 已保存 20260123 资金流向数据: 45 个板块
2026-08-01 18:34:06,329 [INFO] fetch_moneyflow_dc.py:211 已保存 20260126 资金流向数据: 45 个板块
2026-08-01 18:34:06,331 [INFO] fetch_moneyflow_dc.py:211 已保存 20260127 资金流向数据: 45 个板块
2026-08-01 18:34:06,332 [INFO] fetch_moneyflow_dc.py:211 已保存 20260128 资金流向数据: 45 个板块
2026-08-01 18:34:06,333 [INFO] fetch_moneyflow_dc.py:211 已保存 20260129 资金流向数据: 45 个板块
2026-08-01 18:34:06,335 [INFO] fetch_moneyflow_dc.py:211 已保存 20260130 资金流向数据: 45 个板块
2026-08-01 18:34:09,631 [INFO] fetch_moneyflow_dc.py:211 已保存 20260206 资金流向数据: 45 个板块
2026-08-01 18:34:09,632 [INFO] fetch_moneyflow_dc.py:211 已保存 20260209 资金流向数据: 45 个板块
2026-08-01 18:34:09,644 [INFO] fetch_moneyflow_dc.py:211 已保存 20260210 资金流向数据: 45 个板块
2026-08-01 18:34:09,646 [INFO] fetch_moneyflow_dc.py:211 已保存 20260211 资金流向数据: 45 个板块
2026-08-01 18:34:09,650 [INFO] fetch_moneyflow_dc.py:211 已保存 20260212 资金流向数据: 45 个板块
2026-08-01 18:34:09,651 [INFO] fetch_moneyflow_dc.py:211 已保存 20260213 资金流向数据: 45 个板块
2026-08-01 18:34:09,653 [INFO] fetch_moneyflow_dc.py:211 已保存 20260224 资金流向数据: 24 个板块
2026-08-01 18:34:09,655 [INFO] fetch_moneyflow_dc.py:211 已保存 20260225 资金流向数据: 24 个板块
2026-08-01 18:34:09,657 [INFO] fetch_moneyflow_dc.py:211 已保存 20260226 资金流向数据: 24 个板块
2026-08-01 18:34:09,659 [INFO] fetch_moneyflow_dc.py:211 已保存 20260227 资金流向数据: 24 个板块
2026-08-01 18:34:12,848 [INFO] fetch_moneyflow_dc.py:211 已保存 20260317 资金流向数据: 5 个板块
2026-08-01 18:34:12,851 [INFO] fetch_moneyflow_dc.py:211 已保存 20260318 资金流向数据: 23 个板块
2026-08-01 18:34:12,853 [INFO] fetch_moneyflow_dc.py:211 已保存 20260319 资金流向数据: 23 个板块
2026-08-01 18:34:12,854 [INFO] fetch_moneyflow_dc.py:211 已保存 20260320 资金流向数据: 23 个板块
2026-08-01 18:34:12,856 [INFO] fetch_moneyflow_dc.py:211 已保存 20260323 资金流向数据: 23 个板块
2026-08-01 18:34:12,859 [INFO] fetch_moneyflow_dc.py:211 已保存 20260324 资金流向数据: 23 个板块
2026-08-01 18:34:12,861 [INFO] fetch_moneyflow_dc.py:211 已保存 20260325 资金流向数据: 23 个板块
2026-08-01 18:34:12,863 [INFO] fetch_moneyflow_dc.py:211 已保存 20260326 资金流向数据: 23 个板块
2026-08-01 18:34:12,865 [INFO] fetch_moneyflow_dc.py:211 已保存 20260327 资金流向数据: 23 个板块
2026-08-01 18:34:12,866 [INFO] fetch_moneyflow_dc.py:211 已保存 20260330 资金流向数据: 23 个板块
2026-08-01 18:34:12,868 [INFO] fetch_moneyflow_dc.py:211 已保存 20260331 资金流向数据: 23 个板块
2026-08-01 18:34:16,066 [INFO] fetch_moneyflow_dc.py:211 已保存 20260416 资金流向数据: 7 个板块
2026-08-01 18:34:16,067 [INFO] fetch_moneyflow_dc.py:211 已保存 20260417 资金流向数据: 23 个板块
2026-08-01 18:34:16,068 [INFO] fetch_moneyflow_dc.py:211 已保存 20260420 资金流向数据: 23 个板块
2026-08-01 18:34:16,069 [INFO] fetch_moneyflow_dc.py:211 已保存 20260421 资金流向数据: 23 个板块
2026-08-01 18:34:16,070 [INFO] fetch_moneyflow_dc.py:211 已保存 20260422 资金流向数据: 23 个板块
2026-08-01 18:34:16,072 [INFO] fetch_moneyflow_dc.py:211 已保存 20260423 资金流向数据: 23 个板块
2026-08-01 18:34:16,073 [INFO] fetch_moneyflow_dc.py:211 已保存 20260424 资金流向数据: 23 个板块
2026-08-01 18:34:16,074 [INFO] fetch_moneyflow_dc.py:211 已保存 20260427 资金流向数据: 23 个板块
2026-08-01 18:34:16,075 [INFO] fetch_moneyflow_dc.py:211 已保存 20260428 资金流向数据: 23 个板块
2026-08-01 18:34:16,077 [INFO] fetch_moneyflow_dc.py:211 已保存 20260429 资金流向数据: 23 个板块
2026-08-01 18:34:16,078 [INFO] fetch_moneyflow_dc.py:211 已保存 20260430 资金流向数据: 23 个板块
2026-08-01 18:34:19,285 [INFO] fetch_moneyflow_dc.py:211 已保存 20260515 资金流向数据: 11 个板块
2026-08-01 18:34:19,286 [INFO] fetch_moneyflow_dc.py:211 已保存 20260518 资金流向数据: 23 个板块
2026-08-01 18:34:19,298 [INFO] fetch_moneyflow_dc.py:211 已保存 20260519 资金流向数据: 23 个板块
2026-08-01 18:34:19,301 [INFO] fetch_moneyflow_dc.py:211 已保存 20260520 资金流向数据: 23 个板块
2026-08-01 18:34:19,304 [INFO] fetch_moneyflow_dc.py:211 已保存 20260521 资金流向数据: 23 个板块
2026-08-01 18:34:19,306 [INFO] fetch_moneyflow_dc.py:211 已保存 20260522 资金流向数据: 23 个板块
2026-08-01 18:34:19,308 [INFO] fetch_moneyflow_dc.py:211 已保存 20260525 资金流向数据: 23 个板块
2026-08-01 18:34:19,311 [INFO] fetch_moneyflow_dc.py:211 已保存 20260526 资金流向数据: 23 个板块
2026-08-01 18:34:19,313 [INFO] fetch_moneyflow_dc.py:211 已保存 20260527 资金流向数据: 23 个板块
2026-08-01 18:34:19,315 [INFO] fetch_moneyflow_dc.py:211 已保存 20260528 资金流向数据: 23 个板块
2026-08-01 18:34:19,317 [INFO] fetch_moneyflow_dc.py:211 已保存 20260529 资金流向数据: 23 个板块
2026-08-01 18:34:22,496 [INFO] fetch_moneyflow_dc.py:211 已保存 20260615 资金流向数据: 4 个板块
2026-08-01 18:34:22,497 [INFO] fetch_moneyflow_dc.py:211 已保存 20260616 资金流向数据: 23 个板块
2026-08-01 18:34:22,498 [INFO] fetch_moneyflow_dc.py:211 已保存 20260617 资金流向数据: 23 个板块
2026-08-01 18:34:22,500 [INFO] fetch_moneyflow_dc.py:211 已保存 20260618 资金流向数据: 23 个板块
2026-08-01 18:34:22,501 [INFO] fetch_moneyflow_dc.py:211 已保存 20260622 资金流向数据: 23 个板块
2026-08-01 18:34:22,502 [INFO] fetch_moneyflow_dc.py:211 已保存 20260623 资金流向数据: 23 个板块
2026-08-01 18:34:22,503 [INFO] fetch_moneyflow_dc.py:211 已保存 20260624 资金流向数据: 23 个板块
2026-08-01 18:34:22,505 [INFO] fetch_moneyflow_dc.py:211 已保存 20260625 资金流向数据: 23 个板块
2026-08-01 18:34:22,507 [INFO] fetch_moneyflow_dc.py:211 已保存 20260626 资金流向数据: 23 个板块
2026-08-01 18:34:22,508 [INFO] fetch_moneyflow_dc.py:211 已保存 20260629 资金流向数据: 23 个板块
2026-08-01 18:34:22,509 [INFO] fetch_moneyflow_dc.py:211 已保存 20260630 资金流向数据: 23 个板块
2026-08-01 18:34:25,688 [INFO] fetch_moneyflow_dc.py:211 已保存 20260717 资金流向数据: 5 个板块
2026-08-01 18:34:25,690 [INFO] fetch_moneyflow_dc.py:211 已保存 20260720 资金流向数据: 23 个板块
2026-08-01 18:34:25,692 [INFO] fetch_moneyflow_dc.py:211 已保存 20260721 资金流向数据: 23 个板块
2026-08-01 18:34:25,693 [INFO] fetch_moneyflow_dc.py:211 已保存 20260722 资金流向数据: 23 个板块
2026-08-01 18:34:25,695 [INFO] fetch_moneyflow_dc.py:211 已保存 20260723 资金流向数据: 23 个板块
2026-08-01 18:34:25,696 [INFO] fetch_moneyflow_dc.py:211 已保存 20260724 资金流向数据: 23 个板块
2026-08-01 18:34:25,698 [INFO] fetch_moneyflow_dc.py:211 已保存 20260727 资金流向数据: 23 个板块
2026-08-01 18:34:25,700 [INFO] fetch_moneyflow_dc.py:211 已保存 20260728 资金流向数据: 23 个板块
2026-08-01 18:34:25,701 [INFO] fetch_moneyflow_dc.py:211 已保存 20260729 资金流向数据: 23 个板块
2026-08-01 18:34:25,703 [INFO] fetch_moneyflow_dc.py:211 已保存 20260730 资金流向数据: 23 个板块
2026-08-01 18:34:25,705 [INFO] fetch_moneyflow_dc.py:211 已保存 20260731 资金流向数据: 23 个板块
2026-08-01 18:34:28,705 [INFO] fetch_moneyflow_dc.py:296 全部任务完成
2026-08-01 18:54:18,193 [INFO] fetch_moneyflow_dc.py:282 准备拉取 43 个时间段的数据
2026-08-01 18:54:18,254 [WARNING] fetch_moneyflow_dc.py:166 20230101~20230131 无数据
2026-08-01 18:54:21,328 [WARNING] fetch_moneyflow_dc.py:166 20230201~20230228 无数据
2026-08-01 18:54:24,382 [WARNING] fetch_moneyflow_dc.py:166 20230301~20230331 无数据
2026-08-01 18:54:27,436 [WARNING] fetch_moneyflow_dc.py:166 20230401~20230430 无数据
2026-08-01 18:54:30,489 [WARNING] fetch_moneyflow_dc.py:166 20230501~20230531 无数据
2026-08-01 18:54:33,545 [WARNING] fetch_moneyflow_dc.py:166 20230601~20230630 无数据
2026-08-01 18:54:36,596 [WARNING] fetch_moneyflow_dc.py:166 20230701~20230731 无数据
2026-08-01 18:54:39,648 [WARNING] fetch_moneyflow_dc.py:166 20230801~20230831 无数据
2026-08-01 18:54:42,739 [INFO] fetch_moneyflow_dc.py:211 已保存 20230912 资金流向数据: 40 个板块
2026-08-01 18:54:42,741 [INFO] fetch_moneyflow_dc.py:211 已保存 20230913 资金流向数据: 40 个板块
2026-08-01 18:54:42,742 [INFO] fetch_moneyflow_dc.py:211 已保存 20230914 资金流向数据: 40 个板块
2026-08-01 18:54:42,746 [INFO] fetch_moneyflow_dc.py:211 已保存 20230915 资金流向数据: 40 个板块
2026-08-01 18:54:42,758 [INFO] fetch_moneyflow_dc.py:211 已保存 20230918 资金流向数据: 40 个板块
2026-08-01 18:54:42,761 [INFO] fetch_moneyflow_dc.py:211 已保存 20230919 资金流向数据: 40 个板块
2026-08-01 18:54:42,762 [INFO] fetch_moneyflow_dc.py:211 已保存 20230920 资金流向数据: 40 个板块
2026-08-01 18:54:42,764 [INFO] fetch_moneyflow_dc.py:211 已保存 20230921 资金流向数据: 40 个板块
2026-08-01 18:54:42,766 [INFO] fetch_moneyflow_dc.py:211 已保存 20230922 资金流向数据: 40 个板块
2026-08-01 18:54:42,768 [INFO] fetch_moneyflow_dc.py:211 已保存 20230925 资金流向数据: 40 个板块
2026-08-01 18:54:42,769 [INFO] fetch_moneyflow_dc.py:211 已保存 20230926 资金流向数据: 40 个板块
2026-08-01 18:54:42,771 [INFO] fetch_moneyflow_dc.py:211 已保存 20230927 资金流向数据: 40 个板块
2026-08-01 18:54:42,773 [INFO] fetch_moneyflow_dc.py:211 已保存 20230928 资金流向数据: 40 个板块
2026-08-01 18:54:45,906 [INFO] fetch_moneyflow_dc.py:211 已保存 20231009 资金流向数据: 40 个板块
2026-08-01 18:54:45,908 [INFO] fetch_moneyflow_dc.py:211 已保存 20231010 资金流向数据: 40 个板块
2026-08-01 18:54:45,910 [INFO] fetch_moneyflow_dc.py:211 已保存 20231011 资金流向数据: 40 个板块
2026-08-01 18:54:45,912 [INFO] fetch_moneyflow_dc.py:211 已保存 20231012 资金流向数据: 40 个板块
2026-08-01 18:54:45,914 [INFO] fetch_moneyflow_dc.py:211 已保存 20231013 资金流向数据: 40 个板块
2026-08-01 18:54:45,915 [INFO] fetch_moneyflow_dc.py:211 已保存 20231016 资金流向数据: 40 个板块
2026-08-01 18:54:45,917 [INFO] fetch_moneyflow_dc.py:211 已保存 20231017 资金流向数据: 40 个板块
2026-08-01 18:54:45,919 [INFO] fetch_moneyflow_dc.py:211 已保存 20231018 资金流向数据: 40 个板块
2026-08-01 18:54:45,921 [INFO] fetch_moneyflow_dc.py:211 已保存 20231019 资金流向数据: 40 个板块
2026-08-01 18:54:45,923 [INFO] fetch_moneyflow_dc.py:211 已保存 20231020 资金流向数据: 40 个板块
2026-08-01 18:54:45,925 [INFO] fetch_moneyflow_dc.py:211 已保存 20231023 资金流向数据: 40 个板块
2026-08-01 18:54:45,927 [INFO] fetch_moneyflow_dc.py:211 已保存 20231024 资金流向数据: 40 个板块
2026-08-01 18:54:45,929 [INFO] fetch_moneyflow_dc.py:211 已保存 20231025 资金流向数据: 40 个板块
2026-08-01 18:54:45,931 [INFO] fetch_moneyflow_dc.py:211 已保存 20231026 资金流向数据: 40 个板块
2026-08-01 18:54:45,933 [INFO] fetch_moneyflow_dc.py:211 已保存 20231027 资金流向数据: 40 个板块
2026-08-01 18:54:45,935 [INFO] fetch_moneyflow_dc.py:211 已保存 20231030 资金流向数据: 40 个板块
2026-08-01 18:54:45,937 [INFO] fetch_moneyflow_dc.py:211 已保存 20231031 资金流向数据: 40 个板块
2026-08-01 18:54:49,060 [INFO] fetch_moneyflow_dc.py:211 已保存 20231101 资金流向数据: 40 个板块
2026-08-01 18:54:49,063 [INFO] fetch_moneyflow_dc.py:211 已保存 20231102 资金流向数据: 40 个板块
2026-08-01 18:54:49,067 [INFO] fetch_moneyflow_dc.py:211 已保存 20231103 资金流向数据: 40 个板块
2026-08-01 18:54:49,069 [INFO] fetch_moneyflow_dc.py:211 已保存 20231106 资金流向数据: 40 个板块
2026-08-01 18:54:49,071 [INFO] fetch_moneyflow_dc.py:211 已保存 20231107 资金流向数据: 40 个板块
2026-08-01 18:54:49,073 [INFO] fetch_moneyflow_dc.py:211 已保存 20231108 资金流向数据: 40 个板块
2026-08-01 18:54:49,076 [INFO] fetch_moneyflow_dc.py:211 已保存 20231109 资金流向数据: 40 个板块
2026-08-01 18:54:49,078 [INFO] fetch_moneyflow_dc.py:211 已保存 20231110 资金流向数据: 40 个板块
2026-08-01 18:54:49,079 [INFO] fetch_moneyflow_dc.py:211 已保存 20231113 资金流向数据: 40 个板块
2026-08-01 18:54:49,082 [INFO] fetch_moneyflow_dc.py:211 已保存 20231114 资金流向数据: 40 个板块
2026-08-01 18:54:49,084 [INFO] fetch_moneyflow_dc.py:211 已保存 20231115 资金流向数据: 40 个板块
2026-08-01 18:54:49,087 [INFO] fetch_moneyflow_dc.py:211 已保存 20231116 资金流向数据: 40 个板块
2026-08-01 18:54:49,089 [INFO] fetch_moneyflow_dc.py:211 已保存 20231117 资金流向数据: 40 个板块
2026-08-01 18:54:49,091 [INFO] fetch_moneyflow_dc.py:211 已保存 20231120 资金流向数据: 40 个板块
2026-08-01 18:54:49,093 [INFO] fetch_moneyflow_dc.py:211 已保存 20231121 资金流向数据: 40 个板块
2026-08-01 18:54:49,096 [INFO] fetch_moneyflow_dc.py:211 已保存 20231122 资金流向数据: 40 个板块
2026-08-01 18:54:49,097 [INFO] fetch_moneyflow_dc.py:211 已保存 20231123 资金流向数据: 40 个板块
2026-08-01 18:54:49,100 [INFO] fetch_moneyflow_dc.py:211 已保存 20231124 资金流向数据: 40 个板块
2026-08-01 18:54:49,103 [INFO] fetch_moneyflow_dc.py:211 已保存 20231127 资金流向数据: 40 个板块
2026-08-01 18:54:49,105 [INFO] fetch_moneyflow_dc.py:211 已保存 20231128 资金流向数据: 40 个板块
2026-08-01 18:54:49,107 [INFO] fetch_moneyflow_dc.py:211 已保存 20231129 资金流向数据: 40 个板块
2026-08-01 18:54:49,109 [INFO] fetch_moneyflow_dc.py:211 已保存 20231130 资金流向数据: 40 个板块
2026-08-01 18:54:52,237 [INFO] fetch_moneyflow_dc.py:211 已保存 20231201 资金流向数据: 40 个板块
2026-08-01 18:54:52,239 [INFO] fetch_moneyflow_dc.py:211 已保存 20231204 资金流向数据: 40 个板块
2026-08-01 18:54:52,241 [INFO] fetch_moneyflow_dc.py:211 已保存 20231205 资金流向数据: 40 个板块
2026-08-01 18:54:52,243 [INFO] fetch_moneyflow_dc.py:211 已保存 20231206 资金流向数据: 40 个板块
2026-08-01 18:54:52,245 [INFO] fetch_moneyflow_dc.py:211 已保存 20231207 资金流向数据: 40 个板块
2026-08-01 18:54:52,247 [INFO] fetch_moneyflow_dc.py:211 已保存 20231208 资金流向数据: 40 个板块
2026-08-01 18:54:52,249 [INFO] fetch_moneyflow_dc.py:211 已保存 20231211 资金流向数据: 40 个板块
2026-08-01 18:54:52,250 [INFO] fetch_moneyflow_dc.py:211 已保存 20231212 资金流向数据: 40 个板块
2026-08-01 18:54:52,252 [INFO] fetch_moneyflow_dc.py:211 已保存 20231213 资金流向数据: 40 个板块
2026-08-01 18:54:52,254 [INFO] fetch_moneyflow_dc.py:211 已保存 20231214 资金流向数据: 40 个板块
2026-08-01 18:54:52,256 [INFO] fetch_moneyflow_dc.py:211 已保存 20231215 资金流向数据: 40 个板块
2026-08-01 18:54:52,259 [INFO] fetch_moneyflow_dc.py:211 已保存 20231218 资金流向数据: 40 个板块
2026-08-01 18:54:52,261 [INFO] fetch_moneyflow_dc.py:211 已保存 20231219 资金流向数据: 40 个板块
2026-08-01 18:54:52,263 [INFO] fetch_moneyflow_dc.py:211 已保存 20231220 资金流向数据: 40 个板块
2026-08-01 18:54:52,265 [INFO] fetch_moneyflow_dc.py:211 已保存 20231221 资金流向数据: 40 个板块
2026-08-01 18:54:52,266 [INFO] fetch_moneyflow_dc.py:211 已保存 20231222 资金流向数据: 40 个板块
2026-08-01 18:54:52,268 [INFO] fetch_moneyflow_dc.py:211 已保存 20231225 资金流向数据: 40 个板块
2026-08-01 18:54:52,270 [INFO] fetch_moneyflow_dc.py:211 已保存 20231226 资金流向数据: 40 个板块
2026-08-01 18:54:52,272 [INFO] fetch_moneyflow_dc.py:211 已保存 20231227 资金流向数据: 40 个板块
2026-08-01 18:54:52,274 [INFO] fetch_moneyflow_dc.py:211 已保存 20231228 资金流向数据: 40 个板块
2026-08-01 18:54:52,276 [INFO] fetch_moneyflow_dc.py:211 已保存 20231229 资金流向数据: 40 个板块
2026-08-01 18:54:55,392 [INFO] fetch_moneyflow_dc.py:211 已保存 20240102 资金流向数据: 40 个板块
2026-08-01 18:54:55,394 [INFO] fetch_moneyflow_dc.py:211 已保存 20240103 资金流向数据: 40 个板块
2026-08-01 18:54:55,396 [INFO] fetch_moneyflow_dc.py:211 已保存 20240104 资金流向数据: 40 个板块
2026-08-01 18:54:55,398 [INFO] fetch_moneyflow_dc.py:211 已保存 20240105 资金流向数据: 40 个板块
2026-08-01 18:54:55,400 [INFO] fetch_moneyflow_dc.py:211 已保存 20240108 资金流向数据: 40 个板块
2026-08-01 18:54:55,402 [INFO] fetch_moneyflow_dc.py:211 已保存 20240109 资金流向数据: 40 个板块
2026-08-01 18:54:55,404 [INFO] fetch_moneyflow_dc.py:211 已保存 20240110 资金流向数据: 40 个板块
2026-08-01 18:54:55,406 [INFO] fetch_moneyflow_dc.py:211 已保存 20240111 资金流向数据: 40 个板块
2026-08-01 18:54:55,408 [INFO] fetch_moneyflow_dc.py:211 已保存 20240112 资金流向数据: 40 个板块
2026-08-01 18:54:55,412 [INFO] fetch_moneyflow_dc.py:211 已保存 20240115 资金流向数据: 40 个板块
2026-08-01 18:54:55,415 [INFO] fetch_moneyflow_dc.py:211 已保存 20240116 资金流向数据: 40 个板块
2026-08-01 18:54:55,417 [INFO] fetch_moneyflow_dc.py:211 已保存 20240117 资金流向数据: 40 个板块
2026-08-01 18:54:55,419 [INFO] fetch_moneyflow_dc.py:211 已保存 20240118 资金流向数据: 40 个板块
2026-08-01 18:54:55,422 [INFO] fetch_moneyflow_dc.py:211 已保存 20240119 资金流向数据: 40 个板块
2026-08-01 18:54:55,428 [INFO] fetch_moneyflow_dc.py:211 已保存 20240122 资金流向数据: 40 个板块
2026-08-01 18:54:55,431 [INFO] fetch_moneyflow_dc.py:211 已保存 20240123 资金流向数据: 40 个板块
2026-08-01 18:54:55,434 [INFO] fetch_moneyflow_dc.py:211 已保存 20240124 资金流向数据: 40 个板块
2026-08-01 18:54:55,436 [INFO] fetch_moneyflow_dc.py:211 已保存 20240125 资金流向数据: 40 个板块
2026-08-01 18:54:55,439 [INFO] fetch_moneyflow_dc.py:211 已保存 20240126 资金流向数据: 40 个板块
2026-08-01 18:54:55,441 [INFO] fetch_moneyflow_dc.py:211 已保存 20240129 资金流向数据: 40 个板块
2026-08-01 18:54:55,444 [INFO] fetch_moneyflow_dc.py:211 已保存 20240130 资金流向数据: 40 个板块
2026-08-01 18:54:55,447 [INFO] fetch_moneyflow_dc.py:211 已保存 20240131 资金流向数据: 40 个板块
2026-08-01 18:54:58,552 [INFO] fetch_moneyflow_dc.py:211 已保存 20240201 资金流向数据: 40 个板块
2026-08-01 18:54:58,555 [INFO] fetch_moneyflow_dc.py:211 已保存 20240202 资金流向数据: 40 个板块
2026-08-01 18:54:58,557 [INFO] fetch_moneyflow_dc.py:211 已保存 20240205 资金流向数据: 40 个板块
2026-08-01 18:54:58,561 [INFO] fetch_moneyflow_dc.py:211 已保存 20240206 资金流向数据: 40 个板块
2026-08-01 18:54:58,563 [INFO] fetch_moneyflow_dc.py:211 已保存 20240207 资金流向数据: 40 个板块
2026-08-01 18:54:58,565 [INFO] fetch_moneyflow_dc.py:211 已保存 20240208 资金流向数据: 40 个板块
2026-08-01 18:54:58,567 [INFO] fetch_moneyflow_dc.py:211 已保存 20240219 资金流向数据: 40 个板块
2026-08-01 18:54:58,569 [INFO] fetch_moneyflow_dc.py:211 已保存 20240220 资金流向数据: 40 个板块
2026-08-01 18:54:58,573 [INFO] fetch_moneyflow_dc.py:211 已保存 20240221 资金流向数据: 40 个板块
2026-08-01 18:54:58,576 [INFO] fetch_moneyflow_dc.py:211 已保存 20240222 资金流向数据: 40 个板块
2026-08-01 18:54:58,578 [INFO] fetch_moneyflow_dc.py:211 已保存 20240223 资金流向数据: 40 个板块
2026-08-01 18:54:58,581 [INFO] fetch_moneyflow_dc.py:211 已保存 20240226 资金流向数据: 40 个板块
2026-08-01 18:54:58,583 [INFO] fetch_moneyflow_dc.py:211 已保存 20240227 资金流向数据: 40 个板块
2026-08-01 18:54:58,585 [INFO] fetch_moneyflow_dc.py:211 已保存 20240228 资金流向数据: 40 个板块
2026-08-01 18:54:58,587 [INFO] fetch_moneyflow_dc.py:211 已保存 20240229 资金流向数据: 40 个板块
2026-08-01 18:55:01,701 [INFO] fetch_moneyflow_dc.py:211 已保存 20240301 资金流向数据: 40 个板块
2026-08-01 18:55:01,703 [INFO] fetch_moneyflow_dc.py:211 已保存 20240304 资金流向数据: 40 个板块
2026-08-01 18:55:01,704 [INFO] fetch_moneyflow_dc.py:211 已保存 20240305 资金流向数据: 40 个板块
2026-08-01 18:55:01,706 [INFO] fetch_moneyflow_dc.py:211 已保存 20240306 资金流向数据: 40 个板块
2026-08-01 18:55:01,707 [INFO] fetch_moneyflow_dc.py:211 已保存 20240307 资金流向数据: 40 个板块
2026-08-01 18:55:01,709 [INFO] fetch_moneyflow_dc.py:211 已保存 20240308 资金流向数据: 40 个板块
2026-08-01 18:55:01,710 [INFO] fetch_moneyflow_dc.py:211 已保存 20240311 资金流向数据: 40 个板块
2026-08-01 18:55:01,712 [INFO] fetch_moneyflow_dc.py:211 已保存 20240312 资金流向数据: 40 个板块
2026-08-01 18:55:01,714 [INFO] fetch_moneyflow_dc.py:211 已保存 20240313 资金流向数据: 40 个板块
2026-08-01 18:55:01,716 [INFO] fetch_moneyflow_dc.py:211 已保存 20240314 资金流向数据: 40 个板块
2026-08-01 18:55:01,717 [INFO] fetch_moneyflow_dc.py:211 已保存 20240315 资金流向数据: 40 个板块
2026-08-01 18:55:01,720 [INFO] fetch_moneyflow_dc.py:211 已保存 20240318 资金流向数据: 40 个板块
2026-08-01 18:55:01,722 [INFO] fetch_moneyflow_dc.py:211 已保存 20240319 资金流向数据: 40 个板块
2026-08-01 18:55:01,723 [INFO] fetch_moneyflow_dc.py:211 已保存 20240320 资金流向数据: 40 个板块
2026-08-01 18:55:01,726 [INFO] fetch_moneyflow_dc.py:211 已保存 20240321 资金流向数据: 40 个板块
2026-08-01 18:55:01,728 [INFO] fetch_moneyflow_dc.py:211 已保存 20240322 资金流向数据: 40 个板块
2026-08-01 18:55:01,730 [INFO] fetch_moneyflow_dc.py:211 已保存 20240325 资金流向数据: 40 个板块
2026-08-01 18:55:01,732 [INFO] fetch_moneyflow_dc.py:211 已保存 20240326 资金流向数据: 40 个板块
2026-08-01 18:55:01,734 [INFO] fetch_moneyflow_dc.py:211 已保存 20240327 资金流向数据: 40 个板块
2026-08-01 18:55:01,736 [INFO] fetch_moneyflow_dc.py:211 已保存 20240328 资金流向数据: 40 个板块
2026-08-01 18:55:01,738 [INFO] fetch_moneyflow_dc.py:211 已保存 20240329 资金流向数据: 40 个板块
2026-08-01 18:55:04,845 [INFO] fetch_moneyflow_dc.py:211 已保存 20240401 资金流向数据: 40 个板块
2026-08-01 18:55:04,847 [INFO] fetch_moneyflow_dc.py:211 已保存 20240402 资金流向数据: 40 个板块
2026-08-01 18:55:04,849 [INFO] fetch_moneyflow_dc.py:211 已保存 20240403 资金流向数据: 40 个板块
2026-08-01 18:55:04,850 [INFO] fetch_moneyflow_dc.py:211 已保存 20240408 资金流向数据: 40 个板块
2026-08-01 18:55:04,853 [INFO] fetch_moneyflow_dc.py:211 已保存 20240409 资金流向数据: 40 个板块
2026-08-01 18:55:04,854 [INFO] fetch_moneyflow_dc.py:211 已保存 20240410 资金流向数据: 40 个板块
2026-08-01 18:55:04,856 [INFO] fetch_moneyflow_dc.py:211 已保存 20240411 资金流向数据: 40 个板块
2026-08-01 18:55:04,857 [INFO] fetch_moneyflow_dc.py:211 已保存 20240412 资金流向数据: 40 个板块
2026-08-01 18:55:04,860 [INFO] fetch_moneyflow_dc.py:211 已保存 20240415 资金流向数据: 40 个板块
2026-08-01 18:55:04,862 [INFO] fetch_moneyflow_dc.py:211 已保存 20240416 资金流向数据: 40 个板块
2026-08-01 18:55:04,864 [INFO] fetch_moneyflow_dc.py:211 已保存 20240417 资金流向数据: 40 个板块
2026-08-01 18:55:04,866 [INFO] fetch_moneyflow_dc.py:211 已保存 20240418 资金流向数据: 40 个板块
2026-08-01 18:55:04,868 [INFO] fetch_moneyflow_dc.py:211 已保存 20240419 资金流向数据: 40 个板块
2026-08-01 18:55:04,870 [INFO] fetch_moneyflow_dc.py:211 已保存 20240422 资金流向数据: 40 个板块
2026-08-01 18:55:04,872 [INFO] fetch_moneyflow_dc.py:211 已保存 20240423 资金流向数据: 40 个板块
2026-08-01 18:55:04,873 [INFO] fetch_moneyflow_dc.py:211 已保存 20240424 资金流向数据: 40 个板块
2026-08-01 18:55:04,875 [INFO] fetch_moneyflow_dc.py:211 已保存 20240425 资金流向数据: 40 个板块
2026-08-01 18:55:04,877 [INFO] fetch_moneyflow_dc.py:211 已保存 20240426 资金流向数据: 40 个板块
2026-08-01 18:55:04,879 [INFO] fetch_moneyflow_dc.py:211 已保存 20240429 资金流向数据: 40 个板块
2026-08-01 18:55:04,880 [INFO] fetch_moneyflow_dc.py:211 已保存 20240430 资金流向数据: 40 个板块
2026-08-01 18:55:08,003 [INFO] fetch_moneyflow_dc.py:211 已保存 20240506 资金流向数据: 40 个板块
2026-08-01 18:55:08,007 [INFO] fetch_moneyflow_dc.py:211 已保存 20240507 资金流向数据: 40 个板块
2026-08-01 18:55:08,011 [INFO] fetch_moneyflow_dc.py:211 已保存 20240508 资金流向数据: 40 个板块
2026-08-01 18:55:08,013 [INFO] fetch_moneyflow_dc.py:211 已保存 20240509 资金流向数据: 40 个板块
2026-08-01 18:55:08,015 [INFO] fetch_moneyflow_dc.py:211 已保存 20240510 资金流向数据: 40 个板块
2026-08-01 18:55:08,017 [INFO] fetch_moneyflow_dc.py:211 已保存 20240513 资金流向数据: 40 个板块
2026-08-01 18:55:08,019 [INFO] fetch_moneyflow_dc.py:211 已保存 20240514 资金流向数据: 40 个板块
2026-08-01 18:55:08,021 [INFO] fetch_moneyflow_dc.py:211 已保存 20240515 资金流向数据: 40 个板块
2026-08-01 18:55:08,023 [INFO] fetch_moneyflow_dc.py:211 已保存 20240516 资金流向数据: 40 个板块
2026-08-01 18:55:08,025 [INFO] fetch_moneyflow_dc.py:211 已保存 20240517 资金流向数据: 40 个板块
2026-08-01 18:55:08,029 [INFO] fetch_moneyflow_dc.py:211 已保存 20240520 资金流向数据: 40 个板块
2026-08-01 18:55:08,031 [INFO] fetch_moneyflow_dc.py:211 已保存 20240521 资金流向数据: 40 个板块
2026-08-01 18:55:08,034 [INFO] fetch_moneyflow_dc.py:211 已保存 20240522 资金流向数据: 40 个板块
2026-08-01 18:55:08,037 [INFO] fetch_moneyflow_dc.py:211 已保存 20240523 资金流向数据: 40 个板块
2026-08-01 18:55:08,039 [INFO] fetch_moneyflow_dc.py:211 已保存 20240524 资金流向数据: 40 个板块
2026-08-01 18:55:08,042 [INFO] fetch_moneyflow_dc.py:211 已保存 20240527 资金流向数据: 40 个板块
2026-08-01 18:55:08,044 [INFO] fetch_moneyflow_dc.py:211 已保存 20240528 资金流向数据: 40 个板块
2026-08-01 18:55:08,046 [INFO] fetch_moneyflow_dc.py:211 已保存 20240529 资金流向数据: 40 个板块
2026-08-01 18:55:08,049 [INFO] fetch_moneyflow_dc.py:211 已保存 20240530 资金流向数据: 40 个板块
2026-08-01 18:55:08,052 [INFO] fetch_moneyflow_dc.py:211 已保存 20240531 资金流向数据: 40 个板块
2026-08-01 18:55:11,173 [INFO] fetch_moneyflow_dc.py:211 已保存 20240603 资金流向数据: 40 个板块
2026-08-01 18:55:11,176 [INFO] fetch_moneyflow_dc.py:211 已保存 20240604 资金流向数据: 40 个板块
2026-08-01 18:55:11,187 [INFO] fetch_moneyflow_dc.py:211 已保存 20240605 资金流向数据: 40 个板块
2026-08-01 18:55:11,192 [INFO] fetch_moneyflow_dc.py:211 已保存 20240606 资金流向数据: 40 个板块
2026-08-01 18:55:11,195 [INFO] fetch_moneyflow_dc.py:211 已保存 20240607 资金流向数据: 40 个板块
2026-08-01 18:55:11,197 [INFO] fetch_moneyflow_dc.py:211 已保存 20240611 资金流向数据: 40 个板块
2026-08-01 18:55:11,199 [INFO] fetch_moneyflow_dc.py:211 已保存 20240612 资金流向数据: 40 个板块
2026-08-01 18:55:11,202 [INFO] fetch_moneyflow_dc.py:211 已保存 20240613 资金流向数据: 40 个板块
2026-08-01 18:55:11,207 [INFO] fetch_moneyflow_dc.py:211 已保存 20240614 资金流向数据: 40 个板块
2026-08-01 18:55:11,213 [INFO] fetch_moneyflow_dc.py:211 已保存 20240617 资金流向数据: 40 个板块
2026-08-01 18:55:11,218 [INFO] fetch_moneyflow_dc.py:211 已保存 20240618 资金流向数据: 40 个板块
2026-08-01 18:55:11,222 [INFO] fetch_moneyflow_dc.py:211 已保存 20240619 资金流向数据: 40 个板块
2026-08-01 18:55:11,226 [INFO] fetch_moneyflow_dc.py:211 已保存 20240620 资金流向数据: 40 个板块
2026-08-01 18:55:11,231 [INFO] fetch_moneyflow_dc.py:211 已保存 20240621 资金流向数据: 40 个板块
2026-08-01 18:55:11,237 [INFO] fetch_moneyflow_dc.py:211 已保存 20240624 资金流向数据: 40 个板块
2026-08-01 18:55:11,240 [INFO] fetch_moneyflow_dc.py:211 已保存 20240625 资金流向数据: 40 个板块
2026-08-01 18:55:11,246 [INFO] fetch_moneyflow_dc.py:211 已保存 20240626 资金流向数据: 40 个板块
2026-08-01 18:55:11,255 [INFO] fetch_moneyflow_dc.py:211 已保存 20240627 资金流向数据: 40 个板块
2026-08-01 18:55:11,262 [INFO] fetch_moneyflow_dc.py:211 已保存 20240628 资金流向数据: 40 个板块
2026-08-01 18:55:14,381 [INFO] fetch_moneyflow_dc.py:211 已保存 20240701 资金流向数据: 40 个板块
2026-08-01 18:55:14,383 [INFO] fetch_moneyflow_dc.py:211 已保存 20240702 资金流向数据: 40 个板块
2026-08-01 18:55:14,386 [INFO] fetch_moneyflow_dc.py:211 已保存 20240703 资金流向数据: 40 个板块
2026-08-01 18:55:14,388 [INFO] fetch_moneyflow_dc.py:211 已保存 20240704 资金流向数据: 40 个板块
2026-08-01 18:55:14,390 [INFO] fetch_moneyflow_dc.py:211 已保存 20240705 资金流向数据: 40 个板块
2026-08-01 18:55:14,391 [INFO] fetch_moneyflow_dc.py:211 已保存 20240708 资金流向数据: 40 个板块
2026-08-01 18:55:14,393 [INFO] fetch_moneyflow_dc.py:211 已保存 20240709 资金流向数据: 40 个板块
2026-08-01 18:55:14,395 [INFO] fetch_moneyflow_dc.py:211 已保存 20240710 资金流向数据: 40 个板块
2026-08-01 18:55:14,398 [INFO] fetch_moneyflow_dc.py:211 已保存 20240711 资金流向数据: 40 个板块
2026-08-01 18:55:14,399 [INFO] fetch_moneyflow_dc.py:211 已保存 20240712 资金流向数据: 40 个板块
2026-08-01 18:55:14,401 [INFO] fetch_moneyflow_dc.py:211 已保存 20240715 资金流向数据: 40 个板块
2026-08-01 18:55:14,404 [INFO] fetch_moneyflow_dc.py:211 已保存 20240716 资金流向数据: 40 个板块
2026-08-01 18:55:14,406 [INFO] fetch_moneyflow_dc.py:211 已保存 20240717 资金流向数据: 40 个板块
2026-08-01 18:55:14,408 [INFO] fetch_moneyflow_dc.py:211 已保存 20240718 资金流向数据: 40 个板块
2026-08-01 18:55:14,410 [INFO] fetch_moneyflow_dc.py:211 已保存 20240719 资金流向数据: 40 个板块
2026-08-01 18:55:14,412 [INFO] fetch_moneyflow_dc.py:211 已保存 20240722 资金流向数据: 40 个板块
2026-08-01 18:55:14,414 [INFO] fetch_moneyflow_dc.py:211 已保存 20240723 资金流向数据: 40 个板块
2026-08-01 18:55:14,416 [INFO] fetch_moneyflow_dc.py:211 已保存 20240724 资金流向数据: 40 个板块
2026-08-01 18:55:14,418 [INFO] fetch_moneyflow_dc.py:211 已保存 20240725 资金流向数据: 40 个板块
2026-08-01 18:55:14,420 [INFO] fetch_moneyflow_dc.py:211 已保存 20240726 资金流向数据: 40 个板块
2026-08-01 18:55:14,423 [INFO] fetch_moneyflow_dc.py:211 已保存 20240729 资金流向数据: 40 个板块
2026-08-01 18:55:14,424 [INFO] fetch_moneyflow_dc.py:211 已保存 20240730 资金流向数据: 40 个板块
2026-08-01 18:55:14,426 [INFO] fetch_moneyflow_dc.py:211 已保存 20240731 资金流向数据: 40 个板块
2026-08-01 18:55:17,543 [INFO] fetch_moneyflow_dc.py:211 已保存 20240801 资金流向数据: 40 个板块
2026-08-01 18:55:17,546 [INFO] fetch_moneyflow_dc.py:211 已保存 20240802 资金流向数据: 40 个板块
2026-08-01 18:55:17,548 [INFO] fetch_moneyflow_dc.py:211 已保存 20240805 资金流向数据: 40 个板块
2026-08-01 18:55:17,550 [INFO] fetch_moneyflow_dc.py:211 已保存 20240806 资金流向数据: 40 个板块
2026-08-01 18:55:17,552 [INFO] fetch_moneyflow_dc.py:211 已保存 20240807 资金流向数据: 40 个板块
2026-08-01 18:55:17,554 [INFO] fetch_moneyflow_dc.py:211 已保存 20240808 资金流向数据: 40 个板块
2026-08-01 18:55:17,556 [INFO] fetch_moneyflow_dc.py:211 已保存 20240809 资金流向数据: 40 个板块
2026-08-01 18:55:17,559 [INFO] fetch_moneyflow_dc.py:211 已保存 20240812 资金流向数据: 40 个板块
2026-08-01 18:55:17,561 [INFO] fetch_moneyflow_dc.py:211 已保存 20240813 资金流向数据: 40 个板块
2026-08-01 18:55:17,565 [INFO] fetch_moneyflow_dc.py:211 已保存 20240814 资金流向数据: 40 个板块
2026-08-01 18:55:17,569 [INFO] fetch_moneyflow_dc.py:211 已保存 20240815 资金流向数据: 40 个板块
2026-08-01 18:55:17,571 [INFO] fetch_moneyflow_dc.py:211 已保存 20240816 资金流向数据: 40 个板块
2026-08-01 18:55:17,577 [INFO] fetch_moneyflow_dc.py:211 已保存 20240819 资金流向数据: 40 个板块
2026-08-01 18:55:17,588 [INFO] fetch_moneyflow_dc.py:211 已保存 20240820 资金流向数据: 40 个板块
2026-08-01 18:55:17,590 [INFO] fetch_moneyflow_dc.py:211 已保存 20240821 资金流向数据: 40 个板块
2026-08-01 18:55:17,593 [INFO] fetch_moneyflow_dc.py:211 已保存 20240822 资金流向数据: 40 个板块
2026-08-01 18:55:17,595 [INFO] fetch_moneyflow_dc.py:211 已保存 20240823 资金流向数据: 40 个板块
2026-08-01 18:55:17,597 [INFO] fetch_moneyflow_dc.py:211 已保存 20240826 资金流向数据: 40 个板块
2026-08-01 18:55:17,600 [INFO] fetch_moneyflow_dc.py:211 已保存 20240827 资金流向数据: 40 个板块
2026-08-01 18:55:17,602 [INFO] fetch_moneyflow_dc.py:211 已保存 20240828 资金流向数据: 40 个板块
2026-08-01 18:55:17,606 [INFO] fetch_moneyflow_dc.py:211 已保存 20240829 资金流向数据: 40 个板块
2026-08-01 18:55:17,609 [INFO] fetch_moneyflow_dc.py:211 已保存 20240830 资金流向数据: 40 个板块
2026-08-01 18:55:20,728 [INFO] fetch_moneyflow_dc.py:211 已保存 20240902 资金流向数据: 40 个板块
2026-08-01 18:55:20,730 [INFO] fetch_moneyflow_dc.py:211 已保存 20240903 资金流向数据: 40 个板块
2026-08-01 18:55:20,732 [INFO] fetch_moneyflow_dc.py:211 已保存 20240904 资金流向数据: 40 个板块
2026-08-01 18:55:20,734 [INFO] fetch_moneyflow_dc.py:211 已保存 20240905 资金流向数据: 40 个板块
2026-08-01 18:55:20,736 [INFO] fetch_moneyflow_dc.py:211 已保存 20240906 资金流向数据: 40 个板块
2026-08-01 18:55:20,738 [INFO] fetch_moneyflow_dc.py:211 已保存 20240909 资金流向数据: 40 个板块
2026-08-01 18:55:20,739 [INFO] fetch_moneyflow_dc.py:211 已保存 20240910 资金流向数据: 40 个板块
2026-08-01 18:55:20,741 [INFO] fetch_moneyflow_dc.py:211 已保存 20240911 资金流向数据: 40 个板块
2026-08-01 18:55:20,743 [INFO] fetch_moneyflow_dc.py:211 已保存 20240912 资金流向数据: 40 个板块
2026-08-01 18:55:20,744 [INFO] fetch_moneyflow_dc.py:211 已保存 20240913 资金流向数据: 40 个板块
2026-08-01 18:55:20,746 [INFO] fetch_moneyflow_dc.py:211 已保存 20240918 资金流向数据: 40 个板块
2026-08-01 18:55:20,748 [INFO] fetch_moneyflow_dc.py:211 已保存 20240919 资金流向数据: 40 个板块
2026-08-01 18:55:20,750 [INFO] fetch_moneyflow_dc.py:211 已保存 20240920 资金流向数据: 40 个板块
2026-08-01 18:55:20,752 [INFO] fetch_moneyflow_dc.py:211 已保存 20240923 资金流向数据: 40 个板块
2026-08-01 18:55:20,755 [INFO] fetch_moneyflow_dc.py:211 已保存 20240924 资金流向数据: 40 个板块
2026-08-01 18:55:20,758 [INFO] fetch_moneyflow_dc.py:211 已保存 20240925 资金流向数据: 40 个板块
2026-08-01 18:55:20,760 [INFO] fetch_moneyflow_dc.py:211 已保存 20240926 资金流向数据: 40 个板块
2026-08-01 18:55:20,762 [INFO] fetch_moneyflow_dc.py:211 已保存 20240927 资金流向数据: 40 个板块
2026-08-01 18:55:20,764 [INFO] fetch_moneyflow_dc.py:211 已保存 20240930 资金流向数据: 40 个板块
2026-08-01 18:55:23,888 [INFO] fetch_moneyflow_dc.py:211 已保存 20241008 资金流向数据: 40 个板块
2026-08-01 18:55:23,891 [INFO] fetch_moneyflow_dc.py:211 已保存 20241009 资金流向数据: 40 个板块
2026-08-01 18:55:23,893 [INFO] fetch_moneyflow_dc.py:211 已保存 20241010 资金流向数据: 40 个板块
2026-08-01 18:55:23,905 [INFO] fetch_moneyflow_dc.py:211 已保存 20241011 资金流向数据: 40 个板块
2026-08-01 18:55:23,907 [INFO] fetch_moneyflow_dc.py:211 已保存 20241014 资金流向数据: 40 个板块
2026-08-01 18:55:23,909 [INFO] fetch_moneyflow_dc.py:211 已保存 20241015 资金流向数据: 40 个板块
2026-08-01 18:55:23,910 [INFO] fetch_moneyflow_dc.py:211 已保存 20241016 资金流向数据: 40 个板块
2026-08-01 18:55:23,912 [INFO] fetch_moneyflow_dc.py:211 已保存 20241017 资金流向数据: 40 个板块
2026-08-01 18:55:23,914 [INFO] fetch_moneyflow_dc.py:211 已保存 20241018 资金流向数据: 40 个板块
2026-08-01 18:55:23,916 [INFO] fetch_moneyflow_dc.py:211 已保存 20241021 资金流向数据: 40 个板块
2026-08-01 18:55:23,918 [INFO] fetch_moneyflow_dc.py:211 已保存 20241022 资金流向数据: 40 个板块
2026-08-01 18:55:23,920 [INFO] fetch_moneyflow_dc.py:211 已保存 20241023 资金流向数据: 40 个板块
2026-08-01 18:55:23,921 [INFO] fetch_moneyflow_dc.py:211 已保存 20241024 资金流向数据: 40 个板块
2026-08-01 18:55:23,923 [INFO] fetch_moneyflow_dc.py:211 已保存 20241025 资金流向数据: 40 个板块
2026-08-01 18:55:23,925 [INFO] fetch_moneyflow_dc.py:211 已保存 20241028 资金流向数据: 40 个板块
2026-08-01 18:55:23,927 [INFO] fetch_moneyflow_dc.py:211 已保存 20241029 资金流向数据: 40 个板块
2026-08-01 18:55:23,929 [INFO] fetch_moneyflow_dc.py:211 已保存 20241030 资金流向数据: 40 个板块
2026-08-01 18:55:23,931 [INFO] fetch_moneyflow_dc.py:211 已保存 20241031 资金流向数据: 40 个板块
2026-08-01 18:55:27,053 [INFO] fetch_moneyflow_dc.py:211 已保存 20241101 资金流向数据: 40 个板块
2026-08-01 18:55:27,055 [INFO] fetch_moneyflow_dc.py:211 已保存 20241104 资金流向数据: 40 个板块
2026-08-01 18:55:27,058 [INFO] fetch_moneyflow_dc.py:211 已保存 20241105 资金流向数据: 40 个板块
2026-08-01 18:55:27,061 [INFO] fetch_moneyflow_dc.py:211 已保存 20241106 资金流向数据: 40 个板块
2026-08-01 18:55:27,063 [INFO] fetch_moneyflow_dc.py:211 已保存 20241107 资金流向数据: 40 个板块
2026-08-01 18:55:27,064 [INFO] fetch_moneyflow_dc.py:211 已保存 20241108 资金流向数据: 40 个板块
2026-08-01 18:55:27,066 [INFO] fetch_moneyflow_dc.py:211 已保存 20241111 资金流向数据: 40 个板块
2026-08-01 18:55:27,067 [INFO] fetch_moneyflow_dc.py:211 已保存 20241112 资金流向数据: 40 个板块
2026-08-01 18:55:27,069 [INFO] fetch_moneyflow_dc.py:211 已保存 20241113 资金流向数据: 40 个板块
2026-08-01 18:55:27,071 [INFO] fetch_moneyflow_dc.py:211 已保存 20241114 资金流向数据: 40 个板块
2026-08-01 18:55:27,074 [INFO] fetch_moneyflow_dc.py:211 已保存 20241115 资金流向数据: 40 个板块
2026-08-01 18:55:27,076 [INFO] fetch_moneyflow_dc.py:211 已保存 20241118 资金流向数据: 40 个板块
2026-08-01 18:55:27,078 [INFO] fetch_moneyflow_dc.py:211 已保存 20241119 资金流向数据: 40 个板块
2026-08-01 18:55:27,079 [INFO] fetch_moneyflow_dc.py:211 已保存 20241120 资金流向数据: 40 个板块
2026-08-01 18:55:27,081 [INFO] fetch_moneyflow_dc.py:211 已保存 20241121 资金流向数据: 40 个板块
2026-08-01 18:55:27,083 [INFO] fetch_moneyflow_dc.py:211 已保存 20241122 资金流向数据: 40 个板块
2026-08-01 18:55:27,085 [INFO] fetch_moneyflow_dc.py:211 已保存 20241125 资金流向数据: 40 个板块
2026-08-01 18:55:27,087 [INFO] fetch_moneyflow_dc.py:211 已保存 20241126 资金流向数据: 40 个板块
2026-08-01 18:55:27,089 [INFO] fetch_moneyflow_dc.py:211 已保存 20241127 资金流向数据: 40 个板块
2026-08-01 18:55:27,091 [INFO] fetch_moneyflow_dc.py:211 已保存 20241128 资金流向数据: 40 个板块
2026-08-01 18:55:27,093 [INFO] fetch_moneyflow_dc.py:211 已保存 20241129 资金流向数据: 40 个板块
2026-08-01 18:55:30,213 [INFO] fetch_moneyflow_dc.py:211 已保存 20241202 资金流向数据: 40 个板块
2026-08-01 18:55:30,215 [INFO] fetch_moneyflow_dc.py:211 已保存 20241203 资金流向数据: 40 个板块
2026-08-01 18:55:30,217 [INFO] fetch_moneyflow_dc.py:211 已保存 20241204 资金流向数据: 40 个板块
2026-08-01 18:55:30,218 [INFO] fetch_moneyflow_dc.py:211 已保存 20241205 资金流向数据: 40 个板块
2026-08-01 18:55:30,220 [INFO] fetch_moneyflow_dc.py:211 已保存 20241206 资金流向数据: 40 个板块
2026-08-01 18:55:30,223 [INFO] fetch_moneyflow_dc.py:211 已保存 20241209 资金流向数据: 40 个板块
2026-08-01 18:55:30,225 [INFO] fetch_moneyflow_dc.py:211 已保存 20241210 资金流向数据: 40 个板块
2026-08-01 18:55:30,226 [INFO] fetch_moneyflow_dc.py:211 已保存 20241211 资金流向数据: 40 个板块
2026-08-01 18:55:30,228 [INFO] fetch_moneyflow_dc.py:211 已保存 20241212 资金流向数据: 40 个板块
2026-08-01 18:55:30,230 [INFO] fetch_moneyflow_dc.py:211 已保存 20241213 资金流向数据: 40 个板块
2026-08-01 18:55:30,231 [INFO] fetch_moneyflow_dc.py:211 已保存 20241216 资金流向数据: 40 个板块
2026-08-01 18:55:30,233 [INFO] fetch_moneyflow_dc.py:211 已保存 20241217 资金流向数据: 40 个板块
2026-08-01 18:55:30,235 [INFO] fetch_moneyflow_dc.py:211 已保存 20241218 资金流向数据: 40 个板块
2026-08-01 18:55:30,237 [INFO] fetch_moneyflow_dc.py:211 已保存 20241219 资金流向数据: 40 个板块
2026-08-01 18:55:30,238 [INFO] fetch_moneyflow_dc.py:211 已保存 20241220 资金流向数据: 40 个板块
2026-08-01 18:55:30,240 [INFO] fetch_moneyflow_dc.py:211 已保存 20241223 资金流向数据: 40 个板块
2026-08-01 18:55:30,242 [INFO] fetch_moneyflow_dc.py:211 已保存 20241224 资金流向数据: 40 个板块
2026-08-01 18:55:30,244 [INFO] fetch_moneyflow_dc.py:211 已保存 20241225 资金流向数据: 40 个板块
2026-08-01 18:55:30,246 [INFO] fetch_moneyflow_dc.py:211 已保存 20241226 资金流向数据: 40 个板块
2026-08-01 18:55:30,248 [INFO] fetch_moneyflow_dc.py:211 已保存 20241227 资金流向数据: 40 个板块
2026-08-01 18:55:30,249 [INFO] fetch_moneyflow_dc.py:211 已保存 20241230 资金流向数据: 40 个板块
2026-08-01 18:55:30,251 [INFO] fetch_moneyflow_dc.py:211 已保存 20241231 资金流向数据: 40 个板块
2026-08-01 18:55:33,365 [INFO] fetch_moneyflow_dc.py:211 已保存 20250102 资金流向数据: 40 个板块
2026-08-01 18:55:33,367 [INFO] fetch_moneyflow_dc.py:211 已保存 20250103 资金流向数据: 40 个板块
2026-08-01 18:55:33,369 [INFO] fetch_moneyflow_dc.py:211 已保存 20250106 资金流向数据: 40 个板块
2026-08-01 18:55:33,371 [INFO] fetch_moneyflow_dc.py:211 已保存 20250107 资金流向数据: 40 个板块
2026-08-01 18:55:33,374 [INFO] fetch_moneyflow_dc.py:211 已保存 20250108 资金流向数据: 40 个板块
2026-08-01 18:55:33,377 [INFO] fetch_moneyflow_dc.py:211 已保存 20250109 资金流向数据: 40 个板块
2026-08-01 18:55:33,379 [INFO] fetch_moneyflow_dc.py:211 已保存 20250110 资金流向数据: 40 个板块
2026-08-01 18:55:33,381 [INFO] fetch_moneyflow_dc.py:211 已保存 20250113 资金流向数据: 40 个板块
2026-08-01 18:55:33,384 [INFO] fetch_moneyflow_dc.py:211 已保存 20250114 资金流向数据: 40 个板块
2026-08-01 18:55:33,387 [INFO] fetch_moneyflow_dc.py:211 已保存 20250115 资金流向数据: 40 个板块
2026-08-01 18:55:33,389 [INFO] fetch_moneyflow_dc.py:211 已保存 20250116 资金流向数据: 40 个板块
2026-08-01 18:55:33,391 [INFO] fetch_moneyflow_dc.py:211 已保存 20250117 资金流向数据: 40 个板块
2026-08-01 18:55:33,393 [INFO] fetch_moneyflow_dc.py:211 已保存 20250120 资金流向数据: 40 个板块
2026-08-01 18:55:33,395 [INFO] fetch_moneyflow_dc.py:211 已保存 20250121 资金流向数据: 40 个板块
2026-08-01 18:55:33,397 [INFO] fetch_moneyflow_dc.py:211 已保存 20250122 资金流向数据: 40 个板块
2026-08-01 18:55:33,398 [INFO] fetch_moneyflow_dc.py:211 已保存 20250123 资金流向数据: 40 个板块
2026-08-01 18:55:33,400 [INFO] fetch_moneyflow_dc.py:211 已保存 20250124 资金流向数据: 40 个板块
2026-08-01 18:55:33,402 [INFO] fetch_moneyflow_dc.py:211 已保存 20250127 资金流向数据: 40 个板块
2026-08-01 18:55:36,507 [INFO] fetch_moneyflow_dc.py:211 已保存 20250205 资金流向数据: 40 个板块
2026-08-01 18:55:36,509 [INFO] fetch_moneyflow_dc.py:211 已保存 20250206 资金流向数据: 40 个板块
2026-08-01 18:55:36,511 [INFO] fetch_moneyflow_dc.py:211 已保存 20250207 资金流向数据: 40 个板块
2026-08-01 18:55:36,513 [INFO] fetch_moneyflow_dc.py:211 已保存 20250210 资金流向数据: 40 个板块
2026-08-01 18:55:36,525 [INFO] fetch_moneyflow_dc.py:211 已保存 20250211 资金流向数据: 40 个板块
2026-08-01 18:55:36,527 [INFO] fetch_moneyflow_dc.py:211 已保存 20250212 资金流向数据: 40 个板块
2026-08-01 18:55:36,529 [INFO] fetch_moneyflow_dc.py:211 已保存 20250213 资金流向数据: 40 个板块
2026-08-01 18:55:36,533 [INFO] fetch_moneyflow_dc.py:211 已保存 20250214 资金流向数据: 40 个板块
2026-08-01 18:55:36,535 [INFO] fetch_moneyflow_dc.py:211 已保存 20250217 资金流向数据: 40 个板块
2026-08-01 18:55:36,541 [INFO] fetch_moneyflow_dc.py:211 已保存 20250218 资金流向数据: 40 个板块
2026-08-01 18:55:36,546 [INFO] fetch_moneyflow_dc.py:211 已保存 20250219 资金流向数据: 40 个板块
2026-08-01 18:55:36,549 [INFO] fetch_moneyflow_dc.py:211 已保存 20250220 资金流向数据: 40 个板块
2026-08-01 18:55:36,559 [INFO] fetch_moneyflow_dc.py:211 已保存 20250221 资金流向数据: 40 个板块
2026-08-01 18:55:36,572 [INFO] fetch_moneyflow_dc.py:211 已保存 20250224 资金流向数据: 40 个板块
2026-08-01 18:55:36,582 [INFO] fetch_moneyflow_dc.py:211 已保存 20250225 资金流向数据: 40 个板块
2026-08-01 18:55:36,591 [INFO] fetch_moneyflow_dc.py:211 已保存 20250226 资金流向数据: 40 个板块
2026-08-01 18:55:36,595 [INFO] fetch_moneyflow_dc.py:211 已保存 20250227 资金流向数据: 40 个板块
2026-08-01 18:55:36,599 [INFO] fetch_moneyflow_dc.py:211 已保存 20250228 资金流向数据: 40 个板块
2026-08-01 18:55:39,847 [INFO] fetch_moneyflow_dc.py:211 已保存 20250303 资金流向数据: 40 个板块
2026-08-01 18:55:39,849 [INFO] fetch_moneyflow_dc.py:211 已保存 20250304 资金流向数据: 40 个板块
2026-08-01 18:55:39,851 [INFO] fetch_moneyflow_dc.py:211 已保存 20250305 资金流向数据: 40 个板块
2026-08-01 18:55:39,853 [INFO] fetch_moneyflow_dc.py:211 已保存 20250306 资金流向数据: 40 个板块
2026-08-01 18:55:39,855 [INFO] fetch_moneyflow_dc.py:211 已保存 20250307 资金流向数据: 40 个板块
2026-08-01 18:55:39,856 [INFO] fetch_moneyflow_dc.py:211 已保存 20250310 资金流向数据: 40 个板块
2026-08-01 18:55:39,858 [INFO] fetch_moneyflow_dc.py:211 已保存 20250311 资金流向数据: 40 个板块
2026-08-01 18:55:39,860 [INFO] fetch_moneyflow_dc.py:211 已保存 20250312 资金流向数据: 40 个板块
2026-08-01 18:55:39,862 [INFO] fetch_moneyflow_dc.py:211 已保存 20250313 资金流向数据: 40 个板块
2026-08-01 18:55:39,864 [INFO] fetch_moneyflow_dc.py:211 已保存 20250314 资金流向数据: 40 个板块
2026-08-01 18:55:39,866 [INFO] fetch_moneyflow_dc.py:211 已保存 20250317 资金流向数据: 40 个板块
2026-08-01 18:55:39,868 [INFO] fetch_moneyflow_dc.py:211 已保存 20250318 资金流向数据: 40 个板块
2026-08-01 18:55:39,870 [INFO] fetch_moneyflow_dc.py:211 已保存 20250319 资金流向数据: 40 个板块
2026-08-01 18:55:39,872 [INFO] fetch_moneyflow_dc.py:211 已保存 20250320 资金流向数据: 40 个板块
2026-08-01 18:55:39,874 [INFO] fetch_moneyflow_dc.py:211 已保存 20250321 资金流向数据: 40 个板块
2026-08-01 18:55:39,876 [INFO] fetch_moneyflow_dc.py:211 已保存 20250324 资金流向数据: 40 个板块
2026-08-01 18:55:39,878 [INFO] fetch_moneyflow_dc.py:211 已保存 20250325 资金流向数据: 40 个板块
2026-08-01 18:55:39,880 [INFO] fetch_moneyflow_dc.py:211 已保存 20250326 资金流向数据: 40 个板块
2026-08-01 18:55:39,881 [INFO] fetch_moneyflow_dc.py:211 已保存 20250327 资金流向数据: 40 个板块
2026-08-01 18:55:39,883 [INFO] fetch_moneyflow_dc.py:211 已保存 20250328 资金流向数据: 40 个板块
2026-08-01 18:55:39,885 [INFO] fetch_moneyflow_dc.py:211 已保存 20250331 资金流向数据: 40 个板块
2026-08-01 18:55:43,127 [INFO] fetch_moneyflow_dc.py:211 已保存 20250401 资金流向数据: 40 个板块
2026-08-01 18:55:43,129 [INFO] fetch_moneyflow_dc.py:211 已保存 20250402 资金流向数据: 40 个板块
2026-08-01 18:55:43,131 [INFO] fetch_moneyflow_dc.py:211 已保存 20250403 资金流向数据: 40 个板块
2026-08-01 18:55:43,133 [INFO] fetch_moneyflow_dc.py:211 已保存 20250407 资金流向数据: 40 个板块
2026-08-01 18:55:43,136 [INFO] fetch_moneyflow_dc.py:211 已保存 20250408 资金流向数据: 40 个板块
2026-08-01 18:55:43,140 [INFO] fetch_moneyflow_dc.py:211 已保存 20250409 资金流向数据: 40 个板块
2026-08-01 18:55:43,143 [INFO] fetch_moneyflow_dc.py:211 已保存 20250410 资金流向数据: 40 个板块
2026-08-01 18:55:43,145 [INFO] fetch_moneyflow_dc.py:211 已保存 20250411 资金流向数据: 40 个板块
2026-08-01 18:55:43,147 [INFO] fetch_moneyflow_dc.py:211 已保存 20250414 资金流向数据: 40 个板块
2026-08-01 18:55:43,148 [INFO] fetch_moneyflow_dc.py:211 已保存 20250415 资金流向数据: 40 个板块
2026-08-01 18:55:43,150 [INFO] fetch_moneyflow_dc.py:211 已保存 20250416 资金流向数据: 40 个板块
2026-08-01 18:55:43,152 [INFO] fetch_moneyflow_dc.py:211 已保存 20250417 资金流向数据: 40 个板块
2026-08-01 18:55:43,154 [INFO] fetch_moneyflow_dc.py:211 已保存 20250418 资金流向数据: 40 个板块
2026-08-01 18:55:43,157 [INFO] fetch_moneyflow_dc.py:211 已保存 20250421 资金流向数据: 40 个板块
2026-08-01 18:55:43,159 [INFO] fetch_moneyflow_dc.py:211 已保存 20250422 资金流向数据: 40 个板块
2026-08-01 18:55:43,161 [INFO] fetch_moneyflow_dc.py:211 已保存 20250423 资金流向数据: 40 个板块
2026-08-01 18:55:43,163 [INFO] fetch_moneyflow_dc.py:211 已保存 20250424 资金流向数据: 40 个板块
2026-08-01 18:55:43,165 [INFO] fetch_moneyflow_dc.py:211 已保存 20250425 资金流向数据: 40 个板块
2026-08-01 18:55:43,167 [INFO] fetch_moneyflow_dc.py:211 已保存 20250428 资金流向数据: 40 个板块
2026-08-01 18:55:43,169 [INFO] fetch_moneyflow_dc.py:211 已保存 20250429 资金流向数据: 40 个板块
2026-08-01 18:55:43,174 [INFO] fetch_moneyflow_dc.py:211 已保存 20250430 资金流向数据: 40 个板块
2026-08-01 18:55:46,414 [INFO] fetch_moneyflow_dc.py:211 已保存 20250506 资金流向数据: 40 个板块
2026-08-01 18:55:46,416 [INFO] fetch_moneyflow_dc.py:211 已保存 20250507 资金流向数据: 40 个板块
2026-08-01 18:55:46,418 [INFO] fetch_moneyflow_dc.py:211 已保存 20250508 资金流向数据: 40 个板块
2026-08-01 18:55:46,430 [INFO] fetch_moneyflow_dc.py:211 已保存 20250509 资金流向数据: 40 个板块
2026-08-01 18:55:46,434 [INFO] fetch_moneyflow_dc.py:211 已保存 20250512 资金流向数据: 40 个板块
2026-08-01 18:55:46,446 [INFO] fetch_moneyflow_dc.py:211 已保存 20250513 资金流向数据: 40 个板块
2026-08-01 18:55:46,457 [INFO] fetch_moneyflow_dc.py:211 已保存 20250514 资金流向数据: 40 个板块
2026-08-01 18:55:46,465 [INFO] fetch_moneyflow_dc.py:211 已保存 20250515 资金流向数据: 40 个板块
2026-08-01 18:55:46,473 [INFO] fetch_moneyflow_dc.py:211 已保存 20250516 资金流向数据: 40 个板块
2026-08-01 18:55:46,479 [INFO] fetch_moneyflow_dc.py:211 已保存 20250519 资金流向数据: 40 个板块
2026-08-01 18:55:46,486 [INFO] fetch_moneyflow_dc.py:211 已保存 20250520 资金流向数据: 40 个板块
2026-08-01 18:55:46,493 [INFO] fetch_moneyflow_dc.py:211 已保存 20250521 资金流向数据: 40 个板块
2026-08-01 18:55:46,495 [INFO] fetch_moneyflow_dc.py:211 已保存 20250522 资金流向数据: 40 个板块
2026-08-01 18:55:46,497 [INFO] fetch_moneyflow_dc.py:211 已保存 20250523 资金流向数据: 40 个板块
2026-08-01 18:55:46,499 [INFO] fetch_moneyflow_dc.py:211 已保存 20250526 资金流向数据: 40 个板块
2026-08-01 18:55:46,502 [INFO] fetch_moneyflow_dc.py:211 已保存 20250527 资金流向数据: 40 个板块
2026-08-01 18:55:46,506 [INFO] fetch_moneyflow_dc.py:211 已保存 20250528 资金流向数据: 40 个板块
2026-08-01 18:55:46,515 [INFO] fetch_moneyflow_dc.py:211 已保存 20250529 资金流向数据: 40 个板块
2026-08-01 18:55:46,517 [INFO] fetch_moneyflow_dc.py:211 已保存 20250530 资金流向数据: 40 个板块
2026-08-01 18:55:49,758 [INFO] fetch_moneyflow_dc.py:211 已保存 20250603 资金流向数据: 40 个板块
2026-08-01 18:55:49,760 [INFO] fetch_moneyflow_dc.py:211 已保存 20250604 资金流向数据: 40 个板块
2026-08-01 18:55:49,762 [INFO] fetch_moneyflow_dc.py:211 已保存 20250605 资金流向数据: 40 个板块
2026-08-01 18:55:49,764 [INFO] fetch_moneyflow_dc.py:211 已保存 20250606 资金流向数据: 40 个板块
2026-08-01 18:55:49,766 [INFO] fetch_moneyflow_dc.py:211 已保存 20250609 资金流向数据: 40 个板块
2026-08-01 18:55:49,769 [INFO] fetch_moneyflow_dc.py:211 已保存 20250610 资金流向数据: 40 个板块
2026-08-01 18:55:49,771 [INFO] fetch_moneyflow_dc.py:211 已保存 20250611 资金流向数据: 40 个板块
2026-08-01 18:55:49,772 [INFO] fetch_moneyflow_dc.py:211 已保存 20250612 资金流向数据: 40 个板块
2026-08-01 18:55:49,774 [INFO] fetch_moneyflow_dc.py:211 已保存 20250613 资金流向数据: 40 个板块
2026-08-01 18:55:49,776 [INFO] fetch_moneyflow_dc.py:211 已保存 20250616 资金流向数据: 40 个板块
2026-08-01 18:55:49,778 [INFO] fetch_moneyflow_dc.py:211 已保存 20250617 资金流向数据: 40 个板块
2026-08-01 18:55:49,780 [INFO] fetch_moneyflow_dc.py:211 已保存 20250618 资金流向数据: 40 个板块
2026-08-01 18:55:49,783 [INFO] fetch_moneyflow_dc.py:211 已保存 20250619 资金流向数据: 40 个板块
2026-08-01 18:55:49,785 [INFO] fetch_moneyflow_dc.py:211 已保存 20250620 资金流向数据: 40 个板块
2026-08-01 18:55:49,787 [INFO] fetch_moneyflow_dc.py:211 已保存 20250623 资金流向数据: 40 个板块
2026-08-01 18:55:49,789 [INFO] fetch_moneyflow_dc.py:211 已保存 20250624 资金流向数据: 40 个板块
2026-08-01 18:55:49,791 [INFO] fetch_moneyflow_dc.py:211 已保存 20250625 资金流向数据: 40 个板块
2026-08-01 18:55:49,793 [INFO] fetch_moneyflow_dc.py:211 已保存 20250626 资金流向数据: 40 个板块
2026-08-01 18:55:49,795 [INFO] fetch_moneyflow_dc.py:211 已保存 20250627 资金流向数据: 40 个板块
2026-08-01 18:55:49,797 [INFO] fetch_moneyflow_dc.py:211 已保存 20250630 资金流向数据: 40 个板块
2026-08-01 18:55:52,942 [INFO] fetch_moneyflow_dc.py:211 已保存 20250701 资金流向数据: 40 个板块
2026-08-01 18:55:52,947 [INFO] fetch_moneyflow_dc.py:211 已保存 20250702 资金流向数据: 40 个板块
2026-08-01 18:55:52,969 [INFO] fetch_moneyflow_dc.py:211 已保存 20250703 资金流向数据: 40 个板块
2026-08-01 18:55:52,981 [INFO] fetch_moneyflow_dc.py:211 已保存 20250704 资金流向数据: 40 个板块
2026-08-01 18:55:52,991 [INFO] fetch_moneyflow_dc.py:211 已保存 20250707 资金流向数据: 40 个板块
2026-08-01 18:55:52,994 [INFO] fetch_moneyflow_dc.py:211 已保存 20250708 资金流向数据: 40 个板块
2026-08-01 18:55:52,997 [INFO] fetch_moneyflow_dc.py:211 已保存 20250709 资金流向数据: 40 个板块
2026-08-01 18:55:53,000 [INFO] fetch_moneyflow_dc.py:211 已保存 20250710 资金流向数据: 40 个板块
2026-08-01 18:55:53,022 [INFO] fetch_moneyflow_dc.py:211 已保存 20250711 资金流向数据: 40 个板块
2026-08-01 18:55:53,028 [INFO] fetch_moneyflow_dc.py:211 已保存 20250714 资金流向数据: 40 个板块
2026-08-01 18:55:53,031 [INFO] fetch_moneyflow_dc.py:211 已保存 20250715 资金流向数据: 40 个板块
2026-08-01 18:55:53,035 [INFO] fetch_moneyflow_dc.py:211 已保存 20250716 资金流向数据: 40 个板块
2026-08-01 18:55:53,038 [INFO] fetch_moneyflow_dc.py:211 已保存 20250717 资金流向数据: 40 个板块
2026-08-01 18:55:53,043 [INFO] fetch_moneyflow_dc.py:211 已保存 20250718 资金流向数据: 40 个板块
2026-08-01 18:55:53,045 [INFO] fetch_moneyflow_dc.py:211 已保存 20250721 资金流向数据: 40 个板块
2026-08-01 18:55:53,047 [INFO] fetch_moneyflow_dc.py:211 已保存 20250722 资金流向数据: 40 个板块
2026-08-01 18:55:53,050 [INFO] fetch_moneyflow_dc.py:211 已保存 20250723 资金流向数据: 40 个板块
2026-08-01 18:55:53,052 [INFO] fetch_moneyflow_dc.py:211 已保存 20250724 资金流向数据: 40 个板块
2026-08-01 18:55:53,054 [INFO] fetch_moneyflow_dc.py:211 已保存 20250725 资金流向数据: 40 个板块
2026-08-01 18:55:53,056 [INFO] fetch_moneyflow_dc.py:211 已保存 20250728 资金流向数据: 40 个板块
2026-08-01 18:55:53,059 [INFO] fetch_moneyflow_dc.py:211 已保存 20250729 资金流向数据: 40 个板块
2026-08-01 18:55:53,061 [INFO] fetch_moneyflow_dc.py:211 已保存 20250730 资金流向数据: 40 个板块
2026-08-01 18:55:53,067 [INFO] fetch_moneyflow_dc.py:211 已保存 20250731 资金流向数据: 40 个板块
2026-08-01 18:55:56,215 [INFO] fetch_moneyflow_dc.py:211 已保存 20250801 资金流向数据: 40 个板块
2026-08-01 18:55:56,218 [INFO] fetch_moneyflow_dc.py:211 已保存 20250804 资金流向数据: 40 个板块
2026-08-01 18:55:56,221 [INFO] fetch_moneyflow_dc.py:211 已保存 20250805 资金流向数据: 40 个板块
2026-08-01 18:55:56,224 [INFO] fetch_moneyflow_dc.py:211 已保存 20250806 资金流向数据: 40 个板块
2026-08-01 18:55:56,227 [INFO] fetch_moneyflow_dc.py:211 已保存 20250807 资金流向数据: 40 个板块
2026-08-01 18:55:56,231 [INFO] fetch_moneyflow_dc.py:211 已保存 20250808 资金流向数据: 40 个板块
2026-08-01 18:55:56,233 [INFO] fetch_moneyflow_dc.py:211 已保存 20250811 资金流向数据: 40 个板块
2026-08-01 18:55:56,236 [INFO] fetch_moneyflow_dc.py:211 已保存 20250812 资金流向数据: 40 个板块
2026-08-01 18:55:56,238 [INFO] fetch_moneyflow_dc.py:211 已保存 20250813 资金流向数据: 40 个板块
2026-08-01 18:55:56,239 [INFO] fetch_moneyflow_dc.py:211 已保存 20250814 资金流向数据: 40 个板块
2026-08-01 18:55:56,241 [INFO] fetch_moneyflow_dc.py:211 已保存 20250815 资金流向数据: 40 个板块
2026-08-01 18:55:56,243 [INFO] fetch_moneyflow_dc.py:211 已保存 20250818 资金流向数据: 40 个板块
2026-08-01 18:55:56,245 [INFO] fetch_moneyflow_dc.py:211 已保存 20250819 资金流向数据: 40 个板块
2026-08-01 18:55:56,247 [INFO] fetch_moneyflow_dc.py:211 已保存 20250820 资金流向数据: 40 个板块
2026-08-01 18:55:56,248 [INFO] fetch_moneyflow_dc.py:211 已保存 20250821 资金流向数据: 40 个板块
2026-08-01 18:55:56,250 [INFO] fetch_moneyflow_dc.py:211 已保存 20250822 资金流向数据: 40 个板块
2026-08-01 18:55:56,253 [INFO] fetch_moneyflow_dc.py:211 已保存 20250825 资金流向数据: 40 个板块
2026-08-01 18:55:56,255 [INFO] fetch_moneyflow_dc.py:211 已保存 20250826 资金流向数据: 40 个板块
2026-08-01 18:55:56,257 [INFO] fetch_moneyflow_dc.py:211 已保存 20250827 资金流向数据: 40 个板块
2026-08-01 18:55:56,259 [INFO] fetch_moneyflow_dc.py:211 已保存 20250828 资金流向数据: 40 个板块
2026-08-01 18:55:56,261 [INFO] fetch_moneyflow_dc.py:211 已保存 20250829 资金流向数据: 40 个板块
2026-08-01 18:55:59,448 [INFO] fetch_moneyflow_dc.py:211 已保存 20250917 资金流向数据: 5 个板块
2026-08-01 18:55:59,450 [INFO] fetch_moneyflow_dc.py:211 已保存 20250918 资金流向数据: 45 个板块
2026-08-01 18:55:59,451 [INFO] fetch_moneyflow_dc.py:211 已保存 20250919 资金流向数据: 45 个板块
2026-08-01 18:55:59,453 [INFO] fetch_moneyflow_dc.py:211 已保存 20250922 资金流向数据: 45 个板块
2026-08-01 18:55:59,455 [INFO] fetch_moneyflow_dc.py:211 已保存 20250923 资金流向数据: 45 个板块
2026-08-01 18:55:59,456 [INFO] fetch_moneyflow_dc.py:211 已保存 20250924 资金流向数据: 45 个板块
2026-08-01 18:55:59,458 [INFO] fetch_moneyflow_dc.py:211 已保存 20250925 资金流向数据: 45 个板块
2026-08-01 18:55:59,460 [INFO] fetch_moneyflow_dc.py:211 已保存 20250926 资金流向数据: 45 个板块
2026-08-01 18:55:59,461 [INFO] fetch_moneyflow_dc.py:211 已保存 20250929 资金流向数据: 45 个板块
2026-08-01 18:55:59,463 [INFO] fetch_moneyflow_dc.py:211 已保存 20250930 资金流向数据: 45 个板块
2026-08-01 18:56:02,642 [INFO] fetch_moneyflow_dc.py:211 已保存 20251020 资金流向数据: 5 个板块
2026-08-01 18:56:02,645 [INFO] fetch_moneyflow_dc.py:211 已保存 20251021 资金流向数据: 45 个板块
2026-08-01 18:56:02,646 [INFO] fetch_moneyflow_dc.py:211 已保存 20251022 资金流向数据: 45 个板块
2026-08-01 18:56:02,648 [INFO] fetch_moneyflow_dc.py:211 已保存 20251023 资金流向数据: 45 个板块
2026-08-01 18:56:02,650 [INFO] fetch_moneyflow_dc.py:211 已保存 20251024 资金流向数据: 45 个板块
2026-08-01 18:56:02,652 [INFO] fetch_moneyflow_dc.py:211 已保存 20251027 资金流向数据: 45 个板块
2026-08-01 18:56:02,654 [INFO] fetch_moneyflow_dc.py:211 已保存 20251028 资金流向数据: 45 个板块
2026-08-01 18:56:02,656 [INFO] fetch_moneyflow_dc.py:211 已保存 20251029 资金流向数据: 45 个板块
2026-08-01 18:56:02,659 [INFO] fetch_moneyflow_dc.py:211 已保存 20251030 资金流向数据: 45 个板块
2026-08-01 18:56:02,660 [INFO] fetch_moneyflow_dc.py:211 已保存 20251031 资金流向数据: 45 个板块
2026-08-01 18:56:05,856 [INFO] fetch_moneyflow_dc.py:211 已保存 20251117 资金流向数据: 5 个板块
2026-08-01 18:56:05,858 [INFO] fetch_moneyflow_dc.py:211 已保存 20251118 资金流向数据: 45 个板块
2026-08-01 18:56:05,860 [INFO] fetch_moneyflow_dc.py:211 已保存 20251119 资金流向数据: 45 个板块
2026-08-01 18:56:05,861 [INFO] fetch_moneyflow_dc.py:211 已保存 20251120 资金流向数据: 45 个板块
2026-08-01 18:56:05,863 [INFO] fetch_moneyflow_dc.py:211 已保存 20251121 资金流向数据: 45 个板块
2026-08-01 18:56:05,864 [INFO] fetch_moneyflow_dc.py:211 已保存 20251124 资金流向数据: 45 个板块
2026-08-01 18:56:05,866 [INFO] fetch_moneyflow_dc.py:211 已保存 20251125 资金流向数据: 45 个板块
2026-08-01 18:56:05,868 [INFO] fetch_moneyflow_dc.py:211 已保存 20251126 资金流向数据: 45 个板块
2026-08-01 18:56:05,870 [INFO] fetch_moneyflow_dc.py:211 已保存 20251127 资金流向数据: 45 个板块
2026-08-01 18:56:05,871 [INFO] fetch_moneyflow_dc.py:211 已保存 20251128 资金流向数据: 45 个板块
2026-08-01 18:56:09,044 [INFO] fetch_moneyflow_dc.py:211 已保存 20251218 资金流向数据: 5 个板块
2026-08-01 18:56:09,046 [INFO] fetch_moneyflow_dc.py:211 已保存 20251219 资金流向数据: 45 个板块
2026-08-01 18:56:09,047 [INFO] fetch_moneyflow_dc.py:211 已保存 20251222 资金流向数据: 45 个板块
2026-08-01 18:56:09,049 [INFO] fetch_moneyflow_dc.py:211 已保存 20251223 资金流向数据: 45 个板块
2026-08-01 18:56:09,050 [INFO] fetch_moneyflow_dc.py:211 已保存 20251224 资金流向数据: 45 个板块
2026-08-01 18:56:09,052 [INFO] fetch_moneyflow_dc.py:211 已保存 20251225 资金流向数据: 45 个板块
2026-08-01 18:56:09,053 [INFO] fetch_moneyflow_dc.py:211 已保存 20251226 资金流向数据: 45 个板块
2026-08-01 18:56:09,055 [INFO] fetch_moneyflow_dc.py:211 已保存 20251229 资金流向数据: 45 个板块
2026-08-01 18:56:09,057 [INFO] fetch_moneyflow_dc.py:211 已保存 20251230 资金流向数据: 45 个板块
2026-08-01 18:56:09,059 [INFO] fetch_moneyflow_dc.py:211 已保存 20251231 资金流向数据: 45 个板块
2026-08-01 18:56:12,229 [INFO] fetch_moneyflow_dc.py:211 已保存 20260119 资金流向数据: 5 个板块
2026-08-01 18:56:12,231 [INFO] fetch_moneyflow_dc.py:211 已保存 20260120 资金流向数据: 45 个板块
2026-08-01 18:56:12,242 [INFO] fetch_moneyflow_dc.py:211 已保存 20260121 资金流向数据: 45 个板块
2026-08-01 18:56:12,245 [INFO] fetch_moneyflow_dc.py:211 已保存 20260122 资金流向数据: 45 个板块
2026-08-01 18:56:12,248 [INFO] fetch_moneyflow_dc.py:211 已保存 20260123 资金流向数据: 45 个板块
2026-08-01 18:56:12,250 [INFO] fetch_moneyflow_dc.py:211 已保存 20260126 资金流向数据: 45 个板块
2026-08-01 18:56:12,252 [INFO] fetch_moneyflow_dc.py:211 已保存 20260127 资金流向数据: 45 个板块
2026-08-01 18:56:12,254 [INFO] fetch_moneyflow_dc.py:211 已保存 20260128 资金流向数据: 45 个板块
2026-08-01 18:56:12,257 [INFO] fetch_moneyflow_dc.py:211 已保存 20260129 资金流向数据: 45 个板块
2026-08-01 18:56:12,260 [INFO] fetch_moneyflow_dc.py:211 已保存 20260130 资金流向数据: 45 个板块
2026-08-01 18:56:15,548 [INFO] fetch_moneyflow_dc.py:211 已保存 20260206 资金流向数据: 45 个板块
2026-08-01 18:56:15,559 [INFO] fetch_moneyflow_dc.py:211 已保存 20260209 资金流向数据: 45 个板块
2026-08-01 18:56:15,571 [INFO] fetch_moneyflow_dc.py:211 已保存 20260210 资金流向数据: 45 个板块
2026-08-01 18:56:15,594 [INFO] fetch_moneyflow_dc.py:211 已保存 20260211 资金流向数据: 45 个板块
2026-08-01 18:56:15,612 [INFO] fetch_moneyflow_dc.py:211 已保存 20260212 资金流向数据: 45 个板块
2026-08-01 18:56:15,632 [INFO] fetch_moneyflow_dc.py:211 已保存 20260213 资金流向数据: 45 个板块
2026-08-01 18:56:15,647 [INFO] fetch_moneyflow_dc.py:211 已保存 20260224 资金流向数据: 24 个板块
2026-08-01 18:56:15,654 [INFO] fetch_moneyflow_dc.py:211 已保存 20260225 资金流向数据: 24 个板块
2026-08-01 18:56:15,674 [INFO] fetch_moneyflow_dc.py:211 已保存 20260226 资金流向数据: 24 个板块
2026-08-01 18:56:15,690 [INFO] fetch_moneyflow_dc.py:211 已保存 20260227 资金流向数据: 24 个板块
2026-08-01 18:56:18,882 [INFO] fetch_moneyflow_dc.py:211 已保存 20260317 资金流向数据: 5 个板块
2026-08-01 18:56:18,884 [INFO] fetch_moneyflow_dc.py:211 已保存 20260318 资金流向数据: 23 个板块
2026-08-01 18:56:18,885 [INFO] fetch_moneyflow_dc.py:211 已保存 20260319 资金流向数据: 23 个板块
2026-08-01 18:56:18,887 [INFO] fetch_moneyflow_dc.py:211 已保存 20260320 资金流向数据: 23 个板块
2026-08-01 18:56:18,889 [INFO] fetch_moneyflow_dc.py:211 已保存 20260323 资金流向数据: 23 个板块
2026-08-01 18:56:18,890 [INFO] fetch_moneyflow_dc.py:211 已保存 20260324 资金流向数据: 23 个板块
2026-08-01 18:56:18,892 [INFO] fetch_moneyflow_dc.py:211 已保存 20260325 资金流向数据: 23 个板块
2026-08-01 18:56:18,893 [INFO] fetch_moneyflow_dc.py:211 已保存 20260326 资金流向数据: 23 个板块
2026-08-01 18:56:18,895 [INFO] fetch_moneyflow_dc.py:211 已保存 20260327 资金流向数据: 23 个板块
2026-08-01 18:56:18,897 [INFO] fetch_moneyflow_dc.py:211 已保存 20260330 资金流向数据: 23 个板块
2026-08-01 18:56:18,900 [INFO] fetch_moneyflow_dc.py:211 已保存 20260331 资金流向数据: 23 个板块
2026-08-01 18:56:22,097 [INFO] fetch_moneyflow_dc.py:211 已保存 20260416 资金流向数据: 7 个板块
2026-08-01 18:56:22,099 [INFO] fetch_moneyflow_dc.py:211 已保存 20260417 资金流向数据: 23 个板块
2026-08-01 18:56:22,101 [INFO] fetch_moneyflow_dc.py:211 已保存 20260420 资金流向数据: 23 个板块
2026-08-01 18:56:22,102 [INFO] fetch_moneyflow_dc.py:211 已保存 20260421 资金流向数据: 23 个板块
2026-08-01 18:56:22,104 [INFO] fetch_moneyflow_dc.py:211 已保存 20260422 资金流向数据: 23 个板块
2026-08-01 18:56:22,105 [INFO] fetch_moneyflow_dc.py:211 已保存 20260423 资金流向数据: 23 个板块
2026-08-01 18:56:22,106 [INFO] fetch_moneyflow_dc.py:211 已保存 20260424 资金流向数据: 23 个板块
2026-08-01 18:56:22,109 [INFO] fetch_moneyflow_dc.py:211 已保存 20260427 资金流向数据: 23 个板块
2026-08-01 18:56:22,112 [INFO] fetch_moneyflow_dc.py:211 已保存 20260428 资金流向数据: 23 个板块
2026-08-01 18:56:22,114 [INFO] fetch_moneyflow_dc.py:211 已保存 20260429 资金流向数据: 23 个板块
2026-08-01 18:56:22,116 [INFO] fetch_moneyflow_dc.py:211 已保存 20260430 资金流向数据: 23 个板块
2026-08-01 18:56:25,289 [INFO] fetch_moneyflow_dc.py:211 已保存 20260515 资金流向数据: 11 个板块
2026-08-01 18:56:25,292 [INFO] fetch_moneyflow_dc.py:211 已保存 20260518 资金流向数据: 23 个板块
2026-08-01 18:56:25,294 [INFO] fetch_moneyflow_dc.py:211 已保存 20260519 资金流向数据: 23 个板块
2026-08-01 18:56:25,296 [INFO] fetch_moneyflow_dc.py:211 已保存 20260520 资金流向数据: 23 个板块
2026-08-01 18:56:25,299 [INFO] fetch_moneyflow_dc.py:211 已保存 20260521 资金流向数据: 23 个板块
2026-08-01 18:56:25,301 [INFO] fetch_moneyflow_dc.py:211 已保存 20260522 资金流向数据: 23 个板块
2026-08-01 18:56:25,303 [INFO] fetch_moneyflow_dc.py:211 已保存 20260525 资金流向数据: 23 个板块
2026-08-01 18:56:25,304 [INFO] fetch_moneyflow_dc.py:211 已保存 20260526 资金流向数据: 23 个板块
2026-08-01 18:56:25,306 [INFO] fetch_moneyflow_dc.py:211 已保存 20260527 资金流向数据: 23 个板块
2026-08-01 18:56:25,308 [INFO] fetch_moneyflow_dc.py:211 已保存 20260528 资金流向数据: 23 个板块
2026-08-01 18:56:25,310 [INFO] fetch_moneyflow_dc.py:211 已保存 20260529 资金流向数据: 23 个板块
2026-08-01 18:56:28,480 [INFO] fetch_moneyflow_dc.py:211 已保存 20260615 资金流向数据: 4 个板块
2026-08-01 18:56:28,482 [INFO] fetch_moneyflow_dc.py:211 已保存 20260616 资金流向数据: 23 个板块
2026-08-01 18:56:28,484 [INFO] fetch_moneyflow_dc.py:211 已保存 20260617 资金流向数据: 23 个板块
2026-08-01 18:56:28,485 [INFO] fetch_moneyflow_dc.py:211 已保存 20260618 资金流向数据: 23 个板块
2026-08-01 18:56:28,487 [INFO] fetch_moneyflow_dc.py:211 已保存 20260622 资金流向数据: 23 个板块
2026-08-01 18:56:28,489 [INFO] fetch_moneyflow_dc.py:211 已保存 20260623 资金流向数据: 23 个板块
2026-08-01 18:56:28,491 [INFO] fetch_moneyflow_dc.py:211 已保存 20260624 资金流向数据: 23 个板块
2026-08-01 18:56:28,492 [INFO] fetch_moneyflow_dc.py:211 已保存 20260625 资金流向数据: 23 个板块
2026-08-01 18:56:28,494 [INFO] fetch_moneyflow_dc.py:211 已保存 20260626 资金流向数据: 23 个板块
2026-08-01 18:56:28,496 [INFO] fetch_moneyflow_dc.py:211 已保存 20260629 资金流向数据: 23 个板块
2026-08-01 18:56:28,498 [INFO] fetch_moneyflow_dc.py:211 已保存 20260630 资金流向数据: 23 个板块
2026-08-01 18:56:31,683 [INFO] fetch_moneyflow_dc.py:211 已保存 20260717 资金流向数据: 5 个板块
2026-08-01 18:56:31,684 [INFO] fetch_moneyflow_dc.py:211 已保存 20260720 资金流向数据: 23 个板块
2026-08-01 18:56:31,686 [INFO] fetch_moneyflow_dc.py:211 已保存 20260721 资金流向数据: 23 个板块
2026-08-01 18:56:31,687 [INFO] fetch_moneyflow_dc.py:211 已保存 20260722 资金流向数据: 23 个板块
2026-08-01 18:56:31,689 [INFO] fetch_moneyflow_dc.py:211 已保存 20260723 资金流向数据: 23 个板块
2026-08-01 18:56:31,690 [INFO] fetch_moneyflow_dc.py:211 已保存 20260724 资金流向数据: 23 个板块
2026-08-01 18:56:31,692 [INFO] fetch_moneyflow_dc.py:211 已保存 20260727 资金流向数据: 23 个板块
2026-08-01 18:56:31,694 [INFO] fetch_moneyflow_dc.py:211 已保存 20260728 资金流向数据: 23 个板块
2026-08-01 18:56:31,695 [INFO] fetch_moneyflow_dc.py:211 已保存 20260729 资金流向数据: 23 个板块
2026-08-01 18:56:31,697 [INFO] fetch_moneyflow_dc.py:211 已保存 20260730 资金流向数据: 23 个板块
2026-08-01 18:56:31,699 [INFO] fetch_moneyflow_dc.py:211 已保存 20260731 资金流向数据: 23 个板块
2026-08-01 18:56:34,700 [INFO] fetch_moneyflow_dc.py:296 全部任务完成
2026-08-01 18:58:32,543 [INFO] fetch_moneyflow_dc.py:282 准备拉取 1 个时间段的数据
2026-08-01 18:58:32,837 [INFO] fetch_moneyflow_dc.py:211 已保存 20260105 资金流向数据: 37 个板块
2026-08-01 18:58:32,839 [INFO] fetch_moneyflow_dc.py:211 已保存 20260106 资金流向数据: 45 个板块
2026-08-01 18:58:32,841 [INFO] fetch_moneyflow_dc.py:211 已保存 20260107 资金流向数据: 45 个板块
2026-08-01 18:58:32,842 [INFO] fetch_moneyflow_dc.py:211 已保存 20260108 资金流向数据: 45 个板块
2026-08-01 18:58:32,844 [INFO] fetch_moneyflow_dc.py:211 已保存 20260109 资金流向数据: 45 个板块
2026-08-01 18:58:32,845 [INFO] fetch_moneyflow_dc.py:211 已保存 20260112 资金流向数据: 45 个板块
2026-08-01 18:58:32,847 [INFO] fetch_moneyflow_dc.py:211 已保存 20260113 资金流向数据: 45 个板块
2026-08-01 18:58:32,850 [INFO] fetch_moneyflow_dc.py:211 已保存 20260114 资金流向数据: 45 个板块
2026-08-01 18:58:32,851 [INFO] fetch_moneyflow_dc.py:211 已保存 20260115 资金流向数据: 45 个板块
2026-08-01 18:58:32,852 [INFO] fetch_moneyflow_dc.py:211 已保存 20260116 资金流向数据: 45 个板块
2026-08-01 18:58:35,853 [INFO] fetch_moneyflow_dc.py:296 全部任务完成
2026-08-01 18:58:46,347 [INFO] fetch_moneyflow_dc.py:282 准备拉取 1 个时间段的数据
2026-08-01 18:58:46,529 [INFO] fetch_moneyflow_dc.py:211 已保存 20260317 资金流向数据: 5 个板块
2026-08-01 18:58:46,530 [INFO] fetch_moneyflow_dc.py:211 已保存 20260318 资金流向数据: 23 个板块
2026-08-01 18:58:46,532 [INFO] fetch_moneyflow_dc.py:211 已保存 20260319 资金流向数据: 23 个板块
2026-08-01 18:58:46,534 [INFO] fetch_moneyflow_dc.py:211 已保存 20260320 资金流向数据: 23 个板块
2026-08-01 18:58:46,535 [INFO] fetch_moneyflow_dc.py:211 已保存 20260323 资金流向数据: 23 个板块
2026-08-01 18:58:46,536 [INFO] fetch_moneyflow_dc.py:211 已保存 20260324 资金流向数据: 23 个板块
2026-08-01 18:58:46,537 [INFO] fetch_moneyflow_dc.py:211 已保存 20260325 资金流向数据: 23 个板块
2026-08-01 18:58:46,539 [INFO] fetch_moneyflow_dc.py:211 已保存 20260326 资金流向数据: 23 个板块
2026-08-01 18:58:46,540 [INFO] fetch_moneyflow_dc.py:211 已保存 20260327 资金流向数据: 23 个板块
2026-08-01 18:58:46,541 [INFO] fetch_moneyflow_dc.py:211 已保存 20260330 资金流向数据: 23 个板块
2026-08-01 18:58:46,542 [INFO] fetch_moneyflow_dc.py:211 已保存 20260331 资金流向数据: 23 个板块
2026-08-01 18:58:46,921 [INFO] fetch_moneyflow_dc.py:282 准备拉取 1 个时间段的数据
2026-08-01 18:58:47,231 [INFO] fetch_moneyflow_dc.py:211 已保存 20260401 资金流向数据: 23 个板块
2026-08-01 18:58:47,232 [INFO] fetch_moneyflow_dc.py:211 已保存 20260402 资金流向数据: 23 个板块
2026-08-01 18:58:47,234 [INFO] fetch_moneyflow_dc.py:211 已保存 20260403 资金流向数据: 23 个板块
2026-08-01 18:58:47,235 [INFO] fetch_moneyflow_dc.py:211 已保存 20260407 资金流向数据: 23 个板块
2026-08-01 18:58:47,236 [INFO] fetch_moneyflow_dc.py:211 已保存 20260408 资金流向数据: 23 个板块
2026-08-01 18:58:47,238 [INFO] fetch_moneyflow_dc.py:211 已保存 20260409 资金流向数据: 23 个板块
2026-08-01 18:58:47,250 [INFO] fetch_moneyflow_dc.py:211 已保存 20260410 资金流向数据: 23 个板块
2026-08-01 18:58:47,252 [INFO] fetch_moneyflow_dc.py:211 已保存 20260413 资金流向数据: 23 个板块
2026-08-01 18:58:47,265 [INFO] fetch_moneyflow_dc.py:211 已保存 20260414 资金流向数据: 23 个板块
2026-08-01 18:58:47,268 [INFO] fetch_moneyflow_dc.py:211 已保存 20260415 资金流向数据: 23 个板块
2026-08-01 18:58:49,542 [INFO] fetch_moneyflow_dc.py:296 全部任务完成
2026-08-01 18:58:50,269 [INFO] fetch_moneyflow_dc.py:296 全部任务完成
2026-08-01 18:59:11,905 [INFO] fetch_moneyflow_dc.py:282 准备拉取 1 个时间段的数据
2026-08-01 18:59:12,191 [INFO] fetch_moneyflow_dc.py:211 已保存 20260206 资金流向数据: 45 个板块
2026-08-01 18:59:12,193 [INFO] fetch_moneyflow_dc.py:211 已保存 20260209 资金流向数据: 45 个板块
2026-08-01 18:59:12,194 [INFO] fetch_moneyflow_dc.py:211 已保存 20260210 资金流向数据: 45 个板块
2026-08-01 18:59:12,196 [INFO] fetch_moneyflow_dc.py:211 已保存 20260211 资金流向数据: 45 个板块
2026-08-01 18:59:12,197 [INFO] fetch_moneyflow_dc.py:211 已保存 20260212 资金流向数据: 45 个板块
2026-08-01 18:59:12,198 [INFO] fetch_moneyflow_dc.py:211 已保存 20260213 资金流向数据: 45 个板块
2026-08-01 18:59:12,210 [INFO] fetch_moneyflow_dc.py:211 已保存 20260224 资金流向数据: 24 个板块
2026-08-01 18:59:12,212 [INFO] fetch_moneyflow_dc.py:211 已保存 20260225 资金流向数据: 24 个板块
2026-08-01 18:59:12,214 [INFO] fetch_moneyflow_dc.py:211 已保存 20260226 资金流向数据: 24 个板块
2026-08-01 18:59:12,215 [INFO] fetch_moneyflow_dc.py:211 已保存 20260227 资金流向数据: 24 个板块
2026-08-01 18:59:15,216 [INFO] fetch_moneyflow_dc.py:296 全部任务完成
2026-08-01 19:02:40,625 [INFO] fetch_moneyflow_dc.py:312 检查缺失的日期...
2026-08-01 19:02:40,631 [INFO] fetch_moneyflow_dc.py:315 发现 29 个缺失的日期，开始补全...
2026-08-01 19:02:40,689 [WARNING] fetch_moneyflow_dc.py:166 20260101~20260101 无数据
2026-08-01 19:02:40,689 [WARNING] fetch_moneyflow_dc.py:323 20260101 无数据（可能是周末/节假日）
2026-08-01 19:02:41,743 [WARNING] fetch_moneyflow_dc.py:166 20260102~20260102 无数据
2026-08-01 19:02:41,743 [WARNING] fetch_moneyflow_dc.py:323 20260102 无数据（可能是周末/节假日）
2026-08-01 19:02:42,791 [WARNING] fetch_moneyflow_dc.py:166 20260103~20260103 无数据
2026-08-01 19:02:42,791 [WARNING] fetch_moneyflow_dc.py:323 20260103 无数据（可能是周末/节假日）
2026-08-01 19:02:43,841 [WARNING] fetch_moneyflow_dc.py:166 20260104~20260104 无数据
2026-08-01 19:02:43,841 [WARNING] fetch_moneyflow_dc.py:323 20260104 无数据（可能是周末/节假日）
2026-08-01 19:02:44,893 [WARNING] fetch_moneyflow_dc.py:166 20260110~20260110 无数据
2026-08-01 19:02:44,893 [WARNING] fetch_moneyflow_dc.py:323 20260110 无数据（可能是周末/节假日）
2026-08-01 19:02:45,943 [WARNING] fetch_moneyflow_dc.py:166 20260111~20260111 无数据
2026-08-01 19:02:45,944 [WARNING] fetch_moneyflow_dc.py:323 20260111 无数据（可能是周末/节假日）
2026-08-01 19:02:46,995 [WARNING] fetch_moneyflow_dc.py:166 20260117~20260117 无数据
2026-08-01 19:02:46,996 [WARNING] fetch_moneyflow_dc.py:323 20260117 无数据（可能是周末/节假日）
2026-08-01 19:02:48,042 [WARNING] fetch_moneyflow_dc.py:166 20260118~20260118 无数据
2026-08-01 19:02:48,042 [WARNING] fetch_moneyflow_dc.py:323 20260118 无数据（可能是周末/节假日）
2026-08-01 19:02:49,089 [WARNING] fetch_moneyflow_dc.py:166 20260124~20260124 无数据
2026-08-01 19:02:49,089 [WARNING] fetch_moneyflow_dc.py:323 20260124 无数据（可能是周末/节假日）
2026-08-01 19:02:50,150 [WARNING] fetch_moneyflow_dc.py:166 20260125~20260125 无数据
2026-08-01 19:02:50,150 [WARNING] fetch_moneyflow_dc.py:323 20260125 无数据（可能是周末/节假日）
2026-08-01 19:02:51,200 [WARNING] fetch_moneyflow_dc.py:166 20260131~20260131 无数据
2026-08-01 19:02:51,200 [WARNING] fetch_moneyflow_dc.py:323 20260131 无数据（可能是周末/节假日）
2026-08-01 19:02:52,253 [WARNING] fetch_moneyflow_dc.py:166 20260201~20260201 无数据
2026-08-01 19:02:52,253 [WARNING] fetch_moneyflow_dc.py:323 20260201 无数据（可能是周末/节假日）
2026-08-01 19:02:53,356 [INFO] fetch_moneyflow_dc.py:211 已保存 20260202 资金流向数据: 45 个板块
2026-08-01 19:02:53,356 [INFO] fetch_moneyflow_dc.py:321 补全 20260202 成功
2026-08-01 19:02:54,449 [INFO] fetch_moneyflow_dc.py:211 已保存 20260203 资金流向数据: 45 个板块
2026-08-01 19:02:54,450 [INFO] fetch_moneyflow_dc.py:321 补全 20260203 成功
2026-08-01 19:02:55,537 [INFO] fetch_moneyflow_dc.py:211 已保存 20260204 资金流向数据: 45 个板块
2026-08-01 19:02:55,537 [INFO] fetch_moneyflow_dc.py:321 补全 20260204 成功
2026-08-01 19:02:56,630 [INFO] fetch_moneyflow_dc.py:211 已保存 20260205 资金流向数据: 45 个板块
2026-08-01 19:02:56,630 [INFO] fetch_moneyflow_dc.py:321 补全 20260205 成功
2026-08-01 19:02:57,695 [WARNING] fetch_moneyflow_dc.py:166 20260207~20260207 无数据
2026-08-01 19:02:57,696 [WARNING] fetch_moneyflow_dc.py:323 20260207 无数据（可能是周末/节假日）
2026-08-01 19:02:58,745 [WARNING] fetch_moneyflow_dc.py:166 20260208~20260208 无数据
2026-08-01 19:02:58,745 [WARNING] fetch_moneyflow_dc.py:323 20260208 无数据（可能是周末/节假日）
2026-08-01 19:02:59,796 [WARNING] fetch_moneyflow_dc.py:166 20260214~20260214 无数据
2026-08-01 19:02:59,796 [WARNING] fetch_moneyflow_dc.py:323 20260214 无数据（可能是周末/节假日）
2026-08-01 19:03:00,847 [WARNING] fetch_moneyflow_dc.py:166 20260215~20260215 无数据
2026-08-01 19:03:00,847 [WARNING] fetch_moneyflow_dc.py:323 20260215 无数据（可能是周末/节假日）
2026-08-01 19:03:01,898 [WARNING] fetch_moneyflow_dc.py:166 20260216~20260216 无数据
2026-08-01 19:03:01,899 [WARNING] fetch_moneyflow_dc.py:323 20260216 无数据（可能是周末/节假日）
2026-08-01 19:03:02,950 [WARNING] fetch_moneyflow_dc.py:166 20260217~20260217 无数据
2026-08-01 19:03:02,950 [WARNING] fetch_moneyflow_dc.py:323 20260217 无数据（可能是周末/节假日）
2026-08-01 19:03:04,000 [WARNING] fetch_moneyflow_dc.py:166 20260218~20260218 无数据
2026-08-01 19:03:04,000 [WARNING] fetch_moneyflow_dc.py:323 20260218 无数据（可能是周末/节假日）
2026-08-01 19:03:05,048 [WARNING] fetch_moneyflow_dc.py:166 20260219~20260219 无数据
2026-08-01 19:03:05,048 [WARNING] fetch_moneyflow_dc.py:323 20260219 无数据（可能是周末/节假日）
2026-08-01 19:03:06,095 [WARNING] fetch_moneyflow_dc.py:166 20260220~20260220 无数据
2026-08-01 19:03:06,095 [WARNING] fetch_moneyflow_dc.py:323 20260220 无数据（可能是周末/节假日）
2026-08-01 19:03:07,148 [WARNING] fetch_moneyflow_dc.py:166 20260221~20260221 无数据
2026-08-01 19:03:07,149 [WARNING] fetch_moneyflow_dc.py:323 20260221 无数据（可能是周末/节假日）
2026-08-01 19:03:08,205 [WARNING] fetch_moneyflow_dc.py:166 20260222~20260222 无数据
2026-08-01 19:03:08,205 [WARNING] fetch_moneyflow_dc.py:323 20260222 无数据（可能是周末/节假日）
2026-08-01 19:03:09,261 [WARNING] fetch_moneyflow_dc.py:166 20260223~20260223 无数据
2026-08-01 19:03:09,261 [WARNING] fetch_moneyflow_dc.py:323 20260223 无数据（可能是周末/节假日）
2026-08-01 19:03:10,314 [WARNING] fetch_moneyflow_dc.py:166 20260228~20260228 无数据
2026-08-01 19:03:10,315 [WARNING] fetch_moneyflow_dc.py:323 20260228 无数据（可能是周末/节假日）
2026-08-01 19:03:11,315 [INFO] fetch_moneyflow_dc.py:327 缺失日期补全完成
2026-08-01 19:03:52,539 [INFO] fetch_moneyflow_dc.py:332 准备拉取 43 个时间段的数据
2026-08-01 19:03:52,595 [WARNING] fetch_moneyflow_dc.py:166 20230101~20230131 无数据
2026-08-01 19:03:55,658 [WARNING] fetch_moneyflow_dc.py:166 20230201~20230228 无数据
2026-08-01 19:04:09,670 [INFO] fetch_moneyflow_dc.py:332 准备拉取 35 个时间段的数据
2026-08-01 19:04:09,774 [INFO] fetch_moneyflow_dc.py:211 已保存 20230912 资金流向数据: 40 个板块
2026-08-01 19:04:09,778 [INFO] fetch_moneyflow_dc.py:211 已保存 20230913 资金流向数据: 40 个板块
2026-08-01 19:04:09,780 [INFO] fetch_moneyflow_dc.py:211 已保存 20230914 资金流向数据: 40 个板块
2026-08-01 19:04:09,783 [INFO] fetch_moneyflow_dc.py:211 已保存 20230915 资金流向数据: 40 个板块
2026-08-01 19:04:09,786 [INFO] fetch_moneyflow_dc.py:211 已保存 20230918 资金流向数据: 40 个板块
2026-08-01 19:04:09,789 [INFO] fetch_moneyflow_dc.py:211 已保存 20230919 资金流向数据: 40 个板块
2026-08-01 19:04:09,792 [INFO] fetch_moneyflow_dc.py:211 已保存 20230920 资金流向数据: 40 个板块
2026-08-01 19:04:09,794 [INFO] fetch_moneyflow_dc.py:211 已保存 20230921 资金流向数据: 40 个板块
2026-08-01 19:04:09,795 [INFO] fetch_moneyflow_dc.py:211 已保存 20230922 资金流向数据: 40 个板块
2026-08-01 19:04:09,797 [INFO] fetch_moneyflow_dc.py:211 已保存 20230925 资金流向数据: 40 个板块
2026-08-01 19:04:09,799 [INFO] fetch_moneyflow_dc.py:211 已保存 20230926 资金流向数据: 40 个板块
2026-08-01 19:04:09,801 [INFO] fetch_moneyflow_dc.py:211 已保存 20230927 资金流向数据: 40 个板块
2026-08-01 19:04:09,802 [INFO] fetch_moneyflow_dc.py:211 已保存 20230928 资金流向数据: 40 个板块
2026-08-01 19:04:12,913 [INFO] fetch_moneyflow_dc.py:211 已保存 20231009 资金流向数据: 40 个板块
2026-08-01 19:04:12,914 [INFO] fetch_moneyflow_dc.py:211 已保存 20231010 资金流向数据: 40 个板块
2026-08-01 19:04:12,916 [INFO] fetch_moneyflow_dc.py:211 已保存 20231011 资金流向数据: 40 个板块
2026-08-01 19:04:12,918 [INFO] fetch_moneyflow_dc.py:211 已保存 20231012 资金流向数据: 40 个板块
2026-08-01 19:04:12,920 [INFO] fetch_moneyflow_dc.py:211 已保存 20231013 资金流向数据: 40 个板块
2026-08-01 19:04:12,922 [INFO] fetch_moneyflow_dc.py:211 已保存 20231016 资金流向数据: 40 个板块
2026-08-01 19:04:12,923 [INFO] fetch_moneyflow_dc.py:211 已保存 20231017 资金流向数据: 40 个板块
2026-08-01 19:04:12,925 [INFO] fetch_moneyflow_dc.py:211 已保存 20231018 资金流向数据: 40 个板块
2026-08-01 19:04:12,927 [INFO] fetch_moneyflow_dc.py:211 已保存 20231019 资金流向数据: 40 个板块
2026-08-01 19:04:12,929 [INFO] fetch_moneyflow_dc.py:211 已保存 20231020 资金流向数据: 40 个板块
2026-08-01 19:04:12,931 [INFO] fetch_moneyflow_dc.py:211 已保存 20231023 资金流向数据: 40 个板块
2026-08-01 19:04:12,933 [INFO] fetch_moneyflow_dc.py:211 已保存 20231024 资金流向数据: 40 个板块
2026-08-01 19:04:12,934 [INFO] fetch_moneyflow_dc.py:211 已保存 20231025 资金流向数据: 40 个板块
2026-08-01 19:04:12,936 [INFO] fetch_moneyflow_dc.py:211 已保存 20231026 资金流向数据: 40 个板块
2026-08-01 19:04:12,938 [INFO] fetch_moneyflow_dc.py:211 已保存 20231027 资金流向数据: 40 个板块
2026-08-01 19:04:12,940 [INFO] fetch_moneyflow_dc.py:211 已保存 20231030 资金流向数据: 40 个板块
2026-08-01 19:04:12,941 [INFO] fetch_moneyflow_dc.py:211 已保存 20231031 资金流向数据: 40 个板块
2026-08-01 19:04:16,067 [INFO] fetch_moneyflow_dc.py:211 已保存 20231101 资金流向数据: 40 个板块
2026-08-01 19:04:16,071 [INFO] fetch_moneyflow_dc.py:211 已保存 20231102 资金流向数据: 40 个板块
2026-08-01 19:04:16,074 [INFO] fetch_moneyflow_dc.py:211 已保存 20231103 资金流向数据: 40 个板块
2026-08-01 19:04:16,076 [INFO] fetch_moneyflow_dc.py:211 已保存 20231106 资金流向数据: 40 个板块
2026-08-01 19:04:16,078 [INFO] fetch_moneyflow_dc.py:211 已保存 20231107 资金流向数据: 40 个板块
2026-08-01 19:04:16,080 [INFO] fetch_moneyflow_dc.py:211 已保存 20231108 资金流向数据: 40 个板块
2026-08-01 19:04:16,082 [INFO] fetch_moneyflow_dc.py:211 已保存 20231109 资金流向数据: 40 个板块
2026-08-01 19:04:16,084 [INFO] fetch_moneyflow_dc.py:211 已保存 20231110 资金流向数据: 40 个板块
2026-08-01 19:04:16,086 [INFO] fetch_moneyflow_dc.py:211 已保存 20231113 资金流向数据: 40 个板块
2026-08-01 19:04:16,089 [INFO] fetch_moneyflow_dc.py:211 已保存 20231114 资金流向数据: 40 个板块
2026-08-01 19:04:16,092 [INFO] fetch_moneyflow_dc.py:211 已保存 20231115 资金流向数据: 40 个板块
2026-08-01 19:04:16,094 [INFO] fetch_moneyflow_dc.py:211 已保存 20231116 资金流向数据: 40 个板块
2026-08-01 19:04:16,095 [INFO] fetch_moneyflow_dc.py:211 已保存 20231117 资金流向数据: 40 个板块
2026-08-01 19:04:16,097 [INFO] fetch_moneyflow_dc.py:211 已保存 20231120 资金流向数据: 40 个板块
2026-08-01 19:04:16,099 [INFO] fetch_moneyflow_dc.py:211 已保存 20231121 资金流向数据: 40 个板块
2026-08-01 19:04:16,101 [INFO] fetch_moneyflow_dc.py:211 已保存 20231122 资金流向数据: 40 个板块
2026-08-01 19:04:16,103 [INFO] fetch_moneyflow_dc.py:211 已保存 20231123 资金流向数据: 40 个板块
2026-08-01 19:04:16,105 [INFO] fetch_moneyflow_dc.py:211 已保存 20231124 资金流向数据: 40 个板块
2026-08-01 19:04:16,106 [INFO] fetch_moneyflow_dc.py:211 已保存 20231127 资金流向数据: 40 个板块
2026-08-01 19:04:16,108 [INFO] fetch_moneyflow_dc.py:211 已保存 20231128 资金流向数据: 40 个板块
2026-08-01 19:04:16,110 [INFO] fetch_moneyflow_dc.py:211 已保存 20231129 资金流向数据: 40 个板块
2026-08-01 19:04:16,112 [INFO] fetch_moneyflow_dc.py:211 已保存 20231130 资金流向数据: 40 个板块
2026-08-01 19:04:19,243 [INFO] fetch_moneyflow_dc.py:211 已保存 20231201 资金流向数据: 40 个板块
2026-08-01 19:04:19,246 [INFO] fetch_moneyflow_dc.py:211 已保存 20231204 资金流向数据: 40 个板块
2026-08-01 19:04:19,248 [INFO] fetch_moneyflow_dc.py:211 已保存 20231205 资金流向数据: 40 个板块
2026-08-01 19:04:19,250 [INFO] fetch_moneyflow_dc.py:211 已保存 20231206 资金流向数据: 40 个板块
2026-08-01 19:04:19,251 [INFO] fetch_moneyflow_dc.py:211 已保存 20231207 资金流向数据: 40 个板块
2026-08-01 19:04:19,253 [INFO] fetch_moneyflow_dc.py:211 已保存 20231208 资金流向数据: 40 个板块
2026-08-01 19:04:19,255 [INFO] fetch_moneyflow_dc.py:211 已保存 20231211 资金流向数据: 40 个板块
2026-08-01 19:04:19,257 [INFO] fetch_moneyflow_dc.py:211 已保存 20231212 资金流向数据: 40 个板块
2026-08-01 19:04:19,259 [INFO] fetch_moneyflow_dc.py:211 已保存 20231213 资金流向数据: 40 个板块
2026-08-01 19:04:19,262 [INFO] fetch_moneyflow_dc.py:211 已保存 20231214 资金流向数据: 40 个板块
2026-08-01 19:04:19,264 [INFO] fetch_moneyflow_dc.py:211 已保存 20231215 资金流向数据: 40 个板块
2026-08-01 19:04:19,266 [INFO] fetch_moneyflow_dc.py:211 已保存 20231218 资金流向数据: 40 个板块
2026-08-01 19:04:19,268 [INFO] fetch_moneyflow_dc.py:211 已保存 20231219 资金流向数据: 40 个板块
2026-08-01 19:04:19,270 [INFO] fetch_moneyflow_dc.py:211 已保存 20231220 资金流向数据: 40 个板块
2026-08-01 19:04:19,272 [INFO] fetch_moneyflow_dc.py:211 已保存 20231221 资金流向数据: 40 个板块
2026-08-01 19:04:19,273 [INFO] fetch_moneyflow_dc.py:211 已保存 20231222 资金流向数据: 40 个板块
2026-08-01 19:04:19,275 [INFO] fetch_moneyflow_dc.py:211 已保存 20231225 资金流向数据: 40 个板块
2026-08-01 19:04:19,276 [INFO] fetch_moneyflow_dc.py:211 已保存 20231226 资金流向数据: 40 个板块
2026-08-01 19:04:19,278 [INFO] fetch_moneyflow_dc.py:211 已保存 20231227 资金流向数据: 40 个板块
2026-08-01 19:04:19,280 [INFO] fetch_moneyflow_dc.py:211 已保存 20231228 资金流向数据: 40 个板块
2026-08-01 19:04:19,281 [INFO] fetch_moneyflow_dc.py:211 已保存 20231229 资金流向数据: 40 个板块
2026-08-01 19:04:22,392 [INFO] fetch_moneyflow_dc.py:211 已保存 20240102 资金流向数据: 40 个板块
2026-08-01 19:04:22,394 [INFO] fetch_moneyflow_dc.py:211 已保存 20240103 资金流向数据: 40 个板块
2026-08-01 19:04:22,396 [INFO] fetch_moneyflow_dc.py:211 已保存 20240104 资金流向数据: 40 个板块
2026-08-01 19:04:22,397 [INFO] fetch_moneyflow_dc.py:211 已保存 20240105 资金流向数据: 40 个板块
2026-08-01 19:04:22,399 [INFO] fetch_moneyflow_dc.py:211 已保存 20240108 资金流向数据: 40 个板块
2026-08-01 19:04:22,400 [INFO] fetch_moneyflow_dc.py:211 已保存 20240109 资金流向数据: 40 个板块
2026-08-01 19:04:22,402 [INFO] fetch_moneyflow_dc.py:211 已保存 20240110 资金流向数据: 40 个板块
2026-08-01 19:04:22,403 [INFO] fetch_moneyflow_dc.py:211 已保存 20240111 资金流向数据: 40 个板块
2026-08-01 19:04:22,405 [INFO] fetch_moneyflow_dc.py:211 已保存 20240112 资金流向数据: 40 个板块
2026-08-01 19:04:22,407 [INFO] fetch_moneyflow_dc.py:211 已保存 20240115 资金流向数据: 40 个板块
2026-08-01 19:04:22,408 [INFO] fetch_moneyflow_dc.py:211 已保存 20240116 资金流向数据: 40 个板块
2026-08-01 19:04:22,409 [INFO] fetch_moneyflow_dc.py:211 已保存 20240117 资金流向数据: 40 个板块
2026-08-01 19:04:22,411 [INFO] fetch_moneyflow_dc.py:211 已保存 20240118 资金流向数据: 40 个板块
2026-08-01 19:04:22,413 [INFO] fetch_moneyflow_dc.py:211 已保存 20240119 资金流向数据: 40 个板块
2026-08-01 19:04:22,415 [INFO] fetch_moneyflow_dc.py:211 已保存 20240122 资金流向数据: 40 个板块
2026-08-01 19:04:22,417 [INFO] fetch_moneyflow_dc.py:211 已保存 20240123 资金流向数据: 40 个板块
2026-08-01 19:04:22,428 [INFO] fetch_moneyflow_dc.py:211 已保存 20240124 资金流向数据: 40 个板块
2026-08-01 19:04:22,430 [INFO] fetch_moneyflow_dc.py:211 已保存 20240125 资金流向数据: 40 个板块
2026-08-01 19:04:22,432 [INFO] fetch_moneyflow_dc.py:211 已保存 20240126 资金流向数据: 40 个板块
2026-08-01 19:04:22,433 [INFO] fetch_moneyflow_dc.py:211 已保存 20240129 资金流向数据: 40 个板块
2026-08-01 19:04:22,435 [INFO] fetch_moneyflow_dc.py:211 已保存 20240130 资金流向数据: 40 个板块
2026-08-01 19:04:22,436 [INFO] fetch_moneyflow_dc.py:211 已保存 20240131 资金流向数据: 40 个板块
2026-08-01 19:04:25,540 [INFO] fetch_moneyflow_dc.py:211 已保存 20240201 资金流向数据: 40 个板块
2026-08-01 19:04:25,542 [INFO] fetch_moneyflow_dc.py:211 已保存 20240202 资金流向数据: 40 个板块
2026-08-01 19:04:25,545 [INFO] fetch_moneyflow_dc.py:211 已保存 20240205 资金流向数据: 40 个板块
2026-08-01 19:04:25,546 [INFO] fetch_moneyflow_dc.py:211 已保存 20240206 资金流向数据: 40 个板块
2026-08-01 19:04:25,548 [INFO] fetch_moneyflow_dc.py:211 已保存 20240207 资金流向数据: 40 个板块
2026-08-01 19:04:25,550 [INFO] fetch_moneyflow_dc.py:211 已保存 20240208 资金流向数据: 40 个板块
2026-08-01 19:04:25,551 [INFO] fetch_moneyflow_dc.py:211 已保存 20240219 资金流向数据: 40 个板块
2026-08-01 19:04:25,553 [INFO] fetch_moneyflow_dc.py:211 已保存 20240220 资金流向数据: 40 个板块
2026-08-01 19:04:25,556 [INFO] fetch_moneyflow_dc.py:211 已保存 20240221 资金流向数据: 40 个板块
2026-08-01 19:04:25,558 [INFO] fetch_moneyflow_dc.py:211 已保存 20240222 资金流向数据: 40 个板块
2026-08-01 19:04:25,560 [INFO] fetch_moneyflow_dc.py:211 已保存 20240223 资金流向数据: 40 个板块
2026-08-01 19:04:25,564 [INFO] fetch_moneyflow_dc.py:211 已保存 20240226 资金流向数据: 40 个板块
2026-08-01 19:04:25,568 [INFO] fetch_moneyflow_dc.py:211 已保存 20240227 资金流向数据: 40 个板块
2026-08-01 19:04:25,570 [INFO] fetch_moneyflow_dc.py:211 已保存 20240228 资金流向数据: 40 个板块
2026-08-01 19:04:25,572 [INFO] fetch_moneyflow_dc.py:211 已保存 20240229 资金流向数据: 40 个板块
2026-08-01 19:04:28,688 [INFO] fetch_moneyflow_dc.py:211 已保存 20240301 资金流向数据: 40 个板块
2026-08-01 19:04:28,689 [INFO] fetch_moneyflow_dc.py:211 已保存 20240304 资金流向数据: 40 个板块
2026-08-01 19:04:28,691 [INFO] fetch_moneyflow_dc.py:211 已保存 20240305 资金流向数据: 40 个板块
2026-08-01 19:04:28,693 [INFO] fetch_moneyflow_dc.py:211 已保存 20240306 资金流向数据: 40 个板块
2026-08-01 19:04:28,694 [INFO] fetch_moneyflow_dc.py:211 已保存 20240307 资金流向数据: 40 个板块
2026-08-01 19:04:28,696 [INFO] fetch_moneyflow_dc.py:211 已保存 20240308 资金流向数据: 40 个板块
2026-08-01 19:04:28,698 [INFO] fetch_moneyflow_dc.py:211 已保存 20240311 资金流向数据: 40 个板块
2026-08-01 19:04:28,700 [INFO] fetch_moneyflow_dc.py:211 已保存 20240312 资金流向数据: 40 个板块
2026-08-01 19:04:28,702 [INFO] fetch_moneyflow_dc.py:211 已保存 20240313 资金流向数据: 40 个板块
2026-08-01 19:04:28,704 [INFO] fetch_moneyflow_dc.py:211 已保存 20240314 资金流向数据: 40 个板块
2026-08-01 19:04:28,706 [INFO] fetch_moneyflow_dc.py:211 已保存 20240315 资金流向数据: 40 个板块
2026-08-01 19:04:28,708 [INFO] fetch_moneyflow_dc.py:211 已保存 20240318 资金流向数据: 40 个板块
2026-08-01 19:04:28,710 [INFO] fetch_moneyflow_dc.py:211 已保存 20240319 资金流向数据: 40 个板块
2026-08-01 19:04:28,712 [INFO] fetch_moneyflow_dc.py:211 已保存 20240320 资金流向数据: 40 个板块
2026-08-01 19:04:28,714 [INFO] fetch_moneyflow_dc.py:211 已保存 20240321 资金流向数据: 40 个板块
2026-08-01 19:04:28,716 [INFO] fetch_moneyflow_dc.py:211 已保存 20240322 资金流向数据: 40 个板块
2026-08-01 19:04:28,718 [INFO] fetch_moneyflow_dc.py:211 已保存 20240325 资金流向数据: 40 个板块
2026-08-01 19:04:28,720 [INFO] fetch_moneyflow_dc.py:211 已保存 20240326 资金流向数据: 40 个板块
2026-08-01 19:04:28,722 [INFO] fetch_moneyflow_dc.py:211 已保存 20240327 资金流向数据: 40 个板块
2026-08-01 19:04:28,723 [INFO] fetch_moneyflow_dc.py:211 已保存 20240328 资金流向数据: 40 个板块
2026-08-01 19:04:28,725 [INFO] fetch_moneyflow_dc.py:211 已保存 20240329 资金流向数据: 40 个板块
2026-08-01 19:04:31,859 [INFO] fetch_moneyflow_dc.py:211 已保存 20240401 资金流向数据: 40 个板块
2026-08-01 19:04:31,861 [INFO] fetch_moneyflow_dc.py:211 已保存 20240402 资金流向数据: 40 个板块
2026-08-01 19:04:31,863 [INFO] fetch_moneyflow_dc.py:211 已保存 20240403 资金流向数据: 40 个板块
2026-08-01 19:04:31,875 [INFO] fetch_moneyflow_dc.py:211 已保存 20240408 资金流向数据: 40 个板块
2026-08-01 19:04:31,879 [INFO] fetch_moneyflow_dc.py:211 已保存 20240409 资金流向数据: 40 个板块
2026-08-01 19:04:31,882 [INFO] fetch_moneyflow_dc.py:211 已保存 20240410 资金流向数据: 40 个板块
2026-08-01 19:04:31,885 [INFO] fetch_moneyflow_dc.py:211 已保存 20240411 资金流向数据: 40 个板块
2026-08-01 19:04:31,888 [INFO] fetch_moneyflow_dc.py:211 已保存 20240412 资金流向数据: 40 个板块
2026-08-01 19:04:31,892 [INFO] fetch_moneyflow_dc.py:211 已保存 20240415 资金流向数据: 40 个板块
2026-08-01 19:04:31,894 [INFO] fetch_moneyflow_dc.py:211 已保存 20240416 资金流向数据: 40 个板块
2026-08-01 19:04:31,896 [INFO] fetch_moneyflow_dc.py:211 已保存 20240417 资金流向数据: 40 个板块
2026-08-01 19:04:31,898 [INFO] fetch_moneyflow_dc.py:211 已保存 20240418 资金流向数据: 40 个板块
2026-08-01 19:04:31,901 [INFO] fetch_moneyflow_dc.py:211 已保存 20240419 资金流向数据: 40 个板块
2026-08-01 19:04:31,905 [INFO] fetch_moneyflow_dc.py:211 已保存 20240422 资金流向数据: 40 个板块
2026-08-01 19:04:31,908 [INFO] fetch_moneyflow_dc.py:211 已保存 20240423 资金流向数据: 40 个板块
2026-08-01 19:04:31,911 [INFO] fetch_moneyflow_dc.py:211 已保存 20240424 资金流向数据: 40 个板块
2026-08-01 19:04:31,913 [INFO] fetch_moneyflow_dc.py:211 已保存 20240425 资金流向数据: 40 个板块
2026-08-01 19:04:31,917 [INFO] fetch_moneyflow_dc.py:211 已保存 20240426 资金流向数据: 40 个板块
2026-08-01 19:04:31,921 [INFO] fetch_moneyflow_dc.py:211 已保存 20240429 资金流向数据: 40 个板块
2026-08-01 19:04:31,924 [INFO] fetch_moneyflow_dc.py:211 已保存 20240430 资金流向数据: 40 个板块
2026-08-01 19:04:35,045 [INFO] fetch_moneyflow_dc.py:211 已保存 20240506 资金流向数据: 40 个板块
2026-08-01 19:04:35,047 [INFO] fetch_moneyflow_dc.py:211 已保存 20240507 资金流向数据: 40 个板块
2026-08-01 19:04:35,050 [INFO] fetch_moneyflow_dc.py:211 已保存 20240508 资金流向数据: 40 个板块
2026-08-01 19:04:35,052 [INFO] fetch_moneyflow_dc.py:211 已保存 20240509 资金流向数据: 40 个板块
2026-08-01 19:04:35,054 [INFO] fetch_moneyflow_dc.py:211 已保存 20240510 资金流向数据: 40 个板块
2026-08-01 19:04:35,056 [INFO] fetch_moneyflow_dc.py:211 已保存 20240513 资金流向数据: 40 个板块
2026-08-01 19:04:35,058 [INFO] fetch_moneyflow_dc.py:211 已保存 20240514 资金流向数据: 40 个板块
2026-08-01 19:04:35,061 [INFO] fetch_moneyflow_dc.py:211 已保存 20240515 资金流向数据: 40 个板块
2026-08-01 19:04:35,062 [INFO] fetch_moneyflow_dc.py:211 已保存 20240516 资金流向数据: 40 个板块
2026-08-01 19:04:35,065 [INFO] fetch_moneyflow_dc.py:211 已保存 20240517 资金流向数据: 40 个板块
2026-08-01 19:04:35,067 [INFO] fetch_moneyflow_dc.py:211 已保存 20240520 资金流向数据: 40 个板块
2026-08-01 19:04:35,069 [INFO] fetch_moneyflow_dc.py:211 已保存 20240521 资金流向数据: 40 个板块
2026-08-01 19:04:35,072 [INFO] fetch_moneyflow_dc.py:211 已保存 20240522 资金流向数据: 40 个板块
2026-08-01 19:04:35,074 [INFO] fetch_moneyflow_dc.py:211 已保存 20240523 资金流向数据: 40 个板块
2026-08-01 19:04:35,076 [INFO] fetch_moneyflow_dc.py:211 已保存 20240524 资金流向数据: 40 个板块
2026-08-01 19:04:35,079 [INFO] fetch_moneyflow_dc.py:211 已保存 20240527 资金流向数据: 40 个板块
2026-08-01 19:04:35,081 [INFO] fetch_moneyflow_dc.py:211 已保存 20240528 资金流向数据: 40 个板块
2026-08-01 19:04:35,083 [INFO] fetch_moneyflow_dc.py:211 已保存 20240529 资金流向数据: 40 个板块
2026-08-01 19:04:35,086 [INFO] fetch_moneyflow_dc.py:211 已保存 20240530 资金流向数据: 40 个板块
2026-08-01 19:04:35,088 [INFO] fetch_moneyflow_dc.py:211 已保存 20240531 资金流向数据: 40 个板块
2026-08-01 19:04:38,207 [INFO] fetch_moneyflow_dc.py:211 已保存 20240603 资金流向数据: 40 个板块
2026-08-01 19:04:38,210 [INFO] fetch_moneyflow_dc.py:211 已保存 20240604 资金流向数据: 40 个板块
2026-08-01 19:04:38,214 [INFO] fetch_moneyflow_dc.py:211 已保存 20240605 资金流向数据: 40 个板块
2026-08-01 19:04:38,222 [INFO] fetch_moneyflow_dc.py:211 已保存 20240606 资金流向数据: 40 个板块
2026-08-01 19:04:38,224 [INFO] fetch_moneyflow_dc.py:211 已保存 20240607 资金流向数据: 40 个板块
2026-08-01 19:04:38,228 [INFO] fetch_moneyflow_dc.py:211 已保存 20240611 资金流向数据: 40 个板块
2026-08-01 19:04:38,231 [INFO] fetch_moneyflow_dc.py:211 已保存 20240612 资金流向数据: 40 个板块
2026-08-01 19:04:38,237 [INFO] fetch_moneyflow_dc.py:211 已保存 20240613 资金流向数据: 40 个板块
2026-08-01 19:04:38,251 [INFO] fetch_moneyflow_dc.py:211 已保存 20240614 资金流向数据: 40 个板块
2026-08-01 19:04:38,255 [INFO] fetch_moneyflow_dc.py:211 已保存 20240617 资金流向数据: 40 个板块
2026-08-01 19:04:38,257 [INFO] fetch_moneyflow_dc.py:211 已保存 20240618 资金流向数据: 40 个板块
2026-08-01 19:04:38,260 [INFO] fetch_moneyflow_dc.py:211 已保存 20240619 资金流向数据: 40 个板块
2026-08-01 19:04:38,262 [INFO] fetch_moneyflow_dc.py:211 已保存 20240620 资金流向数据: 40 个板块
2026-08-01 19:04:38,264 [INFO] fetch_moneyflow_dc.py:211 已保存 20240621 资金流向数据: 40 个板块
2026-08-01 19:04:38,266 [INFO] fetch_moneyflow_dc.py:211 已保存 20240624 资金流向数据: 40 个板块
2026-08-01 19:04:38,268 [INFO] fetch_moneyflow_dc.py:211 已保存 20240625 资金流向数据: 40 个板块
2026-08-01 19:04:38,270 [INFO] fetch_moneyflow_dc.py:211 已保存 20240626 资金流向数据: 40 个板块
2026-08-01 19:04:38,275 [INFO] fetch_moneyflow_dc.py:211 已保存 20240627 资金流向数据: 40 个板块
2026-08-01 19:04:38,278 [INFO] fetch_moneyflow_dc.py:211 已保存 20240628 资金流向数据: 40 个板块
2026-08-01 19:04:41,421 [INFO] fetch_moneyflow_dc.py:211 已保存 20240701 资金流向数据: 40 个板块
2026-08-01 19:04:41,423 [INFO] fetch_moneyflow_dc.py:211 已保存 20240702 资金流向数据: 40 个板块
2026-08-01 19:04:41,425 [INFO] fetch_moneyflow_dc.py:211 已保存 20240703 资金流向数据: 40 个板块
2026-08-01 19:04:41,427 [INFO] fetch_moneyflow_dc.py:211 已保存 20240704 资金流向数据: 40 个板块
2026-08-01 19:04:41,429 [INFO] fetch_moneyflow_dc.py:211 已保存 20240705 资金流向数据: 40 个板块
2026-08-01 19:04:41,430 [INFO] fetch_moneyflow_dc.py:211 已保存 20240708 资金流向数据: 40 个板块
2026-08-01 19:04:41,432 [INFO] fetch_moneyflow_dc.py:211 已保存 20240709 资金流向数据: 40 个板块
2026-08-01 19:04:41,433 [INFO] fetch_moneyflow_dc.py:211 已保存 20240710 资金流向数据: 40 个板块
2026-08-01 19:04:41,434 [INFO] fetch_moneyflow_dc.py:211 已保存 20240711 资金流向数据: 40 个板块
2026-08-01 19:04:41,436 [INFO] fetch_moneyflow_dc.py:211 已保存 20240712 资金流向数据: 40 个板块
2026-08-01 19:04:41,438 [INFO] fetch_moneyflow_dc.py:211 已保存 20240715 资金流向数据: 40 个板块
2026-08-01 19:04:41,440 [INFO] fetch_moneyflow_dc.py:211 已保存 20240716 资金流向数据: 40 个板块
2026-08-01 19:04:41,442 [INFO] fetch_moneyflow_dc.py:211 已保存 20240717 资金流向数据: 40 个板块
2026-08-01 19:04:41,444 [INFO] fetch_moneyflow_dc.py:211 已保存 20240718 资金流向数据: 40 个板块
2026-08-01 19:04:41,446 [INFO] fetch_moneyflow_dc.py:211 已保存 20240719 资金流向数据: 40 个板块
2026-08-01 19:04:41,447 [INFO] fetch_moneyflow_dc.py:211 已保存 20240722 资金流向数据: 40 个板块
2026-08-01 19:04:41,449 [INFO] fetch_moneyflow_dc.py:211 已保存 20240723 资金流向数据: 40 个板块
2026-08-01 19:04:41,451 [INFO] fetch_moneyflow_dc.py:211 已保存 20240724 资金流向数据: 40 个板块
2026-08-01 19:04:41,452 [INFO] fetch_moneyflow_dc.py:211 已保存 20240725 资金流向数据: 40 个板块
2026-08-01 19:04:41,455 [INFO] fetch_moneyflow_dc.py:211 已保存 20240726 资金流向数据: 40 个板块
2026-08-01 19:04:41,456 [INFO] fetch_moneyflow_dc.py:211 已保存 20240729 资金流向数据: 40 个板块
2026-08-01 19:04:41,458 [INFO] fetch_moneyflow_dc.py:211 已保存 20240730 资金流向数据: 40 个板块
2026-08-01 19:04:41,460 [INFO] fetch_moneyflow_dc.py:211 已保存 20240731 资金流向数据: 40 个板块
2026-08-01 19:04:44,578 [INFO] fetch_moneyflow_dc.py:211 已保存 20240801 资金流向数据: 40 个板块
2026-08-01 19:04:44,582 [INFO] fetch_moneyflow_dc.py:211 已保存 20240802 资金流向数据: 40 个板块
2026-08-01 19:04:44,585 [INFO] fetch_moneyflow_dc.py:211 已保存 20240805 资金流向数据: 40 个板块
2026-08-01 19:04:44,588 [INFO] fetch_moneyflow_dc.py:211 已保存 20240806 资金流向数据: 40 个板块
2026-08-01 19:04:44,592 [INFO] fetch_moneyflow_dc.py:211 已保存 20240807 资金流向数据: 40 个板块
2026-08-01 19:04:44,594 [INFO] fetch_moneyflow_dc.py:211 已保存 20240808 资金流向数据: 40 个板块
2026-08-01 19:04:44,596 [INFO] fetch_moneyflow_dc.py:211 已保存 20240809 资金流向数据: 40 个板块
2026-08-01 19:04:44,598 [INFO] fetch_moneyflow_dc.py:211 已保存 20240812 资金流向数据: 40 个板块
2026-08-01 19:04:44,600 [INFO] fetch_moneyflow_dc.py:211 已保存 20240813 资金流向数据: 40 个板块
2026-08-01 19:04:44,602 [INFO] fetch_moneyflow_dc.py:211 已保存 20240814 资金流向数据: 40 个板块
2026-08-01 19:04:44,605 [INFO] fetch_moneyflow_dc.py:211 已保存 20240815 资金流向数据: 40 个板块
2026-08-01 19:04:44,607 [INFO] fetch_moneyflow_dc.py:211 已保存 20240816 资金流向数据: 40 个板块
2026-08-01 19:04:44,609 [INFO] fetch_moneyflow_dc.py:211 已保存 20240819 资金流向数据: 40 个板块
2026-08-01 19:04:44,611 [INFO] fetch_moneyflow_dc.py:211 已保存 20240820 资金流向数据: 40 个板块
2026-08-01 19:04:44,613 [INFO] fetch_moneyflow_dc.py:211 已保存 20240821 资金流向数据: 40 个板块
2026-08-01 19:04:44,615 [INFO] fetch_moneyflow_dc.py:211 已保存 20240822 资金流向数据: 40 个板块
2026-08-01 19:04:44,616 [INFO] fetch_moneyflow_dc.py:211 已保存 20240823 资金流向数据: 40 个板块
2026-08-01 19:04:44,619 [INFO] fetch_moneyflow_dc.py:211 已保存 20240826 资金流向数据: 40 个板块
2026-08-01 19:04:44,621 [INFO] fetch_moneyflow_dc.py:211 已保存 20240827 资金流向数据: 40 个板块
2026-08-01 19:04:44,622 [INFO] fetch_moneyflow_dc.py:211 已保存 20240828 资金流向数据: 40 个板块
2026-08-01 19:04:44,624 [INFO] fetch_moneyflow_dc.py:211 已保存 20240829 资金流向数据: 40 个板块
2026-08-01 19:04:44,626 [INFO] fetch_moneyflow_dc.py:211 已保存 20240830 资金流向数据: 40 个板块
2026-08-01 19:04:47,744 [INFO] fetch_moneyflow_dc.py:211 已保存 20240902 资金流向数据: 40 个板块
2026-08-01 19:04:47,746 [INFO] fetch_moneyflow_dc.py:211 已保存 20240903 资金流向数据: 40 个板块
2026-08-01 19:04:47,748 [INFO] fetch_moneyflow_dc.py:211 已保存 20240904 资金流向数据: 40 个板块
2026-08-01 19:04:47,750 [INFO] fetch_moneyflow_dc.py:211 已保存 20240905 资金流向数据: 40 个板块
2026-08-01 19:04:47,751 [INFO] fetch_moneyflow_dc.py:211 已保存 20240906 资金流向数据: 40 个板块
2026-08-01 19:04:47,753 [INFO] fetch_moneyflow_dc.py:211 已保存 20240909 资金流向数据: 40 个板块
2026-08-01 19:04:47,754 [INFO] fetch_moneyflow_dc.py:211 已保存 20240910 资金流向数据: 40 个板块
2026-08-01 19:04:47,756 [INFO] fetch_moneyflow_dc.py:211 已保存 20240911 资金流向数据: 40 个板块
2026-08-01 19:04:47,758 [INFO] fetch_moneyflow_dc.py:211 已保存 20240912 资金流向数据: 40 个板块
2026-08-01 19:04:47,760 [INFO] fetch_moneyflow_dc.py:211 已保存 20240913 资金流向数据: 40 个板块
2026-08-01 19:04:47,762 [INFO] fetch_moneyflow_dc.py:211 已保存 20240918 资金流向数据: 40 个板块
2026-08-01 19:04:47,764 [INFO] fetch_moneyflow_dc.py:211 已保存 20240919 资金流向数据: 40 个板块
2026-08-01 19:04:47,767 [INFO] fetch_moneyflow_dc.py:211 已保存 20240920 资金流向数据: 40 个板块
2026-08-01 19:04:47,769 [INFO] fetch_moneyflow_dc.py:211 已保存 20240923 资金流向数据: 40 个板块
2026-08-01 19:04:47,771 [INFO] fetch_moneyflow_dc.py:211 已保存 20240924 资金流向数据: 40 个板块
2026-08-01 19:04:47,774 [INFO] fetch_moneyflow_dc.py:211 已保存 20240925 资金流向数据: 40 个板块
2026-08-01 19:04:47,776 [INFO] fetch_moneyflow_dc.py:211 已保存 20240926 资金流向数据: 40 个板块
2026-08-01 19:04:47,778 [INFO] fetch_moneyflow_dc.py:211 已保存 20240927 资金流向数据: 40 个板块
2026-08-01 19:04:47,780 [INFO] fetch_moneyflow_dc.py:211 已保存 20240930 资金流向数据: 40 个板块
2026-08-01 19:04:50,897 [INFO] fetch_moneyflow_dc.py:211 已保存 20241008 资金流向数据: 40 个板块
2026-08-01 19:04:50,900 [INFO] fetch_moneyflow_dc.py:211 已保存 20241009 资金流向数据: 40 个板块
2026-08-01 19:04:50,902 [INFO] fetch_moneyflow_dc.py:211 已保存 20241010 资金流向数据: 40 个板块
2026-08-01 19:04:50,905 [INFO] fetch_moneyflow_dc.py:211 已保存 20241011 资金流向数据: 40 个板块
2026-08-01 19:04:50,906 [INFO] fetch_moneyflow_dc.py:211 已保存 20241014 资金流向数据: 40 个板块
2026-08-01 19:04:50,908 [INFO] fetch_moneyflow_dc.py:211 已保存 20241015 资金流向数据: 40 个板块
2026-08-01 19:04:50,910 [INFO] fetch_moneyflow_dc.py:211 已保存 20241016 资金流向数据: 40 个板块
2026-08-01 19:04:50,912 [INFO] fetch_moneyflow_dc.py:211 已保存 20241017 资金流向数据: 40 个板块
2026-08-01 19:04:50,914 [INFO] fetch_moneyflow_dc.py:211 已保存 20241018 资金流向数据: 40 个板块
2026-08-01 19:04:50,916 [INFO] fetch_moneyflow_dc.py:211 已保存 20241021 资金流向数据: 40 个板块
2026-08-01 19:04:50,918 [INFO] fetch_moneyflow_dc.py:211 已保存 20241022 资金流向数据: 40 个板块
2026-08-01 19:04:50,920 [INFO] fetch_moneyflow_dc.py:211 已保存 20241023 资金流向数据: 40 个板块
2026-08-01 19:04:50,923 [INFO] fetch_moneyflow_dc.py:211 已保存 20241024 资金流向数据: 40 个板块
2026-08-01 19:04:50,924 [INFO] fetch_moneyflow_dc.py:211 已保存 20241025 资金流向数据: 40 个板块
2026-08-01 19:04:50,926 [INFO] fetch_moneyflow_dc.py:211 已保存 20241028 资金流向数据: 40 个板块
2026-08-01 19:04:50,928 [INFO] fetch_moneyflow_dc.py:211 已保存 20241029 资金流向数据: 40 个板块
2026-08-01 19:04:50,930 [INFO] fetch_moneyflow_dc.py:211 已保存 20241030 资金流向数据: 40 个板块
2026-08-01 19:04:50,932 [INFO] fetch_moneyflow_dc.py:211 已保存 20241031 资金流向数据: 40 个板块
2026-08-01 19:04:54,048 [INFO] fetch_moneyflow_dc.py:211 已保存 20241101 资金流向数据: 40 个板块
2026-08-01 19:04:54,050 [INFO] fetch_moneyflow_dc.py:211 已保存 20241104 资金流向数据: 40 个板块
2026-08-01 19:04:54,052 [INFO] fetch_moneyflow_dc.py:211 已保存 20241105 资金流向数据: 40 个板块
2026-08-01 19:04:54,054 [INFO] fetch_moneyflow_dc.py:211 已保存 20241106 资金流向数据: 40 个板块
2026-08-01 19:04:54,056 [INFO] fetch_moneyflow_dc.py:211 已保存 20241107 资金流向数据: 40 个板块
2026-08-01 19:04:54,058 [INFO] fetch_moneyflow_dc.py:211 已保存 20241108 资金流向数据: 40 个板块
2026-08-01 19:04:54,061 [INFO] fetch_moneyflow_dc.py:211 已保存 20241111 资金流向数据: 40 个板块
2026-08-01 19:04:54,065 [INFO] fetch_moneyflow_dc.py:211 已保存 20241112 资金流向数据: 40 个板块
2026-08-01 19:04:54,070 [INFO] fetch_moneyflow_dc.py:211 已保存 20241113 资金流向数据: 40 个板块
2026-08-01 19:04:54,074 [INFO] fetch_moneyflow_dc.py:211 已保存 20241114 资金流向数据: 40 个板块
2026-08-01 19:04:54,077 [INFO] fetch_moneyflow_dc.py:211 已保存 20241115 资金流向数据: 40 个板块
2026-08-01 19:04:54,083 [INFO] fetch_moneyflow_dc.py:211 已保存 20241118 资金流向数据: 40 个板块
2026-08-01 19:04:54,096 [INFO] fetch_moneyflow_dc.py:211 已保存 20241119 资金流向数据: 40 个板块
2026-08-01 19:04:54,103 [INFO] fetch_moneyflow_dc.py:211 已保存 20241120 资金流向数据: 40 个板块
2026-08-01 19:04:54,114 [INFO] fetch_moneyflow_dc.py:211 已保存 20241121 资金流向数据: 40 个板块
2026-08-01 19:04:54,119 [INFO] fetch_moneyflow_dc.py:211 已保存 20241122 资金流向数据: 40 个板块
2026-08-01 19:04:54,128 [INFO] fetch_moneyflow_dc.py:211 已保存 20241125 资金流向数据: 40 个板块
2026-08-01 19:04:54,131 [INFO] fetch_moneyflow_dc.py:211 已保存 20241126 资金流向数据: 40 个板块
2026-08-01 19:04:54,138 [INFO] fetch_moneyflow_dc.py:211 已保存 20241127 资金流向数据: 40 个板块
2026-08-01 19:04:54,144 [INFO] fetch_moneyflow_dc.py:211 已保存 20241128 资金流向数据: 40 个板块
2026-08-01 19:04:54,151 [INFO] fetch_moneyflow_dc.py:211 已保存 20241129 资金流向数据: 40 个板块
2026-08-01 19:04:57,280 [INFO] fetch_moneyflow_dc.py:211 已保存 20241202 资金流向数据: 40 个板块
2026-08-01 19:04:57,281 [INFO] fetch_moneyflow_dc.py:211 已保存 20241203 资金流向数据: 40 个板块
2026-08-01 19:04:57,285 [INFO] fetch_moneyflow_dc.py:211 已保存 20241204 资金流向数据: 40 个板块
2026-08-01 19:04:57,289 [INFO] fetch_moneyflow_dc.py:211 已保存 20241205 资金流向数据: 40 个板块
2026-08-01 19:04:57,296 [INFO] fetch_moneyflow_dc.py:211 已保存 20241206 资金流向数据: 40 个板块
2026-08-01 19:04:57,298 [INFO] fetch_moneyflow_dc.py:211 已保存 20241209 资金流向数据: 40 个板块
2026-08-01 19:04:57,301 [INFO] fetch_moneyflow_dc.py:211 已保存 20241210 资金流向数据: 40 个板块
2026-08-01 19:04:57,303 [INFO] fetch_moneyflow_dc.py:211 已保存 20241211 资金流向数据: 40 个板块
2026-08-01 19:04:57,305 [INFO] fetch_moneyflow_dc.py:211 已保存 20241212 资金流向数据: 40 个板块
2026-08-01 19:04:57,308 [INFO] fetch_moneyflow_dc.py:211 已保存 20241213 资金流向数据: 40 个板块
2026-08-01 19:04:57,310 [INFO] fetch_moneyflow_dc.py:211 已保存 20241216 资金流向数据: 40 个板块
2026-08-01 19:04:57,312 [INFO] fetch_moneyflow_dc.py:211 已保存 20241217 资金流向数据: 40 个板块
2026-08-01 19:04:57,320 [INFO] fetch_moneyflow_dc.py:211 已保存 20241218 资金流向数据: 40 个板块
2026-08-01 19:04:57,335 [INFO] fetch_moneyflow_dc.py:211 已保存 20241219 资金流向数据: 40 个板块
2026-08-01 19:04:57,344 [INFO] fetch_moneyflow_dc.py:211 已保存 20241220 资金流向数据: 40 个板块
2026-08-01 19:04:57,349 [INFO] fetch_moneyflow_dc.py:211 已保存 20241223 资金流向数据: 40 个板块
2026-08-01 19:04:57,352 [INFO] fetch_moneyflow_dc.py:211 已保存 20241224 资金流向数据: 40 个板块
2026-08-01 19:04:57,355 [INFO] fetch_moneyflow_dc.py:211 已保存 20241225 资金流向数据: 40 个板块
2026-08-01 19:04:57,358 [INFO] fetch_moneyflow_dc.py:211 已保存 20241226 资金流向数据: 40 个板块
2026-08-01 19:04:57,360 [INFO] fetch_moneyflow_dc.py:211 已保存 20241227 资金流向数据: 40 个板块
2026-08-01 19:04:57,363 [INFO] fetch_moneyflow_dc.py:211 已保存 20241230 资金流向数据: 40 个板块
2026-08-01 19:04:57,365 [INFO] fetch_moneyflow_dc.py:211 已保存 20241231 资金流向数据: 40 个板块
2026-08-01 19:05:00,487 [INFO] fetch_moneyflow_dc.py:211 已保存 20250102 资金流向数据: 40 个板块
2026-08-01 19:05:00,488 [INFO] fetch_moneyflow_dc.py:211 已保存 20250103 资金流向数据: 40 个板块
2026-08-01 19:05:00,490 [INFO] fetch_moneyflow_dc.py:211 已保存 20250106 资金流向数据: 40 个板块
2026-08-01 19:05:00,491 [INFO] fetch_moneyflow_dc.py:211 已保存 20250107 资金流向数据: 40 个板块
2026-08-01 19:05:00,493 [INFO] fetch_moneyflow_dc.py:211 已保存 20250108 资金流向数据: 40 个板块
2026-08-01 19:05:00,495 [INFO] fetch_moneyflow_dc.py:211 已保存 20250109 资金流向数据: 40 个板块
2026-08-01 19:05:00,497 [INFO] fetch_moneyflow_dc.py:211 已保存 20250110 资金流向数据: 40 个板块
2026-08-01 19:05:00,499 [INFO] fetch_moneyflow_dc.py:211 已保存 20250113 资金流向数据: 40 个板块
2026-08-01 19:05:00,500 [INFO] fetch_moneyflow_dc.py:211 已保存 20250114 资金流向数据: 40 个板块
2026-08-01 19:05:00,503 [INFO] fetch_moneyflow_dc.py:211 已保存 20250115 资金流向数据: 40 个板块
2026-08-01 19:05:00,505 [INFO] fetch_moneyflow_dc.py:211 已保存 20250116 资金流向数据: 40 个板块
2026-08-01 19:05:00,507 [INFO] fetch_moneyflow_dc.py:211 已保存 20250117 资金流向数据: 40 个板块
2026-08-01 19:05:00,509 [INFO] fetch_moneyflow_dc.py:211 已保存 20250120 资金流向数据: 40 个板块
2026-08-01 19:05:00,512 [INFO] fetch_moneyflow_dc.py:211 已保存 20250121 资金流向数据: 40 个板块
2026-08-01 19:05:00,514 [INFO] fetch_moneyflow_dc.py:211 已保存 20250122 资金流向数据: 40 个板块
2026-08-01 19:05:00,516 [INFO] fetch_moneyflow_dc.py:211 已保存 20250123 资金流向数据: 40 个板块
2026-08-01 19:05:00,518 [INFO] fetch_moneyflow_dc.py:211 已保存 20250124 资金流向数据: 40 个板块
2026-08-01 19:05:00,520 [INFO] fetch_moneyflow_dc.py:211 已保存 20250127 资金流向数据: 40 个板块
2026-08-01 19:05:03,634 [INFO] fetch_moneyflow_dc.py:211 已保存 20250205 资金流向数据: 40 个板块
2026-08-01 19:05:03,636 [INFO] fetch_moneyflow_dc.py:211 已保存 20250206 资金流向数据: 40 个板块
2026-08-01 19:05:03,638 [INFO] fetch_moneyflow_dc.py:211 已保存 20250207 资金流向数据: 40 个板块
2026-08-01 19:05:03,639 [INFO] fetch_moneyflow_dc.py:211 已保存 20250210 资金流向数据: 40 个板块
2026-08-01 19:05:03,641 [INFO] fetch_moneyflow_dc.py:211 已保存 20250211 资金流向数据: 40 个板块
2026-08-01 19:05:03,643 [INFO] fetch_moneyflow_dc.py:211 已保存 20250212 资金流向数据: 40 个板块
2026-08-01 19:05:03,645 [INFO] fetch_moneyflow_dc.py:211 已保存 20250213 资金流向数据: 40 个板块
2026-08-01 19:05:03,646 [INFO] fetch_moneyflow_dc.py:211 已保存 20250214 资金流向数据: 40 个板块
2026-08-01 19:05:03,648 [INFO] fetch_moneyflow_dc.py:211 已保存 20250217 资金流向数据: 40 个板块
2026-08-01 19:05:03,650 [INFO] fetch_moneyflow_dc.py:211 已保存 20250218 资金流向数据: 40 个板块
2026-08-01 19:05:03,652 [INFO] fetch_moneyflow_dc.py:211 已保存 20250219 资金流向数据: 40 个板块
2026-08-01 19:05:03,654 [INFO] fetch_moneyflow_dc.py:211 已保存 20250220 资金流向数据: 40 个板块
2026-08-01 19:05:03,656 [INFO] fetch_moneyflow_dc.py:211 已保存 20250221 资金流向数据: 40 个板块
2026-08-01 19:05:03,659 [INFO] fetch_moneyflow_dc.py:211 已保存 20250224 资金流向数据: 40 个板块
2026-08-01 19:05:03,661 [INFO] fetch_moneyflow_dc.py:211 已保存 20250225 资金流向数据: 40 个板块
2026-08-01 19:05:03,663 [INFO] fetch_moneyflow_dc.py:211 已保存 20250226 资金流向数据: 40 个板块
2026-08-01 19:05:03,665 [INFO] fetch_moneyflow_dc.py:211 已保存 20250227 资金流向数据: 40 个板块
2026-08-01 19:05:03,667 [INFO] fetch_moneyflow_dc.py:211 已保存 20250228 资金流向数据: 40 个板块
2026-08-01 19:05:06,920 [INFO] fetch_moneyflow_dc.py:211 已保存 20250303 资金流向数据: 40 个板块
2026-08-01 19:05:06,922 [INFO] fetch_moneyflow_dc.py:211 已保存 20250304 资金流向数据: 40 个板块
2026-08-01 19:05:06,923 [INFO] fetch_moneyflow_dc.py:211 已保存 20250305 资金流向数据: 40 个板块
2026-08-01 19:05:06,925 [INFO] fetch_moneyflow_dc.py:211 已保存 20250306 资金流向数据: 40 个板块
2026-08-01 19:05:06,926 [INFO] fetch_moneyflow_dc.py:211 已保存 20250307 资金流向数据: 40 个板块
2026-08-01 19:05:06,928 [INFO] fetch_moneyflow_dc.py:211 已保存 20250310 资金流向数据: 40 个板块
2026-08-01 19:05:06,930 [INFO] fetch_moneyflow_dc.py:211 已保存 20250311 资金流向数据: 40 个板块
2026-08-01 19:05:06,931 [INFO] fetch_moneyflow_dc.py:211 已保存 20250312 资金流向数据: 40 个板块
2026-08-01 19:05:06,933 [INFO] fetch_moneyflow_dc.py:211 已保存 20250313 资金流向数据: 40 个板块
2026-08-01 19:05:06,935 [INFO] fetch_moneyflow_dc.py:211 已保存 20250314 资金流向数据: 40 个板块
2026-08-01 19:05:06,936 [INFO] fetch_moneyflow_dc.py:211 已保存 20250317 资金流向数据: 40 个板块
2026-08-01 19:05:06,938 [INFO] fetch_moneyflow_dc.py:211 已保存 20250318 资金流向数据: 40 个板块
2026-08-01 19:05:06,940 [INFO] fetch_moneyflow_dc.py:211 已保存 20250319 资金流向数据: 40 个板块
2026-08-01 19:05:06,942 [INFO] fetch_moneyflow_dc.py:211 已保存 20250320 资金流向数据: 40 个板块
2026-08-01 19:05:06,944 [INFO] fetch_moneyflow_dc.py:211 已保存 20250321 资金流向数据: 40 个板块
2026-08-01 19:05:06,946 [INFO] fetch_moneyflow_dc.py:211 已保存 20250324 资金流向数据: 40 个板块
2026-08-01 19:05:06,947 [INFO] fetch_moneyflow_dc.py:211 已保存 20250325 资金流向数据: 40 个板块
2026-08-01 19:05:06,949 [INFO] fetch_moneyflow_dc.py:211 已保存 20250326 资金流向数据: 40 个板块
2026-08-01 19:05:06,951 [INFO] fetch_moneyflow_dc.py:211 已保存 20250327 资金流向数据: 40 个板块
2026-08-01 19:05:06,953 [INFO] fetch_moneyflow_dc.py:211 已保存 20250328 资金流向数据: 40 个板块
2026-08-01 19:05:06,955 [INFO] fetch_moneyflow_dc.py:211 已保存 20250331 资金流向数据: 40 个板块
2026-08-01 19:05:10,199 [INFO] fetch_moneyflow_dc.py:211 已保存 20250401 资金流向数据: 40 个板块
2026-08-01 19:05:10,200 [INFO] fetch_moneyflow_dc.py:211 已保存 20250402 资金流向数据: 40 个板块
2026-08-01 19:05:10,202 [INFO] fetch_moneyflow_dc.py:211 已保存 20250403 资金流向数据: 40 个板块
2026-08-01 19:05:10,203 [INFO] fetch_moneyflow_dc.py:211 已保存 20250407 资金流向数据: 40 个板块
2026-08-01 19:05:10,205 [INFO] fetch_moneyflow_dc.py:211 已保存 20250408 资金流向数据: 40 个板块
2026-08-01 19:05:10,207 [INFO] fetch_moneyflow_dc.py:211 已保存 20250409 资金流向数据: 40 个板块
2026-08-01 19:05:10,209 [INFO] fetch_moneyflow_dc.py:211 已保存 20250410 资金流向数据: 40 个板块
2026-08-01 19:05:10,211 [INFO] fetch_moneyflow_dc.py:211 已保存 20250411 资金流向数据: 40 个板块
2026-08-01 19:05:10,213 [INFO] fetch_moneyflow_dc.py:211 已保存 20250414 资金流向数据: 40 个板块
2026-08-01 19:05:10,215 [INFO] fetch_moneyflow_dc.py:211 已保存 20250415 资金流向数据: 40 个板块
2026-08-01 19:05:10,217 [INFO] fetch_moneyflow_dc.py:211 已保存 20250416 资金流向数据: 40 个板块
2026-08-01 19:05:10,220 [INFO] fetch_moneyflow_dc.py:211 已保存 20250417 资金流向数据: 40 个板块
2026-08-01 19:05:10,221 [INFO] fetch_moneyflow_dc.py:211 已保存 20250418 资金流向数据: 40 个板块
2026-08-01 19:05:10,224 [INFO] fetch_moneyflow_dc.py:211 已保存 20250421 资金流向数据: 40 个板块
2026-08-01 19:05:10,226 [INFO] fetch_moneyflow_dc.py:211 已保存 20250422 资金流向数据: 40 个板块
2026-08-01 19:05:10,228 [INFO] fetch_moneyflow_dc.py:211 已保存 20250423 资金流向数据: 40 个板块
2026-08-01 19:05:10,230 [INFO] fetch_moneyflow_dc.py:211 已保存 20250424 资金流向数据: 40 个板块
2026-08-01 19:05:10,232 [INFO] fetch_moneyflow_dc.py:211 已保存 20250425 资金流向数据: 40 个板块
2026-08-01 19:05:10,234 [INFO] fetch_moneyflow_dc.py:211 已保存 20250428 资金流向数据: 40 个板块
2026-08-01 19:05:10,236 [INFO] fetch_moneyflow_dc.py:211 已保存 20250429 资金流向数据: 40 个板块
2026-08-01 19:05:10,238 [INFO] fetch_moneyflow_dc.py:211 已保存 20250430 资金流向数据: 40 个板块
2026-08-01 19:05:13,469 [INFO] fetch_moneyflow_dc.py:211 已保存 20250506 资金流向数据: 40 个板块
2026-08-01 19:05:13,471 [INFO] fetch_moneyflow_dc.py:211 已保存 20250507 资金流向数据: 40 个板块
2026-08-01 19:05:13,473 [INFO] fetch_moneyflow_dc.py:211 已保存 20250508 资金流向数据: 40 个板块
2026-08-01 19:05:13,475 [INFO] fetch_moneyflow_dc.py:211 已保存 20250509 资金流向数据: 40 个板块
2026-08-01 19:05:13,478 [INFO] fetch_moneyflow_dc.py:211 已保存 20250512 资金流向数据: 40 个板块
2026-08-01 19:05:13,481 [INFO] fetch_moneyflow_dc.py:211 已保存 20250513 资金流向数据: 40 个板块
2026-08-01 19:05:13,483 [INFO] fetch_moneyflow_dc.py:211 已保存 20250514 资金流向数据: 40 个板块
2026-08-01 19:05:13,486 [INFO] fetch_moneyflow_dc.py:211 已保存 20250515 资金流向数据: 40 个板块
2026-08-01 19:05:13,488 [INFO] fetch_moneyflow_dc.py:211 已保存 20250516 资金流向数据: 40 个板块
2026-08-01 19:05:13,491 [INFO] fetch_moneyflow_dc.py:211 已保存 20250519 资金流向数据: 40 个板块
2026-08-01 19:05:13,493 [INFO] fetch_moneyflow_dc.py:211 已保存 20250520 资金流向数据: 40 个板块
2026-08-01 19:05:13,496 [INFO] fetch_moneyflow_dc.py:211 已保存 20250521 资金流向数据: 40 个板块
2026-08-01 19:05:13,498 [INFO] fetch_moneyflow_dc.py:211 已保存 20250522 资金流向数据: 40 个板块
2026-08-01 19:05:13,500 [INFO] fetch_moneyflow_dc.py:211 已保存 20250523 资金流向数据: 40 个板块
2026-08-01 19:05:13,503 [INFO] fetch_moneyflow_dc.py:211 已保存 20250526 资金流向数据: 40 个板块
2026-08-01 19:05:13,505 [INFO] fetch_moneyflow_dc.py:211 已保存 20250527 资金流向数据: 40 个板块
2026-08-01 19:05:13,508 [INFO] fetch_moneyflow_dc.py:211 已保存 20250528 资金流向数据: 40 个板块
2026-08-01 19:05:13,511 [INFO] fetch_moneyflow_dc.py:211 已保存 20250529 资金流向数据: 40 个板块
2026-08-01 19:05:13,513 [INFO] fetch_moneyflow_dc.py:211 已保存 20250530 资金流向数据: 40 个板块
2026-08-01 19:05:16,736 [INFO] fetch_moneyflow_dc.py:211 已保存 20250603 资金流向数据: 40 个板块
2026-08-01 19:05:16,738 [INFO] fetch_moneyflow_dc.py:211 已保存 20250604 资金流向数据: 40 个板块
2026-08-01 19:05:16,739 [INFO] fetch_moneyflow_dc.py:211 已保存 20250605 资金流向数据: 40 个板块
2026-08-01 19:05:16,741 [INFO] fetch_moneyflow_dc.py:211 已保存 20250606 资金流向数据: 40 个板块
2026-08-01 19:05:16,742 [INFO] fetch_moneyflow_dc.py:211 已保存 20250609 资金流向数据: 40 个板块
2026-08-01 19:05:16,744 [INFO] fetch_moneyflow_dc.py:211 已保存 20250610 资金流向数据: 40 个板块
2026-08-01 19:05:16,746 [INFO] fetch_moneyflow_dc.py:211 已保存 20250611 资金流向数据: 40 个板块
2026-08-01 19:05:16,748 [INFO] fetch_moneyflow_dc.py:211 已保存 20250612 资金流向数据: 40 个板块
2026-08-01 19:05:16,749 [INFO] fetch_moneyflow_dc.py:211 已保存 20250613 资金流向数据: 40 个板块
2026-08-01 19:05:16,751 [INFO] fetch_moneyflow_dc.py:211 已保存 20250616 资金流向数据: 40 个板块
2026-08-01 19:05:16,753 [INFO] fetch_moneyflow_dc.py:211 已保存 20250617 资金流向数据: 40 个板块
2026-08-01 19:05:16,754 [INFO] fetch_moneyflow_dc.py:211 已保存 20250618 资金流向数据: 40 个板块
2026-08-01 19:05:16,756 [INFO] fetch_moneyflow_dc.py:211 已保存 20250619 资金流向数据: 40 个板块
2026-08-01 19:05:16,759 [INFO] fetch_moneyflow_dc.py:211 已保存 20250620 资金流向数据: 40 个板块
2026-08-01 19:05:16,760 [INFO] fetch_moneyflow_dc.py:211 已保存 20250623 资金流向数据: 40 个板块
2026-08-01 19:05:16,762 [INFO] fetch_moneyflow_dc.py:211 已保存 20250624 资金流向数据: 40 个板块
2026-08-01 19:05:16,764 [INFO] fetch_moneyflow_dc.py:211 已保存 20250625 资金流向数据: 40 个板块
2026-08-01 19:05:16,765 [INFO] fetch_moneyflow_dc.py:211 已保存 20250626 资金流向数据: 40 个板块
2026-08-01 19:05:16,767 [INFO] fetch_moneyflow_dc.py:211 已保存 20250627 资金流向数据: 40 个板块
2026-08-01 19:05:16,769 [INFO] fetch_moneyflow_dc.py:211 已保存 20250630 资金流向数据: 40 个板块
2026-08-01 19:05:19,901 [INFO] fetch_moneyflow_dc.py:211 已保存 20250701 资金流向数据: 40 个板块
2026-08-01 19:05:19,903 [INFO] fetch_moneyflow_dc.py:211 已保存 20250702 资金流向数据: 40 个板块
2026-08-01 19:05:19,905 [INFO] fetch_moneyflow_dc.py:211 已保存 20250703 资金流向数据: 40 个板块
2026-08-01 19:05:19,906 [INFO] fetch_moneyflow_dc.py:211 已保存 20250704 资金流向数据: 40 个板块
2026-08-01 19:05:19,908 [INFO] fetch_moneyflow_dc.py:211 已保存 20250707 资金流向数据: 40 个板块
2026-08-01 19:05:19,910 [INFO] fetch_moneyflow_dc.py:211 已保存 20250708 资金流向数据: 40 个板块
2026-08-01 19:05:19,911 [INFO] fetch_moneyflow_dc.py:211 已保存 20250709 资金流向数据: 40 个板块
2026-08-01 19:05:19,913 [INFO] fetch_moneyflow_dc.py:211 已保存 20250710 资金流向数据: 40 个板块
2026-08-01 19:05:19,915 [INFO] fetch_moneyflow_dc.py:211 已保存 20250711 资金流向数据: 40 个板块
2026-08-01 19:05:19,917 [INFO] fetch_moneyflow_dc.py:211 已保存 20250714 资金流向数据: 40 个板块
2026-08-01 19:05:19,918 [INFO] fetch_moneyflow_dc.py:211 已保存 20250715 资金流向数据: 40 个板块
2026-08-01 19:05:19,920 [INFO] fetch_moneyflow_dc.py:211 已保存 20250716 资金流向数据: 40 个板块
2026-08-01 19:05:19,922 [INFO] fetch_moneyflow_dc.py:211 已保存 20250717 资金流向数据: 40 个板块
2026-08-01 19:05:19,924 [INFO] fetch_moneyflow_dc.py:211 已保存 20250718 资金流向数据: 40 个板块
2026-08-01 19:05:19,925 [INFO] fetch_moneyflow_dc.py:211 已保存 20250721 资金流向数据: 40 个板块
2026-08-01 19:05:19,927 [INFO] fetch_moneyflow_dc.py:211 已保存 20250722 资金流向数据: 40 个板块
2026-08-01 19:05:19,929 [INFO] fetch_moneyflow_dc.py:211 已保存 20250723 资金流向数据: 40 个板块
2026-08-01 19:05:19,931 [INFO] fetch_moneyflow_dc.py:211 已保存 20250724 资金流向数据: 40 个板块
2026-08-01 19:05:19,933 [INFO] fetch_moneyflow_dc.py:211 已保存 20250725 资金流向数据: 40 个板块
2026-08-01 19:05:19,935 [INFO] fetch_moneyflow_dc.py:211 已保存 20250728 资金流向数据: 40 个板块
2026-08-01 19:05:19,937 [INFO] fetch_moneyflow_dc.py:211 已保存 20250729 资金流向数据: 40 个板块
2026-08-01 19:05:19,939 [INFO] fetch_moneyflow_dc.py:211 已保存 20250730 资金流向数据: 40 个板块
2026-08-01 19:05:19,941 [INFO] fetch_moneyflow_dc.py:211 已保存 20250731 资金流向数据: 40 个板块
2026-08-01 19:05:23,076 [INFO] fetch_moneyflow_dc.py:211 已保存 20250801 资金流向数据: 40 个板块
2026-08-01 19:05:23,078 [INFO] fetch_moneyflow_dc.py:211 已保存 20250804 资金流向数据: 40 个板块
2026-08-01 19:05:23,079 [INFO] fetch_moneyflow_dc.py:211 已保存 20250805 资金流向数据: 40 个板块
2026-08-01 19:05:23,081 [INFO] fetch_moneyflow_dc.py:211 已保存 20250806 资金流向数据: 40 个板块
2026-08-01 19:05:23,082 [INFO] fetch_moneyflow_dc.py:211 已保存 20250807 资金流向数据: 40 个板块
2026-08-01 19:05:23,084 [INFO] fetch_moneyflow_dc.py:211 已保存 20250808 资金流向数据: 40 个板块
2026-08-01 19:05:23,086 [INFO] fetch_moneyflow_dc.py:211 已保存 20250811 资金流向数据: 40 个板块
2026-08-01 19:05:23,087 [INFO] fetch_moneyflow_dc.py:211 已保存 20250812 资金流向数据: 40 个板块
2026-08-01 19:05:23,089 [INFO] fetch_moneyflow_dc.py:211 已保存 20250813 资金流向数据: 40 个板块
2026-08-01 19:05:23,091 [INFO] fetch_moneyflow_dc.py:211 已保存 20250814 资金流向数据: 40 个板块
2026-08-01 19:05:23,092 [INFO] fetch_moneyflow_dc.py:211 已保存 20250815 资金流向数据: 40 个板块
2026-08-01 19:05:23,094 [INFO] fetch_moneyflow_dc.py:211 已保存 20250818 资金流向数据: 40 个板块
2026-08-01 19:05:23,096 [INFO] fetch_moneyflow_dc.py:211 已保存 20250819 资金流向数据: 40 个板块
2026-08-01 19:05:23,097 [INFO] fetch_moneyflow_dc.py:211 已保存 20250820 资金流向数据: 40 个板块
2026-08-01 19:05:23,100 [INFO] fetch_moneyflow_dc.py:211 已保存 20250821 资金流向数据: 40 个板块
2026-08-01 19:05:23,101 [INFO] fetch_moneyflow_dc.py:211 已保存 20250822 资金流向数据: 40 个板块
2026-08-01 19:05:23,104 [INFO] fetch_moneyflow_dc.py:211 已保存 20250825 资金流向数据: 40 个板块
2026-08-01 19:05:23,106 [INFO] fetch_moneyflow_dc.py:211 已保存 20250826 资金流向数据: 40 个板块
2026-08-01 19:05:23,108 [INFO] fetch_moneyflow_dc.py:211 已保存 20250827 资金流向数据: 40 个板块
2026-08-01 19:05:23,110 [INFO] fetch_moneyflow_dc.py:211 已保存 20250828 资金流向数据: 40 个板块
2026-08-01 19:05:23,112 [INFO] fetch_moneyflow_dc.py:211 已保存 20250829 资金流向数据: 40 个板块
2026-08-01 19:05:26,304 [INFO] fetch_moneyflow_dc.py:211 已保存 20250917 资金流向数据: 5 个板块
2026-08-01 19:05:26,349 [INFO] fetch_moneyflow_dc.py:211 已保存 20250918 资金流向数据: 45 个板块
2026-08-01 19:05:26,369 [INFO] fetch_moneyflow_dc.py:211 已保存 20250919 资金流向数据: 45 个板块
2026-08-01 19:05:26,392 [INFO] fetch_moneyflow_dc.py:211 已保存 20250922 资金流向数据: 45 个板块
2026-08-01 19:05:26,402 [INFO] fetch_moneyflow_dc.py:211 已保存 20250923 资金流向数据: 45 个板块
2026-08-01 19:05:26,408 [INFO] fetch_moneyflow_dc.py:211 已保存 20250924 资金流向数据: 45 个板块
2026-08-01 19:05:26,416 [INFO] fetch_moneyflow_dc.py:211 已保存 20250925 资金流向数据: 45 个板块
2026-08-01 19:05:26,425 [INFO] fetch_moneyflow_dc.py:211 已保存 20250926 资金流向数据: 45 个板块
2026-08-01 19:05:26,430 [INFO] fetch_moneyflow_dc.py:211 已保存 20250929 资金流向数据: 45 个板块
2026-08-01 19:05:26,434 [INFO] fetch_moneyflow_dc.py:211 已保存 20250930 资金流向数据: 45 个板块
2026-08-01 19:05:29,612 [INFO] fetch_moneyflow_dc.py:211 已保存 20251020 资金流向数据: 5 个板块
2026-08-01 19:05:29,614 [INFO] fetch_moneyflow_dc.py:211 已保存 20251021 资金流向数据: 45 个板块
2026-08-01 19:05:29,616 [INFO] fetch_moneyflow_dc.py:211 已保存 20251022 资金流向数据: 45 个板块
2026-08-01 19:05:29,617 [INFO] fetch_moneyflow_dc.py:211 已保存 20251023 资金流向数据: 45 个板块
2026-08-01 19:05:29,619 [INFO] fetch_moneyflow_dc.py:211 已保存 20251024 资金流向数据: 45 个板块
2026-08-01 19:05:29,620 [INFO] fetch_moneyflow_dc.py:211 已保存 20251027 资金流向数据: 45 个板块
2026-08-01 19:05:29,622 [INFO] fetch_moneyflow_dc.py:211 已保存 20251028 资金流向数据: 45 个板块
2026-08-01 19:05:29,623 [INFO] fetch_moneyflow_dc.py:211 已保存 20251029 资金流向数据: 45 个板块
2026-08-01 19:05:29,625 [INFO] fetch_moneyflow_dc.py:211 已保存 20251030 资金流向数据: 45 个板块
2026-08-01 19:05:29,627 [INFO] fetch_moneyflow_dc.py:211 已保存 20251031 资金流向数据: 45 个板块
2026-08-01 19:05:32,804 [INFO] fetch_moneyflow_dc.py:211 已保存 20251117 资金流向数据: 5 个板块
2026-08-01 19:05:32,806 [INFO] fetch_moneyflow_dc.py:211 已保存 20251118 资金流向数据: 45 个板块
2026-08-01 19:05:32,808 [INFO] fetch_moneyflow_dc.py:211 已保存 20251119 资金流向数据: 45 个板块
2026-08-01 19:05:32,810 [INFO] fetch_moneyflow_dc.py:211 已保存 20251120 资金流向数据: 45 个板块
2026-08-01 19:05:32,812 [INFO] fetch_moneyflow_dc.py:211 已保存 20251121 资金流向数据: 45 个板块
2026-08-01 19:05:32,813 [INFO] fetch_moneyflow_dc.py:211 已保存 20251124 资金流向数据: 45 个板块
2026-08-01 19:05:32,815 [INFO] fetch_moneyflow_dc.py:211 已保存 20251125 资金流向数据: 45 个板块
2026-08-01 19:05:32,817 [INFO] fetch_moneyflow_dc.py:211 已保存 20251126 资金流向数据: 45 个板块
2026-08-01 19:05:32,821 [INFO] fetch_moneyflow_dc.py:211 已保存 20251127 资金流向数据: 45 个板块
2026-08-01 19:05:32,823 [INFO] fetch_moneyflow_dc.py:211 已保存 20251128 资金流向数据: 45 个板块
2026-08-01 19:05:36,001 [INFO] fetch_moneyflow_dc.py:211 已保存 20251218 资金流向数据: 5 个板块
2026-08-01 19:05:36,002 [INFO] fetch_moneyflow_dc.py:211 已保存 20251219 资金流向数据: 45 个板块
2026-08-01 19:05:36,004 [INFO] fetch_moneyflow_dc.py:211 已保存 20251222 资金流向数据: 45 个板块
2026-08-01 19:05:36,006 [INFO] fetch_moneyflow_dc.py:211 已保存 20251223 资金流向数据: 45 个板块
2026-08-01 19:05:36,008 [INFO] fetch_moneyflow_dc.py:211 已保存 20251224 资金流向数据: 45 个板块
2026-08-01 19:05:36,009 [INFO] fetch_moneyflow_dc.py:211 已保存 20251225 资金流向数据: 45 个板块
2026-08-01 19:05:36,011 [INFO] fetch_moneyflow_dc.py:211 已保存 20251226 资金流向数据: 45 个板块
2026-08-01 19:05:36,014 [INFO] fetch_moneyflow_dc.py:211 已保存 20251229 资金流向数据: 45 个板块
2026-08-01 19:05:36,016 [INFO] fetch_moneyflow_dc.py:211 已保存 20251230 资金流向数据: 45 个板块
2026-08-01 19:05:36,019 [INFO] fetch_moneyflow_dc.py:211 已保存 20251231 资金流向数据: 45 个板块
2026-08-01 19:05:39,194 [INFO] fetch_moneyflow_dc.py:211 已保存 20260119 资金流向数据: 5 个板块
2026-08-01 19:05:39,197 [INFO] fetch_moneyflow_dc.py:211 已保存 20260120 资金流向数据: 45 个板块
2026-08-01 19:05:39,199 [INFO] fetch_moneyflow_dc.py:211 已保存 20260121 资金流向数据: 45 个板块
2026-08-01 19:05:39,202 [INFO] fetch_moneyflow_dc.py:211 已保存 20260122 资金流向数据: 45 个板块
2026-08-01 19:05:39,204 [INFO] fetch_moneyflow_dc.py:211 已保存 20260123 资金流向数据: 45 个板块
2026-08-01 19:05:39,206 [INFO] fetch_moneyflow_dc.py:211 已保存 20260126 资金流向数据: 45 个板块
2026-08-01 19:05:39,208 [INFO] fetch_moneyflow_dc.py:211 已保存 20260127 资金流向数据: 45 个板块
2026-08-01 19:05:39,210 [INFO] fetch_moneyflow_dc.py:211 已保存 20260128 资金流向数据: 45 个板块
2026-08-01 19:05:39,213 [INFO] fetch_moneyflow_dc.py:211 已保存 20260129 资金流向数据: 45 个板块
2026-08-01 19:05:39,216 [INFO] fetch_moneyflow_dc.py:211 已保存 20260130 资金流向数据: 45 个板块
2026-08-01 19:05:42,504 [INFO] fetch_moneyflow_dc.py:211 已保存 20260206 资金流向数据: 45 个板块
2026-08-01 19:05:42,506 [INFO] fetch_moneyflow_dc.py:211 已保存 20260209 资金流向数据: 45 个板块
2026-08-01 19:05:42,508 [INFO] fetch_moneyflow_dc.py:211 已保存 20260210 资金流向数据: 45 个板块
2026-08-01 19:05:42,510 [INFO] fetch_moneyflow_dc.py:211 已保存 20260211 资金流向数据: 45 个板块
2026-08-01 19:05:42,511 [INFO] fetch_moneyflow_dc.py:211 已保存 20260212 资金流向数据: 45 个板块
2026-08-01 19:05:42,513 [INFO] fetch_moneyflow_dc.py:211 已保存 20260213 资金流向数据: 45 个板块
2026-08-01 19:05:42,515 [INFO] fetch_moneyflow_dc.py:211 已保存 20260224 资金流向数据: 24 个板块
2026-08-01 19:05:42,517 [INFO] fetch_moneyflow_dc.py:211 已保存 20260225 资金流向数据: 24 个板块
2026-08-01 19:05:42,519 [INFO] fetch_moneyflow_dc.py:211 已保存 20260226 资金流向数据: 24 个板块
2026-08-01 19:05:42,521 [INFO] fetch_moneyflow_dc.py:211 已保存 20260227 资金流向数据: 24 个板块
2026-08-01 19:05:45,684 [INFO] fetch_moneyflow_dc.py:211 已保存 20260317 资金流向数据: 5 个板块
2026-08-01 19:05:45,685 [INFO] fetch_moneyflow_dc.py:211 已保存 20260318 资金流向数据: 23 个板块
2026-08-01 19:05:45,687 [INFO] fetch_moneyflow_dc.py:211 已保存 20260319 资金流向数据: 23 个板块
2026-08-01 19:05:45,688 [INFO] fetch_moneyflow_dc.py:211 已保存 20260320 资金流向数据: 23 个板块
2026-08-01 19:05:45,689 [INFO] fetch_moneyflow_dc.py:211 已保存 20260323 资金流向数据: 23 个板块
2026-08-01 19:05:45,691 [INFO] fetch_moneyflow_dc.py:211 已保存 20260324 资金流向数据: 23 个板块
2026-08-01 19:05:45,692 [INFO] fetch_moneyflow_dc.py:211 已保存 20260325 资金流向数据: 23 个板块
2026-08-01 19:05:45,693 [INFO] fetch_moneyflow_dc.py:211 已保存 20260326 资金流向数据: 23 个板块
2026-08-01 19:05:45,695 [INFO] fetch_moneyflow_dc.py:211 已保存 20260327 资金流向数据: 23 个板块
2026-08-01 19:05:45,697 [INFO] fetch_moneyflow_dc.py:211 已保存 20260330 资金流向数据: 23 个板块
2026-08-01 19:05:45,699 [INFO] fetch_moneyflow_dc.py:211 已保存 20260331 资金流向数据: 23 个板块
2026-08-01 19:05:48,867 [INFO] fetch_moneyflow_dc.py:211 已保存 20260416 资金流向数据: 7 个板块
2026-08-01 19:05:48,869 [INFO] fetch_moneyflow_dc.py:211 已保存 20260417 资金流向数据: 23 个板块
2026-08-01 19:05:48,871 [INFO] fetch_moneyflow_dc.py:211 已保存 20260420 资金流向数据: 23 个板块
2026-08-01 19:05:48,872 [INFO] fetch_moneyflow_dc.py:211 已保存 20260421 资金流向数据: 23 个板块
2026-08-01 19:05:48,874 [INFO] fetch_moneyflow_dc.py:211 已保存 20260422 资金流向数据: 23 个板块
2026-08-01 19:05:48,875 [INFO] fetch_moneyflow_dc.py:211 已保存 20260423 资金流向数据: 23 个板块
2026-08-01 19:05:48,877 [INFO] fetch_moneyflow_dc.py:211 已保存 20260424 资金流向数据: 23 个板块
2026-08-01 19:05:48,878 [INFO] fetch_moneyflow_dc.py:211 已保存 20260427 资金流向数据: 23 个板块
2026-08-01 19:05:48,881 [INFO] fetch_moneyflow_dc.py:211 已保存 20260428 资金流向数据: 23 个板块
2026-08-01 19:05:48,883 [INFO] fetch_moneyflow_dc.py:211 已保存 20260429 资金流向数据: 23 个板块
2026-08-01 19:05:48,885 [INFO] fetch_moneyflow_dc.py:211 已保存 20260430 资金流向数据: 23 个板块
2026-08-01 19:05:52,061 [INFO] fetch_moneyflow_dc.py:211 已保存 20260515 资金流向数据: 11 个板块
2026-08-01 19:05:52,073 [INFO] fetch_moneyflow_dc.py:211 已保存 20260518 资金流向数据: 23 个板块
2026-08-01 19:05:52,077 [INFO] fetch_moneyflow_dc.py:211 已保存 20260519 资金流向数据: 23 个板块
2026-08-01 19:05:52,086 [INFO] fetch_moneyflow_dc.py:211 已保存 20260520 资金流向数据: 23 个板块
2026-08-01 19:05:52,088 [INFO] fetch_moneyflow_dc.py:211 已保存 20260521 资金流向数据: 23 个板块
2026-08-01 19:05:52,090 [INFO] fetch_moneyflow_dc.py:211 已保存 20260522 资金流向数据: 23 个板块
2026-08-01 19:05:52,093 [INFO] fetch_moneyflow_dc.py:211 已保存 20260525 资金流向数据: 23 个板块
2026-08-01 19:05:52,099 [INFO] fetch_moneyflow_dc.py:211 已保存 20260526 资金流向数据: 23 个板块
2026-08-01 19:05:52,104 [INFO] fetch_moneyflow_dc.py:211 已保存 20260527 资金流向数据: 23 个板块
2026-08-01 19:05:52,151 [INFO] fetch_moneyflow_dc.py:211 已保存 20260528 资金流向数据: 23 个板块
2026-08-01 19:05:52,172 [INFO] fetch_moneyflow_dc.py:211 已保存 20260529 资金流向数据: 23 个板块
2026-08-01 19:05:55,377 [INFO] fetch_moneyflow_dc.py:211 已保存 20260615 资金流向数据: 4 个板块
2026-08-01 19:05:55,379 [INFO] fetch_moneyflow_dc.py:211 已保存 20260616 资金流向数据: 23 个板块
2026-08-01 19:05:55,380 [INFO] fetch_moneyflow_dc.py:211 已保存 20260617 资金流向数据: 23 个板块
2026-08-01 19:05:55,381 [INFO] fetch_moneyflow_dc.py:211 已保存 20260618 资金流向数据: 23 个板块
2026-08-01 19:05:55,383 [INFO] fetch_moneyflow_dc.py:211 已保存 20260622 资金流向数据: 23 个板块
2026-08-01 19:05:55,384 [INFO] fetch_moneyflow_dc.py:211 已保存 20260623 资金流向数据: 23 个板块
2026-08-01 19:05:55,396 [INFO] fetch_moneyflow_dc.py:211 已保存 20260624 资金流向数据: 23 个板块
2026-08-01 19:05:55,398 [INFO] fetch_moneyflow_dc.py:211 已保存 20260625 资金流向数据: 23 个板块
2026-08-01 19:05:55,404 [INFO] fetch_moneyflow_dc.py:211 已保存 20260626 资金流向数据: 23 个板块
2026-08-01 19:05:55,408 [INFO] fetch_moneyflow_dc.py:211 已保存 20260629 资金流向数据: 23 个板块
2026-08-01 19:05:55,410 [INFO] fetch_moneyflow_dc.py:211 已保存 20260630 资金流向数据: 23 个板块
2026-08-01 19:05:58,590 [INFO] fetch_moneyflow_dc.py:211 已保存 20260717 资金流向数据: 5 个板块
2026-08-01 19:05:58,592 [INFO] fetch_moneyflow_dc.py:211 已保存 20260720 资金流向数据: 23 个板块
2026-08-01 19:05:58,595 [INFO] fetch_moneyflow_dc.py:211 已保存 20260721 资金流向数据: 23 个板块
2026-08-01 19:05:58,598 [INFO] fetch_moneyflow_dc.py:211 已保存 20260722 资金流向数据: 23 个板块
2026-08-01 19:05:58,602 [INFO] fetch_moneyflow_dc.py:211 已保存 20260723 资金流向数据: 23 个板块
2026-08-01 19:05:58,612 [INFO] fetch_moneyflow_dc.py:211 已保存 20260724 资金流向数据: 23 个板块
2026-08-01 19:05:58,616 [INFO] fetch_moneyflow_dc.py:211 已保存 20260727 资金流向数据: 23 个板块
2026-08-01 19:05:58,619 [INFO] fetch_moneyflow_dc.py:211 已保存 20260728 资金流向数据: 23 个板块
2026-08-01 19:05:58,623 [INFO] fetch_moneyflow_dc.py:211 已保存 20260729 资金流向数据: 23 个板块
2026-08-01 19:05:58,632 [INFO] fetch_moneyflow_dc.py:211 已保存 20260730 资金流向数据: 23 个板块
2026-08-01 19:05:58,638 [INFO] fetch_moneyflow_dc.py:211 已保存 20260731 资金流向数据: 23 个板块
2026-08-01 19:06:01,641 [INFO] fetch_moneyflow_dc.py:346 全部任务完成
2026-08-01 19:07:14,647 [WARNING] fetch_moneyflow_dc.py:173 20250101~20250101 无数据
2026-08-01 19:07:16,332 [WARNING] fetch_moneyflow_dc.py:173 20250104~20250104 无数据
2026-08-01 19:07:16,883 [WARNING] fetch_moneyflow_dc.py:173 20250105~20250105 无数据
2026-08-01 19:10:52,443 [ERROR] fetch_moneyflow_dc.py:170 获取 20250201~20250201 板块资金流向失败: HTTPConnectionPool(host='api.waditu.com', port=80): Max retries exceeded with url: /dataapi/moneyflow_ind_dc (Caused by ConnectTimeoutError(<HTTPConnection(host='api.waditu.com', port=80) at 0x27cbf083380>, 'Connection to api.waditu.com timed out. (connect timeout=30)'))
2026-08-01 19:10:52,444 [ERROR] fetch_moneyflow_dc.py:170 获取 20250202~20250202 板块资金流向失败: HTTPConnectionPool(host='api.waditu.com', port=80): Max retries exceeded with url: /dataapi/moneyflow_ind_dc (Caused by ConnectTimeoutError(<HTTPConnection(host='api.waditu.com', port=80) at 0x27cbf0a0550>, 'Connection to api.waditu.com timed out. (connect timeout=30)'))
2026-08-01 19:10:52,444 [ERROR] fetch_moneyflow_dc.py:378 20250201 处理失败: HTTPConnectionPool(host='api.waditu.com', port=80): Max retries exceeded with url: /dataapi/moneyflow_ind_dc (Caused by ConnectTimeoutError(<HTTPConnection(host='api.waditu.com', port=80) at 0x27cbf083380>, 'Connection to api.waditu.com timed out. (connect timeout=30)'))
2026-08-01 19:10:52,453 [ERROR] fetch_moneyflow_dc.py:378 20250202 处理失败: HTTPConnectionPool(host='api.waditu.com', port=80): Max retries exceeded with url: /dataapi/moneyflow_ind_dc (Caused by ConnectTimeoutError(<HTTPConnection(host='api.waditu.com', port=80) at 0x27cbf0a0550>, 'Connection to api.waditu.com timed out. (connect timeout=30)'))
2026-08-01 19:10:52,459 [ERROR] fetch_moneyflow_dc.py:170 获取 20250203~20250203 板块资金流向失败: HTTPConnectionPool(host='api.waditu.com', port=80): Max retries exceeded with url: /dataapi/moneyflow_ind_dc (Caused by ConnectTimeoutError(<HTTPConnection(host='api.waditu.com', port=80) at 0x27cbf0a0050>, 'Connection to api.waditu.com timed out. (connect timeout=30)'))
2026-08-01 19:10:52,459 [ERROR] fetch_moneyflow_dc.py:170 获取 20250204~20250204 板块资金流向失败: HTTPConnectionPool(host='api.waditu.com', port=80): Max retries exceeded with url: /dataapi/moneyflow_ind_dc (Caused by ConnectTimeoutError(<HTTPConnection(host='api.waditu.com', port=80) at 0x27cbeff36f0>, 'Connection to api.waditu.com timed out. (connect timeout=30)'))
2026-08-01 19:10:52,459 [ERROR] fetch_moneyflow_dc.py:378 20250203 处理失败: HTTPConnectionPool(host='api.waditu.com', port=80): Max retries exceeded with url: /dataapi/moneyflow_ind_dc (Caused by ConnectTimeoutError(<HTTPConnection(host='api.waditu.com', port=80) at 0x27cbf0a0050>, 'Connection to api.waditu.com timed out. (connect timeout=30)'))
2026-08-01 19:10:52,459 [ERROR] fetch_moneyflow_dc.py:378 20250204 处理失败: HTTPConnectionPool(host='api.waditu.com', port=80): Max retries exceeded with url: /dataapi/moneyflow_ind_dc (Caused by ConnectTimeoutError(<HTTPConnection(host='api.waditu.com', port=80) at 0x27cbeff36f0>, 'Connection to api.waditu.com timed out. (connect timeout=30)'))
2026-08-01 19:12:26,094 [ERROR] fetch_moneyflow_dc.py:170 获取 20250309~20250309 板块资金流向失败: 抱歉，您访问接口(moneyflow_ind_dc)频率超限(500次/分钟)，具体频次详情：https://tushare.pro/document/1?doc_id=108。
2026-08-01 19:12:26,095 [ERROR] fetch_moneyflow_dc.py:378 20250309 处理失败: 抱歉，您访问接口(moneyflow_ind_dc)频率超限(500次/分钟)，具体频次详情：https://tushare.pro/document/1?doc_id=108。
2026-08-01 19:12:26,138 [ERROR] fetch_moneyflow_dc.py:170 获取 20250310~20250310 板块资金流向失败: 抱歉，您访问接口(moneyflow_ind_dc)频率超限(500次/分钟)，具体频次详情：https://tushare.pro/document/1?doc_id=108。
2026-08-01 19:12:26,138 [ERROR] fetch_moneyflow_dc.py:378 20250310 处理失败: 抱歉，您访问接口(moneyflow_ind_dc)频率超限(500次/分钟)，具体频次详情：https://tushare.pro/document/1?doc_id=108。
2026-08-01 19:12:26,168 [ERROR] fetch_moneyflow_dc.py:170 获取 20250311~20250311 板块资金流向失败: 抱歉，您访问接口(moneyflow_ind_dc)频率超限(500次/分钟)，具体频次详情：https://tushare.pro/document/1?doc_id=108。
2026-08-01 19:12:26,169 [ERROR] fetch_moneyflow_dc.py:378 20250311 处理失败: 抱歉，您访问接口(moneyflow_ind_dc)频率超限(500次/分钟)，具体频次详情：https://tushare.pro/document/1?doc_id=108。
2026-08-01 19:12:26,187 [ERROR] fetch_moneyflow_dc.py:170 获取 20250312~20250312 板块资金流向失败: 抱歉，您访问接口(moneyflow_ind_dc)频率超限(500次/分钟)，具体频次详情：https://tushare.pro/document/1?doc_id=108。
2026-08-01 19:12:26,188 [ERROR] fetch_moneyflow_dc.py:378 20250312 处理失败: 抱歉，您访问接口(moneyflow_ind_dc)频率超限(500次/分钟)，具体频次详情：https://tushare.pro/document/1?doc_id=108。
2026-08-01 19:12:26,217 [ERROR] fetch_moneyflow_dc.py:170 获取 20250313~20250313 板块资金流向失败: 抱歉，您访问接口(moneyflow_ind_dc)频率超限(500次/分钟)，具体频次详情：https://tushare.pro/document/1?doc_id=108。
2026-08-01 19:12:26,217 [ERROR] fetch_moneyflow_dc.py:378 20250313 处理失败: 抱歉，您访问接口(moneyflow_ind_dc)频率超限(500次/分钟)，具体频次详情：https://tushare.pro/document/1?doc_id=108。
2026-08-01 19:12:26,236 [ERROR] fetch_moneyflow_dc.py:170 获取 20250314~20250314 板块资金流向失败: 抱歉，您访问接口(moneyflow_ind_dc)频率超限(500次/分钟)，具体频次详情：https://tushare.pro/document/1?doc_id=108。
2026-08-01 19:12:26,237 [ERROR] fetch_moneyflow_dc.py:378 20250314 处理失败: 抱歉，您访问接口(moneyflow_ind_dc)频率超限(500次/分钟)，具体频次详情：https://tushare.pro/document/1?doc_id=108。
2026-08-01 19:12:26,263 [ERROR] fetch_moneyflow_dc.py:170 获取 20250315~20250315 板块资金流向失败: 抱歉，您访问接口(moneyflow_ind_dc)频率超限(500次/分钟)，具体频次详情：https://tushare.pro/document/1?doc_id=108。
2026-08-01 19:12:26,263 [ERROR] fetch_moneyflow_dc.py:378 20250315 处理失败: 抱歉，您访问接口(moneyflow_ind_dc)频率超限(500次/分钟)，具体频次详情：https://tushare.pro/document/1?doc_id=108。
2026-08-01 19:12:26,283 [ERROR] fetch_moneyflow_dc.py:170 获取 20250316~20250316 板块资金流向失败: 抱歉，您访问接口(moneyflow_ind_dc)频率超限(500次/分钟)，具体频次详情：https://tushare.pro/document/1?doc_id=108。
2026-08-01 19:12:26,284 [ERROR] fetch_moneyflow_dc.py:378 20250316 处理失败: 抱歉，您访问接口(moneyflow_ind_dc)频率超限(500次/分钟)，具体频次详情：https://tushare.pro/document/1?doc_id=108。
2026-08-01 19:12:26,313 [ERROR] fetch_moneyflow_dc.py:170 获取 20250317~20250317 板块资金流向失败: 抱歉，您访问接口(moneyflow_ind_dc)频率超限(500次/分钟)，具体频次详情：https://tushare.pro/document/1?doc_id=108。
2026-08-01 19:12:26,314 [ERROR] fetch_moneyflow_dc.py:378 20250317 处理失败: 抱歉，您访问接口(moneyflow_ind_dc)频率超限(500次/分钟)，具体频次详情：https://tushare.pro/document/1?doc_id=108。
2026-08-01 19:12:26,337 [ERROR] fetch_moneyflow_dc.py:170 获取 20250318~20250318 板块资金流向失败: 抱歉，您访问接口(moneyflow_ind_dc)频率超限(500次/分钟)，具体频次详情：https://tushare.pro/document/1?doc_id=108。
2026-08-01 19:12:26,337 [ERROR] fetch_moneyflow_dc.py:378 20250318 处理失败: 抱歉，您访问接口(moneyflow_ind_dc)频率超限(500次/分钟)，具体频次详情：https://tushare.pro/document/1?doc_id=108。
2026-08-01 19:12:26,364 [ERROR] fetch_moneyflow_dc.py:170 获取 20250319~20250319 板块资金流向失败: 抱歉，您访问接口(moneyflow_ind_dc)频率超限(500次/分钟)，具体频次详情：https://tushare.pro/document/1?doc_id=108。
2026-08-01 19:12:26,365 [ERROR] fetch_moneyflow_dc.py:378 20250319 处理失败: 抱歉，您访问接口(moneyflow_ind_dc)频率超限(500次/分钟)，具体频次详情：https://tushare.pro/document/1?doc_id=108。
2026-08-01 19:12:26,386 [ERROR] fetch_moneyflow_dc.py:170 获取 20250320~20250320 板块资金流向失败: 抱歉，您访问接口(moneyflow_ind_dc)频率超限(500次/分钟)，具体频次详情：https://tushare.pro/document/1?doc_id=108。
2026-08-01 19:12:26,386 [ERROR] fetch_moneyflow_dc.py:378 20250320 处理失败: 抱歉，您访问接口(moneyflow_ind_dc)频率超限(500次/分钟)，具体频次详情：https://tushare.pro/document/1?doc_id=108。
2026-08-01 19:12:26,415 [ERROR] fetch_moneyflow_dc.py:170 获取 20250321~20250321 板块资金流向失败: 抱歉，您访问接口(moneyflow_ind_dc)频率超限(500次/分钟)，具体频次详情：https://tushare.pro/document/1?doc_id=108。
2026-08-01 19:12:26,415 [ERROR] fetch_moneyflow_dc.py:378 20250321 处理失败: 抱歉，您访问接口(moneyflow_ind_dc)频率超限(500次/分钟)，具体频次详情：https://tushare.pro/document/1?doc_id=108。
2026-08-01 19:12:26,433 [ERROR] fetch_moneyflow_dc.py:170 获取 20250322~20250322 板块资金流向失败: 抱歉，您访问接口(moneyflow_ind_dc)频率超限(500次/分钟)，具体频次详情：https://tushare.pro/document/1?doc_id=108。
2026-08-01 19:12:26,433 [ERROR] fetch_moneyflow_dc.py:378 20250322 处理失败: 抱歉，您访问接口(moneyflow_ind_dc)频率超限(500次/分钟)，具体频次详情：https://tushare.pro/document/1?doc_id=108。
2026-08-01 19:12:26,465 [ERROR] fetch_moneyflow_dc.py:170 获取 20250323~20250323 板块资金流向失败: 抱歉，您访问接口(moneyflow_ind_dc)频率超限(500次/分钟)，具体频次详情：https://tushare.pro/document/1?doc_id=108。
2026-08-01 19:12:26,465 [ERROR] fetch_moneyflow_dc.py:378 20250323 处理失败: 抱歉，您访问接口(moneyflow_ind_dc)频率超限(500次/分钟)，具体频次详情：https://tushare.pro/document/1?doc_id=108。
2026-08-01 19:12:26,491 [ERROR] fetch_moneyflow_dc.py:170 获取 20250324~20250324 板块资金流向失败: 抱歉，您访问接口(moneyflow_ind_dc)频率超限(500次/分钟)，具体频次详情：https://tushare.pro/document/1?doc_id=108。
2026-08-01 19:12:26,492 [ERROR] fetch_moneyflow_dc.py:378 20250324 处理失败: 抱歉，您访问接口(moneyflow_ind_dc)频率超限(500次/分钟)，具体频次详情：https://tushare.pro/document/1?doc_id=108。
2026-08-01 19:12:26,511 [ERROR] fetch_moneyflow_dc.py:170 获取 20250325~20250325 板块资金流向失败: 抱歉，您访问接口(moneyflow_ind_dc)频率超限(500次/分钟)，具体频次详情：https://tushare.pro/document/1?doc_id=108。
2026-08-01 19:12:26,511 [ERROR] fetch_moneyflow_dc.py:378 20250325 处理失败: 抱歉，您访问接口(moneyflow_ind_dc)频率超限(500次/分钟)，具体频次详情：https://tushare.pro/document/1?doc_id=108。
2026-08-01 19:12:26,539 [ERROR] fetch_moneyflow_dc.py:170 获取 20250326~20250326 板块资金流向失败: 抱歉，您访问接口(moneyflow_ind_dc)频率超限(500次/分钟)，具体频次详情：https://tushare.pro/document/1?doc_id=108。
2026-08-01 19:12:26,539 [ERROR] fetch_moneyflow_dc.py:378 20250326 处理失败: 抱歉，您访问接口(moneyflow_ind_dc)频率超限(500次/分钟)，具体频次详情：https://tushare.pro/document/1?doc_id=108。
2026-08-01 19:12:26,557 [ERROR] fetch_moneyflow_dc.py:170 获取 20250327~20250327 板块资金流向失败: 抱歉，您访问接口(moneyflow_ind_dc)频率超限(500次/分钟)，具体频次详情：https://tushare.pro/document/1?doc_id=108。
2026-08-01 19:12:26,557 [ERROR] fetch_moneyflow_dc.py:378 20250327 处理失败: 抱歉，您访问接口(moneyflow_ind_dc)频率超限(500次/分钟)，具体频次详情：https://tushare.pro/document/1?doc_id=108。
2026-08-01 19:12:26,583 [ERROR] fetch_moneyflow_dc.py:170 获取 20250328~20250328 板块资金流向失败: 抱歉，您访问接口(moneyflow_ind_dc)频率超限(500次/分钟)，具体频次详情：https://tushare.pro/document/1?doc_id=108。
2026-08-01 19:12:26,583 [ERROR] fetch_moneyflow_dc.py:378 20250328 处理失败: 抱歉，您访问接口(moneyflow_ind_dc)频率超限(500次/分钟)，具体频次详情：https://tushare.pro/document/1?doc_id=108。
2026-08-01 19:12:26,606 [ERROR] fetch_moneyflow_dc.py:170 获取 20250329~20250329 板块资金流向失败: 抱歉，您访问接口(moneyflow_ind_dc)频率超限(500次/分钟)，具体频次详情：https://tushare.pro/document/1?doc_id=108。
2026-08-01 19:12:26,607 [ERROR] fetch_moneyflow_dc.py:378 20250329 处理失败: 抱歉，您访问接口(moneyflow_ind_dc)频率超限(500次/分钟)，具体频次详情：https://tushare.pro/document/1?doc_id=108。
2026-08-01 19:12:26,630 [ERROR] fetch_moneyflow_dc.py:170 获取 20250330~20250330 板块资金流向失败: 抱歉，您访问接口(moneyflow_ind_dc)频率超限(500次/分钟)，具体频次详情：https://tushare.pro/document/1?doc_id=108。
2026-08-01 19:12:26,630 [ERROR] fetch_moneyflow_dc.py:378 20250330 处理失败: 抱歉，您访问接口(moneyflow_ind_dc)频率超限(500次/分钟)，具体频次详情：https://tushare.pro/document/1?doc_id=108。
2026-08-01 19:12:26,655 [ERROR] fetch_moneyflow_dc.py:170 获取 20250331~20250331 板块资金流向失败: 抱歉，您访问接口(moneyflow_ind_dc)频率超限(500次/分钟)，具体频次详情：https://tushare.pro/document/1?doc_id=108。
2026-08-01 19:12:26,655 [ERROR] fetch_moneyflow_dc.py:378 20250331 处理失败: 抱歉，您访问接口(moneyflow_ind_dc)频率超限(500次/分钟)，具体频次详情：https://tushare.pro/document/1?doc_id=108。
2026-08-01 19:12:26,676 [ERROR] fetch_moneyflow_dc.py:170 获取 20250401~20250401 板块资金流向失败: 抱歉，您访问接口(moneyflow_ind_dc)频率超限(500次/分钟)，具体频次详情：https://tushare.pro/document/1?doc_id=108。
2026-08-01 19:12:26,676 [ERROR] fetch_moneyflow_dc.py:378 20250401 处理失败: 抱歉，您访问接口(moneyflow_ind_dc)频率超限(500次/分钟)，具体频次详情：https://tushare.pro/document/1?doc_id=108。
2026-08-01 19:12:26,703 [ERROR] fetch_moneyflow_dc.py:170 获取 20250402~20250402 板块资金流向失败: 抱歉，您访问接口(moneyflow_ind_dc)频率超限(500次/分钟)，具体频次详情：https://tushare.pro/document/1?doc_id=108。
2026-08-01 19:12:26,704 [ERROR] fetch_moneyflow_dc.py:378 20250402 处理失败: 抱歉，您访问接口(moneyflow_ind_dc)频率超限(500次/分钟)，具体频次详情：https://tushare.pro/document/1?doc_id=108。
2026-08-01 19:12:26,726 [ERROR] fetch_moneyflow_dc.py:170 获取 20250403~20250403 板块资金流向失败: 抱歉，您访问接口(moneyflow_ind_dc)频率超限(500次/分钟)，具体频次详情：https://tushare.pro/document/1?doc_id=108。
2026-08-01 19:12:26,726 [ERROR] fetch_moneyflow_dc.py:378 20250403 处理失败: 抱歉，您访问接口(moneyflow_ind_dc)频率超限(500次/分钟)，具体频次详情：https://tushare.pro/document/1?doc_id=108。
2026-08-01 19:12:26,752 [ERROR] fetch_moneyflow_dc.py:170 获取 20250404~20250404 板块资金流向失败: 抱歉，您访问接口(moneyflow_ind_dc)频率超限(500次/分钟)，具体频次详情：https://tushare.pro/document/1?doc_id=108。
2026-08-01 19:12:26,752 [ERROR] fetch_moneyflow_dc.py:378 20250404 处理失败: 抱歉，您访问接口(moneyflow_ind_dc)频率超限(500次/分钟)，具体频次详情：https://tushare.pro/document/1?doc_id=108。
2026-08-01 19:12:26,776 [ERROR] fetch_moneyflow_dc.py:170 获取 20250405~20250405 板块资金流向失败: 抱歉，您访问接口(moneyflow_ind_dc)频率超限(500次/分钟)，具体频次详情：https://tushare.pro/document/1?doc_id=108。
2026-08-01 19:12:26,776 [ERROR] fetch_moneyflow_dc.py:378 20250405 处理失败: 抱歉，您访问接口(moneyflow_ind_dc)频率超限(500次/分钟)，具体频次详情：https://tushare.pro/document/1?doc_id=108。
2026-08-01 19:12:26,813 [ERROR] fetch_moneyflow_dc.py:170 获取 20250406~20250406 板块资金流向失败: 抱歉，您访问接口(moneyflow_ind_dc)频率超限(500次/分钟)，具体频次详情：https://tushare.pro/document/1?doc_id=108。
2026-08-01 19:12:26,813 [ERROR] fetch_moneyflow_dc.py:378 20250406 处理失败: 抱歉，您访问接口(moneyflow_ind_dc)频率超限(500次/分钟)，具体频次详情：https://tushare.pro/document/1?doc_id=108。
2026-08-01 19:12:26,825 [ERROR] fetch_moneyflow_dc.py:170 获取 20250407~20250407 板块资金流向失败: 抱歉，您访问接口(moneyflow_ind_dc)频率超限(500次/分钟)，具体频次详情：https://tushare.pro/document/1?doc_id=108。
2026-08-01 19:12:26,825 [ERROR] fetch_moneyflow_dc.py:378 20250407 处理失败: 抱歉，您访问接口(moneyflow_ind_dc)频率超限(500次/分钟)，具体频次详情：https://tushare.pro/document/1?doc_id=108。
2026-08-01 19:12:26,863 [ERROR] fetch_moneyflow_dc.py:170 获取 20250408~20250408 板块资金流向失败: 抱歉，您访问接口(moneyflow_ind_dc)频率超限(500次/分钟)，具体频次详情：https://tushare.pro/document/1?doc_id=108。
2026-08-01 19:12:26,864 [ERROR] fetch_moneyflow_dc.py:378 20250408 处理失败: 抱歉，您访问接口(moneyflow_ind_dc)频率超限(500次/分钟)，具体频次详情：https://tushare.pro/document/1?doc_id=108。
2026-08-01 19:12:26,871 [ERROR] fetch_moneyflow_dc.py:170 获取 20250409~20250409 板块资金流向失败: 抱歉，您访问接口(moneyflow_ind_dc)频率超限(500次/分钟)，具体频次详情：https://tushare.pro/document/1?doc_id=108。
2026-08-01 19:12:26,872 [ERROR] fetch_moneyflow_dc.py:378 20250409 处理失败: 抱歉，您访问接口(moneyflow_ind_dc)频率超限(500次/分钟)，具体频次详情：https://tushare.pro/document/1?doc_id=108。
2026-08-01 19:12:26,914 [ERROR] fetch_moneyflow_dc.py:170 获取 20250410~20250410 板块资金流向失败: 抱歉，您访问接口(moneyflow_ind_dc)频率超限(500次/分钟)，具体频次详情：https://tushare.pro/document/1?doc_id=108。
2026-08-01 19:12:26,915 [ERROR] fetch_moneyflow_dc.py:378 20250410 处理失败: 抱歉，您访问接口(moneyflow_ind_dc)频率超限(500次/分钟)，具体频次详情：https://tushare.pro/document/1?doc_id=108。
2026-08-01 19:12:26,922 [ERROR] fetch_moneyflow_dc.py:170 获取 20250411~20250411 板块资金流向失败: 抱歉，您访问接口(moneyflow_ind_dc)频率超限(500次/分钟)，具体频次详情：https://tushare.pro/document/1?doc_id=108。
2026-08-01 19:12:26,922 [ERROR] fetch_moneyflow_dc.py:378 20250411 处理失败: 抱歉，您访问接口(moneyflow_ind_dc)频率超限(500次/分钟)，具体频次详情：https://tushare.pro/document/1?doc_id=108。
2026-08-01 19:12:26,965 [ERROR] fetch_moneyflow_dc.py:170 获取 20250412~20250412 板块资金流向失败: 抱歉，您访问接口(moneyflow_ind_dc)频率超限(500次/分钟)，具体频次详情：https://tushare.pro/document/1?doc_id=108。
2026-08-01 19:12:26,965 [ERROR] fetch_moneyflow_dc.py:378 20250412 处理失败: 抱歉，您访问接口(moneyflow_ind_dc)频率超限(500次/分钟)，具体频次详情：https://tushare.pro/document/1?doc_id=108。
2026-08-01 19:12:26,995 [ERROR] fetch_moneyflow_dc.py:170 获取 20250413~20250413 板块资金流向失败: 抱歉，您访问接口(moneyflow_ind_dc)频率超限(500次/分钟)，具体频次详情：https://tushare.pro/document/1?doc_id=108。
2026-08-01 19:12:26,996 [ERROR] fetch_moneyflow_dc.py:378 20250413 处理失败: 抱歉，您访问接口(moneyflow_ind_dc)频率超限(500次/分钟)，具体频次详情：https://tushare.pro/document/1?doc_id=108。
2026-08-01 19:12:27,013 [ERROR] fetch_moneyflow_dc.py:170 获取 20250414~20250414 板块资金流向失败: 抱歉，您访问接口(moneyflow_ind_dc)频率超限(500次/分钟)，具体频次详情：https://tushare.pro/document/1?doc_id=108。
2026-08-01 19:12:27,013 [ERROR] fetch_moneyflow_dc.py:378 20250414 处理失败: 抱歉，您访问接口(moneyflow_ind_dc)频率超限(500次/分钟)，具体频次详情：https://tushare.pro/document/1?doc_id=108。
2026-08-01 19:12:27,042 [ERROR] fetch_moneyflow_dc.py:170 获取 20250415~20250415 板块资金流向失败: 抱歉，您访问接口(moneyflow_ind_dc)频率超限(500次/分钟)，具体频次详情：https://tushare.pro/document/1?doc_id=108。
2026-08-01 19:12:27,043 [ERROR] fetch_moneyflow_dc.py:378 20250415 处理失败: 抱歉，您访问接口(moneyflow_ind_dc)频率超限(500次/分钟)，具体频次详情：https://tushare.pro/document/1?doc_id=108。
2026-08-01 19:12:27,059 [ERROR] fetch_moneyflow_dc.py:170 获取 20250416~20250416 板块资金流向失败: 抱歉，您访问接口(moneyflow_ind_dc)频率超限(500次/分钟)，具体频次详情：https://tushare.pro/document/1?doc_id=108。
2026-08-01 19:12:27,059 [ERROR] fetch_moneyflow_dc.py:378 20250416 处理失败: 抱歉，您访问接口(moneyflow_ind_dc)频率超限(500次/分钟)，具体频次详情：https://tushare.pro/document/1?doc_id=108。
2026-08-01 19:12:27,091 [ERROR] fetch_moneyflow_dc.py:170 获取 20250417~20250417 板块资金流向失败: 抱歉，您访问接口(moneyflow_ind_dc)频率超限(500次/分钟)，具体频次详情：https://tushare.pro/document/1?doc_id=108。
2026-08-01 19:12:27,092 [ERROR] fetch_moneyflow_dc.py:378 20250417 处理失败: 抱歉，您访问接口(moneyflow_ind_dc)频率超限(500次/分钟)，具体频次详情：https://tushare.pro/document/1?doc_id=108。
2026-08-01 19:12:27,107 [ERROR] fetch_moneyflow_dc.py:170 获取 20250418~20250418 板块资金流向失败: 抱歉，您访问接口(moneyflow_ind_dc)频率超限(500次/分钟)，具体频次详情：https://tushare.pro/document/1?doc_id=108。
2026-08-01 19:12:27,107 [ERROR] fetch_moneyflow_dc.py:378 20250418 处理失败: 抱歉，您访问接口(moneyflow_ind_dc)频率超限(500次/分钟)，具体频次详情：https://tushare.pro/document/1?doc_id=108。
2026-08-01 19:12:27,139 [ERROR] fetch_moneyflow_dc.py:170 获取 20250419~20250419 板块资金流向失败: 抱歉，您访问接口(moneyflow_ind_dc)频率超限(500次/分钟)，具体频次详情：https://tushare.pro/document/1?doc_id=108。
2026-08-01 19:12:27,140 [ERROR] fetch_moneyflow_dc.py:378 20250419 处理失败: 抱歉，您访问接口(moneyflow_ind_dc)频率超限(500次/分钟)，具体频次详情：https://tushare.pro/document/1?doc_id=108。
2026-08-01 19:12:27,155 [ERROR] fetch_moneyflow_dc.py:170 获取 20250420~20250420 板块资金流向失败: 抱歉，您访问接口(moneyflow_ind_dc)频率超限(500次/分钟)，具体频次详情：https://tushare.pro/document/1?doc_id=108。
2026-08-01 19:12:27,155 [ERROR] fetch_moneyflow_dc.py:378 20250420 处理失败: 抱歉，您访问接口(moneyflow_ind_dc)频率超限(500次/分钟)，具体频次详情：https://tushare.pro/document/1?doc_id=108。
2026-08-01 19:12:27,187 [ERROR] fetch_moneyflow_dc.py:170 获取 20250421~20250421 板块资金流向失败: 抱歉，您访问接口(moneyflow_ind_dc)频率超限(500次/分钟)，具体频次详情：https://tushare.pro/document/1?doc_id=108。
2026-08-01 19:12:27,187 [ERROR] fetch_moneyflow_dc.py:378 20250421 处理失败: 抱歉，您访问接口(moneyflow_ind_dc)频率超限(500次/分钟)，具体频次详情：https://tushare.pro/document/1?doc_id=108。
2026-08-01 19:12:27,203 [ERROR] fetch_moneyflow_dc.py:170 获取 20250422~20250422 板块资金流向失败: 抱歉，您访问接口(moneyflow_ind_dc)频率超限(500次/分钟)，具体频次详情：https://tushare.pro/document/1?doc_id=108。
2026-08-01 19:12:27,204 [ERROR] fetch_moneyflow_dc.py:378 20250422 处理失败: 抱歉，您访问接口(moneyflow_ind_dc)频率超限(500次/分钟)，具体频次详情：https://tushare.pro/document/1?doc_id=108。
2026-08-01 19:12:27,235 [ERROR] fetch_moneyflow_dc.py:170 获取 20250423~20250423 板块资金流向失败: 抱歉，您访问接口(moneyflow_ind_dc)频率超限(500次/分钟)，具体频次详情：https://tushare.pro/document/1?doc_id=108。
2026-08-01 19:12:27,236 [ERROR] fetch_moneyflow_dc.py:378 20250423 处理失败: 抱歉，您访问接口(moneyflow_ind_dc)频率超限(500次/分钟)，具体频次详情：https://tushare.pro/document/1?doc_id=108。
2026-08-01 19:12:27,249 [ERROR] fetch_moneyflow_dc.py:170 获取 20250424~20250424 板块资金流向失败: 抱歉，您访问接口(moneyflow_ind_dc)频率超限(500次/分钟)，具体频次详情：https://tushare.pro/document/1?doc_id=108。
2026-08-01 19:12:27,250 [ERROR] fetch_moneyflow_dc.py:378 20250424 处理失败: 抱歉，您访问接口(moneyflow_ind_dc)频率超限(500次/分钟)，具体频次详情：https://tushare.pro/document/1?doc_id=108。
2026-08-01 19:12:27,284 [ERROR] fetch_moneyflow_dc.py:170 获取 20250425~20250425 板块资金流向失败: 抱歉，您访问接口(moneyflow_ind_dc)频率超限(500次/分钟)，具体频次详情：https://tushare.pro/document/1?doc_id=108。
2026-08-01 19:12:27,284 [ERROR] fetch_moneyflow_dc.py:378 20250425 处理失败: 抱歉，您访问接口(moneyflow_ind_dc)频率超限(500次/分钟)，具体频次详情：https://tushare.pro/document/1?doc_id=108。
2026-08-01 19:12:27,298 [ERROR] fetch_moneyflow_dc.py:170 获取 20250426~20250426 板块资金流向失败: 抱歉，您访问接口(moneyflow_ind_dc)频率超限(500次/分钟)，具体频次详情：https://tushare.pro/document/1?doc_id=108。
2026-08-01 19:12:27,298 [ERROR] fetch_moneyflow_dc.py:378 20250426 处理失败: 抱歉，您访问接口(moneyflow_ind_dc)频率超限(500次/分钟)，具体频次详情：https://tushare.pro/document/1?doc_id=108。
2026-08-01 19:12:27,330 [ERROR] fetch_moneyflow_dc.py:170 获取 20250427~20250427 板块资金流向失败: 抱歉，您访问接口(moneyflow_ind_dc)频率超限(500次/分钟)，具体频次详情：https://tushare.pro/document/1?doc_id=108。
2026-08-01 19:12:27,331 [ERROR] fetch_moneyflow_dc.py:378 20250427 处理失败: 抱歉，您访问接口(moneyflow_ind_dc)频率超限(500次/分钟)，具体频次详情：https://tushare.pro/document/1?doc_id=108。
2026-08-01 19:12:27,347 [ERROR] fetch_moneyflow_dc.py:170 获取 20250428~20250428 板块资金流向失败: 抱歉，您访问接口(moneyflow_ind_dc)频率超限(500次/分钟)，具体频次详情：https://tushare.pro/document/1?doc_id=108。
2026-08-01 19:12:27,348 [ERROR] fetch_moneyflow_dc.py:378 20250428 处理失败: 抱歉，您访问接口(moneyflow_ind_dc)频率超限(500次/分钟)，具体频次详情：https://tushare.pro/document/1?doc_id=108。
2026-08-01 19:12:27,396 [ERROR] fetch_moneyflow_dc.py:170 获取 20250430~20250430 板块资金流向失败: 抱歉，您访问接口(moneyflow_ind_dc)频率超限(500次/分钟)，具体频次详情：https://tushare.pro/document/1?doc_id=108。
2026-08-01 19:12:27,397 [ERROR] fetch_moneyflow_dc.py:378 20250430 处理失败: 抱歉，您访问接口(moneyflow_ind_dc)频率超限(500次/分钟)，具体频次详情：https://tushare.pro/document/1?doc_id=108。
2026-08-01 19:12:27,401 [ERROR] fetch_moneyflow_dc.py:170 获取 20250429~20250429 板块资金流向失败: 抱歉，您访问接口(moneyflow_ind_dc)频率超限(500次/分钟)，具体频次详情：https://tushare.pro/document/1?doc_id=108。
2026-08-01 19:12:27,402 [ERROR] fetch_moneyflow_dc.py:378 20250429 处理失败: 抱歉，您访问接口(moneyflow_ind_dc)频率超限(500次/分钟)，具体频次详情：https://tushare.pro/document/1?doc_id=108。
2026-08-01 19:12:27,449 [ERROR] fetch_moneyflow_dc.py:170 获取 20250502~20250502 板块资金流向失败: 抱歉，您访问接口(moneyflow_ind_dc)频率超限(500次/分钟)，具体频次详情：https://tushare.pro/document/1?doc_id=108。
2026-08-01 19:12:27,449 [ERROR] fetch_moneyflow_dc.py:378 20250502 处理失败: 抱歉，您访问接口(moneyflow_ind_dc)频率超限(500次/分钟)，具体频次详情：https://tushare.pro/document/1?doc_id=108。
2026-08-01 19:12:27,451 [ERROR] fetch_moneyflow_dc.py:170 获取 20250501~20250501 板块资金流向失败: 抱歉，您访问接口(moneyflow_ind_dc)频率超限(500次/分钟)，具体频次详情：https://tushare.pro/document/1?doc_id=108。
2026-08-01 19:12:27,451 [ERROR] fetch_moneyflow_dc.py:378 20250501 处理失败: 抱歉，您访问接口(moneyflow_ind_dc)频率超限(500次/分钟)，具体频次详情：https://tushare.pro/document/1?doc_id=108。
2026-08-01 19:12:27,495 [ERROR] fetch_moneyflow_dc.py:170 获取 20250503~20250503 板块资金流向失败: 抱歉，您访问接口(moneyflow_ind_dc)频率超限(500次/分钟)，具体频次详情：https://tushare.pro/document/1?doc_id=108。
2026-08-01 19:12:27,496 [ERROR] fetch_moneyflow_dc.py:378 20250503 处理失败: 抱歉，您访问接口(moneyflow_ind_dc)频率超限(500次/分钟)，具体频次详情：https://tushare.pro/document/1?doc_id=108。
2026-08-01 19:12:27,503 [ERROR] fetch_moneyflow_dc.py:170 获取 20250504~20250504 板块资金流向失败: 抱歉，您访问接口(moneyflow_ind_dc)频率超限(500次/分钟)，具体频次详情：https://tushare.pro/document/1?doc_id=108。
2026-08-01 19:12:27,504 [ERROR] fetch_moneyflow_dc.py:378 20250504 处理失败: 抱歉，您访问接口(moneyflow_ind_dc)频率超限(500次/分钟)，具体频次详情：https://tushare.pro/document/1?doc_id=108。
2026-08-01 19:12:27,546 [ERROR] fetch_moneyflow_dc.py:170 获取 20250505~20250505 板块资金流向失败: 抱歉，您访问接口(moneyflow_ind_dc)频率超限(500次/分钟)，具体频次详情：https://tushare.pro/document/1?doc_id=108。
2026-08-01 19:12:27,546 [ERROR] fetch_moneyflow_dc.py:378 20250505 处理失败: 抱歉，您访问接口(moneyflow_ind_dc)频率超限(500次/分钟)，具体频次详情：https://tushare.pro/document/1?doc_id=108。
2026-08-01 19:12:27,553 [ERROR] fetch_moneyflow_dc.py:170 获取 20250506~20250506 板块资金流向失败: 抱歉，您访问接口(moneyflow_ind_dc)频率超限(500次/分钟)，具体频次详情：https://tushare.pro/document/1?doc_id=108。
2026-08-01 19:12:27,553 [ERROR] fetch_moneyflow_dc.py:378 20250506 处理失败: 抱歉，您访问接口(moneyflow_ind_dc)频率超限(500次/分钟)，具体频次详情：https://tushare.pro/document/1?doc_id=108。
2026-08-01 19:12:27,598 [ERROR] fetch_moneyflow_dc.py:170 获取 20250507~20250507 板块资金流向失败: 抱歉，您访问接口(moneyflow_ind_dc)频率超限(500次/分钟)，具体频次详情：https://tushare.pro/document/1?doc_id=108。
2026-08-01 19:12:27,598 [ERROR] fetch_moneyflow_dc.py:378 20250507 处理失败: 抱歉，您访问接口(moneyflow_ind_dc)频率超限(500次/分钟)，具体频次详情：https://tushare.pro/document/1?doc_id=108。
2026-08-01 19:12:27,601 [ERROR] fetch_moneyflow_dc.py:170 获取 20250508~20250508 板块资金流向失败: 抱歉，您访问接口(moneyflow_ind_dc)频率超限(500次/分钟)，具体频次详情：https://tushare.pro/document/1?doc_id=108。
2026-08-01 19:12:27,601 [ERROR] fetch_moneyflow_dc.py:378 20250508 处理失败: 抱歉，您访问接口(moneyflow_ind_dc)频率超限(500次/分钟)，具体频次详情：https://tushare.pro/document/1?doc_id=108。
2026-08-01 19:12:27,649 [ERROR] fetch_moneyflow_dc.py:170 获取 20250510~20250510 板块资金流向失败: 抱歉，您访问接口(moneyflow_ind_dc)频率超限(500次/分钟)，具体频次详情：https://tushare.pro/document/1?doc_id=108。
2026-08-01 19:12:27,650 [ERROR] fetch_moneyflow_dc.py:378 20250510 处理失败: 抱歉，您访问接口(moneyflow_ind_dc)频率超限(500次/分钟)，具体频次详情：https://tushare.pro/document/1?doc_id=108。
2026-08-01 19:12:27,662 [ERROR] fetch_moneyflow_dc.py:170 获取 20250509~20250509 板块资金流向失败: 抱歉，您访问接口(moneyflow_ind_dc)频率超限(500次/分钟)，具体频次详情：https://tushare.pro/document/1?doc_id=108。
2026-08-01 19:12:27,662 [ERROR] fetch_moneyflow_dc.py:378 20250509 处理失败: 抱歉，您访问接口(moneyflow_ind_dc)频率超限(500次/分钟)，具体频次详情：https://tushare.pro/document/1?doc_id=108。
2026-08-01 19:12:27,696 [ERROR] fetch_moneyflow_dc.py:170 获取 20250511~20250511 板块资金流向失败: 抱歉，您访问接口(moneyflow_ind_dc)频率超限(500次/分钟)，具体频次详情：https://tushare.pro/document/1?doc_id=108。
2026-08-01 19:12:27,697 [ERROR] fetch_moneyflow_dc.py:378 20250511 处理失败: 抱歉，您访问接口(moneyflow_ind_dc)频率超限(500次/分钟)，具体频次详情：https://tushare.pro/document/1?doc_id=108。
2026-08-01 19:12:27,717 [ERROR] fetch_moneyflow_dc.py:170 获取 20250512~20250512 板块资金流向失败: 抱歉，您访问接口(moneyflow_ind_dc)频率超限(500次/分钟)，具体频次详情：https://tushare.pro/document/1?doc_id=108。
2026-08-01 19:12:27,717 [ERROR] fetch_moneyflow_dc.py:378 20250512 处理失败: 抱歉，您访问接口(moneyflow_ind_dc)频率超限(500次/分钟)，具体频次详情：https://tushare.pro/document/1?doc_id=108。
2026-08-01 19:12:27,744 [ERROR] fetch_moneyflow_dc.py:170 获取 20250513~20250513 板块资金流向失败: 抱歉，您访问接口(moneyflow_ind_dc)频率超限(500次/分钟)，具体频次详情：https://tushare.pro/document/1?doc_id=108。
2026-08-01 19:12:27,745 [ERROR] fetch_moneyflow_dc.py:378 20250513 处理失败: 抱歉，您访问接口(moneyflow_ind_dc)频率超限(500次/分钟)，具体频次详情：https://tushare.pro/document/1?doc_id=108。
2026-08-01 19:12:27,766 [ERROR] fetch_moneyflow_dc.py:170 获取 20250514~20250514 板块资金流向失败: 抱歉，您访问接口(moneyflow_ind_dc)频率超限(500次/分钟)，具体频次详情：https://tushare.pro/document/1?doc_id=108。
2026-08-01 19:12:27,767 [ERROR] fetch_moneyflow_dc.py:378 20250514 处理失败: 抱歉，您访问接口(moneyflow_ind_dc)频率超限(500次/分钟)，具体频次详情：https://tushare.pro/document/1?doc_id=108。
2026-08-01 19:12:27,797 [ERROR] fetch_moneyflow_dc.py:170 获取 20250515~20250515 板块资金流向失败: 抱歉，您访问接口(moneyflow_ind_dc)频率超限(500次/分钟)，具体频次详情：https://tushare.pro/document/1?doc_id=108。
2026-08-01 19:12:27,801 [ERROR] fetch_moneyflow_dc.py:378 20250515 处理失败: 抱歉，您访问接口(moneyflow_ind_dc)频率超限(500次/分钟)，具体频次详情：https://tushare.pro/document/1?doc_id=108。
2026-08-01 19:12:27,815 [ERROR] fetch_moneyflow_dc.py:170 获取 20250516~20250516 板块资金流向失败: 抱歉，您访问接口(moneyflow_ind_dc)频率超限(500次/分钟)，具体频次详情：https://tushare.pro/document/1?doc_id=108。
2026-08-01 19:12:27,815 [ERROR] fetch_moneyflow_dc.py:378 20250516 处理失败: 抱歉，您访问接口(moneyflow_ind_dc)频率超限(500次/分钟)，具体频次详情：https://tushare.pro/document/1?doc_id=108。
2026-08-01 19:12:27,848 [ERROR] fetch_moneyflow_dc.py:170 获取 20250517~20250517 板块资金流向失败: 抱歉，您访问接口(moneyflow_ind_dc)频率超限(500次/分钟)，具体频次详情：https://tushare.pro/document/1?doc_id=108。
2026-08-01 19:12:27,848 [ERROR] fetch_moneyflow_dc.py:378 20250517 处理失败: 抱歉，您访问接口(moneyflow_ind_dc)频率超限(500次/分钟)，具体频次详情：https://tushare.pro/document/1?doc_id=108。
2026-08-01 19:12:27,882 [ERROR] fetch_moneyflow_dc.py:170 获取 20250518~20250518 板块资金流向失败: 抱歉，您访问接口(moneyflow_ind_dc)频率超限(500次/分钟)，具体频次详情：https://tushare.pro/document/1?doc_id=108。
2026-08-01 19:12:27,882 [ERROR] fetch_moneyflow_dc.py:378 20250518 处理失败: 抱歉，您访问接口(moneyflow_ind_dc)频率超限(500次/分钟)，具体频次详情：https://tushare.pro/document/1?doc_id=108。
2026-08-01 19:12:27,894 [ERROR] fetch_moneyflow_dc.py:170 获取 20250519~20250519 板块资金流向失败: 抱歉，您访问接口(moneyflow_ind_dc)频率超限(500次/分钟)，具体频次详情：https://tushare.pro/document/1?doc_id=108。
2026-08-01 19:12:27,894 [ERROR] fetch_moneyflow_dc.py:378 20250519 处理失败: 抱歉，您访问接口(moneyflow_ind_dc)频率超限(500次/分钟)，具体频次详情：https://tushare.pro/document/1?doc_id=108。
2026-08-01 19:12:27,930 [ERROR] fetch_moneyflow_dc.py:170 获取 20250520~20250520 板块资金流向失败: 抱歉，您访问接口(moneyflow_ind_dc)频率超限(500次/分钟)，具体频次详情：https://tushare.pro/document/1?doc_id=108。
2026-08-01 19:12:27,931 [ERROR] fetch_moneyflow_dc.py:378 20250520 处理失败: 抱歉，您访问接口(moneyflow_ind_dc)频率超限(500次/分钟)，具体频次详情：https://tushare.pro/document/1?doc_id=108。
2026-08-01 19:12:27,943 [ERROR] fetch_moneyflow_dc.py:170 获取 20250521~20250521 板块资金流向失败: 抱歉，您访问接口(moneyflow_ind_dc)频率超限(500次/分钟)，具体频次详情：https://tushare.pro/document/1?doc_id=108。
2026-08-01 19:12:27,943 [ERROR] fetch_moneyflow_dc.py:378 20250521 处理失败: 抱歉，您访问接口(moneyflow_ind_dc)频率超限(500次/分钟)，具体频次详情：https://tushare.pro/document/1?doc_id=108。
2026-08-01 19:12:27,977 [ERROR] fetch_moneyflow_dc.py:170 获取 20250522~20250522 板块资金流向失败: 抱歉，您访问接口(moneyflow_ind_dc)频率超限(500次/分钟)，具体频次详情：https://tushare.pro/document/1?doc_id=108。
2026-08-01 19:12:27,977 [ERROR] fetch_moneyflow_dc.py:378 20250522 处理失败: 抱歉，您访问接口(moneyflow_ind_dc)频率超限(500次/分钟)，具体频次详情：https://tushare.pro/document/1?doc_id=108。
2026-08-01 19:12:27,994 [ERROR] fetch_moneyflow_dc.py:170 获取 20250523~20250523 板块资金流向失败: 抱歉，您访问接口(moneyflow_ind_dc)频率超限(500次/分钟)，具体频次详情：https://tushare.pro/document/1?doc_id=108。
2026-08-01 19:12:27,994 [ERROR] fetch_moneyflow_dc.py:378 20250523 处理失败: 抱歉，您访问接口(moneyflow_ind_dc)频率超限(500次/分钟)，具体频次详情：https://tushare.pro/document/1?doc_id=108。
2026-08-01 19:12:28,035 [ERROR] fetch_moneyflow_dc.py:170 获取 20250524~20250524 板块资金流向失败: 抱歉，您访问接口(moneyflow_ind_dc)频率超限(500次/分钟)，具体频次详情：https://tushare.pro/document/1?doc_id=108。
2026-08-01 19:12:28,035 [ERROR] fetch_moneyflow_dc.py:378 20250524 处理失败: 抱歉，您访问接口(moneyflow_ind_dc)频率超限(500次/分钟)，具体频次详情：https://tushare.pro/document/1?doc_id=108。
2026-08-01 19:12:28,041 [ERROR] fetch_moneyflow_dc.py:170 获取 20250525~20250525 板块资金流向失败: 抱歉，您访问接口(moneyflow_ind_dc)频率超限(500次/分钟)，具体频次详情：https://tushare.pro/document/1?doc_id=108。
2026-08-01 19:12:28,042 [ERROR] fetch_moneyflow_dc.py:378 20250525 处理失败: 抱歉，您访问接口(moneyflow_ind_dc)频率超限(500次/分钟)，具体频次详情：https://tushare.pro/document/1?doc_id=108。
2026-08-01 19:12:28,082 [ERROR] fetch_moneyflow_dc.py:170 获取 20250526~20250526 板块资金流向失败: 抱歉，您访问接口(moneyflow_ind_dc)频率超限(500次/分钟)，具体频次详情：https://tushare.pro/document/1?doc_id=108。
2026-08-01 19:12:28,082 [ERROR] fetch_moneyflow_dc.py:378 20250526 处理失败: 抱歉，您访问接口(moneyflow_ind_dc)频率超限(500次/分钟)，具体频次详情：https://tushare.pro/document/1?doc_id=108。
2026-08-01 19:12:28,085 [ERROR] fetch_moneyflow_dc.py:170 获取 20250527~20250527 板块资金流向失败: 抱歉，您访问接口(moneyflow_ind_dc)频率超限(500次/分钟)，具体频次详情：https://tushare.pro/document/1?doc_id=108。
2026-08-01 19:12:28,086 [ERROR] fetch_moneyflow_dc.py:378 20250527 处理失败: 抱歉，您访问接口(moneyflow_ind_dc)频率超限(500次/分钟)，具体频次详情：https://tushare.pro/document/1?doc_id=108。
2026-08-01 19:12:28,127 [ERROR] fetch_moneyflow_dc.py:170 获取 20250528~20250528 板块资金流向失败: 抱歉，您访问接口(moneyflow_ind_dc)频率超限(500次/分钟)，具体频次详情：https://tushare.pro/document/1?doc_id=108。
2026-08-01 19:12:28,127 [ERROR] fetch_moneyflow_dc.py:378 20250528 处理失败: 抱歉，您访问接口(moneyflow_ind_dc)频率超限(500次/分钟)，具体频次详情：https://tushare.pro/document/1?doc_id=108。
2026-08-01 19:12:28,156 [ERROR] fetch_moneyflow_dc.py:170 获取 20250529~20250529 板块资金流向失败: 抱歉，您访问接口(moneyflow_ind_dc)频率超限(500次/分钟)，具体频次详情：https://tushare.pro/document/1?doc_id=108。
2026-08-01 19:12:28,156 [ERROR] fetch_moneyflow_dc.py:378 20250529 处理失败: 抱歉，您访问接口(moneyflow_ind_dc)频率超限(500次/分钟)，具体频次详情：https://tushare.pro/document/1?doc_id=108。
2026-08-01 19:12:28,173 [ERROR] fetch_moneyflow_dc.py:170 获取 20250530~20250530 板块资金流向失败: 抱歉，您访问接口(moneyflow_ind_dc)频率超限(500次/分钟)，具体频次详情：https://tushare.pro/document/1?doc_id=108。
2026-08-01 19:12:28,173 [ERROR] fetch_moneyflow_dc.py:378 20250530 处理失败: 抱歉，您访问接口(moneyflow_ind_dc)频率超限(500次/分钟)，具体频次详情：https://tushare.pro/document/1?doc_id=108。
2026-08-01 19:12:28,217 [ERROR] fetch_moneyflow_dc.py:170 获取 20250531~20250531 板块资金流向失败: 抱歉，您访问接口(moneyflow_ind_dc)频率超限(500次/分钟)，具体频次详情：https://tushare.pro/document/1?doc_id=108。
2026-08-01 19:12:28,217 [ERROR] fetch_moneyflow_dc.py:378 20250531 处理失败: 抱歉，您访问接口(moneyflow_ind_dc)频率超限(500次/分钟)，具体频次详情：https://tushare.pro/document/1?doc_id=108。
2026-08-01 19:12:28,233 [ERROR] fetch_moneyflow_dc.py:170 获取 20250601~20250601 板块资金流向失败: 抱歉，您访问接口(moneyflow_ind_dc)频率超限(500次/分钟)，具体频次详情：https://tushare.pro/document/1?doc_id=108。
2026-08-01 19:12:28,234 [ERROR] fetch_moneyflow_dc.py:378 20250601 处理失败: 抱歉，您访问接口(moneyflow_ind_dc)频率超限(500次/分钟)，具体频次详情：https://tushare.pro/document/1?doc_id=108。
2026-08-01 19:12:28,265 [ERROR] fetch_moneyflow_dc.py:170 获取 20250602~20250602 板块资金流向失败: 抱歉，您访问接口(moneyflow_ind_dc)频率超限(500次/分钟)，具体频次详情：https://tushare.pro/document/1?doc_id=108。
2026-08-01 19:12:28,265 [ERROR] fetch_moneyflow_dc.py:378 20250602 处理失败: 抱歉，您访问接口(moneyflow_ind_dc)频率超限(500次/分钟)，具体频次详情：https://tushare.pro/document/1?doc_id=108。
2026-08-01 19:12:28,284 [ERROR] fetch_moneyflow_dc.py:170 获取 20250603~20250603 板块资金流向失败: 抱歉，您访问接口(moneyflow_ind_dc)频率超限(500次/分钟)，具体频次详情：https://tushare.pro/document/1?doc_id=108。
2026-08-01 19:12:28,284 [ERROR] fetch_moneyflow_dc.py:378 20250603 处理失败: 抱歉，您访问接口(moneyflow_ind_dc)频率超限(500次/分钟)，具体频次详情：https://tushare.pro/document/1?doc_id=108。
2026-08-01 19:12:28,315 [ERROR] fetch_moneyflow_dc.py:170 获取 20250604~20250604 板块资金流向失败: 抱歉，您访问接口(moneyflow_ind_dc)频率超限(500次/分钟)，具体频次详情：https://tushare.pro/document/1?doc_id=108。
2026-08-01 19:12:28,315 [ERROR] fetch_moneyflow_dc.py:378 20250604 处理失败: 抱歉，您访问接口(moneyflow_ind_dc)频率超限(500次/分钟)，具体频次详情：https://tushare.pro/document/1?doc_id=108。
2026-08-01 19:12:28,331 [ERROR] fetch_moneyflow_dc.py:170 获取 20250605~20250605 板块资金流向失败: 抱歉，您访问接口(moneyflow_ind_dc)频率超限(500次/分钟)，具体频次详情：https://tushare.pro/document/1?doc_id=108。
2026-08-01 19:12:28,331 [ERROR] fetch_moneyflow_dc.py:378 20250605 处理失败: 抱歉，您访问接口(moneyflow_ind_dc)频率超限(500次/分钟)，具体频次详情：https://tushare.pro/document/1?doc_id=108。
2026-08-01 19:12:28,364 [ERROR] fetch_moneyflow_dc.py:170 获取 20250606~20250606 板块资金流向失败: 抱歉，您访问接口(moneyflow_ind_dc)频率超限(500次/分钟)，具体频次详情：https://tushare.pro/document/1?doc_id=108。
2026-08-01 19:12:28,365 [ERROR] fetch_moneyflow_dc.py:378 20250606 处理失败: 抱歉，您访问接口(moneyflow_ind_dc)频率超限(500次/分钟)，具体频次详情：https://tushare.pro/document/1?doc_id=108。
2026-08-01 19:12:28,376 [ERROR] fetch_moneyflow_dc.py:170 获取 20250607~20250607 板块资金流向失败: 抱歉，您访问接口(moneyflow_ind_dc)频率超限(500次/分钟)，具体频次详情：https://tushare.pro/document/1?doc_id=108。
2026-08-01 19:12:28,376 [ERROR] fetch_moneyflow_dc.py:378 20250607 处理失败: 抱歉，您访问接口(moneyflow_ind_dc)频率超限(500次/分钟)，具体频次详情：https://tushare.pro/document/1?doc_id=108。
2026-08-01 19:12:28,415 [ERROR] fetch_moneyflow_dc.py:170 获取 20250608~20250608 板块资金流向失败: 抱歉，您访问接口(moneyflow_ind_dc)频率超限(500次/分钟)，具体频次详情：https://tushare.pro/document/1?doc_id=108。
2026-08-01 19:12:28,415 [ERROR] fetch_moneyflow_dc.py:378 20250608 处理失败: 抱歉，您访问接口(moneyflow_ind_dc)频率超限(500次/分钟)，具体频次详情：https://tushare.pro/document/1?doc_id=108。
2026-08-01 19:12:28,428 [ERROR] fetch_moneyflow_dc.py:170 获取 20250609~20250609 板块资金流向失败: 抱歉，您访问接口(moneyflow_ind_dc)频率超限(500次/分钟)，具体频次详情：https://tushare.pro/document/1?doc_id=108。
2026-08-01 19:12:28,428 [ERROR] fetch_moneyflow_dc.py:378 20250609 处理失败: 抱歉，您访问接口(moneyflow_ind_dc)频率超限(500次/分钟)，具体频次详情：https://tushare.pro/document/1?doc_id=108。
2026-08-01 19:12:28,461 [ERROR] fetch_moneyflow_dc.py:170 获取 20250610~20250610 板块资金流向失败: 抱歉，您访问接口(moneyflow_ind_dc)频率超限(500次/分钟)，具体频次详情：https://tushare.pro/document/1?doc_id=108。
2026-08-01 19:12:28,461 [ERROR] fetch_moneyflow_dc.py:378 20250610 处理失败: 抱歉，您访问接口(moneyflow_ind_dc)频率超限(500次/分钟)，具体频次详情：https://tushare.pro/document/1?doc_id=108。
2026-08-01 19:12:28,473 [ERROR] fetch_moneyflow_dc.py:170 获取 20250611~20250611 板块资金流向失败: 抱歉，您访问接口(moneyflow_ind_dc)频率超限(500次/分钟)，具体频次详情：https://tushare.pro/document/1?doc_id=108。
2026-08-01 19:12:28,473 [ERROR] fetch_moneyflow_dc.py:378 20250611 处理失败: 抱歉，您访问接口(moneyflow_ind_dc)频率超限(500次/分钟)，具体频次详情：https://tushare.pro/document/1?doc_id=108。
2026-08-01 19:12:28,507 [ERROR] fetch_moneyflow_dc.py:170 获取 20250612~20250612 板块资金流向失败: 抱歉，您访问接口(moneyflow_ind_dc)频率超限(500次/分钟)，具体频次详情：https://tushare.pro/document/1?doc_id=108。
2026-08-01 19:12:28,507 [ERROR] fetch_moneyflow_dc.py:378 20250612 处理失败: 抱歉，您访问接口(moneyflow_ind_dc)频率超限(500次/分钟)，具体频次详情：https://tushare.pro/document/1?doc_id=108。
2026-08-01 19:12:28,525 [ERROR] fetch_moneyflow_dc.py:170 获取 20250613~20250613 板块资金流向失败: 抱歉，您访问接口(moneyflow_ind_dc)频率超限(500次/分钟)，具体频次详情：https://tushare.pro/document/1?doc_id=108。
2026-08-01 19:12:28,526 [ERROR] fetch_moneyflow_dc.py:378 20250613 处理失败: 抱歉，您访问接口(moneyflow_ind_dc)频率超限(500次/分钟)，具体频次详情：https://tushare.pro/document/1?doc_id=108。
2026-08-01 19:12:28,556 [ERROR] fetch_moneyflow_dc.py:170 获取 20250614~20250614 板块资金流向失败: 抱歉，您访问接口(moneyflow_ind_dc)频率超限(500次/分钟)，具体频次详情：https://tushare.pro/document/1?doc_id=108。
2026-08-01 19:12:28,557 [ERROR] fetch_moneyflow_dc.py:378 20250614 处理失败: 抱歉，您访问接口(moneyflow_ind_dc)频率超限(500次/分钟)，具体频次详情：https://tushare.pro/document/1?doc_id=108。
2026-08-01 19:12:28,574 [ERROR] fetch_moneyflow_dc.py:170 获取 20250615~20250615 板块资金流向失败: 抱歉，您访问接口(moneyflow_ind_dc)频率超限(500次/分钟)，具体频次详情：https://tushare.pro/document/1?doc_id=108。
2026-08-01 19:12:28,574 [ERROR] fetch_moneyflow_dc.py:378 20250615 处理失败: 抱歉，您访问接口(moneyflow_ind_dc)频率超限(500次/分钟)，具体频次详情：https://tushare.pro/document/1?doc_id=108。
2026-08-01 19:12:28,604 [ERROR] fetch_moneyflow_dc.py:170 获取 20250616~20250616 板块资金流向失败: 抱歉，您访问接口(moneyflow_ind_dc)频率超限(500次/分钟)，具体频次详情：https://tushare.pro/document/1?doc_id=108。
2026-08-01 19:12:28,605 [ERROR] fetch_moneyflow_dc.py:378 20250616 处理失败: 抱歉，您访问接口(moneyflow_ind_dc)频率超限(500次/分钟)，具体频次详情：https://tushare.pro/document/1?doc_id=108。
2026-08-01 19:12:28,647 [ERROR] fetch_moneyflow_dc.py:170 获取 20250617~20250617 板块资金流向失败: 抱歉，您访问接口(moneyflow_ind_dc)频率超限(500次/分钟)，具体频次详情：https://tushare.pro/document/1?doc_id=108。
2026-08-01 19:12:28,647 [ERROR] fetch_moneyflow_dc.py:378 20250617 处理失败: 抱歉，您访问接口(moneyflow_ind_dc)频率超限(500次/分钟)，具体频次详情：https://tushare.pro/document/1?doc_id=108。
2026-08-01 19:12:28,656 [ERROR] fetch_moneyflow_dc.py:170 获取 20250618~20250618 板块资金流向失败: 抱歉，您访问接口(moneyflow_ind_dc)频率超限(500次/分钟)，具体频次详情：https://tushare.pro/document/1?doc_id=108。
2026-08-01 19:12:28,656 [ERROR] fetch_moneyflow_dc.py:378 20250618 处理失败: 抱歉，您访问接口(moneyflow_ind_dc)频率超限(500次/分钟)，具体频次详情：https://tushare.pro/document/1?doc_id=108。
2026-08-01 19:12:28,703 [ERROR] fetch_moneyflow_dc.py:170 获取 20250619~20250619 板块资金流向失败: 抱歉，您访问接口(moneyflow_ind_dc)频率超限(500次/分钟)，具体频次详情：https://tushare.pro/document/1?doc_id=108。
2026-08-01 19:12:28,704 [ERROR] fetch_moneyflow_dc.py:378 20250619 处理失败: 抱歉，您访问接口(moneyflow_ind_dc)频率超限(500次/分钟)，具体频次详情：https://tushare.pro/document/1?doc_id=108。
2026-08-01 19:12:28,704 [ERROR] fetch_moneyflow_dc.py:170 获取 20250620~20250620 板块资金流向失败: 抱歉，您访问接口(moneyflow_ind_dc)频率超限(500次/分钟)，具体频次详情：https://tushare.pro/document/1?doc_id=108。
2026-08-01 19:12:28,705 [ERROR] fetch_moneyflow_dc.py:378 20250620 处理失败: 抱歉，您访问接口(moneyflow_ind_dc)频率超限(500次/分钟)，具体频次详情：https://tushare.pro/document/1?doc_id=108。
2026-08-01 19:12:28,747 [ERROR] fetch_moneyflow_dc.py:170 获取 20250621~20250621 板块资金流向失败: 抱歉，您访问接口(moneyflow_ind_dc)频率超限(500次/分钟)，具体频次详情：https://tushare.pro/document/1?doc_id=108。
2026-08-01 19:12:28,747 [ERROR] fetch_moneyflow_dc.py:378 20250621 处理失败: 抱歉，您访问接口(moneyflow_ind_dc)频率超限(500次/分钟)，具体频次详情：https://tushare.pro/document/1?doc_id=108。
2026-08-01 19:12:28,750 [ERROR] fetch_moneyflow_dc.py:170 获取 20250622~20250622 板块资金流向失败: 抱歉，您访问接口(moneyflow_ind_dc)频率超限(500次/分钟)，具体频次详情：https://tushare.pro/document/1?doc_id=108。
2026-08-01 19:12:28,750 [ERROR] fetch_moneyflow_dc.py:378 20250622 处理失败: 抱歉，您访问接口(moneyflow_ind_dc)频率超限(500次/分钟)，具体频次详情：https://tushare.pro/document/1?doc_id=108。
2026-08-01 19:12:28,791 [ERROR] fetch_moneyflow_dc.py:170 获取 20250623~20250623 板块资金流向失败: 抱歉，您访问接口(moneyflow_ind_dc)频率超限(500次/分钟)，具体频次详情：https://tushare.pro/document/1?doc_id=108。
2026-08-01 19:12:28,791 [ERROR] fetch_moneyflow_dc.py:378 20250623 处理失败: 抱歉，您访问接口(moneyflow_ind_dc)频率超限(500次/分钟)，具体频次详情：https://tushare.pro/document/1?doc_id=108。
2026-08-01 19:12:28,801 [ERROR] fetch_moneyflow_dc.py:170 获取 20250624~20250624 板块资金流向失败: 抱歉，您访问接口(moneyflow_ind_dc)频率超限(500次/分钟)，具体频次详情：https://tushare.pro/document/1?doc_id=108。
2026-08-01 19:12:28,801 [ERROR] fetch_moneyflow_dc.py:378 20250624 处理失败: 抱歉，您访问接口(moneyflow_ind_dc)频率超限(500次/分钟)，具体频次详情：https://tushare.pro/document/1?doc_id=108。
2026-08-01 19:12:28,839 [ERROR] fetch_moneyflow_dc.py:170 获取 20250625~20250625 板块资金流向失败: 抱歉，您访问接口(moneyflow_ind_dc)频率超限(500次/分钟)，具体频次详情：https://tushare.pro/document/1?doc_id=108。
2026-08-01 19:12:28,840 [ERROR] fetch_moneyflow_dc.py:378 20250625 处理失败: 抱歉，您访问接口(moneyflow_ind_dc)频率超限(500次/分钟)，具体频次详情：https://tushare.pro/document/1?doc_id=108。
2026-08-01 19:12:28,850 [ERROR] fetch_moneyflow_dc.py:170 获取 20250626~20250626 板块资金流向失败: 抱歉，您访问接口(moneyflow_ind_dc)频率超限(500次/分钟)，具体频次详情：https://tushare.pro/document/1?doc_id=108。
2026-08-01 19:12:28,850 [ERROR] fetch_moneyflow_dc.py:378 20250626 处理失败: 抱歉，您访问接口(moneyflow_ind_dc)频率超限(500次/分钟)，具体频次详情：https://tushare.pro/document/1?doc_id=108。
2026-08-01 19:12:28,884 [ERROR] fetch_moneyflow_dc.py:170 获取 20250627~20250627 板块资金流向失败: 抱歉，您访问接口(moneyflow_ind_dc)频率超限(500次/分钟)，具体频次详情：https://tushare.pro/document/1?doc_id=108。
2026-08-01 19:12:28,885 [ERROR] fetch_moneyflow_dc.py:378 20250627 处理失败: 抱歉，您访问接口(moneyflow_ind_dc)频率超限(500次/分钟)，具体频次详情：https://tushare.pro/document/1?doc_id=108。
2026-08-01 19:12:28,899 [ERROR] fetch_moneyflow_dc.py:170 获取 20250628~20250628 板块资金流向失败: 抱歉，您访问接口(moneyflow_ind_dc)频率超限(500次/分钟)，具体频次详情：https://tushare.pro/document/1?doc_id=108。
2026-08-01 19:12:28,899 [ERROR] fetch_moneyflow_dc.py:378 20250628 处理失败: 抱歉，您访问接口(moneyflow_ind_dc)频率超限(500次/分钟)，具体频次详情：https://tushare.pro/document/1?doc_id=108。
2026-08-01 19:12:28,946 [ERROR] fetch_moneyflow_dc.py:170 获取 20250630~20250630 板块资金流向失败: 抱歉，您访问接口(moneyflow_ind_dc)频率超限(500次/分钟)，具体频次详情：https://tushare.pro/document/1?doc_id=108。
2026-08-01 19:12:28,947 [ERROR] fetch_moneyflow_dc.py:378 20250630 处理失败: 抱歉，您访问接口(moneyflow_ind_dc)频率超限(500次/分钟)，具体频次详情：https://tushare.pro/document/1?doc_id=108。
2026-08-01 19:12:28,951 [ERROR] fetch_moneyflow_dc.py:170 获取 20250629~20250629 板块资金流向失败: 抱歉，您访问接口(moneyflow_ind_dc)频率超限(500次/分钟)，具体频次详情：https://tushare.pro/document/1?doc_id=108。
2026-08-01 19:12:28,951 [ERROR] fetch_moneyflow_dc.py:378 20250629 处理失败: 抱歉，您访问接口(moneyflow_ind_dc)频率超限(500次/分钟)，具体频次详情：https://tushare.pro/document/1?doc_id=108。
2026-08-01 19:12:28,994 [ERROR] fetch_moneyflow_dc.py:170 获取 20250701~20250701 板块资金流向失败: 抱歉，您访问接口(moneyflow_ind_dc)频率超限(500次/分钟)，具体频次详情：https://tushare.pro/document/1?doc_id=108。
2026-08-01 19:12:28,994 [ERROR] fetch_moneyflow_dc.py:378 20250701 处理失败: 抱歉，您访问接口(moneyflow_ind_dc)频率超限(500次/分钟)，具体频次详情：https://tushare.pro/document/1?doc_id=108。
2026-08-01 19:12:28,998 [ERROR] fetch_moneyflow_dc.py:170 获取 20250702~20250702 板块资金流向失败: 抱歉，您访问接口(moneyflow_ind_dc)频率超限(500次/分钟)，具体频次详情：https://tushare.pro/document/1?doc_id=108。
2026-08-01 19:12:28,999 [ERROR] fetch_moneyflow_dc.py:378 20250702 处理失败: 抱歉，您访问接口(moneyflow_ind_dc)频率超限(500次/分钟)，具体频次详情：https://tushare.pro/document/1?doc_id=108。
2026-08-01 19:12:29,045 [ERROR] fetch_moneyflow_dc.py:170 获取 20250703~20250703 板块资金流向失败: 抱歉，您访问接口(moneyflow_ind_dc)频率超限(500次/分钟)，具体频次详情：https://tushare.pro/document/1?doc_id=108。
2026-08-01 19:12:29,045 [ERROR] fetch_moneyflow_dc.py:378 20250703 处理失败: 抱歉，您访问接口(moneyflow_ind_dc)频率超限(500次/分钟)，具体频次详情：https://tushare.pro/document/1?doc_id=108。
2026-08-01 19:12:29,047 [ERROR] fetch_moneyflow_dc.py:170 获取 20250704~20250704 板块资金流向失败: 抱歉，您访问接口(moneyflow_ind_dc)频率超限(500次/分钟)，具体频次详情：https://tushare.pro/document/1?doc_id=108。
2026-08-01 19:12:29,047 [ERROR] fetch_moneyflow_dc.py:378 20250704 处理失败: 抱歉，您访问接口(moneyflow_ind_dc)频率超限(500次/分钟)，具体频次详情：https://tushare.pro/document/1?doc_id=108。
2026-08-01 19:12:29,096 [ERROR] fetch_moneyflow_dc.py:170 获取 20250705~20250705 板块资金流向失败: 抱歉，您访问接口(moneyflow_ind_dc)频率超限(500次/分钟)，具体频次详情：https://tushare.pro/document/1?doc_id=108。
2026-08-01 19:12:29,097 [ERROR] fetch_moneyflow_dc.py:378 20250705 处理失败: 抱歉，您访问接口(moneyflow_ind_dc)频率超限(500次/分钟)，具体频次详情：https://tushare.pro/document/1?doc_id=108。
2026-08-01 19:12:29,097 [ERROR] fetch_moneyflow_dc.py:170 获取 20250706~20250706 板块资金流向失败: 抱歉，您访问接口(moneyflow_ind_dc)频率超限(500次/分钟)，具体频次详情：https://tushare.pro/document/1?doc_id=108。
2026-08-01 19:12:29,098 [ERROR] fetch_moneyflow_dc.py:378 20250706 处理失败: 抱歉，您访问接口(moneyflow_ind_dc)频率超限(500次/分钟)，具体频次详情：https://tushare.pro/document/1?doc_id=108。
2026-08-01 19:12:29,144 [ERROR] fetch_moneyflow_dc.py:170 获取 20250707~20250707 板块资金流向失败: 抱歉，您访问接口(moneyflow_ind_dc)频率超限(500次/分钟)，具体频次详情：https://tushare.pro/document/1?doc_id=108。
2026-08-01 19:12:29,144 [ERROR] fetch_moneyflow_dc.py:378 20250707 处理失败: 抱歉，您访问接口(moneyflow_ind_dc)频率超限(500次/分钟)，具体频次详情：https://tushare.pro/document/1?doc_id=108。
2026-08-01 19:12:29,145 [ERROR] fetch_moneyflow_dc.py:170 获取 20250708~20250708 板块资金流向失败: 抱歉，您访问接口(moneyflow_ind_dc)频率超限(500次/分钟)，具体频次详情：https://tushare.pro/document/1?doc_id=108。
2026-08-01 19:12:29,145 [ERROR] fetch_moneyflow_dc.py:378 20250708 处理失败: 抱歉，您访问接口(moneyflow_ind_dc)频率超限(500次/分钟)，具体频次详情：https://tushare.pro/document/1?doc_id=108。
2026-08-01 19:12:29,191 [ERROR] fetch_moneyflow_dc.py:170 获取 20250709~20250709 板块资金流向失败: 抱歉，您访问接口(moneyflow_ind_dc)频率超限(500次/分钟)，具体频次详情：https://tushare.pro/document/1?doc_id=108。
2026-08-01 19:12:29,192 [ERROR] fetch_moneyflow_dc.py:378 20250709 处理失败: 抱歉，您访问接口(moneyflow_ind_dc)频率超限(500次/分钟)，具体频次详情：https://tushare.pro/document/1?doc_id=108。
2026-08-01 19:12:29,193 [ERROR] fetch_moneyflow_dc.py:170 获取 20250710~20250710 板块资金流向失败: 抱歉，您访问接口(moneyflow_ind_dc)频率超限(500次/分钟)，具体频次详情：https://tushare.pro/document/1?doc_id=108。
2026-08-01 19:12:29,194 [ERROR] fetch_moneyflow_dc.py:378 20250710 处理失败: 抱歉，您访问接口(moneyflow_ind_dc)频率超限(500次/分钟)，具体频次详情：https://tushare.pro/document/1?doc_id=108。
2026-08-01 19:12:29,236 [ERROR] fetch_moneyflow_dc.py:170 获取 20250711~20250711 板块资金流向失败: 抱歉，您访问接口(moneyflow_ind_dc)频率超限(500次/分钟)，具体频次详情：https://tushare.pro/document/1?doc_id=108。
2026-08-01 19:12:29,237 [ERROR] fetch_moneyflow_dc.py:378 20250711 处理失败: 抱歉，您访问接口(moneyflow_ind_dc)频率超限(500次/分钟)，具体频次详情：https://tushare.pro/document/1?doc_id=108。
2026-08-01 19:12:29,240 [ERROR] fetch_moneyflow_dc.py:170 获取 20250712~20250712 板块资金流向失败: 抱歉，您访问接口(moneyflow_ind_dc)频率超限(500次/分钟)，具体频次详情：https://tushare.pro/document/1?doc_id=108。
2026-08-01 19:12:29,240 [ERROR] fetch_moneyflow_dc.py:378 20250712 处理失败: 抱歉，您访问接口(moneyflow_ind_dc)频率超限(500次/分钟)，具体频次详情：https://tushare.pro/document/1?doc_id=108。
2026-08-01 19:12:29,288 [ERROR] fetch_moneyflow_dc.py:170 获取 20250714~20250714 板块资金流向失败: 抱歉，您访问接口(moneyflow_ind_dc)频率超限(500次/分钟)，具体频次详情：https://tushare.pro/document/1?doc_id=108。
2026-08-01 19:12:29,288 [ERROR] fetch_moneyflow_dc.py:378 20250714 处理失败: 抱歉，您访问接口(moneyflow_ind_dc)频率超限(500次/分钟)，具体频次详情：https://tushare.pro/document/1?doc_id=108。
2026-08-01 19:12:29,303 [ERROR] fetch_moneyflow_dc.py:170 获取 20250713~20250713 板块资金流向失败: 抱歉，您访问接口(moneyflow_ind_dc)频率超限(500次/分钟)，具体频次详情：https://tushare.pro/document/1?doc_id=108。
2026-08-01 19:12:29,303 [ERROR] fetch_moneyflow_dc.py:378 20250713 处理失败: 抱歉，您访问接口(moneyflow_ind_dc)频率超限(500次/分钟)，具体频次详情：https://tushare.pro/document/1?doc_id=108。
2026-08-01 19:12:29,335 [ERROR] fetch_moneyflow_dc.py:170 获取 20250715~20250715 板块资金流向失败: 抱歉，您访问接口(moneyflow_ind_dc)频率超限(500次/分钟)，具体频次详情：https://tushare.pro/document/1?doc_id=108。
2026-08-01 19:12:29,335 [ERROR] fetch_moneyflow_dc.py:378 20250715 处理失败: 抱歉，您访问接口(moneyflow_ind_dc)频率超限(500次/分钟)，具体频次详情：https://tushare.pro/document/1?doc_id=108。
2026-08-01 19:12:29,357 [ERROR] fetch_moneyflow_dc.py:170 获取 20250716~20250716 板块资金流向失败: 抱歉，您访问接口(moneyflow_ind_dc)频率超限(500次/分钟)，具体频次详情：https://tushare.pro/document/1?doc_id=108。
2026-08-01 19:12:29,358 [ERROR] fetch_moneyflow_dc.py:378 20250716 处理失败: 抱歉，您访问接口(moneyflow_ind_dc)频率超限(500次/分钟)，具体频次详情：https://tushare.pro/document/1?doc_id=108。
2026-08-01 19:12:29,384 [ERROR] fetch_moneyflow_dc.py:170 获取 20250717~20250717 板块资金流向失败: 抱歉，您访问接口(moneyflow_ind_dc)频率超限(500次/分钟)，具体频次详情：https://tushare.pro/document/1?doc_id=108。
2026-08-01 19:12:29,385 [ERROR] fetch_moneyflow_dc.py:378 20250717 处理失败: 抱歉，您访问接口(moneyflow_ind_dc)频率超限(500次/分钟)，具体频次详情：https://tushare.pro/document/1?doc_id=108。
2026-08-01 19:12:29,403 [ERROR] fetch_moneyflow_dc.py:170 获取 20250718~20250718 板块资金流向失败: 抱歉，您访问接口(moneyflow_ind_dc)频率超限(500次/分钟)，具体频次详情：https://tushare.pro/document/1?doc_id=108。
2026-08-01 19:12:29,403 [ERROR] fetch_moneyflow_dc.py:378 20250718 处理失败: 抱歉，您访问接口(moneyflow_ind_dc)频率超限(500次/分钟)，具体频次详情：https://tushare.pro/document/1?doc_id=108。
2026-08-01 19:12:29,435 [ERROR] fetch_moneyflow_dc.py:170 获取 20250719~20250719 板块资金流向失败: 抱歉，您访问接口(moneyflow_ind_dc)频率超限(500次/分钟)，具体频次详情：https://tushare.pro/document/1?doc_id=108。
2026-08-01 19:12:29,435 [ERROR] fetch_moneyflow_dc.py:378 20250719 处理失败: 抱歉，您访问接口(moneyflow_ind_dc)频率超限(500次/分钟)，具体频次详情：https://tushare.pro/document/1?doc_id=108。
2026-08-01 19:12:29,452 [ERROR] fetch_moneyflow_dc.py:170 获取 20250720~20250720 板块资金流向失败: 抱歉，您访问接口(moneyflow_ind_dc)频率超限(500次/分钟)，具体频次详情：https://tushare.pro/document/1?doc_id=108。
2026-08-01 19:12:29,453 [ERROR] fetch_moneyflow_dc.py:378 20250720 处理失败: 抱歉，您访问接口(moneyflow_ind_dc)频率超限(500次/分钟)，具体频次详情：https://tushare.pro/document/1?doc_id=108。
2026-08-01 19:12:29,481 [ERROR] fetch_moneyflow_dc.py:170 获取 20250721~20250721 板块资金流向失败: 抱歉，您访问接口(moneyflow_ind_dc)频率超限(500次/分钟)，具体频次详情：https://tushare.pro/document/1?doc_id=108。
2026-08-01 19:12:29,482 [ERROR] fetch_moneyflow_dc.py:378 20250721 处理失败: 抱歉，您访问接口(moneyflow_ind_dc)频率超限(500次/分钟)，具体频次详情：https://tushare.pro/document/1?doc_id=108。
2026-08-01 19:12:29,497 [ERROR] fetch_moneyflow_dc.py:170 获取 20250722~20250722 板块资金流向失败: 抱歉，您访问接口(moneyflow_ind_dc)频率超限(500次/分钟)，具体频次详情：https://tushare.pro/document/1?doc_id=108。
2026-08-01 19:12:29,498 [ERROR] fetch_moneyflow_dc.py:378 20250722 处理失败: 抱歉，您访问接口(moneyflow_ind_dc)频率超限(500次/分钟)，具体频次详情：https://tushare.pro/document/1?doc_id=108。
2026-08-01 19:12:29,528 [ERROR] fetch_moneyflow_dc.py:170 获取 20250723~20250723 板块资金流向失败: 抱歉，您访问接口(moneyflow_ind_dc)频率超限(500次/分钟)，具体频次详情：https://tushare.pro/document/1?doc_id=108。
2026-08-01 19:12:29,528 [ERROR] fetch_moneyflow_dc.py:378 20250723 处理失败: 抱歉，您访问接口(moneyflow_ind_dc)频率超限(500次/分钟)，具体频次详情：https://tushare.pro/document/1?doc_id=108。
2026-08-01 19:12:29,544 [ERROR] fetch_moneyflow_dc.py:170 获取 20250724~20250724 板块资金流向失败: 抱歉，您访问接口(moneyflow_ind_dc)频率超限(500次/分钟)，具体频次详情：https://tushare.pro/document/1?doc_id=108。
2026-08-01 19:12:29,544 [ERROR] fetch_moneyflow_dc.py:378 20250724 处理失败: 抱歉，您访问接口(moneyflow_ind_dc)频率超限(500次/分钟)，具体频次详情：https://tushare.pro/document/1?doc_id=108。
2026-08-01 19:12:29,575 [ERROR] fetch_moneyflow_dc.py:170 获取 20250725~20250725 板块资金流向失败: 抱歉，您访问接口(moneyflow_ind_dc)频率超限(500次/分钟)，具体频次详情：https://tushare.pro/document/1?doc_id=108。
2026-08-01 19:12:29,575 [ERROR] fetch_moneyflow_dc.py:378 20250725 处理失败: 抱歉，您访问接口(moneyflow_ind_dc)频率超限(500次/分钟)，具体频次详情：https://tushare.pro/document/1?doc_id=108。
2026-08-01 19:12:29,590 [ERROR] fetch_moneyflow_dc.py:170 获取 20250726~20250726 板块资金流向失败: 抱歉，您访问接口(moneyflow_ind_dc)频率超限(500次/分钟)，具体频次详情：https://tushare.pro/document/1?doc_id=108。
2026-08-01 19:12:29,590 [ERROR] fetch_moneyflow_dc.py:378 20250726 处理失败: 抱歉，您访问接口(moneyflow_ind_dc)频率超限(500次/分钟)，具体频次详情：https://tushare.pro/document/1?doc_id=108。
2026-08-01 19:12:29,620 [ERROR] fetch_moneyflow_dc.py:170 获取 20250727~20250727 板块资金流向失败: 抱歉，您访问接口(moneyflow_ind_dc)频率超限(500次/分钟)，具体频次详情：https://tushare.pro/document/1?doc_id=108。
2026-08-01 19:12:29,621 [ERROR] fetch_moneyflow_dc.py:378 20250727 处理失败: 抱歉，您访问接口(moneyflow_ind_dc)频率超限(500次/分钟)，具体频次详情：https://tushare.pro/document/1?doc_id=108。
2026-08-01 19:12:29,635 [ERROR] fetch_moneyflow_dc.py:170 获取 20250728~20250728 板块资金流向失败: 抱歉，您访问接口(moneyflow_ind_dc)频率超限(500次/分钟)，具体频次详情：https://tushare.pro/document/1?doc_id=108。
2026-08-01 19:12:29,635 [ERROR] fetch_moneyflow_dc.py:378 20250728 处理失败: 抱歉，您访问接口(moneyflow_ind_dc)频率超限(500次/分钟)，具体频次详情：https://tushare.pro/document/1?doc_id=108。
2026-08-01 19:12:29,672 [ERROR] fetch_moneyflow_dc.py:170 获取 20250729~20250729 板块资金流向失败: 抱歉，您访问接口(moneyflow_ind_dc)频率超限(500次/分钟)，具体频次详情：https://tushare.pro/document/1?doc_id=108。
2026-08-01 19:12:29,672 [ERROR] fetch_moneyflow_dc.py:378 20250729 处理失败: 抱歉，您访问接口(moneyflow_ind_dc)频率超限(500次/分钟)，具体频次详情：https://tushare.pro/document/1?doc_id=108。
2026-08-01 19:12:29,686 [ERROR] fetch_moneyflow_dc.py:170 获取 20250730~20250730 板块资金流向失败: 抱歉，您访问接口(moneyflow_ind_dc)频率超限(500次/分钟)，具体频次详情：https://tushare.pro/document/1?doc_id=108。
2026-08-01 19:12:29,686 [ERROR] fetch_moneyflow_dc.py:378 20250730 处理失败: 抱歉，您访问接口(moneyflow_ind_dc)频率超限(500次/分钟)，具体频次详情：https://tushare.pro/document/1?doc_id=108。
2026-08-01 19:12:29,721 [ERROR] fetch_moneyflow_dc.py:170 获取 20250731~20250731 板块资金流向失败: 抱歉，您访问接口(moneyflow_ind_dc)频率超限(500次/分钟)，具体频次详情：https://tushare.pro/document/1?doc_id=108。
2026-08-01 19:12:29,721 [ERROR] fetch_moneyflow_dc.py:378 20250731 处理失败: 抱歉，您访问接口(moneyflow_ind_dc)频率超限(500次/分钟)，具体频次详情：https://tushare.pro/document/1?doc_id=108。
2026-08-01 19:12:29,733 [ERROR] fetch_moneyflow_dc.py:170 获取 20250801~20250801 板块资金流向失败: 抱歉，您访问接口(moneyflow_ind_dc)频率超限(500次/分钟)，具体频次详情：https://tushare.pro/document/1?doc_id=108。
2026-08-01 19:12:29,733 [ERROR] fetch_moneyflow_dc.py:378 20250801 处理失败: 抱歉，您访问接口(moneyflow_ind_dc)频率超限(500次/分钟)，具体频次详情：https://tushare.pro/document/1?doc_id=108。
2026-08-01 19:12:29,767 [ERROR] fetch_moneyflow_dc.py:170 获取 20250802~20250802 板块资金流向失败: 抱歉，您访问接口(moneyflow_ind_dc)频率超限(500次/分钟)，具体频次详情：https://tushare.pro/document/1?doc_id=108。
2026-08-01 19:12:29,767 [ERROR] fetch_moneyflow_dc.py:378 20250802 处理失败: 抱歉，您访问接口(moneyflow_ind_dc)频率超限(500次/分钟)，具体频次详情：https://tushare.pro/document/1?doc_id=108。
2026-08-01 19:12:29,777 [ERROR] fetch_moneyflow_dc.py:170 获取 20250803~20250803 板块资金流向失败: 抱歉，您访问接口(moneyflow_ind_dc)频率超限(500次/分钟)，具体频次详情：https://tushare.pro/document/1?doc_id=108。
2026-08-01 19:12:29,777 [ERROR] fetch_moneyflow_dc.py:378 20250803 处理失败: 抱歉，您访问接口(moneyflow_ind_dc)频率超限(500次/分钟)，具体频次详情：https://tushare.pro/document/1?doc_id=108。
2026-08-01 19:12:29,816 [ERROR] fetch_moneyflow_dc.py:170 获取 20250804~20250804 板块资金流向失败: 抱歉，您访问接口(moneyflow_ind_dc)频率超限(500次/分钟)，具体频次详情：https://tushare.pro/document/1?doc_id=108。
2026-08-01 19:12:29,817 [ERROR] fetch_moneyflow_dc.py:378 20250804 处理失败: 抱歉，您访问接口(moneyflow_ind_dc)频率超限(500次/分钟)，具体频次详情：https://tushare.pro/document/1?doc_id=108。
2026-08-01 19:12:29,822 [ERROR] fetch_moneyflow_dc.py:170 获取 20250805~20250805 板块资金流向失败: 抱歉，您访问接口(moneyflow_ind_dc)频率超限(500次/分钟)，具体频次详情：https://tushare.pro/document/1?doc_id=108。
2026-08-01 19:12:29,823 [ERROR] fetch_moneyflow_dc.py:378 20250805 处理失败: 抱歉，您访问接口(moneyflow_ind_dc)频率超限(500次/分钟)，具体频次详情：https://tushare.pro/document/1?doc_id=108。
2026-08-01 19:12:29,869 [ERROR] fetch_moneyflow_dc.py:170 获取 20250806~20250806 板块资金流向失败: 抱歉，您访问接口(moneyflow_ind_dc)频率超限(500次/分钟)，具体频次详情：https://tushare.pro/document/1?doc_id=108。
2026-08-01 19:12:29,870 [ERROR] fetch_moneyflow_dc.py:378 20250806 处理失败: 抱歉，您访问接口(moneyflow_ind_dc)频率超限(500次/分钟)，具体频次详情：https://tushare.pro/document/1?doc_id=108。
2026-08-01 19:12:29,875 [ERROR] fetch_moneyflow_dc.py:170 获取 20250807~20250807 板块资金流向失败: 抱歉，您访问接口(moneyflow_ind_dc)频率超限(500次/分钟)，具体频次详情：https://tushare.pro/document/1?doc_id=108。
2026-08-01 19:12:29,875 [ERROR] fetch_moneyflow_dc.py:378 20250807 处理失败: 抱歉，您访问接口(moneyflow_ind_dc)频率超限(500次/分钟)，具体频次详情：https://tushare.pro/document/1?doc_id=108。
2026-08-01 19:12:29,921 [ERROR] fetch_moneyflow_dc.py:170 获取 20250809~20250809 板块资金流向失败: 抱歉，您访问接口(moneyflow_ind_dc)频率超限(500次/分钟)，具体频次详情：https://tushare.pro/document/1?doc_id=108。
2026-08-01 19:12:29,921 [ERROR] fetch_moneyflow_dc.py:170 获取 20250808~20250808 板块资金流向失败: 抱歉，您访问接口(moneyflow_ind_dc)频率超限(500次/分钟)，具体频次详情：https://tushare.pro/document/1?doc_id=108。
2026-08-01 19:12:29,921 [ERROR] fetch_moneyflow_dc.py:378 20250809 处理失败: 抱歉，您访问接口(moneyflow_ind_dc)频率超限(500次/分钟)，具体频次详情：https://tushare.pro/document/1?doc_id=108。
2026-08-01 19:12:29,921 [ERROR] fetch_moneyflow_dc.py:378 20250808 处理失败: 抱歉，您访问接口(moneyflow_ind_dc)频率超限(500次/分钟)，具体频次详情：https://tushare.pro/document/1?doc_id=108。
2026-08-01 19:12:29,970 [ERROR] fetch_moneyflow_dc.py:170 获取 20250810~20250810 板块资金流向失败: 抱歉，您访问接口(moneyflow_ind_dc)频率超限(500次/分钟)，具体频次详情：https://tushare.pro/document/1?doc_id=108。
2026-08-01 19:12:29,970 [ERROR] fetch_moneyflow_dc.py:378 20250810 处理失败: 抱歉，您访问接口(moneyflow_ind_dc)频率超限(500次/分钟)，具体频次详情：https://tushare.pro/document/1?doc_id=108。
2026-08-01 19:12:29,971 [ERROR] fetch_moneyflow_dc.py:170 获取 20250811~20250811 板块资金流向失败: 抱歉，您访问接口(moneyflow_ind_dc)频率超限(500次/分钟)，具体频次详情：https://tushare.pro/document/1?doc_id=108。
2026-08-01 19:12:29,971 [ERROR] fetch_moneyflow_dc.py:378 20250811 处理失败: 抱歉，您访问接口(moneyflow_ind_dc)频率超限(500次/分钟)，具体频次详情：https://tushare.pro/document/1?doc_id=108。
2026-08-01 19:12:30,016 [ERROR] fetch_moneyflow_dc.py:170 获取 20250812~20250812 板块资金流向失败: 抱歉，您访问接口(moneyflow_ind_dc)频率超限(500次/分钟)，具体频次详情：https://tushare.pro/document/1?doc_id=108。
2026-08-01 19:12:30,016 [ERROR] fetch_moneyflow_dc.py:378 20250812 处理失败: 抱歉，您访问接口(moneyflow_ind_dc)频率超限(500次/分钟)，具体频次详情：https://tushare.pro/document/1?doc_id=108。
2026-08-01 19:12:30,021 [ERROR] fetch_moneyflow_dc.py:170 获取 20250813~20250813 板块资金流向失败: 抱歉，您访问接口(moneyflow_ind_dc)频率超限(500次/分钟)，具体频次详情：https://tushare.pro/document/1?doc_id=108。
2026-08-01 19:12:30,022 [ERROR] fetch_moneyflow_dc.py:378 20250813 处理失败: 抱歉，您访问接口(moneyflow_ind_dc)频率超限(500次/分钟)，具体频次详情：https://tushare.pro/document/1?doc_id=108。
2026-08-01 19:12:30,066 [ERROR] fetch_moneyflow_dc.py:170 获取 20250814~20250814 板块资金流向失败: 抱歉，您访问接口(moneyflow_ind_dc)频率超限(500次/分钟)，具体频次详情：https://tushare.pro/document/1?doc_id=108。
2026-08-01 19:12:30,066 [ERROR] fetch_moneyflow_dc.py:378 20250814 处理失败: 抱歉，您访问接口(moneyflow_ind_dc)频率超限(500次/分钟)，具体频次详情：https://tushare.pro/document/1?doc_id=108。
2026-08-01 19:12:30,072 [ERROR] fetch_moneyflow_dc.py:170 获取 20250815~20250815 板块资金流向失败: 抱歉，您访问接口(moneyflow_ind_dc)频率超限(500次/分钟)，具体频次详情：https://tushare.pro/document/1?doc_id=108。
2026-08-01 19:12:30,073 [ERROR] fetch_moneyflow_dc.py:378 20250815 处理失败: 抱歉，您访问接口(moneyflow_ind_dc)频率超限(500次/分钟)，具体频次详情：https://tushare.pro/document/1?doc_id=108。
2026-08-01 19:12:30,116 [ERROR] fetch_moneyflow_dc.py:170 获取 20250816~20250816 板块资金流向失败: 抱歉，您访问接口(moneyflow_ind_dc)频率超限(500次/分钟)，具体频次详情：https://tushare.pro/document/1?doc_id=108。
2026-08-01 19:12:30,123 [ERROR] fetch_moneyflow_dc.py:378 20250816 处理失败: 抱歉，您访问接口(moneyflow_ind_dc)频率超限(500次/分钟)，具体频次详情：https://tushare.pro/document/1?doc_id=108。
2026-08-01 19:12:30,125 [ERROR] fetch_moneyflow_dc.py:170 获取 20250817~20250817 板块资金流向失败: 抱歉，您访问接口(moneyflow_ind_dc)频率超限(500次/分钟)，具体频次详情：https://tushare.pro/document/1?doc_id=108。
2026-08-01 19:12:30,126 [ERROR] fetch_moneyflow_dc.py:378 20250817 处理失败: 抱歉，您访问接口(moneyflow_ind_dc)频率超限(500次/分钟)，具体频次详情：https://tushare.pro/document/1?doc_id=108。
2026-08-01 19:12:30,170 [ERROR] fetch_moneyflow_dc.py:170 获取 20250818~20250818 板块资金流向失败: 抱歉，您访问接口(moneyflow_ind_dc)频率超限(500次/分钟)，具体频次详情：https://tushare.pro/document/1?doc_id=108。
2026-08-01 19:12:30,170 [ERROR] fetch_moneyflow_dc.py:378 20250818 处理失败: 抱歉，您访问接口(moneyflow_ind_dc)频率超限(500次/分钟)，具体频次详情：https://tushare.pro/document/1?doc_id=108。
2026-08-01 19:12:30,193 [ERROR] fetch_moneyflow_dc.py:170 获取 20250819~20250819 板块资金流向失败: 抱歉，您访问接口(moneyflow_ind_dc)频率超限(500次/分钟)，具体频次详情：https://tushare.pro/document/1?doc_id=108。
2026-08-01 19:12:30,193 [ERROR] fetch_moneyflow_dc.py:378 20250819 处理失败: 抱歉，您访问接口(moneyflow_ind_dc)频率超限(500次/分钟)，具体频次详情：https://tushare.pro/document/1?doc_id=108。
2026-08-01 19:12:30,220 [ERROR] fetch_moneyflow_dc.py:170 获取 20250820~20250820 板块资金流向失败: 抱歉，您访问接口(moneyflow_ind_dc)频率超限(500次/分钟)，具体频次详情：https://tushare.pro/document/1?doc_id=108。
2026-08-01 19:12:30,220 [ERROR] fetch_moneyflow_dc.py:378 20250820 处理失败: 抱歉，您访问接口(moneyflow_ind_dc)频率超限(500次/分钟)，具体频次详情：https://tushare.pro/document/1?doc_id=108。
2026-08-01 19:12:30,241 [ERROR] fetch_moneyflow_dc.py:170 获取 20250821~20250821 板块资金流向失败: 抱歉，您访问接口(moneyflow_ind_dc)频率超限(500次/分钟)，具体频次详情：https://tushare.pro/document/1?doc_id=108。
2026-08-01 19:12:30,242 [ERROR] fetch_moneyflow_dc.py:378 20250821 处理失败: 抱歉，您访问接口(moneyflow_ind_dc)频率超限(500次/分钟)，具体频次详情：https://tushare.pro/document/1?doc_id=108。
2026-08-01 19:12:30,272 [ERROR] fetch_moneyflow_dc.py:170 获取 20250822~20250822 板块资金流向失败: 抱歉，您访问接口(moneyflow_ind_dc)频率超限(500次/分钟)，具体频次详情：https://tushare.pro/document/1?doc_id=108。
2026-08-01 19:12:30,272 [ERROR] fetch_moneyflow_dc.py:378 20250822 处理失败: 抱歉，您访问接口(moneyflow_ind_dc)频率超限(500次/分钟)，具体频次详情：https://tushare.pro/document/1?doc_id=108。
2026-08-01 19:12:30,290 [ERROR] fetch_moneyflow_dc.py:170 获取 20250823~20250823 板块资金流向失败: 抱歉，您访问接口(moneyflow_ind_dc)频率超限(500次/分钟)，具体频次详情：https://tushare.pro/document/1?doc_id=108。
2026-08-01 19:12:30,290 [ERROR] fetch_moneyflow_dc.py:378 20250823 处理失败: 抱歉，您访问接口(moneyflow_ind_dc)频率超限(500次/分钟)，具体频次详情：https://tushare.pro/document/1?doc_id=108。
2026-08-01 19:12:30,321 [ERROR] fetch_moneyflow_dc.py:170 获取 20250824~20250824 板块资金流向失败: 抱歉，您访问接口(moneyflow_ind_dc)频率超限(500次/分钟)，具体频次详情：https://tushare.pro/document/1?doc_id=108。
2026-08-01 19:12:30,322 [ERROR] fetch_moneyflow_dc.py:378 20250824 处理失败: 抱歉，您访问接口(moneyflow_ind_dc)频率超限(500次/分钟)，具体频次详情：https://tushare.pro/document/1?doc_id=108。
2026-08-01 19:12:30,336 [ERROR] fetch_moneyflow_dc.py:170 获取 20250825~20250825 板块资金流向失败: 抱歉，您访问接口(moneyflow_ind_dc)频率超限(500次/分钟)，具体频次详情：https://tushare.pro/document/1?doc_id=108。
2026-08-01 19:12:30,336 [ERROR] fetch_moneyflow_dc.py:378 20250825 处理失败: 抱歉，您访问接口(moneyflow_ind_dc)频率超限(500次/分钟)，具体频次详情：https://tushare.pro/document/1?doc_id=108。
2026-08-01 19:12:30,384 [ERROR] fetch_moneyflow_dc.py:170 获取 20250827~20250827 板块资金流向失败: 抱歉，您访问接口(moneyflow_ind_dc)频率超限(500次/分钟)，具体频次详情：https://tushare.pro/document/1?doc_id=108。
2026-08-01 19:12:30,384 [ERROR] fetch_moneyflow_dc.py:378 20250827 处理失败: 抱歉，您访问接口(moneyflow_ind_dc)频率超限(500次/分钟)，具体频次详情：https://tushare.pro/document/1?doc_id=108。
2026-08-01 19:12:30,393 [ERROR] fetch_moneyflow_dc.py:170 获取 20250826~20250826 板块资金流向失败: 抱歉，您访问接口(moneyflow_ind_dc)频率超限(500次/分钟)，具体频次详情：https://tushare.pro/document/1?doc_id=108。
2026-08-01 19:12:30,394 [ERROR] fetch_moneyflow_dc.py:378 20250826 处理失败: 抱歉，您访问接口(moneyflow_ind_dc)频率超限(500次/分钟)，具体频次详情：https://tushare.pro/document/1?doc_id=108。
2026-08-01 19:12:30,437 [ERROR] fetch_moneyflow_dc.py:170 获取 20250828~20250828 板块资金流向失败: 抱歉，您访问接口(moneyflow_ind_dc)频率超限(500次/分钟)，具体频次详情：https://tushare.pro/document/1?doc_id=108。
2026-08-01 19:12:30,437 [ERROR] fetch_moneyflow_dc.py:378 20250828 处理失败: 抱歉，您访问接口(moneyflow_ind_dc)频率超限(500次/分钟)，具体频次详情：https://tushare.pro/document/1?doc_id=108。
2026-08-01 19:12:30,445 [ERROR] fetch_moneyflow_dc.py:170 获取 20250829~20250829 板块资金流向失败: 抱歉，您访问接口(moneyflow_ind_dc)频率超限(500次/分钟)，具体频次详情：https://tushare.pro/document/1?doc_id=108。
2026-08-01 19:12:30,445 [ERROR] fetch_moneyflow_dc.py:378 20250829 处理失败: 抱歉，您访问接口(moneyflow_ind_dc)频率超限(500次/分钟)，具体频次详情：https://tushare.pro/document/1?doc_id=108。
2026-08-01 19:12:30,485 [ERROR] fetch_moneyflow_dc.py:170 获取 20250830~20250830 板块资金流向失败: 抱歉，您访问接口(moneyflow_ind_dc)频率超限(500次/分钟)，具体频次详情：https://tushare.pro/document/1?doc_id=108。
2026-08-01 19:12:30,486 [ERROR] fetch_moneyflow_dc.py:378 20250830 处理失败: 抱歉，您访问接口(moneyflow_ind_dc)频率超限(500次/分钟)，具体频次详情：https://tushare.pro/document/1?doc_id=108。
2026-08-01 19:12:30,496 [ERROR] fetch_moneyflow_dc.py:170 获取 20250831~20250831 板块资金流向失败: 抱歉，您访问接口(moneyflow_ind_dc)频率超限(500次/分钟)，具体频次详情：https://tushare.pro/document/1?doc_id=108。
2026-08-01 19:12:30,496 [ERROR] fetch_moneyflow_dc.py:378 20250831 处理失败: 抱歉，您访问接口(moneyflow_ind_dc)频率超限(500次/分钟)，具体频次详情：https://tushare.pro/document/1?doc_id=108。
2026-08-01 19:12:30,534 [ERROR] fetch_moneyflow_dc.py:170 获取 20250901~20250901 板块资金流向失败: 抱歉，您访问接口(moneyflow_ind_dc)频率超限(500次/分钟)，具体频次详情：https://tushare.pro/document/1?doc_id=108。
2026-08-01 19:12:30,535 [ERROR] fetch_moneyflow_dc.py:378 20250901 处理失败: 抱歉，您访问接口(moneyflow_ind_dc)频率超限(500次/分钟)，具体频次详情：https://tushare.pro/document/1?doc_id=108。
2026-08-01 19:12:30,545 [ERROR] fetch_moneyflow_dc.py:170 获取 20250902~20250902 板块资金流向失败: 抱歉，您访问接口(moneyflow_ind_dc)频率超限(500次/分钟)，具体频次详情：https://tushare.pro/document/1?doc_id=108。
2026-08-01 19:12:30,545 [ERROR] fetch_moneyflow_dc.py:378 20250902 处理失败: 抱歉，您访问接口(moneyflow_ind_dc)频率超限(500次/分钟)，具体频次详情：https://tushare.pro/document/1?doc_id=108。
2026-08-01 19:12:30,582 [ERROR] fetch_moneyflow_dc.py:170 获取 20250903~20250903 板块资金流向失败: 抱歉，您访问接口(moneyflow_ind_dc)频率超限(500次/分钟)，具体频次详情：https://tushare.pro/document/1?doc_id=108。
2026-08-01 19:12:30,583 [ERROR] fetch_moneyflow_dc.py:378 20250903 处理失败: 抱歉，您访问接口(moneyflow_ind_dc)频率超限(500次/分钟)，具体频次详情：https://tushare.pro/document/1?doc_id=108。
2026-08-01 19:12:30,594 [ERROR] fetch_moneyflow_dc.py:170 获取 20250904~20250904 板块资金流向失败: 抱歉，您访问接口(moneyflow_ind_dc)频率超限(500次/分钟)，具体频次详情：https://tushare.pro/document/1?doc_id=108。
2026-08-01 19:12:30,594 [ERROR] fetch_moneyflow_dc.py:378 20250904 处理失败: 抱歉，您访问接口(moneyflow_ind_dc)频率超限(500次/分钟)，具体频次详情：https://tushare.pro/document/1?doc_id=108。
2026-08-01 19:12:30,629 [ERROR] fetch_moneyflow_dc.py:170 获取 20250905~20250905 板块资金流向失败: 抱歉，您访问接口(moneyflow_ind_dc)频率超限(500次/分钟)，具体频次详情：https://tushare.pro/document/1?doc_id=108。
2026-08-01 19:12:30,630 [ERROR] fetch_moneyflow_dc.py:378 20250905 处理失败: 抱歉，您访问接口(moneyflow_ind_dc)频率超限(500次/分钟)，具体频次详情：https://tushare.pro/document/1?doc_id=108。
2026-08-01 19:12:30,641 [ERROR] fetch_moneyflow_dc.py:170 获取 20250906~20250906 板块资金流向失败: 抱歉，您访问接口(moneyflow_ind_dc)频率超限(500次/分钟)，具体频次详情：https://tushare.pro/document/1?doc_id=108。
2026-08-01 19:12:30,642 [ERROR] fetch_moneyflow_dc.py:378 20250906 处理失败: 抱歉，您访问接口(moneyflow_ind_dc)频率超限(500次/分钟)，具体频次详情：https://tushare.pro/document/1?doc_id=108。
2026-08-01 19:12:30,678 [ERROR] fetch_moneyflow_dc.py:170 获取 20250907~20250907 板块资金流向失败: 抱歉，您访问接口(moneyflow_ind_dc)频率超限(500次/分钟)，具体频次详情：https://tushare.pro/document/1?doc_id=108。
2026-08-01 19:12:30,678 [ERROR] fetch_moneyflow_dc.py:378 20250907 处理失败: 抱歉，您访问接口(moneyflow_ind_dc)频率超限(500次/分钟)，具体频次详情：https://tushare.pro/document/1?doc_id=108。
2026-08-01 19:12:30,694 [ERROR] fetch_moneyflow_dc.py:170 获取 20250908~20250908 板块资金流向失败: 抱歉，您访问接口(moneyflow_ind_dc)频率超限(500次/分钟)，具体频次详情：https://tushare.pro/document/1?doc_id=108。
2026-08-01 19:12:30,694 [ERROR] fetch_moneyflow_dc.py:378 20250908 处理失败: 抱歉，您访问接口(moneyflow_ind_dc)频率超限(500次/分钟)，具体频次详情：https://tushare.pro/document/1?doc_id=108。
2026-08-01 19:12:30,727 [ERROR] fetch_moneyflow_dc.py:170 获取 20250909~20250909 板块资金流向失败: 抱歉，您访问接口(moneyflow_ind_dc)频率超限(500次/分钟)，具体频次详情：https://tushare.pro/document/1?doc_id=108。
2026-08-01 19:12:30,728 [ERROR] fetch_moneyflow_dc.py:378 20250909 处理失败: 抱歉，您访问接口(moneyflow_ind_dc)频率超限(500次/分钟)，具体频次详情：https://tushare.pro/document/1?doc_id=108。
2026-08-01 19:12:30,744 [ERROR] fetch_moneyflow_dc.py:170 获取 20250910~20250910 板块资金流向失败: 抱歉，您访问接口(moneyflow_ind_dc)频率超限(500次/分钟)，具体频次详情：https://tushare.pro/document/1?doc_id=108。
2026-08-01 19:12:30,744 [ERROR] fetch_moneyflow_dc.py:378 20250910 处理失败: 抱歉，您访问接口(moneyflow_ind_dc)频率超限(500次/分钟)，具体频次详情：https://tushare.pro/document/1?doc_id=108。
2026-08-01 19:12:30,775 [ERROR] fetch_moneyflow_dc.py:170 获取 20250911~20250911 板块资金流向失败: 抱歉，您访问接口(moneyflow_ind_dc)频率超限(500次/分钟)，具体频次详情：https://tushare.pro/document/1?doc_id=108。
2026-08-01 19:12:30,775 [ERROR] fetch_moneyflow_dc.py:378 20250911 处理失败: 抱歉，您访问接口(moneyflow_ind_dc)频率超限(500次/分钟)，具体频次详情：https://tushare.pro/document/1?doc_id=108。
2026-08-01 19:12:30,792 [ERROR] fetch_moneyflow_dc.py:170 获取 20250912~20250912 板块资金流向失败: 抱歉，您访问接口(moneyflow_ind_dc)频率超限(500次/分钟)，具体频次详情：https://tushare.pro/document/1?doc_id=108。
2026-08-01 19:12:30,792 [ERROR] fetch_moneyflow_dc.py:378 20250912 处理失败: 抱歉，您访问接口(moneyflow_ind_dc)频率超限(500次/分钟)，具体频次详情：https://tushare.pro/document/1?doc_id=108。
2026-08-01 19:12:30,823 [ERROR] fetch_moneyflow_dc.py:170 获取 20250913~20250913 板块资金流向失败: 抱歉，您访问接口(moneyflow_ind_dc)频率超限(500次/分钟)，具体频次详情：https://tushare.pro/document/1?doc_id=108。
2026-08-01 19:12:30,823 [ERROR] fetch_moneyflow_dc.py:378 20250913 处理失败: 抱歉，您访问接口(moneyflow_ind_dc)频率超限(500次/分钟)，具体频次详情：https://tushare.pro/document/1?doc_id=108。
2026-08-01 19:12:30,840 [ERROR] fetch_moneyflow_dc.py:170 获取 20250914~20250914 板块资金流向失败: 抱歉，您访问接口(moneyflow_ind_dc)频率超限(500次/分钟)，具体频次详情：https://tushare.pro/document/1?doc_id=108。
2026-08-01 19:12:30,840 [ERROR] fetch_moneyflow_dc.py:378 20250914 处理失败: 抱歉，您访问接口(moneyflow_ind_dc)频率超限(500次/分钟)，具体频次详情：https://tushare.pro/document/1?doc_id=108。
2026-08-01 19:12:30,886 [ERROR] fetch_moneyflow_dc.py:170 获取 20250915~20250915 板块资金流向失败: 抱歉，您访问接口(moneyflow_ind_dc)频率超限(500次/分钟)，具体频次详情：https://tushare.pro/document/1?doc_id=108。
2026-08-01 19:12:30,886 [ERROR] fetch_moneyflow_dc.py:378 20250915 处理失败: 抱歉，您访问接口(moneyflow_ind_dc)频率超限(500次/分钟)，具体频次详情：https://tushare.pro/document/1?doc_id=108。
2026-08-01 19:12:30,903 [ERROR] fetch_moneyflow_dc.py:170 获取 20250916~20250916 板块资金流向失败: 抱歉，您访问接口(moneyflow_ind_dc)频率超限(500次/分钟)，具体频次详情：https://tushare.pro/document/1?doc_id=108。
2026-08-01 19:12:30,903 [ERROR] fetch_moneyflow_dc.py:378 20250916 处理失败: 抱歉，您访问接口(moneyflow_ind_dc)频率超限(500次/分钟)，具体频次详情：https://tushare.pro/document/1?doc_id=108。
2026-08-01 19:12:30,933 [ERROR] fetch_moneyflow_dc.py:170 获取 20250917~20250917 板块资金流向失败: 抱歉，您访问接口(moneyflow_ind_dc)频率超限(500次/分钟)，具体频次详情：https://tushare.pro/document/1?doc_id=108。
2026-08-01 19:12:30,933 [ERROR] fetch_moneyflow_dc.py:378 20250917 处理失败: 抱歉，您访问接口(moneyflow_ind_dc)频率超限(500次/分钟)，具体频次详情：https://tushare.pro/document/1?doc_id=108。
2026-08-01 19:12:30,950 [ERROR] fetch_moneyflow_dc.py:170 获取 20250918~20250918 板块资金流向失败: 抱歉，您访问接口(moneyflow_ind_dc)频率超限(500次/分钟)，具体频次详情：https://tushare.pro/document/1?doc_id=108。
2026-08-01 19:12:30,950 [ERROR] fetch_moneyflow_dc.py:378 20250918 处理失败: 抱歉，您访问接口(moneyflow_ind_dc)频率超限(500次/分钟)，具体频次详情：https://tushare.pro/document/1?doc_id=108。
2026-08-01 19:12:30,984 [ERROR] fetch_moneyflow_dc.py:170 获取 20250919~20250919 板块资金流向失败: 抱歉，您访问接口(moneyflow_ind_dc)频率超限(500次/分钟)，具体频次详情：https://tushare.pro/document/1?doc_id=108。
2026-08-01 19:12:30,985 [ERROR] fetch_moneyflow_dc.py:378 20250919 处理失败: 抱歉，您访问接口(moneyflow_ind_dc)频率超限(500次/分钟)，具体频次详情：https://tushare.pro/document/1?doc_id=108。
2026-08-01 19:12:30,999 [ERROR] fetch_moneyflow_dc.py:170 获取 20250920~20250920 板块资金流向失败: 抱歉，您访问接口(moneyflow_ind_dc)频率超限(500次/分钟)，具体频次详情：https://tushare.pro/document/1?doc_id=108。
2026-08-01 19:12:30,999 [ERROR] fetch_moneyflow_dc.py:378 20250920 处理失败: 抱歉，您访问接口(moneyflow_ind_dc)频率超限(500次/分钟)，具体频次详情：https://tushare.pro/document/1?doc_id=108。
2026-08-01 19:12:31,030 [ERROR] fetch_moneyflow_dc.py:170 获取 20250921~20250921 板块资金流向失败: 抱歉，您访问接口(moneyflow_ind_dc)频率超限(500次/分钟)，具体频次详情：https://tushare.pro/document/1?doc_id=108。
2026-08-01 19:12:31,030 [ERROR] fetch_moneyflow_dc.py:378 20250921 处理失败: 抱歉，您访问接口(moneyflow_ind_dc)频率超限(500次/分钟)，具体频次详情：https://tushare.pro/document/1?doc_id=108。
2026-08-01 19:12:31,074 [ERROR] fetch_moneyflow_dc.py:170 获取 20250922~20250922 板块资金流向失败: 抱歉，您访问接口(moneyflow_ind_dc)频率超限(500次/分钟)，具体频次详情：https://tushare.pro/document/1?doc_id=108。
2026-08-01 19:12:31,074 [ERROR] fetch_moneyflow_dc.py:378 20250922 处理失败: 抱歉，您访问接口(moneyflow_ind_dc)频率超限(500次/分钟)，具体频次详情：https://tushare.pro/document/1?doc_id=108。
2026-08-01 19:12:31,080 [ERROR] fetch_moneyflow_dc.py:170 获取 20250923~20250923 板块资金流向失败: 抱歉，您访问接口(moneyflow_ind_dc)频率超限(500次/分钟)，具体频次详情：https://tushare.pro/document/1?doc_id=108。
2026-08-01 19:12:31,080 [ERROR] fetch_moneyflow_dc.py:378 20250923 处理失败: 抱歉，您访问接口(moneyflow_ind_dc)频率超限(500次/分钟)，具体频次详情：https://tushare.pro/document/1?doc_id=108。
2026-08-01 19:12:31,128 [ERROR] fetch_moneyflow_dc.py:170 获取 20250925~20250925 板块资金流向失败: 抱歉，您访问接口(moneyflow_ind_dc)频率超限(500次/分钟)，具体频次详情：https://tushare.pro/document/1?doc_id=108。
2026-08-01 19:12:31,128 [ERROR] fetch_moneyflow_dc.py:378 20250925 处理失败: 抱歉，您访问接口(moneyflow_ind_dc)频率超限(500次/分钟)，具体频次详情：https://tushare.pro/document/1?doc_id=108。
2026-08-01 19:12:31,132 [ERROR] fetch_moneyflow_dc.py:170 获取 20250924~20250924 板块资金流向失败: 抱歉，您访问接口(moneyflow_ind_dc)频率超限(500次/分钟)，具体频次详情：https://tushare.pro/document/1?doc_id=108。
2026-08-01 19:12:31,133 [ERROR] fetch_moneyflow_dc.py:378 20250924 处理失败: 抱歉，您访问接口(moneyflow_ind_dc)频率超限(500次/分钟)，具体频次详情：https://tushare.pro/document/1?doc_id=108。
2026-08-01 19:12:31,174 [ERROR] fetch_moneyflow_dc.py:170 获取 20250926~20250926 板块资金流向失败: 抱歉，您访问接口(moneyflow_ind_dc)频率超限(500次/分钟)，具体频次详情：https://tushare.pro/document/1?doc_id=108。
2026-08-01 19:12:31,174 [ERROR] fetch_moneyflow_dc.py:378 20250926 处理失败: 抱歉，您访问接口(moneyflow_ind_dc)频率超限(500次/分钟)，具体频次详情：https://tushare.pro/document/1?doc_id=108。
2026-08-01 19:12:31,181 [ERROR] fetch_moneyflow_dc.py:170 获取 20250927~20250927 板块资金流向失败: 抱歉，您访问接口(moneyflow_ind_dc)频率超限(500次/分钟)，具体频次详情：https://tushare.pro/document/1?doc_id=108。
2026-08-01 19:12:31,181 [ERROR] fetch_moneyflow_dc.py:378 20250927 处理失败: 抱歉，您访问接口(moneyflow_ind_dc)频率超限(500次/分钟)，具体频次详情：https://tushare.pro/document/1?doc_id=108。
2026-08-01 19:12:31,226 [ERROR] fetch_moneyflow_dc.py:170 获取 20250928~20250928 板块资金流向失败: 抱歉，您访问接口(moneyflow_ind_dc)频率超限(500次/分钟)，具体频次详情：https://tushare.pro/document/1?doc_id=108。
2026-08-01 19:12:31,227 [ERROR] fetch_moneyflow_dc.py:378 20250928 处理失败: 抱歉，您访问接口(moneyflow_ind_dc)频率超限(500次/分钟)，具体频次详情：https://tushare.pro/document/1?doc_id=108。
2026-08-01 19:12:31,229 [ERROR] fetch_moneyflow_dc.py:170 获取 20250929~20250929 板块资金流向失败: 抱歉，您访问接口(moneyflow_ind_dc)频率超限(500次/分钟)，具体频次详情：https://tushare.pro/document/1?doc_id=108。
2026-08-01 19:12:31,230 [ERROR] fetch_moneyflow_dc.py:378 20250929 处理失败: 抱歉，您访问接口(moneyflow_ind_dc)频率超限(500次/分钟)，具体频次详情：https://tushare.pro/document/1?doc_id=108。
2026-08-01 19:12:31,276 [ERROR] fetch_moneyflow_dc.py:170 获取 20250930~20250930 板块资金流向失败: 抱歉，您访问接口(moneyflow_ind_dc)频率超限(500次/分钟)，具体频次详情：https://tushare.pro/document/1?doc_id=108。
2026-08-01 19:12:31,276 [ERROR] fetch_moneyflow_dc.py:378 20250930 处理失败: 抱歉，您访问接口(moneyflow_ind_dc)频率超限(500次/分钟)，具体频次详情：https://tushare.pro/document/1?doc_id=108。
2026-08-01 19:12:31,279 [ERROR] fetch_moneyflow_dc.py:170 获取 20251001~20251001 板块资金流向失败: 抱歉，您访问接口(moneyflow_ind_dc)频率超限(500次/分钟)，具体频次详情：https://tushare.pro/document/1?doc_id=108。
2026-08-01 19:12:31,280 [ERROR] fetch_moneyflow_dc.py:378 20251001 处理失败: 抱歉，您访问接口(moneyflow_ind_dc)频率超限(500次/分钟)，具体频次详情：https://tushare.pro/document/1?doc_id=108。
2026-08-01 19:12:31,325 [ERROR] fetch_moneyflow_dc.py:170 获取 20251002~20251002 板块资金流向失败: 抱歉，您访问接口(moneyflow_ind_dc)频率超限(500次/分钟)，具体频次详情：https://tushare.pro/document/1?doc_id=108。
2026-08-01 19:12:31,326 [ERROR] fetch_moneyflow_dc.py:378 20251002 处理失败: 抱歉，您访问接口(moneyflow_ind_dc)频率超限(500次/分钟)，具体频次详情：https://tushare.pro/document/1?doc_id=108。
2026-08-01 19:12:31,349 [ERROR] fetch_moneyflow_dc.py:170 获取 20251003~20251003 板块资金流向失败: 抱歉，您访问接口(moneyflow_ind_dc)频率超限(500次/分钟)，具体频次详情：https://tushare.pro/document/1?doc_id=108。
2026-08-01 19:12:31,350 [ERROR] fetch_moneyflow_dc.py:378 20251003 处理失败: 抱歉，您访问接口(moneyflow_ind_dc)频率超限(500次/分钟)，具体频次详情：https://tushare.pro/document/1?doc_id=108。
2026-08-01 19:12:31,376 [ERROR] fetch_moneyflow_dc.py:170 获取 20251004~20251004 板块资金流向失败: 抱歉，您访问接口(moneyflow_ind_dc)频率超限(500次/分钟)，具体频次详情：https://tushare.pro/document/1?doc_id=108。
2026-08-01 19:12:31,377 [ERROR] fetch_moneyflow_dc.py:378 20251004 处理失败: 抱歉，您访问接口(moneyflow_ind_dc)频率超限(500次/分钟)，具体频次详情：https://tushare.pro/document/1?doc_id=108。
2026-08-01 19:12:31,400 [ERROR] fetch_moneyflow_dc.py:170 获取 20251005~20251005 板块资金流向失败: 抱歉，您访问接口(moneyflow_ind_dc)频率超限(500次/分钟)，具体频次详情：https://tushare.pro/document/1?doc_id=108。
2026-08-01 19:12:31,400 [ERROR] fetch_moneyflow_dc.py:378 20251005 处理失败: 抱歉，您访问接口(moneyflow_ind_dc)频率超限(500次/分钟)，具体频次详情：https://tushare.pro/document/1?doc_id=108。
2026-08-01 19:12:31,424 [ERROR] fetch_moneyflow_dc.py:170 获取 20251006~20251006 板块资金流向失败: 抱歉，您访问接口(moneyflow_ind_dc)频率超限(500次/分钟)，具体频次详情：https://tushare.pro/document/1?doc_id=108。
2026-08-01 19:12:31,424 [ERROR] fetch_moneyflow_dc.py:378 20251006 处理失败: 抱歉，您访问接口(moneyflow_ind_dc)频率超限(500次/分钟)，具体频次详情：https://tushare.pro/document/1?doc_id=108。
2026-08-01 19:12:31,470 [ERROR] fetch_moneyflow_dc.py:170 获取 20251008~20251008 板块资金流向失败: 抱歉，您访问接口(moneyflow_ind_dc)频率超限(500次/分钟)，具体频次详情：https://tushare.pro/document/1?doc_id=108。
2026-08-01 19:12:31,471 [ERROR] fetch_moneyflow_dc.py:170 获取 20251007~20251007 板块资金流向失败: 抱歉，您访问接口(moneyflow_ind_dc)频率超限(500次/分钟)，具体频次详情：https://tushare.pro/document/1?doc_id=108。
2026-08-01 19:12:31,471 [ERROR] fetch_moneyflow_dc.py:378 20251008 处理失败: 抱歉，您访问接口(moneyflow_ind_dc)频率超限(500次/分钟)，具体频次详情：https://tushare.pro/document/1?doc_id=108。
2026-08-01 19:12:31,472 [ERROR] fetch_moneyflow_dc.py:378 20251007 处理失败: 抱歉，您访问接口(moneyflow_ind_dc)频率超限(500次/分钟)，具体频次详情：https://tushare.pro/document/1?doc_id=108。
2026-08-01 19:12:31,521 [ERROR] fetch_moneyflow_dc.py:170 获取 20251009~20251009 板块资金流向失败: 抱歉，您访问接口(moneyflow_ind_dc)频率超限(500次/分钟)，具体频次详情：https://tushare.pro/document/1?doc_id=108。
2026-08-01 19:12:31,521 [ERROR] fetch_moneyflow_dc.py:378 20251009 处理失败: 抱歉，您访问接口(moneyflow_ind_dc)频率超限(500次/分钟)，具体频次详情：https://tushare.pro/document/1?doc_id=108。
2026-08-01 19:12:31,526 [ERROR] fetch_moneyflow_dc.py:170 获取 20251010~20251010 板块资金流向失败: 抱歉，您访问接口(moneyflow_ind_dc)频率超限(500次/分钟)，具体频次详情：https://tushare.pro/document/1?doc_id=108。
2026-08-01 19:12:31,526 [ERROR] fetch_moneyflow_dc.py:378 20251010 处理失败: 抱歉，您访问接口(moneyflow_ind_dc)频率超限(500次/分钟)，具体频次详情：https://tushare.pro/document/1?doc_id=108。
2026-08-01 19:12:31,566 [ERROR] fetch_moneyflow_dc.py:170 获取 20251011~20251011 板块资金流向失败: 抱歉，您访问接口(moneyflow_ind_dc)频率超限(500次/分钟)，具体频次详情：https://tushare.pro/document/1?doc_id=108。
2026-08-01 19:12:31,566 [ERROR] fetch_moneyflow_dc.py:378 20251011 处理失败: 抱歉，您访问接口(moneyflow_ind_dc)频率超限(500次/分钟)，具体频次详情：https://tushare.pro/document/1?doc_id=108。
2026-08-01 19:12:31,571 [ERROR] fetch_moneyflow_dc.py:170 获取 20251012~20251012 板块资金流向失败: 抱歉，您访问接口(moneyflow_ind_dc)频率超限(500次/分钟)，具体频次详情：https://tushare.pro/document/1?doc_id=108。
2026-08-01 19:12:31,571 [ERROR] fetch_moneyflow_dc.py:378 20251012 处理失败: 抱歉，您访问接口(moneyflow_ind_dc)频率超限(500次/分钟)，具体频次详情：https://tushare.pro/document/1?doc_id=108。
2026-08-01 19:12:31,614 [ERROR] fetch_moneyflow_dc.py:170 获取 20251013~20251013 板块资金流向失败: 抱歉，您访问接口(moneyflow_ind_dc)频率超限(500次/分钟)，具体频次详情：https://tushare.pro/document/1?doc_id=108。
2026-08-01 19:12:31,615 [ERROR] fetch_moneyflow_dc.py:378 20251013 处理失败: 抱歉，您访问接口(moneyflow_ind_dc)频率超限(500次/分钟)，具体频次详情：https://tushare.pro/document/1?doc_id=108。
2026-08-01 19:12:31,618 [ERROR] fetch_moneyflow_dc.py:170 获取 20251014~20251014 板块资金流向失败: 抱歉，您访问接口(moneyflow_ind_dc)频率超限(500次/分钟)，具体频次详情：https://tushare.pro/document/1?doc_id=108。
2026-08-01 19:12:31,618 [ERROR] fetch_moneyflow_dc.py:378 20251014 处理失败: 抱歉，您访问接口(moneyflow_ind_dc)频率超限(500次/分钟)，具体频次详情：https://tushare.pro/document/1?doc_id=108。
2026-08-01 19:12:31,661 [ERROR] fetch_moneyflow_dc.py:170 获取 20251015~20251015 板块资金流向失败: 抱歉，您访问接口(moneyflow_ind_dc)频率超限(500次/分钟)，具体频次详情：https://tushare.pro/document/1?doc_id=108。
2026-08-01 19:12:31,661 [ERROR] fetch_moneyflow_dc.py:378 20251015 处理失败: 抱歉，您访问接口(moneyflow_ind_dc)频率超限(500次/分钟)，具体频次详情：https://tushare.pro/document/1?doc_id=108。
2026-08-01 19:12:31,666 [ERROR] fetch_moneyflow_dc.py:170 获取 20251016~20251016 板块资金流向失败: 抱歉，您访问接口(moneyflow_ind_dc)频率超限(500次/分钟)，具体频次详情：https://tushare.pro/document/1?doc_id=108。
2026-08-01 19:12:31,666 [ERROR] fetch_moneyflow_dc.py:378 20251016 处理失败: 抱歉，您访问接口(moneyflow_ind_dc)频率超限(500次/分钟)，具体频次详情：https://tushare.pro/document/1?doc_id=108。
2026-08-01 19:12:31,709 [ERROR] fetch_moneyflow_dc.py:170 获取 20251017~20251017 板块资金流向失败: 抱歉，您访问接口(moneyflow_ind_dc)频率超限(500次/分钟)，具体频次详情：https://tushare.pro/document/1?doc_id=108。
2026-08-01 19:12:31,709 [ERROR] fetch_moneyflow_dc.py:378 20251017 处理失败: 抱歉，您访问接口(moneyflow_ind_dc)频率超限(500次/分钟)，具体频次详情：https://tushare.pro/document/1?doc_id=108。
2026-08-01 19:12:31,712 [ERROR] fetch_moneyflow_dc.py:170 获取 20251018~20251018 板块资金流向失败: 抱歉，您访问接口(moneyflow_ind_dc)频率超限(500次/分钟)，具体频次详情：https://tushare.pro/document/1?doc_id=108。
2026-08-01 19:12:31,712 [ERROR] fetch_moneyflow_dc.py:378 20251018 处理失败: 抱歉，您访问接口(moneyflow_ind_dc)频率超限(500次/分钟)，具体频次详情：https://tushare.pro/document/1?doc_id=108。
2026-08-01 19:12:31,759 [ERROR] fetch_moneyflow_dc.py:170 获取 20251019~20251019 板块资金流向失败: 抱歉，您访问接口(moneyflow_ind_dc)频率超限(500次/分钟)，具体频次详情：https://tushare.pro/document/1?doc_id=108。
2026-08-01 19:12:31,759 [ERROR] fetch_moneyflow_dc.py:378 20251019 处理失败: 抱歉，您访问接口(moneyflow_ind_dc)频率超限(500次/分钟)，具体频次详情：https://tushare.pro/document/1?doc_id=108。
2026-08-01 19:12:31,762 [ERROR] fetch_moneyflow_dc.py:170 获取 20251020~20251020 板块资金流向失败: 抱歉，您访问接口(moneyflow_ind_dc)频率超限(500次/分钟)，具体频次详情：https://tushare.pro/document/1?doc_id=108。
2026-08-01 19:12:31,762 [ERROR] fetch_moneyflow_dc.py:378 20251020 处理失败: 抱歉，您访问接口(moneyflow_ind_dc)频率超限(500次/分钟)，具体频次详情：https://tushare.pro/document/1?doc_id=108。
2026-08-01 19:12:31,809 [ERROR] fetch_moneyflow_dc.py:170 获取 20251021~20251021 板块资金流向失败: 抱歉，您访问接口(moneyflow_ind_dc)频率超限(500次/分钟)，具体频次详情：https://tushare.pro/document/1?doc_id=108。
2026-08-01 19:12:31,810 [ERROR] fetch_moneyflow_dc.py:170 获取 20251022~20251022 板块资金流向失败: 抱歉，您访问接口(moneyflow_ind_dc)频率超限(500次/分钟)，具体频次详情：https://tushare.pro/document/1?doc_id=108。
2026-08-01 19:12:31,810 [ERROR] fetch_moneyflow_dc.py:378 20251021 处理失败: 抱歉，您访问接口(moneyflow_ind_dc)频率超限(500次/分钟)，具体频次详情：https://tushare.pro/document/1?doc_id=108。
2026-08-01 19:12:31,811 [ERROR] fetch_moneyflow_dc.py:378 20251022 处理失败: 抱歉，您访问接口(moneyflow_ind_dc)频率超限(500次/分钟)，具体频次详情：https://tushare.pro/document/1?doc_id=108。
2026-08-01 19:12:31,859 [ERROR] fetch_moneyflow_dc.py:170 获取 20251023~20251023 板块资金流向失败: 抱歉，您访问接口(moneyflow_ind_dc)频率超限(500次/分钟)，具体频次详情：https://tushare.pro/document/1?doc_id=108。
2026-08-01 19:12:31,859 [ERROR] fetch_moneyflow_dc.py:378 20251023 处理失败: 抱歉，您访问接口(moneyflow_ind_dc)频率超限(500次/分钟)，具体频次详情：https://tushare.pro/document/1?doc_id=108。
2026-08-01 19:12:31,868 [ERROR] fetch_moneyflow_dc.py:170 获取 20251024~20251024 板块资金流向失败: 抱歉，您访问接口(moneyflow_ind_dc)频率超限(500次/分钟)，具体频次详情：https://tushare.pro/document/1?doc_id=108。
2026-08-01 19:12:31,869 [ERROR] fetch_moneyflow_dc.py:378 20251024 处理失败: 抱歉，您访问接口(moneyflow_ind_dc)频率超限(500次/分钟)，具体频次详情：https://tushare.pro/document/1?doc_id=108。
2026-08-01 19:12:31,912 [ERROR] fetch_moneyflow_dc.py:170 获取 20251025~20251025 板块资金流向失败: 抱歉，您访问接口(moneyflow_ind_dc)频率超限(500次/分钟)，具体频次详情：https://tushare.pro/document/1?doc_id=108。
2026-08-01 19:12:31,912 [ERROR] fetch_moneyflow_dc.py:378 20251025 处理失败: 抱歉，您访问接口(moneyflow_ind_dc)频率超限(500次/分钟)，具体频次详情：https://tushare.pro/document/1?doc_id=108。
2026-08-01 19:12:31,917 [ERROR] fetch_moneyflow_dc.py:170 获取 20251026~20251026 板块资金流向失败: 抱歉，您访问接口(moneyflow_ind_dc)频率超限(500次/分钟)，具体频次详情：https://tushare.pro/document/1?doc_id=108。
2026-08-01 19:12:31,918 [ERROR] fetch_moneyflow_dc.py:378 20251026 处理失败: 抱歉，您访问接口(moneyflow_ind_dc)频率超限(500次/分钟)，具体频次详情：https://tushare.pro/document/1?doc_id=108。
2026-08-01 19:12:31,968 [ERROR] fetch_moneyflow_dc.py:170 获取 20251028~20251028 板块资金流向失败: 抱歉，您访问接口(moneyflow_ind_dc)频率超限(500次/分钟)，具体频次详情：https://tushare.pro/document/1?doc_id=108。
2026-08-01 19:12:31,969 [ERROR] fetch_moneyflow_dc.py:378 20251028 处理失败: 抱歉，您访问接口(moneyflow_ind_dc)频率超限(500次/分钟)，具体频次详情：https://tushare.pro/document/1?doc_id=108。
2026-08-01 19:12:31,975 [ERROR] fetch_moneyflow_dc.py:170 获取 20251027~20251027 板块资金流向失败: 抱歉，您访问接口(moneyflow_ind_dc)频率超限(500次/分钟)，具体频次详情：https://tushare.pro/document/1?doc_id=108。
2026-08-01 19:12:31,975 [ERROR] fetch_moneyflow_dc.py:378 20251027 处理失败: 抱歉，您访问接口(moneyflow_ind_dc)频率超限(500次/分钟)，具体频次详情：https://tushare.pro/document/1?doc_id=108。
2026-08-01 19:12:32,018 [ERROR] fetch_moneyflow_dc.py:170 获取 20251029~20251029 板块资金流向失败: 抱歉，您访问接口(moneyflow_ind_dc)频率超限(500次/分钟)，具体频次详情：https://tushare.pro/document/1?doc_id=108。
2026-08-01 19:12:32,019 [ERROR] fetch_moneyflow_dc.py:378 20251029 处理失败: 抱歉，您访问接口(moneyflow_ind_dc)频率超限(500次/分钟)，具体频次详情：https://tushare.pro/document/1?doc_id=108。
2026-08-01 19:12:32,028 [ERROR] fetch_moneyflow_dc.py:170 获取 20251030~20251030 板块资金流向失败: 抱歉，您访问接口(moneyflow_ind_dc)频率超限(500次/分钟)，具体频次详情：https://tushare.pro/document/1?doc_id=108。
2026-08-01 19:12:32,028 [ERROR] fetch_moneyflow_dc.py:378 20251030 处理失败: 抱歉，您访问接口(moneyflow_ind_dc)频率超限(500次/分钟)，具体频次详情：https://tushare.pro/document/1?doc_id=108。
2026-08-01 19:12:32,063 [ERROR] fetch_moneyflow_dc.py:170 获取 20251031~20251031 板块资金流向失败: 抱歉，您访问接口(moneyflow_ind_dc)频率超限(500次/分钟)，具体频次详情：https://tushare.pro/document/1?doc_id=108。
2026-08-01 19:12:32,063 [ERROR] fetch_moneyflow_dc.py:378 20251031 处理失败: 抱歉，您访问接口(moneyflow_ind_dc)频率超限(500次/分钟)，具体频次详情：https://tushare.pro/document/1?doc_id=108。
2026-08-01 19:12:32,075 [ERROR] fetch_moneyflow_dc.py:170 获取 20251101~20251101 板块资金流向失败: 抱歉，您访问接口(moneyflow_ind_dc)频率超限(500次/分钟)，具体频次详情：https://tushare.pro/document/1?doc_id=108。
2026-08-01 19:12:32,075 [ERROR] fetch_moneyflow_dc.py:378 20251101 处理失败: 抱歉，您访问接口(moneyflow_ind_dc)频率超限(500次/分钟)，具体频次详情：https://tushare.pro/document/1?doc_id=108。
2026-08-01 19:12:32,110 [ERROR] fetch_moneyflow_dc.py:170 获取 20251102~20251102 板块资金流向失败: 抱歉，您访问接口(moneyflow_ind_dc)频率超限(500次/分钟)，具体频次详情：https://tushare.pro/document/1?doc_id=108。
2026-08-01 19:12:32,110 [ERROR] fetch_moneyflow_dc.py:378 20251102 处理失败: 抱歉，您访问接口(moneyflow_ind_dc)频率超限(500次/分钟)，具体频次详情：https://tushare.pro/document/1?doc_id=108。
2026-08-01 19:12:32,125 [ERROR] fetch_moneyflow_dc.py:170 获取 20251103~20251103 板块资金流向失败: 抱歉，您访问接口(moneyflow_ind_dc)频率超限(500次/分钟)，具体频次详情：https://tushare.pro/document/1?doc_id=108。
2026-08-01 19:12:32,125 [ERROR] fetch_moneyflow_dc.py:378 20251103 处理失败: 抱歉，您访问接口(moneyflow_ind_dc)频率超限(500次/分钟)，具体频次详情：https://tushare.pro/document/1?doc_id=108。
2026-08-01 19:12:32,158 [ERROR] fetch_moneyflow_dc.py:170 获取 20251104~20251104 板块资金流向失败: 抱歉，您访问接口(moneyflow_ind_dc)频率超限(500次/分钟)，具体频次详情：https://tushare.pro/document/1?doc_id=108。
2026-08-01 19:12:32,159 [ERROR] fetch_moneyflow_dc.py:378 20251104 处理失败: 抱歉，您访问接口(moneyflow_ind_dc)频率超限(500次/分钟)，具体频次详情：https://tushare.pro/document/1?doc_id=108。
2026-08-01 19:12:32,176 [ERROR] fetch_moneyflow_dc.py:170 获取 20251105~20251105 板块资金流向失败: 抱歉，您访问接口(moneyflow_ind_dc)频率超限(500次/分钟)，具体频次详情：https://tushare.pro/document/1?doc_id=108。
2026-08-01 19:12:32,176 [ERROR] fetch_moneyflow_dc.py:378 20251105 处理失败: 抱歉，您访问接口(moneyflow_ind_dc)频率超限(500次/分钟)，具体频次详情：https://tushare.pro/document/1?doc_id=108。
2026-08-01 19:12:32,205 [ERROR] fetch_moneyflow_dc.py:170 获取 20251106~20251106 板块资金流向失败: 抱歉，您访问接口(moneyflow_ind_dc)频率超限(500次/分钟)，具体频次详情：https://tushare.pro/document/1?doc_id=108。
2026-08-01 19:12:32,205 [ERROR] fetch_moneyflow_dc.py:378 20251106 处理失败: 抱歉，您访问接口(moneyflow_ind_dc)频率超限(500次/分钟)，具体频次详情：https://tushare.pro/document/1?doc_id=108。
2026-08-01 19:12:32,226 [ERROR] fetch_moneyflow_dc.py:170 获取 20251107~20251107 板块资金流向失败: 抱歉，您访问接口(moneyflow_ind_dc)频率超限(500次/分钟)，具体频次详情：https://tushare.pro/document/1?doc_id=108。
2026-08-01 19:12:32,226 [ERROR] fetch_moneyflow_dc.py:378 20251107 处理失败: 抱歉，您访问接口(moneyflow_ind_dc)频率超限(500次/分钟)，具体频次详情：https://tushare.pro/document/1?doc_id=108。
2026-08-01 19:12:32,270 [ERROR] fetch_moneyflow_dc.py:170 获取 20251108~20251108 板块资金流向失败: 抱歉，您访问接口(moneyflow_ind_dc)频率超限(500次/分钟)，具体频次详情：https://tushare.pro/document/1?doc_id=108。
2026-08-01 19:12:32,270 [ERROR] fetch_moneyflow_dc.py:378 20251108 处理失败: 抱歉，您访问接口(moneyflow_ind_dc)频率超限(500次/分钟)，具体频次详情：https://tushare.pro/document/1?doc_id=108。
2026-08-01 19:12:32,274 [ERROR] fetch_moneyflow_dc.py:170 获取 20251109~20251109 板块资金流向失败: 抱歉，您访问接口(moneyflow_ind_dc)频率超限(500次/分钟)，具体频次详情：https://tushare.pro/document/1?doc_id=108。
2026-08-01 19:12:32,274 [ERROR] fetch_moneyflow_dc.py:378 20251109 处理失败: 抱歉，您访问接口(moneyflow_ind_dc)频率超限(500次/分钟)，具体频次详情：https://tushare.pro/document/1?doc_id=108。
2026-08-01 19:12:32,318 [ERROR] fetch_moneyflow_dc.py:170 获取 20251111~20251111 板块资金流向失败: 抱歉，您访问接口(moneyflow_ind_dc)频率超限(500次/分钟)，具体频次详情：https://tushare.pro/document/1?doc_id=108。
2026-08-01 19:12:32,318 [ERROR] fetch_moneyflow_dc.py:378 20251111 处理失败: 抱歉，您访问接口(moneyflow_ind_dc)频率超限(500次/分钟)，具体频次详情：https://tushare.pro/document/1?doc_id=108。
2026-08-01 19:12:32,324 [ERROR] fetch_moneyflow_dc.py:170 获取 20251110~20251110 板块资金流向失败: 抱歉，您访问接口(moneyflow_ind_dc)频率超限(500次/分钟)，具体频次详情：https://tushare.pro/document/1?doc_id=108。
2026-08-01 19:12:32,324 [ERROR] fetch_moneyflow_dc.py:378 20251110 处理失败: 抱歉，您访问接口(moneyflow_ind_dc)频率超限(500次/分钟)，具体频次详情：https://tushare.pro/document/1?doc_id=108。
2026-08-01 19:12:32,370 [ERROR] fetch_moneyflow_dc.py:170 获取 20251112~20251112 板块资金流向失败: 抱歉，您访问接口(moneyflow_ind_dc)频率超限(500次/分钟)，具体频次详情：https://tushare.pro/document/1?doc_id=108。
2026-08-01 19:12:32,370 [ERROR] fetch_moneyflow_dc.py:378 20251112 处理失败: 抱歉，您访问接口(moneyflow_ind_dc)频率超限(500次/分钟)，具体频次详情：https://tushare.pro/document/1?doc_id=108。
2026-08-01 19:12:32,372 [ERROR] fetch_moneyflow_dc.py:170 获取 20251113~20251113 板块资金流向失败: 抱歉，您访问接口(moneyflow_ind_dc)频率超限(500次/分钟)，具体频次详情：https://tushare.pro/document/1?doc_id=108。
2026-08-01 19:12:32,373 [ERROR] fetch_moneyflow_dc.py:378 20251113 处理失败: 抱歉，您访问接口(moneyflow_ind_dc)频率超限(500次/分钟)，具体频次详情：https://tushare.pro/document/1?doc_id=108。
2026-08-01 19:12:32,417 [ERROR] fetch_moneyflow_dc.py:170 获取 20251114~20251114 板块资金流向失败: 抱歉，您访问接口(moneyflow_ind_dc)频率超限(500次/分钟)，具体频次详情：https://tushare.pro/document/1?doc_id=108。
2026-08-01 19:12:32,418 [ERROR] fetch_moneyflow_dc.py:378 20251114 处理失败: 抱歉，您访问接口(moneyflow_ind_dc)频率超限(500次/分钟)，具体频次详情：https://tushare.pro/document/1?doc_id=108。
2026-08-01 19:12:32,421 [ERROR] fetch_moneyflow_dc.py:170 获取 20251115~20251115 板块资金流向失败: 抱歉，您访问接口(moneyflow_ind_dc)频率超限(500次/分钟)，具体频次详情：https://tushare.pro/document/1?doc_id=108。
2026-08-01 19:12:32,421 [ERROR] fetch_moneyflow_dc.py:378 20251115 处理失败: 抱歉，您访问接口(moneyflow_ind_dc)频率超限(500次/分钟)，具体频次详情：https://tushare.pro/document/1?doc_id=108。
2026-08-01 19:12:32,466 [ERROR] fetch_moneyflow_dc.py:170 获取 20251116~20251116 板块资金流向失败: 抱歉，您访问接口(moneyflow_ind_dc)频率超限(500次/分钟)，具体频次详情：https://tushare.pro/document/1?doc_id=108。
2026-08-01 19:12:32,466 [ERROR] fetch_moneyflow_dc.py:378 20251116 处理失败: 抱歉，您访问接口(moneyflow_ind_dc)频率超限(500次/分钟)，具体频次详情：https://tushare.pro/document/1?doc_id=108。
2026-08-01 19:12:32,472 [ERROR] fetch_moneyflow_dc.py:170 获取 20251117~20251117 板块资金流向失败: 抱歉，您访问接口(moneyflow_ind_dc)频率超限(500次/分钟)，具体频次详情：https://tushare.pro/document/1?doc_id=108。
2026-08-01 19:12:32,472 [ERROR] fetch_moneyflow_dc.py:378 20251117 处理失败: 抱歉，您访问接口(moneyflow_ind_dc)频率超限(500次/分钟)，具体频次详情：https://tushare.pro/document/1?doc_id=108。
2026-08-01 19:12:32,525 [ERROR] fetch_moneyflow_dc.py:170 获取 20251119~20251119 板块资金流向失败: 抱歉，您访问接口(moneyflow_ind_dc)频率超限(500次/分钟)，具体频次详情：https://tushare.pro/document/1?doc_id=108。
2026-08-01 19:12:32,526 [ERROR] fetch_moneyflow_dc.py:378 20251119 处理失败: 抱歉，您访问接口(moneyflow_ind_dc)频率超限(500次/分钟)，具体频次详情：https://tushare.pro/document/1?doc_id=108。
2026-08-01 19:12:32,534 [ERROR] fetch_moneyflow_dc.py:170 获取 20251118~20251118 板块资金流向失败: 抱歉，您访问接口(moneyflow_ind_dc)频率超限(500次/分钟)，具体频次详情：https://tushare.pro/document/1?doc_id=108。
2026-08-01 19:12:32,534 [ERROR] fetch_moneyflow_dc.py:378 20251118 处理失败: 抱歉，您访问接口(moneyflow_ind_dc)频率超限(500次/分钟)，具体频次详情：https://tushare.pro/document/1?doc_id=108。
2026-08-01 19:12:32,583 [ERROR] fetch_moneyflow_dc.py:170 获取 20251121~20251121 板块资金流向失败: 抱歉，您访问接口(moneyflow_ind_dc)频率超限(500次/分钟)，具体频次详情：https://tushare.pro/document/1?doc_id=108。
2026-08-01 19:12:32,583 [ERROR] fetch_moneyflow_dc.py:378 20251121 处理失败: 抱歉，您访问接口(moneyflow_ind_dc)频率超限(500次/分钟)，具体频次详情：https://tushare.pro/document/1?doc_id=108。
2026-08-01 19:12:32,586 [ERROR] fetch_moneyflow_dc.py:170 获取 20251120~20251120 板块资金流向失败: 抱歉，您访问接口(moneyflow_ind_dc)频率超限(500次/分钟)，具体频次详情：https://tushare.pro/document/1?doc_id=108。
2026-08-01 19:12:32,586 [ERROR] fetch_moneyflow_dc.py:378 20251120 处理失败: 抱歉，您访问接口(moneyflow_ind_dc)频率超限(500次/分钟)，具体频次详情：https://tushare.pro/document/1?doc_id=108。
2026-08-01 19:12:32,634 [ERROR] fetch_moneyflow_dc.py:170 获取 20251123~20251123 板块资金流向失败: 抱歉，您访问接口(moneyflow_ind_dc)频率超限(500次/分钟)，具体频次详情：https://tushare.pro/document/1?doc_id=108。
2026-08-01 19:12:32,635 [ERROR] fetch_moneyflow_dc.py:378 20251123 处理失败: 抱歉，您访问接口(moneyflow_ind_dc)频率超限(500次/分钟)，具体频次详情：https://tushare.pro/document/1?doc_id=108。
2026-08-01 19:12:32,637 [ERROR] fetch_moneyflow_dc.py:170 获取 20251122~20251122 板块资金流向失败: 抱歉，您访问接口(moneyflow_ind_dc)频率超限(500次/分钟)，具体频次详情：https://tushare.pro/document/1?doc_id=108。
2026-08-01 19:12:32,638 [ERROR] fetch_moneyflow_dc.py:378 20251122 处理失败: 抱歉，您访问接口(moneyflow_ind_dc)频率超限(500次/分钟)，具体频次详情：https://tushare.pro/document/1?doc_id=108。
2026-08-01 19:12:32,685 [ERROR] fetch_moneyflow_dc.py:170 获取 20251124~20251124 板块资金流向失败: 抱歉，您访问接口(moneyflow_ind_dc)频率超限(500次/分钟)，具体频次详情：https://tushare.pro/document/1?doc_id=108。
2026-08-01 19:12:32,685 [ERROR] fetch_moneyflow_dc.py:378 20251124 处理失败: 抱歉，您访问接口(moneyflow_ind_dc)频率超限(500次/分钟)，具体频次详情：https://tushare.pro/document/1?doc_id=108。
2026-08-01 19:12:32,687 [ERROR] fetch_moneyflow_dc.py:170 获取 20251125~20251125 板块资金流向失败: 抱歉，您访问接口(moneyflow_ind_dc)频率超限(500次/分钟)，具体频次详情：https://tushare.pro/document/1?doc_id=108。
2026-08-01 19:12:32,688 [ERROR] fetch_moneyflow_dc.py:378 20251125 处理失败: 抱歉，您访问接口(moneyflow_ind_dc)频率超限(500次/分钟)，具体频次详情：https://tushare.pro/document/1?doc_id=108。
2026-08-01 19:12:32,734 [ERROR] fetch_moneyflow_dc.py:170 获取 20251126~20251126 板块资金流向失败: 抱歉，您访问接口(moneyflow_ind_dc)频率超限(500次/分钟)，具体频次详情：https://tushare.pro/document/1?doc_id=108。
2026-08-01 19:12:32,734 [ERROR] fetch_moneyflow_dc.py:170 获取 20251127~20251127 板块资金流向失败: 抱歉，您访问接口(moneyflow_ind_dc)频率超限(500次/分钟)，具体频次详情：https://tushare.pro/document/1?doc_id=108。
2026-08-01 19:12:32,735 [ERROR] fetch_moneyflow_dc.py:378 20251126 处理失败: 抱歉，您访问接口(moneyflow_ind_dc)频率超限(500次/分钟)，具体频次详情：https://tushare.pro/document/1?doc_id=108。
2026-08-01 19:12:32,735 [ERROR] fetch_moneyflow_dc.py:378 20251127 处理失败: 抱歉，您访问接口(moneyflow_ind_dc)频率超限(500次/分钟)，具体频次详情：https://tushare.pro/document/1?doc_id=108。
2026-08-01 19:12:32,782 [ERROR] fetch_moneyflow_dc.py:170 获取 20251128~20251128 板块资金流向失败: 抱歉，您访问接口(moneyflow_ind_dc)频率超限(500次/分钟)，具体频次详情：https://tushare.pro/document/1?doc_id=108。
2026-08-01 19:12:32,783 [ERROR] fetch_moneyflow_dc.py:378 20251128 处理失败: 抱歉，您访问接口(moneyflow_ind_dc)频率超限(500次/分钟)，具体频次详情：https://tushare.pro/document/1?doc_id=108。
2026-08-01 19:12:32,789 [ERROR] fetch_moneyflow_dc.py:170 获取 20251129~20251129 板块资金流向失败: 抱歉，您访问接口(moneyflow_ind_dc)频率超限(500次/分钟)，具体频次详情：https://tushare.pro/document/1?doc_id=108。
2026-08-01 19:12:32,789 [ERROR] fetch_moneyflow_dc.py:378 20251129 处理失败: 抱歉，您访问接口(moneyflow_ind_dc)频率超限(500次/分钟)，具体频次详情：https://tushare.pro/document/1?doc_id=108。
2026-08-01 19:12:32,831 [ERROR] fetch_moneyflow_dc.py:170 获取 20251130~20251130 板块资金流向失败: 抱歉，您访问接口(moneyflow_ind_dc)频率超限(500次/分钟)，具体频次详情：https://tushare.pro/document/1?doc_id=108。
2026-08-01 19:12:32,831 [ERROR] fetch_moneyflow_dc.py:378 20251130 处理失败: 抱歉，您访问接口(moneyflow_ind_dc)频率超限(500次/分钟)，具体频次详情：https://tushare.pro/document/1?doc_id=108。
2026-08-01 19:12:32,836 [ERROR] fetch_moneyflow_dc.py:170 获取 20251201~20251201 板块资金流向失败: 抱歉，您访问接口(moneyflow_ind_dc)频率超限(500次/分钟)，具体频次详情：https://tushare.pro/document/1?doc_id=108。
2026-08-01 19:12:32,837 [ERROR] fetch_moneyflow_dc.py:378 20251201 处理失败: 抱歉，您访问接口(moneyflow_ind_dc)频率超限(500次/分钟)，具体频次详情：https://tushare.pro/document/1?doc_id=108。
2026-08-01 19:12:32,879 [ERROR] fetch_moneyflow_dc.py:170 获取 20251202~20251202 板块资金流向失败: 抱歉，您访问接口(moneyflow_ind_dc)频率超限(500次/分钟)，具体频次详情：https://tushare.pro/document/1?doc_id=108。
2026-08-01 19:12:32,880 [ERROR] fetch_moneyflow_dc.py:378 20251202 处理失败: 抱歉，您访问接口(moneyflow_ind_dc)频率超限(500次/分钟)，具体频次详情：https://tushare.pro/document/1?doc_id=108。
2026-08-01 19:12:32,887 [ERROR] fetch_moneyflow_dc.py:170 获取 20251203~20251203 板块资金流向失败: 抱歉，您访问接口(moneyflow_ind_dc)频率超限(500次/分钟)，具体频次详情：https://tushare.pro/document/1?doc_id=108。
2026-08-01 19:12:32,887 [ERROR] fetch_moneyflow_dc.py:378 20251203 处理失败: 抱歉，您访问接口(moneyflow_ind_dc)频率超限(500次/分钟)，具体频次详情：https://tushare.pro/document/1?doc_id=108。
2026-08-01 19:12:32,928 [ERROR] fetch_moneyflow_dc.py:170 获取 20251204~20251204 板块资金流向失败: 抱歉，您访问接口(moneyflow_ind_dc)频率超限(500次/分钟)，具体频次详情：https://tushare.pro/document/1?doc_id=108。
2026-08-01 19:12:32,928 [ERROR] fetch_moneyflow_dc.py:378 20251204 处理失败: 抱歉，您访问接口(moneyflow_ind_dc)频率超限(500次/分钟)，具体频次详情：https://tushare.pro/document/1?doc_id=108。
2026-08-01 19:12:32,936 [ERROR] fetch_moneyflow_dc.py:170 获取 20251205~20251205 板块资金流向失败: 抱歉，您访问接口(moneyflow_ind_dc)频率超限(500次/分钟)，具体频次详情：https://tushare.pro/document/1?doc_id=108。
2026-08-01 19:12:32,936 [ERROR] fetch_moneyflow_dc.py:378 20251205 处理失败: 抱歉，您访问接口(moneyflow_ind_dc)频率超限(500次/分钟)，具体频次详情：https://tushare.pro/document/1?doc_id=108。
2026-08-01 19:12:32,980 [ERROR] fetch_moneyflow_dc.py:170 获取 20251206~20251206 板块资金流向失败: 抱歉，您访问接口(moneyflow_ind_dc)频率超限(500次/分钟)，具体频次详情：https://tushare.pro/document/1?doc_id=108。
2026-08-01 19:12:32,980 [ERROR] fetch_moneyflow_dc.py:378 20251206 处理失败: 抱歉，您访问接口(moneyflow_ind_dc)频率超限(500次/分钟)，具体频次详情：https://tushare.pro/document/1?doc_id=108。
2026-08-01 19:12:32,985 [ERROR] fetch_moneyflow_dc.py:170 获取 20251207~20251207 板块资金流向失败: 抱歉，您访问接口(moneyflow_ind_dc)频率超限(500次/分钟)，具体频次详情：https://tushare.pro/document/1?doc_id=108。
2026-08-01 19:12:32,986 [ERROR] fetch_moneyflow_dc.py:378 20251207 处理失败: 抱歉，您访问接口(moneyflow_ind_dc)频率超限(500次/分钟)，具体频次详情：https://tushare.pro/document/1?doc_id=108。
2026-08-01 19:12:33,037 [ERROR] fetch_moneyflow_dc.py:170 获取 20251209~20251209 板块资金流向失败: 抱歉，您访问接口(moneyflow_ind_dc)频率超限(500次/分钟)，具体频次详情：https://tushare.pro/document/1?doc_id=108。
2026-08-01 19:12:33,037 [ERROR] fetch_moneyflow_dc.py:378 20251209 处理失败: 抱歉，您访问接口(moneyflow_ind_dc)频率超限(500次/分钟)，具体频次详情：https://tushare.pro/document/1?doc_id=108。
2026-08-01 19:12:33,043 [ERROR] fetch_moneyflow_dc.py:170 获取 20251208~20251208 板块资金流向失败: 抱歉，您访问接口(moneyflow_ind_dc)频率超限(500次/分钟)，具体频次详情：https://tushare.pro/document/1?doc_id=108。
2026-08-01 19:12:33,043 [ERROR] fetch_moneyflow_dc.py:378 20251208 处理失败: 抱歉，您访问接口(moneyflow_ind_dc)频率超限(500次/分钟)，具体频次详情：https://tushare.pro/document/1?doc_id=108。
2026-08-01 19:12:33,084 [ERROR] fetch_moneyflow_dc.py:170 获取 20251210~20251210 板块资金流向失败: 抱歉，您访问接口(moneyflow_ind_dc)频率超限(500次/分钟)，具体频次详情：https://tushare.pro/document/1?doc_id=108。
2026-08-01 19:12:33,084 [ERROR] fetch_moneyflow_dc.py:378 20251210 处理失败: 抱歉，您访问接口(moneyflow_ind_dc)频率超限(500次/分钟)，具体频次详情：https://tushare.pro/document/1?doc_id=108。
2026-08-01 19:12:33,105 [ERROR] fetch_moneyflow_dc.py:170 获取 20251211~20251211 板块资金流向失败: 抱歉，您访问接口(moneyflow_ind_dc)频率超限(500次/分钟)，具体频次详情：https://tushare.pro/document/1?doc_id=108。
2026-08-01 19:12:33,105 [ERROR] fetch_moneyflow_dc.py:378 20251211 处理失败: 抱歉，您访问接口(moneyflow_ind_dc)频率超限(500次/分钟)，具体频次详情：https://tushare.pro/document/1?doc_id=108。
2026-08-01 19:12:33,134 [ERROR] fetch_moneyflow_dc.py:170 获取 20251212~20251212 板块资金流向失败: 抱歉，您访问接口(moneyflow_ind_dc)频率超限(500次/分钟)，具体频次详情：https://tushare.pro/document/1?doc_id=108。
2026-08-01 19:12:33,135 [ERROR] fetch_moneyflow_dc.py:378 20251212 处理失败: 抱歉，您访问接口(moneyflow_ind_dc)频率超限(500次/分钟)，具体频次详情：https://tushare.pro/document/1?doc_id=108。
2026-08-01 19:12:33,156 [ERROR] fetch_moneyflow_dc.py:170 获取 20251213~20251213 板块资金流向失败: 抱歉，您访问接口(moneyflow_ind_dc)频率超限(500次/分钟)，具体频次详情：https://tushare.pro/document/1?doc_id=108。
2026-08-01 19:12:33,157 [ERROR] fetch_moneyflow_dc.py:378 20251213 处理失败: 抱歉，您访问接口(moneyflow_ind_dc)频率超限(500次/分钟)，具体频次详情：https://tushare.pro/document/1?doc_id=108。
2026-08-01 19:12:33,184 [ERROR] fetch_moneyflow_dc.py:170 获取 20251214~20251214 板块资金流向失败: 抱歉，您访问接口(moneyflow_ind_dc)频率超限(500次/分钟)，具体频次详情：https://tushare.pro/document/1?doc_id=108。
2026-08-01 19:12:33,184 [ERROR] fetch_moneyflow_dc.py:378 20251214 处理失败: 抱歉，您访问接口(moneyflow_ind_dc)频率超限(500次/分钟)，具体频次详情：https://tushare.pro/document/1?doc_id=108。
2026-08-01 19:12:33,209 [ERROR] fetch_moneyflow_dc.py:170 获取 20251215~20251215 板块资金流向失败: 抱歉，您访问接口(moneyflow_ind_dc)频率超限(500次/分钟)，具体频次详情：https://tushare.pro/document/1?doc_id=108。
2026-08-01 19:12:33,209 [ERROR] fetch_moneyflow_dc.py:378 20251215 处理失败: 抱歉，您访问接口(moneyflow_ind_dc)频率超限(500次/分钟)，具体频次详情：https://tushare.pro/document/1?doc_id=108。
2026-08-01 19:12:33,239 [ERROR] fetch_moneyflow_dc.py:170 获取 20251216~20251216 板块资金流向失败: 抱歉，您访问接口(moneyflow_ind_dc)频率超限(500次/分钟)，具体频次详情：https://tushare.pro/document/1?doc_id=108。
2026-08-01 19:12:33,239 [ERROR] fetch_moneyflow_dc.py:378 20251216 处理失败: 抱歉，您访问接口(moneyflow_ind_dc)频率超限(500次/分钟)，具体频次详情：https://tushare.pro/document/1?doc_id=108。
2026-08-01 19:12:33,254 [ERROR] fetch_moneyflow_dc.py:170 获取 20251217~20251217 板块资金流向失败: 抱歉，您访问接口(moneyflow_ind_dc)频率超限(500次/分钟)，具体频次详情：https://tushare.pro/document/1?doc_id=108。
2026-08-01 19:12:33,254 [ERROR] fetch_moneyflow_dc.py:378 20251217 处理失败: 抱歉，您访问接口(moneyflow_ind_dc)频率超限(500次/分钟)，具体频次详情：https://tushare.pro/document/1?doc_id=108。
2026-08-01 19:12:33,284 [ERROR] fetch_moneyflow_dc.py:170 获取 20251218~20251218 板块资金流向失败: 抱歉，您访问接口(moneyflow_ind_dc)频率超限(500次/分钟)，具体频次详情：https://tushare.pro/document/1?doc_id=108。
2026-08-01 19:12:33,284 [ERROR] fetch_moneyflow_dc.py:378 20251218 处理失败: 抱歉，您访问接口(moneyflow_ind_dc)频率超限(500次/分钟)，具体频次详情：https://tushare.pro/document/1?doc_id=108。
2026-08-01 19:12:33,306 [ERROR] fetch_moneyflow_dc.py:170 获取 20251219~20251219 板块资金流向失败: 抱歉，您访问接口(moneyflow_ind_dc)频率超限(500次/分钟)，具体频次详情：https://tushare.pro/document/1?doc_id=108。
2026-08-01 19:12:33,306 [ERROR] fetch_moneyflow_dc.py:378 20251219 处理失败: 抱歉，您访问接口(moneyflow_ind_dc)频率超限(500次/分钟)，具体频次详情：https://tushare.pro/document/1?doc_id=108。
2026-08-01 19:12:33,346 [ERROR] fetch_moneyflow_dc.py:170 获取 20251220~20251220 板块资金流向失败: 抱歉，您访问接口(moneyflow_ind_dc)频率超限(500次/分钟)，具体频次详情：https://tushare.pro/document/1?doc_id=108。
2026-08-01 19:12:33,346 [ERROR] fetch_moneyflow_dc.py:378 20251220 处理失败: 抱歉，您访问接口(moneyflow_ind_dc)频率超限(500次/分钟)，具体频次详情：https://tushare.pro/document/1?doc_id=108。
2026-08-01 19:12:33,357 [ERROR] fetch_moneyflow_dc.py:170 获取 20251221~20251221 板块资金流向失败: 抱歉，您访问接口(moneyflow_ind_dc)频率超限(500次/分钟)，具体频次详情：https://tushare.pro/document/1?doc_id=108。
2026-08-01 19:12:33,357 [ERROR] fetch_moneyflow_dc.py:378 20251221 处理失败: 抱歉，您访问接口(moneyflow_ind_dc)频率超限(500次/分钟)，具体频次详情：https://tushare.pro/document/1?doc_id=108。
2026-08-01 19:12:33,393 [ERROR] fetch_moneyflow_dc.py:170 获取 20251222~20251222 板块资金流向失败: 抱歉，您访问接口(moneyflow_ind_dc)频率超限(500次/分钟)，具体频次详情：https://tushare.pro/document/1?doc_id=108。
2026-08-01 19:12:33,394 [ERROR] fetch_moneyflow_dc.py:378 20251222 处理失败: 抱歉，您访问接口(moneyflow_ind_dc)频率超限(500次/分钟)，具体频次详情：https://tushare.pro/document/1?doc_id=108。
2026-08-01 19:12:33,409 [ERROR] fetch_moneyflow_dc.py:170 获取 20251223~20251223 板块资金流向失败: 抱歉，您访问接口(moneyflow_ind_dc)频率超限(500次/分钟)，具体频次详情：https://tushare.pro/document/1?doc_id=108。
2026-08-01 19:12:33,410 [ERROR] fetch_moneyflow_dc.py:378 20251223 处理失败: 抱歉，您访问接口(moneyflow_ind_dc)频率超限(500次/分钟)，具体频次详情：https://tushare.pro/document/1?doc_id=108。
2026-08-01 19:12:33,446 [ERROR] fetch_moneyflow_dc.py:170 获取 20251224~20251224 板块资金流向失败: 抱歉，您访问接口(moneyflow_ind_dc)频率超限(500次/分钟)，具体频次详情：https://tushare.pro/document/1?doc_id=108。
2026-08-01 19:12:33,447 [ERROR] fetch_moneyflow_dc.py:378 20251224 处理失败: 抱歉，您访问接口(moneyflow_ind_dc)频率超限(500次/分钟)，具体频次详情：https://tushare.pro/document/1?doc_id=108。
2026-08-01 19:12:33,457 [ERROR] fetch_moneyflow_dc.py:170 获取 20251225~20251225 板块资金流向失败: 抱歉，您访问接口(moneyflow_ind_dc)频率超限(500次/分钟)，具体频次详情：https://tushare.pro/document/1?doc_id=108。
2026-08-01 19:12:33,457 [ERROR] fetch_moneyflow_dc.py:378 20251225 处理失败: 抱歉，您访问接口(moneyflow_ind_dc)频率超限(500次/分钟)，具体频次详情：https://tushare.pro/document/1?doc_id=108。
2026-08-01 19:12:33,504 [ERROR] fetch_moneyflow_dc.py:170 获取 20251227~20251227 板块资金流向失败: 抱歉，您访问接口(moneyflow_ind_dc)频率超限(500次/分钟)，具体频次详情：https://tushare.pro/document/1?doc_id=108。
2026-08-01 19:12:33,505 [ERROR] fetch_moneyflow_dc.py:378 20251227 处理失败: 抱歉，您访问接口(moneyflow_ind_dc)频率超限(500次/分钟)，具体频次详情：https://tushare.pro/document/1?doc_id=108。
2026-08-01 19:12:33,520 [ERROR] fetch_moneyflow_dc.py:170 获取 20251226~20251226 板块资金流向失败: 抱歉，您访问接口(moneyflow_ind_dc)频率超限(500次/分钟)，具体频次详情：https://tushare.pro/document/1?doc_id=108。
2026-08-01 19:12:33,521 [ERROR] fetch_moneyflow_dc.py:378 20251226 处理失败: 抱歉，您访问接口(moneyflow_ind_dc)频率超限(500次/分钟)，具体频次详情：https://tushare.pro/document/1?doc_id=108。
2026-08-01 19:12:33,554 [ERROR] fetch_moneyflow_dc.py:170 获取 20251228~20251228 板块资金流向失败: 抱歉，您访问接口(moneyflow_ind_dc)频率超限(500次/分钟)，具体频次详情：https://tushare.pro/document/1?doc_id=108。
2026-08-01 19:12:33,554 [ERROR] fetch_moneyflow_dc.py:378 20251228 处理失败: 抱歉，您访问接口(moneyflow_ind_dc)频率超限(500次/分钟)，具体频次详情：https://tushare.pro/document/1?doc_id=108。
2026-08-01 19:12:33,571 [ERROR] fetch_moneyflow_dc.py:170 获取 20251229~20251229 板块资金流向失败: 抱歉，您访问接口(moneyflow_ind_dc)频率超限(500次/分钟)，具体频次详情：https://tushare.pro/document/1?doc_id=108。
2026-08-01 19:12:33,571 [ERROR] fetch_moneyflow_dc.py:378 20251229 处理失败: 抱歉，您访问接口(moneyflow_ind_dc)频率超限(500次/分钟)，具体频次详情：https://tushare.pro/document/1?doc_id=108。
2026-08-01 19:12:33,623 [ERROR] fetch_moneyflow_dc.py:170 获取 20251231~20251231 板块资金流向失败: 抱歉，您访问接口(moneyflow_ind_dc)频率超限(500次/分钟)，具体频次详情：https://tushare.pro/document/1?doc_id=108。
2026-08-01 19:12:33,623 [ERROR] fetch_moneyflow_dc.py:378 20251231 处理失败: 抱歉，您访问接口(moneyflow_ind_dc)频率超限(500次/分钟)，具体频次详情：https://tushare.pro/document/1?doc_id=108。
2026-08-01 19:12:33,625 [ERROR] fetch_moneyflow_dc.py:170 获取 20251230~20251230 板块资金流向失败: 抱歉，您访问接口(moneyflow_ind_dc)频率超限(500次/分钟)，具体频次详情：https://tushare.pro/document/1?doc_id=108。
2026-08-01 19:12:33,626 [ERROR] fetch_moneyflow_dc.py:378 20251230 处理失败: 抱歉，您访问接口(moneyflow_ind_dc)频率超限(500次/分钟)，具体频次详情：https://tushare.pro/document/1?doc_id=108。
2026-08-01 19:12:33,687 [ERROR] fetch_moneyflow_dc.py:170 获取 20260101~20260101 板块资金流向失败: 抱歉，您访问接口(moneyflow_ind_dc)频率超限(500次/分钟)，具体频次详情：https://tushare.pro/document/1?doc_id=108。
2026-08-01 19:12:33,688 [ERROR] fetch_moneyflow_dc.py:170 获取 20260102~20260102 板块资金流向失败: 抱歉，您访问接口(moneyflow_ind_dc)频率超限(500次/分钟)，具体频次详情：https://tushare.pro/document/1?doc_id=108。
2026-08-01 19:12:33,688 [ERROR] fetch_moneyflow_dc.py:378 20260101 处理失败: 抱歉，您访问接口(moneyflow_ind_dc)频率超限(500次/分钟)，具体频次详情：https://tushare.pro/document/1?doc_id=108。
2026-08-01 19:12:33,688 [ERROR] fetch_moneyflow_dc.py:378 20260102 处理失败: 抱歉，您访问接口(moneyflow_ind_dc)频率超限(500次/分钟)，具体频次详情：https://tushare.pro/document/1?doc_id=108。
2026-08-01 19:12:33,733 [ERROR] fetch_moneyflow_dc.py:170 获取 20260103~20260103 板块资金流向失败: 抱歉，您访问接口(moneyflow_ind_dc)频率超限(500次/分钟)，具体频次详情：https://tushare.pro/document/1?doc_id=108。
2026-08-01 19:12:33,733 [ERROR] fetch_moneyflow_dc.py:378 20260103 处理失败: 抱歉，您访问接口(moneyflow_ind_dc)频率超限(500次/分钟)，具体频次详情：https://tushare.pro/document/1?doc_id=108。
2026-08-01 19:12:33,740 [ERROR] fetch_moneyflow_dc.py:170 获取 20260104~20260104 板块资金流向失败: 抱歉，您访问接口(moneyflow_ind_dc)频率超限(500次/分钟)，具体频次详情：https://tushare.pro/document/1?doc_id=108。
2026-08-01 19:12:33,740 [ERROR] fetch_moneyflow_dc.py:378 20260104 处理失败: 抱歉，您访问接口(moneyflow_ind_dc)频率超限(500次/分钟)，具体频次详情：https://tushare.pro/document/1?doc_id=108。
2026-08-01 19:12:33,778 [ERROR] fetch_moneyflow_dc.py:170 获取 20260105~20260105 板块资金流向失败: 抱歉，您访问接口(moneyflow_ind_dc)频率超限(500次/分钟)，具体频次详情：https://tushare.pro/document/1?doc_id=108。
2026-08-01 19:12:33,778 [ERROR] fetch_moneyflow_dc.py:378 20260105 处理失败: 抱歉，您访问接口(moneyflow_ind_dc)频率超限(500次/分钟)，具体频次详情：https://tushare.pro/document/1?doc_id=108。
2026-08-01 19:12:33,785 [ERROR] fetch_moneyflow_dc.py:170 获取 20260106~20260106 板块资金流向失败: 抱歉，您访问接口(moneyflow_ind_dc)频率超限(500次/分钟)，具体频次详情：https://tushare.pro/document/1?doc_id=108。
2026-08-01 19:12:33,785 [ERROR] fetch_moneyflow_dc.py:378 20260106 处理失败: 抱歉，您访问接口(moneyflow_ind_dc)频率超限(500次/分钟)，具体频次详情：https://tushare.pro/document/1?doc_id=108。
2026-08-01 19:12:33,824 [ERROR] fetch_moneyflow_dc.py:170 获取 20260107~20260107 板块资金流向失败: 抱歉，您访问接口(moneyflow_ind_dc)频率超限(500次/分钟)，具体频次详情：https://tushare.pro/document/1?doc_id=108。
2026-08-01 19:12:33,824 [ERROR] fetch_moneyflow_dc.py:378 20260107 处理失败: 抱歉，您访问接口(moneyflow_ind_dc)频率超限(500次/分钟)，具体频次详情：https://tushare.pro/document/1?doc_id=108。
2026-08-01 19:12:33,831 [ERROR] fetch_moneyflow_dc.py:170 获取 20260108~20260108 板块资金流向失败: 抱歉，您访问接口(moneyflow_ind_dc)频率超限(500次/分钟)，具体频次详情：https://tushare.pro/document/1?doc_id=108。
2026-08-01 19:12:33,831 [ERROR] fetch_moneyflow_dc.py:378 20260108 处理失败: 抱歉，您访问接口(moneyflow_ind_dc)频率超限(500次/分钟)，具体频次详情：https://tushare.pro/document/1?doc_id=108。
2026-08-01 19:12:33,873 [ERROR] fetch_moneyflow_dc.py:170 获取 20260109~20260109 板块资金流向失败: 抱歉，您访问接口(moneyflow_ind_dc)频率超限(500次/分钟)，具体频次详情：https://tushare.pro/document/1?doc_id=108。
2026-08-01 19:12:33,873 [ERROR] fetch_moneyflow_dc.py:378 20260109 处理失败: 抱歉，您访问接口(moneyflow_ind_dc)频率超限(500次/分钟)，具体频次详情：https://tushare.pro/document/1?doc_id=108。
2026-08-01 19:12:33,877 [ERROR] fetch_moneyflow_dc.py:170 获取 20260110~20260110 板块资金流向失败: 抱歉，您访问接口(moneyflow_ind_dc)频率超限(500次/分钟)，具体频次详情：https://tushare.pro/document/1?doc_id=108。
2026-08-01 19:12:33,878 [ERROR] fetch_moneyflow_dc.py:378 20260110 处理失败: 抱歉，您访问接口(moneyflow_ind_dc)频率超限(500次/分钟)，具体频次详情：https://tushare.pro/document/1?doc_id=108。
2026-08-01 19:12:33,922 [ERROR] fetch_moneyflow_dc.py:170 获取 20260111~20260111 板块资金流向失败: 抱歉，您访问接口(moneyflow_ind_dc)频率超限(500次/分钟)，具体频次详情：https://tushare.pro/document/1?doc_id=108。
2026-08-01 19:12:33,922 [ERROR] fetch_moneyflow_dc.py:378 20260111 处理失败: 抱歉，您访问接口(moneyflow_ind_dc)频率超限(500次/分钟)，具体频次详情：https://tushare.pro/document/1?doc_id=108。
2026-08-01 19:12:33,927 [ERROR] fetch_moneyflow_dc.py:170 获取 20260112~20260112 板块资金流向失败: 抱歉，您访问接口(moneyflow_ind_dc)频率超限(500次/分钟)，具体频次详情：https://tushare.pro/document/1?doc_id=108。
2026-08-01 19:12:33,928 [ERROR] fetch_moneyflow_dc.py:378 20260112 处理失败: 抱歉，您访问接口(moneyflow_ind_dc)频率超限(500次/分钟)，具体频次详情：https://tushare.pro/document/1?doc_id=108。
2026-08-01 19:12:33,970 [ERROR] fetch_moneyflow_dc.py:170 获取 20260113~20260113 板块资金流向失败: 抱歉，您访问接口(moneyflow_ind_dc)频率超限(500次/分钟)，具体频次详情：https://tushare.pro/document/1?doc_id=108。
2026-08-01 19:12:33,970 [ERROR] fetch_moneyflow_dc.py:378 20260113 处理失败: 抱歉，您访问接口(moneyflow_ind_dc)频率超限(500次/分钟)，具体频次详情：https://tushare.pro/document/1?doc_id=108。
2026-08-01 19:12:33,975 [ERROR] fetch_moneyflow_dc.py:170 获取 20260114~20260114 板块资金流向失败: 抱歉，您访问接口(moneyflow_ind_dc)频率超限(500次/分钟)，具体频次详情：https://tushare.pro/document/1?doc_id=108。
2026-08-01 19:12:33,976 [ERROR] fetch_moneyflow_dc.py:378 20260114 处理失败: 抱歉，您访问接口(moneyflow_ind_dc)频率超限(500次/分钟)，具体频次详情：https://tushare.pro/document/1?doc_id=108。
2026-08-01 19:12:34,017 [ERROR] fetch_moneyflow_dc.py:170 获取 20260115~20260115 板块资金流向失败: 抱歉，您访问接口(moneyflow_ind_dc)频率超限(500次/分钟)，具体频次详情：https://tushare.pro/document/1?doc_id=108。
2026-08-01 19:12:34,017 [ERROR] fetch_moneyflow_dc.py:378 20260115 处理失败: 抱歉，您访问接口(moneyflow_ind_dc)频率超限(500次/分钟)，具体频次详情：https://tushare.pro/document/1?doc_id=108。
2026-08-01 19:12:34,023 [ERROR] fetch_moneyflow_dc.py:170 获取 20260116~20260116 板块资金流向失败: 抱歉，您访问接口(moneyflow_ind_dc)频率超限(500次/分钟)，具体频次详情：https://tushare.pro/document/1?doc_id=108。
2026-08-01 19:12:34,024 [ERROR] fetch_moneyflow_dc.py:378 20260116 处理失败: 抱歉，您访问接口(moneyflow_ind_dc)频率超限(500次/分钟)，具体频次详情：https://tushare.pro/document/1?doc_id=108。
2026-08-01 19:12:34,065 [ERROR] fetch_moneyflow_dc.py:170 获取 20260117~20260117 板块资金流向失败: 抱歉，您访问接口(moneyflow_ind_dc)频率超限(500次/分钟)，具体频次详情：https://tushare.pro/document/1?doc_id=108。
2026-08-01 19:12:34,066 [ERROR] fetch_moneyflow_dc.py:378 20260117 处理失败: 抱歉，您访问接口(moneyflow_ind_dc)频率超限(500次/分钟)，具体频次详情：https://tushare.pro/document/1?doc_id=108。
2026-08-01 19:12:34,083 [ERROR] fetch_moneyflow_dc.py:170 获取 20260118~20260118 板块资金流向失败: 抱歉，您访问接口(moneyflow_ind_dc)频率超限(500次/分钟)，具体频次详情：https://tushare.pro/document/1?doc_id=108。
2026-08-01 19:12:34,084 [ERROR] fetch_moneyflow_dc.py:378 20260118 处理失败: 抱歉，您访问接口(moneyflow_ind_dc)频率超限(500次/分钟)，具体频次详情：https://tushare.pro/document/1?doc_id=108。
2026-08-01 19:12:34,115 [ERROR] fetch_moneyflow_dc.py:170 获取 20260119~20260119 板块资金流向失败: 抱歉，您访问接口(moneyflow_ind_dc)频率超限(500次/分钟)，具体频次详情：https://tushare.pro/document/1?doc_id=108。
2026-08-01 19:12:34,115 [ERROR] fetch_moneyflow_dc.py:378 20260119 处理失败: 抱歉，您访问接口(moneyflow_ind_dc)频率超限(500次/分钟)，具体频次详情：https://tushare.pro/document/1?doc_id=108。
2026-08-01 19:12:34,136 [ERROR] fetch_moneyflow_dc.py:170 获取 20260120~20260120 板块资金流向失败: 抱歉，您访问接口(moneyflow_ind_dc)频率超限(500次/分钟)，具体频次详情：https://tushare.pro/document/1?doc_id=108。
2026-08-01 19:12:34,136 [ERROR] fetch_moneyflow_dc.py:378 20260120 处理失败: 抱歉，您访问接口(moneyflow_ind_dc)频率超限(500次/分钟)，具体频次详情：https://tushare.pro/document/1?doc_id=108。
2026-08-01 19:12:34,161 [ERROR] fetch_moneyflow_dc.py:170 获取 20260121~20260121 板块资金流向失败: 抱歉，您访问接口(moneyflow_ind_dc)频率超限(500次/分钟)，具体频次详情：https://tushare.pro/document/1?doc_id=108。
2026-08-01 19:12:34,163 [ERROR] fetch_moneyflow_dc.py:378 20260121 处理失败: 抱歉，您访问接口(moneyflow_ind_dc)频率超限(500次/分钟)，具体频次详情：https://tushare.pro/document/1?doc_id=108。
2026-08-01 19:12:34,206 [ERROR] fetch_moneyflow_dc.py:170 获取 20260122~20260122 板块资金流向失败: 抱歉，您访问接口(moneyflow_ind_dc)频率超限(500次/分钟)，具体频次详情：https://tushare.pro/document/1?doc_id=108。
2026-08-01 19:12:34,207 [ERROR] fetch_moneyflow_dc.py:378 20260122 处理失败: 抱歉，您访问接口(moneyflow_ind_dc)频率超限(500次/分钟)，具体频次详情：https://tushare.pro/document/1?doc_id=108。
2026-08-01 19:12:34,209 [ERROR] fetch_moneyflow_dc.py:170 获取 20260123~20260123 板块资金流向失败: 抱歉，您访问接口(moneyflow_ind_dc)频率超限(500次/分钟)，具体频次详情：https://tushare.pro/document/1?doc_id=108。
2026-08-01 19:12:34,210 [ERROR] fetch_moneyflow_dc.py:378 20260123 处理失败: 抱歉，您访问接口(moneyflow_ind_dc)频率超限(500次/分钟)，具体频次详情：https://tushare.pro/document/1?doc_id=108。
2026-08-01 19:12:34,268 [ERROR] fetch_moneyflow_dc.py:170 获取 20260124~20260124 板块资金流向失败: 抱歉，您访问接口(moneyflow_ind_dc)频率超限(500次/分钟)，具体频次详情：https://tushare.pro/document/1?doc_id=108。
2026-08-01 19:12:34,268 [ERROR] fetch_moneyflow_dc.py:378 20260124 处理失败: 抱歉，您访问接口(moneyflow_ind_dc)频率超限(500次/分钟)，具体频次详情：https://tushare.pro/document/1?doc_id=108。
2026-08-01 19:12:34,284 [ERROR] fetch_moneyflow_dc.py:170 获取 20260125~20260125 板块资金流向失败: 抱歉，您访问接口(moneyflow_ind_dc)频率超限(500次/分钟)，具体频次详情：https://tushare.pro/document/1?doc_id=108。
2026-08-01 19:12:34,284 [ERROR] fetch_moneyflow_dc.py:378 20260125 处理失败: 抱歉，您访问接口(moneyflow_ind_dc)频率超限(500次/分钟)，具体频次详情：https://tushare.pro/document/1?doc_id=108。
2026-08-01 19:12:34,324 [ERROR] fetch_moneyflow_dc.py:170 获取 20260126~20260126 板块资金流向失败: 抱歉，您访问接口(moneyflow_ind_dc)频率超限(500次/分钟)，具体频次详情：https://tushare.pro/document/1?doc_id=108。
2026-08-01 19:12:34,324 [ERROR] fetch_moneyflow_dc.py:378 20260126 处理失败: 抱歉，您访问接口(moneyflow_ind_dc)频率超限(500次/分钟)，具体频次详情：https://tushare.pro/document/1?doc_id=108。
2026-08-01 19:12:34,333 [ERROR] fetch_moneyflow_dc.py:170 获取 20260127~20260127 板块资金流向失败: 抱歉，您访问接口(moneyflow_ind_dc)频率超限(500次/分钟)，具体频次详情：https://tushare.pro/document/1?doc_id=108。
2026-08-01 19:12:34,333 [ERROR] fetch_moneyflow_dc.py:378 20260127 处理失败: 抱歉，您访问接口(moneyflow_ind_dc)频率超限(500次/分钟)，具体频次详情：https://tushare.pro/document/1?doc_id=108。
2026-08-01 19:12:34,370 [ERROR] fetch_moneyflow_dc.py:170 获取 20260128~20260128 板块资金流向失败: 抱歉，您访问接口(moneyflow_ind_dc)频率超限(500次/分钟)，具体频次详情：https://tushare.pro/document/1?doc_id=108。
2026-08-01 19:12:34,370 [ERROR] fetch_moneyflow_dc.py:378 20260128 处理失败: 抱歉，您访问接口(moneyflow_ind_dc)频率超限(500次/分钟)，具体频次详情：https://tushare.pro/document/1?doc_id=108。
2026-08-01 19:12:34,380 [ERROR] fetch_moneyflow_dc.py:170 获取 20260129~20260129 板块资金流向失败: 抱歉，您访问接口(moneyflow_ind_dc)频率超限(500次/分钟)，具体频次详情：https://tushare.pro/document/1?doc_id=108。
2026-08-01 19:12:34,380 [ERROR] fetch_moneyflow_dc.py:378 20260129 处理失败: 抱歉，您访问接口(moneyflow_ind_dc)频率超限(500次/分钟)，具体频次详情：https://tushare.pro/document/1?doc_id=108。
2026-08-01 19:12:34,417 [ERROR] fetch_moneyflow_dc.py:170 获取 20260130~20260130 板块资金流向失败: 抱歉，您访问接口(moneyflow_ind_dc)频率超限(500次/分钟)，具体频次详情：https://tushare.pro/document/1?doc_id=108。
2026-08-01 19:12:34,418 [ERROR] fetch_moneyflow_dc.py:378 20260130 处理失败: 抱歉，您访问接口(moneyflow_ind_dc)频率超限(500次/分钟)，具体频次详情：https://tushare.pro/document/1?doc_id=108。
2026-08-01 19:12:34,426 [ERROR] fetch_moneyflow_dc.py:170 获取 20260131~20260131 板块资金流向失败: 抱歉，您访问接口(moneyflow_ind_dc)频率超限(500次/分钟)，具体频次详情：https://tushare.pro/document/1?doc_id=108。
2026-08-01 19:12:34,426 [ERROR] fetch_moneyflow_dc.py:378 20260131 处理失败: 抱歉，您访问接口(moneyflow_ind_dc)频率超限(500次/分钟)，具体频次详情：https://tushare.pro/document/1?doc_id=108。
2026-08-01 19:12:34,465 [ERROR] fetch_moneyflow_dc.py:170 获取 20260201~20260201 板块资金流向失败: 抱歉，您访问接口(moneyflow_ind_dc)频率超限(500次/分钟)，具体频次详情：https://tushare.pro/document/1?doc_id=108。
2026-08-01 19:12:34,466 [ERROR] fetch_moneyflow_dc.py:378 20260201 处理失败: 抱歉，您访问接口(moneyflow_ind_dc)频率超限(500次/分钟)，具体频次详情：https://tushare.pro/document/1?doc_id=108。
2026-08-01 19:12:34,475 [ERROR] fetch_moneyflow_dc.py:170 获取 20260202~20260202 板块资金流向失败: 抱歉，您访问接口(moneyflow_ind_dc)频率超限(500次/分钟)，具体频次详情：https://tushare.pro/document/1?doc_id=108。
2026-08-01 19:12:34,475 [ERROR] fetch_moneyflow_dc.py:378 20260202 处理失败: 抱歉，您访问接口(moneyflow_ind_dc)频率超限(500次/分钟)，具体频次详情：https://tushare.pro/document/1?doc_id=108。
2026-08-01 19:12:34,519 [ERROR] fetch_moneyflow_dc.py:170 获取 20260203~20260203 板块资金流向失败: 抱歉，您访问接口(moneyflow_ind_dc)频率超限(500次/分钟)，具体频次详情：https://tushare.pro/document/1?doc_id=108。
2026-08-01 19:12:34,521 [ERROR] fetch_moneyflow_dc.py:378 20260203 处理失败: 抱歉，您访问接口(moneyflow_ind_dc)频率超限(500次/分钟)，具体频次详情：https://tushare.pro/document/1?doc_id=108。
2026-08-01 19:12:34,525 [ERROR] fetch_moneyflow_dc.py:170 获取 20260204~20260204 板块资金流向失败: 抱歉，您访问接口(moneyflow_ind_dc)频率超限(500次/分钟)，具体频次详情：https://tushare.pro/document/1?doc_id=108。
2026-08-01 19:12:34,526 [ERROR] fetch_moneyflow_dc.py:378 20260204 处理失败: 抱歉，您访问接口(moneyflow_ind_dc)频率超限(500次/分钟)，具体频次详情：https://tushare.pro/document/1?doc_id=108。
2026-08-01 19:12:34,575 [ERROR] fetch_moneyflow_dc.py:170 获取 20260205~20260205 板块资金流向失败: 抱歉，您访问接口(moneyflow_ind_dc)频率超限(500次/分钟)，具体频次详情：https://tushare.pro/document/1?doc_id=108。
2026-08-01 19:12:34,576 [ERROR] fetch_moneyflow_dc.py:378 20260205 处理失败: 抱歉，您访问接口(moneyflow_ind_dc)频率超限(500次/分钟)，具体频次详情：https://tushare.pro/document/1?doc_id=108。
2026-08-01 19:12:34,577 [ERROR] fetch_moneyflow_dc.py:170 获取 20260206~20260206 板块资金流向失败: 抱歉，您访问接口(moneyflow_ind_dc)频率超限(500次/分钟)，具体频次详情：https://tushare.pro/document/1?doc_id=108。
2026-08-01 19:12:34,578 [ERROR] fetch_moneyflow_dc.py:378 20260206 处理失败: 抱歉，您访问接口(moneyflow_ind_dc)频率超限(500次/分钟)，具体频次详情：https://tushare.pro/document/1?doc_id=108。
2026-08-01 19:12:34,624 [ERROR] fetch_moneyflow_dc.py:170 获取 20260207~20260207 板块资金流向失败: 抱歉，您访问接口(moneyflow_ind_dc)频率超限(500次/分钟)，具体频次详情：https://tushare.pro/document/1?doc_id=108。
2026-08-01 19:12:34,624 [ERROR] fetch_moneyflow_dc.py:378 20260207 处理失败: 抱歉，您访问接口(moneyflow_ind_dc)频率超限(500次/分钟)，具体频次详情：https://tushare.pro/document/1?doc_id=108。
2026-08-01 19:12:34,643 [ERROR] fetch_moneyflow_dc.py:170 获取 20260208~20260208 板块资金流向失败: 抱歉，您访问接口(moneyflow_ind_dc)频率超限(500次/分钟)，具体频次详情：https://tushare.pro/document/1?doc_id=108。
2026-08-01 19:12:34,643 [ERROR] fetch_moneyflow_dc.py:378 20260208 处理失败: 抱歉，您访问接口(moneyflow_ind_dc)频率超限(500次/分钟)，具体频次详情：https://tushare.pro/document/1?doc_id=108。
2026-08-01 19:12:34,671 [ERROR] fetch_moneyflow_dc.py:170 获取 20260209~20260209 板块资金流向失败: 抱歉，您访问接口(moneyflow_ind_dc)频率超限(500次/分钟)，具体频次详情：https://tushare.pro/document/1?doc_id=108。
2026-08-01 19:12:34,671 [ERROR] fetch_moneyflow_dc.py:378 20260209 处理失败: 抱歉，您访问接口(moneyflow_ind_dc)频率超限(500次/分钟)，具体频次详情：https://tushare.pro/document/1?doc_id=108。
2026-08-01 19:12:34,690 [ERROR] fetch_moneyflow_dc.py:170 获取 20260210~20260210 板块资金流向失败: 抱歉，您访问接口(moneyflow_ind_dc)频率超限(500次/分钟)，具体频次详情：https://tushare.pro/document/1?doc_id=108。
2026-08-01 19:12:34,690 [ERROR] fetch_moneyflow_dc.py:378 20260210 处理失败: 抱歉，您访问接口(moneyflow_ind_dc)频率超限(500次/分钟)，具体频次详情：https://tushare.pro/document/1?doc_id=108。
2026-08-01 19:12:34,716 [ERROR] fetch_moneyflow_dc.py:170 获取 20260211~20260211 板块资金流向失败: 抱歉，您访问接口(moneyflow_ind_dc)频率超限(500次/分钟)，具体频次详情：https://tushare.pro/document/1?doc_id=108。
2026-08-01 19:12:34,716 [ERROR] fetch_moneyflow_dc.py:378 20260211 处理失败: 抱歉，您访问接口(moneyflow_ind_dc)频率超限(500次/分钟)，具体频次详情：https://tushare.pro/document/1?doc_id=108。
2026-08-01 19:12:34,734 [ERROR] fetch_moneyflow_dc.py:170 获取 20260212~20260212 板块资金流向失败: 抱歉，您访问接口(moneyflow_ind_dc)频率超限(500次/分钟)，具体频次详情：https://tushare.pro/document/1?doc_id=108。
2026-08-01 19:12:34,734 [ERROR] fetch_moneyflow_dc.py:378 20260212 处理失败: 抱歉，您访问接口(moneyflow_ind_dc)频率超限(500次/分钟)，具体频次详情：https://tushare.pro/document/1?doc_id=108。
2026-08-01 19:12:34,777 [ERROR] fetch_moneyflow_dc.py:170 获取 20260213~20260213 板块资金流向失败: 抱歉，您访问接口(moneyflow_ind_dc)频率超限(500次/分钟)，具体频次详情：https://tushare.pro/document/1?doc_id=108。
2026-08-01 19:12:34,777 [ERROR] fetch_moneyflow_dc.py:378 20260213 处理失败: 抱歉，您访问接口(moneyflow_ind_dc)频率超限(500次/分钟)，具体频次详情：https://tushare.pro/document/1?doc_id=108。
2026-08-01 19:12:34,782 [ERROR] fetch_moneyflow_dc.py:170 获取 20260214~20260214 板块资金流向失败: 抱歉，您访问接口(moneyflow_ind_dc)频率超限(500次/分钟)，具体频次详情：https://tushare.pro/document/1?doc_id=108。
2026-08-01 19:12:34,782 [ERROR] fetch_moneyflow_dc.py:378 20260214 处理失败: 抱歉，您访问接口(moneyflow_ind_dc)频率超限(500次/分钟)，具体频次详情：https://tushare.pro/document/1?doc_id=108。
2026-08-01 19:12:34,825 [ERROR] fetch_moneyflow_dc.py:170 获取 20260215~20260215 板块资金流向失败: 抱歉，您访问接口(moneyflow_ind_dc)频率超限(500次/分钟)，具体频次详情：https://tushare.pro/document/1?doc_id=108。
2026-08-01 19:12:34,825 [ERROR] fetch_moneyflow_dc.py:378 20260215 处理失败: 抱歉，您访问接口(moneyflow_ind_dc)频率超限(500次/分钟)，具体频次详情：https://tushare.pro/document/1?doc_id=108。
2026-08-01 19:12:34,843 [ERROR] fetch_moneyflow_dc.py:170 获取 20260216~20260216 板块资金流向失败: 抱歉，您访问接口(moneyflow_ind_dc)频率超限(500次/分钟)，具体频次详情：https://tushare.pro/document/1?doc_id=108。
2026-08-01 19:12:34,843 [ERROR] fetch_moneyflow_dc.py:378 20260216 处理失败: 抱歉，您访问接口(moneyflow_ind_dc)频率超限(500次/分钟)，具体频次详情：https://tushare.pro/document/1?doc_id=108。
2026-08-01 19:12:34,870 [ERROR] fetch_moneyflow_dc.py:170 获取 20260217~20260217 板块资金流向失败: 抱歉，您访问接口(moneyflow_ind_dc)频率超限(500次/分钟)，具体频次详情：https://tushare.pro/document/1?doc_id=108。
2026-08-01 19:12:34,870 [ERROR] fetch_moneyflow_dc.py:378 20260217 处理失败: 抱歉，您访问接口(moneyflow_ind_dc)频率超限(500次/分钟)，具体频次详情：https://tushare.pro/document/1?doc_id=108。
2026-08-01 19:12:34,916 [ERROR] fetch_moneyflow_dc.py:170 获取 20260218~20260218 板块资金流向失败: 抱歉，您访问接口(moneyflow_ind_dc)频率超限(500次/分钟)，具体频次详情：https://tushare.pro/document/1?doc_id=108。
2026-08-01 19:12:34,916 [ERROR] fetch_moneyflow_dc.py:170 获取 20260219~20260219 板块资金流向失败: 抱歉，您访问接口(moneyflow_ind_dc)频率超限(500次/分钟)，具体频次详情：https://tushare.pro/document/1?doc_id=108。
2026-08-01 19:12:34,916 [ERROR] fetch_moneyflow_dc.py:378 20260218 处理失败: 抱歉，您访问接口(moneyflow_ind_dc)频率超限(500次/分钟)，具体频次详情：https://tushare.pro/document/1?doc_id=108。
2026-08-01 19:12:34,916 [ERROR] fetch_moneyflow_dc.py:378 20260219 处理失败: 抱歉，您访问接口(moneyflow_ind_dc)频率超限(500次/分钟)，具体频次详情：https://tushare.pro/document/1?doc_id=108。
2026-08-01 19:12:34,967 [ERROR] fetch_moneyflow_dc.py:170 获取 20260221~20260221 板块资金流向失败: 抱歉，您访问接口(moneyflow_ind_dc)频率超限(500次/分钟)，具体频次详情：https://tushare.pro/document/1?doc_id=108。
2026-08-01 19:12:34,968 [ERROR] fetch_moneyflow_dc.py:378 20260221 处理失败: 抱歉，您访问接口(moneyflow_ind_dc)频率超限(500次/分钟)，具体频次详情：https://tushare.pro/document/1?doc_id=108。
2026-08-01 19:12:34,969 [ERROR] fetch_moneyflow_dc.py:170 获取 20260220~20260220 板块资金流向失败: 抱歉，您访问接口(moneyflow_ind_dc)频率超限(500次/分钟)，具体频次详情：https://tushare.pro/document/1?doc_id=108。
2026-08-01 19:12:34,969 [ERROR] fetch_moneyflow_dc.py:378 20260220 处理失败: 抱歉，您访问接口(moneyflow_ind_dc)频率超限(500次/分钟)，具体频次详情：https://tushare.pro/document/1?doc_id=108。
2026-08-01 19:12:35,016 [ERROR] fetch_moneyflow_dc.py:170 获取 20260222~20260222 板块资金流向失败: 抱歉，您访问接口(moneyflow_ind_dc)频率超限(500次/分钟)，具体频次详情：https://tushare.pro/document/1?doc_id=108。
2026-08-01 19:12:35,017 [ERROR] fetch_moneyflow_dc.py:378 20260222 处理失败: 抱歉，您访问接口(moneyflow_ind_dc)频率超限(500次/分钟)，具体频次详情：https://tushare.pro/document/1?doc_id=108。
2026-08-01 19:12:35,023 [ERROR] fetch_moneyflow_dc.py:170 获取 20260223~20260223 板块资金流向失败: 抱歉，您访问接口(moneyflow_ind_dc)频率超限(500次/分钟)，具体频次详情：https://tushare.pro/document/1?doc_id=108。
2026-08-01 19:12:35,023 [ERROR] fetch_moneyflow_dc.py:378 20260223 处理失败: 抱歉，您访问接口(moneyflow_ind_dc)频率超限(500次/分钟)，具体频次详情：https://tushare.pro/document/1?doc_id=108。
2026-08-01 19:12:35,064 [ERROR] fetch_moneyflow_dc.py:170 获取 20260224~20260224 板块资金流向失败: 抱歉，您访问接口(moneyflow_ind_dc)频率超限(500次/分钟)，具体频次详情：https://tushare.pro/document/1?doc_id=108。
2026-08-01 19:12:35,065 [ERROR] fetch_moneyflow_dc.py:378 20260224 处理失败: 抱歉，您访问接口(moneyflow_ind_dc)频率超限(500次/分钟)，具体频次详情：https://tushare.pro/document/1?doc_id=108。
2026-08-01 19:12:35,073 [ERROR] fetch_moneyflow_dc.py:170 获取 20260225~20260225 板块资金流向失败: 抱歉，您访问接口(moneyflow_ind_dc)频率超限(500次/分钟)，具体频次详情：https://tushare.pro/document/1?doc_id=108。
2026-08-01 19:12:35,073 [ERROR] fetch_moneyflow_dc.py:378 20260225 处理失败: 抱歉，您访问接口(moneyflow_ind_dc)频率超限(500次/分钟)，具体频次详情：https://tushare.pro/document/1?doc_id=108。
2026-08-01 19:12:35,113 [ERROR] fetch_moneyflow_dc.py:170 获取 20260226~20260226 板块资金流向失败: 抱歉，您访问接口(moneyflow_ind_dc)频率超限(500次/分钟)，具体频次详情：https://tushare.pro/document/1?doc_id=108。
2026-08-01 19:12:35,114 [ERROR] fetch_moneyflow_dc.py:378 20260226 处理失败: 抱歉，您访问接口(moneyflow_ind_dc)频率超限(500次/分钟)，具体频次详情：https://tushare.pro/document/1?doc_id=108。
2026-08-01 19:12:35,122 [ERROR] fetch_moneyflow_dc.py:170 获取 20260227~20260227 板块资金流向失败: 抱歉，您访问接口(moneyflow_ind_dc)频率超限(500次/分钟)，具体频次详情：https://tushare.pro/document/1?doc_id=108。
2026-08-01 19:12:35,123 [ERROR] fetch_moneyflow_dc.py:378 20260227 处理失败: 抱歉，您访问接口(moneyflow_ind_dc)频率超限(500次/分钟)，具体频次详情：https://tushare.pro/document/1?doc_id=108。
2026-08-01 19:12:35,162 [ERROR] fetch_moneyflow_dc.py:170 获取 20260228~20260228 板块资金流向失败: 抱歉，您访问接口(moneyflow_ind_dc)频率超限(500次/分钟)，具体频次详情：https://tushare.pro/document/1?doc_id=108。
2026-08-01 19:12:35,162 [ERROR] fetch_moneyflow_dc.py:378 20260228 处理失败: 抱歉，您访问接口(moneyflow_ind_dc)频率超限(500次/分钟)，具体频次详情：https://tushare.pro/document/1?doc_id=108。
2026-08-01 19:12:35,174 [ERROR] fetch_moneyflow_dc.py:170 获取 20260301~20260301 板块资金流向失败: 抱歉，您访问接口(moneyflow_ind_dc)频率超限(500次/分钟)，具体频次详情：https://tushare.pro/document/1?doc_id=108。
2026-08-01 19:12:35,175 [ERROR] fetch_moneyflow_dc.py:378 20260301 处理失败: 抱歉，您访问接口(moneyflow_ind_dc)频率超限(500次/分钟)，具体频次详情：https://tushare.pro/document/1?doc_id=108。
2026-08-01 19:12:35,213 [ERROR] fetch_moneyflow_dc.py:170 获取 20260302~20260302 板块资金流向失败: 抱歉，您访问接口(moneyflow_ind_dc)频率超限(500次/分钟)，具体频次详情：https://tushare.pro/document/1?doc_id=108。
2026-08-01 19:12:35,213 [ERROR] fetch_moneyflow_dc.py:378 20260302 处理失败: 抱歉，您访问接口(moneyflow_ind_dc)频率超限(500次/分钟)，具体频次详情：https://tushare.pro/document/1?doc_id=108。
2026-08-01 19:12:35,224 [ERROR] fetch_moneyflow_dc.py:170 获取 20260303~20260303 板块资金流向失败: 抱歉，您访问接口(moneyflow_ind_dc)频率超限(500次/分钟)，具体频次详情：https://tushare.pro/document/1?doc_id=108。
2026-08-01 19:12:35,224 [ERROR] fetch_moneyflow_dc.py:378 20260303 处理失败: 抱歉，您访问接口(moneyflow_ind_dc)频率超限(500次/分钟)，具体频次详情：https://tushare.pro/document/1?doc_id=108。
2026-08-01 19:12:35,260 [ERROR] fetch_moneyflow_dc.py:170 获取 20260304~20260304 板块资金流向失败: 抱歉，您访问接口(moneyflow_ind_dc)频率超限(500次/分钟)，具体频次详情：https://tushare.pro/document/1?doc_id=108。
2026-08-01 19:12:35,261 [ERROR] fetch_moneyflow_dc.py:378 20260304 处理失败: 抱歉，您访问接口(moneyflow_ind_dc)频率超限(500次/分钟)，具体频次详情：https://tushare.pro/document/1?doc_id=108。
2026-08-01 19:12:35,271 [ERROR] fetch_moneyflow_dc.py:170 获取 20260305~20260305 板块资金流向失败: 抱歉，您访问接口(moneyflow_ind_dc)频率超限(500次/分钟)，具体频次详情：https://tushare.pro/document/1?doc_id=108。
2026-08-01 19:12:35,271 [ERROR] fetch_moneyflow_dc.py:378 20260305 处理失败: 抱歉，您访问接口(moneyflow_ind_dc)频率超限(500次/分钟)，具体频次详情：https://tushare.pro/document/1?doc_id=108。
2026-08-01 19:12:35,317 [ERROR] fetch_moneyflow_dc.py:170 获取 20260307~20260307 板块资金流向失败: 抱歉，您访问接口(moneyflow_ind_dc)频率超限(500次/分钟)，具体频次详情：https://tushare.pro/document/1?doc_id=108。
2026-08-01 19:12:35,317 [ERROR] fetch_moneyflow_dc.py:378 20260307 处理失败: 抱歉，您访问接口(moneyflow_ind_dc)频率超限(500次/分钟)，具体频次详情：https://tushare.pro/document/1?doc_id=108。
2026-08-01 19:12:35,329 [ERROR] fetch_moneyflow_dc.py:170 获取 20260306~20260306 板块资金流向失败: 抱歉，您访问接口(moneyflow_ind_dc)频率超限(500次/分钟)，具体频次详情：https://tushare.pro/document/1?doc_id=108。
2026-08-01 19:12:35,329 [ERROR] fetch_moneyflow_dc.py:378 20260306 处理失败: 抱歉，您访问接口(moneyflow_ind_dc)频率超限(500次/分钟)，具体频次详情：https://tushare.pro/document/1?doc_id=108。
2026-08-01 19:12:35,362 [ERROR] fetch_moneyflow_dc.py:170 获取 20260308~20260308 板块资金流向失败: 抱歉，您访问接口(moneyflow_ind_dc)频率超限(500次/分钟)，具体频次详情：https://tushare.pro/document/1?doc_id=108。
2026-08-01 19:12:35,362 [ERROR] fetch_moneyflow_dc.py:378 20260308 处理失败: 抱歉，您访问接口(moneyflow_ind_dc)频率超限(500次/分钟)，具体频次详情：https://tushare.pro/document/1?doc_id=108。
2026-08-01 19:12:35,372 [ERROR] fetch_moneyflow_dc.py:170 获取 20260309~20260309 板块资金流向失败: 抱歉，您访问接口(moneyflow_ind_dc)频率超限(500次/分钟)，具体频次详情：https://tushare.pro/document/1?doc_id=108。
2026-08-01 19:12:35,372 [ERROR] fetch_moneyflow_dc.py:378 20260309 处理失败: 抱歉，您访问接口(moneyflow_ind_dc)频率超限(500次/分钟)，具体频次详情：https://tushare.pro/document/1?doc_id=108。
2026-08-01 19:12:35,411 [ERROR] fetch_moneyflow_dc.py:170 获取 20260310~20260310 板块资金流向失败: 抱歉，您访问接口(moneyflow_ind_dc)频率超限(500次/分钟)，具体频次详情：https://tushare.pro/document/1?doc_id=108。
2026-08-01 19:12:35,411 [ERROR] fetch_moneyflow_dc.py:378 20260310 处理失败: 抱歉，您访问接口(moneyflow_ind_dc)频率超限(500次/分钟)，具体频次详情：https://tushare.pro/document/1?doc_id=108。
2026-08-01 19:12:35,421 [ERROR] fetch_moneyflow_dc.py:170 获取 20260311~20260311 板块资金流向失败: 抱歉，您访问接口(moneyflow_ind_dc)频率超限(500次/分钟)，具体频次详情：https://tushare.pro/document/1?doc_id=108。
2026-08-01 19:12:35,421 [ERROR] fetch_moneyflow_dc.py:378 20260311 处理失败: 抱歉，您访问接口(moneyflow_ind_dc)频率超限(500次/分钟)，具体频次详情：https://tushare.pro/document/1?doc_id=108。
2026-08-01 19:12:35,463 [ERROR] fetch_moneyflow_dc.py:170 获取 20260312~20260312 板块资金流向失败: 抱歉，您访问接口(moneyflow_ind_dc)频率超限(500次/分钟)，具体频次详情：https://tushare.pro/document/1?doc_id=108。
2026-08-01 19:12:35,463 [ERROR] fetch_moneyflow_dc.py:378 20260312 处理失败: 抱歉，您访问接口(moneyflow_ind_dc)频率超限(500次/分钟)，具体频次详情：https://tushare.pro/document/1?doc_id=108。
2026-08-01 19:12:35,467 [ERROR] fetch_moneyflow_dc.py:170 获取 20260313~20260313 板块资金流向失败: 抱歉，您访问接口(moneyflow_ind_dc)频率超限(500次/分钟)，具体频次详情：https://tushare.pro/document/1?doc_id=108。
2026-08-01 19:12:35,467 [ERROR] fetch_moneyflow_dc.py:378 20260313 处理失败: 抱歉，您访问接口(moneyflow_ind_dc)频率超限(500次/分钟)，具体频次详情：https://tushare.pro/document/1?doc_id=108。
2026-08-01 19:12:35,508 [ERROR] fetch_moneyflow_dc.py:170 获取 20260314~20260314 板块资金流向失败: 抱歉，您访问接口(moneyflow_ind_dc)频率超限(500次/分钟)，具体频次详情：https://tushare.pro/document/1?doc_id=108。
2026-08-01 19:12:35,509 [ERROR] fetch_moneyflow_dc.py:378 20260314 处理失败: 抱歉，您访问接口(moneyflow_ind_dc)频率超限(500次/分钟)，具体频次详情：https://tushare.pro/document/1?doc_id=108。
2026-08-01 19:12:35,527 [ERROR] fetch_moneyflow_dc.py:170 获取 20260315~20260315 板块资金流向失败: 抱歉，您访问接口(moneyflow_ind_dc)频率超限(500次/分钟)，具体频次详情：https://tushare.pro/document/1?doc_id=108。
2026-08-01 19:12:35,527 [ERROR] fetch_moneyflow_dc.py:378 20260315 处理失败: 抱歉，您访问接口(moneyflow_ind_dc)频率超限(500次/分钟)，具体频次详情：https://tushare.pro/document/1?doc_id=108。
2026-08-01 19:12:35,556 [ERROR] fetch_moneyflow_dc.py:170 获取 20260316~20260316 板块资金流向失败: 抱歉，您访问接口(moneyflow_ind_dc)频率超限(500次/分钟)，具体频次详情：https://tushare.pro/document/1?doc_id=108。
2026-08-01 19:12:35,557 [ERROR] fetch_moneyflow_dc.py:378 20260316 处理失败: 抱歉，您访问接口(moneyflow_ind_dc)频率超限(500次/分钟)，具体频次详情：https://tushare.pro/document/1?doc_id=108。
2026-08-01 19:12:35,574 [ERROR] fetch_moneyflow_dc.py:170 获取 20260317~20260317 板块资金流向失败: 抱歉，您访问接口(moneyflow_ind_dc)频率超限(500次/分钟)，具体频次详情：https://tushare.pro/document/1?doc_id=108。
2026-08-01 19:12:35,574 [ERROR] fetch_moneyflow_dc.py:378 20260317 处理失败: 抱歉，您访问接口(moneyflow_ind_dc)频率超限(500次/分钟)，具体频次详情：https://tushare.pro/document/1?doc_id=108。
2026-08-01 19:12:35,603 [ERROR] fetch_moneyflow_dc.py:170 获取 20260318~20260318 板块资金流向失败: 抱歉，您访问接口(moneyflow_ind_dc)频率超限(500次/分钟)，具体频次详情：https://tushare.pro/document/1?doc_id=108。
2026-08-01 19:12:35,603 [ERROR] fetch_moneyflow_dc.py:378 20260318 处理失败: 抱歉，您访问接口(moneyflow_ind_dc)频率超限(500次/分钟)，具体频次详情：https://tushare.pro/document/1?doc_id=108。
2026-08-01 19:12:35,623 [ERROR] fetch_moneyflow_dc.py:170 获取 20260319~20260319 板块资金流向失败: 抱歉，您访问接口(moneyflow_ind_dc)频率超限(500次/分钟)，具体频次详情：https://tushare.pro/document/1?doc_id=108。
2026-08-01 19:12:35,623 [ERROR] fetch_moneyflow_dc.py:378 20260319 处理失败: 抱歉，您访问接口(moneyflow_ind_dc)频率超限(500次/分钟)，具体频次详情：https://tushare.pro/document/1?doc_id=108。
2026-08-01 19:12:35,653 [ERROR] fetch_moneyflow_dc.py:170 获取 20260320~20260320 板块资金流向失败: 抱歉，您访问接口(moneyflow_ind_dc)频率超限(500次/分钟)，具体频次详情：https://tushare.pro/document/1?doc_id=108。
2026-08-01 19:12:35,653 [ERROR] fetch_moneyflow_dc.py:378 20260320 处理失败: 抱歉，您访问接口(moneyflow_ind_dc)频率超限(500次/分钟)，具体频次详情：https://tushare.pro/document/1?doc_id=108。
2026-08-01 19:12:35,672 [ERROR] fetch_moneyflow_dc.py:170 获取 20260321~20260321 板块资金流向失败: 抱歉，您访问接口(moneyflow_ind_dc)频率超限(500次/分钟)，具体频次详情：https://tushare.pro/document/1?doc_id=108。
2026-08-01 19:12:35,673 [ERROR] fetch_moneyflow_dc.py:378 20260321 处理失败: 抱歉，您访问接口(moneyflow_ind_dc)频率超限(500次/分钟)，具体频次详情：https://tushare.pro/document/1?doc_id=108。
2026-08-01 19:12:35,699 [ERROR] fetch_moneyflow_dc.py:170 获取 20260322~20260322 板块资金流向失败: 抱歉，您访问接口(moneyflow_ind_dc)频率超限(500次/分钟)，具体频次详情：https://tushare.pro/document/1?doc_id=108。
2026-08-01 19:12:35,699 [ERROR] fetch_moneyflow_dc.py:378 20260322 处理失败: 抱歉，您访问接口(moneyflow_ind_dc)频率超限(500次/分钟)，具体频次详情：https://tushare.pro/document/1?doc_id=108。
2026-08-01 19:12:35,739 [ERROR] fetch_moneyflow_dc.py:170 获取 20260323~20260323 板块资金流向失败: 抱歉，您访问接口(moneyflow_ind_dc)频率超限(500次/分钟)，具体频次详情：https://tushare.pro/document/1?doc_id=108。
2026-08-01 19:12:35,739 [ERROR] fetch_moneyflow_dc.py:378 20260323 处理失败: 抱歉，您访问接口(moneyflow_ind_dc)频率超限(500次/分钟)，具体频次详情：https://tushare.pro/document/1?doc_id=108。
2026-08-01 19:12:35,747 [ERROR] fetch_moneyflow_dc.py:170 获取 20260324~20260324 板块资金流向失败: 抱歉，您访问接口(moneyflow_ind_dc)频率超限(500次/分钟)，具体频次详情：https://tushare.pro/document/1?doc_id=108。
2026-08-01 19:12:35,747 [ERROR] fetch_moneyflow_dc.py:378 20260324 处理失败: 抱歉，您访问接口(moneyflow_ind_dc)频率超限(500次/分钟)，具体频次详情：https://tushare.pro/document/1?doc_id=108。
2026-08-01 19:12:35,786 [ERROR] fetch_moneyflow_dc.py:170 获取 20260325~20260325 板块资金流向失败: 抱歉，您访问接口(moneyflow_ind_dc)频率超限(500次/分钟)，具体频次详情：https://tushare.pro/document/1?doc_id=108。
2026-08-01 19:12:35,786 [ERROR] fetch_moneyflow_dc.py:378 20260325 处理失败: 抱歉，您访问接口(moneyflow_ind_dc)频率超限(500次/分钟)，具体频次详情：https://tushare.pro/document/1?doc_id=108。
2026-08-01 19:12:35,807 [ERROR] fetch_moneyflow_dc.py:170 获取 20260326~20260326 板块资金流向失败: 抱歉，您访问接口(moneyflow_ind_dc)频率超限(500次/分钟)，具体频次详情：https://tushare.pro/document/1?doc_id=108。
2026-08-01 19:12:35,807 [ERROR] fetch_moneyflow_dc.py:378 20260326 处理失败: 抱歉，您访问接口(moneyflow_ind_dc)频率超限(500次/分钟)，具体频次详情：https://tushare.pro/document/1?doc_id=108。
2026-08-01 19:12:35,833 [ERROR] fetch_moneyflow_dc.py:170 获取 20260327~20260327 板块资金流向失败: 抱歉，您访问接口(moneyflow_ind_dc)频率超限(500次/分钟)，具体频次详情：https://tushare.pro/document/1?doc_id=108。
2026-08-01 19:12:35,834 [ERROR] fetch_moneyflow_dc.py:378 20260327 处理失败: 抱歉，您访问接口(moneyflow_ind_dc)频率超限(500次/分钟)，具体频次详情：https://tushare.pro/document/1?doc_id=108。
2026-08-01 19:12:35,856 [ERROR] fetch_moneyflow_dc.py:170 获取 20260328~20260328 板块资金流向失败: 抱歉，您访问接口(moneyflow_ind_dc)频率超限(500次/分钟)，具体频次详情：https://tushare.pro/document/1?doc_id=108。
2026-08-01 19:12:35,856 [ERROR] fetch_moneyflow_dc.py:378 20260328 处理失败: 抱歉，您访问接口(moneyflow_ind_dc)频率超限(500次/分钟)，具体频次详情：https://tushare.pro/document/1?doc_id=108。
2026-08-01 19:12:35,880 [ERROR] fetch_moneyflow_dc.py:170 获取 20260329~20260329 板块资金流向失败: 抱歉，您访问接口(moneyflow_ind_dc)频率超限(500次/分钟)，具体频次详情：https://tushare.pro/document/1?doc_id=108。
2026-08-01 19:12:35,881 [ERROR] fetch_moneyflow_dc.py:378 20260329 处理失败: 抱歉，您访问接口(moneyflow_ind_dc)频率超限(500次/分钟)，具体频次详情：https://tushare.pro/document/1?doc_id=108。
2026-08-01 19:12:35,903 [ERROR] fetch_moneyflow_dc.py:170 获取 20260330~20260330 板块资金流向失败: 抱歉，您访问接口(moneyflow_ind_dc)频率超限(500次/分钟)，具体频次详情：https://tushare.pro/document/1?doc_id=108。
2026-08-01 19:12:35,903 [ERROR] fetch_moneyflow_dc.py:378 20260330 处理失败: 抱歉，您访问接口(moneyflow_ind_dc)频率超限(500次/分钟)，具体频次详情：https://tushare.pro/document/1?doc_id=108。
2026-08-01 19:12:35,929 [ERROR] fetch_moneyflow_dc.py:170 获取 20260331~20260331 板块资金流向失败: 抱歉，您访问接口(moneyflow_ind_dc)频率超限(500次/分钟)，具体频次详情：https://tushare.pro/document/1?doc_id=108。
2026-08-01 19:12:35,929 [ERROR] fetch_moneyflow_dc.py:378 20260331 处理失败: 抱歉，您访问接口(moneyflow_ind_dc)频率超限(500次/分钟)，具体频次详情：https://tushare.pro/document/1?doc_id=108。
2026-08-01 19:12:35,950 [ERROR] fetch_moneyflow_dc.py:170 获取 20260401~20260401 板块资金流向失败: 抱歉，您访问接口(moneyflow_ind_dc)频率超限(500次/分钟)，具体频次详情：https://tushare.pro/document/1?doc_id=108。
2026-08-01 19:12:35,951 [ERROR] fetch_moneyflow_dc.py:378 20260401 处理失败: 抱歉，您访问接口(moneyflow_ind_dc)频率超限(500次/分钟)，具体频次详情：https://tushare.pro/document/1?doc_id=108。
2026-08-01 19:12:35,984 [ERROR] fetch_moneyflow_dc.py:170 获取 20260402~20260402 板块资金流向失败: 抱歉，您访问接口(moneyflow_ind_dc)频率超限(500次/分钟)，具体频次详情：https://tushare.pro/document/1?doc_id=108。
2026-08-01 19:12:35,985 [ERROR] fetch_moneyflow_dc.py:378 20260402 处理失败: 抱歉，您访问接口(moneyflow_ind_dc)频率超限(500次/分钟)，具体频次详情：https://tushare.pro/document/1?doc_id=108。
2026-08-01 19:12:35,998 [ERROR] fetch_moneyflow_dc.py:170 获取 20260403~20260403 板块资金流向失败: 抱歉，您访问接口(moneyflow_ind_dc)频率超限(500次/分钟)，具体频次详情：https://tushare.pro/document/1?doc_id=108。
2026-08-01 19:12:35,999 [ERROR] fetch_moneyflow_dc.py:378 20260403 处理失败: 抱歉，您访问接口(moneyflow_ind_dc)频率超限(500次/分钟)，具体频次详情：https://tushare.pro/document/1?doc_id=108。
2026-08-01 19:12:36,032 [ERROR] fetch_moneyflow_dc.py:170 获取 20260404~20260404 板块资金流向失败: 抱歉，您访问接口(moneyflow_ind_dc)频率超限(500次/分钟)，具体频次详情：https://tushare.pro/document/1?doc_id=108。
2026-08-01 19:12:36,033 [ERROR] fetch_moneyflow_dc.py:378 20260404 处理失败: 抱歉，您访问接口(moneyflow_ind_dc)频率超限(500次/分钟)，具体频次详情：https://tushare.pro/document/1?doc_id=108。
2026-08-01 19:12:36,072 [ERROR] fetch_moneyflow_dc.py:170 获取 20260405~20260405 板块资金流向失败: 抱歉，您访问接口(moneyflow_ind_dc)频率超限(500次/分钟)，具体频次详情：https://tushare.pro/document/1?doc_id=108。
2026-08-01 19:12:36,072 [ERROR] fetch_moneyflow_dc.py:378 20260405 处理失败: 抱歉，您访问接口(moneyflow_ind_dc)频率超限(500次/分钟)，具体频次详情：https://tushare.pro/document/1?doc_id=108。
2026-08-01 19:12:36,077 [ERROR] fetch_moneyflow_dc.py:170 获取 20260406~20260406 板块资金流向失败: 抱歉，您访问接口(moneyflow_ind_dc)频率超限(500次/分钟)，具体频次详情：https://tushare.pro/document/1?doc_id=108。
2026-08-01 19:12:36,078 [ERROR] fetch_moneyflow_dc.py:378 20260406 处理失败: 抱歉，您访问接口(moneyflow_ind_dc)频率超限(500次/分钟)，具体频次详情：https://tushare.pro/document/1?doc_id=108。
2026-08-01 19:12:36,117 [ERROR] fetch_moneyflow_dc.py:170 获取 20260407~20260407 板块资金流向失败: 抱歉，您访问接口(moneyflow_ind_dc)频率超限(500次/分钟)，具体频次详情：https://tushare.pro/document/1?doc_id=108。
2026-08-01 19:12:36,117 [ERROR] fetch_moneyflow_dc.py:378 20260407 处理失败: 抱歉，您访问接口(moneyflow_ind_dc)频率超限(500次/分钟)，具体频次详情：https://tushare.pro/document/1?doc_id=108。
2026-08-01 19:12:36,127 [ERROR] fetch_moneyflow_dc.py:170 获取 20260408~20260408 板块资金流向失败: 抱歉，您访问接口(moneyflow_ind_dc)频率超限(500次/分钟)，具体频次详情：https://tushare.pro/document/1?doc_id=108。
2026-08-01 19:12:36,127 [ERROR] fetch_moneyflow_dc.py:378 20260408 处理失败: 抱歉，您访问接口(moneyflow_ind_dc)频率超限(500次/分钟)，具体频次详情：https://tushare.pro/document/1?doc_id=108。
2026-08-01 19:12:36,166 [ERROR] fetch_moneyflow_dc.py:170 获取 20260409~20260409 板块资金流向失败: 抱歉，您访问接口(moneyflow_ind_dc)频率超限(500次/分钟)，具体频次详情：https://tushare.pro/document/1?doc_id=108。
2026-08-01 19:12:36,167 [ERROR] fetch_moneyflow_dc.py:378 20260409 处理失败: 抱歉，您访问接口(moneyflow_ind_dc)频率超限(500次/分钟)，具体频次详情：https://tushare.pro/document/1?doc_id=108。
2026-08-01 19:12:36,177 [ERROR] fetch_moneyflow_dc.py:170 获取 20260410~20260410 板块资金流向失败: 抱歉，您访问接口(moneyflow_ind_dc)频率超限(500次/分钟)，具体频次详情：https://tushare.pro/document/1?doc_id=108。
2026-08-01 19:12:36,177 [ERROR] fetch_moneyflow_dc.py:378 20260410 处理失败: 抱歉，您访问接口(moneyflow_ind_dc)频率超限(500次/分钟)，具体频次详情：https://tushare.pro/document/1?doc_id=108。
2026-08-01 19:12:36,215 [ERROR] fetch_moneyflow_dc.py:170 获取 20260411~20260411 板块资金流向失败: 抱歉，您访问接口(moneyflow_ind_dc)频率超限(500次/分钟)，具体频次详情：https://tushare.pro/document/1?doc_id=108。
2026-08-01 19:12:36,216 [ERROR] fetch_moneyflow_dc.py:378 20260411 处理失败: 抱歉，您访问接口(moneyflow_ind_dc)频率超限(500次/分钟)，具体频次详情：https://tushare.pro/document/1?doc_id=108。
2026-08-01 19:12:36,221 [ERROR] fetch_moneyflow_dc.py:170 获取 20260412~20260412 板块资金流向失败: 抱歉，您访问接口(moneyflow_ind_dc)频率超限(500次/分钟)，具体频次详情：https://tushare.pro/document/1?doc_id=108。
2026-08-01 19:12:36,221 [ERROR] fetch_moneyflow_dc.py:378 20260412 处理失败: 抱歉，您访问接口(moneyflow_ind_dc)频率超限(500次/分钟)，具体频次详情：https://tushare.pro/document/1?doc_id=108。
2026-08-01 19:12:36,266 [ERROR] fetch_moneyflow_dc.py:170 获取 20260413~20260413 板块资金流向失败: 抱歉，您访问接口(moneyflow_ind_dc)频率超限(500次/分钟)，具体频次详情：https://tushare.pro/document/1?doc_id=108。
2026-08-01 19:12:36,267 [ERROR] fetch_moneyflow_dc.py:378 20260413 处理失败: 抱歉，您访问接口(moneyflow_ind_dc)频率超限(500次/分钟)，具体频次详情：https://tushare.pro/document/1?doc_id=108。
2026-08-01 19:12:36,270 [ERROR] fetch_moneyflow_dc.py:170 获取 20260414~20260414 板块资金流向失败: 抱歉，您访问接口(moneyflow_ind_dc)频率超限(500次/分钟)，具体频次详情：https://tushare.pro/document/1?doc_id=108。
2026-08-01 19:12:36,270 [ERROR] fetch_moneyflow_dc.py:378 20260414 处理失败: 抱歉，您访问接口(moneyflow_ind_dc)频率超限(500次/分钟)，具体频次详情：https://tushare.pro/document/1?doc_id=108。
2026-08-01 19:12:36,314 [ERROR] fetch_moneyflow_dc.py:170 获取 20260415~20260415 板块资金流向失败: 抱歉，您访问接口(moneyflow_ind_dc)频率超限(500次/分钟)，具体频次详情：https://tushare.pro/document/1?doc_id=108。
2026-08-01 19:12:36,314 [ERROR] fetch_moneyflow_dc.py:378 20260415 处理失败: 抱歉，您访问接口(moneyflow_ind_dc)频率超限(500次/分钟)，具体频次详情：https://tushare.pro/document/1?doc_id=108。
2026-08-01 19:12:36,318 [ERROR] fetch_moneyflow_dc.py:170 获取 20260416~20260416 板块资金流向失败: 抱歉，您访问接口(moneyflow_ind_dc)频率超限(500次/分钟)，具体频次详情：https://tushare.pro/document/1?doc_id=108。
2026-08-01 19:12:36,318 [ERROR] fetch_moneyflow_dc.py:378 20260416 处理失败: 抱歉，您访问接口(moneyflow_ind_dc)频率超限(500次/分钟)，具体频次详情：https://tushare.pro/document/1?doc_id=108。
2026-08-01 19:12:36,360 [ERROR] fetch_moneyflow_dc.py:170 获取 20260417~20260417 板块资金流向失败: 抱歉，您访问接口(moneyflow_ind_dc)频率超限(500次/分钟)，具体频次详情：https://tushare.pro/document/1?doc_id=108。
2026-08-01 19:12:36,361 [ERROR] fetch_moneyflow_dc.py:378 20260417 处理失败: 抱歉，您访问接口(moneyflow_ind_dc)频率超限(500次/分钟)，具体频次详情：https://tushare.pro/document/1?doc_id=108。
2026-08-01 19:12:36,368 [ERROR] fetch_moneyflow_dc.py:170 获取 20260418~20260418 板块资金流向失败: 抱歉，您访问接口(moneyflow_ind_dc)频率超限(500次/分钟)，具体频次详情：https://tushare.pro/document/1?doc_id=108。
2026-08-01 19:12:36,368 [ERROR] fetch_moneyflow_dc.py:378 20260418 处理失败: 抱歉，您访问接口(moneyflow_ind_dc)频率超限(500次/分钟)，具体频次详情：https://tushare.pro/document/1?doc_id=108。
2026-08-01 19:12:36,415 [ERROR] fetch_moneyflow_dc.py:170 获取 20260420~20260420 板块资金流向失败: 抱歉，您访问接口(moneyflow_ind_dc)频率超限(500次/分钟)，具体频次详情：https://tushare.pro/document/1?doc_id=108。
2026-08-01 19:12:36,416 [ERROR] fetch_moneyflow_dc.py:378 20260420 处理失败: 抱歉，您访问接口(moneyflow_ind_dc)频率超限(500次/分钟)，具体频次详情：https://tushare.pro/document/1?doc_id=108。
2026-08-01 19:12:36,422 [ERROR] fetch_moneyflow_dc.py:170 获取 20260419~20260419 板块资金流向失败: 抱歉，您访问接口(moneyflow_ind_dc)频率超限(500次/分钟)，具体频次详情：https://tushare.pro/document/1?doc_id=108。
2026-08-01 19:12:36,423 [ERROR] fetch_moneyflow_dc.py:378 20260419 处理失败: 抱歉，您访问接口(moneyflow_ind_dc)频率超限(500次/分钟)，具体频次详情：https://tushare.pro/document/1?doc_id=108。
2026-08-01 19:12:36,466 [ERROR] fetch_moneyflow_dc.py:170 获取 20260421~20260421 板块资金流向失败: 抱歉，您访问接口(moneyflow_ind_dc)频率超限(500次/分钟)，具体频次详情：https://tushare.pro/document/1?doc_id=108。
2026-08-01 19:12:36,466 [ERROR] fetch_moneyflow_dc.py:378 20260421 处理失败: 抱歉，您访问接口(moneyflow_ind_dc)频率超限(500次/分钟)，具体频次详情：https://tushare.pro/document/1?doc_id=108。
2026-08-01 19:12:36,471 [ERROR] fetch_moneyflow_dc.py:170 获取 20260422~20260422 板块资金流向失败: 抱歉，您访问接口(moneyflow_ind_dc)频率超限(500次/分钟)，具体频次详情：https://tushare.pro/document/1?doc_id=108。
2026-08-01 19:12:36,471 [ERROR] fetch_moneyflow_dc.py:378 20260422 处理失败: 抱歉，您访问接口(moneyflow_ind_dc)频率超限(500次/分钟)，具体频次详情：https://tushare.pro/document/1?doc_id=108。
2026-08-01 19:12:36,514 [ERROR] fetch_moneyflow_dc.py:170 获取 20260423~20260423 板块资金流向失败: 抱歉，您访问接口(moneyflow_ind_dc)频率超限(500次/分钟)，具体频次详情：https://tushare.pro/document/1?doc_id=108。
2026-08-01 19:12:36,514 [ERROR] fetch_moneyflow_dc.py:378 20260423 处理失败: 抱歉，您访问接口(moneyflow_ind_dc)频率超限(500次/分钟)，具体频次详情：https://tushare.pro/document/1?doc_id=108。
2026-08-01 19:12:36,519 [ERROR] fetch_moneyflow_dc.py:170 获取 20260424~20260424 板块资金流向失败: 抱歉，您访问接口(moneyflow_ind_dc)频率超限(500次/分钟)，具体频次详情：https://tushare.pro/document/1?doc_id=108。
2026-08-01 19:12:36,520 [ERROR] fetch_moneyflow_dc.py:378 20260424 处理失败: 抱歉，您访问接口(moneyflow_ind_dc)频率超限(500次/分钟)，具体频次详情：https://tushare.pro/document/1?doc_id=108。
2026-08-01 19:12:36,561 [ERROR] fetch_moneyflow_dc.py:170 获取 20260425~20260425 板块资金流向失败: 抱歉，您访问接口(moneyflow_ind_dc)频率超限(500次/分钟)，具体频次详情：https://tushare.pro/document/1?doc_id=108。
2026-08-01 19:12:36,561 [ERROR] fetch_moneyflow_dc.py:378 20260425 处理失败: 抱歉，您访问接口(moneyflow_ind_dc)频率超限(500次/分钟)，具体频次详情：https://tushare.pro/document/1?doc_id=108。
2026-08-01 19:12:36,569 [ERROR] fetch_moneyflow_dc.py:170 获取 20260426~20260426 板块资金流向失败: 抱歉，您访问接口(moneyflow_ind_dc)频率超限(500次/分钟)，具体频次详情：https://tushare.pro/document/1?doc_id=108。
2026-08-01 19:12:36,569 [ERROR] fetch_moneyflow_dc.py:378 20260426 处理失败: 抱歉，您访问接口(moneyflow_ind_dc)频率超限(500次/分钟)，具体频次详情：https://tushare.pro/document/1?doc_id=108。
2026-08-01 19:12:36,611 [ERROR] fetch_moneyflow_dc.py:170 获取 20260427~20260427 板块资金流向失败: 抱歉，您访问接口(moneyflow_ind_dc)频率超限(500次/分钟)，具体频次详情：https://tushare.pro/document/1?doc_id=108。
2026-08-01 19:12:36,611 [ERROR] fetch_moneyflow_dc.py:378 20260427 处理失败: 抱歉，您访问接口(moneyflow_ind_dc)频率超限(500次/分钟)，具体频次详情：https://tushare.pro/document/1?doc_id=108。
2026-08-01 19:12:36,623 [ERROR] fetch_moneyflow_dc.py:170 获取 20260428~20260428 板块资金流向失败: 抱歉，您访问接口(moneyflow_ind_dc)频率超限(500次/分钟)，具体频次详情：https://tushare.pro/document/1?doc_id=108。
2026-08-01 19:12:36,624 [ERROR] fetch_moneyflow_dc.py:378 20260428 处理失败: 抱歉，您访问接口(moneyflow_ind_dc)频率超限(500次/分钟)，具体频次详情：https://tushare.pro/document/1?doc_id=108。
2026-08-01 19:12:36,665 [ERROR] fetch_moneyflow_dc.py:170 获取 20260429~20260429 板块资金流向失败: 抱歉，您访问接口(moneyflow_ind_dc)频率超限(500次/分钟)，具体频次详情：https://tushare.pro/document/1?doc_id=108。
2026-08-01 19:12:36,666 [ERROR] fetch_moneyflow_dc.py:378 20260429 处理失败: 抱歉，您访问接口(moneyflow_ind_dc)频率超限(500次/分钟)，具体频次详情：https://tushare.pro/document/1?doc_id=108。
2026-08-01 19:12:36,688 [ERROR] fetch_moneyflow_dc.py:170 获取 20260430~20260430 板块资金流向失败: 抱歉，您访问接口(moneyflow_ind_dc)频率超限(500次/分钟)，具体频次详情：https://tushare.pro/document/1?doc_id=108。
2026-08-01 19:12:36,688 [ERROR] fetch_moneyflow_dc.py:378 20260430 处理失败: 抱歉，您访问接口(moneyflow_ind_dc)频率超限(500次/分钟)，具体频次详情：https://tushare.pro/document/1?doc_id=108。
2026-08-01 19:12:36,714 [ERROR] fetch_moneyflow_dc.py:170 获取 20260501~20260501 板块资金流向失败: 抱歉，您访问接口(moneyflow_ind_dc)频率超限(500次/分钟)，具体频次详情：https://tushare.pro/document/1?doc_id=108。
2026-08-01 19:12:36,714 [ERROR] fetch_moneyflow_dc.py:378 20260501 处理失败: 抱歉，您访问接口(moneyflow_ind_dc)频率超限(500次/分钟)，具体频次详情：https://tushare.pro/document/1?doc_id=108。
2026-08-01 19:12:36,737 [ERROR] fetch_moneyflow_dc.py:170 获取 20260502~20260502 板块资金流向失败: 抱歉，您访问接口(moneyflow_ind_dc)频率超限(500次/分钟)，具体频次详情：https://tushare.pro/document/1?doc_id=108。
2026-08-01 19:12:36,737 [ERROR] fetch_moneyflow_dc.py:378 20260502 处理失败: 抱歉，您访问接口(moneyflow_ind_dc)频率超限(500次/分钟)，具体频次详情：https://tushare.pro/document/1?doc_id=108。
2026-08-01 19:12:36,769 [ERROR] fetch_moneyflow_dc.py:170 获取 20260503~20260503 板块资金流向失败: 抱歉，您访问接口(moneyflow_ind_dc)频率超限(500次/分钟)，具体频次详情：https://tushare.pro/document/1?doc_id=108。
2026-08-01 19:12:36,769 [ERROR] fetch_moneyflow_dc.py:378 20260503 处理失败: 抱歉，您访问接口(moneyflow_ind_dc)频率超限(500次/分钟)，具体频次详情：https://tushare.pro/document/1?doc_id=108。
2026-08-01 19:12:36,809 [ERROR] fetch_moneyflow_dc.py:170 获取 20260504~20260504 板块资金流向失败: 抱歉，您访问接口(moneyflow_ind_dc)频率超限(500次/分钟)，具体频次详情：https://tushare.pro/document/1?doc_id=108。
2026-08-01 19:12:36,809 [ERROR] fetch_moneyflow_dc.py:378 20260504 处理失败: 抱歉，您访问接口(moneyflow_ind_dc)频率超限(500次/分钟)，具体频次详情：https://tushare.pro/document/1?doc_id=108。
2026-08-01 19:12:36,839 [ERROR] fetch_moneyflow_dc.py:170 获取 20260505~20260505 板块资金流向失败: 抱歉，您访问接口(moneyflow_ind_dc)频率超限(500次/分钟)，具体频次详情：https://tushare.pro/document/1?doc_id=108。
2026-08-01 19:12:36,839 [ERROR] fetch_moneyflow_dc.py:378 20260505 处理失败: 抱歉，您访问接口(moneyflow_ind_dc)频率超限(500次/分钟)，具体频次详情：https://tushare.pro/document/1?doc_id=108。
2026-08-01 19:12:36,868 [ERROR] fetch_moneyflow_dc.py:170 获取 20260506~20260506 板块资金流向失败: 抱歉，您访问接口(moneyflow_ind_dc)频率超限(500次/分钟)，具体频次详情：https://tushare.pro/document/1?doc_id=108。
2026-08-01 19:12:36,869 [ERROR] fetch_moneyflow_dc.py:378 20260506 处理失败: 抱歉，您访问接口(moneyflow_ind_dc)频率超限(500次/分钟)，具体频次详情：https://tushare.pro/document/1?doc_id=108。
2026-08-01 19:12:36,887 [ERROR] fetch_moneyflow_dc.py:170 获取 20260507~20260507 板块资金流向失败: 抱歉，您访问接口(moneyflow_ind_dc)频率超限(500次/分钟)，具体频次详情：https://tushare.pro/document/1?doc_id=108。
2026-08-01 19:12:36,887 [ERROR] fetch_moneyflow_dc.py:378 20260507 处理失败: 抱歉，您访问接口(moneyflow_ind_dc)频率超限(500次/分钟)，具体频次详情：https://tushare.pro/document/1?doc_id=108。
2026-08-01 19:12:36,932 [ERROR] fetch_moneyflow_dc.py:170 获取 20260508~20260508 板块资金流向失败: 抱歉，您访问接口(moneyflow_ind_dc)频率超限(500次/分钟)，具体频次详情：https://tushare.pro/document/1?doc_id=108。
2026-08-01 19:12:36,932 [ERROR] fetch_moneyflow_dc.py:378 20260508 处理失败: 抱歉，您访问接口(moneyflow_ind_dc)频率超限(500次/分钟)，具体频次详情：https://tushare.pro/document/1?doc_id=108。
2026-08-01 19:12:36,933 [ERROR] fetch_moneyflow_dc.py:170 获取 20260509~20260509 板块资金流向失败: 抱歉，您访问接口(moneyflow_ind_dc)频率超限(500次/分钟)，具体频次详情：https://tushare.pro/document/1?doc_id=108。
2026-08-01 19:12:36,934 [ERROR] fetch_moneyflow_dc.py:378 20260509 处理失败: 抱歉，您访问接口(moneyflow_ind_dc)频率超限(500次/分钟)，具体频次详情：https://tushare.pro/document/1?doc_id=108。
2026-08-01 19:12:36,977 [ERROR] fetch_moneyflow_dc.py:170 获取 20260510~20260510 板块资金流向失败: 抱歉，您访问接口(moneyflow_ind_dc)频率超限(500次/分钟)，具体频次详情：https://tushare.pro/document/1?doc_id=108。
2026-08-01 19:12:36,978 [ERROR] fetch_moneyflow_dc.py:378 20260510 处理失败: 抱歉，您访问接口(moneyflow_ind_dc)频率超限(500次/分钟)，具体频次详情：https://tushare.pro/document/1?doc_id=108。
2026-08-01 19:12:36,982 [ERROR] fetch_moneyflow_dc.py:170 获取 20260511~20260511 板块资金流向失败: 抱歉，您访问接口(moneyflow_ind_dc)频率超限(500次/分钟)，具体频次详情：https://tushare.pro/document/1?doc_id=108。
2026-08-01 19:12:36,982 [ERROR] fetch_moneyflow_dc.py:378 20260511 处理失败: 抱歉，您访问接口(moneyflow_ind_dc)频率超限(500次/分钟)，具体频次详情：https://tushare.pro/document/1?doc_id=108。
2026-08-01 19:12:37,038 [ERROR] fetch_moneyflow_dc.py:170 获取 20260512~20260512 板块资金流向失败: 抱歉，您访问接口(moneyflow_ind_dc)频率超限(500次/分钟)，具体频次详情：https://tushare.pro/document/1?doc_id=108。
2026-08-01 19:12:37,039 [ERROR] fetch_moneyflow_dc.py:378 20260512 处理失败: 抱歉，您访问接口(moneyflow_ind_dc)频率超限(500次/分钟)，具体频次详情：https://tushare.pro/document/1?doc_id=108。
2026-08-01 19:12:37,054 [ERROR] fetch_moneyflow_dc.py:170 获取 20260513~20260513 板块资金流向失败: 抱歉，您访问接口(moneyflow_ind_dc)频率超限(500次/分钟)，具体频次详情：https://tushare.pro/document/1?doc_id=108。
2026-08-01 19:12:37,055 [ERROR] fetch_moneyflow_dc.py:378 20260513 处理失败: 抱歉，您访问接口(moneyflow_ind_dc)频率超限(500次/分钟)，具体频次详情：https://tushare.pro/document/1?doc_id=108。
2026-08-01 19:12:37,087 [ERROR] fetch_moneyflow_dc.py:170 获取 20260514~20260514 板块资金流向失败: 抱歉，您访问接口(moneyflow_ind_dc)频率超限(500次/分钟)，具体频次详情：https://tushare.pro/document/1?doc_id=108。
2026-08-01 19:12:37,087 [ERROR] fetch_moneyflow_dc.py:378 20260514 处理失败: 抱歉，您访问接口(moneyflow_ind_dc)频率超限(500次/分钟)，具体频次详情：https://tushare.pro/document/1?doc_id=108。
2026-08-01 19:12:37,103 [ERROR] fetch_moneyflow_dc.py:170 获取 20260515~20260515 板块资金流向失败: 抱歉，您访问接口(moneyflow_ind_dc)频率超限(500次/分钟)，具体频次详情：https://tushare.pro/document/1?doc_id=108。
2026-08-01 19:12:37,103 [ERROR] fetch_moneyflow_dc.py:378 20260515 处理失败: 抱歉，您访问接口(moneyflow_ind_dc)频率超限(500次/分钟)，具体频次详情：https://tushare.pro/document/1?doc_id=108。
2026-08-01 19:12:37,140 [ERROR] fetch_moneyflow_dc.py:170 获取 20260516~20260516 板块资金流向失败: 抱歉，您访问接口(moneyflow_ind_dc)频率超限(500次/分钟)，具体频次详情：https://tushare.pro/document/1?doc_id=108。
2026-08-01 19:12:37,140 [ERROR] fetch_moneyflow_dc.py:378 20260516 处理失败: 抱歉，您访问接口(moneyflow_ind_dc)频率超限(500次/分钟)，具体频次详情：https://tushare.pro/document/1?doc_id=108。
2026-08-01 19:12:37,152 [ERROR] fetch_moneyflow_dc.py:170 获取 20260517~20260517 板块资金流向失败: 抱歉，您访问接口(moneyflow_ind_dc)频率超限(500次/分钟)，具体频次详情：https://tushare.pro/document/1?doc_id=108。
2026-08-01 19:12:37,153 [ERROR] fetch_moneyflow_dc.py:378 20260517 处理失败: 抱歉，您访问接口(moneyflow_ind_dc)频率超限(500次/分钟)，具体频次详情：https://tushare.pro/document/1?doc_id=108。
2026-08-01 19:12:37,190 [ERROR] fetch_moneyflow_dc.py:170 获取 20260518~20260518 板块资金流向失败: 抱歉，您访问接口(moneyflow_ind_dc)频率超限(500次/分钟)，具体频次详情：https://tushare.pro/document/1?doc_id=108。
2026-08-01 19:12:37,190 [ERROR] fetch_moneyflow_dc.py:378 20260518 处理失败: 抱歉，您访问接口(moneyflow_ind_dc)频率超限(500次/分钟)，具体频次详情：https://tushare.pro/document/1?doc_id=108。
2026-08-01 19:12:37,200 [ERROR] fetch_moneyflow_dc.py:170 获取 20260519~20260519 板块资金流向失败: 抱歉，您访问接口(moneyflow_ind_dc)频率超限(500次/分钟)，具体频次详情：https://tushare.pro/document/1?doc_id=108。
2026-08-01 19:12:37,200 [ERROR] fetch_moneyflow_dc.py:378 20260519 处理失败: 抱歉，您访问接口(moneyflow_ind_dc)频率超限(500次/分钟)，具体频次详情：https://tushare.pro/document/1?doc_id=108。
2026-08-01 19:12:37,234 [ERROR] fetch_moneyflow_dc.py:170 获取 20260520~20260520 板块资金流向失败: 抱歉，您访问接口(moneyflow_ind_dc)频率超限(500次/分钟)，具体频次详情：https://tushare.pro/document/1?doc_id=108。
2026-08-01 19:12:37,235 [ERROR] fetch_moneyflow_dc.py:378 20260520 处理失败: 抱歉，您访问接口(moneyflow_ind_dc)频率超限(500次/分钟)，具体频次详情：https://tushare.pro/document/1?doc_id=108。
2026-08-01 19:12:37,247 [ERROR] fetch_moneyflow_dc.py:170 获取 20260521~20260521 板块资金流向失败: 抱歉，您访问接口(moneyflow_ind_dc)频率超限(500次/分钟)，具体频次详情：https://tushare.pro/document/1?doc_id=108。
2026-08-01 19:12:37,247 [ERROR] fetch_moneyflow_dc.py:378 20260521 处理失败: 抱歉，您访问接口(moneyflow_ind_dc)频率超限(500次/分钟)，具体频次详情：https://tushare.pro/document/1?doc_id=108。
2026-08-01 19:12:37,284 [ERROR] fetch_moneyflow_dc.py:170 获取 20260522~20260522 板块资金流向失败: 抱歉，您访问接口(moneyflow_ind_dc)频率超限(500次/分钟)，具体频次详情：https://tushare.pro/document/1?doc_id=108。
2026-08-01 19:12:37,286 [ERROR] fetch_moneyflow_dc.py:378 20260522 处理失败: 抱歉，您访问接口(moneyflow_ind_dc)频率超限(500次/分钟)，具体频次详情：https://tushare.pro/document/1?doc_id=108。
2026-08-01 19:12:37,299 [ERROR] fetch_moneyflow_dc.py:170 获取 20260523~20260523 板块资金流向失败: 抱歉，您访问接口(moneyflow_ind_dc)频率超限(500次/分钟)，具体频次详情：https://tushare.pro/document/1?doc_id=108。
2026-08-01 19:12:37,300 [ERROR] fetch_moneyflow_dc.py:378 20260523 处理失败: 抱歉，您访问接口(moneyflow_ind_dc)频率超限(500次/分钟)，具体频次详情：https://tushare.pro/document/1?doc_id=108。
2026-08-01 19:12:37,336 [ERROR] fetch_moneyflow_dc.py:170 获取 20260524~20260524 板块资金流向失败: 抱歉，您访问接口(moneyflow_ind_dc)频率超限(500次/分钟)，具体频次详情：https://tushare.pro/document/1?doc_id=108。
2026-08-01 19:12:37,336 [ERROR] fetch_moneyflow_dc.py:378 20260524 处理失败: 抱歉，您访问接口(moneyflow_ind_dc)频率超限(500次/分钟)，具体频次详情：https://tushare.pro/document/1?doc_id=108。
2026-08-01 19:12:37,355 [ERROR] fetch_moneyflow_dc.py:170 获取 20260525~20260525 板块资金流向失败: 抱歉，您访问接口(moneyflow_ind_dc)频率超限(500次/分钟)，具体频次详情：https://tushare.pro/document/1?doc_id=108。
2026-08-01 19:12:37,357 [ERROR] fetch_moneyflow_dc.py:378 20260525 处理失败: 抱歉，您访问接口(moneyflow_ind_dc)频率超限(500次/分钟)，具体频次详情：https://tushare.pro/document/1?doc_id=108。
2026-08-01 19:12:37,384 [ERROR] fetch_moneyflow_dc.py:170 获取 20260526~20260526 板块资金流向失败: 抱歉，您访问接口(moneyflow_ind_dc)频率超限(500次/分钟)，具体频次详情：https://tushare.pro/document/1?doc_id=108。
2026-08-01 19:12:37,384 [ERROR] fetch_moneyflow_dc.py:378 20260526 处理失败: 抱歉，您访问接口(moneyflow_ind_dc)频率超限(500次/分钟)，具体频次详情：https://tushare.pro/document/1?doc_id=108。
2026-08-01 19:12:37,405 [ERROR] fetch_moneyflow_dc.py:170 获取 20260527~20260527 板块资金流向失败: 抱歉，您访问接口(moneyflow_ind_dc)频率超限(500次/分钟)，具体频次详情：https://tushare.pro/document/1?doc_id=108。
2026-08-01 19:12:37,406 [ERROR] fetch_moneyflow_dc.py:378 20260527 处理失败: 抱歉，您访问接口(moneyflow_ind_dc)频率超限(500次/分钟)，具体频次详情：https://tushare.pro/document/1?doc_id=108。
2026-08-01 19:12:37,434 [ERROR] fetch_moneyflow_dc.py:170 获取 20260528~20260528 板块资金流向失败: 抱歉，您访问接口(moneyflow_ind_dc)频率超限(500次/分钟)，具体频次详情：https://tushare.pro/document/1?doc_id=108。
2026-08-01 19:12:37,434 [ERROR] fetch_moneyflow_dc.py:378 20260528 处理失败: 抱歉，您访问接口(moneyflow_ind_dc)频率超限(500次/分钟)，具体频次详情：https://tushare.pro/document/1?doc_id=108。
2026-08-01 19:12:37,461 [ERROR] fetch_moneyflow_dc.py:170 获取 20260529~20260529 板块资金流向失败: 抱歉，您访问接口(moneyflow_ind_dc)频率超限(500次/分钟)，具体频次详情：https://tushare.pro/document/1?doc_id=108。
2026-08-01 19:12:37,461 [ERROR] fetch_moneyflow_dc.py:378 20260529 处理失败: 抱歉，您访问接口(moneyflow_ind_dc)频率超限(500次/分钟)，具体频次详情：https://tushare.pro/document/1?doc_id=108。
2026-08-01 19:12:37,484 [ERROR] fetch_moneyflow_dc.py:170 获取 20260530~20260530 板块资金流向失败: 抱歉，您访问接口(moneyflow_ind_dc)频率超限(500次/分钟)，具体频次详情：https://tushare.pro/document/1?doc_id=108。
2026-08-01 19:12:37,484 [ERROR] fetch_moneyflow_dc.py:378 20260530 处理失败: 抱歉，您访问接口(moneyflow_ind_dc)频率超限(500次/分钟)，具体频次详情：https://tushare.pro/document/1?doc_id=108。
2026-08-01 19:12:37,506 [ERROR] fetch_moneyflow_dc.py:170 获取 20260531~20260531 板块资金流向失败: 抱歉，您访问接口(moneyflow_ind_dc)频率超限(500次/分钟)，具体频次详情：https://tushare.pro/document/1?doc_id=108。
2026-08-01 19:12:37,507 [ERROR] fetch_moneyflow_dc.py:378 20260531 处理失败: 抱歉，您访问接口(moneyflow_ind_dc)频率超限(500次/分钟)，具体频次详情：https://tushare.pro/document/1?doc_id=108。
2026-08-01 19:12:37,528 [ERROR] fetch_moneyflow_dc.py:170 获取 20260601~20260601 板块资金流向失败: 抱歉，您访问接口(moneyflow_ind_dc)频率超限(500次/分钟)，具体频次详情：https://tushare.pro/document/1?doc_id=108。
2026-08-01 19:12:37,529 [ERROR] fetch_moneyflow_dc.py:378 20260601 处理失败: 抱歉，您访问接口(moneyflow_ind_dc)频率超限(500次/分钟)，具体频次详情：https://tushare.pro/document/1?doc_id=108。
2026-08-01 19:12:37,556 [ERROR] fetch_moneyflow_dc.py:170 获取 20260602~20260602 板块资金流向失败: 抱歉，您访问接口(moneyflow_ind_dc)频率超限(500次/分钟)，具体频次详情：https://tushare.pro/document/1?doc_id=108。
2026-08-01 19:12:37,556 [ERROR] fetch_moneyflow_dc.py:378 20260602 处理失败: 抱歉，您访问接口(moneyflow_ind_dc)频率超限(500次/分钟)，具体频次详情：https://tushare.pro/document/1?doc_id=108。
2026-08-01 19:12:37,579 [ERROR] fetch_moneyflow_dc.py:170 获取 20260603~20260603 板块资金流向失败: 抱歉，您访问接口(moneyflow_ind_dc)频率超限(500次/分钟)，具体频次详情：https://tushare.pro/document/1?doc_id=108。
2026-08-01 19:12:37,579 [ERROR] fetch_moneyflow_dc.py:378 20260603 处理失败: 抱歉，您访问接口(moneyflow_ind_dc)频率超限(500次/分钟)，具体频次详情：https://tushare.pro/document/1?doc_id=108。
2026-08-01 19:12:37,604 [ERROR] fetch_moneyflow_dc.py:170 获取 20260604~20260604 板块资金流向失败: 抱歉，您访问接口(moneyflow_ind_dc)频率超限(500次/分钟)，具体频次详情：https://tushare.pro/document/1?doc_id=108。
2026-08-01 19:12:37,605 [ERROR] fetch_moneyflow_dc.py:378 20260604 处理失败: 抱歉，您访问接口(moneyflow_ind_dc)频率超限(500次/分钟)，具体频次详情：https://tushare.pro/document/1?doc_id=108。
2026-08-01 19:12:37,629 [ERROR] fetch_moneyflow_dc.py:170 获取 20260605~20260605 板块资金流向失败: 抱歉，您访问接口(moneyflow_ind_dc)频率超限(500次/分钟)，具体频次详情：https://tushare.pro/document/1?doc_id=108。
2026-08-01 19:12:37,629 [ERROR] fetch_moneyflow_dc.py:378 20260605 处理失败: 抱歉，您访问接口(moneyflow_ind_dc)频率超限(500次/分钟)，具体频次详情：https://tushare.pro/document/1?doc_id=108。
2026-08-01 19:12:37,655 [ERROR] fetch_moneyflow_dc.py:170 获取 20260606~20260606 板块资金流向失败: 抱歉，您访问接口(moneyflow_ind_dc)频率超限(500次/分钟)，具体频次详情：https://tushare.pro/document/1?doc_id=108。
2026-08-01 19:12:37,655 [ERROR] fetch_moneyflow_dc.py:378 20260606 处理失败: 抱歉，您访问接口(moneyflow_ind_dc)频率超限(500次/分钟)，具体频次详情：https://tushare.pro/document/1?doc_id=108。
2026-08-01 19:12:37,677 [ERROR] fetch_moneyflow_dc.py:170 获取 20260607~20260607 板块资金流向失败: 抱歉，您访问接口(moneyflow_ind_dc)频率超限(500次/分钟)，具体频次详情：https://tushare.pro/document/1?doc_id=108。
2026-08-01 19:12:37,678 [ERROR] fetch_moneyflow_dc.py:378 20260607 处理失败: 抱歉，您访问接口(moneyflow_ind_dc)频率超限(500次/分钟)，具体频次详情：https://tushare.pro/document/1?doc_id=108。
2026-08-01 19:12:37,700 [ERROR] fetch_moneyflow_dc.py:170 获取 20260608~20260608 板块资金流向失败: 抱歉，您访问接口(moneyflow_ind_dc)频率超限(500次/分钟)，具体频次详情：https://tushare.pro/document/1?doc_id=108。
2026-08-01 19:12:37,700 [ERROR] fetch_moneyflow_dc.py:378 20260608 处理失败: 抱歉，您访问接口(moneyflow_ind_dc)频率超限(500次/分钟)，具体频次详情：https://tushare.pro/document/1?doc_id=108。
2026-08-01 19:12:37,725 [ERROR] fetch_moneyflow_dc.py:170 获取 20260609~20260609 板块资金流向失败: 抱歉，您访问接口(moneyflow_ind_dc)频率超限(500次/分钟)，具体频次详情：https://tushare.pro/document/1?doc_id=108。
2026-08-01 19:12:37,726 [ERROR] fetch_moneyflow_dc.py:378 20260609 处理失败: 抱歉，您访问接口(moneyflow_ind_dc)频率超限(500次/分钟)，具体频次详情：https://tushare.pro/document/1?doc_id=108。
2026-08-01 19:12:37,750 [ERROR] fetch_moneyflow_dc.py:170 获取 20260610~20260610 板块资金流向失败: 抱歉，您访问接口(moneyflow_ind_dc)频率超限(500次/分钟)，具体频次详情：https://tushare.pro/document/1?doc_id=108。
2026-08-01 19:12:37,750 [ERROR] fetch_moneyflow_dc.py:378 20260610 处理失败: 抱歉，您访问接口(moneyflow_ind_dc)频率超限(500次/分钟)，具体频次详情：https://tushare.pro/document/1?doc_id=108。
2026-08-01 19:12:37,778 [ERROR] fetch_moneyflow_dc.py:170 获取 20260611~20260611 板块资金流向失败: 抱歉，您访问接口(moneyflow_ind_dc)频率超限(500次/分钟)，具体频次详情：https://tushare.pro/document/1?doc_id=108。
2026-08-01 19:12:37,778 [ERROR] fetch_moneyflow_dc.py:378 20260611 处理失败: 抱歉，您访问接口(moneyflow_ind_dc)频率超限(500次/分钟)，具体频次详情：https://tushare.pro/document/1?doc_id=108。
2026-08-01 19:12:37,797 [ERROR] fetch_moneyflow_dc.py:170 获取 20260612~20260612 板块资金流向失败: 抱歉，您访问接口(moneyflow_ind_dc)频率超限(500次/分钟)，具体频次详情：https://tushare.pro/document/1?doc_id=108。
2026-08-01 19:12:37,798 [ERROR] fetch_moneyflow_dc.py:378 20260612 处理失败: 抱歉，您访问接口(moneyflow_ind_dc)频率超限(500次/分钟)，具体频次详情：https://tushare.pro/document/1?doc_id=108。
2026-08-01 19:12:37,827 [ERROR] fetch_moneyflow_dc.py:170 获取 20260613~20260613 板块资金流向失败: 抱歉，您访问接口(moneyflow_ind_dc)频率超限(500次/分钟)，具体频次详情：https://tushare.pro/document/1?doc_id=108。
2026-08-01 19:12:37,827 [ERROR] fetch_moneyflow_dc.py:378 20260613 处理失败: 抱歉，您访问接口(moneyflow_ind_dc)频率超限(500次/分钟)，具体频次详情：https://tushare.pro/document/1?doc_id=108。
2026-08-01 19:12:37,847 [ERROR] fetch_moneyflow_dc.py:170 获取 20260614~20260614 板块资金流向失败: 抱歉，您访问接口(moneyflow_ind_dc)频率超限(500次/分钟)，具体频次详情：https://tushare.pro/document/1?doc_id=108。
2026-08-01 19:12:37,847 [ERROR] fetch_moneyflow_dc.py:378 20260614 处理失败: 抱歉，您访问接口(moneyflow_ind_dc)频率超限(500次/分钟)，具体频次详情：https://tushare.pro/document/1?doc_id=108。
2026-08-01 19:12:37,874 [ERROR] fetch_moneyflow_dc.py:170 获取 20260615~20260615 板块资金流向失败: 抱歉，您访问接口(moneyflow_ind_dc)频率超限(500次/分钟)，具体频次详情：https://tushare.pro/document/1?doc_id=108。
2026-08-01 19:12:37,874 [ERROR] fetch_moneyflow_dc.py:378 20260615 处理失败: 抱歉，您访问接口(moneyflow_ind_dc)频率超限(500次/分钟)，具体频次详情：https://tushare.pro/document/1?doc_id=108。
2026-08-01 19:12:37,895 [ERROR] fetch_moneyflow_dc.py:170 获取 20260616~20260616 板块资金流向失败: 抱歉，您访问接口(moneyflow_ind_dc)频率超限(500次/分钟)，具体频次详情：https://tushare.pro/document/1?doc_id=108。
2026-08-01 19:12:37,896 [ERROR] fetch_moneyflow_dc.py:378 20260616 处理失败: 抱歉，您访问接口(moneyflow_ind_dc)频率超限(500次/分钟)，具体频次详情：https://tushare.pro/document/1?doc_id=108。
2026-08-01 19:12:37,923 [ERROR] fetch_moneyflow_dc.py:170 获取 20260617~20260617 板块资金流向失败: 抱歉，您访问接口(moneyflow_ind_dc)频率超限(500次/分钟)，具体频次详情：https://tushare.pro/document/1?doc_id=108。
2026-08-01 19:12:37,923 [ERROR] fetch_moneyflow_dc.py:378 20260617 处理失败: 抱歉，您访问接口(moneyflow_ind_dc)频率超限(500次/分钟)，具体频次详情：https://tushare.pro/document/1?doc_id=108。
2026-08-01 19:12:37,944 [ERROR] fetch_moneyflow_dc.py:170 获取 20260618~20260618 板块资金流向失败: 抱歉，您访问接口(moneyflow_ind_dc)频率超限(500次/分钟)，具体频次详情：https://tushare.pro/document/1?doc_id=108。
2026-08-01 19:12:37,944 [ERROR] fetch_moneyflow_dc.py:378 20260618 处理失败: 抱歉，您访问接口(moneyflow_ind_dc)频率超限(500次/分钟)，具体频次详情：https://tushare.pro/document/1?doc_id=108。
2026-08-01 19:12:37,972 [ERROR] fetch_moneyflow_dc.py:170 获取 20260619~20260619 板块资金流向失败: 抱歉，您访问接口(moneyflow_ind_dc)频率超限(500次/分钟)，具体频次详情：https://tushare.pro/document/1?doc_id=108。
2026-08-01 19:12:37,973 [ERROR] fetch_moneyflow_dc.py:378 20260619 处理失败: 抱歉，您访问接口(moneyflow_ind_dc)频率超限(500次/分钟)，具体频次详情：https://tushare.pro/document/1?doc_id=108。
2026-08-01 19:12:37,996 [ERROR] fetch_moneyflow_dc.py:170 获取 20260620~20260620 板块资金流向失败: 抱歉，您访问接口(moneyflow_ind_dc)频率超限(500次/分钟)，具体频次详情：https://tushare.pro/document/1?doc_id=108。
2026-08-01 19:12:37,996 [ERROR] fetch_moneyflow_dc.py:378 20260620 处理失败: 抱歉，您访问接口(moneyflow_ind_dc)频率超限(500次/分钟)，具体频次详情：https://tushare.pro/document/1?doc_id=108。
2026-08-01 19:12:38,018 [ERROR] fetch_moneyflow_dc.py:170 获取 20260621~20260621 板块资金流向失败: 抱歉，您访问接口(moneyflow_ind_dc)频率超限(500次/分钟)，具体频次详情：https://tushare.pro/document/1?doc_id=108。
2026-08-01 19:12:38,018 [ERROR] fetch_moneyflow_dc.py:378 20260621 处理失败: 抱歉，您访问接口(moneyflow_ind_dc)频率超限(500次/分钟)，具体频次详情：https://tushare.pro/document/1?doc_id=108。
2026-08-01 19:12:38,044 [ERROR] fetch_moneyflow_dc.py:170 获取 20260622~20260622 板块资金流向失败: 抱歉，您访问接口(moneyflow_ind_dc)频率超限(500次/分钟)，具体频次详情：https://tushare.pro/document/1?doc_id=108。
2026-08-01 19:12:38,044 [ERROR] fetch_moneyflow_dc.py:378 20260622 处理失败: 抱歉，您访问接口(moneyflow_ind_dc)频率超限(500次/分钟)，具体频次详情：https://tushare.pro/document/1?doc_id=108。
2026-08-01 19:12:38,068 [ERROR] fetch_moneyflow_dc.py:170 获取 20260623~20260623 板块资金流向失败: 抱歉，您访问接口(moneyflow_ind_dc)频率超限(500次/分钟)，具体频次详情：https://tushare.pro/document/1?doc_id=108。
2026-08-01 19:12:38,068 [ERROR] fetch_moneyflow_dc.py:378 20260623 处理失败: 抱歉，您访问接口(moneyflow_ind_dc)频率超限(500次/分钟)，具体频次详情：https://tushare.pro/document/1?doc_id=108。
2026-08-01 19:12:38,088 [ERROR] fetch_moneyflow_dc.py:170 获取 20260624~20260624 板块资金流向失败: 抱歉，您访问接口(moneyflow_ind_dc)频率超限(500次/分钟)，具体频次详情：https://tushare.pro/document/1?doc_id=108。
2026-08-01 19:12:38,088 [ERROR] fetch_moneyflow_dc.py:378 20260624 处理失败: 抱歉，您访问接口(moneyflow_ind_dc)频率超限(500次/分钟)，具体频次详情：https://tushare.pro/document/1?doc_id=108。
2026-08-01 19:12:38,125 [ERROR] fetch_moneyflow_dc.py:170 获取 20260625~20260625 板块资金流向失败: 抱歉，您访问接口(moneyflow_ind_dc)频率超限(500次/分钟)，具体频次详情：https://tushare.pro/document/1?doc_id=108。
2026-08-01 19:12:38,125 [ERROR] fetch_moneyflow_dc.py:378 20260625 处理失败: 抱歉，您访问接口(moneyflow_ind_dc)频率超限(500次/分钟)，具体频次详情：https://tushare.pro/document/1?doc_id=108。
2026-08-01 19:12:38,135 [ERROR] fetch_moneyflow_dc.py:170 获取 20260626~20260626 板块资金流向失败: 抱歉，您访问接口(moneyflow_ind_dc)频率超限(500次/分钟)，具体频次详情：https://tushare.pro/document/1?doc_id=108。
2026-08-01 19:12:38,135 [ERROR] fetch_moneyflow_dc.py:378 20260626 处理失败: 抱歉，您访问接口(moneyflow_ind_dc)频率超限(500次/分钟)，具体频次详情：https://tushare.pro/document/1?doc_id=108。
2026-08-01 19:12:38,174 [ERROR] fetch_moneyflow_dc.py:170 获取 20260627~20260627 板块资金流向失败: 抱歉，您访问接口(moneyflow_ind_dc)频率超限(500次/分钟)，具体频次详情：https://tushare.pro/document/1?doc_id=108。
2026-08-01 19:12:38,175 [ERROR] fetch_moneyflow_dc.py:378 20260627 处理失败: 抱歉，您访问接口(moneyflow_ind_dc)频率超限(500次/分钟)，具体频次详情：https://tushare.pro/document/1?doc_id=108。
2026-08-01 19:12:38,184 [ERROR] fetch_moneyflow_dc.py:170 获取 20260628~20260628 板块资金流向失败: 抱歉，您访问接口(moneyflow_ind_dc)频率超限(500次/分钟)，具体频次详情：https://tushare.pro/document/1?doc_id=108。
2026-08-01 19:12:38,184 [ERROR] fetch_moneyflow_dc.py:378 20260628 处理失败: 抱歉，您访问接口(moneyflow_ind_dc)频率超限(500次/分钟)，具体频次详情：https://tushare.pro/document/1?doc_id=108。
2026-08-01 19:12:38,233 [ERROR] fetch_moneyflow_dc.py:170 获取 20260629~20260629 板块资金流向失败: 抱歉，您访问接口(moneyflow_ind_dc)频率超限(500次/分钟)，具体频次详情：https://tushare.pro/document/1?doc_id=108。
2026-08-01 19:12:38,233 [ERROR] fetch_moneyflow_dc.py:378 20260629 处理失败: 抱歉，您访问接口(moneyflow_ind_dc)频率超限(500次/分钟)，具体频次详情：https://tushare.pro/document/1?doc_id=108。
2026-08-01 19:12:38,236 [ERROR] fetch_moneyflow_dc.py:170 获取 20260630~20260630 板块资金流向失败: 抱歉，您访问接口(moneyflow_ind_dc)频率超限(500次/分钟)，具体频次详情：https://tushare.pro/document/1?doc_id=108。
2026-08-01 19:12:38,236 [ERROR] fetch_moneyflow_dc.py:378 20260630 处理失败: 抱歉，您访问接口(moneyflow_ind_dc)频率超限(500次/分钟)，具体频次详情：https://tushare.pro/document/1?doc_id=108。
2026-08-01 19:12:38,284 [ERROR] fetch_moneyflow_dc.py:170 获取 20260701~20260701 板块资金流向失败: 抱歉，您访问接口(moneyflow_ind_dc)频率超限(500次/分钟)，具体频次详情：https://tushare.pro/document/1?doc_id=108。
2026-08-01 19:12:38,284 [ERROR] fetch_moneyflow_dc.py:378 20260701 处理失败: 抱歉，您访问接口(moneyflow_ind_dc)频率超限(500次/分钟)，具体频次详情：https://tushare.pro/document/1?doc_id=108。
2026-08-01 19:12:44,342 [ERROR] fetch_moneyflow_dc.py:170 获取 20230916~20230916 板块资金流向失败: 抱歉，您访问接口(moneyflow_ind_dc)频率超限(500次/分钟)，具体频次详情：https://tushare.pro/document/1?doc_id=108。
2026-08-01 19:12:44,342 [ERROR] fetch_moneyflow_dc.py:378 20230916 处理失败: 抱歉，您访问接口(moneyflow_ind_dc)频率超限(500次/分钟)，具体频次详情：https://tushare.pro/document/1?doc_id=108。
2026-08-01 19:12:44,346 [ERROR] fetch_moneyflow_dc.py:170 获取 20230917~20230917 板块资金流向失败: 抱歉，您访问接口(moneyflow_ind_dc)频率超限(500次/分钟)，具体频次详情：https://tushare.pro/document/1?doc_id=108。
2026-08-01 19:12:44,346 [ERROR] fetch_moneyflow_dc.py:378 20230917 处理失败: 抱歉，您访问接口(moneyflow_ind_dc)频率超限(500次/分钟)，具体频次详情：https://tushare.pro/document/1?doc_id=108。
2026-08-01 19:12:44,388 [ERROR] fetch_moneyflow_dc.py:170 获取 20230923~20230923 板块资金流向失败: 抱歉，您访问接口(moneyflow_ind_dc)频率超限(500次/分钟)，具体频次详情：https://tushare.pro/document/1?doc_id=108。
2026-08-01 19:12:44,388 [ERROR] fetch_moneyflow_dc.py:378 20230923 处理失败: 抱歉，您访问接口(moneyflow_ind_dc)频率超限(500次/分钟)，具体频次详情：https://tushare.pro/document/1?doc_id=108。
2026-08-01 19:12:44,392 [ERROR] fetch_moneyflow_dc.py:170 获取 20230924~20230924 板块资金流向失败: 抱歉，您访问接口(moneyflow_ind_dc)频率超限(500次/分钟)，具体频次详情：https://tushare.pro/document/1?doc_id=108。
2026-08-01 19:12:44,393 [ERROR] fetch_moneyflow_dc.py:378 20230924 处理失败: 抱歉，您访问接口(moneyflow_ind_dc)频率超限(500次/分钟)，具体频次详情：https://tushare.pro/document/1?doc_id=108。
2026-08-01 19:12:44,436 [ERROR] fetch_moneyflow_dc.py:170 获取 20230929~20230929 板块资金流向失败: 抱歉，您访问接口(moneyflow_ind_dc)频率超限(500次/分钟)，具体频次详情：https://tushare.pro/document/1?doc_id=108。
2026-08-01 19:12:44,436 [ERROR] fetch_moneyflow_dc.py:378 20230929 处理失败: 抱歉，您访问接口(moneyflow_ind_dc)频率超限(500次/分钟)，具体频次详情：https://tushare.pro/document/1?doc_id=108。
2026-08-01 19:12:44,443 [ERROR] fetch_moneyflow_dc.py:170 获取 20230930~20230930 板块资金流向失败: 抱歉，您访问接口(moneyflow_ind_dc)频率超限(500次/分钟)，具体频次详情：https://tushare.pro/document/1?doc_id=108。
2026-08-01 19:12:44,443 [ERROR] fetch_moneyflow_dc.py:378 20230930 处理失败: 抱歉，您访问接口(moneyflow_ind_dc)频率超限(500次/分钟)，具体频次详情：https://tushare.pro/document/1?doc_id=108。
2026-08-01 19:12:44,481 [ERROR] fetch_moneyflow_dc.py:170 获取 20231001~20231001 板块资金流向失败: 抱歉，您访问接口(moneyflow_ind_dc)频率超限(500次/分钟)，具体频次详情：https://tushare.pro/document/1?doc_id=108。
2026-08-01 19:12:44,482 [ERROR] fetch_moneyflow_dc.py:378 20231001 处理失败: 抱歉，您访问接口(moneyflow_ind_dc)频率超限(500次/分钟)，具体频次详情：https://tushare.pro/document/1?doc_id=108。
2026-08-01 19:12:44,487 [ERROR] fetch_moneyflow_dc.py:170 获取 20231002~20231002 板块资金流向失败: 抱歉，您访问接口(moneyflow_ind_dc)频率超限(500次/分钟)，具体频次详情：https://tushare.pro/document/1?doc_id=108。
2026-08-01 19:12:44,487 [ERROR] fetch_moneyflow_dc.py:378 20231002 处理失败: 抱歉，您访问接口(moneyflow_ind_dc)频率超限(500次/分钟)，具体频次详情：https://tushare.pro/document/1?doc_id=108。
2026-08-01 19:12:44,536 [ERROR] fetch_moneyflow_dc.py:170 获取 20231003~20231003 板块资金流向失败: 抱歉，您访问接口(moneyflow_ind_dc)频率超限(500次/分钟)，具体频次详情：https://tushare.pro/document/1?doc_id=108。
2026-08-01 19:12:44,536 [ERROR] fetch_moneyflow_dc.py:170 获取 20231004~20231004 板块资金流向失败: 抱歉，您访问接口(moneyflow_ind_dc)频率超限(500次/分钟)，具体频次详情：https://tushare.pro/document/1?doc_id=108。
2026-08-01 19:12:44,536 [ERROR] fetch_moneyflow_dc.py:378 20231003 处理失败: 抱歉，您访问接口(moneyflow_ind_dc)频率超限(500次/分钟)，具体频次详情：https://tushare.pro/document/1?doc_id=108。
2026-08-01 19:12:44,536 [ERROR] fetch_moneyflow_dc.py:378 20231004 处理失败: 抱歉，您访问接口(moneyflow_ind_dc)频率超限(500次/分钟)，具体频次详情：https://tushare.pro/document/1?doc_id=108。
2026-08-01 19:12:44,585 [ERROR] fetch_moneyflow_dc.py:170 获取 20231006~20231006 板块资金流向失败: 抱歉，您访问接口(moneyflow_ind_dc)频率超限(500次/分钟)，具体频次详情：https://tushare.pro/document/1?doc_id=108。
2026-08-01 19:12:44,586 [ERROR] fetch_moneyflow_dc.py:170 获取 20231005~20231005 板块资金流向失败: 抱歉，您访问接口(moneyflow_ind_dc)频率超限(500次/分钟)，具体频次详情：https://tushare.pro/document/1?doc_id=108。
2026-08-01 19:12:44,586 [ERROR] fetch_moneyflow_dc.py:378 20231006 处理失败: 抱歉，您访问接口(moneyflow_ind_dc)频率超限(500次/分钟)，具体频次详情：https://tushare.pro/document/1?doc_id=108。
2026-08-01 19:12:44,586 [ERROR] fetch_moneyflow_dc.py:378 20231005 处理失败: 抱歉，您访问接口(moneyflow_ind_dc)频率超限(500次/分钟)，具体频次详情：https://tushare.pro/document/1?doc_id=108。
2026-08-01 19:12:44,633 [ERROR] fetch_moneyflow_dc.py:170 获取 20231007~20231007 板块资金流向失败: 抱歉，您访问接口(moneyflow_ind_dc)频率超限(500次/分钟)，具体频次详情：https://tushare.pro/document/1?doc_id=108。
2026-08-01 19:12:44,633 [ERROR] fetch_moneyflow_dc.py:378 20231007 处理失败: 抱歉，您访问接口(moneyflow_ind_dc)频率超限(500次/分钟)，具体频次详情：https://tushare.pro/document/1?doc_id=108。
2026-08-01 19:12:44,635 [ERROR] fetch_moneyflow_dc.py:170 获取 20231008~20231008 板块资金流向失败: 抱歉，您访问接口(moneyflow_ind_dc)频率超限(500次/分钟)，具体频次详情：https://tushare.pro/document/1?doc_id=108。
2026-08-01 19:12:44,635 [ERROR] fetch_moneyflow_dc.py:378 20231008 处理失败: 抱歉，您访问接口(moneyflow_ind_dc)频率超限(500次/分钟)，具体频次详情：https://tushare.pro/document/1?doc_id=108。
2026-08-01 19:12:44,679 [ERROR] fetch_moneyflow_dc.py:170 获取 20231015~20231015 板块资金流向失败: 抱歉，您访问接口(moneyflow_ind_dc)频率超限(500次/分钟)，具体频次详情：https://tushare.pro/document/1?doc_id=108。
2026-08-01 19:12:44,679 [ERROR] fetch_moneyflow_dc.py:378 20231015 处理失败: 抱歉，您访问接口(moneyflow_ind_dc)频率超限(500次/分钟)，具体频次详情：https://tushare.pro/document/1?doc_id=108。
2026-08-01 19:12:44,683 [ERROR] fetch_moneyflow_dc.py:170 获取 20231014~20231014 板块资金流向失败: 抱歉，您访问接口(moneyflow_ind_dc)频率超限(500次/分钟)，具体频次详情：https://tushare.pro/document/1?doc_id=108。
2026-08-01 19:12:44,683 [ERROR] fetch_moneyflow_dc.py:378 20231014 处理失败: 抱歉，您访问接口(moneyflow_ind_dc)频率超限(500次/分钟)，具体频次详情：https://tushare.pro/document/1?doc_id=108。
2026-08-01 19:12:44,728 [ERROR] fetch_moneyflow_dc.py:170 获取 20231021~20231021 板块资金流向失败: 抱歉，您访问接口(moneyflow_ind_dc)频率超限(500次/分钟)，具体频次详情：https://tushare.pro/document/1?doc_id=108。
2026-08-01 19:12:44,728 [ERROR] fetch_moneyflow_dc.py:378 20231021 处理失败: 抱歉，您访问接口(moneyflow_ind_dc)频率超限(500次/分钟)，具体频次详情：https://tushare.pro/document/1?doc_id=108。
2026-08-01 19:12:44,735 [ERROR] fetch_moneyflow_dc.py:170 获取 20231022~20231022 板块资金流向失败: 抱歉，您访问接口(moneyflow_ind_dc)频率超限(500次/分钟)，具体频次详情：https://tushare.pro/document/1?doc_id=108。
2026-08-01 19:12:44,735 [ERROR] fetch_moneyflow_dc.py:378 20231022 处理失败: 抱歉，您访问接口(moneyflow_ind_dc)频率超限(500次/分钟)，具体频次详情：https://tushare.pro/document/1?doc_id=108。
2026-08-01 19:12:44,773 [ERROR] fetch_moneyflow_dc.py:170 获取 20231028~20231028 板块资金流向失败: 抱歉，您访问接口(moneyflow_ind_dc)频率超限(500次/分钟)，具体频次详情：https://tushare.pro/document/1?doc_id=108。
2026-08-01 19:12:44,773 [ERROR] fetch_moneyflow_dc.py:378 20231028 处理失败: 抱歉，您访问接口(moneyflow_ind_dc)频率超限(500次/分钟)，具体频次详情：https://tushare.pro/document/1?doc_id=108。
2026-08-01 19:12:44,782 [ERROR] fetch_moneyflow_dc.py:170 获取 20231029~20231029 板块资金流向失败: 抱歉，您访问接口(moneyflow_ind_dc)频率超限(500次/分钟)，具体频次详情：https://tushare.pro/document/1?doc_id=108。
2026-08-01 19:12:44,782 [ERROR] fetch_moneyflow_dc.py:378 20231029 处理失败: 抱歉，您访问接口(moneyflow_ind_dc)频率超限(500次/分钟)，具体频次详情：https://tushare.pro/document/1?doc_id=108。
2026-08-01 19:12:44,821 [ERROR] fetch_moneyflow_dc.py:170 获取 20231104~20231104 板块资金流向失败: 抱歉，您访问接口(moneyflow_ind_dc)频率超限(500次/分钟)，具体频次详情：https://tushare.pro/document/1?doc_id=108。
2026-08-01 19:12:44,822 [ERROR] fetch_moneyflow_dc.py:378 20231104 处理失败: 抱歉，您访问接口(moneyflow_ind_dc)频率超限(500次/分钟)，具体频次详情：https://tushare.pro/document/1?doc_id=108。
2026-08-01 19:12:44,832 [ERROR] fetch_moneyflow_dc.py:170 获取 20231105~20231105 板块资金流向失败: 抱歉，您访问接口(moneyflow_ind_dc)频率超限(500次/分钟)，具体频次详情：https://tushare.pro/document/1?doc_id=108。
2026-08-01 19:12:44,832 [ERROR] fetch_moneyflow_dc.py:378 20231105 处理失败: 抱歉，您访问接口(moneyflow_ind_dc)频率超限(500次/分钟)，具体频次详情：https://tushare.pro/document/1?doc_id=108。
2026-08-01 19:12:44,867 [ERROR] fetch_moneyflow_dc.py:170 获取 20231111~20231111 板块资金流向失败: 抱歉，您访问接口(moneyflow_ind_dc)频率超限(500次/分钟)，具体频次详情：https://tushare.pro/document/1?doc_id=108。
2026-08-01 19:12:44,867 [ERROR] fetch_moneyflow_dc.py:378 20231111 处理失败: 抱歉，您访问接口(moneyflow_ind_dc)频率超限(500次/分钟)，具体频次详情：https://tushare.pro/document/1?doc_id=108。
2026-08-01 19:12:44,878 [ERROR] fetch_moneyflow_dc.py:170 获取 20231112~20231112 板块资金流向失败: 抱歉，您访问接口(moneyflow_ind_dc)频率超限(500次/分钟)，具体频次详情：https://tushare.pro/document/1?doc_id=108。
2026-08-01 19:12:44,878 [ERROR] fetch_moneyflow_dc.py:378 20231112 处理失败: 抱歉，您访问接口(moneyflow_ind_dc)频率超限(500次/分钟)，具体频次详情：https://tushare.pro/document/1?doc_id=108。
2026-08-01 19:12:44,927 [ERROR] fetch_moneyflow_dc.py:170 获取 20231119~20231119 板块资金流向失败: 抱歉，您访问接口(moneyflow_ind_dc)频率超限(500次/分钟)，具体频次详情：https://tushare.pro/document/1?doc_id=108。
2026-08-01 19:12:44,927 [ERROR] fetch_moneyflow_dc.py:378 20231119 处理失败: 抱歉，您访问接口(moneyflow_ind_dc)频率超限(500次/分钟)，具体频次详情：https://tushare.pro/document/1?doc_id=108。
2026-08-01 19:12:44,939 [ERROR] fetch_moneyflow_dc.py:170 获取 20231118~20231118 板块资金流向失败: 抱歉，您访问接口(moneyflow_ind_dc)频率超限(500次/分钟)，具体频次详情：https://tushare.pro/document/1?doc_id=108。
2026-08-01 19:12:44,939 [ERROR] fetch_moneyflow_dc.py:378 20231118 处理失败: 抱歉，您访问接口(moneyflow_ind_dc)频率超限(500次/分钟)，具体频次详情：https://tushare.pro/document/1?doc_id=108。
2026-08-01 19:12:44,977 [ERROR] fetch_moneyflow_dc.py:170 获取 20231125~20231125 板块资金流向失败: 抱歉，您访问接口(moneyflow_ind_dc)频率超限(500次/分钟)，具体频次详情：https://tushare.pro/document/1?doc_id=108。
2026-08-01 19:12:44,977 [ERROR] fetch_moneyflow_dc.py:378 20231125 处理失败: 抱歉，您访问接口(moneyflow_ind_dc)频率超限(500次/分钟)，具体频次详情：https://tushare.pro/document/1?doc_id=108。
2026-08-01 19:12:44,989 [ERROR] fetch_moneyflow_dc.py:170 获取 20231126~20231126 板块资金流向失败: 抱歉，您访问接口(moneyflow_ind_dc)频率超限(500次/分钟)，具体频次详情：https://tushare.pro/document/1?doc_id=108。
2026-08-01 19:12:44,990 [ERROR] fetch_moneyflow_dc.py:378 20231126 处理失败: 抱歉，您访问接口(moneyflow_ind_dc)频率超限(500次/分钟)，具体频次详情：https://tushare.pro/document/1?doc_id=108。
2026-08-01 19:12:45,026 [ERROR] fetch_moneyflow_dc.py:170 获取 20231202~20231202 板块资金流向失败: 抱歉，您访问接口(moneyflow_ind_dc)频率超限(500次/分钟)，具体频次详情：https://tushare.pro/document/1?doc_id=108。
2026-08-01 19:12:45,026 [ERROR] fetch_moneyflow_dc.py:378 20231202 处理失败: 抱歉，您访问接口(moneyflow_ind_dc)频率超限(500次/分钟)，具体频次详情：https://tushare.pro/document/1?doc_id=108。
2026-08-01 19:12:45,035 [ERROR] fetch_moneyflow_dc.py:170 获取 20231203~20231203 板块资金流向失败: 抱歉，您访问接口(moneyflow_ind_dc)频率超限(500次/分钟)，具体频次详情：https://tushare.pro/document/1?doc_id=108。
2026-08-01 19:12:45,036 [ERROR] fetch_moneyflow_dc.py:378 20231203 处理失败: 抱歉，您访问接口(moneyflow_ind_dc)频率超限(500次/分钟)，具体频次详情：https://tushare.pro/document/1?doc_id=108。
2026-08-01 19:12:45,075 [ERROR] fetch_moneyflow_dc.py:170 获取 20231209~20231209 板块资金流向失败: 抱歉，您访问接口(moneyflow_ind_dc)频率超限(500次/分钟)，具体频次详情：https://tushare.pro/document/1?doc_id=108。
2026-08-01 19:12:45,076 [ERROR] fetch_moneyflow_dc.py:378 20231209 处理失败: 抱歉，您访问接口(moneyflow_ind_dc)频率超限(500次/分钟)，具体频次详情：https://tushare.pro/document/1?doc_id=108。
2026-08-01 19:12:45,082 [ERROR] fetch_moneyflow_dc.py:170 获取 20231210~20231210 板块资金流向失败: 抱歉，您访问接口(moneyflow_ind_dc)频率超限(500次/分钟)，具体频次详情：https://tushare.pro/document/1?doc_id=108。
2026-08-01 19:12:45,082 [ERROR] fetch_moneyflow_dc.py:378 20231210 处理失败: 抱歉，您访问接口(moneyflow_ind_dc)频率超限(500次/分钟)，具体频次详情：https://tushare.pro/document/1?doc_id=108。
2026-08-01 19:12:45,126 [ERROR] fetch_moneyflow_dc.py:170 获取 20231216~20231216 板块资金流向失败: 抱歉，您访问接口(moneyflow_ind_dc)频率超限(500次/分钟)，具体频次详情：https://tushare.pro/document/1?doc_id=108。
2026-08-01 19:12:45,127 [ERROR] fetch_moneyflow_dc.py:378 20231216 处理失败: 抱歉，您访问接口(moneyflow_ind_dc)频率超限(500次/分钟)，具体频次详情：https://tushare.pro/document/1?doc_id=108。
2026-08-01 19:12:45,131 [ERROR] fetch_moneyflow_dc.py:170 获取 20231217~20231217 板块资金流向失败: 抱歉，您访问接口(moneyflow_ind_dc)频率超限(500次/分钟)，具体频次详情：https://tushare.pro/document/1?doc_id=108。
2026-08-01 19:12:45,131 [ERROR] fetch_moneyflow_dc.py:378 20231217 处理失败: 抱歉，您访问接口(moneyflow_ind_dc)频率超限(500次/分钟)，具体频次详情：https://tushare.pro/document/1?doc_id=108。
2026-08-01 19:12:45,175 [ERROR] fetch_moneyflow_dc.py:170 获取 20231223~20231223 板块资金流向失败: 抱歉，您访问接口(moneyflow_ind_dc)频率超限(500次/分钟)，具体频次详情：https://tushare.pro/document/1?doc_id=108。
2026-08-01 19:12:45,176 [ERROR] fetch_moneyflow_dc.py:378 20231223 处理失败: 抱歉，您访问接口(moneyflow_ind_dc)频率超限(500次/分钟)，具体频次详情：https://tushare.pro/document/1?doc_id=108。
2026-08-01 19:12:45,181 [ERROR] fetch_moneyflow_dc.py:170 获取 20231224~20231224 板块资金流向失败: 抱歉，您访问接口(moneyflow_ind_dc)频率超限(500次/分钟)，具体频次详情：https://tushare.pro/document/1?doc_id=108。
2026-08-01 19:12:45,181 [ERROR] fetch_moneyflow_dc.py:378 20231224 处理失败: 抱歉，您访问接口(moneyflow_ind_dc)频率超限(500次/分钟)，具体频次详情：https://tushare.pro/document/1?doc_id=108。
2026-08-01 19:12:45,223 [ERROR] fetch_moneyflow_dc.py:170 获取 20231230~20231230 板块资金流向失败: 抱歉，您访问接口(moneyflow_ind_dc)频率超限(500次/分钟)，具体频次详情：https://tushare.pro/document/1?doc_id=108。
2026-08-01 19:12:45,223 [ERROR] fetch_moneyflow_dc.py:378 20231230 处理失败: 抱歉，您访问接口(moneyflow_ind_dc)频率超限(500次/分钟)，具体频次详情：https://tushare.pro/document/1?doc_id=108。
2026-08-01 19:12:45,227 [ERROR] fetch_moneyflow_dc.py:170 获取 20231231~20231231 板块资金流向失败: 抱歉，您访问接口(moneyflow_ind_dc)频率超限(500次/分钟)，具体频次详情：https://tushare.pro/document/1?doc_id=108。
2026-08-01 19:12:45,227 [ERROR] fetch_moneyflow_dc.py:378 20231231 处理失败: 抱歉，您访问接口(moneyflow_ind_dc)频率超限(500次/分钟)，具体频次详情：https://tushare.pro/document/1?doc_id=108。
2026-08-01 19:12:45,272 [ERROR] fetch_moneyflow_dc.py:170 获取 20240106~20240106 板块资金流向失败: 抱歉，您访问接口(moneyflow_ind_dc)频率超限(500次/分钟)，具体频次详情：https://tushare.pro/document/1?doc_id=108。
2026-08-01 19:12:45,273 [ERROR] fetch_moneyflow_dc.py:170 获取 20240101~20240101 板块资金流向失败: 抱歉，您访问接口(moneyflow_ind_dc)频率超限(500次/分钟)，具体频次详情：https://tushare.pro/document/1?doc_id=108。
2026-08-01 19:12:45,273 [ERROR] fetch_moneyflow_dc.py:378 20240106 处理失败: 抱歉，您访问接口(moneyflow_ind_dc)频率超限(500次/分钟)，具体频次详情：https://tushare.pro/document/1?doc_id=108。
2026-08-01 19:12:45,273 [ERROR] fetch_moneyflow_dc.py:378 20240101 处理失败: 抱歉，您访问接口(moneyflow_ind_dc)频率超限(500次/分钟)，具体频次详情：https://tushare.pro/document/1?doc_id=108。
2026-08-01 19:12:45,320 [ERROR] fetch_moneyflow_dc.py:170 获取 20240113~20240113 板块资金流向失败: 抱歉，您访问接口(moneyflow_ind_dc)频率超限(500次/分钟)，具体频次详情：https://tushare.pro/document/1?doc_id=108。
2026-08-01 19:12:45,321 [ERROR] fetch_moneyflow_dc.py:378 20240113 处理失败: 抱歉，您访问接口(moneyflow_ind_dc)频率超限(500次/分钟)，具体频次详情：https://tushare.pro/document/1?doc_id=108。
2026-08-01 19:12:45,322 [ERROR] fetch_moneyflow_dc.py:170 获取 20240107~20240107 板块资金流向失败: 抱歉，您访问接口(moneyflow_ind_dc)频率超限(500次/分钟)，具体频次详情：https://tushare.pro/document/1?doc_id=108。
2026-08-01 19:12:45,322 [ERROR] fetch_moneyflow_dc.py:378 20240107 处理失败: 抱歉，您访问接口(moneyflow_ind_dc)频率超限(500次/分钟)，具体频次详情：https://tushare.pro/document/1?doc_id=108。
2026-08-01 19:12:45,367 [ERROR] fetch_moneyflow_dc.py:170 获取 20240114~20240114 板块资金流向失败: 抱歉，您访问接口(moneyflow_ind_dc)频率超限(500次/分钟)，具体频次详情：https://tushare.pro/document/1?doc_id=108。
2026-08-01 19:12:45,367 [ERROR] fetch_moneyflow_dc.py:378 20240114 处理失败: 抱歉，您访问接口(moneyflow_ind_dc)频率超限(500次/分钟)，具体频次详情：https://tushare.pro/document/1?doc_id=108。
2026-08-01 19:12:45,373 [ERROR] fetch_moneyflow_dc.py:170 获取 20240120~20240120 板块资金流向失败: 抱歉，您访问接口(moneyflow_ind_dc)频率超限(500次/分钟)，具体频次详情：https://tushare.pro/document/1?doc_id=108。
2026-08-01 19:12:45,373 [ERROR] fetch_moneyflow_dc.py:378 20240120 处理失败: 抱歉，您访问接口(moneyflow_ind_dc)频率超限(500次/分钟)，具体频次详情：https://tushare.pro/document/1?doc_id=108。
2026-08-01 19:12:45,415 [ERROR] fetch_moneyflow_dc.py:170 获取 20240121~20240121 板块资金流向失败: 抱歉，您访问接口(moneyflow_ind_dc)频率超限(500次/分钟)，具体频次详情：https://tushare.pro/document/1?doc_id=108。
2026-08-01 19:12:45,415 [ERROR] fetch_moneyflow_dc.py:378 20240121 处理失败: 抱歉，您访问接口(moneyflow_ind_dc)频率超限(500次/分钟)，具体频次详情：https://tushare.pro/document/1?doc_id=108。
2026-08-01 19:12:45,421 [ERROR] fetch_moneyflow_dc.py:170 获取 20240127~20240127 板块资金流向失败: 抱歉，您访问接口(moneyflow_ind_dc)频率超限(500次/分钟)，具体频次详情：https://tushare.pro/document/1?doc_id=108。
2026-08-01 19:12:45,421 [ERROR] fetch_moneyflow_dc.py:378 20240127 处理失败: 抱歉，您访问接口(moneyflow_ind_dc)频率超限(500次/分钟)，具体频次详情：https://tushare.pro/document/1?doc_id=108。
2026-08-01 19:12:45,462 [ERROR] fetch_moneyflow_dc.py:170 获取 20240128~20240128 板块资金流向失败: 抱歉，您访问接口(moneyflow_ind_dc)频率超限(500次/分钟)，具体频次详情：https://tushare.pro/document/1?doc_id=108。
2026-08-01 19:12:45,462 [ERROR] fetch_moneyflow_dc.py:378 20240128 处理失败: 抱歉，您访问接口(moneyflow_ind_dc)频率超限(500次/分钟)，具体频次详情：https://tushare.pro/document/1?doc_id=108。
2026-08-01 19:12:45,465 [ERROR] fetch_moneyflow_dc.py:170 获取 20240203~20240203 板块资金流向失败: 抱歉，您访问接口(moneyflow_ind_dc)频率超限(500次/分钟)，具体频次详情：https://tushare.pro/document/1?doc_id=108。
2026-08-01 19:12:45,465 [ERROR] fetch_moneyflow_dc.py:378 20240203 处理失败: 抱歉，您访问接口(moneyflow_ind_dc)频率超限(500次/分钟)，具体频次详情：https://tushare.pro/document/1?doc_id=108。
2026-08-01 19:12:45,508 [ERROR] fetch_moneyflow_dc.py:170 获取 20240204~20240204 板块资金流向失败: 抱歉，您访问接口(moneyflow_ind_dc)频率超限(500次/分钟)，具体频次详情：https://tushare.pro/document/1?doc_id=108。
2026-08-01 19:12:45,509 [ERROR] fetch_moneyflow_dc.py:378 20240204 处理失败: 抱歉，您访问接口(moneyflow_ind_dc)频率超限(500次/分钟)，具体频次详情：https://tushare.pro/document/1?doc_id=108。
2026-08-01 19:12:45,512 [ERROR] fetch_moneyflow_dc.py:170 获取 20240209~20240209 板块资金流向失败: 抱歉，您访问接口(moneyflow_ind_dc)频率超限(500次/分钟)，具体频次详情：https://tushare.pro/document/1?doc_id=108。
2026-08-01 19:12:45,513 [ERROR] fetch_moneyflow_dc.py:378 20240209 处理失败: 抱歉，您访问接口(moneyflow_ind_dc)频率超限(500次/分钟)，具体频次详情：https://tushare.pro/document/1?doc_id=108。
2026-08-01 19:12:45,556 [ERROR] fetch_moneyflow_dc.py:170 获取 20240210~20240210 板块资金流向失败: 抱歉，您访问接口(moneyflow_ind_dc)频率超限(500次/分钟)，具体频次详情：https://tushare.pro/document/1?doc_id=108。
2026-08-01 19:12:45,556 [ERROR] fetch_moneyflow_dc.py:378 20240210 处理失败: 抱歉，您访问接口(moneyflow_ind_dc)频率超限(500次/分钟)，具体频次详情：https://tushare.pro/document/1?doc_id=108。
2026-08-01 19:12:45,561 [ERROR] fetch_moneyflow_dc.py:170 获取 20240211~20240211 板块资金流向失败: 抱歉，您访问接口(moneyflow_ind_dc)频率超限(500次/分钟)，具体频次详情：https://tushare.pro/document/1?doc_id=108。
2026-08-01 19:12:45,561 [ERROR] fetch_moneyflow_dc.py:378 20240211 处理失败: 抱歉，您访问接口(moneyflow_ind_dc)频率超限(500次/分钟)，具体频次详情：https://tushare.pro/document/1?doc_id=108。
2026-08-01 19:12:45,605 [ERROR] fetch_moneyflow_dc.py:170 获取 20240212~20240212 板块资金流向失败: 抱歉，您访问接口(moneyflow_ind_dc)频率超限(500次/分钟)，具体频次详情：https://tushare.pro/document/1?doc_id=108。
2026-08-01 19:12:45,605 [ERROR] fetch_moneyflow_dc.py:378 20240212 处理失败: 抱歉，您访问接口(moneyflow_ind_dc)频率超限(500次/分钟)，具体频次详情：https://tushare.pro/document/1?doc_id=108。
2026-08-01 19:12:45,613 [ERROR] fetch_moneyflow_dc.py:170 获取 20240213~20240213 板块资金流向失败: 抱歉，您访问接口(moneyflow_ind_dc)频率超限(500次/分钟)，具体频次详情：https://tushare.pro/document/1?doc_id=108。
2026-08-01 19:12:45,613 [ERROR] fetch_moneyflow_dc.py:378 20240213 处理失败: 抱歉，您访问接口(moneyflow_ind_dc)频率超限(500次/分钟)，具体频次详情：https://tushare.pro/document/1?doc_id=108。
2026-08-01 19:12:45,655 [ERROR] fetch_moneyflow_dc.py:170 获取 20240214~20240214 板块资金流向失败: 抱歉，您访问接口(moneyflow_ind_dc)频率超限(500次/分钟)，具体频次详情：https://tushare.pro/document/1?doc_id=108。
2026-08-01 19:12:45,655 [ERROR] fetch_moneyflow_dc.py:378 20240214 处理失败: 抱歉，您访问接口(moneyflow_ind_dc)频率超限(500次/分钟)，具体频次详情：https://tushare.pro/document/1?doc_id=108。
2026-08-01 19:12:45,667 [ERROR] fetch_moneyflow_dc.py:170 获取 20240215~20240215 板块资金流向失败: 抱歉，您访问接口(moneyflow_ind_dc)频率超限(500次/分钟)，具体频次详情：https://tushare.pro/document/1?doc_id=108。
2026-08-01 19:12:45,668 [ERROR] fetch_moneyflow_dc.py:378 20240215 处理失败: 抱歉，您访问接口(moneyflow_ind_dc)频率超限(500次/分钟)，具体频次详情：https://tushare.pro/document/1?doc_id=108。
2026-08-01 19:12:45,702 [ERROR] fetch_moneyflow_dc.py:170 获取 20240216~20240216 板块资金流向失败: 抱歉，您访问接口(moneyflow_ind_dc)频率超限(500次/分钟)，具体频次详情：https://tushare.pro/document/1?doc_id=108。
2026-08-01 19:12:45,703 [ERROR] fetch_moneyflow_dc.py:378 20240216 处理失败: 抱歉，您访问接口(moneyflow_ind_dc)频率超限(500次/分钟)，具体频次详情：https://tushare.pro/document/1?doc_id=108。
2026-08-01 19:12:45,718 [ERROR] fetch_moneyflow_dc.py:170 获取 20240217~20240217 板块资金流向失败: 抱歉，您访问接口(moneyflow_ind_dc)频率超限(500次/分钟)，具体频次详情：https://tushare.pro/document/1?doc_id=108。
2026-08-01 19:12:45,718 [ERROR] fetch_moneyflow_dc.py:378 20240217 处理失败: 抱歉，您访问接口(moneyflow_ind_dc)频率超限(500次/分钟)，具体频次详情：https://tushare.pro/document/1?doc_id=108。
2026-08-01 19:12:45,755 [ERROR] fetch_moneyflow_dc.py:170 获取 20240218~20240218 板块资金流向失败: 抱歉，您访问接口(moneyflow_ind_dc)频率超限(500次/分钟)，具体频次详情：https://tushare.pro/document/1?doc_id=108。
2026-08-01 19:12:45,755 [ERROR] fetch_moneyflow_dc.py:378 20240218 处理失败: 抱歉，您访问接口(moneyflow_ind_dc)频率超限(500次/分钟)，具体频次详情：https://tushare.pro/document/1?doc_id=108。
2026-08-01 19:12:45,763 [ERROR] fetch_moneyflow_dc.py:170 获取 20240224~20240224 板块资金流向失败: 抱歉，您访问接口(moneyflow_ind_dc)频率超限(500次/分钟)，具体频次详情：https://tushare.pro/document/1?doc_id=108。
2026-08-01 19:12:45,764 [ERROR] fetch_moneyflow_dc.py:378 20240224 处理失败: 抱歉，您访问接口(moneyflow_ind_dc)频率超限(500次/分钟)，具体频次详情：https://tushare.pro/document/1?doc_id=108。
2026-08-01 19:12:45,803 [ERROR] fetch_moneyflow_dc.py:170 获取 20240225~20240225 板块资金流向失败: 抱歉，您访问接口(moneyflow_ind_dc)频率超限(500次/分钟)，具体频次详情：https://tushare.pro/document/1?doc_id=108。
2026-08-01 19:12:45,803 [ERROR] fetch_moneyflow_dc.py:378 20240225 处理失败: 抱歉，您访问接口(moneyflow_ind_dc)频率超限(500次/分钟)，具体频次详情：https://tushare.pro/document/1?doc_id=108。
2026-08-01 19:12:45,808 [ERROR] fetch_moneyflow_dc.py:170 获取 20240302~20240302 板块资金流向失败: 抱歉，您访问接口(moneyflow_ind_dc)频率超限(500次/分钟)，具体频次详情：https://tushare.pro/document/1?doc_id=108。
2026-08-01 19:12:45,808 [ERROR] fetch_moneyflow_dc.py:378 20240302 处理失败: 抱歉，您访问接口(moneyflow_ind_dc)频率超限(500次/分钟)，具体频次详情：https://tushare.pro/document/1?doc_id=108。
2026-08-01 19:12:45,854 [ERROR] fetch_moneyflow_dc.py:170 获取 20240303~20240303 板块资金流向失败: 抱歉，您访问接口(moneyflow_ind_dc)频率超限(500次/分钟)，具体频次详情：https://tushare.pro/document/1?doc_id=108。
2026-08-01 19:12:45,854 [ERROR] fetch_moneyflow_dc.py:378 20240303 处理失败: 抱歉，您访问接口(moneyflow_ind_dc)频率超限(500次/分钟)，具体频次详情：https://tushare.pro/document/1?doc_id=108。
2026-08-01 19:12:45,855 [ERROR] fetch_moneyflow_dc.py:170 获取 20240309~20240309 板块资金流向失败: 抱歉，您访问接口(moneyflow_ind_dc)频率超限(500次/分钟)，具体频次详情：https://tushare.pro/document/1?doc_id=108。
2026-08-01 19:12:45,855 [ERROR] fetch_moneyflow_dc.py:378 20240309 处理失败: 抱歉，您访问接口(moneyflow_ind_dc)频率超限(500次/分钟)，具体频次详情：https://tushare.pro/document/1?doc_id=108。
2026-08-01 19:12:45,900 [ERROR] fetch_moneyflow_dc.py:170 获取 20240316~20240316 板块资金流向失败: 抱歉，您访问接口(moneyflow_ind_dc)频率超限(500次/分钟)，具体频次详情：https://tushare.pro/document/1?doc_id=108。
2026-08-01 19:12:45,900 [ERROR] fetch_moneyflow_dc.py:378 20240316 处理失败: 抱歉，您访问接口(moneyflow_ind_dc)频率超限(500次/分钟)，具体频次详情：https://tushare.pro/document/1?doc_id=108。
2026-08-01 19:12:45,904 [ERROR] fetch_moneyflow_dc.py:170 获取 20240310~20240310 板块资金流向失败: 抱歉，您访问接口(moneyflow_ind_dc)频率超限(500次/分钟)，具体频次详情：https://tushare.pro/document/1?doc_id=108。
2026-08-01 19:12:45,904 [ERROR] fetch_moneyflow_dc.py:378 20240310 处理失败: 抱歉，您访问接口(moneyflow_ind_dc)频率超限(500次/分钟)，具体频次详情：https://tushare.pro/document/1?doc_id=108。
2026-08-01 19:12:45,948 [ERROR] fetch_moneyflow_dc.py:170 获取 20240317~20240317 板块资金流向失败: 抱歉，您访问接口(moneyflow_ind_dc)频率超限(500次/分钟)，具体频次详情：https://tushare.pro/document/1?doc_id=108。
2026-08-01 19:12:45,948 [ERROR] fetch_moneyflow_dc.py:378 20240317 处理失败: 抱歉，您访问接口(moneyflow_ind_dc)频率超限(500次/分钟)，具体频次详情：https://tushare.pro/document/1?doc_id=108。
2026-08-01 19:12:45,950 [ERROR] fetch_moneyflow_dc.py:170 获取 20240323~20240323 板块资金流向失败: 抱歉，您访问接口(moneyflow_ind_dc)频率超限(500次/分钟)，具体频次详情：https://tushare.pro/document/1?doc_id=108。
2026-08-01 19:12:45,951 [ERROR] fetch_moneyflow_dc.py:378 20240323 处理失败: 抱歉，您访问接口(moneyflow_ind_dc)频率超限(500次/分钟)，具体频次详情：https://tushare.pro/document/1?doc_id=108。
2026-08-01 19:12:45,995 [ERROR] fetch_moneyflow_dc.py:170 获取 20240324~20240324 板块资金流向失败: 抱歉，您访问接口(moneyflow_ind_dc)频率超限(500次/分钟)，具体频次详情：https://tushare.pro/document/1?doc_id=108。
2026-08-01 19:12:45,995 [ERROR] fetch_moneyflow_dc.py:378 20240324 处理失败: 抱歉，您访问接口(moneyflow_ind_dc)频率超限(500次/分钟)，具体频次详情：https://tushare.pro/document/1?doc_id=108。
2026-08-01 19:12:45,997 [ERROR] fetch_moneyflow_dc.py:170 获取 20240330~20240330 板块资金流向失败: 抱歉，您访问接口(moneyflow_ind_dc)频率超限(500次/分钟)，具体频次详情：https://tushare.pro/document/1?doc_id=108。
2026-08-01 19:12:45,997 [ERROR] fetch_moneyflow_dc.py:378 20240330 处理失败: 抱歉，您访问接口(moneyflow_ind_dc)频率超限(500次/分钟)，具体频次详情：https://tushare.pro/document/1?doc_id=108。
2026-08-01 19:12:46,043 [ERROR] fetch_moneyflow_dc.py:170 获取 20240331~20240331 板块资金流向失败: 抱歉，您访问接口(moneyflow_ind_dc)频率超限(500次/分钟)，具体频次详情：https://tushare.pro/document/1?doc_id=108。
2026-08-01 19:12:46,044 [ERROR] fetch_moneyflow_dc.py:378 20240331 处理失败: 抱歉，您访问接口(moneyflow_ind_dc)频率超限(500次/分钟)，具体频次详情：https://tushare.pro/document/1?doc_id=108。
2026-08-01 19:12:46,051 [ERROR] fetch_moneyflow_dc.py:170 获取 20240404~20240404 板块资金流向失败: 抱歉，您访问接口(moneyflow_ind_dc)频率超限(500次/分钟)，具体频次详情：https://tushare.pro/document/1?doc_id=108。
2026-08-01 19:12:46,051 [ERROR] fetch_moneyflow_dc.py:378 20240404 处理失败: 抱歉，您访问接口(moneyflow_ind_dc)频率超限(500次/分钟)，具体频次详情：https://tushare.pro/document/1?doc_id=108。
2026-08-01 19:12:46,094 [ERROR] fetch_moneyflow_dc.py:170 获取 20240405~20240405 板块资金流向失败: 抱歉，您访问接口(moneyflow_ind_dc)频率超限(500次/分钟)，具体频次详情：https://tushare.pro/document/1?doc_id=108。
2026-08-01 19:12:46,094 [ERROR] fetch_moneyflow_dc.py:378 20240405 处理失败: 抱歉，您访问接口(moneyflow_ind_dc)频率超限(500次/分钟)，具体频次详情：https://tushare.pro/document/1?doc_id=108。
2026-08-01 19:12:46,102 [ERROR] fetch_moneyflow_dc.py:170 获取 20240406~20240406 板块资金流向失败: 抱歉，您访问接口(moneyflow_ind_dc)频率超限(500次/分钟)，具体频次详情：https://tushare.pro/document/1?doc_id=108。
2026-08-01 19:12:46,103 [ERROR] fetch_moneyflow_dc.py:378 20240406 处理失败: 抱歉，您访问接口(moneyflow_ind_dc)频率超限(500次/分钟)，具体频次详情：https://tushare.pro/document/1?doc_id=108。
2026-08-01 19:12:46,145 [ERROR] fetch_moneyflow_dc.py:170 获取 20240407~20240407 板块资金流向失败: 抱歉，您访问接口(moneyflow_ind_dc)频率超限(500次/分钟)，具体频次详情：https://tushare.pro/document/1?doc_id=108。
2026-08-01 19:12:46,145 [ERROR] fetch_moneyflow_dc.py:378 20240407 处理失败: 抱歉，您访问接口(moneyflow_ind_dc)频率超限(500次/分钟)，具体频次详情：https://tushare.pro/document/1?doc_id=108。
2026-08-01 19:12:46,152 [ERROR] fetch_moneyflow_dc.py:170 获取 20240413~20240413 板块资金流向失败: 抱歉，您访问接口(moneyflow_ind_dc)频率超限(500次/分钟)，具体频次详情：https://tushare.pro/document/1?doc_id=108。
2026-08-01 19:12:46,152 [ERROR] fetch_moneyflow_dc.py:378 20240413 处理失败: 抱歉，您访问接口(moneyflow_ind_dc)频率超限(500次/分钟)，具体频次详情：https://tushare.pro/document/1?doc_id=108。
2026-08-01 19:12:46,191 [ERROR] fetch_moneyflow_dc.py:170 获取 20240414~20240414 板块资金流向失败: 抱歉，您访问接口(moneyflow_ind_dc)频率超限(500次/分钟)，具体频次详情：https://tushare.pro/document/1?doc_id=108。
2026-08-01 19:12:46,191 [ERROR] fetch_moneyflow_dc.py:378 20240414 处理失败: 抱歉，您访问接口(moneyflow_ind_dc)频率超限(500次/分钟)，具体频次详情：https://tushare.pro/document/1?doc_id=108。
2026-08-01 19:12:46,196 [ERROR] fetch_moneyflow_dc.py:170 获取 20240420~20240420 板块资金流向失败: 抱歉，您访问接口(moneyflow_ind_dc)频率超限(500次/分钟)，具体频次详情：https://tushare.pro/document/1?doc_id=108。
2026-08-01 19:12:46,196 [ERROR] fetch_moneyflow_dc.py:378 20240420 处理失败: 抱歉，您访问接口(moneyflow_ind_dc)频率超限(500次/分钟)，具体频次详情：https://tushare.pro/document/1?doc_id=108。
2026-08-01 19:12:46,238 [ERROR] fetch_moneyflow_dc.py:170 获取 20240421~20240421 板块资金流向失败: 抱歉，您访问接口(moneyflow_ind_dc)频率超限(500次/分钟)，具体频次详情：https://tushare.pro/document/1?doc_id=108。
2026-08-01 19:12:46,239 [ERROR] fetch_moneyflow_dc.py:378 20240421 处理失败: 抱歉，您访问接口(moneyflow_ind_dc)频率超限(500次/分钟)，具体频次详情：https://tushare.pro/document/1?doc_id=108。
2026-08-01 19:12:46,241 [ERROR] fetch_moneyflow_dc.py:170 获取 20240427~20240427 板块资金流向失败: 抱歉，您访问接口(moneyflow_ind_dc)频率超限(500次/分钟)，具体频次详情：https://tushare.pro/document/1?doc_id=108。
2026-08-01 19:12:46,242 [ERROR] fetch_moneyflow_dc.py:378 20240427 处理失败: 抱歉，您访问接口(moneyflow_ind_dc)频率超限(500次/分钟)，具体频次详情：https://tushare.pro/document/1?doc_id=108。
2026-08-01 19:12:46,285 [ERROR] fetch_moneyflow_dc.py:170 获取 20240428~20240428 板块资金流向失败: 抱歉，您访问接口(moneyflow_ind_dc)频率超限(500次/分钟)，具体频次详情：https://tushare.pro/document/1?doc_id=108。
2026-08-01 19:12:46,285 [ERROR] fetch_moneyflow_dc.py:378 20240428 处理失败: 抱歉，您访问接口(moneyflow_ind_dc)频率超限(500次/分钟)，具体频次详情：https://tushare.pro/document/1?doc_id=108。
2026-08-01 19:12:46,288 [ERROR] fetch_moneyflow_dc.py:170 获取 20240501~20240501 板块资金流向失败: 抱歉，您访问接口(moneyflow_ind_dc)频率超限(500次/分钟)，具体频次详情：https://tushare.pro/document/1?doc_id=108。
2026-08-01 19:12:46,288 [ERROR] fetch_moneyflow_dc.py:378 20240501 处理失败: 抱歉，您访问接口(moneyflow_ind_dc)频率超限(500次/分钟)，具体频次详情：https://tushare.pro/document/1?doc_id=108。
2026-08-01 19:12:46,333 [ERROR] fetch_moneyflow_dc.py:170 获取 20240502~20240502 板块资金流向失败: 抱歉，您访问接口(moneyflow_ind_dc)频率超限(500次/分钟)，具体频次详情：https://tushare.pro/document/1?doc_id=108。
2026-08-01 19:12:46,333 [ERROR] fetch_moneyflow_dc.py:378 20240502 处理失败: 抱歉，您访问接口(moneyflow_ind_dc)频率超限(500次/分钟)，具体频次详情：https://tushare.pro/document/1?doc_id=108。
2026-08-01 19:12:46,335 [ERROR] fetch_moneyflow_dc.py:170 获取 20240503~20240503 板块资金流向失败: 抱歉，您访问接口(moneyflow_ind_dc)频率超限(500次/分钟)，具体频次详情：https://tushare.pro/document/1?doc_id=108。
2026-08-01 19:12:46,335 [ERROR] fetch_moneyflow_dc.py:378 20240503 处理失败: 抱歉，您访问接口(moneyflow_ind_dc)频率超限(500次/分钟)，具体频次详情：https://tushare.pro/document/1?doc_id=108。
2026-08-01 19:12:46,383 [ERROR] fetch_moneyflow_dc.py:170 获取 20240505~20240505 板块资金流向失败: 抱歉，您访问接口(moneyflow_ind_dc)频率超限(500次/分钟)，具体频次详情：https://tushare.pro/document/1?doc_id=108。
2026-08-01 19:12:46,384 [ERROR] fetch_moneyflow_dc.py:378 20240505 处理失败: 抱歉，您访问接口(moneyflow_ind_dc)频率超限(500次/分钟)，具体频次详情：https://tushare.pro/document/1?doc_id=108。
2026-08-01 19:12:46,399 [ERROR] fetch_moneyflow_dc.py:170 获取 20240504~20240504 板块资金流向失败: 抱歉，您访问接口(moneyflow_ind_dc)频率超限(500次/分钟)，具体频次详情：https://tushare.pro/document/1?doc_id=108。
2026-08-01 19:12:46,399 [ERROR] fetch_moneyflow_dc.py:378 20240504 处理失败: 抱歉，您访问接口(moneyflow_ind_dc)频率超限(500次/分钟)，具体频次详情：https://tushare.pro/document/1?doc_id=108。
2026-08-01 19:12:46,429 [ERROR] fetch_moneyflow_dc.py:170 获取 20240511~20240511 板块资金流向失败: 抱歉，您访问接口(moneyflow_ind_dc)频率超限(500次/分钟)，具体频次详情：https://tushare.pro/document/1?doc_id=108。
2026-08-01 19:12:46,430 [ERROR] fetch_moneyflow_dc.py:378 20240511 处理失败: 抱歉，您访问接口(moneyflow_ind_dc)频率超限(500次/分钟)，具体频次详情：https://tushare.pro/document/1?doc_id=108。
2026-08-01 19:12:46,449 [ERROR] fetch_moneyflow_dc.py:170 获取 20240512~20240512 板块资金流向失败: 抱歉，您访问接口(moneyflow_ind_dc)频率超限(500次/分钟)，具体频次详情：https://tushare.pro/document/1?doc_id=108。
2026-08-01 19:12:46,449 [ERROR] fetch_moneyflow_dc.py:378 20240512 处理失败: 抱歉，您访问接口(moneyflow_ind_dc)频率超限(500次/分钟)，具体频次详情：https://tushare.pro/document/1?doc_id=108。
2026-08-01 19:12:46,479 [ERROR] fetch_moneyflow_dc.py:170 获取 20240518~20240518 板块资金流向失败: 抱歉，您访问接口(moneyflow_ind_dc)频率超限(500次/分钟)，具体频次详情：https://tushare.pro/document/1?doc_id=108。
2026-08-01 19:12:46,479 [ERROR] fetch_moneyflow_dc.py:378 20240518 处理失败: 抱歉，您访问接口(moneyflow_ind_dc)频率超限(500次/分钟)，具体频次详情：https://tushare.pro/document/1?doc_id=108。
2026-08-01 19:12:46,496 [ERROR] fetch_moneyflow_dc.py:170 获取 20240519~20240519 板块资金流向失败: 抱歉，您访问接口(moneyflow_ind_dc)频率超限(500次/分钟)，具体频次详情：https://tushare.pro/document/1?doc_id=108。
2026-08-01 19:12:46,496 [ERROR] fetch_moneyflow_dc.py:378 20240519 处理失败: 抱歉，您访问接口(moneyflow_ind_dc)频率超限(500次/分钟)，具体频次详情：https://tushare.pro/document/1?doc_id=108。
2026-08-01 19:12:46,523 [ERROR] fetch_moneyflow_dc.py:170 获取 20240525~20240525 板块资金流向失败: 抱歉，您访问接口(moneyflow_ind_dc)频率超限(500次/分钟)，具体频次详情：https://tushare.pro/document/1?doc_id=108。
2026-08-01 19:12:46,523 [ERROR] fetch_moneyflow_dc.py:378 20240525 处理失败: 抱歉，您访问接口(moneyflow_ind_dc)频率超限(500次/分钟)，具体频次详情：https://tushare.pro/document/1?doc_id=108。
2026-08-01 19:12:46,552 [ERROR] fetch_moneyflow_dc.py:170 获取 20240526~20240526 板块资金流向失败: 抱歉，您访问接口(moneyflow_ind_dc)频率超限(500次/分钟)，具体频次详情：https://tushare.pro/document/1?doc_id=108。
2026-08-01 19:12:46,553 [ERROR] fetch_moneyflow_dc.py:378 20240526 处理失败: 抱歉，您访问接口(moneyflow_ind_dc)频率超限(500次/分钟)，具体频次详情：https://tushare.pro/document/1?doc_id=108。
2026-08-01 19:12:46,570 [ERROR] fetch_moneyflow_dc.py:170 获取 20240601~20240601 板块资金流向失败: 抱歉，您访问接口(moneyflow_ind_dc)频率超限(500次/分钟)，具体频次详情：https://tushare.pro/document/1?doc_id=108。
2026-08-01 19:12:46,570 [ERROR] fetch_moneyflow_dc.py:378 20240601 处理失败: 抱歉，您访问接口(moneyflow_ind_dc)频率超限(500次/分钟)，具体频次详情：https://tushare.pro/document/1?doc_id=108。
2026-08-01 19:12:46,615 [ERROR] fetch_moneyflow_dc.py:170 获取 20240602~20240602 板块资金流向失败: 抱歉，您访问接口(moneyflow_ind_dc)频率超限(500次/分钟)，具体频次详情：https://tushare.pro/document/1?doc_id=108。
2026-08-01 19:12:46,616 [ERROR] fetch_moneyflow_dc.py:378 20240602 处理失败: 抱歉，您访问接口(moneyflow_ind_dc)频率超限(500次/分钟)，具体频次详情：https://tushare.pro/document/1?doc_id=108。
2026-08-01 19:12:46,617 [ERROR] fetch_moneyflow_dc.py:170 获取 20240608~20240608 板块资金流向失败: 抱歉，您访问接口(moneyflow_ind_dc)频率超限(500次/分钟)，具体频次详情：https://tushare.pro/document/1?doc_id=108。
2026-08-01 19:12:46,617 [ERROR] fetch_moneyflow_dc.py:378 20240608 处理失败: 抱歉，您访问接口(moneyflow_ind_dc)频率超限(500次/分钟)，具体频次详情：https://tushare.pro/document/1?doc_id=108。
2026-08-01 19:12:46,661 [ERROR] fetch_moneyflow_dc.py:170 获取 20240610~20240610 板块资金流向失败: 抱歉，您访问接口(moneyflow_ind_dc)频率超限(500次/分钟)，具体频次详情：https://tushare.pro/document/1?doc_id=108。
2026-08-01 19:12:46,662 [ERROR] fetch_moneyflow_dc.py:378 20240610 处理失败: 抱歉，您访问接口(moneyflow_ind_dc)频率超限(500次/分钟)，具体频次详情：https://tushare.pro/document/1?doc_id=108。
2026-08-01 19:12:46,663 [ERROR] fetch_moneyflow_dc.py:170 获取 20240609~20240609 板块资金流向失败: 抱歉，您访问接口(moneyflow_ind_dc)频率超限(500次/分钟)，具体频次详情：https://tushare.pro/document/1?doc_id=108。
2026-08-01 19:12:46,663 [ERROR] fetch_moneyflow_dc.py:378 20240609 处理失败: 抱歉，您访问接口(moneyflow_ind_dc)频率超限(500次/分钟)，具体频次详情：https://tushare.pro/document/1?doc_id=108。
2026-08-01 19:12:46,708 [ERROR] fetch_moneyflow_dc.py:170 获取 20240615~20240615 板块资金流向失败: 抱歉，您访问接口(moneyflow_ind_dc)频率超限(500次/分钟)，具体频次详情：https://tushare.pro/document/1?doc_id=108。
2026-08-01 19:12:46,708 [ERROR] fetch_moneyflow_dc.py:378 20240615 处理失败: 抱歉，您访问接口(moneyflow_ind_dc)频率超限(500次/分钟)，具体频次详情：https://tushare.pro/document/1?doc_id=108。
2026-08-01 19:12:46,712 [ERROR] fetch_moneyflow_dc.py:170 获取 20240616~20240616 板块资金流向失败: 抱歉，您访问接口(moneyflow_ind_dc)频率超限(500次/分钟)，具体频次详情：https://tushare.pro/document/1?doc_id=108。
2026-08-01 19:12:46,712 [ERROR] fetch_moneyflow_dc.py:378 20240616 处理失败: 抱歉，您访问接口(moneyflow_ind_dc)频率超限(500次/分钟)，具体频次详情：https://tushare.pro/document/1?doc_id=108。
2026-08-01 19:12:46,758 [ERROR] fetch_moneyflow_dc.py:170 获取 20240622~20240622 板块资金流向失败: 抱歉，您访问接口(moneyflow_ind_dc)频率超限(500次/分钟)，具体频次详情：https://tushare.pro/document/1?doc_id=108。
2026-08-01 19:12:46,759 [ERROR] fetch_moneyflow_dc.py:378 20240622 处理失败: 抱歉，您访问接口(moneyflow_ind_dc)频率超限(500次/分钟)，具体频次详情：https://tushare.pro/document/1?doc_id=108。
2026-08-01 19:12:46,762 [ERROR] fetch_moneyflow_dc.py:170 获取 20240623~20240623 板块资金流向失败: 抱歉，您访问接口(moneyflow_ind_dc)频率超限(500次/分钟)，具体频次详情：https://tushare.pro/document/1?doc_id=108。
2026-08-01 19:12:46,762 [ERROR] fetch_moneyflow_dc.py:378 20240623 处理失败: 抱歉，您访问接口(moneyflow_ind_dc)频率超限(500次/分钟)，具体频次详情：https://tushare.pro/document/1?doc_id=108。
2026-08-01 19:12:46,807 [ERROR] fetch_moneyflow_dc.py:170 获取 20240629~20240629 板块资金流向失败: 抱歉，您访问接口(moneyflow_ind_dc)频率超限(500次/分钟)，具体频次详情：https://tushare.pro/document/1?doc_id=108。
2026-08-01 19:12:46,807 [ERROR] fetch_moneyflow_dc.py:378 20240629 处理失败: 抱歉，您访问接口(moneyflow_ind_dc)频率超限(500次/分钟)，具体频次详情：https://tushare.pro/document/1?doc_id=108。
2026-08-01 19:12:46,811 [ERROR] fetch_moneyflow_dc.py:170 获取 20240630~20240630 板块资金流向失败: 抱歉，您访问接口(moneyflow_ind_dc)频率超限(500次/分钟)，具体频次详情：https://tushare.pro/document/1?doc_id=108。
2026-08-01 19:12:46,812 [ERROR] fetch_moneyflow_dc.py:378 20240630 处理失败: 抱歉，您访问接口(moneyflow_ind_dc)频率超限(500次/分钟)，具体频次详情：https://tushare.pro/document/1?doc_id=108。
2026-08-01 19:12:46,852 [ERROR] fetch_moneyflow_dc.py:170 获取 20240706~20240706 板块资金流向失败: 抱歉，您访问接口(moneyflow_ind_dc)频率超限(500次/分钟)，具体频次详情：https://tushare.pro/document/1?doc_id=108。
2026-08-01 19:12:46,853 [ERROR] fetch_moneyflow_dc.py:378 20240706 处理失败: 抱歉，您访问接口(moneyflow_ind_dc)频率超限(500次/分钟)，具体频次详情：https://tushare.pro/document/1?doc_id=108。
2026-08-01 19:12:46,859 [ERROR] fetch_moneyflow_dc.py:170 获取 20240707~20240707 板块资金流向失败: 抱歉，您访问接口(moneyflow_ind_dc)频率超限(500次/分钟)，具体频次详情：https://tushare.pro/document/1?doc_id=108。
2026-08-01 19:12:46,860 [ERROR] fetch_moneyflow_dc.py:378 20240707 处理失败: 抱歉，您访问接口(moneyflow_ind_dc)频率超限(500次/分钟)，具体频次详情：https://tushare.pro/document/1?doc_id=108。
2026-08-01 19:12:46,898 [ERROR] fetch_moneyflow_dc.py:170 获取 20240713~20240713 板块资金流向失败: 抱歉，您访问接口(moneyflow_ind_dc)频率超限(500次/分钟)，具体频次详情：https://tushare.pro/document/1?doc_id=108。
2026-08-01 19:12:46,898 [ERROR] fetch_moneyflow_dc.py:378 20240713 处理失败: 抱歉，您访问接口(moneyflow_ind_dc)频率超限(500次/分钟)，具体频次详情：https://tushare.pro/document/1?doc_id=108。
2026-08-01 19:12:46,906 [ERROR] fetch_moneyflow_dc.py:170 获取 20240714~20240714 板块资金流向失败: 抱歉，您访问接口(moneyflow_ind_dc)频率超限(500次/分钟)，具体频次详情：https://tushare.pro/document/1?doc_id=108。
2026-08-01 19:12:46,906 [ERROR] fetch_moneyflow_dc.py:378 20240714 处理失败: 抱歉，您访问接口(moneyflow_ind_dc)频率超限(500次/分钟)，具体频次详情：https://tushare.pro/document/1?doc_id=108。
2026-08-01 19:12:46,957 [ERROR] fetch_moneyflow_dc.py:170 获取 20240720~20240720 板块资金流向失败: 抱歉，您访问接口(moneyflow_ind_dc)频率超限(500次/分钟)，具体频次详情：https://tushare.pro/document/1?doc_id=108。
2026-08-01 19:12:46,958 [ERROR] fetch_moneyflow_dc.py:378 20240720 处理失败: 抱歉，您访问接口(moneyflow_ind_dc)频率超限(500次/分钟)，具体频次详情：https://tushare.pro/document/1?doc_id=108。
2026-08-01 19:12:46,972 [ERROR] fetch_moneyflow_dc.py:170 获取 20240721~20240721 板块资金流向失败: 抱歉，您访问接口(moneyflow_ind_dc)频率超限(500次/分钟)，具体频次详情：https://tushare.pro/document/1?doc_id=108。
2026-08-01 19:12:46,973 [ERROR] fetch_moneyflow_dc.py:378 20240721 处理失败: 抱歉，您访问接口(moneyflow_ind_dc)频率超限(500次/分钟)，具体频次详情：https://tushare.pro/document/1?doc_id=108。
2026-08-01 19:12:47,004 [ERROR] fetch_moneyflow_dc.py:170 获取 20240727~20240727 板块资金流向失败: 抱歉，您访问接口(moneyflow_ind_dc)频率超限(500次/分钟)，具体频次详情：https://tushare.pro/document/1?doc_id=108。
2026-08-01 19:12:47,004 [ERROR] fetch_moneyflow_dc.py:378 20240727 处理失败: 抱歉，您访问接口(moneyflow_ind_dc)频率超限(500次/分钟)，具体频次详情：https://tushare.pro/document/1?doc_id=108。
2026-08-01 19:12:47,019 [ERROR] fetch_moneyflow_dc.py:170 获取 20240728~20240728 板块资金流向失败: 抱歉，您访问接口(moneyflow_ind_dc)频率超限(500次/分钟)，具体频次详情：https://tushare.pro/document/1?doc_id=108。
2026-08-01 19:12:47,019 [ERROR] fetch_moneyflow_dc.py:378 20240728 处理失败: 抱歉，您访问接口(moneyflow_ind_dc)频率超限(500次/分钟)，具体频次详情：https://tushare.pro/document/1?doc_id=108。
2026-08-01 19:12:47,055 [ERROR] fetch_moneyflow_dc.py:170 获取 20240803~20240803 板块资金流向失败: 抱歉，您访问接口(moneyflow_ind_dc)频率超限(500次/分钟)，具体频次详情：https://tushare.pro/document/1?doc_id=108。
2026-08-01 19:12:47,055 [ERROR] fetch_moneyflow_dc.py:378 20240803 处理失败: 抱歉，您访问接口(moneyflow_ind_dc)频率超限(500次/分钟)，具体频次详情：https://tushare.pro/document/1?doc_id=108。
2026-08-01 19:12:47,064 [ERROR] fetch_moneyflow_dc.py:170 获取 20240804~20240804 板块资金流向失败: 抱歉，您访问接口(moneyflow_ind_dc)频率超限(500次/分钟)，具体频次详情：https://tushare.pro/document/1?doc_id=108。
2026-08-01 19:12:47,065 [ERROR] fetch_moneyflow_dc.py:378 20240804 处理失败: 抱歉，您访问接口(moneyflow_ind_dc)频率超限(500次/分钟)，具体频次详情：https://tushare.pro/document/1?doc_id=108。
2026-08-01 19:12:47,102 [ERROR] fetch_moneyflow_dc.py:170 获取 20240810~20240810 板块资金流向失败: 抱歉，您访问接口(moneyflow_ind_dc)频率超限(500次/分钟)，具体频次详情：https://tushare.pro/document/1?doc_id=108。
2026-08-01 19:12:47,103 [ERROR] fetch_moneyflow_dc.py:378 20240810 处理失败: 抱歉，您访问接口(moneyflow_ind_dc)频率超限(500次/分钟)，具体频次详情：https://tushare.pro/document/1?doc_id=108。
2026-08-01 19:12:47,120 [ERROR] fetch_moneyflow_dc.py:170 获取 20240811~20240811 板块资金流向失败: 抱歉，您访问接口(moneyflow_ind_dc)频率超限(500次/分钟)，具体频次详情：https://tushare.pro/document/1?doc_id=108。
2026-08-01 19:12:47,121 [ERROR] fetch_moneyflow_dc.py:378 20240811 处理失败: 抱歉，您访问接口(moneyflow_ind_dc)频率超限(500次/分钟)，具体频次详情：https://tushare.pro/document/1?doc_id=108。
2026-08-01 19:12:47,153 [ERROR] fetch_moneyflow_dc.py:170 获取 20240817~20240817 板块资金流向失败: 抱歉，您访问接口(moneyflow_ind_dc)频率超限(500次/分钟)，具体频次详情：https://tushare.pro/document/1?doc_id=108。
2026-08-01 19:12:47,154 [ERROR] fetch_moneyflow_dc.py:378 20240817 处理失败: 抱歉，您访问接口(moneyflow_ind_dc)频率超限(500次/分钟)，具体频次详情：https://tushare.pro/document/1?doc_id=108。
2026-08-01 19:12:47,174 [ERROR] fetch_moneyflow_dc.py:170 获取 20240818~20240818 板块资金流向失败: 抱歉，您访问接口(moneyflow_ind_dc)频率超限(500次/分钟)，具体频次详情：https://tushare.pro/document/1?doc_id=108。
2026-08-01 19:12:47,174 [ERROR] fetch_moneyflow_dc.py:378 20240818 处理失败: 抱歉，您访问接口(moneyflow_ind_dc)频率超限(500次/分钟)，具体频次详情：https://tushare.pro/document/1?doc_id=108。
2026-08-01 19:12:47,202 [ERROR] fetch_moneyflow_dc.py:170 获取 20240824~20240824 板块资金流向失败: 抱歉，您访问接口(moneyflow_ind_dc)频率超限(500次/分钟)，具体频次详情：https://tushare.pro/document/1?doc_id=108。
2026-08-01 19:12:47,202 [ERROR] fetch_moneyflow_dc.py:378 20240824 处理失败: 抱歉，您访问接口(moneyflow_ind_dc)频率超限(500次/分钟)，具体频次详情：https://tushare.pro/document/1?doc_id=108。
2026-08-01 19:12:47,220 [ERROR] fetch_moneyflow_dc.py:170 获取 20240825~20240825 板块资金流向失败: 抱歉，您访问接口(moneyflow_ind_dc)频率超限(500次/分钟)，具体频次详情：https://tushare.pro/document/1?doc_id=108。
2026-08-01 19:12:47,220 [ERROR] fetch_moneyflow_dc.py:378 20240825 处理失败: 抱歉，您访问接口(moneyflow_ind_dc)频率超限(500次/分钟)，具体频次详情：https://tushare.pro/document/1?doc_id=108。
2026-08-01 19:12:47,251 [ERROR] fetch_moneyflow_dc.py:170 获取 20240831~20240831 板块资金流向失败: 抱歉，您访问接口(moneyflow_ind_dc)频率超限(500次/分钟)，具体频次详情：https://tushare.pro/document/1?doc_id=108。
2026-08-01 19:12:47,251 [ERROR] fetch_moneyflow_dc.py:378 20240831 处理失败: 抱歉，您访问接口(moneyflow_ind_dc)频率超限(500次/分钟)，具体频次详情：https://tushare.pro/document/1?doc_id=108。
2026-08-01 19:12:47,268 [ERROR] fetch_moneyflow_dc.py:170 获取 20240901~20240901 板块资金流向失败: 抱歉，您访问接口(moneyflow_ind_dc)频率超限(500次/分钟)，具体频次详情：https://tushare.pro/document/1?doc_id=108。
2026-08-01 19:12:47,268 [ERROR] fetch_moneyflow_dc.py:378 20240901 处理失败: 抱歉，您访问接口(moneyflow_ind_dc)频率超限(500次/分钟)，具体频次详情：https://tushare.pro/document/1?doc_id=108。
2026-08-01 19:12:47,299 [ERROR] fetch_moneyflow_dc.py:170 获取 20240907~20240907 板块资金流向失败: 抱歉，您访问接口(moneyflow_ind_dc)频率超限(500次/分钟)，具体频次详情：https://tushare.pro/document/1?doc_id=108。
2026-08-01 19:12:47,300 [ERROR] fetch_moneyflow_dc.py:378 20240907 处理失败: 抱歉，您访问接口(moneyflow_ind_dc)频率超限(500次/分钟)，具体频次详情：https://tushare.pro/document/1?doc_id=108。
2026-08-01 19:12:47,321 [ERROR] fetch_moneyflow_dc.py:170 获取 20240908~20240908 板块资金流向失败: 抱歉，您访问接口(moneyflow_ind_dc)频率超限(500次/分钟)，具体频次详情：https://tushare.pro/document/1?doc_id=108。
2026-08-01 19:12:47,321 [ERROR] fetch_moneyflow_dc.py:378 20240908 处理失败: 抱歉，您访问接口(moneyflow_ind_dc)频率超限(500次/分钟)，具体频次详情：https://tushare.pro/document/1?doc_id=108。
2026-08-01 19:12:47,350 [ERROR] fetch_moneyflow_dc.py:170 获取 20240914~20240914 板块资金流向失败: 抱歉，您访问接口(moneyflow_ind_dc)频率超限(500次/分钟)，具体频次详情：https://tushare.pro/document/1?doc_id=108。
2026-08-01 19:12:47,350 [ERROR] fetch_moneyflow_dc.py:378 20240914 处理失败: 抱歉，您访问接口(moneyflow_ind_dc)频率超限(500次/分钟)，具体频次详情：https://tushare.pro/document/1?doc_id=108。
2026-08-01 19:12:47,370 [ERROR] fetch_moneyflow_dc.py:170 获取 20240915~20240915 板块资金流向失败: 抱歉，您访问接口(moneyflow_ind_dc)频率超限(500次/分钟)，具体频次详情：https://tushare.pro/document/1?doc_id=108。
2026-08-01 19:12:47,371 [ERROR] fetch_moneyflow_dc.py:378 20240915 处理失败: 抱歉，您访问接口(moneyflow_ind_dc)频率超限(500次/分钟)，具体频次详情：https://tushare.pro/document/1?doc_id=108。
2026-08-01 19:12:47,396 [ERROR] fetch_moneyflow_dc.py:170 获取 20240916~20240916 板块资金流向失败: 抱歉，您访问接口(moneyflow_ind_dc)频率超限(500次/分钟)，具体频次详情：https://tushare.pro/document/1?doc_id=108。
2026-08-01 19:12:47,396 [ERROR] fetch_moneyflow_dc.py:378 20240916 处理失败: 抱歉，您访问接口(moneyflow_ind_dc)频率超限(500次/分钟)，具体频次详情：https://tushare.pro/document/1?doc_id=108。
2026-08-01 19:12:47,416 [ERROR] fetch_moneyflow_dc.py:170 获取 20240917~20240917 板块资金流向失败: 抱歉，您访问接口(moneyflow_ind_dc)频率超限(500次/分钟)，具体频次详情：https://tushare.pro/document/1?doc_id=108。
2026-08-01 19:12:47,416 [ERROR] fetch_moneyflow_dc.py:378 20240917 处理失败: 抱歉，您访问接口(moneyflow_ind_dc)频率超限(500次/分钟)，具体频次详情：https://tushare.pro/document/1?doc_id=108。
2026-08-01 19:12:47,462 [ERROR] fetch_moneyflow_dc.py:170 获取 20240921~20240921 板块资金流向失败: 抱歉，您访问接口(moneyflow_ind_dc)频率超限(500次/分钟)，具体频次详情：https://tushare.pro/document/1?doc_id=108。
2026-08-01 19:12:47,462 [ERROR] fetch_moneyflow_dc.py:378 20240921 处理失败: 抱歉，您访问接口(moneyflow_ind_dc)频率超限(500次/分钟)，具体频次详情：https://tushare.pro/document/1?doc_id=108。
2026-08-01 19:12:47,468 [ERROR] fetch_moneyflow_dc.py:170 获取 20240922~20240922 板块资金流向失败: 抱歉，您访问接口(moneyflow_ind_dc)频率超限(500次/分钟)，具体频次详情：https://tushare.pro/document/1?doc_id=108。
2026-08-01 19:12:47,468 [ERROR] fetch_moneyflow_dc.py:378 20240922 处理失败: 抱歉，您访问接口(moneyflow_ind_dc)频率超限(500次/分钟)，具体频次详情：https://tushare.pro/document/1?doc_id=108。
2026-08-01 19:12:47,515 [ERROR] fetch_moneyflow_dc.py:170 获取 20240929~20240929 板块资金流向失败: 抱歉，您访问接口(moneyflow_ind_dc)频率超限(500次/分钟)，具体频次详情：https://tushare.pro/document/1?doc_id=108。
2026-08-01 19:12:47,515 [ERROR] fetch_moneyflow_dc.py:378 20240929 处理失败: 抱歉，您访问接口(moneyflow_ind_dc)频率超限(500次/分钟)，具体频次详情：https://tushare.pro/document/1?doc_id=108。
2026-08-01 19:12:47,526 [ERROR] fetch_moneyflow_dc.py:170 获取 20240928~20240928 板块资金流向失败: 抱歉，您访问接口(moneyflow_ind_dc)频率超限(500次/分钟)，具体频次详情：https://tushare.pro/document/1?doc_id=108。
2026-08-01 19:12:47,526 [ERROR] fetch_moneyflow_dc.py:378 20240928 处理失败: 抱歉，您访问接口(moneyflow_ind_dc)频率超限(500次/分钟)，具体频次详情：https://tushare.pro/document/1?doc_id=108。
2026-08-01 19:12:47,562 [ERROR] fetch_moneyflow_dc.py:170 获取 20241001~20241001 板块资金流向失败: 抱歉，您访问接口(moneyflow_ind_dc)频率超限(500次/分钟)，具体频次详情：https://tushare.pro/document/1?doc_id=108。
2026-08-01 19:12:47,562 [ERROR] fetch_moneyflow_dc.py:378 20241001 处理失败: 抱歉，您访问接口(moneyflow_ind_dc)频率超限(500次/分钟)，具体频次详情：https://tushare.pro/document/1?doc_id=108。
2026-08-01 19:12:47,575 [ERROR] fetch_moneyflow_dc.py:170 获取 20241002~20241002 板块资金流向失败: 抱歉，您访问接口(moneyflow_ind_dc)频率超限(500次/分钟)，具体频次详情：https://tushare.pro/document/1?doc_id=108。
2026-08-01 19:12:47,575 [ERROR] fetch_moneyflow_dc.py:378 20241002 处理失败: 抱歉，您访问接口(moneyflow_ind_dc)频率超限(500次/分钟)，具体频次详情：https://tushare.pro/document/1?doc_id=108。
2026-08-01 19:12:47,624 [ERROR] fetch_moneyflow_dc.py:170 获取 20241004~20241004 板块资金流向失败: 抱歉，您访问接口(moneyflow_ind_dc)频率超限(500次/分钟)，具体频次详情：https://tushare.pro/document/1?doc_id=108。
2026-08-01 19:12:47,624 [ERROR] fetch_moneyflow_dc.py:378 20241004 处理失败: 抱歉，您访问接口(moneyflow_ind_dc)频率超限(500次/分钟)，具体频次详情：https://tushare.pro/document/1?doc_id=108。
2026-08-01 19:12:47,635 [ERROR] fetch_moneyflow_dc.py:170 获取 20241003~20241003 板块资金流向失败: 抱歉，您访问接口(moneyflow_ind_dc)频率超限(500次/分钟)，具体频次详情：https://tushare.pro/document/1?doc_id=108。
2026-08-01 19:12:47,635 [ERROR] fetch_moneyflow_dc.py:378 20241003 处理失败: 抱歉，您访问接口(moneyflow_ind_dc)频率超限(500次/分钟)，具体频次详情：https://tushare.pro/document/1?doc_id=108。
2026-08-01 19:12:47,672 [ERROR] fetch_moneyflow_dc.py:170 获取 20241005~20241005 板块资金流向失败: 抱歉，您访问接口(moneyflow_ind_dc)频率超限(500次/分钟)，具体频次详情：https://tushare.pro/document/1?doc_id=108。
2026-08-01 19:12:47,673 [ERROR] fetch_moneyflow_dc.py:378 20241005 处理失败: 抱歉，您访问接口(moneyflow_ind_dc)频率超限(500次/分钟)，具体频次详情：https://tushare.pro/document/1?doc_id=108。
2026-08-01 19:12:47,682 [ERROR] fetch_moneyflow_dc.py:170 获取 20241006~20241006 板块资金流向失败: 抱歉，您访问接口(moneyflow_ind_dc)频率超限(500次/分钟)，具体频次详情：https://tushare.pro/document/1?doc_id=108。
2026-08-01 19:12:47,683 [ERROR] fetch_moneyflow_dc.py:378 20241006 处理失败: 抱歉，您访问接口(moneyflow_ind_dc)频率超限(500次/分钟)，具体频次详情：https://tushare.pro/document/1?doc_id=108。
2026-08-01 19:12:47,721 [ERROR] fetch_moneyflow_dc.py:170 获取 20241007~20241007 板块资金流向失败: 抱歉，您访问接口(moneyflow_ind_dc)频率超限(500次/分钟)，具体频次详情：https://tushare.pro/document/1?doc_id=108。
2026-08-01 19:12:47,722 [ERROR] fetch_moneyflow_dc.py:378 20241007 处理失败: 抱歉，您访问接口(moneyflow_ind_dc)频率超限(500次/分钟)，具体频次详情：https://tushare.pro/document/1?doc_id=108。
2026-08-01 19:12:47,733 [ERROR] fetch_moneyflow_dc.py:170 获取 20241012~20241012 板块资金流向失败: 抱歉，您访问接口(moneyflow_ind_dc)频率超限(500次/分钟)，具体频次详情：https://tushare.pro/document/1?doc_id=108。
2026-08-01 19:12:47,733 [ERROR] fetch_moneyflow_dc.py:378 20241012 处理失败: 抱歉，您访问接口(moneyflow_ind_dc)频率超限(500次/分钟)，具体频次详情：https://tushare.pro/document/1?doc_id=108。
2026-08-01 19:12:47,770 [ERROR] fetch_moneyflow_dc.py:170 获取 20241013~20241013 板块资金流向失败: 抱歉，您访问接口(moneyflow_ind_dc)频率超限(500次/分钟)，具体频次详情：https://tushare.pro/document/1?doc_id=108。
2026-08-01 19:12:47,770 [ERROR] fetch_moneyflow_dc.py:378 20241013 处理失败: 抱歉，您访问接口(moneyflow_ind_dc)频率超限(500次/分钟)，具体频次详情：https://tushare.pro/document/1?doc_id=108。
2026-08-01 19:12:47,778 [ERROR] fetch_moneyflow_dc.py:170 获取 20241019~20241019 板块资金流向失败: 抱歉，您访问接口(moneyflow_ind_dc)频率超限(500次/分钟)，具体频次详情：https://tushare.pro/document/1?doc_id=108。
2026-08-01 19:12:47,778 [ERROR] fetch_moneyflow_dc.py:378 20241019 处理失败: 抱歉，您访问接口(moneyflow_ind_dc)频率超限(500次/分钟)，具体频次详情：https://tushare.pro/document/1?doc_id=108。
2026-08-01 19:12:47,816 [ERROR] fetch_moneyflow_dc.py:170 获取 20241020~20241020 板块资金流向失败: 抱歉，您访问接口(moneyflow_ind_dc)频率超限(500次/分钟)，具体频次详情：https://tushare.pro/document/1?doc_id=108。
2026-08-01 19:12:47,817 [ERROR] fetch_moneyflow_dc.py:378 20241020 处理失败: 抱歉，您访问接口(moneyflow_ind_dc)频率超限(500次/分钟)，具体频次详情：https://tushare.pro/document/1?doc_id=108。
2026-08-01 19:12:47,825 [ERROR] fetch_moneyflow_dc.py:170 获取 20241026~20241026 板块资金流向失败: 抱歉，您访问接口(moneyflow_ind_dc)频率超限(500次/分钟)，具体频次详情：https://tushare.pro/document/1?doc_id=108。
2026-08-01 19:12:47,825 [ERROR] fetch_moneyflow_dc.py:378 20241026 处理失败: 抱歉，您访问接口(moneyflow_ind_dc)频率超限(500次/分钟)，具体频次详情：https://tushare.pro/document/1?doc_id=108。
2026-08-01 19:12:47,868 [ERROR] fetch_moneyflow_dc.py:170 获取 20241027~20241027 板块资金流向失败: 抱歉，您访问接口(moneyflow_ind_dc)频率超限(500次/分钟)，具体频次详情：https://tushare.pro/document/1?doc_id=108。
2026-08-01 19:12:47,869 [ERROR] fetch_moneyflow_dc.py:378 20241027 处理失败: 抱歉，您访问接口(moneyflow_ind_dc)频率超限(500次/分钟)，具体频次详情：https://tushare.pro/document/1?doc_id=108。
2026-08-01 19:12:47,872 [ERROR] fetch_moneyflow_dc.py:170 获取 20241102~20241102 板块资金流向失败: 抱歉，您访问接口(moneyflow_ind_dc)频率超限(500次/分钟)，具体频次详情：https://tushare.pro/document/1?doc_id=108。
2026-08-01 19:12:47,874 [ERROR] fetch_moneyflow_dc.py:378 20241102 处理失败: 抱歉，您访问接口(moneyflow_ind_dc)频率超限(500次/分钟)，具体频次详情：https://tushare.pro/document/1?doc_id=108。
2026-08-01 19:12:47,918 [ERROR] fetch_moneyflow_dc.py:170 获取 20241103~20241103 板块资金流向失败: 抱歉，您访问接口(moneyflow_ind_dc)频率超限(500次/分钟)，具体频次详情：https://tushare.pro/document/1?doc_id=108。
2026-08-01 19:12:47,918 [ERROR] fetch_moneyflow_dc.py:378 20241103 处理失败: 抱歉，您访问接口(moneyflow_ind_dc)频率超限(500次/分钟)，具体频次详情：https://tushare.pro/document/1?doc_id=108。
2026-08-01 19:12:47,922 [ERROR] fetch_moneyflow_dc.py:170 获取 20241109~20241109 板块资金流向失败: 抱歉，您访问接口(moneyflow_ind_dc)频率超限(500次/分钟)，具体频次详情：https://tushare.pro/document/1?doc_id=108。
2026-08-01 19:12:47,923 [ERROR] fetch_moneyflow_dc.py:378 20241109 处理失败: 抱歉，您访问接口(moneyflow_ind_dc)频率超限(500次/分钟)，具体频次详情：https://tushare.pro/document/1?doc_id=108。
2026-08-01 19:12:47,968 [ERROR] fetch_moneyflow_dc.py:170 获取 20241110~20241110 板块资金流向失败: 抱歉，您访问接口(moneyflow_ind_dc)频率超限(500次/分钟)，具体频次详情：https://tushare.pro/document/1?doc_id=108。
2026-08-01 19:12:47,968 [ERROR] fetch_moneyflow_dc.py:378 20241110 处理失败: 抱歉，您访问接口(moneyflow_ind_dc)频率超限(500次/分钟)，具体频次详情：https://tushare.pro/document/1?doc_id=108。
2026-08-01 19:12:47,969 [ERROR] fetch_moneyflow_dc.py:170 获取 20241116~20241116 板块资金流向失败: 抱歉，您访问接口(moneyflow_ind_dc)频率超限(500次/分钟)，具体频次详情：https://tushare.pro/document/1?doc_id=108。
2026-08-01 19:12:47,970 [ERROR] fetch_moneyflow_dc.py:378 20241116 处理失败: 抱歉，您访问接口(moneyflow_ind_dc)频率超限(500次/分钟)，具体频次详情：https://tushare.pro/document/1?doc_id=108。
2026-08-01 19:12:48,016 [ERROR] fetch_moneyflow_dc.py:170 获取 20241123~20241123 板块资金流向失败: 抱歉，您访问接口(moneyflow_ind_dc)频率超限(500次/分钟)，具体频次详情：https://tushare.pro/document/1?doc_id=108。
2026-08-01 19:12:48,016 [ERROR] fetch_moneyflow_dc.py:378 20241123 处理失败: 抱歉，您访问接口(moneyflow_ind_dc)频率超限(500次/分钟)，具体频次详情：https://tushare.pro/document/1?doc_id=108。
2026-08-01 19:12:48,019 [ERROR] fetch_moneyflow_dc.py:170 获取 20241117~20241117 板块资金流向失败: 抱歉，您访问接口(moneyflow_ind_dc)频率超限(500次/分钟)，具体频次详情：https://tushare.pro/document/1?doc_id=108。
2026-08-01 19:12:48,020 [ERROR] fetch_moneyflow_dc.py:378 20241117 处理失败: 抱歉，您访问接口(moneyflow_ind_dc)频率超限(500次/分钟)，具体频次详情：https://tushare.pro/document/1?doc_id=108。
2026-08-01 19:12:48,071 [ERROR] fetch_moneyflow_dc.py:170 获取 20241124~20241124 板块资金流向失败: 抱歉，您访问接口(moneyflow_ind_dc)频率超限(500次/分钟)，具体频次详情：https://tushare.pro/document/1?doc_id=108。
2026-08-01 19:12:48,071 [ERROR] fetch_moneyflow_dc.py:378 20241124 处理失败: 抱歉，您访问接口(moneyflow_ind_dc)频率超限(500次/分钟)，具体频次详情：https://tushare.pro/document/1?doc_id=108。
2026-08-01 19:12:48,077 [ERROR] fetch_moneyflow_dc.py:170 获取 20241130~20241130 板块资金流向失败: 抱歉，您访问接口(moneyflow_ind_dc)频率超限(500次/分钟)，具体频次详情：https://tushare.pro/document/1?doc_id=108。
2026-08-01 19:12:48,078 [ERROR] fetch_moneyflow_dc.py:378 20241130 处理失败: 抱歉，您访问接口(moneyflow_ind_dc)频率超限(500次/分钟)，具体频次详情：https://tushare.pro/document/1?doc_id=108。
2026-08-01 19:12:48,118 [ERROR] fetch_moneyflow_dc.py:170 获取 20241201~20241201 板块资金流向失败: 抱歉，您访问接口(moneyflow_ind_dc)频率超限(500次/分钟)，具体频次详情：https://tushare.pro/document/1?doc_id=108。
2026-08-01 19:12:48,120 [ERROR] fetch_moneyflow_dc.py:378 20241201 处理失败: 抱歉，您访问接口(moneyflow_ind_dc)频率超限(500次/分钟)，具体频次详情：https://tushare.pro/document/1?doc_id=108。
2026-08-01 19:12:48,124 [ERROR] fetch_moneyflow_dc.py:170 获取 20241207~20241207 板块资金流向失败: 抱歉，您访问接口(moneyflow_ind_dc)频率超限(500次/分钟)，具体频次详情：https://tushare.pro/document/1?doc_id=108。
2026-08-01 19:12:48,125 [ERROR] fetch_moneyflow_dc.py:378 20241207 处理失败: 抱歉，您访问接口(moneyflow_ind_dc)频率超限(500次/分钟)，具体频次详情：https://tushare.pro/document/1?doc_id=108。
2026-08-01 19:12:48,164 [ERROR] fetch_moneyflow_dc.py:170 获取 20241208~20241208 板块资金流向失败: 抱歉，您访问接口(moneyflow_ind_dc)频率超限(500次/分钟)，具体频次详情：https://tushare.pro/document/1?doc_id=108。
2026-08-01 19:12:48,165 [ERROR] fetch_moneyflow_dc.py:378 20241208 处理失败: 抱歉，您访问接口(moneyflow_ind_dc)频率超限(500次/分钟)，具体频次详情：https://tushare.pro/document/1?doc_id=108。
2026-08-01 19:12:48,173 [ERROR] fetch_moneyflow_dc.py:170 获取 20241214~20241214 板块资金流向失败: 抱歉，您访问接口(moneyflow_ind_dc)频率超限(500次/分钟)，具体频次详情：https://tushare.pro/document/1?doc_id=108。
2026-08-01 19:12:48,174 [ERROR] fetch_moneyflow_dc.py:378 20241214 处理失败: 抱歉，您访问接口(moneyflow_ind_dc)频率超限(500次/分钟)，具体频次详情：https://tushare.pro/document/1?doc_id=108。
2026-08-01 19:12:48,215 [ERROR] fetch_moneyflow_dc.py:170 获取 20241215~20241215 板块资金流向失败: 抱歉，您访问接口(moneyflow_ind_dc)频率超限(500次/分钟)，具体频次详情：https://tushare.pro/document/1?doc_id=108。
2026-08-01 19:12:48,215 [ERROR] fetch_moneyflow_dc.py:378 20241215 处理失败: 抱歉，您访问接口(moneyflow_ind_dc)频率超限(500次/分钟)，具体频次详情：https://tushare.pro/document/1?doc_id=108。
2026-08-01 19:12:48,223 [ERROR] fetch_moneyflow_dc.py:170 获取 20241221~20241221 板块资金流向失败: 抱歉，您访问接口(moneyflow_ind_dc)频率超限(500次/分钟)，具体频次详情：https://tushare.pro/document/1?doc_id=108。
2026-08-01 19:12:48,223 [ERROR] fetch_moneyflow_dc.py:378 20241221 处理失败: 抱歉，您访问接口(moneyflow_ind_dc)频率超限(500次/分钟)，具体频次详情：https://tushare.pro/document/1?doc_id=108。
2026-08-01 19:12:48,263 [ERROR] fetch_moneyflow_dc.py:170 获取 20241222~20241222 板块资金流向失败: 抱歉，您访问接口(moneyflow_ind_dc)频率超限(500次/分钟)，具体频次详情：https://tushare.pro/document/1?doc_id=108。
2026-08-01 19:12:48,263 [ERROR] fetch_moneyflow_dc.py:378 20241222 处理失败: 抱歉，您访问接口(moneyflow_ind_dc)频率超限(500次/分钟)，具体频次详情：https://tushare.pro/document/1?doc_id=108。
2026-08-01 19:12:48,272 [ERROR] fetch_moneyflow_dc.py:170 获取 20241228~20241228 板块资金流向失败: 抱歉，您访问接口(moneyflow_ind_dc)频率超限(500次/分钟)，具体频次详情：https://tushare.pro/document/1?doc_id=108。
2026-08-01 19:12:48,272 [ERROR] fetch_moneyflow_dc.py:378 20241228 处理失败: 抱歉，您访问接口(moneyflow_ind_dc)频率超限(500次/分钟)，具体频次详情：https://tushare.pro/document/1?doc_id=108。
2026-08-01 19:12:48,312 [ERROR] fetch_moneyflow_dc.py:170 获取 20241229~20241229 板块资金流向失败: 抱歉，您访问接口(moneyflow_ind_dc)频率超限(500次/分钟)，具体频次详情：https://tushare.pro/document/1?doc_id=108。
2026-08-01 19:12:48,312 [ERROR] fetch_moneyflow_dc.py:378 20241229 处理失败: 抱歉，您访问接口(moneyflow_ind_dc)频率超限(500次/分钟)，具体频次详情：https://tushare.pro/document/1?doc_id=108。
2026-08-01 19:12:48,326 [ERROR] fetch_moneyflow_dc.py:170 获取 20250101~20250101 板块资金流向失败: 抱歉，您访问接口(moneyflow_ind_dc)频率超限(500次/分钟)，具体频次详情：https://tushare.pro/document/1?doc_id=108。
2026-08-01 19:12:48,326 [ERROR] fetch_moneyflow_dc.py:378 20250101 处理失败: 抱歉，您访问接口(moneyflow_ind_dc)频率超限(500次/分钟)，具体频次详情：https://tushare.pro/document/1?doc_id=108。
2026-08-01 19:12:48,374 [ERROR] fetch_moneyflow_dc.py:170 获取 20250104~20250104 板块资金流向失败: 抱歉，您访问接口(moneyflow_ind_dc)频率超限(500次/分钟)，具体频次详情：https://tushare.pro/document/1?doc_id=108。
2026-08-01 19:12:48,375 [ERROR] fetch_moneyflow_dc.py:170 获取 20250105~20250105 板块资金流向失败: 抱歉，您访问接口(moneyflow_ind_dc)频率超限(500次/分钟)，具体频次详情：https://tushare.pro/document/1?doc_id=108。
2026-08-01 19:12:48,376 [ERROR] fetch_moneyflow_dc.py:378 20250104 处理失败: 抱歉，您访问接口(moneyflow_ind_dc)频率超限(500次/分钟)，具体频次详情：https://tushare.pro/document/1?doc_id=108。
2026-08-01 19:12:48,376 [ERROR] fetch_moneyflow_dc.py:378 20250105 处理失败: 抱歉，您访问接口(moneyflow_ind_dc)频率超限(500次/分钟)，具体频次详情：https://tushare.pro/document/1?doc_id=108。
2026-08-01 19:12:48,422 [ERROR] fetch_moneyflow_dc.py:170 获取 20250111~20250111 板块资金流向失败: 抱歉，您访问接口(moneyflow_ind_dc)频率超限(500次/分钟)，具体频次详情：https://tushare.pro/document/1?doc_id=108。
2026-08-01 19:12:48,423 [ERROR] fetch_moneyflow_dc.py:378 20250111 处理失败: 抱歉，您访问接口(moneyflow_ind_dc)频率超限(500次/分钟)，具体频次详情：https://tushare.pro/document/1?doc_id=108。
2026-08-01 19:12:48,426 [ERROR] fetch_moneyflow_dc.py:170 获取 20250112~20250112 板块资金流向失败: 抱歉，您访问接口(moneyflow_ind_dc)频率超限(500次/分钟)，具体频次详情：https://tushare.pro/document/1?doc_id=108。
2026-08-01 19:12:48,426 [ERROR] fetch_moneyflow_dc.py:378 20250112 处理失败: 抱歉，您访问接口(moneyflow_ind_dc)频率超限(500次/分钟)，具体频次详情：https://tushare.pro/document/1?doc_id=108。
2026-08-01 19:12:48,472 [ERROR] fetch_moneyflow_dc.py:170 获取 20250118~20250118 板块资金流向失败: 抱歉，您访问接口(moneyflow_ind_dc)频率超限(500次/分钟)，具体频次详情：https://tushare.pro/document/1?doc_id=108。
2026-08-01 19:12:48,472 [ERROR] fetch_moneyflow_dc.py:378 20250118 处理失败: 抱歉，您访问接口(moneyflow_ind_dc)频率超限(500次/分钟)，具体频次详情：https://tushare.pro/document/1?doc_id=108。
2026-08-01 19:12:48,477 [ERROR] fetch_moneyflow_dc.py:170 获取 20250119~20250119 板块资金流向失败: 抱歉，您访问接口(moneyflow_ind_dc)频率超限(500次/分钟)，具体频次详情：https://tushare.pro/document/1?doc_id=108。
2026-08-01 19:12:48,478 [ERROR] fetch_moneyflow_dc.py:378 20250119 处理失败: 抱歉，您访问接口(moneyflow_ind_dc)频率超限(500次/分钟)，具体频次详情：https://tushare.pro/document/1?doc_id=108。
2026-08-01 19:12:48,524 [ERROR] fetch_moneyflow_dc.py:170 获取 20250126~20250126 板块资金流向失败: 抱歉，您访问接口(moneyflow_ind_dc)频率超限(500次/分钟)，具体频次详情：https://tushare.pro/document/1?doc_id=108。
2026-08-01 19:12:48,524 [ERROR] fetch_moneyflow_dc.py:378 20250126 处理失败: 抱歉，您访问接口(moneyflow_ind_dc)频率超限(500次/分钟)，具体频次详情：https://tushare.pro/document/1?doc_id=108。
2026-08-01 19:12:48,527 [ERROR] fetch_moneyflow_dc.py:170 获取 20250125~20250125 板块资金流向失败: 抱歉，您访问接口(moneyflow_ind_dc)频率超限(500次/分钟)，具体频次详情：https://tushare.pro/document/1?doc_id=108。
2026-08-01 19:12:48,528 [ERROR] fetch_moneyflow_dc.py:378 20250125 处理失败: 抱歉，您访问接口(moneyflow_ind_dc)频率超限(500次/分钟)，具体频次详情：https://tushare.pro/document/1?doc_id=108。
2026-08-01 19:12:48,570 [ERROR] fetch_moneyflow_dc.py:170 获取 20250128~20250128 板块资金流向失败: 抱歉，您访问接口(moneyflow_ind_dc)频率超限(500次/分钟)，具体频次详情：https://tushare.pro/document/1?doc_id=108。
2026-08-01 19:12:48,571 [ERROR] fetch_moneyflow_dc.py:378 20250128 处理失败: 抱歉，您访问接口(moneyflow_ind_dc)频率超限(500次/分钟)，具体频次详情：https://tushare.pro/document/1?doc_id=108。
2026-08-01 19:12:48,575 [ERROR] fetch_moneyflow_dc.py:170 获取 20250129~20250129 板块资金流向失败: 抱歉，您访问接口(moneyflow_ind_dc)频率超限(500次/分钟)，具体频次详情：https://tushare.pro/document/1?doc_id=108。
2026-08-01 19:12:48,575 [ERROR] fetch_moneyflow_dc.py:378 20250129 处理失败: 抱歉，您访问接口(moneyflow_ind_dc)频率超限(500次/分钟)，具体频次详情：https://tushare.pro/document/1?doc_id=108。
2026-08-01 19:12:48,617 [ERROR] fetch_moneyflow_dc.py:170 获取 20250130~20250130 板块资金流向失败: 抱歉，您访问接口(moneyflow_ind_dc)频率超限(500次/分钟)，具体频次详情：https://tushare.pro/document/1?doc_id=108。
2026-08-01 19:12:48,617 [ERROR] fetch_moneyflow_dc.py:378 20250130 处理失败: 抱歉，您访问接口(moneyflow_ind_dc)频率超限(500次/分钟)，具体频次详情：https://tushare.pro/document/1?doc_id=108。
2026-08-01 19:12:48,622 [ERROR] fetch_moneyflow_dc.py:170 获取 20250131~20250131 板块资金流向失败: 抱歉，您访问接口(moneyflow_ind_dc)频率超限(500次/分钟)，具体频次详情：https://tushare.pro/document/1?doc_id=108。
2026-08-01 19:12:48,623 [ERROR] fetch_moneyflow_dc.py:378 20250131 处理失败: 抱歉，您访问接口(moneyflow_ind_dc)频率超限(500次/分钟)，具体频次详情：https://tushare.pro/document/1?doc_id=108。
2026-08-01 19:12:48,664 [ERROR] fetch_moneyflow_dc.py:170 获取 20250201~20250201 板块资金流向失败: 抱歉，您访问接口(moneyflow_ind_dc)频率超限(500次/分钟)，具体频次详情：https://tushare.pro/document/1?doc_id=108。
2026-08-01 19:12:48,664 [ERROR] fetch_moneyflow_dc.py:378 20250201 处理失败: 抱歉，您访问接口(moneyflow_ind_dc)频率超限(500次/分钟)，具体频次详情：https://tushare.pro/document/1?doc_id=108。
2026-08-01 19:12:48,685 [ERROR] fetch_moneyflow_dc.py:170 获取 20250202~20250202 板块资金流向失败: 抱歉，您访问接口(moneyflow_ind_dc)频率超限(500次/分钟)，具体频次详情：https://tushare.pro/document/1?doc_id=108。
2026-08-01 19:12:48,685 [ERROR] fetch_moneyflow_dc.py:378 20250202 处理失败: 抱歉，您访问接口(moneyflow_ind_dc)频率超限(500次/分钟)，具体频次详情：https://tushare.pro/document/1?doc_id=108。
2026-08-01 19:12:48,713 [ERROR] fetch_moneyflow_dc.py:170 获取 20250203~20250203 板块资金流向失败: 抱歉，您访问接口(moneyflow_ind_dc)频率超限(500次/分钟)，具体频次详情：https://tushare.pro/document/1?doc_id=108。
2026-08-01 19:12:48,713 [ERROR] fetch_moneyflow_dc.py:378 20250203 处理失败: 抱歉，您访问接口(moneyflow_ind_dc)频率超限(500次/分钟)，具体频次详情：https://tushare.pro/document/1?doc_id=108。
2026-08-01 19:12:48,731 [ERROR] fetch_moneyflow_dc.py:170 获取 20250204~20250204 板块资金流向失败: 抱歉，您访问接口(moneyflow_ind_dc)频率超限(500次/分钟)，具体频次详情：https://tushare.pro/document/1?doc_id=108。
2026-08-01 19:12:48,731 [ERROR] fetch_moneyflow_dc.py:378 20250204 处理失败: 抱歉，您访问接口(moneyflow_ind_dc)频率超限(500次/分钟)，具体频次详情：https://tushare.pro/document/1?doc_id=108。
2026-08-01 19:12:48,759 [ERROR] fetch_moneyflow_dc.py:170 获取 20250208~20250208 板块资金流向失败: 抱歉，您访问接口(moneyflow_ind_dc)频率超限(500次/分钟)，具体频次详情：https://tushare.pro/document/1?doc_id=108。
2026-08-01 19:12:48,760 [ERROR] fetch_moneyflow_dc.py:378 20250208 处理失败: 抱歉，您访问接口(moneyflow_ind_dc)频率超限(500次/分钟)，具体频次详情：https://tushare.pro/document/1?doc_id=108。
2026-08-01 19:12:48,775 [ERROR] fetch_moneyflow_dc.py:170 获取 20250209~20250209 板块资金流向失败: 抱歉，您访问接口(moneyflow_ind_dc)频率超限(500次/分钟)，具体频次详情：https://tushare.pro/document/1?doc_id=108。
2026-08-01 19:12:48,776 [ERROR] fetch_moneyflow_dc.py:378 20250209 处理失败: 抱歉，您访问接口(moneyflow_ind_dc)频率超限(500次/分钟)，具体频次详情：https://tushare.pro/document/1?doc_id=108。
2026-08-01 19:12:48,810 [ERROR] fetch_moneyflow_dc.py:170 获取 20250215~20250215 板块资金流向失败: 抱歉，您访问接口(moneyflow_ind_dc)频率超限(500次/分钟)，具体频次详情：https://tushare.pro/document/1?doc_id=108。
2026-08-01 19:12:48,810 [ERROR] fetch_moneyflow_dc.py:378 20250215 处理失败: 抱歉，您访问接口(moneyflow_ind_dc)频率超限(500次/分钟)，具体频次详情：https://tushare.pro/document/1?doc_id=108。
2026-08-01 19:12:48,822 [ERROR] fetch_moneyflow_dc.py:170 获取 20250216~20250216 板块资金流向失败: 抱歉，您访问接口(moneyflow_ind_dc)频率超限(500次/分钟)，具体频次详情：https://tushare.pro/document/1?doc_id=108。
2026-08-01 19:12:48,823 [ERROR] fetch_moneyflow_dc.py:378 20250216 处理失败: 抱歉，您访问接口(moneyflow_ind_dc)频率超限(500次/分钟)，具体频次详情：https://tushare.pro/document/1?doc_id=108。
2026-08-01 19:12:48,866 [ERROR] fetch_moneyflow_dc.py:170 获取 20250223~20250223 板块资金流向失败: 抱歉，您访问接口(moneyflow_ind_dc)频率超限(500次/分钟)，具体频次详情：https://tushare.pro/document/1?doc_id=108。
2026-08-01 19:12:48,866 [ERROR] fetch_moneyflow_dc.py:378 20250223 处理失败: 抱歉，您访问接口(moneyflow_ind_dc)频率超限(500次/分钟)，具体频次详情：https://tushare.pro/document/1?doc_id=108。
2026-08-01 19:12:48,880 [ERROR] fetch_moneyflow_dc.py:170 获取 20250222~20250222 板块资金流向失败: 抱歉，您访问接口(moneyflow_ind_dc)频率超限(500次/分钟)，具体频次详情：https://tushare.pro/document/1?doc_id=108。
2026-08-01 19:12:48,880 [ERROR] fetch_moneyflow_dc.py:378 20250222 处理失败: 抱歉，您访问接口(moneyflow_ind_dc)频率超限(500次/分钟)，具体频次详情：https://tushare.pro/document/1?doc_id=108。
2026-08-01 19:12:48,912 [ERROR] fetch_moneyflow_dc.py:170 获取 20250301~20250301 板块资金流向失败: 抱歉，您访问接口(moneyflow_ind_dc)频率超限(500次/分钟)，具体频次详情：https://tushare.pro/document/1?doc_id=108。
2026-08-01 19:12:48,913 [ERROR] fetch_moneyflow_dc.py:378 20250301 处理失败: 抱歉，您访问接口(moneyflow_ind_dc)频率超限(500次/分钟)，具体频次详情：https://tushare.pro/document/1?doc_id=108。
2026-08-01 19:12:48,924 [ERROR] fetch_moneyflow_dc.py:170 获取 20250302~20250302 板块资金流向失败: 抱歉，您访问接口(moneyflow_ind_dc)频率超限(500次/分钟)，具体频次详情：https://tushare.pro/document/1?doc_id=108。
2026-08-01 19:12:48,924 [ERROR] fetch_moneyflow_dc.py:378 20250302 处理失败: 抱歉，您访问接口(moneyflow_ind_dc)频率超限(500次/分钟)，具体频次详情：https://tushare.pro/document/1?doc_id=108。
2026-08-01 19:12:48,958 [ERROR] fetch_moneyflow_dc.py:170 获取 20250308~20250308 板块资金流向失败: 抱歉，您访问接口(moneyflow_ind_dc)频率超限(500次/分钟)，具体频次详情：https://tushare.pro/document/1?doc_id=108。
2026-08-01 19:12:48,959 [ERROR] fetch_moneyflow_dc.py:378 20250308 处理失败: 抱歉，您访问接口(moneyflow_ind_dc)频率超限(500次/分钟)，具体频次详情：https://tushare.pro/document/1?doc_id=108。
2026-08-01 19:12:48,976 [ERROR] fetch_moneyflow_dc.py:170 获取 20250309~20250309 板块资金流向失败: 抱歉，您访问接口(moneyflow_ind_dc)频率超限(500次/分钟)，具体频次详情：https://tushare.pro/document/1?doc_id=108。
2026-08-01 19:12:48,976 [ERROR] fetch_moneyflow_dc.py:378 20250309 处理失败: 抱歉，您访问接口(moneyflow_ind_dc)频率超限(500次/分钟)，具体频次详情：https://tushare.pro/document/1?doc_id=108。
2026-08-01 19:12:49,008 [ERROR] fetch_moneyflow_dc.py:170 获取 20250310~20250310 板块资金流向失败: 抱歉，您访问接口(moneyflow_ind_dc)频率超限(500次/分钟)，具体频次详情：https://tushare.pro/document/1?doc_id=108。
2026-08-01 19:12:49,008 [ERROR] fetch_moneyflow_dc.py:378 20250310 处理失败: 抱歉，您访问接口(moneyflow_ind_dc)频率超限(500次/分钟)，具体频次详情：https://tushare.pro/document/1?doc_id=108。
2026-08-01 19:12:49,025 [ERROR] fetch_moneyflow_dc.py:170 获取 20250311~20250311 板块资金流向失败: 抱歉，您访问接口(moneyflow_ind_dc)频率超限(500次/分钟)，具体频次详情：https://tushare.pro/document/1?doc_id=108。
2026-08-01 19:12:49,026 [ERROR] fetch_moneyflow_dc.py:378 20250311 处理失败: 抱歉，您访问接口(moneyflow_ind_dc)频率超限(500次/分钟)，具体频次详情：https://tushare.pro/document/1?doc_id=108。
2026-08-01 19:12:49,059 [ERROR] fetch_moneyflow_dc.py:170 获取 20250312~20250312 板块资金流向失败: 抱歉，您访问接口(moneyflow_ind_dc)频率超限(500次/分钟)，具体频次详情：https://tushare.pro/document/1?doc_id=108。
2026-08-01 19:12:49,060 [ERROR] fetch_moneyflow_dc.py:378 20250312 处理失败: 抱歉，您访问接口(moneyflow_ind_dc)频率超限(500次/分钟)，具体频次详情：https://tushare.pro/document/1?doc_id=108。
2026-08-01 19:12:49,075 [ERROR] fetch_moneyflow_dc.py:170 获取 20250313~20250313 板块资金流向失败: 抱歉，您访问接口(moneyflow_ind_dc)频率超限(500次/分钟)，具体频次详情：https://tushare.pro/document/1?doc_id=108。
2026-08-01 19:12:49,076 [ERROR] fetch_moneyflow_dc.py:378 20250313 处理失败: 抱歉，您访问接口(moneyflow_ind_dc)频率超限(500次/分钟)，具体频次详情：https://tushare.pro/document/1?doc_id=108。
2026-08-01 19:12:49,106 [ERROR] fetch_moneyflow_dc.py:170 获取 20250314~20250314 板块资金流向失败: 抱歉，您访问接口(moneyflow_ind_dc)频率超限(500次/分钟)，具体频次详情：https://tushare.pro/document/1?doc_id=108。
2026-08-01 19:12:49,106 [ERROR] fetch_moneyflow_dc.py:378 20250314 处理失败: 抱歉，您访问接口(moneyflow_ind_dc)频率超限(500次/分钟)，具体频次详情：https://tushare.pro/document/1?doc_id=108。
2026-08-01 19:12:49,121 [ERROR] fetch_moneyflow_dc.py:170 获取 20250315~20250315 板块资金流向失败: 抱歉，您访问接口(moneyflow_ind_dc)频率超限(500次/分钟)，具体频次详情：https://tushare.pro/document/1?doc_id=108。
2026-08-01 19:12:49,121 [ERROR] fetch_moneyflow_dc.py:378 20250315 处理失败: 抱歉，您访问接口(moneyflow_ind_dc)频率超限(500次/分钟)，具体频次详情：https://tushare.pro/document/1?doc_id=108。
2026-08-01 19:12:49,153 [ERROR] fetch_moneyflow_dc.py:170 获取 20250316~20250316 板块资金流向失败: 抱歉，您访问接口(moneyflow_ind_dc)频率超限(500次/分钟)，具体频次详情：https://tushare.pro/document/1?doc_id=108。
2026-08-01 19:12:49,153 [ERROR] fetch_moneyflow_dc.py:378 20250316 处理失败: 抱歉，您访问接口(moneyflow_ind_dc)频率超限(500次/分钟)，具体频次详情：https://tushare.pro/document/1?doc_id=108。
2026-08-01 19:12:49,169 [ERROR] fetch_moneyflow_dc.py:170 获取 20250317~20250317 板块资金流向失败: 抱歉，您访问接口(moneyflow_ind_dc)频率超限(500次/分钟)，具体频次详情：https://tushare.pro/document/1?doc_id=108。
2026-08-01 19:12:49,169 [ERROR] fetch_moneyflow_dc.py:378 20250317 处理失败: 抱歉，您访问接口(moneyflow_ind_dc)频率超限(500次/分钟)，具体频次详情：https://tushare.pro/document/1?doc_id=108。
2026-08-01 19:12:49,205 [ERROR] fetch_moneyflow_dc.py:170 获取 20250318~20250318 板块资金流向失败: 抱歉，您访问接口(moneyflow_ind_dc)频率超限(500次/分钟)，具体频次详情：https://tushare.pro/document/1?doc_id=108。
2026-08-01 19:12:49,206 [ERROR] fetch_moneyflow_dc.py:378 20250318 处理失败: 抱歉，您访问接口(moneyflow_ind_dc)频率超限(500次/分钟)，具体频次详情：https://tushare.pro/document/1?doc_id=108。
2026-08-01 19:12:49,218 [ERROR] fetch_moneyflow_dc.py:170 获取 20250319~20250319 板块资金流向失败: 抱歉，您访问接口(moneyflow_ind_dc)频率超限(500次/分钟)，具体频次详情：https://tushare.pro/document/1?doc_id=108。
2026-08-01 19:12:49,218 [ERROR] fetch_moneyflow_dc.py:378 20250319 处理失败: 抱歉，您访问接口(moneyflow_ind_dc)频率超限(500次/分钟)，具体频次详情：https://tushare.pro/document/1?doc_id=108。
2026-08-01 19:12:49,263 [ERROR] fetch_moneyflow_dc.py:170 获取 20250320~20250320 板块资金流向失败: 抱歉，您访问接口(moneyflow_ind_dc)频率超限(500次/分钟)，具体频次详情：https://tushare.pro/document/1?doc_id=108。
2026-08-01 19:12:49,263 [ERROR] fetch_moneyflow_dc.py:378 20250320 处理失败: 抱歉，您访问接口(moneyflow_ind_dc)频率超限(500次/分钟)，具体频次详情：https://tushare.pro/document/1?doc_id=108。
2026-08-01 19:12:49,265 [ERROR] fetch_moneyflow_dc.py:170 获取 20250321~20250321 板块资金流向失败: 抱歉，您访问接口(moneyflow_ind_dc)频率超限(500次/分钟)，具体频次详情：https://tushare.pro/document/1?doc_id=108。
2026-08-01 19:12:49,265 [ERROR] fetch_moneyflow_dc.py:378 20250321 处理失败: 抱歉，您访问接口(moneyflow_ind_dc)频率超限(500次/分钟)，具体频次详情：https://tushare.pro/document/1?doc_id=108。
2026-08-01 19:12:49,313 [ERROR] fetch_moneyflow_dc.py:170 获取 20250323~20250323 板块资金流向失败: 抱歉，您访问接口(moneyflow_ind_dc)频率超限(500次/分钟)，具体频次详情：https://tushare.pro/document/1?doc_id=108。
2026-08-01 19:12:49,314 [ERROR] fetch_moneyflow_dc.py:170 获取 20250322~20250322 板块资金流向失败: 抱歉，您访问接口(moneyflow_ind_dc)频率超限(500次/分钟)，具体频次详情：https://tushare.pro/document/1?doc_id=108。
2026-08-01 19:12:49,314 [ERROR] fetch_moneyflow_dc.py:378 20250323 处理失败: 抱歉，您访问接口(moneyflow_ind_dc)频率超限(500次/分钟)，具体频次详情：https://tushare.pro/document/1?doc_id=108。
2026-08-01 19:12:49,315 [ERROR] fetch_moneyflow_dc.py:378 20250322 处理失败: 抱歉，您访问接口(moneyflow_ind_dc)频率超限(500次/分钟)，具体频次详情：https://tushare.pro/document/1?doc_id=108。
2026-08-01 19:12:49,359 [ERROR] fetch_moneyflow_dc.py:170 获取 20250325~20250325 板块资金流向失败: 抱歉，您访问接口(moneyflow_ind_dc)频率超限(500次/分钟)，具体频次详情：https://tushare.pro/document/1?doc_id=108。
2026-08-01 19:12:49,359 [ERROR] fetch_moneyflow_dc.py:378 20250325 处理失败: 抱歉，您访问接口(moneyflow_ind_dc)频率超限(500次/分钟)，具体频次详情：https://tushare.pro/document/1?doc_id=108。
2026-08-01 19:12:49,365 [ERROR] fetch_moneyflow_dc.py:170 获取 20250324~20250324 板块资金流向失败: 抱歉，您访问接口(moneyflow_ind_dc)频率超限(500次/分钟)，具体频次详情：https://tushare.pro/document/1?doc_id=108。
2026-08-01 19:12:49,365 [ERROR] fetch_moneyflow_dc.py:378 20250324 处理失败: 抱歉，您访问接口(moneyflow_ind_dc)频率超限(500次/分钟)，具体频次详情：https://tushare.pro/document/1?doc_id=108。
2026-08-01 19:12:49,411 [ERROR] fetch_moneyflow_dc.py:170 获取 20250326~20250326 板块资金流向失败: 抱歉，您访问接口(moneyflow_ind_dc)频率超限(500次/分钟)，具体频次详情：https://tushare.pro/document/1?doc_id=108。
2026-08-01 19:12:49,412 [ERROR] fetch_moneyflow_dc.py:170 获取 20250327~20250327 板块资金流向失败: 抱歉，您访问接口(moneyflow_ind_dc)频率超限(500次/分钟)，具体频次详情：https://tushare.pro/document/1?doc_id=108。
2026-08-01 19:12:49,412 [ERROR] fetch_moneyflow_dc.py:378 20250326 处理失败: 抱歉，您访问接口(moneyflow_ind_dc)频率超限(500次/分钟)，具体频次详情：https://tushare.pro/document/1?doc_id=108。
2026-08-01 19:12:49,412 [ERROR] fetch_moneyflow_dc.py:378 20250327 处理失败: 抱歉，您访问接口(moneyflow_ind_dc)频率超限(500次/分钟)，具体频次详情：https://tushare.pro/document/1?doc_id=108。
2026-08-01 19:12:49,459 [ERROR] fetch_moneyflow_dc.py:170 获取 20250328~20250328 板块资金流向失败: 抱歉，您访问接口(moneyflow_ind_dc)频率超限(500次/分钟)，具体频次详情：https://tushare.pro/document/1?doc_id=108。
2026-08-01 19:12:49,460 [ERROR] fetch_moneyflow_dc.py:170 获取 20250329~20250329 板块资金流向失败: 抱歉，您访问接口(moneyflow_ind_dc)频率超限(500次/分钟)，具体频次详情：https://tushare.pro/document/1?doc_id=108。
2026-08-01 19:12:49,460 [ERROR] fetch_moneyflow_dc.py:378 20250328 处理失败: 抱歉，您访问接口(moneyflow_ind_dc)频率超限(500次/分钟)，具体频次详情：https://tushare.pro/document/1?doc_id=108。
2026-08-01 19:12:49,461 [ERROR] fetch_moneyflow_dc.py:378 20250329 处理失败: 抱歉，您访问接口(moneyflow_ind_dc)频率超限(500次/分钟)，具体频次详情：https://tushare.pro/document/1?doc_id=108。
2026-08-01 19:12:49,510 [ERROR] fetch_moneyflow_dc.py:170 获取 20250330~20250330 板块资金流向失败: 抱歉，您访问接口(moneyflow_ind_dc)频率超限(500次/分钟)，具体频次详情：https://tushare.pro/document/1?doc_id=108。
2026-08-01 19:12:49,510 [ERROR] fetch_moneyflow_dc.py:378 20250330 处理失败: 抱歉，您访问接口(moneyflow_ind_dc)频率超限(500次/分钟)，具体频次详情：https://tushare.pro/document/1?doc_id=108。
2026-08-01 19:12:49,512 [ERROR] fetch_moneyflow_dc.py:170 获取 20250331~20250331 板块资金流向失败: 抱歉，您访问接口(moneyflow_ind_dc)频率超限(500次/分钟)，具体频次详情：https://tushare.pro/document/1?doc_id=108。
2026-08-01 19:12:49,512 [ERROR] fetch_moneyflow_dc.py:378 20250331 处理失败: 抱歉，您访问接口(moneyflow_ind_dc)频率超限(500次/分钟)，具体频次详情：https://tushare.pro/document/1?doc_id=108。
2026-08-01 19:12:49,560 [ERROR] fetch_moneyflow_dc.py:170 获取 20250401~20250401 板块资金流向失败: 抱歉，您访问接口(moneyflow_ind_dc)频率超限(500次/分钟)，具体频次详情：https://tushare.pro/document/1?doc_id=108。
2026-08-01 19:12:49,560 [ERROR] fetch_moneyflow_dc.py:378 20250401 处理失败: 抱歉，您访问接口(moneyflow_ind_dc)频率超限(500次/分钟)，具体频次详情：https://tushare.pro/document/1?doc_id=108。
2026-08-01 19:12:49,566 [ERROR] fetch_moneyflow_dc.py:170 获取 20250402~20250402 板块资金流向失败: 抱歉，您访问接口(moneyflow_ind_dc)频率超限(500次/分钟)，具体频次详情：https://tushare.pro/document/1?doc_id=108。
2026-08-01 19:12:49,566 [ERROR] fetch_moneyflow_dc.py:378 20250402 处理失败: 抱歉，您访问接口(moneyflow_ind_dc)频率超限(500次/分钟)，具体频次详情：https://tushare.pro/document/1?doc_id=108。
2026-08-01 19:12:49,610 [ERROR] fetch_moneyflow_dc.py:170 获取 20250403~20250403 板块资金流向失败: 抱歉，您访问接口(moneyflow_ind_dc)频率超限(500次/分钟)，具体频次详情：https://tushare.pro/document/1?doc_id=108。
2026-08-01 19:12:49,611 [ERROR] fetch_moneyflow_dc.py:378 20250403 处理失败: 抱歉，您访问接口(moneyflow_ind_dc)频率超限(500次/分钟)，具体频次详情：https://tushare.pro/document/1?doc_id=108。
2026-08-01 19:12:49,615 [ERROR] fetch_moneyflow_dc.py:170 获取 20250404~20250404 板块资金流向失败: 抱歉，您访问接口(moneyflow_ind_dc)频率超限(500次/分钟)，具体频次详情：https://tushare.pro/document/1?doc_id=108。
2026-08-01 19:12:49,615 [ERROR] fetch_moneyflow_dc.py:378 20250404 处理失败: 抱歉，您访问接口(moneyflow_ind_dc)频率超限(500次/分钟)，具体频次详情：https://tushare.pro/document/1?doc_id=108。
2026-08-01 19:12:49,661 [ERROR] fetch_moneyflow_dc.py:170 获取 20250406~20250406 板块资金流向失败: 抱歉，您访问接口(moneyflow_ind_dc)频率超限(500次/分钟)，具体频次详情：https://tushare.pro/document/1?doc_id=108。
2026-08-01 19:12:49,661 [ERROR] fetch_moneyflow_dc.py:378 20250406 处理失败: 抱歉，您访问接口(moneyflow_ind_dc)频率超限(500次/分钟)，具体频次详情：https://tushare.pro/document/1?doc_id=108。
2026-08-01 19:12:49,662 [ERROR] fetch_moneyflow_dc.py:170 获取 20250405~20250405 板块资金流向失败: 抱歉，您访问接口(moneyflow_ind_dc)频率超限(500次/分钟)，具体频次详情：https://tushare.pro/document/1?doc_id=108。
2026-08-01 19:12:49,662 [ERROR] fetch_moneyflow_dc.py:378 20250405 处理失败: 抱歉，您访问接口(moneyflow_ind_dc)频率超限(500次/分钟)，具体频次详情：https://tushare.pro/document/1?doc_id=108。
2026-08-01 19:12:49,709 [ERROR] fetch_moneyflow_dc.py:170 获取 20250407~20250407 板块资金流向失败: 抱歉，您访问接口(moneyflow_ind_dc)频率超限(500次/分钟)，具体频次详情：https://tushare.pro/document/1?doc_id=108。
2026-08-01 19:12:49,710 [ERROR] fetch_moneyflow_dc.py:378 20250407 处理失败: 抱歉，您访问接口(moneyflow_ind_dc)频率超限(500次/分钟)，具体频次详情：https://tushare.pro/document/1?doc_id=108。
2026-08-01 19:12:49,710 [ERROR] fetch_moneyflow_dc.py:170 获取 20250408~20250408 板块资金流向失败: 抱歉，您访问接口(moneyflow_ind_dc)频率超限(500次/分钟)，具体频次详情：https://tushare.pro/document/1?doc_id=108。
2026-08-01 19:12:49,711 [ERROR] fetch_moneyflow_dc.py:378 20250408 处理失败: 抱歉，您访问接口(moneyflow_ind_dc)频率超限(500次/分钟)，具体频次详情：https://tushare.pro/document/1?doc_id=108。
2026-08-01 19:12:49,757 [ERROR] fetch_moneyflow_dc.py:170 获取 20250410~20250410 板块资金流向失败: 抱歉，您访问接口(moneyflow_ind_dc)频率超限(500次/分钟)，具体频次详情：https://tushare.pro/document/1?doc_id=108。
2026-08-01 19:12:49,758 [ERROR] fetch_moneyflow_dc.py:378 20250410 处理失败: 抱歉，您访问接口(moneyflow_ind_dc)频率超限(500次/分钟)，具体频次详情：https://tushare.pro/document/1?doc_id=108。
2026-08-01 19:12:49,759 [ERROR] fetch_moneyflow_dc.py:170 获取 20250409~20250409 板块资金流向失败: 抱歉，您访问接口(moneyflow_ind_dc)频率超限(500次/分钟)，具体频次详情：https://tushare.pro/document/1?doc_id=108。
2026-08-01 19:12:49,759 [ERROR] fetch_moneyflow_dc.py:378 20250409 处理失败: 抱歉，您访问接口(moneyflow_ind_dc)频率超限(500次/分钟)，具体频次详情：https://tushare.pro/document/1?doc_id=108。
2026-08-01 19:12:49,804 [ERROR] fetch_moneyflow_dc.py:170 获取 20250411~20250411 板块资金流向失败: 抱歉，您访问接口(moneyflow_ind_dc)频率超限(500次/分钟)，具体频次详情：https://tushare.pro/document/1?doc_id=108。
2026-08-01 19:12:49,805 [ERROR] fetch_moneyflow_dc.py:378 20250411 处理失败: 抱歉，您访问接口(moneyflow_ind_dc)频率超限(500次/分钟)，具体频次详情：https://tushare.pro/document/1?doc_id=108。
2026-08-01 19:12:49,808 [ERROR] fetch_moneyflow_dc.py:170 获取 20250412~20250412 板块资金流向失败: 抱歉，您访问接口(moneyflow_ind_dc)频率超限(500次/分钟)，具体频次详情：https://tushare.pro/document/1?doc_id=108。
2026-08-01 19:12:49,808 [ERROR] fetch_moneyflow_dc.py:378 20250412 处理失败: 抱歉，您访问接口(moneyflow_ind_dc)频率超限(500次/分钟)，具体频次详情：https://tushare.pro/document/1?doc_id=108。
2026-08-01 19:12:49,855 [ERROR] fetch_moneyflow_dc.py:170 获取 20250413~20250413 板块资金流向失败: 抱歉，您访问接口(moneyflow_ind_dc)频率超限(500次/分钟)，具体频次详情：https://tushare.pro/document/1?doc_id=108。
2026-08-01 19:12:49,855 [ERROR] fetch_moneyflow_dc.py:378 20250413 处理失败: 抱歉，您访问接口(moneyflow_ind_dc)频率超限(500次/分钟)，具体频次详情：https://tushare.pro/document/1?doc_id=108。
2026-08-01 19:12:49,857 [ERROR] fetch_moneyflow_dc.py:170 获取 20250414~20250414 板块资金流向失败: 抱歉，您访问接口(moneyflow_ind_dc)频率超限(500次/分钟)，具体频次详情：https://tushare.pro/document/1?doc_id=108。
2026-08-01 19:12:49,857 [ERROR] fetch_moneyflow_dc.py:378 20250414 处理失败: 抱歉，您访问接口(moneyflow_ind_dc)频率超限(500次/分钟)，具体频次详情：https://tushare.pro/document/1?doc_id=108。
2026-08-01 19:12:49,904 [ERROR] fetch_moneyflow_dc.py:170 获取 20250415~20250415 板块资金流向失败: 抱歉，您访问接口(moneyflow_ind_dc)频率超限(500次/分钟)，具体频次详情：https://tushare.pro/document/1?doc_id=108。
2026-08-01 19:12:49,905 [ERROR] fetch_moneyflow_dc.py:170 获取 20250416~20250416 板块资金流向失败: 抱歉，您访问接口(moneyflow_ind_dc)频率超限(500次/分钟)，具体频次详情：https://tushare.pro/document/1?doc_id=108。
2026-08-01 19:12:49,905 [ERROR] fetch_moneyflow_dc.py:378 20250415 处理失败: 抱歉，您访问接口(moneyflow_ind_dc)频率超限(500次/分钟)，具体频次详情：https://tushare.pro/document/1?doc_id=108。
2026-08-01 19:12:49,905 [ERROR] fetch_moneyflow_dc.py:378 20250416 处理失败: 抱歉，您访问接口(moneyflow_ind_dc)频率超限(500次/分钟)，具体频次详情：https://tushare.pro/document/1?doc_id=108。
2026-08-01 19:12:49,951 [ERROR] fetch_moneyflow_dc.py:170 获取 20250417~20250417 板块资金流向失败: 抱歉，您访问接口(moneyflow_ind_dc)频率超限(500次/分钟)，具体频次详情：https://tushare.pro/document/1?doc_id=108。
2026-08-01 19:12:49,952 [ERROR] fetch_moneyflow_dc.py:378 20250417 处理失败: 抱歉，您访问接口(moneyflow_ind_dc)频率超限(500次/分钟)，具体频次详情：https://tushare.pro/document/1?doc_id=108。
2026-08-01 19:12:49,958 [ERROR] fetch_moneyflow_dc.py:170 获取 20250418~20250418 板块资金流向失败: 抱歉，您访问接口(moneyflow_ind_dc)频率超限(500次/分钟)，具体频次详情：https://tushare.pro/document/1?doc_id=108。
2026-08-01 19:12:49,958 [ERROR] fetch_moneyflow_dc.py:378 20250418 处理失败: 抱歉，您访问接口(moneyflow_ind_dc)频率超限(500次/分钟)，具体频次详情：https://tushare.pro/document/1?doc_id=108。
2026-08-01 19:12:50,000 [ERROR] fetch_moneyflow_dc.py:170 获取 20250419~20250419 板块资金流向失败: 抱歉，您访问接口(moneyflow_ind_dc)频率超限(500次/分钟)，具体频次详情：https://tushare.pro/document/1?doc_id=108。
2026-08-01 19:12:50,001 [ERROR] fetch_moneyflow_dc.py:378 20250419 处理失败: 抱歉，您访问接口(moneyflow_ind_dc)频率超限(500次/分钟)，具体频次详情：https://tushare.pro/document/1?doc_id=108。
2026-08-01 19:12:50,006 [ERROR] fetch_moneyflow_dc.py:170 获取 20250420~20250420 板块资金流向失败: 抱歉，您访问接口(moneyflow_ind_dc)频率超限(500次/分钟)，具体频次详情：https://tushare.pro/document/1?doc_id=108。
2026-08-01 19:12:50,006 [ERROR] fetch_moneyflow_dc.py:378 20250420 处理失败: 抱歉，您访问接口(moneyflow_ind_dc)频率超限(500次/分钟)，具体频次详情：https://tushare.pro/document/1?doc_id=108。
2026-08-01 19:12:50,046 [ERROR] fetch_moneyflow_dc.py:170 获取 20250421~20250421 板块资金流向失败: 抱歉，您访问接口(moneyflow_ind_dc)频率超限(500次/分钟)，具体频次详情：https://tushare.pro/document/1?doc_id=108。
2026-08-01 19:12:50,047 [ERROR] fetch_moneyflow_dc.py:378 20250421 处理失败: 抱歉，您访问接口(moneyflow_ind_dc)频率超限(500次/分钟)，具体频次详情：https://tushare.pro/document/1?doc_id=108。
2026-08-01 19:12:50,055 [ERROR] fetch_moneyflow_dc.py:170 获取 20250422~20250422 板块资金流向失败: 抱歉，您访问接口(moneyflow_ind_dc)频率超限(500次/分钟)，具体频次详情：https://tushare.pro/document/1?doc_id=108。
2026-08-01 19:12:50,055 [ERROR] fetch_moneyflow_dc.py:378 20250422 处理失败: 抱歉，您访问接口(moneyflow_ind_dc)频率超限(500次/分钟)，具体频次详情：https://tushare.pro/document/1?doc_id=108。
2026-08-01 19:12:50,099 [ERROR] fetch_moneyflow_dc.py:170 获取 20250423~20250423 板块资金流向失败: 抱歉，您访问接口(moneyflow_ind_dc)频率超限(500次/分钟)，具体频次详情：https://tushare.pro/document/1?doc_id=108。
2026-08-01 19:12:50,099 [ERROR] fetch_moneyflow_dc.py:378 20250423 处理失败: 抱歉，您访问接口(moneyflow_ind_dc)频率超限(500次/分钟)，具体频次详情：https://tushare.pro/document/1?doc_id=108。
2026-08-01 19:12:50,101 [ERROR] fetch_moneyflow_dc.py:170 获取 20250424~20250424 板块资金流向失败: 抱歉，您访问接口(moneyflow_ind_dc)频率超限(500次/分钟)，具体频次详情：https://tushare.pro/document/1?doc_id=108。
2026-08-01 19:12:50,102 [ERROR] fetch_moneyflow_dc.py:378 20250424 处理失败: 抱歉，您访问接口(moneyflow_ind_dc)频率超限(500次/分钟)，具体频次详情：https://tushare.pro/document/1?doc_id=108。
2026-08-01 19:12:50,150 [ERROR] fetch_moneyflow_dc.py:170 获取 20250425~20250425 板块资金流向失败: 抱歉，您访问接口(moneyflow_ind_dc)频率超限(500次/分钟)，具体频次详情：https://tushare.pro/document/1?doc_id=108。
2026-08-01 19:12:50,150 [ERROR] fetch_moneyflow_dc.py:378 20250425 处理失败: 抱歉，您访问接口(moneyflow_ind_dc)频率超限(500次/分钟)，具体频次详情：https://tushare.pro/document/1?doc_id=108。
2026-08-01 19:12:50,153 [ERROR] fetch_moneyflow_dc.py:170 获取 20250426~20250426 板块资金流向失败: 抱歉，您访问接口(moneyflow_ind_dc)频率超限(500次/分钟)，具体频次详情：https://tushare.pro/document/1?doc_id=108。
2026-08-01 19:12:50,154 [ERROR] fetch_moneyflow_dc.py:378 20250426 处理失败: 抱歉，您访问接口(moneyflow_ind_dc)频率超限(500次/分钟)，具体频次详情：https://tushare.pro/document/1?doc_id=108。
2026-08-01 19:12:50,200 [ERROR] fetch_moneyflow_dc.py:170 获取 20250427~20250427 板块资金流向失败: 抱歉，您访问接口(moneyflow_ind_dc)频率超限(500次/分钟)，具体频次详情：https://tushare.pro/document/1?doc_id=108。
2026-08-01 19:12:50,201 [ERROR] fetch_moneyflow_dc.py:378 20250427 处理失败: 抱歉，您访问接口(moneyflow_ind_dc)频率超限(500次/分钟)，具体频次详情：https://tushare.pro/document/1?doc_id=108。
2026-08-01 19:12:50,215 [ERROR] fetch_moneyflow_dc.py:170 获取 20250428~20250428 板块资金流向失败: 抱歉，您访问接口(moneyflow_ind_dc)频率超限(500次/分钟)，具体频次详情：https://tushare.pro/document/1?doc_id=108。
2026-08-01 19:12:50,215 [ERROR] fetch_moneyflow_dc.py:378 20250428 处理失败: 抱歉，您访问接口(moneyflow_ind_dc)频率超限(500次/分钟)，具体频次详情：https://tushare.pro/document/1?doc_id=108。
2026-08-01 19:12:50,258 [ERROR] fetch_moneyflow_dc.py:170 获取 20250429~20250429 板块资金流向失败: 抱歉，您访问接口(moneyflow_ind_dc)频率超限(500次/分钟)，具体频次详情：https://tushare.pro/document/1?doc_id=108。
2026-08-01 19:12:50,258 [ERROR] fetch_moneyflow_dc.py:378 20250429 处理失败: 抱歉，您访问接口(moneyflow_ind_dc)频率超限(500次/分钟)，具体频次详情：https://tushare.pro/document/1?doc_id=108。
2026-08-01 19:12:50,266 [ERROR] fetch_moneyflow_dc.py:170 获取 20250430~20250430 板块资金流向失败: 抱歉，您访问接口(moneyflow_ind_dc)频率超限(500次/分钟)，具体频次详情：https://tushare.pro/document/1?doc_id=108。
2026-08-01 19:12:50,266 [ERROR] fetch_moneyflow_dc.py:378 20250430 处理失败: 抱歉，您访问接口(moneyflow_ind_dc)频率超限(500次/分钟)，具体频次详情：https://tushare.pro/document/1?doc_id=108。
2026-08-01 19:12:50,311 [ERROR] fetch_moneyflow_dc.py:170 获取 20250501~20250501 板块资金流向失败: 抱歉，您访问接口(moneyflow_ind_dc)频率超限(500次/分钟)，具体频次详情：https://tushare.pro/document/1?doc_id=108。
2026-08-01 19:12:50,311 [ERROR] fetch_moneyflow_dc.py:378 20250501 处理失败: 抱歉，您访问接口(moneyflow_ind_dc)频率超限(500次/分钟)，具体频次详情：https://tushare.pro/document/1?doc_id=108。
2026-08-01 19:12:50,317 [ERROR] fetch_moneyflow_dc.py:170 获取 20250502~20250502 板块资金流向失败: 抱歉，您访问接口(moneyflow_ind_dc)频率超限(500次/分钟)，具体频次详情：https://tushare.pro/document/1?doc_id=108。
2026-08-01 19:12:50,318 [ERROR] fetch_moneyflow_dc.py:378 20250502 处理失败: 抱歉，您访问接口(moneyflow_ind_dc)频率超限(500次/分钟)，具体频次详情：https://tushare.pro/document/1?doc_id=108。
2026-08-01 19:12:50,358 [ERROR] fetch_moneyflow_dc.py:170 获取 20250503~20250503 板块资金流向失败: 抱歉，您访问接口(moneyflow_ind_dc)频率超限(500次/分钟)，具体频次详情：https://tushare.pro/document/1?doc_id=108。
2026-08-01 19:12:50,358 [ERROR] fetch_moneyflow_dc.py:378 20250503 处理失败: 抱歉，您访问接口(moneyflow_ind_dc)频率超限(500次/分钟)，具体频次详情：https://tushare.pro/document/1?doc_id=108。
2026-08-01 19:12:50,369 [ERROR] fetch_moneyflow_dc.py:170 获取 20250504~20250504 板块资金流向失败: 抱歉，您访问接口(moneyflow_ind_dc)频率超限(500次/分钟)，具体频次详情：https://tushare.pro/document/1?doc_id=108。
2026-08-01 19:12:50,370 [ERROR] fetch_moneyflow_dc.py:378 20250504 处理失败: 抱歉，您访问接口(moneyflow_ind_dc)频率超限(500次/分钟)，具体频次详情：https://tushare.pro/document/1?doc_id=108。
2026-08-01 19:12:50,409 [ERROR] fetch_moneyflow_dc.py:170 获取 20250505~20250505 板块资金流向失败: 抱歉，您访问接口(moneyflow_ind_dc)频率超限(500次/分钟)，具体频次详情：https://tushare.pro/document/1?doc_id=108。
2026-08-01 19:12:50,409 [ERROR] fetch_moneyflow_dc.py:378 20250505 处理失败: 抱歉，您访问接口(moneyflow_ind_dc)频率超限(500次/分钟)，具体频次详情：https://tushare.pro/document/1?doc_id=108。
2026-08-01 19:12:50,416 [ERROR] fetch_moneyflow_dc.py:170 获取 20250506~20250506 板块资金流向失败: 抱歉，您访问接口(moneyflow_ind_dc)频率超限(500次/分钟)，具体频次详情：https://tushare.pro/document/1?doc_id=108。
2026-08-01 19:12:50,417 [ERROR] fetch_moneyflow_dc.py:378 20250506 处理失败: 抱歉，您访问接口(moneyflow_ind_dc)频率超限(500次/分钟)，具体频次详情：https://tushare.pro/document/1?doc_id=108。
2026-08-01 19:12:50,459 [ERROR] fetch_moneyflow_dc.py:170 获取 20250507~20250507 板块资金流向失败: 抱歉，您访问接口(moneyflow_ind_dc)频率超限(500次/分钟)，具体频次详情：https://tushare.pro/document/1?doc_id=108。
2026-08-01 19:12:50,459 [ERROR] fetch_moneyflow_dc.py:378 20250507 处理失败: 抱歉，您访问接口(moneyflow_ind_dc)频率超限(500次/分钟)，具体频次详情：https://tushare.pro/document/1?doc_id=108。
2026-08-01 19:12:50,463 [ERROR] fetch_moneyflow_dc.py:170 获取 20250508~20250508 板块资金流向失败: 抱歉，您访问接口(moneyflow_ind_dc)频率超限(500次/分钟)，具体频次详情：https://tushare.pro/document/1?doc_id=108。
2026-08-01 19:12:50,463 [ERROR] fetch_moneyflow_dc.py:378 20250508 处理失败: 抱歉，您访问接口(moneyflow_ind_dc)频率超限(500次/分钟)，具体频次详情：https://tushare.pro/document/1?doc_id=108。
2026-08-01 19:12:50,512 [ERROR] fetch_moneyflow_dc.py:170 获取 20250510~20250510 板块资金流向失败: 抱歉，您访问接口(moneyflow_ind_dc)频率超限(500次/分钟)，具体频次详情：https://tushare.pro/document/1?doc_id=108。
2026-08-01 19:12:50,512 [ERROR] fetch_moneyflow_dc.py:378 20250510 处理失败: 抱歉，您访问接口(moneyflow_ind_dc)频率超限(500次/分钟)，具体频次详情：https://tushare.pro/document/1?doc_id=108。
2026-08-01 19:12:50,524 [ERROR] fetch_moneyflow_dc.py:170 获取 20250509~20250509 板块资金流向失败: 抱歉，您访问接口(moneyflow_ind_dc)频率超限(500次/分钟)，具体频次详情：https://tushare.pro/document/1?doc_id=108。
2026-08-01 19:12:50,524 [ERROR] fetch_moneyflow_dc.py:378 20250509 处理失败: 抱歉，您访问接口(moneyflow_ind_dc)频率超限(500次/分钟)，具体频次详情：https://tushare.pro/document/1?doc_id=108。
2026-08-01 19:12:50,560 [ERROR] fetch_moneyflow_dc.py:170 获取 20250511~20250511 板块资金流向失败: 抱歉，您访问接口(moneyflow_ind_dc)频率超限(500次/分钟)，具体频次详情：https://tushare.pro/document/1?doc_id=108。
2026-08-01 19:12:50,560 [ERROR] fetch_moneyflow_dc.py:378 20250511 处理失败: 抱歉，您访问接口(moneyflow_ind_dc)频率超限(500次/分钟)，具体频次详情：https://tushare.pro/document/1?doc_id=108。
2026-08-01 19:12:50,569 [ERROR] fetch_moneyflow_dc.py:170 获取 20250512~20250512 板块资金流向失败: 抱歉，您访问接口(moneyflow_ind_dc)频率超限(500次/分钟)，具体频次详情：https://tushare.pro/document/1?doc_id=108。
2026-08-01 19:12:50,570 [ERROR] fetch_moneyflow_dc.py:378 20250512 处理失败: 抱歉，您访问接口(moneyflow_ind_dc)频率超限(500次/分钟)，具体频次详情：https://tushare.pro/document/1?doc_id=108。
2026-08-01 19:12:50,606 [ERROR] fetch_moneyflow_dc.py:170 获取 20250513~20250513 板块资金流向失败: 抱歉，您访问接口(moneyflow_ind_dc)频率超限(500次/分钟)，具体频次详情：https://tushare.pro/document/1?doc_id=108。
2026-08-01 19:12:50,607 [ERROR] fetch_moneyflow_dc.py:378 20250513 处理失败: 抱歉，您访问接口(moneyflow_ind_dc)频率超限(500次/分钟)，具体频次详情：https://tushare.pro/document/1?doc_id=108。
2026-08-01 19:12:50,618 [ERROR] fetch_moneyflow_dc.py:170 获取 20250514~20250514 板块资金流向失败: 抱歉，您访问接口(moneyflow_ind_dc)频率超限(500次/分钟)，具体频次详情：https://tushare.pro/document/1?doc_id=108。
2026-08-01 19:12:50,619 [ERROR] fetch_moneyflow_dc.py:378 20250514 处理失败: 抱歉，您访问接口(moneyflow_ind_dc)频率超限(500次/分钟)，具体频次详情：https://tushare.pro/document/1?doc_id=108。
2026-08-01 19:12:50,653 [ERROR] fetch_moneyflow_dc.py:170 获取 20250515~20250515 板块资金流向失败: 抱歉，您访问接口(moneyflow_ind_dc)频率超限(500次/分钟)，具体频次详情：https://tushare.pro/document/1?doc_id=108。
2026-08-01 19:12:50,653 [ERROR] fetch_moneyflow_dc.py:378 20250515 处理失败: 抱歉，您访问接口(moneyflow_ind_dc)频率超限(500次/分钟)，具体频次详情：https://tushare.pro/document/1?doc_id=108。
2026-08-01 19:12:50,668 [ERROR] fetch_moneyflow_dc.py:170 获取 20250516~20250516 板块资金流向失败: 抱歉，您访问接口(moneyflow_ind_dc)频率超限(500次/分钟)，具体频次详情：https://tushare.pro/document/1?doc_id=108。
2026-08-01 19:12:50,669 [ERROR] fetch_moneyflow_dc.py:378 20250516 处理失败: 抱歉，您访问接口(moneyflow_ind_dc)频率超限(500次/分钟)，具体频次详情：https://tushare.pro/document/1?doc_id=108。
2026-08-01 19:12:50,699 [ERROR] fetch_moneyflow_dc.py:170 获取 20250517~20250517 板块资金流向失败: 抱歉，您访问接口(moneyflow_ind_dc)频率超限(500次/分钟)，具体频次详情：https://tushare.pro/document/1?doc_id=108。
2026-08-01 19:12:50,699 [ERROR] fetch_moneyflow_dc.py:378 20250517 处理失败: 抱歉，您访问接口(moneyflow_ind_dc)频率超限(500次/分钟)，具体频次详情：https://tushare.pro/document/1?doc_id=108。
2026-08-01 19:12:50,716 [ERROR] fetch_moneyflow_dc.py:170 获取 20250518~20250518 板块资金流向失败: 抱歉，您访问接口(moneyflow_ind_dc)频率超限(500次/分钟)，具体频次详情：https://tushare.pro/document/1?doc_id=108。
2026-08-01 19:12:50,717 [ERROR] fetch_moneyflow_dc.py:378 20250518 处理失败: 抱歉，您访问接口(moneyflow_ind_dc)频率超限(500次/分钟)，具体频次详情：https://tushare.pro/document/1?doc_id=108。
2026-08-01 19:12:50,743 [ERROR] fetch_moneyflow_dc.py:170 获取 20250519~20250519 板块资金流向失败: 抱歉，您访问接口(moneyflow_ind_dc)频率超限(500次/分钟)，具体频次详情：https://tushare.pro/document/1?doc_id=108。
2026-08-01 19:12:50,743 [ERROR] fetch_moneyflow_dc.py:378 20250519 处理失败: 抱歉，您访问接口(moneyflow_ind_dc)频率超限(500次/分钟)，具体频次详情：https://tushare.pro/document/1?doc_id=108。
2026-08-01 19:12:50,762 [ERROR] fetch_moneyflow_dc.py:170 获取 20250520~20250520 板块资金流向失败: 抱歉，您访问接口(moneyflow_ind_dc)频率超限(500次/分钟)，具体频次详情：https://tushare.pro/document/1?doc_id=108。
2026-08-01 19:12:50,762 [ERROR] fetch_moneyflow_dc.py:378 20250520 处理失败: 抱歉，您访问接口(moneyflow_ind_dc)频率超限(500次/分钟)，具体频次详情：https://tushare.pro/document/1?doc_id=108。
2026-08-01 19:12:50,793 [ERROR] fetch_moneyflow_dc.py:170 获取 20250521~20250521 板块资金流向失败: 抱歉，您访问接口(moneyflow_ind_dc)频率超限(500次/分钟)，具体频次详情：https://tushare.pro/document/1?doc_id=108。
2026-08-01 19:12:50,794 [ERROR] fetch_moneyflow_dc.py:378 20250521 处理失败: 抱歉，您访问接口(moneyflow_ind_dc)频率超限(500次/分钟)，具体频次详情：https://tushare.pro/document/1?doc_id=108。
2026-08-01 19:12:50,808 [ERROR] fetch_moneyflow_dc.py:170 获取 20250522~20250522 板块资金流向失败: 抱歉，您访问接口(moneyflow_ind_dc)频率超限(500次/分钟)，具体频次详情：https://tushare.pro/document/1?doc_id=108。
2026-08-01 19:12:50,809 [ERROR] fetch_moneyflow_dc.py:378 20250522 处理失败: 抱歉，您访问接口(moneyflow_ind_dc)频率超限(500次/分钟)，具体频次详情：https://tushare.pro/document/1?doc_id=108。
2026-08-01 19:12:50,841 [ERROR] fetch_moneyflow_dc.py:170 获取 20250523~20250523 板块资金流向失败: 抱歉，您访问接口(moneyflow_ind_dc)频率超限(500次/分钟)，具体频次详情：https://tushare.pro/document/1?doc_id=108。
2026-08-01 19:12:50,841 [ERROR] fetch_moneyflow_dc.py:378 20250523 处理失败: 抱歉，您访问接口(moneyflow_ind_dc)频率超限(500次/分钟)，具体频次详情：https://tushare.pro/document/1?doc_id=108。
2026-08-01 19:12:50,858 [ERROR] fetch_moneyflow_dc.py:170 获取 20250524~20250524 板块资金流向失败: 抱歉，您访问接口(moneyflow_ind_dc)频率超限(500次/分钟)，具体频次详情：https://tushare.pro/document/1?doc_id=108。
2026-08-01 19:12:50,858 [ERROR] fetch_moneyflow_dc.py:378 20250524 处理失败: 抱歉，您访问接口(moneyflow_ind_dc)频率超限(500次/分钟)，具体频次详情：https://tushare.pro/document/1?doc_id=108。
2026-08-01 19:12:50,890 [ERROR] fetch_moneyflow_dc.py:170 获取 20250525~20250525 板块资金流向失败: 抱歉，您访问接口(moneyflow_ind_dc)频率超限(500次/分钟)，具体频次详情：https://tushare.pro/document/1?doc_id=108。
2026-08-01 19:12:50,890 [ERROR] fetch_moneyflow_dc.py:378 20250525 处理失败: 抱歉，您访问接口(moneyflow_ind_dc)频率超限(500次/分钟)，具体频次详情：https://tushare.pro/document/1?doc_id=108。
2026-08-01 19:12:50,906 [ERROR] fetch_moneyflow_dc.py:170 获取 20250526~20250526 板块资金流向失败: 抱歉，您访问接口(moneyflow_ind_dc)频率超限(500次/分钟)，具体频次详情：https://tushare.pro/document/1?doc_id=108。
2026-08-01 19:12:50,906 [ERROR] fetch_moneyflow_dc.py:378 20250526 处理失败: 抱歉，您访问接口(moneyflow_ind_dc)频率超限(500次/分钟)，具体频次详情：https://tushare.pro/document/1?doc_id=108。
2026-08-01 19:12:50,937 [ERROR] fetch_moneyflow_dc.py:170 获取 20250527~20250527 板块资金流向失败: 抱歉，您访问接口(moneyflow_ind_dc)频率超限(500次/分钟)，具体频次详情：https://tushare.pro/document/1?doc_id=108。
2026-08-01 19:12:50,937 [ERROR] fetch_moneyflow_dc.py:378 20250527 处理失败: 抱歉，您访问接口(moneyflow_ind_dc)频率超限(500次/分钟)，具体频次详情：https://tushare.pro/document/1?doc_id=108。
2026-08-01 19:12:50,955 [ERROR] fetch_moneyflow_dc.py:170 获取 20250528~20250528 板块资金流向失败: 抱歉，您访问接口(moneyflow_ind_dc)频率超限(500次/分钟)，具体频次详情：https://tushare.pro/document/1?doc_id=108。
2026-08-01 19:12:50,955 [ERROR] fetch_moneyflow_dc.py:378 20250528 处理失败: 抱歉，您访问接口(moneyflow_ind_dc)频率超限(500次/分钟)，具体频次详情：https://tushare.pro/document/1?doc_id=108。
2026-08-01 19:12:50,987 [ERROR] fetch_moneyflow_dc.py:170 获取 20250529~20250529 板块资金流向失败: 抱歉，您访问接口(moneyflow_ind_dc)频率超限(500次/分钟)，具体频次详情：https://tushare.pro/document/1?doc_id=108。
2026-08-01 19:12:50,987 [ERROR] fetch_moneyflow_dc.py:378 20250529 处理失败: 抱歉，您访问接口(moneyflow_ind_dc)频率超限(500次/分钟)，具体频次详情：https://tushare.pro/document/1?doc_id=108。
2026-08-01 19:12:51,002 [ERROR] fetch_moneyflow_dc.py:170 获取 20250530~20250530 板块资金流向失败: 抱歉，您访问接口(moneyflow_ind_dc)频率超限(500次/分钟)，具体频次详情：https://tushare.pro/document/1?doc_id=108。
2026-08-01 19:12:51,002 [ERROR] fetch_moneyflow_dc.py:378 20250530 处理失败: 抱歉，您访问接口(moneyflow_ind_dc)频率超限(500次/分钟)，具体频次详情：https://tushare.pro/document/1?doc_id=108。
2026-08-01 19:12:51,035 [ERROR] fetch_moneyflow_dc.py:170 获取 20250531~20250531 板块资金流向失败: 抱歉，您访问接口(moneyflow_ind_dc)频率超限(500次/分钟)，具体频次详情：https://tushare.pro/document/1?doc_id=108。
2026-08-01 19:12:51,036 [ERROR] fetch_moneyflow_dc.py:378 20250531 处理失败: 抱歉，您访问接口(moneyflow_ind_dc)频率超限(500次/分钟)，具体频次详情：https://tushare.pro/document/1?doc_id=108。
2026-08-01 19:12:51,054 [ERROR] fetch_moneyflow_dc.py:170 获取 20250601~20250601 板块资金流向失败: 抱歉，您访问接口(moneyflow_ind_dc)频率超限(500次/分钟)，具体频次详情：https://tushare.pro/document/1?doc_id=108。
2026-08-01 19:12:51,054 [ERROR] fetch_moneyflow_dc.py:378 20250601 处理失败: 抱歉，您访问接口(moneyflow_ind_dc)频率超限(500次/分钟)，具体频次详情：https://tushare.pro/document/1?doc_id=108。
2026-08-01 19:12:51,081 [ERROR] fetch_moneyflow_dc.py:170 获取 20250602~20250602 板块资金流向失败: 抱歉，您访问接口(moneyflow_ind_dc)频率超限(500次/分钟)，具体频次详情：https://tushare.pro/document/1?doc_id=108。
2026-08-01 19:12:51,081 [ERROR] fetch_moneyflow_dc.py:378 20250602 处理失败: 抱歉，您访问接口(moneyflow_ind_dc)频率超限(500次/分钟)，具体频次详情：https://tushare.pro/document/1?doc_id=108。
2026-08-01 19:12:51,102 [ERROR] fetch_moneyflow_dc.py:170 获取 20250603~20250603 板块资金流向失败: 抱歉，您访问接口(moneyflow_ind_dc)频率超限(500次/分钟)，具体频次详情：https://tushare.pro/document/1?doc_id=108。
2026-08-01 19:12:51,103 [ERROR] fetch_moneyflow_dc.py:378 20250603 处理失败: 抱歉，您访问接口(moneyflow_ind_dc)频率超限(500次/分钟)，具体频次详情：https://tushare.pro/document/1?doc_id=108。
2026-08-01 19:12:51,127 [ERROR] fetch_moneyflow_dc.py:170 获取 20250604~20250604 板块资金流向失败: 抱歉，您访问接口(moneyflow_ind_dc)频率超限(500次/分钟)，具体频次详情：https://tushare.pro/document/1?doc_id=108。
2026-08-01 19:12:51,127 [ERROR] fetch_moneyflow_dc.py:378 20250604 处理失败: 抱歉，您访问接口(moneyflow_ind_dc)频率超限(500次/分钟)，具体频次详情：https://tushare.pro/document/1?doc_id=108。
2026-08-01 19:12:51,153 [ERROR] fetch_moneyflow_dc.py:170 获取 20250605~20250605 板块资金流向失败: 抱歉，您访问接口(moneyflow_ind_dc)频率超限(500次/分钟)，具体频次详情：https://tushare.pro/document/1?doc_id=108。
2026-08-01 19:12:51,153 [ERROR] fetch_moneyflow_dc.py:378 20250605 处理失败: 抱歉，您访问接口(moneyflow_ind_dc)频率超限(500次/分钟)，具体频次详情：https://tushare.pro/document/1?doc_id=108。
2026-08-01 19:12:51,175 [ERROR] fetch_moneyflow_dc.py:170 获取 20250606~20250606 板块资金流向失败: 抱歉，您访问接口(moneyflow_ind_dc)频率超限(500次/分钟)，具体频次详情：https://tushare.pro/document/1?doc_id=108。
2026-08-01 19:12:51,175 [ERROR] fetch_moneyflow_dc.py:378 20250606 处理失败: 抱歉，您访问接口(moneyflow_ind_dc)频率超限(500次/分钟)，具体频次详情：https://tushare.pro/document/1?doc_id=108。
2026-08-01 19:12:51,201 [ERROR] fetch_moneyflow_dc.py:170 获取 20250607~20250607 板块资金流向失败: 抱歉，您访问接口(moneyflow_ind_dc)频率超限(500次/分钟)，具体频次详情：https://tushare.pro/document/1?doc_id=108。
2026-08-01 19:12:51,201 [ERROR] fetch_moneyflow_dc.py:378 20250607 处理失败: 抱歉，您访问接口(moneyflow_ind_dc)频率超限(500次/分钟)，具体频次详情：https://tushare.pro/document/1?doc_id=108。
2026-08-01 19:12:51,224 [ERROR] fetch_moneyflow_dc.py:170 获取 20250608~20250608 板块资金流向失败: 抱歉，您访问接口(moneyflow_ind_dc)频率超限(500次/分钟)，具体频次详情：https://tushare.pro/document/1?doc_id=108。
2026-08-01 19:12:51,224 [ERROR] fetch_moneyflow_dc.py:378 20250608 处理失败: 抱歉，您访问接口(moneyflow_ind_dc)频率超限(500次/分钟)，具体频次详情：https://tushare.pro/document/1?doc_id=108。
2026-08-01 19:12:51,263 [ERROR] fetch_moneyflow_dc.py:170 获取 20250609~20250609 板块资金流向失败: 抱歉，您访问接口(moneyflow_ind_dc)频率超限(500次/分钟)，具体频次详情：https://tushare.pro/document/1?doc_id=108。
2026-08-01 19:12:51,264 [ERROR] fetch_moneyflow_dc.py:378 20250609 处理失败: 抱歉，您访问接口(moneyflow_ind_dc)频率超限(500次/分钟)，具体频次详情：https://tushare.pro/document/1?doc_id=108。
2026-08-01 19:12:51,273 [ERROR] fetch_moneyflow_dc.py:170 获取 20250610~20250610 板块资金流向失败: 抱歉，您访问接口(moneyflow_ind_dc)频率超限(500次/分钟)，具体频次详情：https://tushare.pro/document/1?doc_id=108。
2026-08-01 19:12:51,274 [ERROR] fetch_moneyflow_dc.py:378 20250610 处理失败: 抱歉，您访问接口(moneyflow_ind_dc)频率超限(500次/分钟)，具体频次详情：https://tushare.pro/document/1?doc_id=108。
2026-08-01 19:12:51,311 [ERROR] fetch_moneyflow_dc.py:170 获取 20250611~20250611 板块资金流向失败: 抱歉，您访问接口(moneyflow_ind_dc)频率超限(500次/分钟)，具体频次详情：https://tushare.pro/document/1?doc_id=108。
2026-08-01 19:12:51,311 [ERROR] fetch_moneyflow_dc.py:378 20250611 处理失败: 抱歉，您访问接口(moneyflow_ind_dc)频率超限(500次/分钟)，具体频次详情：https://tushare.pro/document/1?doc_id=108。
2026-08-01 19:12:51,322 [ERROR] fetch_moneyflow_dc.py:170 获取 20250612~20250612 板块资金流向失败: 抱歉，您访问接口(moneyflow_ind_dc)频率超限(500次/分钟)，具体频次详情：https://tushare.pro/document/1?doc_id=108。
2026-08-01 19:12:51,322 [ERROR] fetch_moneyflow_dc.py:378 20250612 处理失败: 抱歉，您访问接口(moneyflow_ind_dc)频率超限(500次/分钟)，具体频次详情：https://tushare.pro/document/1?doc_id=108。
2026-08-01 19:12:51,358 [ERROR] fetch_moneyflow_dc.py:170 获取 20250613~20250613 板块资金流向失败: 抱歉，您访问接口(moneyflow_ind_dc)频率超限(500次/分钟)，具体频次详情：https://tushare.pro/document/1?doc_id=108。
2026-08-01 19:12:51,358 [ERROR] fetch_moneyflow_dc.py:378 20250613 处理失败: 抱歉，您访问接口(moneyflow_ind_dc)频率超限(500次/分钟)，具体频次详情：https://tushare.pro/document/1?doc_id=108。
2026-08-01 19:12:51,371 [ERROR] fetch_moneyflow_dc.py:170 获取 20250614~20250614 板块资金流向失败: 抱歉，您访问接口(moneyflow_ind_dc)频率超限(500次/分钟)，具体频次详情：https://tushare.pro/document/1?doc_id=108。
2026-08-01 19:12:51,371 [ERROR] fetch_moneyflow_dc.py:378 20250614 处理失败: 抱歉，您访问接口(moneyflow_ind_dc)频率超限(500次/分钟)，具体频次详情：https://tushare.pro/document/1?doc_id=108。
2026-08-01 19:12:51,405 [ERROR] fetch_moneyflow_dc.py:170 获取 20250615~20250615 板块资金流向失败: 抱歉，您访问接口(moneyflow_ind_dc)频率超限(500次/分钟)，具体频次详情：https://tushare.pro/document/1?doc_id=108。
2026-08-01 19:12:51,406 [ERROR] fetch_moneyflow_dc.py:378 20250615 处理失败: 抱歉，您访问接口(moneyflow_ind_dc)频率超限(500次/分钟)，具体频次详情：https://tushare.pro/document/1?doc_id=108。
2026-08-01 19:12:51,431 [ERROR] fetch_moneyflow_dc.py:170 获取 20250616~20250616 板块资金流向失败: 抱歉，您访问接口(moneyflow_ind_dc)频率超限(500次/分钟)，具体频次详情：https://tushare.pro/document/1?doc_id=108。
2026-08-01 19:12:51,431 [ERROR] fetch_moneyflow_dc.py:378 20250616 处理失败: 抱歉，您访问接口(moneyflow_ind_dc)频率超限(500次/分钟)，具体频次详情：https://tushare.pro/document/1?doc_id=108。
2026-08-01 19:12:51,458 [ERROR] fetch_moneyflow_dc.py:170 获取 20250617~20250617 板块资金流向失败: 抱歉，您访问接口(moneyflow_ind_dc)频率超限(500次/分钟)，具体频次详情：https://tushare.pro/document/1?doc_id=108。
2026-08-01 19:12:51,458 [ERROR] fetch_moneyflow_dc.py:378 20250617 处理失败: 抱歉，您访问接口(moneyflow_ind_dc)频率超限(500次/分钟)，具体频次详情：https://tushare.pro/document/1?doc_id=108。
2026-08-01 19:12:51,480 [ERROR] fetch_moneyflow_dc.py:170 获取 20250618~20250618 板块资金流向失败: 抱歉，您访问接口(moneyflow_ind_dc)频率超限(500次/分钟)，具体频次详情：https://tushare.pro/document/1?doc_id=108。
2026-08-01 19:12:51,480 [ERROR] fetch_moneyflow_dc.py:378 20250618 处理失败: 抱歉，您访问接口(moneyflow_ind_dc)频率超限(500次/分钟)，具体频次详情：https://tushare.pro/document/1?doc_id=108。
2026-08-01 19:12:51,504 [ERROR] fetch_moneyflow_dc.py:170 获取 20250619~20250619 板块资金流向失败: 抱歉，您访问接口(moneyflow_ind_dc)频率超限(500次/分钟)，具体频次详情：https://tushare.pro/document/1?doc_id=108。
2026-08-01 19:12:51,505 [ERROR] fetch_moneyflow_dc.py:378 20250619 处理失败: 抱歉，您访问接口(moneyflow_ind_dc)频率超限(500次/分钟)，具体频次详情：https://tushare.pro/document/1?doc_id=108。
2026-08-01 19:12:51,535 [ERROR] fetch_moneyflow_dc.py:170 获取 20250620~20250620 板块资金流向失败: 抱歉，您访问接口(moneyflow_ind_dc)频率超限(500次/分钟)，具体频次详情：https://tushare.pro/document/1?doc_id=108。
2026-08-01 19:12:51,535 [ERROR] fetch_moneyflow_dc.py:378 20250620 处理失败: 抱歉，您访问接口(moneyflow_ind_dc)频率超限(500次/分钟)，具体频次详情：https://tushare.pro/document/1?doc_id=108。
2026-08-01 19:12:51,551 [ERROR] fetch_moneyflow_dc.py:170 获取 20250621~20250621 板块资金流向失败: 抱歉，您访问接口(moneyflow_ind_dc)频率超限(500次/分钟)，具体频次详情：https://tushare.pro/document/1?doc_id=108。
2026-08-01 19:12:51,552 [ERROR] fetch_moneyflow_dc.py:378 20250621 处理失败: 抱歉，您访问接口(moneyflow_ind_dc)频率超限(500次/分钟)，具体频次详情：https://tushare.pro/document/1?doc_id=108。
2026-08-01 19:12:51,585 [ERROR] fetch_moneyflow_dc.py:170 获取 20250622~20250622 板块资金流向失败: 抱歉，您访问接口(moneyflow_ind_dc)频率超限(500次/分钟)，具体频次详情：https://tushare.pro/document/1?doc_id=108。
2026-08-01 19:12:51,585 [ERROR] fetch_moneyflow_dc.py:378 20250622 处理失败: 抱歉，您访问接口(moneyflow_ind_dc)频率超限(500次/分钟)，具体频次详情：https://tushare.pro/document/1?doc_id=108。
2026-08-01 19:12:51,614 [ERROR] fetch_moneyflow_dc.py:170 获取 20250623~20250623 板块资金流向失败: 抱歉，您访问接口(moneyflow_ind_dc)频率超限(500次/分钟)，具体频次详情：https://tushare.pro/document/1?doc_id=108。
2026-08-01 19:12:51,614 [ERROR] fetch_moneyflow_dc.py:378 20250623 处理失败: 抱歉，您访问接口(moneyflow_ind_dc)频率超限(500次/分钟)，具体频次详情：https://tushare.pro/document/1?doc_id=108。
2026-08-01 19:12:51,629 [ERROR] fetch_moneyflow_dc.py:170 获取 20250624~20250624 板块资金流向失败: 抱歉，您访问接口(moneyflow_ind_dc)频率超限(500次/分钟)，具体频次详情：https://tushare.pro/document/1?doc_id=108。
2026-08-01 19:12:51,629 [ERROR] fetch_moneyflow_dc.py:378 20250624 处理失败: 抱歉，您访问接口(moneyflow_ind_dc)频率超限(500次/分钟)，具体频次详情：https://tushare.pro/document/1?doc_id=108。
2026-08-01 19:12:51,664 [ERROR] fetch_moneyflow_dc.py:170 获取 20250625~20250625 板块资金流向失败: 抱歉，您访问接口(moneyflow_ind_dc)频率超限(500次/分钟)，具体频次详情：https://tushare.pro/document/1?doc_id=108。
2026-08-01 19:12:51,664 [ERROR] fetch_moneyflow_dc.py:378 20250625 处理失败: 抱歉，您访问接口(moneyflow_ind_dc)频率超限(500次/分钟)，具体频次详情：https://tushare.pro/document/1?doc_id=108。
2026-08-01 19:12:51,678 [ERROR] fetch_moneyflow_dc.py:170 获取 20250626~20250626 板块资金流向失败: 抱歉，您访问接口(moneyflow_ind_dc)频率超限(500次/分钟)，具体频次详情：https://tushare.pro/document/1?doc_id=108。
2026-08-01 19:12:51,679 [ERROR] fetch_moneyflow_dc.py:378 20250626 处理失败: 抱歉，您访问接口(moneyflow_ind_dc)频率超限(500次/分钟)，具体频次详情：https://tushare.pro/document/1?doc_id=108。
2026-08-01 19:12:51,714 [ERROR] fetch_moneyflow_dc.py:170 获取 20250627~20250627 板块资金流向失败: 抱歉，您访问接口(moneyflow_ind_dc)频率超限(500次/分钟)，具体频次详情：https://tushare.pro/document/1?doc_id=108。
2026-08-01 19:12:51,715 [ERROR] fetch_moneyflow_dc.py:378 20250627 处理失败: 抱歉，您访问接口(moneyflow_ind_dc)频率超限(500次/分钟)，具体频次详情：https://tushare.pro/document/1?doc_id=108。
2026-08-01 19:12:51,728 [ERROR] fetch_moneyflow_dc.py:170 获取 20250628~20250628 板块资金流向失败: 抱歉，您访问接口(moneyflow_ind_dc)频率超限(500次/分钟)，具体频次详情：https://tushare.pro/document/1?doc_id=108。
2026-08-01 19:12:51,729 [ERROR] fetch_moneyflow_dc.py:378 20250628 处理失败: 抱歉，您访问接口(moneyflow_ind_dc)频率超限(500次/分钟)，具体频次详情：https://tushare.pro/document/1?doc_id=108。
2026-08-01 19:12:51,778 [ERROR] fetch_moneyflow_dc.py:170 获取 20250630~20250630 板块资金流向失败: 抱歉，您访问接口(moneyflow_ind_dc)频率超限(500次/分钟)，具体频次详情：https://tushare.pro/document/1?doc_id=108。
2026-08-01 19:12:51,779 [ERROR] fetch_moneyflow_dc.py:378 20250630 处理失败: 抱歉，您访问接口(moneyflow_ind_dc)频率超限(500次/分钟)，具体频次详情：https://tushare.pro/document/1?doc_id=108。
2026-08-01 19:12:51,783 [ERROR] fetch_moneyflow_dc.py:170 获取 20250629~20250629 板块资金流向失败: 抱歉，您访问接口(moneyflow_ind_dc)频率超限(500次/分钟)，具体频次详情：https://tushare.pro/document/1?doc_id=108。
2026-08-01 19:12:51,783 [ERROR] fetch_moneyflow_dc.py:378 20250629 处理失败: 抱歉，您访问接口(moneyflow_ind_dc)频率超限(500次/分钟)，具体频次详情：https://tushare.pro/document/1?doc_id=108。
2026-08-01 19:12:51,824 [ERROR] fetch_moneyflow_dc.py:170 获取 20250701~20250701 板块资金流向失败: 抱歉，您访问接口(moneyflow_ind_dc)频率超限(500次/分钟)，具体频次详情：https://tushare.pro/document/1?doc_id=108。
2026-08-01 19:12:51,825 [ERROR] fetch_moneyflow_dc.py:378 20250701 处理失败: 抱歉，您访问接口(moneyflow_ind_dc)频率超限(500次/分钟)，具体频次详情：https://tushare.pro/document/1?doc_id=108。
2026-08-01 19:12:51,834 [ERROR] fetch_moneyflow_dc.py:170 获取 20250702~20250702 板块资金流向失败: 抱歉，您访问接口(moneyflow_ind_dc)频率超限(500次/分钟)，具体频次详情：https://tushare.pro/document/1?doc_id=108。
2026-08-01 19:12:51,834 [ERROR] fetch_moneyflow_dc.py:378 20250702 处理失败: 抱歉，您访问接口(moneyflow_ind_dc)频率超限(500次/分钟)，具体频次详情：https://tushare.pro/document/1?doc_id=108。
2026-08-01 19:12:51,875 [ERROR] fetch_moneyflow_dc.py:170 获取 20250703~20250703 板块资金流向失败: 抱歉，您访问接口(moneyflow_ind_dc)频率超限(500次/分钟)，具体频次详情：https://tushare.pro/document/1?doc_id=108。
2026-08-01 19:12:51,875 [ERROR] fetch_moneyflow_dc.py:378 20250703 处理失败: 抱歉，您访问接口(moneyflow_ind_dc)频率超限(500次/分钟)，具体频次详情：https://tushare.pro/document/1?doc_id=108。
2026-08-01 19:12:51,882 [ERROR] fetch_moneyflow_dc.py:170 获取 20250704~20250704 板块资金流向失败: 抱歉，您访问接口(moneyflow_ind_dc)频率超限(500次/分钟)，具体频次详情：https://tushare.pro/document/1?doc_id=108。
2026-08-01 19:12:51,882 [ERROR] fetch_moneyflow_dc.py:378 20250704 处理失败: 抱歉，您访问接口(moneyflow_ind_dc)频率超限(500次/分钟)，具体频次详情：https://tushare.pro/document/1?doc_id=108。
2026-08-01 19:12:51,926 [ERROR] fetch_moneyflow_dc.py:170 获取 20250705~20250705 板块资金流向失败: 抱歉，您访问接口(moneyflow_ind_dc)频率超限(500次/分钟)，具体频次详情：https://tushare.pro/document/1?doc_id=108。
2026-08-01 19:12:51,927 [ERROR] fetch_moneyflow_dc.py:378 20250705 处理失败: 抱歉，您访问接口(moneyflow_ind_dc)频率超限(500次/分钟)，具体频次详情：https://tushare.pro/document/1?doc_id=108。
2026-08-01 19:12:51,931 [ERROR] fetch_moneyflow_dc.py:170 获取 20250706~20250706 板块资金流向失败: 抱歉，您访问接口(moneyflow_ind_dc)频率超限(500次/分钟)，具体频次详情：https://tushare.pro/document/1?doc_id=108。
2026-08-01 19:12:51,932 [ERROR] fetch_moneyflow_dc.py:378 20250706 处理失败: 抱歉，您访问接口(moneyflow_ind_dc)频率超限(500次/分钟)，具体频次详情：https://tushare.pro/document/1?doc_id=108。
2026-08-01 19:12:51,976 [ERROR] fetch_moneyflow_dc.py:170 获取 20250707~20250707 板块资金流向失败: 抱歉，您访问接口(moneyflow_ind_dc)频率超限(500次/分钟)，具体频次详情：https://tushare.pro/document/1?doc_id=108。
2026-08-01 19:12:51,977 [ERROR] fetch_moneyflow_dc.py:378 20250707 处理失败: 抱歉，您访问接口(moneyflow_ind_dc)频率超限(500次/分钟)，具体频次详情：https://tushare.pro/document/1?doc_id=108。
2026-08-01 19:12:51,978 [ERROR] fetch_moneyflow_dc.py:170 获取 20250708~20250708 板块资金流向失败: 抱歉，您访问接口(moneyflow_ind_dc)频率超限(500次/分钟)，具体频次详情：https://tushare.pro/document/1?doc_id=108。
2026-08-01 19:12:51,978 [ERROR] fetch_moneyflow_dc.py:378 20250708 处理失败: 抱歉，您访问接口(moneyflow_ind_dc)频率超限(500次/分钟)，具体频次详情：https://tushare.pro/document/1?doc_id=108。
2026-08-01 19:12:52,022 [ERROR] fetch_moneyflow_dc.py:170 获取 20250709~20250709 板块资金流向失败: 抱歉，您访问接口(moneyflow_ind_dc)频率超限(500次/分钟)，具体频次详情：https://tushare.pro/document/1?doc_id=108。
2026-08-01 19:12:52,022 [ERROR] fetch_moneyflow_dc.py:378 20250709 处理失败: 抱歉，您访问接口(moneyflow_ind_dc)频率超限(500次/分钟)，具体频次详情：https://tushare.pro/document/1?doc_id=108。
2026-08-01 19:12:52,027 [ERROR] fetch_moneyflow_dc.py:170 获取 20250710~20250710 板块资金流向失败: 抱歉，您访问接口(moneyflow_ind_dc)频率超限(500次/分钟)，具体频次详情：https://tushare.pro/document/1?doc_id=108。
2026-08-01 19:12:52,027 [ERROR] fetch_moneyflow_dc.py:378 20250710 处理失败: 抱歉，您访问接口(moneyflow_ind_dc)频率超限(500次/分钟)，具体频次详情：https://tushare.pro/document/1?doc_id=108。
2026-08-01 19:12:52,073 [ERROR] fetch_moneyflow_dc.py:170 获取 20250711~20250711 板块资金流向失败: 抱歉，您访问接口(moneyflow_ind_dc)频率超限(500次/分钟)，具体频次详情：https://tushare.pro/document/1?doc_id=108。
2026-08-01 19:12:52,073 [ERROR] fetch_moneyflow_dc.py:378 20250711 处理失败: 抱歉，您访问接口(moneyflow_ind_dc)频率超限(500次/分钟)，具体频次详情：https://tushare.pro/document/1?doc_id=108。
2026-08-01 19:12:52,096 [ERROR] fetch_moneyflow_dc.py:170 获取 20250712~20250712 板块资金流向失败: 抱歉，您访问接口(moneyflow_ind_dc)频率超限(500次/分钟)，具体频次详情：https://tushare.pro/document/1?doc_id=108。
2026-08-01 19:12:52,097 [ERROR] fetch_moneyflow_dc.py:378 20250712 处理失败: 抱歉，您访问接口(moneyflow_ind_dc)频率超限(500次/分钟)，具体频次详情：https://tushare.pro/document/1?doc_id=108。
2026-08-01 19:12:52,124 [ERROR] fetch_moneyflow_dc.py:170 获取 20250713~20250713 板块资金流向失败: 抱歉，您访问接口(moneyflow_ind_dc)频率超限(500次/分钟)，具体频次详情：https://tushare.pro/document/1?doc_id=108。
2026-08-01 19:12:52,125 [ERROR] fetch_moneyflow_dc.py:378 20250713 处理失败: 抱歉，您访问接口(moneyflow_ind_dc)频率超限(500次/分钟)，具体频次详情：https://tushare.pro/document/1?doc_id=108。
2026-08-01 19:12:52,145 [ERROR] fetch_moneyflow_dc.py:170 获取 20250714~20250714 板块资金流向失败: 抱歉，您访问接口(moneyflow_ind_dc)频率超限(500次/分钟)，具体频次详情：https://tushare.pro/document/1?doc_id=108。
2026-08-01 19:12:52,146 [ERROR] fetch_moneyflow_dc.py:378 20250714 处理失败: 抱歉，您访问接口(moneyflow_ind_dc)频率超限(500次/分钟)，具体频次详情：https://tushare.pro/document/1?doc_id=108。
2026-08-01 19:12:52,171 [ERROR] fetch_moneyflow_dc.py:170 获取 20250715~20250715 板块资金流向失败: 抱歉，您访问接口(moneyflow_ind_dc)频率超限(500次/分钟)，具体频次详情：https://tushare.pro/document/1?doc_id=108。
2026-08-01 19:12:52,172 [ERROR] fetch_moneyflow_dc.py:378 20250715 处理失败: 抱歉，您访问接口(moneyflow_ind_dc)频率超限(500次/分钟)，具体频次详情：https://tushare.pro/document/1?doc_id=108。
2026-08-01 19:12:52,193 [ERROR] fetch_moneyflow_dc.py:170 获取 20250716~20250716 板块资金流向失败: 抱歉，您访问接口(moneyflow_ind_dc)频率超限(500次/分钟)，具体频次详情：https://tushare.pro/document/1?doc_id=108。
2026-08-01 19:12:52,193 [ERROR] fetch_moneyflow_dc.py:378 20250716 处理失败: 抱歉，您访问接口(moneyflow_ind_dc)频率超限(500次/分钟)，具体频次详情：https://tushare.pro/document/1?doc_id=108。
2026-08-01 19:12:52,237 [ERROR] fetch_moneyflow_dc.py:170 获取 20250718~20250718 板块资金流向失败: 抱歉，您访问接口(moneyflow_ind_dc)频率超限(500次/分钟)，具体频次详情：https://tushare.pro/document/1?doc_id=108。
2026-08-01 19:12:52,237 [ERROR] fetch_moneyflow_dc.py:378 20250718 处理失败: 抱歉，您访问接口(moneyflow_ind_dc)频率超限(500次/分钟)，具体频次详情：https://tushare.pro/document/1?doc_id=108。
2026-08-01 19:12:52,242 [ERROR] fetch_moneyflow_dc.py:170 获取 20250717~20250717 板块资金流向失败: 抱歉，您访问接口(moneyflow_ind_dc)频率超限(500次/分钟)，具体频次详情：https://tushare.pro/document/1?doc_id=108。
2026-08-01 19:12:52,242 [ERROR] fetch_moneyflow_dc.py:378 20250717 处理失败: 抱歉，您访问接口(moneyflow_ind_dc)频率超限(500次/分钟)，具体频次详情：https://tushare.pro/document/1?doc_id=108。
2026-08-01 19:12:52,280 [ERROR] fetch_moneyflow_dc.py:170 获取 20250719~20250719 板块资金流向失败: 抱歉，您访问接口(moneyflow_ind_dc)频率超限(500次/分钟)，具体频次详情：https://tushare.pro/document/1?doc_id=108。
2026-08-01 19:12:52,280 [ERROR] fetch_moneyflow_dc.py:378 20250719 处理失败: 抱歉，您访问接口(moneyflow_ind_dc)频率超限(500次/分钟)，具体频次详情：https://tushare.pro/document/1?doc_id=108。
2026-08-01 19:12:52,289 [ERROR] fetch_moneyflow_dc.py:170 获取 20250720~20250720 板块资金流向失败: 抱歉，您访问接口(moneyflow_ind_dc)频率超限(500次/分钟)，具体频次详情：https://tushare.pro/document/1?doc_id=108。
2026-08-01 19:12:52,290 [ERROR] fetch_moneyflow_dc.py:378 20250720 处理失败: 抱歉，您访问接口(moneyflow_ind_dc)频率超限(500次/分钟)，具体频次详情：https://tushare.pro/document/1?doc_id=108。
2026-08-01 19:12:52,329 [ERROR] fetch_moneyflow_dc.py:170 获取 20250721~20250721 板块资金流向失败: 抱歉，您访问接口(moneyflow_ind_dc)频率超限(500次/分钟)，具体频次详情：https://tushare.pro/document/1?doc_id=108。
2026-08-01 19:12:52,329 [ERROR] fetch_moneyflow_dc.py:378 20250721 处理失败: 抱歉，您访问接口(moneyflow_ind_dc)频率超限(500次/分钟)，具体频次详情：https://tushare.pro/document/1?doc_id=108。
2026-08-01 19:12:52,341 [ERROR] fetch_moneyflow_dc.py:170 获取 20250722~20250722 板块资金流向失败: 抱歉，您访问接口(moneyflow_ind_dc)频率超限(500次/分钟)，具体频次详情：https://tushare.pro/document/1?doc_id=108。
2026-08-01 19:12:52,342 [ERROR] fetch_moneyflow_dc.py:378 20250722 处理失败: 抱歉，您访问接口(moneyflow_ind_dc)频率超限(500次/分钟)，具体频次详情：https://tushare.pro/document/1?doc_id=108。
2026-08-01 19:12:52,376 [ERROR] fetch_moneyflow_dc.py:170 获取 20250723~20250723 板块资金流向失败: 抱歉，您访问接口(moneyflow_ind_dc)频率超限(500次/分钟)，具体频次详情：https://tushare.pro/document/1?doc_id=108。
2026-08-01 19:12:52,377 [ERROR] fetch_moneyflow_dc.py:378 20250723 处理失败: 抱歉，您访问接口(moneyflow_ind_dc)频率超限(500次/分钟)，具体频次详情：https://tushare.pro/document/1?doc_id=108。
2026-08-01 19:12:52,386 [ERROR] fetch_moneyflow_dc.py:170 获取 20250724~20250724 板块资金流向失败: 抱歉，您访问接口(moneyflow_ind_dc)频率超限(500次/分钟)，具体频次详情：https://tushare.pro/document/1?doc_id=108。
2026-08-01 19:12:52,387 [ERROR] fetch_moneyflow_dc.py:378 20250724 处理失败: 抱歉，您访问接口(moneyflow_ind_dc)频率超限(500次/分钟)，具体频次详情：https://tushare.pro/document/1?doc_id=108。
2026-08-01 19:12:52,423 [ERROR] fetch_moneyflow_dc.py:170 获取 20250725~20250725 板块资金流向失败: 抱歉，您访问接口(moneyflow_ind_dc)频率超限(500次/分钟)，具体频次详情：https://tushare.pro/document/1?doc_id=108。
2026-08-01 19:12:52,424 [ERROR] fetch_moneyflow_dc.py:378 20250725 处理失败: 抱歉，您访问接口(moneyflow_ind_dc)频率超限(500次/分钟)，具体频次详情：https://tushare.pro/document/1?doc_id=108。
2026-08-01 19:12:52,434 [ERROR] fetch_moneyflow_dc.py:170 获取 20250726~20250726 板块资金流向失败: 抱歉，您访问接口(moneyflow_ind_dc)频率超限(500次/分钟)，具体频次详情：https://tushare.pro/document/1?doc_id=108。
2026-08-01 19:12:52,434 [ERROR] fetch_moneyflow_dc.py:378 20250726 处理失败: 抱歉，您访问接口(moneyflow_ind_dc)频率超限(500次/分钟)，具体频次详情：https://tushare.pro/document/1?doc_id=108。
2026-08-01 19:12:52,472 [ERROR] fetch_moneyflow_dc.py:170 获取 20250727~20250727 板块资金流向失败: 抱歉，您访问接口(moneyflow_ind_dc)频率超限(500次/分钟)，具体频次详情：https://tushare.pro/document/1?doc_id=108。
2026-08-01 19:12:52,473 [ERROR] fetch_moneyflow_dc.py:378 20250727 处理失败: 抱歉，您访问接口(moneyflow_ind_dc)频率超限(500次/分钟)，具体频次详情：https://tushare.pro/document/1?doc_id=108。
2026-08-01 19:12:52,481 [ERROR] fetch_moneyflow_dc.py:170 获取 20250728~20250728 板块资金流向失败: 抱歉，您访问接口(moneyflow_ind_dc)频率超限(500次/分钟)，具体频次详情：https://tushare.pro/document/1?doc_id=108。
2026-08-01 19:12:52,481 [ERROR] fetch_moneyflow_dc.py:378 20250728 处理失败: 抱歉，您访问接口(moneyflow_ind_dc)频率超限(500次/分钟)，具体频次详情：https://tushare.pro/document/1?doc_id=108。
2026-08-01 19:12:52,521 [ERROR] fetch_moneyflow_dc.py:170 获取 20250729~20250729 板块资金流向失败: 抱歉，您访问接口(moneyflow_ind_dc)频率超限(500次/分钟)，具体频次详情：https://tushare.pro/document/1?doc_id=108。
2026-08-01 19:12:52,521 [ERROR] fetch_moneyflow_dc.py:378 20250729 处理失败: 抱歉，您访问接口(moneyflow_ind_dc)频率超限(500次/分钟)，具体频次详情：https://tushare.pro/document/1?doc_id=108。
2026-08-01 19:12:52,530 [ERROR] fetch_moneyflow_dc.py:170 获取 20250730~20250730 板块资金流向失败: 抱歉，您访问接口(moneyflow_ind_dc)频率超限(500次/分钟)，具体频次详情：https://tushare.pro/document/1?doc_id=108。
2026-08-01 19:12:52,531 [ERROR] fetch_moneyflow_dc.py:378 20250730 处理失败: 抱歉，您访问接口(moneyflow_ind_dc)频率超限(500次/分钟)，具体频次详情：https://tushare.pro/document/1?doc_id=108。
2026-08-01 19:12:52,569 [ERROR] fetch_moneyflow_dc.py:170 获取 20250731~20250731 板块资金流向失败: 抱歉，您访问接口(moneyflow_ind_dc)频率超限(500次/分钟)，具体频次详情：https://tushare.pro/document/1?doc_id=108。
2026-08-01 19:12:52,570 [ERROR] fetch_moneyflow_dc.py:378 20250731 处理失败: 抱歉，您访问接口(moneyflow_ind_dc)频率超限(500次/分钟)，具体频次详情：https://tushare.pro/document/1?doc_id=108。
2026-08-01 19:12:52,577 [ERROR] fetch_moneyflow_dc.py:170 获取 20250801~20250801 板块资金流向失败: 抱歉，您访问接口(moneyflow_ind_dc)频率超限(500次/分钟)，具体频次详情：https://tushare.pro/document/1?doc_id=108。
2026-08-01 19:12:52,578 [ERROR] fetch_moneyflow_dc.py:378 20250801 处理失败: 抱歉，您访问接口(moneyflow_ind_dc)频率超限(500次/分钟)，具体频次详情：https://tushare.pro/document/1?doc_id=108。
2026-08-01 19:12:52,620 [ERROR] fetch_moneyflow_dc.py:170 获取 20250802~20250802 板块资金流向失败: 抱歉，您访问接口(moneyflow_ind_dc)频率超限(500次/分钟)，具体频次详情：https://tushare.pro/document/1?doc_id=108。
2026-08-01 19:12:52,621 [ERROR] fetch_moneyflow_dc.py:378 20250802 处理失败: 抱歉，您访问接口(moneyflow_ind_dc)频率超限(500次/分钟)，具体频次详情：https://tushare.pro/document/1?doc_id=108。
2026-08-01 19:12:52,628 [ERROR] fetch_moneyflow_dc.py:170 获取 20250803~20250803 板块资金流向失败: 抱歉，您访问接口(moneyflow_ind_dc)频率超限(500次/分钟)，具体频次详情：https://tushare.pro/document/1?doc_id=108。
2026-08-01 19:12:52,629 [ERROR] fetch_moneyflow_dc.py:378 20250803 处理失败: 抱歉，您访问接口(moneyflow_ind_dc)频率超限(500次/分钟)，具体频次详情：https://tushare.pro/document/1?doc_id=108。
2026-08-01 19:12:52,669 [ERROR] fetch_moneyflow_dc.py:170 获取 20250804~20250804 板块资金流向失败: 抱歉，您访问接口(moneyflow_ind_dc)频率超限(500次/分钟)，具体频次详情：https://tushare.pro/document/1?doc_id=108。
2026-08-01 19:12:52,669 [ERROR] fetch_moneyflow_dc.py:378 20250804 处理失败: 抱歉，您访问接口(moneyflow_ind_dc)频率超限(500次/分钟)，具体频次详情：https://tushare.pro/document/1?doc_id=108。
2026-08-01 19:12:52,678 [ERROR] fetch_moneyflow_dc.py:170 获取 20250805~20250805 板块资金流向失败: 抱歉，您访问接口(moneyflow_ind_dc)频率超限(500次/分钟)，具体频次详情：https://tushare.pro/document/1?doc_id=108。
2026-08-01 19:12:52,678 [ERROR] fetch_moneyflow_dc.py:378 20250805 处理失败: 抱歉，您访问接口(moneyflow_ind_dc)频率超限(500次/分钟)，具体频次详情：https://tushare.pro/document/1?doc_id=108。
2026-08-01 19:12:52,715 [ERROR] fetch_moneyflow_dc.py:170 获取 20250806~20250806 板块资金流向失败: 抱歉，您访问接口(moneyflow_ind_dc)频率超限(500次/分钟)，具体频次详情：https://tushare.pro/document/1?doc_id=108。
2026-08-01 19:12:52,715 [ERROR] fetch_moneyflow_dc.py:378 20250806 处理失败: 抱歉，您访问接口(moneyflow_ind_dc)频率超限(500次/分钟)，具体频次详情：https://tushare.pro/document/1?doc_id=108。
2026-08-01 19:12:52,726 [ERROR] fetch_moneyflow_dc.py:170 获取 20250807~20250807 板块资金流向失败: 抱歉，您访问接口(moneyflow_ind_dc)频率超限(500次/分钟)，具体频次详情：https://tushare.pro/document/1?doc_id=108。
2026-08-01 19:12:52,727 [ERROR] fetch_moneyflow_dc.py:378 20250807 处理失败: 抱歉，您访问接口(moneyflow_ind_dc)频率超限(500次/分钟)，具体频次详情：https://tushare.pro/document/1?doc_id=108。
2026-08-01 19:12:52,761 [ERROR] fetch_moneyflow_dc.py:170 获取 20250808~20250808 板块资金流向失败: 抱歉，您访问接口(moneyflow_ind_dc)频率超限(500次/分钟)，具体频次详情：https://tushare.pro/document/1?doc_id=108。
2026-08-01 19:12:52,762 [ERROR] fetch_moneyflow_dc.py:378 20250808 处理失败: 抱歉，您访问接口(moneyflow_ind_dc)频率超限(500次/分钟)，具体频次详情：https://tushare.pro/document/1?doc_id=108。
2026-08-01 19:12:52,774 [ERROR] fetch_moneyflow_dc.py:170 获取 20250809~20250809 板块资金流向失败: 抱歉，您访问接口(moneyflow_ind_dc)频率超限(500次/分钟)，具体频次详情：https://tushare.pro/document/1?doc_id=108。
2026-08-01 19:12:52,774 [ERROR] fetch_moneyflow_dc.py:378 20250809 处理失败: 抱歉，您访问接口(moneyflow_ind_dc)频率超限(500次/分钟)，具体频次详情：https://tushare.pro/document/1?doc_id=108。
2026-08-01 19:12:52,811 [ERROR] fetch_moneyflow_dc.py:170 获取 20250810~20250810 板块资金流向失败: 抱歉，您访问接口(moneyflow_ind_dc)频率超限(500次/分钟)，具体频次详情：https://tushare.pro/document/1?doc_id=108。
2026-08-01 19:12:52,811 [ERROR] fetch_moneyflow_dc.py:378 20250810 处理失败: 抱歉，您访问接口(moneyflow_ind_dc)频率超限(500次/分钟)，具体频次详情：https://tushare.pro/document/1?doc_id=108。
2026-08-01 19:12:52,822 [ERROR] fetch_moneyflow_dc.py:170 获取 20250811~20250811 板块资金流向失败: 抱歉，您访问接口(moneyflow_ind_dc)频率超限(500次/分钟)，具体频次详情：https://tushare.pro/document/1?doc_id=108。
2026-08-01 19:12:52,822 [ERROR] fetch_moneyflow_dc.py:378 20250811 处理失败: 抱歉，您访问接口(moneyflow_ind_dc)频率超限(500次/分钟)，具体频次详情：https://tushare.pro/document/1?doc_id=108。
2026-08-01 19:12:52,863 [ERROR] fetch_moneyflow_dc.py:170 获取 20250812~20250812 板块资金流向失败: 抱歉，您访问接口(moneyflow_ind_dc)频率超限(500次/分钟)，具体频次详情：https://tushare.pro/document/1?doc_id=108。
2026-08-01 19:12:52,863 [ERROR] fetch_moneyflow_dc.py:378 20250812 处理失败: 抱歉，您访问接口(moneyflow_ind_dc)频率超限(500次/分钟)，具体频次详情：https://tushare.pro/document/1?doc_id=108。
2026-08-01 19:12:52,871 [ERROR] fetch_moneyflow_dc.py:170 获取 20250813~20250813 板块资金流向失败: 抱歉，您访问接口(moneyflow_ind_dc)频率超限(500次/分钟)，具体频次详情：https://tushare.pro/document/1?doc_id=108。
2026-08-01 19:12:52,871 [ERROR] fetch_moneyflow_dc.py:378 20250813 处理失败: 抱歉，您访问接口(moneyflow_ind_dc)频率超限(500次/分钟)，具体频次详情：https://tushare.pro/document/1?doc_id=108。
2026-08-01 19:12:52,911 [ERROR] fetch_moneyflow_dc.py:170 获取 20250814~20250814 板块资金流向失败: 抱歉，您访问接口(moneyflow_ind_dc)频率超限(500次/分钟)，具体频次详情：https://tushare.pro/document/1?doc_id=108。
2026-08-01 19:12:52,911 [ERROR] fetch_moneyflow_dc.py:378 20250814 处理失败: 抱歉，您访问接口(moneyflow_ind_dc)频率超限(500次/分钟)，具体频次详情：https://tushare.pro/document/1?doc_id=108。
2026-08-01 19:12:52,921 [ERROR] fetch_moneyflow_dc.py:170 获取 20250815~20250815 板块资金流向失败: 抱歉，您访问接口(moneyflow_ind_dc)频率超限(500次/分钟)，具体频次详情：https://tushare.pro/document/1?doc_id=108。
2026-08-01 19:12:52,922 [ERROR] fetch_moneyflow_dc.py:378 20250815 处理失败: 抱歉，您访问接口(moneyflow_ind_dc)频率超限(500次/分钟)，具体频次详情：https://tushare.pro/document/1?doc_id=108。
2026-08-01 19:12:52,955 [ERROR] fetch_moneyflow_dc.py:170 获取 20250816~20250816 板块资金流向失败: 抱歉，您访问接口(moneyflow_ind_dc)频率超限(500次/分钟)，具体频次详情：https://tushare.pro/document/1?doc_id=108。
2026-08-01 19:12:52,956 [ERROR] fetch_moneyflow_dc.py:378 20250816 处理失败: 抱歉，您访问接口(moneyflow_ind_dc)频率超限(500次/分钟)，具体频次详情：https://tushare.pro/document/1?doc_id=108。
2026-08-01 19:12:52,966 [ERROR] fetch_moneyflow_dc.py:170 获取 20250817~20250817 板块资金流向失败: 抱歉，您访问接口(moneyflow_ind_dc)频率超限(500次/分钟)，具体频次详情：https://tushare.pro/document/1?doc_id=108。
2026-08-01 19:12:52,966 [ERROR] fetch_moneyflow_dc.py:378 20250817 处理失败: 抱歉，您访问接口(moneyflow_ind_dc)频率超限(500次/分钟)，具体频次详情：https://tushare.pro/document/1?doc_id=108。
2026-08-01 19:12:53,005 [ERROR] fetch_moneyflow_dc.py:170 获取 20250818~20250818 板块资金流向失败: 抱歉，您访问接口(moneyflow_ind_dc)频率超限(500次/分钟)，具体频次详情：https://tushare.pro/document/1?doc_id=108。
2026-08-01 19:12:53,006 [ERROR] fetch_moneyflow_dc.py:378 20250818 处理失败: 抱歉，您访问接口(moneyflow_ind_dc)频率超限(500次/分钟)，具体频次详情：https://tushare.pro/document/1?doc_id=108。
2026-08-01 19:12:53,014 [ERROR] fetch_moneyflow_dc.py:170 获取 20250819~20250819 板块资金流向失败: 抱歉，您访问接口(moneyflow_ind_dc)频率超限(500次/分钟)，具体频次详情：https://tushare.pro/document/1?doc_id=108。
2026-08-01 19:12:53,015 [ERROR] fetch_moneyflow_dc.py:378 20250819 处理失败: 抱歉，您访问接口(moneyflow_ind_dc)频率超限(500次/分钟)，具体频次详情：https://tushare.pro/document/1?doc_id=108。
2026-08-01 19:12:53,056 [ERROR] fetch_moneyflow_dc.py:170 获取 20250820~20250820 板块资金流向失败: 抱歉，您访问接口(moneyflow_ind_dc)频率超限(500次/分钟)，具体频次详情：https://tushare.pro/document/1?doc_id=108。
2026-08-01 19:12:53,056 [ERROR] fetch_moneyflow_dc.py:378 20250820 处理失败: 抱歉，您访问接口(moneyflow_ind_dc)频率超限(500次/分钟)，具体频次详情：https://tushare.pro/document/1?doc_id=108。
2026-08-01 19:12:53,061 [ERROR] fetch_moneyflow_dc.py:170 获取 20250821~20250821 板块资金流向失败: 抱歉，您访问接口(moneyflow_ind_dc)频率超限(500次/分钟)，具体频次详情：https://tushare.pro/document/1?doc_id=108。
2026-08-01 19:12:53,061 [ERROR] fetch_moneyflow_dc.py:378 20250821 处理失败: 抱歉，您访问接口(moneyflow_ind_dc)频率超限(500次/分钟)，具体频次详情：https://tushare.pro/document/1?doc_id=108。
2026-08-01 19:12:53,100 [ERROR] fetch_moneyflow_dc.py:170 获取 20250822~20250822 板块资金流向失败: 抱歉，您访问接口(moneyflow_ind_dc)频率超限(500次/分钟)，具体频次详情：https://tushare.pro/document/1?doc_id=108。
2026-08-01 19:12:53,101 [ERROR] fetch_moneyflow_dc.py:378 20250822 处理失败: 抱歉，您访问接口(moneyflow_ind_dc)频率超限(500次/分钟)，具体频次详情：https://tushare.pro/document/1?doc_id=108。
2026-08-01 19:12:53,110 [ERROR] fetch_moneyflow_dc.py:170 获取 20250823~20250823 板块资金流向失败: 抱歉，您访问接口(moneyflow_ind_dc)频率超限(500次/分钟)，具体频次详情：https://tushare.pro/document/1?doc_id=108。
2026-08-01 19:12:53,110 [ERROR] fetch_moneyflow_dc.py:378 20250823 处理失败: 抱歉，您访问接口(moneyflow_ind_dc)频率超限(500次/分钟)，具体频次详情：https://tushare.pro/document/1?doc_id=108。
2026-08-01 19:12:53,150 [ERROR] fetch_moneyflow_dc.py:170 获取 20250824~20250824 板块资金流向失败: 抱歉，您访问接口(moneyflow_ind_dc)频率超限(500次/分钟)，具体频次详情：https://tushare.pro/document/1?doc_id=108。
2026-08-01 19:12:53,151 [ERROR] fetch_moneyflow_dc.py:378 20250824 处理失败: 抱歉，您访问接口(moneyflow_ind_dc)频率超限(500次/分钟)，具体频次详情：https://tushare.pro/document/1?doc_id=108。
2026-08-01 19:12:53,158 [ERROR] fetch_moneyflow_dc.py:170 获取 20250825~20250825 板块资金流向失败: 抱歉，您访问接口(moneyflow_ind_dc)频率超限(500次/分钟)，具体频次详情：https://tushare.pro/document/1?doc_id=108。
2026-08-01 19:12:53,159 [ERROR] fetch_moneyflow_dc.py:378 20250825 处理失败: 抱歉，您访问接口(moneyflow_ind_dc)频率超限(500次/分钟)，具体频次详情：https://tushare.pro/document/1?doc_id=108。
2026-08-01 19:12:53,200 [ERROR] fetch_moneyflow_dc.py:170 获取 20250826~20250826 板块资金流向失败: 抱歉，您访问接口(moneyflow_ind_dc)频率超限(500次/分钟)，具体频次详情：https://tushare.pro/document/1?doc_id=108。
2026-08-01 19:12:53,200 [ERROR] fetch_moneyflow_dc.py:378 20250826 处理失败: 抱歉，您访问接口(moneyflow_ind_dc)频率超限(500次/分钟)，具体频次详情：https://tushare.pro/document/1?doc_id=108。
2026-08-01 19:12:53,206 [ERROR] fetch_moneyflow_dc.py:170 获取 20250827~20250827 板块资金流向失败: 抱歉，您访问接口(moneyflow_ind_dc)频率超限(500次/分钟)，具体频次详情：https://tushare.pro/document/1?doc_id=108。
2026-08-01 19:12:53,206 [ERROR] fetch_moneyflow_dc.py:378 20250827 处理失败: 抱歉，您访问接口(moneyflow_ind_dc)频率超限(500次/分钟)，具体频次详情：https://tushare.pro/document/1?doc_id=108。
2026-08-01 19:12:53,248 [ERROR] fetch_moneyflow_dc.py:170 获取 20250828~20250828 板块资金流向失败: 抱歉，您访问接口(moneyflow_ind_dc)频率超限(500次/分钟)，具体频次详情：https://tushare.pro/document/1?doc_id=108。
2026-08-01 19:12:53,248 [ERROR] fetch_moneyflow_dc.py:378 20250828 处理失败: 抱歉，您访问接口(moneyflow_ind_dc)频率超限(500次/分钟)，具体频次详情：https://tushare.pro/document/1?doc_id=108。
2026-08-01 19:12:53,255 [ERROR] fetch_moneyflow_dc.py:170 获取 20250829~20250829 板块资金流向失败: 抱歉，您访问接口(moneyflow_ind_dc)频率超限(500次/分钟)，具体频次详情：https://tushare.pro/document/1?doc_id=108。
2026-08-01 19:12:53,255 [ERROR] fetch_moneyflow_dc.py:378 20250829 处理失败: 抱歉，您访问接口(moneyflow_ind_dc)频率超限(500次/分钟)，具体频次详情：https://tushare.pro/document/1?doc_id=108。
2026-08-01 19:12:53,294 [ERROR] fetch_moneyflow_dc.py:170 获取 20250830~20250830 板块资金流向失败: 抱歉，您访问接口(moneyflow_ind_dc)频率超限(500次/分钟)，具体频次详情：https://tushare.pro/document/1?doc_id=108。
2026-08-01 19:12:53,295 [ERROR] fetch_moneyflow_dc.py:378 20250830 处理失败: 抱歉，您访问接口(moneyflow_ind_dc)频率超限(500次/分钟)，具体频次详情：https://tushare.pro/document/1?doc_id=108。
2026-08-01 19:12:53,305 [ERROR] fetch_moneyflow_dc.py:170 获取 20250831~20250831 板块资金流向失败: 抱歉，您访问接口(moneyflow_ind_dc)频率超限(500次/分钟)，具体频次详情：https://tushare.pro/document/1?doc_id=108。
2026-08-01 19:12:53,306 [ERROR] fetch_moneyflow_dc.py:378 20250831 处理失败: 抱歉，您访问接口(moneyflow_ind_dc)频率超限(500次/分钟)，具体频次详情：https://tushare.pro/document/1?doc_id=108。
2026-08-01 19:12:53,345 [ERROR] fetch_moneyflow_dc.py:170 获取 20250901~20250901 板块资金流向失败: 抱歉，您访问接口(moneyflow_ind_dc)频率超限(500次/分钟)，具体频次详情：https://tushare.pro/document/1?doc_id=108。
2026-08-01 19:12:53,345 [ERROR] fetch_moneyflow_dc.py:378 20250901 处理失败: 抱歉，您访问接口(moneyflow_ind_dc)频率超限(500次/分钟)，具体频次详情：https://tushare.pro/document/1?doc_id=108。
2026-08-01 19:12:53,353 [ERROR] fetch_moneyflow_dc.py:170 获取 20250902~20250902 板块资金流向失败: 抱歉，您访问接口(moneyflow_ind_dc)频率超限(500次/分钟)，具体频次详情：https://tushare.pro/document/1?doc_id=108。
2026-08-01 19:12:53,354 [ERROR] fetch_moneyflow_dc.py:378 20250902 处理失败: 抱歉，您访问接口(moneyflow_ind_dc)频率超限(500次/分钟)，具体频次详情：https://tushare.pro/document/1?doc_id=108。
2026-08-01 19:12:53,393 [ERROR] fetch_moneyflow_dc.py:170 获取 20250903~20250903 板块资金流向失败: 抱歉，您访问接口(moneyflow_ind_dc)频率超限(500次/分钟)，具体频次详情：https://tushare.pro/document/1?doc_id=108。
2026-08-01 19:12:53,394 [ERROR] fetch_moneyflow_dc.py:378 20250903 处理失败: 抱歉，您访问接口(moneyflow_ind_dc)频率超限(500次/分钟)，具体频次详情：https://tushare.pro/document/1?doc_id=108。
2026-08-01 19:12:53,402 [ERROR] fetch_moneyflow_dc.py:170 获取 20250904~20250904 板块资金流向失败: 抱歉，您访问接口(moneyflow_ind_dc)频率超限(500次/分钟)，具体频次详情：https://tushare.pro/document/1?doc_id=108。
2026-08-01 19:12:53,402 [ERROR] fetch_moneyflow_dc.py:378 20250904 处理失败: 抱歉，您访问接口(moneyflow_ind_dc)频率超限(500次/分钟)，具体频次详情：https://tushare.pro/document/1?doc_id=108。
2026-08-01 19:12:53,442 [ERROR] fetch_moneyflow_dc.py:170 获取 20250905~20250905 板块资金流向失败: 抱歉，您访问接口(moneyflow_ind_dc)频率超限(500次/分钟)，具体频次详情：https://tushare.pro/document/1?doc_id=108。
2026-08-01 19:12:53,442 [ERROR] fetch_moneyflow_dc.py:378 20250905 处理失败: 抱歉，您访问接口(moneyflow_ind_dc)频率超限(500次/分钟)，具体频次详情：https://tushare.pro/document/1?doc_id=108。
2026-08-01 19:12:53,450 [ERROR] fetch_moneyflow_dc.py:170 获取 20250906~20250906 板块资金流向失败: 抱歉，您访问接口(moneyflow_ind_dc)频率超限(500次/分钟)，具体频次详情：https://tushare.pro/document/1?doc_id=108。
2026-08-01 19:12:53,450 [ERROR] fetch_moneyflow_dc.py:378 20250906 处理失败: 抱歉，您访问接口(moneyflow_ind_dc)频率超限(500次/分钟)，具体频次详情：https://tushare.pro/document/1?doc_id=108。
2026-08-01 19:12:53,486 [ERROR] fetch_moneyflow_dc.py:170 获取 20250907~20250907 板块资金流向失败: 抱歉，您访问接口(moneyflow_ind_dc)频率超限(500次/分钟)，具体频次详情：https://tushare.pro/document/1?doc_id=108。
2026-08-01 19:12:53,487 [ERROR] fetch_moneyflow_dc.py:378 20250907 处理失败: 抱歉，您访问接口(moneyflow_ind_dc)频率超限(500次/分钟)，具体频次详情：https://tushare.pro/document/1?doc_id=108。
2026-08-01 19:12:53,502 [ERROR] fetch_moneyflow_dc.py:170 获取 20250908~20250908 板块资金流向失败: 抱歉，您访问接口(moneyflow_ind_dc)频率超限(500次/分钟)，具体频次详情：https://tushare.pro/document/1?doc_id=108。
2026-08-01 19:12:53,502 [ERROR] fetch_moneyflow_dc.py:378 20250908 处理失败: 抱歉，您访问接口(moneyflow_ind_dc)频率超限(500次/分钟)，具体频次详情：https://tushare.pro/document/1?doc_id=108。
2026-08-01 19:12:53,535 [ERROR] fetch_moneyflow_dc.py:170 获取 20250909~20250909 板块资金流向失败: 抱歉，您访问接口(moneyflow_ind_dc)频率超限(500次/分钟)，具体频次详情：https://tushare.pro/document/1?doc_id=108。
2026-08-01 19:12:53,535 [ERROR] fetch_moneyflow_dc.py:378 20250909 处理失败: 抱歉，您访问接口(moneyflow_ind_dc)频率超限(500次/分钟)，具体频次详情：https://tushare.pro/document/1?doc_id=108。
2026-08-01 19:12:53,557 [ERROR] fetch_moneyflow_dc.py:170 获取 20250910~20250910 板块资金流向失败: 抱歉，您访问接口(moneyflow_ind_dc)频率超限(500次/分钟)，具体频次详情：https://tushare.pro/document/1?doc_id=108。
2026-08-01 19:12:53,557 [ERROR] fetch_moneyflow_dc.py:378 20250910 处理失败: 抱歉，您访问接口(moneyflow_ind_dc)频率超限(500次/分钟)，具体频次详情：https://tushare.pro/document/1?doc_id=108。
2026-08-01 19:12:53,597 [ERROR] fetch_moneyflow_dc.py:170 获取 20250911~20250911 板块资金流向失败: 抱歉，您访问接口(moneyflow_ind_dc)频率超限(500次/分钟)，具体频次详情：https://tushare.pro/document/1?doc_id=108。
2026-08-01 19:12:53,597 [ERROR] fetch_moneyflow_dc.py:378 20250911 处理失败: 抱歉，您访问接口(moneyflow_ind_dc)频率超限(500次/分钟)，具体频次详情：https://tushare.pro/document/1?doc_id=108。
2026-08-01 19:12:53,609 [ERROR] fetch_moneyflow_dc.py:170 获取 20250912~20250912 板块资金流向失败: 抱歉，您访问接口(moneyflow_ind_dc)频率超限(500次/分钟)，具体频次详情：https://tushare.pro/document/1?doc_id=108。
2026-08-01 19:12:53,610 [ERROR] fetch_moneyflow_dc.py:378 20250912 处理失败: 抱歉，您访问接口(moneyflow_ind_dc)频率超限(500次/分钟)，具体频次详情：https://tushare.pro/document/1?doc_id=108。
2026-08-01 19:12:53,655 [ERROR] fetch_moneyflow_dc.py:170 获取 20250913~20250913 板块资金流向失败: 抱歉，您访问接口(moneyflow_ind_dc)频率超限(500次/分钟)，具体频次详情：https://tushare.pro/document/1?doc_id=108。
2026-08-01 19:12:53,656 [ERROR] fetch_moneyflow_dc.py:378 20250913 处理失败: 抱歉，您访问接口(moneyflow_ind_dc)频率超限(500次/分钟)，具体频次详情：https://tushare.pro/document/1?doc_id=108。
2026-08-01 19:12:53,672 [ERROR] fetch_moneyflow_dc.py:170 获取 20250914~20250914 板块资金流向失败: 抱歉，您访问接口(moneyflow_ind_dc)频率超限(500次/分钟)，具体频次详情：https://tushare.pro/document/1?doc_id=108。
2026-08-01 19:12:53,673 [ERROR] fetch_moneyflow_dc.py:378 20250914 处理失败: 抱歉，您访问接口(moneyflow_ind_dc)频率超限(500次/分钟)，具体频次详情：https://tushare.pro/document/1?doc_id=108。
2026-08-01 19:12:53,703 [ERROR] fetch_moneyflow_dc.py:170 获取 20250915~20250915 板块资金流向失败: 抱歉，您访问接口(moneyflow_ind_dc)频率超限(500次/分钟)，具体频次详情：https://tushare.pro/document/1?doc_id=108。
2026-08-01 19:12:53,703 [ERROR] fetch_moneyflow_dc.py:378 20250915 处理失败: 抱歉，您访问接口(moneyflow_ind_dc)频率超限(500次/分钟)，具体频次详情：https://tushare.pro/document/1?doc_id=108。
2026-08-01 19:12:53,720 [ERROR] fetch_moneyflow_dc.py:170 获取 20250916~20250916 板块资金流向失败: 抱歉，您访问接口(moneyflow_ind_dc)频率超限(500次/分钟)，具体频次详情：https://tushare.pro/document/1?doc_id=108。
2026-08-01 19:12:53,721 [ERROR] fetch_moneyflow_dc.py:378 20250916 处理失败: 抱歉，您访问接口(moneyflow_ind_dc)频率超限(500次/分钟)，具体频次详情：https://tushare.pro/document/1?doc_id=108。
2026-08-01 19:12:53,753 [ERROR] fetch_moneyflow_dc.py:170 获取 20250917~20250917 板块资金流向失败: 抱歉，您访问接口(moneyflow_ind_dc)频率超限(500次/分钟)，具体频次详情：https://tushare.pro/document/1?doc_id=108。
2026-08-01 19:12:53,754 [ERROR] fetch_moneyflow_dc.py:378 20250917 处理失败: 抱歉，您访问接口(moneyflow_ind_dc)频率超限(500次/分钟)，具体频次详情：https://tushare.pro/document/1?doc_id=108。
2026-08-01 19:12:53,763 [ERROR] fetch_moneyflow_dc.py:170 获取 20250918~20250918 板块资金流向失败: 抱歉，您访问接口(moneyflow_ind_dc)频率超限(500次/分钟)，具体频次详情：https://tushare.pro/document/1?doc_id=108。
2026-08-01 19:12:53,763 [ERROR] fetch_moneyflow_dc.py:378 20250918 处理失败: 抱歉，您访问接口(moneyflow_ind_dc)频率超限(500次/分钟)，具体频次详情：https://tushare.pro/document/1?doc_id=108。
2026-08-01 19:12:53,798 [ERROR] fetch_moneyflow_dc.py:170 获取 20250919~20250919 板块资金流向失败: 抱歉，您访问接口(moneyflow_ind_dc)频率超限(500次/分钟)，具体频次详情：https://tushare.pro/document/1?doc_id=108。
2026-08-01 19:12:53,798 [ERROR] fetch_moneyflow_dc.py:378 20250919 处理失败: 抱歉，您访问接口(moneyflow_ind_dc)频率超限(500次/分钟)，具体频次详情：https://tushare.pro/document/1?doc_id=108。
2026-08-01 19:12:53,811 [ERROR] fetch_moneyflow_dc.py:170 获取 20250920~20250920 板块资金流向失败: 抱歉，您访问接口(moneyflow_ind_dc)频率超限(500次/分钟)，具体频次详情：https://tushare.pro/document/1?doc_id=108。
2026-08-01 19:12:53,811 [ERROR] fetch_moneyflow_dc.py:378 20250920 处理失败: 抱歉，您访问接口(moneyflow_ind_dc)频率超限(500次/分钟)，具体频次详情：https://tushare.pro/document/1?doc_id=108。
2026-08-01 19:12:53,848 [ERROR] fetch_moneyflow_dc.py:170 获取 20250921~20250921 板块资金流向失败: 抱歉，您访问接口(moneyflow_ind_dc)频率超限(500次/分钟)，具体频次详情：https://tushare.pro/document/1?doc_id=108。
2026-08-01 19:12:53,849 [ERROR] fetch_moneyflow_dc.py:378 20250921 处理失败: 抱歉，您访问接口(moneyflow_ind_dc)频率超限(500次/分钟)，具体频次详情：https://tushare.pro/document/1?doc_id=108。
2026-08-01 19:12:53,858 [ERROR] fetch_moneyflow_dc.py:170 获取 20250922~20250922 板块资金流向失败: 抱歉，您访问接口(moneyflow_ind_dc)频率超限(500次/分钟)，具体频次详情：https://tushare.pro/document/1?doc_id=108。
2026-08-01 19:12:53,859 [ERROR] fetch_moneyflow_dc.py:378 20250922 处理失败: 抱歉，您访问接口(moneyflow_ind_dc)频率超限(500次/分钟)，具体频次详情：https://tushare.pro/document/1?doc_id=108。
2026-08-01 19:12:53,898 [ERROR] fetch_moneyflow_dc.py:170 获取 20250923~20250923 板块资金流向失败: 抱歉，您访问接口(moneyflow_ind_dc)频率超限(500次/分钟)，具体频次详情：https://tushare.pro/document/1?doc_id=108。
2026-08-01 19:12:53,899 [ERROR] fetch_moneyflow_dc.py:378 20250923 处理失败: 抱歉，您访问接口(moneyflow_ind_dc)频率超限(500次/分钟)，具体频次详情：https://tushare.pro/document/1?doc_id=108。
2026-08-01 19:12:53,907 [ERROR] fetch_moneyflow_dc.py:170 获取 20250924~20250924 板块资金流向失败: 抱歉，您访问接口(moneyflow_ind_dc)频率超限(500次/分钟)，具体频次详情：https://tushare.pro/document/1?doc_id=108。
2026-08-01 19:12:53,907 [ERROR] fetch_moneyflow_dc.py:378 20250924 处理失败: 抱歉，您访问接口(moneyflow_ind_dc)频率超限(500次/分钟)，具体频次详情：https://tushare.pro/document/1?doc_id=108。
2026-08-01 19:12:53,946 [ERROR] fetch_moneyflow_dc.py:170 获取 20250925~20250925 板块资金流向失败: 抱歉，您访问接口(moneyflow_ind_dc)频率超限(500次/分钟)，具体频次详情：https://tushare.pro/document/1?doc_id=108。
2026-08-01 19:12:53,946 [ERROR] fetch_moneyflow_dc.py:378 20250925 处理失败: 抱歉，您访问接口(moneyflow_ind_dc)频率超限(500次/分钟)，具体频次详情：https://tushare.pro/document/1?doc_id=108。
2026-08-01 19:12:53,958 [ERROR] fetch_moneyflow_dc.py:170 获取 20250926~20250926 板块资金流向失败: 抱歉，您访问接口(moneyflow_ind_dc)频率超限(500次/分钟)，具体频次详情：https://tushare.pro/document/1?doc_id=108。
2026-08-01 19:12:53,958 [ERROR] fetch_moneyflow_dc.py:378 20250926 处理失败: 抱歉，您访问接口(moneyflow_ind_dc)频率超限(500次/分钟)，具体频次详情：https://tushare.pro/document/1?doc_id=108。
2026-08-01 19:12:53,995 [ERROR] fetch_moneyflow_dc.py:170 获取 20250927~20250927 板块资金流向失败: 抱歉，您访问接口(moneyflow_ind_dc)频率超限(500次/分钟)，具体频次详情：https://tushare.pro/document/1?doc_id=108。
2026-08-01 19:12:53,996 [ERROR] fetch_moneyflow_dc.py:378 20250927 处理失败: 抱歉，您访问接口(moneyflow_ind_dc)频率超限(500次/分钟)，具体频次详情：https://tushare.pro/document/1?doc_id=108。
2026-08-01 19:12:54,005 [ERROR] fetch_moneyflow_dc.py:170 获取 20250928~20250928 板块资金流向失败: 抱歉，您访问接口(moneyflow_ind_dc)频率超限(500次/分钟)，具体频次详情：https://tushare.pro/document/1?doc_id=108。
2026-08-01 19:12:54,005 [ERROR] fetch_moneyflow_dc.py:378 20250928 处理失败: 抱歉，您访问接口(moneyflow_ind_dc)频率超限(500次/分钟)，具体频次详情：https://tushare.pro/document/1?doc_id=108。
2026-08-01 19:12:54,038 [ERROR] fetch_moneyflow_dc.py:170 获取 20250929~20250929 板块资金流向失败: 抱歉，您访问接口(moneyflow_ind_dc)频率超限(500次/分钟)，具体频次详情：https://tushare.pro/document/1?doc_id=108。
2026-08-01 19:12:54,038 [ERROR] fetch_moneyflow_dc.py:378 20250929 处理失败: 抱歉，您访问接口(moneyflow_ind_dc)频率超限(500次/分钟)，具体频次详情：https://tushare.pro/document/1?doc_id=108。
2026-08-01 19:12:54,049 [ERROR] fetch_moneyflow_dc.py:170 获取 20250930~20250930 板块资金流向失败: 抱歉，您访问接口(moneyflow_ind_dc)频率超限(500次/分钟)，具体频次详情：https://tushare.pro/document/1?doc_id=108。
2026-08-01 19:12:54,050 [ERROR] fetch_moneyflow_dc.py:378 20250930 处理失败: 抱歉，您访问接口(moneyflow_ind_dc)频率超限(500次/分钟)，具体频次详情：https://tushare.pro/document/1?doc_id=108。
2026-08-01 19:12:54,085 [ERROR] fetch_moneyflow_dc.py:170 获取 20251001~20251001 板块资金流向失败: 抱歉，您访问接口(moneyflow_ind_dc)频率超限(500次/分钟)，具体频次详情：https://tushare.pro/document/1?doc_id=108。
2026-08-01 19:12:54,085 [ERROR] fetch_moneyflow_dc.py:378 20251001 处理失败: 抱歉，您访问接口(moneyflow_ind_dc)频率超限(500次/分钟)，具体频次详情：https://tushare.pro/document/1?doc_id=108。
2026-08-01 19:12:54,099 [ERROR] fetch_moneyflow_dc.py:170 获取 20251002~20251002 板块资金流向失败: 抱歉，您访问接口(moneyflow_ind_dc)频率超限(500次/分钟)，具体频次详情：https://tushare.pro/document/1?doc_id=108。
2026-08-01 19:12:54,099 [ERROR] fetch_moneyflow_dc.py:378 20251002 处理失败: 抱歉，您访问接口(moneyflow_ind_dc)频率超限(500次/分钟)，具体频次详情：https://tushare.pro/document/1?doc_id=108。
2026-08-01 19:12:54,133 [ERROR] fetch_moneyflow_dc.py:170 获取 20251003~20251003 板块资金流向失败: 抱歉，您访问接口(moneyflow_ind_dc)频率超限(500次/分钟)，具体频次详情：https://tushare.pro/document/1?doc_id=108。
2026-08-01 19:12:54,134 [ERROR] fetch_moneyflow_dc.py:378 20251003 处理失败: 抱歉，您访问接口(moneyflow_ind_dc)频率超限(500次/分钟)，具体频次详情：https://tushare.pro/document/1?doc_id=108。
2026-08-01 19:12:54,149 [ERROR] fetch_moneyflow_dc.py:170 获取 20251004~20251004 板块资金流向失败: 抱歉，您访问接口(moneyflow_ind_dc)频率超限(500次/分钟)，具体频次详情：https://tushare.pro/document/1?doc_id=108。
2026-08-01 19:12:54,150 [ERROR] fetch_moneyflow_dc.py:378 20251004 处理失败: 抱歉，您访问接口(moneyflow_ind_dc)频率超限(500次/分钟)，具体频次详情：https://tushare.pro/document/1?doc_id=108。
2026-08-01 19:12:54,181 [ERROR] fetch_moneyflow_dc.py:170 获取 20251005~20251005 板块资金流向失败: 抱歉，您访问接口(moneyflow_ind_dc)频率超限(500次/分钟)，具体频次详情：https://tushare.pro/document/1?doc_id=108。
2026-08-01 19:12:54,181 [ERROR] fetch_moneyflow_dc.py:378 20251005 处理失败: 抱歉，您访问接口(moneyflow_ind_dc)频率超限(500次/分钟)，具体频次详情：https://tushare.pro/document/1?doc_id=108。
2026-08-01 19:12:54,198 [ERROR] fetch_moneyflow_dc.py:170 获取 20251006~20251006 板块资金流向失败: 抱歉，您访问接口(moneyflow_ind_dc)频率超限(500次/分钟)，具体频次详情：https://tushare.pro/document/1?doc_id=108。
2026-08-01 19:12:54,199 [ERROR] fetch_moneyflow_dc.py:378 20251006 处理失败: 抱歉，您访问接口(moneyflow_ind_dc)频率超限(500次/分钟)，具体频次详情：https://tushare.pro/document/1?doc_id=108。
2026-08-01 19:12:54,232 [ERROR] fetch_moneyflow_dc.py:170 获取 20251007~20251007 板块资金流向失败: 抱歉，您访问接口(moneyflow_ind_dc)频率超限(500次/分钟)，具体频次详情：https://tushare.pro/document/1?doc_id=108。
2026-08-01 19:12:54,233 [ERROR] fetch_moneyflow_dc.py:378 20251007 处理失败: 抱歉，您访问接口(moneyflow_ind_dc)频率超限(500次/分钟)，具体频次详情：https://tushare.pro/document/1?doc_id=108。
2026-08-01 19:12:54,246 [ERROR] fetch_moneyflow_dc.py:170 获取 20251008~20251008 板块资金流向失败: 抱歉，您访问接口(moneyflow_ind_dc)频率超限(500次/分钟)，具体频次详情：https://tushare.pro/document/1?doc_id=108。
2026-08-01 19:12:54,247 [ERROR] fetch_moneyflow_dc.py:378 20251008 处理失败: 抱歉，您访问接口(moneyflow_ind_dc)频率超限(500次/分钟)，具体频次详情：https://tushare.pro/document/1?doc_id=108。
2026-08-01 19:12:54,281 [ERROR] fetch_moneyflow_dc.py:170 获取 20251009~20251009 板块资金流向失败: 抱歉，您访问接口(moneyflow_ind_dc)频率超限(500次/分钟)，具体频次详情：https://tushare.pro/document/1?doc_id=108。
2026-08-01 19:12:54,282 [ERROR] fetch_moneyflow_dc.py:378 20251009 处理失败: 抱歉，您访问接口(moneyflow_ind_dc)频率超限(500次/分钟)，具体频次详情：https://tushare.pro/document/1?doc_id=108。
2026-08-01 19:12:54,296 [ERROR] fetch_moneyflow_dc.py:170 获取 20251010~20251010 板块资金流向失败: 抱歉，您访问接口(moneyflow_ind_dc)频率超限(500次/分钟)，具体频次详情：https://tushare.pro/document/1?doc_id=108。
2026-08-01 19:12:54,296 [ERROR] fetch_moneyflow_dc.py:378 20251010 处理失败: 抱歉，您访问接口(moneyflow_ind_dc)频率超限(500次/分钟)，具体频次详情：https://tushare.pro/document/1?doc_id=108。
2026-08-01 19:12:54,326 [ERROR] fetch_moneyflow_dc.py:170 获取 20251011~20251011 板块资金流向失败: 抱歉，您访问接口(moneyflow_ind_dc)频率超限(500次/分钟)，具体频次详情：https://tushare.pro/document/1?doc_id=108。
2026-08-01 19:12:54,326 [ERROR] fetch_moneyflow_dc.py:378 20251011 处理失败: 抱歉，您访问接口(moneyflow_ind_dc)频率超限(500次/分钟)，具体频次详情：https://tushare.pro/document/1?doc_id=108。
2026-08-01 19:12:54,353 [ERROR] fetch_moneyflow_dc.py:170 获取 20251012~20251012 板块资金流向失败: 抱歉，您访问接口(moneyflow_ind_dc)频率超限(500次/分钟)，具体频次详情：https://tushare.pro/document/1?doc_id=108。
2026-08-01 19:12:54,354 [ERROR] fetch_moneyflow_dc.py:378 20251012 处理失败: 抱歉，您访问接口(moneyflow_ind_dc)频率超限(500次/分钟)，具体频次详情：https://tushare.pro/document/1?doc_id=108。
2026-08-01 19:12:54,380 [ERROR] fetch_moneyflow_dc.py:170 获取 20251013~20251013 板块资金流向失败: 抱歉，您访问接口(moneyflow_ind_dc)频率超限(500次/分钟)，具体频次详情：https://tushare.pro/document/1?doc_id=108。
2026-08-01 19:12:54,380 [ERROR] fetch_moneyflow_dc.py:378 20251013 处理失败: 抱歉，您访问接口(moneyflow_ind_dc)频率超限(500次/分钟)，具体频次详情：https://tushare.pro/document/1?doc_id=108。
2026-08-01 19:12:54,403 [ERROR] fetch_moneyflow_dc.py:170 获取 20251014~20251014 板块资金流向失败: 抱歉，您访问接口(moneyflow_ind_dc)频率超限(500次/分钟)，具体频次详情：https://tushare.pro/document/1?doc_id=108。
2026-08-01 19:12:54,404 [ERROR] fetch_moneyflow_dc.py:378 20251014 处理失败: 抱歉，您访问接口(moneyflow_ind_dc)频率超限(500次/分钟)，具体频次详情：https://tushare.pro/document/1?doc_id=108。
2026-08-01 19:12:54,429 [ERROR] fetch_moneyflow_dc.py:170 获取 20251015~20251015 板块资金流向失败: 抱歉，您访问接口(moneyflow_ind_dc)频率超限(500次/分钟)，具体频次详情：https://tushare.pro/document/1?doc_id=108。
2026-08-01 19:12:54,429 [ERROR] fetch_moneyflow_dc.py:378 20251015 处理失败: 抱歉，您访问接口(moneyflow_ind_dc)频率超限(500次/分钟)，具体频次详情：https://tushare.pro/document/1?doc_id=108。
2026-08-01 19:12:54,455 [ERROR] fetch_moneyflow_dc.py:170 获取 20251016~20251016 板块资金流向失败: 抱歉，您访问接口(moneyflow_ind_dc)频率超限(500次/分钟)，具体频次详情：https://tushare.pro/document/1?doc_id=108。
2026-08-01 19:12:54,455 [ERROR] fetch_moneyflow_dc.py:378 20251016 处理失败: 抱歉，您访问接口(moneyflow_ind_dc)频率超限(500次/分钟)，具体频次详情：https://tushare.pro/document/1?doc_id=108。
2026-08-01 19:12:54,502 [ERROR] fetch_moneyflow_dc.py:170 获取 20251017~20251017 板块资金流向失败: 抱歉，您访问接口(moneyflow_ind_dc)频率超限(500次/分钟)，具体频次详情：https://tushare.pro/document/1?doc_id=108。
2026-08-01 19:12:54,502 [ERROR] fetch_moneyflow_dc.py:378 20251017 处理失败: 抱歉，您访问接口(moneyflow_ind_dc)频率超限(500次/分钟)，具体频次详情：https://tushare.pro/document/1?doc_id=108。
2026-08-01 19:12:54,516 [ERROR] fetch_moneyflow_dc.py:170 获取 20251018~20251018 板块资金流向失败: 抱歉，您访问接口(moneyflow_ind_dc)频率超限(500次/分钟)，具体频次详情：https://tushare.pro/document/1?doc_id=108。
2026-08-01 19:12:54,516 [ERROR] fetch_moneyflow_dc.py:378 20251018 处理失败: 抱歉，您访问接口(moneyflow_ind_dc)频率超限(500次/分钟)，具体频次详情：https://tushare.pro/document/1?doc_id=108。
2026-08-01 19:12:54,550 [ERROR] fetch_moneyflow_dc.py:170 获取 20251019~20251019 板块资金流向失败: 抱歉，您访问接口(moneyflow_ind_dc)频率超限(500次/分钟)，具体频次详情：https://tushare.pro/document/1?doc_id=108。
2026-08-01 19:12:54,550 [ERROR] fetch_moneyflow_dc.py:378 20251019 处理失败: 抱歉，您访问接口(moneyflow_ind_dc)频率超限(500次/分钟)，具体频次详情：https://tushare.pro/document/1?doc_id=108。
2026-08-01 19:12:54,563 [ERROR] fetch_moneyflow_dc.py:170 获取 20251020~20251020 板块资金流向失败: 抱歉，您访问接口(moneyflow_ind_dc)频率超限(500次/分钟)，具体频次详情：https://tushare.pro/document/1?doc_id=108。
2026-08-01 19:12:54,564 [ERROR] fetch_moneyflow_dc.py:378 20251020 处理失败: 抱歉，您访问接口(moneyflow_ind_dc)频率超限(500次/分钟)，具体频次详情：https://tushare.pro/document/1?doc_id=108。
2026-08-01 19:12:54,602 [ERROR] fetch_moneyflow_dc.py:170 获取 20251021~20251021 板块资金流向失败: 抱歉，您访问接口(moneyflow_ind_dc)频率超限(500次/分钟)，具体频次详情：https://tushare.pro/document/1?doc_id=108。
2026-08-01 19:12:54,603 [ERROR] fetch_moneyflow_dc.py:378 20251021 处理失败: 抱歉，您访问接口(moneyflow_ind_dc)频率超限(500次/分钟)，具体频次详情：https://tushare.pro/document/1?doc_id=108。
2026-08-01 19:12:54,611 [ERROR] fetch_moneyflow_dc.py:170 获取 20251022~20251022 板块资金流向失败: 抱歉，您访问接口(moneyflow_ind_dc)频率超限(500次/分钟)，具体频次详情：https://tushare.pro/document/1?doc_id=108。
2026-08-01 19:12:54,612 [ERROR] fetch_moneyflow_dc.py:378 20251022 处理失败: 抱歉，您访问接口(moneyflow_ind_dc)频率超限(500次/分钟)，具体频次详情：https://tushare.pro/document/1?doc_id=108。
2026-08-01 19:12:54,653 [ERROR] fetch_moneyflow_dc.py:170 获取 20251023~20251023 板块资金流向失败: 抱歉，您访问接口(moneyflow_ind_dc)频率超限(500次/分钟)，具体频次详情：https://tushare.pro/document/1?doc_id=108。
2026-08-01 19:12:54,653 [ERROR] fetch_moneyflow_dc.py:378 20251023 处理失败: 抱歉，您访问接口(moneyflow_ind_dc)频率超限(500次/分钟)，具体频次详情：https://tushare.pro/document/1?doc_id=108。
2026-08-01 19:12:54,659 [ERROR] fetch_moneyflow_dc.py:170 获取 20251024~20251024 板块资金流向失败: 抱歉，您访问接口(moneyflow_ind_dc)频率超限(500次/分钟)，具体频次详情：https://tushare.pro/document/1?doc_id=108。
2026-08-01 19:12:54,659 [ERROR] fetch_moneyflow_dc.py:378 20251024 处理失败: 抱歉，您访问接口(moneyflow_ind_dc)频率超限(500次/分钟)，具体频次详情：https://tushare.pro/document/1?doc_id=108。
2026-08-01 19:12:54,700 [ERROR] fetch_moneyflow_dc.py:170 获取 20251025~20251025 板块资金流向失败: 抱歉，您访问接口(moneyflow_ind_dc)频率超限(500次/分钟)，具体频次详情：https://tushare.pro/document/1?doc_id=108。
2026-08-01 19:12:54,700 [ERROR] fetch_moneyflow_dc.py:378 20251025 处理失败: 抱歉，您访问接口(moneyflow_ind_dc)频率超限(500次/分钟)，具体频次详情：https://tushare.pro/document/1?doc_id=108。
2026-08-01 19:12:54,708 [ERROR] fetch_moneyflow_dc.py:170 获取 20251026~20251026 板块资金流向失败: 抱歉，您访问接口(moneyflow_ind_dc)频率超限(500次/分钟)，具体频次详情：https://tushare.pro/document/1?doc_id=108。
2026-08-01 19:12:54,708 [ERROR] fetch_moneyflow_dc.py:378 20251026 处理失败: 抱歉，您访问接口(moneyflow_ind_dc)频率超限(500次/分钟)，具体频次详情：https://tushare.pro/document/1?doc_id=108。
2026-08-01 19:12:54,750 [ERROR] fetch_moneyflow_dc.py:170 获取 20251027~20251027 板块资金流向失败: 抱歉，您访问接口(moneyflow_ind_dc)频率超限(500次/分钟)，具体频次详情：https://tushare.pro/document/1?doc_id=108。
2026-08-01 19:12:54,751 [ERROR] fetch_moneyflow_dc.py:378 20251027 处理失败: 抱歉，您访问接口(moneyflow_ind_dc)频率超限(500次/分钟)，具体频次详情：https://tushare.pro/document/1?doc_id=108。
2026-08-01 19:12:54,776 [ERROR] fetch_moneyflow_dc.py:170 获取 20251028~20251028 板块资金流向失败: 抱歉，您访问接口(moneyflow_ind_dc)频率超限(500次/分钟)，具体频次详情：https://tushare.pro/document/1?doc_id=108。
2026-08-01 19:12:54,776 [ERROR] fetch_moneyflow_dc.py:378 20251028 处理失败: 抱歉，您访问接口(moneyflow_ind_dc)频率超限(500次/分钟)，具体频次详情：https://tushare.pro/document/1?doc_id=108。
2026-08-01 19:12:54,801 [ERROR] fetch_moneyflow_dc.py:170 获取 20251029~20251029 板块资金流向失败: 抱歉，您访问接口(moneyflow_ind_dc)频率超限(500次/分钟)，具体频次详情：https://tushare.pro/document/1?doc_id=108。
2026-08-01 19:12:54,801 [ERROR] fetch_moneyflow_dc.py:378 20251029 处理失败: 抱歉，您访问接口(moneyflow_ind_dc)频率超限(500次/分钟)，具体频次详情：https://tushare.pro/document/1?doc_id=108。
2026-08-01 19:12:54,823 [ERROR] fetch_moneyflow_dc.py:170 获取 20251030~20251030 板块资金流向失败: 抱歉，您访问接口(moneyflow_ind_dc)频率超限(500次/分钟)，具体频次详情：https://tushare.pro/document/1?doc_id=108。
2026-08-01 19:12:54,823 [ERROR] fetch_moneyflow_dc.py:378 20251030 处理失败: 抱歉，您访问接口(moneyflow_ind_dc)频率超限(500次/分钟)，具体频次详情：https://tushare.pro/document/1?doc_id=108。
2026-08-01 19:12:54,847 [ERROR] fetch_moneyflow_dc.py:170 获取 20251031~20251031 板块资金流向失败: 抱歉，您访问接口(moneyflow_ind_dc)频率超限(500次/分钟)，具体频次详情：https://tushare.pro/document/1?doc_id=108。
2026-08-01 19:12:54,847 [ERROR] fetch_moneyflow_dc.py:378 20251031 处理失败: 抱歉，您访问接口(moneyflow_ind_dc)频率超限(500次/分钟)，具体频次详情：https://tushare.pro/document/1?doc_id=108。
2026-08-01 19:12:54,871 [ERROR] fetch_moneyflow_dc.py:170 获取 20251101~20251101 板块资金流向失败: 抱歉，您访问接口(moneyflow_ind_dc)频率超限(500次/分钟)，具体频次详情：https://tushare.pro/document/1?doc_id=108。
2026-08-01 19:12:54,871 [ERROR] fetch_moneyflow_dc.py:378 20251101 处理失败: 抱歉，您访问接口(moneyflow_ind_dc)频率超限(500次/分钟)，具体频次详情：https://tushare.pro/document/1?doc_id=108。
2026-08-01 19:12:54,896 [ERROR] fetch_moneyflow_dc.py:170 获取 20251102~20251102 板块资金流向失败: 抱歉，您访问接口(moneyflow_ind_dc)频率超限(500次/分钟)，具体频次详情：https://tushare.pro/document/1?doc_id=108。
2026-08-01 19:12:54,897 [ERROR] fetch_moneyflow_dc.py:378 20251102 处理失败: 抱歉，您访问接口(moneyflow_ind_dc)频率超限(500次/分钟)，具体频次详情：https://tushare.pro/document/1?doc_id=108。
2026-08-01 19:12:54,916 [ERROR] fetch_moneyflow_dc.py:170 获取 20251103~20251103 板块资金流向失败: 抱歉，您访问接口(moneyflow_ind_dc)频率超限(500次/分钟)，具体频次详情：https://tushare.pro/document/1?doc_id=108。
2026-08-01 19:12:54,916 [ERROR] fetch_moneyflow_dc.py:378 20251103 处理失败: 抱歉，您访问接口(moneyflow_ind_dc)频率超限(500次/分钟)，具体频次详情：https://tushare.pro/document/1?doc_id=108。
2026-08-01 19:12:54,945 [ERROR] fetch_moneyflow_dc.py:170 获取 20251104~20251104 板块资金流向失败: 抱歉，您访问接口(moneyflow_ind_dc)频率超限(500次/分钟)，具体频次详情：https://tushare.pro/document/1?doc_id=108。
2026-08-01 19:12:54,946 [ERROR] fetch_moneyflow_dc.py:378 20251104 处理失败: 抱歉，您访问接口(moneyflow_ind_dc)频率超限(500次/分钟)，具体频次详情：https://tushare.pro/document/1?doc_id=108。
2026-08-01 19:12:54,978 [ERROR] fetch_moneyflow_dc.py:170 获取 20251105~20251105 板块资金流向失败: 抱歉，您访问接口(moneyflow_ind_dc)频率超限(500次/分钟)，具体频次详情：https://tushare.pro/document/1?doc_id=108。
2026-08-01 19:12:54,979 [ERROR] fetch_moneyflow_dc.py:378 20251105 处理失败: 抱歉，您访问接口(moneyflow_ind_dc)频率超限(500次/分钟)，具体频次详情：https://tushare.pro/document/1?doc_id=108。
2026-08-01 19:12:54,994 [ERROR] fetch_moneyflow_dc.py:170 获取 20251106~20251106 板块资金流向失败: 抱歉，您访问接口(moneyflow_ind_dc)频率超限(500次/分钟)，具体频次详情：https://tushare.pro/document/1?doc_id=108。
2026-08-01 19:12:54,994 [ERROR] fetch_moneyflow_dc.py:378 20251106 处理失败: 抱歉，您访问接口(moneyflow_ind_dc)频率超限(500次/分钟)，具体频次详情：https://tushare.pro/document/1?doc_id=108。
2026-08-01 19:12:55,027 [ERROR] fetch_moneyflow_dc.py:170 获取 20251107~20251107 板块资金流向失败: 抱歉，您访问接口(moneyflow_ind_dc)频率超限(500次/分钟)，具体频次详情：https://tushare.pro/document/1?doc_id=108。
2026-08-01 19:12:55,027 [ERROR] fetch_moneyflow_dc.py:378 20251107 处理失败: 抱歉，您访问接口(moneyflow_ind_dc)频率超限(500次/分钟)，具体频次详情：https://tushare.pro/document/1?doc_id=108。
2026-08-01 19:12:55,042 [ERROR] fetch_moneyflow_dc.py:170 获取 20251108~20251108 板块资金流向失败: 抱歉，您访问接口(moneyflow_ind_dc)频率超限(500次/分钟)，具体频次详情：https://tushare.pro/document/1?doc_id=108。
2026-08-01 19:12:55,042 [ERROR] fetch_moneyflow_dc.py:378 20251108 处理失败: 抱歉，您访问接口(moneyflow_ind_dc)频率超限(500次/分钟)，具体频次详情：https://tushare.pro/document/1?doc_id=108。
2026-08-01 19:12:55,078 [ERROR] fetch_moneyflow_dc.py:170 获取 20251109~20251109 板块资金流向失败: 抱歉，您访问接口(moneyflow_ind_dc)频率超限(500次/分钟)，具体频次详情：https://tushare.pro/document/1?doc_id=108。
2026-08-01 19:12:55,078 [ERROR] fetch_moneyflow_dc.py:378 20251109 处理失败: 抱歉，您访问接口(moneyflow_ind_dc)频率超限(500次/分钟)，具体频次详情：https://tushare.pro/document/1?doc_id=108。
2026-08-01 19:12:55,090 [ERROR] fetch_moneyflow_dc.py:170 获取 20251110~20251110 板块资金流向失败: 抱歉，您访问接口(moneyflow_ind_dc)频率超限(500次/分钟)，具体频次详情：https://tushare.pro/document/1?doc_id=108。
2026-08-01 19:12:55,090 [ERROR] fetch_moneyflow_dc.py:378 20251110 处理失败: 抱歉，您访问接口(moneyflow_ind_dc)频率超限(500次/分钟)，具体频次详情：https://tushare.pro/document/1?doc_id=108。
2026-08-01 19:12:55,129 [ERROR] fetch_moneyflow_dc.py:170 获取 20251111~20251111 板块资金流向失败: 抱歉，您访问接口(moneyflow_ind_dc)频率超限(500次/分钟)，具体频次详情：https://tushare.pro/document/1?doc_id=108。
2026-08-01 19:12:55,130 [ERROR] fetch_moneyflow_dc.py:378 20251111 处理失败: 抱歉，您访问接口(moneyflow_ind_dc)频率超限(500次/分钟)，具体频次详情：https://tushare.pro/document/1?doc_id=108。
2026-08-01 19:12:55,135 [ERROR] fetch_moneyflow_dc.py:170 获取 20251112~20251112 板块资金流向失败: 抱歉，您访问接口(moneyflow_ind_dc)频率超限(500次/分钟)，具体频次详情：https://tushare.pro/document/1?doc_id=108。
2026-08-01 19:12:55,135 [ERROR] fetch_moneyflow_dc.py:378 20251112 处理失败: 抱歉，您访问接口(moneyflow_ind_dc)频率超限(500次/分钟)，具体频次详情：https://tushare.pro/document/1?doc_id=108。
2026-08-01 19:12:55,176 [ERROR] fetch_moneyflow_dc.py:170 获取 20251113~20251113 板块资金流向失败: 抱歉，您访问接口(moneyflow_ind_dc)频率超限(500次/分钟)，具体频次详情：https://tushare.pro/document/1?doc_id=108。
2026-08-01 19:12:55,176 [ERROR] fetch_moneyflow_dc.py:378 20251113 处理失败: 抱歉，您访问接口(moneyflow_ind_dc)频率超限(500次/分钟)，具体频次详情：https://tushare.pro/document/1?doc_id=108。
2026-08-01 19:12:55,188 [ERROR] fetch_moneyflow_dc.py:170 获取 20251114~20251114 板块资金流向失败: 抱歉，您访问接口(moneyflow_ind_dc)频率超限(500次/分钟)，具体频次详情：https://tushare.pro/document/1?doc_id=108。
2026-08-01 19:12:55,188 [ERROR] fetch_moneyflow_dc.py:378 20251114 处理失败: 抱歉，您访问接口(moneyflow_ind_dc)频率超限(500次/分钟)，具体频次详情：https://tushare.pro/document/1?doc_id=108。
2026-08-01 19:12:55,223 [ERROR] fetch_moneyflow_dc.py:170 获取 20251115~20251115 板块资金流向失败: 抱歉，您访问接口(moneyflow_ind_dc)频率超限(500次/分钟)，具体频次详情：https://tushare.pro/document/1?doc_id=108。
2026-08-01 19:12:55,224 [ERROR] fetch_moneyflow_dc.py:378 20251115 处理失败: 抱歉，您访问接口(moneyflow_ind_dc)频率超限(500次/分钟)，具体频次详情：https://tushare.pro/document/1?doc_id=108。
2026-08-01 19:12:55,260 [ERROR] fetch_moneyflow_dc.py:170 获取 20251116~20251116 板块资金流向失败: 抱歉，您访问接口(moneyflow_ind_dc)频率超限(500次/分钟)，具体频次详情：https://tushare.pro/document/1?doc_id=108。
2026-08-01 19:12:55,260 [ERROR] fetch_moneyflow_dc.py:378 20251116 处理失败: 抱歉，您访问接口(moneyflow_ind_dc)频率超限(500次/分钟)，具体频次详情：https://tushare.pro/document/1?doc_id=108。
2026-08-01 19:12:55,268 [ERROR] fetch_moneyflow_dc.py:170 获取 20251117~20251117 板块资金流向失败: 抱歉，您访问接口(moneyflow_ind_dc)频率超限(500次/分钟)，具体频次详情：https://tushare.pro/document/1?doc_id=108。
2026-08-01 19:12:55,268 [ERROR] fetch_moneyflow_dc.py:378 20251117 处理失败: 抱歉，您访问接口(moneyflow_ind_dc)频率超限(500次/分钟)，具体频次详情：https://tushare.pro/document/1?doc_id=108。
2026-08-01 19:12:55,310 [ERROR] fetch_moneyflow_dc.py:170 获取 20251118~20251118 板块资金流向失败: 抱歉，您访问接口(moneyflow_ind_dc)频率超限(500次/分钟)，具体频次详情：https://tushare.pro/document/1?doc_id=108。
2026-08-01 19:12:55,311 [ERROR] fetch_moneyflow_dc.py:378 20251118 处理失败: 抱歉，您访问接口(moneyflow_ind_dc)频率超限(500次/分钟)，具体频次详情：https://tushare.pro/document/1?doc_id=108。
2026-08-01 19:12:55,317 [ERROR] fetch_moneyflow_dc.py:170 获取 20251119~20251119 板块资金流向失败: 抱歉，您访问接口(moneyflow_ind_dc)频率超限(500次/分钟)，具体频次详情：https://tushare.pro/document/1?doc_id=108。
2026-08-01 19:12:55,318 [ERROR] fetch_moneyflow_dc.py:378 20251119 处理失败: 抱歉，您访问接口(moneyflow_ind_dc)频率超限(500次/分钟)，具体频次详情：https://tushare.pro/document/1?doc_id=108。
2026-08-01 19:12:55,361 [ERROR] fetch_moneyflow_dc.py:170 获取 20251120~20251120 板块资金流向失败: 抱歉，您访问接口(moneyflow_ind_dc)频率超限(500次/分钟)，具体频次详情：https://tushare.pro/document/1?doc_id=108。
2026-08-01 19:12:55,361 [ERROR] fetch_moneyflow_dc.py:378 20251120 处理失败: 抱歉，您访问接口(moneyflow_ind_dc)频率超限(500次/分钟)，具体频次详情：https://tushare.pro/document/1?doc_id=108。
2026-08-01 19:12:55,365 [ERROR] fetch_moneyflow_dc.py:170 获取 20251121~20251121 板块资金流向失败: 抱歉，您访问接口(moneyflow_ind_dc)频率超限(500次/分钟)，具体频次详情：https://tushare.pro/document/1?doc_id=108。
2026-08-01 19:12:55,366 [ERROR] fetch_moneyflow_dc.py:378 20251121 处理失败: 抱歉，您访问接口(moneyflow_ind_dc)频率超限(500次/分钟)，具体频次详情：https://tushare.pro/document/1?doc_id=108。
2026-08-01 19:12:55,408 [ERROR] fetch_moneyflow_dc.py:170 获取 20251122~20251122 板块资金流向失败: 抱歉，您访问接口(moneyflow_ind_dc)频率超限(500次/分钟)，具体频次详情：https://tushare.pro/document/1?doc_id=108。
2026-08-01 19:12:55,408 [ERROR] fetch_moneyflow_dc.py:378 20251122 处理失败: 抱歉，您访问接口(moneyflow_ind_dc)频率超限(500次/分钟)，具体频次详情：https://tushare.pro/document/1?doc_id=108。
2026-08-01 19:12:55,411 [ERROR] fetch_moneyflow_dc.py:170 获取 20251123~20251123 板块资金流向失败: 抱歉，您访问接口(moneyflow_ind_dc)频率超限(500次/分钟)，具体频次详情：https://tushare.pro/document/1?doc_id=108。
2026-08-01 19:12:55,411 [ERROR] fetch_moneyflow_dc.py:378 20251123 处理失败: 抱歉，您访问接口(moneyflow_ind_dc)频率超限(500次/分钟)，具体频次详情：https://tushare.pro/document/1?doc_id=108。
2026-08-01 19:12:55,456 [ERROR] fetch_moneyflow_dc.py:170 获取 20251124~20251124 板块资金流向失败: 抱歉，您访问接口(moneyflow_ind_dc)频率超限(500次/分钟)，具体频次详情：https://tushare.pro/document/1?doc_id=108。
2026-08-01 19:12:55,457 [ERROR] fetch_moneyflow_dc.py:378 20251124 处理失败: 抱歉，您访问接口(moneyflow_ind_dc)频率超限(500次/分钟)，具体频次详情：https://tushare.pro/document/1?doc_id=108。
2026-08-01 19:12:55,460 [ERROR] fetch_moneyflow_dc.py:170 获取 20251125~20251125 板块资金流向失败: 抱歉，您访问接口(moneyflow_ind_dc)频率超限(500次/分钟)，具体频次详情：https://tushare.pro/document/1?doc_id=108。
2026-08-01 19:12:55,461 [ERROR] fetch_moneyflow_dc.py:378 20251125 处理失败: 抱歉，您访问接口(moneyflow_ind_dc)频率超限(500次/分钟)，具体频次详情：https://tushare.pro/document/1?doc_id=108。
2026-08-01 19:12:55,503 [ERROR] fetch_moneyflow_dc.py:170 获取 20251126~20251126 板块资金流向失败: 抱歉，您访问接口(moneyflow_ind_dc)频率超限(500次/分钟)，具体频次详情：https://tushare.pro/document/1?doc_id=108。
2026-08-01 19:12:55,504 [ERROR] fetch_moneyflow_dc.py:378 20251126 处理失败: 抱歉，您访问接口(moneyflow_ind_dc)频率超限(500次/分钟)，具体频次详情：https://tushare.pro/document/1?doc_id=108。
2026-08-01 19:12:55,505 [ERROR] fetch_moneyflow_dc.py:170 获取 20251127~20251127 板块资金流向失败: 抱歉，您访问接口(moneyflow_ind_dc)频率超限(500次/分钟)，具体频次详情：https://tushare.pro/document/1?doc_id=108。
2026-08-01 19:12:55,505 [ERROR] fetch_moneyflow_dc.py:378 20251127 处理失败: 抱歉，您访问接口(moneyflow_ind_dc)频率超限(500次/分钟)，具体频次详情：https://tushare.pro/document/1?doc_id=108。
2026-08-01 19:12:55,553 [ERROR] fetch_moneyflow_dc.py:170 获取 20251129~20251129 板块资金流向失败: 抱歉，您访问接口(moneyflow_ind_dc)频率超限(500次/分钟)，具体频次详情：https://tushare.pro/document/1?doc_id=108。
2026-08-01 19:12:55,553 [ERROR] fetch_moneyflow_dc.py:378 20251129 处理失败: 抱歉，您访问接口(moneyflow_ind_dc)频率超限(500次/分钟)，具体频次详情：https://tushare.pro/document/1?doc_id=108。
2026-08-01 19:12:55,559 [ERROR] fetch_moneyflow_dc.py:170 获取 20251128~20251128 板块资金流向失败: 抱歉，您访问接口(moneyflow_ind_dc)频率超限(500次/分钟)，具体频次详情：https://tushare.pro/document/1?doc_id=108。
2026-08-01 19:12:55,559 [ERROR] fetch_moneyflow_dc.py:378 20251128 处理失败: 抱歉，您访问接口(moneyflow_ind_dc)频率超限(500次/分钟)，具体频次详情：https://tushare.pro/document/1?doc_id=108。
2026-08-01 19:12:55,600 [ERROR] fetch_moneyflow_dc.py:170 获取 20251130~20251130 板块资金流向失败: 抱歉，您访问接口(moneyflow_ind_dc)频率超限(500次/分钟)，具体频次详情：https://tushare.pro/document/1?doc_id=108。
2026-08-01 19:12:55,600 [ERROR] fetch_moneyflow_dc.py:378 20251130 处理失败: 抱歉，您访问接口(moneyflow_ind_dc)频率超限(500次/分钟)，具体频次详情：https://tushare.pro/document/1?doc_id=108。
2026-08-01 19:12:55,606 [ERROR] fetch_moneyflow_dc.py:170 获取 20251201~20251201 板块资金流向失败: 抱歉，您访问接口(moneyflow_ind_dc)频率超限(500次/分钟)，具体频次详情：https://tushare.pro/document/1?doc_id=108。
2026-08-01 19:12:55,606 [ERROR] fetch_moneyflow_dc.py:378 20251201 处理失败: 抱歉，您访问接口(moneyflow_ind_dc)频率超限(500次/分钟)，具体频次详情：https://tushare.pro/document/1?doc_id=108。
2026-08-01 19:12:55,645 [ERROR] fetch_moneyflow_dc.py:170 获取 20251202~20251202 板块资金流向失败: 抱歉，您访问接口(moneyflow_ind_dc)频率超限(500次/分钟)，具体频次详情：https://tushare.pro/document/1?doc_id=108。
2026-08-01 19:12:55,645 [ERROR] fetch_moneyflow_dc.py:378 20251202 处理失败: 抱歉，您访问接口(moneyflow_ind_dc)频率超限(500次/分钟)，具体频次详情：https://tushare.pro/document/1?doc_id=108。
2026-08-01 19:12:55,656 [ERROR] fetch_moneyflow_dc.py:170 获取 20251203~20251203 板块资金流向失败: 抱歉，您访问接口(moneyflow_ind_dc)频率超限(500次/分钟)，具体频次详情：https://tushare.pro/document/1?doc_id=108。
2026-08-01 19:12:55,656 [ERROR] fetch_moneyflow_dc.py:378 20251203 处理失败: 抱歉，您访问接口(moneyflow_ind_dc)频率超限(500次/分钟)，具体频次详情：https://tushare.pro/document/1?doc_id=108。
2026-08-01 19:12:55,692 [ERROR] fetch_moneyflow_dc.py:170 获取 20251204~20251204 板块资金流向失败: 抱歉，您访问接口(moneyflow_ind_dc)频率超限(500次/分钟)，具体频次详情：https://tushare.pro/document/1?doc_id=108。
2026-08-01 19:12:55,692 [ERROR] fetch_moneyflow_dc.py:378 20251204 处理失败: 抱歉，您访问接口(moneyflow_ind_dc)频率超限(500次/分钟)，具体频次详情：https://tushare.pro/document/1?doc_id=108。
2026-08-01 19:12:55,706 [ERROR] fetch_moneyflow_dc.py:170 获取 20251205~20251205 板块资金流向失败: 抱歉，您访问接口(moneyflow_ind_dc)频率超限(500次/分钟)，具体频次详情：https://tushare.pro/document/1?doc_id=108。
2026-08-01 19:12:55,706 [ERROR] fetch_moneyflow_dc.py:378 20251205 处理失败: 抱歉，您访问接口(moneyflow_ind_dc)频率超限(500次/分钟)，具体频次详情：https://tushare.pro/document/1?doc_id=108。
2026-08-01 19:12:55,744 [ERROR] fetch_moneyflow_dc.py:170 获取 20251206~20251206 板块资金流向失败: 抱歉，您访问接口(moneyflow_ind_dc)频率超限(500次/分钟)，具体频次详情：https://tushare.pro/document/1?doc_id=108。
2026-08-01 19:12:55,744 [ERROR] fetch_moneyflow_dc.py:378 20251206 处理失败: 抱歉，您访问接口(moneyflow_ind_dc)频率超限(500次/分钟)，具体频次详情：https://tushare.pro/document/1?doc_id=108。
2026-08-01 19:12:55,754 [ERROR] fetch_moneyflow_dc.py:170 获取 20251207~20251207 板块资金流向失败: 抱歉，您访问接口(moneyflow_ind_dc)频率超限(500次/分钟)，具体频次详情：https://tushare.pro/document/1?doc_id=108。
2026-08-01 19:12:55,755 [ERROR] fetch_moneyflow_dc.py:378 20251207 处理失败: 抱歉，您访问接口(moneyflow_ind_dc)频率超限(500次/分钟)，具体频次详情：https://tushare.pro/document/1?doc_id=108。
2026-08-01 19:12:55,796 [ERROR] fetch_moneyflow_dc.py:170 获取 20251208~20251208 板块资金流向失败: 抱歉，您访问接口(moneyflow_ind_dc)频率超限(500次/分钟)，具体频次详情：https://tushare.pro/document/1?doc_id=108。
2026-08-01 19:12:55,796 [ERROR] fetch_moneyflow_dc.py:378 20251208 处理失败: 抱歉，您访问接口(moneyflow_ind_dc)频率超限(500次/分钟)，具体频次详情：https://tushare.pro/document/1?doc_id=108。
2026-08-01 19:12:55,801 [ERROR] fetch_moneyflow_dc.py:170 获取 20251209~20251209 板块资金流向失败: 抱歉，您访问接口(moneyflow_ind_dc)频率超限(500次/分钟)，具体频次详情：https://tushare.pro/document/1?doc_id=108。
2026-08-01 19:12:55,802 [ERROR] fetch_moneyflow_dc.py:378 20251209 处理失败: 抱歉，您访问接口(moneyflow_ind_dc)频率超限(500次/分钟)，具体频次详情：https://tushare.pro/document/1?doc_id=108。
2026-08-01 19:12:55,848 [ERROR] fetch_moneyflow_dc.py:170 获取 20251210~20251210 板块资金流向失败: 抱歉，您访问接口(moneyflow_ind_dc)频率超限(500次/分钟)，具体频次详情：https://tushare.pro/document/1?doc_id=108。
2026-08-01 19:12:55,848 [ERROR] fetch_moneyflow_dc.py:378 20251210 处理失败: 抱歉，您访问接口(moneyflow_ind_dc)频率超限(500次/分钟)，具体频次详情：https://tushare.pro/document/1?doc_id=108。
2026-08-01 19:12:55,853 [ERROR] fetch_moneyflow_dc.py:170 获取 20251211~20251211 板块资金流向失败: 抱歉，您访问接口(moneyflow_ind_dc)频率超限(500次/分钟)，具体频次详情：https://tushare.pro/document/1?doc_id=108。
2026-08-01 19:12:55,853 [ERROR] fetch_moneyflow_dc.py:378 20251211 处理失败: 抱歉，您访问接口(moneyflow_ind_dc)频率超限(500次/分钟)，具体频次详情：https://tushare.pro/document/1?doc_id=108。
2026-08-01 19:12:55,897 [ERROR] fetch_moneyflow_dc.py:170 获取 20251213~20251213 板块资金流向失败: 抱歉，您访问接口(moneyflow_ind_dc)频率超限(500次/分钟)，具体频次详情：https://tushare.pro/document/1?doc_id=108。
2026-08-01 19:12:55,897 [ERROR] fetch_moneyflow_dc.py:378 20251213 处理失败: 抱歉，您访问接口(moneyflow_ind_dc)频率超限(500次/分钟)，具体频次详情：https://tushare.pro/document/1?doc_id=108。
2026-08-01 19:12:55,899 [ERROR] fetch_moneyflow_dc.py:170 获取 20251212~20251212 板块资金流向失败: 抱歉，您访问接口(moneyflow_ind_dc)频率超限(500次/分钟)，具体频次详情：https://tushare.pro/document/1?doc_id=108。
2026-08-01 19:12:55,899 [ERROR] fetch_moneyflow_dc.py:378 20251212 处理失败: 抱歉，您访问接口(moneyflow_ind_dc)频率超限(500次/分钟)，具体频次详情：https://tushare.pro/document/1?doc_id=108。
2026-08-01 19:12:55,943 [ERROR] fetch_moneyflow_dc.py:170 获取 20251214~20251214 板块资金流向失败: 抱歉，您访问接口(moneyflow_ind_dc)频率超限(500次/分钟)，具体频次详情：https://tushare.pro/document/1?doc_id=108。
2026-08-01 19:12:55,943 [ERROR] fetch_moneyflow_dc.py:378 20251214 处理失败: 抱歉，您访问接口(moneyflow_ind_dc)频率超限(500次/分钟)，具体频次详情：https://tushare.pro/document/1?doc_id=108。
2026-08-01 19:12:55,949 [ERROR] fetch_moneyflow_dc.py:170 获取 20251215~20251215 板块资金流向失败: 抱歉，您访问接口(moneyflow_ind_dc)频率超限(500次/分钟)，具体频次详情：https://tushare.pro/document/1?doc_id=108。
2026-08-01 19:12:55,949 [ERROR] fetch_moneyflow_dc.py:378 20251215 处理失败: 抱歉，您访问接口(moneyflow_ind_dc)频率超限(500次/分钟)，具体频次详情：https://tushare.pro/document/1?doc_id=108。
2026-08-01 19:12:55,993 [ERROR] fetch_moneyflow_dc.py:170 获取 20251216~20251216 板块资金流向失败: 抱歉，您访问接口(moneyflow_ind_dc)频率超限(500次/分钟)，具体频次详情：https://tushare.pro/document/1?doc_id=108。
2026-08-01 19:12:55,993 [ERROR] fetch_moneyflow_dc.py:378 20251216 处理失败: 抱歉，您访问接口(moneyflow_ind_dc)频率超限(500次/分钟)，具体频次详情：https://tushare.pro/document/1?doc_id=108。
2026-08-01 19:12:56,012 [ERROR] fetch_moneyflow_dc.py:170 获取 20251217~20251217 板块资金流向失败: 抱歉，您访问接口(moneyflow_ind_dc)频率超限(500次/分钟)，具体频次详情：https://tushare.pro/document/1?doc_id=108。
2026-08-01 19:12:56,013 [ERROR] fetch_moneyflow_dc.py:378 20251217 处理失败: 抱歉，您访问接口(moneyflow_ind_dc)频率超限(500次/分钟)，具体频次详情：https://tushare.pro/document/1?doc_id=108。
2026-08-01 19:12:56,045 [ERROR] fetch_moneyflow_dc.py:170 获取 20251218~20251218 板块资金流向失败: 抱歉，您访问接口(moneyflow_ind_dc)频率超限(500次/分钟)，具体频次详情：https://tushare.pro/document/1?doc_id=108。
2026-08-01 19:12:56,045 [ERROR] fetch_moneyflow_dc.py:378 20251218 处理失败: 抱歉，您访问接口(moneyflow_ind_dc)频率超限(500次/分钟)，具体频次详情：https://tushare.pro/document/1?doc_id=108。
2026-08-01 19:12:56,061 [ERROR] fetch_moneyflow_dc.py:170 获取 20251219~20251219 板块资金流向失败: 抱歉，您访问接口(moneyflow_ind_dc)频率超限(500次/分钟)，具体频次详情：https://tushare.pro/document/1?doc_id=108。
2026-08-01 19:12:56,061 [ERROR] fetch_moneyflow_dc.py:378 20251219 处理失败: 抱歉，您访问接口(moneyflow_ind_dc)频率超限(500次/分钟)，具体频次详情：https://tushare.pro/document/1?doc_id=108。
2026-08-01 19:12:56,092 [ERROR] fetch_moneyflow_dc.py:170 获取 20251220~20251220 板块资金流向失败: 抱歉，您访问接口(moneyflow_ind_dc)频率超限(500次/分钟)，具体频次详情：https://tushare.pro/document/1?doc_id=108。
2026-08-01 19:12:56,092 [ERROR] fetch_moneyflow_dc.py:378 20251220 处理失败: 抱歉，您访问接口(moneyflow_ind_dc)频率超限(500次/分钟)，具体频次详情：https://tushare.pro/document/1?doc_id=108。
2026-08-01 19:12:56,110 [ERROR] fetch_moneyflow_dc.py:170 获取 20251221~20251221 板块资金流向失败: 抱歉，您访问接口(moneyflow_ind_dc)频率超限(500次/分钟)，具体频次详情：https://tushare.pro/document/1?doc_id=108。
2026-08-01 19:12:56,110 [ERROR] fetch_moneyflow_dc.py:378 20251221 处理失败: 抱歉，您访问接口(moneyflow_ind_dc)频率超限(500次/分钟)，具体频次详情：https://tushare.pro/document/1?doc_id=108。
2026-08-01 19:12:56,139 [ERROR] fetch_moneyflow_dc.py:170 获取 20251222~20251222 板块资金流向失败: 抱歉，您访问接口(moneyflow_ind_dc)频率超限(500次/分钟)，具体频次详情：https://tushare.pro/document/1?doc_id=108。
2026-08-01 19:12:56,139 [ERROR] fetch_moneyflow_dc.py:378 20251222 处理失败: 抱歉，您访问接口(moneyflow_ind_dc)频率超限(500次/分钟)，具体频次详情：https://tushare.pro/document/1?doc_id=108。
2026-08-01 19:12:56,160 [ERROR] fetch_moneyflow_dc.py:170 获取 20251223~20251223 板块资金流向失败: 抱歉，您访问接口(moneyflow_ind_dc)频率超限(500次/分钟)，具体频次详情：https://tushare.pro/document/1?doc_id=108。
2026-08-01 19:12:56,160 [ERROR] fetch_moneyflow_dc.py:378 20251223 处理失败: 抱歉，您访问接口(moneyflow_ind_dc)频率超限(500次/分钟)，具体频次详情：https://tushare.pro/document/1?doc_id=108。
2026-08-01 19:12:56,187 [ERROR] fetch_moneyflow_dc.py:170 获取 20251224~20251224 板块资金流向失败: 抱歉，您访问接口(moneyflow_ind_dc)频率超限(500次/分钟)，具体频次详情：https://tushare.pro/document/1?doc_id=108。
2026-08-01 19:12:56,187 [ERROR] fetch_moneyflow_dc.py:378 20251224 处理失败: 抱歉，您访问接口(moneyflow_ind_dc)频率超限(500次/分钟)，具体频次详情：https://tushare.pro/document/1?doc_id=108。
2026-08-01 19:12:56,206 [ERROR] fetch_moneyflow_dc.py:170 获取 20251225~20251225 板块资金流向失败: 抱歉，您访问接口(moneyflow_ind_dc)频率超限(500次/分钟)，具体频次详情：https://tushare.pro/document/1?doc_id=108。
2026-08-01 19:12:56,206 [ERROR] fetch_moneyflow_dc.py:378 20251225 处理失败: 抱歉，您访问接口(moneyflow_ind_dc)频率超限(500次/分钟)，具体频次详情：https://tushare.pro/document/1?doc_id=108。
2026-08-01 19:12:56,237 [ERROR] fetch_moneyflow_dc.py:170 获取 20251226~20251226 板块资金流向失败: 抱歉，您访问接口(moneyflow_ind_dc)频率超限(500次/分钟)，具体频次详情：https://tushare.pro/document/1?doc_id=108。
2026-08-01 19:12:56,237 [ERROR] fetch_moneyflow_dc.py:378 20251226 处理失败: 抱歉，您访问接口(moneyflow_ind_dc)频率超限(500次/分钟)，具体频次详情：https://tushare.pro/document/1?doc_id=108。
2026-08-01 19:12:56,254 [ERROR] fetch_moneyflow_dc.py:170 获取 20251227~20251227 板块资金流向失败: 抱歉，您访问接口(moneyflow_ind_dc)频率超限(500次/分钟)，具体频次详情：https://tushare.pro/document/1?doc_id=108。
2026-08-01 19:12:56,254 [ERROR] fetch_moneyflow_dc.py:378 20251227 处理失败: 抱歉，您访问接口(moneyflow_ind_dc)频率超限(500次/分钟)，具体频次详情：https://tushare.pro/document/1?doc_id=108。
2026-08-01 19:12:56,284 [ERROR] fetch_moneyflow_dc.py:170 获取 20251228~20251228 板块资金流向失败: 抱歉，您访问接口(moneyflow_ind_dc)频率超限(500次/分钟)，具体频次详情：https://tushare.pro/document/1?doc_id=108。
2026-08-01 19:12:56,284 [ERROR] fetch_moneyflow_dc.py:378 20251228 处理失败: 抱歉，您访问接口(moneyflow_ind_dc)频率超限(500次/分钟)，具体频次详情：https://tushare.pro/document/1?doc_id=108。
2026-08-01 19:12:56,301 [ERROR] fetch_moneyflow_dc.py:170 获取 20251229~20251229 板块资金流向失败: 抱歉，您访问接口(moneyflow_ind_dc)频率超限(500次/分钟)，具体频次详情：https://tushare.pro/document/1?doc_id=108。
2026-08-01 19:12:56,302 [ERROR] fetch_moneyflow_dc.py:378 20251229 处理失败: 抱歉，您访问接口(moneyflow_ind_dc)频率超限(500次/分钟)，具体频次详情：https://tushare.pro/document/1?doc_id=108。
2026-08-01 19:12:56,328 [ERROR] fetch_moneyflow_dc.py:170 获取 20251230~20251230 板块资金流向失败: 抱歉，您访问接口(moneyflow_ind_dc)频率超限(500次/分钟)，具体频次详情：https://tushare.pro/document/1?doc_id=108。
2026-08-01 19:12:56,328 [ERROR] fetch_moneyflow_dc.py:378 20251230 处理失败: 抱歉，您访问接口(moneyflow_ind_dc)频率超限(500次/分钟)，具体频次详情：https://tushare.pro/document/1?doc_id=108。
2026-08-01 19:12:56,360 [ERROR] fetch_moneyflow_dc.py:170 获取 20251231~20251231 板块资金流向失败: 抱歉，您访问接口(moneyflow_ind_dc)频率超限(500次/分钟)，具体频次详情：https://tushare.pro/document/1?doc_id=108。
2026-08-01 19:12:56,360 [ERROR] fetch_moneyflow_dc.py:378 20251231 处理失败: 抱歉，您访问接口(moneyflow_ind_dc)频率超限(500次/分钟)，具体频次详情：https://tushare.pro/document/1?doc_id=108。
2026-08-01 19:12:56,376 [ERROR] fetch_moneyflow_dc.py:170 获取 20260101~20260101 板块资金流向失败: 抱歉，您访问接口(moneyflow_ind_dc)频率超限(500次/分钟)，具体频次详情：https://tushare.pro/document/1?doc_id=108。
2026-08-01 19:12:56,377 [ERROR] fetch_moneyflow_dc.py:378 20260101 处理失败: 抱歉，您访问接口(moneyflow_ind_dc)频率超限(500次/分钟)，具体频次详情：https://tushare.pro/document/1?doc_id=108。
2026-08-01 19:12:56,407 [ERROR] fetch_moneyflow_dc.py:170 获取 20260102~20260102 板块资金流向失败: 抱歉，您访问接口(moneyflow_ind_dc)频率超限(500次/分钟)，具体频次详情：https://tushare.pro/document/1?doc_id=108。
2026-08-01 19:12:56,407 [ERROR] fetch_moneyflow_dc.py:378 20260102 处理失败: 抱歉，您访问接口(moneyflow_ind_dc)频率超限(500次/分钟)，具体频次详情：https://tushare.pro/document/1?doc_id=108。
2026-08-01 19:12:56,427 [ERROR] fetch_moneyflow_dc.py:170 获取 20260103~20260103 板块资金流向失败: 抱歉，您访问接口(moneyflow_ind_dc)频率超限(500次/分钟)，具体频次详情：https://tushare.pro/document/1?doc_id=108。
2026-08-01 19:12:56,427 [ERROR] fetch_moneyflow_dc.py:378 20260103 处理失败: 抱歉，您访问接口(moneyflow_ind_dc)频率超限(500次/分钟)，具体频次详情：https://tushare.pro/document/1?doc_id=108。
2026-08-01 19:12:56,455 [ERROR] fetch_moneyflow_dc.py:170 获取 20260104~20260104 板块资金流向失败: 抱歉，您访问接口(moneyflow_ind_dc)频率超限(500次/分钟)，具体频次详情：https://tushare.pro/document/1?doc_id=108。
2026-08-01 19:12:56,455 [ERROR] fetch_moneyflow_dc.py:378 20260104 处理失败: 抱歉，您访问接口(moneyflow_ind_dc)频率超限(500次/分钟)，具体频次详情：https://tushare.pro/document/1?doc_id=108。
2026-08-01 19:12:56,475 [ERROR] fetch_moneyflow_dc.py:170 获取 20260105~20260105 板块资金流向失败: 抱歉，您访问接口(moneyflow_ind_dc)频率超限(500次/分钟)，具体频次详情：https://tushare.pro/document/1?doc_id=108。
2026-08-01 19:12:56,475 [ERROR] fetch_moneyflow_dc.py:378 20260105 处理失败: 抱歉，您访问接口(moneyflow_ind_dc)频率超限(500次/分钟)，具体频次详情：https://tushare.pro/document/1?doc_id=108。
2026-08-01 19:12:56,502 [ERROR] fetch_moneyflow_dc.py:170 获取 20260106~20260106 板块资金流向失败: 抱歉，您访问接口(moneyflow_ind_dc)频率超限(500次/分钟)，具体频次详情：https://tushare.pro/document/1?doc_id=108。
2026-08-01 19:12:56,502 [ERROR] fetch_moneyflow_dc.py:378 20260106 处理失败: 抱歉，您访问接口(moneyflow_ind_dc)频率超限(500次/分钟)，具体频次详情：https://tushare.pro/document/1?doc_id=108。
2026-08-01 19:12:56,520 [ERROR] fetch_moneyflow_dc.py:170 获取 20260107~20260107 板块资金流向失败: 抱歉，您访问接口(moneyflow_ind_dc)频率超限(500次/分钟)，具体频次详情：https://tushare.pro/document/1?doc_id=108。
2026-08-01 19:12:56,520 [ERROR] fetch_moneyflow_dc.py:378 20260107 处理失败: 抱歉，您访问接口(moneyflow_ind_dc)频率超限(500次/分钟)，具体频次详情：https://tushare.pro/document/1?doc_id=108。
2026-08-01 19:12:56,548 [ERROR] fetch_moneyflow_dc.py:170 获取 20260108~20260108 板块资金流向失败: 抱歉，您访问接口(moneyflow_ind_dc)频率超限(500次/分钟)，具体频次详情：https://tushare.pro/document/1?doc_id=108。
2026-08-01 19:12:56,549 [ERROR] fetch_moneyflow_dc.py:378 20260108 处理失败: 抱歉，您访问接口(moneyflow_ind_dc)频率超限(500次/分钟)，具体频次详情：https://tushare.pro/document/1?doc_id=108。
2026-08-01 19:12:56,565 [ERROR] fetch_moneyflow_dc.py:170 获取 20260109~20260109 板块资金流向失败: 抱歉，您访问接口(moneyflow_ind_dc)频率超限(500次/分钟)，具体频次详情：https://tushare.pro/document/1?doc_id=108。
2026-08-01 19:12:56,566 [ERROR] fetch_moneyflow_dc.py:378 20260109 处理失败: 抱歉，您访问接口(moneyflow_ind_dc)频率超限(500次/分钟)，具体频次详情：https://tushare.pro/document/1?doc_id=108。
2026-08-01 19:12:56,600 [ERROR] fetch_moneyflow_dc.py:170 获取 20260110~20260110 板块资金流向失败: 抱歉，您访问接口(moneyflow_ind_dc)频率超限(500次/分钟)，具体频次详情：https://tushare.pro/document/1?doc_id=108。
2026-08-01 19:12:56,600 [ERROR] fetch_moneyflow_dc.py:378 20260110 处理失败: 抱歉，您访问接口(moneyflow_ind_dc)频率超限(500次/分钟)，具体频次详情：https://tushare.pro/document/1?doc_id=108。
2026-08-01 19:12:56,613 [ERROR] fetch_moneyflow_dc.py:170 获取 20260111~20260111 板块资金流向失败: 抱歉，您访问接口(moneyflow_ind_dc)频率超限(500次/分钟)，具体频次详情：https://tushare.pro/document/1?doc_id=108。
2026-08-01 19:12:56,613 [ERROR] fetch_moneyflow_dc.py:378 20260111 处理失败: 抱歉，您访问接口(moneyflow_ind_dc)频率超限(500次/分钟)，具体频次详情：https://tushare.pro/document/1?doc_id=108。
2026-08-01 19:12:56,647 [ERROR] fetch_moneyflow_dc.py:170 获取 20260112~20260112 板块资金流向失败: 抱歉，您访问接口(moneyflow_ind_dc)频率超限(500次/分钟)，具体频次详情：https://tushare.pro/document/1?doc_id=108。
2026-08-01 19:12:56,648 [ERROR] fetch_moneyflow_dc.py:378 20260112 处理失败: 抱歉，您访问接口(moneyflow_ind_dc)频率超限(500次/分钟)，具体频次详情：https://tushare.pro/document/1?doc_id=108。
2026-08-01 19:12:56,661 [ERROR] fetch_moneyflow_dc.py:170 获取 20260113~20260113 板块资金流向失败: 抱歉，您访问接口(moneyflow_ind_dc)频率超限(500次/分钟)，具体频次详情：https://tushare.pro/document/1?doc_id=108。
2026-08-01 19:12:56,662 [ERROR] fetch_moneyflow_dc.py:378 20260113 处理失败: 抱歉，您访问接口(moneyflow_ind_dc)频率超限(500次/分钟)，具体频次详情：https://tushare.pro/document/1?doc_id=108。
2026-08-01 19:12:56,698 [ERROR] fetch_moneyflow_dc.py:170 获取 20260114~20260114 板块资金流向失败: 抱歉，您访问接口(moneyflow_ind_dc)频率超限(500次/分钟)，具体频次详情：https://tushare.pro/document/1?doc_id=108。
2026-08-01 19:12:56,698 [ERROR] fetch_moneyflow_dc.py:378 20260114 处理失败: 抱歉，您访问接口(moneyflow_ind_dc)频率超限(500次/分钟)，具体频次详情：https://tushare.pro/document/1?doc_id=108。
2026-08-01 19:12:56,708 [ERROR] fetch_moneyflow_dc.py:170 获取 20260115~20260115 板块资金流向失败: 抱歉，您访问接口(moneyflow_ind_dc)频率超限(500次/分钟)，具体频次详情：https://tushare.pro/document/1?doc_id=108。
2026-08-01 19:12:56,709 [ERROR] fetch_moneyflow_dc.py:378 20260115 处理失败: 抱歉，您访问接口(moneyflow_ind_dc)频率超限(500次/分钟)，具体频次详情：https://tushare.pro/document/1?doc_id=108。
2026-08-01 19:12:56,746 [ERROR] fetch_moneyflow_dc.py:170 获取 20260116~20260116 板块资金流向失败: 抱歉，您访问接口(moneyflow_ind_dc)频率超限(500次/分钟)，具体频次详情：https://tushare.pro/document/1?doc_id=108。
2026-08-01 19:12:56,747 [ERROR] fetch_moneyflow_dc.py:378 20260116 处理失败: 抱歉，您访问接口(moneyflow_ind_dc)频率超限(500次/分钟)，具体频次详情：https://tushare.pro/document/1?doc_id=108。
2026-08-01 19:12:56,758 [ERROR] fetch_moneyflow_dc.py:170 获取 20260117~20260117 板块资金流向失败: 抱歉，您访问接口(moneyflow_ind_dc)频率超限(500次/分钟)，具体频次详情：https://tushare.pro/document/1?doc_id=108。
2026-08-01 19:12:56,758 [ERROR] fetch_moneyflow_dc.py:378 20260117 处理失败: 抱歉，您访问接口(moneyflow_ind_dc)频率超限(500次/分钟)，具体频次详情：https://tushare.pro/document/1?doc_id=108。
2026-08-01 19:12:56,796 [ERROR] fetch_moneyflow_dc.py:170 获取 20260118~20260118 板块资金流向失败: 抱歉，您访问接口(moneyflow_ind_dc)频率超限(500次/分钟)，具体频次详情：https://tushare.pro/document/1?doc_id=108。
2026-08-01 19:12:56,797 [ERROR] fetch_moneyflow_dc.py:378 20260118 处理失败: 抱歉，您访问接口(moneyflow_ind_dc)频率超限(500次/分钟)，具体频次详情：https://tushare.pro/document/1?doc_id=108。
2026-08-01 19:12:56,808 [ERROR] fetch_moneyflow_dc.py:170 获取 20260119~20260119 板块资金流向失败: 抱歉，您访问接口(moneyflow_ind_dc)频率超限(500次/分钟)，具体频次详情：https://tushare.pro/document/1?doc_id=108。
2026-08-01 19:12:56,809 [ERROR] fetch_moneyflow_dc.py:378 20260119 处理失败: 抱歉，您访问接口(moneyflow_ind_dc)频率超限(500次/分钟)，具体频次详情：https://tushare.pro/document/1?doc_id=108。
2026-08-01 19:12:56,858 [ERROR] fetch_moneyflow_dc.py:170 获取 20260121~20260121 板块资金流向失败: 抱歉，您访问接口(moneyflow_ind_dc)频率超限(500次/分钟)，具体频次详情：https://tushare.pro/document/1?doc_id=108。
2026-08-01 19:12:56,859 [ERROR] fetch_moneyflow_dc.py:378 20260121 处理失败: 抱歉，您访问接口(moneyflow_ind_dc)频率超限(500次/分钟)，具体频次详情：https://tushare.pro/document/1?doc_id=108。
2026-08-01 19:12:56,861 [ERROR] fetch_moneyflow_dc.py:170 获取 20260120~20260120 板块资金流向失败: 抱歉，您访问接口(moneyflow_ind_dc)频率超限(500次/分钟)，具体频次详情：https://tushare.pro/document/1?doc_id=108。
2026-08-01 19:12:56,861 [ERROR] fetch_moneyflow_dc.py:378 20260120 处理失败: 抱歉，您访问接口(moneyflow_ind_dc)频率超限(500次/分钟)，具体频次详情：https://tushare.pro/document/1?doc_id=108。
2026-08-01 19:12:56,911 [ERROR] fetch_moneyflow_dc.py:170 获取 20260122~20260122 板块资金流向失败: 抱歉，您访问接口(moneyflow_ind_dc)频率超限(500次/分钟)，具体频次详情：https://tushare.pro/document/1?doc_id=108。
2026-08-01 19:12:56,912 [ERROR] fetch_moneyflow_dc.py:170 获取 20260123~20260123 板块资金流向失败: 抱歉，您访问接口(moneyflow_ind_dc)频率超限(500次/分钟)，具体频次详情：https://tushare.pro/document/1?doc_id=108。
2026-08-01 19:12:56,912 [ERROR] fetch_moneyflow_dc.py:378 20260122 处理失败: 抱歉，您访问接口(moneyflow_ind_dc)频率超限(500次/分钟)，具体频次详情：https://tushare.pro/document/1?doc_id=108。
2026-08-01 19:12:56,913 [ERROR] fetch_moneyflow_dc.py:378 20260123 处理失败: 抱歉，您访问接口(moneyflow_ind_dc)频率超限(500次/分钟)，具体频次详情：https://tushare.pro/document/1?doc_id=108。
2026-08-01 19:12:56,959 [ERROR] fetch_moneyflow_dc.py:170 获取 20260124~20260124 板块资金流向失败: 抱歉，您访问接口(moneyflow_ind_dc)频率超限(500次/分钟)，具体频次详情：https://tushare.pro/document/1?doc_id=108。
2026-08-01 19:12:56,959 [ERROR] fetch_moneyflow_dc.py:378 20260124 处理失败: 抱歉，您访问接口(moneyflow_ind_dc)频率超限(500次/分钟)，具体频次详情：https://tushare.pro/document/1?doc_id=108。
2026-08-01 19:12:56,964 [ERROR] fetch_moneyflow_dc.py:170 获取 20260125~20260125 板块资金流向失败: 抱歉，您访问接口(moneyflow_ind_dc)频率超限(500次/分钟)，具体频次详情：https://tushare.pro/document/1?doc_id=108。
2026-08-01 19:12:56,964 [ERROR] fetch_moneyflow_dc.py:378 20260125 处理失败: 抱歉，您访问接口(moneyflow_ind_dc)频率超限(500次/分钟)，具体频次详情：https://tushare.pro/document/1?doc_id=108。
2026-08-01 19:12:57,006 [ERROR] fetch_moneyflow_dc.py:170 获取 20260126~20260126 板块资金流向失败: 抱歉，您访问接口(moneyflow_ind_dc)频率超限(500次/分钟)，具体频次详情：https://tushare.pro/document/1?doc_id=108。
2026-08-01 19:12:57,006 [ERROR] fetch_moneyflow_dc.py:378 20260126 处理失败: 抱歉，您访问接口(moneyflow_ind_dc)频率超限(500次/分钟)，具体频次详情：https://tushare.pro/document/1?doc_id=108。
2026-08-01 19:12:57,012 [ERROR] fetch_moneyflow_dc.py:170 获取 20260127~20260127 板块资金流向失败: 抱歉，您访问接口(moneyflow_ind_dc)频率超限(500次/分钟)，具体频次详情：https://tushare.pro/document/1?doc_id=108。
2026-08-01 19:12:57,012 [ERROR] fetch_moneyflow_dc.py:378 20260127 处理失败: 抱歉，您访问接口(moneyflow_ind_dc)频率超限(500次/分钟)，具体频次详情：https://tushare.pro/document/1?doc_id=108。
2026-08-01 19:12:57,057 [ERROR] fetch_moneyflow_dc.py:170 获取 20260128~20260128 板块资金流向失败: 抱歉，您访问接口(moneyflow_ind_dc)频率超限(500次/分钟)，具体频次详情：https://tushare.pro/document/1?doc_id=108。
2026-08-01 19:12:57,058 [ERROR] fetch_moneyflow_dc.py:378 20260128 处理失败: 抱歉，您访问接口(moneyflow_ind_dc)频率超限(500次/分钟)，具体频次详情：https://tushare.pro/document/1?doc_id=108。
2026-08-01 19:12:57,063 [ERROR] fetch_moneyflow_dc.py:170 获取 20260129~20260129 板块资金流向失败: 抱歉，您访问接口(moneyflow_ind_dc)频率超限(500次/分钟)，具体频次详情：https://tushare.pro/document/1?doc_id=108。
2026-08-01 19:12:57,063 [ERROR] fetch_moneyflow_dc.py:378 20260129 处理失败: 抱歉，您访问接口(moneyflow_ind_dc)频率超限(500次/分钟)，具体频次详情：https://tushare.pro/document/1?doc_id=108。
2026-08-01 19:12:57,108 [ERROR] fetch_moneyflow_dc.py:170 获取 20260130~20260130 板块资金流向失败: 抱歉，您访问接口(moneyflow_ind_dc)频率超限(500次/分钟)，具体频次详情：https://tushare.pro/document/1?doc_id=108。
2026-08-01 19:12:57,108 [ERROR] fetch_moneyflow_dc.py:378 20260130 处理失败: 抱歉，您访问接口(moneyflow_ind_dc)频率超限(500次/分钟)，具体频次详情：https://tushare.pro/document/1?doc_id=108。
2026-08-01 19:12:57,114 [ERROR] fetch_moneyflow_dc.py:170 获取 20260131~20260131 板块资金流向失败: 抱歉，您访问接口(moneyflow_ind_dc)频率超限(500次/分钟)，具体频次详情：https://tushare.pro/document/1?doc_id=108。
2026-08-01 19:12:57,114 [ERROR] fetch_moneyflow_dc.py:378 20260131 处理失败: 抱歉，您访问接口(moneyflow_ind_dc)频率超限(500次/分钟)，具体频次详情：https://tushare.pro/document/1?doc_id=108。
2026-08-01 19:12:57,154 [ERROR] fetch_moneyflow_dc.py:170 获取 20260201~20260201 板块资金流向失败: 抱歉，您访问接口(moneyflow_ind_dc)频率超限(500次/分钟)，具体频次详情：https://tushare.pro/document/1?doc_id=108。
2026-08-01 19:12:57,155 [ERROR] fetch_moneyflow_dc.py:378 20260201 处理失败: 抱歉，您访问接口(moneyflow_ind_dc)频率超限(500次/分钟)，具体频次详情：https://tushare.pro/document/1?doc_id=108。
2026-08-01 19:12:57,161 [ERROR] fetch_moneyflow_dc.py:170 获取 20260202~20260202 板块资金流向失败: 抱歉，您访问接口(moneyflow_ind_dc)频率超限(500次/分钟)，具体频次详情：https://tushare.pro/document/1?doc_id=108。
2026-08-01 19:12:57,162 [ERROR] fetch_moneyflow_dc.py:378 20260202 处理失败: 抱歉，您访问接口(moneyflow_ind_dc)频率超限(500次/分钟)，具体频次详情：https://tushare.pro/document/1?doc_id=108。
2026-08-01 19:12:57,200 [ERROR] fetch_moneyflow_dc.py:170 获取 20260203~20260203 板块资金流向失败: 抱歉，您访问接口(moneyflow_ind_dc)频率超限(500次/分钟)，具体频次详情：https://tushare.pro/document/1?doc_id=108。
2026-08-01 19:12:57,200 [ERROR] fetch_moneyflow_dc.py:378 20260203 处理失败: 抱歉，您访问接口(moneyflow_ind_dc)频率超限(500次/分钟)，具体频次详情：https://tushare.pro/document/1?doc_id=108。
2026-08-01 19:12:57,208 [ERROR] fetch_moneyflow_dc.py:170 获取 20260204~20260204 板块资金流向失败: 抱歉，您访问接口(moneyflow_ind_dc)频率超限(500次/分钟)，具体频次详情：https://tushare.pro/document/1?doc_id=108。
2026-08-01 19:12:57,208 [ERROR] fetch_moneyflow_dc.py:378 20260204 处理失败: 抱歉，您访问接口(moneyflow_ind_dc)频率超限(500次/分钟)，具体频次详情：https://tushare.pro/document/1?doc_id=108。
2026-08-01 19:12:57,245 [ERROR] fetch_moneyflow_dc.py:170 获取 20260205~20260205 板块资金流向失败: 抱歉，您访问接口(moneyflow_ind_dc)频率超限(500次/分钟)，具体频次详情：https://tushare.pro/document/1?doc_id=108。
2026-08-01 19:12:57,245 [ERROR] fetch_moneyflow_dc.py:378 20260205 处理失败: 抱歉，您访问接口(moneyflow_ind_dc)频率超限(500次/分钟)，具体频次详情：https://tushare.pro/document/1?doc_id=108。
2026-08-01 19:12:57,254 [ERROR] fetch_moneyflow_dc.py:170 获取 20260206~20260206 板块资金流向失败: 抱歉，您访问接口(moneyflow_ind_dc)频率超限(500次/分钟)，具体频次详情：https://tushare.pro/document/1?doc_id=108。
2026-08-01 19:12:57,255 [ERROR] fetch_moneyflow_dc.py:378 20260206 处理失败: 抱歉，您访问接口(moneyflow_ind_dc)频率超限(500次/分钟)，具体频次详情：https://tushare.pro/document/1?doc_id=108。
2026-08-01 19:12:57,290 [ERROR] fetch_moneyflow_dc.py:170 获取 20260207~20260207 板块资金流向失败: 抱歉，您访问接口(moneyflow_ind_dc)频率超限(500次/分钟)，具体频次详情：https://tushare.pro/document/1?doc_id=108。
2026-08-01 19:12:57,291 [ERROR] fetch_moneyflow_dc.py:378 20260207 处理失败: 抱歉，您访问接口(moneyflow_ind_dc)频率超限(500次/分钟)，具体频次详情：https://tushare.pro/document/1?doc_id=108。
2026-08-01 19:12:57,302 [ERROR] fetch_moneyflow_dc.py:170 获取 20260208~20260208 板块资金流向失败: 抱歉，您访问接口(moneyflow_ind_dc)频率超限(500次/分钟)，具体频次详情：https://tushare.pro/document/1?doc_id=108。
2026-08-01 19:12:57,303 [ERROR] fetch_moneyflow_dc.py:378 20260208 处理失败: 抱歉，您访问接口(moneyflow_ind_dc)频率超限(500次/分钟)，具体频次详情：https://tushare.pro/document/1?doc_id=108。
2026-08-01 19:12:57,337 [ERROR] fetch_moneyflow_dc.py:170 获取 20260209~20260209 板块资金流向失败: 抱歉，您访问接口(moneyflow_ind_dc)频率超限(500次/分钟)，具体频次详情：https://tushare.pro/document/1?doc_id=108。
2026-08-01 19:12:57,338 [ERROR] fetch_moneyflow_dc.py:378 20260209 处理失败: 抱歉，您访问接口(moneyflow_ind_dc)频率超限(500次/分钟)，具体频次详情：https://tushare.pro/document/1?doc_id=108。
2026-08-01 19:12:57,352 [ERROR] fetch_moneyflow_dc.py:170 获取 20260210~20260210 板块资金流向失败: 抱歉，您访问接口(moneyflow_ind_dc)频率超限(500次/分钟)，具体频次详情：https://tushare.pro/document/1?doc_id=108。
2026-08-01 19:12:57,352 [ERROR] fetch_moneyflow_dc.py:378 20260210 处理失败: 抱歉，您访问接口(moneyflow_ind_dc)频率超限(500次/分钟)，具体频次详情：https://tushare.pro/document/1?doc_id=108。
2026-08-01 19:12:57,389 [ERROR] fetch_moneyflow_dc.py:170 获取 20260211~20260211 板块资金流向失败: 抱歉，您访问接口(moneyflow_ind_dc)频率超限(500次/分钟)，具体频次详情：https://tushare.pro/document/1?doc_id=108。
2026-08-01 19:12:57,389 [ERROR] fetch_moneyflow_dc.py:378 20260211 处理失败: 抱歉，您访问接口(moneyflow_ind_dc)频率超限(500次/分钟)，具体频次详情：https://tushare.pro/document/1?doc_id=108。
2026-08-01 19:12:57,398 [ERROR] fetch_moneyflow_dc.py:170 获取 20260212~20260212 板块资金流向失败: 抱歉，您访问接口(moneyflow_ind_dc)频率超限(500次/分钟)，具体频次详情：https://tushare.pro/document/1?doc_id=108。
2026-08-01 19:12:57,398 [ERROR] fetch_moneyflow_dc.py:378 20260212 处理失败: 抱歉，您访问接口(moneyflow_ind_dc)频率超限(500次/分钟)，具体频次详情：https://tushare.pro/document/1?doc_id=108。
2026-08-01 19:12:57,440 [ERROR] fetch_moneyflow_dc.py:170 获取 20260213~20260213 板块资金流向失败: 抱歉，您访问接口(moneyflow_ind_dc)频率超限(500次/分钟)，具体频次详情：https://tushare.pro/document/1?doc_id=108。
2026-08-01 19:12:57,440 [ERROR] fetch_moneyflow_dc.py:378 20260213 处理失败: 抱歉，您访问接口(moneyflow_ind_dc)频率超限(500次/分钟)，具体频次详情：https://tushare.pro/document/1?doc_id=108。
2026-08-01 19:12:57,448 [ERROR] fetch_moneyflow_dc.py:170 获取 20260214~20260214 板块资金流向失败: 抱歉，您访问接口(moneyflow_ind_dc)频率超限(500次/分钟)，具体频次详情：https://tushare.pro/document/1?doc_id=108。
2026-08-01 19:12:57,448 [ERROR] fetch_moneyflow_dc.py:378 20260214 处理失败: 抱歉，您访问接口(moneyflow_ind_dc)频率超限(500次/分钟)，具体频次详情：https://tushare.pro/document/1?doc_id=108。
2026-08-01 19:12:57,488 [ERROR] fetch_moneyflow_dc.py:170 获取 20260215~20260215 板块资金流向失败: 抱歉，您访问接口(moneyflow_ind_dc)频率超限(500次/分钟)，具体频次详情：https://tushare.pro/document/1?doc_id=108。
2026-08-01 19:12:57,489 [ERROR] fetch_moneyflow_dc.py:378 20260215 处理失败: 抱歉，您访问接口(moneyflow_ind_dc)频率超限(500次/分钟)，具体频次详情：https://tushare.pro/document/1?doc_id=108。
2026-08-01 19:12:57,492 [ERROR] fetch_moneyflow_dc.py:170 获取 20260216~20260216 板块资金流向失败: 抱歉，您访问接口(moneyflow_ind_dc)频率超限(500次/分钟)，具体频次详情：https://tushare.pro/document/1?doc_id=108。
2026-08-01 19:12:57,492 [ERROR] fetch_moneyflow_dc.py:378 20260216 处理失败: 抱歉，您访问接口(moneyflow_ind_dc)频率超限(500次/分钟)，具体频次详情：https://tushare.pro/document/1?doc_id=108。
2026-08-01 19:12:57,536 [ERROR] fetch_moneyflow_dc.py:170 获取 20260217~20260217 板块资金流向失败: 抱歉，您访问接口(moneyflow_ind_dc)频率超限(500次/分钟)，具体频次详情：https://tushare.pro/document/1?doc_id=108。
2026-08-01 19:12:57,537 [ERROR] fetch_moneyflow_dc.py:378 20260217 处理失败: 抱歉，您访问接口(moneyflow_ind_dc)频率超限(500次/分钟)，具体频次详情：https://tushare.pro/document/1?doc_id=108。
2026-08-01 19:12:57,539 [ERROR] fetch_moneyflow_dc.py:170 获取 20260218~20260218 板块资金流向失败: 抱歉，您访问接口(moneyflow_ind_dc)频率超限(500次/分钟)，具体频次详情：https://tushare.pro/document/1?doc_id=108。
2026-08-01 19:12:57,539 [ERROR] fetch_moneyflow_dc.py:378 20260218 处理失败: 抱歉，您访问接口(moneyflow_ind_dc)频率超限(500次/分钟)，具体频次详情：https://tushare.pro/document/1?doc_id=108。
2026-08-01 19:12:57,583 [ERROR] fetch_moneyflow_dc.py:170 获取 20260219~20260219 板块资金流向失败: 抱歉，您访问接口(moneyflow_ind_dc)频率超限(500次/分钟)，具体频次详情：https://tushare.pro/document/1?doc_id=108。
2026-08-01 19:12:57,584 [ERROR] fetch_moneyflow_dc.py:378 20260219 处理失败: 抱歉，您访问接口(moneyflow_ind_dc)频率超限(500次/分钟)，具体频次详情：https://tushare.pro/document/1?doc_id=108。
2026-08-01 19:12:57,586 [ERROR] fetch_moneyflow_dc.py:170 获取 20260220~20260220 板块资金流向失败: 抱歉，您访问接口(moneyflow_ind_dc)频率超限(500次/分钟)，具体频次详情：https://tushare.pro/document/1?doc_id=108。
2026-08-01 19:12:57,587 [ERROR] fetch_moneyflow_dc.py:378 20260220 处理失败: 抱歉，您访问接口(moneyflow_ind_dc)频率超限(500次/分钟)，具体频次详情：https://tushare.pro/document/1?doc_id=108。
2026-08-01 19:12:57,631 [ERROR] fetch_moneyflow_dc.py:170 获取 20260221~20260221 板块资金流向失败: 抱歉，您访问接口(moneyflow_ind_dc)频率超限(500次/分钟)，具体频次详情：https://tushare.pro/document/1?doc_id=108。
2026-08-01 19:12:57,631 [ERROR] fetch_moneyflow_dc.py:378 20260221 处理失败: 抱歉，您访问接口(moneyflow_ind_dc)频率超限(500次/分钟)，具体频次详情：https://tushare.pro/document/1?doc_id=108。
2026-08-01 19:12:57,633 [ERROR] fetch_moneyflow_dc.py:170 获取 20260222~20260222 板块资金流向失败: 抱歉，您访问接口(moneyflow_ind_dc)频率超限(500次/分钟)，具体频次详情：https://tushare.pro/document/1?doc_id=108。
2026-08-01 19:12:57,633 [ERROR] fetch_moneyflow_dc.py:378 20260222 处理失败: 抱歉，您访问接口(moneyflow_ind_dc)频率超限(500次/分钟)，具体频次详情：https://tushare.pro/document/1?doc_id=108。
2026-08-01 19:12:57,675 [ERROR] fetch_moneyflow_dc.py:170 获取 20260223~20260223 板块资金流向失败: 抱歉，您访问接口(moneyflow_ind_dc)频率超限(500次/分钟)，具体频次详情：https://tushare.pro/document/1?doc_id=108。
2026-08-01 19:12:57,676 [ERROR] fetch_moneyflow_dc.py:378 20260223 处理失败: 抱歉，您访问接口(moneyflow_ind_dc)频率超限(500次/分钟)，具体频次详情：https://tushare.pro/document/1?doc_id=108。
2026-08-01 19:12:57,682 [ERROR] fetch_moneyflow_dc.py:170 获取 20260224~20260224 板块资金流向失败: 抱歉，您访问接口(moneyflow_ind_dc)频率超限(500次/分钟)，具体频次详情：https://tushare.pro/document/1?doc_id=108。
2026-08-01 19:12:57,683 [ERROR] fetch_moneyflow_dc.py:378 20260224 处理失败: 抱歉，您访问接口(moneyflow_ind_dc)频率超限(500次/分钟)，具体频次详情：https://tushare.pro/document/1?doc_id=108。
2026-08-01 19:12:57,724 [ERROR] fetch_moneyflow_dc.py:170 获取 20260225~20260225 板块资金流向失败: 抱歉，您访问接口(moneyflow_ind_dc)频率超限(500次/分钟)，具体频次详情：https://tushare.pro/document/1?doc_id=108。
2026-08-01 19:12:57,725 [ERROR] fetch_moneyflow_dc.py:378 20260225 处理失败: 抱歉，您访问接口(moneyflow_ind_dc)频率超限(500次/分钟)，具体频次详情：https://tushare.pro/document/1?doc_id=108。
2026-08-01 19:12:57,732 [ERROR] fetch_moneyflow_dc.py:170 获取 20260226~20260226 板块资金流向失败: 抱歉，您访问接口(moneyflow_ind_dc)频率超限(500次/分钟)，具体频次详情：https://tushare.pro/document/1?doc_id=108。
2026-08-01 19:12:57,733 [ERROR] fetch_moneyflow_dc.py:378 20260226 处理失败: 抱歉，您访问接口(moneyflow_ind_dc)频率超限(500次/分钟)，具体频次详情：https://tushare.pro/document/1?doc_id=108。
2026-08-01 19:12:57,772 [ERROR] fetch_moneyflow_dc.py:170 获取 20260227~20260227 板块资金流向失败: 抱歉，您访问接口(moneyflow_ind_dc)频率超限(500次/分钟)，具体频次详情：https://tushare.pro/document/1?doc_id=108。
2026-08-01 19:12:57,772 [ERROR] fetch_moneyflow_dc.py:378 20260227 处理失败: 抱歉，您访问接口(moneyflow_ind_dc)频率超限(500次/分钟)，具体频次详情：https://tushare.pro/document/1?doc_id=108。
2026-08-01 19:12:57,779 [ERROR] fetch_moneyflow_dc.py:170 获取 20260228~20260228 板块资金流向失败: 抱歉，您访问接口(moneyflow_ind_dc)频率超限(500次/分钟)，具体频次详情：https://tushare.pro/document/1?doc_id=108。
2026-08-01 19:12:57,779 [ERROR] fetch_moneyflow_dc.py:378 20260228 处理失败: 抱歉，您访问接口(moneyflow_ind_dc)频率超限(500次/分钟)，具体频次详情：https://tushare.pro/document/1?doc_id=108。
2026-08-01 19:12:57,817 [ERROR] fetch_moneyflow_dc.py:170 获取 20260301~20260301 板块资金流向失败: 抱歉，您访问接口(moneyflow_ind_dc)频率超限(500次/分钟)，具体频次详情：https://tushare.pro/document/1?doc_id=108。
2026-08-01 19:12:57,818 [ERROR] fetch_moneyflow_dc.py:378 20260301 处理失败: 抱歉，您访问接口(moneyflow_ind_dc)频率超限(500次/分钟)，具体频次详情：https://tushare.pro/document/1?doc_id=108。
2026-08-01 19:12:57,828 [ERROR] fetch_moneyflow_dc.py:170 获取 20260302~20260302 板块资金流向失败: 抱歉，您访问接口(moneyflow_ind_dc)频率超限(500次/分钟)，具体频次详情：https://tushare.pro/document/1?doc_id=108。
2026-08-01 19:12:57,829 [ERROR] fetch_moneyflow_dc.py:378 20260302 处理失败: 抱歉，您访问接口(moneyflow_ind_dc)频率超限(500次/分钟)，具体频次详情：https://tushare.pro/document/1?doc_id=108。
2026-08-01 19:12:57,874 [ERROR] fetch_moneyflow_dc.py:170 获取 20260303~20260303 板块资金流向失败: 抱歉，您访问接口(moneyflow_ind_dc)频率超限(500次/分钟)，具体频次详情：https://tushare.pro/document/1?doc_id=108。
2026-08-01 19:12:57,875 [ERROR] fetch_moneyflow_dc.py:378 20260303 处理失败: 抱歉，您访问接口(moneyflow_ind_dc)频率超限(500次/分钟)，具体频次详情：https://tushare.pro/document/1?doc_id=108。
2026-08-01 19:12:57,876 [ERROR] fetch_moneyflow_dc.py:170 获取 20260304~20260304 板块资金流向失败: 抱歉，您访问接口(moneyflow_ind_dc)频率超限(500次/分钟)，具体频次详情：https://tushare.pro/document/1?doc_id=108。
2026-08-01 19:12:57,876 [ERROR] fetch_moneyflow_dc.py:378 20260304 处理失败: 抱歉，您访问接口(moneyflow_ind_dc)频率超限(500次/分钟)，具体频次详情：https://tushare.pro/document/1?doc_id=108。
2026-08-01 19:12:57,924 [ERROR] fetch_moneyflow_dc.py:170 获取 20260305~20260305 板块资金流向失败: 抱歉，您访问接口(moneyflow_ind_dc)频率超限(500次/分钟)，具体频次详情：https://tushare.pro/document/1?doc_id=108。
2026-08-01 19:12:57,924 [ERROR] fetch_moneyflow_dc.py:378 20260305 处理失败: 抱歉，您访问接口(moneyflow_ind_dc)频率超限(500次/分钟)，具体频次详情：https://tushare.pro/document/1?doc_id=108。
2026-08-01 19:12:57,927 [ERROR] fetch_moneyflow_dc.py:170 获取 20260306~20260306 板块资金流向失败: 抱歉，您访问接口(moneyflow_ind_dc)频率超限(500次/分钟)，具体频次详情：https://tushare.pro/document/1?doc_id=108。
2026-08-01 19:12:57,928 [ERROR] fetch_moneyflow_dc.py:378 20260306 处理失败: 抱歉，您访问接口(moneyflow_ind_dc)频率超限(500次/分钟)，具体频次详情：https://tushare.pro/document/1?doc_id=108。
2026-08-01 19:12:57,969 [ERROR] fetch_moneyflow_dc.py:170 获取 20260307~20260307 板块资金流向失败: 抱歉，您访问接口(moneyflow_ind_dc)频率超限(500次/分钟)，具体频次详情：https://tushare.pro/document/1?doc_id=108。
2026-08-01 19:12:57,970 [ERROR] fetch_moneyflow_dc.py:378 20260307 处理失败: 抱歉，您访问接口(moneyflow_ind_dc)频率超限(500次/分钟)，具体频次详情：https://tushare.pro/document/1?doc_id=108。
2026-08-01 19:12:57,975 [ERROR] fetch_moneyflow_dc.py:170 获取 20260308~20260308 板块资金流向失败: 抱歉，您访问接口(moneyflow_ind_dc)频率超限(500次/分钟)，具体频次详情：https://tushare.pro/document/1?doc_id=108。
2026-08-01 19:12:57,975 [ERROR] fetch_moneyflow_dc.py:378 20260308 处理失败: 抱歉，您访问接口(moneyflow_ind_dc)频率超限(500次/分钟)，具体频次详情：https://tushare.pro/document/1?doc_id=108。
2026-08-01 19:12:58,019 [ERROR] fetch_moneyflow_dc.py:170 获取 20260309~20260309 板块资金流向失败: 抱歉，您访问接口(moneyflow_ind_dc)频率超限(500次/分钟)，具体频次详情：https://tushare.pro/document/1?doc_id=108。
2026-08-01 19:12:58,020 [ERROR] fetch_moneyflow_dc.py:378 20260309 处理失败: 抱歉，您访问接口(moneyflow_ind_dc)频率超限(500次/分钟)，具体频次详情：https://tushare.pro/document/1?doc_id=108。
2026-08-01 19:12:58,021 [ERROR] fetch_moneyflow_dc.py:170 获取 20260310~20260310 板块资金流向失败: 抱歉，您访问接口(moneyflow_ind_dc)频率超限(500次/分钟)，具体频次详情：https://tushare.pro/document/1?doc_id=108。
2026-08-01 19:12:58,021 [ERROR] fetch_moneyflow_dc.py:378 20260310 处理失败: 抱歉，您访问接口(moneyflow_ind_dc)频率超限(500次/分钟)，具体频次详情：https://tushare.pro/document/1?doc_id=108。
2026-08-01 19:12:58,067 [ERROR] fetch_moneyflow_dc.py:170 获取 20260311~20260311 板块资金流向失败: 抱歉，您访问接口(moneyflow_ind_dc)频率超限(500次/分钟)，具体频次详情：https://tushare.pro/document/1?doc_id=108。
2026-08-01 19:12:58,069 [ERROR] fetch_moneyflow_dc.py:170 获取 20260312~20260312 板块资金流向失败: 抱歉，您访问接口(moneyflow_ind_dc)频率超限(500次/分钟)，具体频次详情：https://tushare.pro/document/1?doc_id=108。
2026-08-01 19:12:58,084 [ERROR] fetch_moneyflow_dc.py:378 20260311 处理失败: 抱歉，您访问接口(moneyflow_ind_dc)频率超限(500次/分钟)，具体频次详情：https://tushare.pro/document/1?doc_id=108。
2026-08-01 19:12:58,084 [ERROR] fetch_moneyflow_dc.py:378 20260312 处理失败: 抱歉，您访问接口(moneyflow_ind_dc)频率超限(500次/分钟)，具体频次详情：https://tushare.pro/document/1?doc_id=108。
2026-08-01 19:12:58,134 [ERROR] fetch_moneyflow_dc.py:170 获取 20260314~20260314 板块资金流向失败: 抱歉，您访问接口(moneyflow_ind_dc)频率超限(500次/分钟)，具体频次详情：https://tushare.pro/document/1?doc_id=108。
2026-08-01 19:12:58,135 [ERROR] fetch_moneyflow_dc.py:170 获取 20260313~20260313 板块资金流向失败: 抱歉，您访问接口(moneyflow_ind_dc)频率超限(500次/分钟)，具体频次详情：https://tushare.pro/document/1?doc_id=108。
2026-08-01 19:12:58,135 [ERROR] fetch_moneyflow_dc.py:378 20260314 处理失败: 抱歉，您访问接口(moneyflow_ind_dc)频率超限(500次/分钟)，具体频次详情：https://tushare.pro/document/1?doc_id=108。
2026-08-01 19:12:58,135 [ERROR] fetch_moneyflow_dc.py:378 20260313 处理失败: 抱歉，您访问接口(moneyflow_ind_dc)频率超限(500次/分钟)，具体频次详情：https://tushare.pro/document/1?doc_id=108。
2026-08-01 19:12:58,181 [ERROR] fetch_moneyflow_dc.py:170 获取 20260316~20260316 板块资金流向失败: 抱歉，您访问接口(moneyflow_ind_dc)频率超限(500次/分钟)，具体频次详情：https://tushare.pro/document/1?doc_id=108。
2026-08-01 19:12:58,182 [ERROR] fetch_moneyflow_dc.py:170 获取 20260315~20260315 板块资金流向失败: 抱歉，您访问接口(moneyflow_ind_dc)频率超限(500次/分钟)，具体频次详情：https://tushare.pro/document/1?doc_id=108。
2026-08-01 19:12:58,183 [ERROR] fetch_moneyflow_dc.py:378 20260316 处理失败: 抱歉，您访问接口(moneyflow_ind_dc)频率超限(500次/分钟)，具体频次详情：https://tushare.pro/document/1?doc_id=108。
2026-08-01 19:12:58,183 [ERROR] fetch_moneyflow_dc.py:378 20260315 处理失败: 抱歉，您访问接口(moneyflow_ind_dc)频率超限(500次/分钟)，具体频次详情：https://tushare.pro/document/1?doc_id=108。
2026-08-01 19:12:58,232 [ERROR] fetch_moneyflow_dc.py:170 获取 20260318~20260318 板块资金流向失败: 抱歉，您访问接口(moneyflow_ind_dc)频率超限(500次/分钟)，具体频次详情：https://tushare.pro/document/1?doc_id=108。
2026-08-01 19:12:58,233 [ERROR] fetch_moneyflow_dc.py:378 20260318 处理失败: 抱歉，您访问接口(moneyflow_ind_dc)频率超限(500次/分钟)，具体频次详情：https://tushare.pro/document/1?doc_id=108。
2026-08-01 19:12:58,258 [ERROR] fetch_moneyflow_dc.py:170 获取 20260317~20260317 板块资金流向失败: 抱歉，您访问接口(moneyflow_ind_dc)频率超限(500次/分钟)，具体频次详情：https://tushare.pro/document/1?doc_id=108。
2026-08-01 19:12:58,258 [ERROR] fetch_moneyflow_dc.py:378 20260317 处理失败: 抱歉，您访问接口(moneyflow_ind_dc)频率超限(500次/分钟)，具体频次详情：https://tushare.pro/document/1?doc_id=108。
2026-08-01 19:12:58,281 [ERROR] fetch_moneyflow_dc.py:170 获取 20260319~20260319 板块资金流向失败: 抱歉，您访问接口(moneyflow_ind_dc)频率超限(500次/分钟)，具体频次详情：https://tushare.pro/document/1?doc_id=108。
2026-08-01 19:12:58,281 [ERROR] fetch_moneyflow_dc.py:378 20260319 处理失败: 抱歉，您访问接口(moneyflow_ind_dc)频率超限(500次/分钟)，具体频次详情：https://tushare.pro/document/1?doc_id=108。
2026-08-01 19:12:58,306 [ERROR] fetch_moneyflow_dc.py:170 获取 20260320~20260320 板块资金流向失败: 抱歉，您访问接口(moneyflow_ind_dc)频率超限(500次/分钟)，具体频次详情：https://tushare.pro/document/1?doc_id=108。
2026-08-01 19:12:58,307 [ERROR] fetch_moneyflow_dc.py:378 20260320 处理失败: 抱歉，您访问接口(moneyflow_ind_dc)频率超限(500次/分钟)，具体频次详情：https://tushare.pro/document/1?doc_id=108。
2026-08-01 19:12:58,352 [ERROR] fetch_moneyflow_dc.py:170 获取 20260321~20260321 板块资金流向失败: 抱歉，您访问接口(moneyflow_ind_dc)频率超限(500次/分钟)，具体频次详情：https://tushare.pro/document/1?doc_id=108。
2026-08-01 19:12:58,352 [ERROR] fetch_moneyflow_dc.py:378 20260321 处理失败: 抱歉，您访问接口(moneyflow_ind_dc)频率超限(500次/分钟)，具体频次详情：https://tushare.pro/document/1?doc_id=108。
2026-08-01 19:12:58,357 [ERROR] fetch_moneyflow_dc.py:170 获取 20260322~20260322 板块资金流向失败: 抱歉，您访问接口(moneyflow_ind_dc)频率超限(500次/分钟)，具体频次详情：https://tushare.pro/document/1?doc_id=108。
2026-08-01 19:12:58,357 [ERROR] fetch_moneyflow_dc.py:378 20260322 处理失败: 抱歉，您访问接口(moneyflow_ind_dc)频率超限(500次/分钟)，具体频次详情：https://tushare.pro/document/1?doc_id=108。
2026-08-01 19:12:58,400 [ERROR] fetch_moneyflow_dc.py:170 获取 20260323~20260323 板块资金流向失败: 抱歉，您访问接口(moneyflow_ind_dc)频率超限(500次/分钟)，具体频次详情：https://tushare.pro/document/1?doc_id=108。
2026-08-01 19:12:58,400 [ERROR] fetch_moneyflow_dc.py:378 20260323 处理失败: 抱歉，您访问接口(moneyflow_ind_dc)频率超限(500次/分钟)，具体频次详情：https://tushare.pro/document/1?doc_id=108。
2026-08-01 19:12:58,404 [ERROR] fetch_moneyflow_dc.py:170 获取 20260324~20260324 板块资金流向失败: 抱歉，您访问接口(moneyflow_ind_dc)频率超限(500次/分钟)，具体频次详情：https://tushare.pro/document/1?doc_id=108。
2026-08-01 19:12:58,404 [ERROR] fetch_moneyflow_dc.py:378 20260324 处理失败: 抱歉，您访问接口(moneyflow_ind_dc)频率超限(500次/分钟)，具体频次详情：https://tushare.pro/document/1?doc_id=108。
2026-08-01 19:12:58,446 [ERROR] fetch_moneyflow_dc.py:170 获取 20260325~20260325 板块资金流向失败: 抱歉，您访问接口(moneyflow_ind_dc)频率超限(500次/分钟)，具体频次详情：https://tushare.pro/document/1?doc_id=108。
2026-08-01 19:12:58,446 [ERROR] fetch_moneyflow_dc.py:378 20260325 处理失败: 抱歉，您访问接口(moneyflow_ind_dc)频率超限(500次/分钟)，具体频次详情：https://tushare.pro/document/1?doc_id=108。
2026-08-01 19:12:58,452 [ERROR] fetch_moneyflow_dc.py:170 获取 20260326~20260326 板块资金流向失败: 抱歉，您访问接口(moneyflow_ind_dc)频率超限(500次/分钟)，具体频次详情：https://tushare.pro/document/1?doc_id=108。
2026-08-01 19:12:58,452 [ERROR] fetch_moneyflow_dc.py:378 20260326 处理失败: 抱歉，您访问接口(moneyflow_ind_dc)频率超限(500次/分钟)，具体频次详情：https://tushare.pro/document/1?doc_id=108。
2026-08-01 19:12:58,497 [ERROR] fetch_moneyflow_dc.py:170 获取 20260327~20260327 板块资金流向失败: 抱歉，您访问接口(moneyflow_ind_dc)频率超限(500次/分钟)，具体频次详情：https://tushare.pro/document/1?doc_id=108。
2026-08-01 19:12:58,498 [ERROR] fetch_moneyflow_dc.py:378 20260327 处理失败: 抱歉，您访问接口(moneyflow_ind_dc)频率超限(500次/分钟)，具体频次详情：https://tushare.pro/document/1?doc_id=108。
2026-08-01 19:12:58,501 [ERROR] fetch_moneyflow_dc.py:170 获取 20260328~20260328 板块资金流向失败: 抱歉，您访问接口(moneyflow_ind_dc)频率超限(500次/分钟)，具体频次详情：https://tushare.pro/document/1?doc_id=108。
2026-08-01 19:12:58,502 [ERROR] fetch_moneyflow_dc.py:378 20260328 处理失败: 抱歉，您访问接口(moneyflow_ind_dc)频率超限(500次/分钟)，具体频次详情：https://tushare.pro/document/1?doc_id=108。
2026-08-01 19:12:58,545 [ERROR] fetch_moneyflow_dc.py:170 获取 20260329~20260329 板块资金流向失败: 抱歉，您访问接口(moneyflow_ind_dc)频率超限(500次/分钟)，具体频次详情：https://tushare.pro/document/1?doc_id=108。
2026-08-01 19:12:58,545 [ERROR] fetch_moneyflow_dc.py:378 20260329 处理失败: 抱歉，您访问接口(moneyflow_ind_dc)频率超限(500次/分钟)，具体频次详情：https://tushare.pro/document/1?doc_id=108。
2026-08-01 19:12:58,548 [ERROR] fetch_moneyflow_dc.py:170 获取 20260330~20260330 板块资金流向失败: 抱歉，您访问接口(moneyflow_ind_dc)频率超限(500次/分钟)，具体频次详情：https://tushare.pro/document/1?doc_id=108。
2026-08-01 19:12:58,548 [ERROR] fetch_moneyflow_dc.py:378 20260330 处理失败: 抱歉，您访问接口(moneyflow_ind_dc)频率超限(500次/分钟)，具体频次详情：https://tushare.pro/document/1?doc_id=108。
2026-08-01 19:12:58,594 [ERROR] fetch_moneyflow_dc.py:170 获取 20260331~20260331 板块资金流向失败: 抱歉，您访问接口(moneyflow_ind_dc)频率超限(500次/分钟)，具体频次详情：https://tushare.pro/document/1?doc_id=108。
2026-08-01 19:12:58,595 [ERROR] fetch_moneyflow_dc.py:378 20260331 处理失败: 抱歉，您访问接口(moneyflow_ind_dc)频率超限(500次/分钟)，具体频次详情：https://tushare.pro/document/1?doc_id=108。
2026-08-01 19:12:58,597 [ERROR] fetch_moneyflow_dc.py:170 获取 20260401~20260401 板块资金流向失败: 抱歉，您访问接口(moneyflow_ind_dc)频率超限(500次/分钟)，具体频次详情：https://tushare.pro/document/1?doc_id=108。
2026-08-01 19:12:58,597 [ERROR] fetch_moneyflow_dc.py:378 20260401 处理失败: 抱歉，您访问接口(moneyflow_ind_dc)频率超限(500次/分钟)，具体频次详情：https://tushare.pro/document/1?doc_id=108。
2026-08-01 19:12:58,645 [ERROR] fetch_moneyflow_dc.py:170 获取 20260402~20260402 板块资金流向失败: 抱歉，您访问接口(moneyflow_ind_dc)频率超限(500次/分钟)，具体频次详情：https://tushare.pro/document/1?doc_id=108。
2026-08-01 19:12:58,646 [ERROR] fetch_moneyflow_dc.py:378 20260402 处理失败: 抱歉，您访问接口(moneyflow_ind_dc)频率超限(500次/分钟)，具体频次详情：https://tushare.pro/document/1?doc_id=108。
2026-08-01 19:12:58,646 [ERROR] fetch_moneyflow_dc.py:170 获取 20260403~20260403 板块资金流向失败: 抱歉，您访问接口(moneyflow_ind_dc)频率超限(500次/分钟)，具体频次详情：https://tushare.pro/document/1?doc_id=108。
2026-08-01 19:12:58,649 [ERROR] fetch_moneyflow_dc.py:378 20260403 处理失败: 抱歉，您访问接口(moneyflow_ind_dc)频率超限(500次/分钟)，具体频次详情：https://tushare.pro/document/1?doc_id=108。
2026-08-01 19:12:58,696 [ERROR] fetch_moneyflow_dc.py:170 获取 20260404~20260404 板块资金流向失败: 抱歉，您访问接口(moneyflow_ind_dc)频率超限(500次/分钟)，具体频次详情：https://tushare.pro/document/1?doc_id=108。
2026-08-01 19:12:58,696 [ERROR] fetch_moneyflow_dc.py:378 20260404 处理失败: 抱歉，您访问接口(moneyflow_ind_dc)频率超限(500次/分钟)，具体频次详情：https://tushare.pro/document/1?doc_id=108。
2026-08-01 19:12:58,699 [ERROR] fetch_moneyflow_dc.py:170 获取 20260405~20260405 板块资金流向失败: 抱歉，您访问接口(moneyflow_ind_dc)频率超限(500次/分钟)，具体频次详情：https://tushare.pro/document/1?doc_id=108。
2026-08-01 19:12:58,699 [ERROR] fetch_moneyflow_dc.py:378 20260405 处理失败: 抱歉，您访问接口(moneyflow_ind_dc)频率超限(500次/分钟)，具体频次详情：https://tushare.pro/document/1?doc_id=108。
2026-08-01 19:12:58,746 [ERROR] fetch_moneyflow_dc.py:170 获取 20260406~20260406 板块资金流向失败: 抱歉，您访问接口(moneyflow_ind_dc)频率超限(500次/分钟)，具体频次详情：https://tushare.pro/document/1?doc_id=108。
2026-08-01 19:12:58,747 [ERROR] fetch_moneyflow_dc.py:378 20260406 处理失败: 抱歉，您访问接口(moneyflow_ind_dc)频率超限(500次/分钟)，具体频次详情：https://tushare.pro/document/1?doc_id=108。
2026-08-01 19:12:58,748 [ERROR] fetch_moneyflow_dc.py:170 获取 20260407~20260407 板块资金流向失败: 抱歉，您访问接口(moneyflow_ind_dc)频率超限(500次/分钟)，具体频次详情：https://tushare.pro/document/1?doc_id=108。
2026-08-01 19:12:58,748 [ERROR] fetch_moneyflow_dc.py:378 20260407 处理失败: 抱歉，您访问接口(moneyflow_ind_dc)频率超限(500次/分钟)，具体频次详情：https://tushare.pro/document/1?doc_id=108。
2026-08-01 19:12:58,792 [ERROR] fetch_moneyflow_dc.py:170 获取 20260408~20260408 板块资金流向失败: 抱歉，您访问接口(moneyflow_ind_dc)频率超限(500次/分钟)，具体频次详情：https://tushare.pro/document/1?doc_id=108。
2026-08-01 19:12:58,793 [ERROR] fetch_moneyflow_dc.py:378 20260408 处理失败: 抱歉，您访问接口(moneyflow_ind_dc)频率超限(500次/分钟)，具体频次详情：https://tushare.pro/document/1?doc_id=108。
2026-08-01 19:12:58,795 [ERROR] fetch_moneyflow_dc.py:170 获取 20260409~20260409 板块资金流向失败: 抱歉，您访问接口(moneyflow_ind_dc)频率超限(500次/分钟)，具体频次详情：https://tushare.pro/document/1?doc_id=108。
2026-08-01 19:12:58,795 [ERROR] fetch_moneyflow_dc.py:378 20260409 处理失败: 抱歉，您访问接口(moneyflow_ind_dc)频率超限(500次/分钟)，具体频次详情：https://tushare.pro/document/1?doc_id=108。
2026-08-01 19:12:58,840 [ERROR] fetch_moneyflow_dc.py:170 获取 20260411~20260411 板块资金流向失败: 抱歉，您访问接口(moneyflow_ind_dc)频率超限(500次/分钟)，具体频次详情：https://tushare.pro/document/1?doc_id=108。
2026-08-01 19:12:58,840 [ERROR] fetch_moneyflow_dc.py:170 获取 20260410~20260410 板块资金流向失败: 抱歉，您访问接口(moneyflow_ind_dc)频率超限(500次/分钟)，具体频次详情：https://tushare.pro/document/1?doc_id=108。
2026-08-01 19:12:58,841 [ERROR] fetch_moneyflow_dc.py:378 20260411 处理失败: 抱歉，您访问接口(moneyflow_ind_dc)频率超限(500次/分钟)，具体频次详情：https://tushare.pro/document/1?doc_id=108。
2026-08-01 19:12:58,841 [ERROR] fetch_moneyflow_dc.py:378 20260410 处理失败: 抱歉，您访问接口(moneyflow_ind_dc)频率超限(500次/分钟)，具体频次详情：https://tushare.pro/document/1?doc_id=108。
2026-08-01 19:12:58,893 [ERROR] fetch_moneyflow_dc.py:170 获取 20260413~20260413 板块资金流向失败: 抱歉，您访问接口(moneyflow_ind_dc)频率超限(500次/分钟)，具体频次详情：https://tushare.pro/document/1?doc_id=108。
2026-08-01 19:12:58,893 [ERROR] fetch_moneyflow_dc.py:378 20260413 处理失败: 抱歉，您访问接口(moneyflow_ind_dc)频率超限(500次/分钟)，具体频次详情：https://tushare.pro/document/1?doc_id=108。
2026-08-01 19:12:58,898 [ERROR] fetch_moneyflow_dc.py:170 获取 20260412~20260412 板块资金流向失败: 抱歉，您访问接口(moneyflow_ind_dc)频率超限(500次/分钟)，具体频次详情：https://tushare.pro/document/1?doc_id=108。
2026-08-01 19:12:58,898 [ERROR] fetch_moneyflow_dc.py:378 20260412 处理失败: 抱歉，您访问接口(moneyflow_ind_dc)频率超限(500次/分钟)，具体频次详情：https://tushare.pro/document/1?doc_id=108。
2026-08-01 19:12:58,939 [ERROR] fetch_moneyflow_dc.py:170 获取 20260414~20260414 板块资金流向失败: 抱歉，您访问接口(moneyflow_ind_dc)频率超限(500次/分钟)，具体频次详情：https://tushare.pro/document/1?doc_id=108。
2026-08-01 19:12:58,940 [ERROR] fetch_moneyflow_dc.py:378 20260414 处理失败: 抱歉，您访问接口(moneyflow_ind_dc)频率超限(500次/分钟)，具体频次详情：https://tushare.pro/document/1?doc_id=108。
2026-08-01 19:12:58,946 [ERROR] fetch_moneyflow_dc.py:170 获取 20260415~20260415 板块资金流向失败: 抱歉，您访问接口(moneyflow_ind_dc)频率超限(500次/分钟)，具体频次详情：https://tushare.pro/document/1?doc_id=108。
2026-08-01 19:12:58,946 [ERROR] fetch_moneyflow_dc.py:378 20260415 处理失败: 抱歉，您访问接口(moneyflow_ind_dc)频率超限(500次/分钟)，具体频次详情：https://tushare.pro/document/1?doc_id=108。
2026-08-01 19:12:58,995 [ERROR] fetch_moneyflow_dc.py:170 获取 20260417~20260417 板块资金流向失败: 抱歉，您访问接口(moneyflow_ind_dc)频率超限(500次/分钟)，具体频次详情：https://tushare.pro/document/1?doc_id=108。
2026-08-01 19:12:58,995 [ERROR] fetch_moneyflow_dc.py:378 20260417 处理失败: 抱歉，您访问接口(moneyflow_ind_dc)频率超限(500次/分钟)，具体频次详情：https://tushare.pro/document/1?doc_id=108。
2026-08-01 19:12:58,997 [ERROR] fetch_moneyflow_dc.py:170 获取 20260416~20260416 板块资金流向失败: 抱歉，您访问接口(moneyflow_ind_dc)频率超限(500次/分钟)，具体频次详情：https://tushare.pro/document/1?doc_id=108。
2026-08-01 19:12:58,997 [ERROR] fetch_moneyflow_dc.py:378 20260416 处理失败: 抱歉，您访问接口(moneyflow_ind_dc)频率超限(500次/分钟)，具体频次详情：https://tushare.pro/document/1?doc_id=108。
2026-08-01 19:12:59,041 [ERROR] fetch_moneyflow_dc.py:170 获取 20260418~20260418 板块资金流向失败: 抱歉，您访问接口(moneyflow_ind_dc)频率超限(500次/分钟)，具体频次详情：https://tushare.pro/document/1?doc_id=108。
2026-08-01 19:12:59,042 [ERROR] fetch_moneyflow_dc.py:378 20260418 处理失败: 抱歉，您访问接口(moneyflow_ind_dc)频率超限(500次/分钟)，具体频次详情：https://tushare.pro/document/1?doc_id=108。
2026-08-01 19:12:59,049 [ERROR] fetch_moneyflow_dc.py:170 获取 20260419~20260419 板块资金流向失败: 抱歉，您访问接口(moneyflow_ind_dc)频率超限(500次/分钟)，具体频次详情：https://tushare.pro/document/1?doc_id=108。
2026-08-01 19:12:59,049 [ERROR] fetch_moneyflow_dc.py:378 20260419 处理失败: 抱歉，您访问接口(moneyflow_ind_dc)频率超限(500次/分钟)，具体频次详情：https://tushare.pro/document/1?doc_id=108。
2026-08-01 19:12:59,091 [ERROR] fetch_moneyflow_dc.py:170 获取 20260420~20260420 板块资金流向失败: 抱歉，您访问接口(moneyflow_ind_dc)频率超限(500次/分钟)，具体频次详情：https://tushare.pro/document/1?doc_id=108。
2026-08-01 19:12:59,092 [ERROR] fetch_moneyflow_dc.py:378 20260420 处理失败: 抱歉，您访问接口(moneyflow_ind_dc)频率超限(500次/分钟)，具体频次详情：https://tushare.pro/document/1?doc_id=108。
2026-08-01 19:12:59,098 [ERROR] fetch_moneyflow_dc.py:170 获取 20260421~20260421 板块资金流向失败: 抱歉，您访问接口(moneyflow_ind_dc)频率超限(500次/分钟)，具体频次详情：https://tushare.pro/document/1?doc_id=108。
2026-08-01 19:12:59,098 [ERROR] fetch_moneyflow_dc.py:378 20260421 处理失败: 抱歉，您访问接口(moneyflow_ind_dc)频率超限(500次/分钟)，具体频次详情：https://tushare.pro/document/1?doc_id=108。
2026-08-01 19:12:59,140 [ERROR] fetch_moneyflow_dc.py:170 获取 20260422~20260422 板块资金流向失败: 抱歉，您访问接口(moneyflow_ind_dc)频率超限(500次/分钟)，具体频次详情：https://tushare.pro/document/1?doc_id=108。
2026-08-01 19:12:59,140 [ERROR] fetch_moneyflow_dc.py:378 20260422 处理失败: 抱歉，您访问接口(moneyflow_ind_dc)频率超限(500次/分钟)，具体频次详情：https://tushare.pro/document/1?doc_id=108。
2026-08-01 19:12:59,144 [ERROR] fetch_moneyflow_dc.py:170 获取 20260423~20260423 板块资金流向失败: 抱歉，您访问接口(moneyflow_ind_dc)频率超限(500次/分钟)，具体频次详情：https://tushare.pro/document/1?doc_id=108。
2026-08-01 19:12:59,144 [ERROR] fetch_moneyflow_dc.py:378 20260423 处理失败: 抱歉，您访问接口(moneyflow_ind_dc)频率超限(500次/分钟)，具体频次详情：https://tushare.pro/document/1?doc_id=108。
2026-08-01 19:12:59,187 [ERROR] fetch_moneyflow_dc.py:170 获取 20260424~20260424 板块资金流向失败: 抱歉，您访问接口(moneyflow_ind_dc)频率超限(500次/分钟)，具体频次详情：https://tushare.pro/document/1?doc_id=108。
2026-08-01 19:12:59,187 [ERROR] fetch_moneyflow_dc.py:378 20260424 处理失败: 抱歉，您访问接口(moneyflow_ind_dc)频率超限(500次/分钟)，具体频次详情：https://tushare.pro/document/1?doc_id=108。
2026-08-01 19:12:59,194 [ERROR] fetch_moneyflow_dc.py:170 获取 20260425~20260425 板块资金流向失败: 抱歉，您访问接口(moneyflow_ind_dc)频率超限(500次/分钟)，具体频次详情：https://tushare.pro/document/1?doc_id=108。
2026-08-01 19:12:59,195 [ERROR] fetch_moneyflow_dc.py:378 20260425 处理失败: 抱歉，您访问接口(moneyflow_ind_dc)频率超限(500次/分钟)，具体频次详情：https://tushare.pro/document/1?doc_id=108。
2026-08-01 19:12:59,236 [ERROR] fetch_moneyflow_dc.py:170 获取 20260426~20260426 板块资金流向失败: 抱歉，您访问接口(moneyflow_ind_dc)频率超限(500次/分钟)，具体频次详情：https://tushare.pro/document/1?doc_id=108。
2026-08-01 19:12:59,237 [ERROR] fetch_moneyflow_dc.py:378 20260426 处理失败: 抱歉，您访问接口(moneyflow_ind_dc)频率超限(500次/分钟)，具体频次详情：https://tushare.pro/document/1?doc_id=108。
2026-08-01 19:12:59,242 [ERROR] fetch_moneyflow_dc.py:170 获取 20260427~20260427 板块资金流向失败: 抱歉，您访问接口(moneyflow_ind_dc)频率超限(500次/分钟)，具体频次详情：https://tushare.pro/document/1?doc_id=108。
2026-08-01 19:12:59,242 [ERROR] fetch_moneyflow_dc.py:378 20260427 处理失败: 抱歉，您访问接口(moneyflow_ind_dc)频率超限(500次/分钟)，具体频次详情：https://tushare.pro/document/1?doc_id=108。
2026-08-01 19:12:59,285 [ERROR] fetch_moneyflow_dc.py:170 获取 20260428~20260428 板块资金流向失败: 抱歉，您访问接口(moneyflow_ind_dc)频率超限(500次/分钟)，具体频次详情：https://tushare.pro/document/1?doc_id=108。
2026-08-01 19:12:59,285 [ERROR] fetch_moneyflow_dc.py:378 20260428 处理失败: 抱歉，您访问接口(moneyflow_ind_dc)频率超限(500次/分钟)，具体频次详情：https://tushare.pro/document/1?doc_id=108。
2026-08-01 19:12:59,299 [ERROR] fetch_moneyflow_dc.py:170 获取 20260429~20260429 板块资金流向失败: 抱歉，您访问接口(moneyflow_ind_dc)频率超限(500次/分钟)，具体频次详情：https://tushare.pro/document/1?doc_id=108。
2026-08-01 19:12:59,300 [ERROR] fetch_moneyflow_dc.py:378 20260429 处理失败: 抱歉，您访问接口(moneyflow_ind_dc)频率超限(500次/分钟)，具体频次详情：https://tushare.pro/document/1?doc_id=108。
2026-08-01 19:12:59,336 [ERROR] fetch_moneyflow_dc.py:170 获取 20260430~20260430 板块资金流向失败: 抱歉，您访问接口(moneyflow_ind_dc)频率超限(500次/分钟)，具体频次详情：https://tushare.pro/document/1?doc_id=108。
2026-08-01 19:12:59,336 [ERROR] fetch_moneyflow_dc.py:378 20260430 处理失败: 抱歉，您访问接口(moneyflow_ind_dc)频率超限(500次/分钟)，具体频次详情：https://tushare.pro/document/1?doc_id=108。
2026-08-01 19:12:59,367 [ERROR] fetch_moneyflow_dc.py:170 获取 20260501~20260501 板块资金流向失败: 抱歉，您访问接口(moneyflow_ind_dc)频率超限(500次/分钟)，具体频次详情：https://tushare.pro/document/1?doc_id=108。
2026-08-01 19:12:59,367 [ERROR] fetch_moneyflow_dc.py:378 20260501 处理失败: 抱歉，您访问接口(moneyflow_ind_dc)频率超限(500次/分钟)，具体频次详情：https://tushare.pro/document/1?doc_id=108。
2026-08-01 19:12:59,385 [ERROR] fetch_moneyflow_dc.py:170 获取 20260502~20260502 板块资金流向失败: 抱歉，您访问接口(moneyflow_ind_dc)频率超限(500次/分钟)，具体频次详情：https://tushare.pro/document/1?doc_id=108。
2026-08-01 19:12:59,385 [ERROR] fetch_moneyflow_dc.py:378 20260502 处理失败: 抱歉，您访问接口(moneyflow_ind_dc)频率超限(500次/分钟)，具体频次详情：https://tushare.pro/document/1?doc_id=108。
2026-08-01 19:12:59,418 [ERROR] fetch_moneyflow_dc.py:170 获取 20260503~20260503 板块资金流向失败: 抱歉，您访问接口(moneyflow_ind_dc)频率超限(500次/分钟)，具体频次详情：https://tushare.pro/document/1?doc_id=108。
2026-08-01 19:12:59,419 [ERROR] fetch_moneyflow_dc.py:378 20260503 处理失败: 抱歉，您访问接口(moneyflow_ind_dc)频率超限(500次/分钟)，具体频次详情：https://tushare.pro/document/1?doc_id=108。
2026-08-01 19:12:59,431 [ERROR] fetch_moneyflow_dc.py:170 获取 20260504~20260504 板块资金流向失败: 抱歉，您访问接口(moneyflow_ind_dc)频率超限(500次/分钟)，具体频次详情：https://tushare.pro/document/1?doc_id=108。
2026-08-01 19:12:59,432 [ERROR] fetch_moneyflow_dc.py:378 20260504 处理失败: 抱歉，您访问接口(moneyflow_ind_dc)频率超限(500次/分钟)，具体频次详情：https://tushare.pro/document/1?doc_id=108。
2026-08-01 19:12:59,469 [ERROR] fetch_moneyflow_dc.py:170 获取 20260505~20260505 板块资金流向失败: 抱歉，您访问接口(moneyflow_ind_dc)频率超限(500次/分钟)，具体频次详情：https://tushare.pro/document/1?doc_id=108。
2026-08-01 19:12:59,470 [ERROR] fetch_moneyflow_dc.py:378 20260505 处理失败: 抱歉，您访问接口(moneyflow_ind_dc)频率超限(500次/分钟)，具体频次详情：https://tushare.pro/document/1?doc_id=108。
2026-08-01 19:12:59,478 [ERROR] fetch_moneyflow_dc.py:170 获取 20260506~20260506 板块资金流向失败: 抱歉，您访问接口(moneyflow_ind_dc)频率超限(500次/分钟)，具体频次详情：https://tushare.pro/document/1?doc_id=108。
2026-08-01 19:12:59,479 [ERROR] fetch_moneyflow_dc.py:378 20260506 处理失败: 抱歉，您访问接口(moneyflow_ind_dc)频率超限(500次/分钟)，具体频次详情：https://tushare.pro/document/1?doc_id=108。
2026-08-01 19:12:59,519 [ERROR] fetch_moneyflow_dc.py:170 获取 20260507~20260507 板块资金流向失败: 抱歉，您访问接口(moneyflow_ind_dc)频率超限(500次/分钟)，具体频次详情：https://tushare.pro/document/1?doc_id=108。
2026-08-01 19:12:59,519 [ERROR] fetch_moneyflow_dc.py:378 20260507 处理失败: 抱歉，您访问接口(moneyflow_ind_dc)频率超限(500次/分钟)，具体频次详情：https://tushare.pro/document/1?doc_id=108。
2026-08-01 19:12:59,532 [ERROR] fetch_moneyflow_dc.py:170 获取 20260508~20260508 板块资金流向失败: 抱歉，您访问接口(moneyflow_ind_dc)频率超限(500次/分钟)，具体频次详情：https://tushare.pro/document/1?doc_id=108。
2026-08-01 19:12:59,532 [ERROR] fetch_moneyflow_dc.py:378 20260508 处理失败: 抱歉，您访问接口(moneyflow_ind_dc)频率超限(500次/分钟)，具体频次详情：https://tushare.pro/document/1?doc_id=108。
2026-08-01 19:12:59,565 [ERROR] fetch_moneyflow_dc.py:170 获取 20260509~20260509 板块资金流向失败: 抱歉，您访问接口(moneyflow_ind_dc)频率超限(500次/分钟)，具体频次详情：https://tushare.pro/document/1?doc_id=108。
2026-08-01 19:12:59,565 [ERROR] fetch_moneyflow_dc.py:378 20260509 处理失败: 抱歉，您访问接口(moneyflow_ind_dc)频率超限(500次/分钟)，具体频次详情：https://tushare.pro/document/1?doc_id=108。
2026-08-01 19:12:59,581 [ERROR] fetch_moneyflow_dc.py:170 获取 20260510~20260510 板块资金流向失败: 抱歉，您访问接口(moneyflow_ind_dc)频率超限(500次/分钟)，具体频次详情：https://tushare.pro/document/1?doc_id=108。
2026-08-01 19:12:59,582 [ERROR] fetch_moneyflow_dc.py:378 20260510 处理失败: 抱歉，您访问接口(moneyflow_ind_dc)频率超限(500次/分钟)，具体频次详情：https://tushare.pro/document/1?doc_id=108。
2026-08-01 19:12:59,612 [ERROR] fetch_moneyflow_dc.py:170 获取 20260511~20260511 板块资金流向失败: 抱歉，您访问接口(moneyflow_ind_dc)频率超限(500次/分钟)，具体频次详情：https://tushare.pro/document/1?doc_id=108。
2026-08-01 19:12:59,612 [ERROR] fetch_moneyflow_dc.py:378 20260511 处理失败: 抱歉，您访问接口(moneyflow_ind_dc)频率超限(500次/分钟)，具体频次详情：https://tushare.pro/document/1?doc_id=108。
2026-08-01 19:12:59,628 [ERROR] fetch_moneyflow_dc.py:170 获取 20260512~20260512 板块资金流向失败: 抱歉，您访问接口(moneyflow_ind_dc)频率超限(500次/分钟)，具体频次详情：https://tushare.pro/document/1?doc_id=108。
2026-08-01 19:12:59,629 [ERROR] fetch_moneyflow_dc.py:378 20260512 处理失败: 抱歉，您访问接口(moneyflow_ind_dc)频率超限(500次/分钟)，具体频次详情：https://tushare.pro/document/1?doc_id=108。
2026-08-01 19:12:59,657 [ERROR] fetch_moneyflow_dc.py:170 获取 20260513~20260513 板块资金流向失败: 抱歉，您访问接口(moneyflow_ind_dc)频率超限(500次/分钟)，具体频次详情：https://tushare.pro/document/1?doc_id=108。
2026-08-01 19:12:59,657 [ERROR] fetch_moneyflow_dc.py:378 20260513 处理失败: 抱歉，您访问接口(moneyflow_ind_dc)频率超限(500次/分钟)，具体频次详情：https://tushare.pro/document/1?doc_id=108。
2026-08-01 19:12:59,675 [ERROR] fetch_moneyflow_dc.py:170 获取 20260514~20260514 板块资金流向失败: 抱歉，您访问接口(moneyflow_ind_dc)频率超限(500次/分钟)，具体频次详情：https://tushare.pro/document/1?doc_id=108。
2026-08-01 19:12:59,676 [ERROR] fetch_moneyflow_dc.py:378 20260514 处理失败: 抱歉，您访问接口(moneyflow_ind_dc)频率超限(500次/分钟)，具体频次详情：https://tushare.pro/document/1?doc_id=108。
2026-08-01 19:12:59,703 [ERROR] fetch_moneyflow_dc.py:170 获取 20260515~20260515 板块资金流向失败: 抱歉，您访问接口(moneyflow_ind_dc)频率超限(500次/分钟)，具体频次详情：https://tushare.pro/document/1?doc_id=108。
2026-08-01 19:12:59,704 [ERROR] fetch_moneyflow_dc.py:378 20260515 处理失败: 抱歉，您访问接口(moneyflow_ind_dc)频率超限(500次/分钟)，具体频次详情：https://tushare.pro/document/1?doc_id=108。
2026-08-01 19:12:59,724 [ERROR] fetch_moneyflow_dc.py:170 获取 20260516~20260516 板块资金流向失败: 抱歉，您访问接口(moneyflow_ind_dc)频率超限(500次/分钟)，具体频次详情：https://tushare.pro/document/1?doc_id=108。
2026-08-01 19:12:59,725 [ERROR] fetch_moneyflow_dc.py:378 20260516 处理失败: 抱歉，您访问接口(moneyflow_ind_dc)频率超限(500次/分钟)，具体频次详情：https://tushare.pro/document/1?doc_id=108。
2026-08-01 19:12:59,769 [ERROR] fetch_moneyflow_dc.py:170 获取 20260517~20260517 板块资金流向失败: 抱歉，您访问接口(moneyflow_ind_dc)频率超限(500次/分钟)，具体频次详情：https://tushare.pro/document/1?doc_id=108。
2026-08-01 19:12:59,769 [ERROR] fetch_moneyflow_dc.py:378 20260517 处理失败: 抱歉，您访问接口(moneyflow_ind_dc)频率超限(500次/分钟)，具体频次详情：https://tushare.pro/document/1?doc_id=108。
2026-08-01 19:12:59,771 [ERROR] fetch_moneyflow_dc.py:170 获取 20260518~20260518 板块资金流向失败: 抱歉，您访问接口(moneyflow_ind_dc)频率超限(500次/分钟)，具体频次详情：https://tushare.pro/document/1?doc_id=108。
2026-08-01 19:12:59,772 [ERROR] fetch_moneyflow_dc.py:378 20260518 处理失败: 抱歉，您访问接口(moneyflow_ind_dc)频率超限(500次/分钟)，具体频次详情：https://tushare.pro/document/1?doc_id=108。
2026-08-01 19:12:59,819 [ERROR] fetch_moneyflow_dc.py:170 获取 20260520~20260520 板块资金流向失败: 抱歉，您访问接口(moneyflow_ind_dc)频率超限(500次/分钟)，具体频次详情：https://tushare.pro/document/1?doc_id=108。
2026-08-01 19:12:59,819 [ERROR] fetch_moneyflow_dc.py:378 20260520 处理失败: 抱歉，您访问接口(moneyflow_ind_dc)频率超限(500次/分钟)，具体频次详情：https://tushare.pro/document/1?doc_id=108。
2026-08-01 19:12:59,821 [ERROR] fetch_moneyflow_dc.py:170 获取 20260519~20260519 板块资金流向失败: 抱歉，您访问接口(moneyflow_ind_dc)频率超限(500次/分钟)，具体频次详情：https://tushare.pro/document/1?doc_id=108。
2026-08-01 19:12:59,821 [ERROR] fetch_moneyflow_dc.py:378 20260519 处理失败: 抱歉，您访问接口(moneyflow_ind_dc)频率超限(500次/分钟)，具体频次详情：https://tushare.pro/document/1?doc_id=108。
2026-08-01 19:12:59,871 [ERROR] fetch_moneyflow_dc.py:170 获取 20260522~20260522 板块资金流向失败: 抱歉，您访问接口(moneyflow_ind_dc)频率超限(500次/分钟)，具体频次详情：https://tushare.pro/document/1?doc_id=108。
2026-08-01 19:12:59,872 [ERROR] fetch_moneyflow_dc.py:378 20260522 处理失败: 抱歉，您访问接口(moneyflow_ind_dc)频率超限(500次/分钟)，具体频次详情：https://tushare.pro/document/1?doc_id=108。
2026-08-01 19:12:59,873 [ERROR] fetch_moneyflow_dc.py:170 获取 20260521~20260521 板块资金流向失败: 抱歉，您访问接口(moneyflow_ind_dc)频率超限(500次/分钟)，具体频次详情：https://tushare.pro/document/1?doc_id=108。
2026-08-01 19:12:59,874 [ERROR] fetch_moneyflow_dc.py:378 20260521 处理失败: 抱歉，您访问接口(moneyflow_ind_dc)频率超限(500次/分钟)，具体频次详情：https://tushare.pro/document/1?doc_id=108。
2026-08-01 19:12:59,917 [ERROR] fetch_moneyflow_dc.py:170 获取 20260524~20260524 板块资金流向失败: 抱歉，您访问接口(moneyflow_ind_dc)频率超限(500次/分钟)，具体频次详情：https://tushare.pro/document/1?doc_id=108。
2026-08-01 19:12:59,918 [ERROR] fetch_moneyflow_dc.py:378 20260524 处理失败: 抱歉，您访问接口(moneyflow_ind_dc)频率超限(500次/分钟)，具体频次详情：https://tushare.pro/document/1?doc_id=108。
2026-08-01 19:12:59,922 [ERROR] fetch_moneyflow_dc.py:170 获取 20260523~20260523 板块资金流向失败: 抱歉，您访问接口(moneyflow_ind_dc)频率超限(500次/分钟)，具体频次详情：https://tushare.pro/document/1?doc_id=108。
2026-08-01 19:12:59,922 [ERROR] fetch_moneyflow_dc.py:378 20260523 处理失败: 抱歉，您访问接口(moneyflow_ind_dc)频率超限(500次/分钟)，具体频次详情：https://tushare.pro/document/1?doc_id=108。
2026-08-01 19:12:59,965 [ERROR] fetch_moneyflow_dc.py:170 获取 20260525~20260525 板块资金流向失败: 抱歉，您访问接口(moneyflow_ind_dc)频率超限(500次/分钟)，具体频次详情：https://tushare.pro/document/1?doc_id=108。
2026-08-01 19:12:59,965 [ERROR] fetch_moneyflow_dc.py:378 20260525 处理失败: 抱歉，您访问接口(moneyflow_ind_dc)频率超限(500次/分钟)，具体频次详情：https://tushare.pro/document/1?doc_id=108。
2026-08-01 19:12:59,974 [ERROR] fetch_moneyflow_dc.py:170 获取 20260526~20260526 板块资金流向失败: 抱歉，您访问接口(moneyflow_ind_dc)频率超限(500次/分钟)，具体频次详情：https://tushare.pro/document/1?doc_id=108。
2026-08-01 19:12:59,975 [ERROR] fetch_moneyflow_dc.py:378 20260526 处理失败: 抱歉，您访问接口(moneyflow_ind_dc)频率超限(500次/分钟)，具体频次详情：https://tushare.pro/document/1?doc_id=108。
2026-08-01 19:13:00,015 [ERROR] fetch_moneyflow_dc.py:170 获取 20260527~20260527 板块资金流向失败: 抱歉，您访问接口(moneyflow_ind_dc)频率超限(500次/分钟)，具体频次详情：https://tushare.pro/document/1?doc_id=108。
2026-08-01 19:13:00,015 [ERROR] fetch_moneyflow_dc.py:378 20260527 处理失败: 抱歉，您访问接口(moneyflow_ind_dc)频率超限(500次/分钟)，具体频次详情：https://tushare.pro/document/1?doc_id=108。
2026-08-01 19:13:00,024 [ERROR] fetch_moneyflow_dc.py:170 获取 20260528~20260528 板块资金流向失败: 抱歉，您访问接口(moneyflow_ind_dc)频率超限(500次/分钟)，具体频次详情：https://tushare.pro/document/1?doc_id=108。
2026-08-01 19:13:00,025 [ERROR] fetch_moneyflow_dc.py:378 20260528 处理失败: 抱歉，您访问接口(moneyflow_ind_dc)频率超限(500次/分钟)，具体频次详情：https://tushare.pro/document/1?doc_id=108。
2026-08-01 19:13:00,064 [ERROR] fetch_moneyflow_dc.py:170 获取 20260529~20260529 板块资金流向失败: 抱歉，您访问接口(moneyflow_ind_dc)频率超限(500次/分钟)，具体频次详情：https://tushare.pro/document/1?doc_id=108。
2026-08-01 19:13:00,065 [ERROR] fetch_moneyflow_dc.py:378 20260529 处理失败: 抱歉，您访问接口(moneyflow_ind_dc)频率超限(500次/分钟)，具体频次详情：https://tushare.pro/document/1?doc_id=108。
2026-08-01 19:13:00,073 [ERROR] fetch_moneyflow_dc.py:170 获取 20260530~20260530 板块资金流向失败: 抱歉，您访问接口(moneyflow_ind_dc)频率超限(500次/分钟)，具体频次详情：https://tushare.pro/document/1?doc_id=108。
2026-08-01 19:13:00,073 [ERROR] fetch_moneyflow_dc.py:378 20260530 处理失败: 抱歉，您访问接口(moneyflow_ind_dc)频率超限(500次/分钟)，具体频次详情：https://tushare.pro/document/1?doc_id=108。
2026-08-01 19:13:00,109 [ERROR] fetch_moneyflow_dc.py:170 获取 20260531~20260531 板块资金流向失败: 抱歉，您访问接口(moneyflow_ind_dc)频率超限(500次/分钟)，具体频次详情：https://tushare.pro/document/1?doc_id=108。
2026-08-01 19:13:00,110 [ERROR] fetch_moneyflow_dc.py:378 20260531 处理失败: 抱歉，您访问接口(moneyflow_ind_dc)频率超限(500次/分钟)，具体频次详情：https://tushare.pro/document/1?doc_id=108。
2026-08-01 19:13:00,118 [ERROR] fetch_moneyflow_dc.py:170 获取 20260601~20260601 板块资金流向失败: 抱歉，您访问接口(moneyflow_ind_dc)频率超限(500次/分钟)，具体频次详情：https://tushare.pro/document/1?doc_id=108。
2026-08-01 19:13:00,119 [ERROR] fetch_moneyflow_dc.py:378 20260601 处理失败: 抱歉，您访问接口(moneyflow_ind_dc)频率超限(500次/分钟)，具体频次详情：https://tushare.pro/document/1?doc_id=108。
2026-08-01 19:13:00,160 [ERROR] fetch_moneyflow_dc.py:170 获取 20260602~20260602 板块资金流向失败: 抱歉，您访问接口(moneyflow_ind_dc)频率超限(500次/分钟)，具体频次详情：https://tushare.pro/document/1?doc_id=108。
2026-08-01 19:13:00,161 [ERROR] fetch_moneyflow_dc.py:378 20260602 处理失败: 抱歉，您访问接口(moneyflow_ind_dc)频率超限(500次/分钟)，具体频次详情：https://tushare.pro/document/1?doc_id=108。
2026-08-01 19:13:00,167 [ERROR] fetch_moneyflow_dc.py:170 获取 20260603~20260603 板块资金流向失败: 抱歉，您访问接口(moneyflow_ind_dc)频率超限(500次/分钟)，具体频次详情：https://tushare.pro/document/1?doc_id=108。
2026-08-01 19:13:00,167 [ERROR] fetch_moneyflow_dc.py:378 20260603 处理失败: 抱歉，您访问接口(moneyflow_ind_dc)频率超限(500次/分钟)，具体频次详情：https://tushare.pro/document/1?doc_id=108。
2026-08-01 19:13:00,212 [ERROR] fetch_moneyflow_dc.py:170 获取 20260604~20260604 板块资金流向失败: 抱歉，您访问接口(moneyflow_ind_dc)频率超限(500次/分钟)，具体频次详情：https://tushare.pro/document/1?doc_id=108。
2026-08-01 19:13:00,213 [ERROR] fetch_moneyflow_dc.py:378 20260604 处理失败: 抱歉，您访问接口(moneyflow_ind_dc)频率超限(500次/分钟)，具体频次详情：https://tushare.pro/document/1?doc_id=108。
2026-08-01 19:13:00,235 [ERROR] fetch_moneyflow_dc.py:170 获取 20260605~20260605 板块资金流向失败: 抱歉，您访问接口(moneyflow_ind_dc)频率超限(500次/分钟)，具体频次详情：https://tushare.pro/document/1?doc_id=108。
2026-08-01 19:13:00,236 [ERROR] fetch_moneyflow_dc.py:378 20260605 处理失败: 抱歉，您访问接口(moneyflow_ind_dc)频率超限(500次/分钟)，具体频次详情：https://tushare.pro/document/1?doc_id=108。
2026-08-01 19:13:00,260 [ERROR] fetch_moneyflow_dc.py:170 获取 20260606~20260606 板块资金流向失败: 抱歉，您访问接口(moneyflow_ind_dc)频率超限(500次/分钟)，具体频次详情：https://tushare.pro/document/1?doc_id=108。
2026-08-01 19:13:00,261 [ERROR] fetch_moneyflow_dc.py:378 20260606 处理失败: 抱歉，您访问接口(moneyflow_ind_dc)频率超限(500次/分钟)，具体频次详情：https://tushare.pro/document/1?doc_id=108。
2026-08-01 19:13:00,287 [ERROR] fetch_moneyflow_dc.py:170 获取 20260607~20260607 板块资金流向失败: 抱歉，您访问接口(moneyflow_ind_dc)频率超限(500次/分钟)，具体频次详情：https://tushare.pro/document/1?doc_id=108。
2026-08-01 19:13:00,287 [ERROR] fetch_moneyflow_dc.py:378 20260607 处理失败: 抱歉，您访问接口(moneyflow_ind_dc)频率超限(500次/分钟)，具体频次详情：https://tushare.pro/document/1?doc_id=108。
2026-08-01 19:13:00,314 [ERROR] fetch_moneyflow_dc.py:170 获取 20260608~20260608 板块资金流向失败: 抱歉，您访问接口(moneyflow_ind_dc)频率超限(500次/分钟)，具体频次详情：https://tushare.pro/document/1?doc_id=108。
2026-08-01 19:13:00,315 [ERROR] fetch_moneyflow_dc.py:378 20260608 处理失败: 抱歉，您访问接口(moneyflow_ind_dc)频率超限(500次/分钟)，具体频次详情：https://tushare.pro/document/1?doc_id=108。
2026-08-01 19:13:00,336 [ERROR] fetch_moneyflow_dc.py:170 获取 20260609~20260609 板块资金流向失败: 抱歉，您访问接口(moneyflow_ind_dc)频率超限(500次/分钟)，具体频次详情：https://tushare.pro/document/1?doc_id=108。
2026-08-01 19:13:00,337 [ERROR] fetch_moneyflow_dc.py:378 20260609 处理失败: 抱歉，您访问接口(moneyflow_ind_dc)频率超限(500次/分钟)，具体频次详情：https://tushare.pro/document/1?doc_id=108。
2026-08-01 19:13:00,358 [ERROR] fetch_moneyflow_dc.py:170 获取 20260610~20260610 板块资金流向失败: 抱歉，您访问接口(moneyflow_ind_dc)频率超限(500次/分钟)，具体频次详情：https://tushare.pro/document/1?doc_id=108。
2026-08-01 19:13:00,358 [ERROR] fetch_moneyflow_dc.py:378 20260610 处理失败: 抱歉，您访问接口(moneyflow_ind_dc)频率超限(500次/分钟)，具体频次详情：https://tushare.pro/document/1?doc_id=108。
2026-08-01 19:13:00,391 [ERROR] fetch_moneyflow_dc.py:170 获取 20260611~20260611 板块资金流向失败: 抱歉，您访问接口(moneyflow_ind_dc)频率超限(500次/分钟)，具体频次详情：https://tushare.pro/document/1?doc_id=108。
2026-08-01 19:13:00,391 [ERROR] fetch_moneyflow_dc.py:378 20260611 处理失败: 抱歉，您访问接口(moneyflow_ind_dc)频率超限(500次/分钟)，具体频次详情：https://tushare.pro/document/1?doc_id=108。
2026-08-01 19:13:00,406 [ERROR] fetch_moneyflow_dc.py:170 获取 20260612~20260612 板块资金流向失败: 抱歉，您访问接口(moneyflow_ind_dc)频率超限(500次/分钟)，具体频次详情：https://tushare.pro/document/1?doc_id=108。
2026-08-01 19:13:00,406 [ERROR] fetch_moneyflow_dc.py:378 20260612 处理失败: 抱歉，您访问接口(moneyflow_ind_dc)频率超限(500次/分钟)，具体频次详情：https://tushare.pro/document/1?doc_id=108。
2026-08-01 19:13:00,439 [ERROR] fetch_moneyflow_dc.py:170 获取 20260613~20260613 板块资金流向失败: 抱歉，您访问接口(moneyflow_ind_dc)频率超限(500次/分钟)，具体频次详情：https://tushare.pro/document/1?doc_id=108。
2026-08-01 19:13:00,439 [ERROR] fetch_moneyflow_dc.py:378 20260613 处理失败: 抱歉，您访问接口(moneyflow_ind_dc)频率超限(500次/分钟)，具体频次详情：https://tushare.pro/document/1?doc_id=108。
2026-08-01 19:13:00,454 [ERROR] fetch_moneyflow_dc.py:170 获取 20260614~20260614 板块资金流向失败: 抱歉，您访问接口(moneyflow_ind_dc)频率超限(500次/分钟)，具体频次详情：https://tushare.pro/document/1?doc_id=108。
2026-08-01 19:13:00,455 [ERROR] fetch_moneyflow_dc.py:378 20260614 处理失败: 抱歉，您访问接口(moneyflow_ind_dc)频率超限(500次/分钟)，具体频次详情：https://tushare.pro/document/1?doc_id=108。
2026-08-01 19:13:00,487 [ERROR] fetch_moneyflow_dc.py:170 获取 20260615~20260615 板块资金流向失败: 抱歉，您访问接口(moneyflow_ind_dc)频率超限(500次/分钟)，具体频次详情：https://tushare.pro/document/1?doc_id=108。
2026-08-01 19:13:00,487 [ERROR] fetch_moneyflow_dc.py:378 20260615 处理失败: 抱歉，您访问接口(moneyflow_ind_dc)频率超限(500次/分钟)，具体频次详情：https://tushare.pro/document/1?doc_id=108。
2026-08-01 19:13:00,504 [ERROR] fetch_moneyflow_dc.py:170 获取 20260616~20260616 板块资金流向失败: 抱歉，您访问接口(moneyflow_ind_dc)频率超限(500次/分钟)，具体频次详情：https://tushare.pro/document/1?doc_id=108。
2026-08-01 19:13:00,504 [ERROR] fetch_moneyflow_dc.py:378 20260616 处理失败: 抱歉，您访问接口(moneyflow_ind_dc)频率超限(500次/分钟)，具体频次详情：https://tushare.pro/document/1?doc_id=108。
2026-08-01 19:13:00,536 [ERROR] fetch_moneyflow_dc.py:170 获取 20260617~20260617 板块资金流向失败: 抱歉，您访问接口(moneyflow_ind_dc)频率超限(500次/分钟)，具体频次详情：https://tushare.pro/document/1?doc_id=108。
2026-08-01 19:13:00,536 [ERROR] fetch_moneyflow_dc.py:378 20260617 处理失败: 抱歉，您访问接口(moneyflow_ind_dc)频率超限(500次/分钟)，具体频次详情：https://tushare.pro/document/1?doc_id=108。
2026-08-01 19:13:00,558 [ERROR] fetch_moneyflow_dc.py:170 获取 20260618~20260618 板块资金流向失败: 抱歉，您访问接口(moneyflow_ind_dc)频率超限(500次/分钟)，具体频次详情：https://tushare.pro/document/1?doc_id=108。
2026-08-01 19:13:00,558 [ERROR] fetch_moneyflow_dc.py:378 20260618 处理失败: 抱歉，您访问接口(moneyflow_ind_dc)频率超限(500次/分钟)，具体频次详情：https://tushare.pro/document/1?doc_id=108。
2026-08-01 19:13:00,587 [ERROR] fetch_moneyflow_dc.py:170 获取 20260619~20260619 板块资金流向失败: 抱歉，您访问接口(moneyflow_ind_dc)频率超限(500次/分钟)，具体频次详情：https://tushare.pro/document/1?doc_id=108。
2026-08-01 19:13:00,587 [ERROR] fetch_moneyflow_dc.py:378 20260619 处理失败: 抱歉，您访问接口(moneyflow_ind_dc)频率超限(500次/分钟)，具体频次详情：https://tushare.pro/document/1?doc_id=108。
2026-08-01 19:13:00,613 [ERROR] fetch_moneyflow_dc.py:170 获取 20260620~20260620 板块资金流向失败: 抱歉，您访问接口(moneyflow_ind_dc)频率超限(500次/分钟)，具体频次详情：https://tushare.pro/document/1?doc_id=108。
2026-08-01 19:13:00,613 [ERROR] fetch_moneyflow_dc.py:378 20260620 处理失败: 抱歉，您访问接口(moneyflow_ind_dc)频率超限(500次/分钟)，具体频次详情：https://tushare.pro/document/1?doc_id=108。
2026-08-01 19:13:00,637 [ERROR] fetch_moneyflow_dc.py:170 获取 20260621~20260621 板块资金流向失败: 抱歉，您访问接口(moneyflow_ind_dc)频率超限(500次/分钟)，具体频次详情：https://tushare.pro/document/1?doc_id=108。
2026-08-01 19:13:00,638 [ERROR] fetch_moneyflow_dc.py:378 20260621 处理失败: 抱歉，您访问接口(moneyflow_ind_dc)频率超限(500次/分钟)，具体频次详情：https://tushare.pro/document/1?doc_id=108。
2026-08-01 19:13:00,658 [ERROR] fetch_moneyflow_dc.py:170 获取 20260622~20260622 板块资金流向失败: 抱歉，您访问接口(moneyflow_ind_dc)频率超限(500次/分钟)，具体频次详情：https://tushare.pro/document/1?doc_id=108。
2026-08-01 19:13:00,658 [ERROR] fetch_moneyflow_dc.py:378 20260622 处理失败: 抱歉，您访问接口(moneyflow_ind_dc)频率超限(500次/分钟)，具体频次详情：https://tushare.pro/document/1?doc_id=108。
2026-08-01 19:13:00,685 [ERROR] fetch_moneyflow_dc.py:170 获取 20260623~20260623 板块资金流向失败: 抱歉，您访问接口(moneyflow_ind_dc)频率超限(500次/分钟)，具体频次详情：https://tushare.pro/document/1?doc_id=108。
2026-08-01 19:13:00,686 [ERROR] fetch_moneyflow_dc.py:378 20260623 处理失败: 抱歉，您访问接口(moneyflow_ind_dc)频率超限(500次/分钟)，具体频次详情：https://tushare.pro/document/1?doc_id=108。
2026-08-01 19:13:00,710 [ERROR] fetch_moneyflow_dc.py:170 获取 20260624~20260624 板块资金流向失败: 抱歉，您访问接口(moneyflow_ind_dc)频率超限(500次/分钟)，具体频次详情：https://tushare.pro/document/1?doc_id=108。
2026-08-01 19:13:00,710 [ERROR] fetch_moneyflow_dc.py:378 20260624 处理失败: 抱歉，您访问接口(moneyflow_ind_dc)频率超限(500次/分钟)，具体频次详情：https://tushare.pro/document/1?doc_id=108。
2026-08-01 19:13:00,735 [ERROR] fetch_moneyflow_dc.py:170 获取 20260625~20260625 板块资金流向失败: 抱歉，您访问接口(moneyflow_ind_dc)频率超限(500次/分钟)，具体频次详情：https://tushare.pro/document/1?doc_id=108。
2026-08-01 19:13:00,735 [ERROR] fetch_moneyflow_dc.py:378 20260625 处理失败: 抱歉，您访问接口(moneyflow_ind_dc)频率超限(500次/分钟)，具体频次详情：https://tushare.pro/document/1?doc_id=108。
2026-08-01 19:13:00,756 [ERROR] fetch_moneyflow_dc.py:170 获取 20260626~20260626 板块资金流向失败: 抱歉，您访问接口(moneyflow_ind_dc)频率超限(500次/分钟)，具体频次详情：https://tushare.pro/document/1?doc_id=108。
2026-08-01 19:13:00,757 [ERROR] fetch_moneyflow_dc.py:378 20260626 处理失败: 抱歉，您访问接口(moneyflow_ind_dc)频率超限(500次/分钟)，具体频次详情：https://tushare.pro/document/1?doc_id=108。
2026-08-01 19:13:00,779 [ERROR] fetch_moneyflow_dc.py:170 获取 20260627~20260627 板块资金流向失败: 抱歉，您访问接口(moneyflow_ind_dc)频率超限(500次/分钟)，具体频次详情：https://tushare.pro/document/1?doc_id=108。
2026-08-01 19:13:00,780 [ERROR] fetch_moneyflow_dc.py:378 20260627 处理失败: 抱歉，您访问接口(moneyflow_ind_dc)频率超限(500次/分钟)，具体频次详情：https://tushare.pro/document/1?doc_id=108。
2026-08-01 19:13:00,805 [ERROR] fetch_moneyflow_dc.py:170 获取 20260628~20260628 板块资金流向失败: 抱歉，您访问接口(moneyflow_ind_dc)频率超限(500次/分钟)，具体频次详情：https://tushare.pro/document/1?doc_id=108。
2026-08-01 19:13:00,805 [ERROR] fetch_moneyflow_dc.py:378 20260628 处理失败: 抱歉，您访问接口(moneyflow_ind_dc)频率超限(500次/分钟)，具体频次详情：https://tushare.pro/document/1?doc_id=108。
2026-08-01 19:13:00,829 [ERROR] fetch_moneyflow_dc.py:170 获取 20260629~20260629 板块资金流向失败: 抱歉，您访问接口(moneyflow_ind_dc)频率超限(500次/分钟)，具体频次详情：https://tushare.pro/document/1?doc_id=108。
2026-08-01 19:13:00,829 [ERROR] fetch_moneyflow_dc.py:378 20260629 处理失败: 抱歉，您访问接口(moneyflow_ind_dc)频率超限(500次/分钟)，具体频次详情：https://tushare.pro/document/1?doc_id=108。
2026-08-01 19:13:00,852 [ERROR] fetch_moneyflow_dc.py:170 获取 20260630~20260630 板块资金流向失败: 抱歉，您访问接口(moneyflow_ind_dc)频率超限(500次/分钟)，具体频次详情：https://tushare.pro/document/1?doc_id=108。
2026-08-01 19:13:00,853 [ERROR] fetch_moneyflow_dc.py:378 20260630 处理失败: 抱歉，您访问接口(moneyflow_ind_dc)频率超限(500次/分钟)，具体频次详情：https://tushare.pro/document/1?doc_id=108。
2026-08-01 19:13:00,887 [ERROR] fetch_moneyflow_dc.py:170 获取 20260701~20260701 板块资金流向失败: 抱歉，您访问接口(moneyflow_ind_dc)频率超限(500次/分钟)，具体频次详情：https://tushare.pro/document/1?doc_id=108。
2026-08-01 19:13:00,887 [ERROR] fetch_moneyflow_dc.py:378 20260701 处理失败: 抱歉，您访问接口(moneyflow_ind_dc)频率超限(500次/分钟)，具体频次详情：https://tushare.pro/document/1?doc_id=108。
2026-08-01 19:13:00,901 [ERROR] fetch_moneyflow_dc.py:170 获取 20260702~20260702 板块资金流向失败: 抱歉，您访问接口(moneyflow_ind_dc)频率超限(500次/分钟)，具体频次详情：https://tushare.pro/document/1?doc_id=108。
2026-08-01 19:13:00,902 [ERROR] fetch_moneyflow_dc.py:378 20260702 处理失败: 抱歉，您访问接口(moneyflow_ind_dc)频率超限(500次/分钟)，具体频次详情：https://tushare.pro/document/1?doc_id=108。
2026-08-01 19:13:00,933 [ERROR] fetch_moneyflow_dc.py:170 获取 20260703~20260703 板块资金流向失败: 抱歉，您访问接口(moneyflow_ind_dc)频率超限(500次/分钟)，具体频次详情：https://tushare.pro/document/1?doc_id=108。
2026-08-01 19:13:00,934 [ERROR] fetch_moneyflow_dc.py:378 20260703 处理失败: 抱歉，您访问接口(moneyflow_ind_dc)频率超限(500次/分钟)，具体频次详情：https://tushare.pro/document/1?doc_id=108。
2026-08-01 19:13:00,950 [ERROR] fetch_moneyflow_dc.py:170 获取 20260704~20260704 板块资金流向失败: 抱歉，您访问接口(moneyflow_ind_dc)频率超限(500次/分钟)，具体频次详情：https://tushare.pro/document/1?doc_id=108。
2026-08-01 19:13:00,951 [ERROR] fetch_moneyflow_dc.py:378 20260704 处理失败: 抱歉，您访问接口(moneyflow_ind_dc)频率超限(500次/分钟)，具体频次详情：https://tushare.pro/document/1?doc_id=108。
2026-08-01 19:13:00,983 [ERROR] fetch_moneyflow_dc.py:170 获取 20260705~20260705 板块资金流向失败: 抱歉，您访问接口(moneyflow_ind_dc)频率超限(500次/分钟)，具体频次详情：https://tushare.pro/document/1?doc_id=108。
2026-08-01 19:13:00,983 [ERROR] fetch_moneyflow_dc.py:378 20260705 处理失败: 抱歉，您访问接口(moneyflow_ind_dc)频率超限(500次/分钟)，具体频次详情：https://tushare.pro/document/1?doc_id=108。
2026-08-01 19:13:01,000 [ERROR] fetch_moneyflow_dc.py:170 获取 20260706~20260706 板块资金流向失败: 抱歉，您访问接口(moneyflow_ind_dc)频率超限(500次/分钟)，具体频次详情：https://tushare.pro/document/1?doc_id=108。
2026-08-01 19:13:01,000 [ERROR] fetch_moneyflow_dc.py:378 20260706 处理失败: 抱歉，您访问接口(moneyflow_ind_dc)频率超限(500次/分钟)，具体频次详情：https://tushare.pro/document/1?doc_id=108。
2026-08-01 19:13:01,030 [ERROR] fetch_moneyflow_dc.py:170 获取 20260707~20260707 板块资金流向失败: 抱歉，您访问接口(moneyflow_ind_dc)频率超限(500次/分钟)，具体频次详情：https://tushare.pro/document/1?doc_id=108。
2026-08-01 19:13:01,031 [ERROR] fetch_moneyflow_dc.py:378 20260707 处理失败: 抱歉，您访问接口(moneyflow_ind_dc)频率超限(500次/分钟)，具体频次详情：https://tushare.pro/document/1?doc_id=108。
2026-08-01 19:13:01,049 [ERROR] fetch_moneyflow_dc.py:170 获取 20260708~20260708 板块资金流向失败: 抱歉，您访问接口(moneyflow_ind_dc)频率超限(500次/分钟)，具体频次详情：https://tushare.pro/document/1?doc_id=108。
2026-08-01 19:13:01,049 [ERROR] fetch_moneyflow_dc.py:378 20260708 处理失败: 抱歉，您访问接口(moneyflow_ind_dc)频率超限(500次/分钟)，具体频次详情：https://tushare.pro/document/1?doc_id=108。
2026-08-01 19:13:01,082 [ERROR] fetch_moneyflow_dc.py:170 获取 20260709~20260709 板块资金流向失败: 抱歉，您访问接口(moneyflow_ind_dc)频率超限(500次/分钟)，具体频次详情：https://tushare.pro/document/1?doc_id=108。
2026-08-01 19:13:01,083 [ERROR] fetch_moneyflow_dc.py:378 20260709 处理失败: 抱歉，您访问接口(moneyflow_ind_dc)频率超限(500次/分钟)，具体频次详情：https://tushare.pro/document/1?doc_id=108。
2026-08-01 19:13:01,100 [ERROR] fetch_moneyflow_dc.py:170 获取 20260710~20260710 板块资金流向失败: 抱歉，您访问接口(moneyflow_ind_dc)频率超限(500次/分钟)，具体频次详情：https://tushare.pro/document/1?doc_id=108。
2026-08-01 19:13:01,100 [ERROR] fetch_moneyflow_dc.py:378 20260710 处理失败: 抱歉，您访问接口(moneyflow_ind_dc)频率超限(500次/分钟)，具体频次详情：https://tushare.pro/document/1?doc_id=108。
2026-08-01 19:13:01,136 [ERROR] fetch_moneyflow_dc.py:170 获取 20260711~20260711 板块资金流向失败: 抱歉，您访问接口(moneyflow_ind_dc)频率超限(500次/分钟)，具体频次详情：https://tushare.pro/document/1?doc_id=108。
2026-08-01 19:13:01,136 [ERROR] fetch_moneyflow_dc.py:378 20260711 处理失败: 抱歉，您访问接口(moneyflow_ind_dc)频率超限(500次/分钟)，具体频次详情：https://tushare.pro/document/1?doc_id=108。
2026-08-01 19:13:01,157 [ERROR] fetch_moneyflow_dc.py:170 获取 20260712~20260712 板块资金流向失败: 抱歉，您访问接口(moneyflow_ind_dc)频率超限(500次/分钟)，具体频次详情：https://tushare.pro/document/1?doc_id=108。
2026-08-01 19:13:01,157 [ERROR] fetch_moneyflow_dc.py:378 20260712 处理失败: 抱歉，您访问接口(moneyflow_ind_dc)频率超限(500次/分钟)，具体频次详情：https://tushare.pro/document/1?doc_id=108。
2026-08-01 19:13:01,188 [ERROR] fetch_moneyflow_dc.py:170 获取 20260713~20260713 板块资金流向失败: 抱歉，您访问接口(moneyflow_ind_dc)频率超限(500次/分钟)，具体频次详情：https://tushare.pro/document/1?doc_id=108。
2026-08-01 19:13:01,188 [ERROR] fetch_moneyflow_dc.py:378 20260713 处理失败: 抱歉，您访问接口(moneyflow_ind_dc)频率超限(500次/分钟)，具体频次详情：https://tushare.pro/document/1?doc_id=108。
2026-08-01 19:13:01,203 [ERROR] fetch_moneyflow_dc.py:170 获取 20260714~20260714 板块资金流向失败: 抱歉，您访问接口(moneyflow_ind_dc)频率超限(500次/分钟)，具体频次详情：https://tushare.pro/document/1?doc_id=108。
2026-08-01 19:13:01,203 [ERROR] fetch_moneyflow_dc.py:378 20260714 处理失败: 抱歉，您访问接口(moneyflow_ind_dc)频率超限(500次/分钟)，具体频次详情：https://tushare.pro/document/1?doc_id=108。
2026-08-01 19:13:01,233 [ERROR] fetch_moneyflow_dc.py:170 获取 20260715~20260715 板块资金流向失败: 抱歉，您访问接口(moneyflow_ind_dc)频率超限(500次/分钟)，具体频次详情：https://tushare.pro/document/1?doc_id=108。
2026-08-01 19:13:01,234 [ERROR] fetch_moneyflow_dc.py:378 20260715 处理失败: 抱歉，您访问接口(moneyflow_ind_dc)频率超限(500次/分钟)，具体频次详情：https://tushare.pro/document/1?doc_id=108。
2026-08-01 19:13:01,253 [ERROR] fetch_moneyflow_dc.py:170 获取 20260716~20260716 板块资金流向失败: 抱歉，您访问接口(moneyflow_ind_dc)频率超限(500次/分钟)，具体频次详情：https://tushare.pro/document/1?doc_id=108。
2026-08-01 19:13:01,254 [ERROR] fetch_moneyflow_dc.py:378 20260716 处理失败: 抱歉，您访问接口(moneyflow_ind_dc)频率超限(500次/分钟)，具体频次详情：https://tushare.pro/document/1?doc_id=108。
2026-08-01 19:13:01,303 [ERROR] fetch_moneyflow_dc.py:170 获取 20260718~20260718 板块资金流向失败: 抱歉，您访问接口(moneyflow_ind_dc)频率超限(500次/分钟)，具体频次详情：https://tushare.pro/document/1?doc_id=108。
2026-08-01 19:13:01,303 [ERROR] fetch_moneyflow_dc.py:378 20260718 处理失败: 抱歉，您访问接口(moneyflow_ind_dc)频率超限(500次/分钟)，具体频次详情：https://tushare.pro/document/1?doc_id=108。
2026-08-01 19:13:01,307 [ERROR] fetch_moneyflow_dc.py:170 获取 20260717~20260717 板块资金流向失败: 抱歉，您访问接口(moneyflow_ind_dc)频率超限(500次/分钟)，具体频次详情：https://tushare.pro/document/1?doc_id=108。
2026-08-01 19:13:01,307 [ERROR] fetch_moneyflow_dc.py:378 20260717 处理失败: 抱歉，您访问接口(moneyflow_ind_dc)频率超限(500次/分钟)，具体频次详情：https://tushare.pro/document/1?doc_id=108。
2026-08-01 19:13:01,352 [ERROR] fetch_moneyflow_dc.py:170 获取 20260719~20260719 板块资金流向失败: 抱歉，您访问接口(moneyflow_ind_dc)频率超限(500次/分钟)，具体频次详情：https://tushare.pro/document/1?doc_id=108。
2026-08-01 19:13:01,352 [ERROR] fetch_moneyflow_dc.py:378 20260719 处理失败: 抱歉，您访问接口(moneyflow_ind_dc)频率超限(500次/分钟)，具体频次详情：https://tushare.pro/document/1?doc_id=108。
2026-08-01 19:13:01,361 [ERROR] fetch_moneyflow_dc.py:170 获取 20260720~20260720 板块资金流向失败: 抱歉，您访问接口(moneyflow_ind_dc)频率超限(500次/分钟)，具体频次详情：https://tushare.pro/document/1?doc_id=108。
2026-08-01 19:13:01,362 [ERROR] fetch_moneyflow_dc.py:378 20260720 处理失败: 抱歉，您访问接口(moneyflow_ind_dc)频率超限(500次/分钟)，具体频次详情：https://tushare.pro/document/1?doc_id=108。
2026-08-01 19:13:01,403 [ERROR] fetch_moneyflow_dc.py:170 获取 20260721~20260721 板块资金流向失败: 抱歉，您访问接口(moneyflow_ind_dc)频率超限(500次/分钟)，具体频次详情：https://tushare.pro/document/1?doc_id=108。
2026-08-01 19:13:01,403 [ERROR] fetch_moneyflow_dc.py:378 20260721 处理失败: 抱歉，您访问接口(moneyflow_ind_dc)频率超限(500次/分钟)，具体频次详情：https://tushare.pro/document/1?doc_id=108。
2026-08-01 19:13:01,409 [ERROR] fetch_moneyflow_dc.py:170 获取 20260722~20260722 板块资金流向失败: 抱歉，您访问接口(moneyflow_ind_dc)频率超限(500次/分钟)，具体频次详情：https://tushare.pro/document/1?doc_id=108。
2026-08-01 19:13:01,410 [ERROR] fetch_moneyflow_dc.py:378 20260722 处理失败: 抱歉，您访问接口(moneyflow_ind_dc)频率超限(500次/分钟)，具体频次详情：https://tushare.pro/document/1?doc_id=108。
2026-08-01 19:13:01,459 [ERROR] fetch_moneyflow_dc.py:170 获取 20260723~20260723 板块资金流向失败: 抱歉，您访问接口(moneyflow_ind_dc)频率超限(500次/分钟)，具体频次详情：https://tushare.pro/document/1?doc_id=108。
2026-08-01 19:13:01,459 [ERROR] fetch_moneyflow_dc.py:378 20260723 处理失败: 抱歉，您访问接口(moneyflow_ind_dc)频率超限(500次/分钟)，具体频次详情：https://tushare.pro/document/1?doc_id=108。
2026-08-01 19:13:01,460 [ERROR] fetch_moneyflow_dc.py:170 获取 20260724~20260724 板块资金流向失败: 抱歉，您访问接口(moneyflow_ind_dc)频率超限(500次/分钟)，具体频次详情：https://tushare.pro/document/1?doc_id=108。
2026-08-01 19:13:01,460 [ERROR] fetch_moneyflow_dc.py:378 20260724 处理失败: 抱歉，您访问接口(moneyflow_ind_dc)频率超限(500次/分钟)，具体频次详情：https://tushare.pro/document/1?doc_id=108。
2026-08-01 19:13:01,505 [ERROR] fetch_moneyflow_dc.py:170 获取 20260725~20260725 板块资金流向失败: 抱歉，您访问接口(moneyflow_ind_dc)频率超限(500次/分钟)，具体频次详情：https://tushare.pro/document/1?doc_id=108。
2026-08-01 19:13:01,505 [ERROR] fetch_moneyflow_dc.py:378 20260725 处理失败: 抱歉，您访问接口(moneyflow_ind_dc)频率超限(500次/分钟)，具体频次详情：https://tushare.pro/document/1?doc_id=108。
2026-08-01 19:13:01,509 [ERROR] fetch_moneyflow_dc.py:170 获取 20260726~20260726 板块资金流向失败: 抱歉，您访问接口(moneyflow_ind_dc)频率超限(500次/分钟)，具体频次详情：https://tushare.pro/document/1?doc_id=108。
2026-08-01 19:13:01,509 [ERROR] fetch_moneyflow_dc.py:378 20260726 处理失败: 抱歉，您访问接口(moneyflow_ind_dc)频率超限(500次/分钟)，具体频次详情：https://tushare.pro/document/1?doc_id=108。
2026-08-01 19:13:01,554 [ERROR] fetch_moneyflow_dc.py:170 获取 20260727~20260727 板块资金流向失败: 抱歉，您访问接口(moneyflow_ind_dc)频率超限(500次/分钟)，具体频次详情：https://tushare.pro/document/1?doc_id=108。
2026-08-01 19:13:01,554 [ERROR] fetch_moneyflow_dc.py:378 20260727 处理失败: 抱歉，您访问接口(moneyflow_ind_dc)频率超限(500次/分钟)，具体频次详情：https://tushare.pro/document/1?doc_id=108。
2026-08-01 19:13:01,555 [ERROR] fetch_moneyflow_dc.py:170 获取 20260728~20260728 板块资金流向失败: 抱歉，您访问接口(moneyflow_ind_dc)频率超限(500次/分钟)，具体频次详情：https://tushare.pro/document/1?doc_id=108。
2026-08-01 19:13:01,556 [ERROR] fetch_moneyflow_dc.py:378 20260728 处理失败: 抱歉，您访问接口(moneyflow_ind_dc)频率超限(500次/分钟)，具体频次详情：https://tushare.pro/document/1?doc_id=108。
2026-08-01 19:13:01,602 [ERROR] fetch_moneyflow_dc.py:170 获取 20260729~20260729 板块资金流向失败: 抱歉，您访问接口(moneyflow_ind_dc)频率超限(500次/分钟)，具体频次详情：https://tushare.pro/document/1?doc_id=108。
2026-08-01 19:13:01,603 [ERROR] fetch_moneyflow_dc.py:378 20260729 处理失败: 抱歉，您访问接口(moneyflow_ind_dc)频率超限(500次/分钟)，具体频次详情：https://tushare.pro/document/1?doc_id=108。
2026-08-01 19:13:01,608 [ERROR] fetch_moneyflow_dc.py:170 获取 20260730~20260730 板块资金流向失败: 抱歉，您访问接口(moneyflow_ind_dc)频率超限(500次/分钟)，具体频次详情：https://tushare.pro/document/1?doc_id=108。
2026-08-01 19:13:01,609 [ERROR] fetch_moneyflow_dc.py:378 20260730 处理失败: 抱歉，您访问接口(moneyflow_ind_dc)频率超限(500次/分钟)，具体频次详情：https://tushare.pro/document/1?doc_id=108。
2026-08-01 19:13:01,651 [ERROR] fetch_moneyflow_dc.py:170 获取 20260731~20260731 板块资金流向失败: 抱歉，您访问接口(moneyflow_ind_dc)频率超限(500次/分钟)，具体频次详情：https://tushare.pro/document/1?doc_id=108。
2026-08-01 19:13:01,652 [ERROR] fetch_moneyflow_dc.py:378 20260731 处理失败: 抱歉，您访问接口(moneyflow_ind_dc)频率超限(500次/分钟)，具体频次详情：https://tushare.pro/document/1?doc_id=108。
2026-08-01 19:25:15,559 [ERROR] fetch_moneyflow_dc.py:169 获取 20230914~20231231 板块资金流向失败: HTTPConnectionPool(host='api.waditu.com', port=80): Max retries exceeded with url: /dataapi/moneyflow_ind_dc (Caused by ConnectTimeoutError(<HTTPConnection(host='api.waditu.com', port=80) at 0x13d0d7a6a50>, 'Connection to api.waditu.com timed out. (connect timeout=30)'))
2026-08-01 19:25:15,560 [ERROR] fetch_moneyflow_dc.py:353 拉取失败: HTTPConnectionPool(host='api.waditu.com', port=80): Max retries exceeded with url: /dataapi/moneyflow_ind_dc (Caused by ConnectTimeoutError(<HTTPConnection(host='api.waditu.com', port=80) at 0x13d0d7a6a50>, 'Connection to api.waditu.com timed out. (connect timeout=30)'))
2026-08-01 19:29:01,097 [INFO] fetch_moneyflow_dc.py:346 202309 补全 11 天
2026-08-01 19:29:03,241 [INFO] fetch_moneyflow_dc.py:346 202310 补全 17 天
2026-08-01 19:29:05,404 [INFO] fetch_moneyflow_dc.py:346 202311 补全 22 天
2026-08-01 19:29:07,568 [INFO] fetch_moneyflow_dc.py:346 202312 补全 21 天
2026-08-01 19:29:09,725 [INFO] fetch_moneyflow_dc.py:346 202401 补全 22 天
2026-08-01 19:29:11,852 [INFO] fetch_moneyflow_dc.py:346 202402 补全 15 天
2026-08-01 19:29:14,007 [INFO] fetch_moneyflow_dc.py:346 202403 补全 21 天
2026-08-01 19:29:16,158 [INFO] fetch_moneyflow_dc.py:346 202404 补全 20 天
2026-08-01 19:29:18,309 [INFO] fetch_moneyflow_dc.py:346 202405 补全 20 天
2026-08-01 19:29:20,448 [INFO] fetch_moneyflow_dc.py:346 202406 补全 19 天
2026-08-01 19:29:22,608 [INFO] fetch_moneyflow_dc.py:346 202407 补全 23 天
2026-08-01 19:29:24,758 [INFO] fetch_moneyflow_dc.py:346 202408 补全 22 天
2026-08-01 19:29:26,900 [INFO] fetch_moneyflow_dc.py:346 202409 补全 19 天
2026-08-01 19:29:29,044 [INFO] fetch_moneyflow_dc.py:346 202410 补全 18 天
2026-08-01 19:29:31,199 [INFO] fetch_moneyflow_dc.py:346 202411 补全 21 天
2026-08-01 19:29:33,347 [INFO] fetch_moneyflow_dc.py:346 202412 补全 22 天
2026-08-01 19:29:35,504 [INFO] fetch_moneyflow_dc.py:346 202501 补全 18 天
2026-08-01 19:29:37,665 [INFO] fetch_moneyflow_dc.py:346 202502 补全 18 天
2026-08-01 19:29:39,942 [INFO] fetch_moneyflow_dc.py:346 202503 补全 21 天
2026-08-01 19:29:42,206 [INFO] fetch_moneyflow_dc.py:346 202504 补全 21 天
2026-08-01 19:29:44,463 [INFO] fetch_moneyflow_dc.py:346 202505 补全 19 天
2026-08-01 19:29:46,746 [INFO] fetch_moneyflow_dc.py:346 202506 补全 20 天
2026-08-01 19:29:48,924 [INFO] fetch_moneyflow_dc.py:346 202507 补全 23 天
2026-08-01 19:29:51,088 [INFO] fetch_moneyflow_dc.py:346 202508 补全 21 天
2026-08-01 19:29:53,294 [INFO] fetch_moneyflow_dc.py:346 202509 补全 10 天
2026-08-01 19:29:55,476 [INFO] fetch_moneyflow_dc.py:346 202510 补全 10 天
2026-08-01 19:29:57,656 [INFO] fetch_moneyflow_dc.py:346 202511 补全 10 天
2026-08-01 19:29:59,862 [INFO] fetch_moneyflow_dc.py:346 202512 补全 10 天
2026-08-01 19:30:02,055 [INFO] fetch_moneyflow_dc.py:346 202601 补全 10 天
2026-08-01 19:30:04,365 [INFO] fetch_moneyflow_dc.py:346 202602 补全 10 天
2026-08-01 19:30:06,588 [INFO] fetch_moneyflow_dc.py:346 202603 补全 11 天
2026-08-01 19:30:08,814 [INFO] fetch_moneyflow_dc.py:346 202604 补全 11 天
2026-08-01 19:30:11,003 [INFO] fetch_moneyflow_dc.py:346 202605 补全 11 天
2026-08-01 19:30:13,207 [INFO] fetch_moneyflow_dc.py:346 202606 补全 11 天
2026-08-01 19:30:15,424 [INFO] fetch_moneyflow_dc.py:346 202607 补全 11 天
2026-08-01 20:17:55,651 [ERROR] fetch_moneyflow_dc.py:179 获取 20251007~20251013 板块资金流向失败: HTTPConnectionPool(host='api.waditu.com', port=80): Read timed out.
2026-08-01 20:17:55,653 [ERROR] fetch_moneyflow_dc.py:394 20251007~20251013 拉取失败: HTTPConnectionPool(host='api.waditu.com', port=80): Read timed out.
2026-08-01 20:18:30,411 [ERROR] fetch_moneyflow_dc.py:179 获取 20251223~20251229 板块资金流向失败: HTTPConnectionPool(host='api.waditu.com', port=80): Read timed out.
2026-08-01 20:18:30,412 [ERROR] fetch_moneyflow_dc.py:394 20251223~20251229 拉取失败: HTTPConnectionPool(host='api.waditu.com', port=80): Read timed out.
2026-08-02 04:02:17,792 [ERROR] fetch_moneyflow_ind_dc.py:180 获取 20260127~20260202 板块资金流向失败: HTTPConnectionPool(host='api.waditu.com', port=80): Read timed out.
2026-08-02 04:02:17,794 [ERROR] fetch_moneyflow_ind_dc.py:413 20260127~20260202 拉取失败: HTTPConnectionPool(host='api.waditu.com', port=80): Read timed out.
2026-08-02 04:02:58,061 [ERROR] fetch_moneyflow_ind_dc.py:180 获取 20260714~20260720 板块资金流向失败: HTTPConnectionPool(host='api.waditu.com', port=80): Read timed out.
2026-08-02 04:02:58,062 [ERROR] fetch_moneyflow_ind_dc.py:413 20260714~20260720 拉取失败: HTTPConnectionPool(host='api.waditu.com', port=80): Read timed out.
2026-08-02 04:03:00,243 [INFO] fetch_moneyflow_ind_dc.py:306 已更新 C:\_allCode\stock-line\public\data\moneyflow_ind_dc\index.json（697 个文件）
