date,open,close,high,low,volume
2013-01-04,2289.51,2276.992,2296.113,2256.56,139469931.0
2013-01-07,2271.663,2285.364,2293.317,2266.862,118162813.0
2013-01-08,2284.654,2276.07,2289.139,2262.979,122907877.0
2013-01-09,2271.299,2275.34,2283.896,2259.051,122014924.0
2013-01-10,2274.377,2283.658,2295.484,2268.648,120066676.0
2013-01-11,2285.185,2242.997,2290.205,2234.947,125068275.0
2013-01-14,2236.288,2311.74,2317.617,2235.107,144749889.0
2013-01-15,2312.468,2325.682,2332.783,2309.323,165645981.0
2013-01-16,2322.158,2309.499,2326.764,2279.507,153511167.0
2013-01-17,2305.14,2284.909,2305.602,2275.877,119101835.0
2013-01-18,2295.809,2317.07,2324.509,2285.972,125438026.0
2013-01-21,2321.49,2328.221,2329.581,2305.099,134680458.0
2013-01-22,2326.49,2315.139,2335.806,2301.301,149466584.0
2013-01-23,2308.521,2320.911,2325.118,2296.491,118179722.0
2013-01-24,2320.258,2302.598,2362.943,2287.296,161031674.0
2013-01-25,2300.001,2291.304,2308.38,2288.262,92605741.0
2013-01-28,2295.352,2346.505,2346.921,2295.352,128383760.0
2013-01-29,2347.215,2358.977,2363.797,2337.353,141853934.0
2013-01-30,2360.748,2382.475,2383.763,2347.89,149878907.0
2013-01-31,2383.426,2385.422,2391.821,2371.226,139707892.0
2013-02-01,2377.414,2419.02,2421.154,2369.57,140818172.0
2013-02-04,2425.921,2428.154,2440.376,2417.585,167551402.0
2013-02-05,2411.001,2433.13,2437.415,2403.302,150754505.0
2013-02-06,2432.677,2434.477,2441.726,2427.699,116579966.0
2013-02-07,2430.688,2418.53,2433.893,2394.218,120008634.0
2013-02-08,2416.619,2432.402,2443.032,2414.398,109070386.0
2013-02-18,2441.906,2421.558,2444.804,2415.429,116174994.0
2013-02-19,2420.265,2382.914,2427.075,2373.535,123473334.0
2013-02-20,2383.493,2397.178,2397.941,2370.608,110280577.0
2013-02-21,2378.822,2325.951,2378.822,2309.171,144059478.0
2013-02-22,2322.94,2314.164,2330.879,2308.76,96981828.0
2013-02-25,2320.618,2325.819,2338.78,2315.012,88367374.0
2013-02-26,2313.74,2293.341,2340.709,2289.887,117638667.0
2013-02-27,2297.767,2313.22,2324.627,2292.034,97824887.0
2013-02-28,2322.323,2365.593,2366.164,2308.916,126950494.0
2013-03-01,2364.544,2359.506,2369.649,2330.858,120312752.0
2013-03-04,2332.08,2273.404,2333.54,2259.247,161750025.0
2013-03-05,2274.808,2326.306,2328.143,2270.1,131136598.0
2013-03-06,2333.615,2347.179,2351.441,2321.6,141333692.0
2013-03-07,2340.436,2324.293,2352.021,2304.27,139756348.0
2013-03-08,2326.417,2318.611,2333.667,2314.587,98794148.0
2013-03-11,2314.683,2310.593,2320.961,2296.583,84111903.0
2013-03-12,2309.158,2286.605,2333.286,2264.829,117664456.0
2013-03-13,2282.17,2263.968,2286.329,2253.249,90972788.0
2013-03-14,2255.775,2270.277,2276.222,2253.31,80294086.0
2013-03-15,2269.315,2278.401,2312.078,2250.005,116477813.0
2013-03-18,2267.287,2240.016,2276.05,2239.214,93122772.0
2013-03-19,2244.265,2257.434,2261.314,2232.023,87582105.0
2013-03-20,2257.737,2317.374,2317.86,2257.421,131241284.0
2013-03-21,2318.205,2324.242,2330.813,2311.603,119200910.0
2013-03-22,2321.403,2328.278,2331.995,2314.967,101167299.0
2013-03-25,2334.735,2326.715,2344.894,2319.908,97031526.0
2013-03-26,2318.578,2297.669,2319.988,2281.118,104449015.0
2013-03-27,2299.377,2301.259,2323.477,2288.995,96331195.0
2013-03-28,2273.552,2236.302,2273.552,2232.906,127658698.0
2013-03-29,2238.485,2236.621,2246.868,2228.813,85565473.0
2013-04-01,2229.46,2234.395,2243.949,2227.314,77411774.0
2013-04-02,2234.901,2227.74,2253.421,2220.439,89714323.0
2013-04-03,2232.694,2225.295,2241.34,2217.252,81795267.0
2013-04-08,2196.238,2211.592,2212.586,2180.673,86257470.0
2013-04-09,2215.467,2225.775,2234.725,2215.467,82896544.0
2013-04-10,2224.934,2226.126,2233.04,2212.561,80619621.0
2013-04-11,2236.983,2219.553,2242.479,2217.265,73632704.0
2013-04-12,2218.095,2206.78,2226.262,2204.438,66846340.0
2013-04-15,2199.914,2181.942,2204.987,2177.388,71632323.0
2013-04-16,2169.63,2194.846,2196.432,2165.784,79992178.0
2013-04-17,2195.032,2193.796,2197.508,2178.468,68314181.0
2013-04-18,2181.822,2197.602,2206.027,2175.444,71616927.0
2013-04-19,2201.122,2244.643,2250.11,2200.584,109660556.0
2013-04-22,2236.402,2242.169,2245.119,2232.258,95233730.0
2013-04-23,2242.616,2184.538,2242.616,2182.806,96541315.0
2013-04-24,2187.349,2218.318,2226.117,2184.109,91600261.0
2013-04-25,2213.185,2199.307,2224.63,2191.848,96704188.0
2013-04-26,2203.889,2177.912,2210.581,2173.864,76673970.0
2013-05-02,2170.783,2174.123,2179.647,2161.14,68337936.0
2013-05-03,2179.049,2205.497,2222.811,2179.049,88583464.0
2013-05-06,2212.495,2231.166,2236.066,2212.495,92268146.0
2013-05-07,2227.861,2235.575,2240.256,2219.435,86452356.0
2013-05-08,2242.393,2246.3,2255.208,2235.417,90371933.0
2013-05-09,2246.963,2232.971,2247.864,2221.384,98531637.0
2013-05-10,2228.819,2246.831,2247.674,2225.812,90335476.0
2013-05-13,2247.678,2241.92,2250.854,2231.363,86211224.0
2013-05-14,2238.904,2217.01,2239.926,2205.873,83244975.0
2013-05-15,2217.086,2224.797,2225.186,2213.582,71722893.0
2013-05-16,2221.337,2251.806,2252.872,2210.77,110284376.0
2013-05-17,2249.811,2282.87,2288.091,2248.413,126126006.0
2013-05-20,2286.328,2299.986,2309.392,2281.899,139150514.0
2013-05-21,2297.11,2305.114,2305.301,2290.124,124173176.0
2013-05-22,2303.75,2302.403,2314.183,2292.431,128360026.0
2013-05-23,2293.809,2275.667,2304.953,2274.102,124019844.0
2013-05-24,2281.445,2288.533,2292.595,2270.25,101441213.0
2013-05-27,2286.661,2293.077,2301.702,2283.935,107325061.0
2013-05-28,2293.4,2321.318,2322.099,2281.468,132632995.0
2013-05-29,2323.539,2324.017,2334.335,2321.166,125250729.0
2013-05-30,2316.253,2317.749,2325.721,2310.492,111913032.0
2013-05-31,2320.739,2300.595,2325.534,2299.369,108162554.0
2013-06-03,2300.209,2299.252,2313.425,2294.113,96882814.0
2013-06-04,2297.1,2272.416,2297.1,2264.761,101895818.0
2013-06-05,2270.712,2270.931,2276.865,2260.871,76483303.0
2013-06-06,2264.425,2242.11,2266.692,2240.07,81538694.0
2013-06-07,2242.263,2210.898,2250.629,2205.066,89978077.0
2013-06-13,2190.101,2148.355,2190.101,2126.216,94371094.0
2013-06-14,2150.06,2162.041,2163.846,2142.78,77857472.0
2013-06-17,2165.994,2156.215,2169.356,2147.029,75757790.0
2013-06-18,2158.546,2159.291,2161.681,2138.347,69632271.0
2013-06-19,2150.816,2143.454,2150.816,2115.793,75425016.0
2013-06-20,2132.813,2084.021,2132.813,2082.825,77787930.0
2013-06-21,2058.978,2073.095,2085.86,2042.879,79673224.0
2013-06-24,2068.862,1963.235,2068.862,1958.401,109198215.0
2013-06-25,1948.315,1959.508,1963.566,1849.653,138158516.0
2013-06-26,1954.474,1951.495,1959.158,1922.824,101192527.0
2013-06-27,1955.126,1950.013,1980.54,1942.371,105813318.0
2013-06-28,1935.516,1979.206,1987.984,1925.651,100737968.0
2013-07-01,1965.987,1995.242,1995.916,1957.571,78051393.0
2013-07-02,1992.89,2006.56,2007.62,1978.428,86415418.0
2013-07-03,1996.506,1994.268,1996.537,1965.519,93466471.0
2013-07-04,1982.87,2006.098,2022.136,1974.103,100394183.0
2013-07-05,2006.191,2007.199,2021.541,2002.367,91345222.0
2013-07-08,1983.215,1958.273,1983.215,1953.121,84136491.0
2013-07-09,1953.602,1965.454,1969.149,1946.366,64538733.0
2013-07-10,1962.84,2008.126,2009.36,1960.277,89797981.0
2013-07-11,2011.02,2072.991,2092.868,2010.4,159970773.0
2013-07-12,2068.044,2039.486,2074.857,2036.05,121174175.0
2013-07-15,2046.119,2059.39,2076.665,2037.248,101470357.0
2013-07-16,2054.6,2065.72,2066.363,2038.535,96737399.0
2013-07-17,2061.186,2044.922,2075.813,2043.231,103251321.0
2013-07-18,2038.4,2023.396,2043.372,2016.899,92132049.0
2013-07-19,2025.317,1992.648,2035.22,1990.253,104577571.0
2013-07-22,1977.733,2004.762,2005.474,1970.639,82922190.0
2013-07-23,2008.955,2043.876,2051.526,2005.092,109517360.0
2013-07-24,2035.691,2033.329,2042.773,2010.424,106655779.0
2013-07-25,2037.336,2021.174,2045.365,2016.431,98545366.0
2013-07-26,2013.19,2010.85,2021.574,2000.797,73800429.0
2013-07-29,1997.838,1976.306,1997.838,1969.853,78683274.0
2013-07-30,1981.452,1990.064,2006.232,1965.361,77219784.0
2013-07-31,2000.794,1993.799,2015.472,1987.88,70160603.0
2013-08-01,2000.818,2029.067,2029.928,1997.058,91256686.0
2013-08-02,2039.514,2029.418,2047.084,2025.654,93592767.0
2013-08-05,2031.724,2050.481,2050.911,2025.226,85517968.0
2013-08-06,2043.653,2060.5,2066.74,2034.957,105580975.0
2013-08-07,2056.367,2046.778,2069.561,2043.75,107712594.0
2013-08-08,2044.436,2044.895,2058.561,2037.251,84133290.0
2013-08-09,2052.244,2052.235,2061.708,2030.127,95316423.0
2013-08-12,2058.416,2101.283,2102.347,2055.715,135128974.0
2013-08-13,2101.324,2106.156,2106.397,2093.796,117708875.0
2013-08-14,2109.225,2100.137,2122.965,2093.043,114437802.0
2013-08-15,2099.279,2081.88,2108.405,2079.969,99396656.0
2013-08-16,2075.983,2068.452,2198.848,2061.654,153063326.0
2013-08-19,2055.128,2085.602,2091.132,2052.703,97446783.0
2013-08-20,2081.966,2072.595,2098.98,2066.072,107381773.0
2013-08-21,2076.271,2072.961,2076.317,2056.913,87445991.0
2013-08-22,2069.313,2067.124,2083.333,2062.367,90928307.0
2013-08-23,2075.929,2057.458,2079.846,2029.365,112426351.0
2013-08-26,2061.417,2096.474,2097.344,2056.133,119932652.0
2013-08-27,2095.44,2103.567,2105.376,2090.425,126341966.0
2013-08-28,2092.311,2101.301,2113.817,2080.861,161392026.0
2013-08-29,2108.436,2097.227,2110.894,2088.236,133268219.0
2013-08-30,2097.217,2098.382,2114.393,2089.095,170075649.0
2013-09-02,2104.09,2098.448,2108.683,2078.455,149158524.0
2013-09-03,2100.449,2123.112,2123.847,2095.455,138893175.0
2013-09-04,2121.68,2127.618,2132.996,2115.753,142000386.0
2013-09-05,2125.255,2122.43,2127.855,2115.236,126544104.0
2013-09-06,2119.333,2139.993,2143.244,2119.021,143260660.0
2013-09-09,2151.347,2212.516,2218.529,2151.347,219427086.0
2013-09-10,2214.814,2237.984,2238.551,2202.817,237206649.0
2013-09-11,2244.962,2241.268,2258.075,2233.003,244349455.0
2013-09-12,2236.171,2255.605,2270.268,2226.288,209715110.0
2013-09-13,2251.462,2236.217,2259.424,2228.483,171984229.0
2013-09-16,2244.463,2231.401,2248.471,2226.171,154884020.0
2013-09-17,2230.388,2185.56,2230.929,2184.922,154542555.0
2013-09-18,2185.936,2191.851,2195.904,2172.043,115111887.0
2013-09-23,2199.361,2221.044,2223.068,2198.336,133174858.0
2013-09-24,2219.467,2207.531,2219.543,2187.236,160415055.0
2013-09-25,2206.225,2198.515,2217.974,2193.722,160212762.0
2013-09-26,2192.226,2155.809,2192.226,2154.721,140415346.0
2013-09-27,2150.961,2160.027,2165.777,2149.594,105401788.0
2013-09-30,2167.734,2174.665,2176.303,2165.162,92810081.0
2013-10-08,2171.904,2198.199,2200.018,2161.489,126710203.0
2013-10-09,2191.392,2211.769,2212.347,2185.181,130871737.0
2013-10-10,2214.405,2190.929,2214.592,2186.48,149775896.0
2013-10-11,2201.409,2228.146,2228.871,2200.53,156892176.0
2013-10-14,2232.218,2237.773,2242.984,2226.403,165983386.0
2013-10-15,2237.931,2233.412,2240.25,2221.139,153722825.0
2013-10-16,2228.113,2193.074,2228.113,2183.403,154638637.0
2013-10-17,2201.71,2188.542,2211.03,2183.246,126767944.0
2013-10-18,2188.714,2193.78,2203.291,2184.36,103724631.0
2013-10-21,2198.114,2229.237,2230.285,2190.394,136694408.0
2013-10-22,2227.341,2210.652,2227.341,2204.244,149132831.0
2013-10-23,2213.274,2183.107,2226.847,2177.725,146347090.0
2013-10-24,2178.82,2164.322,2183.412,2159.871,103008953.0
2013-10-25,2163.689,2132.955,2170.612,2122.678,113924520.0
2013-10-28,2135.879,2133.869,2140.957,2123.069,88401322.0
2013-10-29,2135.226,2128.864,2163.657,2093.197,143092811.0
2013-10-30,2126.69,2160.463,2161.935,2121.841,119643362.0
2013-10-31,2155.511,2141.614,2155.511,2137.466,108063020.0
2013-11-01,2139.88,2149.562,2157.313,2132.629,89118477.0
2013-11-04,2156.087,2149.634,2160.578,2143.207,76147941.0
2013-11-05,2139.837,2157.24,2158.148,2124.845,91900031.0
2013-11-06,2149.39,2139.607,2166.171,2138.78,100487344.0
2013-11-07,2136.627,2129.4,2141.6,2119.186,81842610.0
2013-11-08,2120.923,2106.127,2128.581,2103.51,83096859.0
2013-11-11,2103.299,2109.471,2117.28,2093.626,69678299.0
2013-11-12,2110.724,2126.772,2127.938,2108.396,79446731.0
2013-11-13,2117.886,2087.941,2117.912,2086.006,88257094.0
2013-11-14,2087.119,2100.506,2102.38,2078.988,83799373.0
2013-11-15,2100.9,2135.827,2153.213,2100.786,125894520.0
2013-11-18,2147.373,2197.219,2198.316,2143.768,157502714.0
2013-11-19,2198.318,2193.125,2203.297,2186.114,125082307.0
2013-11-20,2201.474,2206.613,2207.105,2186.642,118961861.0
2013-11-21,2197.008,2205.766,2206.531,2177.735,137245516.0
2013-11-22,2206.471,2196.378,2211.066,2188.767,113866457.0
2013-11-25,2186.058,2186.115,2209.148,2181.418,108282655.0
2013-11-26,2184.332,2183.073,2192.579,2176.177,100460830.0
2013-11-27,2181.725,2201.07,2207.617,2176.847,115384411.0
2013-11-28,2204.378,2219.372,2234.387,2202.623,134456777.0
2013-11-29,2221.618,2220.504,2224.944,2212.263,106959053.0
2013-12-02,2203.122,2207.371,2231.921,2172.633,174281990.0
2013-12-03,2196.824,2222.67,2227.925,2193.251,113506410.0
2013-12-04,2219.965,2251.762,2260.871,2215.916,157292943.0
2013-12-05,2252.723,2247.063,2255.261,2239.144,122048414.0
2013-12-06,2242.563,2237.108,2248.147,2228.632,103700929.0
2013-12-09,2241.793,2238.2,2249.169,2231.734,93273639.0
2013-12-10,2239.864,2237.492,2250.504,2231.68,109043133.0
2013-12-11,2228.633,2204.166,2228.633,2193.16,109473150.0
2013-12-12,2199.317,2202.796,2214.548,2194.901,86108671.0
2013-12-13,2188.259,2196.075,2204.637,2183.842,85101012.0
2013-12-16,2197.234,2160.861,2201.696,2159.987,101387594.0
2013-12-17,2161.536,2151.079,2165.543,2146.314,78578936.0
2013-12-18,2150.412,2148.285,2156.593,2142.624,64173584.0
2013-12-19,2153.674,2127.792,2159.142,2126.246,73123479.0
2013-12-20,2128.374,2084.794,2131.737,2082.855,86775212.0
2013-12-23,2089.539,2089.707,2099.522,2068.543,68146636.0
2013-12-24,2094.073,2092.905,2111.805,2079.81,70251467.0
2013-12-25,2095.019,2106.354,2107.232,2088.297,65139096.0
2013-12-26,2102.66,2073.099,2102.66,2070.546,78541408.0
2013-12-27,2074.592,2101.251,2110.357,2069.59,76756827.0
2013-12-30,2108.883,2097.529,2112.009,2095.063,74085056.0
2013-12-31,2090.679,2115.978,2120.274,2087.415,80474375.0
2014-01-02,2112.126,2109.387,2113.11,2101.016,68485486.0
2014-01-03,2101.542,2083.136,2102.167,2075.899,84497241.0
2014-01-06,2078.684,2045.709,2078.684,2034.006,89587608.0
2014-01-07,2034.224,2047.317,2052.279,2029.246,63402938.0
2014-01-08,2047.256,2044.34,2062.952,2037.11,71647364.0
2014-01-09,2041.773,2027.622,2057.196,2026.446,75941883.0
2014-01-10,2023.535,2013.298,2029.297,2008.007,75616121.0
2014-01-13,2014.978,2009.564,2027.181,2000.404,66544776.0
2014-01-14,2007.156,2026.842,2027.428,2001.135,70366614.0
2014-01-15,2024.228,2023.348,2027.409,2010.204,67436222.0
2014-01-16,2022.538,2023.701,2034.707,2014.407,72755719.0
2014-01-17,2017.522,2004.949,2017.868,2001.33,67305720.0
2014-01-20,2001.894,1991.253,2005.938,1984.824,56271247.0
2014-01-21,1992.015,2008.313,2014.152,1992.015,59844911.0
2014-01-22,2009.969,2051.749,2052.339,2008.93,98892856.0
2014-01-23,2048.331,2042.18,2052.528,2039.052,84210585.0
2014-01-24,2037.667,2054.392,2060.986,2034.453,92947921.0
2014-01-27,2044.272,2033.3,2044.846,2029.626,88815426.0
2014-01-28,2036.402,2038.513,2047.129,2026.987,72529043.0
2014-01-29,2042.176,2049.914,2051.583,2039.771,73865462.0
2014-01-30,2045.931,2033.083,2045.931,2031.466,62615184.0
2014-02-07,2022.323,2044.497,2044.73,2014.698,73598755.0
2014-02-10,2049.984,2086.067,2087.975,2049.984,124331833.0
2014-02-11,2086.177,2103.671,2111.061,2082.522,142211324.0
2014-02-12,2103.828,2109.955,2110.904,2096.509,126333186.0
2014-02-13,2106.934,2098.401,2122.826,2096.966,146532634.0
2014-02-14,2097.32,2115.848,2116.186,2095.09,111517950.0
2014-02-17,2124.88,2135.415,2136.447,2117.689,140244443.0
2014-02-18,2134.143,2119.066,2134.143,2113.128,142869308.0
2014-02-19,2116.919,2142.554,2152.961,2111.168,151261246.0
2014-02-20,2152.891,2138.782,2177.978,2136.481,157052276.0
2014-02-21,2131.592,2113.693,2132.703,2098.328,117662651.0
2014-02-24,2099.717,2076.686,2099.717,2058.791,123555308.0
2014-02-25,2077.285,2034.219,2087.616,2026.543,140132978.0
2014-02-26,2026.61,2041.254,2041.627,2014.381,110112687.0
2014-02-27,2045.096,2047.354,2068.314,2036.391,132163852.0
2014-02-28,2040.624,2056.302,2058.489,2020.935,111637907.0
2014-03-03,2052.075,2075.235,2078.333,2047.067,127460891.0
2014-03-04,2068.107,2071.473,2074.025,2050.125,115925792.0
2014-03-05,2073.295,2053.084,2074.815,2050.175,107733082.0
2014-03-06,2050.032,2059.578,2065.79,2030.946,109290133.0
2014-03-07,2058.375,2057.908,2079.49,2050.47,103709540.0
2014-03-10,2042.352,1999.065,2042.634,1995.549,115696666.0
2014-03-11,1994.415,2001.157,2008.071,1985.599,92705265.0
2014-03-12,1996.239,1997.692,2011.06,1974.382,101361719.0
2014-03-13,2000.695,2019.111,2029.12,1996.529,100978116.0
2014-03-14,2008.825,2004.339,2017.913,1990.98,87775111.0
2014-03-17,2009.882,2023.673,2024.372,1999.249,86250374.0
2014-03-18,2026.224,2025.196,2034.917,2020.41,96777193.0
2014-03-19,2019.98,2021.734,2022.181,2002.441,95180797.0
2014-03-20,2017.22,1993.479,2030.847,1993.002,110333048.0
2014-03-21,1987.679,2047.619,2052.472,1986.071,144477656.0
2014-03-24,2050.827,2066.279,2074.056,2043.33,147700085.0
2014-03-25,2063.323,2067.311,2079.551,2057.491,131822232.0
2014-03-26,2070.574,2063.67,2074.572,2057.648,102611116.0
2014-03-27,2060.812,2046.588,2073.982,2042.713,119149374.0
2014-03-28,2046.851,2041.712,2060.134,2035.243,121681965.0
2014-03-31,2043.045,2033.306,2048.134,2024.185,94356536.0
2014-04-01,2031.005,2047.46,2050.681,2028.096,83286576.0
2014-04-02,2049.423,2058.988,2060.778,2046.742,102658525.0
2014-04-03,2063.497,2043.702,2066.007,2037.447,108618421.0
2014-04-04,2037.552,2058.831,2060.104,2035.221,83189056.0
2014-04-08,2054.53,2098.284,2102.452,2052.9,133370983.0
2014-04-09,2100.651,2105.237,2108.75,2095.64,105340471.0
2014-04-10,2105.876,2134.3,2146.67,2098.079,156789609.0
2014-04-11,2130.368,2130.542,2138.651,2120.179,131768359.0
2014-04-14,2127.409,2131.539,2134.434,2116.61,102077853.0
2014-04-15,2125.902,2101.601,2125.902,2098.15,107531151.0
2014-04-16,2097.213,2105.122,2112.05,2092.157,89361657.0
2014-04-17,2108.947,2098.885,2110.716,2095.714,89896325.0
2014-04-18,2091.48,2097.748,2099.637,2081.185,88155695.0
2014-04-21,2085.98,2065.826,2103.078,2065.234,96378369.0
2014-04-22,2062.787,2072.831,2073.663,2047.332,98719882.0
2014-04-23,2068.084,2067.382,2076.349,2059.109,78531521.0
2014-04-24,2064.156,2057.033,2075.757,2056.193,78185955.0
2014-04-25,2060.538,2036.519,2065.643,2035.566,93042333.0
2014-04-28,2033.337,2003.487,2035.99,2000.137,89795262.0
2014-04-29,2001.896,2020.341,2021.68,1997.64,76221275.0
2014-04-30,2020.438,2026.358,2029.538,2016.577,74528578.0
2014-05-05,2022.178,2027.353,2028.957,2007.351,79933395.0
2014-05-06,2024.256,2028.038,2038.705,2021.485,74609411.0
2014-05-07,2023.152,2010.083,2024.631,2008.451,74360192.0
2014-05-08,2006.853,2015.274,2036.941,2005.685,77865393.0
2014-05-09,2016.501,2011.135,2020.454,2001.3,76224244.0
2014-05-12,2022.932,2052.871,2055.506,2016.638,115742077.0
2014-05-13,2055.079,2050.728,2061.06,2043.547,97223388.0
2014-05-14,2049.27,2047.91,2056.574,2042.744,72011125.0
2014-05-15,2044.377,2024.974,2047.316,2022.861,75845154.0
2014-05-16,2023.596,2026.504,2027.756,2012.694,66353660.0
2014-05-19,2023.014,2005.183,2023.267,1996.015,65329438.0
2014-05-20,2011.846,2008.119,2018.156,2002.759,61345382.0
2014-05-21,2001.306,2024.951,2025.194,1991.055,61811547.0
2014-05-22,2023.148,2021.285,2041.96,2018.877,74728474.0
2014-05-23,2020.115,2034.569,2034.569,2017.739,63488065.0
2014-05-26,2042.028,2041.476,2045.381,2035.094,70281220.0
2014-05-27,2039.791,2034.565,2044.148,2032.839,67577889.0
2014-05-28,2034.561,2050.228,2052.656,2029.336,81338642.0
2014-05-29,2051.84,2040.595,2057.077,2039.238,81242921.0
2014-05-30,2040.394,2039.212,2046.96,2031.373,75148898.0
2014-06-03,2039.196,2038.305,2049.576,2037.3,71584124.0
2014-06-04,2037.989,2024.834,2038.481,2012.913,72412771.0
2014-06-05,2019.442,2040.878,2041.701,2016.175,67949536.0
2014-06-06,2040.864,2029.956,2041.573,2022.158,66021744.0
2014-06-09,2024.942,2030.502,2045.255,2023.198,64788317.0
2014-06-10,2033.207,2052.532,2052.765,2026.389,79623717.0
2014-06-11,2049.128,2054.948,2056.631,2045.407,74444354.0
2014-06-12,2051.582,2051.713,2057.105,2045.962,81711186.0
2014-06-13,2049.206,2070.715,2073.596,2048.618,97174806.0
2014-06-16,2070.699,2085.983,2087.322,2069.441,95939770.0
2014-06-17,2080.482,2066.698,2080.482,2064.666,87800481.0
2014-06-18,2064.383,2055.519,2066.913,2051.746,87245350.0
2014-06-19,2054.62,2023.735,2059.255,2017.653,92914274.0
2014-06-20,2013.414,2026.674,2027.148,2010.53,67167246.0
2014-06-23,2026.226,2024.365,2033.32,2022.917,70485162.0
2014-06-24,2023.699,2033.931,2034.707,2021.75,71214634.0
2014-06-25,2030.433,2025.502,2030.616,2018.36,67539610.0
2014-06-26,2025.662,2038.677,2040.754,2025.314,80955778.0
2014-06-27,2031.907,2036.51,2043.982,2025.073,97592017.0
2014-06-30,2038.613,2048.327,2052.342,2038.527,96666598.0
2014-07-01,2051.225,2050.381,2052.635,2041.937,98457409.0
2014-07-02,2049.485,2059.418,2060.595,2044.035,109553911.0
2014-07-03,2051.632,2063.229,2066.641,2048.081,122926582.0
2014-07-04,2062.358,2059.375,2065.078,2054.217,105008792.0
2014-07-07,2058.128,2059.927,2064.043,2050.887,97168754.0
2014-07-08,2058.134,2064.021,2064.433,2047.204,95053393.0
2014-07-09,2061.635,2038.612,2062.474,2037.601,113305841.0
2014-07-10,2036.54,2038.342,2045.527,2034.956,97943819.0
2014-07-11,2033.869,2046.961,2051.737,2033.004,105088083.0
2014-07-14,2047.744,2066.646,2067.342,2044.901,115119740.0
2014-07-15,2065.9,2070.357,2070.358,2059.679,124488768.0
2014-07-16,2068.343,2067.276,2075.493,2061.572,137128020.0
2014-07-17,2062.888,2055.591,2062.888,2046.189,104491812.0
2014-07-18,2047.498,2059.067,2067.233,2045.996,106641094.0
2014-07-21,2057.767,2054.479,2061.823,2049.175,93857870.0
2014-07-22,2050.5,2075.481,2078.085,2049.815,123191868.0
2014-07-23,2074.195,2078.489,2088.192,2072.229,137292211.0
2014-07-24,2079.632,2105.062,2107.946,2079.632,165676996.0
2014-07-25,2108.714,2126.614,2127.217,2106.714,142495826.0
2014-07-28,2135.249,2177.948,2181.496,2135.249,236185752.0
2014-07-29,2179.826,2183.192,2193.523,2172.102,200264257.0
2014-07-30,2178.179,2181.243,2194.572,2177.244,184922187.0
2014-07-31,2179.543,2201.562,2202.126,2173.9,164691654.0
2014-08-01,2194.17,2185.303,2218.789,2184.641,191475042.0
2014-08-04,2190.036,2223.331,2224.068,2186.917,174097403.0
2014-08-05,2224.632,2219.945,2226.838,2206.85,175386987.0
2014-08-06,2212.003,2217.465,2223.893,2192.993,177711707.0
2014-08-07,2216.659,2187.669,2220.568,2185.763,175233274.0
2014-08-08,2188.709,2194.425,2199.578,2180.597,135181443.0
2014-08-11,2199.433,2224.654,2225.961,2198.314,150583421.0
2014-08-12,2222.696,2221.595,2222.979,2210.0,154799046.0
2014-08-13,2223.051,2222.877,2230.991,2202.443,178062806.0
2014-08-14,2221.541,2206.466,2230.894,2204.384,170149123.0
2014-08-15,2207.226,2226.734,2230.872,2203.242,149978691.0
2014-08-18,2229.804,2239.466,2242.035,2228.134,163928626.0
2014-08-19,2242.34,2245.33,2246.016,2227.925,177744592.0
2014-08-20,2241.664,2240.211,2248.939,2233.892,167658383.0
2014-08-21,2239.568,2230.458,2240.077,2211.63,165733498.0
2014-08-22,2228.974,2240.812,2243.303,2225.267,160111672.0
2014-08-25,2241.1,2229.274,2241.553,2222.009,162119578.0
2014-08-26,2225.291,2207.106,2232.785,2200.618,163507424.0
2014-08-27,2207.03,2209.465,2216.67,2204.048,120885885.0
2014-08-28,2210.484,2195.818,2219.473,2194.861,124229014.0
2014-08-29,2198.946,2217.2,2218.696,2193.263,105202496.0
2014-09-01,2220.129,2235.511,2236.286,2217.685,129166583.0
2014-09-02,2239.684,2266.046,2267.509,2234.378,192124869.0
2014-09-03,2268.395,2288.627,2290.547,2268.1,212478998.0
2014-09-04,2290.029,2306.862,2307.701,2283.277,199489978.0
2014-09-05,2311.305,2326.432,2327.557,2307.447,213181917.0
2014-09-09,2328.426,2326.527,2331.917,2315.894,196990318.0
2014-09-10,2318.496,2318.305,2321.908,2306.421,189828991.0
2014-09-11,2315.732,2311.679,2343.595,2304.602,222221798.0
2014-09-12,2308.346,2331.95,2331.95,2302.775,193471540.0
2014-09-15,2330.187,2339.14,2340.449,2321.593,215112414.0
2014-09-16,2341.027,2296.555,2347.935,2293.869,302694111.0
2014-09-17,2298.982,2307.893,2309.048,2282.795,210842453.0
2014-09-18,2303.85,2315.928,2319.875,2297.931,189089045.0
2014-09-19,2312.984,2329.451,2331.561,2305.517,174648487.0
2014-09-22,2323.554,2289.866,2323.554,2284.378,175842354.0
2014-09-23,2289.091,2309.718,2311.525,2289.024,156855169.0
2014-09-24,2302.231,2343.575,2345.747,2297.876,222525725.0
2014-09-25,2352.865,2345.103,2365.154,2336.805,225688323.0
2014-09-26,2339.288,2347.718,2350.109,2329.955,174748285.0
2014-09-29,2353.708,2357.711,2363.059,2346.579,200111021.0
2014-09-30,2361.318,2363.87,2365.491,2354.268,193918690.0
2014-10-08,2368.576,2382.794,2382.794,2354.29,204397326.0
2014-10-09,2383.859,2389.371,2391.348,2367.111,235920010.0
2014-10-10,2380.755,2374.54,2386.277,2365.075,224671126.0
2014-10-13,2366.426,2366.009,2366.862,2341.124,200899314.0
2014-10-14,2362.802,2359.475,2380.515,2349.194,196831418.0
2014-10-15,2358.233,2373.67,2374.808,2344.373,202804915.0
2014-10-16,2361.13,2356.499,2389.675,2353.406,248201168.0
2014-10-17,2352.784,2341.184,2360.597,2312.826,212300962.0
2014-10-20,2346.052,2356.728,2357.509,2340.459,160022305.0
2014-10-21,2355.033,2339.657,2361.653,2337.551,168828288.0
2014-10-22,2339.223,2326.553,2352.124,2324.59,152698425.0
2014-10-23,2322.316,2302.418,2329.927,2297.33,162636308.0
2014-10-24,2303.08,2302.28,2314.875,2296.657,132225281.0
2014-10-27,2293.573,2290.437,2293.644,2279.836,130261568.0
2014-10-28,2294.012,2337.871,2338.278,2294.012,178590357.0
2014-10-29,2343.72,2373.03,2381.643,2339.712,265588687.0
2014-10-30,2371.891,2391.076,2397.256,2365.919,294645943.0
2014-10-31,2393.178,2420.178,2423.596,2384.483,325763522.0
2014-11-03,2425.225,2430.032,2436.785,2418.167,298821235.0
2014-11-04,2428.271,2430.677,2435.223,2417.221,309013039.0
2014-11-05,2432.169,2419.254,2434.363,2415.502,263606654.0
2014-11-06,2419.617,2425.864,2426.89,2401.75,222005088.0
2014-11-07,2427.898,2418.171,2454.423,2407.442,291172245.0
2014-11-10,2436.628,2473.673,2474.156,2428.185,300628203.0
2014-11-11,2483.648,2469.673,2508.623,2445.96,411904065.0
2014-11-12,2454.602,2494.476,2494.917,2444.814,252933852.0
2014-11-13,2494.998,2485.606,2507.743,2471.407,295037058.0
2014-11-14,2477.966,2478.824,2481.025,2457.045,220607619.0
2014-11-17,2506.864,2474.009,2508.767,2472.446,215687800.0
2014-11-18,2474.182,2456.366,2477.052,2449.813,201062570.0
2014-11-19,2452.15,2450.986,2461.491,2442.71,186235771.0
2014-11-20,2443.276,2452.66,2458.319,2437.476,165495213.0
2014-11-21,2452.635,2486.791,2488.201,2446.646,212239774.0
2014-11-24,2505.532,2532.879,2546.746,2495.521,363485835.0
2014-11-25,2531.998,2567.597,2568.381,2527.077,314315572.0
2014-11-26,2572.649,2604.345,2605.07,2570.404,337127249.0
2014-11-27,2615.367,2630.486,2631.399,2599.108,364075719.0
2014-11-28,2629.626,2682.835,2683.18,2622.061,465880035.0
2014-12-01,2691.725,2680.155,2720.743,2668.841,446791741.0
2014-12-02,2667.82,2763.545,2777.372,2665.686,437733381.0
2014-12-03,2768.678,2779.525,2824.179,2733.868,562120281.0
2014-12-04,2783.469,2899.456,2900.508,2772.432,532687718.0
2014-12-05,2926.573,2937.647,2978.029,2813.052,640500296.0
2014-12-08,2907.815,3020.258,3041.657,2879.847,587570890.0
2014-12-09,2992.49,2856.269,3091.324,2834.592,771998379.0
2014-12-10,2855.94,2940.006,2946.707,2807.678,512886913.0
2014-12-11,2912.346,2925.743,2965.675,2892.611,482632733.0
2014-12-12,2929.36,2938.173,2962.51,2914.956,409480811.0
2014-12-15,2921.446,2953.421,2960.227,2890.904,400371695.0
2014-12-16,2953.811,3021.518,3021.897,2943.912,453842723.0
2014-12-17,3031.952,3061.02,3076.599,2993.333,542503179.0
2014-12-18,3062.801,3057.521,3089.791,3030.319,435904952.0
2014-12-19,3053.075,3108.596,3117.527,3018.421,521073511.0
2014-12-22,3129.267,3127.445,3189.867,3090.509,679371915.0
2014-12-23,3085.08,3032.612,3136.838,3025.667,437762400.0
2014-12-24,3039.206,2972.532,3050.507,2934.911,376805246.0
2014-12-25,2992.462,3072.536,3073.345,2969.874,376947776.0
2014-12-26,3078.005,3157.603,3164.155,3064.176,460700932.0
2014-12-29,3212.559,3168.016,3223.86,3126.944,510111439.0
2014-12-30,3160.801,3165.815,3190.299,3130.353,397725320.0
2014-12-31,3172.597,3234.677,3239.357,3157.259,405998521.0
2015-01-05,3258.627,3350.519,3369.281,3253.883,531352391.0
2015-01-06,3330.799,3351.446,3394.224,3303.184,501661695.0
2015-01-07,3326.649,3373.954,3374.896,3312.211,391918880.0
2015-01-08,3371.957,3293.456,3381.566,3285.095,371131170.0
2015-01-09,3276.965,3285.412,3404.834,3267.509,410240872.0
2015-01-12,3258.213,3229.316,3275.185,3191.582,322064679.0
2015-01-13,3223.542,3235.301,3259.386,3214.412,230725754.0
2015-01-14,3242.337,3222.437,3268.483,3193.978,240190747.0
2015-01-15,3224.07,3336.455,3337.084,3207.545,282546240.0
2015-01-16,3343.603,3376.495,3400.318,3340.49,339876753.0
2015-01-19,3189.727,3116.351,3262.207,3095.066,401098789.0
2015-01-20,3114.56,3173.052,3190.245,3100.477,357080811.0
2015-01-21,3189.085,3323.611,3337.004,3178.343,410956024.0
2015-01-22,3327.319,3343.344,3352.384,3293.978,353382961.0
2015-01-23,3357.096,3351.764,3406.786,3328.293,366249240.0
2015-01-26,3347.257,3383.182,3384.798,3321.315,317541007.0
2015-01-27,3389.853,3352.96,3390.216,3290.219,374517551.0
2015-01-28,3325.722,3305.738,3354.802,3294.655,301927095.0
2015-01-29,3258.997,3262.305,3286.786,3234.241,274658613.0
2015-01-30,3273.747,3210.363,3288.503,3210.308,258312548.0
2015-02-02,3148.136,3128.3,3175.134,3122.572,250861629.0
2015-02-03,3156.086,3204.907,3207.935,3129.732,248192164.0
2015-02-04,3212.822,3174.126,3238.982,3171.144,249098086.0
2015-02-05,3251.212,3136.531,3251.212,3135.819,306139305.0
2015-02-06,3120.09,3075.907,3129.539,3052.939,246749666.0
2015-02-09,3063.51,3095.124,3119.034,3049.111,206108383.0
2015-02-10,3090.49,3141.593,3142.099,3084.253,193817139.0
2015-02-11,3145.765,3157.704,3166.421,3139.052,172840094.0
2015-02-12,3157.959,3173.416,3181.766,3134.244,194592309.0
2015-02-13,3186.808,3203.827,3237.159,3182.794,261290436.0
2015-02-16,3206.137,3222.363,3228.846,3195.884,223797429.0
2015-02-17,3230.884,3246.906,3255.725,3230.772,228332624.0
2015-02-25,3256.479,3228.843,3257.223,3215.552,233348094.0
2015-02-26,3222.151,3298.359,3300.616,3202.188,301263875.0
2015-02-27,3296.831,3310.303,3324.546,3291.007,299163717.0
2015-03-02,3332.721,3336.285,3336.76,3298.669,346445671.0
2015-03-03,3317.695,3263.052,3317.695,3260.429,382044619.0
2015-03-04,3264.182,3279.533,3286.588,3250.484,293639522.0
2015-03-05,3264.085,3248.476,3266.638,3221.666,320663585.0
2015-03-06,3248.036,3241.187,3266.933,3234.533,282915791.0
2015-03-09,3224.314,3302.408,3307.702,3198.37,321495440.0
2015-03-10,3289.085,3286.068,3309.915,3277.095,285817576.0
2015-03-11,3289.594,3290.9,3325.054,3278.471,282985535.0
2015-03-12,3314.813,3349.323,3360.054,3300.488,357295105.0
2015-03-13,3359.488,3372.911,3391.255,3352.15,328410154.0
2015-03-16,3391.158,3449.305,3449.305,3377.087,399132430.0
2015-03-17,3469.603,3502.847,3504.123,3459.694,520939506.0
2015-03-18,3510.501,3577.301,3577.662,3503.853,545217144.0
2015-03-19,3576.019,3582.271,3600.684,3546.844,537346614.0
2015-03-20,3587.084,3617.318,3632.338,3569.38,516661669.0
2015-03-23,3640.104,3687.728,3688.249,3635.485,536062832.0
2015-03-24,3692.569,3691.41,3715.873,3600.698,639554669.0
2015-03-25,3680.953,3660.727,3693.151,3634.559,521886348.0
2015-03-26,3641.942,3682.095,3707.318,3615.011,488647203.0
2015-03-27,3686.134,3691.096,3710.477,3656.831,408945165.0
2015-03-30,3710.612,3786.568,3795.935,3710.612,564702353.0
2015-03-31,3822.987,3747.899,3835.567,3737.043,561676037.0
2015-04-01,3748.34,3810.294,3817.082,3742.213,447458319.0
2015-04-02,3827.689,3825.784,3835.451,3775.894,479299673.0
2015-04-03,3803.383,3863.929,3864.405,3792.211,473033311.0
2015-04-07,3899.42,3961.378,3961.666,3891.728,570447535.0
2015-04-08,3976.532,3994.811,4000.22,3903.648,618085419.0
2015-04-09,4006.13,3957.534,4016.396,3900.027,585176825.0
2015-04-10,3947.492,4034.31,4040.348,3929.319,484283619.0
2015-04-13,4072.723,4121.715,4128.072,4057.293,589814227.0
2015-04-14,4125.782,4135.565,4168.346,4091.257,610683541.0
2015-04-15,4135.648,4084.163,4175.494,4069.007,613005812.0
2015-04-16,4055.916,4194.823,4195.305,4031.244,551242956.0
2015-04-17,4254.723,4287.296,4317.223,4238.91,701706205.0
2015-04-20,4301.352,4217.077,4356.001,4190.681,857132807.0
2015-04-21,4212.185,4293.623,4294.375,4188.569,634470627.0
2015-04-22,4304.597,4398.494,4400.193,4297.951,680305086.0
2015-04-23,4414.485,4414.508,4444.41,4358.844,667344661.0
2015-04-24,4355.951,4393.686,4416.376,4318.119,628554996.0
2015-04-27,4441.929,4527.396,4529.735,4441.929,671088521.0
2015-04-28,4527.635,4476.215,4572.391,4432.904,767676416.0
2015-04-29,4446.119,4476.62,4499.945,4398.639,519834202.0
2015-04-30,4483.013,4441.655,4507.344,4441.054,526727975.0
2015-05-04,4441.343,4480.464,4487.57,4387.426,494173398.0
2015-05-05,4479.848,4298.706,4488.865,4282.237,572858596.0
2015-05-06,4311.641,4229.266,4376.353,4187.368,481732993.0
2015-05-07,4197.896,4112.214,4213.764,4108.009,394566653.0
2015-05-08,4152.984,4205.917,4206.86,4099.042,397428094.0
2015-05-11,4231.271,4333.584,4334.877,4187.82,488750515.0
2015-05-12,4342.37,4401.219,4402.309,4317.975,521866408.0
2015-05-13,4402.378,4375.76,4415.629,4342.481,510490475.0
2015-05-14,4372.816,4378.311,4397.745,4329.042,449077935.0
2015-05-15,4366.822,4308.691,4366.822,4278.553,439706198.0
2015-05-18,4277.895,4283.491,4324.826,4260.509,380057452.0
2015-05-19,4285.777,4417.552,4418.403,4285.777,436735224.0
2015-05-20,4434.979,4446.288,4520.538,4432.279,514106223.0
2015-05-21,4456.435,4529.422,4530.478,4438.258,464996520.0
2015-05-22,4584.984,4657.596,4658.273,4562.989,655591287.0
2015-05-25,4660.075,4813.798,4814.672,4656.825,682461391.0
2015-05-26,4854.85,4910.897,4911.685,4779.075,704892829.0
2015-05-27,4932.846,4941.714,4958.156,4857.056,681165379.0
2015-05-28,4943.742,4620.266,4986.503,4614.241,782964592.0
2015-05-29,4603.465,4611.744,4698.193,4431.563,611262409.0
2015-06-01,4633.098,4828.738,4829.502,4615.231,593389035.0
2015-06-02,4844.704,4910.527,4911.574,4797.552,623748099.0
2015-06-03,4924.381,4909.978,4942.065,4822.442,611453839.0
2015-06-04,4912.945,4947.102,4947.965,4647.407,674952402.0
2015-06-05,5016.088,5023.096,5051.626,4898.068,772240812.0
2015-06-08,5045.6942,5131.8809,5146.949,4997.4813,855035085.0
2015-06-09,5145.9781,5113.5337,5147.4537,5042.9627,729893818.0
2015-06-10,5049.1965,5106.0359,5164.1622,5001.4894,596969001.0
2015-06-11,5101.4398,5121.5925,5122.4566,5050.7646,563990522.0
2015-06-12,5143.3431,5166.35,5178.191,5103.4007,625627854.0
2015-06-15,5174.4182,5062.9929,5176.7945,5048.7419,637803984.0
2015-06-16,5004.4118,4887.432,5029.6836,4842.0999,550801407.0
2015-06-17,4890.5511,4967.8983,4983.658,4767.216,537101168.0
2015-06-18,4942.5198,4785.356,4966.7668,4780.8731,507440899.0
2015-06-19,4689.9286,4478.3643,4744.0812,4476.5008,452689626.0
2015-06-23,4471.613,4576.4922,4577.9394,4264.7724,473526128.0
2015-06-24,4604.5792,4690.1497,4691.7676,4552.1285,543003709.0
2015-06-25,4711.7632,4527.7789,4720.7005,4483.5477,572797533.0
2015-06-26,4399.933,4192.8734,4456.8958,4139.5304,565217874.0
2015-06-29,4289.7713,4053.0304,4297.4747,3875.0499,673786349.0
2015-06-30,4006.7537,4277.2219,4279.969,3847.8799,709176633.0
2015-07-01,4214.1499,4053.6997,4317.0527,4043.3667,598769427.0
2015-07-02,4058.6241,3912.7668,4080.3873,3795.2532,586015612.0
2015-07-03,3793.7121,3686.9153,3927.1275,3629.5556,548163111.0
2015-07-06,3975.2142,3775.9122,3975.2142,3653.0371,831139286.0
2015-07-07,3654.7775,3727.1248,3750.5696,3585.3989,698818688.0
2015-07-08,3467.3986,3507.1923,3599.2532,3421.5252,680356922.0
2015-07-09,3432.4536,3709.3304,3748.4785,3373.5396,656914612.0
2015-07-10,3707.4577,3877.8034,3959.2196,3677.4345,586364255.0
2015-07-13,3918.9895,3970.3878,4030.1947,3858.6368,643489007.0
2015-07-14,3958.3729,3924.4871,4035.4345,3855.56,670558799.0
2015-07-15,3874.9681,3805.7033,3914.2732,3741.2503,601301324.0
2015-07-16,3758.5045,3823.1755,3877.5141,3688.4415,492256200.0
2015-07-17,3831.4205,3957.3516,3994.4767,3814.1467,481726268.0
2015-07-20,3948.4208,3992.1096,4021.3255,3927.1214,539106714.0
2015-07-21,3939.8978,4017.6748,4041.8194,3912.8013,504288028.0
2015-07-22,3996.4268,4026.045,4042.3381,3960.8636,520732225.0
2015-07-23,4022.2677,4123.9234,4132.6119,4019.0382,563585966.0
2015-07-24,4124.7549,4070.908,4184.4487,4044.8311,627424860.0
2015-07-27,3985.5702,3725.5582,4051.1588,3720.4441,556003247.0
2015-07-28,3573.1428,3663.0024,3762.5256,3537.3576,563330042.0
2015-07-29,3689.8249,3789.168,3792.0722,3612.0641,434352085.0
2015-07-30,3773.7884,3705.7656,3844.374,3685.9555,457943228.0
2015-07-31,3655.6668,3663.7256,3729.5123,3620.1653,350955745.0
2015-08-03,3614.99,3622.9051,3648.943,3549.4962,363968731.0
2015-08-04,3621.8549,3756.5449,3757.0292,3601.2892,362901666.0
2015-08-05,3745.6459,3694.5733,3782.3522,3676.39,366422979.0
2015-08-06,3625.5035,3661.5392,3710.5699,3614.7419,274074663.0
2015-08-07,3692.6143,3744.2045,3756.7398,3686.2996,340757184.0
2015-08-10,3786.0326,3928.4154,3943.6236,3775.8535,497304319.0
2015-08-11,3928.8075,3927.9083,3970.3367,3891.179,538923460.0
2015-08-12,3881.2275,3886.3198,3937.7723,3871.1358,442688278.0
2015-08-13,3869.9108,3954.5561,3955.7894,3838.159,430073303.0
2015-08-14,3976.4054,3965.3349,4000.6843,3939.835,467988217.0
2015-08-17,3947.8444,3993.6677,3994.5371,3907.3991,460432060.0
2015-08-18,3999.1336,3748.1639,4006.3372,3743.3939,543770822.0
2015-08-19,3646.8032,3794.1094,3811.427,3558.3827,475396239.0
2015-08-20,3754.5667,3664.2907,3788.0054,3663.6067,390063057.0
2015-08-21,3609.9587,3507.744,3652.8368,3490.5401,369920479.0
2015-08-24,3373.4776,3209.905,3388.3638,3191.879,334671792.0
2015-08-25,3004.1261,2964.9674,3123.0339,2947.944,352325110.0
2015-08-26,2980.7941,2927.288,3092.0406,2850.7135,466699663.0
2015-08-27,2978.0296,3083.5912,3085.4222,2906.4901,400308398.0
2015-08-28,3125.2635,3232.3495,3235.8385,3102.9451,443136928.0
2015-08-31,3203.559,3205.9855,3207.8621,3109.1627,397431382.0
2015-09-01,3157.8318,3166.6239,3180.3312,3053.7377,432432468.0
2015-09-02,3027.6782,3160.167,3194.4847,3019.0866,438170153.0
2015-09-07,3149.3796,3080.4201,3217.5787,3066.3039,296468114.0
2015-09-08,3054.444,3170.4522,3174.7094,3011.117,255415465.0
2015-09-09,3182.5524,3243.0889,3256.7433,3165.6955,375327978.0
2015-09-10,3190.553,3197.8932,3243.2808,3178.9042,273261759.0
2015-09-11,3189.4788,3200.2337,3223.7622,3163.4489,224557822.0
2015-09-14,3221.1654,3114.798,3229.4818,3049.2298,346631158.0
2015-09-15,3043.8047,3005.1722,3081.7028,2983.9203,249194445.0
2015-09-16,2998.0358,3152.2632,3182.9343,2983.5352,277524524.0
2015-09-17,3131.9823,3086.0611,3204.7019,3085.3142,317602892.0
2015-09-18,3100.2796,3097.9172,3122.0478,3070.3355,209175398.0
2015-09-21,3072.0942,3156.5399,3159.8825,3060.8557,239897354.0
2015-09-22,3161.3179,3185.6187,3213.4755,3152.4805,274786154.0
2015-09-23,3137.723,3115.8881,3164.0406,3104.7439,236322670.0
2015-09-24,3126.4906,3142.6869,3151.1646,3109.6911,212887723.0
2015-09-25,3130.8513,3092.347,3149.9481,3062.9952,236263871.0
2015-09-28,3085.5674,3100.7559,3103.0685,3042.3103,156727530.0
2015-09-29,3055.2176,3038.1368,3068.2976,3021.157,163222673.0
2015-09-30,3052.8408,3052.7814,3073.2998,3039.7418,146642449.0
2015-10-08,3156.0747,3143.3573,3172.2814,3133.1266,234276050.0
2015-10-09,3146.6438,3183.1516,3192.7165,3137.7881,234851445.0
2015-10-12,3193.5397,3287.6624,3318.7139,3188.4066,386294715.0
2015-10-13,3262.1559,3293.2301,3298.6259,3253.2486,297153133.0
2015-10-14,3280.0198,3262.4414,3307.3154,3256.2531,295077739.0
2015-10-15,3255.0315,3338.073,3338.2966,3254.3923,316283851.0
2015-10-16,3358.2972,3391.3516,3393.0178,3334.8539,395460575.0
2015-10-19,3401.6272,3386.7003,3423.4021,3355.5661,378112183.0
2015-10-20,3377.5467,3425.3303,3425.5155,3357.8608,318973758.0
2015-10-21,3428.5608,3320.6761,3447.2577,3265.4359,458455428.0
2015-10-22,3292.2908,3368.7388,3373.776,3282.993,323739341.0
2015-10-23,3377.5483,3412.4338,3422.0223,3360.2179,347372854.0
2015-10-26,3448.6487,3429.5809,3457.517,3402.0,365560853.0
2015-10-27,3409.1366,3434.336,3441.5651,3332.6157,328172768.0
2015-10-28,3417.0106,3375.1961,3439.7582,3367.2311,293523284.0
2015-10-29,3387.7743,3387.3154,3411.7144,3362.5094,235676026.0
2015-10-30,3380.2838,3382.5612,3417.2013,3346.5907,243595118.0
2015-11-02,3337.5782,3325.0846,3391.0641,3322.3117,230951129.0
2015-11-03,3330.3163,3316.6954,3346.2749,3302.1835,192897428.0
2015-11-04,3325.6187,3459.6396,3459.6459,3325.6187,339078730.0
2015-11-05,3459.2151,3522.8185,3585.6571,3455.5251,553254947.0
2015-11-06,3514.4356,3590.0324,3596.3821,3508.827,429167033.0
2015-11-09,3588.4983,3646.8811,3673.7595,3588.4983,503016682.0
2015-11-10,3617.396,3640.4853,3669.5325,3607.8909,429746576.0
2015-11-11,3635.0036,3650.2494,3654.8773,3605.6209,360972651.0
2015-11-12,3656.8171,3632.9016,3659.3146,3603.2284,361717600.0
2015-11-13,3600.7639,3580.8388,3632.5562,3564.8093,345870933.0
2015-11-16,3522.4608,3606.9574,3607.6117,3519.4211,276187057.0
2015-11-17,3629.9765,3604.7951,3678.2725,3598.0682,383575468.0
2015-11-18,3605.0606,3568.4676,3617.0688,3558.6968,297580734.0
2015-11-19,3573.7756,3617.0618,3618.2133,3561.0438,247915576.0
2015-11-20,3620.7909,3630.4995,3640.5292,3607.9152,310801972.0
2015-11-23,3630.8665,3610.3195,3654.7543,3598.8708,315997474.0
2015-11-24,3602.887,3616.1125,3616.4841,3563.104,248810524.0
2015-11-25,3614.0681,3647.93,3648.3667,3607.5178,273024857.0
2015-11-26,3659.5742,3635.5521,3668.3764,3629.8648,306761582.0
2015-11-27,3616.5441,3436.303,3621.8965,3412.4272,354287525.0
2015-11-30,3433.8551,3445.4048,3470.3708,3327.8115,304197903.0
2015-12-01,3442.4412,3456.3085,3483.4139,3417.545,252390755.0
2015-12-02,3450.278,3536.9051,3538.8465,3427.6613,301491480.0
2015-12-03,3525.7274,3584.8237,3591.73,3517.2303,281111255.0
2015-12-04,3558.1489,3524.992,3568.9701,3510.4119,251736411.0
2015-12-07,3529.8063,3536.9272,3543.9454,3506.6248,208302579.0
2015-12-08,3518.6484,3470.0698,3518.6484,3466.7896,224367310.0
2015-12-09,3462.5827,3472.4394,3495.7017,3454.8794,195698845.0
2015-12-10,3469.8059,3455.4951,3503.6535,3446.273,200427517.0
2015-12-11,3441.5973,3434.5813,3455.5484,3410.9238,182908878.0
2015-12-14,3403.5065,3520.6682,3521.7794,3399.2803,215374620.0
2015-12-15,3518.1259,3510.3537,3529.9613,3496.854,200471341.0
2015-12-16,3522.0908,3516.1867,3538.6893,3506.2909,193482310.0
2015-12-17,3533.6283,3579.9989,3583.4081,3533.6283,283856476.0
2015-12-18,3574.9404,3578.964,3614.6976,3568.1605,273707904.0
2015-12-21,3568.5807,3642.4717,3651.0561,3565.7512,299849280.0
2015-12-22,3645.9896,3651.7672,3652.6348,3616.8697,261178763.0
2015-12-23,3653.2817,3636.0892,3684.5674,3633.0253,298201801.0
2015-12-24,3631.3129,3612.4851,3640.2207,3572.2773,227785225.0
2015-12-25,3614.0541,3627.9135,3635.2557,3601.7382,198451111.0
2015-12-28,3635.7691,3533.7788,3641.5875,3533.7788,269983278.0
2015-12-29,3528.3953,3563.7356,3564.1706,3515.52,182551923.0
2015-12-30,3566.7308,3572.8762,3573.6838,3538.1123,187889609.0
2015-12-31,3570.4671,3539.1819,3580.6023,3538.3527,176963659.0
2016-01-04,3536.5885,3296.2582,3538.6894,3295.7409,184418423.0
2016-01-05,3196.651,3287.7105,3328.1385,3189.6048,266882083.0
2016-01-06,3291.1947,3361.8404,3362.9739,3288.933,238886670.0
2016-01-07,3309.657,3125.0015,3309.657,3115.8853,70569123.0
2016-01-08,3194.6254,3186.412,3235.451,3056.8776,286440822.0
2016-01-11,3131.8533,3016.7038,3166.2153,3016.6967,271643691.0
2016-01-12,3026.1594,3022.8611,3047.6635,2978.4631,207659622.0
2016-01-13,3041.1072,2949.5968,3059.0149,2949.2904,194282106.0
2016-01-14,2874.0489,3007.6489,3012.2926,2867.5532,212905644.0
2016-01-15,2988.0483,2900.9698,3001.7081,2883.8679,198721697.0
2016-01-18,2847.5389,2913.8367,2945.4496,2844.7042,164699694.0
2016-01-19,2914.4078,3007.7393,3012.0684,2906.4038,205279703.0
2016-01-20,2993.0138,2976.6938,3016.2827,2951.9219,216505474.0
2016-01-21,2934.3912,2880.4816,2998.7904,2880.0848,191675668.0
2016-01-22,2911.1123,2916.5624,2931.3587,2851.7325,159810734.0
2016-01-25,2934.0781,2938.5149,2955.7826,2911.8286,153039057.0
2016-01-26,2907.7177,2749.7854,2911.9907,2743.8393,210836054.0
2016-01-27,2756.082,2735.5578,2768.7719,2638.3016,215722046.0
2016-01-28,2711.1582,2655.6609,2740.5358,2647.4931,171120280.0
2016-01-29,2652.8544,2737.5996,2755.3665,2649.7905,186673106.0
2016-02-01,2730.9844,2688.8536,2735.2551,2655.6234,156383744.0
2016-02-02,2687.9817,2749.5703,2755.1591,2687.9817,158078211.0
2016-02-03,2719.5737,2739.2469,2746.072,2696.8835,148397217.0
2016-02-04,2751.4317,2781.0227,2793.2981,2751.3135,170382018.0
2016-02-05,2783.0761,2763.492,2790.061,2762.1597,141186284.0
2016-02-15,2684.9614,2746.1958,2760.359,2682.09,129263932.0
2016-02-16,2758.579,2836.5705,2840.6224,2758.579,195961614.0
2016-02-17,2829.7636,2867.3379,2868.701,2824.3556,216909925.0
2016-02-18,2881.7769,2862.8927,2893.2148,2857.6989,219203873.0
2016-02-19,2854.904,2860.0208,2872.7236,2840.4876,163391413.0
2016-02-22,2888.5984,2927.175,2933.9638,2880.3474,232176042.0
2016-02-23,2925.7082,2903.3313,2928.048,2872.2816,199740663.0
2016-02-24,2889.8846,2928.896,2929.8712,2872.2741,213410384.0
2016-02-25,2922.2372,2741.2454,2922.2372,2729.8506,270284416.0
2016-02-26,2760.0575,2767.2097,2784.7525,2715.8743,191110472.0
2016-02-29,2754.8137,2687.9788,2755.8898,2638.9631,207410709.0
2016-03-01,2688.3799,2733.17,2747.5621,2668.7574,187207443.0
2016-03-02,2733.767,2849.6811,2852.7001,2732.5388,270961783.0
2016-03-03,2847.3305,2859.7582,2878.445,2840.8741,287478210.0
2016-03-04,2848.5384,2874.1468,2880.3719,2808.8493,312495169.0
2016-03-07,2886.6403,2897.3395,2911.8386,2871.3462,217466836.0
2016-03-08,2895.6664,2901.387,2902.6212,2802.5628,233482661.0
2016-03-09,2839.4112,2862.556,2863.0147,2811.7175,183355383.0
2016-03-10,2847.567,2804.7255,2863.1763,2803.4764,138979461.0
2016-03-11,2781.6004,2810.3074,2815.6074,2772.5512,127247554.0
2016-03-14,2830.0836,2859.499,2889.8164,2823.0282,194816030.0
2016-03-15,2853.9776,2864.3684,2865.787,2819.7949,163386667.0
2016-03-16,2858.7085,2870.43,2881.5293,2854.1919,186492535.0
2016-03-17,2875.4108,2904.8319,2921.0002,2857.1913,200290213.0
2016-03-18,2915.5177,2955.1498,2971.5508,2908.7416,313332735.0
2016-03-21,2978.4554,3018.8017,3028.3215,2973.7575,352400438.0
2016-03-22,3001.63,2999.3628,3019.1008,2988.4256,270377322.0
2016-03-23,2991.1685,3009.9604,3012.5596,2980.8554,216977462.0
2016-03-24,2986.801,2960.9704,2998.1537,2960.5366,237006403.0
2016-03-25,2956.1997,2979.4343,2981.4077,2952.1057,175074344.0
2016-03-28,2988.0104,2957.82,3008.1675,2948.5259,202021241.0
2016-03-29,2956.7052,2919.8318,2962.2029,2905.2513,182965345.0
2016-03-30,2941.2177,3000.6449,3001.1055,2941.2177,210371451.0
2016-03-31,3009.3672,3003.9152,3023.4086,2992.9155,220413445.0
2016-04-01,2997.0883,3009.5298,3009.6729,2956.247,206545866.0
2016-04-05,3000.9382,3053.0654,3057.3297,2993.1476,256730344.0
2016-04-06,3039.7449,3050.592,3059.7937,3029.0049,232262051.0
2016-04-07,3058.3388,3008.42,3062.3579,3007.0603,220919506.0
2016-04-08,2988.2,2984.9582,2996.1706,2960.46,187904633.0
2016-04-11,3006.909,3033.957,3048.9766,3006.909,220018324.0
2016-04-12,3031.3013,3023.6464,3036.8249,3001.3151,182718668.0
2016-04-13,3041.3584,3066.6381,3097.1648,3041.3584,310003246.0
2016-04-14,3080.09,3082.3615,3086.6975,3056.9886,208237830.0
2016-04-15,3085.0263,3078.1166,3089.9509,3066.8721,189613051.0
2016-04-18,3058.4629,3033.6604,3058.4629,3022.9701,183304512.0
2016-04-19,3047.1326,3042.8232,3054.5032,3024.8951,156533200.0
2016-04-20,3050.3805,2972.5837,3055.689,2905.0485,283144219.0
2016-04-21,2954.3703,2952.8911,2990.6729,2943.464,189406849.0
2016-04-22,2933.0349,2959.24,2960.2089,2926.7759,137211668.0
2016-04-25,2949.9727,2946.6704,2954.0921,2917.0202,125856243.0
2016-04-26,2944.7156,2964.6997,2965.4291,2933.9707,117711604.0
2016-04-27,2967.1902,2953.6709,2976.0221,2949.4322,130867640.0
2016-04-28,2955.7421,2945.5886,2959.5123,2916.3744,138663274.0
2016-04-29,2935.3756,2938.3235,2950.5761,2930.3565,109310628.0
2016-05-03,2940.3923,2992.6432,2993.5346,2929.8148,168703643.0
2016-05-04,2983.0266,2991.2721,3004.4184,2978.3295,165407106.0
2016-05-05,2987.0224,2997.8416,2999.1181,2977.1998,144831383.0
2016-05-06,2998.4022,2913.2476,3003.5904,2913.0361,206796498.0
2016-05-09,2896.1623,2832.1125,2896.1623,2821.8261,180378330.0
2016-05-10,2822.3273,2832.5912,2845.2376,2820.1642,120829310.0
2016-05-11,2843.5448,2837.0372,2857.2539,2818.6989,135795466.0
2016-05-12,2812.1083,2835.8618,2839.2763,2781.2362,136337655.0
2016-05-13,2828.4615,2827.1087,2850.0929,2814.1146,114319710.0
2016-05-16,2816.7754,2850.8617,2851.229,2804.9907,114653592.0
2016-05-17,2850.9264,2843.6841,2860.3205,2832.4592,123369064.0
2016-05-18,2828.178,2807.5141,2828.2552,2781.4165,140487826.0
2016-05-19,2802.3147,2806.9061,2829.4023,2801.5475,111595071.0
2016-05-20,2792.8883,2825.4831,2825.9517,2785.0795,108700899.0
2016-05-23,2826.3123,2843.645,2848.0713,2826.2562,120470455.0
2016-05-24,2839.6823,2821.6663,2839.695,2807.1878,111452445.0
2016-05-25,2835.0293,2815.0863,2843.165,2807.7488,103527265.0
2016-05-26,2813.5431,2822.4429,2827.0916,2780.7634,114766797.0
2016-05-27,2817.9684,2821.046,2832.7994,2809.7992,109845823.0
2016-05-30,2814.6507,2822.4509,2830.9697,2794.6608,106319589.0
2016-05-31,2822.5927,2916.616,2917.1351,2822.5927,215260341.0
2016-06-01,2917.1541,2913.5077,2929.0759,2909.5121,188386421.0
2016-06-02,2911.2193,2925.2293,2925.6702,2906.5242,159716916.0
2016-06-03,2929.7881,2938.682,2945.5193,2915.185,172021023.0
2016-06-06,2940.9943,2934.0979,2945.9416,2922.2833,141993742.0
2016-06-07,2936.2821,2936.0449,2938.444,2923.502,132987867.0
2016-06-08,2932.3761,2927.159,2937.9863,2908.3666,143046071.0
2016-06-13,2897.2731,2833.0707,2911.1582,2832.5072,169255434.0
2016-06-14,2824.2285,2842.1886,2843.4558,2822.0609,119755274.0
2016-06-15,2814.6931,2887.2101,2894.2639,2811.7808,166671069.0
2016-06-16,2878.4023,2872.8166,2887.7426,2865.3878,173882767.0
2016-06-17,2873.0089,2885.105,2900.2993,2872.1845,171472517.0
2016-06-20,2887.6358,2888.8091,2891.6583,2864.0199,136571051.0
2016-06-21,2898.3837,2878.5575,2919.302,2869.1759,164359089.0
2016-06-22,2872.7337,2905.5495,2905.978,2869.5133,130590424.0
2016-06-23,2902.3979,2891.9602,2904.1115,2878.661,136137375.0
2016-06-24,2883.759,2854.2864,2899.5689,2807.5976,190842609.0
2016-06-27,2840.5585,2895.7033,2895.731,2840.2765,156697472.0
2016-06-28,2885.0112,2912.5574,2913.5817,2878.8243,173871047.0
2016-06-29,2918.5337,2931.5923,2933.9974,2915.0618,193215586.0
2016-06-30,2931.4805,2929.6057,2938.1374,2922.3124,154464930.0
2016-07-01,2931.8016,2932.4758,2944.9894,2925.8101,141246227.0
2016-07-04,2924.293,2988.604,2992.4978,2922.5196,222017132.0
2016-07-05,2991.7524,3006.3919,3010.275,2990.6416,235204450.0
2016-07-06,2998.5207,3017.2924,3017.6523,2984.8278,212370920.0
2016-07-07,3009.3533,3016.8467,3024.1087,2994.6426,222681667.0
2016-07-08,3000.3263,2988.0939,3001.5506,2983.881,168986859.0
2016-07-11,2993.7489,2994.9167,3022.9439,2990.9071,224338224.0
2016-07-12,2992.5195,3049.381,3049.6814,2984.4205,259486295.0
2016-07-13,3049.5128,3060.6893,3069.0469,3048.1991,253659384.0
2016-07-14,3054.9748,3054.0182,3057.0458,3036.5234,180194804.0
2016-07-15,3056.6817,3054.296,3062.6832,3044.5375,172866398.0
2016-07-18,3047.6373,3043.5643,3058.3214,3031.6388,177496562.0
2016-07-19,3040.2257,3036.5979,3043.5999,3014.2889,155361466.0
2016-07-20,3034.7139,3027.8995,3042.997,3022.6309,138242815.0
2016-07-21,3027.6042,3039.0091,3053.3336,3027.3676,163767370.0
2016-07-22,3038.1182,3012.8157,3039.27,3007.4567,162010181.0
2016-07-25,3008.0937,3015.8278,3027.1228,3003.2921,144206582.0
2016-07-26,3014.0397,3050.1661,3050.6145,3013.8021,156694506.0
2016-07-27,3050.3675,2991.9991,3057.4237,2939.2273,280160915.0
2016-07-28,2980.5012,2994.3234,3003.3631,2968.182,190564950.0
2016-07-29,2992.5355,2979.3388,3000.0546,2972.9166,150101534.0
2016-08-01,2971.9491,2953.3854,2972.8751,2931.9633,147407763.0
2016-08-02,2950.0796,2971.2787,2971.2787,2946.6365,115468900.0
2016-08-03,2963.2145,2978.4608,2981.1555,2956.7856,141141332.0
2016-08-04,2976.4096,2982.4261,2982.8601,2958.9332,133933301.0
2016-08-05,2978.7776,2976.6962,2991.6767,2971.5638,141857101.0
2016-08-08,2972.6248,3004.2767,3004.7182,2959.0477,155729833.0
2016-08-09,3001.3063,3025.6805,3025.9108,2998.6766,169995446.0
2016-08-10,3023.4724,3018.7459,3033.1964,3017.0903,164675165.0
2016-08-11,3013.6776,3002.6376,3038.0478,3001.1681,161879481.0
2016-08-12,3000.2731,3050.6674,3051.0541,2999.039,168173657.0
2016-08-15,3056.4835,3125.1952,3137.4763,3053.8705,297616506.0
2016-08-16,3130.5333,3110.0369,3140.4408,3102.0653,278328934.0
2016-08-17,3106.9911,3109.5549,3114.2545,3090.2811,213839637.0
2016-08-18,3107.7527,3104.1138,3125.5812,3093.3171,229359081.0
2016-08-19,3100.3912,3108.102,3113.3438,3082.771,194347453.0
2016-08-22,3107.3812,3084.8051,3112.7395,3083.5932,185387927.0
2016-08-23,3081.5717,3089.7055,3101.1095,3073.5292,161368965.0
2016-08-24,3092.0197,3085.8804,3097.1483,3079.5478,145707440.0
2016-08-25,3073.4441,3068.3294,3073.4441,3041.5053,174032980.0
2016-08-26,3069.8504,3070.3088,3087.6522,3063.894,149663901.0
2016-08-29,3068.4602,3070.0273,3074.9433,3058.7853,144500007.0
2016-08-30,3071.4404,3074.6768,3082.9879,3065.9713,140434811.0
2016-08-31,3072.9164,3085.491,3087.6977,3063.3963,141368609.0
2016-09-01,3083.9606,3063.3054,3088.7043,3062.8763,155191093.0
2016-09-02,3057.4945,3067.352,3072.5258,3050.4924,150446920.0
2016-09-05,3070.707,3072.0953,3085.4853,3065.329,144963317.0
2016-09-06,3071.0554,3090.7127,3095.5092,3053.1868,172908524.0
2016-09-07,3091.3287,3091.9281,3105.6775,3087.8794,186956763.0
2016-09-08,3089.9529,3095.9543,3096.7832,3083.9015,145883771.0
2016-09-09,3095.4269,3078.8548,3101.7922,3078.2183,160692924.0
2016-09-12,3037.5073,3021.9771,3040.9522,2999.9288,206012086.0
2016-09-13,3025.0345,3023.5095,3029.7208,3008.7405,135387580.0
2016-09-14,3008.9044,3002.8486,3017.9447,2995.4156,133413401.0
2016-09-19,3005.3228,3026.0513,3026.6512,3005.3228,119225027.0
2016-09-20,3027.1717,3022.9995,3027.8165,3015.8804,118924117.0
2016-09-21,3021.5762,3025.8736,3032.4503,3017.5408,115721213.0
2016-09-22,3038.422,3042.3132,3054.4351,3035.0703,139309554.0
2016-09-23,3044.7858,3033.8956,3046.8047,3032.8023,125590976.0
2016-09-26,3028.2428,2980.4295,3028.2428,2980.1169,144330286.0
2016-09-27,2974.593,2998.1723,2998.2333,2969.1321,121701450.0
2016-09-28,3000.6954,2987.8576,3000.6954,2984.3206,104625697.0
2016-09-29,2992.1683,2998.4827,3009.1984,2991.9088,113213919.0
2016-09-30,2994.2507,3004.703,3009.1953,2993.0617,101333562.0
2016-10-10,3020.4566,3048.1428,3048.2358,3014.6198,160051104.0
2016-10-11,3051.6216,3065.2497,3066.104,3048.0175,167273496.0
2016-10-12,3057.3163,3058.4981,3060.5142,3048.8881,142493577.0
2016-10-13,3057.9724,3061.3458,3064.9989,3052.6403,154756725.0
2016-10-14,3056.9927,3063.8086,3064.7895,3043.1841,155373705.0
2016-10-17,3064.691,3041.1663,3068.812,3033.7532,163733265.0
2016-10-18,3037.4036,3083.8751,3084.1867,3037.4036,182042460.0
2016-10-19,3085.749,3084.7189,3096.2228,3076.7705,182470143.0
2016-10-20,3084.9076,3084.4577,3089.682,3076.2949,160691364.0
2016-10-21,3081.3891,3090.9412,3101.8486,3069.2669,187388072.0
2016-10-24,3092.0466,3128.2467,3137.0335,3090.7864,240522349.0
2016-10-25,3127.9684,3131.9385,3132.5046,3121.0499,203380898.0
2016-10-26,3129.8382,3116.3119,3129.8382,3110.3874,191663263.0
2016-10-27,3112.6028,3112.3498,3114.7587,3100.3918,158008789.0
2016-10-28,3111.7035,3104.2703,3128.6427,3101.2371,181774123.0
2016-10-31,3097.1881,3100.492,3102.3015,3081.0722,151506764.0
2016-11-01,3101.6639,3122.4356,3122.6147,3097.0423,160232032.0
2016-11-02,3115.7291,3102.7326,3118.9773,3099.8196,182722067.0
2016-11-03,3096.765,3128.9356,3140.9298,3094.1025,222986260.0
2016-11-04,3126.3489,3125.3167,3141.3337,3119.5354,197683197.0
2016-11-07,3124.892,3133.3326,3139.2017,3117.0961,179418490.0
2016-11-08,3140.9435,3147.8875,3156.8812,3134.9547,190846979.0
2016-11-09,3146.0775,3128.3702,3146.9497,3096.9466,241114958.0
2016-11-10,3148.544,3171.282,3172.3085,3148.544,244192602.0
2016-11-11,3169.4007,3196.0436,3202.7401,3166.0696,310854579.0
2016-11-14,3187.7093,3210.371,3221.4584,3186.7956,329608313.0
2016-11-15,3209.9546,3206.9858,3214.292,3195.0353,240886350.0
2016-11-16,3208.4973,3205.0572,3210.8927,3195.4105,221766993.0
2016-11-17,3198.4985,3208.4525,3211.0527,3187.2056,214206240.0
2016-11-18,3207.1933,3192.8559,3212.394,3187.4963,209826639.0
2016-11-21,3188.4964,3218.1477,3229.7568,3188.2799,230652844.0
2016-11-22,3220.9825,3248.3517,3249.6765,3220.9825,261631547.0
2016-11-23,3247.9448,3241.1366,3262.8788,3231.5863,249959592.0
2016-11-24,3237.428,3241.7359,3257.8574,3232.869,232324527.0
2016-11-25,3241.2433,3261.9378,3262.4379,3209.5979,233921601.0
2016-11-28,3270.0471,3276.9996,3288.3372,3267.6736,281551253.0
2016-11-29,3269.2339,3282.9238,3301.2133,3263.3973,320836287.0
2016-11-30,3272.1422,3250.0344,3277.2694,3239.5206,243576053.0
2016-12-01,3257.0268,3273.3093,3279.6707,3256.2555,237759864.0
2016-12-02,3270.1205,3243.8432,3279.7137,3235.277,259567205.0
2016-12-05,3203.7844,3204.7092,3219.5181,3194.8785,223010394.0
2016-12-06,3202.0293,3199.6473,3215.3114,3196.5248,157572693.0
2016-12-07,3198.4748,3222.2415,3222.428,3189.485,169072847.0
2016-12-08,3225.5499,3215.3658,3228.122,3211.4712,170710173.0
2016-12-09,3209.3395,3232.8834,3244.8013,3207.0433,204023956.0
2016-12-12,3233.6661,3152.9704,3245.0946,3149.8955,274708461.0
2016-12-13,3138.9881,3155.0374,3162.496,3118.7121,185164495.0
2016-12-14,3149.3774,3140.5308,3170.0208,3136.348,201358887.0
2016-12-15,3125.7568,3117.677,3138.7793,3100.9128,189990626.0
2016-12-16,3111.5145,3122.9815,3128.8735,3106.3464,164988699.0
2016-12-19,3120.6963,3118.0846,3125.284,3110.0817,154169716.0
2016-12-20,3115.8984,3102.8759,3117.0145,3084.7997,157426759.0
2016-12-21,3107.2396,3137.4297,3140.2512,3107.2396,186706607.0
2016-12-22,3132.1558,3139.558,3143.1685,3126.8872,167804990.0
2016-12-23,3134.9292,3110.1544,3138.404,3103.7476,166176769.0
2016-12-26,3095.5787,3122.569,3122.8812,3068.415,152571881.0
2016-12-27,3117.3868,3114.664,3127.8828,3113.7451,141528939.0
2016-12-28,3113.7671,3102.2357,3118.7818,3094.5488,135727087.0
2016-12-29,3095.8447,3096.0968,3111.7994,3087.344,132623292.0
2016-12-30,3097.3454,3103.6373,3108.8393,3089.9894,133267130.0
2017-01-03,3105.3085,3135.9208,3136.4558,3105.3085,141567187.0
2017-01-04,3133.7873,3158.794,3160.1029,3130.1145,167860850.0
2017-01-05,3157.9063,3165.4109,3168.5021,3154.281,174727645.0
2017-01-06,3163.7761,3154.321,3172.0347,3153.0253,183708966.0
2017-01-09,3148.5317,3171.2362,3173.136,3147.7351,171714075.0
2017-01-10,3167.5701,3161.6713,3174.5781,3157.3322,179759216.0
2017-01-11,3156.6856,3136.7535,3167.0288,3136.2667,178362221.0
2017-01-12,3133.6015,3119.2886,3144.9699,3115.9787,148889240.0
2017-01-13,3116.0827,3112.7644,3130.5146,3102.1628,156274214.0
2017-01-16,3104.4924,3103.428,3105.1423,3044.2912,257885996.0
2017-01-17,3087.0295,3108.7746,3108.9072,3072.3384,136157861.0
2017-01-18,3104.7664,3113.0123,3123.7203,3098.5864,131780128.0
2017-01-19,3104.9715,3101.2992,3115.7778,3094.0055,123851420.0
2017-01-20,3095.8185,3123.1389,3125.6599,3095.2147,122366777.0
2017-01-23,3125.4209,3136.7748,3145.8411,3125.4209,132660392.0
2017-01-24,3134.5921,3142.5533,3149.5312,3131.2181,125973881.0
2017-01-25,3137.6462,3149.5547,3151.4723,3133.1911,112073827.0
2017-01-26,3149.2167,3159.166,3163.1041,3148.9083,113876772.0
2017-02-03,3160.0816,3140.17,3162.6771,3136.013,92224736.0
2017-02-06,3143.0931,3156.9838,3158.8433,3135.3869,127198283.0
2017-02-07,3154.4046,3153.0878,3159.544,3140.0356,128337442.0
2017-02-08,3148.086,3166.9818,3167.4465,3132.0333,144920187.0
2017-02-09,3164.6875,3183.1794,3186.838,3162.5744,191640327.0
2017-02-10,3183.0069,3196.699,3205.049,3182.8021,239348913.0
2017-02-13,3198.9946,3216.8394,3219.4072,3198.9946,220191508.0
2017-02-14,3216.137,3217.928,3219.4047,3205.2853,188798088.0
2017-02-15,3215.4639,3212.9857,3235.9977,3206.5606,241507706.0
2017-02-16,3210.3567,3229.6184,3230.2754,3207.7852,216955942.0
2017-02-17,3227.7073,3202.0756,3238.3959,3199.4248,226228177.0
2017-02-20,3198.9633,3239.9613,3241.458,3198.9633,232152096.0
2017-02-21,3242.2226,3253.3257,3254.3355,3239.8775,211673066.0
2017-02-22,3252.6898,3261.2184,3261.3808,3243.8398,207453776.0
2017-02-23,3258.8319,3251.375,3264.0819,3236.3549,209179800.0
2017-02-24,3246.8603,3253.4327,3253.9556,3233.5348,186406362.0
2017-02-27,3249.1945,3228.6602,3251.6543,3224.0884,182581071.0
2017-02-28,3225.9689,3241.7331,3242.679,3225.9689,151244318.0
2017-03-01,3240.0726,3246.9335,3259.9781,3237.8714,190677550.0
2017-03-02,3250.5183,3230.0281,3256.8074,3228.6647,181215076.0
2017-03-03,3219.2019,3218.3118,3221.1553,3206.6127,157082368.0
2017-03-06,3217.3345,3233.8657,3234.6626,3215.067,156092158.0
2017-03-07,3233.0939,3242.4063,3242.6591,3226.8219,164064235.0
2017-03-08,3240.5323,3240.6646,3245.3043,3230.6083,160731388.0
2017-03-09,3233.7007,3216.7457,3233.8749,3205.2794,167371108.0
2017-03-10,3213.7294,3212.7601,3222.3189,3208.4472,136672743.0
2017-03-13,3209.4492,3237.0244,3237.1212,3193.1565,163673760.0
2017-03-14,3235.2515,3239.3278,3246.3285,3231.5209,146946022.0
2017-03-15,3235.403,3241.7597,3243.713,3227.7377,144055682.0
2017-03-16,3247.1628,3268.9354,3269.77,3247.1628,189416002.0
2017-03-17,3271.8665,3237.4471,3274.1903,3232.2806,200583223.0
2017-03-20,3241.1101,3250.8082,3251.1271,3228.1177,170548430.0
2017-03-21,3250.2473,3261.6108,3262.2209,3246.6959,162719306.0
2017-03-22,3246.2233,3245.2198,3255.7779,3229.1283,189731649.0
2017-03-23,3245.8078,3248.5495,3262.0914,3221.9344,193029144.0
2017-03-24,3247.3495,3269.4451,3275.2066,3241.1233,219777914.0
2017-03-27,3268.924,3266.9552,3283.2393,3262.1184,201852675.0
2017-03-28,3265.6344,3252.9479,3265.6344,3246.0861,161710013.0
2017-03-29,3252.8653,3241.3144,3262.0976,3233.2795,216105575.0
2017-03-30,3235.1369,3210.2369,3240.0174,3195.8524,247135479.0
2017-03-31,3206.2529,3222.5142,3226.2483,3205.5365,196442922.0
2017-04-05,3235.6603,3270.3054,3270.6453,3233.2367,248320202.0
2017-04-06,3272.1926,3281.0047,3286.6739,3265.7645,245287999.0
2017-04-07,3280.6239,3286.616,3295.187,3275.0507,236108942.0
2017-04-10,3285.4594,3269.3926,3285.4594,3265.0121,232694616.0
2017-04-11,3266.2219,3288.9657,3290.3887,3244.4047,281281248.0
2017-04-12,3283.8369,3273.8301,3284.9338,3262.2773,269381790.0
2017-04-13,3265.2181,3275.9603,3281.1369,3261.4901,207346875.0
2017-04-14,3276.1381,3246.0668,3276.7112,3238.8959,214508558.0
2017-04-17,3229.9491,3222.1673,3229.9491,3199.9121,212737189.0
2017-04-18,3215.3963,3196.7133,3225.0546,3196.4884,188661353.0
2017-04-19,3184.666,3170.6867,3189.4368,3147.0655,213238075.0
2017-04-20,3165.665,3172.1003,3178.1826,3148.1844,190873985.0
2017-04-21,3170.2899,3173.1512,3180.7944,3158.6286,164761740.0
2017-04-24,3164.2479,3129.5312,3164.2479,3111.2145,186277434.0
2017-04-25,3123.8943,3134.5674,3145.2672,3117.4488,153418307.0
2017-04-26,3132.9181,3140.8471,3152.9534,3131.418,169878107.0
2017-04-27,3131.3496,3152.1869,3155.0033,3097.3334,211793073.0
2017-04-28,3144.0219,3154.6584,3154.7266,3136.5781,162889899.0
2017-05-02,3147.2275,3143.7121,3154.7812,3136.5391,154222962.0
2017-05-03,3138.3068,3135.346,3148.2857,3123.7509,163763924.0
2017-05-04,3127.1058,3127.3687,3143.8179,3111.3912,177967485.0
2017-05-05,3114.7735,3103.0378,3117.6141,3092.0918,176213641.0
2017-05-08,3090.0652,3078.6129,3093.4516,3067.6943,180526904.0
2017-05-09,3064.8484,3080.5269,3084.2077,3056.558,135066674.0
2017-05-10,3078.1728,3052.785,3090.8191,3051.5896,160794452.0
2017-05-11,3036.7891,3061.5003,3063.5637,3016.5305,191341901.0
2017-05-12,3054.1123,3083.5132,3090.4914,3051.8713,159684099.0
2017-05-15,3085.9319,3090.2289,3098.9125,3085.9319,135660728.0
2017-05-16,3082.8717,3112.9642,3113.5116,3060.5344,173775564.0
2017-05-17,3107.802,3104.4415,3119.5816,3101.2953,168674158.0
2017-05-18,3082.3288,3090.139,3103.4413,3077.9631,148620035.0
2017-05-19,3086.7054,3090.6309,3095.4826,3081.278,129635230.0
2017-05-22,3087.1705,3075.6756,3103.9375,3063.1529,153683730.0
2017-05-23,3069.3935,3061.947,3084.2352,3050.8423,178310599.0
2017-05-24,3047.5681,3064.0759,3064.8127,3022.3026,139813353.0
2017-05-25,3055.3425,3107.8311,3114.6578,3052.8309,191391841.0
2017-05-26,3101.2864,3110.0587,3120.6627,3100.3877,155923486.0
2017-05-31,3125.3252,3117.1778,3143.2787,3111.5563,152950430.0
2017-06-01,3108.4214,3102.6232,3113.5212,3097.6794,163015719.0
2017-06-02,3094.2253,3105.54,3110.3891,3081.8485,142504925.0
2017-06-05,3102.1095,3091.6561,3105.5056,3084.8301,132570300.0
2017-06-06,3084.5401,3102.126,3102.8633,3078.7872,113439963.0
2017-06-07,3101.7608,3140.3249,3140.7743,3098.9508,173229014.0
2017-06-08,3136.4705,3150.3336,3153.2635,3132.8278,152277659.0
2017-06-09,3147.4533,3158.4004,3165.9197,3146.1075,160136334.0
2017-06-12,3149.5266,3139.8766,3164.9502,3135.314,146729425.0
2017-06-13,3134.0089,3153.7429,3155.9895,3131.0431,128318279.0
2017-06-14,3146.748,3130.674,3149.1731,3125.3546,138347042.0
2017-06-15,3125.5865,3132.4863,3137.5854,3117.084,146954245.0
2017-06-16,3126.3728,3123.1662,3134.2511,3117.8567,129652758.0
2017-06-19,3122.1578,3144.3739,3146.7703,3121.7787,134891758.0
2017-06-20,3148.0187,3140.0136,3150.4646,3134.6106,141191802.0
2017-06-21,3148.9861,3156.2118,3157.0275,3132.6173,136688268.0
2017-06-22,3152.2424,3147.4532,3186.9823,3146.6432,191344006.0
2017-06-23,3138.4441,3157.873,3158.0474,3118.0946,154843648.0
2017-06-26,3157.0022,3185.4439,3187.8891,3156.9767,173579211.0
2017-06-27,3183.4198,3191.1969,3193.4613,3172.463,148201198.0
2017-06-28,3183.6334,3173.2014,3193.4397,3170.7859,146516720.0
2017-06-29,3174.9811,3188.0625,3188.7741,3174.2835,128755470.0
2017-06-30,3176.9481,3192.4269,3193.2411,3171.5703,121464543.0
2017-07-03,3191.9982,3195.9116,3196.2861,3177.0244,140305717.0
2017-07-04,3192.8885,3182.8039,3193.0644,3174.314,141114967.0
2017-07-05,3179.2169,3207.1342,3207.3095,3174.7081,148296483.0
2017-07-06,3203.8631,3212.444,3215.95,3188.7733,175809287.0
2017-07-07,3203.8225,3217.9567,3219.5232,3195.2905,176715416.0
2017-07-10,3208.4627,3212.6319,3223.3402,3203.2089,198928010.0
2017-07-11,3201.5169,3203.0375,3226.908,3199.2235,187837262.0
2017-07-12,3201.9292,3197.5439,3215.1962,3177.9346,186900880.0
2017-07-13,3192.3615,3218.1632,3219.2683,3190.3393,195303611.0
2017-07-14,3212.0316,3222.4168,3222.9784,3204.8529,160126773.0
2017-07-17,3219.7914,3176.4648,3230.354,3139.5035,266205274.0
2017-07-18,3159.7318,3187.5672,3187.671,3150.1284,190623060.0
2017-07-19,3181.4015,3230.9762,3232.9408,3179.73,272420726.0
2017-07-20,3227.5056,3244.8647,3246.236,3225.4328,232108392.0
2017-07-21,3236.5881,3237.9817,3247.7122,3231.9556,206003251.0
2017-07-24,3230.898,3250.5989,3261.1046,3230.0705,233056399.0
2017-07-25,3249.1376,3243.6894,3261.6454,3233.1376,205573873.0
2017-07-26,3244.4608,3247.6748,3264.8483,3228.0389,213542005.0
2017-07-27,3243.765,3249.7814,3251.9261,3220.6366,228485945.0
2017-07-28,3240.1728,3253.2404,3256.3706,3232.9634,182226880.0
2017-07-31,3252.7519,3273.0283,3276.9461,3251.1941,246039440.0
2017-08-01,3274.3685,3292.6383,3292.6383,3273.5038,237194594.0
2017-08-02,3288.5183,3285.0568,3305.4313,3282.0377,266730628.0
2017-08-03,3279.9864,3272.9286,3293.3686,3262.1554,233277004.0
2017-08-04,3269.3182,3262.0809,3287.1929,3261.3066,275906340.0
2017-08-07,3257.67,3279.4566,3280.1035,3243.7153,231173379.0
2017-08-08,3277.1887,3281.8728,3285.4833,3269.6582,252043537.0
2017-08-09,3277.8083,3275.573,3277.9433,3263.8468,235597907.0
2017-08-10,3269.7347,3261.7494,3282.519,3236.1829,240684622.0
2017-08-11,3237.9222,3208.5413,3245.1163,3200.7481,262962995.0
2017-08-14,3206.0436,3237.3602,3240.0517,3206.0436,190346796.0
2017-08-15,3235.2298,3251.2617,3263.5892,3235.1013,182297997.0
2017-08-16,3247.8525,3246.4512,3248.785,3228.8705,176852051.0
2017-08-17,3253.8455,3268.4298,3269.1389,3251.4593,203622551.0
2017-08-18,3253.2434,3268.7243,3275.0763,3248.0833,191122483.0
2017-08-21,3274.5805,3286.9055,3287.5186,3270.4753,186122483.0
2017-08-22,3287.6147,3290.2257,3293.476,3274.941,186537991.0
2017-08-23,3283.7966,3287.7049,3299.4572,3274.4404,179832208.0
2017-08-24,3287.9594,3271.5117,3297.9886,3266.3589,163468937.0
2017-08-25,3271.4608,3331.5221,3331.9146,3271.4608,205839482.0
2017-08-28,3336.1264,3362.6514,3375.0339,3336.1264,257461438.0
2017-08-29,3362.0604,3365.2261,3374.5947,3354.4627,219504535.0
2017-08-30,3361.8207,3363.6266,3376.6481,3357.0803,246863312.0
2017-08-31,3361.4621,3360.8103,3367.3581,3340.6865,234419781.0
2017-09-01,3365.9913,3367.1194,3381.9252,3358.4724,282497584.0
2017-09-04,3369.7185,3379.583,3381.4027,3359.1309,267427849.0
2017-09-05,3377.1968,3384.317,3390.8233,3371.5706,216552946.0
2017-09-06,3372.4277,3385.3888,3391.0105,3364.7645,229090785.0
2017-09-07,3383.6281,3365.4974,3387.7956,3363.1765,221118685.0
2017-09-08,3364.4275,3365.2426,3380.8898,3353.6876,198405184.0
2017-09-11,3365.3506,3376.4188,3384.81,3360.0462,219011019.0
2017-09-12,3381.487,3379.488,3391.0694,3370.8519,272910319.0
2017-09-13,3374.7185,3384.147,3387.1397,3366.5412,194550715.0
2017-09-14,3383.47,3371.4256,3391.6435,3361.3335,221306487.0
2017-09-15,3365.1454,3353.6192,3365.5277,3345.3283,219765816.0
2017-09-18,3352.5134,3362.8587,3371.7486,3352.5134,190319676.0
2017-09-19,3365.5315,3356.8446,3370.4009,3344.7054,191129691.0
2017-09-20,3352.1848,3365.9959,3370.0978,3346.5356,192196661.0
2017-09-21,3364.6977,3357.8123,3377.8844,3356.8754,197448695.0
2017-09-22,3347.1569,3352.5294,3356.4514,3334.9846,179234007.0
2017-09-25,3344.5886,3341.5487,3350.9612,3334.9438,169621293.0
2017-09-26,3336.3497,3343.5826,3347.1629,3332.5985,132628595.0
2017-09-27,3340.8219,3345.2717,3349.6949,3340.2989,143086945.0
2017-09-28,3343.8446,3339.6421,3344.6005,3336.1784,149444300.0
2017-09-29,3340.3109,3348.9431,3357.0154,3340.3109,144862443.0
2017-10-09,3403.2458,3374.3781,3410.1704,3366.965,191736057.0
2017-10-10,3373.3446,3382.9879,3384.0262,3358.7953,179423841.0
2017-10-11,3381.488,3388.2838,3395.7794,3379.1634,181476704.0
2017-10-12,3385.5329,3386.1,3390.2036,3372.5331,161809380.0
2017-10-13,3384.4883,3390.5233,3395.7484,3383.2392,139954764.0
2017-10-16,3393.2055,3378.4704,3400.5113,3374.7687,174330620.0
2017-10-17,3373.2342,3372.0407,3382.4072,3365.5646,125381725.0
2017-10-18,3373.5281,3381.7937,3383.2323,3371.9249,157228791.0
2017-10-19,3374.6444,3370.1721,3378.7359,3359.6284,158476495.0
2017-10-20,3363.5138,3378.6481,3379.7652,3360.1001,127172851.0
2017-10-23,3382.28,3380.699,3385.2853,3374.705,130846289.0
2017-10-24,3376.5989,3388.2477,3388.6886,3374.1246,139897511.0
2017-10-25,3384.8579,3396.8975,3398.3041,3382.0338,123131222.0
2017-10-26,3397.519,3407.5671,3414.2415,3391.4549,183768625.0
2017-10-27,3404.4978,3416.8124,3421.1026,3402.1141,170257173.0
2017-10-30,3413.8679,3390.3371,3419.7315,3357.2762,208349286.0
2017-10-31,3380.999,3393.3417,3397.0988,3376.1238,153498206.0
2017-11-01,3393.9678,3395.9125,3410.3519,3388.5978,180566127.0
2017-11-02,3391.652,3383.3095,3391.652,3372.2131,166864267.0
2017-11-03,3377.7356,3371.7441,3380.57,3347.3603,172714790.0
2017-11-06,3369.685,3388.1742,3389.3826,3356.5337,154636468.0
2017-11-07,3389.4721,3413.5748,3415.1482,3387.9459,190571746.0
2017-11-08,3409.1474,3415.4602,3434.4918,3404.8811,185436470.0
2017-11-09,3410.6723,3427.7946,3428.7704,3408.6186,158650426.0
2017-11-10,3423.1846,3432.6731,3438.7924,3414.3286,189276503.0
2017-11-13,3435.1839,3447.8358,3449.1638,3435.0849,205389054.0
2017-11-14,3446.5453,3429.5482,3450.4949,3419.6919,196472674.0
2017-11-15,3416.2112,3402.5245,3423.7495,3396.381,168792076.0
2017-11-16,3393.1937,3399.2503,3409.6532,3390.5888,156684332.0
2017-11-17,3392.6834,3382.9075,3403.2855,3373.2956,249458153.0
2017-11-20,3361.3563,3392.3988,3393.1063,3337.116,176524683.0
2017-11-21,3382.3595,3410.4977,3419.802,3377.5989,196871803.0
2017-11-22,3417.3313,3430.4643,3442.1777,3404.2865,213567093.0
2017-11-23,3425.0093,3351.9182,3429.4237,3342.3324,215265393.0
2017-11-24,3340.3842,3353.8207,3360.7459,3328.3339,159569663.0
2017-11-27,3346.6567,3322.2298,3347.0506,3315.2642,166439170.0
2017-11-28,3311.2322,3333.657,3333.7998,3300.7808,138247799.0
2017-11-29,3335.5671,3337.862,3343.0624,3305.5721,183805932.0
2017-11-30,3328.6427,3317.1884,3340.9201,3306.2832,156595851.0
2017-12-01,3315.1051,3317.6174,3324.5161,3302.4398,139198300.0
2017-12-04,3310.3814,3309.6183,3323.9961,3304.1034,148053288.0
2017-12-05,3301.6906,3303.6751,3315.7373,3300.5117,208278862.0
2017-12-06,3291.3128,3293.9648,3296.2013,3254.6108,151604452.0
2017-12-07,3283.2791,3272.0542,3291.2817,3259.1637,132105900.0
2017-12-08,3264.4776,3289.9924,3297.1304,3258.7593,133209314.0
2017-12-11,3290.4881,3322.1956,3322.6736,3288.2949,131965984.0
2017-12-12,3320.3103,3280.8136,3320.3103,3280.3291,124604827.0
2017-12-13,3278.3968,3303.0373,3304.0101,3273.3248,111998647.0
2017-12-14,3302.9322,3292.4385,3309.5295,3282.5732,120544235.0
2017-12-15,3287.5292,3266.1371,3287.5292,3259.3883,130940618.0
2017-12-18,3268.0335,3267.9224,3280.5438,3254.1775,120700389.0
2017-12-19,3266.0191,3296.5384,3296.9398,3266.0191,115140134.0
2017-12-20,3296.7403,3287.6057,3300.2124,3276.1201,137745118.0
2017-12-21,3281.1179,3300.0593,3309.2233,3267.4042,142127927.0
2017-12-22,3297.6852,3297.063,3307.3276,3293.4415,124047326.0
2017-12-25,3296.2106,3280.461,3312.2998,3270.4407,146893635.0
2017-12-26,3277.8372,3306.1246,3307.2994,3274.3274,142434501.0
2017-12-27,3302.4612,3275.7828,3307.0798,3270.349,162674890.0
2017-12-28,3272.2913,3296.3847,3304.0962,3263.7282,175371670.0
2017-12-29,3295.2461,3307.1721,3308.2249,3292.7699,141586836.0
2018-01-02,3314.0307,3348.3259,3349.053,3314.0307,202278860.0
2018-01-03,3347.7428,3369.1084,3379.9152,3345.2887,213836149.0
2018-01-04,3371.0,3385.7102,3392.8264,3365.2954,206955288.0
2018-01-05,3386.464,3391.7501,3402.0694,3380.245,213060681.0
2018-01-08,3391.5528,3409.4795,3412.7307,3384.5591,236165106.0
2018-01-09,3406.1116,3413.8996,3417.2278,3403.5869,191488551.0
2018-01-10,3414.1128,3421.8343,3430.2139,3398.8423,209094997.0
2018-01-11,3415.585,3425.3449,3426.4829,3405.639,173812133.0
2018-01-12,3423.8793,3428.9407,3435.4239,3417.9802,174063404.0
2018-01-15,3428.9508,3410.4882,3442.5008,3402.312,232009283.0
2018-01-16,3403.4694,3436.594,3437.5827,3401.9606,211475468.0
2018-01-17,3438.5762,3444.6713,3465.2049,3430.5114,261045030.0
2018-01-18,3449.881,3474.754,3476.546,3448.7885,220039555.0
2018-01-19,3481.62,3487.864,3498.4341,3474.2915,247536733.0
2018-01-22,3476.9939,3501.3622,3503.3857,3475.673,217487534.0
2018-01-23,3504.3439,3546.5048,3547.2222,3504.3439,238705904.0
2018-01-24,3553.4787,3559.4653,3569.4891,3527.1119,252954496.0
2018-01-25,3555.1677,3548.307,3571.4805,3528.0349,243413422.0
2018-01-26,3535.4931,3558.1288,3574.9048,3534.1952,222698295.0
2018-01-29,3563.64,3523.0007,3587.0323,3510.2689,236026965.0
2018-01-30,3511.5005,3488.009,3523.0513,3484.6556,186369975.0
2018-01-31,3470.5089,3480.8334,3495.4533,3454.7259,207253403.0
2018-02-01,3478.6701,3446.9799,3495.0933,3424.4188,260504707.0
2018-02-02,3419.2249,3462.0808,3463.1639,3388.8597,208120551.0
2018-02-05,3411.6698,3487.497,3487.7211,3406.2405,217673754.0
2018-02-06,3418.01,3370.652,3440.124,3364.2163,280555477.0
2018-02-07,3412.7441,3309.2598,3425.5377,3304.007,260939714.0
2018-02-08,3281.0458,3262.0504,3307.1623,3225.7117,201262499.0
2018-02-09,3172.8509,3129.8508,3180.11,3062.7426,256389176.0
2018-02-12,3128.3709,3154.1254,3168.1258,3113.6054,153310831.0
2018-02-13,3176.1066,3184.9587,3219.2169,3176.1066,151527597.0
2018-02-14,3188.2475,3199.1589,3203.4967,3171.3836,100322827.0
2018-02-22,3237.5692,3268.5589,3269.9156,3234.1152,138730445.0
2018-02-23,3275.429,3289.0241,3294.1338,3258.4878,145790368.0
2018-02-26,3307.295,3329.5737,3335.9856,3281.615,188568602.0
2018-02-27,3328.6719,3292.0679,3328.6719,3284.6293,174219368.0
2018-02-28,3264.0585,3259.408,3277.8324,3239.8438,151043536.0
2018-03-01,3235.0887,3273.7549,3280.1491,3228.5848,159098320.0
2018-03-02,3248.4464,3254.5283,3269.9377,3242.2669,150861063.0
2018-03-05,3255.8713,3256.9263,3269.3999,3236.7172,144835988.0
2018-03-06,3266.4868,3289.6419,3290.2534,3243.654,195358046.0
2018-03-07,3288.8645,3271.6683,3308.4063,3264.7639,168665019.0
2018-03-08,3268.3468,3288.4055,3289.4974,3261.5524,149827519.0
2018-03-09,3291.4258,3307.1656,3309.7153,3283.5591,168424509.0
2018-03-12,3319.2089,3326.6992,3333.5611,3313.5552,206532436.0
2018-03-13,3324.1215,3310.2389,3333.8754,3307.3764,177114353.0
2018-03-14,3298.6655,3291.3819,3304.9787,3287.3558,157491085.0
2018-03-15,3277.5143,3291.112,3297.0981,3273.2008,148573606.0
2018-03-16,3290.209,3269.8821,3300.5654,3269.2826,141203647.0
2018-03-19,3264.9281,3279.2517,3280.5673,3251.0471,137954980.0
2018-03-20,3257.2188,3290.6399,3292.5742,3252.4333,139881081.0
2018-03-21,3299.731,3280.9521,3314.209,3268.8779,168398277.0
2018-03-22,3281.265,3263.4803,3288.7967,3242.7619,150432977.0
2018-03-23,3172.772,3152.7608,3188.2351,3110.6637,275532013.0
2018-03-26,3117.3192,3133.7218,3134.2759,3091.4575,186366350.0
2018-03-27,3164.7976,3166.6488,3172.7777,3143.5695,189073383.0
2018-03-28,3130.5711,3122.2895,3165.2126,3117.5336,163500488.0
2018-03-29,3127.2628,3160.5306,3174.5089,3098.2465,170312384.0
2018-03-30,3161.7856,3168.8966,3177.7208,3152.8888,154646596.0
2018-04-02,3169.7787,3163.179,3192.3403,3159.986,177727777.0
2018-04-03,3130.013,3136.6332,3144.3321,3119.1321,152216674.0
2018-04-04,3147.0491,3131.1114,3163.3404,3128.8668,146976682.0
2018-04-09,3125.4415,3138.2936,3146.0926,3110.3025,139608621.0
2018-04-10,3144.2568,3190.3216,3190.6492,3139.0807,168201359.0
2018-04-11,3197.3719,3208.0818,3220.8453,3191.5865,175867197.0
2018-04-12,3203.2782,3180.1583,3205.2522,3177.0492,148231313.0
2018-04-13,3192.0418,3159.0521,3197.8959,3155.5058,127552310.0
2018-04-16,3152.8882,3110.6489,3153.1063,3096.1003,154415695.0
2018-04-17,3112.9747,3066.7967,3118.7596,3064.0281,147222846.0
2018-04-18,3091.9095,3091.3987,3096.889,3041.625,159290503.0
2018-04-19,3094.2738,3117.376,3127.4389,3090.2867,160056805.0
2018-04-20,3105.4617,3071.5425,3111.1707,3065.9214,155147091.0
2018-04-23,3063.4427,3068.012,3085.0573,3045.9369,131686340.0
2018-04-24,3069.7455,3128.9271,3136.0395,3069.7455,162274806.0
2018-04-25,3112.3978,3117.9739,3122.9082,3107.0008,127311053.0
2018-04-26,3119.4962,3075.0301,3121.9334,3067.9286,133972736.0
2018-04-27,3082.4148,3082.2316,3088.0347,3049.9139,131225643.0
2018-05-02,3087.4086,3081.1773,3097.6039,3064.763,134184566.0
2018-05-03,3074.5165,3100.8586,3105.6598,3056.1573,139985620.0
2018-05-04,3093.1169,3091.0334,3104.0925,3086.7845,118711265.0
2018-05-07,3094.8989,3136.6448,3136.8363,3091.6579,138948186.0
2018-05-08,3135.2957,3161.4976,3169.7014,3134.0621,146927061.0
2018-05-09,3160.1382,3159.1502,3165.3733,3145.6574,122637268.0
2018-05-10,3169.0498,3174.4127,3176.1376,3155.5331,133000756.0
2018-05-11,3179.7967,3163.2632,3180.7564,3162.2121,130659749.0
2018-05-14,3167.0418,3174.032,3183.8159,3163.476,129327353.0
2018-05-15,3180.4245,3192.1183,3192.8069,3164.5181,124549051.0
2018-05-16,3180.2259,3169.5652,3191.9481,3166.8113,130524968.0
2018-05-17,3170.0064,3154.2825,3172.7664,3148.6213,113995567.0
2018-05-18,3151.0818,3193.3034,3193.4531,3144.776,136516918.0
2018-05-21,3206.1756,3213.8404,3219.7398,3203.3362,164459413.0
2018-05-22,3211.247,3214.3497,3214.5888,3192.2277,144292684.0
2018-05-23,3205.437,3168.9642,3205.437,3168.9642,157807648.0
2018-05-24,3167.9391,3154.6506,3173.5309,3152.0692,124085800.0
2018-05-25,3148.41,3141.3032,3156.7261,3131.0675,128610843.0
2018-05-28,3136.8092,3135.0821,3149.6646,3115.9585,128755918.0
2018-05-29,3129.621,3120.4605,3143.2076,3112.1531,135717800.0
2018-05-30,3081.1418,3041.4434,3085.397,3041.0002,155115126.0
2018-05-31,3061.8291,3095.4737,3098.0764,3054.2685,140475532.0
2018-06-01,3084.7536,3075.1372,3102.088,3059.7857,129872199.0
2018-06-04,3083.4265,3091.1909,3098.402,3076.9936,114593902.0
2018-06-05,3088.0076,3114.2055,3114.7687,3080.0457,118735592.0
2018-06-06,3109.1746,3115.1803,3117.5251,3103.5329,120196135.0
2018-06-07,3121.1842,3109.4988,3128.7154,3105.5779,127784970.0
2018-06-08,3100.6038,3067.1478,3100.6848,3053.2879,134688220.0
2018-06-11,3057.3393,3052.7831,3063.6102,3037.9138,108563786.0
2018-06-12,3053.0279,3079.8018,3081.4473,3034.1012,113275096.0
2018-06-13,3071.4636,3049.7965,3071.4636,3044.1198,119607886.0
2018-06-14,3038.0704,3044.1597,3066.0469,3032.4062,115469487.0
2018-06-15,3037.4522,3021.9008,3048.7967,3008.7324,144532571.0
2018-06-19,2982.6504,2907.8221,2984.9706,2871.3548,230550067.0
2018-06-20,2889.984,2915.7314,2925.5611,2872.1629,144301420.0
2018-06-21,2912.0032,2875.8099,2940.5863,2872.6189,154378332.0
2018-06-22,2855.5849,2889.7603,2891.9685,2837.1444,126143129.0
2018-06-25,2903.4495,2859.3364,2908.624,2857.8709,121917687.0
2018-06-26,2829.9947,2844.5081,2850.24,2803.7851,125918468.0
2018-06-27,2842.3958,2813.1775,2854.2579,2798.7997,129420833.0
2018-06-28,2799.9039,2786.8966,2825.9872,2782.4464,118357907.0
2018-06-29,2789.8111,2847.4181,2848.3721,2782.3811,125671685.0
2018-07-02,2841.5795,2775.557,2845.6801,2756.815,137035034.0
2018-07-03,2774.5701,2786.8878,2786.8878,2722.4485,142498466.0
2018-07-04,2776.6324,2759.126,2793.179,2754.1552,123262181.0
2018-07-05,2755.3394,2733.8819,2777.5227,2727.9399,129226112.0
2018-07-06,2731.3532,2747.2285,2768.8737,2691.0208,136294380.0
2018-07-09,2752.4466,2815.1095,2815.79,2752.4466,121549309.0
2018-07-10,2819.7121,2827.6252,2828.4926,2800.6251,117062748.0
2018-07-11,2780.7043,2777.7711,2794.3596,2752.435,126821149.0
2018-07-12,2771.0408,2837.6586,2844.1932,2771.0408,146980200.0
2018-07-13,2831.4284,2831.1837,2835.4627,2818.8484,117689348.0
2018-07-16,2827.0823,2814.0418,2837.5092,2804.4929,107767151.0
2018-07-17,2806.8853,2798.1259,2806.9194,2774.7624,105409220.0
2018-07-18,2801.7774,2787.257,2818.3953,2786.0404,120961165.0
2018-07-19,2791.0156,2772.5454,2805.0106,2764.4858,114486493.0
2018-07-20,2769.7537,2829.2712,2837.8623,2753.8397,145907688.0
2018-07-23,2815.2008,2859.5424,2863.5711,2809.6163,173382797.0
2018-07-24,2862.267,2905.5618,2911.4646,2862.267,229578307.0
2018-07-25,2911.4529,2903.6467,2912.3134,2894.039,167800207.0
2018-07-26,2905.7941,2882.2254,2915.2974,2875.7006,168428202.0
2018-07-27,2879.6901,2873.5938,2889.6936,2864.1098,146371610.0
2018-07-30,2871.9397,2869.0495,2896.0109,2850.296,151652249.0
2018-07-31,2866.8985,2876.4009,2884.6799,2854.3197,118931117.0
2018-08-01,2882.5061,2824.5337,2897.3997,2823.9293,149514348.0
2018-08-02,2815.3438,2768.0239,2815.3438,2726.4825,174179003.0
2018-08-03,2763.3957,2740.4429,2777.6572,2740.4317,127006363.0
2018-08-06,2736.5256,2705.1565,2760.4744,2692.3216,129753058.0
2018-08-07,2711.7361,2779.374,2779.374,2696.0391,149579743.0
2018-08-08,2771.1286,2744.0696,2779.9124,2741.067,147688715.0
2018-08-09,2729.5787,2794.3818,2801.6592,2726.2153,151660333.0
2018-08-10,2791.4018,2795.3099,2806.1149,2777.5061,121532232.0
2018-08-13,2769.0166,2785.872,2789.7983,2742.5599,127532241.0
2018-08-14,2780.7357,2780.9646,2789.4437,2766.5693,109571077.0
2018-08-15,2777.2493,2723.2576,2777.7032,2721.2404,116161787.0
2018-08-16,2691.426,2705.1917,2732.9489,2672.7407,120277878.0
2018-08-17,2723.8871,2668.966,2730.3326,2665.5918,112445294.0
2018-08-20,2673.0662,2698.4658,2698.4658,2653.1119,110784164.0
2018-08-21,2700.3416,2733.8264,2739.1732,2696.2923,113586839.0
2018-08-22,2731.9576,2714.6082,2731.9576,2709.0615,93664640.0
2018-08-23,2714.867,2724.6244,2736.0101,2700.8042,98446470.0
2018-08-24,2717.0812,2729.4308,2748.8243,2705.3237,100516269.0
2018-08-27,2736.3185,2780.899,2780.899,2736.3185,132762578.0
2018-08-28,2782.2927,2777.9808,2791.3898,2769.4013,118749367.0
2018-08-29,2774.8646,2769.2947,2778.5393,2762.35,100156929.0
2018-08-30,2769.3322,2737.7367,2780.5271,2736.346,106060943.0
2018-08-31,2730.1132,2725.2499,2744.6311,2710.5368,109758742.0
2018-09-03,2716.4037,2720.7344,2722.8524,2692.3644,102213011.0
2018-09-04,2720.6477,2750.5804,2756.6071,2712.376,109010307.0
2018-09-05,2741.3801,2704.3368,2745.4673,2704.3368,105002269.0
2018-09-06,2697.5777,2691.5929,2719.4055,2683.7445,99017833.0
2018-09-07,2696.6775,2702.3007,2728.5464,2683.7193,107523293.0
2018-09-10,2698.0107,2669.4845,2703.4285,2667.3168,103559170.0
2018-09-11,2668.4872,2664.7997,2680.5727,2652.7044,99865946.0
2018-09-12,2659.744,2656.1101,2672.0735,2647.1701,90026758.0
2018-09-13,2679.2077,2686.5784,2689.0624,2653.1894,107335014.0
2018-09-14,2688.7787,2681.6431,2694.9201,2675.2896,100005008.0
2018-09-17,2671.2907,2651.7886,2671.2907,2647.9153,88238888.0
2018-09-18,2644.2961,2699.9501,2700.1934,2644.2961,115767993.0
2018-09-19,2694.7992,2730.8503,2746.0796,2690.9942,141550318.0
2018-09-20,2732.1697,2729.2438,2743.9645,2724.0835,111387463.0
2018-09-21,2733.8742,2797.4848,2797.4851,2722.0319,158016642.0
2018-09-25,2775.0663,2781.1385,2790.0321,2771.1595,111983179.0
2018-09-26,2785.3165,2806.8133,2827.3413,2783.3419,139567706.0
2018-09-27,2805.793,2791.7748,2810.5062,2786.3217,123997696.0
2018-09-28,2794.2644,2821.3501,2821.7553,2791.8363,134290456.0
2018-10-08,2768.2075,2716.5104,2771.9384,2710.1781,149501388.0
2018-10-09,2713.7319,2721.013,2734.3142,2711.1971,116771899.0
2018-10-10,2723.7242,2725.8367,2743.548,2703.0626,113485736.0
2018-10-11,2643.074,2583.4575,2661.2859,2560.3164,197150702.0
2018-10-12,2574.0415,2606.9125,2615.9169,2536.6653,170081635.0
2018-10-15,2605.9124,2568.0984,2611.9685,2564.7375,118576197.0
2018-10-16,2567.7643,2546.3296,2597.7152,2536.441,119419144.0
2018-10-17,2574.3127,2561.614,2582.5485,2517.5728,129953997.0
2018-10-18,2544.911,2486.4186,2544.911,2485.6192,125428513.0
2018-10-19,2460.0808,2550.4652,2553.3867,2449.197,147323558.0
2018-10-22,2565.6444,2654.8762,2675.4063,2565.6444,211888449.0
2018-10-23,2652.6476,2594.8255,2659.8123,2583.2605,178343543.0
2018-10-24,2579.9715,2603.2951,2640.4017,2577.7725,160060407.0
2018-10-25,2540.9347,2603.7995,2606.1007,2531.5349,162032979.0
2018-10-26,2610.8982,2598.8468,2626.116,2580.8452,158936119.0
2018-10-29,2593.5908,2542.1033,2595.5365,2529.1883,134241923.0
2018-10-30,2538.5737,2568.0481,2586.9188,2521.7836,166682309.0
2018-10-31,2573.0146,2602.7832,2612.9221,2567.0274,180550348.0
2018-11-01,2617.0325,2606.2372,2636.7992,2603.6514,200903932.0
2018-11-02,2649.2512,2676.4762,2676.4762,2628.8697,225026921.0
2018-11-05,2665.427,2665.4306,2673.1879,2639.2707,193760100.0
2018-11-06,2660.7193,2659.3564,2660.8627,2635.3207,163669479.0
2018-11-07,2659.8446,2641.342,2675.6772,2639.2463,173201986.0
2018-11-08,2660.0873,2635.6322,2662.3688,2632.3012,159635487.0
2018-11-09,2621.238,2598.8715,2621.238,2598.1609,152446307.0
2018-11-12,2593.2004,2630.5195,2631.1696,2590.2106,175031308.0
2018-11-13,2600.5004,2654.8795,2666.4853,2597.3477,249282447.0
2018-11-14,2648.3091,2632.2425,2658.3072,2627.9565,238449351.0
2018-11-15,2632.1379,2668.1704,2668.1704,2631.8875,207848721.0
2018-11-16,2669.7799,2679.1097,2695.5689,2657.0341,242198849.0
2018-11-19,2681.8988,2703.5116,2703.5116,2674.1781,231662827.0
2018-11-20,2684.2874,2645.8545,2690.8299,2643.3588,215891309.0
2018-11-21,2619.8211,2651.5053,2653.796,2617.7759,182596447.0
2018-11-22,2655.8964,2645.4339,2658.0011,2634.4827,149309063.0
2018-11-23,2640.6674,2579.4831,2642.0356,2577.3511,191474549.0
2018-11-26,2580.8424,2575.8101,2594.9966,2568.0352,134314540.0
2018-11-27,2585.8261,2574.6792,2592.5353,2566.1663,123658436.0
2018-11-28,2575.4541,2601.7365,2601.9626,2561.5618,145963473.0
2018-11-29,2613.7805,2567.4434,2617.5479,2567.4434,157168738.0
2018-11-30,2564.5644,2588.1875,2590.2102,2555.3223,139329021.0
2018-12-03,2647.1319,2654.7979,2665.298,2629.1843,207478955.0
2018-12-04,2651.5613,2665.9577,2666.0784,2644.8964,167940558.0
2018-12-05,2629.8328,2649.8051,2660.3888,2625.9132,154502056.0
2018-12-06,2629.8196,2605.1813,2633.6778,2603.1323,141661650.0
2018-12-07,2609.3408,2605.8876,2614.5817,2599.2775,109074993.0
2018-12-10,2589.194,2584.5822,2599.7615,2576.2424,113199669.0
2018-12-11,2587.0148,2594.0881,2596.1464,2583.1959,101304364.0
2018-12-12,2608.1141,2602.1526,2610.0086,2595.075,103518301.0
2018-12-13,2607.144,2634.0491,2645.8367,2599.4586,150738115.0
2018-12-14,2627.2833,2593.7407,2629.1641,2593.7407,145942488.0
2018-12-17,2587.2632,2597.9737,2598.967,2573.8674,117363250.0
2018-12-18,2583.6343,2576.6495,2599.1479,2563.5731,117033370.0
2018-12-19,2578.675,2549.5634,2579.8743,2547.0783,107661797.0
2018-12-20,2544.5054,2536.2675,2554.8586,2516.0193,120566496.0
2018-12-21,2526.5535,2516.2506,2527.4214,2498.6937,115671200.0
2018-12-24,2506.7372,2527.0071,2529.4395,2500.443,97339852.0
2018-12-25,2503.9498,2504.819,2513.9641,2462.8448,140670560.0
2018-12-26,2501.1199,2498.2939,2513.8264,2492.0758,108799629.0
2018-12-27,2527.7167,2483.0864,2532.0022,2483.0864,135406843.0
2018-12-28,2483.6171,2493.8962,2505.1138,2478.325,119245250.0
2019-01-02,2497.8805,2465.291,2500.2783,2456.4233,109932013.0
2019-01-03,2461.7829,2464.3628,2488.479,2455.9256,124397497.0
2019-01-04,2446.0193,2514.8682,2515.316,2440.9066,168877667.0
2019-01-07,2528.6987,2533.0887,2536.9775,2515.5083,177305010.0
2019-01-08,2530.3001,2526.4622,2531.345,2520.1648,158099181.0
2019-01-09,2536.4173,2544.3449,2574.4079,2536.157,191887930.0
2019-01-10,2543.8534,2535.0985,2551.8257,2531.6638,159874326.0
2019-01-11,2539.5487,2553.8313,2554.7869,2533.3586,149444100.0
2019-01-14,2553.3284,2535.7653,2556.2939,2533.0101,144825464.0
2019-01-15,2537.3697,2570.3449,2571.5016,2532.4333,160265530.0
2019-01-16,2569.0697,2570.4221,2574.2362,2563.0061,149301539.0
2019-01-17,2573.5755,2559.637,2582.556,2557.7114,162468134.0
2019-01-18,2567.7386,2596.0056,2598.8836,2565.9043,190767237.0
2019-01-21,2599.0575,2610.5094,2618.9801,2599.0575,163425115.0
2019-01-22,2609.6421,2579.7041,2609.6421,2573.0617,152537773.0
2019-01-23,2575.2583,2581.0041,2589.5128,2572.4054,131426798.0
2019-01-24,2584.6481,2591.6935,2597.2894,2569.7004,154042046.0
2019-01-25,2596.2618,2601.7234,2617.0022,2595.6294,159394026.0
2019-01-28,2615.7118,2596.9767,2630.3183,2591.1,146981765.0
2019-01-29,2592.3549,2594.2536,2601.7358,2559.982,155581112.0
2019-01-30,2584.7459,2575.5756,2598.815,2575.4091,120502571.0
2019-01-31,2581.3315,2584.5724,2606.6283,2571.5789,154303869.0
2019-02-01,2597.7777,2618.2323,2618.4765,2590.5543,131986850.0
2019-02-11,2613.1742,2653.896,2654.0964,2613.1742,154898858.0
2019-02-12,2654.0349,2671.8937,2674.4778,2648.8295,184101179.0
2019-02-13,2674.5198,2721.0683,2727.075,2666.522,243794010.0
2019-02-14,2715.5358,2719.6999,2729.455,2707.4865,197037349.0
2019-02-15,2712.7862,2682.385,2715.6321,2679.7849,196004265.0
2019-02-18,2699.8171,2754.3566,2754.3566,2699.8171,260436007.0
2019-02-19,2759.496,2755.6459,2780.7837,2737.5864,288046271.0
2019-02-20,2761.0588,2761.2189,2767.4109,2739.9783,245972527.0
2019-02-21,2759.9383,2751.8012,2794.0131,2744.9762,298649969.0
2019-02-22,2749.4615,2804.2262,2804.2262,2736.3324,301481411.0
2019-02-25,2838.3896,2961.2834,2961.7951,2838.3896,528658590.0
2019-02-26,2969.0976,2941.5163,2995.6762,2938.6227,565557967.0
2019-02-27,2939.9287,2953.8242,2997.4882,2924.6432,474976453.0
2019-02-28,2950.0548,2940.9538,2965.3037,2930.195,350206602.0
2019-03-01,2954.4021,2994.005,2994.005,2930.8345,345786200.0
2019-03-04,3015.9427,3027.5755,3090.7959,3006.9417,525649436.0
2019-03-05,3019.8797,3054.2466,3054.9617,3009.4476,424142529.0
2019-03-06,3060.4327,3102.0991,3103.8251,3050.1113,555006365.0
2019-03-07,3103.6677,3106.4179,3129.9395,3074.9784,583817065.0
2019-03-08,3038.3362,2969.8614,3075.0461,2969.5815,577855473.0
2019-03-11,2969.0802,3026.9925,3028.2543,2963.5834,426213029.0
2019-03-12,3049.0844,3060.3073,3093.3913,3029.8999,511173158.0
2019-03-13,3062.3267,3026.9513,3065.2884,3013.9319,453214625.0
2019-03-14,3013.597,2990.685,3041.1557,2968.8237,373141798.0
2019-03-15,3000.8789,3021.7512,3048.1212,2999.4317,341206139.0
2019-03-18,3027.8012,3096.4176,3096.4176,3009.5071,397797179.0
2019-03-19,3099.8971,3090.975,3113.4325,3076.3627,350908860.0
2019-03-20,3084.1704,3090.6403,3102.5203,3053.4519,358557505.0
2019-03-21,3094.1247,3101.455,3125.0192,3086.85,414251182.0
2019-03-22,3100.7264,3104.1487,3107.2754,3064.884,364848346.0
2019-03-25,3058.8016,3043.0313,3086.9961,3041.9504,380278762.0
2019-03-26,3057.559,2997.0954,3062.6896,2988.4905,353498021.0
2019-03-27,3012.2573,3022.7196,3022.7623,2987.7717,291390357.0
2019-03-28,3009.7988,2994.9434,3025.7789,2991.7789,288106425.0
2019-03-29,3000.6783,3090.758,3093.0329,2999.9866,375082991.0
2019-04-01,3111.6619,3170.361,3176.6221,3111.6619,466124693.0
2019-04-02,3183.2736,3176.8227,3193.2717,3164.9066,447068981.0
2019-04-03,3159.1468,3216.2952,3219.2564,3152.3319,430548635.0
2019-04-04,3233.6886,3246.5714,3254.1401,3216.8545,469117669.0
2019-04-08,3271.2722,3244.8103,3288.4531,3210.5151,504518403.0
2019-04-09,3240.3938,3239.6639,3251.6458,3215.7048,364169997.0
2019-04-10,3224.6454,3241.9299,3264.7778,3204.8785,380134408.0
2019-04-11,3241.5474,3189.9619,3254.1259,3185.546,353031879.0
2019-04-12,3184.8595,3188.6256,3199.278,3168.0421,289788996.0
2019-04-15,3233.4583,3177.7866,3253.9763,3177.2698,348809785.0
2019-04-16,3164.3969,3253.5978,3253.5978,3153.2062,357918752.0
2019-04-17,3250.1518,3263.1179,3275.3335,3239.8048,357541796.0
2019-04-18,3261.0742,3250.2012,3271.3878,3241.8257,325539942.0
2019-04-19,3250.1452,3270.7973,3274.3347,3226.8124,315198004.0
2019-04-22,3278.4906,3215.0426,3279.4894,3206.878,353217387.0
2019-04-23,3211.8719,3198.5938,3231.5815,3186.7569,328361207.0
2019-04-24,3203.5588,3201.6137,3210.6508,3156.607,274872164.0
2019-04-25,3190.5851,3123.8261,3193.7494,3123.0258,325879129.0
2019-04-26,3108.1635,3086.3989,3129.2134,3085.8049,280873854.0
2019-04-29,3090.6331,3062.4985,3107.7605,3050.0261,292114886.0
2019-04-30,3052.6223,3078.3389,3088.4074,3052.6223,222302517.0
2019-05-06,2984.7273,2906.464,2986.5399,2876.4688,326972269.0
2019-05-07,2914.2914,2926.3908,2937.2832,2889.0732,253281769.0
2019-05-08,2873.1433,2893.7567,2929.4306,2866.7041,231530519.0
2019-05-09,2871.1968,2850.9537,2888.8596,2845.0374,200041133.0
2019-05-10,2878.2344,2939.2106,2941.4539,2838.3847,282306808.0
2019-05-13,2905.067,2903.7131,2921.4103,2892.1745,212029882.0
2019-05-14,2872.8336,2883.6107,2909.2041,2872.8336,208345353.0
2019-05-15,2902.6423,2938.6781,2945.3946,2902.6423,230519701.0
2019-05-16,2933.4954,2955.711,2956.171,2929.0645,248385701.0
2019-05-17,2955.7669,2882.2962,2956.7832,2873.7998,266301643.0
2019-05-20,2874.8011,2870.6046,2882.6294,2838.453,209472442.0
2019-05-21,2867.7066,2905.9688,2919.2373,2862.4951,211387022.0
2019-05-22,2905.5241,2891.7046,2912.3952,2879.6437,200026905.0
2019-05-23,2880.8426,2852.5153,2885.1389,2846.956,197340309.0
2019-05-24,2847.8356,2852.9948,2871.8555,2846.0215,167205490.0
2019-05-27,2851.2809,2892.3782,2898.129,2833.0363,196720902.0
2019-05-28,2890.2658,2909.9106,2924.0395,2887.0835,223310557.0
2019-05-29,2894.8297,2914.6964,2934.9768,2890.6645,198958821.0
2019-05-30,2903.4246,2905.8054,2907.8463,2881.3802,205758789.0
2019-05-31,2904.4976,2898.6961,2922.9075,2895.5778,195230580.0
2019-06-03,2901.7424,2890.0809,2920.8292,2875.9019,215943554.0
2019-06-04,2887.6405,2862.2803,2888.3861,2851.9728,188463541.0
2019-06-05,2882.9369,2861.4181,2888.7676,2858.5719,181561047.0
2019-06-06,2862.3327,2827.7978,2862.3327,2822.1853,177064411.0
2019-06-10,2833.0145,2852.1302,2861.131,2824.3554,166585918.0
2019-06-11,2854.0704,2925.7162,2927.4303,2854.0704,260525796.0
2019-06-12,2917.2239,2909.3796,2924.7018,2903.8833,240255775.0
2019-06-13,2905.2877,2910.7406,2918.4227,2885.9232,212957791.0
2019-06-14,2912.9988,2881.9743,2924.3197,2879.6573,215435796.0
2019-06-17,2880.4226,2887.6221,2902.4808,2877.3941,153964960.0
2019-06-18,2891.0917,2890.158,2898.3304,2874.3129,147705320.0
2019-06-19,2944.1154,2917.8029,2953.3355,2916.2149,230756973.0
2019-06-20,2917.331,2987.1186,2997.3888,2915.0895,291011537.0
2019-06-21,2990.3687,3001.9802,3010.349,2989.2454,286973835.0
2019-06-24,3004.2891,3008.1479,3012.826,2994.4219,210493894.0
2019-06-25,3004.9095,2982.0738,3004.9095,2948.9907,243699244.0
2019-06-26,2964.6153,2976.2837,2986.9139,2958.4632,174449533.0
2019-06-27,2982.6125,2996.7926,3011.538,2981.045,195397049.0
2019-06-28,2992.2426,2978.8784,2992.2426,2961.2225,181431523.0
2019-07-01,3024.6238,3044.9028,3045.3669,3014.6871,250840433.0
2019-07-02,3042.58,3043.9428,3048.4839,3033.7809,214520624.0
2019-07-03,3031.832,3015.2633,3031.832,3006.3246,212296173.0
2019-07-04,3015.6785,3005.2488,3024.5023,2991.9079,194415133.0
2019-07-05,3004.7383,3011.0588,3014.8474,2990.9247,156755429.0
2019-07-08,2997.8067,2933.3634,2997.8067,2918.7157,211541268.0
2019-07-09,2928.8188,2928.2295,2937.7621,2912.8063,145110604.0
2019-07-10,2935.1855,2915.3022,2936.7519,2908.162,135483538.0
2019-07-11,2928.0553,2917.7609,2945.8023,2907.8852,143692522.0
2019-07-12,2915.3401,2930.5462,2938.5311,2905.809,137794759.0
2019-07-15,2921.546,2942.1853,2955.0003,2886.6993,167643397.0
2019-07-16,2938.6411,2937.6168,2944.821,2931.2926,131811751.0
2019-07-17,2933.0227,2931.6926,2942.0668,2924.4594,149631616.0
2019-07-18,2921.7387,2901.1766,2921.7387,2901.1766,149888828.0
2019-07-19,2909.6794,2924.2006,2939.5973,2909.6794,149469553.0
2019-07-22,2925.7882,2886.974,2927.1601,2879.69,180674960.0
2019-07-23,2886.9044,2899.9446,2901.3591,2883.0457,129310508.0
2019-07-24,2907.9275,2923.2775,2936.4522,2907.7865,155245762.0
2019-07-25,2923.1886,2937.3601,2937.3601,2916.1498,145684385.0
2019-07-26,2928.0614,2944.541,2948.3261,2924.4513,139343388.0
2019-07-29,2943.918,2941.007,2948.4665,2932.9773,127991846.0
2019-07-30,2946.2566,2952.3383,2965.632,2946.2566,148316462.0
2019-07-31,2944.3977,2932.5058,2944.3977,2926.4853,141052348.0
2019-08-01,2920.8506,2908.766,2927.3421,2901.7503,142389813.0
2019-08-02,2861.3323,2867.8376,2872.473,2851.4402,184888443.0
2019-08-05,2854.578,2821.4957,2863.6891,2821.4957,167419423.0
2019-08-06,2776.9889,2777.5559,2787.4185,2733.9242,231123727.0
2019-08-07,2789.0187,2768.6795,2792.6934,2768.6795,157716752.0
2019-08-08,2784.1835,2794.5523,2799.6859,2782.2447,149539564.0
2019-08-09,2805.5856,2774.7532,2808.3289,2770.4777,148240293.0
2019-08-12,2781.9816,2814.9944,2814.9944,2776.6197,131563433.0
2019-08-13,2798.0512,2797.2596,2802.0415,2790.608,130916505.0
2019-08-14,2824.4864,2808.9146,2829.8906,2807.719,144014641.0
2019-08-15,2762.339,2815.7976,2815.8964,2756.8341,152772152.0
2019-08-16,2817.5708,2823.8238,2840.3164,2811.8016,148582344.0
2019-08-19,2835.5181,2883.096,2883.096,2829.8542,214546668.0
2019-08-20,2879.0816,2880.0012,2892.0796,2874.9988,189677206.0
2019-08-21,2875.4708,2880.3307,2885.5861,2872.5573,159019665.0
2019-08-22,2887.6649,2883.4358,2888.4969,2867.5522,149206215.0
2019-08-23,2885.151,2897.4253,2902.4563,2878.7443,159156826.0
2019-08-26,2851.0158,2863.5673,2870.4939,2849.2381,169895363.0
2019-08-27,2879.5154,2902.1932,2919.6444,2879.406,208141794.0
2019-08-28,2901.6267,2893.7564,2905.4354,2887.0115,183097903.0
2019-08-29,2895.9991,2890.9192,2898.6046,2878.5878,178613082.0
2019-08-30,2907.3825,2886.2365,2914.5767,2874.1028,193959951.0
2019-09-02,2886.9418,2924.1063,2928.4793,2883.6823,202786807.0
2019-09-03,2925.9422,2930.1538,2930.1538,2915.1974,189001216.0
2019-09-04,2927.747,2957.4116,2957.4116,2925.8825,225495907.0
2019-09-05,2972.6619,2985.8648,3015.8443,2972.6619,305438706.0
2019-09-06,2996.6216,2999.6013,2999.9434,2981.5983,216826035.0
2019-09-09,3023.778,3024.7388,3026.2398,3005.6949,243377752.0
2019-09-10,3027.4103,3021.2024,3027.4103,3005.3825,240012947.0
2019-09-11,3029.9334,3008.8118,3030.557,3004.2152,229837362.0
2019-09-12,3016.6267,3031.2351,3033.473,3005.1948,196968701.0
2019-09-16,3041.922,3030.7544,3042.9284,3020.0495,221878959.0
2019-09-17,3023.7109,2978.1178,3023.7109,2970.5704,223338061.0
2019-09-18,2984.0837,2985.6586,2996.4022,2982.4003,168046699.0
2019-09-19,2992.9222,2999.2789,2999.2789,2975.3978,162690615.0
2019-09-20,3004.8142,3006.4467,3011.34,2996.1929,182145302.0
2019-09-23,2998.3995,2977.0767,2998.3995,2960.827,168139450.0
2019-09-24,2979.4752,2985.3406,3002.8967,2973.7601,163902761.0
2019-09-25,2977.6676,2955.4325,2977.6676,2955.4325,168543135.0
2019-09-26,2964.4776,2929.0875,2970.0354,2928.2589,188932541.0
2019-09-27,2929.486,2932.167,2939.0789,2920.93,132905777.0
2019-09-30,2927.9165,2905.1892,2936.482,2905.1892,116646811.0
2019-10-08,2905.7559,2913.5704,2933.0163,2905.7559,125535812.0
2019-10-09,2902.0751,2924.8566,2924.8566,2891.5394,130424144.0
2019-10-10,2923.7069,2947.7106,2949.2404,2918.2284,134239752.0
2019-10-11,2954.8189,2973.6558,2980.7875,2943.0137,161203746.0
2019-10-14,2993.9617,3007.8834,3026.3834,2989.8125,208614802.0
2019-10-15,3005.6646,2991.0459,3005.6646,2986.3033,155376904.0
2019-10-16,2992.6103,2978.7124,3010.4241,2975.9233,149885496.0
2019-10-17,2979.9929,2977.3342,2986.7191,2969.568,122527614.0
2019-10-18,2982.3417,2938.1413,2987.2035,2933.2424,149990678.0
2019-10-21,2933.8969,2939.6179,2940.3246,2917.6884,132475107.0
2019-10-22,2945.6001,2954.3799,2954.6415,2934.3873,117482048.0
2019-10-23,2952.9693,2941.6188,2957.2995,2934.6274,123812881.0
2019-10-24,2944.0067,2940.9215,2953.0441,2927.0612,126540290.0
2019-10-25,2940.4741,2954.9327,2958.2409,2920.5195,136860706.0
2019-10-28,2958.686,2980.0498,2980.128,2956.9607,173731481.0
2019-10-29,2979.0365,2954.176,2979.0365,2954.176,166110058.0
2019-10-30,2949.4631,2939.3209,2953.2986,2934.8279,158798110.0
2019-10-31,2944.8427,2929.0561,2946.7523,2923.5167,161571483.0
2019-11-01,2924.3402,2958.1992,2959.833,2917.1455,159907373.0
2019-11-04,2964.576,2975.4919,2983.0581,2964.576,167248364.0
2019-11-05,2977.7048,2991.5622,3008.3144,2968.0324,179891593.0
2019-11-06,2992.0399,2978.5955,2995.5629,2969.7242,165263547.0
2019-11-07,2978.1531,2978.7144,2988.955,2969.1201,136952678.0
2019-11-08,2993.9773,2964.1849,2998.7594,2962.8447,149742107.0
2019-11-11,2949.9619,2909.9746,2949.9619,2906.769,157916105.0
2019-11-12,2912.9956,2914.8232,2918.303,2891.5105,129729154.0
2019-11-13,2913.0197,2905.2409,2913.8612,2893.9712,129765841.0
2019-11-14,2907.7358,2909.8697,2917.374,2899.6186,129145448.0
2019-11-15,2911.35,2891.3431,2917.8293,2891.2043,135519463.0
2019-11-18,2889.5495,2909.2002,2911.3784,2884.0883,124433177.0
2019-11-19,2904.2783,2933.9908,2933.9908,2902.855,135417604.0
2019-11-20,2928.1068,2911.0534,2930.4929,2907.4229,137357530.0
2019-11-21,2902.5529,2903.6379,2910.3608,2891.5314,123458607.0
2019-11-22,2906.2433,2885.2884,2925.0178,2873.99,158623365.0
2019-11-25,2885.6133,2906.1688,2906.6091,2880.6542,178587429.0
2019-11-26,2912.5209,2907.0602,2915.0411,2897.9276,170004663.0
2019-11-27,2905.3959,2903.1947,2914.4865,2893.4175,133862205.0
2019-11-28,2902.3644,2889.6934,2909.8398,2883.4339,119522468.0
2019-11-29,2885.9744,2871.9813,2892.3882,2858.5808,122612968.0
2019-12-02,2874.4484,2875.8072,2888.8897,2870.2424,128755806.0
2019-12-03,2869.8822,2884.6988,2884.8559,2857.3204,123778742.0
2019-12-04,2876.9079,2878.1157,2882.4981,2869.4219,125543653.0
2019-12-05,2886.5164,2899.4685,2902.002,2885.0798,143163096.0
2019-12-06,2902.278,2912.0136,2912.0136,2894.7513,134128878.0
2019-12-09,2914.4576,2914.4775,2919.5888,2905.2503,160796527.0
2019-12-10,2908.9439,2917.3157,2919.2011,2902.7896,170123998.0
2019-12-11,2922.602,2924.4173,2928.2564,2915.0008,165541087.0
2019-12-12,2926.3416,2915.6983,2926.3416,2913.4755,151760804.0
2019-12-13,2937.7763,2967.6764,2969.9809,2935.849,211978585.0
2019-12-16,2970.9694,2984.3925,2984.6414,2958.7064,211862119.0
2019-12-17,2985.2619,3022.4219,3039.3834,2982.4956,293032254.0
2019-12-18,3021.4657,3017.0444,3033.2337,3011.7207,244089691.0
2019-12-19,3017.153,3017.0658,3021.4176,3007.992,208624264.0
2019-12-20,3019.6395,3004.9376,3027.4835,3002.2601,215075755.0
2019-12-23,2999.0357,2962.7513,3009.338,2960.435,205716617.0
2019-12-24,2965.8258,2982.6806,2983.8194,2960.6839,163030250.0
2019-12-25,2980.4276,2981.8805,2988.2924,2970.6572,175654028.0
2019-12-26,2981.2485,3007.3546,3007.3546,2980.3966,182440426.0
2019-12-27,3006.8517,3005.0355,3036.1127,3003.6309,247102779.0
2019-12-30,2998.1689,3040.0239,3041.3969,2983.3436,248066530.0
2019-12-31,3036.3858,3050.124,3051.677,3030.5122,217429022.0
2020-01-02,3066.3357,3085.1976,3098.1001,3066.3357,292470208.0
2020-01-03,3089.022,3083.7858,3093.8192,3074.5178,261496667.0
2020-01-06,3070.9088,3083.4083,3107.2032,3065.3088,312575842.0
2020-01-07,3085.4882,3104.8015,3105.4507,3084.329,276583111.0
2020-01-08,3094.2389,3066.8925,3094.2389,3059.1313,297872553.0
2020-01-09,3082.6398,3094.8819,3097.3291,3080.1313,243435649.0
2020-01-10,3102.2938,3092.2907,3105.2248,3081.3961,210442462.0
2020-01-13,3091.493,3115.5696,3115.5696,3075.3837,210621004.0
2020-01-14,3120.6669,3106.8204,3127.1692,3105.6049,229973769.0
2020-01-15,3103.1749,3090.0379,3107.9426,3082.0425,202313023.0
2020-01-16,3095.7342,3074.0814,3096.3717,3070.884,203375475.0
2020-01-17,3081.4641,3075.4955,3091.9516,3067.2525,190304299.0
2020-01-20,3082.1134,3095.7873,3096.3105,3070.4801,210493341.0
2020-01-21,3085.7895,3052.1419,3085.7895,3051.2301,234830739.0
2020-01-22,3038.4868,3060.7545,3069.2527,3006.2677,223852865.0
2020-01-23,3037.9524,2976.5281,3045.0406,2955.346,272763234.0
2020-02-03,2716.6978,2746.6056,2766.5773,2716.6978,215912103.0
2020-02-04,2685.2693,2783.2875,2786.1642,2685.2693,364046200.0
2020-02-05,2792.3713,2818.0878,2842.7426,2778.8641,309761823.0
2020-02-06,2826.8851,2866.5097,2876.5878,2807.609,316392142.0
2020-02-07,2858.9324,2875.9636,2875.9636,2838.7702,309479642.0
2020-02-10,2860.499,2890.4878,2891.8479,2851.0503,294929784.0
2020-02-11,2894.5414,2901.6744,2913.8159,2882.2428,269168335.0
2020-02-12,2895.5561,2926.8991,2926.8991,2892.424,248733429.0
2020-02-13,2927.1443,2906.0735,2935.406,2901.2425,274804844.0
2020-02-14,2899.8659,2917.0077,2926.9427,2899.5739,250650627.0
2020-02-17,2924.9913,2983.6224,2983.6371,2924.9913,313198007.0
2020-02-18,2981.4097,2984.9716,2990.6003,2960.7751,311665913.0
2020-02-19,2979.5223,2975.4019,2998.2718,2971.8219,315141151.0
2020-02-20,2981.8802,3030.1542,3031.3706,2968.4451,345732881.0
2020-02-21,3022.2455,3039.6692,3058.898,3020.141,364557276.0
2020-02-24,3027.8925,3031.2333,3042.1821,3007.3557,370430044.0
2020-02-25,2982.0696,3013.0501,3016.9458,2943.7168,441622762.0
2020-02-26,2978.4195,2987.9287,3028.7788,2974.9423,469049552.0
2020-02-27,2992.4919,2991.3288,3009.4575,2980.4774,350523658.0
2020-02-28,2924.6407,2880.3038,2948.1261,2878.5443,401216914.0
2020-03-02,2899.31,2970.9312,2982.5068,2899.31,367333369.0
2020-03-03,3006.8888,2992.8968,3026.842,2976.623,410108047.0
2020-03-04,2981.806,3011.6657,3012.0035,2974.3583,353338278.0
2020-03-05,3036.1545,3071.6771,3074.2571,3022.9262,445425806.0
2020-03-06,3039.9395,3034.5113,3052.4439,3029.4632,362061533.0
2020-03-09,2987.1805,2943.2907,2989.2051,2940.7138,414560736.0
2020-03-10,2918.9347,2996.7618,3000.2963,2904.7989,393296648.0
2020-03-11,3001.7616,2968.5174,3010.0286,2968.5174,352470970.0
2020-03-12,2936.0163,2923.4856,2944.4651,2906.2838,307778457.0
2020-03-13,2804.2322,2887.4265,2910.8812,2799.9841,366450436.0
2020-03-16,2897.3009,2789.2537,2898.0349,2784.6616,351878665.0
2020-03-17,2796.284,2779.6407,2826.9068,2715.2213,306149677.0
2020-03-18,2792.3221,2728.7563,2815.8737,2728.7563,291159852.0
2020-03-19,2719.4063,2702.1296,2736.82,2646.8048,302302747.0
2020-03-20,2727.0186,2745.6182,2751.8964,2702.4933,252019507.0
2020-03-23,2677.591,2660.1674,2703.3295,2656.5008,249820250.0
2020-03-24,2703.0193,2722.4381,2723.4066,2667.1333,257021930.0
2020-03-25,2775.3032,2781.5913,2788.6354,2757.8016,273144466.0
2020-03-26,2761.8961,2764.9109,2788.5038,2753.4282,234084022.0
2020-03-27,2792.9843,2772.2033,2805.5479,2771.7563,240764066.0
2020-03-30,2739.7191,2747.2138,2759.0989,2723.0543,239706604.0
2020-03-31,2767.3072,2750.2962,2771.1683,2743.1154,218598674.0
2020-04-01,2743.5409,2734.5215,2773.3641,2731.0794,217253427.0
2020-04-02,2720.2284,2780.6379,2780.6379,2719.9043,217864600.0
2020-04-03,2773.5764,2763.9874,2780.5868,2754.0731,200837404.0
2020-04-07,2806.9676,2820.7634,2823.2767,2801.8386,270198186.0
2020-04-08,2805.9166,2815.3686,2823.2139,2800.2963,243515305.0
2020-04-09,2825.8393,2825.9036,2832.395,2820.4326,238184843.0
2020-04-10,2827.1873,2796.6312,2833.0148,2789.9756,233454768.0
2020-04-13,2784.5979,2783.0476,2792.8906,2774.0808,177124554.0
2020-04-14,2794.801,2827.283,2827.2981,2789.4279,202696569.0
2020-04-15,2826.6618,2811.1741,2829.7503,2808.7039,205621146.0
2020-04-16,2798.4295,2819.935,2823.3382,2796.8388,203003773.0
2020-04-17,2835.5581,2838.4945,2854.9599,2830.0217,245736750.0
2020-04-20,2840.4085,2852.5528,2852.99,2833.2615,211847078.0
2020-04-21,2842.2372,2827.0133,2842.2372,2808.0214,233235870.0
2020-04-22,2814.0661,2843.9804,2843.9804,2808.4819,217320000.0
2020-04-23,2850.5104,2838.4994,2853.6357,2835.8961,248779037.0
2020-04-24,2834.9387,2808.5293,2834.9387,2802.4989,235185076.0
2020-04-27,2812.2422,2815.4947,2832.6662,2802.9579,210130981.0
2020-04-28,2819.9914,2810.0243,2821.745,2758.2459,253872745.0
2020-04-29,2801.383,2822.4424,2831.7642,2800.7379,202061807.0
2020-04-30,2832.3843,2860.0822,2865.59,2832.3843,242455278.0
2020-05-06,2831.6326,2878.1402,2879.2634,2830.6536,249826616.0
2020-05-07,2876.4727,2871.5232,2882.0222,2864.5813,226736957.0
2020-05-08,2882.7078,2895.3444,2903.7967,2879.2034,226822075.0
2020-05-11,2901.5739,2894.802,2914.2838,2884.3806,225120410.0
2020-05-12,2894.6171,2891.5564,2897.9018,2871.23,197082985.0
2020-05-13,2882.9552,2898.0495,2900.2587,2875.5354,185061310.0
2020-05-14,2887.0577,2870.3422,2887.0577,2869.1832,197776202.0
2020-05-15,2880.7067,2868.4587,2884.2199,2863.3698,188983592.0
2020-05-18,2872.5244,2875.4176,2889.9795,2862.2709,226022882.0
2020-05-19,2897.6867,2898.576,2900.2187,2887.5768,197222405.0
2020-05-20,2896.4657,2883.7378,2896.4657,2876.1766,210519985.0
2020-05-21,2890.7213,2867.9237,2891.5177,2864.2073,203532038.0
2020-05-22,2863.0462,2813.7654,2863.0462,2808.0177,209063712.0
2020-05-25,2816.241,2817.9697,2821.4978,2802.4653,172885557.0
2020-05-26,2827.8967,2846.5473,2848.3371,2825.901,174562369.0
2020-05-27,2847.3198,2836.8036,2848.9965,2831.9281,198149343.0
2020-05-28,2838.2072,2846.2217,2861.9241,2820.1455,207546019.0
2020-05-29,2835.584,2852.3512,2855.3756,2829.6271,206792804.0
2020-06-01,2871.9641,2915.4311,2917.1508,2871.9641,260196050.0
2020-06-02,2916.3168,2921.398,2926.3588,2909.1277,256108049.0
2020-06-03,2930.3906,2923.3711,2942.7597,2922.6612,255663980.0
2020-06-04,2931.8376,2919.2506,2932.9677,2910.7516,226605873.0
2020-06-05,2923.1891,2930.7993,2930.7993,2909.1181,217360673.0
2020-06-08,2941.9816,2937.7712,2950.0656,2934.2103,231124360.0
2020-06-09,2939.5351,2956.1116,2957.1186,2932.9385,209048585.0
2020-06-10,2951.2784,2943.7525,2951.3298,2934.8428,207925969.0
2020-06-11,2939.7914,2920.8968,2952.651,2912.1932,233722947.0
2020-06-12,2876.8029,2919.7408,2930.255,2872.6165,236008642.0
2020-06-15,2908.2767,2890.0306,2922.5364,2890.0306,243205046.0
2020-06-16,2912.8251,2931.7493,2931.7791,2909.1341,223313065.0
2020-06-17,2932.6708,2935.873,2936.6162,2919.0353,234654391.0
2020-06-18,2929.8799,2939.3151,2942.8983,2920.1054,258691377.0
2020-06-19,2938.7887,2967.6341,2973.3164,2935.8239,264313961.0
2020-06-22,2966.9008,2965.2717,2983.4382,2959.035,267883834.0
2020-06-23,2960.8875,2970.6203,2972.4025,2949.8469,225212208.0
2020-06-24,2972.9827,2979.5505,2982.9425,2971.2235,213200732.0
2020-06-29,2973.0757,2961.5164,2977.9122,2951.7702,220622729.0
2020-06-30,2965.1054,2984.6741,2990.8253,2965.1054,214957214.0
2020-07-01,2991.1813,3025.981,3026.1862,2984.9841,273313140.0
2020-07-02,3023.7189,3090.5693,3092.4432,3021.6736,391127996.0
2020-07-03,3103.9952,3152.8126,3152.8126,3103.9952,458793851.0
2020-07-06,3187.8393,3332.8807,3337.2723,3187.8393,643878906.0
2020-07-07,3380.9536,3345.3369,3407.0811,3336.2416,657840159.0
2020-07-08,3337.5518,3403.4401,3421.5312,3327.7062,587081685.0
2020-07-09,3403.4832,3450.5935,3456.9721,3393.6379,620001823.0
2020-07-10,3418.9347,3383.3222,3433.1085,3372.5066,556120011.0
2020-07-13,3379.3867,3443.2863,3458.7914,3369.0378,558006875.0
2020-07-14,3435.0237,3414.6186,3451.2224,3366.0828,543211492.0
2020-07-15,3422.0778,3361.3044,3432.4506,3345.7488,492030542.0
2020-07-16,3356.359,3210.0986,3373.5317,3209.7272,490613123.0
2020-07-17,3214.4022,3214.1287,3252.7786,3181.2745,359652413.0
2020-07-20,3243.9105,3314.149,3314.149,3220.684,418555306.0
2020-07-21,3330.5467,3320.8947,3336.6791,3300.5719,359252029.0
2020-07-22,3315.1816,3333.1635,3381.9757,3311.7862,393335335.0
2020-07-23,3306.1489,3325.1102,3336.3002,3257.8269,407042499.0
2020-07-24,3310.6449,3196.7684,3319.1268,3184.9645,427054026.0
2020-07-27,3210.3863,3205.2268,3221.9846,3174.6583,299319021.0
2020-07-28,3226.1329,3227.9604,3245.2967,3208.4939,289377861.0
2020-07-29,3221.9883,3294.5521,3294.5521,3209.9902,324924062.0
2020-07-30,3299.5718,3286.822,3312.4508,3282.1617,340704121.0
2020-07-31,3280.7959,3310.0065,3333.7859,3261.6135,353758979.0
2020-08-03,3332.1826,3367.9658,3368.1028,3327.6773,407460867.0
2020-08-04,3376.4402,3371.6875,3391.0743,3352.5017,442328551.0
2020-08-05,3363.3324,3377.5648,3383.6365,3333.877,385823027.0
2020-08-06,3380.7621,3386.4631,3392.7048,3334.3341,415302510.0
2020-08-07,3370.5878,3354.0352,3374.133,3307.7127,403929633.0
2020-08-10,3341.5276,3379.2524,3399.9323,3335.0427,381379630.0
2020-08-11,3379.4874,3340.29,3409.0589,3336.0945,400452706.0
2020-08-12,3327.4929,3319.2656,3335.729,3263.2653,378328959.0
2020-08-13,3328.1754,3320.7261,3338.1518,3309.4629,324291278.0
2020-08-14,3315.6687,3360.0988,3362.0267,3302.7357,305998376.0
2020-08-17,3373.9018,3438.801,3450.8987,3369.3742,434598260.0
2020-08-18,3441.9337,3451.0894,3456.7206,3432.6402,380729275.0
2020-08-19,3444.5646,3408.1288,3454.4613,3406.1642,405722214.0
2020-08-20,3385.9645,3363.8988,3394.557,3352.7767,335600982.0
2020-08-21,3380.2269,3380.6825,3393.9175,3358.0005,287488340.0
2020-08-24,3391.1132,3385.6383,3396.5663,3368.0258,266227841.0
2020-08-25,3392.8797,3373.5781,3408.8697,3364.1602,277113421.0
2020-08-26,3371.8083,3329.7388,3382.6032,3320.1355,294451036.0
2020-08-27,3333.4909,3350.1128,3351.8324,3312.9859,237099353.0
2020-08-28,3346.2893,3403.8066,3405.8768,3339.6494,271325549.0
2020-08-31,3416.5497,3395.6775,3442.7363,3395.4675,323473890.0
2020-09-01,3389.7424,3410.6068,3410.6068,3381.7108,246999249.0
2020-09-02,3420.4693,3404.8017,3421.3959,3377.2111,261546319.0
2020-09-03,3404.0319,3384.9806,3425.6294,3374.2634,255346279.0
2020-09-04,3336.4076,3355.3666,3360.1061,3328.5518,221636550.0
2020-09-07,3349.9184,3292.5907,3368.2446,3285.6326,260616567.0
2020-09-08,3301.2173,3316.417,3324.3929,3276.4431,271066278.0
2020-09-09,3280.9974,3254.6279,3289.6148,3238.5606,351509747.0
2020-09-10,3282.232,3234.8234,3285.4731,3227.6435,312472804.0
2020-09-11,3225.7836,3260.3461,3262.4976,3220.5363,221698830.0
2020-09-14,3275.9181,3278.8138,3283.5325,3261.1479,213924137.0
2020-09-15,3277.1284,3295.6795,3297.6904,3263.7522,197684400.0
2020-09-16,3293.1678,3283.9244,3302.4556,3271.075,200443364.0
2020-09-17,3277.3238,3270.435,3290.4094,3248.499,202931972.0
2020-09-18,3270.911,3338.0897,3338.3243,3268.526,256260788.0
2020-09-21,3348.8988,3316.9351,3350.5893,3313.0714,216503093.0
2020-09-22,3290.6656,3274.3015,3320.2278,3265.7025,214015065.0
2020-09-23,3278.8358,3279.7105,3289.7624,3264.8907,169178068.0
2020-09-24,3262.879,3223.1764,3265.3451,3221.2365,206736011.0
2020-09-25,3234.3739,3219.4179,3239.4662,3208.0349,164822419.0
2020-09-28,3224.9769,3217.5346,3238.1825,3210.8925,155982783.0
2020-09-29,3231.8551,3224.3593,3242.7937,3219.7902,151349870.0
2020-09-30,3232.7104,3218.0521,3244.9134,3202.3435,153504457.0
2020-10-09,3262.6105,3272.0762,3280.5124,3260.1873,188325648.0
2020-10-12,3287.3281,3358.4652,3359.1526,3286.1111,259622408.0
2020-10-13,3353.1213,3359.7499,3361.8315,3334.4989,204926103.0
2020-10-14,3353.6247,3340.7782,3353.6247,3332.9635,198659382.0
2020-10-15,3342.9222,3332.1832,3354.5784,3330.0014,191031282.0
2020-10-16,3334.4568,3336.3582,3348.9543,3319.11,194295421.0
2020-10-19,3351.0961,3312.6671,3371.0862,3307.8407,212303540.0
2020-10-20,3307.1498,3328.1029,3328.1029,3293.7662,165084762.0
2020-10-21,3332.147,3325.0247,3332.147,3304.1693,177632115.0
2020-10-22,3315.8206,3312.5005,3320.8787,3281.3662,165949987.0
2020-10-23,3308.1581,3277.9972,3326.0489,3276.6197,174208982.0
2020-10-26,3258.7028,3251.1188,3264.4464,3226.6018,167731795.0
2020-10-27,3240.7395,3254.3157,3258.3369,3235.5443,149115566.0
2020-10-28,3256.2225,3269.238,3275.8714,3238.382,173181965.0
2020-10-29,3235.7647,3272.7274,3289.7655,3231.1243,184703589.0
2020-10-30,3278.6312,3224.5325,3279.8563,3219.4216,230188803.0
2020-11-02,3228.715,3225.1196,3242.8041,3209.9094,226779137.0
2020-11-03,3239.8063,3271.0744,3278.3806,3237.8539,215297864.0
2020-11-04,3273.4326,3277.4402,3286.6212,3254.1113,188514128.0
2020-11-05,3305.5798,3320.1333,3320.408,3291.6,226801462.0
2020-11-06,3326.4645,3312.159,3326.4645,3292.1507,234864132.0
2020-11-09,3329.4285,3373.7337,3380.8235,3329.4285,310219771.0
2020-11-10,3387.6219,3360.1485,3387.6219,3346.1715,278701113.0
2020-11-11,3354.0247,3342.2025,3365.836,3339.0407,271204653.0
2020-11-12,3344.4562,3338.6788,3350.2848,3329.485,216501309.0
2020-11-13,3327.2293,3310.1046,3327.2293,3291.6425,227898364.0
2020-11-16,3325.6209,3346.9692,3346.9692,3313.6469,279593761.0
2020-11-17,3347.1513,3339.895,3347.6979,3323.9506,283632479.0
2020-11-18,3337.3315,3347.3034,3358.8938,3333.9916,287531259.0
2020-11-19,3339.0864,3363.0876,3367.3328,3330.4496,253262992.0
2020-11-20,3359.5966,3377.7267,3380.1489,3356.3086,261271219.0
2020-11-23,3384.1039,3414.4899,3431.6529,3377.9862,373872047.0
2020-11-24,3407.4087,3402.8225,3413.9263,3396.2436,300994144.0
2020-11-25,3417.515,3362.3274,3423.4853,3362.3274,322110207.0
2020-11-26,3360.0609,3369.7334,3371.4537,3344.2822,255886822.0
2020-11-27,3373.8434,3408.3071,3408.3071,3364.4919,280649894.0
2020-11-30,3418.1583,3391.7551,3456.7365,3391.7551,384989968.0
2020-12-01,3388.9867,3451.9384,3457.6354,3386.9113,316188980.0
2020-12-02,3453.5181,3449.3805,3465.7288,3435.8712,312811114.0
2020-12-03,3448.5403,3442.1359,3452.1612,3428.8044,298459930.0
2020-12-04,3436.7291,3444.5814,3448.4036,3417.0484,256276705.0
2020-12-07,3446.6478,3416.6037,3449.5782,3414.3142,254522508.0
2020-12-08,3417.6936,3410.1771,3428.6618,3403.0263,226907328.0
2020-12-09,3416.0782,3371.964,3422.536,3371.9156,260747424.0
2020-12-10,3365.731,3373.2758,3384.8875,3357.7531,247308304.0
2020-12-11,3381.008,3347.191,3383.1783,3325.172,298617158.0
2020-12-14,3349.534,3369.1201,3371.1291,3338.6263,239807926.0
2020-12-15,3366.5813,3367.2326,3373.5579,3348.4192,225667402.0
2020-12-16,3371.2632,3366.9832,3378.6626,3359.1705,220813976.0
2020-12-17,3367.277,3404.8732,3406.1547,3354.0112,275463631.0
2020-12-18,3400.4855,3394.896,3413.8134,3382.7508,280992641.0
2020-12-21,3394.3945,3420.5693,3423.6088,3381.1158,283759794.0
2020-12-22,3410.9678,3356.7822,3415.7538,3353.8581,323037654.0
2020-12-23,3362.4721,3382.3195,3394.2089,3360.2019,299523527.0
2020-12-24,3382.193,3363.1133,3394.0746,3354.0215,275044450.0
2020-12-25,3351.7901,3396.5626,3397.0066,3348.3453,294546895.0
2020-12-28,3396.359,3397.2854,3412.5193,3383.654,316181542.0
2020-12-29,3399.2939,3379.0362,3407.0884,3376.0876,311769185.0
2020-12-30,3375.0086,3414.4527,3414.4539,3374.4156,291023543.0
2020-12-31,3419.7267,3473.0693,3474.9182,3419.7267,335673926.0
2021-01-04,3474.6793,3502.9584,3511.6554,3457.2061,380790800.0
2021-01-05,3492.1912,3528.6767,3528.6767,3484.7151,407995934.0
2021-01-06,3530.9072,3550.8767,3556.8022,3513.1262,370230926.0
2021-01-07,3552.9087,3576.2046,3576.2046,3526.6174,405348226.0
2021-01-08,3577.6923,3570.1082,3588.0625,3544.8912,345557896.0
2021-01-11,3571.3212,3531.4978,3597.7022,3516.9862,362479154.0
2021-01-12,3518.0106,3608.3389,3608.3389,3517.4689,323406153.0
2021-01-13,3613.281,3598.6518,3622.3475,3575.5945,388127791.0
2021-01-14,3584.9324,3565.9046,3599.0584,3559.6001,347666819.0
2021-01-15,3566.2847,3566.3778,3589.2655,3533.7882,324612744.0
2021-01-18,3554.7977,3596.2237,3608.7665,3544.2614,301652565.0
2021-01-19,3596.3564,3566.3814,3603.1477,3553.0236,323439541.0
2021-01-20,3564.121,3583.092,3589.9624,3556.4425,272271661.0
2021-01-21,3590.9247,3621.2641,3636.2444,3585.8017,327466995.0
2021-01-22,3616.5401,3606.7496,3616.5401,3585.0339,324463084.0
2021-01-25,3605.3611,3624.2381,3637.1002,3591.0204,327341070.0
2021-01-26,3610.9686,3569.429,3610.9686,3564.7415,278139884.0
2021-01-27,3567.5485,3573.3412,3578.7968,3546.492,264107161.0
2021-01-28,3534.6685,3505.1759,3549.544,3496.8788,270862461.0
2021-01-29,3521.7175,3483.0692,3531.5981,3446.5471,293662664.0
2021-02-01,3477.1715,3505.2836,3506.3889,3469.875,277567901.0
2021-02-02,3510.8084,3533.6849,3535.502,3495.5681,264540630.0
2021-02-03,3531.149,3517.308,3544.0092,3508.5069,297351716.0
2021-02-04,3503.7785,3501.8592,3524.7219,3465.7706,298834854.0
2021-02-05,3509.4874,3496.3329,3536.5417,3492.9624,290146174.0
2021-02-08,3504.5631,3532.4467,3542.2075,3492.1286,249799619.0
2021-02-09,3539.7726,3603.489,3604.0112,3528.6755,253821760.0
2021-02-10,3612.6125,3655.088,3662.7655,3612.5049,257940824.0
2021-02-18,3721.0865,3675.3571,3731.687,3663.6637,340309065.0
2021-02-19,3661.7834,3696.168,3699.6502,3634.0149,361059804.0
2021-02-22,3707.1912,3642.4449,3717.2669,3642.4449,488821478.0
2021-02-23,3617.7013,3636.3573,3672.1511,3617.7013,398873174.0
2021-02-24,3638.9359,3564.0799,3645.6474,3531.5936,362158952.0
2021-02-25,3595.5424,3585.0458,3608.5568,3568.4735,366232299.0
2021-02-26,3514.5648,3509.0804,3550.4055,3500.7036,333280067.0
2021-03-01,3531.4802,3551.3998,3552.5665,3511.9888,315487526.0
2021-03-02,3566.852,3508.5912,3566.852,3485.3635,339830486.0
2021-03-03,3500.1576,3576.9045,3577.6218,3498.7192,347656846.0
2021-03-04,3546.6406,3503.4916,3552.2024,3487.3757,393616120.0
2021-03-05,3463.3086,3501.9867,3523.5682,3456.6668,356409223.0
2021-03-08,3524.983,3421.4141,3542.3039,3421.2153,387047954.0
2021-03-09,3415.3391,3359.292,3429.1503,3328.3119,407652539.0
2021-03-10,3389.8388,3357.7372,3397.0251,3354.823,299749166.0
2021-03-11,3369.9024,3436.8313,3436.8313,3369.9024,322112044.0
2021-03-12,3447.2033,3453.0777,3454.5064,3417.2389,358027035.0
2021-03-15,3441.882,3419.9456,3457.4892,3392.5089,367813293.0
2021-03-16,3424.6524,3446.7334,3448.8829,3406.1746,316668747.0
2021-03-17,3435.7319,3445.5509,3454.0562,3410.2815,280059818.0
2021-03-18,3449.6413,3463.0681,3478.1447,3449.3774,284403891.0
2021-03-19,3423.8733,3404.6634,3439.5236,3389.2929,309161716.0
2021-03-22,3406.1227,3443.4392,3443.6596,3404.2341,312559084.0
2021-03-23,3445.3408,3411.5088,3445.4159,3390.0477,326389409.0
2021-03-24,3394.1283,3367.0606,3415.2949,3362.1847,317398697.0
2021-03-25,3355.0706,3363.5915,3382.226,3344.9695,270676097.0
2021-03-26,3373.3171,3418.3267,3423.2231,3373.3171,274614987.0
2021-03-29,3429.6322,3435.2958,3449.8338,3409.8868,284824243.0
2021-03-30,3432.5288,3456.6766,3457.6345,3423.3154,285423081.0
2021-03-31,3452.2078,3441.9115,3452.2078,3420.8321,283049261.0
2021-04-01,3444.8102,3466.3315,3470.0311,3438.8255,275244295.0
2021-04-02,3472.6276,3484.3924,3487.5862,3462.8321,262654873.0
2021-04-06,3491.6336,3482.9674,3493.2806,3471.761,234746671.0
2021-04-07,3483.4211,3479.6256,3483.4211,3453.1947,295786978.0
2021-04-08,3467.4871,3482.5548,3495.9086,3459.3246,331755329.0
2021-04-09,3475.4434,3450.6772,3475.4467,3442.1392,280085196.0
2021-04-12,3445.9696,3412.9477,3456.1581,3403.9012,309577239.0
2021-04-13,3411.2928,3396.47,3425.3945,3387.902,270626054.0
2021-04-14,3397.021,3416.7212,3420.0278,3392.9751,233242327.0
2021-04-15,3409.6139,3398.9875,3409.6139,3373.0939,234005054.0
2021-04-16,3407.188,3426.6178,3432.6286,3394.1344,258579672.0
2021-04-19,3427.548,3477.5485,3479.0099,3414.3564,302735819.0
2021-04-20,3467.1481,3472.9427,3494.2983,3463.4637,285300082.0
2021-04-21,3456.2991,3472.9298,3481.2511,3450.1113,253777859.0
2021-04-22,3482.8328,3465.1138,3485.3585,3456.3156,251114510.0
2021-04-23,3462.0858,3474.166,3482.3587,3456.3329,249360433.0
2021-04-26,3484.1072,3441.1658,3497.1208,3438.5724,276970771.0
2021-04-27,3440.0911,3442.6111,3443.8538,3417.2647,253032393.0
2021-04-28,3432.1612,3457.0683,3457.0683,3423.325,247381120.0
2021-04-29,3458.0819,3474.9011,3478.2278,3447.5878,276631387.0
2021-04-30,3468.3022,3446.8564,3469.0872,3426.9023,312660354.0
2021-05-06,3446.0743,3441.2826,3471.2396,3426.8487,310424192.0
2021-05-07,3446.407,3418.8741,3457.8924,3416.7755,353785389.0
2021-05-10,3423.5896,3427.9909,3429.7359,3401.9346,374170884.0
2021-05-11,3406.598,3441.8454,3448.0959,3384.6966,350934112.0
2021-05-12,3429.7544,3462.7513,3466.3708,3428.3944,311444547.0
2021-05-13,3432.138,3429.5361,3448.0169,3418.3846,319325327.0
2021-05-14,3436.0919,3490.3762,3490.6437,3422.5649,336982309.0
2021-05-17,3490.4091,3517.6158,3530.5055,3490.1438,322135969.0
2021-05-18,3520.6488,3529.0144,3529.0144,3510.862,271308558.0
2021-05-19,3521.1097,3510.9647,3521.1097,3503.8151,278321117.0
2021-05-20,3500.8773,3506.9444,3517.7399,3486.0662,326009333.0
2021-05-21,3510.8353,3486.5569,3518.3769,3479.6744,283826285.0
2021-05-24,3486.2711,3497.2821,3498.3037,3469.8746,289509242.0
2021-05-25,3502.539,3581.3418,3584.5774,3502.4429,341241127.0
2021-05-26,3586.8388,3593.357,3603.4881,3585.3695,341980288.0
2021-05-27,3585.7337,3608.8507,3626.3584,3579.2601,309551486.0
2021-05-28,3610.7668,3600.7844,3622.1801,3582.358,349208830.0
2021-05-31,3600.0702,3615.4773,3615.6568,3580.6524,331523770.0
2021-06-01,3608.5978,3624.7138,3626.0737,3581.9115,352811413.0
2021-06-02,3626.3283,3597.1379,3629.2896,3584.5955,348558420.0
2021-06-03,3595.4215,3584.2121,3618.5067,3584.2054,354233031.0
2021-06-04,3565.4716,3591.8447,3618.8001,3561.8907,330893038.0
2021-06-07,3597.1413,3599.541,3600.3759,3581.8988,303718677.0
2021-06-08,3598.7527,3580.1063,3621.5227,3563.2503,304491470.0
2021-06-09,3576.8015,3591.3965,3598.7082,3572.6364,298323296.0
2021-06-10,3587.5282,3610.859,3624.3433,3584.1332,318174808.0
2021-06-11,3614.1134,3589.7481,3614.4038,3587.1491,360554970.0
2021-06-15,3587.4658,3556.559,3592.9465,3547.187,349168566.0
2021-06-16,3556.7139,3518.3292,3561.0921,3513.5592,312597306.0
2021-06-17,3508.317,3525.6042,3534.1976,3507.3535,277229918.0
2021-06-18,3520.4966,3525.0968,3535.6221,3503.1833,296708585.0
2021-06-21,3515.5006,3529.1826,3540.2959,3504.0075,280898277.0
2021-06-22,3539.7876,3557.412,3560.1946,3536.812,307536399.0
2021-06-23,3559.3988,3566.2199,3577.4661,3549.8482,310709518.0
2021-06-24,3568.5758,3566.6539,3570.4874,3548.8161,335440754.0
2021-06-25,3567.3772,3607.5618,3614.2981,3564.5199,346087832.0
2021-06-28,3612.2469,3606.3722,3614.3574,3594.2174,321274974.0
2021-06-29,3601.6772,3573.1779,3601.8265,3570.5253,306071178.0
2021-06-30,3572.6236,3591.197,3594.1185,3569.501,268162818.0
2021-07-01,3600.5464,3588.7816,3607.7049,3573.9374,291883192.0
2021-07-02,3569.8919,3518.7595,3569.8919,3514.3386,291945548.0
2021-07-05,3516.9228,3534.3222,3534.3222,3510.5781,288094837.0
2021-07-06,3533.1304,3530.2589,3538.347,3496.9276,314070211.0
2021-07-07,3508.5901,3553.7155,3557.879,3504.4723,318839189.0
2021-07-08,3557.2177,3525.5039,3558.6772,3521.0579,350877857.0
2021-07-09,3512.2334,3524.0881,3529.3098,3485.0543,349884317.0
2021-07-12,3545.1977,3547.8362,3565.0321,3527.3927,403639558.0
2021-07-13,3547.5897,3566.5225,3567.4813,3542.8154,362416711.0
2021-07-14,3560.8281,3528.5011,3560.8281,3525.4938,372221722.0
2021-07-15,3519.063,3564.5902,3565.9347,3514.258,363259164.0
2021-07-16,3559.526,3539.3038,3565.9992,3537.7288,366014779.0
2021-07-19,3530.4932,3539.1225,3544.8793,3506.3423,336760946.0
2021-07-20,3515.0718,3536.7905,3538.6361,3509.1916,293780594.0
2021-07-21,3543.0534,3562.6611,3569.0898,3543.0534,338978748.0
2021-07-22,3563.6608,3574.7344,3576.4732,3558.2933,381067054.0
2021-07-23,3571.7152,3550.3964,3571.8541,3541.5101,446421246.0
2021-07-26,3538.0143,3467.4409,3538.0143,3424.7424,442882203.0
2021-07-27,3467.4473,3381.1833,3483.8738,3380.2763,469075443.0
2021-07-28,3355.8189,3361.5895,3385.536,3312.7206,395825419.0
2021-07-29,3403.8383,3411.724,3416.6071,3382.571,344569428.0
2021-07-30,3398.196,3397.3574,3404.8813,3370.4506,381440956.0
2021-08-02,3385.6902,3464.2854,3464.2914,3367.643,432927871.0
2021-08-03,3446.7841,3447.9914,3470.6571,3435.4619,400698081.0
2021-08-04,3442.9368,3477.2186,3477.5972,3440.7835,348744218.0
2021-08-05,3461.7185,3466.5491,3486.1572,3449.3885,348436922.0
2021-08-06,3465.4842,3458.2277,3466.3904,3436.9317,336824400.0
2021-08-09,3441.7502,3494.6348,3502.841,3438.703,349910094.0
2021-08-10,3488.6642,3529.9309,3529.9309,3477.0641,345112992.0
2021-08-11,3527.1093,3532.6213,3544.0941,3524.0444,383783554.0
2021-08-12,3522.7238,3524.7374,3538.396,3513.4457,381074593.0
2021-08-13,3514.4671,3516.2989,3540.0799,3500.7995,378187282.0
2021-08-16,3514.3445,3517.3447,3537.85,3510.8976,391099721.0
2021-08-17,3512.109,3446.976,3531.7249,3438.1233,422885804.0
2021-08-18,3442.3472,3485.2859,3487.4364,3437.6908,389203756.0
2021-08-19,3475.298,3465.5546,3480.4598,3446.0146,382383031.0
2021-08-20,3442.5062,3427.3338,3453.1531,3394.9723,391136918.0
2021-08-23,3436.7963,3477.1321,3481.2543,3436.6706,384727440.0
2021-08-24,3482.2658,3514.471,3522.6973,3481.1409,430236463.0
2021-08-25,3517.9151,3540.3837,3540.3948,3510.0664,450047019.0
2021-08-26,3537.3139,3501.6643,3537.3155,3499.4529,502903147.0
2021-08-27,3494.4176,3522.1567,3530.1927,3493.375,455345906.0
2021-08-30,3535.0727,3528.1512,3539.494,3512.9929,512785716.0
2021-08-31,3519.0245,3543.9402,3543.9402,3496.3891,524205056.0
2021-09-01,3543.8663,3567.1008,3582.3236,3514.6744,667276305.0
2021-09-02,3559.9025,3597.0426,3597.3656,3557.6769,572684039.0
2021-09-03,3602.7421,3581.7344,3613.948,3569.3989,614532353.0
2021-09-06,3580.1413,3621.8593,3626.2865,3580.1413,521713276.0
2021-09-07,3621.7099,3676.5866,3681.9254,3615.1444,547721875.0
2021-09-08,3673.4023,3675.1865,3695.3204,3660.9998,586436193.0
2021-09-09,3666.8246,3693.1296,3693.4499,3662.1633,604810330.0
2021-09-10,3691.1856,3703.1103,3722.8732,3681.6415,635200433.0
2021-09-13,3699.2534,3715.3723,3716.8315,3692.8157,557484019.0
2021-09-14,3709.6336,3662.6015,3723.8451,3655.6341,564952386.0
2021-09-15,3651.1583,3656.2232,3677.5265,3638.3225,474970001.0
2021-09-16,3664.841,3607.0922,3677.9198,3606.7276,546741474.0
2021-09-17,3595.2715,3613.9663,3620.9575,3569.2707,516850210.0
2021-09-22,3563.2074,3628.4897,3629.4539,3560.5033,472296053.0
2021-09-23,3651.2661,3642.2204,3670.9542,3632.2822,534995486.0
2021-09-24,3637.8677,3613.0673,3651.4294,3607.7919,507304772.0
2021-09-27,3625.9597,3582.8307,3640.8077,3559.9154,510802795.0
2021-09-28,3577.8859,3602.2184,3610.917,3568.8189,444168807.0
2021-09-29,3573.5178,3536.2944,3573.5178,3518.0477,452511151.0
2021-09-30,3541.9283,3568.1668,3572.4259,3541.9283,395629626.0
2021-10-08,3609.0874,3592.1666,3612.5539,3571.7338,407161148.0
2021-10-11,3600.3569,3591.7087,3614.6988,3586.7487,394361159.0
2021-10-12,3581.2967,3546.9362,3583.6391,3515.1408,405393748.0
2021-10-13,3543.4918,3561.7623,3569.1332,3515.6481,325050667.0
2021-10-14,3555.1085,3558.2795,3569.6864,3547.182,294969196.0
2021-10-15,3551.9874,3572.3662,3578.7661,3542.6932,320292984.0
2021-10-18,3571.0482,3568.1379,3571.0482,3539.4779,340950616.0
2021-10-19,3562.2955,3593.1533,3596.7875,3560.6221,334197652.0
2021-10-20,3583.2364,3587.0009,3596.0499,3574.2957,344245008.0
2021-10-21,3590.0496,3594.7831,3610.9602,3576.3547,352310867.0
2021-10-22,3594.7457,3582.6036,3607.5776,3578.7602,353157203.0
2021-10-25,3574.2631,3609.8626,3611.0908,3564.2059,321196816.0
2021-10-26,3612.8332,3597.6377,3625.0156,3589.706,337278291.0
2021-10-27,3589.8573,3562.3052,3589.8573,3553.1277,350620940.0
2021-10-28,3548.7021,3518.4166,3552.0419,3509.4872,378171666.0
2021-10-29,3519.3276,3547.3361,3547.3361,3502.8013,358809377.0
2021-11-01,3530.3963,3544.4795,3556.59,3519.2901,382251325.0
2021-11-02,3543.3827,3505.6283,3559.0478,3477.664,417563173.0
2021-11-03,3501.1051,3498.5368,3512.6089,3480.4877,306607669.0
2021-11-04,3505.8944,3526.8657,3527.9517,3503.0059,319440829.0
2021-11-05,3520.2073,3491.5677,3525.8723,3491.4565,354533565.0
2021-11-08,3491.9709,3498.6308,3507.2744,3484.2399,298183722.0
2021-11-09,3507.1075,3507.0018,3514.9512,3489.0431,287315989.0
2021-11-10,3498.9445,3492.4616,3498.9445,3448.4378,307030708.0
2021-11-11,3486.451,3532.7858,3534.1991,3482.8291,322087957.0
2021-11-12,3534.1512,3539.1002,3543.648,3527.3896,308683354.0
2021-11-15,3542.9034,3533.3026,3550.4438,3521.2924,313017612.0
2021-11-16,3530.4575,3521.7867,3549.7654,3517.8065,310399909.0
2021-11-17,3518.5646,3537.3662,3537.5125,3513.523,276735671.0
2021-11-18,3531.4923,3520.7106,3537.9758,3513.1136,312426927.0
2021-11-19,3519.2758,3560.3734,3561.9127,3517.6514,317989976.0
2021-11-22,3562.7628,3582.0797,3585.1876,3562.7505,330009385.0
2021-11-23,3580.5058,3589.0894,3598.3749,3577.3608,360011593.0
2021-11-24,3590.0189,3592.7025,3602.7354,3575.2884,336775246.0
2021-11-25,3593.3883,3584.1788,3597.1478,3579.5333,306451518.0
2021-11-26,3576.1136,3564.0894,3576.1136,3554.8798,301000066.0
2021-11-29,3528.672,3562.6968,3563.677,3526.3551,333618331.0
2021-11-30,3570.7468,3563.8872,3582.115,3546.3618,349187938.0
2021-12-01,3561.886,3576.8853,3576.8853,3558.691,329873517.0
2021-12-02,3573.2468,3573.8358,3586.867,3567.137,354041524.0
2021-12-03,3576.4496,3607.4322,3608.4698,3573.2135,377551048.0
2021-12-06,3615.2356,3589.3061,3626.1257,3586.8052,418676743.0
2021-12-07,3611.217,3595.0882,3614.2228,3572.5688,403842594.0
2021-12-08,3602.824,3637.5675,3637.715,3591.9857,361036657.0
2021-12-09,3641.1579,3673.0412,3688.3968,3638.7022,431918157.0
2021-12-10,3654.3684,3666.3479,3667.8547,3651.3525,419988801.0
2021-12-13,3686.9368,3681.082,3708.9424,3678.0583,424092009.0
2021-12-14,3669.8067,3661.5253,3671.6784,3654.6561,362171934.0
2021-12-15,3655.0489,3647.6303,3668.4016,3645.2425,377477667.0
2021-12-16,3648.9271,3675.016,3675.016,3644.6646,381329507.0
2021-12-17,3670.2578,3632.3638,3673.6535,3631.6605,408487837.0
2021-12-20,3620.0371,3593.6019,3643.9537,3589.3603,423851410.0
2021-12-21,3591.4519,3625.1251,3627.0884,3591.4519,408184348.0
2021-12-22,3632.6763,3622.6178,3635.8992,3616.5477,394825177.0
2021-12-23,3625.4695,3643.3391,3643.5459,3618.048,382925734.0
2021-12-24,3645.3948,3618.0535,3648.9556,3612.0673,390347625.0
2021-12-27,3613.0469,3615.9741,3632.188,3601.9351,329235293.0
2021-12-28,3619.6419,3630.1115,3631.0766,3607.3643,316202242.0
2021-12-29,3630.9159,3597.0002,3630.9159,3596.3225,305131766.0
2021-12-30,3596.4921,3619.1886,3628.9177,3595.4957,307839291.0
2021-12-31,3626.242,3639.7754,3642.843,3624.9419,329681932.0
2022-01-04,3649.151,3632.3289,3651.8924,3610.0922,405027769.0
2022-01-05,3628.2634,3595.1761,3628.2634,3583.4668,423902028.0
2022-01-06,3581.2184,3586.0792,3594.489,3559.8803,371540543.0
2022-01-07,3588.9851,3579.5427,3607.2316,3577.0976,436306961.0
2022-01-10,3572.7434,3593.5187,3593.5187,3555.1255,356222610.0
2022-01-11,3589.9043,3567.4409,3602.1454,3562.7541,359761863.0
2022-01-12,3578.1629,3597.4321,3599.4993,3572.0965,343132956.0
2022-01-13,3601.0265,3555.2585,3601.0725,3555.1576,369368365.0
2022-01-14,3544.0652,3521.2559,3548.4204,3519.3222,376937024.0
2022-01-17,3522.0851,3541.666,3546.0853,3519.4257,312886733.0
2022-01-18,3541.8899,3569.9144,3579.3126,3531.3295,377146435.0
2022-01-19,3567.6309,3558.1796,3578.7348,3541.6619,333235269.0
2022-01-20,3556.2262,3555.0629,3576.2594,3540.5545,379509846.0
2022-01-21,3546.7495,3522.5679,3547.0003,3514.8853,326534880.0
2022-01-24,3508.2441,3524.105,3531.6081,3500.1391,280268342.0
2022-01-25,3509.2847,3433.0612,3519.8334,3433.0612,327353813.0
2022-01-26,3442.6916,3455.6679,3462.1233,3417.7585,275122828.0
2022-01-27,3456.1021,3394.2474,3456.363,3392.0154,280606534.0
2022-01-28,3407.5933,3361.4397,3417.0453,3356.5558,290855257.0
2022-02-07,3407.7621,3429.5809,3434.0256,3407.7621,320485211.0
2022-02-08,3428.5424,3452.6288,3453.1863,3390.4578,366093865.0
2022-02-09,3450.818,3479.9458,3484.739,3444.0848,350249936.0
2022-02-10,3481.9101,3485.9071,3488.8552,3464.2169,355666267.0
2022-02-11,3472.2757,3462.9479,3500.1471,3459.3299,361356090.0
2022-02-14,3451.8468,3428.8821,3457.2645,3415.4463,315274448.0
2022-02-15,3428.0447,3446.0885,3447.4917,3421.6403,275559322.0
2022-02-16,3457.073,3465.8305,3475.0576,3453.8014,274993913.0
2022-02-17,3464.2091,3468.0354,3480.9719,3454.2767,297262682.0
2022-02-18,3451.6318,3490.7573,3490.7573,3447.0273,295149963.0
2022-02-21,3488.4057,3490.6123,3492.1994,3471.6858,301541740.0
2022-02-22,3473.2874,3457.146,3473.3931,3437.6717,326279484.0
2022-02-23,3458.5139,3489.1465,3490.7633,3458.1795,325604895.0
2022-02-24,3474.3692,3429.9564,3486.9773,3400.2136,488354901.0
2022-02-25,3445.3361,3451.4061,3480.1756,3440.9339,377542556.0
2022-02-28,3450.3155,3462.3064,3462.3064,3425.5162,345838388.0
2022-03-01,3471.3646,3488.8347,3491.1317,3465.7154,326001662.0
2022-03-02,3478.2925,3484.1916,3486.6206,3466.9999,329367684.0
2022-03-03,3495.928,3481.1125,3500.2872,3473.3376,412594289.0
2022-03-04,3459.9845,3447.649,3474.8816,3437.6964,393526581.0
2022-03-07,3438.5602,3372.8552,3438.5602,3360.7393,393588999.0
2022-03-08,3372.5546,3293.5301,3383.6326,3287.3412,415926766.0
2022-03-09,3303.706,3256.3884,3321.4811,3147.6768,466285569.0
2022-03-10,3312.1789,3296.0922,3326.5827,3291.2352,378336376.0
2022-03-11,3259.3227,3309.7467,3315.6603,3217.4185,384067127.0
2022-03-14,3271.8902,3223.5328,3297.7973,3223.5328,337968687.0
2022-03-15,3192.3637,3063.9652,3196.9161,3063.9652,465037164.0
2022-03-16,3107.669,3170.7103,3177.7882,3023.3045,444667189.0
2022-03-17,3215.0105,3215.0445,3260.1673,3202.9337,420813458.0
2022-03-18,3207.1522,3251.0724,3260.7829,3197.3578,373035611.0
2022-03-21,3255.6152,3253.6857,3267.4982,3223.3892,354228488.0
2022-03-22,3249.5428,3259.8619,3279.1127,3239.5323,361196158.0
2022-03-23,3264.7923,3271.0325,3279.8868,3251.9817,349875370.0
2022-03-24,3256.0573,3250.2644,3266.8866,3236.6592,329006654.0
2022-03-25,3247.1568,3212.2399,3257.1061,3211.6445,340020006.0
2022-03-28,3185.1668,3214.5027,3230.2153,3159.8348,344994873.0
2022-03-29,3216.0118,3203.9393,3229.1766,3196.4553,316273649.0
2022-03-30,3217.5921,3266.5959,3266.5959,3216.3023,366753677.0
2022-03-31,3256.1369,3252.2029,3272.04,3246.063,398439934.0
2022-04-01,3234.668,3282.7166,3287.2285,3226.2965,378210460.0
2022-04-06,3269.427,3283.4261,3288.108,3255.6894,429642779.0
2022-04-07,3267.8103,3236.6951,3290.2561,3236.4791,402626660.0
2022-04-08,3239.8767,3251.8502,3257.0938,3208.3521,413826799.0
2022-04-11,3239.855,3167.1259,3239.855,3156.5066,424160185.0
2022-04-12,3165.1197,3213.3295,3214.5359,3140.8998,418321923.0
2022-04-13,3199.7972,3186.8244,3225.467,3183.533,391156925.0
2022-04-14,3203.6337,3225.6412,3240.0014,3200.2346,371242344.0
2022-04-15,3210.6996,3211.2448,3229.8655,3200.1332,407842082.0
2022-04-18,3185.9428,3195.524,3204.0274,3166.9782,347365123.0
2022-04-19,3192.0924,3194.0287,3207.8276,3174.7138,339944104.0
2022-04-20,3189.8912,3151.0498,3191.8315,3142.0485,362047037.0
2022-04-21,3138.4276,3079.8077,3160.8994,3069.6809,391934694.0
2022-04-22,3058.4044,3086.9193,3105.6552,3049.3555,342000563.0
2022-04-25,3034.2667,2928.5118,3043.8156,2928.5096,433606108.0
2022-04-26,2930.4532,2886.4257,2957.68,2878.2563,401615154.0
2022-04-27,2866.8161,2958.282,2959.1781,2863.6497,423060191.0
2022-04-28,2945.8109,2975.4848,2991.5101,2936.7941,375371775.0
2022-04-29,2986.0606,3047.0624,3048.4941,2968.334,423932794.0
2022-05-05,3044.8491,3067.7587,3082.2295,3042.1155,383072875.0
2022-05-06,3011.3187,3001.5605,3030.6926,2992.7152,343264218.0
2022-05-09,2990.199,3004.1409,3015.9425,2983.6119,292061556.0
2022-05-10,2965.7759,3035.8442,3043.7789,2957.3968,370660980.0
2022-05-11,3035.3893,3058.7027,3100.8998,3034.6745,423991912.0
2022-05-12,3044.7997,3054.994,3072.1574,3032.9452,344440477.0
2022-05-13,3068.0331,3084.2845,3086.0957,3059.2527,331737852.0
2022-05-16,3100.55,3073.7488,3102.577,3063.3977,338108492.0
2022-05-17,3076.4982,3093.6965,3093.6965,3057.6406,330356537.0
2022-05-18,3095.8862,3085.9768,3105.8419,3071.305,315037923.0
2022-05-19,3046.7104,3096.9648,3096.9648,3042.6742,336600749.0
2022-05-20,3107.0941,3146.5673,3146.5673,3107.0941,372336636.0
2022-05-23,3150.4898,3146.8573,3150.5093,3127.8986,353376325.0
2022-05-24,3149.059,3070.9272,3153.1299,3070.9272,416312158.0
2022-05-25,3070.1702,3107.4641,3107.6279,3069.9459,342259227.0
2022-05-26,3111.4817,3123.1079,3133.2767,3079.4812,370305518.0
2022-05-27,3135.0315,3130.2394,3151.047,3112.5443,359463866.0
2022-05-30,3141.956,3149.0607,3150.8923,3123.1495,349362285.0
2022-05-31,3149.9443,3186.4271,3188.6026,3142.0044,374523265.0
2022-06-01,3179.6949,3182.1566,3190.6094,3160.0399,365664432.0
2022-06-02,3170.3055,3195.458,3197.2818,3163.7555,361770632.0
2022-06-06,3196.9552,3236.3719,3237.071,3181.647,422027835.0
2022-06-07,3235.416,3241.7635,3253.093,3222.6354,402203220.0
2022-06-08,3245.0173,3263.7934,3266.6298,3216.0148,434183270.0
2022-06-09,3259.4899,3238.9543,3270.5571,3223.4751,422728372.0
2022-06-10,3214.1848,3284.8341,3286.6195,3210.8083,439865730.0
2022-06-13,3256.275,3255.5511,3272.9906,3229.3089,438578312.0
2022-06-14,3224.2141,3288.9066,3289.1343,3195.8192,450388187.0
2022-06-15,3289.1036,3305.4066,3358.5453,3288.8512,550584131.0
2022-06-16,3306.8353,3285.3845,3319.689,3277.5306,433220868.0
2022-06-17,3265.5124,3316.7857,3323.2797,3262.8936,395300700.0
2022-06-20,3315.7833,3315.4302,3333.9025,3292.9279,413460410.0
2022-06-21,3313.7874,3306.7186,3329.39,3279.8269,394456891.0
2022-06-22,3309.1184,3267.2016,3311.0209,3266.5427,375529782.0
2022-06-23,3269.0545,3320.1487,3320.1487,3262.2939,400614211.0
2022-06-24,3324.736,3349.747,3356.7145,3322.9496,390819734.0
2022-06-27,3364.003,3379.1852,3393.3091,3364.003,414117738.0
2022-06-28,3377.6793,3409.2103,3412.1017,3358.8666,412056516.0
2022-06-29,3399.6779,3361.5177,3414.6467,3358.4676,440573559.0
2022-06-30,3358.9338,3398.6161,3417.0085,3358.9338,381243178.0
2022-07-01,3400.2616,3387.6373,3404.0523,3378.3621,350489299.0
2022-07-04,3381.8194,3405.4267,3405.6185,3364.0947,357737919.0
2022-07-05,3411.1297,3404.0252,3424.8366,3372.0623,411699672.0
2022-07-06,3391.0265,3355.3497,3391.0265,3333.0965,384630047.0
2022-07-07,3353.1283,3364.398,3375.8595,3332.3092,334400202.0
2022-07-08,3380.3686,3356.0778,3386.3149,3354.1209,322921072.0
2022-07-11,3341.1016,3313.584,3341.1016,3297.005,342669193.0
2022-07-12,3307.2211,3281.4665,3319.2512,3277.0794,334600539.0
2022-07-13,3279.6025,3284.2918,3297.0185,3266.4811,331845669.0
2022-07-14,3277.4545,3281.744,3299.2512,3261.4934,355926432.0
2022-07-15,3261.3826,3228.0609,3288.9198,3228.0609,380156371.0
2022-07-18,3235.0881,3278.1033,3278.4715,3226.2315,348346022.0
2022-07-19,3278.7221,3279.4313,3283.9295,3256.0152,315651918.0
2022-07-20,3291.5507,3304.7243,3308.3472,3287.7441,301515123.0
2022-07-21,3297.6614,3272.0012,3300.5345,3272.0012,332358707.0
2022-07-22,3276.1966,3269.9739,3293.6439,3246.7313,300690066.0
2022-07-25,3269.707,3250.388,3273.1836,3243.0311,271245744.0
2022-07-26,3254.1852,3277.4356,3282.4133,3246.044,259468676.0
2022-07-27,3271.7825,3275.7553,3282.5739,3265.7267,249131485.0
2022-07-28,3287.5019,3282.5758,3305.7057,3277.1078,288055056.0
2022-07-29,3282.8114,3253.2382,3294.8045,3246.3677,307331047.0
2022-08-01,3246.6161,3259.9585,3264.3041,3225.5533,292204805.0
2022-08-02,3231.2621,3186.2664,3231.2621,3155.1866,394176168.0
2022-08-03,3188.8906,3163.6741,3217.5496,3159.457,324885673.0
2022-08-04,3179.4278,3189.0391,3190.9992,3155.7039,260898943.0
2022-08-05,3195.2274,3227.0267,3228.8863,3184.4549,274683729.0
2022-08-08,3218.8511,3236.9337,3237.9693,3214.0826,254268050.0
2022-08-09,3235.7351,3247.4318,3248.7718,3227.5394,259605467.0
2022-08-10,3242.3622,3230.02,3253.1662,3217.8065,257583592.0
2022-08-11,3243.4716,3281.6654,3281.6654,3237.9041,300605376.0
2022-08-12,3275.77,3276.8877,3288.2233,3272.8406,299932928.0
2022-08-15,3268.3653,3276.087,3286.891,3261.8151,287106773.0
2022-08-16,3278.6756,3277.8847,3295.0226,3271.5703,303592274.0
2022-08-17,3282.1008,3292.526,3295.9976,3263.3483,326124759.0
2022-08-18,3286.3669,3277.5438,3289.1415,3270.5584,301694778.0
2022-08-19,3275.6229,3258.0784,3286.4911,3258.0637,333535471.0
2022-08-22,3249.7046,3277.7943,3278.1655,3247.187,314537869.0
2022-08-23,3274.427,3276.2234,3284.5963,3262.6331,316566356.0
2022-08-24,3279.1716,3215.2033,3281.8752,3212.386,366140577.0
2022-08-25,3223.4645,3246.2481,3248.3505,3199.1242,336196165.0
2022-08-26,3250.6276,3236.2226,3266.2737,3232.2766,309927554.0
2022-08-29,3203.1022,3240.7275,3240.7275,3198.996,297015097.0
2022-08-30,3240.1835,3227.2203,3243.746,3212.6346,294318914.0
2022-08-31,3216.5257,3202.1378,3232.0158,3184.3936,344408829.0
2022-09-01,3196.5367,3184.9797,3214.5583,3181.6256,274660541.0
2022-09-02,3189.6439,3186.4781,3198.2812,3173.7929,250456911.0
2022-09-05,3183.946,3199.9118,3199.9118,3172.0394,280675633.0
2022-09-06,3207.933,3243.4466,3244.6353,3203.8161,318869689.0
2022-09-07,3232.1368,3246.2943,3253.7671,3227.8225,301014466.0
2022-09-08,3245.557,3235.5862,3253.7005,3233.8007,281680358.0
2022-09-09,3241.1809,3262.0542,3266.1974,3236.5078,283827665.0
2022-09-13,3272.0492,3263.7972,3278.1659,3259.6644,276189823.0
2022-09-14,3224.6783,3237.5419,3250.8024,3221.9609,255193365.0
2022-09-15,3248.9721,3199.9187,3254.1789,3174.3899,325206121.0
2022-09-16,3189.8265,3126.3977,3191.8265,3126.3972,316475893.0
2022-09-19,3122.7549,3115.6019,3135.5565,3101.2207,249113662.0
2022-09-20,3127.8356,3122.4058,3140.0252,3114.0368,219942534.0
2022-09-21,3116.0065,3117.1774,3129.8245,3091.2966,232972496.0
2022-09-22,3098.7682,3108.9096,3125.6797,3092.8189,221140689.0
2022-09-23,3106.8055,3088.3695,3124.6583,3072.2409,243057719.0
2022-09-26,3067.5689,3051.226,3102.6544,3048.5143,262698628.0
2022-09-27,3056.3917,3093.8618,3094.0389,3048.365,232735303.0
2022-09-28,3089.0975,3045.0668,3089.0975,3044.864,230098650.0
2022-09-29,3067.4727,3041.2046,3076.7615,3026.0792,230030416.0
2022-09-30,3042.1664,3024.3905,3054.6129,3021.9309,204115336.0
2022-10-10,3026.9354,2974.1454,3029.4478,2968.281,243404828.0
2022-10-11,2978.0617,2979.7926,2986.9116,2953.4953,208635950.0
2022-10-12,2976.7168,3025.5055,3025.5055,2934.0922,248013557.0
2022-10-13,3008.3016,3016.3561,3036.2485,3004.4963,249683281.0
2022-10-14,3035.0341,3071.9868,3084.2724,3035.0341,277304061.0
2022-10-17,3060.5176,3084.9423,3087.1944,3052.7149,262608618.0
2022-10-18,3094.9272,3080.9574,3099.9182,3074.2162,245634757.0
2022-10-19,3073.2616,3044.3777,3081.3903,3044.3777,230895310.0
2022-10-20,3029.3028,3035.0504,3070.2648,3013.6929,244736145.0
2022-10-21,3038.0358,3038.9291,3055.4157,3026.9603,245254122.0
2022-10-24,3034.7458,2977.5554,3064.4211,2965.1675,298085356.0
2022-10-25,2969.156,2976.283,3001.715,2944.2607,255554160.0
2022-10-26,2977.5643,2999.5036,3028.3478,2977.5643,268689492.0
2022-10-27,3005.0373,2982.9029,3017.2629,2981.6889,265608254.0
2022-10-28,2967.0221,2915.9257,2974.236,2908.9831,292531308.0
2022-10-31,2893.1962,2893.4829,2926.015,2885.0894,301994203.0
2022-11-01,2899.4985,2969.1995,2969.1995,2896.7572,319809578.0
2022-11-02,2960.6465,3003.3699,3019.0486,2954.9478,325078248.0
2022-11-03,2981.2038,2997.8057,3003.7207,2977.7162,259348567.0
2022-11-04,2996.9971,3070.7964,3081.5903,2996.9971,329806740.0
2022-11-07,3062.859,3077.817,3088.1927,3054.4571,320567097.0
2022-11-08,3077.3056,3064.4928,3078.276,3047.4624,256522007.0
2022-11-09,3064.4633,3048.1676,3073.9183,3046.1881,235637324.0
2022-11-10,3031.6915,3036.1318,3047.9803,3022.8506,270371798.0
2022-11-11,3099.65,3087.2926,3117.7419,3070.3007,409604534.0
2022-11-14,3100.8669,3083.4013,3121.4056,3075.2152,361788216.0
2022-11-15,3081.1349,3134.0778,3135.5903,3074.4982,331470577.0
2022-11-16,3133.6504,3119.9804,3145.7526,3115.3453,303429844.0
2022-11-17,3110.9649,3115.4347,3115.4351,3087.1737,287028407.0
2022-11-18,3116.7291,3097.2432,3126.7107,3096.8858,299954276.0
2022-11-21,3078.0569,3085.0444,3085.2426,3056.1703,256045549.0
2022-11-22,3084.2328,3088.9426,3118.1197,3076.3214,327565927.0
2022-11-23,3084.7403,3096.9073,3108.2438,3075.3241,326155449.0
2022-11-24,3104.0955,3089.3096,3113.2392,3084.8554,267482928.0
2022-11-25,3085.4611,3101.6932,3111.4214,3077.9671,311431979.0
2022-11-28,3055.2899,3078.5485,3080.1843,3034.7045,305811284.0
2022-11-29,3096.1126,3149.7478,3152.0027,3096.1126,391449748.0
2022-11-30,3141.3992,3151.3353,3158.5732,3137.3687,372718321.0
2022-12-01,3187.9899,3165.4711,3198.4088,3164.5348,387013056.0
2022-12-02,3160.5789,3156.1442,3170.898,3149.8406,307812484.0
2022-12-05,3181.9155,3211.8144,3213.4395,3177.0642,447398437.0
2022-12-06,3200.275,3212.5334,3224.822,3195.0788,373590296.0
2022-12-07,3204.9352,3199.6194,3226.0817,3188.6705,354113078.0
2022-12-08,3196.0156,3197.3499,3206.7151,3187.2566,320969294.0
2022-12-09,3197.1183,3206.9502,3212.1059,3182.9068,373343209.0
2022-12-12,3195.868,3179.0417,3196.7247,3176.5752,333381792.0
2022-12-13,3179.4354,3176.3255,3187.2035,3171.4827,285821200.0
2022-12-14,3178.5542,3176.5253,3189.835,3168.5925,265623569.0
2022-12-15,3177.1995,3168.6478,3179.1,3158.4515,243023333.0
2022-12-16,3156.1349,3167.8576,3175.3526,3151.6089,259771795.0
2022-12-19,3165.3092,3107.115,3170.2552,3096.0981,278513541.0
2022-12-20,3098.9532,3073.7659,3100.7477,3061.5098,218836766.0
2022-12-21,3078.3312,3068.4105,3085.7951,3060.5542,189067920.0
2022-12-22,3085.8004,3054.4313,3096.2449,3044.5991,223639537.0
2022-12-23,3038.8416,3045.8664,3061.867,3031.5358,192020305.0
2022-12-26,3048.1963,3065.5626,3071.8363,3047.3491,206503893.0
2022-12-27,3077.7469,3095.5678,3098.0783,3074.3133,222218322.0
2022-12-28,3088.6174,3087.3997,3098.6496,3079.4338,224554151.0
2022-12-29,3076.7264,3073.7016,3086.0048,3064.4594,215570676.0
2022-12-30,3084.5226,3089.2579,3096.3135,3082.1964,217545344.0
2023-01-03,3087.513,3116.5119,3119.8556,3073.054,281370362.0
2023-01-04,3117.5711,3123.5164,3129.0937,3109.4512,273313626.0
2023-01-05,3132.7614,3155.2162,3159.427,3130.23,257003018.0
2023-01-06,3155.0747,3157.6365,3170.7418,3151.8407,257380255.0
2023-01-09,3169.3737,3176.0845,3183.583,3165.4282,258115218.0
2023-01-10,3178.022,3169.5072,3178.1569,3165.1446,232984175.0
2023-01-11,3172.3759,3161.8376,3184.757,3160.8896,237742869.0
2023-01-12,3167.273,3163.4509,3171.5905,3153.4038,216671305.0
2023-01-13,3170.3548,3195.3059,3195.3067,3167.5098,220226897.0
2023-01-16,3198.5189,3227.5916,3251.3739,3197.3186,306749549.0
2023-01-17,3229.4354,3224.2448,3231.2645,3211.7573,226592230.0
2023-01-18,3227.5947,3224.406,3234.8169,3220.3703,212109730.0
2023-01-19,3221.5179,3240.2794,3240.2794,3210.3825,226465030.0
2023-01-20,3247.2031,3264.8138,3267.0579,3247.2031,273219182.0
2023-01-30,3308.8694,3269.318,3310.4903,3266.758,353325829.0
2023-01-31,3266.1442,3255.6692,3277.2524,3252.0145,300162957.0
2023-02-01,3262.1961,3284.9213,3284.9224,3245.4113,339509410.0
2023-02-02,3291.7828,3285.6705,3295.7636,3272.414,333413133.0
2023-02-03,3275.6578,3263.4059,3275.6578,3235.3533,293342814.0
2023-02-06,3244.7007,3238.6978,3250.3514,3226.2112,267053107.0
2023-02-07,3245.2297,3248.094,3250.033,3233.8334,250946450.0
2023-02-08,3251.5006,3232.1063,3257.114,3230.4393,234530481.0
2023-02-09,3227.7278,3270.3826,3270.3826,3225.7724,254754529.0
2023-02-10,3266.4367,3260.6734,3269.9944,3247.2296,260626926.0
2023-02-13,3256.9881,3284.1599,3285.0913,3252.6327,297213188.0
2023-02-14,3288.9742,3293.2825,3293.7338,3279.1894,270974168.0
2023-02-15,3294.015,3280.4919,3296.1995,3274.5505,269939123.0
2023-02-16,3281.7352,3249.0295,3308.8279,3231.3421,380863545.0
2023-02-17,3244.7325,3224.0243,3262.4729,3223.2581,278451237.0
2023-02-20,3230.4728,3290.3383,3291.0388,3225.8427,325007733.0
2023-02-21,3291.6312,3306.5236,3308.7908,3282.436,324409449.0
2023-02-22,3292.0489,3291.1477,3307.0343,3286.7207,255403985.0
2023-02-23,3293.5219,3287.477,3307.4385,3275.3621,262324304.0
2023-02-24,3287.2553,3267.1597,3288.3922,3253.9748,234206306.0
2023-02-27,3256.9998,3258.0344,3276.5791,3251.7213,242855344.0
2023-02-28,3265.742,3279.6053,3280.4154,3246.1446,251625032.0
2023-03-01,3279.1364,3312.3478,3315.1604,3272.0351,318398704.0
2023-03-02,3308.0113,3310.6536,3320.7441,3306.4554,328520016.0
2023-03-03,3314.7727,3328.3927,3330.6046,3302.6231,343996919.0
2023-03-06,3332.0235,3322.0259,3333.0619,3308.7255,340530446.0
2023-03-07,3320.211,3285.0988,3342.8585,3284.4099,389957956.0
2023-03-08,3271.8798,3283.2479,3283.2479,3263.6927,260443547.0
2023-03-09,3285.9427,3276.0937,3289.06,3259.9999,264021859.0
2023-03-10,3255.5121,3230.0766,3262.147,3229.4959,281135410.0
2023-03-13,3228.1239,3268.6955,3268.6955,3228.1239,294928087.0
2023-03-14,3261.9219,3245.3123,3262.0025,3216.9927,319906033.0
2023-03-15,3261.0284,3263.3148,3273.1232,3256.8566,305168798.0
2023-03-16,3244.4699,3226.8912,3257.433,3224.7223,327389632.0
2023-03-17,3245.2604,3250.546,3279.9228,3240.157,343001022.0
2023-03-20,3253.9302,3234.9103,3267.9931,3231.6459,392517391.0
2023-03-21,3240.8388,3255.6505,3255.9997,3237.8934,301810779.0
2023-03-22,3263.4129,3265.7475,3279.3938,3255.7394,290840462.0
2023-03-23,3258.7791,3286.6491,3286.6491,3252.9917,306118393.0
2023-03-24,3282.739,3265.6537,3282.739,3260.8444,324513337.0
2023-03-27,3261.8235,3251.3971,3261.8235,3229.7037,337861206.0
2023-03-28,3256.6023,3245.376,3264.0978,3241.7368,295682660.0
2023-03-29,3253.6212,3240.0568,3254.5564,3229.5848,296900508.0
2023-03-30,3243.0683,3261.2485,3263.7379,3220.9846,299898295.0
2023-03-31,3263.4061,3272.8602,3278.4231,3260.0396,283613746.0
2023-04-03,3277.34,3296.396,3299.7321,3276.4158,357676775.0
2023-04-04,3297.183,3312.5578,3312.5615,3290.9925,385871617.0
2023-04-06,3302.751,3312.628,3314.5262,3296.055,327155424.0
2023-04-07,3312.4813,3327.6457,3328.8455,3308.061,283032247.0
2023-04-10,3331.5051,3315.3578,3332.7152,3309.9171,340819845.0
2023-04-11,3317.0771,3313.5705,3317.4484,3298.2498,320566055.0
2023-04-12,3316.8623,3327.1816,3330.7079,3315.3991,343025315.0
2023-04-13,3321.2733,3318.3638,3334.4697,3309.2515,347862106.0
2023-04-14,3326.3704,3338.1525,3340.0764,3316.8101,338299275.0
2023-04-17,3337.0605,3385.6095,3385.6095,3336.3881,402809926.0
2023-04-18,3379.2267,3393.3312,3396.1745,3375.7803,348399486.0
2023-04-19,3391.3549,3370.1283,3394.959,3364.6419,346123443.0
2023-04-20,3367.0525,3367.031,3371.3679,3344.016,350354965.0
2023-04-21,3363.9987,3301.2575,3367.6093,3301.2575,387395098.0
2023-04-24,3300.8125,3275.413,3303.0908,3264.9349,354255626.0
2023-04-25,3276.403,3264.8717,3288.5685,3229.4461,380895729.0
2023-04-26,3255.2171,3264.1006,3277.9797,3239.9893,357917842.0
2023-04-27,3256.2278,3285.8844,3299.301,3253.1117,341590534.0
2023-04-28,3283.1224,3323.2746,3324.8808,3283.1224,401554785.0
2023-05-04,3306.4827,3350.4587,3352.7463,3302.0275,483364916.0
2023-05-05,3350.6538,3334.5028,3364.1417,3321.1872,436504494.0
2023-05-08,3340.9904,3395.0036,3400.1766,3340.9904,534103659.0
2023-05-09,3402.3938,3357.6707,3418.9534,3356.1183,573013309.0
2023-05-10,3347.7015,3319.1506,3349.7213,3305.2506,451739731.0
2023-05-11,3323.6583,3309.5512,3333.2496,3307.2887,354258271.0
2023-05-12,3304.4582,3272.3619,3319.1307,3271.4311,347314983.0
2023-05-15,3269.8781,3310.7367,3310.7367,3235.8679,388045887.0
2023-05-16,3310.1607,3290.9874,3317.9012,3282.4918,322479410.0
2023-05-17,3281.9664,3284.232,3298.519,3269.8936,285744050.0
2023-05-18,3288.4112,3297.3199,3313.8622,3284.1679,309967472.0
2023-05-19,3288.8911,3283.5417,3302.3424,3268.2242,285404064.0
2023-05-22,3278.596,3296.4696,3308.5325,3276.5398,273889998.0
2023-05-23,3294.7877,3246.238,3298.2257,3246.238,275279083.0
2023-05-24,3237.7045,3204.7494,3237.7045,3204.3813,288720257.0
2023-05-25,3197.3644,3201.2605,3207.021,3168.5716,283588925.0
2023-05-26,3198.8825,3212.5038,3220.7737,3179.8217,261700479.0
2023-05-29,3219.7553,3221.4484,3230.9706,3208.955,297389487.0
2023-05-30,3214.6728,3224.2133,3230.6317,3186.6256,303532460.0
2023-05-31,3214.6551,3204.5644,3216.3597,3190.2736,294573338.0
2023-06-01,3196.1547,3204.6345,3225.093,3189.5174,312330759.0
2023-06-02,3212.4489,3230.0686,3233.9916,3211.737,294667098.0
2023-06-05,3231.8108,3232.441,3244.1801,3221.6254,278060203.0
2023-06-06,3228.4068,3195.3404,3247.349,3189.2692,308285872.0
2023-06-07,3197.4677,3197.7587,3210.3295,3188.0053,258063400.0
2023-06-08,3194.8348,3213.5855,3225.5263,3180.5354,293530741.0
2023-06-09,3213.033,3231.4055,3231.4055,3206.1027,314155501.0
2023-06-12,3225.3049,3228.8336,3239.4368,3210.7135,313784444.0
2023-06-13,3223.8958,3233.6734,3235.0854,3215.4989,280628454.0
2023-06-14,3238.1189,3228.9887,3248.4609,3226.7743,303537260.0
2023-06-15,3230.4512,3252.9751,3252.9751,3229.1452,313255752.0
2023-06-16,3256.2989,3273.3341,3276.5522,3255.4988,326281846.0
2023-06-19,3271.1635,3255.8057,3271.1635,3251.7789,327753047.0
2023-06-20,3252.5435,3240.3648,3252.8435,3237.7857,298260596.0
2023-06-21,3230.1142,3197.9011,3236.3626,3197.9011,294377372.0
2023-06-26,3177.2293,3150.6189,3181.0758,3144.2484,308129811.0
2023-06-27,3153.3132,3189.4427,3194.4086,3148.2657,287604327.0
2023-06-28,3183.4865,3189.3758,3192.6589,3157.1229,276231948.0
2023-06-29,3185.4242,3182.3812,3196.5025,3179.5251,250340074.0
2023-06-30,3178.9242,3202.0623,3212.9928,3177.9913,265379873.0
2023-07-03,3209.1623,3243.975,3246.8605,3209.1623,312371395.0
2023-07-04,3241.2305,3245.3492,3246.9576,3233.9895,279248721.0
2023-07-05,3240.0486,3222.9469,3241.8353,3218.6022,264016426.0
2023-07-06,3215.8633,3205.5748,3229.4799,3199.7164,246119032.0
2023-07-07,3197.4716,3196.6092,3212.0472,3189.2114,255688469.0
2023-07-10,3208.7349,3203.6958,3216.5348,3192.6579,236560367.0
2023-07-11,3211.1222,3221.3666,3221.6804,3200.3845,227600467.0
2023-07-12,3220.3758,3196.1337,3224.3312,3193.4366,271423386.0
2023-07-13,3202.6992,3236.48,3238.4675,3202.6992,276620508.0
2023-07-14,3240.9695,3237.7012,3248.3849,3233.9985,273327494.0
2023-07-17,3219.0162,3209.6298,3219.0162,3195.8862,250208376.0
2023-07-18,3206.786,3197.8201,3210.2482,3190.0049,235030259.0
2023-07-19,3195.0085,3198.8358,3204.3612,3181.5611,217355860.0
2023-07-20,3201.9111,3169.522,3209.0554,3165.6739,238932891.0
2023-07-21,3163.421,3167.7452,3185.6357,3157.3335,225331363.0
2023-07-24,3157.4694,3164.1608,3178.7335,3151.1252,216595211.0
2023-07-25,3201.4575,3231.5213,3231.7486,3201.4575,348617714.0
2023-07-26,3228.0873,3223.0279,3229.8921,3212.8801,317206051.0
2023-07-27,3225.4763,3216.6709,3245.6028,3210.4699,327118867.0
2023-07-28,3206.741,3275.9257,3280.2777,3200.9939,411068434.0
2023-07-31,3287.2089,3291.0398,3322.1291,3281.0133,459030994.0
2023-08-01,3288.7604,3290.9493,3305.3402,3279.5656,459890833.0
2023-08-02,3281.8583,3261.6903,3290.8203,3252.3036,405341499.0
2023-08-03,3254.5651,3280.4626,3280.8636,3247.2719,384691317.0
2023-08-04,3296.0944,3288.0842,3315.0492,3281.7343,470927697.0
2023-08-07,3276.7756,3268.8311,3276.7756,3258.5372,360341484.0
2023-08-08,3260.7218,3260.6196,3274.5186,3246.6745,316520733.0
2023-08-09,3251.1521,3244.4867,3257.0816,3240.2888,271218538.0
2023-08-10,3242.2057,3254.5597,3257.0298,3234.1158,287412142.0
2023-08-11,3254.4751,3189.248,3254.4751,3189.248,330137750.0
2023-08-14,3159.7138,3178.4272,3180.5067,3141.6551,299840327.0
2023-08-15,3180.5579,3176.1758,3186.234,3147.3459,273251922.0
2023-08-16,3164.7019,3150.1277,3176.626,3149.7226,281728292.0
2023-08-17,3137.3514,3163.7393,3167.4457,3123.2495,294692586.0
2023-08-18,3165.0998,3131.953,3179.1159,3131.953,294390352.0
2023-08-21,3125.9897,3092.9777,3134.9571,3092.9777,265753423.0
2023-08-22,3103.7807,3120.3338,3126.7838,3074.5307,309316335.0
2023-08-23,3116.2661,3078.4021,3116.3765,3077.6056,272244124.0
2023-08-24,3085.9107,3082.2439,3106.1824,3072.9511,300024637.0
2023-08-25,3068.615,3064.0747,3085.047,3053.0373,293347686.0
2023-08-28,3219.0432,3098.6363,3219.0432,3089.1194,485607764.0
2023-08-29,3091.9379,3135.8867,3145.761,3090.4377,398875780.0
2023-08-30,3144.4067,3137.1375,3153.689,3126.9024,347511867.0
2023-08-31,3134.5529,3119.8764,3139.9801,3113.9459,313448242.0
2023-09-01,3126.0234,3133.2467,3143.8457,3123.1896,292310992.0
2023-09-04,3145.9435,3177.0603,3177.0603,3143.3793,366391140.0
2023-09-05,3169.7384,3154.3693,3169.7384,3150.0753,294061849.0
2023-09-06,3147.1363,3158.0769,3162.1547,3136.8998,267002230.0
2023-09-07,3152.2028,3122.3523,3152.2662,3120.8229,269264733.0
2023-09-08,3114.2296,3116.7191,3126.0412,3104.6743,228125064.0
2023-09-11,3119.6101,3142.779,3155.1026,3113.8164,290442917.0
2023-09-12,3140.3409,3137.0593,3147.5141,3134.3176,234672051.0
2023-09-13,3137.7718,3123.0669,3143.7577,3106.9693,249701038.0
2023-09-14,3124.8482,3126.5511,3135.025,3111.8588,263990138.0
2023-09-15,3133.5883,3117.7434,3141.9642,3107.448,292026365.0
2023-09-18,3110.4404,3125.9319,3128.7009,3098.496,259444257.0
2023-09-19,3123.9862,3124.9567,3131.1298,3113.5254,253652761.0
2023-09-20,3118.6671,3108.5679,3122.1277,3108.1578,228124462.0
2023-09-21,3103.1754,3084.701,3113.4939,3084.701,228659100.0
2023-09-22,3084.7567,3132.4316,3132.5578,3078.8007,285978351.0
2023-09-25,3131.2079,3115.6071,3131.2079,3112.1505,258071885.0
2023-09-26,3114.0214,3102.2726,3120.2889,3102.2726,222644313.0
2023-09-27,3104.0395,3107.3156,3125.447,3103.8441,240495830.0
2023-09-28,3117.7549,3110.4753,3121.8352,3105.9397,236329981.0
2023-10-09,3099.9998,3096.9224,3103.3597,3072.6418,264422205.0
2023-10-10,3104.3651,3075.2361,3109.9822,3073.1864,255327379.0
2023-10-11,3085.6989,3078.9556,3095.6594,3071.936,259918692.0
2023-10-12,3101.7051,3107.9007,3109.9898,3092.1771,274827998.0
2023-10-13,3091.9972,3088.0991,3094.9153,3080.5481,255085235.0
2023-10-16,3091.0647,3073.813,3091.1257,3063.6856,263882363.0
2023-10-17,3076.4283,3083.4964,3084.0725,3064.8897,259019588.0
2023-10-18,3076.5796,3058.7098,3076.5796,3057.0588,268647155.0
2023-10-19,3043.1955,3005.3934,3043.1955,3004.7745,304038910.0
2023-10-20,2995.3575,2983.0585,3006.2746,2977.1731,267113594.0
2023-10-23,2969.7858,2939.2913,2973.6611,2923.5113,278904128.0
2023-10-24,2944.3105,2962.2437,2964.7605,2929.0883,310985389.0
2023-10-25,2986.4066,2974.1135,2993.2951,2972.4177,332392004.0
2023-10-26,2960.1038,2988.2992,2990.3277,2956.006,291814511.0
2023-10-27,2978.4026,3017.7842,3029.2101,2974.8802,321803717.0
2023-10-30,3009.6104,3021.5534,3028.2641,3002.3477,360604238.0
2023-10-31,3019.646,3018.7706,3023.0014,3006.6088,319859967.0
2023-11-01,3038.1821,3023.0765,3038.3303,3013.933,280110445.0
2023-11-02,3028.6647,3009.4058,3038.6422,3009.121,268794581.0
2023-11-03,3012.4654,3030.7977,3040.9807,3012.4654,268486347.0
2023-11-06,3047.1301,3058.4105,3058.9891,3037.6941,372949630.0
2023-11-07,3052.9202,3057.2697,3064.5771,3042.4689,326853455.0
2023-11-08,3051.1531,3052.3726,3062.991,3037.2888,335677834.0
2023-11-09,3047.6532,3053.2792,3063.4674,3045.8336,315621764.0
2023-11-10,3043.5585,3038.9699,3044.0007,3027.0878,285546497.0
2023-11-13,3044.0319,3046.5329,3048.6209,3028.168,290430588.0
2023-11-14,3046.8171,3056.0703,3059.5294,3044.4259,294844733.0
2023-11-15,3077.0291,3072.8348,3080.1284,3064.3464,304250107.0
2023-11-16,3066.8554,3050.9257,3071.4522,3050.9257,271079460.0
2023-11-17,3043.617,3054.3655,3055.8561,3033.7472,267606393.0
2023-11-20,3056.9268,3068.3191,3072.5134,3043.5148,287556998.0
2023-11-21,3074.8281,3067.9328,3089.7738,3063.3449,330733102.0
2023-11-22,3060.4984,3043.611,3067.9625,3043.611,289056490.0
2023-11-23,3041.6779,3061.8562,3062.8665,3034.2969,276592059.0
2023-11-24,3060.3306,3040.9717,3060.3306,3037.2012,287788413.0
2023-11-27,3038.1864,3031.7002,3038.3578,3015.0076,310517868.0
2023-11-28,3028.5983,3038.5545,3039.6945,3020.2306,268920746.0
2023-11-29,3038.4641,3021.6874,3038.9767,3017.6611,277956448.0
2023-11-30,3021.1025,3029.6727,3030.9086,3013.7678,282945357.0
2023-12-01,3027.353,3031.6358,3035.7599,3010.2333,286089700.0
2023-12-04,3033.298,3022.9138,3038.9794,3022.3477,288162053.0
2023-12-05,3017.0102,2972.2959,3017.0102,2972.2959,293943278.0
2023-12-06,2966.9475,2968.9334,2985.3143,2959.603,294104187.0
2023-12-07,2965.6523,2966.2061,2976.0148,2949.1438,296243687.0
2023-12-08,2965.3901,2969.5594,2980.8344,2962.327,369138705.0
2023-12-11,2956.2905,2991.4385,2995.6698,2930.422,360216344.0
2023-12-12,2986.3282,3003.4378,3003.7455,2980.4462,287638762.0
2023-12-13,2997.3358,2968.7606,2997.3358,2968.7606,282754098.0
2023-12-14,2979.699,2958.9856,2986.1773,2958.066,271457650.0
2023-12-15,2966.3015,2942.5568,2976.3094,2940.0266,289327642.0
2023-12-18,2936.5751,2930.8036,2951.1479,2924.3254,293086999.0
2023-12-19,2928.7631,2932.3908,2940.5014,2914.1253,265926980.0
2023-12-20,2932.1186,2902.1096,2937.1011,2902.0395,265562454.0
2023-12-21,2892.0201,2918.7149,2924.2562,2882.0195,282541827.0
2023-12-22,2919.2879,2914.7752,2935.7002,2906.5094,296628367.0
2023-12-25,2909.8751,2918.8126,2920.6323,2903.987,229814178.0
2023-12-26,2917.9708,2898.8787,2917.9708,2892.8373,228140855.0
2023-12-27,2900.1491,2914.6138,2917.9564,2890.165,247900882.0
2023-12-28,2913.1096,2954.7035,2961.6476,2909.3886,339213116.0
2023-12-29,2950.8372,2974.9348,2975.0319,2950.0173,290672687.0
2024-01-02,2972.775,2962.2762,2976.2682,2962.2762,304141793.0
2024-01-03,2957.1117,2967.2472,2971.2834,2953.2901,285455945.0
2024-01-04,2965.5087,2954.3486,2966.6828,2936.6347,264980924.0
2024-01-05,2949.8221,2929.1833,2967.9677,2916.7206,301040239.0
2024-01-08,2923.457,2887.5379,2924.4559,2887.5379,270275055.0
2024-01-09,2887.1095,2893.2513,2900.7266,2878.4123,262955975.0
2024-01-10,2886.9807,2877.7023,2903.1621,2870.4155,244046526.0
2024-01-11,2873.7982,2886.6502,2896.1788,2867.7223,267050764.0
2024-01-12,2880.0399,2881.9769,2904.1743,2878.8752,261602931.0
2024-01-15,2872.5562,2886.2908,2904.4643,2869.2236,244611236.0
2024-01-16,2881.5602,2893.9886,2896.683,2861.1302,286286714.0
2024-01-17,2887.2917,2833.6152,2887.4893,2833.6152,261251308.0
2024-01-18,2822.6672,2845.7839,2849.2559,2760.978,390396855.0
2024-01-19,2836.9749,2832.2793,2849.8755,2822.8434,266664388.0
2024-01-22,2826.5034,2756.3399,2828.3202,2735.3721,350165758.0
2024-01-23,2746.8923,2770.9763,2784.8407,2724.1573,308749417.0
2024-01-24,2782.1415,2820.7719,2823.6953,2743.3971,369070600.0
2024-01-25,2823.8259,2906.1087,2906.794,2821.7093,442009045.0
2024-01-26,2897.9149,2910.2227,2924.3065,2890.4819,421109084.0
2024-01-29,2910.6072,2883.356,2923.8992,2883.3327,410581311.0
2024-01-30,2866.2795,2830.5266,2881.3468,2829.2498,335661226.0
2024-01-31,2815.5042,2788.5482,2834.011,2782.5869,377103965.0
2024-02-01,2773.4239,2770.7403,2805.0146,2752.7824,352889185.0
2024-02-02,2773.2949,2730.152,2791.6756,2666.3335,426230199.0
2024-02-05,2716.081,2702.185,2739.7383,2635.0897,478990292.0
2024-02-06,2680.4846,2789.486,2802.9312,2669.6732,502849313.0
2024-02-07,2791.5145,2829.6956,2829.6956,2770.5293,547117439.0
2024-02-08,2832.4855,2865.9032,2867.4738,2827.902,531108893.0
2024-02-19,2886.5871,2910.544,2910.544,2867.7103,458967704.0
2024-02-20,2902.8765,2922.7302,2927.308,2887.4741,350138735.0
2024-02-21,2906.0243,2950.9556,2994.6149,2898.0496,444245463.0
2024-02-22,2945.4465,2988.3578,2988.3578,2944.4988,354132536.0
2024-02-23,2992.9115,3004.881,3009.1359,2979.9728,380083270.0
2024-02-26,3002.1179,2977.0221,3009.479,2967.0571,409026558.0
2024-02-27,2966.4166,3015.4807,3015.4807,2961.1479,372984687.0
2024-02-28,3016.2555,2957.8524,3031.4881,2957.8524,544109093.0
2024-02-29,2943.6242,3015.1712,3015.1712,2943.6242,409696374.0
2024-03-01,3013.8229,3027.0204,3032.2315,3003.7632,379132184.0
2024-03-04,3026.6071,3039.3055,3040.3447,3007.6829,387760002.0
2024-03-05,3027.1028,3047.7931,3052.5413,3022.1777,383509955.0
2024-03-06,3041.7518,3039.9309,3060.5629,3034.3536,340982739.0
2024-03-07,3040.2111,3027.4013,3063.6924,3023.1177,377154391.0
2024-03-08,3026.1654,3046.0192,3049.194,3016.9032,319204392.0
2024-03-11,3042.6188,3068.4554,3068.4554,3035.4451,361608821.0
2024-03-12,3068.182,3055.935,3075.1308,3044.8572,415743914.0
2024-03-13,3053.3413,3043.8346,3061.951,3031.8985,365047453.0
2024-03-14,3042.4131,3038.2339,3059.9975,3020.637,364072290.0
2024-03-15,3031.5229,3054.6359,3056.4473,3023.2152,360268463.0
2024-03-18,3057.2093,3084.9262,3085.3124,3055.9221,406653508.0
2024-03-19,3077.9805,3062.7558,3090.0459,3062.6279,384123680.0
2024-03-20,3058.6478,3079.6859,3081.7547,3056.645,349187729.0
2024-03-21,3084.4116,3077.113,3090.0513,3069.272,366877968.0
2024-03-22,3070.5481,3048.0336,3073.2058,3027.7615,394740486.0
2024-03-25,3040.501,3026.3055,3065.2611,3026.3055,387485389.0
2024-03-26,3026.9218,3031.4809,3036.4939,3006.2597,345928787.0
2024-03-27,3026.8138,2993.1388,3030.4495,2993.1388,343198010.0
2024-03-28,2988.5899,3010.6636,3033.3666,2984.1201,353200026.0
2024-03-29,3008.3757,3041.1669,3041.2978,3008.1672,334822785.0
2024-04-01,3049.0207,3077.3786,3078.4883,3049.0207,375393640.0
2024-04-02,3076.8752,3074.9586,3085.5365,3063.9808,367304262.0
2024-04-03,3074.8929,3069.2959,3079.02,3057.3972,363211380.0
2024-04-08,3057.3255,3047.0526,3077.3512,3045.4692,402936740.0
2024-04-09,3044.6136,3048.5369,3051.5851,3033.2089,333489965.0
2024-04-10,3045.9609,3027.3349,3049.6072,3013.5897,348991721.0
2024-04-11,3013.5727,3034.2464,3050.3372,3009.8972,340894392.0
2024-04-12,3035.5773,3019.4735,3043.5599,3014.8297,334229771.0
2024-04-15,3013.6722,3057.3776,3066.9412,2995.542,461239244.0
2024-04-16,3043.5505,3007.0681,3052.4346,3005.34,448070473.0
2024-04-17,3008.0614,3071.3806,3071.3806,3002.0564,413358368.0
2024-04-18,3060.0309,3074.2246,3102.5527,3057.7606,416321349.0
2024-04-19,3060.2989,3065.261,3080.3227,3055.0577,375543855.0
2024-04-22,3059.0649,3044.5952,3078.4226,3042.542,357216399.0
2024-04-23,3038.6118,3021.9775,3044.9438,3016.5169,325595128.0
2024-04-24,3029.4028,3044.8223,3045.6398,3019.1239,305264093.0
2024-04-25,3037.9273,3052.9,3060.2635,3034.6499,292280148.0
2024-04-26,3054.9793,3088.6357,3092.43,3054.9793,439382563.0
2024-04-29,3086.6819,3113.0432,3119.6857,3080.5858,506925445.0
2024-04-30,3110.1594,3104.8245,3123.2876,3104.2943,440213213.0
2024-05-06,3132.5115,3140.7204,3142.3816,3126.7689,450656899.0
2024-05-07,3139.6637,3147.738,3151.219,3133.6904,379102564.0
2024-05-08,3141.4874,3128.4798,3144.9856,3126.1729,334000320.0
2024-05-09,3128.1644,3154.3201,3158.4646,3128.1644,360881462.0
2024-05-10,3158.5891,3154.5472,3163.1441,3137.1517,384287495.0
2024-05-13,3139.4753,3148.0207,3157.3656,3126.1697,397030565.0
2024-05-14,3148.8488,3145.7743,3155.8071,3137.6091,343526194.0
2024-05-15,3141.2518,3119.9021,3142.9725,3117.9287,321027962.0
2024-05-16,3127.1841,3122.401,3137.8779,3116.1627,367417361.0
2024-05-17,3121.7126,3154.0263,3154.0263,3116.7842,383915244.0
2024-05-20,3156.1482,3171.1451,3174.2658,3155.9903,426867280.0
2024-05-21,3164.6826,3157.9657,3165.2237,3148.342,335783572.0
2024-05-22,3157.1889,3158.5399,3166.9191,3152.457,354098082.0
2024-05-23,3149.8752,3116.387,3150.6282,3110.2773,353943727.0
2024-05-24,3110.7533,3088.8705,3130.4245,3087.7941,306532279.0
2024-05-27,3094.14,3124.0427,3125.5064,3091.9893,319396765.0
2024-05-28,3122.3877,3109.5721,3130.3103,3106.3645,310066974.0
2024-05-29,3108.0267,3111.0176,3128.1365,3100.9797,289970346.0
2024-05-30,3103.7078,3091.6778,3121.218,3085.3841,302380762.0
2024-05-31,3094.7587,3086.8134,3107.6035,3086.8134,276072816.0
2024-06-03,3085.9814,3078.4887,3097.2043,3061.2766,357563362.0
2024-06-04,3071.3196,3091.1992,3095.3221,3063.5879,309287598.0
2024-06-05,3086.0509,3065.4034,3092.3459,3064.7359,290542344.0
2024-06-06,3069.4393,3048.7939,3077.6725,3040.8295,369867104.0
2024-06-07,3053.9153,3051.2787,3065.0247,3031.0443,316342484.0
2024-06-11,3042.1338,3028.0451,3043.1997,3013.8611,310481942.0
2024-06-12,3025.2963,3037.4675,3042.0423,3021.3085,279452106.0
2024-06-13,3038.0859,3028.9187,3040.4021,3022.8224,297862463.0
2024-06-14,3020.9588,3032.6333,3037.9046,3011.5773,348746753.0
2024-06-17,3017.7169,3015.8907,3026.6242,3012.0452,295763448.0
2024-06-18,3015.0713,3030.2464,3031.9758,3012.5234,273625999.0
2024-06-19,3029.0993,3018.0491,3030.2259,3015.3263,261296248.0
2024-06-20,3015.7224,3005.4369,3028.5143,3001.7677,295515907.0
2024-06-21,2998.2413,2998.1377,3011.9141,2985.9291,255001251.0
2024-06-24,2982.8263,2963.0989,2990.6429,2960.1267,298653884.0
2024-06-25,2962.7654,2949.9963,2971.6534,2935.5382,273209938.0
2024-06-26,2943.4471,2972.5251,2976.669,2933.3304,282388409.0
2024-06-27,2962.6964,2945.8524,2963.0644,2944.8979,270548519.0
2024-06-28,2940.3032,2967.4028,2985.4679,2939.984,315201432.0
2024-07-01,2965.2452,2994.7303,2996.4086,2961.8556,297782235.0
2024-07-02,2992.8556,2997.0111,3004.987,2989.4701,281364683.0
2024-07-03,2995.6642,2982.3756,2998.5369,2978.0686,246284642.0
2024-07-04,2984.8303,2957.567,2995.5695,2955.2895,274268789.0
2024-07-05,2954.3723,2949.9333,2957.1069,2920.2046,272324556.0
2024-07-08,2939.8367,2922.4498,2947.61,2917.2322,277533424.0
2024-07-09,2919.5729,2959.3724,2963.7822,2904.0389,315062031.0
2024-07-10,2949.0261,2939.3636,2958.8594,2935.3304,301549456.0
2024-07-11,2957.2502,2970.3874,2971.3608,2947.4027,328372424.0
2024-07-12,2965.6121,2971.295,2977.1417,2963.3033,303713014.0
2024-07-15,2963.8472,2974.0107,2977.3126,2959.1288,268992597.0
2024-07-16,2963.9001,2976.3043,2977.3613,2959.6655,260783630.0
2024-07-17,2970.8081,2962.8549,2972.7949,2957.948,282307991.0
2024-07-18,2951.1434,2977.1334,2978.0919,2937.9045,278022665.0
2024-07-19,2963.5144,2982.3086,2986.2425,2955.1199,280932413.0
2024-07-22,2978.1932,2964.2155,2978.6007,2946.5608,278749559.0
2024-07-23,2960.5004,2915.3685,2960.5004,2915.3682,296295994.0
2024-07-24,2909.1521,2901.9518,2922.0298,2894.2885,306118853.0
2024-07-25,2891.8918,2886.7416,2897.7674,2872.8497,274639500.0
2024-07-26,2885.9953,2890.8973,2899.1162,2875.3959,278387536.0
2024-07-29,2889.4726,2891.8453,2898.9512,2878.5825,256899727.0
2024-07-30,2885.2152,2879.2996,2885.2152,2865.1493,262478837.0
2024-07-31,2877.5409,2938.7493,2940.5927,2876.3009,412723417.0
2024-08-01,2940.12,2932.3871,2947.8768,2928.8262,346621137.0
2024-08-02,2913.0198,2905.3375,2931.2593,2902.7202,312205039.0
2024-08-05,2889.3634,2860.6978,2919.0252,2860.6978,355540572.0
2024-08-06,2878.6508,2867.2837,2888.2009,2845.335,297300803.0
2024-08-07,2864.0101,2869.8338,2886.9417,2857.7247,263097150.0
2024-08-08,2864.758,2869.9014,2886.3994,2850.8745,289128632.0
2024-08-09,2879.8726,2862.1941,2887.8489,2862.1941,284253916.0
2024-08-12,2858.8946,2858.2046,2869.2688,2851.2952,244241371.0
2024-08-13,2860.4099,2867.946,2867.946,2845.3099,231674601.0
2024-08-14,2866.2434,2850.6539,2866.2434,2850.401,217885170.0
2024-08-15,2844.2005,2877.3579,2889.0866,2839.3875,271900000.0
2024-08-16,2877.9403,2879.4298,2888.6753,2873.0601,263653441.0
2024-08-19,2877.9542,2893.6738,2905.1547,2877.7709,261687730.0
2024-08-20,2895.5506,2866.661,2896.5194,2855.3293,263658002.0
2024-08-21,2858.9388,2856.5839,2863.891,2848.1509,229200027.0
2024-08-22,2856.2001,2848.7718,2861.6071,2845.5024,245399415.0
2024-08-23,2844.7703,2854.3675,2860.7327,2839.3371,226692565.0
2024-08-26,2855.4741,2855.5203,2860.6545,2844.3828,227351523.0
2024-08-27,2850.8773,2848.7312,2853.7804,2843.1576,230693006.0
2024-08-28,2844.3269,2837.4293,2852.5621,2830.9615,228730623.0
2024-08-29,2829.4506,2823.106,2831.4309,2815.3829,277510534.0
2024-08-30,2819.6498,2842.2142,2867.9649,2817.0141,397516975.0
2024-09-02,2832.3499,2811.035,2839.2784,2810.3739,340714193.0
2024-09-03,2809.1733,2802.9787,2814.903,2794.9111,275736139.0
2024-09-04,2786.5046,2784.2783,2800.6065,2781.9352,257453500.0
2024-09-05,2785.2635,2788.3141,2796.0186,2777.471,242040948.0
2024-09-06,2791.7645,2765.8066,2804.0932,2765.6394,253645375.0
2024-09-09,2754.7237,2736.4876,2756.556,2726.9667,261468847.0
2024-09-10,2737.881,2744.1921,2750.1181,2718.6273,262159015.0
2024-09-11,2732.7314,2721.7952,2732.7314,2710.6208,242264900.0
2024-09-12,2722.1382,2717.1231,2734.6832,2716.5552,240084315.0
2024-09-13,2718.9864,2704.0896,2728.7797,2703.3689,251270038.0
2024-09-18,2705.3451,2717.2813,2724.1141,2689.6952,247817132.0
2024-09-19,2723.2053,2736.0222,2747.7402,2697.7756,315208389.0
2024-09-20,2734.2277,2736.8139,2741.1552,2717.9451,285644627.0
2024-09-23,2735.3895,2748.9177,2760.4799,2731.3571,257642154.0
2024-09-24,2770.7543,2863.1255,2863.1519,2761.3717,477619545.0
2024-09-25,2901.4185,2896.3057,2952.4511,2889.048,568259816.0
2024-09-26,2893.7451,3000.9526,3000.9526,2889.0143,576319261.0
2024-09-27,3049.1026,3087.5286,3087.5286,3017.4453,492287163.0
2024-09-30,3194.7224,3336.4974,3358.5883,3153.697,1102337917.0
2024-10-08,3674.4048,3489.7751,3674.4048,3372.1868,1313460195.0
2024-10-09,3427.2199,3258.8578,3437.1571,3249.1591,992757256.0
2024-10-10,3277.6916,3301.9259,3379.8053,3228.1248,834500257.0
2024-10-11,3287.8727,3217.7377,3297.7517,3187.9882,606027433.0
2024-10-14,3241.4275,3284.3225,3294.6199,3203.901,631466859.0
2024-10-15,3265.7461,3201.2919,3285.2147,3201.2919,566054558.0
2024-10-16,3169.1685,3202.948,3236.848,3167.7364,515813997.0
2024-10-17,3220.7334,3169.3843,3241.5675,3169.3843,528611772.0
2024-10-18,3165.9745,3261.5633,3313.9784,3152.8213,693014623.0
2024-10-21,3276.0598,3268.11,3300.664,3239.0965,668150299.0
2024-10-22,3263.8224,3285.8669,3294.9612,3255.1375,574913781.0
2024-10-23,3285.2474,3302.8028,3331.0823,3277.0663,650444128.0
2024-10-24,3287.8243,3280.2625,3292.9448,3266.8823,519827074.0
2024-10-25,3280.7616,3299.7003,3319.3571,3276.1303,595651707.0
2024-10-28,3300.4634,3322.1975,3322.1975,3279.715,672373131.0
2024-10-29,3328.0885,3286.407,3340.4584,3284.2108,725326154.0
2024-10-30,3273.6421,3266.2378,3291.6795,3244.8063,669018090.0
2024-10-31,3267.975,3279.8244,3295.7421,3252.3899,784649094.0
2024-11-01,3275.5768,3272.0142,3305.3181,3258.7346,852055320.0
2024-11-04,3275.6787,3310.2072,3310.2072,3263.8421,665077454.0
2024-11-05,3306.8098,3386.9869,3386.9869,3302.0472,821124902.0
2024-11-06,3395.2217,3383.8062,3420.9986,3367.0812,895855930.0
2024-11-07,3359.9851,3470.6609,3470.6609,3356.258,959556680.0
2024-11-08,3502.1331,3452.2971,3509.8182,3443.193,964034562.0
2024-11-11,3432.3672,3470.0657,3471.1222,3416.7266,818025436.0
2024-11-12,3469.8908,3421.9701,3489.4244,3402.0422,817926524.0
2024-11-13,3406.9164,3439.2778,3442.2983,3404.5254,673662348.0
2024-11-14,3429.5054,3379.8389,3441.7746,3376.1528,631556690.0
2024-11-15,3369.8092,3330.7263,3391.3204,3330.7263,630285583.0
2024-11-18,3344.6904,3323.8486,3386.9031,3309.0076,743950692.0
2024-11-19,3324.8831,3346.0098,3346.7577,3284.133,625024151.0
2024-11-20,3337.6778,3367.9893,3375.2482,3333.0023,566154289.0
2024-11-21,3362.9444,3370.4039,3378.5175,3348.8552,530331830.0
2024-11-22,3368.043,3267.1916,3372.0034,3267.1916,630687790.0
2024-11-25,3274.884,3263.7597,3285.4555,3232.9178,538897390.0
2024-11-26,3256.8576,3259.7572,3285.3281,3252.8661,472219304.0
2024-11-27,3250.591,3309.7789,3309.8805,3227.3553,511202303.0
2024-11-28,3308.2797,3295.6983,3319.2559,3290.3641,511953047.0
2024-11-29,3295.2096,3326.4557,3357.5013,3293.6899,580227102.0
2024-12-02,3328.482,3363.9823,3369.3032,3323.0091,668477762.0
2024-12-03,3366.2853,3378.8063,3386.6176,3348.3742,663030139.0
2024-12-04,3376.5715,3364.6498,3388.0241,3352.9434,621028862.0
2024-12-05,3353.0573,3368.8553,3377.055,3353.0573,543885746.0
2024-12-06,3370.9405,3404.0764,3418.2608,3364.2061,698186572.0
2024-12-09,3402.6288,3402.5343,3426.6451,3385.9588,694905205.0
2024-12-10,3490.2892,3422.6607,3494.8669,3417.7654,794668034.0
2024-12-11,3416.0874,3432.4902,3437.8103,3416.0874,681544610.0
2024-12-12,3432.2786,3461.4998,3464.1162,3425.9755,700096689.0
2024-12-13,3442.9259,3391.8782,3442.9259,3390.7537,777464144.0
2024-12-16,3390.083,3386.3312,3401.9263,3376.5358,625578996.0
2024-12-17,3381.8141,3361.485,3396.2074,3357.7694,568941505.0
2024-12-18,3371.2955,3382.2081,3396.4603,3371.2955,512524979.0
2024-12-19,3355.9041,3370.0331,3377.5321,3346.469,513909063.0
2024-12-20,3364.481,3368.0693,3390.6182,3362.8193,490964621.0
2024-12-23,3367.9037,3351.2571,3384.9918,3348.277,556747248.0
2024-12-24,3353.5354,3393.5281,3394.9044,3352.9474,471992673.0
2024-12-25,3395.1072,3393.3501,3406.2125,3374.0113,471315592.0
2024-12-26,3389.3383,3398.0765,3401.0951,3380.255,422177271.0
2024-12-27,3397.2939,3400.142,3418.952,3388.3215,500488130.0
2024-12-30,3395.3962,3407.3259,3412.8414,3394.9648,455262383.0
2024-12-31,3406.9652,3351.763,3413.4545,3351.763,502731062.0
2025-01-02,3347.9392,3262.5607,3351.722,3242.0865,561375199.0
2025-01-03,3267.0766,3211.4299,3273.5656,3205.7755,517592014.0
2025-01-06,3209.7832,3206.9228,3219.4877,3185.4631,430978403.0
2025-01-07,3203.3068,3229.6439,3230.8529,3190.4612,409660529.0
2025-01-08,3218.8577,3230.1679,3246.2908,3175.7247,472864390.0
2025-01-09,3220.7205,3211.3933,3228.9725,3205.9103,382943557.0
2025-01-10,3211.7068,3168.5238,3220.1073,3168.5238,403663348.0
2025-01-13,3148.8259,3160.755,3172.7,3140.9775,372742023.0
2025-01-14,3165.1613,3240.94,3245.2196,3159.432,469212704.0
2025-01-15,3234.7152,3227.1167,3245.9042,3222.2359,404723199.0
2025-01-16,3239.0261,3236.032,3265.2824,3217.0966,430655539.0
2025-01-17,3226.7616,3241.8212,3256.5067,3219.7734,383599260.0
2025-01-20,3256.1492,3244.3776,3268.2626,3238.1214,403337948.0
2025-01-21,3256.8325,3242.6226,3258.6103,3229.0689,384583718.0
2025-01-22,3235.4925,3213.6237,3235.5013,3203.3801,364817518.0
2025-01-23,3237.5988,3230.1637,3273.5203,3229.5716,458246803.0
2025-01-24,3222.8774,3252.6264,3260.0112,3221.7121,398653033.0
2025-01-27,3256.6136,3250.6007,3274.3924,3250.6007,387467642.0
2025-02-05,3270.1604,3229.4876,3271.022,3220.2794,406388181.0
2025-02-06,3226.575,3270.6594,3271.4271,3225.8459,460842730.0
2025-02-07,3269.2269,3303.6666,3324.428,3262.5085,600558451.0
2025-02-10,3308.04,3322.1698,3325.3558,3299.2429,546589749.0
2025-02-11,3323.6694,3318.0569,3324.1727,3304.4443,511943541.0
2025-02-12,3312.2572,3346.3854,3346.3854,3310.3904,513437828.0
2025-02-13,3343.2347,3332.4826,3359.1807,3332.4826,568631161.0
2025-02-14,3328.483,3346.7242,3349.0836,3322.5289,532332965.0
2025-02-17,3355.4171,3355.8296,3357.1212,3333.1948,589546569.0
2025-02-18,3348.9827,3324.4906,3366.0119,3314.3006,562679240.0
2025-02-19,3320.7801,3351.5392,3352.0867,3320.5809,502912965.0
2025-02-20,3347.5893,3350.7833,3355.5571,3338.0335,504357114.0
2025-02-21,3356.6947,3379.1128,3381.0575,3339.0256,608190206.0
2025-02-24,3374.0813,3373.0276,3384.8106,3355.8694,598188203.0
2025-02-25,3345.6534,3346.0398,3369.5583,3337.8448,527578562.0
2025-02-26,3351.2093,3380.2144,3380.2144,3351.2093,553992031.0
2025-02-27,3378.4494,3388.0622,3388.7808,3353.5712,575815020.0
2025-02-28,3374.6636,3320.8973,3383.1909,3318.7162,568319504.0
2025-03-03,3328.3955,3316.9253,3349.0169,3304.5931,502417862.0
2025-03-04,3300.498,3324.2099,3327.8242,3297.5304,429996111.0
2025-03-05,3324.6962,3341.9649,3342.7143,3314.1478,460952696.0
2025-03-06,3353.5703,3381.0983,3387.0538,3348.684,539992709.0
2025-03-07,3373.1808,3372.5458,3390.9442,3363.9288,517663551.0
2025-03-10,3373.2588,3366.163,3375.7978,3347.1859,450380832.0
2025-03-11,3335.4394,3379.8284,3379.8287,3334.8313,448468323.0
2025-03-12,3385.6853,3371.9235,3392.4086,3370.2204,502195100.0
2025-03-13,3371.0945,3358.7285,3377.1183,3341.1182,519013479.0
2025-03-14,3361.6861,3419.5616,3421.2333,3360.6063,582663388.0
2025-03-17,3430.8093,3426.1285,3436.3516,3422.4618,515685138.0
2025-03-18,3434.5653,3429.7593,3437.0654,3423.3005,454916063.0
2025-03-19,3424.1726,3426.4291,3439.0463,3414.5933,440316299.0
2025-03-20,3425.2157,3408.9482,3427.0454,3404.662,451630682.0
2025-03-21,3401.7593,3364.8307,3414.7094,3355.8396,520862630.0
2025-03-24,3364.8342,3370.0283,3373.6936,3340.2383,513310260.0
2025-03-25,3370.0008,3369.9763,3379.9884,3361.0462,456357393.0
2025-03-26,3365.6658,3368.6973,3382.3424,3365.6658,428533770.0
2025-03-27,3362.7123,3373.7489,3394.0349,3351.1739,414776314.0
2025-03-28,3372.0388,3351.3068,3375.0528,3346.0807,412284289.0
2025-03-31,3343.3442,3335.7462,3361.7415,3317.7381,472571978.0
2025-04-01,3340.7121,3348.4351,3357.6215,3338.7788,422588670.0
2025-04-02,3344.1711,3350.1266,3361.134,3343.1155,350127364.0
2025-04-03,3319.6057,3342.0077,3358.4256,3319.6057,400517827.0
2025-04-07,3193.1024,3096.5762,3217.7818,3040.6932,662199584.0
2025-04-08,3094.2619,3145.5491,3145.5491,3085.1229,662242387.0
2025-04-09,3110.0101,3186.8099,3186.8099,3070.0778,684797174.0
2025-04-10,3227.8362,3223.6379,3239.9408,3201.5714,591208273.0
2025-04-11,3219.5053,3238.2268,3249.8536,3211.3497,475531804.0
2025-04-14,3251.9779,3262.8075,3272.7203,3244.7327,471373220.0
2025-04-15,3260.685,3267.6623,3268.9848,3246.3369,396662895.0
2025-04-16,3267.665,3276.0039,3276.0045,3233.7911,429534854.0
2025-04-17,3261.7177,3280.3412,3285.9154,3258.1451,382012698.0
2025-04-18,3270.3534,3276.7304,3283.0896,3262.3916,358836193.0
2025-04-21,3273.1383,3291.4341,3298.6398,3270.0131,379307588.0
2025-04-22,3289.1664,3299.7571,3311.1529,3288.3316,403167615.0
2025-04-23,3308.1514,3296.3552,3312.1923,3293.0633,411633212.0
2025-04-24,3295.1487,3297.2881,3313.5087,3286.2363,392844749.0
2025-04-25,3300.3916,3295.06,3305.2618,3288.7545,411043192.0
2025-04-28,3292.0559,3288.4147,3296.9318,3279.8773,410665863.0
2025-04-29,3281.4453,3286.6548,3294.9815,3277.6271,388961672.0
2025-04-30,3284.0812,3279.0314,3292.2002,3277.5499,435794335.0
2025-05-06,3295.2504,3316.1135,3316.4476,3286.9886,474369617.0
2025-05-07,3354.9737,3342.6651,3356.6884,3324.8088,511159606.0
2025-05-08,3331.2052,3351.9958,3359.7309,3327.9024,428377766.0
2025-05-09,3350.405,3341.9989,3351.2198,3335.127,398909191.0
2025-05-12,3352.9698,3369.2445,3372.4724,3344.2687,418239910.0
2025-05-13,3386.2344,3374.8707,3386.2344,3370.2516,426240700.0
2025-05-14,3374.2353,3403.9481,3417.3142,3368.0781,464934441.0
2025-05-15,3398.4272,3380.8214,3402.8656,3378.0208,424100916.0
2025-05-16,3374.7061,3367.4619,3380.29,3356.6609,395401030.0
2025-05-19,3365.8823,3367.5829,3373.5994,3356.6483,403074805.0
2025-05-20,3371.6886,3380.478,3387.804,3369.9629,405544534.0
2025-05-21,3380.2094,3387.5736,3394.7541,3380.2094,412496165.0
2025-05-22,3381.865,3380.1885,3390.5925,3376.2331,394217206.0
2025-05-23,3376.8691,3348.3717,3389.4686,3348.3717,400227004.0
2025-05-26,3346.561,3346.8388,3362.307,3336.3552,347562101.0
2025-05-27,3346.5029,3340.687,3351.5718,3332.4895,344071157.0
2025-05-28,3341.8518,3339.9319,3348.234,3336.7273,341555443.0
2025-05-29,3340.4012,3363.4455,3368.6334,3337.415,393233806.0
2025-05-30,3358.8093,3347.4873,3361.2751,3341.6484,385602170.0
2025-06-03,3340.0666,3361.9755,3366.9974,3340.0666,398060772.0
2025-06-04,3363.391,3376.2029,3379.6401,3363.391,386494643.0
2025-06-05,3378.2169,3384.0985,3387.7645,3371.1457,406252093.0
2025-06-06,3384.2949,3385.3579,3391.451,3379.7641,380122886.0
2025-06-09,3388.7783,3399.7716,3402.0503,3383.0742,427347947.0
2025-06-10,3402.013,3384.8163,3406.4515,3365.6674,481618568.0
2025-06-11,3385.4568,3402.3159,3413.5132,3385.4568,424090313.0
2025-06-12,3397.972,3402.658,3408.2049,3388.8657,409490610.0
2025-06-13,3397.4844,3376.996,3401.5526,3370.5924,510065221.0
2025-06-16,3369.3661,3388.7293,3389.7563,3368.8764,405383278.0
2025-06-17,3388.1801,3387.4049,3393.3127,3376.4201,390012447.0
2025-06-18,3386.136,3388.8086,3391.7087,3369.9859,378684891.0
2025-06-19,3384.2932,3362.1082,3386.9194,3353.9355,415327655.0
2025-06-20,3358.9128,3359.8954,3370.7984,3357.7061,350223662.0
2025-06-23,3349.4603,3381.5816,3389.4524,3347.6508,384561397.0
2025-06-24,3380.08,3420.566,3423.7835,3380.08,460963800.0
2025-06-25,3419.0914,3455.9736,3459.0093,3417.4105,509384064.0
2025-06-26,3451.7193,3448.4534,3462.752,3446.1855,496541077.0
2025-06-27,3450.6863,3424.2267,3462.6273,3421.0403,523129432.0
2025-06-30,3423.4738,3444.4256,3447.46,3420.1118,457348049.0
2025-07-01,3445.8457,3457.7474,3459.5866,3441.0379,444356739.0
2025-07-02,3458.171,3454.7924,3461.328,3447.9557,498116776.0
2025-07-03,3456.1519,3461.1506,3463.6198,3446.9739,438543465.0
2025-07-04,3459.5924,3472.3192,3497.2248,3455.4938,500195210.0
2025-07-07,3467.9849,3473.1271,3474.8007,3462.7923,436631340.0
2025-07-08,3474.6316,3497.4753,3499.8857,3474.6316,493484773.0
2025-07-09,3498.724,3493.0495,3512.6687,3491.2007,523920088.0
2025-07-10,3491.4973,3509.6818,3526.5899,3491.4973,564159805.0
2025-07-11,3511.3656,3510.1772,3555.2179,3506.7994,664185249.0
2025-07-14,3513.2515,3519.6498,3532.1183,3513.2515,572084705.0
2025-07-15,3519.8052,3504.9988,3527.0379,3483.3798,572074726.0
2025-07-16,3502.8987,3503.7769,3511.8058,3489.1368,470878578.0
2025-07-17,3500.3715,3516.8255,3517.2847,3499.1856,472211056.0
2025-07-18,3519.4752,3534.4827,3536.0143,3518.2313,493484088.0
2025-07-21,3542.8164,3559.7912,3560.6285,3542.5677,633649736.0
2025-07-22,3561.6316,3581.8611,3584.7185,3547.252,716155230.0
2025-07-23,3588.8777,3582.298,3613.0223,3577.5942,767672388.0
2025-07-24,3578.9121,3605.7269,3608.7278,3577.1131,773265835.0
2025-07-25,3604.4505,3593.6553,3610.0287,3586.22,697189549.0
2025-07-28,3594.2313,3597.9369,3606.2742,3582.1489,594187877.0
2025-07-29,3595.8099,3609.7113,3611.3532,3585.9435,610642058.0
2025-07-30,3608.354,3615.7167,3636.1664,3593.7338,637221916.0
2025-07-31,3604.6959,3573.2082,3606.3744,3562.6072,654509349.0
2025-08-01,3568.2608,3559.9518,3581.7457,3550.0434,509563080.0
2025-08-04,3547.1629,3583.3088,3583.3088,3547.1629,458573618.0
2025-08-05,3588.8077,3617.5976,3617.5976,3586.9686,499797780.0
2025-08-06,3615.808,3633.9949,3634.3135,3613.9894,512467273.0
2025-08-07,3637.7811,3639.6666,3645.117,3622.5224,535501202.0
2025-08-08,3634.8546,3635.1281,3645.3667,3625.4508,526407572.0
2025-08-11,3637.0534,3647.5467,3656.8517,3629.6267,551393348.0
2025-08-12,3647.9625,3665.9177,3669.0384,3647.9625,536623739.0
2025-08-13,3668.6581,3683.4648,3688.6276,3666.5468,613528884.0
2025-08-14,3685.5223,3666.4426,3704.7715,3662.5695,647829587.0
2025-08-15,3659.8146,3696.7705,3702.2553,3658.3762,678521703.0
2025-08-18,3712.4952,3728.0273,3745.939,3702.3802,776016669.0
2025-08-19,3728.4851,3727.2879,3746.669,3718.1467,696099750.0
2025-08-20,3716.6847,3766.2104,3767.43,3704.9912,679836426.0
2025-08-21,3770.6757,3771.0989,3787.9806,3757.9918,691552959.0
2025-08-22,3772.2769,3825.7592,3825.7592,3772.2769,698136277.0
2025-08-25,3848.1629,3883.5617,3883.5617,3839.9724,885474802.0
2025-08-26,3871.471,3868.382,3888.5985,3859.7575,734565305.0
2025-08-27,3869.6116,3800.3499,3887.198,3800.3499,858633499.0
2025-08-28,3796.7112,3843.5974,3845.0871,3761.4221,788351947.0
2025-08-29,3842.8234,3857.9274,3867.6058,3839.2059,739462366.0
2025-09-01,3869.7457,3875.5304,3879.0453,3853.6584,747709536.0
2025-09-02,3877.0858,3858.1334,3885.3145,3828.6775,762618833.0
2025-09-03,3865.286,3813.5566,3868.3877,3794.8837,645668510.0
2025-09-04,3807.7571,3765.8759,3808.3955,3732.8404,710227933.0
2025-09-05,3761.8801,3812.5143,3817.1589,3745.3091,626223380.0
2025-09-08,3811.6692,3826.8407,3833.143,3803.6033,660066898.0
2025-09-09,3816.6574,3807.2923,3834.671,3791.7243,600239380.0
2025-09-10,3806.5842,3812.2212,3826.9959,3794.0574,534539825.0
2025-09-11,3806.0564,3875.3094,3875.3094,3796.4345,617012930.0
2025-09-12,3875.5072,3870.5984,3892.7375,3866.5388,700641784.0
2025-09-15,3876.0974,3860.5036,3879.7365,3855.9725,644793944.0
2025-09-16,3865.9801,3861.8651,3876.6901,3838.6483,673439723.0
2025-09-17,3854.0726,3876.3409,3882.6687,3848.9455,663434713.0
2025-09-18,3876.0592,3831.6562,3899.9594,3800.9953,876027389.0
2025-09-19,3830.4437,3820.0894,3843.1696,3811.9029,682292613.0
2025-09-22,3822.0096,3828.5764,3831.7404,3806.2016,568325686.0
2025-09-23,3830.1379,3821.8327,3838.6059,3774.5282,701902868.0
2025-09-24,3804.4833,3853.6422,3854.923,3804.3279,602056670.0
2025-09-25,3852.431,3853.3021,3866.1058,3840.459,589950531.0
2025-09-26,3839.8553,3828.106,3856.6062,3828.106,551275335.0
2025-09-29,3828.1656,3862.5317,3881.0023,3809.5352,608466399.0
2025-09-30,3869.7046,3882.7774,3887.57,3866.2808,569734631.0
2025-10-09,3898.307,3933.9724,3936.5761,3885.7437,725218501.0
2025-10-10,3915.4752,3897.0281,3933.0053,3886.305,718917673.0
2025-10-13,3800.1055,3889.5022,3895.83,3800.1055,709506101.0
2025-10-14,3910.7825,3865.2289,3918.4357,3851.1209,800839631.0
2025-10-15,3867.5364,3912.2095,3912.2912,3857.6668,645012955.0
2025-10-16,3900.6834,3916.228,3931.05,3899.1673,595451491.0
2025-10-17,3912.0403,3839.7553,3921.0648,3835.3648,617563018.0
2025-10-20,3865.5523,3863.8926,3877.7215,3850.3673,549261712.0
2025-10-21,3870.7488,3916.3322,3919.3183,3868.1453,599415713.0
2025-10-22,3896.0736,3913.7576,3918.5924,3893.325,543117344.0
2025-10-23,3904.159,3922.4101,3926.2171,3877.5294,565189264.0
2025-10-24,3929.115,3950.3115,3950.3115,3928.9598,567858443.0
2025-10-27,3969.2197,3996.9445,3999.0667,3963.1017,637589545.0
2025-10-28,3986.8912,3988.2239,4010.7275,3976.8326,577357684.0
2025-10-29,3990.2655,4016.331,4016.331,3986.9414,612917466.0
2025-10-30,4007.8207,3986.9008,4025.7048,3984.8284,668485609.0
2025-10-31,3985.0641,3954.79,3986.7433,3951.7308,675615406.0
2025-11-03,3954.0783,3976.5207,3977.3051,3937.0215,641245945.0
2025-11-04,3973.4575,3960.186,3985.8822,3938.5197,615493792.0
2025-11-05,3922.5844,3969.2483,3979.7537,3922.5844,614991618.0
2025-11-06,3973.3493,4007.7599,4008.7991,3973.3493,627367547.0
2025-11-07,3994.3167,3997.5557,4012.0054,3993.691,596507034.0
2025-11-10,4001.7939,4018.5972,4018.6958,3990.8359,634049993.0
2025-11-11,4023.877,4002.7576,4024.939,3991.5156,581994921.0
2025-11-12,3996.5648,4000.1396,4020.3775,3980.6756,586193228.0
2025-11-13,3996.5143,4029.5012,4030.3983,3994.7712,613031061.0
2025-11-14,4007.1258,3990.4921,4034.0786,3990.3074,622017118.0
2025-11-17,3988.5564,3972.0348,3992.4041,3958.9484,592017950.0
2025-11-18,3962.4437,3939.8131,3966.8854,3926.5885,594411046.0
2025-11-19,3937.9198,3946.7424,3960.0518,3930.0745,531149601.0
2025-11-20,3960.6993,3931.0512,3967.971,3927.5124,534749540.0
2025-11-21,3896.6646,3834.8908,3912.0063,3834.749,631646251.0
2025-11-24,3848.6565,3836.7655,3854.3305,3816.5757,504601716.0
2025-11-25,3850.571,3870.0228,3882.0299,3845.1383,478727611.0
2025-11-26,3867.429,3864.1844,3879.9231,3861.1769,457589755.0
2025-11-27,3867.1971,3875.2594,3895.5892,3864.1311,444021947.0
2025-11-28,3870.9438,3888.5962,3888.8885,3856.25,449931973.0
2025-12-01,3894.2132,3914.0061,3914.4644,3890.9485,537554133.0
2025-12-02,3908.4559,3897.7116,3908.7688,3888.3275,455584494.0
2025-12-03,3894.1556,3877.9996,3901.696,3869.9528,485617270.0
2025-12-04,3879.7417,3875.7933,3888.8595,3859.0491,445040290.0
2025-12-05,3873.1207,3902.8076,3907.7816,3863.3137,500368768.0
2025-12-08,3909.226,3924.0778,3936.3111,3904.7377,547349789.0
2025-12-09,3916.5087,3909.5216,3923.8986,3902.1278,524538256.0
2025-12-10,3901.1275,3900.496,3906.1163,3876.4745,497331504.0
2025-12-11,3903.8948,3873.3176,3904.9632,3862.821,525658600.0
2025-12-12,3869.4127,3889.3457,3891.8068,3850.5968,573947130.0
2025-12-15,3865.4021,3867.9209,3896.9769,3863.6296,500922790.0
2025-12-16,3861.5145,3824.8119,3862.4271,3815.8444,512494827.0
2025-12-17,3822.5086,3870.2775,3881.7519,3817.9955,512313692.0
2025-12-18,3857.2568,3876.3705,3888.2853,3856.4229,461172625.0
2025-12-19,3878.227,3890.4475,3902.6708,3871.7767,513511893.0
2025-12-22,3900.535,3917.3638,3920.0121,3900.5152,522938992.0
2025-12-23,3919.1063,3919.9786,3937.127,3910.7449,521156952.0
2025-12-24,3920.3466,3940.947,3947.0408,3912.3107,474896447.0
2025-12-25,3937.7196,3959.6211,3964.0733,3936.0782,469313093.0
2025-12-26,3957.8326,3963.6789,3977.7062,3945.5238,555489592.0
2025-12-29,3964.6513,3965.2796,3983.9787,3956.9455,563687197.0
2025-12-30,3947.8707,3965.1159,3979.9901,3947.4187,525932588.0
2025-12-31,3968.7256,3968.8401,3977.5358,3955.4871,490751490.0
2026-01-05,3986.9721,4023.4167,4025.2632,3983.5759,596950455.0
2026-01-06,4026.0158,4083.6672,4083.6672,4025.088,702472270.0
2026-01-07,4083.843,4085.7723,4098.7771,4069.4358,683384352.0
2026-01-08,4077.715,4082.9788,4093.8718,4067.1216,666131337.0
2026-01-09,4086.7624,4120.426,4121.7226,4083.6155,729837985.0
2026-01-12,4134.893,4165.287,4168.3569,4119.8793,839456089.0
2026-01-13,4169.7041,4138.7585,4179.702,4126.2343,868382717.0
2026-01-14,4138.6454,4126.0932,4190.8663,4103.6205,952551289.0
2026-01-15,4106.2241,4112.6012,4133.0726,4096.8496,680250791.0
2026-01-16,4127.0632,4101.9127,4140.2251,4091.8106,763588465.0
2026-01-19,4090.7185,4114.0001,4126.5175,4090.0567,688905870.0
2026-01-20,4116.3659,4113.649,4128.9304,4080.2938,734362496.0
2026-01-21,4103.5291,4116.94,4135.9585,4103.5291,666989507.0
2026-01-22,4126.0717,4122.576,4140.8378,4109.9232,709695409.0
2026-01-23,4130.1076,4136.1642,4143.7498,4120.204,782115454.0
2026-01-26,4144.7782,4132.6052,4160.9852,4124.7004,887439731.0
2026-01-27,4125.2155,4139.9041,4158.8019,4101.8299,754990869.0
2026-01-28,4150.2152,4151.2378,4170.1468,4138.0188,823026748.0
2026-01-29,4155.9185,4157.9845,4170.2138,4138.2992,905908371.0
2026-01-30,4131.9929,4117.9476,4152.8501,4064.7769,804342746.0
2026-02-02,4079.7075,4015.7464,4103.4073,4013.6557,732953698.0
2026-02-03,4043.9061,4067.7379,4069.4179,4002.782,637684249.0
2026-02-04,4064.6772,4102.202,4104.6207,4062.6825,674254244.0
2026-02-05,4075.0254,4075.9167,4088.9041,4048.939,596722236.0
2026-02-06,4040.2992,4065.5834,4095.0303,4029.9731,556709801.0
2026-02-09,4103.5396,4123.0897,4123.1587,4093.0561,572632582.0
2026-02-10,4127.7658,4128.3731,4134.3382,4117.5635,524620969.0
2026-02-11,4124.4277,4131.985,4142.5612,4122.4283,500685278.0
2026-02-12,4136.99,4134.0178,4140.5931,4124.1308,529370116.0
2026-02-13,4115.9243,4082.0726,4123.8443,4079.7702,500799472.0
2026-02-24,4129.1338,4117.4089,4131.5499,4105.9369,566322249.0
2026-02-25,4123.7808,4147.2305,4167.8438,4122.6987,724787214.0
2026-02-26,4151.068,4146.6311,4152.1926,4127.1531,651702826.0
2026-02-27,4128.8974,4162.8815,4166.2344,4128.36,682047646.0
2026-03-02,4151.8011,4182.5909,4188.7702,4131.3676,861579218.0
2026-03-03,4189.4079,4122.676,4197.228,4116.011,921139170.0
2026-03-04,4087.632,4082.474,4106.0397,4055.4125,765169531.0
2026-03-05,4109.777,4108.567,4125.6166,4090.6213,689746535.0
2026-03-06,4085.8954,4124.194,4129.4647,4085.8954,646765760.0
2026-03-09,4098.6987,4096.6023,4106.5336,4052.5454,797803556.0
2026-03-10,4098.5869,4123.138,4123.9578,4098.5869,674922194.0
2026-03-11,4123.6663,4133.4331,4135.8392,4112.7998,707727169.0
2026-03-12,4133.1996,4129.1026,4141.6488,4103.1636,786151182.0
2026-03-13,4117.5738,4095.4485,4134.0794,4086.8469,792054764.0
2026-03-16,4092.2491,4084.7858,4096.1333,4048.0866,732227098.0
2026-03-17,4086.2953,4049.9073,4108.4,4049.5801,678771224.0
2026-03-18,4053.3052,4062.9844,4065.3734,4023.0295,623873102.0
2026-03-19,4028.542,4006.5523,4042.0221,3994.1651,667255422.0
2026-03-20,4004.5732,3957.0527,4022.7033,3955.7113,666798387.0
2026-03-23,3904.9513,3813.2829,3906.622,3794.6844,804738850.0
2026-03-24,3849.6312,3881.2797,3881.4236,3807.9937,680622039.0
2026-03-25,3892.269,3931.8375,3933.0613,3891.8159,688343626.0
2026-03-26,3924.9621,3889.0835,3937.1041,3880.5729,615973981.0
2026-03-27,3852.0936,3913.7238,3924.1075,3852.0936,561342963.0
2026-03-30,3884.2769,3923.2869,3924.2893,3872.7756,595589479.0
2026-03-31,3924.067,3891.8605,3948.8107,3891.8605,606704983.0
2026-04-01,3939.5658,3948.5521,3955.943,3929.9213,564611598.0
2026-04-02,3940.7989,3919.2852,3952.5761,3900.1164,544212835.0
2026-04-03,3927.5923,3880.0967,3929.5285,3871.3004,492699082.0
2026-04-07,3884.1505,3890.1645,3902.6065,3875.6843,473615076.0
2026-04-08,3930.2507,3994.9975,3994.9975,3926.2489,644135352.0
2026-04-09,3967.6296,3966.1712,3979.1271,3955.2458,541569801.0
2026-04-10,3985.464,3986.2247,4011.0243,3979.814,546415541.0
2026-04-13,3971.1985,3988.558,3991.2622,3966.1981,545781768.0
2026-04-14,4006.7267,4026.6256,4026.6256,3992.4071,570259003.0
2026-04-15,4039.4711,4027.2095,4050.6208,4020.9039,569458589.0
2026-04-16,4030.1378,4055.5468,4057.8314,4028.9086,545876967.0
2026-04-17,4043.3813,4051.4254,4058.6041,4038.4287,548791406.0
2026-04-20,4053.3745,4082.1271,4083.1902,4051.685,589841379.0
2026-04-21,4075.8454,4085.0766,4086.6369,4062.1326,576689450.0
2026-04-22,4074.8131,4106.2581,4106.8441,4074.6796,582466346.0
2026-04-23,4110.7883,4093.2501,4114.8443,4070.4598,671166092.0
2026-04-24,4081.0326,4079.9004,4092.6131,4061.1453,605031798.0
2026-04-27,4074.8109,4086.3442,4092.8305,4071.0803,589950867.0
2026-04-28,4076.1431,4078.6374,4090.2014,4062.872,600507498.0
2026-04-29,4061.8221,4107.5144,4112.1518,4061.8221,614221451.0
2026-04-30,4107.2974,4112.1593,4118.7552,4100.9656,656912728.0
2026-05-06,4135.4505,4160.1737,4166.1469,4129.9108,701177480.0
2026-05-07,4168.4467,4180.0922,4180.2099,4163.1365,685574249.0
2026-05-08,4163.8537,4179.9524,4183.0631,4154.2456,697019094.0
2026-05-11,4201.3465,4225.0207,4229.5795,4186.0819,762736287.0
2026-05-12,4229.2833,4214.4891,4230.1839,4199.344,718984002.0
2026-05-13,4192.3145,4242.572,4245.0684,4192.3145,705018739.0
2026-05-14,4256.1569,4177.9175,4258.8631,4177.9175,764235004.0
2026-05-15,4174.175,4135.3894,4191.8068,4114.0856,733162357.0
2026-05-18,4120.1401,4131.5276,4145.6612,4108.6044,627233137.0
2026-05-19,4122.9608,4169.5378,4170.2887,4107.9944,617611067.0
2026-05-20,4152.6984,4162.1845,4169.8468,4139.9744,624152035.0
2026-05-21,4174.3772,4077.2765,4199.5269,4074.2167,727218701.0
2026-05-22,4096.1723,4112.8996,4120.0875,4067.7471,589459644.0
2026-05-25,4126.3376,4152.5686,4153.8788,4119.7996,615930861.0
2026-05-26,4137.3196,4145.373,4150.2888,4104.4593,654777756.0
2026-05-27,4138.8053,4093.7266,4153.5614,4077.616,660467399.0
2026-05-28,4080.3044,4098.6358,4110.7821,4055.8275,621179950.0
2026-05-29,4110.5212,4068.5691,4112.9553,4055.8861,731597710.0
2026-06-01,4067.1578,4057.74,4093.0405,4045.6898,676025806.0
2026-06-02,4061.4629,4075.1016,4089.5747,4032.5826,642244656.0
2026-06-03,4068.3408,4083.974,4107.0458,4059.9067,668452583.0
2026-06-04,4053.6702,4057.7811,4080.7178,4043.4331,621194774.0
2026-06-05,4044.8292,4027.7362,4078.9317,4015.0629,662918577.0
2026-06-08,3938.7093,3959.3378,4007.493,3927.8527,659293555.0
2026-06-09,3977.5394,4010.0307,4010.8715,3955.908,576570090.0
2026-06-10,3985.1244,3993.2258,4006.3127,3963.4417,598694739.0
2026-06-11,3979.7057,3987.0147,3997.4777,3958.4371,568545244.0
2026-06-12,4017.8648,4031.5129,4060.271,4008.1769,743131092.0
2026-06-15,4053.5822,4096.4717,4097.1657,4051.0651,678907811.0
2026-06-16,4094.2124,4091.8917,4103.9259,4077.8702,615668296.0
2026-06-17,4074.2913,4108.0762,4109.9579,4073.7319,608077413.0
2026-06-18,4094.2301,4090.4813,4117.451,4080.2938,658116068.0
2026-06-22,4093.9546,4163.0965,4164.4178,4070.1723,743699355.0
2026-06-23,4153.593,4106.2517,4175.3476,4085.5908,709003913.0
2026-06-24,4090.1001,4110.8134,4117.2848,4075.4921,644527518.0
2026-06-25,4103.4817,4120.2806,4133.0975,4093.0087,670459917.0
2026-06-26,4098.6864,4027.2648,4099.7796,4007.8593,660108666.0
2026-06-29,4026.6858,4073.9017,4075.3343,3992.5522,659199936.0
2026-06-30,4058.1695,4094.3972,4097.415,4052.17,598412203.0
2026-07-01,4090.7598,4112.4453,4143.3135,4087.5354,672331791.0
2026-07-02,4054.0857,4028.9038,4093.6777,4019.2147,656233612.0
2026-07-03,4031.3351,4043.6432,4073.8802,4027.2553,602009738.0
2026-07-06,4059.1941,4041.2382,4060.0688,4005.4137,590364903.0
2026-07-07,4019.4942,3990.2353,4028.5139,3971.7126,514453091.0
2026-07-08,3996.8069,3970.8797,4016.0262,3967.9128,496229374.0
2026-07-09,3977.5473,4036.5879,4040.5387,3938.8775,553063980.0
2026-07-10,4031.5373,3996.1616,4074.828,3995.8072,627450065.0
2026-07-13,3966.0234,3913.794,3983.0535,3900.6676,590907356.0
2026-07-14,3909.274,3967.1262,3967.1262,3869.3042,579982052.0
2026-07-15,3963.7267,3955.5781,3981.6716,3943.6953,576209492.0
2026-07-16,3912.3812,3882.4126,3940.4505,3867.6012,535281873.0
2026-07-17,3865.3165,3764.1547,3869.2148,3745.1744,650450984.0
2026-07-20,3791.6616,3796.2814,3831.6593,3741.1099,709234069.0
2026-07-21,3812.1618,3864.3671,3864.6002,3743.3601,735021925.0
2026-07-22,3839.6654,3867.0336,3884.4352,3839.6654,614255215.0
2026-07-23,3868.0871,3876.7774,3878.8318,3851.7058,562122601.0
2026-07-24,3853.6316,3814.1978,3861.0404,3808.6359,508203905.0
2026-07-27,3808.9032,3858.245,3858.3097,3793.4489,504879454.0
2026-07-28,3823.1331,3813.3146,3844.0118,3797.3727,494829126.0
2026-07-29,3823.2931,3828.469,3845.7661,3782.4811,571226391.0
2026-07-30,3812.111,3804.6926,3839.3407,3767.5033,592298923.0
2026-07-31,3833.5359,3832.2624,3847.0926,3822.3736,597529427.0
