date,open,close,high,low,volume
2013-01-04,2551.814,2524.409,2558.529,2498.892,97988182.0
2013-01-07,2518.047,2535.985,2545.969,2511.603,75167993.0
2013-01-08,2534.647,2525.33,2540.513,2502.49,71837100.0
2013-01-09,2518.104,2526.126,2534.239,2504.299,70231170.0
2013-01-10,2525.59,2530.569,2553.352,2513.729,71085862.0
2013-01-11,2533.495,2483.23,2539.794,2473.696,74239176.0
2013-01-14,2474.176,2577.725,2583.625,2473.998,93554091.0
2013-01-15,2579.132,2595.856,2605.41,2576.919,98620805.0
2013-01-16,2591.365,2577.092,2600.093,2540.521,93536084.0
2013-01-17,2570.711,2552.758,2575.058,2539.674,69915239.0
2013-01-18,2568.692,2595.439,2607.446,2553.451,77940303.0
2013-01-21,2605.649,2610.898,2611.201,2582.652,84133742.0
2013-01-22,2610.392,2596.898,2620.025,2578.181,105766275.0
2013-01-23,2588.198,2607.456,2611.409,2576.362,75739444.0
2013-01-24,2606.427,2582.755,2663.404,2564.206,111277172.0
2013-01-25,2580.881,2571.674,2591.513,2567.107,58487359.0
2013-01-28,2577.267,2651.863,2651.967,2577.267,91274790.0
2013-01-29,2655.377,2675.866,2685.531,2646.154,101040229.0
2013-01-30,2678.433,2688.711,2689.683,2662.062,99874990.0
2013-01-31,2690.951,2686.882,2696.881,2671.33,96740101.0
2013-02-01,2677.187,2743.324,2744.322,2671.274,103879515.0
2013-02-04,2753.688,2748.028,2768.504,2731.08,127939179.0
2013-02-05,2727.93,2771.675,2779.953,2725.362,116130819.0
2013-02-06,2771.908,2775.844,2787.456,2765.743,82779271.0
2013-02-07,2771.53,2759.87,2775.974,2722.874,89978142.0
2013-02-08,2755.649,2771.725,2791.303,2747.946,77429644.0
2013-02-18,2784.065,2737.471,2787.74,2731.506,76438227.0
2013-02-19,2735.045,2685.606,2740.739,2674.339,80626431.0
2013-02-20,2686.093,2702.635,2703.098,2665.231,70019377.0
2013-02-21,2675.741,2610.549,2675.741,2584.758,100657984.0
2013-02-22,2607.65,2596.604,2618.483,2591.146,60204852.0
2013-02-25,2607.149,2604.96,2628.696,2590.787,53161942.0
2013-02-26,2587.375,2567.595,2631.094,2564.672,80003065.0
2013-02-27,2576.046,2594.677,2615.249,2569.38,63226743.0
2013-02-28,2611.94,2673.327,2673.711,2593.997,86922595.0
2013-03-01,2671.842,2668.836,2680.854,2626.995,73343753.0
2013-03-04,2619.42,2545.715,2619.574,2528.694,110619103.0
2013-03-05,2547.893,2622.807,2623.171,2541.766,89661152.0
2013-03-06,2634.87,2650.202,2658.139,2620.431,95829652.0
2013-03-07,2639.783,2619.479,2658.969,2592.867,94082666.0
2013-03-08,2622.684,2606.927,2632.624,2601.961,59429557.0
2013-03-11,2600.278,2592.372,2611.652,2574.172,50946436.0
2013-03-12,2590.391,2555.615,2619.512,2530.251,71935141.0
2013-03-13,2551.726,2527.486,2556.773,2515.058,56430460.0
2013-03-14,2517.745,2534.273,2546.699,2514.463,47605756.0
2013-03-15,2533.722,2539.873,2600.091,2504.458,81372185.0
2013-03-18,2526.077,2502.493,2544.619,2499.828,59812778.0
2013-03-19,2507.396,2525.097,2532.07,2491.854,54536476.0
2013-03-20,2526.968,2610.174,2610.174,2526.83,90700622.0
2013-03-21,2611.58,2614.988,2626.538,2598.509,69552756.0
2013-03-22,2612.256,2618.308,2625.531,2603.344,55647141.0
2013-03-25,2628.407,2613.097,2641.609,2607.613,56261402.0
2013-03-26,2601.964,2575.05,2607.357,2554.974,63962961.0
2013-03-27,2575.726,2583.53,2611.939,2566.345,56906517.0
2013-03-28,2535.988,2499.302,2535.988,2495.083,87578405.0
2013-03-29,2502.782,2495.083,2509.109,2482.488,52402137.0
2013-04-01,2486.428,2493.187,2507.825,2483.732,47346022.0
2013-04-02,2495.843,2486.391,2524.463,2475.0,55684152.0
2013-04-03,2493.877,2483.547,2507.143,2474.927,45564221.0
2013-04-08,2443.24,2472.299,2473.309,2429.5,53296772.0
2013-04-09,2477.29,2489.43,2505.294,2477.29,52389824.0
2013-04-10,2487.984,2485.309,2495.572,2466.19,47504913.0
2013-04-11,2502.5,2477.876,2508.593,2476.396,42989958.0
2013-04-12,2476.322,2462.112,2489.118,2460.182,39917278.0
2013-04-15,2453.967,2436.818,2461.668,2430.149,46539734.0
2013-04-16,2419.508,2459.592,2461.046,2416.617,55280613.0
2013-04-17,2457.881,2458.473,2465.202,2437.345,44692164.0
2013-04-18,2440.707,2464.851,2478.413,2434.73,42860707.0
2013-04-19,2469.951,2533.827,2542.453,2469.323,75520876.0
2013-04-22,2525.113,2530.67,2539.046,2518.257,62511883.0
2013-04-23,2532.201,2449.471,2532.201,2448.2,60653982.0
2013-04-24,2452.781,2495.579,2511.202,2446.587,63050916.0
2013-04-25,2486.857,2467.875,2505.482,2456.566,60557927.0
2013-04-26,2477.724,2447.306,2488.585,2439.796,47123378.0
2013-05-02,2434.603,2449.639,2453.749,2423.077,47016088.0
2013-05-03,2457.543,2492.912,2521.119,2457.543,62330091.0
2013-05-06,2502.978,2525.983,2533.855,2500.455,60418780.0
2013-05-07,2519.364,2529.938,2539.298,2507.756,54490643.0
2013-05-08,2542.266,2542.798,2562.007,2531.251,59554294.0
2013-05-09,2542.374,2527.794,2543.305,2507.792,60240145.0
2013-05-10,2519.517,2540.836,2546.975,2515.158,48816728.0
2013-05-13,2542.412,2530.768,2547.602,2516.728,54092147.0
2013-05-14,2525.998,2493.338,2526.145,2479.872,54880064.0
2013-05-15,2493.968,2506.925,2507.43,2491.927,44189660.0
2013-05-16,2501.117,2552.709,2553.058,2487.763,70796182.0
2013-05-17,2550.452,2592.048,2598.706,2547.776,81850801.0
2013-05-20,2597.151,2609.607,2627.616,2590.053,86337803.0
2013-05-21,2607.393,2614.853,2617.4,2594.249,71505994.0
2013-05-22,2613.411,2618.034,2630.068,2603.75,74191817.0
2013-05-23,2604.93,2582.849,2624.076,2579.347,84825370.0
2013-05-24,2591.419,2597.228,2608.35,2572.884,60739669.0
2013-05-27,2593.522,2599.587,2611.972,2589.739,64195080.0
2013-05-28,2600.632,2644.359,2644.359,2585.901,84196112.0
2013-05-29,2648.927,2642.561,2661.229,2640.881,79277709.0
2013-05-30,2633.955,2634.323,2647.443,2623.581,70146368.0
2013-05-31,2638.71,2606.426,2645.565,2604.746,62528533.0
2013-06-03,2605.969,2602.623,2625.936,2596.051,59774468.0
2013-06-04,2600.499,2565.666,2600.499,2556.056,66315750.0
2013-06-05,2565.329,2560.539,2570.027,2545.19,45637193.0
2013-06-06,2552.817,2527.845,2557.678,2525.306,52496529.0
2013-06-07,2526.913,2484.16,2538.891,2475.687,61030894.0
2013-06-13,2448.717,2399.937,2448.717,2375.204,69730066.0
2013-06-14,2404.423,2416.771,2420.356,2396.487,55964534.0
2013-06-17,2422.762,2403.839,2427.532,2394.385,50395711.0
2013-06-18,2413.088,2418.745,2424.202,2393.321,48630379.0
2013-06-19,2408.28,2400.765,2408.28,2366.346,54346260.0
2013-06-20,2386.104,2321.466,2386.104,2320.226,55201020.0
2013-06-21,2283.151,2317.394,2332.842,2269.565,58705798.0
2013-06-24,2308.069,2171.21,2308.069,2164.325,86597259.0
2013-06-25,2146.053,2165.421,2169.211,2023.171,107554882.0
2013-06-26,2170.326,2168.297,2181.021,2131.86,79256426.0
2013-06-27,2172.848,2160.735,2200.213,2153.175,75406753.0
2013-06-28,2149.03,2200.639,2227.461,2139.372,79451327.0
2013-07-01,2187.092,2213.317,2213.965,2166.353,57726227.0
2013-07-02,2211.803,2221.984,2226.113,2191.801,61838850.0
2013-07-03,2211.044,2203.828,2211.044,2169.137,65836022.0
2013-07-04,2187.181,2221.979,2245.908,2176.08,72581145.0
2013-07-05,2227.35,2226.849,2252.033,2225.047,61821775.0
2013-07-08,2194.423,2163.619,2205.214,2162.189,54782493.0
2013-07-09,2160.699,2162.669,2174.786,2149.787,41494433.0
2013-07-10,2163.098,2224.065,2224.135,2157.468,61149781.0
2013-07-11,2232.157,2326.688,2351.223,2232.157,125793192.0
2013-07-12,2319.023,2275.373,2331.986,2274.073,89733082.0
2013-07-15,2289.762,2307.297,2336.04,2274.673,74757884.0
2013-07-16,2300.83,2317.848,2317.848,2281.942,65624157.0
2013-07-17,2311.443,2282.836,2326.925,2281.609,67655248.0
2013-07-18,2272.947,2245.328,2282.435,2241.93,57144292.0
2013-07-19,2248.133,2190.478,2257.916,2188.752,70535282.0
2013-07-22,2170.089,2202.189,2203.058,2159.813,53283495.0
2013-07-23,2211.587,2265.845,2276.742,2206.756,74809731.0
2013-07-24,2253.376,2249.151,2265.578,2217.192,69592307.0
2013-07-25,2255.223,2237.683,2268.839,2227.853,65774316.0
2013-07-26,2226.429,2224.008,2238.42,2209.806,48941098.0
2013-07-29,2205.083,2175.97,2205.083,2169.017,54600925.0
2013-07-30,2184.007,2189.388,2221.589,2162.979,55193623.0
2013-07-31,2211.75,2193.021,2235.384,2187.21,48327055.0
2013-08-01,2206.004,2245.364,2245.56,2200.626,62603997.0
2013-08-02,2263.495,2247.263,2274.71,2244.252,60890893.0
2013-08-05,2249.976,2278.329,2278.329,2243.22,55342151.0
2013-08-06,2270.672,2293.641,2302.484,2256.715,73746895.0
2013-08-07,2292.379,2280.623,2313.879,2276.862,73048695.0
2013-08-08,2277.253,2276.782,2297.628,2267.073,53098430.0
2013-08-09,2288.51,2286.01,2301.59,2258.334,64600017.0
2013-08-12,2296.22,2352.794,2352.89,2293.176,97863216.0
2013-08-13,2352.883,2359.068,2360.827,2340.733,78393636.0
2013-08-14,2362.619,2349.08,2386.599,2340.833,75942128.0
2013-08-15,2348.839,2321.576,2362.089,2319.784,61951853.0
2013-08-16,2314.261,2304.144,2423.081,2295.023,120369563.0
2013-08-19,2286.203,2331.43,2340.194,2284.077,72483224.0
2013-08-20,2325.862,2312.465,2353.409,2303.666,73086345.0
2013-08-21,2320.584,2308.589,2321.642,2291.053,55007384.0
2013-08-22,2302.668,2303.932,2329.143,2297.016,55338104.0
2013-08-23,2314.866,2286.929,2321.037,2251.92,68967133.0
2013-08-26,2294.759,2335.616,2336.381,2288.496,70371043.0
2013-08-27,2332.8,2340.881,2345.105,2322.461,65990333.0
2013-08-28,2326.096,2328.056,2345.358,2307.043,89256174.0
2013-08-29,2338.564,2318.311,2342.32,2308.145,66085415.0
2013-08-30,2315.913,2313.91,2334.413,2303.609,87654515.0
2013-09-02,2319.957,2320.344,2329.867,2297.449,79510249.0
2013-09-03,2326.231,2354.502,2354.856,2321.304,80554005.0
2013-09-04,2352.537,2350.699,2360.663,2345.437,78725763.0
2013-09-05,2350.927,2341.735,2351.218,2336.754,62951383.0
2013-09-06,2336.767,2357.782,2361.178,2335.932,73340116.0
2013-09-09,2374.26,2440.609,2449.249,2372.686,149889640.0
2013-09-10,2446.454,2474.894,2475.195,2435.826,154855992.0
2013-09-11,2483.791,2482.889,2504.469,2471.624,166914974.0
2013-09-12,2480.468,2507.455,2527.383,2469.718,145173175.0
2013-09-13,2502.54,2488.902,2515.781,2481.454,110775049.0
2013-09-16,2501.077,2478.39,2503.694,2467.129,105383282.0
2013-09-17,2480.81,2427.322,2481.71,2426.462,99459982.0
2013-09-18,2426.04,2432.51,2439.626,2407.243,71040759.0
2013-09-23,2441.516,2472.288,2473.163,2439.993,80128352.0
2013-09-24,2470.715,2443.885,2470.746,2420.085,97853013.0
2013-09-25,2440.835,2429.03,2455.037,2423.276,90518418.0
2013-09-26,2422.631,2384.443,2422.631,2382.535,86236770.0
2013-09-27,2382.218,2394.971,2402.196,2379.856,65971508.0
2013-09-30,2406.205,2409.037,2415.075,2397.22,59513992.0
2013-10-08,2406.415,2441.811,2446.703,2392.572,84785506.0
2013-10-09,2432.94,2453.583,2453.746,2424.769,76277645.0
2013-10-10,2455.64,2429.317,2455.979,2422.017,90329706.0
2013-10-11,2442.364,2468.508,2471.165,2439.634,93388261.0
2013-10-14,2472.267,2472.542,2483.131,2462.551,100081301.0
2013-10-15,2475.324,2467.517,2479.134,2449.416,89173496.0
2013-10-16,2459.077,2421.371,2459.077,2409.718,88979834.0
2013-10-17,2432.645,2413.33,2440.919,2407.777,71222474.0
2013-10-18,2415.118,2426.054,2435.712,2410.599,60291630.0
2013-10-21,2431.915,2471.322,2472.785,2423.562,84909795.0
2013-10-22,2470.255,2445.891,2470.255,2439.859,90703029.0
2013-10-23,2451.556,2418.491,2474.372,2412.483,91545355.0
2013-10-24,2412.235,2400.511,2422.943,2395.474,64560821.0
2013-10-25,2400.517,2368.559,2413.332,2353.993,77070182.0
2013-10-28,2372.571,2365.954,2377.249,2351.862,62876152.0
2013-10-29,2369.216,2372.053,2408.616,2327.904,106737833.0
2013-10-30,2371.853,2407.471,2407.851,2365.506,92178126.0
2013-10-31,2398.395,2373.718,2398.395,2370.226,82736964.0
2013-11-01,2373.962,2384.96,2395.005,2365.146,63055762.0
2013-11-04,2397.21,2380.454,2404.896,2376.355,51798461.0
2013-11-05,2366.884,2383.769,2385.688,2343.801,62084488.0
2013-11-06,2371.324,2353.568,2383.54,2352.787,63776663.0
2013-11-07,2351.871,2340.552,2356.672,2328.253,54821747.0
2013-11-08,2329.084,2307.945,2342.672,2306.041,53788508.0
2013-11-11,2305.94,2315.889,2325.228,2295.003,45739457.0
2013-11-12,2319.362,2340.0,2342.529,2316.603,52687545.0
2013-11-13,2325.36,2288.116,2325.563,2287.547,59848831.0
2013-11-14,2291.269,2304.501,2305.696,2279.006,57310356.0
2013-11-15,2306.549,2350.734,2377.211,2306.549,86391771.0
2013-11-18,2367.883,2428.903,2429.566,2361.038,110034633.0
2013-11-19,2427.928,2412.163,2427.928,2405.076,78648296.0
2013-11-20,2428.767,2424.85,2435.427,2406.417,72291801.0
2013-11-21,2412.451,2409.989,2415.383,2382.878,87706677.0
2013-11-22,2415.29,2397.962,2418.999,2393.581,75000675.0
2013-11-25,2385.784,2388.629,2418.853,2380.689,66144734.0
2013-11-26,2387.826,2387.416,2399.022,2380.412,59185864.0
2013-11-27,2386.362,2414.481,2422.806,2383.78,75294088.0
2013-11-28,2419.15,2439.53,2460.556,2417.235,90660406.0
2013-11-29,2442.676,2438.944,2446.395,2432.387,61803746.0
2013-12-02,2423.969,2418.788,2464.863,2397.007,119655123.0
2013-12-03,2410.693,2442.784,2448.333,2406.663,74455752.0
2013-12-04,2439.824,2475.135,2486.64,2434.694,102650235.0
2013-12-05,2476.453,2468.197,2481.747,2460.576,77708932.0
2013-12-06,2463.043,2452.287,2470.813,2445.623,66114089.0
2013-12-09,2460.028,2450.872,2468.948,2445.94,57164884.0
2013-12-10,2456.23,2453.322,2466.66,2444.526,66941424.0
2013-12-11,2440.503,2412.763,2440.503,2400.742,68075144.0
2013-12-12,2406.766,2410.015,2423.309,2402.769,50147719.0
2013-12-13,2388.659,2406.639,2416.26,2386.246,51501196.0
2013-12-16,2408.678,2367.923,2412.734,2367.43,64581674.0
2013-12-17,2369.255,2356.376,2373.286,2351.183,48483891.0
2013-12-18,2356.703,2357.226,2368.583,2350.451,40015207.0
2013-12-19,2366.205,2332.41,2370.991,2331.194,48095680.0
2013-12-20,2335.052,2278.136,2338.875,2278.096,65204207.0
2013-12-23,2283.8,2284.602,2295.765,2259.575,45580285.0
2013-12-24,2291.125,2288.248,2312.832,2270.245,45599168.0
2013-12-25,2291.748,2305.11,2305.609,2281.6,44005326.0
2013-12-26,2299.972,2265.334,2301.493,2263.922,51497563.0
2013-12-27,2268.535,2303.478,2315.182,2264.386,53389157.0
2013-12-30,2313.38,2299.458,2316.621,2295.641,48414308.0
2013-12-31,2289.01,2330.026,2333.074,2287.117,56631070.0
2014-01-02,2323.433,2321.978,2325.991,2310.653,45194291.0
2014-01-03,2311.968,2290.779,2314.836,2280.887,59782645.0
2014-01-06,2286.371,2238.637,2286.371,2229.334,66300403.0
2014-01-07,2222.306,2238.001,2246.791,2218.647,43753103.0
2014-01-08,2240.635,2241.911,2262.584,2228.418,51348854.0
2014-01-09,2236.967,2222.221,2258.894,2220.802,55987041.0
2014-01-10,2216.521,2204.851,2224.494,2200.215,54169293.0
2014-01-13,2206.996,2193.679,2222.072,2183.597,50122772.0
2014-01-14,2192.844,2212.846,2214.124,2179.908,54049947.0
2014-01-15,2210.024,2208.941,2215.903,2193.802,48962395.0
2014-01-16,2209.448,2211.844,2227.262,2201.56,52298902.0
2014-01-17,2203.821,2178.488,2205.972,2175.876,50273155.0
2014-01-20,2173.651,2165.993,2182.463,2156.458,40560154.0
2014-01-21,2168.42,2187.41,2197.923,2168.42,40306247.0
2014-01-22,2190.432,2243.796,2244.133,2187.534,70641375.0
2014-01-23,2242.245,2231.889,2248.924,2228.057,56345951.0
2014-01-24,2225.758,2245.678,2257.355,2222.893,61167670.0
2014-01-27,2233.015,2215.919,2233.231,2211.799,70344246.0
2014-01-28,2220.785,2219.855,2233.257,2205.972,53269130.0
2014-01-29,2225.711,2227.781,2233.057,2219.928,50222717.0
2014-01-30,2223.163,2202.45,2223.163,2200.224,43632304.0
2014-02-07,2187.343,2212.483,2212.498,2177.117,50459315.0
2014-02-10,2221.54,2267.534,2270.194,2221.54,83065716.0
2014-02-11,2267.735,2285.562,2296.516,2262.599,99229829.0
2014-02-12,2286.187,2291.246,2294.317,2276.444,76592161.0
2014-02-13,2288.451,2279.554,2307.474,2278.261,96217789.0
2014-02-14,2278.4,2295.575,2295.852,2274.429,67082997.0
2014-02-17,2308.791,2311.647,2315.579,2293.552,87831666.0
2014-02-18,2310.309,2282.442,2310.309,2276.108,87049743.0
2014-02-19,2280.927,2308.656,2317.42,2274.152,99352561.0
2014-02-20,2314.088,2287.436,2331.698,2286.203,106439533.0
2014-02-21,2284.03,2264.294,2287.869,2250.652,76368993.0
2014-02-24,2246.715,2214.509,2246.715,2194.164,89215939.0
2014-02-25,2216.515,2157.909,2225.209,2150.095,93237551.0
2014-02-26,2147.737,2163.405,2164.698,2137.079,77993297.0
2014-02-27,2170.81,2154.108,2180.063,2150.135,90104296.0
2014-02-28,2149.446,2178.971,2180.474,2133.548,76668057.0
2014-03-03,2173.907,2190.37,2194.224,2167.91,82072314.0
2014-03-04,2183.858,2184.273,2188.601,2161.589,73069250.0
2014-03-05,2187.352,2163.976,2189.093,2159.595,61332015.0
2014-03-06,2159.397,2173.634,2181.427,2136.454,69093767.0
2014-03-07,2170.043,2168.358,2189.39,2161.436,64265177.0
2014-03-10,2149.676,2097.787,2149.676,2095.067,71416407.0
2014-03-11,2092.608,2108.661,2118.79,2088.729,57621243.0
2014-03-12,2102.801,2114.134,2130.586,2090.757,70069747.0
2014-03-13,2119.547,2140.333,2149.436,2115.986,69226028.0
2014-03-14,2129.87,2122.836,2140.384,2109.575,58617737.0
2014-03-17,2132.793,2143.038,2143.196,2118.953,52409445.0
2014-03-18,2146.124,2138.133,2152.462,2134.923,55354132.0
2014-03-19,2131.283,2120.87,2131.283,2101.285,59303905.0
2014-03-20,2116.185,2086.967,2134.792,2086.497,67631285.0
2014-03-21,2079.871,2158.798,2163.225,2077.759,104024807.0
2014-03-24,2161.898,2176.554,2186.731,2150.871,104491984.0
2014-03-25,2170.78,2174.44,2191.491,2164.669,86877510.0
2014-03-26,2181.231,2171.047,2186.078,2165.217,58276176.0
2014-03-27,2168.344,2155.707,2186.893,2146.916,71275132.0
2014-03-28,2154.515,2151.965,2172.668,2144.584,70086073.0
2014-03-31,2156.054,2146.305,2165.254,2134.422,55457488.0
2014-04-01,2143.717,2163.115,2170.095,2141.151,48866403.0
2014-04-02,2166.067,2180.727,2182.683,2164.008,65039257.0
2014-04-03,2188.642,2165.008,2196.138,2160.747,71536032.0
2014-04-04,2157.982,2185.472,2186.154,2155.277,47945888.0
2014-04-08,2179.92,2237.316,2243.97,2178.905,97219117.0
2014-04-09,2239.791,2238.62,2246.793,2228.994,66357268.0
2014-04-10,2241.452,2273.761,2290.742,2229.515,114545405.0
2014-04-11,2269.565,2270.666,2281.105,2261.133,90615897.0
2014-04-14,2267.943,2268.613,2275.83,2255.456,62264998.0
2014-04-15,2261.411,2229.463,2261.474,2225.685,68218130.0
2014-04-16,2223.468,2232.526,2245.315,2221.153,51678010.0
2014-04-17,2238.779,2224.803,2241.622,2221.954,48333628.0
2014-04-18,2215.879,2224.479,2228.77,2203.047,50757995.0
2014-04-21,2209.942,2187.248,2231.707,2186.755,56278280.0
2014-04-22,2184.017,2196.795,2196.849,2165.075,57094694.0
2014-04-23,2191.231,2194.668,2205.594,2187.388,47763531.0
2014-04-24,2192.769,2190.474,2209.454,2186.763,45058911.0
2014-04-25,2195.815,2167.826,2201.712,2167.64,60245383.0
2014-04-28,2165.773,2134.969,2171.385,2132.695,60485187.0
2014-04-29,2134.413,2158.47,2159.379,2131.783,48204931.0
2014-04-30,2158.762,2158.659,2164.175,2153.124,45334624.0
2014-05-05,2152.59,2156.47,2161.703,2131.232,49344073.0
2014-05-06,2151.388,2157.328,2173.618,2150.112,48086519.0
2014-05-07,2151.472,2137.316,2153.723,2136.99,44607470.0
2014-05-08,2132.036,2135.496,2168.206,2128.318,48332452.0
2014-05-09,2138.84,2133.911,2141.559,2120.595,49181135.0
2014-05-12,2150.313,2180.054,2184.332,2139.483,83472560.0
2014-05-13,2180.059,2174.852,2185.046,2167.767,64912518.0
2014-05-14,2175.094,2172.372,2184.221,2168.997,48514206.0
2014-05-15,2169.278,2144.084,2171.453,2142.338,46734032.0
2014-05-16,2143.926,2145.952,2150.5,2132.186,42253197.0
2014-05-19,2139.362,2115.143,2139.362,2105.713,42893607.0
2014-05-20,2124.708,2115.771,2131.567,2110.72,37299683.0
2014-05-21,2106.762,2135.905,2136.1,2096.514,38946042.0
2014-05-22,2134.087,2130.868,2160.909,2128.858,46252736.0
2014-05-23,2130.775,2148.414,2148.583,2128.663,37623105.0
2014-05-26,2161.892,2155.976,2165.421,2147.445,39550656.0
2014-05-27,2154.395,2147.28,2160.027,2145.752,35897171.0
2014-05-28,2147.467,2169.352,2171.172,2142.007,50056260.0
2014-05-29,2171.26,2155.164,2178.092,2154.925,44891556.0
2014-05-30,2156.381,2156.464,2166.907,2146.218,43923863.0
2014-06-03,2157.64,2149.918,2168.995,2149.291,41982954.0
2014-06-04,2149.407,2128.274,2149.452,2117.313,41817249.0
2014-06-05,2126.607,2150.602,2150.93,2123.524,36477424.0
2014-06-06,2149.214,2134.716,2149.783,2123.98,35738058.0
2014-06-09,2128.225,2134.281,2153.903,2126.665,39311060.0
2014-06-10,2138.671,2161.268,2161.526,2132.447,50507902.0
2014-06-11,2156.151,2160.766,2163.61,2152.08,42563718.0
2014-06-12,2156.761,2153.41,2160.988,2148.413,43025843.0
2014-06-13,2150.987,2176.242,2183.645,2150.569,59252876.0
2014-06-16,2176.438,2191.855,2196.343,2174.277,63296875.0
2014-06-17,2185.681,2169.674,2185.681,2168.445,49933665.0
2014-06-18,2169.252,2160.239,2172.549,2158.497,49463897.0
2014-06-19,2161.426,2126.907,2166.407,2119.498,53162645.0
2014-06-20,2124.963,2136.729,2137.034,2120.807,42393719.0
2014-06-23,2137.926,2134.11,2147.227,2132.454,41179258.0
2014-06-24,2131.686,2144.821,2145.213,2130.292,40164356.0
2014-06-25,2141.726,2133.371,2141.726,2126.035,37666100.0
2014-06-26,2135.156,2149.076,2151.114,2134.891,44351166.0
2014-06-27,2146.374,2150.258,2159.526,2138.927,52722896.0
2014-06-30,2152.306,2165.118,2168.221,2152.306,54304188.0
2014-07-01,2169.199,2164.559,2171.15,2157.133,53323100.0
2014-07-02,2163.998,2170.867,2171.51,2155.609,59685501.0
2014-07-03,2169.003,2180.192,2184.964,2164.843,63690690.0
2014-07-04,2180.445,2178.695,2183.798,2174.073,52851106.0
2014-07-07,2178.546,2176.289,2186.202,2171.083,50242334.0
2014-07-08,2174.828,2180.473,2180.778,2163.359,50743599.0
2014-07-09,2178.135,2148.71,2178.51,2148.26,62022046.0
2014-07-10,2146.601,2142.847,2151.774,2139.522,55732497.0
2014-07-11,2136.317,2148.009,2154.735,2134.795,61374274.0
2014-07-14,2149.542,2171.758,2171.902,2145.278,66158863.0
2014-07-15,2170.089,2174.976,2176.272,2165.206,71815694.0
2014-07-16,2172.824,2170.868,2183.248,2166.774,81560230.0
2014-07-17,2166.831,2157.068,2166.932,2147.084,59453568.0
2014-07-18,2147.663,2164.144,2176.325,2145.446,65473295.0
2014-07-21,2164.223,2166.295,2171.94,2158.955,54172260.0
2014-07-22,2162.436,2192.698,2197.592,2162.236,78542583.0
2014-07-23,2191.394,2197.833,2210.282,2190.555,84213872.0
2014-07-24,2199.833,2237.015,2239.815,2199.833,119435534.0
2014-07-25,2243.067,2260.454,2260.89,2239.066,98972838.0
2014-07-28,2272.383,2323.897,2331.472,2272.383,179869333.0
2014-07-29,2326.038,2331.369,2342.77,2316.217,134269641.0
2014-07-30,2324.69,2322.011,2339.038,2316.058,123022832.0
2014-07-31,2321.967,2350.251,2350.551,2316.585,110987769.0
2014-08-01,2341.227,2329.402,2371.5,2328.966,126317390.0
2014-08-04,2336.63,2375.62,2375.62,2332.138,116713754.0
2014-08-05,2376.797,2369.353,2380.774,2353.795,111861789.0
2014-08-06,2358.206,2363.221,2371.667,2334.334,116341829.0
2014-08-07,2363.608,2327.457,2369.204,2326.268,116729210.0
2014-08-08,2329.184,2331.134,2339.27,2319.288,86739694.0
2014-08-11,2338.008,2365.349,2367.004,2337.014,91601171.0
2014-08-12,2361.17,2357.052,2361.17,2344.716,91822608.0
2014-08-13,2358.459,2358.901,2370.513,2335.694,110447789.0
2014-08-14,2357.198,2335.945,2363.18,2334.08,97969493.0
2014-08-15,2337.985,2360.635,2366.902,2333.123,93592546.0
2014-08-18,2366.272,2374.562,2379.804,2361.197,104509554.0
2014-08-19,2378.886,2374.768,2379.474,2358.965,115850020.0
2014-08-20,2371.649,2366.14,2375.475,2360.837,101288088.0
2014-08-21,2365.731,2354.244,2367.46,2333.299,100690211.0
2014-08-22,2352.316,2365.364,2368.457,2350.986,89823938.0
2014-08-25,2367.019,2342.863,2367.606,2338.455,97373717.0
2014-08-26,2339.6,2324.092,2350.391,2317.184,93844222.0
2014-08-27,2323.79,2327.595,2336.737,2322.885,67676221.0
2014-08-28,2328.059,2311.278,2336.363,2309.639,70490655.0
2014-08-29,2317.304,2338.287,2338.774,2313.262,63211423.0
2014-09-01,2340.925,2355.317,2355.552,2338.53,77320870.0
2014-09-02,2359.862,2386.46,2387.655,2349.949,114436733.0
2014-09-03,2389.694,2408.838,2414.26,2389.679,129734204.0
2014-09-04,2411.934,2426.224,2427.297,2404.082,111272298.0
2014-09-05,2433.174,2449.259,2450.634,2427.987,133551764.0
2014-09-09,2452.227,2445.224,2454.893,2437.078,118194344.0
2014-09-10,2435.593,2432.433,2437.081,2422.646,109175517.0
2014-09-11,2430.678,2423.454,2461.473,2417.269,132982583.0
2014-09-12,2418.752,2438.358,2438.358,2412.622,109160170.0
2014-09-15,2433.001,2437.189,2439.254,2418.959,122247159.0
2014-09-16,2440.339,2388.765,2442.924,2386.98,186742791.0
2014-09-17,2395.361,2401.326,2405.371,2379.091,125269028.0
2014-09-18,2396.379,2408.664,2414.946,2389.622,115926376.0
2014-09-19,2409.313,2425.211,2430.149,2402.313,101813577.0
2014-09-22,2419.326,2378.92,2419.326,2374.108,102240870.0
2014-09-23,2379.521,2399.462,2402.482,2379.521,84033341.0
2014-09-24,2391.419,2441.864,2443.978,2387.07,142713530.0
2014-09-25,2453.423,2436.965,2462.668,2429.587,138661891.0
2014-09-26,2430.808,2437.201,2439.649,2420.499,100299494.0
2014-09-29,2443.91,2447.799,2453.665,2435.611,123401727.0
2014-09-30,2452.166,2450.988,2454.885,2444.204,115804229.0
2014-10-08,2460.87,2478.383,2478.383,2445.268,121953604.0
2014-10-09,2480.197,2481.955,2488.113,2461.112,137923920.0
2014-10-10,2472.096,2466.789,2482.136,2457.684,147634307.0
2014-10-13,2457.412,2454.946,2460.389,2430.546,131593362.0
2014-10-14,2451.094,2446.562,2467.904,2436.336,127393705.0
2014-10-15,2444.538,2463.874,2465.498,2431.188,135801882.0
2014-10-16,2448.968,2444.395,2480.3,2441.822,158166603.0
2014-10-17,2443.222,2441.732,2456.105,2410.401,132759988.0
2014-10-20,2448.453,2454.711,2456.621,2441.896,91435401.0
2014-10-21,2453.406,2433.391,2459.255,2432.552,96241912.0
2014-10-22,2434.886,2418.641,2447.467,2417.562,88656193.0
2014-10-23,2415.44,2395.936,2424.662,2392.532,103491839.0
2014-10-24,2397.848,2390.706,2404.993,2385.725,74974869.0
2014-10-27,2377.542,2368.832,2377.542,2361.68,73862447.0
2014-10-28,2373.155,2416.653,2416.766,2373.155,101523055.0
2014-10-29,2423.813,2451.384,2461.268,2415.703,158584062.0
2014-10-30,2450.361,2468.925,2474.376,2443.759,189626353.0
2014-10-31,2473.501,2508.325,2512.189,2466.504,239172412.0
2014-11-03,2515.824,2512.548,2524.172,2502.06,205801228.0
2014-11-04,2511.036,2513.172,2517.46,2498.605,218247005.0
2014-11-05,2516.87,2503.448,2519.399,2499.228,190491862.0
2014-11-06,2505.167,2506.067,2510.985,2482.983,149651117.0
2014-11-07,2508.765,2502.153,2541.549,2489.419,208760911.0
2014-11-10,2529.83,2565.73,2565.73,2514.71,226599735.0
2014-11-11,2578.438,2558.612,2602.373,2532.572,323711656.0
2014-11-12,2545.403,2594.318,2594.318,2539.601,184686261.0
2014-11-13,2597.389,2579.75,2607.519,2567.463,219815615.0
2014-11-14,2569.211,2581.093,2581.932,2557.666,165049965.0
2014-11-17,2613.513,2567.101,2614.086,2565.943,158478095.0
2014-11-18,2565.273,2541.416,2570.211,2534.927,142941356.0
2014-11-19,2538.233,2537.223,2550.5,2531.318,122146974.0
2014-11-20,2528.78,2537.099,2545.473,2522.836,106149864.0
2014-11-21,2537.538,2583.455,2585.362,2530.032,151028139.0
2014-11-24,2614.16,2649.258,2667.671,2602.944,279839720.0
2014-11-25,2650.085,2685.561,2686.063,2643.843,222611699.0
2014-11-26,2695.263,2723.018,2723.36,2690.31,243962485.0
2014-11-27,2737.03,2754.49,2754.49,2718.704,265464730.0
2014-11-28,2753.925,2808.819,2809.543,2740.374,375323662.0
2014-12-01,2825.611,2819.812,2855.332,2808.653,365487417.0
2014-12-02,2807.338,2923.94,2944.506,2804.293,361465322.0
2014-12-03,2936.124,2967.549,3028.225,2912.246,466156685.0
2014-12-04,2975.403,3104.351,3104.89,2968.876,426812928.0
2014-12-05,3143.968,3124.885,3195.798,3011.936,524881260.0
2014-12-08,3108.272,3252.881,3270.881,3075.7,484462344.0
2014-12-09,3233.097,3106.913,3387.827,3074.516,632874567.0
2014-12-10,3120.212,3221.546,3229.047,3058.191,425018708.0
2014-12-11,3185.161,3183.012,3254.424,3158.443,367091691.0
2014-12-12,3182.923,3193.227,3239.447,3167.928,301065325.0
2014-12-15,3176.829,3217.228,3226.221,3143.297,290193834.0
2014-12-16,3221.358,3303.402,3303.402,3207.688,358123847.0
2014-12-17,3325.82,3360.598,3368.194,3275.736,448140770.0
2014-12-18,3359.09,3345.927,3393.711,3322.229,355970207.0
2014-12-19,3345.629,3383.167,3397.183,3280.916,411211590.0
2014-12-22,3396.251,3394.481,3455.207,3357.661,549801671.0
2014-12-23,3358.798,3324.924,3431.779,3316.913,369736093.0
2014-12-24,3332.146,3230.385,3340.357,3188.495,317449587.0
2014-12-25,3254.48,3335.419,3335.779,3226.322,309799547.0
2014-12-26,3343.64,3445.839,3453.338,3335.012,384614124.0
2014-12-29,3502.183,3455.455,3524.28,3405.836,425015037.0
2014-12-30,3450.814,3457.554,3491.826,3422.174,328233873.0
2014-12-31,3462.389,3533.705,3542.34,3452.498,345934760.0
2015-01-05,3566.089,3641.541,3669.042,3551.51,451198098.0
2015-01-06,3608.428,3641.059,3683.226,3587.231,420962185.0
2015-01-07,3620.924,3643.79,3671.19,3601.698,320191232.0
2015-01-08,3650.073,3559.259,3659.945,3552.1,295003045.0
2015-01-09,3547.574,3546.723,3689.753,3536.395,349982672.0
2015-01-12,3531.515,3513.576,3560.527,3461.322,266567175.0
2015-01-13,3506.451,3514.04,3550.158,3494.768,187153965.0
2015-01-14,3522.907,3502.423,3547.242,3471.56,196012510.0
2015-01-15,3501.719,3604.121,3604.121,3482.27,237812338.0
2015-01-16,3616.248,3635.146,3662.158,3601.258,282681614.0
2015-01-19,3414.013,3355.155,3497.252,3330.981,329505275.0
2015-01-20,3336.793,3396.222,3419.204,3325.681,297843232.0
2015-01-21,3420.491,3548.885,3557.794,3409.43,337928210.0
2015-01-22,3551.052,3567.613,3576.756,3520.053,268853599.0
2015-01-23,3582.088,3571.732,3627.806,3548.626,280172172.0
2015-01-26,3580.118,3607.985,3611.617,3559.376,239766203.0
2015-01-27,3614.038,3574.931,3616.258,3510.017,287669179.0
2015-01-28,3547.239,3525.323,3583.312,3512.393,216220214.0
2015-01-29,3474.915,3481.798,3505.582,3453.901,211618860.0
2015-01-30,3496.885,3434.39,3514.217,3431.936,196479157.0
2015-02-02,3360.193,3353.96,3407.256,3347.085,195183699.0
2015-02-03,3388.602,3437.445,3441.709,3360.717,192846096.0
2015-02-04,3446.144,3401.768,3476.817,3399.565,191304349.0
2015-02-05,3487.951,3366.946,3487.951,3366.862,250430609.0
2015-02-06,3352.33,3312.42,3374.051,3285.935,192664186.0
2015-02-09,3305.734,3345.921,3376.526,3298.597,172353820.0
2015-02-10,3345.077,3406.943,3407.18,3339.548,159309088.0
2015-02-11,3415.977,3434.124,3445.655,3412.136,144613772.0
2015-02-12,3435.361,3442.874,3453.582,3405.627,156081691.0
2015-02-13,3458.827,3469.828,3509.505,3452.079,201089971.0
2015-02-16,3473.289,3499.483,3504.475,3466.607,165641343.0
2015-02-17,3511.544,3522.322,3536.82,3511.093,165328313.0
2015-02-25,3529.55,3478.729,3529.55,3463.955,165539351.0
2015-02-26,3473.713,3566.295,3569.33,3456.871,229328438.0
2015-02-27,3565.233,3572.843,3594.813,3560.455,222786438.0
2015-03-02,3603.452,3601.265,3608.691,3566.527,248176125.0
2015-03-03,3579.315,3507.9,3579.315,3504.201,261866489.0
2015-03-04,3514.667,3530.822,3540.912,3497.172,199663981.0
2015-03-05,3513.249,3496.344,3517.083,3467.676,217508805.0
2015-03-06,3501.184,3478.52,3516.243,3472.392,181518054.0
2015-03-09,3449.696,3537.75,3546.705,3417.486,233940411.0
2015-03-10,3523.64,3520.611,3551.205,3511.985,194267657.0
2015-03-11,3524.575,3524.653,3568.916,3512.218,188947825.0
2015-03-12,3557.686,3592.844,3603.341,3536.534,265664625.0
2015-03-13,3604.671,3617.657,3641.392,3594.742,246864768.0
2015-03-16,3641.773,3705.671,3705.739,3621.119,275438307.0
2015-03-17,3733.961,3757.122,3762.575,3716.809,371625666.0
2015-03-18,3769.086,3846.055,3846.055,3763.848,415190011.0
2015-03-19,3851.249,3839.739,3859.126,3809.706,391547630.0
2015-03-20,3852.492,3892.574,3916.863,3832.416,401817552.0
2015-03-23,3923.083,3972.061,3972.296,3922.21,391119922.0
2015-03-24,3980.066,3973.046,3989.858,3883.782,468581312.0
2015-03-25,3961.578,3940.412,3980.716,3913.988,379968851.0
2015-03-26,3921.745,3949.999,3991.997,3892.878,346756315.0
2015-03-27,3957.542,3971.697,3993.032,3932.87,298756064.0
2015-03-30,3999.024,4088.178,4101.651,3999.024,428297020.0
2015-03-31,4138.885,4051.204,4166.018,4037.771,436065635.0
2015-04-01,4057.501,4123.895,4139.499,4046.939,329512853.0
2015-04-02,4149.946,4124.776,4156.842,4068.649,339070487.0
2015-04-03,4104.672,4170.538,4170.558,4092.383,321303766.0
2015-04-07,4213.894,4260.044,4260.471,4197.019,415362654.0
2015-04-08,4277.45,4295.803,4304.78,4204.826,458676715.0
2015-04-09,4316.958,4262.138,4332.166,4212.611,439699902.0
2015-04-10,4249.383,4344.416,4351.687,4231.196,348190170.0
2015-04-13,4394.047,4421.073,4432.024,4361.589,434153036.0
2015-04-14,4432.126,4438.184,4474.353,4385.908,434432126.0
2015-04-15,4439.314,4380.513,4475.997,4379.609,472154131.0
2015-04-16,4355.491,4513.546,4513.765,4335.63,422603748.0
2015-04-17,4578.679,4596.136,4630.27,4553.904,552802663.0
2015-04-20,4615.034,4521.919,4671.168,4492.6,686439075.0
2015-04-21,4520.461,4619.164,4620.058,4504.558,490314991.0
2015-04-22,4637.055,4739.814,4740.933,4632.589,516213792.0
2015-04-23,4764.481,4740.892,4782.044,4693.967,497430954.0
2015-04-24,4682.626,4702.641,4730.43,4618.318,480152936.0
2015-04-27,4753.871,4807.592,4810.485,4735.31,513076548.0
2015-04-28,4811.319,4741.861,4839.078,4703.567,608638545.0
2015-04-29,4722.903,4774.326,4797.927,4695.793,395056980.0
2015-04-30,4788.412,4749.886,4818.725,4749.485,399727444.0
2015-05-04,4757.637,4787.741,4795.915,4699.398,377843853.0
2015-05-05,4785.192,4596.837,4785.192,4572.983,460419626.0
2015-05-06,4626.231,4553.327,4700.909,4511.761,376073702.0
2015-05-07,4520.818,4470.089,4546.338,4467.459,297759203.0
2015-05-08,4515.554,4558.404,4559.058,4445.592,302407967.0
2015-05-11,4582.091,4690.532,4690.954,4535.149,373838420.0
2015-05-12,4692.122,4747.421,4748.004,4660.016,377053891.0
2015-05-13,4746.713,4718.436,4758.002,4678.845,370730424.0
2015-05-14,4717.955,4700.778,4735.284,4670.168,337725152.0
2015-05-15,4690.755,4617.47,4690.755,4592.05,328431166.0
2015-05-18,4582.058,4575.14,4623.383,4565.061,269180489.0
2015-05-19,4577.637,4731.222,4740.005,4577.637,314785952.0
2015-05-20,4751.572,4754.919,4843.1,4745.21,363180748.0
2015-05-21,4768.689,4840.976,4841.615,4746.029,305054537.0
2015-05-22,4895.925,4951.335,4951.991,4870.598,455846718.0
2015-05-25,4949.11,5099.495,5099.839,4949.11,465736590.0
2015-05-26,5140.798,5198.918,5199.295,5063.146,487949359.0
2015-05-27,5216.17,5181.434,5226.844,5126.861,470798730.0
2015-05-28,5174.101,4834.007,5213.183,4831.329,571829047.0
2015-05-29,4839.53,4840.829,4924.303,4665.521,427878859.0
2015-06-01,4862.756,5076.179,5079.319,4835.774,417503741.0
2015-06-02,5091.272,5161.87,5162.556,5047.081,412973196.0
2015-06-03,5176.597,5143.59,5186.967,5059.495,414258270.0
2015-06-04,5156.012,5181.416,5194.233,4863.465,482767268.0
2015-06-05,5254.905,5230.552,5288.34,5104.178,545961196.0
2015-06-08,5259.4079,5353.7514,5370.6089,5202.5948,637313237.0
2015-06-09,5379.4703,5317.461,5380.4264,5251.2077,570427263.0
2015-06-10,5254.3042,5309.112,5374.8296,5209.6795,442165676.0
2015-06-11,5305.1407,5306.59,5329.2951,5248.1626,392338755.0
2015-06-12,5329.2781,5335.1151,5351.6481,5283.0859,430131386.0
2015-06-15,5354.0138,5221.1665,5362.4515,5207.3081,475745703.0
2015-06-16,5165.0245,5064.8212,5204.303,5015.2646,411675638.0
2015-06-17,5072.3064,5138.8307,5158.3671,4949.2934,397124187.0
2015-06-18,5107.6946,4930.5491,5121.2184,4926.4292,364395814.0
2015-06-19,4847.0568,4637.0517,4910.4499,4634.6909,358104744.0
2015-06-23,4641.4248,4786.0906,4786.955,4455.3304,365087944.0
2015-06-24,4811.5949,4880.1261,4883.7317,4744.3058,434638723.0
2015-06-25,4906.2416,4706.5159,4919.2631,4667.2235,446135982.0
2015-06-26,4573.8723,4336.1947,4650.1861,4278.6752,446639790.0
2015-06-29,4446.8419,4191.5486,4451.1659,4000.9261,525662482.0
2015-06-30,4161.0672,4472.9976,4475.7674,4016.0126,527045280.0
2015-07-01,4408.9843,4253.021,4526.1271,4235.6964,431721411.0
2015-07-02,4287.7344,4107.9961,4312.1904,4000.0612,457062194.0
2015-07-03,4017.2019,3885.9169,4164.6289,3785.9015,429300850.0
2015-07-06,4218.266,3998.537,4218.266,3832.4678,648094530.0
2015-07-07,3877.8539,3928.0025,3960.6359,3743.6237,679385007.0
2015-07-08,3651.0604,3663.0375,3762.6222,3612.2536,581467097.0
2015-07-09,3621.6804,3897.6263,3930.2641,3537.826,503870610.0
2015-07-10,3916.2717,4106.5561,4179.1114,3887.5509,500701802.0
2015-07-13,4132.2308,4211.8116,4278.1612,4072.4297,502092186.0
2015-07-14,4178.6295,4112.1488,4258.5132,4062.5004,454422009.0
2015-07-15,4068.8803,3966.7585,4114.2425,3899.5079,421956367.0
2015-07-16,3949.639,3997.3555,4067.0223,3856.3213,330531345.0
2015-07-17,4023.7567,4151.4956,4190.1857,4000.2307,331107131.0
2015-07-20,4157.0598,4160.612,4221.693,4106.389,352673472.0
2015-07-21,4109.7606,4166.0057,4201.4824,4081.7039,318374945.0
2015-07-22,4148.5601,4157.1604,4187.4305,4094.7116,318945997.0
2015-07-23,4158.932,4250.805,4262.0619,4148.8235,354471759.0
2015-07-24,4255.1977,4176.2787,4299.6497,4154.617,392045373.0
2015-07-27,4097.7963,3818.7314,4156.3128,3817.1693,365054511.0
2015-07-28,3690.9741,3811.0926,3883.4461,3627.4214,383527216.0
2015-07-29,3839.9585,3930.3791,3934.0033,3769.1894,276972845.0
2015-07-30,3915.7795,3815.4118,3968.5338,3802.8821,271548665.0
2015-07-31,3777.1546,3816.6993,3863.6237,3757.9889,222376767.0
2015-08-03,3766.0719,3829.2354,3829.2354,3742.5781,245805030.0
2015-08-04,3827.3726,3948.1554,3948.4489,3801.0281,220236556.0
2015-08-05,3937.6232,3866.8998,3962.2774,3858.6598,200484269.0
2015-08-06,3802.928,3831.8516,3888.6926,3793.237,147278694.0
2015-08-07,3866.4298,3906.9448,3926.6488,3857.9076,183349153.0
2015-08-10,3947.4724,4084.3646,4101.7313,3932.8417,306780540.0
2015-08-11,4083.5887,4066.6692,4110.1328,4042.0037,322034191.0
2015-08-12,4025.6735,4016.1262,4078.0297,4015.3547,255146196.0
2015-08-13,4010.0129,4075.463,4075.7003,3967.8205,242836979.0
2015-08-14,4097.9177,4073.54,4113.1585,4056.7265,253392996.0
2015-08-17,4058.1129,4077.8721,4081.7718,4009.9896,256939638.0
2015-08-18,4084.3108,3825.4122,4103.0535,3816.5535,319881070.0
2015-08-19,3748.2663,3886.1357,3898.74,3668.1924,269049839.0
2015-08-20,3848.4034,3761.4541,3880.824,3761.4541,212167965.0
2015-08-21,3714.2891,3589.5358,3757.7794,3578.1749,217986403.0
2015-08-24,3454.5977,3275.5342,3468.1493,3266.5499,255436652.0
2015-08-25,3070.0069,3042.9266,3200.1081,3019.5561,276081306.0
2015-08-26,3062.566,3025.692,3192.9316,2952.0082,308270623.0
2015-08-27,3092.8123,3205.6375,3206.7238,3028.3984,267294930.0
2015-08-28,3246.236,3342.2863,3353.2435,3223.6221,299498426.0
2015-08-31,3307.3962,3366.5359,3368.2789,3205.5365,280250403.0
2015-09-01,3296.5289,3362.0827,3370.5039,3190.5783,352458528.0
2015-09-02,3220.8505,3365.8318,3387.0204,3213.6371,347789412.0
2015-09-07,3347.2934,3250.485,3422.2246,3240.2427,204224431.0
2015-09-08,3221.789,3334.0233,3340.2192,3170.807,154599631.0
2015-09-09,3344.8238,3399.3054,3426.6509,3330.2896,220467421.0
2015-09-10,3349.2806,3357.561,3398.3164,3337.3105,144882971.0
2015-09-11,3349.8772,3347.1878,3383.1338,3315.4782,108547508.0
2015-09-14,3367.642,3281.1317,3373.9212,3187.5659,205457251.0
2015-09-15,3208.744,3152.2319,3240.0789,3131.9795,143555641.0
2015-09-16,3149.1577,3309.2484,3345.9177,3131.3703,159709994.0
2015-09-17,3287.6567,3236.9986,3354.9052,3236.9986,169401881.0
2015-09-18,3254.4432,3251.2732,3280.877,3227.8338,106903481.0
2015-09-21,3222.6029,3308.2467,3312.5497,3211.9336,122788668.0
2015-09-22,3312.3655,3339.03,3371.4139,3303.1842,146221985.0
2015-09-23,3290.0712,3263.0275,3315.9351,3253.3326,123171439.0
2015-09-24,3278.8962,3284.9991,3300.8572,3255.9021,102011238.0
2015-09-25,3272.665,3231.9514,3290.858,3201.9137,121419278.0
2015-09-28,3226.6072,3242.7524,3246.5541,3186.5066,74219468.0
2015-09-29,3197.2209,3178.8544,3208.4165,3159.0419,87150633.0
2015-09-30,3195.901,3202.9475,3223.9076,3186.767,78559349.0
2015-10-08,3324.981,3296.482,3337.3306,3294.6049,132081768.0
2015-10-09,3302.3596,3340.1159,3352.3794,3293.965,124352500.0
2015-10-12,3351.1391,3447.6934,3486.6306,3347.2512,221400468.0
2015-10-13,3422.4772,3445.0431,3452.0453,3413.9674,145433786.0
2015-10-14,3431.1352,3406.1116,3458.7015,3403.2305,152173938.0
2015-10-15,3403.3891,3486.815,3486.815,3402.3162,171158299.0
2015-10-16,3508.5177,3534.0653,3537.5387,3487.1044,208964709.0
2015-10-19,3548.9525,3534.1821,3572.9945,3502.5045,207606744.0
2015-10-20,3527.875,3577.7027,3577.7981,3510.4368,179025108.0
2015-10-21,3580.8378,3473.2544,3601.2434,3417.4123,282076050.0
2015-10-22,3453.2013,3524.5339,3530.7657,3442.3065,184305580.0
2015-10-23,3536.8425,3571.2411,3581.8362,3515.8216,198294478.0
2015-10-26,3614.7023,3589.2611,3620.7564,3561.1922,204248863.0
2015-10-27,3569.4486,3592.8794,3601.0529,3486.102,192056140.0
2015-10-28,3575.8048,3524.9199,3598.1717,3517.2104,170977098.0
2015-10-29,3539.9777,3533.3065,3561.814,3507.9657,127010446.0
2015-10-30,3530.2233,3534.0788,3574.4733,3497.5677,139141914.0
2015-11-02,3489.2252,3475.9623,3543.4501,3474.7116,130002568.0
2015-11-03,3484.7218,3465.4927,3501.704,3452.6203,101401876.0
2015-11-04,3477.1592,3628.5377,3628.5377,3477.1592,205423865.0
2015-11-05,3630.7817,3705.9697,3781.4085,3627.3009,398046568.0
2015-11-06,3698.342,3793.3739,3801.705,3694.6567,298753076.0
2015-11-09,3796.3792,3840.3547,3891.773,3796.3792,356804823.0
2015-11-10,3806.6685,3833.2379,3876.4901,3798.8214,286519603.0
2015-11-11,3828.4476,3833.6457,3843.1121,3781.4102,232234296.0
2015-11-12,3841.7376,3795.3241,3843.8997,3771.2743,217537647.0
2015-11-13,3756.2044,3746.2422,3793.7134,3727.5847,203489891.0
2015-11-16,3682.7349,3764.1262,3764.4087,3680.0734,161690901.0
2015-11-17,3790.4261,3758.3869,3852.7743,3750.1565,248533071.0
2015-11-18,3760.4555,3715.5796,3771.8467,3706.3103,185689495.0
2015-11-19,3725.6218,3774.9692,3775.2319,3714.6745,154631989.0
2015-11-20,3778.8843,3774.3833,3793.5447,3757.0264,186951689.0
2015-11-23,3774.4356,3753.3351,3802.8513,3743.405,175626812.0
2015-11-24,3745.7607,3753.8887,3754.1688,3702.7369,143383283.0
2015-11-25,3747.7594,3781.6069,3781.857,3735.7162,151944941.0
2015-11-26,3795.2454,3759.4286,3805.8435,3756.8234,173525468.0
2015-11-27,3739.0958,3556.9924,3742.7417,3534.3904,208939358.0
2015-11-30,3554.89,3566.4122,3587.9703,3455.0679,173201163.0
2015-12-01,3562.3186,3591.696,3617.3054,3536.1156,136536554.0
2015-12-02,3587.7576,3721.9545,3725.8542,3573.4025,213538865.0
2015-12-03,3709.5469,3749.2985,3758.4457,3693.137,197762126.0
2015-12-04,3719.7338,3677.5922,3726.1236,3667.2911,151199522.0
2015-12-07,3681.5817,3687.6073,3699.337,3658.5778,113883150.0
2015-12-08,3668.8385,3623.0202,3668.8385,3619.4449,125781083.0
2015-12-09,3613.4203,3635.9382,3655.1585,3611.4904,113325422.0
2015-12-10,3634.366,3623.0842,3678.3183,3615.9911,120215625.0
2015-12-11,3605.3723,3608.0587,3630.7435,3578.1463,110322481.0
2015-12-14,3573.8838,3711.322,3712.5026,3570.9978,151769119.0
2015-12-15,3707.7304,3694.3885,3717.3573,3679.2297,126481710.0
2015-12-16,3703.9503,3685.4398,3713.0897,3677.4495,111342723.0
2015-12-17,3712.7833,3755.8881,3768.8435,3709.8511,177924075.0
2015-12-18,3754.9603,3767.9128,3810.218,3750.925,173465980.0
2015-12-21,3762.0965,3865.9646,3877.8202,3759.989,217435275.0
2015-12-22,3872.0975,3876.7325,3880.4675,3841.5929,180303661.0
2015-12-23,3877.8722,3866.3814,3926.6857,3862.9646,207017147.0
2015-12-24,3858.1348,3829.4022,3867.6786,3787.0836,147181397.0
2015-12-25,3832.0849,3838.201,3848.0247,3813.204,119624013.0
2015-12-28,3847.5323,3727.6316,3853.3891,3727.6316,153988440.0
2015-12-29,3723.0498,3761.8745,3762.0518,3710.4803,101885555.0
2015-12-30,3762.9141,3765.1752,3765.657,3726.278,105629955.0
2015-12-31,3760.9039,3731.0047,3772.6166,3727.3247,101873556.0
2016-01-04,3725.8561,3469.0662,3726.2446,3468.9485,115370674.0
2016-01-05,3382.1769,3478.7797,3518.217,3377.2799,162116984.0
2016-01-06,3482.4064,3539.8082,3543.7394,3468.4666,145966144.0
2016-01-07,3481.1499,3294.3839,3481.1499,3284.7374,44102641.0
2016-01-08,3371.871,3361.5632,3418.8508,3237.9307,185959451.0
2016-01-11,3303.1246,3192.4499,3342.4807,3192.4499,174638387.0
2016-01-12,3214.8234,3215.7099,3242.2532,3174.5497,128225796.0
2016-01-13,3240.4838,3155.8787,3257.2953,3155.8787,120666494.0
2016-01-14,3076.6445,3221.5714,3226.6576,3072.0389,134537671.0
2016-01-15,3200.888,3118.7301,3216.7977,3101.0522,124601779.0
2016-01-18,3068.2348,3130.7289,3165.6164,3066.727,101128386.0
2016-01-19,3132.7047,3223.1251,3227.908,3119.2163,127653893.0
2016-01-20,3204.2183,3174.3781,3225.9496,3154.4259,130650504.0
2016-01-21,3136.3841,3081.3454,3202.5381,3081.3454,111189733.0
2016-01-22,3114.895,3113.4626,3132.1708,3053.9581,89951087.0
2016-01-25,3129.0279,3128.886,3149.3322,3105.1004,81540061.0
2016-01-26,3099.5957,2940.5085,3106.5302,2934.6469,126933921.0
2016-01-27,2953.1826,2930.3519,2963.5438,2839.2899,132229366.0
2016-01-28,2909.3341,2853.7562,2941.8866,2841.8442,99222756.0
2016-01-29,2855.5983,2946.0902,2965.3093,2854.3712,113304259.0
2016-02-01,2939.0401,2901.0477,2944.5172,2869.5614,86795342.0
2016-02-02,2901.5284,2961.3337,2972.4258,2901.5119,88601963.0
2016-02-03,2931.2883,2948.6386,2954.71,2909.8982,77389000.0
2016-02-04,2960.3335,2984.7598,2999.2061,2960.2065,91779724.0
2016-02-05,2982.0563,2963.7894,2988.3597,2962.8471,76850808.0
2016-02-15,2888.4277,2946.7066,2961.4926,2886.0183,72919434.0
2016-02-16,2962.1871,3037.0353,3042.0886,2962.1871,112579643.0
2016-02-17,3034.0902,3063.3199,3065.7845,3027.0458,128291607.0
2016-02-18,3079.5272,3053.6985,3093.5129,3049.8407,124401464.0
2016-02-19,3047.9417,3051.585,3065.9677,3032.6336,87338012.0
2016-02-22,3083.9325,3118.8675,3128.2069,3071.3289,140946968.0
2016-02-23,3117.2027,3089.3632,3119.2209,3061.4294,112567391.0
2016-02-24,3077.6062,3109.5454,3109.5454,3055.2511,111782650.0
2016-02-25,3104.4097,2918.7501,3104.4357,2905.4565,157829752.0
2016-02-26,2942.0954,2948.0306,2964.3851,2902.948,106949729.0
2016-02-29,2939.5802,2877.4666,2939.8745,2821.2149,129341020.0
2016-03-01,2881.3353,2930.6937,2950.4361,2863.3228,116045918.0
2016-03-02,2933.9209,3051.3327,3054.7237,2933.1162,175972347.0
2016-03-03,3050.3886,3058.4219,3078.4437,3040.2463,173105744.0
2016-03-04,3047.5371,3093.8895,3101.6556,3032.4235,219172534.0
2016-03-07,3108.9994,3104.8397,3130.9032,3083.5843,132462037.0
2016-03-08,3100.1492,3107.6727,3109.2499,3001.8285,136235742.0
2016-03-09,3045.9238,3071.907,3072.9156,3020.1335,111466245.0
2016-03-10,3056.2104,3013.1457,3074.1602,3012.6908,76072197.0
2016-03-11,2990.2135,3018.2844,3026.4368,2982.1722,73333564.0
2016-03-14,3039.5689,3065.6904,3106.8002,3033.9997,117108655.0
2016-03-15,3061.3427,3074.7796,3077.0846,3028.5781,98311941.0
2016-03-16,3068.8664,3090.0328,3100.3518,3064.5209,124736448.0
2016-03-17,3096.8076,3124.2039,3147.8413,3077.5717,121661777.0
2016-03-18,3136.2234,3171.963,3197.6683,3130.1021,197302564.0
2016-03-21,3203.2929,3249.4372,3267.7751,3198.3608,233269464.0
2016-03-22,3231.6146,3225.7903,3249.6772,3218.7276,161020897.0
2016-03-23,3217.7288,3236.0924,3242.2466,3202.9759,125679286.0
2016-03-24,3211.496,3181.8507,3221.9061,3181.8128,133131122.0
2016-03-25,3176.8101,3197.8169,3204.4423,3174.3179,97395330.0
2016-03-28,3206.9532,3169.7283,3229.6237,3161.8782,103441933.0
2016-03-29,3171.3138,3135.4098,3178.0748,3122.7605,97294747.0
2016-03-30,3161.2886,3216.2753,3216.6755,3161.2886,117802512.0
2016-03-31,3229.1995,3218.0879,3241.9268,3208.6649,121552074.0
2016-04-01,3213.674,3221.8948,3222.6124,3165.8555,118122139.0
2016-04-05,3211.3046,3264.4858,3271.9301,3205.2065,146047772.0
2016-04-06,3250.5215,3257.5276,3267.64,3236.1961,120196305.0
2016-04-07,3266.2883,3209.2902,3270.8202,3208.6443,112409467.0
2016-04-08,3189.8456,3185.7258,3197.7736,3163.305,101005625.0
2016-04-11,3213.507,3230.0957,3251.5717,3213.507,125212709.0
2016-04-12,3227.3673,3218.4497,3232.2642,3198.9027,92869437.0
2016-04-13,3237.8575,3261.3831,3296.5228,3237.8575,195613866.0
2016-04-14,3277.0982,3275.8321,3286.0716,3252.0499,113157327.0
2016-04-15,3279.8566,3272.2053,3282.9846,3261.7299,99807529.0
2016-04-18,3252.6706,3228.4531,3252.6706,3221.6623,97090069.0
2016-04-19,3243.9712,3238.3029,3250.7253,3221.5773,80871440.0
2016-04-20,3244.1419,3181.0264,3248.4218,3107.3693,162207858.0
2016-04-21,3160.7958,3160.6033,3198.557,3150.9395,104752651.0
2016-04-22,3142.5611,3174.9012,3175.3799,3137.9927,77078492.0
2016-04-25,3164.7384,3162.0331,3172.2694,3137.113,67519351.0
2016-04-26,3159.7706,3179.1605,3181.0954,3150.4041,59020734.0
2016-04-27,3181.9305,3165.9156,3188.8264,3162.6914,60004147.0
2016-04-28,3169.3333,3160.5809,3174.7662,3135.6425,69870660.0
2016-04-29,3153.5371,3156.7451,3171.2887,3149.3966,58029776.0
2016-05-03,3159.823,3213.5397,3218.485,3151.4045,98164835.0
2016-05-04,3203.4653,3209.4614,3222.8816,3198.2919,90862408.0
2016-05-05,3204.1686,3213.9199,3217.282,3196.5661,74733681.0
2016-05-06,3213.1358,3130.3544,3216.893,3130.1469,108680240.0
2016-05-09,3115.4301,3065.6154,3115.4301,3055.0057,99230477.0
2016-05-10,3055.2119,3069.1124,3084.7245,3055.1831,68849935.0
2016-05-11,3080.6361,3082.8086,3102.8768,3063.0883,81794258.0
2016-05-12,3059.3831,3090.1372,3095.3489,3035.0228,78765726.0
2016-05-13,3081.6797,3074.9351,3103.0955,3064.691,62629755.0
2016-05-16,3064.5261,3095.3085,3095.5554,3053.6619,59461856.0
2016-05-17,3095.5229,3086.0249,3105.2013,3073.459,65278125.0
2016-05-18,3071.5292,3068.0358,3072.6122,3039.4618,82715369.0
2016-05-19,3060.3426,3062.5002,3086.977,3058.145,60444166.0
2016-05-20,3047.7778,3078.2183,3078.5316,3041.5169,56080842.0
2016-05-23,3078.515,3087.2225,3098.4782,3076.5039,59697216.0
2016-05-24,3083.2441,3063.5556,3083.2571,3052.5905,58734385.0
2016-05-25,3079.7486,3059.2259,3089.1022,3054.8697,56652803.0
2016-05-26,3056.6004,3064.2111,3072.524,3027.444,60392981.0
2016-05-27,3059.732,3062.4993,3073.7562,3052.1793,60468750.0
2016-05-30,3056.3138,3066.7095,3075.2613,3037.6647,63098579.0
2016-05-31,3068.5964,3169.5598,3170.926,3068.5964,138863111.0
2016-06-01,3172.9619,3160.547,3181.7926,3159.8175,113148482.0
2016-06-02,3158.0259,3167.0997,3168.824,3151.0654,86003427.0
2016-06-03,3172.946,3189.3255,3201.7492,3162.088,101491783.0
2016-06-06,3192.7793,3178.7883,3197.2204,3168.554,76693751.0
2016-06-07,3182.4374,3177.0536,3186.6167,3168.1792,68928314.0
2016-06-08,3171.8134,3163.9864,3174.9719,3148.3517,76291775.0
2016-06-13,3134.0453,3066.3413,3145.6057,3065.7674,92975947.0
2016-06-14,3058.4433,3075.9834,3078.7494,3055.6553,66279457.0
2016-06-15,3043.9577,3116.3682,3128.6733,3042.2328,87393257.0
2016-06-16,3104.3619,3094.6748,3112.4755,3089.4777,82974703.0
2016-06-17,3096.0901,3110.3572,3131.0485,3096.0901,85402985.0
2016-06-20,3114.9064,3112.6744,3118.7254,3089.7127,63587141.0
2016-06-21,3124.8984,3106.3175,3155.4927,3097.9402,87965345.0
2016-06-22,3100.4496,3133.9611,3134.0608,3096.9919,66487113.0
2016-06-23,3129.7207,3117.3168,3129.7207,3102.4811,67751738.0
2016-06-24,3110.6465,3077.1554,3130.5391,3033.9651,104792208.0
2016-06-27,3065.128,3120.5443,3120.6405,3064.9664,83267259.0
2016-06-28,3107.3979,3136.4013,3139.4301,3099.7012,92024637.0
2016-06-29,3142.4842,3151.3898,3158.0762,3139.1325,103723668.0
2016-06-30,3152.8331,3153.921,3163.7205,3148.1987,79692617.0
2016-07-01,3156.932,3154.2003,3170.2583,3148.2948,71746283.0
2016-07-04,3136.3852,3204.6962,3210.6016,3134.0233,133310529.0
2016-07-05,3199.1572,3207.3827,3216.7029,3197.9956,130226895.0
2016-07-06,3197.6249,3216.8035,3217.5158,3183.4511,124897458.0
2016-07-07,3206.5507,3209.9542,3220.5404,3190.1235,118595202.0
2016-07-08,3199.7542,3192.2804,3204.9283,3183.9594,89734855.0
2016-07-11,3199.0383,3203.3298,3235.9623,3197.6255,138529511.0
2016-07-12,3201.9062,3273.1823,3273.4738,3200.3034,172534217.0
2016-07-13,3274.0202,3282.8681,3300.9912,3271.7752,175196090.0
2016-07-14,3277.4816,3276.7637,3281.9503,3259.0653,107525798.0
2016-07-15,3278.8357,3276.2775,3285.026,3265.2906,102665026.0
2016-07-18,3269.7077,3262.0222,3281.6375,3251.7659,110312518.0
2016-07-19,3260.4349,3248.2341,3264.7303,3226.1987,88886861.0
2016-07-20,3246.8626,3237.6051,3254.5076,3232.2568,72701255.0
2016-07-21,3238.3367,3252.5227,3271.3739,3238.3034,86004825.0
2016-07-22,3251.242,3225.1621,3253.7694,3220.8937,86029128.0
2016-07-25,3220.1658,3230.885,3243.7902,3218.1419,70203185.0
2016-07-26,3228.234,3269.5882,3269.7457,3228.0075,81051089.0
2016-07-27,3270.0837,3218.243,3276.5112,3157.4093,160188665.0
2016-07-28,3204.4645,3221.1365,3235.7816,3195.2696,112779964.0
2016-07-29,3217.1923,3203.9304,3225.4184,3198.6839,88044837.0
2016-08-01,3196.425,3176.8091,3199.9751,3156.7488,87003497.0
2016-08-02,3173.7576,3189.0529,3189.0529,3165.5422,62167639.0
2016-08-03,3179.6842,3193.5073,3197.1573,3173.5356,72864102.0
2016-08-04,3190.546,3201.2888,3201.5539,3170.4189,73504373.0
2016-08-05,3201.3543,3205.1101,3224.873,3192.8614,77196366.0
2016-08-08,3199.5723,3234.1833,3234.4795,3187.2521,86676051.0
2016-08-09,3232.603,3256.9813,3257.3336,3229.1741,91065259.0
2016-08-10,3255.1822,3243.3409,3261.8609,3242.7509,90430372.0
2016-08-11,3239.5583,3233.3604,3274.0261,3232.6127,101041213.0
2016-08-12,3231.8065,3294.2337,3294.2337,3231.1366,116254044.0
2016-08-15,3303.4688,3393.4239,3417.9147,3302.3776,220543421.0
2016-08-16,3403.3839,3378.2451,3418.6884,3372.0206,196389740.0
2016-08-17,3377.7713,3373.0476,3394.3887,3356.9244,138847688.0
2016-08-18,3369.9472,3364.4851,3394.7912,3349.6879,142380169.0
2016-08-19,3358.555,3365.0197,3374.045,3341.1922,119961508.0
2016-08-22,3364.681,3336.7949,3372.8331,3335.4695,107951008.0
2016-08-23,3332.621,3341.8298,3359.6477,3324.9603,92924516.0
2016-08-24,3341.9304,3329.8631,3348.1291,3323.7251,81191429.0
2016-08-25,3314.0846,3308.9721,3315.0812,3279.8064,100589153.0
2016-08-26,3312.4991,3307.0902,3328.9453,3301.7359,81530691.0
2016-08-29,3306.5749,3307.7812,3315.0789,3297.0697,77036333.0
2016-08-30,3310.3188,3311.9872,3325.1218,3304.5966,75725987.0
2016-08-31,3310.5654,3327.7938,3333.9729,3304.6552,79570805.0
2016-09-01,3326.7389,3301.5767,3329.3455,3301.2129,84947219.0
2016-09-02,3298.7217,3314.1142,3320.4252,3295.7554,82791803.0
2016-09-05,3321.0053,3319.6803,3338.4197,3314.6293,78292477.0
2016-09-06,3322.018,3342.6259,3347.9511,3300.1257,98283998.0
2016-09-07,3344.0657,3340.8172,3357.3567,3337.7508,102940106.0
2016-09-08,3338.0082,3339.564,3343.395,3328.2264,71916158.0
2016-09-09,3339.3733,3318.044,3344.951,3318.044,82657036.0
2016-09-12,3271.8702,3262.6043,3276.7163,3234.573,122917682.0
2016-09-13,3265.3373,3260.333,3269.2224,3246.3857,67180288.0
2016-09-14,3245.7371,3238.7299,3254.995,3231.3355,70432697.0
2016-09-19,3242.7429,3263.1242,3264.8995,3242.7429,58831082.0
2016-09-20,3264.6649,3257.4034,3265.0353,3252.3885,52784206.0
2016-09-21,3257.7097,3266.6363,3270.9022,3254.3214,59142979.0
2016-09-22,3281.4718,3291.1211,3303.1993,3277.9791,75753542.0
2016-09-23,3292.2788,3275.6665,3293.9162,3275.025,57993986.0
2016-09-26,3267.6905,3220.2838,3267.6905,3220.2838,70452186.0
2016-09-27,3214.8704,3240.7546,3240.7756,3214.4414,58460550.0
2016-09-28,3243.647,3230.8904,3243.647,3227.996,44727498.0
2016-09-29,3234.857,3244.3874,3257.7668,3234.8032,55452556.0
2016-09-30,3240.1775,3253.2848,3260.9405,3239.0364,44978022.0
2016-10-10,3265.3644,3293.8689,3294.6409,3258.9584,80519260.0
2016-10-11,3296.8672,3306.5573,3308.0042,3292.8775,87713163.0
2016-10-12,3299.1388,3300.0099,3302.561,3289.7532,68669781.0
2016-10-13,3299.1557,3302.6455,3307.4091,3292.3974,81224198.0
2016-10-14,3298.734,3305.8481,3306.6859,3285.729,82316271.0
2016-10-17,3305.9635,3277.8787,3309.0097,3271.5413,86113509.0
2016-10-18,3272.6815,3321.3324,3321.3324,3272.6815,102860714.0
2016-10-19,3323.3038,3316.2407,3332.5201,3309.8313,101167725.0
2016-10-20,3317.1792,3318.6044,3324.9031,3312.1741,79238871.0
2016-10-21,3315.7156,3327.74,3341.5603,3309.1787,109785176.0
2016-10-24,3332.5125,3367.5778,3382.8259,3330.9674,153014345.0
2016-10-25,3367.4753,3367.4547,3373.9139,3356.5853,111191693.0
2016-10-26,3365.1975,3354.8003,3367.831,3349.5744,98024786.0
2016-10-27,3351.4603,3345.695,3352.3545,3335.1332,77629851.0
2016-10-28,3347.1438,3340.1262,3370.7485,3337.2888,93133309.0
2016-10-31,3332.406,3336.2778,3340.4695,3317.3279,71352863.0
2016-11-01,3338.7099,3359.0515,3359.3941,3334.4568,74938199.0
2016-11-02,3350.71,3333.3524,3356.3974,3331.3841,91197104.0
2016-11-03,3326.9045,3365.085,3379.9889,3324.8378,126223504.0
2016-11-04,3362.2055,3354.1749,3377.6394,3348.4263,104069655.0
2016-11-07,3353.4441,3356.5916,3362.7416,3342.3122,99877988.0
2016-11-08,3367.6974,3371.1177,3383.9174,3361.1292,103148282.0
2016-11-09,3370.5999,3353.0547,3373.096,3322.0798,139110059.0
2016-11-10,3374.906,3390.6119,3403.0158,3374.906,134705535.0
2016-11-11,3387.9481,3417.2211,3422.6715,3382.8925,198781496.0
2016-11-14,3409.2241,3430.2482,3452.6159,3408.1392,213247105.0
2016-11-15,3428.8663,3429.8697,3434.9216,3415.9948,134566320.0
2016-11-16,3432.4336,3429.5921,3435.6366,3419.2435,129808511.0
2016-11-17,3423.4654,3436.535,3437.669,3412.8771,121561731.0
2016-11-18,3437.4898,3417.4554,3443.1185,3413.2698,115951205.0
2016-11-21,3412.6523,3441.1106,3463.1423,3412.0801,146434529.0
2016-11-22,3443.2201,3468.3637,3469.2189,3443.2201,168523446.0
2016-11-23,3473.8949,3474.7289,3492.9564,3465.7639,162388504.0
2016-11-24,3468.8071,3488.7402,3508.1648,3467.0108,145746301.0
2016-11-25,3490.0399,3521.2984,3521.3029,3463.9477,153621506.0
2016-11-28,3538.6754,3535.0807,3553.3603,3528.3196,207375483.0
2016-11-29,3525.9011,3564.0404,3583.7185,3521.3787,236918356.0
2016-11-30,3557.6357,3538.001,3567.0689,3527.0231,178560178.0
2016-12-01,3543.9555,3565.036,3575.97,3543.245,180170761.0
2016-12-02,3559.7711,3528.9547,3562.5497,3516.7881,196355480.0
2016-12-05,3473.6876,3469.4073,3496.8838,3457.3433,180852355.0
2016-12-06,3466.2417,3459.1533,3477.5901,3456.8067,115529090.0
2016-12-07,3458.3687,3475.7473,3475.7473,3445.7561,114345103.0
2016-12-08,3481.8067,3470.1426,3484.3402,3466.512,117383922.0
2016-12-09,3464.8733,3493.7004,3507.9276,3461.7612,150303308.0
2016-12-12,3489.2683,3409.1794,3495.8022,3400.793,187467751.0
2016-12-13,3394.2072,3405.0355,3416.2147,3370.5956,121105097.0
2016-12-14,3399.4113,3378.9453,3412.2795,3378.2656,124007744.0
2016-12-15,3363.8597,3340.4338,3378.0367,3327.1429,114960660.0
2016-12-16,3335.3625,3346.0305,3356.2916,3330.4928,90775422.0
2016-12-19,3342.3449,3328.9827,3344.8584,3324.9986,81640678.0
2016-12-20,3328.2985,3309.0641,3329.1022,3289.2682,87569592.0
2016-12-21,3313.7451,3338.536,3342.4761,3313.7451,108254995.0
2016-12-22,3335.1218,3335.672,3340.3628,3322.7196,92277249.0
2016-12-23,3333.4009,3307.5991,3334.8937,3300.8843,97444713.0
2016-12-26,3293.2236,3322.4006,3322.4212,3267.0481,89793982.0
2016-12-27,3319.2061,3316.3852,3330.2324,3315.8318,75486359.0
2016-12-28,3315.7526,3301.8887,3320.5467,3293.1737,69000437.0
2016-12-29,3297.036,3297.7648,3312.113,3288.0959,70087923.0
2016-12-30,3302.5993,3310.0808,3313.5497,3295.7513,71744116.0
2017-01-03,3313.9534,3342.2272,3345.2629,3313.9534,86567896.0
2017-01-04,3340.5576,3368.3117,3369.5658,3338.1527,90050827.0
2017-01-05,3368.3402,3367.7892,3373.4119,3361.462,88336357.0
2017-01-06,3366.8522,3347.6665,3368.8705,3346.8914,87459114.0
2017-01-09,3345.7483,3363.9014,3366.2219,3344.3472,83707942.0
2017-01-10,3361.6394,3358.2716,3370.5051,3354.0878,83819160.0
2017-01-11,3355.8008,3334.4954,3366.6315,3334.2978,91071438.0
2017-01-12,3332.6857,3317.6241,3343.1279,3315.9629,81239135.0
2017-01-13,3317.9625,3319.9122,3338.174,3309.3741,84180589.0
2017-01-16,3314.1507,3319.4455,3322.7819,3264.2071,157779135.0
2017-01-17,3305.6001,3326.3563,3327.3767,3292.2044,69453328.0
2017-01-18,3323.3389,3339.3653,3350.9619,3320.4062,70623227.0
2017-01-19,3330.9522,3329.2891,3346.4959,3324.6835,66159808.0
2017-01-20,3326.9773,3354.8891,3358.4121,3326.374,65300462.0
2017-01-23,3359.0543,3364.0808,3378.7388,3355.8475,75557498.0
2017-01-24,3363.1374,3364.4509,3371.32,3355.899,66194226.0
2017-01-25,3361.6561,3375.9042,3376.4415,3357.2183,58376931.0
2017-01-26,3378.2609,3387.9606,3395.8848,3378.2609,65316647.0
2017-02-03,3390.9315,3364.4923,3392.4773,3362.5653,55188861.0
2017-02-06,3368.1081,3373.2051,3381.3348,3358.7516,68521360.0
2017-02-07,3371.7695,3365.6849,3376.7099,3354.6251,63754462.0
2017-02-08,3361.7811,3383.2878,3383.6859,3347.4302,75402879.0
2017-02-09,3381.8992,3396.2924,3406.5888,3379.7872,97558515.0
2017-02-10,3398.3173,3413.4868,3422.3256,3398.0295,123768720.0
2017-02-13,3416.9168,3436.275,3439.5432,3416.8746,120144538.0
2017-02-14,3438.511,3435.8042,3440.6748,3424.4028,94809465.0
2017-02-15,3435.3882,3421.7131,3448.0322,3417.0811,127643338.0
2017-02-16,3421.8299,3440.9331,3440.9331,3418.3514,108276962.0
2017-02-17,3443.6166,3421.4419,3457.5562,3419.6143,114600036.0
2017-02-20,3421.6434,3471.3926,3472.6035,3421.6434,132628862.0
2017-02-21,3475.0584,3482.823,3490.0855,3472.017,114842009.0
2017-02-22,3483.2008,3489.7567,3489.946,3473.524,102815994.0
2017-02-23,3487.5745,3473.3236,3492.9616,3460.118,99536330.0
2017-02-24,3468.9588,3473.8517,3473.8517,3455.2514,95535133.0
2017-02-27,3471.1319,3446.2228,3472.8356,3441.3938,98672160.0
2017-02-28,3445.0274,3452.8103,3460.9089,3441.3589,75215260.0
2017-03-01,3452.2058,3458.4376,3472.6962,3449.109,103260354.0
2017-03-02,3463.4829,3435.0963,3468.471,3434.001,89898077.0
2017-03-03,3424.6627,3427.8628,3428.8824,3412.8312,80994652.0
2017-03-06,3427.2533,3446.484,3449.0342,3425.9041,83070882.0
2017-03-07,3446.1628,3453.9565,3454.0386,3440.0574,80334720.0
2017-03-08,3452.2006,3448.7313,3457.0351,3441.2575,79587690.0
2017-03-09,3442.8953,3426.9438,3443.0455,3414.6782,84570381.0
2017-03-10,3423.9776,3427.8916,3436.2388,3423.9369,70016199.0
2017-03-13,3425.6723,3458.098,3458.098,3412.6879,91684124.0
2017-03-14,3456.6584,3456.6934,3465.3915,3448.9034,77077963.0
2017-03-15,3452.2139,3463.6436,3463.9191,3445.2676,79104954.0
2017-03-16,3472.2694,3481.5066,3492.1267,3472.2694,106333913.0
2017-03-17,3485.3114,3445.8051,3488.4969,3441.4685,103755560.0
2017-03-20,3449.0515,3449.6126,3454.063,3429.8254,88734322.0
2017-03-21,3449.7696,3466.3468,3466.7026,3445.6416,87707855.0
2017-03-22,3450.7544,3450.0502,3464.3328,3433.4994,104935894.0
2017-03-23,3452.4056,3461.9782,3470.8164,3435.6912,94318062.0
2017-03-24,3464.1966,3489.5997,3499.3179,3461.1108,125645833.0
2017-03-27,3488.7647,3478.0385,3505.9789,3474.5206,107015377.0
2017-03-28,3480.249,3469.8093,3482.2923,3461.4678,84194820.0
2017-03-29,3472.9665,3465.1933,3483.0571,3455.5529,104851706.0
2017-03-30,3461.6159,3436.758,3467.3049,3422.366,116376922.0
2017-03-31,3434.8222,3456.0455,3456.3051,3430.8197,91577491.0
2017-04-05,3476.4231,3503.8932,3504.5379,3475.1486,143399017.0
2017-04-06,3507.9879,3514.0469,3517.7779,3495.7246,136767004.0
2017-04-07,3514.4521,3517.4634,3526.815,3506.3885,140293204.0
2017-04-10,3519.4597,3505.1392,3522.7955,3502.0826,141887380.0
2017-04-11,3503.8294,3517.328,3520.1315,3466.139,165945832.0
2017-04-12,3514.5723,3509.4387,3523.0975,3497.9991,181824537.0
2017-04-13,3500.2838,3514.5662,3518.4385,3496.5699,129981813.0
2017-04-14,3516.8103,3486.5045,3517.4664,3476.9468,135474078.0
2017-04-17,3475.7381,3479.9417,3480.5696,3453.6759,117164961.0
2017-04-18,3474.8892,3462.7429,3489.0845,3462.6297,110927823.0
2017-04-19,3452.9904,3445.8761,3459.3524,3418.514,121349264.0
2017-04-20,3444.5225,3461.5481,3465.6088,3440.7151,114184208.0
2017-04-21,3461.389,3466.7865,3475.5622,3449.5421,104419110.0
2017-04-24,3458.2279,3431.2587,3458.2279,3403.9792,114660791.0
2017-04-25,3427.7322,3440.9743,3449.6716,3422.6521,94072148.0
2017-04-26,3440.2526,3445.1832,3466.5651,3439.1505,111940029.0
2017-04-27,3435.1017,3446.7202,3449.2723,3399.5392,123298425.0
2017-04-28,3439.5735,3439.753,3439.904,3417.2375,101632351.0
2017-05-02,3427.9169,3426.5766,3436.3064,3418.6652,92797462.0
2017-05-03,3421.7586,3413.1282,3432.2248,3403.0782,91669624.0
2017-05-04,3404.9379,3404.3864,3421.3953,3391.277,103482075.0
2017-05-05,3393.4831,3382.5502,3395.4532,3366.5568,109895333.0
2017-05-08,3369.1084,3358.8125,3374.1571,3339.5743,123749287.0
2017-05-09,3342.5981,3352.5324,3358.0463,3327.5901,76771668.0
2017-05-10,3350.6502,3337.7007,3369.4345,3336.003,92082628.0
2017-05-11,3322.9455,3356.6459,3359.6003,3312.8921,109252890.0
2017-05-12,3350.9371,3385.3787,3387.2677,3349.1671,93386466.0
2017-05-15,3391.5881,3399.1937,3406.581,3391.5881,82977611.0
2017-05-16,3390.925,3428.6491,3428.8531,3373.552,105242416.0
2017-05-17,3423.19,3409.9656,3433.9695,3408.1541,99736837.0
2017-05-18,3387.6655,3398.1127,3409.9319,3383.935,85759589.0
2017-05-19,3395.2318,3403.8492,3405.9448,3392.3776,71473525.0
2017-05-22,3400.5882,3411.2387,3424.1776,3391.1748,92539559.0
2017-05-23,3405.0254,3424.194,3434.7662,3401.5338,116911033.0
2017-05-24,3409.7169,3424.1669,3424.1669,3383.8922,83553161.0
2017-05-25,3414.3992,3485.6581,3490.4176,3413.2246,130721631.0
2017-05-26,3479.6206,3480.4345,3498.3148,3473.04,103241153.0
2017-05-31,3495.073,3492.8845,3515.0812,3474.9215,104829744.0
2017-06-01,3485.2223,3497.7382,3499.8142,3476.4283,103127724.0
2017-06-02,3491.5893,3486.5074,3498.1189,3470.2017,82668010.0
2017-06-05,3480.1692,3468.7538,3484.1244,3462.3144,79738152.0
2017-06-06,3464.3765,3492.8816,3492.8816,3460.4534,64089388.0
2017-06-07,3493.8846,3533.8718,3537.0947,3491.1328,104419968.0
2017-06-08,3531.2419,3560.9786,3562.2724,3528.179,90224905.0
2017-06-09,3561.2411,3576.1703,3590.8872,3560.6336,101188265.0
2017-06-12,3570.2191,3574.3894,3603.6901,3565.9012,90381167.0
2017-06-13,3569.1594,3582.2674,3584.4094,3559.2134,75177138.0
2017-06-14,3571.2483,3535.2987,3571.2483,3530.274,83810783.0
2017-06-15,3530.7465,3528.7926,3542.2796,3508.9461,82632535.0
2017-06-16,3522.9745,3518.7611,3536.1401,3514.3892,76452707.0
2017-06-19,3520.0602,3553.6653,3554.91,3520.0602,79797141.0
2017-06-20,3560.7871,3546.494,3563.6964,3539.5149,80509559.0
2017-06-21,3567.1256,3587.955,3587.9863,3545.5666,87859824.0
2017-06-22,3583.5583,3590.3425,3635.5273,3581.3375,135526987.0
2017-06-23,3583.4359,3622.8831,3623.2352,3569.3225,105129134.0
2017-06-26,3627.0208,3668.0919,3671.9435,3627.0208,134637995.0
2017-06-27,3665.5775,3674.7152,3676.5328,3648.7635,97558702.0
2017-06-28,3664.1629,3646.1666,3672.1887,3644.0268,97920858.0
2017-06-29,3649.2525,3668.8279,3669.1345,3644.7331,85589498.0
2017-06-30,3654.7348,3666.7977,3669.7584,3646.2272,81510028.0
2017-07-03,3667.2316,3650.8463,3667.5957,3633.7825,88820860.0
2017-07-04,3646.828,3619.9841,3646.8455,3611.6911,95071413.0
2017-07-05,3611.8984,3659.6795,3660.7291,3610.4586,88232425.0
2017-07-06,3654.5576,3660.0967,3666.7745,3629.56,102379245.0
2017-07-07,3647.6416,3655.9293,3657.1131,3631.8702,103735497.0
2017-07-10,3647.9379,3653.6868,3667.8455,3641.5277,120591910.0
2017-07-11,3646.8783,3670.8086,3701.2087,3645.9946,118760826.0
2017-07-12,3672.6328,3658.8236,3691.5814,3640.5893,122287792.0
2017-07-13,3656.3502,3686.9205,3690.4832,3652.5658,125669549.0
2017-07-14,3682.6153,3703.094,3703.094,3672.7425,105514005.0
2017-07-17,3700.6179,3663.5575,3716.47,3621.3652,178821600.0
2017-07-18,3648.4942,3667.1807,3667.5408,3622.0414,124622056.0
2017-07-19,3660.8665,3729.7466,3731.0468,3658.2035,182477787.0
2017-07-20,3725.1436,3747.8843,3750.1938,3723.0689,142410039.0
2017-07-21,3738.1847,3728.5976,3751.6947,3722.0656,117941226.0
2017-07-24,3724.3778,3743.4686,3755.1902,3719.8488,134868722.0
2017-07-25,3742.6405,3719.559,3752.1559,3713.2766,121672059.0
2017-07-26,3722.8761,3705.3884,3738.5316,3684.1819,136325210.0
2017-07-27,3700.8558,3712.1947,3716.6888,3672.4971,145002904.0
2017-07-28,3703.4895,3721.8914,3725.5378,3696.7776,111411392.0
2017-07-31,3722.4282,3737.8732,3746.5207,3713.655,148429039.0
2017-08-01,3738.7364,3770.3828,3770.4043,3737.0954,152546539.0
2017-08-02,3768.1938,3760.8525,3784.3511,3759.2764,172293383.0
2017-08-03,3755.1081,3727.8264,3766.3452,3718.4351,146153944.0
2017-08-04,3724.7225,3707.5796,3738.7312,3707.003,157470060.0
2017-08-07,3701.2161,3726.7948,3730.7774,3689.9552,124231530.0
2017-08-08,3724.3287,3732.2129,3737.3344,3718.8116,137241928.0
2017-08-09,3728.0319,3731.044,3738.999,3713.5668,124679989.0
2017-08-10,3724.962,3715.9208,3746.8614,3688.1766,130085128.0
2017-08-11,3687.9314,3647.3503,3700.4944,3645.0945,150387421.0
2017-08-14,3651.3754,3694.6831,3698.3663,3651.3754,115308451.0
2017-08-15,3695.78,3706.0566,3719.2931,3692.2802,106444857.0
2017-08-16,3701.1337,3701.4207,3707.144,3679.7338,104134141.0
2017-08-17,3707.0668,3721.277,3722.6239,3704.4126,108656251.0
2017-08-18,3707.1891,3724.6748,3733.4914,3700.4112,96561705.0
2017-08-21,3731.8399,3740.9941,3744.2631,3728.6157,100313073.0
2017-08-22,3745.7543,3752.298,3758.2924,3734.5556,100292856.0
2017-08-23,3747.6108,3756.0884,3772.4568,3741.7204,104961573.0
2017-08-24,3755.8902,3734.6458,3765.7082,3729.0876,89947372.0
2017-08-25,3736.2916,3795.7544,3795.9693,3736.2916,129940900.0
2017-08-28,3805.6567,3842.7119,3866.9422,3805.6567,185576325.0
2017-08-29,3839.1779,3834.5376,3847.9303,3825.7597,128227070.0
2017-08-30,3834.2682,3834.3005,3854.7062,3827.8607,141352857.0
2017-08-31,3835.8394,3822.0928,3840.199,3800.8861,132944935.0
2017-09-01,3825.3392,3830.5383,3843.6176,3818.1586,158645511.0
2017-09-04,3828.5447,3845.6163,3847.0906,3813.5537,149566320.0
2017-09-05,3845.5451,3857.0464,3865.2938,3841.9514,124964155.0
2017-09-06,3846.7471,3849.4499,3858.2481,3831.3835,131398723.0
2017-09-07,3851.688,3829.8713,3858.1617,3828.835,123884181.0
2017-09-08,3830.0707,3825.9895,3843.0186,3813.9833,106036504.0
2017-09-11,3828.3422,3825.6453,3850.7409,3817.5108,123883997.0
2017-09-12,3832.2422,3837.9341,3849.3885,3822.0037,144190242.0
2017-09-13,3835.5493,3842.6061,3847.7841,3822.9441,95410785.0
2017-09-14,3843.572,3829.9554,3854.4931,3820.0876,115358583.0
2017-09-15,3826.1448,3831.2965,3843.297,3818.5234,122427006.0
2017-09-18,3832.9626,3843.1428,3862.3589,3832.9626,117934405.0
2017-09-19,3849.8794,3832.1161,3857.303,3820.2885,112432987.0
2017-09-20,3830.1549,3842.4353,3850.9426,3827.8858,101129542.0
2017-09-21,3843.2577,3837.8176,3860.7977,3837.384,111098192.0
2017-09-22,3826.4589,3837.7304,3842.252,3816.8225,100619802.0
2017-09-25,3829.219,3817.7915,3835.3894,3811.1192,103948976.0
2017-09-26,3810.3333,3820.7816,3821.6928,3808.3827,81869407.0
2017-09-27,3818.9646,3821.2,3832.566,3818.8147,85655811.0
2017-09-28,3821.5904,3822.5386,3827.3308,3813.7532,93544069.0
2017-09-29,3825.2021,3836.5013,3852.2236,3825.2021,93306028.0
2017-10-09,3910.1149,3882.2076,3918.8391,3876.0322,135535851.0
2017-10-10,3883.0037,3889.8637,3900.7418,3855.4666,112532586.0
2017-10-11,3886.8184,3902.6868,3913.0695,3885.497,104418151.0
2017-10-12,3902.0156,3912.9536,3917.4435,3897.5472,94340921.0
2017-10-13,3912.975,3921.0017,3927.1744,3908.8885,90142068.0
2017-10-16,3926.2754,3913.4462,3947.4239,3913.3224,121355033.0
2017-10-17,3910.7894,3913.0688,3924.6141,3900.4758,82241227.0
2017-10-18,3914.8152,3944.1626,3944.4106,3914.8152,100969841.0
2017-10-19,3940.5831,3931.2495,3944.0349,3923.6455,106527252.0
2017-10-20,3918.5265,3926.852,3928.9607,3910.1974,72980180.0
2017-10-23,3930.8914,3930.7981,3936.2729,3920.6562,81484980.0
2017-10-24,3926.2299,3959.3953,3959.4951,3922.0288,93058154.0
2017-10-25,3958.1669,3976.949,3978.0893,3954.0011,88205458.0
2017-10-26,3980.0479,3993.5752,4013.5988,3973.5535,129895465.0
2017-10-27,3992.5539,4021.9676,4024.4645,3991.354,126672846.0
2017-10-30,4022.1641,4009.7218,4033.3394,3960.2698,157387603.0
2017-10-31,3995.3935,4006.7179,4009.2828,3983.2565,109178779.0
2017-11-01,4007.9116,3996.6221,4032.4581,3991.3235,130417380.0
2017-11-02,3994.0946,3997.1343,3999.2262,3971.3761,126100579.0
2017-11-03,3992.3496,3992.6979,3999.3373,3963.0263,129404439.0
2017-11-06,3989.1824,4020.8896,4021.6382,3975.4069,122081159.0
2017-11-07,4022.4018,4054.2465,4064.2178,4021.3639,152116663.0
2017-11-08,4051.4935,4048.0057,4089.1457,4040.5772,150827719.0
2017-11-09,4043.0663,4075.8998,4076.6102,4038.4004,121056335.0
2017-11-10,4070.2763,4111.9112,4116.7142,4067.657,141817165.0
2017-11-13,4115.5507,4128.0733,4137.6455,4115.5507,151446309.0
2017-11-14,4129.2736,4099.351,4133.5462,4086.8903,143236936.0
2017-11-15,4084.2131,4073.6696,4102.8071,4055.7167,120635696.0
2017-11-16,4063.4943,4105.0122,4107.617,4062.2734,121384414.0
2017-11-17,4094.0787,4120.8508,4122.3756,4081.3723,191784119.0
2017-11-20,4093.734,4143.8334,4144.5144,4060.9636,137447258.0
2017-11-21,4131.8482,4217.7015,4220.2636,4129.9783,180350821.0
2017-11-22,4228.3721,4227.5666,4260.6395,4191.145,186477003.0
2017-11-23,4213.3781,4102.3966,4214.1895,4086.9018,178147228.0
2017-11-24,4089.4723,4104.2034,4116.5942,4057.4894,130858040.0
2017-11-27,4088.9318,4049.9475,4088.9318,4037.1457,143455268.0
2017-11-28,4034.2057,4055.8235,4056.4753,4010.2955,102058095.0
2017-11-29,4061.3545,4053.7529,4069.2418,4004.687,124553642.0
2017-11-30,4034.0091,4006.0993,4052.797,3988.0018,107983345.0
2017-12-01,4003.5604,3998.1365,4027.1064,3984.3776,97386913.0
2017-12-04,3989.0466,4018.8571,4032.9859,3982.3182,102647219.0
2017-12-05,4007.9361,4040.1704,4045.9331,4006.5432,154087076.0
2017-12-06,4027.1231,4015.8211,4031.7533,3964.8087,109286205.0
2017-12-07,4003.5826,3971.0569,4017.9465,3955.9939,90254045.0
2017-12-08,3962.8288,4003.3792,4014.1387,3955.44,89282861.0
2017-12-11,4006.8784,4069.4997,4069.4997,4005.2687,97148946.0
2017-12-12,4068.5053,4016.0163,4070.1503,4015.4546,84338718.0
2017-12-13,4013.8319,4050.0927,4052.6878,4004.7436,77546131.0
2017-12-14,4050.9028,4026.1516,4057.6245,4013.8546,80768862.0
2017-12-15,4018.7313,3980.8558,4020.2668,3974.9277,89044389.0
2017-12-18,3983.2965,3985.2914,4008.0688,3967.9343,77853375.0
2017-12-19,3985.8233,4035.3294,4035.6296,3985.8233,77528985.0
2017-12-20,4036.019,4030.4898,4044.8485,4015.6285,90604503.0
2017-12-21,4023.076,4067.8485,4080.781,4014.6526,96836089.0
2017-12-22,4064.9131,4054.5984,4076.8028,4048.4913,73473684.0
2017-12-25,4057.4173,4041.5401,4086.9342,4026.4496,91926962.0
2017-12-26,4040.6173,4053.6224,4056.8554,4015.2996,91118790.0
2017-12-27,4045.2793,3991.2075,4047.7366,3986.7385,105153577.0
2017-12-28,3992.997,4018.8974,4036.6975,3980.2358,118542886.0
2017-12-29,4022.8826,4030.8549,4043.14,4012.8749,90486683.0
2018-01-02,4045.2086,4087.4012,4087.7789,4045.2086,146935435.0
2018-01-03,4091.4607,4111.3925,4140.0543,4088.7302,151852218.0
2018-01-04,4114.1213,4128.8119,4137.642,4105.8858,134543794.0
2018-01-05,4133.3439,4138.7505,4151.2818,4123.2817,149009872.0
2018-01-08,4140.8545,4160.1595,4166.3182,4127.3081,173877666.0
2018-01-09,4157.5394,4189.2977,4191.2843,4153.5021,139034294.0
2018-01-10,4187.2044,4207.8132,4211.0549,4175.1355,151121666.0
2018-01-11,4197.1136,4205.5863,4211.799,4181.9572,121578539.0
2018-01-12,4205.1444,4225.001,4227.3923,4199.0251,111354794.0
2018-01-15,4229.8357,4225.2393,4262.9314,4216.3585,170907897.0
2018-01-16,4215.6247,4258.473,4260.2118,4213.1275,161494963.0
2018-01-17,4261.7833,4248.1164,4283.3449,4230.5367,214311032.0
2018-01-18,4259.375,4271.4168,4292.6372,4246.684,172032846.0
2018-01-19,4281.9371,4285.395,4316.5714,4269.6167,209490570.0
2018-01-22,4276.4811,4336.5974,4338.4832,4275.8977,174643195.0
2018-01-23,4346.8885,4382.6129,4383.5722,4346.7925,201867585.0
2018-01-24,4389.4547,4389.8853,4397.8196,4349.0865,219818889.0
2018-01-25,4381.9768,4365.0794,4392.1963,4336.2386,195374950.0
2018-01-26,4352.2211,4381.2996,4403.3375,4351.4871,177227237.0
2018-01-29,4387.0577,4302.0181,4395.9053,4287.1124,191100354.0
2018-01-30,4286.6834,4256.1021,4308.5115,4251.5706,139034730.0
2018-01-31,4234.1101,4275.8986,4287.8576,4232.7727,145210164.0
2018-02-01,4276.3425,4245.8978,4287.3888,4214.2909,190002934.0
2018-02-02,4213.9386,4271.2326,4271.7647,4181.7793,146066827.0
2018-02-05,4204.458,4274.1464,4274.1464,4200.1409,161347799.0
2018-02-06,4182.3257,4148.8856,4211.5234,4131.5562,214910450.0
2018-02-07,4205.7365,4050.4972,4212.5677,4048.4228,203127493.0
2018-02-08,4022.8802,4012.0472,4071.6653,3974.6779,159269985.0
2018-02-09,3896.1691,3840.6527,3911.2917,3759.1463,206349828.0
2018-02-12,3846.2671,3890.1046,3907.843,3828.0697,116182637.0
2018-02-13,3925.5955,3935.6324,3986.9807,3925.5955,112565885.0
2018-02-14,3945.0943,3966.9614,3971.4041,3923.1267,71081338.0
2018-02-22,4020.9731,4052.7332,4058.7878,4009.9202,105811571.0
2018-02-23,4061.7545,4071.0889,4085.2008,4035.2319,99458746.0
2018-02-26,4093.3988,4118.4186,4128.7435,4048.9834,137881001.0
2018-02-27,4120.8712,4058.9806,4120.8712,4051.8054,125934470.0
2018-02-28,4016.7911,4023.6415,4051.7124,3991.7063,109343593.0
2018-03-01,3994.8686,4049.0863,4061.0328,3986.8947,110199852.0
2018-03-02,4014.951,4016.461,4044.4183,4006.9435,96165000.0
2018-03-05,4021.6575,4018.097,4042.8346,3995.8715,87952548.0
2018-03-06,4034.9854,4066.5647,4067.5525,3998.9317,138762444.0
2018-03-07,4063.5028,4036.6536,4089.6964,4027.9363,106952426.0
2018-03-08,4038.9527,4077.6001,4078.2263,4029.7144,91155810.0
2018-03-09,4088.0704,4108.8652,4110.6738,4076.4537,113701808.0
2018-03-12,4130.7082,4127.6662,4139.5259,4112.7658,140906739.0
2018-03-13,4124.3312,4091.2533,4130.2829,4087.5629,111766430.0
2018-03-14,4076.0626,4073.3447,4089.0942,4066.4896,99013409.0
2018-03-15,4058.7058,4096.1627,4098.989,4058.7058,88161156.0
2018-03-16,4096.8857,4056.4226,4110.0451,4055.822,84896188.0
2018-03-19,4054.6167,4074.2479,4074.518,4033.5216,81502882.0
2018-03-20,4045.7428,4077.7041,4080.1925,4040.308,80605280.0
2018-03-21,4097.0243,4061.0502,4110.1158,4046.2408,97609488.0
2018-03-22,4062.0668,4020.349,4072.3771,4003.721,89095259.0
2018-03-23,3896.7359,3904.9355,3928.5114,3834.9373,180080449.0
2018-03-26,3862.6948,3879.893,3883.901,3829.9155,115139128.0
2018-03-27,3927.492,3913.2689,3936.778,3881.8726,113700711.0
2018-03-28,3865.0454,3842.7155,3907.2811,3835.8825,101494908.0
2018-03-29,3854.5914,3894.0498,3913.9578,3794.2617,116629066.0
2018-03-30,3893.7468,3898.4977,3915.3473,3879.2128,97512270.0
2018-04-02,3897.0052,3886.9189,3937.0183,3882.8856,111242666.0
2018-04-03,3850.1546,3862.4796,3878.1504,3839.9333,95137369.0
2018-04-04,3873.6267,3854.8625,3898.6126,3852.4958,88730609.0
2018-04-09,3851.9548,3852.9292,3870.6736,3827.4133,84105462.0
2018-04-10,3860.7225,3927.1729,3927.4247,3851.7957,106173722.0
2018-04-11,3934.1698,3938.3434,3958.7071,3924.9603,111933021.0
2018-04-12,3935.673,3898.6354,3937.7837,3896.1789,82699490.0
2018-04-13,3920.7375,3871.1443,3929.952,3866.186,71544203.0
2018-04-16,3862.4738,3808.863,3869.156,3789.6121,99217770.0
2018-04-17,3812.8746,3748.6412,3822.6264,3745.4442,90610790.0
2018-04-18,3785.3059,3766.282,3789.6591,3708.1068,106676706.0
2018-04-19,3774.784,3811.843,3824.0321,3767.7974,99054060.0
2018-04-20,3801.2075,3760.8543,3815.444,3750.1033,99282925.0
2018-04-23,3754.6896,3766.3257,3787.3951,3735.1842,90356291.0
2018-04-24,3769.8787,3843.4886,3854.4292,3769.8787,114219525.0
2018-04-25,3824.5929,3828.7015,3838.6921,3817.032,78172612.0
2018-04-26,3823.3921,3755.4941,3828.7129,3744.8852,87150641.0
2018-04-27,3771.0369,3756.8765,3776.9751,3714.6444,89531726.0
2018-05-02,3769.9251,3763.6461,3787.3025,3744.5475,83301035.0
2018-05-03,3756.1657,3793.0001,3797.5269,3732.3718,93961118.0
2018-05-04,3784.3161,3774.5981,3801.5243,3770.9389,71554288.0
2018-05-07,3782.5404,3834.1877,3834.5872,3776.0296,87286195.0
2018-05-08,3834.6141,3878.6767,3892.0732,3833.729,94215157.0
2018-05-09,3876.1296,3871.6152,3878.9382,3855.7392,66712966.0
2018-05-10,3882.8357,3893.0565,3894.4902,3867.3084,70667809.0
2018-05-11,3902.1481,3872.8383,3903.3378,3871.9523,73356604.0
2018-05-14,3886.8736,3909.2933,3919.2999,3886.8736,81975999.0
2018-05-15,3920.1395,3924.0975,3924.3427,3892.9198,76049555.0
2018-05-16,3909.8183,3892.8442,3923.3433,3889.1877,71913646.0
2018-05-17,3895.4895,3864.0507,3899.5137,3858.8525,59030123.0
2018-05-18,3860.1644,3903.0637,3903.0637,3841.896,72613956.0
2018-05-21,3925.5394,3921.2421,3937.4607,3913.6046,92641737.0
2018-05-22,3918.8153,3906.2081,3918.8153,3881.169,75368778.0
2018-05-23,3898.2683,3854.5825,3898.2683,3854.5825,83722319.0
2018-05-24,3853.2916,3827.217,3859.1034,3823.9235,68345022.0
2018-05-25,3823.7448,3816.498,3841.1244,3804.1349,70836386.0
2018-05-28,3816.2649,3833.2599,3846.5525,3799.3207,71521132.0
2018-05-29,3824.1909,3804.0093,3841.7794,3800.6749,81552662.0
2018-05-30,3755.1764,3723.3724,3767.8872,3722.0719,87913285.0
2018-05-31,3749.2954,3802.3759,3804.7919,3742.5287,92666894.0
2018-06-01,3789.6716,3770.5891,3802.5366,3753.8395,77821813.0
2018-06-04,3785.1869,3807.5781,3813.4065,3776.6185,76624341.0
2018-06-05,3811.2852,3845.3164,3845.5648,3800.9256,78687360.0
2018-06-06,3839.683,3837.3511,3848.3295,3830.8956,73117237.0
2018-06-07,3846.9367,3831.0128,3859.8476,3827.6874,80256147.0
2018-06-08,3819.4477,3779.6159,3819.4607,3759.2717,83337335.0
2018-06-11,3770.208,3779.9818,3792.548,3756.5148,68709834.0
2018-06-12,3783.1858,3825.9534,3830.471,3765.2644,73206244.0
2018-06-13,3814.6174,3788.3391,3817.4528,3782.0728,66377970.0
2018-06-14,3774.6396,3773.3655,3808.1616,3759.2484,68471322.0
2018-06-15,3763.0405,3753.4338,3780.3368,3737.4282,85488893.0
2018-06-19,3702.6681,3621.1166,3712.8162,3583.0208,160706542.0
2018-06-20,3602.5512,3635.4436,3649.3359,3578.1743,86718098.0
2018-06-21,3633.5558,3592.965,3673.5625,3589.4899,93908552.0
2018-06-22,3567.8939,3608.9046,3609.0751,3542.4564,75117864.0
2018-06-25,3625.7984,3560.4777,3631.0253,3559.0343,79877078.0
2018-06-26,3521.5876,3531.1112,3541.782,3478.2134,84985269.0
2018-06-27,3525.1323,3459.2621,3537.6569,3441.785,81491817.0
2018-06-28,3434.9441,3423.5255,3477.0565,3416.9476,75918051.0
2018-06-29,3431.9619,3510.9845,3512.3834,3425.2159,77257031.0
2018-07-02,3504.4571,3407.9638,3506.8996,3383.5006,84351449.0
2018-07-03,3410.4767,3409.2801,3422.0398,3319.2889,95278693.0
2018-07-04,3398.7788,3363.7473,3418.3311,3359.0861,75157997.0
2018-07-05,3365.5547,3342.4379,3398.4852,3330.7113,81587981.0
2018-07-06,3347.0624,3365.1227,3396.2458,3295.7296,86097579.0
2018-07-09,3378.9056,3459.1837,3459.3153,3378.9056,76601545.0
2018-07-10,3464.9064,3467.5155,3474.1396,3437.2706,69548823.0
2018-07-11,3398.9265,3407.5297,3427.5705,3375.1441,72040950.0
2018-07-12,3403.3302,3481.0559,3499.097,3403.3302,96353564.0
2018-07-13,3488.4966,3492.6897,3499.7643,3474.9123,72955897.0
2018-07-16,3488.967,3472.0859,3506.2355,3459.7312,68281999.0
2018-07-17,3466.4236,3449.3773,3467.1852,3420.9714,61983076.0
2018-07-18,3456.6065,3431.3227,3479.2635,3430.1563,66530330.0
2018-07-19,3444.8032,3428.343,3466.5056,3417.9627,68477716.0
2018-07-20,3426.4558,3492.8938,3505.928,3398.9532,101984727.0
2018-07-23,3471.8555,3525.7503,3527.5335,3464.6475,119036627.0
2018-07-24,3530.6641,3581.7057,3596.5128,3530.6641,156912435.0
2018-07-25,3589.5055,3577.7522,3589.9841,3566.314,96758501.0
2018-07-26,3583.3173,3536.2456,3593.9227,3528.6442,90349641.0
2018-07-27,3533.7714,3521.2269,3545.4058,3512.7034,70178104.0
2018-07-30,3520.8538,3515.0794,3550.902,3489.5494,82116995.0
2018-07-31,3510.4744,3517.6568,3528.154,3493.1545,67980817.0
2018-08-01,3530.0298,3447.3882,3543.606,3446.7765,90348617.0
2018-08-02,3434.3516,3370.9579,3434.3516,3322.096,101308727.0
2018-08-03,3366.6637,3315.2839,3381.3417,3315.2008,70796910.0
2018-08-06,3312.8153,3273.2728,3344.246,3257.6856,77975083.0
2018-08-07,3284.9785,3368.8695,3368.962,3263.4986,91783916.0
2018-08-08,3362.1485,3314.5075,3368.1602,3311.7694,79284865.0
2018-08-09,3303.4765,3397.5298,3408.3911,3299.6157,91957572.0
2018-08-10,3398.4139,3405.0191,3424.0411,3380.5731,68967299.0
2018-08-13,3369.9812,3390.3441,3396.1883,3336.6956,76191532.0
2018-08-14,3386.4832,3372.9137,3391.729,3356.6142,60651446.0
2018-08-15,3371.959,3291.976,3372.1369,3288.7088,68174055.0
2018-08-16,3251.8556,3276.7276,3315.2031,3231.5561,76547366.0
2018-08-17,3305.8954,3229.6198,3311.5729,3224.0999,67395413.0
2018-08-20,3238.215,3267.2498,3267.2498,3209.0115,70904228.0
2018-08-21,3271.8402,3326.6489,3331.7077,3270.0302,75205583.0
2018-08-22,3328.9693,3307.9545,3328.9693,3299.3938,50787057.0
2018-08-23,3308.4589,3320.0257,3336.1123,3285.8141,61112334.0
2018-08-24,3308.4778,3325.3347,3353.0445,3291.8654,63765897.0
2018-08-27,3339.3894,3406.5735,3406.5735,3339.2646,94270082.0
2018-08-28,3408.1502,3400.1705,3416.5929,3388.8143,75445363.0
2018-08-29,3393.0527,3386.5736,3398.7139,3377.1231,67020404.0
2018-08-30,3385.8052,3351.0942,3402.5626,3349.4688,68385290.0
2018-08-31,3333.3801,3334.5036,3356.5757,3310.8726,76205630.0
2018-09-03,3320.6898,3321.8248,3325.607,3291.7842,66429855.0
2018-09-04,3324.186,3363.8984,3370.963,3307.9585,67088807.0
2018-09-05,3349.6983,3298.1412,3354.1991,3298.1412,64301888.0
2018-09-06,3286.6645,3262.8808,3311.4973,3253.7552,62300288.0
2018-09-07,3273.8906,3277.6438,3316.6149,3253.725,63947408.0
2018-09-10,3271.3818,3230.0681,3277.884,3227.8481,63817051.0
2018-09-11,3229.7052,3224.2116,3245.617,3209.1121,58491305.0
2018-09-12,3216.9911,3202.0248,3225.6014,3194.9785,54627899.0
2018-09-13,3239.6852,3236.5662,3249.593,3191.3975,67290327.0
2018-09-14,3242.8307,3242.0902,3254.1043,3227.9439,60130640.0
2018-09-17,3224.9267,3204.9224,3230.7878,3200.5096,52259547.0
2018-09-18,3193.6423,3269.4319,3270.107,3193.6423,70425035.0
2018-09-19,3261.997,3312.4823,3335.9913,3258.3097,89170666.0
2018-09-20,3314.8758,3310.1258,3332.3093,3303.073,64561057.0
2018-09-21,3320.6958,3410.4856,3410.4856,3307.767,108416005.0
2018-09-25,3375.9717,3379.8043,3394.3771,3367.0253,69054693.0
2018-09-26,3388.5576,3417.2413,3448.2595,3383.2352,93173343.0
2018-09-27,3415.9532,3403.5902,3423.71,3394.732,69765241.0
2018-09-28,3409.9598,3438.8649,3444.9884,3404.6973,84377756.0
2018-10-08,3361.5594,3290.8988,3364.4641,3285.253,97888989.0
2018-10-09,3290.1705,3288.6906,3309.7978,3276.1322,66723274.0
2018-10-10,3295.4288,3281.5978,3315.731,3256.5815,64492828.0
2018-10-11,3179.5408,3124.1139,3209.5202,3099.0402,120941342.0
2018-10-12,3123.3715,3170.7262,3184.122,3094.9657,98611151.0
2018-10-15,3173.8467,3126.4516,3183.1297,3120.2306,69605023.0
2018-10-16,3128.5764,3100.9738,3166.0918,3089.3668,68887721.0
2018-10-17,3140.6838,3118.2463,3149.1344,3062.554,76837138.0
2018-10-18,3097.7903,3044.3918,3097.7903,3043.3817,73771968.0
2018-10-19,3017.7488,3134.9455,3137.7475,3009.4983,98839688.0
2018-10-22,3159.5614,3270.2732,3297.3803,3159.5614,145862045.0
2018-10-23,3273.1271,3183.4257,3276.0205,3163.5704,121013241.0
2018-10-24,3169.4571,3188.2018,3245.3971,3164.293,110909744.0
2018-10-25,3107.8402,3194.3084,3197.3212,3099.8887,106951817.0
2018-10-26,3204.2845,3173.635,3218.1021,3151.9244,101299354.0
2018-10-29,3157.4879,3076.8889,3158.8114,3062.5803,91839789.0
2018-10-30,3061.93,3110.2605,3146.6276,3050.7709,116070101.0
2018-10-31,3116.6582,3153.8234,3168.9187,3106.0279,111207455.0
2018-11-01,3185.202,3177.0338,3217.8034,3173.0992,132653379.0
2018-11-02,3258.6093,3290.2455,3290.2455,3222.4354,153466104.0
2018-11-05,3269.4695,3262.8351,3279.8781,3230.3632,109706683.0
2018-11-06,3254.9778,3243.1504,3254.9778,3213.895,83869138.0
2018-11-07,3243.8775,3221.9101,3270.5003,3218.4219,91615528.0
2018-11-08,3251.7281,3212.7737,3253.5735,3207.7084,76414540.0
2018-11-09,3193.3039,3167.4442,3193.3039,3166.3106,84282762.0
2018-11-12,3160.2465,3205.1407,3206.5127,3152.4399,88062391.0
2018-11-13,3164.9222,3237.3823,3254.7684,3161.0979,126493464.0
2018-11-14,3233.6409,3204.9427,3239.2448,3200.2285,113808659.0
2018-11-15,3201.2814,3242.3715,3242.3836,3198.7814,98558810.0
2018-11-16,3242.879,3257.6735,3282.39,3223.7215,126876835.0
2018-11-19,3258.7919,3294.6031,3294.6031,3251.0665,115956595.0
2018-11-20,3268.0768,3218.4076,3278.7845,3213.6833,109361154.0
2018-11-21,3187.1025,3226.4918,3230.2578,3185.2393,84119726.0
2018-11-22,3232.9731,3214.4273,3235.4524,3199.6981,65098291.0
2018-11-23,3208.593,3143.4752,3212.1952,3139.3857,84638255.0
2018-11-26,3148.6721,3141.2434,3169.4418,3131.636,59379140.0
2018-11-27,3152.7743,3137.2413,3162.0121,3126.289,55407832.0
2018-11-28,3137.7477,3178.9326,3179.4108,3126.6179,74881955.0
2018-11-29,3198.8259,3137.6542,3204.8565,3137.6542,80498466.0
2018-11-30,3136.1962,3172.69,3175.154,3132.423,70921044.0
2018-12-03,3260.6862,3260.9502,3273.6397,3228.3611,121487157.0
2018-12-04,3256.2282,3267.7095,3267.94,3243.6951,79415039.0
2018-12-05,3224.2556,3252.0041,3266.9039,3219.9785,76153052.0
2018-12-06,3218.113,3181.673,3223.5219,3179.8948,76328771.0
2018-12-07,3187.4919,3181.5646,3193.8191,3176.7061,53361924.0
2018-12-10,3153.5228,3144.7631,3170.1523,3134.3845,63437273.0
2018-12-11,3148.2256,3159.8158,3161.9557,3143.6072,53223877.0
2018-12-12,3181.566,3170.6092,3182.2107,3160.2784,53309914.0
2018-12-13,3178.891,3219.6924,3234.0817,3169.4234,90442755.0
2018-12-14,3207.3481,3165.9109,3210.7221,3165.9109,84301250.0
2018-12-17,3158.2844,3161.1966,3167.5125,3134.3653,66497007.0
2018-12-18,3139.9493,3128.4265,3165.0018,3114.4684,63820319.0
2018-12-19,3133.7416,3091.1255,3137.0099,3086.7579,55522299.0
2018-12-20,3083.5441,3067.4169,3097.7202,3044.2929,69749463.0
2018-12-21,3055.3258,3029.3951,3057.4007,3007.6096,76758101.0
2018-12-24,3015.4974,3038.1981,3040.3524,3007.3292,57299615.0
2018-12-25,3006.8787,3017.2815,3030.1418,2964.875,78689425.0
2018-12-26,3012.869,3002.0327,3029.0608,2996.4829,55647032.0
2018-12-27,3042.9491,2990.5057,3047.2348,2990.5057,80541785.0
2018-12-28,2994.795,3010.6536,3024.3525,2984.8177,71053779.0
2019-01-02,3017.0674,2969.5353,3018.7759,2958.4883,68663021.0
2019-01-03,2963.0186,2964.8421,3000.4413,2953.2548,70867103.0
2019-01-04,2940.1916,3035.8741,3036.8147,2935.8295,103318972.0
2019-01-07,3055.1535,3054.303,3061.749,3035.9123,101164359.0
2019-01-08,3049.8747,3047.7035,3055.51,3038.5339,86170585.0
2019-01-09,3065.2307,3078.4759,3117.9614,3062.8474,107364350.0
2019-01-10,3077.4817,3072.6864,3092.5411,3062.5721,85271756.0
2019-01-11,3082.2615,3094.7782,3102.8333,3071.0264,71786424.0
2019-01-14,3092.4984,3067.7845,3097.4064,3064.3827,66121702.0
2019-01-15,3071.5185,3127.9904,3129.3708,3064.6705,88772962.0
2019-01-16,3126.1347,3128.6517,3135.0117,3117.2926,80214341.0
2019-01-17,3132.6285,3111.4168,3141.7099,3110.0608,80174871.0
2019-01-18,3124.5025,3168.1739,3171.6864,3120.3458,103963834.0
2019-01-21,3170.8773,3185.6364,3199.2134,3170.8773,93915022.0
2019-01-22,3181.9494,3143.3171,3181.9494,3135.3378,72990528.0
2019-01-23,3136.096,3141.0532,3157.6269,3131.8673,59870478.0
2019-01-24,3146.6046,3158.7817,3165.6296,3125.3008,72934636.0
2019-01-25,3165.1814,3184.4696,3203.1747,3164.4082,83967729.0
2019-01-28,3203.1189,3183.7777,3228.8678,3174.7243,82622431.0
2019-01-29,3177.261,3193.9698,3200.9898,3148.2345,77658334.0
2019-01-30,3181.6551,3168.4829,3202.896,3167.8934,63746517.0
2019-01-31,3182.6987,3201.6331,3216.0673,3178.0105,86247839.0
2019-02-01,3225.7335,3247.3971,3247.4956,3207.7168,82019641.0
2019-02-11,3239.8079,3306.4725,3307.0638,3239.8079,98818434.0
2019-02-12,3306.3523,3330.3353,3335.3606,3298.6337,122232462.0
2019-02-13,3337.7794,3397.0276,3405.5773,3329.1436,163828332.0
2019-02-14,3392.8547,3402.1403,3415.3994,3381.9821,151127290.0
2019-02-15,3391.242,3338.7047,3395.0294,3335.8705,143668603.0
2019-02-18,3366.423,3445.7448,3445.7448,3366.423,182886089.0
2019-02-19,3454.7216,3439.6078,3480.7938,3419.0731,179083785.0
2019-02-20,3449.9321,3451.9273,3463.7735,3421.505,147390311.0
2019-02-21,3450.1411,3442.7056,3500.2519,3431.631,180143287.0
2019-02-22,3439.3781,3520.1182,3520.1182,3417.9784,187237974.0
2019-02-25,3575.8528,3729.4831,3729.4831,3574.6885,342557122.0
2019-02-26,3734.7059,3684.6935,3762.1128,3679.2705,358038698.0
2019-02-27,3682.8116,3678.3921,3737.6317,3638.3334,286236007.0
2019-02-28,3675.2642,3669.3703,3695.4646,3650.0537,184810220.0
2019-03-01,3699.2157,3749.7143,3749.7143,3668.7653,204711004.0
2019-03-04,3783.0367,3794.104,3886.5797,3764.7764,323490126.0
2019-03-05,3785.3762,3816.0132,3816.1621,3770.7858,230853166.0
2019-03-06,3822.8588,3848.0903,3855.1556,3787.5225,318077371.0
2019-03-07,3841.1456,3808.8497,3845.182,3778.8004,329846548.0
2019-03-08,3721.4016,3657.579,3774.5431,3656.1917,317990077.0
2019-03-11,3663.9772,3729.9546,3731.9091,3650.8125,230912865.0
2019-03-12,3758.3151,3755.3519,3804.72,3723.6785,274926382.0
2019-03-13,3758.713,3724.1941,3763.0926,3708.8145,233682248.0
2019-03-14,3710.2934,3698.4858,3747.819,3673.8509,190817237.0
2019-03-15,3713.936,3745.005,3782.2364,3713.936,175174544.0
2019-03-18,3753.6436,3851.7479,3851.7479,3733.6781,216928060.0
2019-03-19,3856.5885,3833.9626,3868.335,3815.2187,181727110.0
2019-03-20,3825.3356,3835.4397,3855.1465,3790.5119,175632090.0
2019-03-21,3840.2783,3836.8913,3864.0696,3823.4661,196310310.0
2019-03-22,3838.1255,3833.8013,3845.5808,3786.5917,171356993.0
2019-03-25,3776.4426,3742.8252,3807.1793,3741.6062,198586329.0
2019-03-26,3766.5287,3700.4388,3770.843,3687.5472,173046579.0
2019-03-27,3724.4058,3743.3878,3750.2642,3703.4508,138758454.0
2019-03-28,3731.0612,3728.3953,3755.716,3710.0814,133272129.0
2019-03-29,3739.7739,3872.3412,3876.379,3739.7739,215639103.0
2019-04-01,3901.1698,3973.928,3982.9091,3901.1698,271382704.0
2019-04-02,3986.3443,3971.2852,3988.0975,3956.5059,226000341.0
2019-04-03,3947.8697,4022.1566,4026.4972,3939.7837,231917368.0
2019-04-04,4039.7415,4062.2309,4072.1138,4021.7055,260410939.0
2019-04-08,4097.1027,4057.2286,4122.6034,4017.4887,267505576.0
2019-04-09,4063.8139,4075.4301,4084.243,4038.2825,182956808.0
2019-04-10,4062.4425,4085.847,4115.378,4035.4741,194687613.0
2019-04-11,4083.4618,3997.5778,4097.1249,3990.239,169049641.0
2019-04-12,3986.7822,3988.6168,4006.9335,3961.464,135862118.0
2019-04-15,4056.4919,3975.5244,4085.3882,3974.2264,182645571.0
2019-04-16,3958.0963,4085.7891,4085.7891,3943.4879,202041966.0
2019-04-17,4080.7172,4087.2398,4106.6158,4057.5032,180367117.0
2019-04-18,4085.1148,4072.0753,4094.0533,4056.2356,146562123.0
2019-04-19,4076.2953,4120.6078,4120.6356,4046.2042,150794910.0
2019-04-22,4125.9717,4025.6109,4126.0907,4015.4748,189353745.0
2019-04-23,4021.6277,4019.0053,4061.0858,4005.2832,155611650.0
2019-04-24,4033.6292,4030.0887,4044.3375,3967.8058,145498695.0
2019-04-25,4013.6027,3941.816,4022.5631,3938.3251,159722071.0
2019-04-26,3921.8909,3889.2748,3943.8331,3887.2525,142008068.0
2019-04-29,3896.5824,3900.3339,3953.2288,3875.452,153870927.0
2019-04-30,3887.1799,3913.211,3923.1082,3885.147,116233376.0
2019-05-06,3775.0765,3684.6168,3791.6119,3647.1405,197472882.0
2019-05-07,3702.2656,3720.6684,3738.1767,3671.8341,132847654.0
2019-05-08,3648.5489,3667.4574,3722.9325,3642.4981,112867355.0
2019-05-09,3637.346,3599.7001,3656.8966,3584.8227,101037394.0
2019-05-10,3643.0557,3730.4513,3732.9238,3589.2906,148003847.0
2019-05-13,3675.7597,3668.7255,3702.9012,3658.0004,103391860.0
2019-05-14,3630.4388,3645.1503,3683.2619,3630.4388,102313460.0
2019-05-15,3674.9931,3727.0923,3741.0406,3674.9931,110161769.0
2019-05-16,3720.039,3743.9635,3745.1405,3707.9032,116258274.0
2019-05-17,3744.8751,3648.7609,3745.3555,3637.5826,128453245.0
2019-05-20,3635.7357,3617.7924,3644.5,3583.8324,108963477.0
2019-05-21,3619.4369,3666.7762,3690.0884,3610.6817,111022920.0
2019-05-22,3663.1533,3649.3796,3679.2727,3634.7479,98346128.0
2019-05-23,3629.5284,3583.9646,3631.4743,3578.1129,99897781.0
2019-05-24,3584.9016,3593.9139,3623.3904,3580.7853,80934048.0
2019-05-27,3592.6027,3637.1971,3648.0267,3556.2567,108830871.0
2019-05-28,3633.0182,3672.2605,3683.2306,3627.7878,117886240.0
2019-05-29,3642.5415,3663.909,3693.2273,3637.3481,93355441.0
2019-05-30,3648.8495,3641.1833,3650.9718,3612.6248,94202561.0
2019-05-31,3640.9963,3629.7893,3668.1796,3627.5448,89222267.0
2019-06-03,3640.6126,3632.0127,3672.8136,3613.1274,100723180.0
2019-06-04,3632.5602,3598.4666,3636.128,3584.4612,87097094.0
2019-06-05,3627.7947,3597.105,3634.4536,3593.9515,88642020.0
2019-06-06,3601.0356,3564.6778,3601.0356,3557.0167,85534403.0
2019-06-10,3578.0084,3610.7435,3623.7301,3568.2787,92375061.0
2019-06-11,3617.5239,3719.2759,3723.1419,3617.5239,143482806.0
2019-06-12,3706.8635,3691.0957,3711.8793,3683.9394,119178853.0
2019-06-13,3689.5834,3685.3933,3697.5917,3654.2742,96331718.0
2019-06-14,3690.4763,3654.8799,3709.6521,3650.9096,101817004.0
2019-06-17,3654.4433,3654.8248,3683.7743,3645.4982,72976678.0
2019-06-18,3661.1299,3667.6185,3675.6452,3638.78,70692266.0
2019-06-19,3761.3381,3715.9381,3771.347,3715.1331,125595715.0
2019-06-20,3718.9416,3828.5183,3845.7912,3717.1857,168872073.0
2019-06-21,3832.7321,3833.9383,3856.0856,3817.3068,153635155.0
2019-06-24,3836.3051,3841.2659,3853.5452,3819.7692,100084621.0
2019-06-25,3837.4259,3801.3098,3838.0578,3755.0099,124075912.0
2019-06-26,3779.5125,3794.331,3809.758,3771.7164,81820283.0
2019-06-27,3807.5376,3834.8172,3854.0801,3805.8328,105316358.0
2019-06-28,3832.0599,3825.5873,3835.2326,3803.0546,84766139.0
2019-07-01,3899.3313,3935.8116,3936.668,3886.909,158370340.0
2019-07-02,3931.0486,3937.1691,3942.4257,3918.9378,131863496.0
2019-07-03,3927.4365,3893.5341,3927.4365,3878.8405,111992603.0
2019-07-04,3895.1978,3873.1019,3906.8894,3854.693,99342256.0
2019-07-05,3875.3736,3893.2025,3900.3095,3857.928,74006527.0
2019-07-08,3875.7547,3802.7897,3875.7547,3775.0259,109539086.0
2019-07-09,3798.0954,3793.1297,3811.0993,3774.7641,74842732.0
2019-07-10,3807.9497,3786.739,3810.396,3774.2304,72833948.0
2019-07-11,3806.1855,3785.221,3830.7387,3774.4137,75311965.0
2019-07-12,3783.0733,3808.7311,3820.2354,3774.5224,75465967.0
2019-07-15,3792.6409,3824.1878,3844.8683,3745.8549,101205222.0
2019-07-16,3819.2474,3806.8449,3828.3256,3799.8665,80730952.0
2019-07-17,3800.1064,3804.6384,3820.2713,3787.8973,95183885.0
2019-07-18,3793.1893,3768.4019,3793.3916,3767.9958,87496445.0
2019-07-19,3787.5079,3807.9551,3828.1514,3787.5079,88086149.0
2019-07-22,3813.5022,3781.6832,3816.5387,3765.4428,92101377.0
2019-07-23,3783.5411,3789.9135,3792.9647,3768.7614,71313346.0
2019-07-24,3803.5867,3819.8325,3840.0579,3803.5738,90940684.0
2019-07-25,3821.3898,3851.0665,3851.0665,3812.9532,93740417.0
2019-07-26,3835.2281,3858.5688,3863.5878,3832.5223,83259300.0
2019-07-29,3857.9394,3854.2704,3862.7467,3842.426,84814370.0
2019-07-30,3861.5698,3870.3176,3890.7298,3861.5698,94123955.0
2019-07-31,3856.745,3835.3589,3856.745,3830.0914,82151155.0
2019-08-01,3819.3242,3803.4694,3831.2641,3791.546,84114180.0
2019-08-02,3729.1309,3747.4379,3754.5326,3720.0584,108335897.0
2019-08-05,3724.4097,3675.6884,3739.5031,3675.6884,101325981.0
2019-08-06,3609.1118,3636.3289,3649.8953,3575.8626,129833871.0
2019-08-07,3654.6323,3621.431,3659.0778,3621.431,84238716.0
2019-08-08,3651.3571,3669.2936,3675.4603,3646.9386,88457707.0
2019-08-09,3686.7493,3633.5296,3689.1774,3628.1163,85295580.0
2019-08-12,3647.8661,3699.1047,3699.1047,3643.3161,82083056.0
2019-08-13,3675.5868,3665.7515,3686.4302,3658.0126,76500302.0
2019-08-14,3712.0657,3682.4015,3717.5579,3680.6086,91202590.0
2019-08-15,3618.0092,3694.0006,3694.2985,3612.1108,88598832.0
2019-08-16,3697.9407,3710.5386,3738.0964,3687.0751,88319169.0
2019-08-19,3736.0344,3791.0946,3791.0946,3720.6894,139327013.0
2019-08-20,3786.026,3787.7324,3799.8977,3778.7306,108602088.0
2019-08-21,3778.3091,3781.7579,3792.5955,3775.4474,82299880.0
2019-08-22,3793.8552,3793.5061,3797.329,3771.2048,85807792.0
2019-08-23,3796.8821,3820.8638,3829.3607,3788.0345,87954583.0
2019-08-26,3756.3618,3765.9105,3778.8665,3753.1646,93859269.0
2019-08-27,3791.4587,3816.9459,3848.2358,3790.873,124731478.0
2019-08-28,3818.8125,3802.5844,3822.5883,3790.1384,88750812.0
2019-08-29,3805.494,3790.1867,3808.5954,3774.3968,84083387.0
2019-08-30,3816.678,3799.5863,3828.9698,3778.9189,96695150.0
2019-09-02,3803.689,3848.3198,3855.7768,3799.8166,110289349.0
2019-09-03,3852.5794,3853.6106,3856.6813,3833.7571,97714631.0
2019-09-04,3848.6483,3886.0012,3886.0012,3846.4215,126628615.0
2019-09-05,3909.2087,3925.323,3970.0038,3909.2087,181656231.0
2019-09-06,3946.6854,3948.5075,3948.5397,3922.3361,121882376.0
2019-09-09,3980.9577,3972.9484,3985.239,3954.8755,146809754.0
2019-09-10,3976.8697,3959.265,3976.9225,3938.7441,130889386.0
2019-09-11,3969.6757,3930.0999,3971.2237,3922.9531,131594875.0
2019-09-12,3944.6917,3972.3799,3975.9311,3933.4366,110241273.0
2019-09-16,3981.3616,3957.7154,3982.204,3943.3734,110259805.0
2019-09-17,3947.1577,3891.2208,3947.1577,3879.4852,113694317.0
2019-09-18,3902.9947,3910.0837,3923.1462,3902.5109,82056152.0
2019-09-19,3923.9631,3924.3823,3924.3823,3897.0666,85984238.0
2019-09-20,3933.4594,3935.6511,3942.224,3921.4124,103455955.0
2019-09-23,3925.1858,3890.6616,3925.1858,3868.214,94036225.0
2019-09-24,3895.8661,3901.0758,3927.0115,3886.1404,87783230.0
2019-09-25,3887.5548,3870.9837,3889.839,3867.2277,89520835.0
2019-09-26,3884.7022,3841.1388,3890.7452,3840.2472,102698301.0
2019-09-27,3843.4584,3852.6534,3859.5003,3832.2466,74003947.0
2019-09-30,3842.0741,3814.5282,3857.2319,3813.5491,65931313.0
2019-10-08,3818.5894,3837.6791,3861.6429,3818.5894,76657860.0
2019-10-09,3822.6068,3843.2392,3845.3403,3805.0671,75854512.0
2019-10-10,3838.4865,3874.6391,3877.142,3829.4328,79222694.0
2019-10-11,3885.5198,3911.7253,3922.3694,3868.8417,93412577.0
2019-10-14,3944.8593,3953.2411,3983.8117,3934.7325,122393611.0
2019-10-15,3953.1645,3936.2498,3953.1645,3928.151,85273949.0
2019-10-16,3939.276,3922.6854,3964.0456,3919.0169,83229707.0
2019-10-17,3929.386,3925.2216,3935.8123,3913.9173,64863745.0
2019-10-18,3935.4199,3869.3777,3940.5409,3864.9652,82321140.0
2019-10-21,3865.3436,3880.8398,3884.7447,3856.0374,74182918.0
2019-10-22,3896.3149,3895.8809,3897.4352,3870.5486,68918566.0
2019-10-23,3892.6766,3871.0848,3901.4243,3862.1965,70198625.0
2019-10-24,3877.9239,3870.6678,3890.1955,3852.5828,71334575.0
2019-10-25,3871.7687,3896.7923,3899.7223,3849.0337,77453620.0
2019-10-28,3904.9824,3926.585,3927.7959,3897.8175,97406020.0
2019-10-29,3929.7077,3910.226,3932.3745,3910.226,82257075.0
2019-10-30,3904.7172,3891.2255,3908.0999,3883.4468,77872923.0
2019-10-31,3906.8593,3886.7519,3907.1505,3878.8757,86714539.0
2019-11-01,3883.8084,3952.3872,3956.0797,3876.4164,100689612.0
2019-11-04,3964.0052,3978.1216,3985.3573,3964.0052,104193855.0
2019-11-05,3982.1155,4002.8128,4030.6381,3970.8664,112911880.0
2019-11-06,4006.327,3984.8816,4007.5012,3973.7762,97312952.0
2019-11-07,3984.5529,3991.8749,4005.3829,3975.5475,87254898.0
2019-11-08,4017.6742,3973.0107,4022.0362,3971.5726,97106948.0
2019-11-11,3948.6186,3902.9783,3948.6186,3897.5504,94155621.0
2019-11-12,3905.9584,3903.6888,3914.8821,3877.7397,76543069.0
2019-11-13,3905.2831,3899.9815,3908.4196,3882.4314,76749078.0
2019-11-14,3905.9284,3905.857,3916.9459,3895.1415,87008446.0
2019-11-15,3908.4891,3877.0892,3915.1049,3877.0892,83730917.0
2019-11-18,3874.4405,3907.9291,3913.1029,3868.3166,76645993.0
2019-11-19,3904.0996,3947.0392,3947.0392,3902.3776,82161025.0
2019-11-20,3940.1344,3907.8641,3943.2273,3901.9865,76815333.0
2019-11-21,3894.539,3889.598,3901.8262,3875.9682,69130538.0
2019-11-22,3894.1742,3849.9948,3918.8385,3833.5033,91042639.0
2019-11-25,3850.966,3878.2061,3878.2507,3839.4201,106066289.0
2019-11-26,3893.4349,3891.6533,3899.1097,3869.5948,111513537.0
2019-11-27,3883.429,3875.6186,3889.9783,3862.7011,76437305.0
2019-11-28,3877.9012,3862.3029,3887.6903,3852.0105,65230119.0
2019-11-29,3857.1883,3828.6706,3861.6584,3804.8291,74144331.0
2019-12-02,3835.5128,3836.0589,3854.7509,3829.3126,77412173.0
2019-12-03,3829.212,3851.0873,3851.1205,3811.6281,73611240.0
2019-12-04,3841.6627,3849.819,3852.9922,3831.0747,79683385.0
2019-12-05,3863.6086,3879.3638,3883.4031,3859.8223,89051193.0
2019-12-06,3885.0582,3902.3853,3902.3853,3878.7002,78648887.0
2019-12-09,3909.5297,3895.4468,3911.9682,3885.2507,95353806.0
2019-12-10,3886.444,3900.3843,3900.959,3882.0877,86262928.0
2019-12-11,3907.1592,3902.7492,3909.3854,3890.341,99765480.0
2019-12-12,3908.4537,3891.0242,3908.4537,3886.1188,84708330.0
2019-12-13,3928.0044,3968.2211,3969.4568,3925.2757,148571349.0
2019-12-16,3970.7092,3987.5464,3987.5866,3953.5126,148486670.0
2019-12-17,3987.7426,4041.7996,4067.1355,3984.5193,201162937.0
2019-12-18,4039.724,4032.7826,4057.64,4025.3433,151351764.0
2019-12-19,4034.6159,4027.1495,4038.5435,4014.8951,117900558.0
2019-12-20,4032.1519,4017.2527,4046.7261,4014.9296,121267662.0
2019-12-23,4014.6929,3967.0962,4032.1721,3964.3798,122816246.0
2019-12-24,3971.56,3992.9581,3994.5092,3963.6653,95989045.0
2019-12-25,3988.6574,3990.8671,4000.5556,3976.3559,94938890.0
2019-12-26,3993.6686,4025.9879,4025.9879,3993.5413,108860640.0
2019-12-27,4029.2454,4022.0278,4066.7964,4019.7223,150926411.0
2019-12-30,4015.5195,4081.6334,4083.6901,4001.4951,155971488.0
2019-12-31,4077.7519,4096.5821,4098.1444,4069.0086,123264258.0
2020-01-02,4121.3487,4152.2408,4172.6555,4121.3487,182116772.0
2020-01-03,4161.2185,4144.9649,4164.2989,4131.864,142826244.0
2020-01-06,4120.5211,4129.2954,4170.6384,4102.3796,175309953.0
2020-01-07,4137.4019,4160.2274,4161.2504,4135.0972,139489031.0
2020-01-08,4139.6315,4112.3172,4149.813,4101.9801,167585850.0
2020-01-09,4145.5345,4164.3697,4165.6574,4143.592,136886324.0
2020-01-10,4177.5777,4163.1849,4180.9771,4148.4817,113031719.0
2020-01-13,4166.9254,4203.9883,4203.9883,4148.6007,119691982.0
2020-01-14,4215.1578,4189.8862,4223.5078,4188.0809,129320783.0
2020-01-15,4186.881,4166.7344,4193.8686,4150.8799,104633136.0
2020-01-16,4174.8172,4149.0434,4175.2938,4142.1795,100267642.0
2020-01-17,4162.1939,4154.853,4177.0282,4141.6448,98725682.0
2020-01-20,4170.7365,4185.8304,4185.9629,4149.4879,122409147.0
2020-01-21,4165.0203,4114.3085,4165.0203,4113.3251,130527507.0
2020-01-22,4093.8009,4131.9311,4141.1772,4046.4866,126758763.0
2020-01-23,4093.3229,4003.9013,4103.5244,3972.3933,160357603.0
2020-02-03,3639.9089,3688.3578,3732.1572,3639.9089,157559647.0
2020-02-04,3652.0035,3785.6376,3786.8629,3652.0035,213933328.0
2020-02-05,3801.099,3828.5272,3866.0108,3781.613,174925524.0
2020-02-06,3841.7537,3899.7751,3914.915,3806.9601,176462235.0
2020-02-07,3879.5531,3899.8693,3899.8837,3849.7127,151731759.0
2020-02-10,3872.3738,3916.0052,3920.1667,3861.0066,148406969.0
2020-02-11,3926.4204,3952.4643,3970.5221,3915.7077,143441674.0
2020-02-12,3945.6663,3984.4325,3984.4325,3940.6667,126710321.0
2020-02-13,3985.8757,3959.9188,3999.5495,3950.1422,145001843.0
2020-02-14,3954.234,3987.7342,4001.5627,3954.0233,143239803.0
2020-02-17,3999.6511,4077.4241,4077.4464,3999.6511,182778969.0
2020-02-18,4069.8315,4057.5108,4076.388,4027.7859,163236220.0
2020-02-19,4049.5862,4051.3107,4085.1704,4042.8451,169046441.0
2020-02-20,4062.8968,4144.6561,4148.5287,4055.8105,212232624.0
2020-02-21,4134.8747,4149.4903,4184.4379,4130.1677,217213604.0
2020-02-24,4131.8364,4132.8388,4149.0102,4097.1753,212869303.0
2020-02-25,4066.302,4123.8543,4126.7075,4020.9075,244167831.0
2020-02-26,4070.0994,4073.0152,4132.7817,4061.125,261094061.0
2020-02-27,4084.0782,4084.8759,4110.5275,4067.4408,181290981.0
2020-02-28,3988.7274,3940.0488,4031.1453,3928.0663,230275093.0
2020-03-02,3968.8435,4069.6662,4092.5394,3968.8435,219313559.0
2020-03-03,4125.1356,4091.3615,4147.6525,4067.9094,219369777.0
2020-03-04,4078.4998,4115.0524,4115.2618,4060.729,182424730.0
2020-03-05,4150.21,4206.7251,4215.8513,4127.0386,231823115.0
2020-03-06,4158.2021,4138.5072,4181.3102,4135.3901,172475717.0
2020-03-09,4063.076,3997.1325,4063.076,3995.1313,208102035.0
2020-03-10,3975.2288,4082.7315,4093.0024,3954.7506,197416402.0
2020-03-11,4090.9348,4028.4289,4091.2704,4028.3964,161656111.0
2020-03-12,3976.1139,3950.9111,3987.4336,3926.2704,157060458.0
2020-03-13,3771.0139,3895.3128,3937.1806,3765.1479,188296722.0
2020-03-16,3899.8598,3727.8398,3899.8598,3720.5127,185968260.0
2020-03-17,3739.7833,3709.6822,3786.8908,3618.307,166246129.0
2020-03-18,3729.6853,3636.2565,3775.8506,3636.2565,155037547.0
2020-03-19,3623.789,3589.0926,3647.9874,3503.1866,180807407.0
2020-03-20,3629.5126,3653.2239,3663.9517,3588.7766,139603000.0
2020-03-23,3542.6837,3530.3058,3585.8014,3523.7877,137108790.0
2020-03-24,3598.6548,3625.1146,3627.7592,3545.4524,143103021.0
2020-03-25,3711.4753,3722.5181,3732.6536,3685.9942,153495958.0
2020-03-26,3692.6083,3698.0472,3736.2536,3681.2668,112310665.0
2020-03-27,3746.3914,3710.0605,3758.7827,3709.9213,124060995.0
2020-03-30,3657.4624,3674.1108,3690.6388,3637.5853,126876673.0
2020-03-31,3708.1404,3686.1551,3716.0707,3676.2024,111453025.0
2020-04-01,3682.2966,3675.0758,3731.7799,3670.9653,119352620.0
2020-04-02,3656.3225,3734.5306,3734.5306,3652.3167,115168209.0
2020-04-03,3721.4815,3713.2183,3738.8323,3698.9822,99825083.0
2020-04-07,3779.9076,3798.0214,3803.6286,3772.2054,142778030.0
2020-04-08,3776.4171,3780.3445,3793.0023,3767.2924,111389513.0
2020-04-09,3798.4879,3792.8105,3801.7245,3785.3116,100485032.0
2020-04-10,3794.8429,3769.1782,3824.7441,3758.9599,102444956.0
2020-04-13,3751.7093,3753.2566,3769.8764,3740.1936,79053343.0
2020-04-14,3777.8343,3825.6991,3825.7599,3764.9838,110637585.0
2020-04-15,3820.8506,3797.3623,3829.8009,3793.4402,108461984.0
2020-04-16,3777.7986,3802.3806,3807.3569,3774.5585,95947965.0
2020-04-17,3831.9232,3839.4871,3863.4521,3821.4201,132004301.0
2020-04-20,3845.4598,3853.4551,3853.7984,3831.553,100013115.0
2020-04-21,3838.2314,3808.0474,3838.2314,3779.9967,102921888.0
2020-04-22,3789.1297,3839.3834,3839.3834,3782.2149,85899464.0
2020-04-23,3851.9132,3829.7525,3857.4709,3826.5565,95508450.0
2020-04-24,3826.3116,3796.9721,3827.212,3787.0714,94844135.0
2020-04-27,3808.0171,3822.769,3842.8706,3793.7655,95462735.0
2020-04-28,3835.348,3849.1465,3859.6754,3768.2,122093476.0
2020-04-29,3837.5135,3867.032,3880.7444,3833.7164,95854590.0
2020-04-30,3880.4094,3912.5772,3921.7004,3880.4094,132917125.0
2020-05-06,3867.2587,3936.2539,3937.6909,3865.9875,139855675.0
2020-05-07,3937.5918,3924.8946,3941.4833,3915.9048,105514646.0
2020-05-08,3942.9972,3963.6217,3979.6627,3935.9805,116943341.0
2020-05-11,3974.7605,3960.1803,3998.0972,3944.5037,122673803.0
2020-05-12,3961.3427,3960.2378,3970.1115,3930.2108,98250554.0
2020-05-13,3946.6428,3968.2529,3972.5254,3932.5711,88190669.0
2020-05-14,3952.1986,3925.2177,3952.1986,3924.0452,88530004.0
2020-05-15,3941.125,3912.8159,3945.1956,3907.4021,92618382.0
2020-05-18,3914.6602,3922.9117,3946.4312,3898.4041,112801762.0
2020-05-19,3963.7754,3956.2495,3966.8518,3944.0715,94015291.0
2020-05-20,3955.7145,3935.222,3955.7145,3923.9213,100791150.0
2020-05-21,3950.5981,3913.7949,3951.743,3907.5788,94861033.0
2020-05-22,3907.5761,3824.064,3907.5761,3818.1488,103378360.0
2020-05-25,3828.3206,3829.3245,3835.6333,3800.1796,79033326.0
2020-05-26,3850.0009,3872.7701,3874.7484,3844.4776,77448076.0
2020-05-27,3873.6984,3845.6135,3873.6984,3838.4247,83711831.0
2020-05-28,3848.4892,3856.6324,3885.4211,3818.4318,93064054.0
2020-05-29,3838.3769,3867.0232,3872.3031,3830.4185,93813832.0
2020-06-01,3901.7263,3971.3402,3976.3151,3901.7263,136456652.0
2020-06-02,3969.9521,3983.5677,3991.7761,3958.9774,144303060.0
2020-06-03,4001.1708,3983.6477,4018.6759,3982.9299,136597483.0
2020-06-04,3998.1636,3982.1851,3999.8051,3968.5723,104277737.0
2020-06-05,3988.2239,4001.2509,4001.2509,3967.926,102443942.0
2020-06-08,4023.606,4021.9549,4050.2213,4016.1015,137925813.0
2020-06-09,4027.5613,4047.0293,4052.1557,4016.3387,115304479.0
2020-06-10,4046.2317,4039.7051,4046.2317,4024.4185,112265728.0
2020-06-11,4031.7396,3995.8846,4043.0123,3979.7522,127308941.0
2020-06-12,3931.6236,4003.0829,4011.0591,3927.2491,134166649.0
2020-06-15,3982.9672,3954.9883,4007.1396,3954.9883,131297860.0
2020-06-16,3995.5786,4014.5702,4014.5702,3987.8637,111051539.0
2020-06-17,4018.6094,4017.5941,4018.6094,3992.1339,105605799.0
2020-06-18,4009.7831,4044.3842,4047.5566,4000.9008,138148761.0
2020-06-19,4047.0483,4098.7095,4109.3602,4043.4925,152946990.0
2020-06-22,4097.5071,4102.0459,4126.9421,4088.7822,155829465.0
2020-06-23,4098.0373,4121.7944,4124.725,4080.7533,129229510.0
2020-06-24,4128.1003,4138.9895,4144.6782,4123.3582,121712465.0
2020-06-29,4127.9348,4109.7164,4137.3696,4092.5352,130865854.0
2020-06-30,4130.0028,4163.9637,4174.4236,4129.7754,125933521.0
2020-07-01,4172.6425,4247.7835,4247.7835,4163.4954,169990456.0
2020-07-02,4239.408,4335.8445,4340.1039,4238.1164,252939368.0
2020-07-03,4353.1937,4419.5955,4419.5955,4348.4535,290485539.0
2020-07-06,4465.8081,4670.0949,4678.1121,4465.8081,405821025.0
2020-07-07,4739.6104,4698.1264,4796.3155,4688.0574,406008553.0
2020-07-08,4692.8621,4774.0042,4803.3643,4670.6501,348074847.0
2020-07-09,4770.0769,4840.7712,4854.1201,4757.2943,351046893.0
2020-07-10,4796.0873,4753.1333,4821.3745,4734.4725,316949651.0
2020-07-13,4742.3738,4852.9612,4878.0773,4741.8743,321645446.0
2020-07-14,4836.1655,4806.6902,4860.4404,4729.9258,297241985.0
2020-07-15,4821.5155,4744.4687,4837.4757,4723.3608,272389006.0
2020-07-16,4741.5295,4516.2532,4772.5638,4513.6537,284657133.0
2020-07-17,4524.7717,4544.7007,4601.3733,4485.8214,207375563.0
2020-07-20,4597.2038,4680.3046,4681.9431,4534.2305,246068914.0
2020-07-21,4697.5026,4691.0425,4714.2925,4661.444,200415659.0
2020-07-22,4682.6575,4714.4454,4790.4491,4675.3488,224199211.0
2020-07-23,4668.7401,4712.4357,4731.4004,4607.6585,234314569.0
2020-07-24,4679.0273,4505.5906,4691.698,4479.3928,243905203.0
2020-07-27,4535.0053,4528.45,4558.1189,4482.4408,171420551.0
2020-07-28,4567.6691,4568.2576,4590.2496,4537.6849,162768498.0
2020-07-29,4559.1634,4679.008,4680.558,4548.8535,186695305.0
2020-07-30,4689.7632,4656.1506,4704.6305,4649.7677,166967566.0
2020-07-31,4652.1824,4695.0462,4741.8084,4621.9635,184839026.0
2020-08-03,4735.8985,4771.3108,4771.3694,4720.025,214776239.0
2020-08-04,4778.4866,4775.8024,4807.0782,4747.7748,239974985.0
2020-08-05,4761.7637,4777.1089,4786.7031,4711.2723,196700548.0
2020-08-06,4779.2377,4762.7642,4791.8565,4691.1569,227854406.0
2020-08-07,4742.2939,4707.9262,4749.0217,4637.8427,213518216.0
2020-08-10,4681.7553,4724.8697,4757.6634,4646.2885,203788832.0
2020-08-11,4730.3748,4681.7837,4791.5337,4674.8642,205546511.0
2020-08-12,4668.8899,4647.6446,4681.6206,4566.2736,202887239.0
2020-08-13,4666.4901,4635.7126,4671.7689,4626.1033,152550092.0
2020-08-14,4627.61,4704.6288,4708.0709,4617.632,147292921.0
2020-08-17,4727.1204,4815.2261,4838.0864,4721.3589,268001556.0
2020-08-18,4816.5703,4812.7564,4825.3861,4788.8293,189139854.0
2020-08-19,4804.6655,4740.6784,4809.0499,4738.0086,192442948.0
2020-08-20,4708.1253,4679.1544,4721.4357,4662.8032,158368639.0
2020-08-21,4717.7874,4718.8431,4739.4836,4684.8101,142657864.0
2020-08-24,4746.4035,4755.8491,4769.4673,4716.6054,151143512.0
2020-08-25,4769.2107,4761.9507,4802.4122,4746.313,141701351.0
2020-08-26,4761.7186,4706.1302,4786.4249,4689.881,151305180.0
2020-08-27,4718.062,4731.3451,4731.9351,4679.3623,119042850.0
2020-08-28,4727.292,4844.2652,4850.4884,4719.3526,159399765.0
2020-08-31,4870.9337,4816.2153,4901.2115,4816.2123,202567029.0
2020-09-01,4803.3922,4842.1223,4842.135,4791.7829,138395402.0
2020-09-02,4859.0754,4843.887,4863.5509,4797.5204,157989524.0
2020-09-03,4841.502,4817.0952,4877.0117,4800.0577,145671201.0
2020-09-04,4737.2368,4770.219,4778.203,4726.5559,120032796.0
2020-09-07,4759.5213,4669.3677,4789.3031,4655.56,148607791.0
2020-09-08,4683.8256,4694.3894,4707.8966,4639.0531,139199227.0
2020-09-09,4634.247,4584.5887,4645.1972,4558.0304,162277107.0
2020-09-10,4632.0994,4581.9775,4647.7505,4572.2058,150652878.0
2020-09-11,4572.2572,4627.2826,4630.8842,4563.1061,115302424.0
2020-09-14,4652.0539,4651.0507,4666.9862,4625.9877,107235179.0
2020-09-15,4649.4472,4688.4826,4691.4997,4630.5374,101915925.0
2020-09-16,4683.006,4657.3584,4690.6815,4638.4586,108753641.0
2020-09-17,4642.0542,4632.7142,4664.9491,4601.639,105983631.0
2020-09-18,4636.6422,4737.0887,4737.8039,4631.7045,160426475.0
2020-09-21,4750.7481,4691.4281,4752.9799,4688.7199,124535827.0
2020-09-22,4654.2179,4635.7608,4706.2096,4622.1111,119672947.0
2020-09-23,4639.6592,4652.3273,4665.96,4623.5528,95826528.0
2020-09-24,4623.9535,4563.0657,4631.9482,4562.2086,112593683.0
2020-09-25,4582.482,4570.0216,4599.5387,4554.7199,93015155.0
2020-09-28,4582.6471,4581.9085,4613.6324,4571.1507,85048389.0
2020-09-29,4608.2926,4591.7993,4616.6767,4586.3537,85993858.0
2020-09-30,4607.5753,4587.3953,4634.7239,4563.4108,89081200.0
2020-10-09,4663.61,4681.1412,4695.4041,4655.0851,111337512.0
2020-10-12,4705.1883,4823.1578,4823.2666,4704.1554,155784558.0
2020-10-13,4812.8989,4839.201,4845.9191,4795.373,116516338.0
2020-10-14,4830.4575,4807.1021,4830.4575,4795.9069,111906923.0
2020-10-15,4810.7821,4798.7361,4833.8925,4796.2647,109964962.0
2020-10-16,4798.9162,4791.676,4825.5518,4765.967,116716102.0
2020-10-19,4823.4944,4755.4879,4849.605,4747.3356,129246361.0
2020-10-20,4751.3694,4793.4672,4793.4672,4739.4583,98048156.0
2020-10-21,4801.6313,4792.8284,4801.6313,4758.8552,103805703.0
2020-10-22,4780.5954,4777.9845,4791.8078,4725.4993,101350891.0
2020-10-23,4775.4665,4718.4881,4802.456,4717.0984,106825184.0
2020-10-26,4684.0465,4691.2359,4713.3945,4639.3019,108343275.0
2020-10-27,4680.1371,4699.2792,4708.4623,4671.8536,92656304.0
2020-10-28,4703.0036,4737.2718,4753.3125,4685.6012,108463402.0
2020-10-29,4683.607,4772.9198,4803.0317,4679.2529,117117250.0
2020-10-30,4776.4726,4695.3338,4778.5089,4683.4719,139802303.0
2020-11-02,4702.7457,4720.8313,4738.0239,4695.4436,142867693.0
2020-11-03,4743.1742,4777.5608,4793.3963,4734.1748,136055408.0
2020-11-04,4781.448,4813.6564,4825.4638,4770.5582,114661806.0
2020-11-05,4861.3377,4885.1118,4885.1118,4837.9996,139244594.0
2020-11-06,4897.6295,4885.7178,4897.6295,4845.4293,153639034.0
2020-11-09,4918.8609,4981.3497,4997.8017,4918.8609,197131984.0
2020-11-10,4995.4126,4953.8756,4995.4126,4928.9319,176267214.0
2020-11-11,4937.7582,4904.8981,4957.5846,4901.7067,164470515.0
2020-11-12,4916.7736,4908.463,4926.3422,4891.51,118114619.0
2020-11-13,4886.9778,4856.8513,4886.9778,4825.7578,133693079.0
2020-11-16,4880.958,4904.1716,4904.1716,4848.6239,148770980.0
2020-11-17,4903.12,4894.786,4909.2902,4865.3942,151487464.0
2020-11-18,4889.6749,4891.6716,4911.0876,4870.7162,164216616.0
2020-11-19,4880.9224,4927.9891,4939.7911,4870.2005,133681378.0
2020-11-20,4928.2223,4943.2882,4947.4297,4922.5895,129400341.0
2020-11-23,4954.5987,5005.0273,5029.6515,4940.4494,205915187.0
2020-11-24,4997.0485,4974.2855,5001.0614,4960.9817,156637911.0
2020-11-25,4992.7466,4910.7,5004.7732,4910.7,170340527.0
2020-11-26,4908.3208,4919.5912,4925.2857,4867.8153,137202338.0
2020-11-27,4930.5928,4980.765,4980.765,4917.3479,162952922.0
2020-11-30,4994.1063,4960.2519,5055.192,4960.2519,262638950.0
2020-12-01,4963.1302,5067.0983,5072.5494,4963.1302,204065638.0
2020-12-02,5072.9755,5067.1447,5090.6084,5043.3091,195435476.0
2020-12-03,5065.4531,5057.0603,5072.3046,5033.7887,177865748.0
2020-12-04,5049.5231,5065.9163,5072.3865,5017.8506,144347167.0
2020-12-07,5065.7285,5022.2351,5067.8698,5014.609,139896217.0
2020-12-08,5029.1063,5009.8786,5043.0605,4998.9218,123073029.0
2020-12-09,5022.3846,4942.6986,5033.6417,4942.5195,138916965.0
2020-12-10,4931.2933,4940.5249,4962.7433,4919.7696,125914270.0
2020-12-11,4957.8236,4889.6292,4957.8236,4849.3547,159357697.0
2020-12-14,4903.627,4934.8352,4937.2601,4887.6599,120801552.0
2020-12-15,4931.6019,4945.1,4954.1885,4904.7926,118342633.0
2020-12-16,4957.2971,4953.867,4968.8558,4938.1932,106778968.0
2020-12-17,4960.729,5017.4784,5021.6171,4950.3713,133385479.0
2020-12-18,5014.3211,4999.9678,5027.4446,4979.0051,128049618.0
2020-12-21,4995.7622,5046.8396,5048.5074,4969.999,140811782.0
2020-12-22,5034.9831,4964.7727,5055.1348,4960.9457,162344970.0
2020-12-23,4977.2994,5007.1235,5028.4506,4968.1509,140292819.0
2020-12-24,5006.0051,5000.0154,5033.038,4979.2371,114418667.0
2020-12-25,4985.7695,5042.0137,5042.0978,4973.6812,121006979.0
2020-12-28,5042.9432,5064.4147,5089.3447,5037.8582,136914407.0
2020-12-29,5071.449,5042.9361,5077.4167,5034.3078,141198662.0
2020-12-30,5037.9848,5113.7105,5113.7105,5036.6288,148626448.0
2020-12-31,5122.4799,5211.2885,5215.6178,5122.4799,171602509.0
2021-01-04,5212.9313,5267.7181,5284.4343,5190.9372,211711382.0
2021-01-05,5245.8355,5368.5049,5368.5049,5234.3775,224931159.0
2021-01-06,5386.5144,5417.6677,5433.4694,5341.4304,193773444.0
2021-01-07,5428.3944,5513.6568,5513.6568,5413.3526,219872080.0
2021-01-08,5526.2876,5495.4306,5547.4733,5442.6939,204324956.0
2021-01-11,5504.2358,5441.1583,5555.6916,5412.5046,231835983.0
2021-01-12,5419.4996,5596.3525,5596.3525,5417.6272,224220186.0
2021-01-13,5609.2637,5577.9711,5644.7195,5535.1435,261569886.0
2021-01-14,5556.2125,5470.4563,5568.0179,5458.6818,243683380.0
2021-01-15,5471.391,5458.0812,5500.6348,5390.2737,238637435.0
2021-01-18,5438.1618,5518.5205,5541.4613,5410.775,207051869.0
2021-01-19,5525.969,5437.5234,5532.4793,5415.7166,211043425.0
2021-01-20,5439.9111,5476.4336,5496.0493,5426.5357,170913260.0
2021-01-21,5492.9587,5564.9693,5593.1058,5490.5626,209950197.0
2021-01-22,5562.379,5569.776,5573.6594,5513.8769,199300020.0
2021-01-25,5564.1237,5625.9232,5655.4795,5543.2663,197047019.0
2021-01-26,5600.9017,5512.9678,5600.9017,5505.9962,171904590.0
2021-01-27,5505.7708,5528.0034,5534.9928,5449.6385,160190841.0
2021-01-28,5450.3695,5377.1427,5462.2352,5360.3766,170485585.0
2021-01-29,5413.9684,5351.9646,5430.2015,5288.0955,182178784.0
2021-02-01,5356.8535,5417.6484,5422.299,5342.0458,166313706.0
2021-02-02,5429.7032,5501.0915,5503.2145,5411.5173,165210565.0
2021-02-03,5499.2961,5485.2008,5532.8864,5473.1237,188054317.0
2021-02-04,5453.9764,5473.9475,5510.0535,5411.5749,180575654.0
2021-02-05,5494.7011,5483.414,5550.7714,5477.6517,189699598.0
2021-02-08,5506.1423,5564.5618,5576.4908,5479.8529,164033775.0
2021-02-09,5584.165,5686.2502,5686.2502,5555.0537,164887260.0
2021-02-10,5709.684,5807.7191,5823.4219,5707.3295,170169786.0
2021-02-18,5922.0714,5768.3814,5930.9122,5747.6631,218848686.0
2021-02-19,5734.0193,5778.842,5787.8871,5667.3209,214475780.0
2021-02-22,5785.5097,5597.3327,5785.5097,5597.3327,282124382.0
2021-02-23,5542.6841,5579.6681,5644.7551,5541.1092,233807727.0
2021-02-24,5591.4795,5437.5683,5598.8284,5379.7278,225428610.0
2021-02-25,5494.4706,5469.5584,5527.6296,5444.1646,230736028.0
2021-02-26,5343.9041,5336.7609,5416.3197,5318.8579,212264543.0
2021-03-01,5389.2499,5418.7837,5421.555,5345.9449,177463523.0
2021-03-02,5453.2847,5349.6301,5454.9687,5305.0545,196511115.0
2021-03-03,5327.3467,5452.2125,5452.396,5316.4809,194709054.0
2021-03-04,5388.4785,5280.7058,5392.3725,5254.7771,212775211.0
2021-03-05,5191.9699,5262.7958,5307.8203,5174.2458,202627956.0
2021-03-08,5299.7907,5080.0246,5326.2602,5079.7984,230231635.0
2021-03-09,5066.1546,4970.9994,5094.311,4917.909,230711004.0
2021-03-10,5047.0589,5003.6121,5055.2785,4981.6161,169928490.0
2021-03-11,5024.5586,5128.2156,5138.4146,5020.5784,189600766.0
2021-03-12,5153.674,5146.3786,5153.674,5086.8234,201020589.0
2021-03-15,5116.1228,5035.5441,5120.8757,4992.3989,204153084.0
2021-03-16,5054.4089,5079.3624,5084.3085,5009.951,161390054.0
2021-03-17,5062.7706,5100.8581,5123.5452,5020.1255,149162376.0
2021-03-18,5114.5872,5141.7681,5160.4566,5111.1294,142901518.0
2021-03-19,5068.5319,5007.0907,5089.9175,4980.7609,164174849.0
2021-03-22,5008.3953,5057.152,5071.3378,4996.541,167402632.0
2021-03-23,5057.0632,5009.2459,5064.02,4966.534,158013967.0
2021-03-24,4985.4013,4928.6853,5024.3274,4919.8932,159385982.0
2021-03-25,4904.0683,4926.3469,4950.7608,4883.6615,132945189.0
2021-03-26,4953.9453,5037.9899,5050.8292,4953.9453,145926697.0
2021-03-29,5052.2634,5046.8773,5086.6543,5010.3902,143388215.0
2021-03-30,5043.0952,5094.7291,5106.0365,5032.795,138618560.0
2021-03-31,5085.9497,5048.3607,5085.9497,5015.607,141335743.0
2021-04-01,5059.9359,5110.7768,5115.4286,5056.8718,120324890.0
2021-04-02,5129.8545,5161.5569,5169.8312,5116.3472,127002254.0
2021-04-06,5178.6401,5140.3418,5181.149,5125.3301,109834210.0
2021-04-07,5141.6556,5103.7428,5141.6556,5065.1932,145763748.0
2021-04-08,5078.2627,5112.2086,5129.1318,5062.0725,141771047.0
2021-04-09,5100.0422,5035.3374,5100.0422,5022.0926,128416509.0
2021-04-12,5026.9791,4947.7459,5045.6018,4933.0126,152644314.0
2021-04-13,4949.8074,4939.6438,4994.5404,4924.1979,132919358.0
2021-04-14,4945.6857,4980.6279,4987.1191,4940.2686,120860838.0
2021-04-15,4969.9099,4948.9741,4969.9099,4900.3033,108829384.0
2021-04-16,4966.8999,4966.1811,4979.1731,4917.9596,111239924.0
2021-04-19,4966.409,5087.0165,5088.2106,4940.7473,154769824.0
2021-04-20,5065.7757,5083.3654,5119.8586,5058.9247,136541700.0
2021-04-21,5055.2398,5098.7449,5110.5623,5047.9916,124637277.0
2021-04-22,5114.2799,5089.2435,5119.2246,5067.1382,121167645.0
2021-04-23,5088.8263,5135.4534,5149.9825,5086.4914,122056991.0
2021-04-26,5156.5941,5077.2372,5181.1066,5072.9585,151381967.0
2021-04-27,5076.6415,5090.5195,5095.9842,5042.6099,123961837.0
2021-04-28,5073.9728,5119.2421,5119.4455,5059.2628,120620318.0
2021-04-29,5128.2795,5164.1692,5170.5852,5113.6484,140092480.0
2021-04-30,5156.3557,5123.489,5163.2517,5094.9285,160121621.0
2021-05-06,5098.8006,5061.1244,5132.8986,5037.4083,158822630.0
2021-05-07,5073.4554,4996.0527,5093.7471,4996.037,172258321.0
2021-05-10,5001.4371,4992.422,5019.3927,4953.6965,170820585.0
2021-05-11,4956.0794,5023.0595,5033.4938,4925.9152,151526497.0
2021-05-12,5003.8171,5044.5481,5051.1682,4995.4048,126619086.0
2021-05-13,4992.3519,4992.9738,5022.0836,4975.4462,132279406.0
2021-05-14,5007.6286,5110.5901,5112.9838,4981.2948,159426180.0
2021-05-17,5115.3063,5184.9853,5206.6947,5115.3063,153889634.0
2021-05-18,5190.9345,5187.6013,5201.6721,5156.7924,118404261.0
2021-05-19,5173.1666,5172.272,5193.5574,5151.6392,118729983.0
2021-05-20,5167.0546,5186.412,5201.5935,5152.0358,138454775.0
2021-05-21,5199.1285,5134.1483,5216.1615,5123.1171,124768485.0
2021-05-24,5138.8149,5155.5875,5155.5875,5092.3894,126742336.0
2021-05-25,5165.0361,5318.478,5324.3609,5161.5238,182996839.0
2021-05-26,5326.1169,5320.5927,5344.2837,5308.7389,169607096.0
2021-05-27,5311.3726,5338.2329,5378.4764,5286.05,148462855.0
2021-05-28,5338.7278,5321.0886,5360.2774,5288.6515,164605806.0
2021-05-31,5318.0825,5331.5696,5331.6294,5281.6851,144603269.0
2021-06-01,5320.4745,5341.6798,5343.7529,5269.259,143831474.0
2021-06-02,5348.344,5289.9736,5352.6404,5266.7852,137754319.0
2021-06-03,5285.7098,5255.2855,5314.3691,5255.0719,141968878.0
2021-06-04,5228.2761,5282.2772,5334.4899,5221.2291,144732087.0
2021-06-07,5284.8907,5277.6271,5286.8424,5242.9481,127704971.0
2021-06-08,5276.9711,5232.1165,5319.0406,5201.1404,130559532.0
2021-06-09,5224.9496,5236.4493,5253.3555,5215.3506,121820321.0
2021-06-10,5236.4691,5271.4661,5299.5299,5229.5182,138991967.0
2021-06-11,5275.7456,5224.703,5276.1039,5213.5991,180807173.0
2021-06-15,5218.5648,5166.5597,5225.5021,5137.409,142880058.0
2021-06-16,5163.2493,5080.4909,5164.5192,5076.0222,125147985.0
2021-06-17,5074.3839,5101.8924,5123.3651,5073.8211,120452518.0
2021-06-18,5104.9297,5102.4657,5128.0309,5064.9208,148585805.0
2021-06-21,5088.0893,5090.3854,5123.7827,5058.5699,132184516.0
2021-06-22,5106.0743,5122.1583,5125.8186,5086.2776,130416753.0
2021-06-23,5127.191,5147.3938,5171.033,5109.7571,136356058.0
2021-06-24,5156.5638,5155.9738,5160.4346,5120.5844,126685625.0
2021-06-25,5159.8017,5239.9684,5251.6076,5157.4758,154931061.0
2021-06-28,5253.6081,5251.7604,5260.6372,5226.2201,133193783.0
2021-06-29,5248.5249,5190.5445,5248.5249,5182.6771,125162997.0
2021-06-30,5189.3797,5224.041,5231.4262,5186.625,103752671.0
2021-07-01,5241.2039,5229.6642,5252.2642,5190.8762,127240620.0
2021-07-02,5186.6613,5081.1172,5186.6613,5074.3621,130426424.0
2021-07-05,5073.7787,5085.7924,5098.2305,5048.004,131211589.0
2021-07-06,5089.778,5083.1043,5092.2066,5028.5058,140655220.0
2021-07-07,5052.4204,5140.4899,5152.7711,5045.4056,148549060.0
2021-07-08,5149.3095,5088.2566,5151.2171,5078.9295,173901008.0
2021-07-09,5063.148,5069.4361,5081.4086,5006.4115,160653226.0
2021-07-12,5108.3783,5132.7088,5159.4115,5070.3188,206212039.0
2021-07-13,5128.6138,5142.0991,5154.0508,5114.943,166482209.0
2021-07-14,5130.7522,5083.0849,5130.7522,5075.1252,188352720.0
2021-07-15,5073.2634,5151.4626,5153.8056,5067.6767,181077103.0
2021-07-16,5140.904,5094.7727,5140.904,5090.6321,169955982.0
2021-07-19,5083.7276,5113.4945,5120.8235,5047.6234,153199589.0
2021-07-20,5080.2158,5108.9941,5114.0033,5067.8619,129300044.0
2021-07-21,5122.7843,5144.0428,5160.5447,5122.3046,167976469.0
2021-07-22,5150.3859,5151.7517,5171.2096,5137.8795,185556864.0
2021-07-23,5145.4308,5089.2282,5145.4308,5079.9973,216536847.0
2021-07-26,5067.3072,4925.299,5067.3072,4859.6031,228111710.0
2021-07-27,4924.2816,4751.313,4940.86,4749.0327,236631225.0
2021-07-28,4714.2948,4760.4826,4785.6567,4663.9009,192634393.0
2021-07-29,4845.7603,4850.2746,4857.9709,4800.0125,173322054.0
2021-07-30,4825.7002,4811.1695,4825.7002,4761.0376,182349776.0
2021-08-02,4794.8192,4933.736,4938.8154,4761.4593,227194918.0
2021-08-03,4909.2325,4934.4583,4957.0291,4890.8495,203533360.0
2021-08-04,4927.7358,4978.8479,4979.2911,4919.6569,175466461.0
2021-08-05,4946.1668,4948.6703,4997.1397,4921.9382,167381829.0
2021-08-06,4943.0427,4921.5647,4944.3486,4891.7968,154179688.0
2021-08-09,4890.2573,4985.5627,5002.8944,4884.0392,182436871.0
2021-08-10,4977.8164,5043.148,5043.7608,4941.2399,167051902.0
2021-08-11,5037.0819,5015.3406,5059.7887,5009.9782,182266074.0
2021-08-12,4998.0733,4973.3509,5016.2628,4962.985,168223733.0
2021-08-13,4958.7577,4945.9829,4993.7432,4921.2812,158314321.0
2021-08-16,4935.9229,4941.0676,4973.3761,4931.3691,161953373.0
2021-08-17,4935.0044,4837.4034,4967.5648,4823.3923,187573472.0
2021-08-18,4838.4706,4894.2384,4909.5409,4818.9013,197474378.0
2021-08-19,4886.564,4862.1394,4893.467,4839.5681,201711719.0
2021-08-20,4817.4937,4769.2678,4835.153,4720.8257,177635810.0
2021-08-23,4777.7347,4835.8782,4843.8193,4764.0089,167579093.0
2021-08-24,4844.5925,4888.3902,4906.2036,4842.7476,197883163.0
2021-08-25,4890.5211,4898.1572,4899.7651,4865.7646,189448016.0
2021-08-26,4892.2044,4801.6094,4892.2044,4798.6954,197617387.0
2021-08-27,4794.974,4827.0433,4863.4692,4793.5908,183310211.0
2021-08-30,4847.0348,4813.2703,4849.1598,4787.1999,219635757.0
2021-08-31,4803.0854,4805.6099,4821.7564,4740.7524,235118658.0
2021-09-01,4804.6863,4869.4587,4906.4024,4763.2992,326721080.0
2021-09-02,4865.8218,4869.4113,4892.7049,4845.6246,267858013.0
2021-09-03,4875.0656,4843.0624,4886.5477,4828.6991,268091896.0
2021-09-06,4841.0623,4933.7262,4944.4497,4837.7859,240507245.0
2021-09-07,4932.9759,4992.8294,5005.9606,4915.6119,244178519.0
2021-09-08,4986.7953,4972.1324,5013.9764,4955.8876,264615315.0
2021-09-09,4952.4924,4970.0133,4970.147,4929.9501,256530217.0
2021-09-10,4967.9759,5013.5219,5042.7994,4962.3707,288304352.0
2021-09-13,5006.7748,4991.6598,5029.7237,4964.9599,249915298.0
2021-09-14,4989.8348,4917.1617,5000.9772,4907.3159,245590402.0
2021-09-15,4903.8471,4867.3187,4903.8471,4843.1158,187984730.0
2021-09-16,4866.7936,4807.6978,4879.5306,4806.1442,216752099.0
2021-09-17,4797.1129,4855.9402,4857.958,4786.0876,201958127.0
2021-09-22,4770.7323,4821.7675,4830.8496,4765.2301,191220376.0
2021-09-23,4848.2223,4853.1957,4877.3359,4837.5571,228151064.0
2021-09-24,4845.638,4849.4277,4897.0596,4838.5352,207693290.0
2021-09-27,4870.8482,4877.3698,4922.5626,4852.1997,215967030.0
2021-09-28,4869.0845,4883.828,4901.3114,4846.6306,176890880.0
2021-09-29,4846.0212,4833.9281,4868.0678,4799.877,188171366.0
2021-09-30,4843.9531,4866.3826,4876.0728,4843.9531,146113896.0
2021-10-08,4915.7305,4929.9409,4937.0918,4891.6249,168968077.0
2021-10-11,4941.2918,4936.1918,4983.7294,4930.7132,163511624.0
2021-10-12,4920.6596,4883.8369,4925.4883,4840.77,168079337.0
2021-10-13,4880.144,4940.1089,4953.3749,4869.8307,131142813.0
2021-10-14,4934.2575,4913.6123,4953.9231,4903.2498,119557013.0
2021-10-15,4896.5578,4932.1084,4939.8153,4881.0136,142822001.0
2021-10-18,4922.5137,4874.7753,4922.5137,4844.9383,141245199.0
2021-10-19,4869.3907,4922.7232,4928.1433,4868.8106,135266493.0
2021-10-20,4926.7727,4910.1846,4944.0216,4898.3651,141533183.0
2021-10-21,4914.7378,4928.0156,4946.1764,4893.8525,148898154.0
2021-10-22,4934.8698,4959.7254,4989.887,4934.8698,143926228.0
2021-10-25,4940.8962,4979.5235,4981.6499,4930.112,141861490.0
2021-10-26,4983.2383,4963.0984,5002.5746,4953.4787,140888943.0
2021-10-27,4949.2269,4898.1644,4949.2269,4884.9418,147111593.0
2021-10-28,4882.5858,4864.138,4898.6576,4846.2779,156649472.0
2021-10-29,4861.2667,4908.7701,4908.7701,4855.7593,159887353.0
2021-11-01,4878.1276,4890.6851,4908.2056,4858.2485,171583974.0
2021-11-02,4886.1849,4839.8457,4911.2266,4797.899,185437688.0
2021-11-03,4835.8093,4821.1119,4858.7133,4804.3657,142763820.0
2021-11-04,4841.0912,4868.7419,4873.9394,4834.7433,132592970.0
2021-11-05,4858.8999,4842.3458,4889.6835,4841.7442,147789359.0
2021-11-08,4841.1527,4848.1795,4866.0822,4827.6892,137398264.0
2021-11-09,4858.2525,4846.7444,4870.7905,4818.5386,118375526.0
2021-11-10,4832.8006,4821.1925,4832.8006,4753.9959,135118179.0
2021-11-11,4814.7655,4898.6529,4898.6529,4809.1109,160484863.0
2021-11-12,4902.9289,4888.3749,4909.0839,4875.3492,132662969.0
2021-11-15,4894.4119,4882.3777,4906.3301,4863.396,121823149.0
2021-11-16,4880.8964,4883.3206,4915.3717,4876.5004,127254406.0
2021-11-17,4883.2481,4885.7544,4891.5232,4864.5198,108459223.0
2021-11-18,4871.4216,4837.6185,4871.4216,4830.4123,114480565.0
2021-11-19,4832.0595,4890.0575,4892.8093,4829.5665,127198312.0
2021-11-22,4895.3875,4912.399,4918.9957,4893.2732,138092836.0
2021-11-23,4905.7587,4913.3457,4927.5211,4896.8781,154304411.0
2021-11-24,4914.0266,4916.6579,4935.4885,4899.6112,137150673.0
2021-11-25,4917.6055,4896.4416,4921.3333,4891.728,115984031.0
2021-11-26,4886.9516,4860.1265,4886.9516,4850.8114,120368974.0
2021-11-29,4820.0053,4851.423,4858.5322,4818.7058,133626862.0
2021-11-30,4857.183,4832.026,4871.2528,4810.2192,129630596.0
2021-12-01,4831.8885,4843.851,4844.5242,4823.9254,123086789.0
2021-12-02,4839.9137,4856.163,4866.8505,4830.3228,148088521.0
2021-12-03,4856.9802,4901.0175,4901.0175,4853.3505,144059626.0
2021-12-06,4909.4292,4892.6209,4943.9032,4888.6927,173615683.0
2021-12-07,4930.8261,4922.1015,4934.0973,4895.2178,179053460.0
2021-12-08,4934.4056,4995.9298,4995.9298,4915.7898,157490559.0
2021-12-09,5000.6871,5078.6901,5114.5012,4999.4097,220568776.0
2021-12-10,5046.2677,5055.1172,5060.0554,5035.8087,193695154.0
2021-12-13,5090.0207,5083.8007,5143.841,5079.7276,211801596.0
2021-12-14,5066.3497,5049.6953,5075.2138,5038.8583,159107790.0
2021-12-15,5036.284,5005.8991,5060.368,5003.7776,150529752.0
2021-12-16,5006.6105,5034.7321,5034.7321,4987.2247,144053867.0
2021-12-17,5021.3385,4954.7599,5022.1067,4954.7592,149005399.0
2021-12-20,4934.9662,4880.4178,4971.6727,4872.6846,169675690.0
2021-12-21,4876.5141,4913.4853,4917.7994,4872.9491,143339898.0
2021-12-22,4924.5771,4914.4544,4936.6731,4903.1652,133256740.0
2021-12-23,4924.2912,4948.7389,4948.7389,4906.7473,139555406.0
2021-12-24,4953.0616,4921.3449,4964.9064,4905.9785,142673323.0
2021-12-27,4918.1462,4919.3238,4939.689,4894.1598,124100952.0
2021-12-28,4923.6917,4955.9644,4959.1448,4913.5983,130457757.0
2021-12-29,4958.6455,4883.4804,4958.6455,4883.4804,113587002.0
2021-12-30,4882.1561,4921.5109,4940.178,4878.6478,121617178.0
2021-12-31,4937.463,4940.3733,4950.3639,4923.1392,121313737.0
2022-01-04,4957.9835,4917.7653,4961.4527,4874.5337,151534776.0
2022-01-05,4907.9347,4868.1202,4916.2822,4851.9835,178816100.0
2022-01-06,4842.156,4818.2318,4857.5596,4786.433,157665826.0
2022-01-07,4824.3181,4822.3689,4856.6522,4818.1931,187139413.0
2022-01-10,4812.23,4844.0451,4844.3928,4780.8191,156211696.0
2022-01-11,4840.0087,4797.7735,4850.879,4791.8854,146928004.0
2022-01-12,4818.8902,4845.5787,4852.7314,4810.919,143200204.0
2022-01-13,4853.0314,4765.9191,4853.0632,4765.2416,142519653.0
2022-01-14,4743.9124,4726.7317,4764.0522,4723.9428,146863126.0
2022-01-17,4728.7595,4767.2762,4775.2385,4726.7083,115295691.0
2022-01-18,4766.7811,4813.3472,4826.3003,4747.92,150870802.0
2022-01-19,4815.8106,4780.3784,4828.7522,4755.9301,133927360.0
2022-01-20,4778.2616,4823.5091,4845.0048,4777.5683,164971315.0
2022-01-21,4808.7733,4779.3142,4818.3052,4762.5641,138952585.0
2022-01-24,4753.9413,4786.7377,4801.0976,4746.4479,114463880.0
2022-01-25,4761.95,4678.4511,4781.3908,4678.2472,133667586.0
2022-01-26,4697.0991,4712.3109,4718.9946,4648.1283,107070842.0
2022-01-27,4708.0989,4619.8765,4708.4364,4616.0273,121263804.0
2022-01-28,4641.8137,4563.772,4660.519,4559.8331,126480112.0
2022-02-07,4638.5754,4634.0899,4672.6535,4615.0052,144849720.0
2022-02-08,4626.4365,4608.7729,4626.4365,4522.4709,155830708.0
2022-02-09,4608.1491,4652.0609,4659.4611,4595.2826,148335547.0
2022-02-10,4657.2107,4639.8625,4657.2107,4608.0905,151576666.0
2022-02-11,4617.8741,4601.3953,4662.5963,4595.8751,155974584.0
2022-02-14,4579.4202,4551.6878,4593.6324,4530.0566,143673894.0
2022-02-15,4553.8112,4600.1025,4601.453,4550.543,115025600.0
2022-02-16,4619.8458,4617.9893,4643.1003,4607.2178,107258955.0
2022-02-17,4616.8955,4629.1649,4650.1591,4606.9522,110014643.0
2022-02-18,4604.5669,4651.2358,4651.3415,4598.1003,104550228.0
2022-02-21,4646.0522,4634.3141,4646.6724,4613.2971,112516512.0
2022-02-22,4601.9184,4574.1527,4602.066,4550.804,123317237.0
2022-02-23,4582.0064,4623.0465,4625.2979,4579.2945,122952916.0
2022-02-24,4592.069,4529.3189,4610.8792,4488.4763,184403058.0
2022-02-25,4564.6321,4573.4247,4611.8602,4561.8964,149722583.0
2022-02-28,4563.7427,4581.6459,4581.6459,4530.6764,135406978.0
2022-03-01,4597.855,4619.6862,4623.4312,4583.917,123139220.0
2022-03-02,4594.017,4578.6007,4594.017,4558.4416,113298325.0
2022-03-03,4595.0249,4551.6283,4599.3973,4544.4313,138285877.0
2022-03-04,4513.3636,4496.4301,4539.3925,4481.4927,127266806.0
2022-03-07,4462.5174,4352.7775,4462.5174,4338.3042,162197706.0
2022-03-08,4361.6424,4265.391,4383.6467,4252.5386,167863277.0
2022-03-09,4280.9789,4226.3463,4304.482,4068.193,194232900.0
2022-03-10,4326.2035,4292.8374,4335.6731,4288.5078,145266383.0
2022-03-11,4231.1961,4306.5217,4316.044,4176.4522,152399921.0
2022-03-14,4248.1526,4174.7577,4280.3609,4174.7577,130187236.0
2022-03-15,4125.4866,3983.812,4163.4176,3983.812,202524699.0
2022-03-16,4053.099,4156.081,4168.5853,3942.861,196021982.0
2022-03-17,4237.6722,4237.6956,4302.7426,4217.8038,179407344.0
2022-03-18,4218.4736,4265.9017,4283.3679,4194.9402,149458305.0
2022-03-21,4280.1397,4258.7459,4287.8166,4223.024,127036360.0
2022-03-22,4252.5658,4255.295,4283.3344,4236.6888,126382470.0
2022-03-23,4269.6088,4276.5174,4287.5771,4241.957,117089078.0
2022-03-24,4249.5328,4251.3061,4273.9568,4216.8506,108918272.0
2022-03-25,4249.0731,4174.5742,4254.8449,4173.93,108808046.0
2022-03-28,4128.8379,4148.4663,4174.1206,4091.2978,118449021.0
2022-03-29,4155.4182,4134.1441,4177.2134,4124.7179,100266972.0
2022-03-30,4162.1666,4254.0989,4254.0989,4160.7351,138346024.0
2022-03-31,4234.7159,4222.5968,4247.3602,4214.5352,134029185.0
2022-04-01,4198.8191,4276.158,4290.671,4190.0835,133803053.0
2022-04-06,4258.8325,4263.8411,4277.5238,4236.7283,159062195.0
2022-04-07,4240.0237,4209.0998,4278.1127,4205.743,134880353.0
2022-04-08,4213.2107,4230.7669,4237.8126,4175.5287,142843793.0
2022-04-11,4203.7902,4100.0703,4203.7902,4089.0934,148197071.0
2022-04-12,4102.9711,4179.9727,4179.9727,4075.796,144285684.0
2022-04-13,4154.4121,4139.737,4194.0374,4139.737,125097489.0
2022-04-14,4172.6443,4191.5684,4217.0612,4155.5509,124791316.0
2022-04-15,4162.3718,4188.7472,4211.3174,4152.974,124762263.0
2022-04-18,4152.9306,4166.3844,4171.7427,4119.9941,117504610.0
2022-04-19,4161.9328,4134.9017,4186.9389,4115.4184,110217471.0
2022-04-20,4130.5427,4070.7889,4136.1661,4060.5044,117331658.0
2022-04-21,4048.7338,3995.83,4086.4393,3978.3669,132783828.0
2022-04-22,3967.2016,4013.2498,4037.084,3953.7217,122101811.0
2022-04-25,3933.4459,3814.9127,3958.2102,3814.9127,168364502.0
2022-04-26,3822.4887,3784.1198,3871.8498,3773.8986,157577611.0
2022-04-27,3758.0835,3895.5361,3895.731,3757.0859,172734046.0
2022-04-28,3883.4196,3921.1073,3943.4349,3873.5781,153056586.0
2022-04-29,3939.6238,4016.241,4017.4281,3898.5701,179458377.0
2022-05-05,3995.3533,4010.2102,4039.7,3988.9312,154170716.0
2022-05-06,3928.8548,3908.815,3947.2378,3902.051,123005551.0
2022-05-09,3883.9514,3877.4364,3914.1116,3854.9353,92936694.0
2022-05-10,3820.6278,3919.8684,3932.6823,3808.5699,136416918.0
2022-05-11,3917.9322,3976.4231,4033.3026,3916.5249,165632256.0
2022-05-12,3949.949,3958.74,3985.9268,3935.5886,113376066.0
2022-05-13,3983.8201,3988.6002,4003.8539,3957.1392,109968357.0
2022-05-16,4014.9955,3956.5378,4018.0283,3947.7461,112425294.0
2022-05-17,3961.7605,4005.8934,4005.8934,3955.1018,109661454.0
2022-05-18,4015.0134,3991.9069,4017.341,3964.7503,108074233.0
2022-05-19,3938.2964,3999.5984,3999.5984,3933.7452,116293420.0
2022-05-20,4020.8162,4077.5998,4077.6016,4020.8162,147069173.0
2022-05-23,4080.9694,4053.9823,4080.9694,4029.0846,130477810.0
2022-05-24,4052.8675,3959.1541,4055.783,3959.1541,145554336.0
2022-05-25,3959.7672,3983.1784,3983.6236,3946.8083,107734015.0
2022-05-26,3987.6815,3993.0446,4015.7468,3938.2389,126263689.0
2022-05-27,4022.7095,4001.2988,4051.1428,3983.3838,112769337.0
2022-05-30,4020.8584,4029.0179,4040.819,4003.3768,111152241.0
2022-05-31,4031.7621,4091.5176,4096.1971,4020.3781,135415513.0
2022-06-01,4086.6177,4083.1772,4094.9008,4058.8468,114850879.0
2022-06-02,4063.9996,4089.5682,4091.152,4057.9135,113893638.0
2022-06-06,4090.5286,4166.085,4166.6151,4063.9057,167871011.0
2022-06-07,4165.6899,4179.1285,4198.0863,4155.1683,142992881.0
2022-06-08,4187.1483,4219.8122,4224.8096,4158.0329,157374057.0
2022-06-09,4211.7225,4175.6747,4227.4484,4160.8814,168449154.0
2022-06-10,4145.6505,4238.9936,4241.3541,4140.2203,184796214.0
2022-06-13,4194.4574,4189.3527,4218.2327,4156.7146,168475622.0
2022-06-14,4143.2232,4222.3114,4224.0857,4102.929,171385904.0
2022-06-15,4228.2926,4278.2178,4348.4226,4228.2926,257046590.0
2022-06-16,4282.0827,4250.0614,4302.9212,4241.075,184074416.0
2022-06-17,4219.2339,4309.0444,4318.7655,4218.6817,158649098.0
2022-06-20,4322.8324,4330.4328,4368.3555,4297.8912,165666382.0
2022-06-21,4327.9159,4325.5657,4357.3396,4287.1406,164667615.0
2022-06-22,4331.902,4270.6227,4333.1827,4269.2456,158565854.0
2022-06-23,4277.9555,4343.8781,4343.8781,4260.9002,170882360.0
2022-06-24,4354.553,4394.7723,4400.6852,4346.1221,168972199.0
2022-06-27,4414.3321,4444.2639,4472.6948,4414.3321,177385676.0
2022-06-28,4442.5811,4490.5166,4497.8949,4407.3519,174756489.0
2022-06-29,4472.7346,4421.357,4503.1307,4413.9961,187276688.0
2022-06-30,4418.0656,4485.0108,4514.9968,4418.0656,156666289.0
2022-07-01,4489.5204,4466.7179,4500.9853,4449.2914,144779599.0
2022-07-04,4447.2159,4496.0303,4496.0338,4427.8232,146345651.0
2022-07-05,4505.4572,4489.5383,4530.3245,4439.4511,154962415.0
2022-07-06,4475.4815,4423.9698,4484.3615,4393.4165,149800235.0
2022-07-07,4425.2814,4443.4736,4457.3431,4391.1938,132660906.0
2022-07-08,4468.0627,4428.781,4479.4937,4426.8856,123195739.0
2022-07-11,4406.1476,4354.6167,4406.1476,4330.5819,134448578.0
2022-07-12,4352.6456,4313.6184,4370.3411,4296.6215,130187838.0
2022-07-13,4313.3589,4321.4617,4341.4663,4284.9419,131113179.0
2022-07-14,4308.8229,4322.0742,4352.0978,4292.7595,145250926.0
2022-07-15,4299.4714,4248.5273,4344.8572,4248.5273,150214453.0
2022-07-18,4262.1539,4292.5858,4300.7777,4217.5064,122601192.0
2022-07-19,4288.4441,4269.3401,4288.4441,4238.8238,103805730.0
2022-07-20,4291.2808,4283.8027,4303.3668,4269.9717,94490144.0
2022-07-21,4270.3624,4236.0578,4283.1471,4236.0499,117156344.0
2022-07-22,4251.7867,4238.2341,4275.4696,4207.3135,103840624.0
2022-07-25,4233.9277,4212.6441,4234.8448,4201.919,83636664.0
2022-07-26,4220.0911,4245.9758,4259.9854,4214.5343,85823274.0
2022-07-27,4236.154,4225.0357,4242.0951,4217.2809,78904940.0
2022-07-28,4242.2743,4225.6733,4267.9181,4223.029,107531930.0
2022-07-29,4226.4245,4170.1019,4243.5143,4160.8735,114179286.0
2022-08-01,4160.6478,4188.6784,4196.5743,4129.4528,107749029.0
2022-08-02,4144.3765,4107.024,4144.3765,4071.431,142224425.0
2022-08-03,4114.8251,4066.9754,4150.9804,4058.1792,116666124.0
2022-08-04,4089.4419,4101.5367,4108.1591,4064.6594,89532644.0
2022-08-05,4109.6287,4156.9111,4159.485,4097.8625,102571004.0
2022-08-08,4142.1111,4148.0746,4155.7301,4135.0809,90208138.0
2022-08-09,4143.666,4156.2907,4161.8086,4131.4252,84136959.0
2022-08-10,4149.2071,4109.7373,4160.7871,4092.5455,85565839.0
2022-08-11,4130.741,4193.5428,4193.8115,4116.0558,121385051.0
2022-08-12,4185.4203,4191.152,4202.4663,4175.0501,106808295.0
2022-08-15,4180.0006,4185.6794,4219.9183,4174.3,105898495.0
2022-08-16,4190.5269,4177.837,4208.8006,4170.5197,93906139.0
2022-08-17,4182.5668,4216.9586,4222.7866,4155.1734,112864659.0
2022-08-18,4205.7851,4180.0996,4211.9141,4173.541,101052650.0
2022-08-19,4174.5458,4151.0738,4185.6579,4151.0738,117402978.0
2022-08-22,4135.1623,4181.3965,4183.6498,4134.2008,112442720.0
2022-08-23,4175.5314,4161.0823,4187.3875,4147.4127,103153512.0
2022-08-24,4168.5764,4082.4195,4174.1565,4079.0934,119069679.0
2022-08-25,4093.2949,4116.2396,4119.6196,4058.7454,111320745.0
2022-08-26,4127.8142,4107.5455,4139.7879,4102.6818,99000493.0
2022-08-29,4063.8825,4089.5205,4092.9474,4059.5963,94354432.0
2022-08-30,4088.5262,4075.7937,4093.1356,4048.5244,93301662.0
2022-08-31,4057.1443,4078.8402,4112.8485,4046.6225,132449765.0
2022-09-01,4066.1869,4043.7395,4090.8852,4041.1281,97387071.0
2022-09-02,4054.8423,4023.6131,4056.1805,4004.911,86789278.0
2022-09-05,4010.4052,4015.4264,4016.9986,3982.7395,93767109.0
2022-09-06,4024.4726,4052.2802,4054.004,4009.5826,113506265.0
2022-09-07,4032.7231,4054.983,4067.5437,4028.374,107678059.0
2022-09-08,4059.1689,4037.6839,4067.758,4036.0226,100886049.0
2022-09-09,4050.5853,4093.7874,4099.0081,4042.2498,118427114.0
2022-09-13,4112.0123,4111.1145,4128.1113,4097.1408,111789737.0
2022-09-14,4058.0441,4065.359,4089.0583,4047.9187,90793681.0
2022-09-15,4078.6495,4027.1186,4088.8078,3998.8564,123951196.0
2022-09-16,4013.5829,3932.6826,4019.4104,3932.6826,137193655.0
2022-09-19,3928.4239,3928.0001,3953.6494,3910.3106,97719575.0
2022-09-20,3945.6467,3932.8361,3957.5538,3921.6884,84824134.0
2022-09-21,3921.3177,3903.7348,3924.3914,3884.2268,86458391.0
2022-09-22,3875.1771,3869.344,3900.2736,3860.2308,80946919.0
2022-09-23,3865.1049,3856.0212,3888.3958,3829.6913,94342462.0
2022-09-26,3829.5958,3836.6773,3893.3186,3827.9498,104526031.0
2022-09-27,3844.0692,3892.295,3893.0283,3827.9265,88860160.0
2022-09-28,3879.4398,3828.7098,3879.4398,3828.0545,86592213.0
2022-09-29,3864.316,3827.1434,3873.1823,3808.6496,85654142.0
2022-09-30,3833.3504,3804.8853,3848.6018,3801.2798,78559966.0
2022-10-10,3806.5596,3720.9365,3807.4574,3715.7142,102647595.0
2022-10-11,3732.0191,3727.6867,3739.8084,3706.0629,83944625.0
2022-10-12,3722.8659,3784.3064,3784.3064,3661.5255,108089319.0
2022-10-13,3756.4176,3752.6729,3783.596,3749.6393,99018915.0
2022-10-14,3783.316,3842.4698,3863.2265,3780.8415,116242293.0
2022-10-17,3822.2428,3846.4119,3849.6207,3809.1196,104192019.0
2022-10-18,3865.8258,3838.2667,3870.2155,3831.1723,88346907.0
2022-10-19,3827.4658,3776.5335,3840.487,3776.5335,81574844.0
2022-10-20,3746.5793,3754.9269,3804.2468,3726.7925,90290895.0
2022-10-21,3753.8903,3742.8929,3768.6895,3724.69,98750038.0
2022-10-24,3727.915,3633.3733,3762.158,3619.9876,130056864.0
2022-10-25,3621.9356,3627.4542,3670.7327,3594.7011,110953882.0
2022-10-26,3633.3107,3656.9027,3700.8797,3633.3107,121301548.0
2022-10-27,3667.6645,3631.1448,3685.0837,3631.0639,117998675.0
2022-10-28,3605.1598,3541.3295,3618.864,3533.4993,118772162.0
2022-10-31,3504.507,3508.7034,3553.3871,3495.9509,138465655.0
2022-11-01,3519.8174,3634.1732,3634.1732,3517.6209,149286698.0
2022-11-02,3620.3693,3677.8051,3703.465,3610.8029,141592919.0
2022-11-03,3645.0604,3647.8966,3670.1574,3628.4987,110566035.0
2022-11-04,3646.7709,3767.1746,3782.8823,3646.7709,149734949.0
2022-11-07,3754.5227,3775.2971,3792.7942,3746.3715,129826371.0
2022-11-08,3773.6612,3749.3251,3779.1156,3723.3415,99016451.0
2022-11-09,3750.7821,3714.2704,3760.4068,3711.268,89434525.0
2022-11-10,3685.8274,3685.6885,3701.5306,3665.0585,103509302.0
2022-11-11,3787.7568,3788.4387,3828.9004,3747.0902,189685586.0
2022-11-14,3818.1447,3794.0171,3848.4116,3781.7778,169665048.0
2022-11-15,3788.926,3865.9726,3871.6424,3775.4988,151515650.0
2022-11-16,3860.811,3834.3899,3877.6781,3829.3126,120610964.0
2022-11-17,3821.2709,3818.664,3821.7419,3776.5739,105940632.0
2022-11-18,3823.8207,3801.5686,3840.3018,3801.5686,115078777.0
2022-11-21,3769.627,3769.1269,3769.8731,3733.9954,95866966.0
2022-11-22,3766.0817,3769.5727,3809.8582,3751.0448,144486334.0
2022-11-23,3760.2157,3773.5287,3791.1782,3753.2136,144527911.0
2022-11-24,3791.5399,3756.8082,3804.8987,3751.3818,101073447.0
2022-11-25,3751.2822,3775.7764,3790.566,3743.4138,142929711.0
2022-11-28,3701.902,3733.2424,3736.0813,3672.1306,127825748.0
2022-11-29,3766.5702,3848.4224,3854.7742,3766.5702,178701392.0
2022-11-30,3836.5598,3853.0365,3867.6591,3833.8272,157511400.0
2022-12-01,3921.2954,3894.7687,3944.5645,3893.8718,169964585.0
2022-12-02,3886.4034,3870.9478,3898.1146,3865.8844,116786350.0
2022-12-05,3907.6375,3946.8759,3947.476,3900.6742,201747221.0
2022-12-06,3929.0063,3968.1979,3988.9007,3922.9969,155108323.0
2022-12-07,3956.6722,3958.4409,3999.5864,3944.1831,143001356.0
2022-12-08,3953.199,3959.1798,3971.4927,3941.2966,115199986.0
2022-12-09,3961.9919,3998.2442,4003.3178,3944.4396,153774954.0
2022-12-12,3976.1722,3953.4433,3983.4332,3950.3203,125935368.0
2022-12-13,3953.5482,3945.6813,3964.3957,3939.9795,100994100.0
2022-12-14,3952.7885,3954.8857,3972.7381,3935.7668,98528006.0
2022-12-15,3954.672,3951.9885,3963.5002,3926.4997,88864725.0
2022-12-16,3931.2318,3954.227,3960.4705,3929.4873,93178567.0
2022-12-19,3952.7707,3893.2207,3966.5679,3878.4367,106919075.0
2022-12-20,3881.2257,3829.0173,3881.2729,3811.4759,83096822.0
2022-12-21,3839.0009,3830.5384,3853.7272,3821.4037,64839215.0
2022-12-22,3859.2041,3836.028,3882.1263,3821.3418,83705173.0
2022-12-23,3811.6164,3828.2188,3848.3436,3805.9487,65278148.0
2022-12-26,3830.5682,3843.4887,3856.8066,3827.5186,73005712.0
2022-12-27,3860.9054,3887.854,3891.8497,3856.58,77515350.0
2022-12-28,3874.9132,3871.2644,3884.7205,3854.9406,84424656.0
2022-12-29,3854.2363,3856.7007,3868.2933,3838.4803,79394815.0
2022-12-30,3873.9358,3871.6338,3887.5527,3868.7569,78773272.0
2023-01-03,3864.8356,3887.8992,3893.9904,3831.245,115051875.0
2023-01-04,3886.2504,3892.9477,3905.9032,3873.6549,110660743.0
2023-01-05,3913.4928,3968.5782,3974.875,3912.26,116502395.0
2023-01-06,3969.5493,3980.8888,4000.4143,3966.4696,110953038.0
2023-01-09,3998.5278,4013.1196,4023.0898,3990.7073,117054425.0
2023-01-10,4014.7125,4017.4737,4030.4574,4002.2297,101751141.0
2023-01-11,4019.8844,4010.0309,4043.3991,4008.0153,99997889.0
2023-01-12,4021.7547,4017.8692,4030.2876,4003.5079,90552627.0
2023-01-13,4032.2906,4074.3772,4074.3772,4027.8864,95871896.0
2023-01-16,4077.8793,4137.9643,4177.1035,4076.6394,151395455.0
2023-01-17,4138.8433,4137.2422,4148.5838,4118.157,95479040.0
2023-01-18,4140.1019,4130.3143,4151.4577,4125.7687,84200645.0
2023-01-19,4125.5772,4156.0077,4156.0077,4105.9797,94608398.0
2023-01-20,4166.8444,4181.5267,4189.831,4161.6698,123553809.0
2023-01-30,4267.6248,4201.345,4268.1522,4197.8596,164607064.0
2023-01-31,4200.5813,4156.8578,4212.7347,4153.0484,124550835.0
2023-02-01,4170.1322,4195.9332,4195.9332,4137.7659,141008954.0
2023-02-02,4207.4123,4181.1493,4207.4123,4170.5565,133823736.0
2023-02-03,4162.0258,4141.6319,4162.0258,4103.1654,117041221.0
2023-02-06,4103.8307,4086.8779,4105.9445,4065.2224,110192717.0
2023-02-07,4098.3117,4094.2335,4107.3438,4077.9623,91360072.0
2023-02-08,4099.8573,4076.1411,4111.4745,4072.6474,84786099.0
2023-02-09,4067.5631,4130.8565,4130.8565,4064.7489,102289961.0
2023-02-10,4124.0986,4106.3097,4125.2893,4092.3472,96716733.0
2023-02-13,4098.8795,4143.574,4146.45,4092.2729,128892577.0
2023-02-14,4151.247,4145.2902,4152.0487,4125.2583,102499890.0
2023-02-15,4146.8547,4123.6893,4153.7159,4115.9671,121664508.0
2023-02-16,4125.4087,4093.4876,4167.9003,4068.8591,159310585.0
2023-02-17,4086.2237,4034.507,4104.6398,4032.9285,116142589.0
2023-02-20,4039.9623,4133.4896,4134.8623,4035.4762,161794481.0
2023-02-21,4130.0632,4144.3536,4151.7994,4116.2716,145776173.0
2023-02-22,4118.9669,4106.9506,4134.8759,4101.8596,104290295.0
2023-02-23,4106.2136,4103.6463,4132.3896,4088.2073,103564906.0
2023-02-24,4100.9897,4061.0457,4102.6094,4048.2374,100989425.0
2023-02-27,4040.4571,4043.8444,4067.0296,4034.5237,93787630.0
2023-02-28,4058.1298,4069.4587,4074.2639,4026.4476,110323591.0
2023-03-01,4068.7331,4126.9415,4135.4812,4061.2167,156015794.0
2023-03-02,4119.9919,4117.7377,4137.2525,4113.8264,148217637.0
2023-03-03,4126.0183,4130.5513,4135.2116,4100.3827,160331741.0
2023-03-06,4131.1525,4109.0102,4132.8367,4088.4484,162971807.0
2023-03-07,4103.6419,4048.8519,4124.9609,4046.5679,195912068.0
2023-03-08,4030.7387,4034.1077,4037.287,4011.5231,117936493.0
2023-03-09,4035.8433,4019.8505,4043.8493,4000.8901,116539629.0
2023-03-10,3991.7959,3967.1352,4004.3612,3966.428,123855409.0
2023-03-13,3962.6426,4008.686,4008.686,3962.6426,143561370.0
2023-03-14,3999.8803,3984.6956,4001.9415,3946.9405,150544174.0
2023-03-15,4011.8444,3986.902,4018.7495,3986.902,142026007.0
2023-03-16,3958.1962,3939.1505,3981.321,3936.4758,152515644.0
2023-03-17,3971.1585,3958.8194,4004.2153,3945.2501,177433818.0
2023-03-20,3962.6625,3939.077,3979.5485,3935.0161,205264970.0
2023-03-21,3948.1573,3982.3782,3982.7047,3948.1573,145090679.0
2023-03-22,3993.7849,3999.4427,4016.4495,3986.7093,149228970.0
2023-03-23,3985.9928,4039.0895,4039.0895,3983.9986,158887421.0
2023-03-24,4035.1564,4027.0457,4037.8417,4017.0028,159442330.0
2023-03-27,4023.3028,4012.4771,4023.3028,3987.0297,168482279.0
2023-03-28,4015.6973,3999.5147,4023.7834,3994.5999,131895117.0
2023-03-29,4013.5926,4006.144,4017.7572,3992.6662,133743510.0
2023-03-30,4009.5573,4038.5257,4040.5023,3983.8958,149901037.0
2023-03-31,4045.4538,4050.9257,4063.5675,4039.9587,138842546.0
2023-04-03,4059.6227,4090.5676,4094.9376,4059.0607,182124313.0
2023-04-04,4089.2932,4103.1052,4103.1583,4080.0682,197146631.0
2023-04-06,4084.132,4096.64,4098.8332,4078.4048,150703374.0
2023-04-07,4096.9009,4123.2799,4131.3126,4092.1848,128676738.0
2023-04-10,4132.0096,4104.8118,4132.2952,4099.0519,152453002.0
2023-04-11,4108.5062,4100.1479,4116.1247,4083.4946,153901333.0
2023-04-12,4102.3968,4097.2876,4108.2451,4090.2784,165965278.0
2023-04-13,4081.3871,4068.9786,4088.8809,4059.5744,156444295.0
2023-04-14,4078.9703,4091.9988,4098.2151,4075.2049,150695682.0
2023-04-17,4090.0719,4149.3836,4149.3836,4089.509,188773095.0
2023-04-18,4139.3088,4162.032,4169.6678,4138.4618,170184130.0
2023-04-19,4159.3938,4124.5589,4159.3938,4118.6261,162554592.0
2023-04-20,4122.9461,4113.0192,4125.8231,4094.0022,162706677.0
2023-04-21,4114.2642,4032.5672,4114.2642,4031.9123,180802435.0
2023-04-24,4031.303,3982.6429,4033.6367,3967.907,170099217.0
2023-04-25,3985.1055,3962.6658,3991.6868,3925.436,172555409.0
2023-04-26,3950.2553,3959.2323,3975.6562,3934.6625,162702006.0
2023-04-27,3948.0313,3988.4185,3999.1302,3942.8152,153828195.0
2023-04-28,3993.2561,4029.0858,4030.4469,3993.2561,179508488.0
2023-05-04,4013.4713,4030.2471,4035.7832,4001.1259,227582846.0
2023-05-05,4031.0946,4016.8774,4047.6015,3998.392,206626924.0
2023-05-08,4028.1056,4062.6624,4070.7724,4018.9608,255583085.0
2023-05-09,4065.439,4027.8754,4092.8501,4026.3886,279306048.0
2023-05-10,4017.9358,3996.8695,4019.0587,3984.6287,207552709.0
2023-05-11,4005.7823,3990.6637,4018.0579,3988.4816,144804619.0
2023-05-12,3987.769,3937.7622,3999.3831,3937.5274,144421728.0
2023-05-15,3938.83,3998.8872,3998.8872,3923.0317,176257362.0
2023-05-16,4002.5237,3978.2054,4005.015,3966.9921,136833271.0
2023-05-17,3971.7017,3960.165,3982.6044,3945.7137,118448185.0
2023-05-18,3965.5162,3956.0701,3982.7178,3939.5526,136533947.0
2023-05-19,3946.2215,3944.5403,3967.2816,3928.316,120212479.0
2023-05-22,3941.0015,3969.3277,3985.4031,3935.8015,109116605.0
2023-05-23,3968.2346,3913.1882,3971.939,3913.1882,118685077.0
2023-05-24,3903.7818,3859.0935,3903.7818,3859.0935,137258265.0
2023-05-25,3851.4053,3850.4996,3861.3815,3817.8365,124150770.0
2023-05-26,3848.4174,3850.9511,3859.6291,3815.5701,100326439.0
2023-05-29,3862.0838,3833.9416,3866.7238,3819.1822,131859967.0
2023-05-30,3827.7924,3837.7531,3844.0052,3789.2736,137619629.0
2023-05-31,3827.1634,3798.5434,3827.1634,3781.4034,126387368.0
2023-06-01,3788.5902,3806.8679,3832.2051,3786.7344,134561881.0
2023-06-02,3821.6198,3861.8337,3865.2843,3821.6198,125015110.0
2023-06-05,3860.5557,3844.2492,3860.5557,3832.4578,116163989.0
2023-06-06,3840.4587,3808.1629,3867.8452,3802.8449,125781258.0
2023-06-07,3815.4823,3789.3418,3823.1124,3780.1021,98862432.0
2023-06-08,3791.0826,3820.1867,3834.3888,3777.7752,118700934.0
2023-06-09,3822.4088,3836.7026,3836.7026,3811.2189,134319863.0
2023-06-12,3827.3253,3844.4324,3859.7156,3813.8577,126758543.0
2023-06-13,3838.1287,3864.9074,3867.3034,3833.4598,110924946.0
2023-06-14,3872.7155,3864.0247,3891.6656,3862.0609,124955759.0
2023-06-15,3871.7746,3925.4994,3925.4994,3871.7746,128369938.0
2023-06-16,3932.2114,3963.3509,3968.0128,3928.5419,139760076.0
2023-06-19,3957.0327,3930.9079,3957.0327,3922.4742,134905848.0
2023-06-20,3926.094,3924.2377,3937.4945,3918.473,122520318.0
2023-06-21,3909.1044,3864.0323,3920.1276,3864.0323,118346575.0
2023-06-26,3833.4436,3809.6962,3841.2862,3801.0537,133990419.0
2023-06-27,3811.6872,3845.4334,3851.8957,3806.3242,116992681.0
2023-06-28,3836.6086,3840.7986,3846.8516,3808.1607,107021541.0
2023-06-29,3836.7305,3821.8435,3840.7132,3817.3759,98289274.0
2023-06-30,3816.3345,3842.4516,3860.0311,3813.552,101268429.0
2023-07-03,3853.2919,3892.8821,3897.3273,3853.2919,133158051.0
2023-07-04,3888.0328,3899.0133,3899.9755,3878.3978,109494527.0
2023-07-05,3895.1945,3868.8054,3899.5188,3864.1301,97636384.0
2023-07-06,3857.0304,3842.7547,3876.8901,3836.4573,100121842.0
2023-07-07,3831.5955,3825.6988,3844.8438,3819.0772,100906920.0
2023-07-10,3841.5591,3844.3269,3865.4566,3831.92,92033441.0
2023-07-11,3853.7955,3869.4861,3870.6549,3844.5244,86510716.0
2023-07-12,3864.6013,3843.4369,3874.0403,3838.5632,111522024.0
2023-07-13,3855.662,3898.4229,3901.1023,3855.662,120300232.0
2023-07-14,3904.6033,3899.1027,3908.4871,3893.7862,122364846.0
2023-07-17,3881.6225,3867.1749,3881.6225,3852.2626,98340144.0
2023-07-18,3871.0444,3854.9393,3871.0444,3844.5129,91438615.0
2023-07-19,3848.4826,3850.8663,3860.0092,3830.4073,79585700.0
2023-07-20,3857.7725,3823.6946,3875.6241,3818.7134,92042076.0
2023-07-21,3816.9835,3821.91,3849.5109,3808.803,79507563.0
2023-07-24,3803.3492,3805.221,3828.7853,3798.8048,75483545.0
2023-07-25,3866.6445,3915.1153,3915.8148,3866.6445,163066320.0
2023-07-26,3908.174,3907.0128,3912.9834,3893.3987,107881717.0
2023-07-27,3914.2298,3902.3458,3935.3578,3894.6923,110667109.0
2023-07-28,3889.7929,3992.7376,4000.919,3886.5535,179735481.0
2023-07-31,4018.8895,4014.6301,4064.3621,4002.0784,199606830.0
2023-08-01,4009.1831,3998.001,4031.7008,3983.0273,142286859.0
2023-08-02,3985.6951,3969.895,4008.3343,3958.5127,125855690.0
2023-08-03,3962.1296,4004.9839,4004.9996,3962.1296,129006640.0
2023-08-04,4033.7239,4020.5792,4058.2431,4011.6202,178267189.0
2023-08-07,4002.9677,3990.1531,4002.9677,3977.0173,121310662.0
2023-08-08,3980.0423,3979.7322,4002.2904,3963.4632,109871699.0
2023-08-09,3967.3566,3967.5652,3982.1091,3961.8434,94640269.0
2023-08-10,3962.8569,3975.7166,3976.4637,3945.3869,97176849.0
2023-08-11,3977.9834,3884.2538,3977.9834,3884.2538,126082931.0
2023-08-14,3840.8872,3855.9061,3859.4718,3814.0711,115966336.0
2023-08-15,3858.3662,3846.5357,3865.284,3811.6839,103097111.0
2023-08-16,3830.8274,3818.3338,3852.4198,3817.6324,94616946.0
2023-08-17,3801.1969,3831.1008,3836.1507,3782.4967,98415493.0
2023-08-18,3832.4554,3784.0038,3844.195,3784.0038,95549638.0
2023-08-21,3773.225,3729.555,3782.1112,3729.555,98708369.0
2023-08-22,3748.0675,3758.2271,3770.0556,3704.6785,120318327.0
2023-08-23,3751.7736,3696.6339,3756.1659,3695.0309,97081638.0
2023-08-24,3711.5403,3723.4293,3748.8567,3701.5717,119614521.0
2023-08-25,3703.5136,3709.1517,3734.2185,3695.8442,105182610.0
2023-08-28,3911.5485,3752.6194,3911.5485,3740.5279,197990379.0
2023-08-29,3743.0534,3790.1067,3810.3772,3742.0758,152486146.0
2023-08-30,3803.1191,3788.5097,3813.7032,3780.2411,129671661.0
2023-08-31,3786.9261,3765.2678,3793.9972,3762.0046,118961646.0
2023-09-01,3778.9129,3791.4912,3808.5306,3778.9129,105319045.0
2023-09-04,3812.9873,3848.9517,3854.2605,3804.5886,142385201.0
2023-09-05,3839.5779,3820.3174,3839.5779,3814.3338,104052333.0
2023-09-06,3808.1,3812.0283,3817.5239,3790.8949,93442393.0
2023-09-07,3802.2272,3758.4748,3802.2272,3756.853,95103903.0
2023-09-08,3747.6509,3739.9927,3753.263,3724.987,71638166.0
2023-09-11,3740.5846,3767.537,3788.3219,3734.7228,105358016.0
2023-09-12,3764.3331,3760.6048,3775.093,3755.4162,79385378.0
2023-09-13,3759.6091,3736.6513,3768.8162,3719.1114,81576901.0
2023-09-14,3736.9355,3733.5077,3748.8177,3717.3107,100386075.0
2023-09-15,3740.7853,3708.7766,3749.0247,3699.3806,109395689.0
2023-09-18,3698.9344,3727.711,3737.5306,3691.1107,86727741.0
2023-09-19,3723.4244,3720.5021,3724.0717,3702.6934,83199038.0
2023-09-20,3715.9578,3705.6898,3718.5207,3705.1274,75448209.0
2023-09-21,3698.313,3672.4448,3708.4557,3672.4448,83031005.0
2023-09-22,3672.6402,3738.9327,3740.4183,3664.7661,110231166.0
2023-09-25,3738.0622,3714.6037,3738.0622,3711.2049,92596479.0
2023-09-26,3711.7106,3692.8928,3723.8481,3692.6172,78044525.0
2023-09-27,3694.9607,3700.495,3731.1405,3694.3938,91629210.0
2023-09-28,3711.2117,3689.5172,3716.0569,3685.3001,85221719.0
2023-10-09,3678.929,3684.7272,3694.1713,3641.9966,102148058.0
2023-10-10,3696.2542,3657.1259,3701.2562,3655.589,99163730.0
2023-10-11,3674.7514,3667.5483,3689.5347,3658.355,102091587.0
2023-10-12,3697.9337,3702.3824,3711.4985,3682.8418,114363225.0
2023-10-13,3677.9585,3663.4104,3678.1913,3652.3094,98287987.0
2023-10-16,3664.039,3626.5972,3664.039,3615.7686,91853118.0
2023-10-17,3635.2994,3639.4018,3645.5654,3619.1277,90745188.0
2023-10-18,3631.0671,3610.5767,3632.0579,3608.9768,94545879.0
2023-10-19,3588.5154,3533.5445,3588.5154,3532.3059,111737520.0
2023-10-20,3518.3464,3510.5889,3535.6623,3501.725,98518605.0
2023-10-23,3500.199,3474.2438,3505.3468,3450.6456,96561652.0
2023-10-24,3481.7644,3487.1302,3495.0039,3453.1016,115547289.0
2023-10-25,3524.2965,3504.4576,3531.8314,3500.9154,128009617.0
2023-10-26,3484.7807,3514.1448,3515.5716,3478.0503,105143566.0
2023-10-27,3501.171,3562.3851,3576.5861,3494.5488,120225108.0
2023-10-30,3554.1055,3583.7718,3592.7188,3554.0238,144010426.0
2023-10-31,3581.6759,3572.5056,3581.6759,3554.5822,112587267.0
2023-11-01,3605.7576,3571.0268,3606.4126,3564.6421,97645538.0
2023-11-02,3580.0672,3554.1889,3597.1699,3553.7406,90359643.0
2023-11-03,3558.5303,3584.1364,3596.101,3558.5303,97542101.0
2023-11-06,3608.3187,3632.6084,3635.7897,3600.6304,152982463.0
2023-11-07,3623.7849,3619.7593,3628.4615,3606.2975,110288591.0
2023-11-08,3610.6434,3611.0723,3627.0479,3591.8248,110594230.0
2023-11-09,3603.1082,3612.8263,3624.4141,3601.3744,111872057.0
2023-11-10,3596.0688,3586.4893,3599.4519,3576.1011,102107034.0
2023-11-13,3593.9109,3579.4141,3599.3897,3562.7682,96707649.0
2023-11-14,3581.1034,3582.0584,3600.1483,3568.882,100884158.0
2023-11-15,3616.8765,3607.2454,3620.6007,3596.9158,104929218.0
2023-11-16,3600.9813,3572.3641,3605.2898,3572.3636,87464780.0
2023-11-17,3561.3112,3568.0685,3573.6819,3547.0287,87319207.0
2023-11-20,3569.7314,3576.3233,3586.9731,3545.1038,91080445.0
2023-11-21,3587.8779,3581.0674,3615.0569,3575.682,108594314.0
2023-11-22,3569.4389,3544.4162,3574.3782,3544.4162,84784381.0
2023-11-23,3541.4416,3561.5204,3562.0675,3529.939,84800167.0
2023-11-24,3560.6462,3538.0087,3560.6462,3533.9955,85018403.0
2023-11-27,3534.4445,3511.9424,3534.4445,3492.8623,99102314.0
2023-11-28,3510.6554,3518.5232,3521.0463,3501.1093,89335789.0
2023-11-29,3518.8836,3488.3073,3519.198,3482.2444,98841412.0
2023-11-30,3485.5171,3496.2028,3505.1273,3481.4515,101350820.0
2023-12-01,3494.2234,3482.8813,3494.2234,3452.1728,108530941.0
2023-12-04,3481.0449,3460.138,3488.133,3459.611,97156826.0
2023-12-05,3450.0898,3394.2571,3450.0898,3393.8139,100472007.0
2023-12-06,3387.8798,3399.598,3420.2773,3382.9457,105805519.0
2023-12-07,3394.3064,3391.2823,3404.4074,3369.7675,97713248.0
2023-12-08,3391.8585,3399.4618,3409.3845,3383.4479,129522054.0
2023-12-11,3378.0517,3419.4548,3426.6106,3346.8902,139626249.0
2023-12-12,3409.9976,3426.803,3427.5456,3406.1013,105590013.0
2023-12-13,3418.6413,3369.605,3418.6413,3369.605,95285367.0
2023-12-14,3387.3847,3351.9639,3399.1394,3350.7648,83655135.0
2023-12-15,3365.9388,3341.5517,3388.5047,3339.519,97787783.0
2023-12-18,3329.191,3329.3657,3352.3458,3314.9095,90526826.0
2023-12-19,3325.6596,3334.0412,3345.7795,3313.1874,83808118.0
2023-12-20,3334.332,3297.5022,3338.5434,3297.3652,92412868.0
2023-12-21,3285.6049,3330.8698,3339.3552,3283.9883,102546198.0
2023-12-22,3329.4668,3337.2281,3359.0601,3315.8976,105220133.0
2023-12-25,3330.3333,3347.4508,3348.882,3330.3333,74542693.0
2023-12-26,3345.3952,3324.7902,3345.4171,3315.937,74732935.0
2023-12-27,3326.9267,3336.3572,3341.2659,3309.6731,94403928.0
2023-12-28,3335.5572,3414.5403,3423.4018,3331.2082,148064851.0
2023-12-29,3411.1094,3431.1099,3432.5412,3409.5795,114928932.0
2024-01-02,3426.2684,3386.3522,3426.2684,3386.3522,116180726.0
2024-01-03,3379.7501,3378.2971,3392.8504,3362.6617,105613851.0
2024-01-04,3375.0207,3347.0519,3375.0207,3323.8647,106721013.0
2024-01-05,3341.3061,3329.1114,3372.5444,3313.5542,126400574.0
2024-01-08,3322.6051,3286.0564,3333.516,3283.3421,117429485.0
2024-01-09,3286.7083,3292.4994,3304.6008,3273.8431,109330465.0
2024-01-10,3281.6692,3277.129,3312.9161,3268.2471,94199366.0
2024-01-11,3275.3086,3295.6717,3311.1137,3266.7911,108789735.0
2024-01-12,3284.358,3284.1667,3310.4704,3279.6987,96853555.0
2024-01-15,3270.1029,3280.9195,3306.9217,3261.2687,88851530.0
2024-01-16,3272.571,3300.8762,3300.8762,3260.4362,113276665.0
2024-01-17,3291.1392,3229.082,3291.1392,3229.082,108769728.0
2024-01-18,3214.2844,3274.7286,3279.2538,3171.6329,174909168.0
2024-01-19,3261.2393,3269.7763,3286.9415,3251.8136,118501408.0
2024-01-22,3262.4685,3218.9016,3281.4205,3193.1776,148705628.0
2024-01-23,3208.4316,3231.9329,3249.5306,3188.1259,122012000.0
2024-01-24,3245.9592,3277.1089,3281.4892,3190.4674,154371954.0
2024-01-25,3274.3391,3342.9189,3344.2426,3269.7943,196833614.0
2024-01-26,3326.6465,3333.8213,3351.9692,3315.1265,180664005.0
2024-01-29,3335.3936,3303.9604,3351.3715,3303.9604,184164795.0
2024-01-30,3283.8977,3245.0387,3300.204,3244.9719,143649350.0
2024-01-31,3231.5425,3215.3518,3252.1475,3201.9264,153143469.0
2024-02-01,3202.2564,3217.7109,3251.7582,3191.8968,145516792.0
2024-02-02,3219.8734,3179.6276,3235.4079,3108.3515,173758089.0
2024-02-05,3164.25,3200.4218,3233.8485,3111.5184,203042970.0
2024-02-06,3185.2498,3311.6922,3314.512,3182.8216,202713099.0
2024-02-07,3314.0306,3343.6303,3343.6303,3289.6704,216647933.0
2024-02-08,3351.4052,3364.9297,3367.2101,3336.9779,189977578.0
2024-02-19,3393.1916,3403.8078,3403.8078,3364.1418,183319800.0
2024-02-20,3395.1916,3410.8542,3415.8943,3380.103,140734581.0
2024-02-21,3390.3619,3456.8713,3500.1338,3383.6911,188879362.0
2024-02-22,3450.3518,3486.6747,3486.6826,3448.4135,141020784.0
2024-02-23,3491.3367,3489.7416,3507.5592,3472.968,144821273.0
2024-02-26,3485.5427,3453.3585,3492.6061,3445.3889,151248331.0
2024-02-27,3440.0516,3494.7874,3494.7874,3437.4422,139528246.0
2024-02-28,3499.8257,3450.2598,3521.6574,3450.2598,189837548.0
2024-02-29,3437.8984,3516.0826,3516.0826,3437.8984,155944532.0
2024-03-01,3515.0587,3537.8038,3544.3595,3503.459,162709570.0
2024-03-04,3538.366,3540.8686,3548.6901,3519.7599,163244613.0
2024-03-05,3524.9644,3565.5143,3570.6935,3519.0816,166422389.0
2024-03-06,3556.5323,3551.0481,3577.3883,3545.1013,143076613.0
2024-03-07,3548.1007,3529.7195,3569.9185,3522.8964,148110510.0
2024-03-08,3529.5509,3544.9099,3548.5055,3511.577,125792664.0
2024-03-11,3545.9427,3589.2635,3589.2635,3542.2789,148202825.0
2024-03-12,3592.5826,3597.4939,3605.6976,3574.2117,180685560.0
2024-03-13,3594.4211,3572.361,3594.4211,3563.3685,144590590.0
2024-03-14,3571.7885,3562.2229,3597.46,3545.612,140962722.0
2024-03-15,3554.9068,3569.993,3572.8091,3533.6798,138316044.0
2024-03-18,3577.0564,3603.528,3604.0519,3573.404,160379438.0
2024-03-19,3593.3396,3577.6303,3610.7389,3577.188,145571786.0
2024-03-20,3568.7158,3585.3838,3589.5456,3568.4341,129528966.0
2024-03-21,3593.07,3581.0902,3601.1145,3575.0331,130743377.0
2024-03-22,3571.2736,3545.0023,3575.7171,3522.8404,139227358.0
2024-03-25,3536.7136,3525.7634,3564.9604,3525.7634,137015724.0
2024-03-26,3526.6818,3543.7467,3547.6461,3518.6018,126209535.0
2024-03-27,3538.7244,3502.7866,3542.9624,3502.7866,128626763.0
2024-03-28,3498.482,3520.9648,3551.2143,3489.3861,143334717.0
2024-03-29,3516.883,3537.4843,3538.2378,3516.883,128643290.0
2024-04-01,3551.5815,3595.6466,3600.9193,3551.5815,162776561.0
2024-04-02,3593.2206,3580.6759,3596.1903,3568.7539,141272972.0
2024-04-03,3578.6835,3567.8031,3582.4324,3558.874,135592331.0
2024-04-08,3553.5554,3536.4077,3567.82,3535.7688,155304283.0
2024-04-09,3533.3849,3533.4871,3543.7141,3518.8601,129670942.0
2024-04-10,3528.9679,3504.7086,3531.2295,3490.0525,128790274.0
2024-04-11,3485.0294,3504.2447,3520.5893,3484.9252,126534395.0
2024-04-12,3505.7499,3475.8389,3516.6988,3470.0611,128921116.0
2024-04-15,3473.5047,3549.0759,3552.4125,3473.5047,183941250.0
2024-04-16,3533.3636,3511.1146,3545.5034,3503.6158,176153065.0
2024-04-17,3509.1318,3565.403,3565.9389,3498.0324,168466398.0
2024-04-18,3550.5562,3569.8018,3602.7902,3547.5996,178574105.0
2024-04-19,3550.6087,3541.6619,3560.9492,3529.3237,147281505.0
2024-04-22,3536.1844,3530.9045,3558.1642,3528.0186,150579042.0
2024-04-23,3525.6681,3506.2249,3533.7584,3499.9838,143113504.0
2024-04-24,3514.0108,3521.6219,3524.537,3495.6494,121739851.0
2024-04-25,3510.6396,3530.2813,3543.9699,3505.1999,115187722.0
2024-04-26,3531.9647,3584.2686,3588.4003,3531.9647,197216133.0
2024-04-29,3584.5427,3623.9124,3645.8229,3578.7597,222721381.0
2024-04-30,3619.2586,3604.3943,3630.7092,3604.3943,191296899.0
2024-05-06,3654.0485,3657.8767,3668.2565,3645.738,208018007.0
2024-05-07,3657.0007,3659.0076,3665.684,3648.376,164834286.0
2024-05-08,3650.7484,3630.2233,3650.9355,3628.6984,130035336.0
2024-05-09,3630.4142,3664.561,3669.7593,3630.4142,146559017.0
2024-05-10,3669.0869,3666.2771,3674.6088,3641.7639,150720536.0
2024-05-13,3646.3491,3664.6907,3673.6211,3634.6049,157267455.0
2024-05-14,3668.2254,3657.0454,3675.776,3646.7092,133406490.0
2024-05-15,3651.0536,3626.0559,3656.5277,3624.002,123522764.0
2024-05-16,3636.6007,3640.3592,3657.4831,3626.334,154630503.0
2024-05-17,3638.5613,3677.9696,3677.9696,3627.447,164570417.0
2024-05-20,3682.0615,3690.9623,3703.0287,3677.4426,184609423.0
2024-05-21,3682.2868,3676.1611,3684.6106,3665.1524,130678283.0
2024-05-22,3675.6471,3684.451,3691.8804,3667.0885,151914605.0
2024-05-23,3672.8403,3641.7917,3674.3654,3633.5051,142572990.0
2024-05-24,3630.827,3601.4754,3650.8734,3599.6678,124791177.0
2024-05-27,3606.645,3635.7079,3638.1514,3603.7131,131272644.0
2024-05-28,3633.2535,3609.1724,3638.9703,3605.9213,123532238.0
2024-05-29,3609.0708,3613.5223,3633.1971,3602.8198,115906321.0
2024-05-30,3607.0522,3594.3121,3624.0352,3586.7543,122602995.0
2024-05-31,3599.8196,3579.9247,3614.6439,3579.9247,112462019.0
2024-06-03,3577.3798,3588.7483,3600.6044,3567.8713,141054591.0
2024-06-04,3583.8104,3615.6714,3622.5012,3580.2771,124545096.0
2024-06-05,3610.3601,3594.7936,3623.3232,3594.1056,110906766.0
2024-06-06,3602.1554,3592.2454,3625.0109,3584.171,137893517.0
2024-06-07,3594.6335,3574.1143,3603.0698,3552.0853,131103026.0
2024-06-11,3555.8186,3542.8771,3565.3113,3525.8945,134522306.0
2024-06-12,3539.0947,3544.1225,3551.1706,3531.5657,122813729.0
2024-06-13,3548.2162,3526.1306,3551.0771,3520.1802,123245462.0
2024-06-14,3514.7998,3541.5331,3547.1473,3503.5233,171516942.0
2024-06-17,3521.4365,3536.1986,3540.7932,3520.7381,137433438.0
2024-06-18,3533.4875,3545.5902,3551.7085,3532.7845,123671838.0
2024-06-19,3543.3599,3528.749,3543.3599,3524.8449,106642797.0
2024-06-20,3525.1687,3503.2817,3533.9865,3500.131,111617396.0
2024-06-21,3496.3428,3495.6198,3505.5123,3473.8283,109186615.0
2024-06-24,3473.6392,3476.8102,3505.7752,3471.2164,117990184.0
2024-06-25,3475.1648,3457.9023,3483.2189,3440.6464,118448118.0
2024-06-26,3451.5389,3480.2648,3487.3964,3442.2982,105898861.0
2024-06-27,3467.2888,3454.1175,3471.1423,3452.5775,114918101.0
2024-06-28,3443.6744,3461.657,3484.678,3443.6744,135409153.0
2024-07-01,3458.2636,3478.1827,3479.9548,3443.8086,121829770.0
2024-07-02,3472.4527,3471.7857,3488.3189,3464.5237,121650121.0
2024-07-03,3471.5556,3463.4141,3478.7047,3454.9942,103857108.0
2024-07-04,3468.2958,3445.8128,3483.3098,3444.928,104429909.0
2024-07-05,3443.3588,3431.0605,3451.0386,3399.6693,116609659.0
2024-07-08,3420.8033,3401.7604,3428.0418,3395.9123,115528218.0
2024-07-09,3396.8044,3439.8111,3448.9279,3384.8086,131629443.0
2024-07-10,3425.8818,3428.9657,3447.505,3423.6483,127203456.0
2024-07-11,3451.0442,3468.169,3473.9837,3438.118,145892466.0
2024-07-12,3459.9564,3472.4014,3479.0958,3457.3633,130874589.0
2024-07-15,3462.6113,3476.2467,3481.4613,3460.7915,118517083.0
2024-07-16,3466.8523,3498.2827,3500.2943,3464.3655,120659017.0
2024-07-17,3494.209,3501.5836,3514.4753,3486.2229,131802062.0
2024-07-18,3483.2975,3520.931,3522.7995,3475.7236,123768199.0
2024-07-19,3500.8052,3539.0156,3545.3383,3493.0734,132447975.0
2024-07-22,3538.4012,3514.9249,3540.1874,3494.0143,132126337.0
2024-07-23,3509.7887,3439.8779,3509.7887,3439.8779,128897660.0
2024-07-24,3432.3459,3418.1663,3451.4196,3408.4129,127036263.0
2024-07-25,3404.611,3399.2716,3415.8557,3383.7991,131022242.0
2024-07-26,3403.7084,3409.2931,3420.8201,3388.6601,124195558.0
2024-07-29,3404.3663,3390.742,3408.5024,3388.8444,109787786.0
2024-07-30,3380.6893,3369.3821,3380.6893,3352.8043,104952164.0
2024-07-31,3364.0268,3442.0844,3445.0042,3364.0268,171959177.0
2024-08-01,3443.1397,3419.2666,3448.3361,3419.1872,136323464.0
2024-08-02,3393.9167,3384.3919,3419.1023,3380.9645,116615255.0
2024-08-05,3362.1117,3343.3205,3409.0314,3343.3205,142812516.0
2024-08-06,3367.3517,3342.9789,3376.7956,3318.6251,119340279.0
2024-08-07,3338.5909,3341.489,3362.3839,3329.9658,95084377.0
2024-08-08,3332.4281,3342.9369,3364.7855,3320.8432,92495695.0
2024-08-09,3358.128,3331.6274,3366.6688,3331.6274,91511626.0
2024-08-12,3327.5561,3325.8645,3338.0771,3319.8908,79938754.0
2024-08-13,3328.0138,3334.3903,3335.014,3310.1909,84489679.0
2024-08-14,3332.7866,3309.2389,3332.7866,3309.1,78742407.0
2024-08-15,3301.4455,3341.953,3356.7644,3297.9711,104766399.0
2024-08-16,3342.0346,3345.634,3356.9071,3335.6239,96519083.0
2024-08-19,3344.2614,3356.9677,3375.9621,3343.7116,105571110.0
2024-08-20,3361.6394,3332.7034,3362.3338,3321.6397,101668331.0
2024-08-21,3322.9134,3321.635,3339.443,3307.9917,89954751.0
2024-08-22,3322.8723,3313.1357,3327.6962,3305.2453,100366504.0
2024-08-23,3305.9307,3327.1905,3336.2414,3305.6403,89525774.0
2024-08-26,3330.7184,3324.2231,3336.5271,3311.5701,93990772.0
2024-08-27,3315.686,3305.3338,3320.5667,3299.5635,95808157.0
2024-08-28,3298.9089,3286.4956,3305.3496,3274.5881,92696650.0
2024-08-29,3273.541,3277.6812,3290.7857,3269.5288,130702333.0
2024-08-30,3273.7532,3321.4323,3351.6254,3273.6496,188695443.0
2024-09-02,3307.5432,3265.011,3307.7627,3264.7565,147612353.0
2024-09-03,3261.741,3273.4282,3281.5935,3261.1877,122897306.0
2024-09-04,3253.898,3252.1649,3272.9861,3249.9809,104832482.0
2024-09-05,3252.96,3257.7578,3266.882,3247.1725,97109450.0
2024-09-06,3261.1542,3231.3457,3274.8144,3231.0685,88400417.0
2024-09-09,3214.7996,3192.9516,3222.9278,3180.9277,108673069.0
2024-09-10,3193.4557,3195.7552,3205.0972,3171.7932,97290078.0
2024-09-11,3187.0508,3186.1299,3197.3363,3174.0343,102482110.0
2024-09-12,3189.4271,3172.4747,3201.5544,3171.8775,92868657.0
2024-09-13,3174.0344,3159.247,3188.9145,3159.247,88336677.0
2024-09-18,3158.8179,3171.0102,3179.9012,3145.7908,84722814.0
2024-09-19,3178.3959,3196.0357,3213.8378,3149.7925,125439272.0
2024-09-20,3192.4322,3201.0497,3207.9875,3173.2238,118064098.0
2024-09-23,3200.8678,3212.7639,3230.1613,3198.0248,95344855.0
2024-09-24,3244.6468,3351.909,3351.9684,3222.4885,204072217.0
2024-09-25,3403.7021,3401.533,3465.4882,3393.438,241564255.0
2024-09-26,3399.3188,3545.3204,3545.3249,3391.6772,243134010.0
2024-09-27,3617.9203,3703.6849,3708.4951,3596.5833,265487774.0
2024-09-30,3846.6515,4017.8545,4038.6968,3796.5045,510217707.0
2024-10-08,4450.3675,4256.0962,4450.3675,4094.3519,589867894.0
2024-10-09,4168.8436,3955.9839,4197.6,3942.5118,482269295.0
2024-10-10,3979.6116,3997.7879,4098.4967,3912.7708,395053099.0
2024-10-11,3969.7576,3887.167,3978.2389,3847.1228,274096505.0
2024-10-14,3915.2186,3961.3424,3979.5431,3868.779,307578993.0
2024-10-15,3942.5342,3855.9949,3967.8712,3855.9949,242486448.0
2024-10-16,3806.1373,3831.589,3877.7483,3805.0868,218866407.0
2024-10-17,3853.841,3788.2217,3882.0733,3787.7498,212313820.0
2024-10-18,3780.3143,3925.234,3998.214,3765.1615,312958834.0
2024-10-21,3946.9016,3935.1974,3979.2638,3896.165,291185634.0
2024-10-22,3923.7443,3957.7755,3965.9084,3917.5218,223433396.0
2024-10-23,3955.3191,3973.2089,4012.1795,3939.0986,245873949.0
2024-10-24,3950.8987,3928.8334,3957.9832,3914.0887,174724062.0
2024-10-25,3931.3205,3956.421,3992.8918,3921.9396,210694885.0
2024-10-28,3953.1063,3964.1569,3964.1569,3917.2042,216160415.0
2024-10-29,3970.008,3924.649,3991.3091,3921.5795,217293984.0
2024-10-30,3904.1595,3889.4487,3926.0581,3864.3051,219436626.0
2024-10-31,3888.4229,3891.0396,3923.8997,3859.1079,300636718.0
2024-11-01,3882.4579,3890.0203,3933.2204,3879.9588,307986481.0
2024-11-04,3897.7144,3944.7619,3944.7619,3891.2109,229239060.0
2024-11-05,3937.6228,4044.5725,4046.6977,3925.4138,316862794.0
2024-11-06,4051.2891,4024.2831,4091.7031,4002.5027,335807938.0
2024-11-07,3987.2665,4145.6952,4146.151,3984.6652,341436414.0
2024-11-08,4192.0794,4104.047,4200.908,4094.1631,332350385.0
2024-11-11,4066.9336,4131.1312,4132.5111,4048.039,289594227.0
2024-11-12,4133.3528,4085.743,4181.7096,4060.7936,297778086.0
2024-11-13,4059.5898,4110.8901,4121.0735,4059.5898,240484099.0
2024-11-14,4101.2228,4039.6191,4118.1686,4034.9441,230152784.0
2024-11-15,4025.6482,3968.8308,4049.071,3968.8308,247399463.0
2024-11-18,3982.1036,3950.3806,4034.0596,3931.1872,306777946.0
2024-11-19,3954.6038,3976.8912,3979.1505,3896.7493,242946465.0
2024-11-20,3966.1238,3985.7727,4001.0847,3958.3383,184599372.0
2024-11-21,3979.4554,3989.2979,3999.5693,3966.0658,166125927.0
2024-11-22,3984.2435,3865.6989,3990.2647,3865.6989,216285809.0
2024-11-25,3875.6126,3848.0909,3889.7069,3812.3179,190702953.0
2024-11-26,3836.259,3840.1847,3875.229,3833.2842,149892441.0
2024-11-27,3829.3442,3907.0447,3907.164,3817.9125,174136096.0
2024-11-28,3904.2525,3872.5505,3908.3918,3866.0136,150117291.0
2024-11-29,3869.8903,3916.5832,3962.7002,3869.8903,187656713.0
2024-12-02,3909.7029,3947.632,3955.1252,3902.1697,197289784.0
2024-12-03,3946.7034,3951.8912,3963.9474,3922.8425,182496867.0
2024-12-04,3948.13,3930.5568,3957.365,3917.7467,174626318.0
2024-12-05,3916.5638,3921.5881,3936.3358,3910.0834,138534038.0
2024-12-06,3923.8954,3973.1405,3995.1168,3923.8954,192057907.0
2024-12-09,3970.6628,3966.5708,3995.5116,3948.4206,175959958.0
2024-12-10,4094.05,3995.6369,4098.3804,3988.9676,253463795.0
2024-12-11,3988.0179,3988.8308,4005.3253,3977.3522,177252846.0
2024-12-12,3987.1525,4028.5048,4031.7441,3981.3485,181621777.0
2024-12-13,4000.9854,3933.1808,4000.9854,3931.7392,230353079.0
2024-12-16,3930.7807,3911.8416,3938.7595,3901.6465,178511251.0
2024-12-17,3908.1263,3922.0334,3955.945,3908.1263,160939090.0
2024-12-18,3934.5425,3941.89,3956.1441,3933.9693,157738321.0
2024-12-19,3911.8901,3945.4635,3954.3491,3899.7479,161081040.0
2024-12-20,3937.4722,3927.7441,3958.6336,3923.2562,154986496.0
2024-12-23,3928.1493,3933.5718,3965.8502,3928.1493,190067362.0
2024-12-24,3934.9422,3983.6882,3985.8588,3934.7338,161494589.0
2024-12-25,3987.9557,3985.6291,4007.7626,3969.4766,159390747.0
2024-12-26,3981.7317,3987.4801,3991.5331,3965.5461,143425286.0
2024-12-27,3987.0189,3981.0307,4007.1314,3970.9365,169268666.0
2024-12-30,3976.7004,3999.0549,4005.778,3976.7004,164612485.0
2024-12-31,3995.8705,3934.9109,4004.3462,3934.9109,183928397.0
2025-01-02,3931.8155,3820.3952,3934.2034,3796.3389,217898724.0
2025-01-03,3825.2426,3775.1648,3835.9353,3767.6653,175342676.0
2025-01-06,3775.9902,3768.9697,3788.8489,3743.0727,150946670.0
2025-01-07,3760.866,3796.1055,3797.602,3749.0581,146455779.0
2025-01-08,3781.261,3789.2153,3810.7355,3731.1887,169166968.0
2025-01-09,3780.7341,3779.8773,3795.2608,3768.681,129794002.0
2025-01-10,3778.8928,3732.4806,3786.8069,3732.4806,137523171.0
2025-01-13,3704.4442,3722.513,3737.8852,3704.1073,136446199.0
2025-01-14,3728.5561,3820.5395,3826.6399,3718.8768,170664657.0
2025-01-15,3810.0353,3796.026,3816.8284,3790.1655,141475520.0
2025-01-16,3812.1935,3800.3836,3842.947,3776.2861,144505871.0
2025-01-17,3788.3729,3812.3429,3831.6404,3780.2133,126621961.0
2025-01-20,3835.3042,3829.6764,3858.6677,3821.9815,139581277.0
2025-01-21,3850.3563,3832.6145,3850.9106,3817.1214,141218406.0
2025-01-22,3823.9447,3797.0166,3823.9447,3783.1438,137255062.0
2025-01-23,3829.0462,3803.7439,3864.2585,3801.8531,180569551.0
2025-01-24,3793.8498,3832.8637,3847.6003,3793.4836,148971722.0
2025-01-27,3836.9578,3817.0802,3851.9969,3817.0802,146670772.0
2025-02-05,3844.6998,3795.0848,3844.6998,3785.162,157168308.0
2025-02-06,3789.6086,3842.8314,3843.4942,3788.3196,167288176.0
2025-02-07,3844.0574,3892.7028,3919.3499,3833.8685,221857707.0
2025-02-10,3898.1023,3901.0618,3906.3678,3878.8314,188903040.0
2025-02-11,3905.1594,3883.1352,3905.1594,3872.9087,166574909.0
2025-02-12,3875.9596,3919.8617,3920.7229,3867.3538,164228540.0
2025-02-13,3913.9044,3905.1398,3939.1978,3904.9845,172485874.0
2025-02-14,3900.8274,3939.0085,3942.0356,3900.8274,172976452.0
2025-02-17,3954.4147,3947.3983,3955.8959,3921.7017,213588246.0
2025-02-18,3942.5761,3912.7829,3965.4232,3901.8675,209425101.0
2025-02-19,3906.2201,3940.1602,3943.6742,3904.1455,182829517.0
2025-02-20,3934.6503,3928.8959,3940.678,3916.1772,163895236.0
2025-02-21,3938.0518,3978.444,3981.048,3927.7874,227400330.0
2025-02-24,3972.4831,3969.7169,3995.9456,3949.2309,220810618.0
2025-02-25,3933.636,3925.6505,3955.4336,3915.6527,178108580.0
2025-02-26,3931.842,3959.9413,3960.3298,3925.3664,191062501.0
2025-02-27,3961.0635,3968.1159,3973.9323,3933.4611,202887963.0
2025-02-28,3950.1866,3890.0487,3972.4813,3886.3994,198104147.0
2025-03-03,3899.6962,3888.4738,3930.0048,3872.5872,177623166.0
2025-03-04,3865.9939,3885.2208,3890.4235,3855.7254,149850967.0
2025-03-05,3887.7992,3902.5706,3906.4214,3877.0188,158652751.0
2025-03-06,3923.3827,3956.2369,3964.4942,3917.0833,193960915.0
2025-03-07,3944.9145,3944.0143,3967.0743,3935.0464,166732375.0
2025-03-10,3945.5795,3928.8018,3949.1448,3905.127,152765232.0
2025-03-11,3890.4305,3941.4157,3941.4157,3889.4298,144754402.0
2025-03-12,3946.8623,3927.2315,3953.6125,3921.4736,156732190.0
2025-03-13,3925.7439,3911.5793,3939.2854,3897.3758,156536443.0
2025-03-14,3919.6159,4006.5567,4014.1586,3919.6159,216139003.0
2025-03-17,4020.6402,3996.7876,4021.7278,3992.2563,162202911.0
2025-03-18,4011.7794,4007.7229,4016.873,3995.9602,140208496.0
2025-03-19,4004.8251,4010.168,4025.299,3989.512,144419428.0
2025-03-20,4011.0588,3974.9918,4012.0416,3969.9259,133754670.0
2025-03-21,3966.5146,3914.6956,3983.1476,3904.7674,165905294.0
2025-03-24,3916.1136,3934.8486,3938.1826,3907.1999,152234674.0
2025-03-25,3937.8975,3932.2951,3946.3574,3921.5287,140475399.0
2025-03-26,3930.2073,3919.3566,3942.026,3916.8607,131164187.0
2025-03-27,3911.3841,3932.4117,3952.9852,3903.652,126793738.0
2025-03-28,3930.7763,3915.1662,3934.2336,3907.384,126356214.0
2025-03-31,3905.9815,3887.3056,3928.4482,3872.403,166798523.0
2025-04-01,3892.7794,3887.6841,3905.2622,3882.4045,140380274.0
2025-04-02,3884.4181,3884.3858,3900.4949,3877.1599,113043175.0
2025-04-03,3843.4177,3861.5034,3883.7025,3843.4177,142599789.0
2025-04-07,3675.2017,3589.4406,3707.7771,3514.1165,312578586.0
2025-04-08,3597.9859,3650.759,3650.759,3583.8746,280197312.0
2025-04-09,3606.1036,3686.7943,3686.7943,3587.3368,262305708.0
2025-04-10,3749.1262,3735.1151,3756.1386,3708.8194,227252227.0
2025-04-11,3730.3148,3750.5167,3762.3653,3708.4617,168759691.0
2025-04-14,3772.0407,3759.1422,3776.6344,3754.033,164462403.0
2025-04-15,3756.4788,3761.2348,3764.486,3737.8495,134006040.0
2025-04-16,3757.8757,3772.8204,3775.1661,3721.6025,156359006.0
2025-04-17,3755.0862,3772.2221,3779.1253,3749.504,122371002.0
2025-04-18,3760.0425,3772.523,3782.0443,3754.4072,102948509.0
2025-04-21,3768.1421,3784.8806,3790.1782,3763.1383,121355730.0
2025-04-22,3780.1122,3783.9522,3799.2295,3778.0791,125688257.0
2025-04-23,3803.4295,3786.8824,3807.9536,3780.5183,131986870.0
2025-04-24,3787.459,3784.3574,3807.2599,3775.207,117164560.0
2025-04-25,3792.0838,3786.9937,3801.5765,3780.7772,124591133.0
2025-04-28,3786.3867,3781.6188,3792.0082,3772.8029,125145091.0
2025-04-29,3776.0025,3775.0767,3785.3157,3768.0311,111514694.0
2025-04-30,3775.8306,3770.5705,3787.5639,3768.7573,143681658.0
2025-05-06,3794.3757,3808.5424,3809.0939,3782.777,158520459.0
2025-05-07,3861.5767,3831.627,3863.6776,3814.9868,161172299.0
2025-05-08,3820.5481,3852.8963,3867.3313,3816.2642,124959833.0
2025-05-09,3848.6187,3846.1566,3853.6632,3836.5349,119389526.0
2025-05-12,3866.5305,3890.6096,3890.7342,3859.0346,153332460.0
2025-05-13,3915.5924,3896.2583,3915.5924,3890.6855,147320299.0
2025-05-14,3894.8386,3943.2108,3960.5228,3890.6504,172033779.0
2025-05-15,3934.0273,3907.1992,3936.4653,3904.9068,138081749.0
2025-05-16,3898.6662,3889.0854,3903.8528,3874.8619,118405345.0
2025-05-19,3882.5677,3877.1453,3885.5889,3866.5695,98643414.0
2025-05-20,3883.1024,3898.1705,3911.4737,3881.7436,104885234.0
2025-05-21,3899.4365,3916.3807,3928.6339,3899.4365,109791343.0
2025-05-22,3912.6007,3913.8651,3923.0195,3903.0898,107597052.0
2025-05-23,3910.3739,3882.2741,3931.5514,3882.2741,120277419.0
2025-05-26,3875.7891,3860.1067,3884.537,3849.0384,109601207.0
2025-05-27,3857.6271,3839.3969,3865.4291,3834.8455,98572425.0
2025-05-28,3843.0747,3836.2366,3849.736,3833.9582,89031026.0
2025-05-29,3838.0092,3858.6998,3869.7909,3831.4577,108471886.0
2025-05-30,3850.493,3840.2323,3858.6128,3829.2542,111672228.0
2025-06-03,3833.4584,3852.0127,3863.2952,3832.7202,131403090.0
2025-06-04,3855.4878,3868.7429,3875.8569,3855.4878,116803873.0
2025-06-05,3872.6373,3877.5557,3883.1345,3861.272,122878184.0
2025-06-06,3878.1027,3873.9841,3889.4557,3869.3871,110987971.0
2025-06-09,3877.7977,3885.2459,3894.6517,3871.9917,136306293.0
2025-06-10,3887.5512,3865.4652,3897.4573,3850.4663,145563859.0
2025-06-11,3870.6719,3894.6252,3911.6107,3870.6719,142414772.0
2025-06-12,3885.5196,3892.1992,3900.0408,3870.3838,133998697.0
2025-06-13,3881.4923,3864.1822,3889.1602,3853.8186,172539536.0
2025-06-16,3853.6193,3873.7951,3876.1704,3853.6193,137341835.0
2025-06-17,3875.1768,3870.3786,3880.4156,3860.409,122342526.0
2025-06-18,3871.6502,3874.9708,3881.346,3854.6575,127528621.0
2025-06-19,3870.049,3843.0912,3872.9425,3834.9512,130280658.0
2025-06-20,3839.7833,3846.6443,3856.4799,3839.7833,118151020.0
2025-06-23,3831.1703,3857.9016,3867.5896,3827.0829,133800892.0
2025-06-24,3862.3876,3904.0342,3914.1579,3862.3876,163656188.0
2025-06-25,3907.0682,3960.0662,3963.0371,3902.1771,187213671.0
2025-06-26,3953.1603,3946.0195,3964.482,3945.2589,165316263.0
2025-06-27,3949.7879,3921.7578,3969.2626,3918.2041,194557913.0
2025-06-30,3920.3149,3936.0791,3940.3611,3911.6044,145170236.0
2025-07-01,3935.9078,3942.762,3946.2451,3924.7219,128959362.0
2025-07-02,3943.3232,3943.6849,3952.1378,3929.6956,147063062.0
2025-07-03,3949.3998,3968.0676,3971.616,3945.138,141004006.0
2025-07-04,3967.4637,3982.2034,4013.8478,3958.3762,157197133.0
2025-07-07,3977.2881,3965.1746,3979.7481,3956.5663,131135273.0
2025-07-08,3965.426,3998.4527,4002.269,3965.426,156402895.0
2025-07-09,3997.5044,3991.4006,4016.7434,3987.4267,173293796.0
2025-07-10,3993.4196,4010.0243,4032.9829,3992.5242,209778904.0
2025-07-11,4011.4652,4014.807,4065.9419,4010.1052,262052773.0
2025-07-14,4021.2135,4017.6678,4034.9198,4017.6678,207917175.0
2025-07-15,4023.9896,4019.0644,4042.6574,3994.2628,191042931.0
2025-07-16,4019.3925,4007.2019,4027.8567,3993.9209,151027308.0
2025-07-17,4005.067,4034.491,4034.5935,4005.067,161249041.0
2025-07-18,4039.8712,4058.5486,4064.6378,4039.3181,186211063.0
2025-07-21,4069.7685,4085.6072,4086.1171,4063.4427,223268476.0
2025-07-22,4087.3354,4118.9582,4119.2021,4068.3383,257596985.0
2025-07-23,4129.1476,4119.7685,4155.6783,4113.9085,300506154.0
2025-07-24,4116.8312,4149.0368,4152.4265,4111.8849,319632392.0
2025-07-25,4145.3195,4127.1634,4150.4994,4117.8005,273594963.0
2025-07-28,4128.1993,4135.8242,4146.12,4112.9677,222759815.0
2025-07-29,4132.6833,4152.0247,4153.3307,4117.5772,230807880.0
2025-07-30,4148.9405,4151.2379,4185.2064,4127.4301,249853048.0
2025-07-31,4141.5612,4075.5912,4141.8243,4063.6662,267087406.0
2025-08-01,4069.9254,4054.9286,4085.3543,4040.462,196221826.0
2025-08-04,4037.9378,4070.7023,4070.7023,4037.9378,162275902.0
2025-08-05,4080.3877,4103.45,4106.2969,4075.5836,178851999.0
2025-08-06,4100.4283,4113.4852,4116.7085,4098.3544,176676155.0
2025-08-07,4120.2822,4114.666,4129.7382,4094.8214,198641902.0
2025-08-08,4109.2734,4104.9669,4122.2104,4097.4157,173171201.0
2025-08-11,4110.2939,4122.5106,4134.2462,4103.605,190443716.0
2025-08-12,4123.5762,4143.8252,4153.2948,4121.2243,177287823.0
2025-08-13,4150.5037,4176.5776,4186.748,4147.1991,213934999.0
2025-08-14,4179.965,4173.3131,4220.3109,4165.9376,221103595.0
2025-08-15,4162.4205,4202.3533,4214.7291,4157.495,261327566.0
2025-08-18,4218.2471,4239.4125,4272.9602,4203.4191,301479102.0
2025-08-19,4241.7651,4223.3741,4264.2303,4215.2075,250818771.0
2025-08-20,4208.4005,4271.3958,4272.1463,4190.5559,246481773.0
2025-08-21,4284.3712,4288.0707,4308.4472,4273.6523,259030014.0
2025-08-22,4287.3633,4377.9977,4378.3881,4287.3633,290434897.0
2025-08-25,4416.2924,4469.2217,4472.6525,4404.7761,358090006.0
2025-08-26,4453.3526,4452.5905,4476.803,4435.5275,270621395.0
2025-08-27,4458.8399,4386.1266,4494.9126,4386.1266,333133898.0
2025-08-28,4378.0351,4463.782,4464.8028,4364.171,296834536.0
2025-08-29,4455.8034,4496.7591,4516.8395,4452.3632,351938947.0
2025-09-01,4516.8787,4523.7111,4528.1342,4487.5304,320366708.0
2025-09-02,4521.9828,4490.4528,4548.8937,4454.4169,303932566.0
2025-09-03,4501.3388,4459.8296,4510.7303,4427.5176,254320217.0
2025-09-04,4461.2503,4365.2085,4465.4967,4327.5068,307934609.0
2025-09-05,4365.6083,4460.3249,4466.5603,4350.2974,249625657.0
2025-09-08,4467.1693,4467.5733,4482.763,4438.0698,267638382.0
2025-09-09,4448.739,4436.2584,4472.093,4412.6914,221375460.0
2025-09-10,4438.2998,4445.3649,4466.6325,4414.5937,203597646.0
2025-09-11,4438.839,4548.0345,4548.0345,4427.9242,253264051.0
2025-09-12,4544.5905,4521.998,4564.6665,4517.7897,266442003.0
2025-09-15,4534.8866,4533.0557,4566.9053,4522.4958,231885678.0
2025-09-16,4539.9217,4523.3367,4552.419,4494.7875,249269206.0
2025-09-17,4517.2855,4551.023,4556.0296,4503.7959,235716472.0
2025-09-18,4546.0319,4498.109,4573.8331,4454.9886,309859826.0
2025-09-19,4499.0906,4501.9195,4533.0919,4491.8437,225044000.0
2025-09-22,4512.0251,4522.608,4523.8695,4487.1299,196459956.0
2025-09-23,4536.7569,4519.7781,4560.7319,4459.7281,252827062.0
2025-09-24,4495.2659,4566.0708,4567.4948,4494.1133,220482608.0
2025-09-25,4563.9827,4593.4875,4613.9486,4558.8424,229823333.0
2025-09-26,4576.9142,4550.0487,4597.8472,4550.0487,208482114.0
2025-09-29,4555.0342,4620.0528,4647.5691,4541.4252,274358877.0
2025-09-30,4629.8987,4640.6935,4647.5031,4616.2243,247980359.0
2025-10-09,4662.1133,4709.482,4726.3449,4651.9895,347678696.0
2025-10-10,4679.4983,4616.8341,4692.5858,4600.9646,319020899.0
2025-10-13,4490.8661,4593.9785,4601.8072,4490.8661,315010354.0
2025-10-14,4634.0543,4539.0644,4641.4492,4520.9258,372954030.0
2025-10-15,4544.2431,4606.2879,4608.8239,4526.834,284771855.0
2025-10-16,4588.9206,4618.4218,4645.0959,4586.2801,248235518.0
2025-10-17,4610.6967,4514.2345,4618.5621,4509.3289,256905617.0
2025-10-20,4558.2421,4538.2201,4570.4376,4520.5024,218420405.0
2025-10-21,4556.1224,4607.8715,4615.463,4547.9283,215711175.0
2025-10-22,4576.0277,4592.57,4603.4884,4567.2361,185333960.0
2025-10-23,4578.7018,4606.3447,4611.3409,4541.6944,200463917.0
2025-10-24,4622.7873,4660.6835,4660.6835,4622.7873,208814483.0
2025-10-27,4699.3819,4716.0186,4720.4288,4687.6876,262200674.0
2025-10-28,4697.7277,4691.973,4734.3218,4679.2288,220906645.0
2025-10-29,4701.0362,4747.8378,4747.8378,4697.268,246211324.0
2025-10-30,4735.9807,4709.911,4761.8339,4706.452,273289118.0
2025-10-31,4702.4946,4640.6676,4706.1395,4640.6676,281464740.0
2025-11-03,4636.7323,4653.4028,4653.4028,4595.7339,239869809.0
2025-11-04,4649.3481,4618.699,4665.323,4595.066,233224032.0
2025-11-05,4562.1117,4627.257,4642.6101,4558.7647,203045871.0
2025-11-06,4642.0112,4693.4032,4698.0935,4642.0112,224241008.0
2025-11-07,4673.7616,4678.7944,4701.3743,4666.0405,212497377.0
2025-11-10,4688.124,4695.0507,4695.1794,4654.2103,236026764.0
2025-11-11,4706.3374,4652.1655,4707.1275,4648.4896,186638858.0
2025-11-12,4643.5592,4645.9079,4669.6073,4620.9897,209460592.0
2025-11-13,4643.7862,4702.0738,4703.4897,4643.7862,207367474.0
2025-11-14,4663.3175,4628.1398,4684.2578,4628.0242,192092676.0
2025-11-17,4616.8058,4598.0525,4624.8976,4580.2613,188955466.0
2025-11-18,4584.7896,4568.1928,4606.6167,4552.8038,177713185.0
2025-11-19,4568.0365,4588.2922,4607.8627,4568.0365,172924974.0
2025-11-20,4619.5401,4564.9483,4620.6529,4560.1814,194562593.0
2025-11-21,4513.3858,4453.6076,4527.0436,4453.1819,222851013.0
2025-11-24,4473.1563,4448.0478,4478.8081,4421.8123,185833729.0
2025-11-25,4475.8359,4490.4047,4510.7729,4467.3529,169571929.0
2025-11-26,4490.2021,4517.6255,4538.1361,4485.6984,156200368.0
2025-11-27,4520.014,4515.4027,4559.2183,4509.8635,150311772.0
2025-11-28,4511.4972,4526.6616,4531.7219,4492.4256,142902096.0
2025-12-01,4539.1877,4576.4856,4576.9654,4531.2917,200382317.0
2025-12-02,4571.9098,4554.3347,4575.4945,4539.4312,148493132.0
2025-12-03,4554.5894,4531.0486,4569.821,4523.5017,169762790.0
2025-12-04,4533.6004,4546.5664,4557.4228,4514.1878,147198110.0
2025-12-05,4547.9056,4584.5368,4593.8279,4535.0195,196799968.0
2025-12-08,4593.1399,4621.7545,4640.6256,4592.7414,199620990.0
2025-12-09,4611.379,4598.2232,4628.7049,4584.254,184160344.0
2025-12-10,4586.254,4591.8273,4598.5366,4549.0798,169111106.0
2025-12-11,4597.1901,4552.1848,4610.2787,4547.1372,168419405.0
2025-12-12,4558.7375,4580.95,4583.6753,4530.7841,212826520.0
2025-12-15,4550.0028,4552.0596,4595.0463,4548.4382,167589967.0
2025-12-16,4542.4226,4497.5545,4553.0806,4484.27,165165201.0
2025-12-17,4499.7729,4579.875,4594.6556,4498.9304,178424830.0
2025-12-18,4553.9788,4552.7926,4571.9683,4544.1416,151681328.0
2025-12-19,4561.3729,4568.1781,4591.0931,4546.8465,154876220.0
2025-12-22,4587.6683,4611.6235,4615.8721,4587.6683,165252856.0
2025-12-23,4616.026,4620.7341,4644.5347,4607.7992,169256412.0
2025-12-24,4623.6831,4634.0586,4639.4278,4602.1444,153711241.0
2025-12-25,4629.3195,4642.5357,4651.1535,4621.9208,139434186.0
2025-12-26,4639.7895,4657.24,4676.131,4635.1052,175396565.0
2025-12-29,4658.2654,4639.3721,4672.0352,4629.0567,200397133.0
2025-12-30,4617.3163,4651.2818,4664.3305,4616.6323,180374974.0
2025-12-31,4656.48,4629.9395,4667.0467,4622.0988,170760224.0
2026-01-05,4661.616,4717.7457,4721.6378,4661.616,234144839.0
2026-01-06,4719.2088,4790.6938,4790.6938,4718.0099,296970686.0
2026-01-07,4796.9335,4776.6658,4802.6028,4751.0713,259095564.0
2026-01-08,4761.0105,4737.6536,4765.4863,4717.0091,238804957.0
2026-01-09,4725.9571,4758.9221,4771.4276,4719.134,254688038.0
2026-01-12,4769.6501,4789.9155,4795.9327,4737.5702,294833165.0
2026-01-13,4798.0488,4761.0324,4836.9549,4745.5154,301449497.0
2026-01-14,4767.6956,4741.9306,4818.1008,4720.246,364951023.0
2026-01-15,4721.7966,4751.4293,4769.5478,4720.9368,254003636.0
2026-01-16,4778.4302,4731.8728,4792.5514,4715.3646,325278929.0
2026-01-19,4720.1945,4734.4556,4761.6317,4715.0867,267612492.0
2026-01-20,4736.9096,4718.8782,4748.2297,4684.9684,282719579.0
2026-01-21,4714.5541,4723.0692,4758.2793,4714.2366,266353332.0
2026-01-22,4741.7548,4723.7091,4757.7637,4700.4482,274199932.0
2026-01-23,4729.585,4702.4966,4734.7942,4684.6172,314635445.0
2026-01-26,4715.3753,4706.964,4754.1777,4693.1577,363004481.0
2026-01-27,4705.1744,4705.6918,4736.9857,4675.6409,301475697.0
2026-01-28,4725.6014,4717.9914,4739.6257,4697.9063,382255602.0
2026-01-29,4733.0879,4753.8697,4770.9599,4696.0536,415513055.0
2026-01-30,4723.081,4706.3401,4738.8711,4645.4706,319786531.0
2026-02-02,4674.2759,4605.9799,4716.6069,4601.7603,304773500.0
2026-02-03,4648.3574,4660.1074,4662.1264,4578.2087,265549405.0
2026-02-04,4647.9671,4698.6832,4701.4768,4641.8424,264881032.0
2026-02-05,4664.7478,4670.4188,4687.0213,4639.43,237856351.0
2026-02-06,4622.9747,4643.5959,4678.2618,4606.6379,202716477.0
2026-02-09,4693.6715,4719.0559,4719.9642,4679.9037,207251938.0
2026-02-10,4718.2552,4724.2956,4732.0871,4713.8684,187000958.0
2026-02-11,4715.6697,4713.8185,4723.7043,4703.6873,173391681.0
2026-02-12,4720.0085,4719.578,4726.0426,4707.7359,197841439.0
2026-02-13,4693.4106,4660.4056,4703.6332,4658.4038,189167756.0
2026-02-24,4727.2961,4707.544,4727.373,4698.3488,218488890.0
2026-02-25,4713.5754,4735.8858,4766.5587,4713.3438,284268354.0
2026-02-26,4741.3896,4726.8739,4742.1476,4706.6943,234847644.0
2026-02-27,4698.3,4710.6469,4721.0141,4692.891,261420865.0
2026-03-02,4681.0141,4728.6688,4735.4055,4667.2752,349260752.0
2026-03-03,4737.3164,4655.8962,4744.5987,4651.4047,370624272.0
2026-03-04,4609.1918,4602.6247,4639.4204,4575.8249,303035666.0
2026-03-05,4651.9415,4647.6921,4671.5268,4630.3024,259317825.0
2026-03-06,4621.4939,4660.439,4671.7126,4612.7943,238527926.0
2026-03-09,4600.2535,4615.4551,4625.9814,4548.969,322787617.0
2026-03-10,4648.7851,4674.7562,4677.5958,4648.7851,263903748.0
2026-03-11,4681.0316,4704.4959,4711.8671,4674.7088,270175443.0
2026-03-12,4700.7205,4687.5601,4704.3791,4654.3147,302986816.0
2026-03-13,4669.0619,4669.14,4707.4194,4659.4979,310772009.0
2026-03-16,4669.2241,4671.5591,4673.6929,4621.8118,296215070.0
2026-03-17,4685.5697,4637.4392,4720.8608,4637.368,263021913.0
2026-03-18,4648.7517,4658.3324,4662.2936,4604.5163,234690705.0
2026-03-19,4611.4399,4583.2511,4634.5468,4570.392,254130449.0
2026-03-20,4602.8205,4567.0179,4628.7118,4563.0687,257873703.0
2026-03-23,4499.1004,4417.9971,4514.7182,4397.5661,328081945.0
2026-03-24,4458.9074,4474.7224,4474.825,4394.2943,255532517.0
2026-03-25,4506.6247,4537.4656,4542.1806,4502.0265,262639279.0
2026-03-26,4525.3291,4477.5343,4541.0502,4468.9571,213736788.0
2026-03-27,4431.5034,4502.5698,4519.8903,4431.4205,192400388.0
2026-03-30,4461.7367,4491.95,4496.4109,4447.1373,209293092.0
2026-03-31,4491.9209,4450.0493,4523.1745,4450.0493,224541585.0
2026-04-01,4517.2717,4526.0668,4532.1093,4492.0544,216483196.0
2026-04-02,4514.4416,4478.9141,4519.6931,4459.6095,190992161.0
2026-04-03,4492.8461,4440.7889,4494.4571,4437.5952,168321705.0
2026-04-07,4445.8613,4440.6162,4458.9264,4420.6939,162638787.0
2026-04-08,4517.3403,4595.556,4595.556,4513.7705,253339213.0
2026-04-09,4562.6696,4566.2237,4579.197,4552.4244,184939783.0
2026-04-10,4594.9467,4636.5655,4655.0988,4590.1089,208678605.0
2026-04-13,4615.133,4646.1546,4653.3983,4615.133,196712277.0
2026-04-14,4676.1235,4701.2837,4701.2837,4654.8526,204700332.0
2026-04-15,4726.6381,4685.2464,4731.2729,4672.556,201688500.0
2026-04-16,4694.4309,4736.6077,4739.2208,4689.414,192057600.0
2026-04-17,4728.9951,4728.6716,4738.3236,4714.4669,182915336.0
2026-04-20,4727.1661,4757.4419,4763.0427,4720.6853,221633494.0
2026-04-21,4750.5149,4767.997,4776.8258,4722.0074,205614058.0
2026-04-22,4751.2794,4799.627,4801.4465,4750.3502,204481830.0
2026-04-23,4816.0267,4786.3273,4823.4704,4759.86,232865736.0
2026-04-24,4771.7348,4769.3688,4786.444,4735.606,193798314.0
2026-04-27,4776.3351,4770.9469,4795.1682,4762.6441,192796550.0
2026-04-28,4757.0766,4758.2083,4778.1891,4743.4355,216724233.0
2026-04-29,4737.5755,4810.3468,4813.6104,4737.1139,233298110.0
2026-04-30,4820.9716,4807.3069,4829.2715,4797.5445,250633370.0
2026-05-06,4857.6537,4877.0932,4892.7957,4834.2807,274443880.0
2026-05-07,4895.8001,4900.5098,4901.8575,4866.8749,257833972.0
2026-05-08,4871.1185,4871.9122,4887.2129,4849.9871,251720996.0
2026-05-11,4902.2775,4951.8366,4960.3975,4889.5659,305734801.0
2026-05-12,4965.0175,4948.0465,4971.3026,4926.7897,273812001.0
2026-05-13,4919.4248,4998.3417,5001.1201,4919.4248,268454537.0
2026-05-14,5027.6405,4914.5971,5030.5187,4913.6037,280695379.0
2026-05-15,4911.6223,4859.5927,4935.6173,4832.6899,276967769.0
2026-05-18,4836.3286,4833.5237,4868.6008,4806.1455,239077587.0
2026-05-19,4818.7051,4852.8832,4854.5247,4773.534,232280852.0
2026-05-20,4829.6129,4850.7,4866.2121,4825.643,220023206.0
2026-05-21,4886.2389,4783.0976,4937.9327,4780.7107,287342507.0
2026-05-22,4818.8435,4845.0956,4851.3489,4785.3486,286940435.0
2026-05-25,4873.1962,4921.5974,4922.4375,4857.1345,264743236.0
2026-05-26,4900.1152,4947.8493,4952.7412,4892.683,302799476.0
2026-05-27,4940.9454,4908.1714,4974.2108,4891.3428,301709175.0
2026-05-28,4889.2659,4914.2133,4922.3297,4843.2265,267432731.0
2026-05-29,4937.5119,4892.1213,4954.0703,4878.7869,332518610.0
2026-06-01,4897.8968,4844.2556,4918.7935,4836.6851,296134051.0
2026-06-02,4860.6119,4914.5591,4930.2776,4831.9972,281731662.0
2026-06-03,4921.3445,4938.8091,4991.8525,4904.8969,304035947.0
2026-06-04,4897.3164,4904.7454,4938.7814,4889.7456,264808910.0
2026-06-05,4886.9645,4816.9199,4924.3438,4798.9103,301929336.0
2026-06-08,4703.773,4713.6358,4779.8623,4677.5682,299647565.0
2026-06-09,4743.4505,4801.8106,4802.5047,4715.3907,258391601.0
2026-06-10,4753.1154,4748.5932,4786.5162,4718.9946,259297109.0
2026-06-11,4730.072,4722.4122,4766.1728,4685.5014,247177059.0
2026-06-12,4784.6396,4777.3206,4809.8606,4757.5574,335922063.0
2026-06-15,4829.2886,4891.7126,4892.5502,4803.1836,331316076.0
2026-06-16,4894.8785,4884.2322,4908.2817,4866.0613,282584743.0
2026-06-17,4859.7012,4931.3861,4933.9288,4859.7012,276053950.0
2026-06-18,4916.0442,4941.5986,4976.8909,4916.0442,334459902.0
2026-06-22,4949.3457,5059.6582,5061.5105,4928.4582,375100124.0
2026-06-23,5048.0255,4919.386,5064.2654,4892.0944,342719336.0
2026-06-24,4900.3838,4943.0197,4953.2321,4892.2676,312249025.0
2026-06-25,4950.9753,5020.1038,5031.9994,4944.876,346664289.0
2026-06-26,4981.8251,4868.2205,4981.983,4845.1921,341179238.0
2026-06-29,4866.0432,4926.921,4928.5987,4827.149,323216134.0
2026-06-30,4914.4934,4979.4328,4987.5599,4914.4934,306150226.0
2026-07-01,4972.6923,4958.9773,5017.3754,4925.6309,342934747.0
2026-07-02,4865.1713,4812.2957,4896.9934,4800.4842,343243758.0
2026-07-03,4809.4988,4842.1737,4890.9652,4809.4988,301067568.0
2026-07-06,4868.5422,4841.998,4878.3231,4789.7956,294050543.0
2026-07-07,4813.8707,4792.2624,4839.5098,4756.725,246305999.0
2026-07-08,4804.4837,4755.5338,4830.0464,4751.4045,243928749.0
2026-07-09,4774.4021,4876.3125,4882.8477,4734.8666,281627705.0
2026-07-10,4887.5355,4780.7867,4906.4898,4780.7468,304130286.0
2026-07-13,4745.4383,4695.383,4775.2355,4670.2496,278634853.0
2026-07-14,4691.1224,4796.502,4796.502,4649.0444,283250986.0
2026-07-15,4797.943,4786.7828,4826.8637,4772.0415,278692669.0
2026-07-16,4711.532,4698.4344,4771.0573,4673.3503,251560977.0
2026-07-17,4661.6218,4529.0953,4663.5311,4492.085,302629886.0
2026-07-20,4575.6712,4598.3208,4628.7985,4521.1808,333116058.0
2026-07-21,4630.8532,4739.2287,4739.2326,4566.281,345403590.0
2026-07-22,4710.6602,4717.2442,4772.0815,4692.833,285556357.0
2026-07-23,4735.1706,4728.0018,4737.5092,4698.8717,247331675.0
2026-07-24,4685.4082,4649.1917,4704.0843,4642.9387,221261212.0
2026-07-27,4656.0272,4702.4272,4702.5249,4615.531,204786941.0
2026-07-28,4623.7986,4569.5235,4646.487,4552.2287,215705045.0
2026-07-29,4582.0949,4600.2624,4626.7058,4516.3162,248082357.0
2026-07-30,4566.0467,4549.7201,4596.2056,4478.2093,274651130.0
2026-07-31,4623.8536,4588.1968,4635.5888,4588.1968,279243698.0
